timestamp,id,pos_1,pos_2,pos_3,condition
09:42:25.948,1,-1.570509,1.407726,-3.198083,
09:42:26.081,1,-1.535247,1.146887,-3.129148,
09:42:26.215,1,-1.489464,1.407726,-3.057034,
09:42:26.348,1,-1.454593,1.125216,-2.999085,
09:42:26.481,1,-1.431542,1.407726,-2.951072,
09:42:26.615,1,-1.420763,1.149909,-2.918011,
09:42:26.698,1,-1.418167,1.407726,-2.907378,
09:42:26.781,1,-1.415532,1.149862,-2.882814,
09:42:26.865,1,-1.415313,1.407726,-2.869998,
09:42:26.948,1,-1.416959,1.149862,-2.852385,
09:42:27.031,1,-1.423366,1.407726,-2.83371,
09:42:27.165,1,-1.440963,1.149862,-2.797084,
09:42:27.248,1,-1.454822,1.407726,-2.773129,
09:42:27.331,1,-1.468281,1.149862,-2.754973,
09:42:27.415,1,-1.485283,1.407726,-2.729421,
09:42:27.498,1,-1.495379,1.149862,-2.715466,
09:42:27.581,1,-1.508492,1.407726,-2.695472,
09:42:27.681,1,-1.519118,1.149862,-2.678433,
09:42:27.764,1,-1.526812,1.149862,-2.666354,
09:42:27.765,2,-3.772117,1.149862,-1.820906,
09:42:27.849,1,-1.531203,1.149862,-2.658992,
09:42:27.850,2,-3.775639,1.149862,-1.828578,
09:42:27.949,1,-1.535928,1.149862,-2.649705,
09:42:27.949,2,-3.775323,1.149862,-1.825453,
09:42:28.031,1,-1.538466,1.149862,-2.642487,
09:42:28.031,2,-3.777151,1.149862,-1.823861,
09:42:28.116,1,-1.539336,1.149862,-2.638997,
09:42:28.117,2,-3.781557,1.149862,-1.825812,
09:42:28.198,1,-1.539711,1.149862,-2.635268,
09:42:28.198,2,-3.791956,1.149862,-1.82643,
09:42:28.282,1,-1.539735,1.149862,-2.634473,
09:42:28.283,2,-3.795046,1.149862,-1.826596,
09:42:28.365,1,-1.539804,1.149862,-2.632702,
09:42:28.365,2,-3.799525,1.149862,-1.823676,
09:42:28.449,1,-1.539058,1.149862,-2.634724,
09:42:28.449,2,-3.793004,1.149862,-1.820501,
09:42:28.531,1,-1.537324,1.149862,-2.636487,
09:42:28.531,2,-3.782791,1.543367,-1.819091,
09:42:28.615,1,-1.536185,1.540773,-2.635708,
09:42:28.615,2,-3.776375,1.538824,-1.819451,
09:42:28.715,1,-1.534149,1.53721,-2.636256,
09:42:28.715,2,-3.74988,1.535544,-1.833897,
09:42:28.816,1,-1.532092,1.532343,-2.637857,
09:42:28.816,2,-3.721454,1.530166,-1.851618,
09:42:28.915,1,-1.529561,1.52619,-2.637633,
09:42:28.915,2,-3.691321,1.524053,-1.871013,
09:42:28.998,1,-1.526803,1.520905,-2.637923,
09:42:28.998,2,-3.662189,1.518678,-1.896868,
09:42:29.131,1,-1.52396,1.513659,-2.637801,
09:42:29.131,2,-3.628147,1.51743,-1.91947,
09:42:29.215,1,-1.522261,1.517723,-2.635437,
09:42:29.215,2,-3.619174,1.516772,-1.930679,
09:42:29.298,1,-1.518974,1.517631,-2.632848,
09:42:29.298,2,-3.605042,1.516783,-1.939356,
09:42:29.431,1,-1.516405,1.515851,-2.632062,
09:42:29.431,2,-3.590522,1.516024,-1.945726,
09:42:29.515,1,-1.515006,1.423318,-2.631628,
09:42:29.515,2,-3.589124,1.514962,-1.946986,
09:42:29.598,1,-1.512615,1.423479,-2.630977,
09:42:29.598,2,-3.58761,1.514678,-1.946362,
09:42:29.698,1,-1.510713,1.424412,-2.630736,
09:42:29.698,2,-3.594473,1.51485,-1.941066,
09:42:29.781,1,-1.509609,1.423071,-2.630875,
09:42:29.781,2,-3.597055,1.514765,-1.938896,
09:42:29.865,1,-1.508165,1.421881,-2.631204,
09:42:29.866,2,-3.602655,1.514794,-1.935438,
09:42:29.948,1,-1.506503,1.424157,-2.632098,
09:42:29.948,2,-3.611468,1.514698,-1.931047,
09:42:30.031,1,-1.505451,1.424776,-2.632845,
09:42:30.031,2,-3.617194,1.51497,-1.928573,
09:42:30.115,1,-1.504278,1.422561,-2.634254,
09:42:30.115,2,-3.622058,1.515331,-1.923802,
09:42:30.199,1,-1.502762,1.423078,-2.635358,
09:42:30.199,2,-3.624893,1.515581,-1.921271,
09:42:30.281,1,-1.502165,1.423945,-2.636609,
09:42:30.281,2,-3.626508,1.515952,-1.91959,
09:42:30.366,1,-1.502264,1.420046,-2.637209,
09:42:30.366,2,-3.627846,1.516361,-1.918704,
09:42:30.465,1,-1.501729,1.416329,-2.639008,
09:42:30.466,2,-3.629254,1.51648,-1.917791,
09:42:30.565,1,-1.501697,1.419363,-2.64228,
09:42:30.565,2,-3.63076,1.516037,-1.916543,
09:42:30.649,1,-1.501837,1.420758,-2.642847,
09:42:30.649,2,-3.632519,1.516358,-1.916313,
09:42:30.748,1,-1.500968,1.420497,-2.644503,
09:42:30.748,2,-3.633314,1.516674,-1.916124,
09:42:30.848,1,-1.500197,1.427872,-2.645769,
09:42:30.848,2,-3.634021,1.516965,-1.915965,
09:42:30.949,1,-1.49897,1.426493,-2.64697,
09:42:30.949,2,-3.634742,1.517612,-1.915403,
09:42:31.049,1,-1.497881,1.429789,-2.647826,
09:42:31.049,2,-3.635321,1.516577,-1.914614,
09:42:31.148,1,-1.49617,1.432812,-2.649676,
09:42:31.148,2,-3.635807,1.516556,-1.914278,
09:42:31.232,1,-1.495045,1.432916,-2.650827,
09:42:31.232,2,-3.636604,1.516264,-1.914105,
09:42:31.315,1,-1.49295,1.432392,-2.652628,
09:42:31.315,2,-3.638867,1.516048,-1.912446,
09:42:31.400,1,-1.490925,1.430798,-2.654127,
09:42:31.400,2,-3.639074,1.516011,-1.912002,
09:42:31.499,1,-1.489916,1.429678,-2.653979,
09:42:31.499,2,-3.641945,1.515568,-1.910261,
09:42:31.599,1,-1.486872,1.430243,-2.654224,
09:42:31.599,2,-3.644858,1.515692,-1.908422,
09:42:31.698,1,-1.483928,1.429013,-2.654479,
09:42:31.698,2,-3.649471,1.515452,-1.908154,
09:42:31.798,1,-1.481914,1.428448,-2.654425,
09:42:31.798,2,-3.650761,1.515081,-1.907661,
09:42:31.881,1,-1.480262,1.428932,-2.653939,
09:42:31.881,2,-3.653647,1.515175,-1.906803,
09:42:31.982,1,-1.478907,1.429607,-2.652801,
09:42:31.983,2,-3.658682,1.515262,-1.906476,
09:42:32.065,1,-1.478306,1.430446,-2.651455,
09:42:32.065,2,-3.661731,1.515361,-1.906202,
09:42:32.215,1,-1.477806,1.430454,-2.648489,
09:42:32.215,2,-3.666149,1.515346,-1.905805,
09:42:32.348,1,-1.478525,1.430845,-2.644567,
09:42:32.348,2,-3.666678,1.515086,-1.905289,
09:42:32.432,1,-1.479439,1.431429,-2.64313,
09:42:32.432,2,-3.66764,1.515594,-1.904468,
09:42:32.532,1,-1.481375,1.431947,-2.639934,
09:42:32.533,2,-3.667929,1.515911,-1.904289,
09:42:32.615,1,-1.484872,1.431682,-2.636016,
09:42:32.615,2,-3.668072,1.515996,-1.903626,
09:42:32.698,1,-1.486738,1.431185,-2.634427,
09:42:32.699,2,-3.667818,1.515848,-1.90302,
09:42:32.781,1,-1.490953,1.431605,-2.630965,
09:42:32.781,2,-3.668622,1.516316,-1.90293,
09:42:32.865,1,-1.496503,1.431802,-2.628327,
09:42:32.865,2,-3.668618,1.516176,-1.903054,
09:42:32.948,1,-1.500587,1.431733,-2.626041,
09:42:32.948,2,-3.668632,1.516114,-1.903184,
09:42:33.049,1,-1.505413,1.431443,-2.62289,
09:42:33.049,2,-3.66962,1.516182,-1.902745,
09:42:33.148,1,-1.510127,1.431409,-2.620298,
09:42:33.148,2,-3.670234,1.515476,-1.902576,
09:42:33.232,1,-1.516229,1.431802,-2.616192,
09:42:33.233,2,-3.671037,1.515683,-1.902433,
09:42:33.315,1,-1.523489,1.432059,-2.612421,
09:42:33.315,2,-3.671982,1.515183,-1.902624,
09:42:33.465,1,-1.535022,1.432462,-2.604209,
09:42:33.466,2,-3.671612,1.51477,-1.90377,
09:42:33.566,1,-1.544984,1.431428,-2.596527,
09:42:33.566,2,-3.671516,1.514298,-1.903977,
09:42:33.666,1,-1.55356,1.431982,-2.587988,
09:42:33.666,2,-3.672716,1.513537,-1.905602,
09:42:33.767,1,-1.564831,1.43278,-2.577291,
09:42:33.767,2,-3.673867,1.513204,-1.906613,
09:42:33.848,1,-1.572934,1.432776,-2.568458,
09:42:33.848,2,-3.675521,1.513047,-1.907134,
09:42:33.933,1,-1.578157,1.43464,-2.560293,
09:42:33.934,2,-3.676194,1.513511,-1.907565,
09:42:34.015,1,-1.583429,1.434585,-2.550104,
09:42:34.015,2,-3.67714,1.513986,-1.908688,
09:42:34.099,1,-1.585254,1.436338,-2.540888,
09:42:34.099,2,-3.677028,1.514299,-1.909497,
09:42:34.181,1,-1.584851,1.437027,-2.524869,
09:42:34.181,2,-3.67738,1.514978,-1.911251,
09:42:34.315,1,-1.576866,1.436771,-2.494009,
09:42:34.315,2,-3.677121,1.516023,-1.912428,
09:42:34.398,1,-1.566479,1.436616,-2.464066,training_point
09:42:34.398,2,-3.676903,1.516383,-1.913746,training_point
09:42:34.549,1,-1.551322,1.437415,-2.426722,training_point
09:42:34.549,2,-3.676269,1.516159,-1.914989,training_point
09:42:34.649,1,-1.526534,1.437048,-2.380236,training_point
09:42:34.649,2,-3.675369,1.515902,-1.915975,training_point
09:42:34.731,1,-1.508495,1.43669,-2.346274,training_point
09:42:34.731,2,-3.672423,1.515434,-1.916615,training_point
09:42:34.865,1,-1.492753,1.436736,-2.309615,training_point
09:42:34.865,2,-3.670537,1.515819,-1.91802,training_point
09:42:34.998,1,-1.486939,1.436497,-2.282279,training_point
09:42:34.998,2,-3.669654,1.515832,-1.919812,training_point
09:42:35.081,1,-1.483676,1.436475,-2.273804,training_point
09:42:35.081,2,-3.669143,1.516529,-1.920716,training_point
09:42:35.165,1,-1.482584,1.435631,-2.25793,training_point
09:42:35.165,2,-3.667513,1.51618,-1.921501,training_point
09:42:35.248,1,-1.484205,1.435476,-2.250537,training_point
09:42:35.248,2,-3.666789,1.517204,-1.922891,training_point
09:42:35.331,1,-1.492924,1.435774,-2.233467,training_point
09:42:35.331,2,-3.66423,1.516934,-1.924877,training_point
09:42:35.416,1,-1.500061,1.435548,-2.223466,training_point
09:42:35.416,2,-3.663789,1.516875,-1.924683,training_point
09:42:35.498,1,-1.507647,1.434799,-2.214222,training_point
09:42:35.498,2,-3.66266,1.516007,-1.925433,training_point
09:42:35.631,1,-1.52372,1.434407,-2.202201,training_point
09:42:35.631,2,-3.659476,1.515052,-1.926427,training_point
09:42:35.716,1,-1.531051,1.434387,-2.199064,training_point
09:42:35.716,2,-3.657149,1.514283,-1.926963,training_point
09:42:35.798,1,-1.541858,1.43381,-2.195999,training_point
09:42:35.798,2,-3.654702,1.515582,-1.928096,training_point
09:42:35.950,1,-1.552942,1.434077,-2.19422,training_point
09:42:35.950,2,-3.650854,1.51571,-1.928234,training_point
09:42:36.031,1,-1.559547,1.434663,-2.192315,training_point
09:42:36.032,2,-3.651033,1.516064,-1.927096,training_point
09:42:36.115,1,-1.565364,1.433925,-2.190755,training_point
09:42:36.115,2,-3.649611,1.514589,-1.926917,training_point
09:42:36.199,1,-1.569271,1.433517,-2.190532,training_point
09:42:36.199,2,-3.64933,1.510377,-1.926554,training_point
09:42:36.281,1,-1.577068,1.432866,-2.190496,training_point
09:42:36.282,2,-3.645906,1.50489,-1.926765,training_point
09:42:36.365,1,-1.580545,1.432539,-2.190466,training_point
09:42:36.365,2,-3.6421,1.506737,-1.926111,training_point
09:42:36.448,1,-1.583529,1.432214,-2.189714,training_point
09:42:36.448,2,-3.633121,1.504601,-1.928531,training_point
09:42:36.549,1,-1.586856,1.430886,-2.191008,training_point
09:42:36.549,2,-3.628383,1.504168,-1.929619,training_point
09:42:36.649,1,-1.58913,1.429523,-2.191316,training_point
09:42:36.649,2,-3.62433,1.504771,-1.92953,training_point
09:42:36.731,1,-1.590879,1.42866,-2.190932,training_point
09:42:36.731,2,-3.620648,1.504459,-1.929182,training_point
09:42:36.815,1,-1.592266,1.428334,-2.190125,training_point
09:42:36.816,2,-3.619239,1.503218,-1.928615,training_point
09:42:36.898,1,-1.593896,1.428254,-2.190077,training_point
09:42:36.899,2,-3.616945,1.502246,-1.929863,training_point
09:42:36.981,1,-1.596155,1.428484,-2.18915,training_point
09:42:36.981,2,-3.613668,1.503411,-1.929677,training_point
09:42:37.065,1,-1.597234,1.427989,-2.189047,training_point
09:42:37.065,2,-3.612108,1.503656,-1.929049,training_point
09:42:37.148,1,-1.599427,1.427572,-2.187834,training_point
09:42:37.148,2,-3.61121,1.50452,-1.929369,training_point
09:42:37.281,1,-1.600635,1.42623,-2.187064,training_point
09:42:37.281,2,-3.609416,1.503959,-1.928286,training_point
09:42:37.433,1,-1.600897,1.426013,-2.186192,training_point
09:42:37.433,2,-3.608705,1.505244,-1.927604,training_point
09:42:37.515,1,-1.60121,1.426618,-2.185708,training_point
09:42:37.515,2,-3.608433,1.505534,-1.927129,training_point
09:42:37.599,1,-1.601261,1.426894,-2.185287,training_point
09:42:37.599,2,-3.608086,1.506721,-1.926904,training_point
09:42:37.681,1,-1.601288,1.428501,-2.184723,training_point
09:42:37.681,2,-3.607596,1.507363,-1.926804,training_point
09:42:37.832,1,-1.601119,1.423213,-2.184663,training_point
09:42:37.832,2,-3.607457,1.508491,-1.926098,training_point
09:42:37.915,1,-1.60076,1.422454,-2.18514,training_point
09:42:37.915,2,-3.607643,1.508941,-1.926391,training_point
09:42:37.999,1,-1.600567,1.421062,-2.185273,training_point
09:42:37.999,2,-3.607605,1.508289,-1.926481,training_point
09:42:38.081,1,-1.600156,1.419722,-2.186773,training_point
09:42:38.082,2,-3.607544,1.50791,-1.926692,training_point
09:42:38.215,1,-1.599503,1.419412,-2.1877,training_point
09:42:38.215,2,-3.607569,1.508711,-1.926885,training_point
09:42:38.316,1,-1.599244,1.425883,-2.188778,training_point
09:42:38.317,2,-3.607531,1.507535,-1.928006,training_point
09:42:38.398,1,-1.598303,1.426937,-2.190641,training_point
09:42:38.398,2,-3.607309,1.507078,-1.929389,training_point
09:42:38.482,1,-1.598097,1.427178,-2.190611,training_point
09:42:38.482,2,-3.607237,1.507124,-1.92954,training_point
09:42:38.565,1,-1.597975,1.425962,-2.190421,training_point
09:42:38.565,2,-3.607294,1.507853,-1.929994,training_point
09:42:38.648,1,-1.597766,1.425454,-2.190779,training_point
09:42:38.648,2,-3.607185,1.507319,-1.93006,training_point
09:42:38.732,1,-1.597546,1.42503,-2.190327,training_point
09:42:38.732,2,-3.607148,1.506676,-1.930287,training_point
09:42:38.815,1,-1.59738,1.424315,-2.19006,training_point
09:42:38.815,2,-3.606397,1.506448,-1.930334,training_point
09:42:38.898,1,-1.5974,1.423859,-2.189526,training_point
09:42:38.898,2,-3.606327,1.50597,-1.930598,training_point
09:42:38.981,1,-1.5975,1.424043,-2.188875,training_point
09:42:38.982,2,-3.606563,1.506434,-1.930786,training_point
09:42:39.115,1,-1.597283,1.423741,-2.187463,training_point
09:42:39.115,2,-3.605673,1.507718,-1.930657,training_point
09:42:39.198,1,-1.597554,1.423782,-2.18696,training_point
09:42:39.199,2,-3.606133,1.507676,-1.930621,training_point
09:42:39.281,1,-1.597644,1.423728,-2.185903,training_point
09:42:39.282,2,-3.606253,1.507723,-1.930579,training_point
09:42:39.382,1,-1.597782,1.424037,-2.18514,training_point
09:42:39.382,2,-3.606601,1.507855,-1.930875,training_point
09:42:39.465,1,-1.597754,1.425269,-2.18478,training_point
09:42:39.465,2,-3.607519,1.507499,-1.931243,training_point
09:42:39.548,1,-1.597512,1.425491,-2.184503,training_point
09:42:39.548,2,-3.607683,1.50718,-1.931182,training_point
09:42:39.681,1,-1.597071,1.425709,-2.183777,training_point
09:42:39.682,2,-3.608881,1.507131,-1.931268,training_point
09:42:39.765,1,-1.596559,1.425083,-2.183344,training_point
09:42:39.766,2,-3.608922,1.506204,-1.93105,training_point
09:42:39.848,1,-1.595527,1.424887,-2.182003,training_point
09:42:39.848,2,-3.609034,1.506649,-1.930733,training_point
09:42:39.931,1,-1.594324,1.424738,-2.181411,training_point
09:42:39.932,2,-3.609357,1.5064,-1.930365,training_point
09:42:40.015,1,-1.592323,1.424622,-2.179085,training_point
09:42:40.015,2,-3.609371,1.505543,-1.930707,training_point
09:42:40.098,1,-1.591131,1.425105,-2.178405,training_point
09:42:40.098,2,-3.608733,1.50555,-1.930039,training_point
09:42:40.181,1,-1.588914,1.425161,-2.176549,training_point
09:42:40.182,2,-3.609252,1.505924,-1.929493,training_point
09:42:40.315,1,-1.587545,1.424546,-2.175437,training_point
09:42:40.315,2,-3.609186,1.505117,-1.929198,training_point
09:42:40.448,1,-1.587253,1.424485,-2.175003,training_point
09:42:40.448,2,-3.608925,1.505529,-1.929053,training_point
09:42:40.531,1,-1.586373,1.424507,-2.174478,training_point
09:42:40.531,2,-3.60979,1.505662,-1.928888,training_point
09:42:40.616,1,-1.585873,1.425023,-2.174144,training_point
09:42:40.616,2,-3.609057,1.505961,-1.929009,training_point
09:42:40.698,1,-1.585848,1.425375,-2.173751,training_point
09:42:40.698,2,-3.609011,1.505837,-1.927677,training_point
09:42:40.782,1,-1.584652,1.42553,-2.172546,training_point
09:42:40.783,2,-3.608723,1.505957,-1.927576,training_point
09:42:40.865,1,-1.583883,1.426533,-2.171547,training_point
09:42:40.865,2,-3.608377,1.505903,-1.927576,training_point
09:42:40.948,1,-1.583854,1.426207,-2.171422,training_point
09:42:40.948,2,-3.607857,1.506034,-1.926817,training_point
09:42:41.031,1,-1.583567,1.426319,-2.171119,training_point
09:42:41.032,2,-3.607879,1.505918,-1.926331,training_point
09:42:41.115,1,-1.583432,1.426965,-2.170758,training_point
09:42:41.115,2,-3.607601,1.505952,-1.926247,training_point
09:42:41.199,1,-1.583175,1.426708,-2.170263,training_point
09:42:41.199,2,-3.60758,1.506122,-1.925341,training_point
09:42:41.281,1,-1.582914,1.426563,-2.170059,training_point
09:42:41.282,2,-3.607002,1.506368,-1.925237,training_point
09:42:41.434,1,-1.582179,1.424061,-2.169481,training_point
09:42:41.434,2,-3.606429,1.506085,-1.924744,training_point
09:42:41.515,1,-1.581541,1.427012,-2.169045,training_point
09:42:41.515,2,-3.605866,1.505952,-1.923835,training_point
09:42:41.599,1,-1.579448,1.427068,-2.167143,training_point
09:42:41.599,2,-3.605683,1.505562,-1.923536,training_point
09:42:41.681,1,-1.577412,1.426488,-2.16501,training_point
09:42:41.682,2,-3.60501,1.505832,-1.922523,training_point
09:42:41.766,1,-1.574468,1.42698,-2.162473,training_point
09:42:41.767,2,-3.604892,1.505038,-1.922451,training_point
09:42:41.865,1,-1.572914,1.428459,-2.160645,training_point
09:42:41.867,2,-3.60476,1.505184,-1.922237,training_point
09:42:41.948,1,-1.572557,1.425795,-2.15893,training_point
09:42:41.948,2,-3.60481,1.505347,-1.92137,training_point
09:42:42.081,1,-1.569731,1.427435,-2.153667,training_point
09:42:42.082,2,-3.604797,1.504941,-1.920923,training_point
09:42:42.165,1,-1.56885,1.427186,-2.152582,training_point
09:42:42.165,2,-3.604543,1.505091,-1.921116,training_point
09:42:42.266,1,-1.567994,1.425707,-2.150301,training_point
09:42:42.266,2,-3.605799,1.504985,-1.919446,training_point
09:42:42.348,1,-1.567188,1.427056,-2.148801,training_point
09:42:42.348,2,-3.606929,1.504308,-1.92011,training_point
09:42:42.498,1,-1.565909,1.427604,-2.145942,training_point
09:42:42.498,2,-3.60789,1.503956,-1.919012,training_point
09:42:42.581,1,-1.565684,1.42737,-2.145523,training_point
09:42:42.582,2,-3.608004,1.503392,-1.919464,training_point
09:42:42.715,1,-1.565867,1.427897,-2.143317,training_point
09:42:42.715,2,-3.608273,1.503283,-1.917696,training_point
09:42:42.798,1,-1.565827,1.428552,-2.142173,training_point
09:42:42.798,2,-3.608771,1.503394,-1.918151,training_point
09:42:42.881,1,-1.565932,1.428787,-2.14101,training_point
09:42:42.882,2,-3.608667,1.503099,-1.917346,training_point
09:42:43.015,1,-1.565958,1.428645,-2.140137,training_point
09:42:43.015,2,-3.607074,1.502986,-1.917192,training_point
09:42:43.099,1,-1.565463,1.427922,-2.139017,training_point
09:42:43.099,2,-3.606391,1.502818,-1.917359,training_point
09:42:43.181,1,-1.564886,1.428069,-2.137322,training_point
09:42:43.182,2,-3.605826,1.502822,-1.916836,training_point
09:42:43.283,1,-1.565121,1.42724,-2.137392,training_point
09:42:43.283,2,-3.602843,1.502855,-1.917366,training_point
09:42:43.365,1,-1.565305,1.427817,-2.137491,training_point
09:42:43.365,2,-3.603381,1.50317,-1.916711,training_point
09:42:43.498,1,-1.563918,1.427952,-2.133672,training_point
09:42:43.498,2,-3.603338,1.503439,-1.916601,training_point
09:42:43.582,1,-1.56395,1.428131,-2.133263,training_point
09:42:43.582,2,-3.603401,1.503757,-1.917136,training_point
09:42:43.665,1,-1.564111,1.428228,-2.131927,training_point
09:42:43.665,2,-3.603186,1.504974,-1.918356,training_point
09:42:43.798,1,-1.563755,1.429021,-2.130763,training_point
09:42:43.798,2,-3.603083,1.504505,-1.920164,training_point
09:42:43.882,1,-1.563743,1.427824,-2.130555,training_point
09:42:43.882,2,-3.603651,1.505493,-1.919083,training_point
09:42:43.965,1,-1.563581,1.427759,-2.130418,training_point
09:42:43.965,2,-3.603324,1.505441,-1.918575,training_point
09:42:44.049,1,-1.563272,1.428377,-2.130463,training_point
09:42:44.050,2,-3.603001,1.505401,-1.918701,training_point
09:42:44.131,1,-1.563142,1.426762,-2.130742,training_point
09:42:44.132,2,-3.60171,1.504761,-1.919211,training_point
09:42:44.216,1,-1.563138,1.424269,-2.13138,training_point
09:42:44.216,2,-3.602515,1.505177,-1.919616,training_point
09:42:44.298,1,-1.56418,1.424163,-2.135514,training_point
09:42:44.298,2,-3.602178,1.505494,-1.920383,training_point
09:42:44.432,1,-1.564279,1.42484,-2.138128,training_point
09:42:44.432,2,-3.601189,1.505386,-1.921404,training_point
09:42:44.515,1,-1.564654,1.42132,-2.140508,training_point
09:42:44.516,2,-3.600862,1.505189,-1.921515,training_point
09:42:44.598,1,-1.564095,1.419941,-2.141444,training_point
09:42:44.598,2,-3.600964,1.504944,-1.921651,training_point
09:42:44.732,1,-1.563864,1.421745,-2.143672,training_point
09:42:44.732,2,-3.600549,1.504866,-1.922389,training_point
09:42:44.815,1,-1.563284,1.423419,-2.144287,training_point
09:42:44.815,2,-3.600862,1.504901,-1.922356,training_point
09:42:44.898,1,-1.562782,1.424836,-2.145705,training_point
09:42:44.898,2,-3.602441,1.504401,-1.92285,training_point
09:42:45.032,1,-1.561963,1.425279,-2.148535,training_point
09:42:45.032,2,-3.602366,1.504415,-1.92332,training_point
09:42:45.115,1,-1.561106,1.425131,-2.149808,training_point
09:42:45.115,2,-3.602931,1.50444,-1.923681,training_point
09:42:45.198,1,-1.559999,1.425412,-2.151291,training_point
09:42:45.199,2,-3.602743,1.503508,-1.923888,training_point
09:42:45.281,1,-1.55999,1.425252,-2.152996,training_point
09:42:45.282,2,-3.602662,1.503312,-1.923695,training_point
09:42:45.366,1,-1.559645,1.425948,-2.154391,training_point
09:42:45.367,2,-3.602541,1.50313,-1.923866,training_point
09:42:45.448,1,-1.559788,1.425825,-2.156128,training_point
09:42:45.448,2,-3.602879,1.503034,-1.924366,training_point
09:42:45.532,1,-1.559221,1.426346,-2.159239,training_point
09:42:45.533,2,-3.602756,1.503105,-1.924558,training_point
09:42:45.615,1,-1.558953,1.425343,-2.161292,training_point
09:42:45.615,2,-3.602596,1.502992,-1.924394,training_point
09:42:45.699,1,-1.558362,1.425127,-2.162788,training_point
09:42:45.700,2,-3.602675,1.503102,-1.92383,training_point
09:42:45.781,1,-1.557855,1.425791,-2.164595,training_point
09:42:45.782,2,-3.603609,1.503076,-1.924552,training_point
09:42:45.915,1,-1.557208,1.426835,-2.167062,training_point
09:42:45.915,2,-3.603494,1.502897,-1.92485,training_point
09:42:46.048,1,-1.556969,1.425074,-2.169202,training_point
09:42:46.048,2,-3.603652,1.50347,-1.925777,training_point
09:42:46.181,1,-1.55711,1.425056,-2.169434,training_point
09:42:46.182,2,-3.604619,1.503586,-1.926792,training_point
09:42:46.315,1,-1.556069,1.426143,-2.171452,training_point
09:42:46.315,2,-3.60466,1.504296,-1.92715,training_point
09:42:46.398,1,-1.555547,1.426113,-2.172347,training_point
09:42:46.398,2,-3.604441,1.504499,-1.926759,training_point
09:42:46.481,1,-1.555494,1.425345,-2.172678,training_point
09:42:46.482,2,-3.603434,1.504128,-1.926567,training_point
09:42:46.565,1,-1.554972,1.424951,-2.173477,training_point
09:42:46.565,2,-3.602771,1.504268,-1.926427,training_point
09:42:46.698,1,-1.553871,1.424619,-2.174297,training_point
09:42:46.698,2,-3.604788,1.50405,-1.927672,training_point
09:42:46.831,1,-1.554195,1.424117,-2.173584,training_point
09:42:46.832,2,-3.603254,1.503668,-1.928171,training_point
09:42:46.965,1,-1.553145,1.423401,-2.174775,training_point
09:42:46.965,2,-3.603053,1.503669,-1.92904,training_point
09:42:47.115,1,-1.552543,1.42411,-2.175136,training_point
09:42:47.115,2,-3.601608,1.504288,-1.930873,training_point
09:42:47.198,1,-1.552504,1.423923,-2.175174,training_point
09:42:47.200,2,-3.59794,1.504794,-1.931282,training_point
09:42:47.281,1,-1.552171,1.424122,-2.175317,training_point
09:42:47.282,2,-3.5901,1.504844,-1.934185,training_point
09:42:47.415,1,-1.554388,1.424377,-2.173323,training_point
09:42:47.415,2,-3.572616,1.505186,-1.941812,training_point
09:42:47.549,1,-1.554603,1.426567,-2.173146,training_point
09:42:47.549,2,-3.556163,1.505518,-1.955812,training_point
09:42:47.632,1,-1.553907,1.426879,-2.173745,training_point
09:42:47.633,2,-3.549694,1.506115,-1.959383,training_point
09:42:47.715,1,-1.554803,1.425864,-2.173351,training_point
09:42:47.715,2,-3.540426,1.506412,-1.968422,training_point
09:42:47.848,1,-1.554453,1.425559,-2.174485,training_point
09:42:47.848,2,-3.531929,1.50625,-1.980054,training_point
09:42:47.999,1,-1.555493,1.424826,-2.17355,training_point
09:42:47.999,2,-3.525428,1.505801,-1.996324,training_point
09:42:48.082,1,-1.55564,1.425176,-2.174648,training_point
09:42:48.082,2,-3.520637,1.505765,-2.008124,training_point
09:42:48.215,1,-1.556861,1.424784,-2.173335,training_point
09:42:48.215,2,-3.514663,1.506055,-2.03314,training_point
09:42:48.299,1,-1.556737,1.425037,-2.175799,training_point
09:42:48.300,2,-3.513591,1.505462,-2.044397,training_point
09:42:48.381,1,-1.557559,1.425793,-2.176118,training_point
09:42:48.382,2,-3.512183,1.505445,-2.074917,training_point
09:42:48.466,1,-1.557745,1.425386,-2.177446,training_point
09:42:48.466,2,-3.511428,1.505248,-2.095678,training_point
09:42:48.548,1,-1.558551,1.425656,-2.176806,training_point
09:42:48.548,2,-3.511539,1.505071,-2.126041,training_point
09:42:48.632,1,-1.558811,1.425727,-2.178,training_point
09:42:48.632,2,-3.513625,1.505104,-2.151635,training_point
09:42:48.715,1,-1.558701,1.4249,-2.178755,training_point
09:42:48.715,2,-3.50804,1.505607,-2.181468,training_point
09:42:48.798,1,-1.558751,1.426502,-2.179598,training_point
09:42:48.798,2,-3.503932,1.5053,-2.197927,training_point
09:42:48.931,1,-1.558097,1.426525,-2.180648,training_point
09:42:48.932,2,-3.49063,1.505295,-2.224667,training_point
09:42:49.082,1,-1.558149,1.427921,-2.18143,training_point
09:42:49.082,2,-3.480876,1.505337,-2.239814,training_point
09:42:49.165,1,-1.558404,1.427072,-2.181692,training_point
09:42:49.165,2,-3.477339,1.50525,-2.242824,training_point
09:42:49.248,1,-1.558355,1.427622,-2.181842,training_point
09:42:49.248,2,-3.469037,1.506014,-2.244692,training_point
09:42:49.332,1,-1.558393,1.432665,-2.181814,training_point
09:42:49.333,2,-3.463609,1.506068,-2.2447,training_point
09:42:49.415,1,-1.558484,1.428396,-2.181756,training_point
09:42:49.415,2,-3.446764,1.505867,-2.242008,training_point
09:42:49.500,1,-1.559484,1.424557,-2.177939,training_point
09:42:49.500,2,-3.435871,1.506031,-2.239365,training_point
09:42:49.582,1,-1.559898,1.426019,-2.176766,training_point
09:42:49.582,2,-3.409596,1.505416,-2.235448,training_point
09:42:49.715,1,-1.559903,1.424635,-2.176424,training_point
09:42:49.715,2,-3.366081,1.506158,-2.229021,training_point
09:42:49.866,1,-1.560505,1.425186,-2.17431,training_point
09:42:49.867,2,-3.311254,1.505639,-2.219093,training_point
09:42:49.948,1,-1.560001,1.426368,-2.174709,training_point
09:42:49.948,2,-3.268571,1.506418,-2.212661,training_point
09:42:50.032,1,-1.560248,1.429391,-2.17407,training_point
09:42:50.032,2,-3.240694,1.505255,-2.208877,training_point
09:42:50.133,1,-1.560726,1.431004,-2.173579,training_point
09:42:50.133,2,-3.200041,1.505239,-2.207172,training_point
09:42:50.215,1,-1.560596,1.434687,-2.173944,training_point
09:42:50.215,2,-3.163431,1.504761,-2.205655,training_point
09:42:50.298,1,-1.56091,1.436589,-2.173602,training_point
09:42:50.298,2,-3.138403,1.505401,-2.205075,training_point
09:42:50.399,1,-1.561605,1.436143,-2.172792,training_point
09:42:50.399,2,-3.106027,1.505015,-2.203263,training_point
09:42:50.481,1,-1.561801,1.435924,-2.172074,training_point
09:42:50.482,2,-3.079045,1.504882,-2.20087,training_point
09:42:50.566,1,-1.561178,1.437821,-2.172352,training_point
09:42:50.566,2,-3.066423,1.504445,-2.201495,training_point
09:42:50.648,1,-1.561316,1.440351,-2.171346,training_point
09:42:50.648,2,-3.046883,1.504533,-2.201881,training_point
09:42:50.798,1,-1.561117,1.447137,-2.171605,training_point
09:42:50.798,2,-3.028374,1.504608,-2.200476,training_point
09:42:50.882,1,-1.560431,1.449668,-2.171452,training_point
09:42:50.882,2,-3.014757,1.50447,-2.2005,training_point
09:42:50.965,1,-1.560198,1.450062,-2.171286,training_point
09:42:50.965,2,-3.011759,1.504103,-2.201456,training_point
09:42:51.048,1,-1.560121,1.449428,-2.170794,training_point
09:42:51.048,2,-3.010393,1.504085,-2.20164,training_point
09:42:51.132,1,-1.560026,1.447598,-2.170648,training_point
09:42:51.132,2,-3.004042,1.504128,-2.202667,training_point
09:42:51.215,1,-1.560408,1.445126,-2.170326,training_point
09:42:51.215,2,-3.001997,1.505854,-2.203347,training_point
09:42:51.348,1,-1.560343,1.442641,-2.168935,training_point
09:42:51.348,2,-2.99701,1.505738,-2.205951,training_point
09:42:51.432,1,-1.559271,1.438192,-2.167943,training_point
09:42:51.432,2,-2.996237,1.504828,-2.206345,training_point
09:42:51.515,1,-1.559487,1.433485,-2.166526,training_point
09:42:51.515,2,-2.994554,1.505523,-2.208032,training_point
09:42:51.599,1,-1.557138,1.429482,-2.164464,training_point
09:42:51.599,2,-2.993953,1.504197,-2.208864,training_point
09:42:51.682,1,-1.555843,1.428626,-2.16373,training_point
09:42:51.682,2,-2.992937,1.504675,-2.21007,training_point
09:42:51.832,1,-1.555828,1.427195,-2.162509,training_point
09:42:51.832,2,-2.992487,1.504829,-2.211439,training_point
09:42:51.933,1,-1.556554,1.422557,-2.161593,training_point
09:42:51.933,2,-2.992245,1.504597,-2.212046,training_point
09:42:52.033,1,-1.556872,1.422934,-2.161185,training_point
09:42:52.033,2,-2.991816,1.504987,-2.21301,training_point
09:42:52.115,1,-1.557916,1.421147,-2.160775,training_point
09:42:52.115,2,-2.991564,1.505879,-2.21335,training_point
09:42:52.248,1,-1.558818,1.419168,-2.160405,training_point
09:42:52.248,2,-2.991347,1.505932,-2.213127,training_point
09:42:52.333,1,-1.559393,1.418371,-2.160401,training_point
09:42:52.333,2,-2.991243,1.505748,-2.213146,training_point
09:42:52.415,1,-1.559837,1.418454,-2.160417,training_point
09:42:52.415,2,-2.991339,1.506384,-2.21304,training_point
09:42:52.498,1,-1.559836,1.41866,-2.160734,training_point
09:42:52.498,2,-2.990973,1.506373,-2.212766,training_point
09:42:52.582,1,-1.560145,1.417526,-2.160919,training_point
09:42:52.582,2,-2.990622,1.506241,-2.212278,training_point
09:42:52.715,1,-1.559126,1.419088,-2.161279,training_point
09:42:52.715,2,-2.990591,1.506173,-2.212128,training_point
09:42:52.798,1,-1.559,1.418426,-2.161795,training_point
09:42:52.798,2,-2.990366,1.506213,-2.212296,training_point
09:42:52.882,1,-1.559385,1.418046,-2.162582,training_point
09:42:52.882,2,-2.989948,1.506115,-2.212456,training_point
09:42:52.965,1,-1.559731,1.416841,-2.16305,training_point
09:42:52.965,2,-2.989838,1.506363,-2.212738,training_point
09:42:53.048,1,-1.559115,1.416158,-2.163264,training_point
09:42:53.048,2,-2.989656,1.506616,-2.212941,training_point
09:42:53.132,1,-1.558922,1.415179,-2.163354,training_point
09:42:53.133,2,-2.98881,1.506606,-2.213442,training_point
09:42:53.215,1,-1.558318,1.415078,-2.163684,training_point
09:42:53.215,2,-2.9886,1.506871,-2.213904,training_point
09:42:53.298,1,-1.558418,1.414943,-2.163726,training_point
09:42:53.298,2,-2.988806,1.507825,-2.214122,training_point
09:42:53.382,1,-1.558842,1.415672,-2.163571,training_point
09:42:53.382,2,-2.988687,1.507517,-2.214528,training_point
09:42:53.465,1,-1.559103,1.415947,-2.163511,training_point
09:42:53.466,2,-2.989019,1.507594,-2.215409,training_point
09:42:53.548,1,-1.558424,1.415739,-2.163757,training_point
09:42:53.548,2,-2.988954,1.50758,-2.215977,training_point
09:42:53.682,1,-1.558209,1.415714,-2.163673,training_point
09:42:53.682,2,-2.988504,1.507607,-2.2164,training_point
09:42:53.815,1,-1.557009,1.415477,-2.162746,training_point
09:42:53.815,2,-2.988922,1.507459,-2.216455,training_point
09:42:53.948,1,-1.556404,1.415467,-2.161965,training_point
09:42:53.948,2,-2.98934,1.507498,-2.2171,training_point
09:42:54.082,1,-1.555858,1.415215,-2.16106,training_point
09:42:54.082,2,-2.989464,1.507801,-2.217429,training_point
09:42:54.215,1,-1.552756,1.415383,-2.159522,training_point
09:42:54.215,2,-2.989258,1.508025,-2.217352,training_point
09:42:54.348,1,-1.550305,1.415258,-2.159789,training_point
09:42:54.348,2,-2.989017,1.507967,-2.217388,training_point
09:42:54.482,1,-1.546554,1.41529,-2.159615,training_point
09:42:54.482,2,-2.992548,1.507711,-2.216238,training_point
09:42:54.615,1,-1.542213,1.415585,-2.160595,training_point
09:42:54.615,2,-2.991083,1.507058,-2.216563,training_point
09:42:54.748,1,-1.537477,1.415483,-2.161639,training_point
09:42:54.748,2,-2.99105,1.506768,-2.216793,training_point
09:42:54.882,1,-1.529827,1.4156,-2.164114,training_point
09:42:54.882,2,-2.99106,1.506706,-2.216856,training_point
09:42:55.015,1,-1.523729,1.416049,-2.168082,training_point
09:42:55.015,2,-2.9905,1.506889,-2.217201,training_point
09:42:55.100,1,-1.521395,1.415901,-2.16968,training_point
09:42:55.100,2,-2.993555,1.506737,-2.216804,training_point
09:42:55.182,1,-1.518249,1.415938,-2.170823,training_point
09:42:55.182,2,-2.991959,1.507076,-2.217355,training_point
09:42:55.315,1,-1.508354,1.415338,-2.177915,training_point
09:42:55.315,2,-2.99135,1.507001,-2.217788,training_point
09:42:55.448,1,-1.501414,1.415385,-2.182528,training_point
09:42:55.448,2,-2.990881,1.506919,-2.218163,training_point
09:42:55.532,1,-1.49931,1.415333,-2.184004,training_point
09:42:55.532,2,-2.991005,1.506784,-2.218131,training_point
09:42:55.615,1,-1.495016,1.415265,-2.187799,training_point
09:42:55.615,2,-2.992824,1.506682,-2.217624,training_point
09:42:55.748,1,-1.490227,1.415111,-2.190443,training_point
09:42:55.748,2,-2.996044,1.50648,-2.215949,training_point
09:42:55.899,1,-1.488058,1.415445,-2.194763,training_point
09:42:55.900,2,-2.993262,1.506523,-2.21716,training_point
09:42:56.000,1,-1.484924,1.415552,-2.196475,training_point
09:42:56.000,2,-2.993021,1.506364,-2.217447,training_point
09:42:56.099,1,-1.483935,1.415941,-2.19771,training_point
09:42:56.099,2,-2.995181,1.505998,-2.216564,training_point
09:42:56.182,1,-1.482132,1.416237,-2.199803,training_point
09:42:56.182,2,-2.994779,1.506378,-2.217078,training_point
09:42:56.333,1,-1.479899,1.416501,-2.201243,training_point
09:42:56.333,2,-2.994458,1.506418,-2.216557,training_point
09:42:56.433,1,-1.480428,1.416278,-2.202111,training_point
09:42:56.433,2,-2.993116,1.506145,-2.216592,training_point
09:42:56.533,1,-1.48062,1.416475,-2.202846,training_point
09:42:56.533,2,-2.994348,1.50644,-2.215639,training_point
09:42:56.615,1,-1.480251,1.416954,-2.203645,training_point
09:42:56.615,2,-2.996899,1.506017,-2.214691,training_point
09:42:56.748,1,-1.481937,1.417254,-2.203777,training_point
09:42:56.748,2,-2.998904,1.506148,-2.214005,training_point
09:42:56.833,1,-1.482267,1.416686,-2.203823,training_point
09:42:56.833,2,-2.99715,1.506433,-2.213435,training_point
09:42:56.915,1,-1.482924,1.416787,-2.205085,training_point
09:42:56.915,2,-3.00025,1.504102,-2.212747,training_point
09:42:57.048,1,-1.483372,1.416519,-2.204941,training_point
09:42:57.048,2,-2.999603,1.505142,-2.212513,training_point
09:42:57.182,1,-1.483543,1.416639,-2.204837,training_point
09:42:57.182,2,-3.001342,1.505241,-2.21213,training_point
09:42:57.265,1,-1.484396,1.416622,-2.204177,training_point
09:42:57.265,2,-3.001266,1.502658,-2.212231,training_point
09:42:57.348,1,-1.484056,1.416098,-2.203524,training_point
09:42:57.348,2,-3.001081,1.5037,-2.212102,training_point
09:42:57.432,1,-1.483994,1.415983,-2.202953,training_point
09:42:57.432,2,-2.999316,1.50331,-2.211829,training_point
09:42:57.515,1,-1.483946,1.416258,-2.202573,training_point
09:42:57.515,2,-2.999801,1.502615,-2.211556,training_point
09:42:57.599,1,-1.483858,1.41637,-2.202028,training_point
09:42:57.600,2,-3.001219,1.503223,-2.211062,training_point
09:42:57.682,1,-1.484084,1.416969,-2.201078,training_point
09:42:57.682,2,-3.00266,1.502372,-2.210531,training_point
09:42:57.815,1,-1.482118,1.416561,-2.200755,training_point
09:42:57.815,2,-3.003553,1.50287,-2.21013,training_point
09:42:57.898,1,-1.482348,1.415881,-2.200512,training_point
09:42:57.899,2,-3.003117,1.502602,-2.210298,training_point
09:42:57.982,1,-1.482356,1.416369,-2.200253,training_point
09:42:57.982,2,-3.003804,1.502995,-2.210256,training_point
09:42:58.065,1,-1.480636,1.416077,-2.201302,training_point
09:42:58.065,2,-3.003361,1.503163,-2.210588,training_point
09:42:58.217,1,-1.478077,1.416387,-2.202317,training_point
09:42:58.217,2,-3.004522,1.503194,-2.210384,training_point
09:42:58.298,1,-1.476132,1.416546,-2.203629,training_point
09:42:58.298,2,-3.00126,1.503513,-2.211357,training_point
09:42:58.382,1,-1.475428,1.416639,-2.204158,training_point
09:42:58.382,2,-3.002502,1.502643,-2.211356,training_point
09:42:58.465,1,-1.475611,1.416971,-2.204153,training_point
09:42:58.465,2,-3.002533,1.502625,-2.211393,training_point
09:42:58.598,1,-1.473283,1.417447,-2.205689,training_point
09:42:58.598,2,-3.00324,1.502235,-2.211076,training_point
09:42:58.683,1,-1.473784,1.417291,-2.205553,training_point
09:42:58.684,2,-3.003038,1.502173,-2.211322,training_point
09:42:58.784,1,-1.472215,1.417425,-2.206082,training_point
09:42:58.784,2,-3.003482,1.501772,-2.211287,training_point
09:42:58.865,1,-1.47135,1.417704,-2.206483,training_point
09:42:58.865,2,-3.002339,1.50181,-2.211605,training_point
09:42:58.998,1,-1.470901,1.417787,-2.207246,training_point
09:42:58.998,2,-3.002194,1.501348,-2.21191,training_point
09:42:59.132,1,-1.470609,1.417819,-2.207096,training_point
09:42:59.132,2,-3.003022,1.501102,-2.211745,training_point
09:42:59.217,1,-1.472485,1.417886,-2.205961,training_point
09:42:59.217,2,-3.00201,1.500919,-2.212084,training_point
09:42:59.298,1,-1.472851,1.417352,-2.205032,training_point
09:42:59.298,2,-3.001513,1.501071,-2.212035,training_point
09:42:59.432,1,-1.47421,1.417427,-2.202999,training_point
09:42:59.432,2,-3.002613,1.50155,-2.211914,training_point
09:42:59.515,1,-1.474201,1.417655,-2.203183,training_point
09:42:59.515,2,-3.00315,1.501707,-2.211733,training_point
09:42:59.598,1,-1.474678,1.41789,-2.202407,training_point
09:42:59.598,2,-3.003806,1.501584,-2.211537,training_point
09:42:59.732,1,-1.475716,1.417884,-2.200988,training_point
09:42:59.732,2,-3.003774,1.501755,-2.211873,training_point
09:42:59.865,1,-1.477292,1.418017,-2.199625,training_point
09:42:59.865,2,-3.002308,1.501675,-2.21239,training_point
09:42:59.998,1,-1.478275,1.418037,-2.197891,training_point
09:42:59.998,2,-3.002071,1.500925,-2.21264,training_point
09:43:00.082,1,-1.477261,1.417727,-2.197711,training_point
09:43:00.082,2,-3.003089,1.5008,-2.21248,training_point
09:43:00.165,1,-1.477282,1.417978,-2.197426,training_point
09:43:00.165,2,-3.003247,1.500174,-2.212563,training_point
09:43:00.248,1,-1.477578,1.417554,-2.196493,training_point
09:43:00.249,2,-3.00359,1.500618,-2.212379,training_point
09:43:00.332,1,-1.47653,1.417583,-2.195307,training_point
09:43:00.332,2,-3.00291,1.500744,-2.212378,training_point
09:43:00.465,1,-1.47431,1.417639,-2.193751,training_point
09:43:00.465,2,-3.001677,1.499113,-2.213049,training_point
09:43:00.548,1,-1.47362,1.417654,-2.193121,training_point
09:43:00.549,2,-3.001606,1.499421,-2.213348,training_point
09:43:00.632,1,-1.474984,1.417625,-2.192647,training_point
09:43:00.632,2,-3.000965,1.499746,-2.213471,training_point
09:43:00.715,1,-1.474724,1.417715,-2.19252,training_point
09:43:00.715,2,-2.999322,1.499136,-2.213373,training_point
09:43:00.816,1,-1.475309,1.417755,-2.19237,training_point
09:43:00.816,2,-2.999481,1.498565,-2.213657,training_point
09:43:00.898,1,-1.473854,1.417663,-2.191598,training_point
09:43:00.898,2,-2.997435,1.499023,-2.213862,training_point
09:43:01.032,1,-1.47362,1.417554,-2.191365,training_point
09:43:01.032,2,-2.996029,1.49926,-2.214954,training_point
09:43:01.116,1,-1.474267,1.417458,-2.191328,training_point
09:43:01.116,2,-2.994532,1.499416,-2.215473,training_point
09:43:01.198,1,-1.474731,1.417323,-2.190993,training_point
09:43:01.198,2,-2.992995,1.500451,-2.216038,training_point
09:43:01.282,1,-1.475379,1.41761,-2.190986,training_point
09:43:01.282,2,-2.992843,1.499591,-2.216104,training_point
09:43:01.365,1,-1.476302,1.417734,-2.191091,training_point
09:43:01.365,2,-2.991112,1.499288,-2.216928,training_point
09:43:01.448,1,-1.477205,1.417819,-2.190986,training_point
09:43:01.449,2,-2.990462,1.499623,-2.216983,training_point
09:43:01.532,1,-1.477471,1.417836,-2.191022,training_point
09:43:01.532,2,-2.990269,1.499577,-2.217448,training_point
09:43:01.615,1,-1.478158,1.418121,-2.190924,training_point
09:43:01.615,2,-2.990139,1.499557,-2.217585,training_point
09:43:01.698,1,-1.478681,1.418038,-2.190703,training_point
09:43:01.698,2,-2.989187,1.499676,-2.217858,training_point
09:43:01.782,1,-1.478587,1.4183,-2.190543,training_point
09:43:01.782,2,-2.989482,1.499631,-2.218148,training_point
09:43:01.865,1,-1.479118,1.41862,-2.190512,training_point
09:43:01.865,2,-2.989435,1.499603,-2.218186,training_point
09:43:01.998,1,-1.479829,1.41863,-2.190529,training_point
09:43:01.998,2,-2.989474,1.499047,-2.218286,training_point
09:43:02.132,1,-1.480198,1.418364,-2.190256,training_point
09:43:02.132,2,-2.989052,1.499383,-2.218447,training_point
09:43:02.282,1,-1.479784,1.417404,-2.190306,training_point
09:43:02.282,2,-2.990233,1.499572,-2.218699,training_point
09:43:02.365,1,-1.479695,1.417348,-2.190375,training_point
09:43:02.365,2,-2.990099,1.499619,-2.218693,training_point
09:43:02.448,1,-1.478296,1.417698,-2.19061,training_point
09:43:02.449,2,-2.994143,1.499333,-2.216959,training_point
09:43:02.533,1,-1.477796,1.417944,-2.190748,training_point
09:43:02.533,2,-2.993713,1.499323,-2.217182,training_point
09:43:02.615,1,-1.47803,1.417726,-2.190797,training_point
09:43:02.615,2,-2.99324,1.499222,-2.217346,training_point
09:43:02.748,1,-1.476814,1.417154,-2.190752,training_point
09:43:02.749,2,-2.993442,1.499427,-2.21739,training_point
09:43:02.882,1,-1.476296,1.416753,-2.190208,training_point
09:43:02.882,2,-2.997097,1.499343,-2.215748,training_point
09:43:02.965,1,-1.476269,1.416902,-2.190137,training_point
09:43:02.965,2,-2.995107,1.499986,-2.21578,training_point
09:43:03.048,1,-1.476009,1.416982,-2.190007,training_point
09:43:03.049,2,-2.994613,1.500057,-2.216015,training_point
09:43:03.132,1,-1.476417,1.416871,-2.190278,training_point
09:43:03.132,2,-2.996451,1.499921,-2.2149,training_point
09:43:03.215,1,-1.476603,1.416893,-2.190134,training_point
09:43:03.215,2,-2.996356,1.499415,-2.214661,training_point
09:43:03.298,1,-1.476426,1.417062,-2.190294,training_point
09:43:03.299,2,-2.998074,1.499754,-2.214288,training_point
09:43:03.382,1,-1.476534,1.416963,-2.190697,training_point
09:43:03.382,2,-2.998697,1.499812,-2.21469,training_point
09:43:03.466,1,-1.476726,1.416818,-2.190764,training_point
09:43:03.466,2,-2.997835,1.499701,-2.214633,training_point
09:43:03.548,1,-1.477162,1.416852,-2.19093,training_point
09:43:03.549,2,-2.998134,1.49951,-2.214552,training_point
09:43:03.633,1,-1.477146,1.41684,-2.19087,training_point
09:43:03.633,2,-2.999464,1.499484,-2.21398,training_point
09:43:03.715,1,-1.476988,1.41684,-2.190711,training_point
09:43:03.715,2,-2.998927,1.498918,-2.214409,training_point
09:43:03.798,1,-1.476942,1.41686,-2.190604,training_point
09:43:03.800,2,-2.997848,1.499581,-2.215519,training_point
09:43:03.882,1,-1.476731,1.416993,-2.19055,training_point
09:43:03.882,2,-2.998332,1.499725,-2.215847,training_point
09:43:04.032,1,-1.475737,1.416526,-2.191049,training_point
09:43:04.032,2,-2.997234,1.499507,-2.216187,training_point
09:43:04.115,1,-1.47524,1.416748,-2.191555,training_point
09:43:04.115,2,-2.995558,1.499153,-2.216688,training_point
09:43:04.248,1,-1.474873,1.416834,-2.191716,training_point
09:43:04.249,2,-2.994465,1.499118,-2.21776,training_point
09:43:04.398,1,-1.474407,1.416746,-2.192539,training_point
09:43:04.400,2,-2.993699,1.49899,-2.21879,training_point
09:43:04.482,1,-1.474246,1.416853,-2.193208,training_point
09:43:04.482,2,-2.994095,1.499349,-2.219475,training_point
09:43:04.615,1,-1.47266,1.417115,-2.193807,training_point
09:43:04.615,2,-2.993526,1.499343,-2.22054,training_point
09:43:04.699,1,-1.474026,1.417691,-2.193621,training_point
09:43:04.699,2,-2.993281,1.49906,-2.220768,training_point
09:43:04.782,1,-1.475043,1.417998,-2.193344,training_point
09:43:04.782,2,-2.99273,1.499433,-2.220653,training_point
09:43:04.915,1,-1.474975,1.417955,-2.192914,training_point
09:43:04.915,2,-2.99582,1.498765,-2.219481,training_point
09:43:04.998,1,-1.473769,1.418013,-2.192843,training_point
09:43:04.999,2,-2.997809,1.49855,-2.218867,training_point
09:43:05.132,1,-1.473655,1.41851,-2.19183,training_point
09:43:05.132,2,-2.995847,1.498685,-2.219006,training_point
09:43:05.282,1,-1.472378,1.41869,-2.191748,training_point
09:43:05.282,2,-2.99812,1.49826,-2.218956,training_point
09:43:05.365,1,-1.472126,1.418097,-2.191277,training_point
09:43:05.365,2,-2.998808,1.498118,-2.219044,training_point
09:43:05.515,1,-1.472333,1.41826,-2.190797,training_point
09:43:05.515,2,-2.996019,1.498001,-2.220741,training_point
09:43:05.598,1,-1.4713,1.418,-2.191014,training_point
09:43:05.599,2,-2.995302,1.498245,-2.222221,training_point
09:43:05.682,1,-1.471969,1.418074,-2.190675,training_point
09:43:05.682,2,-2.995181,1.498517,-2.222421,training_point
09:43:05.765,1,-1.472306,1.41766,-2.190471,training_point
09:43:05.765,2,-2.994497,1.498814,-2.222588,training_point
09:43:05.898,1,-1.473101,1.417686,-2.189979,training_point
09:43:05.899,2,-2.994154,1.497957,-2.222953,training_point
09:43:06.032,1,-1.472325,1.41726,-2.190285,training_point
09:43:06.032,2,-2.99414,1.497542,-2.223256,training_point
09:43:06.117,1,-1.470626,1.417104,-2.190315,training_point
09:43:06.117,2,-2.994588,1.498057,-2.22376,training_point
09:43:06.198,1,-1.470253,1.417443,-2.190479,training_point
09:43:06.198,2,-2.994335,1.499026,-2.22396,training_point
09:43:06.332,1,-1.471347,1.417339,-2.190724,training_point
09:43:06.332,2,-2.99451,1.498641,-2.224562,training_point
09:43:06.482,1,-1.471026,1.417495,-2.190907,training_point
09:43:06.482,2,-2.99482,1.49805,-2.224454,training_point
09:43:06.565,1,-1.471385,1.417436,-2.190899,training_point
09:43:06.565,2,-2.994737,1.496493,-2.224373,training_point
09:43:06.648,1,-1.470922,1.416573,-2.191537,training_point
09:43:06.649,2,-2.994814,1.497773,-2.224161,training_point
09:43:06.732,1,-1.471022,1.416891,-2.191447,training_point
09:43:06.733,2,-2.99484,1.498076,-2.22396,training_point
09:43:06.815,1,-1.47167,1.417415,-2.191637,training_point
09:43:06.815,2,-2.994527,1.49764,-2.223744,training_point
09:43:06.900,1,-1.470737,1.417294,-2.192856,training_point
09:43:06.900,2,-2.99623,1.498103,-2.222397,training_point
09:43:06.982,1,-1.4718,1.41733,-2.19275,training_point
09:43:06.982,2,-2.994117,1.498426,-2.222938,training_point
09:43:07.065,1,-1.472206,1.417658,-2.192762,training_point
09:43:07.066,2,-2.993707,1.499009,-2.223212,training_point
09:43:07.148,1,-1.473142,1.417462,-2.192678,training_point
09:43:07.149,2,-2.99265,1.498791,-2.223249,training_point
09:43:07.232,1,-1.472603,1.417384,-2.19349,training_point
09:43:07.232,2,-2.99126,1.498051,-2.223479,training_point
09:43:07.365,1,-1.472524,1.417488,-2.194133,training_point
09:43:07.365,2,-2.990975,1.497259,-2.224713,training_point
09:43:07.515,1,-1.472578,1.417802,-2.194683,training_point
09:43:07.515,2,-2.988531,1.497621,-2.225434,training_point
09:43:07.598,1,-1.473282,1.41794,-2.195012,training_point
09:43:07.599,2,-2.9885,1.497088,-2.225516,training_point
09:43:07.732,1,-1.473613,1.417986,-2.19552,training_point
09:43:07.732,2,-2.986814,1.497446,-2.225369,training_point
09:43:07.865,1,-1.472677,1.418091,-2.19617,training_point
09:43:07.865,2,-2.986682,1.497417,-2.225221,training_point
09:43:07.998,1,-1.47404,1.418145,-2.196058,training_point
09:43:07.999,2,-2.985245,1.497117,-2.224174,training_point
09:43:08.132,1,-1.473745,1.418232,-2.196987,training_point
09:43:08.132,2,-2.985389,1.496676,-2.223971,training_point
09:43:08.215,1,-1.473384,1.418204,-2.197424,training_point
09:43:08.215,2,-2.985832,1.497994,-2.223729,training_point
09:43:08.298,1,-1.473418,1.417528,-2.197718,training_point
09:43:08.299,2,-2.986191,1.498048,-2.223045,training_point
09:43:08.432,1,-1.47358,1.416552,-2.198193,training_point
09:43:08.432,2,-2.987,1.498022,-2.222189,training_point
09:43:08.515,1,-1.473902,1.416559,-2.198335,training_point
09:43:08.515,2,-2.987383,1.498293,-2.222018,training_point
09:43:08.598,1,-1.474724,1.416071,-2.197652,training_point
09:43:08.599,2,-2.9873,1.498281,-2.22179,training_point
09:43:08.682,1,-1.47534,1.415253,-2.197111,training_point
09:43:08.682,2,-2.98756,1.498572,-2.22121,training_point
09:43:08.766,1,-1.475255,1.414792,-2.197146,training_point
09:43:08.767,2,-2.987245,1.498432,-2.221012,training_point
09:43:08.848,1,-1.475449,1.415273,-2.197608,training_point
09:43:08.849,2,-2.987514,1.498962,-2.220479,training_point
09:43:08.933,1,-1.475533,1.414321,-2.197777,training_point
09:43:08.933,2,-2.987329,1.498988,-2.220421,training_point
09:43:09.033,1,-1.47617,1.41423,-2.197386,training_point
09:43:09.033,2,-2.987131,1.498856,-2.220221,training_point
09:43:09.115,1,-1.473982,1.413933,-2.198465,training_point
09:43:09.115,2,-2.987046,1.498646,-2.21989,training_point
09:43:09.199,1,-1.473855,1.4134,-2.198298,training_point
09:43:09.200,2,-2.987127,1.498522,-2.219834,training_point
09:43:09.300,1,-1.473639,1.412638,-2.198602,training_point
09:43:09.300,2,-2.986828,1.498118,-2.219633,training_point
09:43:09.382,1,-1.473282,1.411152,-2.198869,training_point
09:43:09.382,2,-2.986933,1.498076,-2.219424,training_point
09:43:09.466,1,-1.47372,1.411067,-2.198465,training_point
09:43:09.466,2,-2.986901,1.49836,-2.219153,training_point
09:43:09.548,1,-1.473529,1.411414,-2.198582,training_point
09:43:09.549,2,-2.986941,1.49858,-2.219105,training_point
09:43:09.632,1,-1.473355,1.411382,-2.199376,training_point
09:43:09.632,2,-2.987077,1.498389,-2.219072,training_point
09:43:09.765,1,-1.473094,1.411384,-2.199553,training_point
09:43:09.765,2,-2.986287,1.49881,-2.218422,training_point
09:43:09.898,1,-1.472335,1.411313,-2.199386,training_point
09:43:09.899,2,-2.986483,1.498516,-2.218449,training_point
09:43:09.982,1,-1.472139,1.411095,-2.199293,training_point
09:43:09.982,2,-2.98687,1.498599,-2.218485,training_point
09:43:10.065,1,-1.471047,1.410871,-2.199458,training_point
09:43:10.065,2,-2.987292,1.498608,-2.218535,training_point
09:43:10.148,1,-1.471464,1.410733,-2.198676,training_point
09:43:10.149,2,-2.987169,1.498497,-2.21849,training_point
09:43:10.298,1,-1.46977,1.410633,-2.198438,training_point
09:43:10.299,2,-2.987315,1.499341,-2.218715,training_point
09:43:10.432,1,-1.470599,1.410588,-2.197115,training_point
09:43:10.432,2,-2.987224,1.499947,-2.219075,training_point
09:43:10.516,1,-1.470753,1.410314,-2.196636,training_point
09:43:10.516,2,-2.987516,1.499951,-2.219217,training_point
09:43:10.598,1,-1.471518,1.410384,-2.196118,training_point
09:43:10.599,2,-2.987322,1.499777,-2.219735,training_point
09:43:10.732,1,-1.472146,1.410368,-2.195284,training_point
09:43:10.732,2,-2.986872,1.499479,-2.219531,training_point
09:43:10.865,1,-1.471513,1.410369,-2.195263,training_point
09:43:10.865,2,-2.987284,1.49979,-2.219793,training_point
09:43:10.998,1,-1.469705,1.410382,-2.193944,training_point
09:43:10.999,2,-2.987522,1.499177,-2.220053,training_point
09:43:11.083,1,-1.469836,1.41019,-2.192973,training_point
09:43:11.083,2,-2.987758,1.499394,-2.219952,training_point
09:43:11.165,1,-1.468693,1.410172,-2.192966,training_point
09:43:11.165,2,-2.987969,1.499136,-2.220031,training_point
09:43:11.316,1,-1.467629,1.410174,-2.191815,training_point
09:43:11.317,2,-2.987149,1.499016,-2.219825,training_point
09:43:11.399,1,-1.467708,1.410257,-2.191254,training_point
09:43:11.399,2,-2.985857,1.499284,-2.219823,training_point
09:43:11.482,1,-1.467964,1.410202,-2.190833,training_point
09:43:11.482,2,-2.986118,1.499089,-2.21982,training_point
09:43:11.565,1,-1.46795,1.410216,-2.190248,training_point
09:43:11.565,2,-2.986468,1.49855,-2.21995,training_point
09:43:11.648,1,-1.466469,1.410204,-2.189692,training_point
09:43:11.649,2,-2.986186,1.499054,-2.219777,training_point
09:43:11.799,1,-1.466799,1.410141,-2.189704,training_point
09:43:11.800,2,-2.98663,1.499234,-2.219907,training_point
09:43:11.882,1,-1.466061,1.410084,-2.189481,training_point
09:43:11.882,2,-2.987011,1.499314,-2.219904,training_point
09:43:12.015,1,-1.463508,1.410176,-2.189309,training_point
09:43:12.015,2,-2.986939,1.499271,-2.21987,training_point
09:43:12.148,1,-1.465322,1.410289,-2.188662,training_point
09:43:12.149,2,-2.986798,1.499436,-2.219454,training_point
09:43:12.299,1,-1.465116,1.410285,-2.189305,training_point
09:43:12.299,2,-2.98654,1.498981,-2.220055,training_point
09:43:12.382,1,-1.464638,1.410371,-2.191267,training_point
09:43:12.382,2,-2.984878,1.49895,-2.220451,training_point
09:43:12.532,1,-1.466486,1.410261,-2.191072,training_point
09:43:12.532,2,-2.98489,1.499003,-2.220595,training_point
09:43:12.616,1,-1.465838,1.410316,-2.19244,training_point
09:43:12.616,2,-2.984041,1.499254,-2.220394,training_point
09:43:12.698,1,-1.467587,1.410242,-2.192316,training_point
09:43:12.699,2,-2.983727,1.499316,-2.220527,training_point
09:43:12.783,1,-1.466654,1.410434,-2.19313,training_point
09:43:12.784,2,-2.984071,1.49905,-2.220514,training_point
09:43:12.865,1,-1.465656,1.410424,-2.194003,training_point
09:43:12.865,2,-2.984072,1.498781,-2.220543,training_point
09:43:12.999,1,-1.467361,1.410513,-2.194481,training_point
09:43:12.999,2,-2.982844,1.498809,-2.220087,training_point
09:43:13.083,1,-1.466575,1.410459,-2.196131,training_point
09:43:13.083,2,-2.983413,1.498329,-2.220211,training_point
09:43:13.182,1,-1.467177,1.410509,-2.196535,training_point
09:43:13.183,2,-2.98382,1.49802,-2.220139,training_point
09:43:13.265,1,-1.466868,1.410417,-2.197918,training_point
09:43:13.265,2,-2.983683,1.498324,-2.220091,training_point
09:43:13.350,1,-1.46659,1.410325,-2.198801,training_point
09:43:13.350,2,-2.982938,1.49871,-2.220134,training_point
09:43:13.432,1,-1.467441,1.410386,-2.199069,training_point
09:43:13.432,2,-2.982857,1.499077,-2.219843,training_point
09:43:13.515,1,-1.466517,1.410403,-2.200267,training_point
09:43:13.515,2,-2.982196,1.498578,-2.219703,training_point
09:43:13.599,1,-1.466155,1.410289,-2.20115,training_point
09:43:13.599,2,-2.982689,1.498697,-2.219721,training_point
09:43:13.682,1,-1.465274,1.410421,-2.201969,training_point
09:43:13.682,2,-2.982921,1.498629,-2.219293,training_point
09:43:13.782,1,-1.465593,1.410484,-2.202028,training_point
09:43:13.782,2,-2.983151,1.497334,-2.219189,training_point
09:43:13.865,1,-1.465362,1.410522,-2.20243,training_point
09:43:13.865,2,-2.982747,1.498177,-2.218749,training_point
09:43:13.949,1,-1.465585,1.410319,-2.201561,training_point
09:43:13.949,2,-2.982915,1.497918,-2.218406,training_point
09:43:14.032,1,-1.464514,1.410144,-2.201995,training_point
09:43:14.032,2,-2.982733,1.496005,-2.218326,training_point
09:43:14.117,1,-1.463114,1.409808,-2.201385,training_point
09:43:14.117,2,-2.983267,1.497583,-2.218144,training_point
09:43:14.199,1,-1.462435,1.409759,-2.201155,training_point
09:43:14.199,2,-2.982879,1.495558,-2.21757,training_point
09:43:14.332,1,-1.465573,1.409673,-2.198914,training_point
09:43:14.332,2,-2.982519,1.497167,-2.216835,training_point
09:43:14.416,1,-1.466549,1.409457,-2.197588,training_point
09:43:14.417,2,-2.982519,1.497409,-2.216685,training_point
09:43:14.498,1,-1.467351,1.409455,-2.196507,training_point
09:43:14.499,2,-2.983081,1.497266,-2.216875,training_point
09:43:14.649,1,-1.468839,1.409275,-2.194627,training_point
09:43:14.649,2,-2.98294,1.498019,-2.216288,training_point
09:43:14.732,1,-1.46939,1.40939,-2.193721,training_point
09:43:14.732,2,-2.983471,1.49795,-2.216573,training_point
09:43:14.815,1,-1.469526,1.409355,-2.193264,training_point
09:43:14.815,2,-2.982707,1.497952,-2.216137,training_point
09:43:14.899,1,-1.466179,1.409329,-2.19142,training_point
09:43:14.899,2,-2.983143,1.498302,-2.216412,training_point
09:43:14.982,1,-1.467826,1.409421,-2.190793,training_point
09:43:14.982,2,-2.983413,1.498429,-2.216565,training_point
09:43:15.066,1,-1.468515,1.409444,-2.190265,training_point
09:43:15.067,2,-2.983505,1.498502,-2.216507,training_point
09:43:15.149,1,-1.46893,1.409434,-2.189197,training_point
09:43:15.149,2,-2.983919,1.497957,-2.216842,training_point
09:43:15.300,1,-1.470686,1.409432,-2.188753,training_point
09:43:15.300,2,-2.984457,1.497984,-2.21736,training_point
09:43:15.382,1,-1.471446,1.409409,-2.187818,training_point
09:43:15.382,2,-2.983315,1.498022,-2.216935,training_point
09:43:15.465,1,-1.471748,1.409416,-2.187123,training_point
09:43:15.465,2,-2.982138,1.498242,-2.216728,training_point
09:43:15.548,1,-1.471514,1.409455,-2.18682,training_point
09:43:15.549,2,-2.981415,1.497986,-2.216971,training_point
09:43:15.632,1,-1.472321,1.409389,-2.18648,training_point
09:43:15.632,2,-2.981813,1.497624,-2.217595,training_point
09:43:15.782,1,-1.472598,1.409389,-2.185831,training_point
09:43:15.782,2,-2.982659,1.496412,-2.218052,training_point
09:43:15.865,1,-1.472073,1.409533,-2.18566,training_point
09:43:15.865,2,-2.982145,1.495866,-2.218458,training_point
09:43:15.999,1,-1.472206,1.409558,-2.184596,training_point
09:43:15.999,2,-2.981798,1.495594,-2.219183,training_point
09:43:16.132,1,-1.471299,1.409313,-2.184821,training_point
09:43:16.132,2,-2.981494,1.496084,-2.219666,training_point
09:43:16.216,1,-1.471341,1.409324,-2.184827,training_point
09:43:16.216,2,-2.981423,1.496087,-2.219849,training_point
09:43:16.316,1,-1.470649,1.409508,-2.185162,training_point
09:43:16.317,2,-2.98061,1.496494,-2.219636,training_point
09:43:16.416,1,-1.471128,1.409539,-2.184913,training_point
09:43:16.417,2,-2.980235,1.497441,-2.219619,training_point
09:43:16.516,1,-1.470479,1.409368,-2.185617,training_point
09:43:16.517,2,-2.981175,1.497468,-2.219797,training_point
09:43:16.616,1,-1.470533,1.409533,-2.186332,training_point
09:43:16.616,2,-2.980876,1.497231,-2.219862,training_point
09:43:16.698,1,-1.47253,1.409522,-2.185557,training_point
09:43:16.699,2,-2.982069,1.496894,-2.219738,training_point
09:43:16.832,1,-1.472055,1.409722,-2.185921,training_point
09:43:16.832,2,-2.983061,1.497556,-2.219664,training_point
09:43:16.917,1,-1.472874,1.409679,-2.185468,training_point
09:43:16.917,2,-2.983422,1.497816,-2.219717,training_point
09:43:16.999,1,-1.473487,1.409654,-2.184869,training_point
09:43:16.999,2,-2.982225,1.497685,-2.218771,training_point
09:43:17.132,1,-1.475607,1.409883,-2.183935,training_point
09:43:17.132,2,-2.982674,1.497939,-2.218524,training_point
09:43:17.283,1,-1.480636,1.409736,-2.181902,training_point
09:43:17.284,2,-2.982737,1.498432,-2.21848,training_point
09:43:17.383,1,-1.486579,1.409539,-2.179365,training_point
09:43:17.383,2,-2.983723,1.498458,-2.218845,training_point
09:43:17.482,1,-1.491768,1.409595,-2.178231,training_point
09:43:17.482,2,-2.984043,1.498328,-2.218881,training_point
09:43:17.565,1,-1.500409,1.409675,-2.174417,training_point
09:43:17.565,2,-2.98367,1.498351,-2.218347,training_point
09:43:17.649,1,-1.505992,1.409597,-2.172159,training_point
09:43:17.649,2,-2.983178,1.498114,-2.218147,training_point
09:43:17.749,1,-1.514082,1.409287,-2.169866,training_point
09:43:17.749,2,-2.98294,1.498063,-2.218413,training_point
09:43:17.833,1,-1.522234,1.40912,-2.167257,training_point
09:43:17.833,2,-2.982986,1.497593,-2.218494,training_point
09:43:17.915,1,-1.533044,1.409473,-2.163693,training_point
09:43:17.915,2,-2.981844,1.497567,-2.218147,training_point
09:43:17.999,1,-1.539863,1.409498,-2.161395,training_point
09:43:17.999,2,-2.982316,1.496908,-2.218446,training_point
09:43:18.082,1,-1.547983,1.409518,-2.158977,training_point
09:43:18.082,2,-2.983274,1.496991,-2.218953,training_point
09:43:18.215,1,-1.56201,1.409916,-2.156823,training_point
09:43:18.215,2,-2.98215,1.496778,-2.219142,training_point
09:43:18.299,1,-1.572058,1.409727,-2.15445,training_point
09:43:18.299,2,-2.981834,1.496279,-2.219455,training_point
09:43:18.382,1,-1.578022,1.409773,-2.153126,training_point
09:43:18.382,2,-2.983179,1.494414,-2.219992,training_point
09:43:18.465,1,-1.584049,1.40995,-2.153056,training_point
09:43:18.465,2,-2.982879,1.496143,-2.220538,training_point
09:43:18.549,1,-1.587923,1.409623,-2.153594,training_point
09:43:18.549,2,-2.982625,1.496214,-2.220777,training_point
09:43:18.632,1,-1.593642,1.409329,-2.154651,training_point
09:43:18.632,2,-2.983418,1.496573,-2.221479,training_point
09:43:18.716,1,-1.597433,1.409355,-2.154778,training_point
09:43:18.716,2,-2.983186,1.497188,-2.221791,training_point
09:43:18.816,1,-1.600398,1.409194,-2.155008,training_point
09:43:18.816,2,-2.982732,1.498433,-2.222012,training_point
09:43:18.916,1,-1.603587,1.409192,-2.155771,training_point
09:43:18.917,2,-2.982532,1.499136,-2.222603,training_point
09:43:19.015,1,-1.605155,1.408937,-2.15649,training_point
09:43:19.015,2,-2.981591,1.499625,-2.223221,training_point
09:43:19.099,1,-1.606302,1.409014,-2.157464,training_point
09:43:19.099,2,-2.981438,1.501218,-2.223416,training_point
09:43:19.182,1,-1.606362,1.408923,-2.158304,training_point
09:43:19.182,2,-2.981953,1.502323,-2.223776,training_point
09:43:19.333,1,-1.607857,1.408358,-2.159184,training_point
09:43:19.333,2,-2.98191,1.502416,-2.224078,training_point
09:43:19.433,1,-1.608473,1.408689,-2.160026,training_point
09:43:19.433,2,-2.981583,1.502383,-2.224563,training_point
09:43:19.532,1,-1.609032,1.408633,-2.161084,training_point
09:43:19.533,2,-2.981143,1.501208,-2.224859,training_point
09:43:19.615,1,-1.607742,1.40877,-2.161443,training_point
09:43:19.615,2,-2.980909,1.501503,-2.225334,training_point
09:43:19.701,1,-1.607869,1.408806,-2.162399,training_point
09:43:19.701,2,-2.981037,1.502914,-2.225373,training_point
09:43:19.782,1,-1.606601,1.408703,-2.162706,training_point
09:43:19.782,2,-2.981572,1.502559,-2.225358,training_point
09:43:19.867,1,-1.606923,1.408845,-2.1634,training_point
09:43:19.868,2,-2.981325,1.502341,-2.225297,training_point
09:43:19.967,1,-1.606218,1.409117,-2.163573,training_point
09:43:19.968,2,-2.981048,1.503041,-2.225132,training_point
09:43:20.049,1,-1.606106,1.408845,-2.163562,training_point
09:43:20.049,2,-2.980808,1.503753,-2.225071,training_point
09:43:20.133,1,-1.605839,1.408863,-2.164514,training_point
09:43:20.133,2,-2.980515,1.502991,-2.225559,training_point
09:43:20.215,1,-1.605525,1.408775,-2.164561,training_point
09:43:20.215,2,-2.981019,1.501842,-2.225417,training_point
09:43:20.299,1,-1.605282,1.408852,-2.164687,training_point
09:43:20.299,2,-2.981919,1.502143,-2.22545,training_point
09:43:20.382,1,-1.603054,1.408838,-2.16413,training_point
09:43:20.382,2,-2.982623,1.501818,-2.225622,training_point
09:43:20.533,1,-1.601574,1.409114,-2.163569,training_point
09:43:20.533,2,-2.982364,1.501385,-2.225916,training_point
09:43:20.615,1,-1.601597,1.408844,-2.164347,training_point
09:43:20.615,2,-2.983077,1.502157,-2.225818,training_point
09:43:20.699,1,-1.601502,1.408913,-2.164933,training_point
09:43:20.699,2,-2.983233,1.502751,-2.225761,training_point
09:43:20.782,1,-1.600383,1.408751,-2.164796,training_point
09:43:20.782,2,-2.983421,1.50273,-2.225728,training_point
09:43:20.933,1,-1.600426,1.40873,-2.165616,training_point
09:43:20.934,2,-2.98177,1.503255,-2.225356,training_point
09:43:21.032,1,-1.600235,1.408737,-2.167063,training_point
09:43:21.032,2,-2.982478,1.502953,-2.225208,training_point
09:43:21.115,1,-1.599462,1.408873,-2.166528,training_point
09:43:21.115,2,-2.982393,1.502423,-2.225095,training_point
09:43:21.200,1,-1.599005,1.408699,-2.166875,training_point
09:43:21.201,2,-2.983027,1.503174,-2.224889,training_point
09:43:21.282,1,-1.597726,1.408409,-2.167147,training_point
09:43:21.282,2,-2.983911,1.503642,-2.224401,training_point
09:43:21.433,1,-1.597183,1.408841,-2.1687,training_point
09:43:21.433,2,-2.983911,1.504256,-2.223752,training_point
09:43:21.533,1,-1.595963,1.408924,-2.170439,training_point
09:43:21.533,2,-2.984661,1.504172,-2.223272,training_point
09:43:21.615,1,-1.595726,1.409079,-2.170819,training_point
09:43:21.615,2,-2.984652,1.503946,-2.223126,training_point
09:43:21.749,1,-1.595177,1.409169,-2.172049,training_point
09:43:21.749,2,-2.984815,1.503875,-2.22309,training_point
09:43:21.882,1,-1.594103,1.409239,-2.171979,training_point
09:43:21.882,2,-2.984709,1.504085,-2.222563,training_point
09:43:22.015,1,-1.593934,1.409095,-2.173145,training_point
09:43:22.015,2,-2.984339,1.503694,-2.221631,training_point
09:43:22.099,1,-1.592935,1.409055,-2.173149,training_point
09:43:22.099,2,-2.984734,1.504125,-2.221306,training_point
09:43:22.182,1,-1.591814,1.409057,-2.173747,training_point
09:43:22.182,2,-2.984668,1.504382,-2.220968,training_point
09:43:22.266,1,-1.591108,1.409001,-2.174772,training_point
09:43:22.267,2,-2.984827,1.504859,-2.220495,training_point
09:43:22.366,1,-1.590719,1.409024,-2.176672,training_point
09:43:22.367,2,-2.984588,1.504768,-2.220277,training_point
09:43:22.449,1,-1.589069,1.409114,-2.176598,training_point
09:43:22.449,2,-2.984541,1.504568,-2.219765,training_point
09:43:22.532,1,-1.588503,1.409315,-2.175958,training_point
09:43:22.532,2,-2.984082,1.504751,-2.219584,training_point
09:43:22.615,1,-1.587173,1.409259,-2.175646,training_point
09:43:22.615,2,-2.984443,1.504931,-2.219347,training_point
09:43:22.700,1,-1.586526,1.409276,-2.176181,training_point
09:43:22.700,2,-2.984757,1.504585,-2.219302,training_point
09:43:22.782,1,-1.585644,1.409323,-2.176749,training_point
09:43:22.782,2,-2.984874,1.504292,-2.2194,training_point
09:43:22.915,1,-1.584344,1.409231,-2.175443,training_point
09:43:22.915,2,-2.984415,1.504191,-2.219276,training_point
09:43:22.999,1,-1.584103,1.409236,-2.174718,training_point
09:43:22.999,2,-2.984395,1.504417,-2.219271,training_point
09:43:23.082,1,-1.583021,1.409328,-2.175663,training_point
09:43:23.082,2,-2.984955,1.504623,-2.219425,training_point
09:43:23.215,1,-1.582643,1.409281,-2.175516,training_point
09:43:23.215,2,-2.984215,1.504244,-2.218844,training_point
09:43:23.316,1,-1.58165,1.409338,-2.176082,training_point
09:43:23.317,2,-2.983381,1.503526,-2.217544,training_point
09:43:23.399,1,-1.581065,1.409405,-2.175859,training_point
09:43:23.399,2,-2.983611,1.503536,-2.217793,training_point
09:43:23.482,1,-1.580437,1.409516,-2.17657,training_point
09:43:23.482,2,-2.983788,1.503411,-2.217878,training_point
09:43:23.566,1,-1.580371,1.409686,-2.175108,training_point
09:43:23.566,2,-2.984204,1.503595,-2.217859,training_point
09:43:23.649,1,-1.580935,1.40931,-2.175553,training_point
09:43:23.649,2,-2.984125,1.503164,-2.21769,training_point
09:43:23.799,1,-1.579978,1.408716,-2.177235,training_point
09:43:23.799,2,-2.983329,1.503533,-2.216695,training_point
09:43:23.883,1,-1.579578,1.408771,-2.177041,training_point
09:43:23.883,2,-2.98268,1.503542,-2.216148,training_point
09:43:23.965,1,-1.579767,1.408683,-2.175134,training_point
09:43:23.965,2,-2.983025,1.503244,-2.216192,training_point
09:43:24.099,1,-1.57882,1.408589,-2.176547,training_point
09:43:24.099,2,-2.982587,1.502605,-2.215765,training_point
09:43:24.249,1,-1.579092,1.408344,-2.174582,training_point
09:43:24.249,2,-2.983612,1.503274,-2.216254,training_point
09:43:24.350,1,-1.578359,1.408095,-2.176681,training_point
09:43:24.350,2,-2.983986,1.503302,-2.216563,training_point
09:43:24.432,1,-1.577523,1.408258,-2.177573,training_point
09:43:24.432,2,-2.983638,1.503534,-2.216304,training_point
09:43:24.582,1,-1.577292,1.408218,-2.177198,training_point
09:43:24.582,2,-2.983003,1.503942,-2.216453,training_point
09:43:24.715,1,-1.577295,1.40829,-2.176992,training_point
09:43:24.716,2,-2.982445,1.503988,-2.216765,training_point
09:43:24.816,1,-1.576762,1.408271,-2.177802,training_point
09:43:24.817,2,-2.981943,1.503898,-2.216781,training_point
09:43:24.915,1,-1.576435,1.408162,-2.178115,training_point
09:43:24.915,2,-2.981559,1.503989,-2.216794,training_point
09:43:24.999,1,-1.576485,1.408069,-2.178623,training_point
09:43:24.999,2,-2.981409,1.503907,-2.21693,training_point
09:43:25.084,1,-1.576437,1.408104,-2.178648,training_point
09:43:25.084,2,-2.98117,1.503515,-2.217379,training_point
09:43:25.165,1,-1.576153,1.408099,-2.178743,training_point
09:43:25.165,2,-2.98133,1.503464,-2.217739,training_point
09:43:25.299,1,-1.576699,1.407573,-2.177141,training_point
09:43:25.299,2,-2.981082,1.503357,-2.217742,training_point
09:43:25.432,1,-1.576492,1.407596,-2.177406,training_point
09:43:25.432,2,-2.980978,1.503586,-2.218151,training_point
09:43:25.565,1,-1.576369,1.407726,-2.177893,training_point
09:43:25.565,2,-2.981832,1.503623,-2.218586,training_point
09:43:25.716,1,-1.576433,1.407788,-2.178923,training_point
09:43:25.717,2,-2.981555,1.502952,-2.218875,training_point
09:43:25.799,1,-1.576324,1.407865,-2.179377,training_point
09:43:25.799,2,-2.981316,1.502971,-2.219105,training_point
09:43:25.932,1,-1.576332,1.407629,-2.179675,training_point
09:43:25.932,2,-2.978337,1.503329,-2.221481,training_point
09:43:26.017,1,-1.576007,1.407411,-2.180239,training_point
09:43:26.017,2,-2.977322,1.503434,-2.221605,training_point
09:43:26.099,1,-1.575827,1.407675,-2.180239,training_point
09:43:26.099,2,-2.975939,1.50291,-2.221822,training_point
09:43:26.182,1,-1.576193,1.407774,-2.178459,training_point
09:43:26.182,2,-2.975407,1.503099,-2.222639,training_point
09:43:26.265,1,-1.57558,1.408089,-2.177584,training_point
09:43:26.266,2,-2.974316,1.502966,-2.222622,training_point
09:43:26.349,1,-1.575513,1.40802,-2.178081,training_point
09:43:26.349,2,-2.972525,1.502909,-2.223856,training_point
09:43:26.482,1,-1.575129,1.408094,-2.178733,training_point
09:43:26.482,2,-2.970489,1.503026,-2.225103,training_point
09:43:26.583,1,-1.574875,1.408317,-2.179397,training_point
09:43:26.583,2,-2.971211,1.503177,-2.225153,training_point
09:43:26.684,1,-1.574683,1.408418,-2.179461,training_point
09:43:26.684,2,-2.970365,1.50388,-2.225506,training_point
09:43:26.765,1,-1.574683,1.408257,-2.179676,training_point
09:43:26.766,2,-2.969697,1.503461,-2.225857,training_point
09:43:26.850,1,-1.574709,1.408151,-2.179535,training_point
09:43:26.850,2,-2.969267,1.503268,-2.22588,training_point
09:43:26.932,1,-1.574185,1.408129,-2.178817,training_point
09:43:26.932,2,-2.968429,1.503299,-2.225556,training_point
09:43:27.015,1,-1.574147,1.408273,-2.178722,training_point
09:43:27.016,2,-2.96835,1.502869,-2.224963,training_point
09:43:27.099,1,-1.574017,1.408692,-2.178592,training_point
09:43:27.099,2,-2.968263,1.502837,-2.224178,training_point
09:43:27.182,1,-1.573733,1.408583,-2.178053,training_point
09:43:27.182,2,-2.96871,1.50314,-2.22307,training_point
09:43:27.315,1,-1.573252,1.408633,-2.177105,training_point
09:43:27.316,2,-2.972115,1.503112,-2.220599,training_point
09:43:27.449,1,-1.572579,1.408623,-2.176804,training_point
09:43:27.449,2,-2.971957,1.502409,-2.218232,training_point
09:43:27.532,1,-1.572229,1.408592,-2.176818,training_point
09:43:27.532,2,-2.971707,1.502775,-2.21722,training_point
09:43:27.615,1,-1.571281,1.408326,-2.176829,training_point
09:43:27.616,2,-2.970709,1.502795,-2.215865,training_point
09:43:27.700,1,-1.570515,1.408081,-2.176541,training_point
09:43:27.700,2,-2.970215,1.501988,-2.213973,training_point
09:43:27.782,1,-1.569837,1.407916,-2.175774,training_point
09:43:27.782,2,-2.969474,1.502142,-2.21027,training_point
09:43:27.868,1,-1.569146,1.407609,-2.175606,training_point
09:43:27.869,2,-2.968093,1.502568,-2.208767,training_point
09:43:27.965,1,-1.568092,1.407365,-2.175149,training_point
09:43:27.966,2,-2.966782,1.503345,-2.207727,training_point
09:43:28.049,1,-1.567448,1.407754,-2.174893,training_point
09:43:28.049,2,-2.966117,1.502951,-2.20678,training_point
09:43:28.133,1,-1.566311,1.407246,-2.174549,training_point
09:43:28.133,2,-2.965233,1.502449,-2.206286,training_point
09:43:28.215,1,-1.565384,1.406174,-2.174472,training_point
09:43:28.215,2,-2.964135,1.502211,-2.206062,training_point
09:43:28.349,1,-1.564061,1.406417,-2.173894,training_point
09:43:28.349,2,-2.96366,1.502608,-2.206189,training_point
09:43:28.499,1,-1.562857,1.405815,-2.171939,training_point
09:43:28.499,2,-2.962668,1.502623,-2.206802,training_point
09:43:28.582,1,-1.562054,1.405369,-2.171529,training_point
09:43:28.582,2,-2.961115,1.502769,-2.207741,training_point
09:43:28.665,1,-1.561308,1.405161,-2.170787,training_point
09:43:28.666,2,-2.962091,1.503076,-2.209271,training_point
09:43:28.749,1,-1.560293,1.404835,-2.169868,training_point
09:43:28.749,2,-2.962826,1.502513,-2.212348,training_point
09:43:28.882,1,-1.558358,1.404797,-2.168961,training_point
09:43:28.882,2,-2.964301,1.502838,-2.213724,training_point
09:43:28.966,1,-1.557487,1.404738,-2.168238,training_point
09:43:28.967,2,-2.963404,1.503026,-2.214237,training_point
09:43:29.049,1,-1.557638,1.404647,-2.165671,training_point
09:43:29.049,2,-2.963406,1.50356,-2.214287,training_point
09:43:29.133,1,-1.555914,1.405377,-2.165993,training_point
09:43:29.133,2,-2.965169,1.503104,-2.214723,training_point
09:43:29.215,1,-1.555125,1.404934,-2.16476,training_point
09:43:29.216,2,-2.964143,1.502752,-2.214609,training_point
09:43:29.300,1,-1.553689,1.404368,-2.164852,training_point
09:43:29.300,2,-2.962019,1.502408,-2.214686,training_point
09:43:29.382,1,-1.553305,1.404104,-2.163304,training_point
09:43:29.382,2,-2.960918,1.502448,-2.214617,training_point
09:43:29.533,1,-1.552657,1.403764,-2.16334,training_point
09:43:29.534,2,-2.961192,1.502609,-2.215474,training_point
09:43:29.634,1,-1.551689,1.402602,-2.163399,training_point
09:43:29.634,2,-2.959649,1.502831,-2.215436,training_point
09:43:29.715,1,-1.550958,1.402763,-2.163253,training_point
09:43:29.716,2,-2.958884,1.501762,-2.21553,training_point
09:43:29.799,1,-1.550013,1.402424,-2.16326,training_point
09:43:29.799,2,-2.959191,1.501872,-2.21548,training_point
09:43:29.882,1,-1.548381,1.402232,-2.163065,training_point
09:43:29.882,2,-2.959124,1.501784,-2.21549,training_point
09:43:29.965,1,-1.548271,1.401745,-2.163173,training_point
09:43:29.966,2,-2.95853,1.502243,-2.215292,training_point
09:43:30.049,1,-1.548017,1.401599,-2.163365,training_point
09:43:30.049,2,-2.957651,1.502172,-2.2152,training_point
09:43:30.132,1,-1.547479,1.402101,-2.163371,training_point
09:43:30.132,2,-2.956984,1.502243,-2.214924,training_point
09:43:30.215,1,-1.547339,1.402242,-2.163585,training_point
09:43:30.216,2,-2.958806,1.502089,-2.214941,training_point
09:43:30.299,1,-1.547263,1.402236,-2.163745,training_point
09:43:30.299,2,-2.958341,1.501743,-2.214765,training_point
09:43:30.382,1,-1.546922,1.402893,-2.163699,training_point
09:43:30.382,2,-2.957342,1.502242,-2.214747,training_point
09:43:30.465,1,-1.546685,1.403225,-2.164043,training_point
09:43:30.466,2,-2.956566,1.501991,-2.214515,training_point
09:43:30.549,1,-1.546627,1.403977,-2.164157,training_point
09:43:30.549,2,-2.956316,1.501873,-2.214585,training_point
09:43:30.632,1,-1.5459,1.403769,-2.164249,training_point
09:43:30.632,2,-2.956195,1.501984,-2.214408,training_point
09:43:30.715,1,-1.545294,1.404113,-2.164441,training_point
09:43:30.716,2,-2.955814,1.501289,-2.214236,training_point
09:43:30.799,1,-1.545082,1.404536,-2.164325,training_point
09:43:30.799,2,-2.958204,1.501532,-2.214308,training_point
09:43:30.900,1,-1.544718,1.404476,-2.164257,training_point
09:43:30.900,2,-2.95743,1.502038,-2.214345,training_point
09:43:30.982,1,-1.543859,1.404107,-2.163346,training_point
09:43:30.982,2,-2.956505,1.502012,-2.21373,training_point
09:43:31.065,1,-1.54351,1.403898,-2.163458,training_point
09:43:31.066,2,-2.956276,1.501496,-2.213607,training_point
09:43:31.149,1,-1.543247,1.404177,-2.163034,training_point
09:43:31.149,2,-2.955959,1.501686,-2.213594,training_point
09:43:31.232,1,-1.542757,1.403831,-2.162639,training_point
09:43:31.232,2,-2.95571,1.501809,-2.213743,training_point
09:43:31.318,1,-1.542697,1.403241,-2.162484,training_point
09:43:31.318,2,-2.956037,1.502106,-2.213635,training_point
09:43:31.416,1,-1.543633,1.403189,-2.162041,training_point
09:43:31.417,2,-2.956558,1.501612,-2.213686,training_point
09:43:31.499,1,-1.543155,1.403599,-2.161806,training_point
09:43:31.499,2,-2.960285,1.501873,-2.214608,training_point
09:43:31.582,1,-1.543052,1.403682,-2.161778,training_point
09:43:31.582,2,-2.96079,1.501323,-2.214998,training_point
09:43:31.665,1,-1.542984,1.403349,-2.161317,training_point
09:43:31.666,2,-2.960361,1.501305,-2.215397,training_point
09:43:31.750,1,-1.543061,1.403427,-2.160915,training_point
09:43:31.751,2,-2.959042,1.501312,-2.215617,training_point
09:43:31.832,1,-1.542777,1.403947,-2.1607,training_point
09:43:31.832,2,-2.958398,1.501336,-2.21624,training_point
09:43:31.917,1,-1.542503,1.403436,-2.160471,training_point
09:43:31.917,2,-2.957401,1.501981,-2.217048,training_point
09:43:31.999,1,-1.542439,1.40333,-2.160205,training_point
09:43:31.999,2,-2.95753,1.501514,-2.217918,training_point
09:43:32.132,1,-1.541687,1.403202,-2.159633,training_point
09:43:32.132,2,-2.957576,1.501475,-2.218018,training_point
09:43:32.283,1,-1.541286,1.403161,-2.158907,training_point
09:43:32.284,2,-2.957815,1.501087,-2.217885,training_point
09:43:32.365,1,-1.541222,1.403088,-2.158571,training_point
09:43:32.366,2,-2.959978,1.501165,-2.217655,training_point
09:43:32.499,1,-1.540949,1.403083,-2.158538,training_point
09:43:32.499,2,-2.9585,1.501411,-2.217011,training_point
09:43:32.632,1,-1.542742,1.403821,-2.157704,training_point
09:43:32.632,2,-2.958823,1.501518,-2.216846,training_point
09:43:32.716,1,-1.542052,1.403732,-2.1578,training_point
09:43:32.718,2,-2.959662,1.501572,-2.216245,training_point
09:43:32.799,1,-1.541157,1.403645,-2.157181,training_point
09:43:32.799,2,-2.959377,1.501168,-2.215998,training_point
09:43:32.933,1,-1.540142,1.403569,-2.156332,training_point
09:43:32.934,2,-2.959785,1.501377,-2.215379,training_point
09:43:33.016,1,-1.539852,1.403522,-2.155842,training_point
09:43:33.016,2,-2.959486,1.501308,-2.215338,training_point
09:43:33.100,1,-1.539396,1.40351,-2.15512,training_point
09:43:33.100,2,-2.960286,1.501436,-2.215562,training_point
09:43:33.182,1,-1.539405,1.402858,-2.155032,training_point
09:43:33.182,2,-2.960191,1.501505,-2.215493,training_point
09:43:33.266,1,-1.539455,1.40253,-2.154813,training_point
09:43:33.267,2,-2.960557,1.501514,-2.215521,training_point
09:43:33.349,1,-1.539317,1.40289,-2.154716,training_point
09:43:33.349,2,-2.959755,1.501565,-2.215784,training_point
09:43:33.499,1,-1.539165,1.403071,-2.154886,training_point
09:43:33.499,2,-2.961267,1.501628,-2.216314,training_point
09:43:33.582,1,-1.538872,1.403614,-2.154809,training_point
09:43:33.582,2,-2.960885,1.501642,-2.215998,training_point
09:43:33.715,1,-1.538029,1.403814,-2.155194,training_point
09:43:33.716,2,-2.959453,1.501778,-2.215419,training_point
09:43:33.866,1,-1.535762,1.403593,-2.155156,training_point
09:43:33.867,2,-2.959564,1.501652,-2.214793,training_point
09:43:33.949,1,-1.534665,1.40297,-2.155352,training_point
09:43:33.949,2,-2.959644,1.501691,-2.214736,training_point
09:43:34.033,1,-1.532758,1.402875,-2.155295,training_point
09:43:34.033,2,-2.958906,1.501396,-2.214322,training_point
09:43:34.115,1,-1.529723,1.401674,-2.155454,training_point
09:43:34.116,2,-2.958747,1.501626,-2.214053,training_point
09:43:34.266,1,-1.525612,1.400895,-2.156108,training_point
09:43:34.266,2,-2.958945,1.501347,-2.213659,training_point
09:43:34.349,1,-1.521946,1.401678,-2.156793,training_point
09:43:34.349,2,-2.958366,1.500623,-2.213237,training_point
09:43:34.432,1,-1.518402,1.401595,-2.157713,training_point
09:43:34.432,2,-2.959699,1.500889,-2.212834,training_point
09:43:34.516,1,-1.514076,1.401606,-2.159264,training_point
09:43:34.517,2,-2.958553,1.500404,-2.212545,training_point
09:43:34.599,1,-1.510187,1.400808,-2.160081,training_point
09:43:34.599,2,-2.958353,1.500927,-2.212538,training_point
09:43:34.749,1,-1.505065,1.400274,-2.162123,training_point
09:43:34.749,2,-2.958566,1.501432,-2.211995,training_point
09:43:34.832,1,-1.503495,1.399781,-2.163304,training_point
09:43:34.832,2,-2.958709,1.501447,-2.212068,training_point
09:43:34.915,1,-1.500518,1.400132,-2.165447,training_point
09:43:34.916,2,-2.958296,1.501616,-2.212047,training_point
09:43:34.999,1,-1.498776,1.401036,-2.16641,training_point
09:43:35.000,2,-2.958579,1.501629,-2.211423,training_point
09:43:35.082,1,-1.495377,1.40089,-2.168857,training_point
09:43:35.082,2,-2.959886,1.50126,-2.211357,training_point
09:43:35.165,1,-1.493479,1.401415,-2.171281,training_point
09:43:35.166,2,-2.959233,1.501305,-2.211687,training_point
09:43:35.249,1,-1.491303,1.402188,-2.173485,training_point
09:43:35.249,2,-2.958916,1.501418,-2.211316,training_point
09:43:35.333,1,-1.49009,1.403021,-2.173868,training_point
09:43:35.333,2,-2.958168,1.501497,-2.211055,training_point
09:43:35.415,1,-1.487437,1.402176,-2.176244,training_point
09:43:35.416,2,-2.958103,1.501469,-2.211181,training_point
09:43:35.549,1,-1.484979,1.400956,-2.178019,training_point
09:43:35.549,2,-2.958701,1.501647,-2.210596,training_point
09:43:35.633,1,-1.483661,1.399943,-2.179499,training_point
09:43:35.633,2,-2.957717,1.501472,-2.210498,training_point
09:43:35.715,1,-1.481874,1.399881,-2.181457,training_point
09:43:35.716,2,-2.957532,1.50109,-2.210401,training_point
09:43:35.800,1,-1.48075,1.399737,-2.181568,training_point
09:43:35.800,2,-2.957331,1.500515,-2.210209,training_point
09:43:35.882,1,-1.478252,1.399365,-2.182339,training_point
09:43:35.882,2,-2.957173,1.500581,-2.21007,training_point
09:43:36.016,1,-1.475374,1.399309,-2.183513,training_point
09:43:36.016,2,-2.956884,1.500841,-2.209942,training_point
09:43:36.165,1,-1.472134,1.399435,-2.185175,training_point
09:43:36.166,2,-2.95777,1.499395,-2.209722,training_point
09:43:36.317,1,-1.46702,1.398953,-2.187688,training_point
09:43:36.317,2,-2.957402,1.498523,-2.209635,training_point
09:43:36.399,1,-1.465375,1.398771,-2.18922,training_point
09:43:36.399,2,-2.957279,1.498517,-2.209793,training_point
09:43:36.532,1,-1.463695,1.398635,-2.191648,training_point
09:43:36.532,2,-2.95749,1.498132,-2.209848,training_point
09:43:36.616,1,-1.463366,1.398953,-2.193121,training_point
09:43:36.616,2,-2.95726,1.498367,-2.209731,training_point
09:43:36.699,1,-1.462543,1.398986,-2.194461,training_point
09:43:36.699,2,-2.959287,1.497748,-2.210552,training_point
09:43:36.832,1,-1.46193,1.398749,-2.19558,training_point
09:43:36.832,2,-2.959418,1.497723,-2.210584,training_point
09:43:36.983,1,-1.461865,1.398506,-2.195965,training_point
09:43:36.983,2,-2.96044,1.497829,-2.210417,training_point
09:43:37.066,1,-1.462225,1.398274,-2.196346,training_point
09:43:37.066,2,-2.960094,1.498001,-2.210382,training_point
09:43:37.149,1,-1.462072,1.39838,-2.19675,training_point
09:43:37.149,2,-2.959966,1.497974,-2.21016,training_point
09:43:37.233,1,-1.462388,1.398525,-2.196766,training_point
09:43:37.234,2,-2.959625,1.497893,-2.210155,training_point
09:43:37.315,1,-1.462551,1.398571,-2.197233,training_point
09:43:37.316,2,-2.959315,1.498079,-2.210102,training_point
09:43:37.399,1,-1.462666,1.39865,-2.197397,training_point
09:43:37.399,2,-2.959668,1.498608,-2.210132,training_point
09:43:37.482,1,-1.462707,1.398821,-2.197821,training_point
09:43:37.482,2,-2.961133,1.498389,-2.210396,training_point
09:43:37.565,1,-1.463112,1.39874,-2.198181,training_point
09:43:37.566,2,-2.960706,1.497997,-2.210206,training_point
09:43:37.649,1,-1.463385,1.398961,-2.198364,training_point
09:43:37.649,2,-2.961598,1.498385,-2.209564,training_point
09:43:37.733,1,-1.463214,1.398711,-2.198218,training_point
09:43:37.734,2,-2.96138,1.498767,-2.209294,training_point
09:43:37.815,1,-1.463278,1.398999,-2.198483,training_point
09:43:37.816,2,-2.960575,1.498113,-2.20907,training_point
09:43:37.900,1,-1.463129,1.398924,-2.19838,training_point
09:43:37.900,2,-2.961001,1.497682,-2.208821,training_point
09:43:37.982,1,-1.463005,1.399016,-2.198138,training_point
09:43:37.983,2,-2.960737,1.497718,-2.208775,training_point
09:43:38.066,1,-1.463035,1.399168,-2.197535,training_point
09:43:38.067,2,-2.960257,1.49783,-2.208518,training_point
09:43:38.166,1,-1.462743,1.399207,-2.197041,training_point
09:43:38.168,2,-2.960935,1.497508,-2.207902,training_point
09:43:38.249,1,-1.463203,1.399354,-2.195468,training_point
09:43:38.249,2,-2.962439,1.495961,-2.207406,training_point
09:43:38.332,1,-1.463454,1.399365,-2.195153,training_point
09:43:38.332,2,-2.961897,1.496111,-2.207354,training_point
09:43:38.466,1,-1.463288,1.399228,-2.194177,training_point
09:43:38.466,2,-2.961461,1.49717,-2.206971,training_point
09:43:38.549,1,-1.46317,1.399466,-2.193501,training_point
09:43:38.550,2,-2.961637,1.497342,-2.206749,training_point
09:43:38.632,1,-1.463332,1.399711,-2.19348,training_point
09:43:38.632,2,-2.961636,1.497522,-2.206532,training_point
09:43:38.765,1,-1.463843,1.399757,-2.192945,training_point
09:43:38.766,2,-2.961821,1.49813,-2.206051,training_point
09:43:38.899,1,-1.463095,1.399902,-2.19249,training_point
09:43:38.899,2,-2.961684,1.498093,-2.205613,training_point
09:43:38.982,1,-1.462903,1.399952,-2.192351,training_point
09:43:38.982,2,-2.962645,1.498076,-2.205699,training_point
09:43:39.066,1,-1.463021,1.399809,-2.19219,training_point
09:43:39.066,2,-2.964161,1.498094,-2.204937,training_point
09:43:39.150,1,-1.463173,1.399888,-2.192198,training_point
09:43:39.150,2,-2.964333,1.498415,-2.20482,training_point
09:43:39.232,1,-1.462671,1.400323,-2.192232,training_point
09:43:39.232,2,-2.964365,1.498255,-2.20473,training_point
09:43:39.316,1,-1.46252,1.400424,-2.192408,training_point
09:43:39.317,2,-2.963901,1.49819,-2.204683,training_point
09:43:39.399,1,-1.462401,1.400405,-2.192807,training_point
09:43:39.399,2,-2.964491,1.498117,-2.204787,training_point
09:43:39.532,1,-1.462163,1.400347,-2.193032,training_point
09:43:39.532,2,-2.964504,1.498042,-2.204459,training_point
09:43:39.616,1,-1.461757,1.400311,-2.194089,training_point
09:43:39.616,2,-2.964601,1.498006,-2.204268,training_point
09:43:39.701,1,-1.461617,1.40024,-2.194415,training_point
09:43:39.701,2,-2.964836,1.498354,-2.204017,training_point
09:43:39.782,1,-1.461577,1.400386,-2.194478,training_point
09:43:39.782,2,-2.966347,1.498607,-2.203563,training_point
09:43:39.866,1,-1.46139,1.400308,-2.194651,training_point
09:43:39.867,2,-2.965857,1.498268,-2.203581,training_point
09:43:39.949,1,-1.461672,1.400385,-2.195413,training_point
09:43:39.949,2,-2.967416,1.498271,-2.203996,training_point
09:43:40.082,1,-1.461613,1.40051,-2.195785,training_point
09:43:40.082,2,-2.967279,1.498054,-2.204094,training_point
09:43:40.215,1,-1.461932,1.400375,-2.196443,training_point
09:43:40.216,2,-2.96691,1.498508,-2.203972,training_point
09:43:40.366,1,-1.461931,1.400463,-2.197493,training_point
09:43:40.367,2,-2.966942,1.498732,-2.204472,training_point
09:43:40.449,1,-1.462107,1.40049,-2.197744,training_point
09:43:40.449,2,-2.968621,1.498531,-2.204762,training_point
09:43:40.582,1,-1.461951,1.400543,-2.198265,training_point
09:43:40.582,2,-2.969347,1.497611,-2.205355,training_point
09:43:40.715,1,-1.461837,1.400163,-2.199319,training_point
09:43:40.716,2,-2.968767,1.498237,-2.206324,training_point
09:43:40.799,1,-1.461885,1.400521,-2.199503,training_point
09:43:40.799,2,-2.968813,1.498127,-2.206655,training_point
09:43:40.884,1,-1.462082,1.400403,-2.199949,training_point
09:43:40.884,2,-2.969166,1.498023,-2.207431,training_point
09:43:40.966,1,-1.46234,1.400188,-2.20009,training_point
09:43:40.966,2,-2.970301,1.497946,-2.207799,training_point
09:43:41.049,1,-1.462913,1.400241,-2.200658,training_point
09:43:41.049,2,-2.968901,1.497979,-2.208417,training_point
09:43:41.132,1,-1.463366,1.400089,-2.200944,training_point
09:43:41.132,2,-2.97094,1.497792,-2.209144,training_point
09:43:41.217,1,-1.463676,1.400033,-2.201064,training_point
09:43:41.218,2,-2.968875,1.497795,-2.209696,training_point
09:43:41.299,1,-1.464105,1.399496,-2.201115,training_point
09:43:41.299,2,-2.968081,1.497807,-2.209978,training_point
09:43:41.432,1,-1.464404,1.399444,-2.201484,training_point
09:43:41.432,2,-2.967889,1.496389,-2.21077,training_point
09:43:41.584,1,-1.46468,1.399468,-2.201866,training_point
09:43:41.584,2,-2.967367,1.496455,-2.211277,training_point
09:43:41.682,1,-1.465041,1.399509,-2.201999,training_point
09:43:41.682,2,-2.967301,1.496664,-2.212001,training_point
09:43:41.766,1,-1.465255,1.399155,-2.20218,training_point
09:43:41.766,2,-2.966865,1.497051,-2.21225,training_point
09:43:41.849,1,-1.465404,1.399332,-2.202787,training_point
09:43:41.849,2,-2.966469,1.497296,-2.212005,training_point
09:43:41.932,1,-1.465133,1.399018,-2.202751,training_point
09:43:41.932,2,-2.965741,1.497518,-2.211863,training_point
09:43:42.016,1,-1.46517,1.399329,-2.202875,training_point
09:43:42.016,2,-2.965515,1.497539,-2.211659,training_point
09:43:42.101,1,-1.46511,1.399487,-2.202955,training_point
09:43:42.101,2,-2.966264,1.49782,-2.211497,training_point
09:43:42.249,1,-1.465244,1.399518,-2.203269,training_point
09:43:42.249,2,-2.966479,1.498141,-2.211256,training_point
09:43:42.350,1,-1.465156,1.399547,-2.203995,training_point
09:43:42.350,2,-2.966788,1.498479,-2.210712,training_point
09:43:42.451,1,-1.465239,1.400404,-2.203924,training_point
09:43:42.452,2,-2.966007,1.49858,-2.209626,training_point
09:43:42.549,1,-1.465708,1.400391,-2.203964,training_point
09:43:42.550,2,-2.965422,1.498733,-2.208957,training_point
09:43:42.632,1,-1.465877,1.399809,-2.204147,training_point
09:43:42.632,2,-2.966354,1.498711,-2.208339,training_point
09:43:42.717,1,-1.466276,1.399663,-2.204132,training_point
09:43:42.717,2,-2.966389,1.498687,-2.208021,training_point
09:43:42.799,1,-1.46617,1.39965,-2.204044,training_point
09:43:42.799,2,-2.966965,1.498757,-2.207639,training_point
09:43:42.882,1,-1.466177,1.399772,-2.20401,training_point
09:43:42.883,2,-2.96726,1.498646,-2.207511,training_point
09:43:42.966,1,-1.466163,1.399719,-2.203886,training_point
09:43:42.966,2,-2.967932,1.498451,-2.206733,training_point
09:43:43.051,1,-1.466178,1.399788,-2.203823,training_point
09:43:43.051,2,-2.968922,1.498283,-2.206493,training_point
09:43:43.132,1,-1.466563,1.40036,-2.203732,training_point
09:43:43.132,2,-2.969081,1.498564,-2.206631,training_point
09:43:43.266,1,-1.466276,1.401046,-2.203471,training_point
09:43:43.266,2,-2.968356,1.498528,-2.206389,training_point
09:43:43.366,1,-1.465997,1.40092,-2.203174,training_point
09:43:43.366,2,-2.968537,1.498413,-2.206368,training_point
09:43:43.449,1,-1.465739,1.401296,-2.202475,training_point
09:43:43.449,2,-2.968049,1.498446,-2.20654,training_point
09:43:43.533,1,-1.465747,1.401665,-2.20204,training_point
09:43:43.533,2,-2.967663,1.498008,-2.206502,training_point
09:43:43.616,1,-1.465658,1.401475,-2.201536,training_point
09:43:43.616,2,-2.966867,1.498088,-2.20629,training_point
09:43:43.700,1,-1.46545,1.401601,-2.201359,training_point
09:43:43.700,2,-2.966845,1.498086,-2.206538,training_point
09:43:43.800,1,-1.465033,1.401547,-2.200774,training_point
09:43:43.800,2,-2.966516,1.498016,-2.206628,training_point
09:43:43.882,1,-1.465135,1.401521,-2.200554,training_point
09:43:43.882,2,-2.966955,1.497953,-2.207097,training_point
09:43:43.966,1,-1.465122,1.401674,-2.200475,training_point
09:43:43.966,2,-2.967308,1.497783,-2.207622,training_point
09:43:44.049,1,-1.46475,1.401725,-2.199705,training_point
09:43:44.049,2,-2.967166,1.497978,-2.207832,training_point
09:43:44.133,1,-1.464838,1.401724,-2.199327,training_point
09:43:44.133,2,-2.967271,1.497691,-2.208046,training_point
09:43:44.216,1,-1.465089,1.401589,-2.199502,training_point
09:43:44.216,2,-2.967003,1.497537,-2.208481,training_point
09:43:44.299,1,-1.465521,1.401387,-2.199617,training_point
09:43:44.299,2,-2.96755,1.497711,-2.208756,training_point
09:43:44.400,1,-1.46589,1.401284,-2.199449,training_point
09:43:44.400,2,-2.967095,1.497904,-2.209209,training_point
09:43:44.482,1,-1.465875,1.400781,-2.199361,training_point
09:43:44.482,2,-2.967543,1.497845,-2.209235,training_point
09:43:44.566,1,-1.466102,1.400699,-2.199632,training_point
09:43:44.566,2,-2.968514,1.497713,-2.209451,training_point
09:43:44.649,1,-1.466353,1.400988,-2.1999,training_point
09:43:44.649,2,-2.968129,1.497719,-2.20958,training_point
09:43:44.732,1,-1.467171,1.401274,-2.200504,training_point
09:43:44.732,2,-2.968269,1.497277,-2.209529,training_point
09:43:44.816,1,-1.467132,1.401121,-2.200464,training_point
09:43:44.816,2,-2.967976,1.497158,-2.209435,training_point
09:43:44.916,1,-1.467254,1.401302,-2.200799,training_point
09:43:44.916,2,-2.968255,1.49713,-2.209865,training_point
09:43:44.999,1,-1.467319,1.401336,-2.20088,training_point
09:43:44.999,2,-2.968479,1.49722,-2.209997,training_point
09:43:45.082,1,-1.467235,1.401291,-2.201181,training_point
09:43:45.082,2,-2.967018,1.497027,-2.209784,training_point
09:43:45.166,1,-1.467107,1.40136,-2.201141,training_point
09:43:45.166,2,-2.966563,1.496782,-2.209734,training_point
09:43:45.249,1,-1.466956,1.401261,-2.201531,training_point
09:43:45.249,2,-2.967318,1.496785,-2.211721,training_point
09:43:45.332,1,-1.467082,1.40117,-2.202351,training_point
09:43:45.333,2,-2.966483,1.497111,-2.211393,training_point
09:43:45.416,1,-1.466715,1.401299,-2.202174,training_point
09:43:45.416,2,-2.966324,1.497034,-2.210903,training_point
09:43:45.500,1,-1.466401,1.401268,-2.202988,training_point
09:43:45.500,2,-2.965715,1.49698,-2.211076,training_point
09:43:45.582,1,-1.466206,1.401429,-2.202239,training_point
09:43:45.582,2,-2.965791,1.497616,-2.210588,training_point
09:43:45.666,1,-1.46589,1.401597,-2.202013,training_point
09:43:45.666,2,-2.966309,1.497395,-2.210782,training_point
09:43:45.817,1,-1.465911,1.401608,-2.201181,training_point
09:43:45.817,2,-2.967655,1.497334,-2.210736,training_point
09:43:45.899,1,-1.465928,1.401589,-2.200968,training_point
09:43:45.899,2,-2.967753,1.497232,-2.210709,training_point
09:43:45.982,1,-1.466183,1.401831,-2.200582,training_point
09:43:45.982,2,-2.966953,1.497221,-2.210093,training_point
09:43:46.066,1,-1.466197,1.401644,-2.200548,training_point
09:43:46.066,2,-2.967336,1.497418,-2.210127,training_point
09:43:46.149,1,-1.466537,1.401937,-2.200583,training_point
09:43:46.149,2,-2.966639,1.497423,-2.209691,training_point
09:43:46.233,1,-1.46691,1.402169,-2.200666,training_point
09:43:46.233,2,-2.96761,1.497058,-2.209079,training_point
09:43:46.316,1,-1.466907,1.402223,-2.200585,training_point
09:43:46.316,2,-2.967588,1.496419,-2.209227,training_point
09:43:46.399,1,-1.467356,1.402166,-2.200272,training_point
09:43:46.399,2,-2.966591,1.496661,-2.208928,training_point
09:43:46.500,1,-1.468076,1.402162,-2.199336,training_point
09:43:46.500,2,-2.966849,1.496428,-2.208701,training_point
09:43:46.582,1,-1.468068,1.402201,-2.199092,training_point
09:43:46.582,2,-2.966513,1.496473,-2.208582,training_point
09:43:46.666,1,-1.468537,1.40217,-2.199011,training_point
09:43:46.666,2,-2.966668,1.496469,-2.208753,training_point
09:43:46.749,1,-1.468783,1.402099,-2.198997,training_point
09:43:46.750,2,-2.967539,1.496251,-2.208356,training_point
09:43:46.832,1,-1.469432,1.401965,-2.198829,training_point
09:43:46.832,2,-2.967084,1.496593,-2.208212,training_point
09:43:46.916,1,-1.469689,1.402033,-2.198673,training_point
09:43:46.916,2,-2.966499,1.495334,-2.207825,training_point
09:43:46.999,1,-1.470161,1.40196,-2.198419,training_point
09:43:46.999,2,-2.966985,1.495203,-2.207577,training_point
09:43:47.082,1,-1.470015,1.401964,-2.198463,training_point
09:43:47.082,2,-2.966628,1.494316,-2.207464,training_point
09:43:47.233,1,-1.470126,1.401992,-2.198525,training_point
09:43:47.234,2,-2.966258,1.495142,-2.207061,training_point
09:43:47.332,1,-1.470452,1.402601,-2.199134,training_point
09:43:47.333,2,-2.968097,1.495688,-2.207002,training_point
09:43:47.416,1,-1.470389,1.402518,-2.199411,training_point
09:43:47.416,2,-2.966699,1.495704,-2.206908,training_point
09:43:47.500,1,-1.470638,1.402508,-2.199264,training_point
09:43:47.500,2,-2.967204,1.495844,-2.20699,training_point
09:43:47.582,1,-1.470552,1.402482,-2.199672,training_point
09:43:47.582,2,-2.967595,1.495898,-2.206765,training_point
09:43:47.734,1,-1.470745,1.40243,-2.200074,training_point
09:43:47.735,2,-2.966461,1.496179,-2.206611,training_point
09:43:47.816,1,-1.470729,1.402551,-2.200121,training_point
09:43:47.816,2,-2.967418,1.496028,-2.206048,training_point
09:43:47.901,1,-1.471257,1.402487,-2.200875,training_point
09:43:47.901,2,-2.966347,1.495627,-2.206204,training_point
09:43:47.982,1,-1.471127,1.402637,-2.201245,training_point
09:43:47.982,2,-2.967112,1.49605,-2.206116,training_point
09:43:48.066,1,-1.470741,1.402336,-2.20144,training_point
09:43:48.066,2,-2.967725,1.496363,-2.206238,training_point
09:43:48.149,1,-1.471299,1.402231,-2.202612,training_point
09:43:48.149,2,-2.967151,1.496544,-2.2063,training_point
09:43:48.232,1,-1.470764,1.402624,-2.20258,training_point
09:43:48.232,2,-2.966712,1.496862,-2.206309,training_point
09:43:48.366,1,-1.471178,1.402308,-2.203073,training_point
09:43:48.366,2,-2.965722,1.49719,-2.207047,training_point
09:43:48.466,1,-1.470823,1.401978,-2.20404,training_point
09:43:48.468,2,-2.96611,1.497211,-2.20686,training_point
09:43:48.549,1,-1.470793,1.402146,-2.204376,training_point
09:43:48.549,2,-2.966489,1.497389,-2.206911,training_point
09:43:48.632,1,-1.471132,1.402051,-2.20486,training_point
09:43:48.632,2,-2.967447,1.497124,-2.20779,training_point
09:43:48.733,1,-1.471271,1.402216,-2.205402,training_point
09:43:48.734,2,-2.967405,1.496771,-2.207595,training_point
09:43:48.816,1,-1.471807,1.402138,-2.206227,training_point
09:43:48.816,2,-2.967177,1.496501,-2.208496,training_point
09:43:48.984,1,-1.471861,1.402007,-2.206659,training_point
09:43:48.984,2,-2.967185,1.496591,-2.20928,training_point
09:43:49.066,1,-1.47265,1.401837,-2.206776,training_point
09:43:49.066,2,-2.967957,1.496713,-2.210177,training_point
09:43:49.216,1,-1.47319,1.402002,-2.206414,training_point
09:43:49.216,2,-2.968309,1.49646,-2.210869,training_point
09:43:49.317,1,-1.473511,1.402198,-2.20664,training_point
09:43:49.317,2,-2.967679,1.496437,-2.21135,training_point
09:43:49.399,1,-1.474113,1.402365,-2.206784,training_point
09:43:49.399,2,-2.967357,1.496372,-2.212004,training_point
09:43:49.483,1,-1.474525,1.402231,-2.206755,training_point
09:43:49.484,2,-2.967928,1.496284,-2.212511,training_point
09:43:49.566,1,-1.475308,1.402399,-2.206731,training_point
09:43:49.566,2,-2.967512,1.496329,-2.212502,training_point
09:43:49.650,1,-1.475459,1.402217,-2.206386,training_point
09:43:49.651,2,-2.969217,1.495988,-2.212747,training_point
09:43:49.732,1,-1.476105,1.402353,-2.206187,training_point
09:43:49.732,2,-2.969906,1.496316,-2.213041,training_point
09:43:49.817,1,-1.47618,1.402377,-2.206056,training_point
09:43:49.817,2,-2.969701,1.497004,-2.212932,training_point
09:43:49.899,1,-1.476725,1.402064,-2.205047,training_point
09:43:49.899,2,-2.969643,1.495731,-2.212715,training_point
09:43:49.982,1,-1.477086,1.402674,-2.204605,training_point
09:43:49.983,2,-2.968162,1.496012,-2.212153,training_point
09:43:50.066,1,-1.477449,1.402827,-2.204482,training_point
09:43:50.066,2,-2.968961,1.496479,-2.212344,training_point
09:43:50.167,1,-1.479596,1.402803,-2.20347,training_point
09:43:50.167,2,-2.969586,1.496933,-2.212363,training_point
09:43:50.266,1,-1.481431,1.402648,-2.202723,training_point
09:43:50.266,2,-2.969162,1.497426,-2.211705,training_point
09:43:50.349,1,-1.484274,1.402596,-2.201198,training_point
09:43:50.349,2,-2.968563,1.49756,-2.211063,training_point
09:43:50.432,1,-1.48668,1.402448,-2.199576,training_point
09:43:50.432,2,-2.968718,1.497456,-2.210791,training_point
09:43:50.516,1,-1.48921,1.402434,-2.19834,training_point
09:43:50.517,2,-2.967858,1.497334,-2.210315,training_point
09:43:50.599,1,-1.49332,1.402336,-2.196652,training_point
09:43:50.599,2,-2.967847,1.497613,-2.209699,training_point
09:43:50.684,1,-1.497305,1.40217,-2.195047,training_point
09:43:50.684,2,-2.967715,1.497183,-2.209633,training_point
09:43:50.766,1,-1.505086,1.402062,-2.193858,training_point
09:43:50.766,2,-2.967415,1.497342,-2.209029,training_point
09:43:50.917,1,-1.515012,1.401943,-2.191083,training_point
09:43:50.917,2,-2.967009,1.497485,-2.208608,training_point
09:43:50.999,1,-1.519333,1.40196,-2.190392,training_point
09:43:50.999,2,-2.967499,1.497659,-2.208841,training_point
09:43:51.100,1,-1.527716,1.401742,-2.187666,training_point
09:43:51.100,2,-2.967743,1.497825,-2.208277,training_point
09:43:51.182,1,-1.533939,1.401789,-2.185411,training_point
09:43:51.182,2,-2.967139,1.498125,-2.207801,training_point
09:43:51.266,1,-1.540181,1.401795,-2.182585,training_point
09:43:51.266,2,-2.967731,1.498121,-2.207902,training_point
09:43:51.349,1,-1.546888,1.401874,-2.17997,training_point
09:43:51.349,2,-2.968948,1.497835,-2.207763,training_point
09:43:51.499,1,-1.558026,1.402362,-2.175424,training_point
09:43:51.499,2,-2.968123,1.497655,-2.207893,training_point
09:43:51.582,1,-1.565183,1.40259,-2.1719,training_point
09:43:51.583,2,-2.968667,1.497764,-2.20823,training_point
09:43:51.666,1,-1.568372,1.402457,-2.170402,training_point
09:43:51.666,2,-2.969034,1.497755,-2.208367,training_point
09:43:51.749,1,-1.573796,1.402776,-2.167105,training_point
09:43:51.749,2,-2.969816,1.497933,-2.208418,training_point
09:43:51.882,1,-1.580506,1.402766,-2.162093,training_point
09:43:51.882,2,-2.97035,1.497874,-2.208259,training_point
09:43:51.966,1,-1.582114,1.402557,-2.161028,training_point
09:43:51.966,2,-2.971247,1.498269,-2.208389,training_point
09:43:52.049,1,-1.584435,1.402396,-2.158839,training_point
09:43:52.049,2,-2.969569,1.49862,-2.208552,training_point
09:43:52.132,1,-1.585186,1.402219,-2.157729,training_point
09:43:52.133,2,-2.969569,1.499315,-2.208554,training_point
09:43:52.250,1,-1.587707,1.402278,-2.15456,training_point
09:43:52.250,2,-2.968654,1.498989,-2.208761,training_point
09:43:52.382,1,-1.589415,1.402429,-2.15175,training_point
09:43:52.383,2,-2.969058,1.500538,-2.209311,training_point
09:43:52.466,1,-1.590675,1.402679,-2.149436,training_point
09:43:52.466,2,-2.969125,1.501321,-2.209454,training_point
09:43:52.550,1,-1.591173,1.40288,-2.148018,training_point
09:43:52.550,2,-2.968867,1.500833,-2.209274,training_point
09:43:52.632,1,-1.591948,1.402539,-2.146831,training_point
09:43:52.632,2,-2.968561,1.502729,-2.209472,training_point
09:43:52.785,1,-1.592396,1.40222,-2.145585,training_point
09:43:52.785,2,-2.967695,1.50327,-2.2095,training_point
09:43:52.866,1,-1.592156,1.402331,-2.144827,training_point
09:43:52.866,2,-2.966985,1.503968,-2.209431,training_point
09:43:52.950,1,-1.592247,1.402539,-2.144656,training_point
09:43:52.950,2,-2.967383,1.504525,-2.20935,training_point
09:43:53.032,1,-1.591969,1.402447,-2.144567,training_point
09:43:53.032,2,-2.970359,1.505818,-2.209046,training_point
09:43:53.183,1,-1.59195,1.402441,-2.143982,training_point
09:43:53.184,2,-2.968634,1.506066,-2.209604,training_point
09:43:53.282,1,-1.591992,1.40248,-2.143861,training_point
09:43:53.283,2,-2.968293,1.503558,-2.210046,training_point
09:43:53.433,1,-1.591897,1.402322,-2.143734,training_point
09:43:53.433,2,-2.967963,1.503352,-2.210576,training_point
09:43:53.583,1,-1.591889,1.402322,-2.14358,training_point
09:43:53.584,2,-2.969333,1.502745,-2.212897,training_point
09:43:53.682,1,-1.591541,1.402312,-2.14352,training_point
09:43:53.682,2,-2.970641,1.50273,-2.215576,training_point
09:43:53.766,1,-1.591341,1.402312,-2.143337,training_point
09:43:53.766,2,-2.970225,1.502092,-2.2161,training_point
09:43:53.849,1,-1.591213,1.402292,-2.142929,training_point
09:43:53.849,2,-2.971959,1.50228,-2.21846,training_point
09:43:53.933,1,-1.591218,1.402449,-2.142791,training_point
09:43:53.934,2,-2.973689,1.502724,-2.218949,training_point
09:43:54.050,1,-1.591153,1.402388,-2.14276,training_point
09:43:54.051,2,-2.974135,1.502918,-2.219264,training_point
09:43:54.150,1,-1.590914,1.402176,-2.142753,training_point
09:43:54.150,2,-2.970655,1.503068,-2.218508,training_point
09:43:54.232,1,-1.590693,1.402357,-2.142788,training_point
09:43:54.233,2,-2.963564,1.502822,-2.216569,training_point
09:43:54.316,1,-1.589641,1.402237,-2.143866,training_point
09:43:54.316,2,-2.957932,1.502906,-2.213641,training_point
09:43:54.399,1,-1.589727,1.402491,-2.143792,training_point
09:43:54.399,2,-2.953994,1.503428,-2.21209,training_point
09:43:54.483,1,-1.589716,1.40239,-2.143642,training_point
09:43:54.484,2,-2.946031,1.50316,-2.208101,training_point
09:43:54.584,1,-1.588099,1.402656,-2.145436,training_point
09:43:54.585,2,-2.939244,1.502962,-2.204545,training_point
09:43:54.666,1,-1.588237,1.402742,-2.145214,training_point
09:43:54.666,2,-2.935236,1.503095,-2.201599,training_point
09:43:54.750,1,-1.588391,1.402727,-2.145145,training_point
09:43:54.750,2,-2.928822,1.503109,-2.199415,training_point
09:43:54.832,1,-1.588669,1.402762,-2.145219,training_point
09:43:54.833,2,-2.91671,1.502779,-2.194262,training_point
09:43:54.966,1,-1.588885,1.403058,-2.145231,training_point
09:43:54.966,2,-2.917654,1.502721,-2.190771,training_point
09:43:55.067,1,-1.589419,1.402918,-2.145232,training_point
09:43:55.067,2,-2.901281,1.502716,-2.176797,training_point
09:43:55.149,1,-1.588773,1.402876,-2.146074,training_point
09:43:55.149,2,-2.901816,1.502725,-2.150442,training_point
09:43:55.233,1,-1.589333,1.402713,-2.146189,training_point
09:43:55.233,2,-2.904175,1.503066,-2.133384,training_point
09:43:55.316,1,-1.589884,1.402975,-2.146317,training_point
09:43:55.316,2,-2.911042,1.502957,-2.108718,training_point
09:43:55.400,1,-1.590185,1.40343,-2.1467,training_point
09:43:55.400,2,-2.913307,1.503004,-2.093827,training_point
09:43:55.500,1,-1.590691,1.403524,-2.147254,training_point
09:43:55.501,2,-2.921512,1.503137,-2.067921,training_point
09:43:55.582,1,-1.591262,1.404962,-2.148176,training_point
09:43:55.583,2,-2.949569,1.503106,-2.03552,training_point
09:43:55.666,1,-1.591004,1.405745,-2.148818,training_point
09:43:55.667,2,-2.952306,1.503238,-2.03004,training_point
09:43:55.749,1,-1.59107,1.406354,-2.150039,training_point
09:43:55.749,2,-2.955606,1.503394,-2.023216,training_point
09:43:55.832,1,-1.590963,1.407712,-2.151076,training_point
09:43:55.833,2,-2.955524,1.503443,-2.019813,training_point
09:43:55.916,1,-1.591067,1.409718,-2.15186,training_point
09:43:55.916,2,-2.952729,1.503247,-2.010306,training_point
09:43:55.999,1,-1.591209,1.411865,-2.152104,training_point
09:43:55.999,2,-2.951765,1.50319,-2.006487,training_point
09:43:56.132,1,-1.591096,1.412198,-2.153674,training_point
09:43:56.133,2,-2.943833,1.50314,-2.001793,training_point
09:43:56.233,1,-1.591077,1.41329,-2.15377,training_point
09:43:56.234,2,-2.930569,1.50311,-2.000618,training_point
09:43:56.333,1,-1.591108,1.413999,-2.154791,training_point
09:43:56.334,2,-2.908075,1.503006,-2.005559,training_point
09:43:56.416,1,-1.591074,1.413966,-2.154748,training_point
09:43:56.416,2,-2.887178,1.503154,-2.01163,training_point
09:43:56.501,1,-1.591157,1.414199,-2.154784,training_point
09:43:56.502,2,-2.868845,1.502919,-2.01742,training_point
09:43:56.600,1,-1.59116,1.414189,-2.154925,training_point
09:43:56.601,2,-2.847542,1.502627,-2.022373,training_point
09:43:56.682,1,-1.590964,1.412907,-2.155087,training_point
09:43:56.683,2,-2.811956,1.502757,-2.031157,training_point
09:43:56.766,1,-1.590593,1.410928,-2.156056,training_point
09:43:56.767,2,-2.797208,1.5026,-2.037207,training_point
09:43:56.866,1,-1.590653,1.410367,-2.156718,training_point
09:43:56.867,2,-2.781463,1.502525,-2.041407,training_point
09:43:56.949,1,-1.589257,1.413952,-2.15779,training_point
09:43:56.949,2,-2.744667,1.502623,-2.050666,training_point
09:43:57.033,1,-1.589273,1.420745,-2.157875,training_point
09:43:57.033,2,-2.725554,1.50253,-2.057904,training_point
09:43:57.116,1,-1.589438,1.423055,-2.15838,training_point
09:43:57.116,2,-2.704851,1.502766,-2.066759,training_point
09:43:57.199,1,-1.589489,1.422052,-2.158575,training_point
09:43:57.199,2,-2.691757,1.502432,-2.073261,training_point
09:43:57.283,1,-1.588565,1.423304,-2.159263,training_point
09:43:57.283,2,-2.678661,1.50274,-2.080709,training_point
09:43:57.384,1,-1.588629,1.42447,-2.159486,training_point
09:43:57.384,2,-2.669157,1.503205,-2.08977,training_point
09:43:57.483,1,-1.588705,1.426022,-2.159599,training_point
09:43:57.484,2,-2.664695,1.503206,-2.093877,training_point
09:43:57.583,1,-1.588551,1.425627,-2.159835,training_point
09:43:57.583,2,-2.662804,1.503637,-2.096659,training_point
09:43:57.666,1,-1.58803,1.425853,-2.160253,training_point
09:43:57.666,2,-2.662775,1.503866,-2.096758,training_point
09:43:57.751,1,-1.587688,1.426132,-2.160694,training_point
09:43:57.751,2,-2.663354,1.50429,-2.096681,training_point
09:43:57.851,1,-1.586698,1.423158,-2.161261,training_point
09:43:57.852,2,-2.670015,1.504442,-2.09419,training_point
09:43:57.933,1,-1.586417,1.419267,-2.161322,training_point
09:43:57.933,2,-2.671987,1.504732,-2.09165,training_point
09:43:58.016,1,-1.586225,1.410971,-2.161298,training_point
09:43:58.016,2,-2.675002,1.504883,-2.08837,training_point
09:43:58.100,1,-1.585139,1.412431,-2.161656,training_point
09:43:58.101,2,-2.679304,1.504841,-2.085276,training_point
09:43:58.183,1,-1.585238,1.41091,-2.161511,training_point
09:43:58.183,2,-2.683544,1.504973,-2.082043,training_point
09:43:58.266,1,-1.585381,1.409478,-2.161388,training_point
09:43:58.266,2,-2.686904,1.50502,-2.079505,training_point
09:43:58.349,1,-1.585047,1.408674,-2.161443,training_point
09:43:58.349,2,-2.692536,1.504908,-2.072576,training_point
09:43:58.433,1,-1.585131,1.410404,-2.161344,training_point
09:43:58.433,2,-2.69131,1.50507,-2.072451,training_point
09:43:58.516,1,-1.585349,1.415118,-2.160869,training_point
09:43:58.516,2,-2.694197,1.504954,-2.068116,training_point
09:43:58.600,1,-1.584872,1.418565,-2.161411,training_point
09:43:58.600,2,-2.695311,1.505451,-2.067139,training_point
09:43:58.700,1,-1.585606,1.422065,-2.161254,training_point
09:43:58.700,2,-2.699626,1.505741,-2.062454,training_point
09:43:58.782,1,-1.586073,1.425585,-2.161326,training_point
09:43:58.783,2,-2.702425,1.505752,-2.060193,training_point
09:43:58.866,1,-1.586078,1.42612,-2.161387,training_point
09:43:58.866,2,-2.702179,1.505977,-2.059758,training_point
09:43:58.949,1,-1.586991,1.429089,-2.160402,training_point
09:43:58.949,2,-2.702809,1.506035,-2.058029,training_point
09:43:59.032,1,-1.586971,1.429858,-2.160534,training_point
09:43:59.033,2,-2.702213,1.506198,-2.058584,training_point
09:43:59.118,1,-1.587469,1.431367,-2.160506,training_point
09:43:59.118,2,-2.703148,1.506028,-2.057717,training_point
09:43:59.217,1,-1.58754,1.431912,-2.160458,training_point
09:43:59.217,2,-2.704123,1.506294,-2.058402,training_point
09:43:59.317,1,-1.58773,1.432073,-2.160503,training_point
09:43:59.317,2,-2.703654,1.506377,-2.059925,training_point
09:43:59.400,1,-1.587917,1.432958,-2.160809,training_point
09:43:59.400,2,-2.703737,1.506274,-2.059976,training_point
09:43:59.500,1,-1.587917,1.43498,-2.160866,training_point
09:43:59.500,2,-2.703633,1.506385,-2.060592,training_point
09:43:59.599,1,-1.587748,1.434974,-2.161089,training_point
09:43:59.599,2,-2.707364,1.506407,-2.059521,training_point
09:43:59.682,1,-1.587487,1.434662,-2.161268,training_point
09:43:59.683,2,-2.7083,1.505877,-2.060413,training_point
09:43:59.766,1,-1.586095,1.434098,-2.162074,training_point
09:43:59.766,2,-2.710103,1.505832,-2.060704,training_point
09:43:59.849,1,-1.586133,1.432876,-2.162257,training_point
09:43:59.849,2,-2.710306,1.506061,-2.062012,training_point
09:43:59.933,1,-1.586056,1.432736,-2.162837,training_point
09:43:59.933,2,-2.711909,1.506096,-2.062232,training_point
09:44:00.016,1,-1.586047,1.430463,-2.162816,training_point
09:44:00.016,2,-2.71146,1.506011,-2.062494,training_point
09:44:00.100,1,-1.585964,1.430366,-2.162862,training_point
09:44:00.100,2,-2.710963,1.506023,-2.062733,training_point
09:44:00.200,1,-1.5858,1.429521,-2.162972,training_point
09:44:00.200,2,-2.714065,1.505779,-2.061726,training_point
09:44:00.299,1,-1.585738,1.429223,-2.163989,training_point
09:44:00.300,2,-2.715813,1.505958,-2.06177,training_point
09:44:00.400,1,-1.585694,1.428465,-2.164438,training_point
09:44:00.400,2,-2.716968,1.505959,-2.061577,training_point
09:44:00.500,1,-1.585677,1.427701,-2.165081,training_point
09:44:00.500,2,-2.718344,1.506051,-2.061805,training_point
09:44:00.582,1,-1.585849,1.428016,-2.165356,training_point
09:44:00.583,2,-2.719198,1.505653,-2.062012,training_point
09:44:00.666,1,-1.586056,1.428321,-2.165754,training_point
09:44:00.666,2,-2.719665,1.505468,-2.062187,training_point
09:44:00.766,1,-1.586094,1.428577,-2.166264,training_point
09:44:00.768,2,-2.72045,1.505343,-2.062342,training_point
09:44:00.849,1,-1.586615,1.429149,-2.166954,training_point
09:44:00.849,2,-2.722138,1.505411,-2.062362,training_point
09:44:00.933,1,-1.586691,1.428948,-2.167413,training_point
09:44:00.933,2,-2.722261,1.505614,-2.062352,training_point
09:44:01.016,1,-1.586639,1.429013,-2.16769,training_point
09:44:01.016,2,-2.722082,1.505498,-2.062366,training_point
09:44:01.099,1,-1.586733,1.42876,-2.168219,training_point
09:44:01.100,2,-2.722054,1.505585,-2.062151,training_point
09:44:01.183,1,-1.587289,1.429048,-2.168493,training_point
09:44:01.183,2,-2.721704,1.505602,-2.062016,training_point
09:44:01.266,1,-1.587876,1.428137,-2.169201,training_point
09:44:01.266,2,-2.72121,1.505862,-2.061722,training_point
09:44:01.399,1,-1.58861,1.427612,-2.169769,training_point
09:44:01.399,2,-2.72075,1.506083,-2.061673,training_point
09:44:01.501,1,-1.589273,1.428259,-2.170791,training_point
09:44:01.502,2,-2.720645,1.506051,-2.061624,training_point
09:44:01.601,1,-1.589537,1.42944,-2.17062,training_point
09:44:01.602,2,-2.720043,1.50603,-2.060897,training_point
09:44:01.701,1,-1.590476,1.430279,-2.171747,training_point
09:44:01.702,2,-2.720026,1.50598,-2.061126,training_point
09:44:01.800,1,-1.590963,1.430924,-2.172113,training_point
09:44:01.801,2,-2.719853,1.506027,-2.060923,training_point
09:44:01.900,1,-1.591649,1.431273,-2.172321,training_point
09:44:01.901,2,-2.719611,1.50606,-2.060803,training_point
09:44:01.982,1,-1.592079,1.431409,-2.172965,training_point
09:44:01.983,2,-2.719513,1.505654,-2.060737,training_point
09:44:02.068,1,-1.592434,1.43175,-2.173428,training_point
09:44:02.068,2,-2.719684,1.505714,-2.060775,training_point
09:44:02.149,1,-1.593105,1.431991,-2.174253,training_point
09:44:02.149,2,-2.719621,1.505762,-2.060695,training_point
09:44:02.233,1,-1.593326,1.432125,-2.174261,training_point
09:44:02.234,2,-2.719394,1.505839,-2.06045,training_point
09:44:02.333,1,-1.593444,1.432292,-2.175251,training_point
09:44:02.334,2,-2.719004,1.505902,-2.060474,training_point
09:44:02.416,1,-1.593716,1.432256,-2.175677,training_point
09:44:02.416,2,-2.718631,1.505903,-2.060399,training_point
09:44:02.517,1,-1.593983,1.432168,-2.176019,training_point
09:44:02.517,2,-2.717079,1.505948,-2.059661,training_point
09:44:02.617,1,-1.594123,1.431953,-2.176988,training_point
09:44:02.617,2,-2.717209,1.506368,-2.060281,training_point
09:44:02.717,1,-1.594025,1.431948,-2.177144,training_point
09:44:02.717,2,-2.717364,1.506314,-2.060245,training_point
09:44:02.799,1,-1.5942,1.432075,-2.177283,training_point
09:44:02.799,2,-2.717669,1.505871,-2.060336,training_point
09:44:02.883,1,-1.594167,1.432002,-2.177453,training_point
09:44:02.884,2,-2.717309,1.505942,-2.060464,training_point
09:44:02.983,1,-1.594034,1.431947,-2.178199,training_point
09:44:02.984,2,-2.717633,1.505878,-2.060676,training_point
09:44:03.066,1,-1.593956,1.431679,-2.178186,training_point
09:44:03.066,2,-2.717202,1.506089,-2.060905,training_point
09:44:03.166,1,-1.59385,1.431865,-2.178387,training_point
09:44:03.166,2,-2.717189,1.50575,-2.060889,training_point
09:44:03.249,1,-1.593956,1.431652,-2.178848,training_point
09:44:03.249,2,-2.716949,1.506094,-2.061246,training_point
09:44:03.350,1,-1.593827,1.431651,-2.178894,training_point
09:44:03.350,2,-2.71647,1.506037,-2.061092,training_point
09:44:03.433,1,-1.593743,1.431555,-2.179637,training_point
09:44:03.433,2,-2.716166,1.506253,-2.061051,training_point
09:44:03.517,1,-1.593691,1.431286,-2.18002,training_point
09:44:03.517,2,-2.716027,1.506396,-2.060983,training_point
09:44:03.617,1,-1.593303,1.431113,-2.180655,training_point
09:44:03.617,2,-2.715927,1.506493,-2.060917,training_point
09:44:03.717,1,-1.592565,1.431173,-2.18214,training_point
09:44:03.717,2,-2.716089,1.506523,-2.060997,training_point
09:44:03.799,1,-1.592375,1.431182,-2.182438,training_point
09:44:03.799,2,-2.716526,1.506489,-2.060871,training_point
09:44:03.900,1,-1.592187,1.431098,-2.182528,training_point
09:44:03.900,2,-2.716268,1.50665,-2.060758,training_point
09:44:03.983,1,-1.592301,1.431258,-2.183126,training_point
09:44:03.983,2,-2.716721,1.506261,-2.060818,training_point
09:44:04.067,1,-1.592922,1.431417,-2.184258,training_point
09:44:04.068,2,-2.716841,1.506522,-2.061014,training_point
09:44:04.149,1,-1.59363,1.431398,-2.186102,training_point
09:44:04.149,2,-2.716888,1.506387,-2.060743,training_point
09:44:04.233,1,-1.594191,1.431518,-2.186719,training_point
09:44:04.233,2,-2.716586,1.506635,-2.060654,training_point
09:44:04.316,1,-1.594618,1.431788,-2.187109,training_point
09:44:04.316,2,-2.7166,1.506653,-2.060632,training_point
09:44:04.418,1,-1.596441,1.431957,-2.188866,training_point
09:44:04.418,2,-2.716122,1.506853,-2.060413,training_point
09:44:04.517,1,-1.596862,1.431918,-2.190299,training_point
09:44:04.517,2,-2.716105,1.507011,-2.060045,training_point
09:44:04.618,1,-1.596782,1.431749,-2.190691,training_point
09:44:04.618,2,-2.715923,1.506964,-2.059977,training_point
09:44:04.717,1,-1.596578,1.431982,-2.19049,training_point
09:44:04.717,2,-2.715955,1.506943,-2.06004,training_point
09:44:04.816,1,-1.595774,1.432083,-2.189364,training_point
09:44:04.817,2,-2.716052,1.507146,-2.059892,training_point
09:44:04.916,1,-1.594517,1.432077,-2.189027,training_point
09:44:04.917,2,-2.719235,1.507043,-2.059722,training_point
09:44:05.017,1,-1.591301,1.431954,-2.187173,training_point
09:44:05.017,2,-2.718787,1.507493,-2.059934,training_point
09:44:05.117,1,-1.585811,1.431965,-2.182699,training_point
09:44:05.117,2,-2.717876,1.507718,-2.059807,training_point
09:44:05.217,1,-1.580966,1.431627,-2.177817,training_point
09:44:05.217,2,-2.718011,1.507881,-2.059974,training_point
09:44:05.317,1,-1.577749,1.431594,-2.1755,training_point
09:44:05.317,2,-2.717931,1.508028,-2.060028,training_point
09:44:05.416,1,-1.573878,1.431658,-2.170996,training_point
09:44:05.416,2,-2.718233,1.507777,-2.060134,training_point
09:44:05.499,1,-1.572963,1.431714,-2.16888,training_point
09:44:05.499,2,-2.71851,1.508109,-2.059897,training_point
09:44:05.583,1,-1.571716,1.431732,-2.166853,training_point
09:44:05.583,2,-2.719329,1.508591,-2.060006,training_point
09:44:05.666,1,-1.570611,1.431833,-2.16481,training_point
09:44:05.667,2,-2.719586,1.508959,-2.060125,training_point
09:44:05.749,1,-1.56999,1.431676,-2.16182,training_point
09:44:05.749,2,-2.719977,1.508872,-2.060211,training_point
09:44:05.833,1,-1.570142,1.431638,-2.16098,training_point
09:44:05.834,2,-2.720065,1.508806,-2.060587,training_point
09:44:05.916,1,-1.569862,1.431477,-2.158888,training_point
09:44:05.916,2,-2.72021,1.508819,-2.060692,training_point
09:44:06.000,1,-1.569131,1.431275,-2.157067,training_point
09:44:06.001,2,-2.722763,1.508942,-2.05979,training_point
09:44:06.083,1,-1.568455,1.431187,-2.154914,training_point
09:44:06.083,2,-2.722417,1.508187,-2.059888,training_point
09:44:06.168,1,-1.567964,1.431436,-2.154275,training_point
09:44:06.168,2,-2.7225,1.508209,-2.060133,training_point
09:44:06.283,1,-1.568074,1.431422,-2.154109,training_point
09:44:06.284,2,-2.721882,1.50832,-2.060429,training_point
09:44:06.366,1,-1.569498,1.431461,-2.154956,training_point
09:44:06.366,2,-2.721388,1.508431,-2.060629,training_point
09:44:06.499,1,-1.570664,1.431495,-2.155836,training_point
09:44:06.500,2,-2.721526,1.509741,-2.061363,training_point
09:44:06.601,1,-1.571313,1.431821,-2.156171,training_point
09:44:06.601,2,-2.721323,1.50959,-2.061324,training_point
09:44:06.683,1,-1.572182,1.431302,-2.156551,training_point
09:44:06.683,2,-2.72165,1.508481,-2.061543,training_point
09:44:06.766,1,-1.572438,1.431453,-2.156847,training_point
09:44:06.767,2,-2.721751,1.506698,-2.061709,training_point
09:44:06.849,1,-1.572488,1.431904,-2.157243,training_point
09:44:06.849,2,-2.721025,1.506066,-2.062338,training_point
09:44:06.933,1,-1.572435,1.431777,-2.1574,training_point
09:44:06.933,2,-2.721734,1.505719,-2.062364,training_point
09:44:07.017,1,-1.572302,1.431831,-2.157482,training_point
09:44:07.017,2,-2.721779,1.507396,-2.062453,training_point
09:44:07.099,1,-1.572022,1.431939,-2.158075,training_point
09:44:07.099,2,-2.721919,1.506903,-2.063309,training_point
09:44:07.199,1,-1.571585,1.431878,-2.158044,training_point
09:44:07.200,2,-2.722012,1.506246,-2.063554,training_point
09:44:07.283,1,-1.570548,1.431606,-2.158386,training_point
09:44:07.283,2,-2.722209,1.506232,-2.063242,training_point
09:44:07.366,1,-1.570081,1.431745,-2.158337,training_point
09:44:07.366,2,-2.722372,1.50701,-2.063259,training_point
09:44:07.450,1,-1.569665,1.43159,-2.158048,training_point
09:44:07.450,2,-2.723026,1.506257,-2.063333,training_point
09:44:07.533,1,-1.568425,1.431956,-2.15714,training_point
09:44:07.533,2,-2.723624,1.505503,-2.063301,training_point
09:44:07.616,1,-1.568045,1.432062,-2.156443,training_point
09:44:07.616,2,-2.723534,1.505714,-2.063323,training_point
09:44:07.699,1,-1.567922,1.431252,-2.156242,training_point
09:44:07.700,2,-2.723687,1.505368,-2.062996,training_point
09:44:07.816,1,-1.567442,1.431303,-2.155037,training_point
09:44:07.817,2,-2.724516,1.50607,-2.062723,training_point
09:44:07.917,1,-1.567123,1.431137,-2.153352,training_point
09:44:07.919,2,-2.727147,1.505736,-2.062625,training_point
09:44:07.999,1,-1.567044,1.431413,-2.153097,training_point
09:44:07.999,2,-2.727202,1.50421,-2.062601,training_point
09:44:08.083,1,-1.567036,1.431643,-2.152942,training_point
09:44:08.083,2,-2.726777,1.504473,-2.062453,training_point
09:44:08.184,1,-1.567195,1.431334,-2.151342,training_point
09:44:08.185,2,-2.726666,1.504811,-2.062508,training_point
09:44:08.317,1,-1.567122,1.431377,-2.150884,training_point
09:44:08.318,2,-2.726902,1.504936,-2.062747,training_point
09:44:08.416,1,-1.567379,1.431324,-2.150018,training_point
09:44:08.416,2,-2.727433,1.505075,-2.063123,training_point
09:44:08.516,1,-1.567475,1.431308,-2.149516,training_point
09:44:08.516,2,-2.729367,1.505392,-2.062576,training_point
09:44:08.599,1,-1.567382,1.431507,-2.149449,training_point
09:44:08.599,2,-2.728549,1.505407,-2.062598,training_point
09:44:08.700,1,-1.567473,1.431306,-2.148761,training_point
09:44:08.701,2,-2.728067,1.505402,-2.062535,training_point
09:44:08.783,1,-1.567502,1.431552,-2.149227,training_point
09:44:08.783,2,-2.728107,1.505543,-2.062749,training_point
09:44:08.866,1,-1.567332,1.431527,-2.149624,training_point
09:44:08.867,2,-2.728518,1.505618,-2.062789,training_point
09:44:08.949,1,-1.566866,1.431541,-2.149873,training_point
09:44:08.949,2,-2.72813,1.505639,-2.062341,training_point
09:44:09.033,1,-1.566727,1.431885,-2.151264,training_point
09:44:09.033,2,-2.727778,1.505482,-2.062358,training_point
09:44:09.117,1,-1.566811,1.432111,-2.151818,training_point
09:44:09.117,2,-2.727365,1.505715,-2.062213,training_point
09:44:09.199,1,-1.566401,1.431907,-2.152164,training_point
09:44:09.199,2,-2.727372,1.505702,-2.06183,training_point
09:44:09.300,1,-1.566381,1.432147,-2.153072,training_point
09:44:09.300,2,-2.727532,1.505831,-2.06198,training_point
09:44:09.383,1,-1.566255,1.432312,-2.153519,training_point
09:44:09.383,2,-2.72741,1.505402,-2.061987,training_point
09:44:09.467,1,-1.566387,1.43254,-2.154207,training_point
09:44:09.468,2,-2.728648,1.505606,-2.062114,training_point
09:44:09.549,1,-1.566312,1.432714,-2.154943,training_point
09:44:09.549,2,-2.728708,1.506128,-2.062145,training_point
09:44:09.650,1,-1.565916,1.43269,-2.154153,training_point
09:44:09.650,2,-2.728412,1.506061,-2.062291,training_point
09:44:09.750,1,-1.565461,1.432932,-2.153822,training_point
09:44:09.750,2,-2.728788,1.50583,-2.062541,training_point
09:44:09.833,1,-1.56485,1.433059,-2.153531,training_point
09:44:09.833,2,-2.730625,1.506473,-2.062606,training_point
09:44:09.918,1,-1.56468,1.433185,-2.15376,training_point
09:44:09.918,2,-2.729678,1.506242,-2.062984,training_point
09:44:09.999,1,-1.56499,1.433263,-2.154207,training_point
09:44:10.000,2,-2.729752,1.506153,-2.06335,training_point
09:44:10.084,1,-1.564926,1.432858,-2.154043,training_point
09:44:10.084,2,-2.729545,1.50615,-2.063359,training_point
09:44:10.184,1,-1.564772,1.432632,-2.153693,training_point
09:44:10.184,2,-2.729559,1.505884,-2.063314,training_point
09:44:10.317,1,-1.564817,1.433036,-2.153907,training_point
09:44:10.317,2,-2.729333,1.505907,-2.06343,training_point
09:44:10.418,1,-1.565122,1.433372,-2.154402,training_point
09:44:10.418,2,-2.729586,1.505709,-2.06518,training_point
09:44:10.517,1,-1.56563,1.43348,-2.154743,training_point
09:44:10.517,2,-2.727782,1.505749,-2.067682,training_point
09:44:10.599,1,-1.565833,1.43341,-2.154795,training_point
09:44:10.600,2,-2.726788,1.505702,-2.068684,training_point
09:44:10.684,1,-1.565714,1.433438,-2.155085,training_point
09:44:10.684,2,-2.724564,1.505844,-2.069055,training_point
09:44:10.784,1,-1.566397,1.433319,-2.156122,training_point
09:44:10.784,2,-2.72565,1.50575,-2.069724,training_point
09:44:10.866,1,-1.566609,1.433624,-2.156915,training_point
09:44:10.866,2,-2.724634,1.505711,-2.069802,training_point
09:44:10.949,1,-1.566677,1.433795,-2.157034,training_point
09:44:10.949,2,-2.724735,1.505764,-2.069881,training_point
09:44:11.033,1,-1.566337,1.433833,-2.156599,training_point
09:44:11.033,2,-2.724248,1.505858,-2.071888,training_point
09:44:11.116,1,-1.566521,1.433875,-2.156864,training_point
09:44:11.116,2,-2.72391,1.505847,-2.072577,training_point
09:44:11.200,1,-1.566498,1.43354,-2.1564,training_point
09:44:11.200,2,-2.723987,1.505652,-2.07229,training_point
09:44:11.283,1,-1.566374,1.433615,-2.156517,training_point
09:44:11.283,2,-2.723107,1.505321,-2.072272,training_point
09:44:11.367,1,-1.566303,1.433618,-2.156568,training_point
09:44:11.368,2,-2.723717,1.505031,-2.07212,training_point
09:44:11.467,1,-1.566135,1.433494,-2.1566,training_point
09:44:11.467,2,-2.724193,1.504809,-2.071458,training_point
09:44:11.567,1,-1.566147,1.43346,-2.156908,training_point
09:44:11.567,2,-2.723596,1.50495,-2.071348,training_point
09:44:11.649,1,-1.566074,1.434214,-2.157688,training_point
09:44:11.649,2,-2.723487,1.504976,-2.070953,training_point
09:44:11.733,1,-1.566274,1.434291,-2.158711,training_point
09:44:11.733,2,-2.724295,1.505116,-2.070797,training_point
09:44:11.816,1,-1.566308,1.434258,-2.158727,training_point
09:44:11.816,2,-2.724232,1.505003,-2.070016,training_point
09:44:11.899,1,-1.566753,1.434562,-2.159525,training_point
09:44:11.899,2,-2.728841,1.505021,-2.070828,training_point
09:44:12.000,1,-1.566951,1.434942,-2.15983,training_point
09:44:12.000,2,-2.727556,1.504783,-2.070327,training_point
09:44:12.083,1,-1.567048,1.432517,-2.160787,training_point
09:44:12.083,2,-2.725797,1.504497,-2.069995,training_point
09:44:12.168,1,-1.567254,1.425469,-2.161125,training_point
09:44:12.169,2,-2.726789,1.504636,-2.070313,training_point
09:44:12.268,1,-1.567145,1.425031,-2.161646,training_point
09:44:12.268,2,-2.725228,1.50477,-2.070515,training_point
09:44:12.367,1,-1.567245,1.426719,-2.162385,training_point
09:44:12.367,2,-2.725055,1.504913,-2.071104,training_point
09:44:12.466,1,-1.567439,1.423092,-2.163218,training_point
09:44:12.466,2,-2.725394,1.504811,-2.071272,training_point
09:44:12.568,1,-1.567685,1.421526,-2.163589,training_point
09:44:12.568,2,-2.725626,1.504849,-2.07217,training_point
09:44:12.667,1,-1.567879,1.420542,-2.164323,training_point
09:44:12.667,2,-2.725274,1.505278,-2.072482,training_point
09:44:12.749,1,-1.567914,1.422517,-2.164756,training_point
09:44:12.750,2,-2.725598,1.504891,-2.072632,training_point
09:44:12.835,1,-1.567479,1.422299,-2.165159,training_point
09:44:12.835,2,-2.726779,1.50493,-2.0721,training_point
09:44:12.916,1,-1.565708,1.421928,-2.164708,training_point
09:44:12.916,2,-2.727414,1.504965,-2.072149,training_point
09:44:13.000,1,-1.565315,1.424032,-2.164717,training_point
09:44:13.000,2,-2.727364,1.505177,-2.07164,training_point
09:44:13.083,1,-1.564043,1.423087,-2.16481,training_point
09:44:13.083,2,-2.727393,1.505306,-2.071683,training_point
09:44:13.167,1,-1.563943,1.421751,-2.165151,training_point
09:44:13.167,2,-2.727539,1.505337,-2.071415,training_point
09:44:13.267,1,-1.562863,1.420201,-2.16517,training_point
09:44:13.267,2,-2.727065,1.505323,-2.071008,training_point
09:44:13.367,1,-1.562909,1.421212,-2.165665,training_point
09:44:13.367,2,-2.727336,1.505095,-2.070025,training_point
09:44:13.468,1,-1.56134,1.420816,-2.165902,training_point
09:44:13.468,2,-2.727446,1.505123,-2.070231,training_point
09:44:13.549,1,-1.561801,1.420128,-2.166421,training_point
09:44:13.550,2,-2.726107,1.504759,-2.069487,training_point
09:44:13.633,1,-1.561983,1.418323,-2.166754,training_point
09:44:13.634,2,-2.725413,1.504826,-2.069599,training_point
09:44:13.716,1,-1.560124,1.418542,-2.166317,training_point
09:44:13.716,2,-2.725085,1.505016,-2.069706,training_point
09:44:13.801,1,-1.560271,1.420367,-2.16657,training_point
09:44:13.801,2,-2.724754,1.505119,-2.069545,training_point
09:44:13.900,1,-1.560359,1.421481,-2.16689,training_point
09:44:13.901,2,-2.723978,1.505228,-2.070161,training_point
09:44:13.983,1,-1.559142,1.423725,-2.167066,training_point
09:44:13.983,2,-2.723711,1.505214,-2.070517,training_point
09:44:14.067,1,-1.558546,1.424972,-2.167397,training_point
09:44:14.067,2,-2.723426,1.505191,-2.070898,training_point
09:44:14.149,1,-1.557705,1.422967,-2.168132,training_point
09:44:14.149,2,-2.722355,1.505378,-2.071269,training_point
09:44:14.300,1,-1.558614,1.425334,-2.169402,training_point
09:44:14.301,2,-2.721507,1.505256,-2.071499,training_point
09:44:14.383,1,-1.558943,1.426248,-2.169514,training_point
09:44:14.383,2,-2.720804,1.505149,-2.072114,training_point
09:44:14.484,1,-1.558783,1.425166,-2.169744,training_point
09:44:14.484,2,-2.722133,1.504735,-2.072753,training_point
09:44:14.566,1,-1.559101,1.422718,-2.169724,training_point
09:44:14.566,2,-2.721763,1.504486,-2.073084,training_point
09:44:14.649,1,-1.559096,1.423823,-2.169567,training_point
09:44:14.650,2,-2.722257,1.504154,-2.072731,training_point
09:44:14.733,1,-1.559132,1.424204,-2.170528,training_point
09:44:14.733,2,-2.722095,1.504094,-2.073679,training_point
09:44:14.818,1,-1.559471,1.423322,-2.169886,training_point
09:44:14.818,2,-2.722339,1.504028,-2.074167,training_point
09:44:14.899,1,-1.559657,1.423228,-2.169893,training_point
09:44:14.900,2,-2.723113,1.504384,-2.074833,training_point
09:44:15.000,1,-1.559607,1.423056,-2.169619,training_point
09:44:15.001,2,-2.723667,1.504177,-2.073976,training_point
09:44:15.083,1,-1.558734,1.420897,-2.168249,training_point
09:44:15.083,2,-2.723704,1.505695,-2.073258,training_point
09:44:15.185,1,-1.558788,1.420623,-2.168004,training_point
09:44:15.185,2,-2.725051,1.505398,-2.074648,training_point
09:44:15.300,1,-1.559314,1.423868,-2.167579,training_point
09:44:15.301,2,-2.725656,1.504885,-2.074786,training_point
09:44:15.383,1,-1.560062,1.424613,-2.167304,training_point
09:44:15.383,2,-2.725951,1.504771,-2.075197,training_point
09:44:15.483,1,-1.560723,1.425335,-2.167125,training_point
09:44:15.483,2,-2.725394,1.504486,-2.075224,training_point
09:44:15.566,1,-1.561026,1.4255,-2.167022,training_point
09:44:15.566,2,-2.725039,1.504074,-2.075066,training_point
09:44:15.650,1,-1.561075,1.426261,-2.166964,training_point
09:44:15.651,2,-2.725693,1.504277,-2.072704,training_point
09:44:15.733,1,-1.560989,1.423604,-2.16705,training_point
09:44:15.733,2,-2.727623,1.504584,-2.074854,training_point
09:44:15.817,1,-1.561227,1.42405,-2.167016,training_point
09:44:15.817,2,-2.727142,1.504202,-2.074921,training_point
09:44:15.918,1,-1.561738,1.426397,-2.167004,training_point
09:44:15.918,2,-2.726413,1.503231,-2.07534,training_point
09:44:15.999,1,-1.561615,1.423675,-2.166981,training_point
09:44:16.000,2,-2.724027,1.503347,-2.074948,training_point
09:44:16.085,1,-1.561753,1.423635,-2.167026,training_point
09:44:16.085,2,-2.71998,1.503409,-2.074038,training_point
09:44:16.166,1,-1.560778,1.424955,-2.166175,training_point
09:44:16.166,2,-2.713762,1.503429,-2.071715,training_point
09:44:16.250,1,-1.560558,1.426942,-2.166128,training_point
09:44:16.251,2,-2.712495,1.503413,-2.06946,training_point
09:44:16.333,1,-1.56011,1.426147,-2.165991,training_point
09:44:16.333,2,-2.710873,1.502815,-2.067026,training_point
09:44:16.417,1,-1.560228,1.428181,-2.165993,training_point
09:44:16.417,2,-2.710583,1.503047,-2.066149,training_point
09:44:16.517,1,-1.556779,1.428531,-2.165952,training_point
09:44:16.517,2,-2.711047,1.503123,-2.063201,training_point
09:44:16.600,1,-1.55444,1.427091,-2.165749,training_point
09:44:16.600,2,-2.709582,1.503191,-2.05618,training_point
09:44:16.683,1,-1.554127,1.430834,-2.166079,training_point
09:44:16.683,2,-2.708584,1.502838,-2.053562,training_point
09:44:16.767,1,-1.552634,1.428956,-2.166251,training_point
09:44:16.767,2,-2.707053,1.503349,-2.050575,training_point
09:44:16.849,1,-1.550748,1.425215,-2.166403,training_point
09:44:16.850,2,-2.706593,1.503227,-2.047183,training_point
09:44:17.000,1,-1.549023,1.425326,-2.166496,training_point
09:44:17.001,2,-2.70619,1.503481,-2.044866,training_point
09:44:17.083,1,-1.54697,1.425062,-2.167172,training_point
09:44:17.083,2,-2.707567,1.503401,-2.045193,training_point
09:44:17.184,1,-1.545698,1.426476,-2.167847,training_point
09:44:17.184,2,-2.708364,1.503463,-2.044667,training_point
09:44:17.266,1,-1.544907,1.431303,-2.167888,training_point
09:44:17.266,2,-2.708871,1.503545,-2.044734,training_point
09:44:17.349,1,-1.544269,1.422143,-2.168062,training_point
09:44:17.350,2,-2.710802,1.50342,-2.045964,training_point
09:44:17.502,1,-1.543871,1.426039,-2.168582,training_point
09:44:17.502,2,-2.712263,1.503467,-2.046712,training_point
09:44:17.583,1,-1.543524,1.427539,-2.16848,training_point
09:44:17.583,2,-2.71366,1.503556,-2.047239,training_point
09:44:17.667,1,-1.543291,1.428754,-2.168739,training_point
09:44:17.667,2,-2.715467,1.503762,-2.048715,training_point
09:44:17.749,1,-1.543425,1.429332,-2.169195,training_point
09:44:17.750,2,-2.716011,1.503494,-2.049426,training_point
09:44:17.834,1,-1.543679,1.429176,-2.170166,training_point
09:44:17.834,2,-2.716393,1.503863,-2.04962,training_point
09:44:17.916,1,-1.543608,1.430107,-2.170211,training_point
09:44:17.916,2,-2.716788,1.504067,-2.050265,training_point
09:44:18.001,1,-1.543691,1.429093,-2.17043,training_point
09:44:18.002,2,-2.716475,1.504145,-2.050642,training_point
09:44:18.100,1,-1.543399,1.429829,-2.170632,training_point
09:44:18.101,2,-2.716809,1.504024,-2.052235,training_point
09:44:18.183,1,-1.543486,1.429538,-2.171522,training_point
09:44:18.183,2,-2.716419,1.503268,-2.054001,training_point
09:44:18.268,1,-1.543667,1.429561,-2.171726,training_point
09:44:18.268,2,-2.716138,1.502856,-2.054332,training_point
09:44:18.349,1,-1.544291,1.429282,-2.172879,training_point
09:44:18.349,2,-2.714844,1.502136,-2.056852,training_point
09:44:18.483,1,-1.544599,1.42904,-2.174547,training_point
09:44:18.483,2,-2.713958,1.502965,-2.058475,training_point
09:44:18.567,1,-1.544616,1.428842,-2.175285,training_point
09:44:18.568,2,-2.713896,1.503184,-2.059068,training_point
09:44:18.667,1,-1.54484,1.428887,-2.176227,training_point
09:44:18.667,2,-2.71226,1.50316,-2.061108,training_point
09:44:18.766,1,-1.545121,1.427987,-2.177408,training_point
09:44:18.766,2,-2.710862,1.50228,-2.062508,training_point
09:44:18.849,1,-1.545386,1.428437,-2.178073,training_point
09:44:18.850,2,-2.710681,1.502046,-2.062695,training_point
09:44:19.017,1,-1.546258,1.428738,-2.178689,training_point
09:44:19.017,2,-2.709634,1.502516,-2.064086,training_point
09:44:19.099,1,-1.546387,1.428796,-2.178585,training_point
09:44:19.100,2,-2.709203,1.50336,-2.064622,training_point
09:44:19.183,1,-1.546511,1.429288,-2.178656,training_point
09:44:19.183,2,-2.709157,1.503024,-2.065064,training_point
09:44:19.266,1,-1.546669,1.429049,-2.177864,training_point
09:44:19.266,2,-2.709181,1.503465,-2.065193,training_point
09:44:19.399,1,-1.546754,1.429147,-2.177343,training_point
09:44:19.399,2,-2.70833,1.503599,-2.066015,training_point
09:44:19.500,1,-1.54673,1.429733,-2.176992,training_point
09:44:19.501,2,-2.70801,1.50311,-2.066569,training_point
09:44:19.600,1,-1.54667,1.429415,-2.176588,training_point
09:44:19.601,2,-2.706916,1.502323,-2.067878,training_point
09:44:19.700,1,-1.546993,1.429494,-2.17515,training_point
09:44:19.701,2,-2.706895,1.502544,-2.068027,training_point
09:44:19.783,1,-1.547236,1.429146,-2.174567,training_point
09:44:19.783,2,-2.706888,1.502357,-2.068621,training_point
09:44:19.866,1,-1.547071,1.429168,-2.174021,training_point
09:44:19.866,2,-2.706922,1.502519,-2.068823,training_point
09:44:19.952,1,-1.546923,1.429238,-2.173131,training_point
09:44:19.952,2,-2.707175,1.502582,-2.068936,training_point
09:44:20.033,1,-1.546988,1.429299,-2.172503,training_point
09:44:20.033,2,-2.707462,1.502661,-2.069307,training_point
09:44:20.117,1,-1.547014,1.429354,-2.172343,training_point
09:44:20.117,2,-2.707311,1.502274,-2.069637,training_point
09:44:20.199,1,-1.546833,1.428704,-2.171341,training_point
09:44:20.200,2,-2.707603,1.502369,-2.069635,training_point
09:44:20.285,1,-1.54655,1.428148,-2.170852,training_point
09:44:20.285,2,-2.707287,1.502694,-2.069892,training_point
09:44:20.384,1,-1.546431,1.428393,-2.170374,training_point
09:44:20.384,2,-2.706969,1.503313,-2.069908,training_point
09:44:20.466,1,-1.54667,1.427832,-2.16927,training_point
09:44:20.466,2,-2.707253,1.503135,-2.06976,training_point
09:44:20.549,1,-1.546457,1.427192,-2.168336,training_point
09:44:20.550,2,-2.707421,1.503486,-2.069504,training_point
09:44:20.633,1,-1.546188,1.427253,-2.167736,training_point
09:44:20.633,2,-2.707742,1.50358,-2.069347,training_point
09:44:20.716,1,-1.545977,1.427388,-2.167739,training_point
09:44:20.716,2,-2.707606,1.504069,-2.069655,training_point
09:44:20.800,1,-1.545557,1.427675,-2.16738,training_point
09:44:20.800,2,-2.707729,1.503895,-2.069376,training_point
09:44:20.883,1,-1.545423,1.42777,-2.167309,training_point
09:44:20.883,2,-2.708173,1.504192,-2.069306,training_point
09:44:20.967,1,-1.545157,1.427806,-2.167242,training_point
09:44:20.967,2,-2.708697,1.504275,-2.069098,training_point
09:44:21.100,1,-1.544806,1.427663,-2.166963,training_point
09:44:21.101,2,-2.708931,1.504016,-2.068704,training_point
09:44:21.200,1,-1.544643,1.427601,-2.167107,training_point
09:44:21.200,2,-2.709646,1.50421,-2.068452,training_point
09:44:21.302,1,-1.544353,1.426557,-2.167543,training_point
09:44:21.302,2,-2.710237,1.504279,-2.06832,training_point
09:44:21.400,1,-1.54393,1.427058,-2.168308,training_point
09:44:21.401,2,-2.710456,1.504566,-2.068476,training_point
09:44:21.483,1,-1.543714,1.427251,-2.168833,training_point
09:44:21.483,2,-2.711237,1.504764,-2.068734,training_point
09:44:21.567,1,-1.54354,1.427217,-2.169023,training_point
09:44:21.569,2,-2.71191,1.504687,-2.068754,training_point
09:44:21.649,1,-1.543484,1.427279,-2.169086,training_point
09:44:21.650,2,-2.712185,1.504626,-2.068803,training_point
09:44:21.800,1,-1.54303,1.427693,-2.16968,training_point
09:44:21.801,2,-2.712103,1.504555,-2.069874,training_point
09:44:21.883,1,-1.542807,1.427884,-2.169868,training_point
09:44:21.883,2,-2.712044,1.50443,-2.070195,training_point
09:44:21.967,1,-1.542901,1.427898,-2.16954,training_point
09:44:21.967,2,-2.711882,1.504176,-2.070487,training_point
09:44:22.050,1,-1.542609,1.428005,-2.169517,training_point
09:44:22.050,2,-2.711021,1.504429,-2.071089,training_point
09:44:22.133,1,-1.542473,1.427988,-2.169335,training_point
09:44:22.133,2,-2.710859,1.504301,-2.071796,training_point
09:44:22.283,1,-1.542657,1.427787,-2.168941,training_point
09:44:22.283,2,-2.709861,1.504375,-2.072266,training_point
09:44:22.366,1,-1.542422,1.427884,-2.168753,training_point
09:44:22.366,2,-2.710612,1.504554,-2.072833,training_point
09:44:22.449,1,-1.542321,1.428007,-2.168595,training_point
09:44:22.450,2,-2.710686,1.504451,-2.073209,training_point
09:44:22.601,1,-1.541958,1.427888,-2.168614,training_point
09:44:22.602,2,-2.711253,1.504268,-2.073713,training_point
09:44:22.683,1,-1.541369,1.427899,-2.167843,training_point
09:44:22.683,2,-2.711677,1.504125,-2.074391,training_point
09:44:22.767,1,-1.541092,1.42761,-2.167387,training_point
09:44:22.767,2,-2.71254,1.504316,-2.074196,training_point
09:44:22.850,1,-1.540525,1.427681,-2.1671,training_point
09:44:22.850,2,-2.712795,1.504542,-2.075534,training_point
09:44:22.934,1,-1.540377,1.427705,-2.167012,training_point
09:44:22.934,2,-2.712392,1.504691,-2.07629,training_point
09:44:23.016,1,-1.539186,1.427706,-2.166454,training_point
09:44:23.016,2,-2.712582,1.504719,-2.076633,training_point
09:44:23.100,1,-1.538804,1.427767,-2.166254,training_point
09:44:23.101,2,-2.712956,1.504225,-2.07656,training_point
09:44:23.183,1,-1.537471,1.427786,-2.165652,training_point
09:44:23.183,2,-2.712854,1.503996,-2.077327,training_point
09:44:23.284,1,-1.536281,1.427454,-2.165361,training_point
09:44:23.284,2,-2.712323,1.504184,-2.077185,training_point
09:44:23.366,1,-1.534877,1.427669,-2.165,training_point
09:44:23.366,2,-2.710959,1.504335,-2.07788,training_point
09:44:23.450,1,-1.534436,1.427626,-2.165043,training_point
09:44:23.451,2,-2.711069,1.504146,-2.0773,training_point
09:44:23.550,1,-1.532185,1.427261,-2.164514,training_point
09:44:23.551,2,-2.710759,1.503966,-2.076926,training_point
09:44:23.633,1,-1.530154,1.427225,-2.165117,training_point
09:44:23.633,2,-2.71049,1.504427,-2.076127,training_point
09:44:23.717,1,-1.528108,1.427021,-2.165082,training_point
09:44:23.717,2,-2.710548,1.504561,-2.075377,training_point
09:44:23.800,1,-1.526471,1.426256,-2.165787,training_point
09:44:23.800,2,-2.710287,1.50448,-2.075209,training_point
09:44:23.883,1,-1.524862,1.426152,-2.166049,training_point
09:44:23.883,2,-2.709163,1.504507,-2.075727,training_point
09:44:23.966,1,-1.52305,1.426003,-2.166207,training_point
09:44:23.966,2,-2.708456,1.504516,-2.075594,training_point
09:44:24.050,1,-1.523025,1.426137,-2.166167,training_point
09:44:24.051,2,-2.708318,1.504527,-2.075733,training_point
09:44:24.133,1,-1.522792,1.426417,-2.166166,training_point
09:44:24.133,2,-2.707506,1.503555,-2.075744,training_point
09:44:24.283,1,-1.522744,1.426668,-2.166124,training_point
09:44:24.283,2,-2.706037,1.503497,-2.075678,training_point
09:44:24.366,1,-1.522663,1.427055,-2.166233,training_point
09:44:24.366,2,-2.704837,1.503556,-2.075759,training_point
09:44:24.500,1,-1.522444,1.427358,-2.166536,training_point
09:44:24.500,2,-2.706045,1.503454,-2.074894,training_point
09:44:24.600,1,-1.52251,1.427066,-2.166639,training_point
09:44:24.601,2,-2.705288,1.503567,-2.075318,training_point
09:44:24.683,1,-1.52245,1.42706,-2.166727,training_point
09:44:24.684,2,-2.705433,1.504121,-2.075067,training_point
09:44:24.785,1,-1.52258,1.427232,-2.1672,training_point
09:44:24.785,2,-2.704815,1.503636,-2.074719,training_point
09:44:24.883,1,-1.522815,1.427372,-2.167481,training_point
09:44:24.884,2,-2.705003,1.504099,-2.074063,training_point
09:44:24.966,1,-1.522517,1.427055,-2.169906,training_point
09:44:24.966,2,-2.705362,1.504218,-2.073761,training_point
09:44:25.051,1,-1.522118,1.426989,-2.172548,training_point
09:44:25.052,2,-2.704405,1.503869,-2.073975,training_point
09:44:25.133,1,-1.522281,1.425999,-2.172574,training_point
09:44:25.133,2,-2.70341,1.503657,-2.073304,training_point
09:44:25.216,1,-1.522822,1.426314,-2.173178,training_point
09:44:25.216,2,-2.702636,1.503921,-2.072966,training_point
09:44:25.300,1,-1.522878,1.426585,-2.173171,training_point
09:44:25.300,2,-2.702216,1.503597,-2.072768,training_point
09:44:25.383,1,-1.523194,1.426243,-2.173364,training_point
09:44:25.384,2,-2.70233,1.503426,-2.072539,training_point
09:44:25.466,1,-1.523423,1.426137,-2.173468,training_point
09:44:25.466,2,-2.701845,1.503029,-2.07218,training_point
09:44:25.550,1,-1.523727,1.426126,-2.173736,training_point
09:44:25.551,2,-2.701955,1.502727,-2.07219,training_point
09:44:25.633,1,-1.524023,1.425801,-2.173927,training_point
09:44:25.633,2,-2.701871,1.502653,-2.071993,training_point
09:44:25.717,1,-1.523926,1.42526,-2.175067,training_point
09:44:25.717,2,-2.701939,1.502834,-2.071725,training_point
09:44:25.817,1,-1.523758,1.424818,-2.175237,training_point
09:44:25.817,2,-2.703689,1.503103,-2.0712,training_point
09:44:26.017,1,-1.524008,1.424954,-2.174947,training_point
09:44:26.017,2,-2.704052,1.503156,-2.071267,training_point
09:44:26.116,1,-1.524266,1.425028,-2.174319,training_point
09:44:26.116,2,-2.704509,1.503068,-2.071009,training_point
09:44:26.266,1,-1.52421,1.424825,-2.173391,training_point
09:44:26.267,2,-2.704486,1.50323,-2.071083,training_point
09:44:26.350,1,-1.524348,1.425571,-2.172934,training_point
09:44:26.350,2,-2.70484,1.503267,-2.071097,training_point
09:44:26.433,1,-1.524221,1.425675,-2.173085,training_point
09:44:26.433,2,-2.705057,1.503318,-2.071242,training_point
09:44:26.516,1,-1.524242,1.425889,-2.17253,training_point
09:44:26.516,2,-2.705495,1.503391,-2.071086,training_point
09:44:26.600,1,-1.524223,1.426074,-2.171954,training_point
09:44:26.600,2,-2.705458,1.503471,-2.071082,training_point
09:44:26.683,1,-1.523964,1.426041,-2.171573,training_point
09:44:26.683,2,-2.705348,1.50376,-2.070731,training_point
09:44:26.766,1,-1.524194,1.426175,-2.171431,training_point
09:44:26.767,2,-2.704815,1.503499,-2.07045,training_point
09:44:26.850,1,-1.52443,1.426023,-2.171227,training_point
09:44:26.850,2,-2.705622,1.503596,-2.070026,training_point
09:44:26.933,1,-1.524526,1.426536,-2.171252,training_point
09:44:26.933,2,-2.706985,1.503751,-2.070081,training_point
09:44:27.017,1,-1.524735,1.426768,-2.171252,training_point
09:44:27.017,2,-2.706979,1.503742,-2.06982,training_point
09:44:27.100,1,-1.524843,1.426781,-2.171225,training_point
09:44:27.100,2,-2.706872,1.503857,-2.070288,training_point
09:44:27.184,1,-1.524876,1.427091,-2.171686,training_point
09:44:27.184,2,-2.706812,1.503844,-2.070483,training_point
09:44:27.266,1,-1.524941,1.427191,-2.171599,training_point
09:44:27.267,2,-2.706063,1.503773,-2.071056,training_point
09:44:27.351,1,-1.525137,1.427112,-2.171582,training_point
09:44:27.351,2,-2.706072,1.503692,-2.071194,training_point
09:44:27.433,1,-1.525338,1.427251,-2.171501,training_point
09:44:27.433,2,-2.706187,1.503444,-2.071394,training_point
09:44:27.517,1,-1.525375,1.427188,-2.171489,training_point
09:44:27.517,2,-2.705666,1.503803,-2.071648,training_point
09:44:27.600,1,-1.525511,1.427359,-2.171403,training_point
09:44:27.600,2,-2.705375,1.503825,-2.072371,training_point
09:44:27.684,1,-1.52554,1.42763,-2.171391,training_point
09:44:27.685,2,-2.705389,1.503998,-2.072594,training_point
09:44:27.784,1,-1.525686,1.427785,-2.17145,training_point
09:44:27.784,2,-2.704927,1.504009,-2.073125,training_point
09:44:27.866,1,-1.525741,1.427386,-2.171336,training_point
09:44:27.867,2,-2.704984,1.503866,-2.073403,training_point
09:44:27.950,1,-1.525731,1.427703,-2.171368,training_point
09:44:27.951,2,-2.705241,1.503783,-2.073587,training_point
09:44:28.033,1,-1.525905,1.427843,-2.171202,training_point
09:44:28.033,2,-2.705473,1.504079,-2.073764,training_point
09:44:28.184,1,-1.525835,1.428359,-2.1711,training_point
09:44:28.184,2,-2.705371,1.504039,-2.074092,training_point
09:44:28.266,1,-1.525783,1.428401,-2.171112,training_point
09:44:28.267,2,-2.705348,1.503889,-2.07433,training_point
09:44:28.350,1,-1.525688,1.428103,-2.171199,training_point
09:44:28.350,2,-2.705834,1.503999,-2.074633,training_point
09:44:28.433,1,-1.525726,1.428377,-2.171321,training_point
09:44:28.433,2,-2.70674,1.503948,-2.0746,training_point
09:44:28.517,1,-1.525525,1.429024,-2.171303,training_point
09:44:28.518,2,-2.706524,1.503909,-2.074702,training_point
09:44:28.600,1,-1.525083,1.429111,-2.171575,training_point
09:44:28.600,2,-2.707021,1.50394,-2.074832,training_point
09:44:28.684,1,-1.524633,1.428704,-2.171271,training_point
09:44:28.684,2,-2.706915,1.503865,-2.075221,training_point
09:44:28.766,1,-1.522781,1.428089,-2.171369,training_point
09:44:28.766,2,-2.709615,1.50399,-2.075078,training_point
09:44:28.850,1,-1.522881,1.42812,-2.171309,training_point
09:44:28.851,2,-2.710329,1.504057,-2.075268,training_point
09:44:28.933,1,-1.522743,1.427737,-2.171396,training_point
09:44:28.933,2,-2.709667,1.504073,-2.0752,training_point
09:44:29.017,1,-1.522556,1.427414,-2.171634,training_point
09:44:29.017,2,-2.709625,1.504133,-2.074705,training_point
09:44:29.100,1,-1.522524,1.427455,-2.171738,training_point
09:44:29.100,2,-2.70929,1.504135,-2.074642,training_point
09:44:29.184,1,-1.520738,1.427591,-2.173017,training_point
09:44:29.184,2,-2.709539,1.50421,-2.074054,training_point
09:44:29.266,1,-1.520842,1.427862,-2.173313,training_point
09:44:29.267,2,-2.709449,1.504136,-2.074174,training_point
09:44:29.350,1,-1.520791,1.428077,-2.173641,training_point
09:44:29.350,2,-2.710356,1.504066,-2.072734,training_point
09:44:29.433,1,-1.520823,1.428188,-2.173898,training_point
09:44:29.433,2,-2.71039,1.504066,-2.072247,training_point
09:44:29.516,1,-1.519286,1.427949,-2.175756,training_point
09:44:29.516,2,-2.711262,1.504088,-2.071553,training_point
09:44:29.600,1,-1.519498,1.427558,-2.17609,training_point
09:44:29.600,2,-2.711363,1.504264,-2.071442,training_point
09:44:29.683,1,-1.51729,1.427586,-2.178784,training_point
09:44:29.683,2,-2.712233,1.504178,-2.071087,training_point
09:44:29.767,1,-1.515857,1.42734,-2.18049,training_point
09:44:29.767,2,-2.713596,1.50412,-2.071269,training_point
09:44:29.850,1,-1.515267,1.427558,-2.182041,training_point
09:44:29.850,2,-2.714262,1.504092,-2.07094,training_point
09:44:29.934,1,-1.514863,1.427079,-2.182891,training_point
09:44:29.934,2,-2.714316,1.504058,-2.070457,training_point
09:44:30.016,1,-1.514005,1.427139,-2.184204,training_point
09:44:30.016,2,-2.715277,1.504197,-2.070249,training_point
09:44:30.100,1,-1.513695,1.427168,-2.184771,training_point
09:44:30.101,2,-2.715678,1.504233,-2.070758,training_point
09:44:30.183,1,-1.513838,1.427141,-2.184241,training_point
09:44:30.183,2,-2.717452,1.504196,-2.070508,training_point
09:44:30.316,1,-1.512761,1.427282,-2.185384,training_point
09:44:30.316,2,-2.719314,1.504284,-2.070778,training_point
09:44:30.400,1,-1.511566,1.426686,-2.186087,training_point
09:44:30.401,2,-2.719436,1.504289,-2.071331,training_point
09:44:30.483,1,-1.510561,1.426721,-2.1861,training_point
09:44:30.483,2,-2.719422,1.504316,-2.071189,training_point
09:44:30.567,1,-1.509175,1.426902,-2.1864,training_point
09:44:30.568,2,-2.71983,1.504168,-2.07102,training_point
09:44:30.650,1,-1.508568,1.427225,-2.187244,training_point
09:44:30.650,2,-2.719871,1.504184,-2.071955,training_point
09:44:30.800,1,-1.508149,1.427306,-2.187455,training_point
09:44:30.801,2,-2.720294,1.504751,-2.072241,training_point
09:44:30.883,1,-1.50742,1.427402,-2.187457,training_point
09:44:30.883,2,-2.720207,1.504867,-2.072461,training_point
09:44:30.967,1,-1.507324,1.427163,-2.18747,training_point
09:44:30.967,2,-2.72025,1.505024,-2.072415,training_point
09:44:31.050,1,-1.507607,1.427106,-2.185988,training_point
09:44:31.050,2,-2.720275,1.505043,-2.072205,training_point
09:44:31.134,1,-1.507599,1.427046,-2.185994,training_point
09:44:31.134,2,-2.720269,1.50538,-2.072289,training_point
09:44:31.216,1,-1.508566,1.426607,-2.184129,training_point
09:44:31.216,2,-2.72026,1.505245,-2.072103,training_point
09:44:31.300,1,-1.509397,1.426555,-2.182598,training_point
09:44:31.301,2,-2.719785,1.50537,-2.072205,training_point
09:44:31.383,1,-1.50988,1.426669,-2.181273,training_point
09:44:31.383,2,-2.719447,1.504866,-2.072327,training_point
09:44:31.467,1,-1.510302,1.426565,-2.180962,training_point
09:44:31.467,2,-2.719483,1.504667,-2.072659,training_point
09:44:31.550,1,-1.509494,1.426839,-2.180984,training_point
09:44:31.550,2,-2.718923,1.504733,-2.072685,training_point
09:44:31.634,1,-1.509535,1.426452,-2.180269,training_point
09:44:31.634,2,-2.718427,1.504594,-2.073061,training_point
09:44:31.717,1,-1.509934,1.426337,-2.179026,training_point
09:44:31.717,2,-2.718075,1.504304,-2.073106,training_point
09:44:31.800,1,-1.510548,1.426163,-2.178267,training_point
09:44:31.801,2,-2.717565,1.504496,-2.073559,training_point
09:44:31.883,1,-1.510328,1.426396,-2.177862,training_point
09:44:31.884,2,-2.717708,1.504522,-2.074341,training_point
09:44:31.966,1,-1.510347,1.426088,-2.177678,training_point
09:44:31.967,2,-2.717516,1.504118,-2.074225,training_point
09:44:32.050,1,-1.51211,1.426049,-2.175933,training_point
09:44:32.050,2,-2.717293,1.504076,-2.074594,training_point
09:44:32.133,1,-1.512817,1.426164,-2.174862,training_point
09:44:32.133,2,-2.717254,1.503904,-2.07472,training_point
09:44:32.216,1,-1.515146,1.426278,-2.171814,training_point
09:44:32.217,2,-2.716823,1.503898,-2.074865,training_point
09:44:32.300,1,-1.517381,1.426014,-2.169767,training_point
09:44:32.300,2,-2.715796,1.504024,-2.074566,training_point
09:44:32.383,1,-1.518205,1.425979,-2.169429,training_point
09:44:32.384,2,-2.715537,1.504046,-2.074749,training_point
09:44:32.484,1,-1.520564,1.425986,-2.167966,training_point
09:44:32.484,2,-2.715327,1.504065,-2.074929,training_point
09:44:32.566,1,-1.52294,1.426056,-2.167028,training_point
09:44:32.566,2,-2.715226,1.50397,-2.074894,training_point
09:44:32.650,1,-1.524108,1.426178,-2.166424,training_point
09:44:32.650,2,-2.715173,1.504023,-2.074778,training_point
09:44:32.733,1,-1.527039,1.42612,-2.165461,training_point
09:44:32.733,2,-2.715116,1.504398,-2.074569,training_point
09:44:32.816,1,-1.527455,1.425467,-2.164968,training_point
09:44:32.816,2,-2.715172,1.50397,-2.074336,training_point
09:44:32.900,1,-1.528671,1.425584,-2.164001,training_point
09:44:32.900,2,-2.714562,1.504257,-2.074531,training_point
09:44:32.983,1,-1.52935,1.425764,-2.16356,training_point
09:44:32.983,2,-2.713895,1.503707,-2.074738,training_point
09:44:33.084,1,-1.532827,1.425613,-2.162164,training_point
09:44:33.084,2,-2.71364,1.503619,-2.074852,training_point
09:44:33.166,1,-1.534373,1.425933,-2.161282,training_point
09:44:33.166,2,-2.713474,1.503821,-2.075017,training_point
09:44:33.250,1,-1.535404,1.425903,-2.160861,training_point
09:44:33.250,2,-2.713365,1.504241,-2.075134,training_point
09:44:33.333,1,-1.536841,1.426129,-2.161097,training_point
09:44:33.333,2,-2.711618,1.503915,-2.076301,training_point
09:44:33.417,1,-1.538393,1.426022,-2.160805,training_point
09:44:33.417,2,-2.711531,1.503795,-2.076545,training_point
09:44:33.500,1,-1.538533,1.42588,-2.160653,training_point
09:44:33.500,2,-2.711059,1.503666,-2.079096,training_point
09:44:33.584,1,-1.538806,1.425961,-2.160644,training_point
09:44:33.584,2,-2.709663,1.503716,-2.080923,training_point
09:44:33.684,1,-1.53966,1.426017,-2.160545,training_point
09:44:33.684,2,-2.709969,1.504781,-2.081197,training_point
09:44:33.784,1,-1.541293,1.426163,-2.160261,training_point
09:44:33.784,2,-2.709843,1.505166,-2.08171,training_point
09:44:33.883,1,-1.542177,1.426345,-2.160622,training_point
09:44:33.883,2,-2.71131,1.505219,-2.081385,training_point
09:44:33.984,1,-1.542061,1.426322,-2.160608,training_point
09:44:33.984,2,-2.712167,1.505089,-2.081112,training_point
09:44:34.066,1,-1.543818,1.426344,-2.160683,training_point
09:44:34.066,2,-2.712359,1.505337,-2.082455,training_point
09:44:34.150,1,-1.545278,1.426452,-2.160952,training_point
09:44:34.150,2,-2.712902,1.504634,-2.083414,training_point
09:44:34.233,1,-1.546056,1.426535,-2.161077,training_point
09:44:34.233,2,-2.71387,1.504657,-2.082074,training_point
09:44:34.317,1,-1.545329,1.426487,-2.161084,training_point
09:44:34.317,2,-2.714008,1.505088,-2.081924,training_point
09:44:34.400,1,-1.546591,1.426899,-2.16144,training_point
09:44:34.400,2,-2.713441,1.505229,-2.082673,training_point
09:44:34.483,1,-1.547263,1.42705,-2.16165,training_point
09:44:34.484,2,-2.713665,1.50512,-2.081819,training_point
09:44:34.566,1,-1.546025,1.42744,-2.161319,training_point
09:44:34.566,2,-2.713702,1.50504,-2.081236,training_point
09:44:34.650,1,-1.545462,1.427834,-2.161241,training_point
09:44:34.650,2,-2.713727,1.50543,-2.080302,training_point
09:44:34.733,1,-1.544973,1.427836,-2.16134,training_point
09:44:34.733,2,-2.713641,1.505331,-2.079813,training_point
09:44:34.817,1,-1.544815,1.427843,-2.161218,training_point
09:44:34.818,2,-2.713732,1.50541,-2.079728,training_point
09:44:34.917,1,-1.545174,1.427919,-2.161114,training_point
09:44:34.917,2,-2.713752,1.505084,-2.078958,training_point
09:44:35.000,1,-1.544222,1.428909,-2.160908,training_point
09:44:35.000,2,-2.713603,1.505364,-2.078374,training_point
09:44:35.084,1,-1.544056,1.429353,-2.160814,training_point
09:44:35.084,2,-2.713391,1.505397,-2.078344,training_point
09:44:35.184,1,-1.54515,1.430491,-2.160835,training_point
09:44:35.184,2,-2.712086,1.505254,-2.078531,training_point
09:44:35.284,1,-1.545163,1.431312,-2.160858,training_point
09:44:35.284,2,-2.711704,1.505134,-2.077793,training_point
09:44:35.383,1,-1.544537,1.431488,-2.160541,training_point
09:44:35.383,2,-2.711662,1.505591,-2.077681,training_point
09:44:35.484,1,-1.546273,1.431804,-2.160543,training_point
09:44:35.484,2,-2.71066,1.505343,-2.078292,training_point
09:44:35.584,1,-1.54573,1.43192,-2.160545,training_point
09:44:35.584,2,-2.710121,1.505367,-2.078786,training_point
09:44:35.966,1,-1.545352,1.432194,-2.160417,training_point
09:44:35.967,2,-2.70998,1.505132,-2.078382,training_point
09:44:36.116,1,-1.545382,1.432707,-2.163323,training_point
09:44:36.116,2,-2.709078,1.504389,-2.078657,training_point
09:44:36.200,1,-1.545335,1.432778,-2.163412,training_point
09:44:36.200,2,-2.709437,1.504095,-2.078249,training_point
09:44:36.283,1,-1.545612,1.433023,-2.163882,training_point
09:44:36.283,2,-2.708971,1.504353,-2.078786,training_point
09:44:36.384,1,-1.544901,1.432971,-2.164296,training_point
09:44:36.384,2,-2.709297,1.504286,-2.078541,training_point
09:44:36.484,1,-1.546477,1.433005,-2.165566,training_point
09:44:36.484,2,-2.709321,1.50407,-2.078025,training_point
09:44:36.583,1,-1.545799,1.433017,-2.165571,training_point
09:44:36.583,2,-2.708692,1.504294,-2.07881,training_point
09:44:36.666,1,-1.546124,1.432945,-2.166309,training_point
09:44:36.666,2,-2.707821,1.504244,-2.079296,training_point
09:44:36.750,1,-1.54547,1.433066,-2.166361,training_point
09:44:36.750,2,-2.707861,1.504128,-2.079214,training_point
09:44:36.833,1,-1.54502,1.433015,-2.166393,training_point
09:44:36.833,2,-2.708445,1.504231,-2.079584,training_point
09:44:36.916,1,-1.545726,1.432986,-2.166766,training_point
09:44:36.916,2,-2.708771,1.504104,-2.079127,training_point
09:44:37.000,1,-1.546615,1.433136,-2.167034,training_point
09:44:37.000,2,-2.708003,1.504318,-2.079961,training_point
09:44:37.100,1,-1.547138,1.433211,-2.167167,training_point
09:44:37.100,2,-2.708504,1.504298,-2.07951,training_point
09:44:37.201,1,-1.547418,1.433201,-2.166911,training_point
09:44:37.201,2,-2.708167,1.503648,-2.079506,training_point
09:44:37.301,1,-1.547058,1.433329,-2.166343,training_point
09:44:37.301,2,-2.708884,1.503695,-2.078868,training_point
09:44:37.400,1,-1.546395,1.433234,-2.16568,training_point
09:44:37.400,2,-2.70883,1.504052,-2.078494,training_point
09:44:37.501,1,-1.54571,1.432907,-2.165573,training_point
09:44:37.501,2,-2.708097,1.504405,-2.079714,training_point
09:44:37.600,1,-1.54491,1.432445,-2.165573,training_point
09:44:37.601,2,-2.707596,1.504554,-2.079959,training_point
09:44:37.700,1,-1.543417,1.432358,-2.165545,training_point
09:44:37.700,2,-2.707161,1.50443,-2.080198,training_point
09:44:37.800,1,-1.541988,1.432171,-2.165927,training_point
09:44:37.801,2,-2.707963,1.504128,-2.079375,training_point
09:44:37.900,1,-1.540901,1.432135,-2.166018,training_point
09:44:37.901,2,-2.708631,1.504476,-2.078581,training_point
09:44:38.000,1,-1.540102,1.432052,-2.166112,training_point
09:44:38.000,2,-2.709316,1.504596,-2.078074,training_point
09:44:38.100,1,-1.539381,1.432213,-2.166289,training_point
09:44:38.101,2,-2.709605,1.504727,-2.078098,training_point
09:44:38.201,1,-1.538371,1.431994,-2.165996,training_point
09:44:38.201,2,-2.710631,1.505335,-2.077404,training_point
09:44:38.300,1,-1.537492,1.432196,-2.165856,training_point
09:44:38.300,2,-2.710874,1.505379,-2.076712,training_point
09:44:38.400,1,-1.536801,1.431981,-2.165602,training_point
09:44:38.401,2,-2.711277,1.505113,-2.076171,training_point
09:44:38.501,1,-1.536401,1.432201,-2.165665,training_point
09:44:38.501,2,-2.712161,1.505279,-2.075948,training_point
09:44:38.601,1,-1.535939,1.432113,-2.165599,training_point
09:44:38.601,2,-2.713218,1.5056,-2.07583,training_point
09:44:38.817,1,-1.535802,1.431747,-2.16584,training_point
09:44:38.817,2,-2.713611,1.505735,-2.075751,training_point
09:44:38.933,1,-1.535295,1.432079,-2.16618,training_point
09:44:38.933,2,-2.715023,1.505406,-2.075327,training_point
09:44:39.033,1,-1.535586,1.432215,-2.166528,training_point
09:44:39.033,2,-2.715239,1.505443,-2.075328,training_point
09:44:39.134,1,-1.536232,1.432551,-2.166582,training_point
09:44:39.134,2,-2.715771,1.505891,-2.075276,training_point
09:44:39.233,1,-1.537106,1.432821,-2.167057,training_point
09:44:39.233,2,-2.716033,1.505861,-2.075295,training_point
09:44:39.316,1,-1.537129,1.432936,-2.166963,training_point
09:44:39.317,2,-2.716366,1.506072,-2.075107,training_point
09:44:39.400,1,-1.537299,1.432811,-2.166943,training_point
09:44:39.400,2,-2.71643,1.506367,-2.075078,training_point
09:44:39.483,1,-1.537302,1.432866,-2.166866,training_point
09:44:39.484,2,-2.716401,1.506315,-2.075146,training_point
09:44:39.584,1,-1.537679,1.433047,-2.166861,training_point
09:44:39.584,2,-2.716555,1.50635,-2.075396,training_point
09:44:39.684,1,-1.537892,1.433017,-2.166597,training_point
09:44:39.684,2,-2.716942,1.506109,-2.075247,training_point
09:44:39.784,1,-1.537995,1.433039,-2.166621,training_point
09:44:39.784,2,-2.717217,1.505911,-2.075615,training_point
09:44:39.883,1,-1.53841,1.432881,-2.166814,training_point
09:44:39.883,2,-2.717641,1.505843,-2.076212,training_point
09:44:39.984,1,-1.538919,1.43318,-2.166985,training_point
09:44:39.984,2,-2.718099,1.505616,-2.076857,training_point
09:44:40.084,1,-1.539964,1.433251,-2.167533,training_point
09:44:40.084,2,-2.717859,1.505821,-2.076834,training_point
09:44:40.200,1,-1.542941,1.43331,-2.169023,training_point
09:44:40.201,2,-2.71774,1.505851,-2.077577,training_point
09:44:40.301,1,-1.543167,1.433293,-2.169481,training_point
09:44:40.301,2,-2.717439,1.506058,-2.07748,training_point
09:44:40.400,1,-1.544567,1.433358,-2.170525,training_point
09:44:40.400,2,-2.71746,1.505653,-2.07757,training_point
09:44:40.501,1,-1.544447,1.433614,-2.170241,training_point
09:44:40.501,2,-2.717266,1.505558,-2.077282,training_point
09:44:40.601,1,-1.544974,1.4336,-2.170315,training_point
09:44:40.601,2,-2.717353,1.505182,-2.07649,training_point
09:44:40.700,1,-1.546061,1.43359,-2.171381,training_point
09:44:40.700,2,-2.717606,1.505261,-2.07647,training_point
09:44:40.801,1,-1.54595,1.433894,-2.170839,training_point
09:44:40.801,2,-2.717306,1.505535,-2.076489,training_point
09:44:40.901,1,-1.545443,1.433886,-2.169856,training_point
09:44:40.901,2,-2.717813,1.506169,-2.075244,training_point
09:44:41.000,1,-1.546956,1.433879,-2.169771,training_point
09:44:41.000,2,-2.718189,1.506544,-2.075687,training_point
09:44:41.083,1,-1.548969,1.433871,-2.169815,training_point
09:44:41.083,2,-2.718612,1.506428,-2.075678,training_point
09:44:41.166,1,-1.549352,1.433981,-2.169827,training_point
09:44:41.167,2,-2.718673,1.506375,-2.075601,training_point
09:44:41.250,1,-1.550684,1.433976,-2.169947,training_point
09:44:41.250,2,-2.71878,1.5063,-2.076622,training_point
09:44:41.333,1,-1.551108,1.433987,-2.169427,training_point
09:44:41.333,2,-2.720108,1.506264,-2.076305,training_point
09:44:41.417,1,-1.552402,1.43392,-2.169024,training_point
09:44:41.417,2,-2.719992,1.506328,-2.07625,training_point
09:44:41.500,1,-1.553121,1.434313,-2.168854,training_point
09:44:41.500,2,-2.719592,1.506402,-2.07612,training_point
09:44:41.601,1,-1.554503,1.434639,-2.168545,training_point
09:44:41.601,2,-2.719075,1.506432,-2.075675,training_point
09:44:41.700,1,-1.555275,1.435109,-2.168189,training_point
09:44:41.701,2,-2.718342,1.506317,-2.075233,training_point
09:44:41.801,1,-1.555535,1.435217,-2.167923,training_point
09:44:41.801,2,-2.717919,1.506364,-2.075192,training_point
09:44:41.900,1,-1.555649,1.431252,-2.167745,training_point
09:44:41.900,2,-2.717429,1.505813,-2.075129,training_point
09:44:42.001,1,-1.555896,1.425546,-2.167,training_point
09:44:42.001,2,-2.717201,1.505693,-2.074438,training_point
09:44:42.101,1,-1.554812,1.423706,-2.166227,training_point
09:44:42.101,2,-2.716553,1.505434,-2.073375,training_point
09:44:42.200,1,-1.553961,1.42133,-2.165417,training_point
09:44:42.200,2,-2.716106,1.505549,-2.073093,training_point
09:44:42.301,1,-1.553305,1.420894,-2.164404,training_point
09:44:42.301,2,-2.715407,1.505317,-2.072859,training_point
09:44:42.401,1,-1.554623,1.420362,-2.164326,training_point
09:44:42.401,2,-2.715481,1.504769,-2.073756,training_point
09:44:42.500,1,-1.555977,1.421645,-2.164729,training_point
09:44:42.500,2,-2.714978,1.504923,-2.073753,training_point
09:44:42.601,1,-1.557583,1.42346,-2.164689,training_point
09:44:42.601,2,-2.714859,1.504608,-2.073861,training_point
09:44:42.701,1,-1.55834,1.422559,-2.164365,training_point
09:44:42.701,2,-2.714433,1.504241,-2.074772,training_point
09:44:42.800,1,-1.559242,1.422407,-2.163923,training_point
09:44:42.800,2,-2.71455,1.503457,-2.073701,training_point
09:44:42.901,1,-1.559377,1.422901,-2.163925,training_point
09:44:42.901,2,-2.71423,1.503265,-2.074189,training_point
09:44:43.001,1,-1.560083,1.421894,-2.163646,training_point
09:44:43.001,2,-2.714033,1.503123,-2.07407,training_point
09:44:43.100,1,-1.560762,1.422702,-2.162537,training_point
09:44:43.100,2,-2.714116,1.503151,-2.073938,training_point
09:44:43.201,1,-1.561985,1.420035,-2.161173,training_point
09:44:43.201,2,-2.714388,1.502892,-2.07364,training_point
09:44:43.301,1,-1.563129,1.42171,-2.159956,training_point
09:44:43.301,2,-2.71453,1.502824,-2.073554,training_point
09:44:43.400,1,-1.564184,1.422427,-2.158473,training_point
09:44:43.400,2,-2.714107,1.502642,-2.073278,training_point
09:44:43.501,1,-1.564549,1.423363,-2.158145,training_point
09:44:43.501,2,-2.713324,1.502524,-2.073258,training_point
09:44:43.601,1,-1.565471,1.42481,-2.158643,training_point
09:44:43.602,2,-2.713491,1.502546,-2.073181,training_point
09:44:43.700,1,-1.566139,1.424708,-2.158738,training_point
09:44:43.700,2,-2.713775,1.502671,-2.072701,training_point
09:44:43.801,1,-1.567019,1.424543,-2.159534,training_point
09:44:43.801,2,-2.713642,1.502834,-2.072907,training_point
09:44:43.917,1,-1.568721,1.424244,-2.159614,training_point
09:44:43.918,2,-2.71393,1.503426,-2.072529,training_point
09:44:44.017,1,-1.571377,1.4221,-2.160055,training_point
09:44:44.017,2,-2.714011,1.503691,-2.072472,training_point
09:44:44.117,1,-1.574142,1.423016,-2.160313,training_point
09:44:44.118,2,-2.713989,1.503909,-2.072294,training_point
09:44:44.217,1,-1.577752,1.423848,-2.16025,training_point
09:44:44.217,2,-2.714063,1.504079,-2.072372,training_point
09:44:44.317,1,-1.580047,1.422729,-2.160028,training_point
09:44:44.318,2,-2.714145,1.503875,-2.072336,training_point
09:44:44.417,1,-1.582993,1.423425,-2.160371,training_point
09:44:44.417,2,-2.71425,1.503405,-2.072745,training_point
09:44:44.500,1,-1.584977,1.420256,-2.160198,training_point
09:44:44.500,2,-2.713986,1.503601,-2.072243,training_point
09:44:44.601,1,-1.588223,1.420856,-2.16032,training_point
09:44:44.601,2,-2.714788,1.503986,-2.072309,training_point
09:44:44.701,1,-1.590387,1.421381,-2.16138,training_point
09:44:44.701,2,-2.715197,1.50407,-2.072256,training_point
09:44:44.801,1,-1.592542,1.421441,-2.161757,training_point
09:44:44.801,2,-2.71506,1.504131,-2.072352,training_point
09:44:44.900,1,-1.594591,1.422406,-2.16176,training_point
09:44:44.900,2,-2.714909,1.504876,-2.072638,training_point
09:44:45.001,1,-1.595881,1.42307,-2.161696,training_point
09:44:45.001,2,-2.71555,1.505997,-2.072177,training_point
09:44:45.101,1,-1.596539,1.424807,-2.161704,training_point
09:44:45.101,2,-2.715554,1.506186,-2.072024,training_point
09:44:45.200,1,-1.597105,1.42266,-2.16164,training_point
09:44:45.200,2,-2.715355,1.506502,-2.072129,training_point
09:44:45.301,1,-1.597348,1.421945,-2.162492,training_point
09:44:45.301,2,-2.716159,1.506373,-2.072258,training_point
09:44:45.400,1,-1.59735,1.423361,-2.162793,training_point
09:44:45.400,2,-2.715589,1.50585,-2.072389,training_point
09:44:45.501,1,-1.597277,1.423028,-2.163011,training_point
09:44:45.501,2,-2.715381,1.5056,-2.072653,training_point
09:44:45.601,1,-1.596623,1.420185,-2.163269,training_point
09:44:45.601,2,-2.715735,1.505215,-2.072911,training_point
09:44:45.700,1,-1.595905,1.422047,-2.16462,training_point
09:44:45.700,2,-2.715571,1.504932,-2.073037,training_point
09:44:45.783,1,-1.595093,1.424239,-2.165554,training_point
09:44:45.783,2,-2.715106,1.504461,-2.073569,training_point
09:44:45.867,1,-1.594612,1.425887,-2.16536,training_point
09:44:45.867,2,-2.715246,1.504436,-2.073972,training_point
09:44:45.950,1,-1.594394,1.425121,-2.165344,training_point
09:44:45.950,2,-2.716125,1.504643,-2.074438,training_point
09:44:46.034,1,-1.593975,1.422937,-2.16523,training_point
09:44:46.034,2,-2.716477,1.505118,-2.074401,training_point
09:44:46.134,1,-1.592969,1.423319,-2.164866,training_point
09:44:46.134,2,-2.716774,1.50488,-2.074228,training_point
09:44:46.233,1,-1.591651,1.423736,-2.1643,training_point
09:44:46.233,2,-2.717133,1.504797,-2.074224,training_point
09:44:46.334,1,-1.591105,1.423869,-2.16374,training_point
09:44:46.335,2,-2.716685,1.505543,-2.073851,training_point
09:44:46.433,1,-1.590847,1.423041,-2.163434,training_point
09:44:46.434,2,-2.71671,1.505936,-2.07367,training_point
09:44:46.516,1,-1.589873,1.423492,-2.163376,training_point
09:44:46.517,2,-2.716257,1.506642,-2.073966,training_point
09:44:46.600,1,-1.589721,1.424343,-2.163122,training_point
09:44:46.601,2,-2.716262,1.506927,-2.07418,training_point
09:44:46.700,1,-1.589786,1.424817,-2.163038,training_point
09:44:46.701,2,-2.716868,1.507198,-2.074079,training_point
09:44:46.801,1,-1.589901,1.42348,-2.162511,training_point
09:44:46.801,2,-2.71838,1.507143,-2.075149,training_point
09:44:46.901,1,-1.589269,1.424365,-2.161806,training_point
09:44:46.901,2,-2.718102,1.507784,-2.075266,training_point
09:44:47.000,1,-1.589246,1.425472,-2.161282,training_point
09:44:47.000,2,-2.718632,1.507754,-2.075475,training_point
09:44:47.101,1,-1.588991,1.425002,-2.160622,training_point
09:44:47.101,2,-2.718853,1.507055,-2.075531,training_point
09:44:47.201,1,-1.58889,1.425157,-2.159898,training_point
09:44:47.201,2,-2.71902,1.506933,-2.075812,training_point
09:44:47.300,1,-1.588758,1.425702,-2.159326,training_point
09:44:47.300,2,-2.719269,1.507047,-2.07592,training_point
09:44:47.401,1,-1.588178,1.425048,-2.157977,training_point
09:44:47.401,2,-2.720123,1.507822,-2.076498,training_point
09:44:47.500,1,-1.587822,1.425684,-2.157367,training_point
09:44:47.501,2,-2.722372,1.508357,-2.076321,training_point
09:44:47.617,1,-1.587202,1.427341,-2.156332,training_point
09:44:47.618,2,-2.722364,1.508491,-2.077294,training_point
09:44:47.716,1,-1.586627,1.427923,-2.155416,training_point
09:44:47.717,2,-2.722693,1.508317,-2.077478,training_point
09:44:47.800,1,-1.586658,1.427287,-2.155243,training_point
09:44:47.800,2,-2.722554,1.508412,-2.077414,training_point
09:44:47.900,1,-1.586158,1.427121,-2.155027,training_point
09:44:47.901,2,-2.723036,1.508347,-2.077698,training_point
09:44:48.001,1,-1.585311,1.426999,-2.1552,training_point
09:44:48.001,2,-2.724443,1.508759,-2.079018,training_point
09:44:48.101,1,-1.584918,1.42789,-2.155206,training_point
09:44:48.101,2,-2.725637,1.508171,-2.079013,training_point
09:44:48.200,1,-1.583874,1.428276,-2.15595,training_point
09:44:48.200,2,-2.725791,1.508056,-2.079174,training_point
09:44:48.301,1,-1.582927,1.428426,-2.156489,training_point
09:44:48.301,2,-2.72732,1.50799,-2.080147,training_point
09:44:48.401,1,-1.582868,1.428613,-2.156669,training_point
09:44:48.401,2,-2.727707,1.507825,-2.079405,training_point
09:44:48.500,1,-1.582673,1.429248,-2.156878,training_point
09:44:48.500,2,-2.727476,1.507672,-2.078903,training_point
09:44:48.601,1,-1.58259,1.428956,-2.157217,training_point
09:44:48.602,2,-2.72926,1.507665,-2.078749,training_point
09:44:48.700,1,-1.582549,1.428331,-2.157414,training_point
09:44:48.700,2,-2.731839,1.507922,-2.079414,training_point
09:44:48.801,1,-1.582599,1.428549,-2.15749,training_point
09:44:48.801,2,-2.730738,1.507884,-2.078775,training_point
09:44:48.901,1,-1.581714,1.428302,-2.157724,training_point
09:44:48.901,2,-2.729158,1.508091,-2.078262,training_point
09:44:49.000,1,-1.581764,1.428145,-2.157922,training_point
09:44:49.000,2,-2.730854,1.507689,-2.080174,training_point
09:44:49.100,1,-1.581821,1.428121,-2.158216,training_point
09:44:49.100,2,-2.731277,1.507792,-2.079629,training_point
09:44:49.201,1,-1.581978,1.428426,-2.158535,training_point
09:44:49.201,2,-2.73161,1.507739,-2.079637,training_point
09:44:49.301,1,-1.581558,1.42836,-2.159108,training_point
09:44:49.301,2,-2.729468,1.507642,-2.079413,training_point
09:44:49.966,1,-1.581601,1.427813,-2.159769,training_point
09:44:49.967,2,-2.727154,1.508041,-2.079028,training_point
09:44:50.166,1,-1.581985,1.427284,-2.16605,training_point
09:44:50.167,2,-2.725837,1.507855,-2.079094,training_point
09:44:50.267,1,-1.58275,1.427681,-2.167514,training_point
09:44:50.267,2,-2.726571,1.507634,-2.078536,training_point
09:44:50.367,1,-1.582661,1.42793,-2.168031,training_point
09:44:50.367,2,-2.725853,1.507601,-2.078709,training_point
09:44:50.467,1,-1.583279,1.42771,-2.169083,training_point
09:44:50.467,2,-2.725448,1.507593,-2.079307,training_point
09:44:50.567,1,-1.58361,1.427687,-2.169903,training_point
09:44:50.567,2,-2.727343,1.507678,-2.080029,training_point
09:44:50.667,1,-1.583101,1.428214,-2.169956,training_point
09:44:50.668,2,-2.727231,1.507704,-2.079104,training_point
09:44:50.784,1,-1.583385,1.428704,-2.170871,training_point
09:44:50.784,2,-2.726381,1.507717,-2.079052,training_point
09:44:50.901,1,-1.583061,1.428352,-2.171516,training_point
09:44:50.901,2,-2.726394,1.507671,-2.078902,training_point
09:44:51.017,1,-1.582634,1.427718,-2.172131,training_point
09:44:51.018,2,-2.72727,1.507844,-2.078244,training_point
09:44:51.134,1,-1.582042,1.42805,-2.17292,training_point
09:44:51.134,2,-2.728095,1.507913,-2.078759,training_point
09:44:51.250,1,-1.582251,1.425753,-2.173046,training_point
09:44:51.250,2,-2.730178,1.508052,-2.079887,training_point
09:44:51.350,1,-1.582297,1.426074,-2.17338,training_point
09:44:51.350,2,-2.728191,1.507851,-2.079596,training_point
09:44:51.450,1,-1.582298,1.426354,-2.173544,training_point
09:44:51.450,2,-2.730126,1.507839,-2.080211,training_point
09:44:51.568,1,-1.582486,1.427807,-2.174071,training_point
09:44:51.568,2,-2.728522,1.507885,-2.07988,training_point
09:44:51.684,1,-1.582561,1.426624,-2.174066,training_point
09:44:51.684,2,-2.730658,1.508077,-2.0805,training_point
09:44:51.801,1,-1.582806,1.426203,-2.173924,training_point
09:44:51.801,2,-2.728362,1.508139,-2.079686,training_point
09:44:51.900,1,-1.582337,1.42534,-2.173245,training_point
09:44:51.900,2,-2.728578,1.507932,-2.080711,training_point
09:44:52.001,1,-1.582314,1.424834,-2.173115,training_point
09:44:52.001,2,-2.728012,1.507717,-2.080442,training_point
09:44:52.117,1,-1.581911,1.426827,-2.172897,training_point
09:44:52.118,2,-2.729686,1.508457,-2.080755,training_point
09:44:52.233,1,-1.581606,1.42609,-2.172156,training_point
09:44:52.234,2,-2.728809,1.508376,-2.079564,training_point
09:44:52.351,1,-1.581796,1.425775,-2.17204,training_point
09:44:52.351,2,-2.731525,1.508197,-2.080201,training_point
09:44:52.468,1,-1.581916,1.425345,-2.172018,training_point
09:44:52.468,2,-2.730781,1.508219,-2.080559,training_point
09:44:52.584,1,-1.582003,1.42504,-2.171983,training_point
09:44:52.585,2,-2.731579,1.508211,-2.081153,training_point
09:44:52.701,1,-1.581849,1.426329,-2.171805,training_point
09:44:52.701,2,-2.732025,1.50821,-2.08306,training_point
09:44:52.818,1,-1.58156,1.426202,-2.171484,training_point
09:44:52.818,2,-2.733453,1.508865,-2.083544,training_point
09:44:53.017,1,-1.581515,1.426462,-2.171877,training_point
09:44:53.017,2,-2.733934,1.508936,-2.084704,training_point
09:44:53.133,1,-1.580737,1.42577,-2.171641,training_point
09:44:53.133,2,-2.734757,1.509073,-2.084879,training_point
09:44:53.234,1,-1.580904,1.425741,-2.171538,training_point
09:44:53.235,2,-2.733715,1.508991,-2.085252,training_point
09:44:53.350,1,-1.58114,1.425333,-2.171578,training_point
09:44:53.350,2,-2.734222,1.508893,-2.085746,training_point
09:44:53.467,1,-1.58119,1.424612,-2.171576,training_point
09:44:53.467,2,-2.733836,1.508655,-2.085446,training_point
09:44:53.567,1,-1.581159,1.426564,-2.171516,training_point
09:44:53.567,2,-2.732332,1.508708,-2.085529,training_point
09:44:53.668,1,-1.581189,1.425762,-2.171392,training_point
09:44:53.668,2,-2.733476,1.508311,-2.086685,training_point
09:44:53.784,1,-1.581316,1.426675,-2.171394,training_point
09:44:53.784,2,-2.731581,1.50833,-2.086567,training_point
09:44:53.901,1,-1.581336,1.425853,-2.171284,training_point
09:44:53.901,2,-2.730723,1.507858,-2.086129,training_point
09:44:54.018,1,-1.581242,1.425191,-2.170935,training_point
09:44:54.018,2,-2.729294,1.508055,-2.085751,training_point
09:44:54.134,1,-1.581004,1.426936,-2.170638,training_point
09:44:54.135,2,-2.732138,1.508044,-2.084893,training_point
09:44:54.250,1,-1.581241,1.427331,-2.170741,training_point
09:44:54.250,2,-2.732782,1.508486,-2.087065,training_point
09:44:54.350,1,-1.581237,1.426701,-2.170216,training_point
09:44:54.350,2,-2.730204,1.508649,-2.086432,training_point
09:44:54.451,1,-1.580986,1.423937,-2.16976,training_point
09:44:54.451,2,-2.73042,1.508467,-2.087431,training_point
09:44:54.567,1,-1.580605,1.42475,-2.168616,training_point
09:44:54.568,2,-2.728954,1.508204,-2.087322,training_point
09:44:54.684,1,-1.580003,1.425626,-2.167802,training_point
09:44:54.684,2,-2.730155,1.508331,-2.090185,training_point
09:44:54.800,1,-1.580194,1.42664,-2.167506,training_point
09:44:54.800,2,-2.732099,1.508325,-2.091173,training_point
09:44:55.201,1,-1.579282,1.42482,-2.167112,training_point
09:44:55.201,2,-2.731106,1.508349,-2.091713,training_point
09:44:55.368,1,-1.578443,1.425036,-2.166194,training_point
09:44:55.368,2,-2.728236,1.508029,-2.091293,training_point
09:44:55.467,1,-1.578531,1.425515,-2.166276,training_point
09:44:55.468,2,-2.728206,1.508245,-2.09074,training_point
09:44:55.567,1,-1.578566,1.425124,-2.165837,training_point
09:44:55.567,2,-2.72757,1.507611,-2.090856,training_point
09:44:55.667,1,-1.578623,1.425867,-2.165694,training_point
09:44:55.668,2,-2.724547,1.50766,-2.08898,training_point
09:44:55.768,1,-1.578088,1.426921,-2.166186,training_point
09:44:55.768,2,-2.72379,1.507764,-2.088596,training_point
09:44:55.867,1,-1.578116,1.425872,-2.166141,training_point
09:44:55.867,2,-2.723126,1.507688,-2.088229,training_point
09:44:55.967,1,-1.578254,1.42512,-2.166017,training_point
09:44:55.967,2,-2.723593,1.507755,-2.088086,training_point
09:44:56.068,1,-1.578489,1.423791,-2.165962,training_point
09:44:56.068,2,-2.721006,1.507489,-2.088104,training_point
09:44:56.251,1,-1.578161,1.425796,-2.165782,training_point
09:44:56.251,2,-2.72109,1.507598,-2.087353,training_point
09:44:56.368,1,-1.576449,1.425995,-2.166039,training_point
09:44:56.368,2,-2.72004,1.507582,-2.08605,training_point
09:44:56.467,1,-1.57629,1.427247,-2.166228,training_point
09:44:56.467,2,-2.721678,1.507341,-2.088134,training_point
09:44:56.567,1,-1.575997,1.424513,-2.16668,training_point
09:44:56.568,2,-2.720938,1.506845,-2.08708,training_point
09:44:56.667,1,-1.574529,1.424047,-2.167105,training_point
09:44:56.668,2,-2.719458,1.506792,-2.088567,training_point
09:44:56.767,1,-1.573209,1.42432,-2.167364,training_point
09:44:56.767,2,-2.719086,1.507254,-2.086306,training_point
09:44:56.867,1,-1.572777,1.425546,-2.167879,training_point
09:44:56.868,2,-2.718009,1.506858,-2.086527,training_point
09:44:56.968,1,-1.572253,1.427312,-2.168207,training_point
09:44:56.968,2,-2.72065,1.507207,-2.083887,training_point
09:44:57.067,1,-1.572006,1.426128,-2.168368,training_point
09:44:57.067,2,-2.720445,1.506782,-2.084477,training_point
09:44:57.167,1,-1.571622,1.427593,-2.168828,training_point
09:44:57.168,2,-2.722677,1.506741,-2.084393,training_point
09:44:57.250,1,-1.571647,1.426026,-2.170348,training_point
09:44:57.250,2,-2.721805,1.506201,-2.084468,training_point
09:44:57.334,1,-1.571585,1.423676,-2.170581,training_point
09:44:57.334,2,-2.722007,1.50631,-2.084253,training_point
09:44:57.434,1,-1.571433,1.422438,-2.170903,training_point
09:44:57.435,2,-2.720973,1.506475,-2.085354,training_point
09:44:57.533,1,-1.571313,1.422615,-2.170288,training_point
09:44:57.534,2,-2.72419,1.50645,-2.084215,training_point
09:44:57.617,1,-1.571538,1.424866,-2.171695,training_point
09:44:57.617,2,-2.72183,1.505879,-2.085205,training_point
09:44:57.700,1,-1.571559,1.424748,-2.172439,training_point
09:44:57.701,2,-2.722892,1.505748,-2.085369,training_point
09:44:57.800,1,-1.572316,1.42377,-2.173421,training_point
09:44:57.801,2,-2.722312,1.505658,-2.086765,training_point
09:44:57.901,1,-1.572854,1.421883,-2.174092,training_point
09:44:57.901,2,-2.721041,1.505805,-2.087574,training_point
09:44:58.000,1,-1.573121,1.426402,-2.174744,training_point
09:44:58.000,2,-2.720542,1.506359,-2.087565,training_point
09:44:58.101,1,-1.573304,1.425553,-2.175043,training_point
09:44:58.101,2,-2.719322,1.506264,-2.087833,training_point
09:45:31.567,1,-1.669829,1.426948,-2.219933,training_point
09:45:31.568,2,-2.699983,1.50626,-2.091269,training_point
09:45:31.650,1,-1.678587,1.42585,-2.210624,training_point
09:45:31.651,2,-2.699677,1.506499,-2.091105,training_point
09:45:31.734,1,-1.691457,1.424586,-2.195278,training_point
09:45:31.734,2,-2.699962,1.506886,-2.092101,training_point
09:45:31.817,1,-1.697164,1.426171,-2.187852,training_point
09:45:31.818,2,-2.69919,1.507113,-2.094388,training_point
09:45:31.901,1,-1.703793,1.426415,-2.179077,training_point
09:45:31.901,2,-2.699889,1.50691,-2.09366,training_point
09:45:31.984,1,-1.707583,1.426563,-2.171454,training_point
09:45:31.984,2,-2.701684,1.507555,-2.092323,training_point
09:45:32.067,1,-1.710135,1.424897,-2.167456,training_point
09:45:32.068,2,-2.703748,1.507517,-2.090701,training_point
09:45:32.151,1,-1.710461,1.42475,-2.166817,training_point
09:45:32.151,2,-2.706493,1.507176,-2.092505,training_point
09:45:32.234,1,-1.708153,1.421927,-2.16421,training_point
09:45:32.234,2,-2.707334,1.506162,-2.090824,training_point
09:45:32.317,1,-1.702795,1.422064,-2.162682,training_point
09:45:32.318,2,-2.70859,1.506489,-2.090447,training_point
09:45:32.400,1,-1.689144,1.422676,-2.162847,training_point
09:45:32.401,2,-2.708645,1.506638,-2.089298,training_point
09:45:32.484,1,-1.676299,1.423672,-2.164062,training_point
09:45:32.484,2,-2.709439,1.50695,-2.090281,training_point
09:45:32.567,1,-1.655812,1.421228,-2.166363,training_point
09:45:32.567,2,-2.709365,1.506835,-2.092476,training_point
09:45:32.651,1,-1.638467,1.422946,-2.171289,training_point
09:45:32.651,2,-2.708667,1.506689,-2.094122,training_point
09:45:32.734,1,-1.616372,1.423593,-2.173902,training_point
09:45:32.734,2,-2.707428,1.506362,-2.091413,training_point
09:45:35.500,1,-1.542998,1.425574,-2.213611,training_point
09:45:35.501,2,-2.716104,1.506794,-2.078491,training_point
09:45:35.617,1,-1.541405,1.426079,-2.211537,training_point
09:45:35.617,2,-2.709829,1.506703,-2.079632,training_point
09:45:35.752,1,-1.540328,1.423502,-2.210727,training_point
09:45:35.752,2,-2.709202,1.507125,-2.078753,training_point
09:45:35.900,1,-1.539053,1.424302,-2.210049,training_point
09:45:35.901,2,-2.708612,1.50697,-2.076046,training_point
09:45:36.034,1,-1.537322,1.431519,-2.209148,training_point
09:45:36.034,2,-2.705849,1.50887,-2.076175,training_point
09:45:36.167,1,-1.536337,1.431212,-2.208663,training_point
09:45:36.167,2,-2.705085,1.509293,-2.073573,training_point
09:45:36.251,1,-1.535683,1.431628,-2.207793,training_point
09:45:36.251,2,-2.703977,1.508098,-2.071643,training_point
09:45:36.334,1,-1.534893,1.431976,-2.206798,training_point
09:45:36.335,2,-2.703959,1.507844,-2.071159,training_point
09:45:36.467,1,-1.534267,1.431747,-2.206369,training_point
09:45:36.467,2,-2.701148,1.509984,-2.072114,training_point
09:45:36.600,1,-1.532161,1.430833,-2.204663,training_point
09:45:36.601,2,-2.696457,1.509087,-2.072031,training_point
09:45:36.685,1,-1.531121,1.430592,-2.203913,training_point
09:45:36.685,2,-2.696063,1.508862,-2.073413,training_point
09:45:36.768,1,-1.530702,1.430214,-2.202514,training_point
09:45:36.768,2,-2.695509,1.508153,-2.075468,training_point
09:45:36.900,1,-1.532211,1.430393,-2.200668,training_point
09:45:36.901,2,-2.695269,1.505681,-2.075874,training_point
09:45:37.034,1,-1.532667,1.430547,-2.200016,training_point
09:45:37.034,2,-2.694898,1.503321,-2.077577,training_point
09:45:37.167,1,-1.530101,1.43085,-2.199783,training_point
09:45:37.167,2,-2.694453,1.501465,-2.076971,training_point
09:45:37.300,1,-1.531176,1.431039,-2.19955,training_point
09:45:37.301,2,-2.694901,1.502025,-2.076016,training_point
09:45:37.434,1,-1.532163,1.431068,-2.20029,training_point
09:45:37.434,2,-2.694168,1.502206,-2.077154,training_point
09:45:37.567,1,-1.532603,1.430913,-2.200656,training_point
09:45:37.567,2,-2.693458,1.502327,-2.076817,training_point
09:45:37.700,1,-1.533277,1.432664,-2.201344,training_point
09:45:37.701,2,-2.693639,1.499944,-2.076481,training_point
09:45:37.784,1,-1.52974,1.428372,-2.203598,training_point
09:45:37.784,2,-2.693396,1.501214,-2.076466,training_point
09:45:37.868,1,-1.52908,1.430805,-2.204478,training_point
09:45:37.868,2,-2.693742,1.501529,-2.077157,training_point
09:45:37.951,1,-1.527653,1.430062,-2.205645,training_point
09:45:37.952,2,-2.693687,1.50197,-2.077555,training_point
09:45:38.034,1,-1.526842,1.429032,-2.206564,training_point
09:45:38.034,2,-2.69426,1.501999,-2.077375,training_point
09:45:38.167,1,-1.525755,1.430732,-2.208142,training_point
09:45:38.167,2,-2.695368,1.500954,-2.077695,training_point
09:45:38.300,1,-1.525053,1.427504,-2.210064,training_point
09:45:38.301,2,-2.697161,1.500821,-2.077876,training_point
09:45:38.384,1,-1.524908,1.42439,-2.21059,training_point
09:45:38.385,2,-2.697461,1.500464,-2.077517,training_point
09:45:38.468,1,-1.524973,1.422447,-2.211522,training_point
09:45:38.468,2,-2.698238,1.500603,-2.076093,training_point
09:45:38.551,1,-1.524679,1.418932,-2.212195,training_point
09:45:38.551,2,-2.698605,1.500112,-2.075537,training_point
09:45:38.634,1,-1.524742,1.415572,-2.212743,training_point
09:45:38.634,2,-2.699134,1.500168,-2.075296,training_point
09:45:38.718,1,-1.524625,1.424167,-2.213766,training_point
09:45:38.718,2,-2.699978,1.50053,-2.074316,training_point
09:45:38.800,1,-1.524677,1.426161,-2.214345,training_point
09:45:38.801,2,-2.700484,1.500786,-2.073319,training_point
09:45:38.885,1,-1.52477,1.428154,-2.214879,training_point
09:45:38.885,2,-2.700971,1.50121,-2.072785,training_point
09:45:38.967,1,-1.524796,1.428601,-2.215396,training_point
09:45:38.967,2,-2.701294,1.501751,-2.072594,training_point
09:45:39.100,1,-1.52513,1.429269,-2.21648,training_point
09:45:39.101,2,-2.702205,1.501764,-2.073247,training_point
09:45:39.234,1,-1.525659,1.429567,-2.217204,training_point
09:45:39.234,2,-2.702117,1.50201,-2.07235,training_point
09:45:39.318,1,-1.526167,1.430097,-2.218159,training_point
09:45:39.318,2,-2.702503,1.502117,-2.072969,training_point
09:45:39.401,1,-1.526396,1.430843,-2.218847,training_point
09:45:39.402,2,-2.702664,1.501898,-2.072723,training_point
09:45:39.484,1,-1.526503,1.431274,-2.219104,training_point
09:45:39.484,2,-2.702993,1.50264,-2.072917,training_point
09:45:39.617,1,-1.526601,1.431571,-2.219598,training_point
09:45:39.617,2,-2.703877,1.502439,-2.072461,training_point
09:45:39.700,1,-1.526869,1.431415,-2.22045,training_point
09:45:39.701,2,-2.705013,1.502452,-2.072625,training_point
09:45:39.834,1,-1.527158,1.431591,-2.222025,training_point
09:45:39.834,2,-2.705237,1.502679,-2.072868,training_point
09:45:39.967,1,-1.526909,1.431554,-2.223198,training_point
09:45:39.967,2,-2.705667,1.503106,-2.072798,training_point
09:45:40.100,1,-1.527401,1.431683,-2.223997,training_point
09:45:40.101,2,-2.705752,1.502821,-2.073007,training_point
09:45:40.185,1,-1.527695,1.432685,-2.224106,training_point
09:45:40.185,2,-2.705566,1.503045,-2.072789,training_point
09:45:40.267,1,-1.528438,1.432733,-2.224455,training_point
09:45:40.267,2,-2.705499,1.502713,-2.072694,training_point
09:45:40.417,1,-1.529204,1.433227,-2.225398,training_point
09:45:40.417,2,-2.705567,1.502332,-2.073413,training_point
09:45:40.551,1,-1.529835,1.433744,-2.225817,training_point
09:45:40.551,2,-2.70634,1.502601,-2.074206,training_point
09:45:40.634,1,-1.530365,1.43408,-2.22602,training_point
09:45:40.634,2,-2.706491,1.502615,-2.073755,training_point
09:45:40.767,1,-1.53026,1.43432,-2.225775,training_point
09:45:40.767,2,-2.705985,1.502363,-2.073408,training_point
09:45:40.850,1,-1.530235,1.434433,-2.225886,training_point
09:45:40.851,2,-2.705927,1.502487,-2.074589,training_point
09:45:40.984,1,-1.529557,1.434485,-2.225937,training_point
09:45:40.984,2,-2.705814,1.502508,-2.075209,training_point
09:45:41.117,1,-1.528367,1.434497,-2.225669,training_point
09:45:41.117,2,-2.704842,1.502507,-2.075486,training_point
09:45:41.202,1,-1.528148,1.43491,-2.225594,training_point
09:45:41.202,2,-2.705023,1.502694,-2.076372,training_point
09:45:41.301,1,-1.527671,1.435198,-2.224937,training_point
09:45:41.301,2,-2.704897,1.502626,-2.077198,training_point
09:45:41.385,1,-1.527059,1.435075,-2.224182,training_point
09:45:41.385,2,-2.704351,1.502742,-2.077552,training_point
09:45:41.485,1,-1.526903,1.435425,-2.223498,training_point
09:45:41.485,2,-2.702852,1.502896,-2.076821,training_point
09:45:41.567,1,-1.526328,1.435499,-2.222515,training_point
09:45:41.567,2,-2.701721,1.503321,-2.077208,training_point
09:45:41.700,1,-1.525992,1.435518,-2.221323,training_point
09:45:41.701,2,-2.701006,1.503128,-2.076418,training_point
09:45:41.834,1,-1.525663,1.435278,-2.220246,training_point
09:45:41.834,2,-2.699034,1.503145,-2.078605,training_point
09:45:41.967,1,-1.525769,1.435336,-2.219525,training_point
09:45:41.967,2,-2.7009,1.503233,-2.079163,training_point
09:45:42.100,1,-1.525721,1.435612,-2.218845,training_point
09:45:42.101,2,-2.700969,1.50285,-2.079375,training_point
09:45:42.185,1,-1.525939,1.43558,-2.218714,training_point
09:45:42.185,2,-2.701551,1.502889,-2.07908,training_point
09:45:42.267,1,-1.525868,1.435545,-2.218112,training_point
09:45:42.267,2,-2.701118,1.503198,-2.07965,training_point
09:45:42.400,1,-1.526086,1.435445,-2.218212,training_point
09:45:42.401,2,-2.701494,1.502889,-2.07811,training_point
09:45:42.534,1,-1.526247,1.435757,-2.218228,training_point
09:45:42.534,2,-2.703027,1.502967,-2.078976,training_point
09:45:42.685,1,-1.526646,1.435899,-2.218353,training_point
09:45:42.685,2,-2.704073,1.502908,-2.078952,training_point
09:45:42.785,1,-1.527054,1.436023,-2.218685,training_point
09:45:42.785,2,-2.703933,1.502915,-2.080043,training_point
09:45:42.867,1,-1.527516,1.436468,-2.219014,training_point
09:45:42.867,2,-2.705524,1.502906,-2.08134,training_point
09:45:42.951,1,-1.527832,1.436644,-2.219163,training_point
09:45:42.952,2,-2.701954,1.502883,-2.079881,training_point
09:45:43.051,1,-1.528218,1.437046,-2.219574,training_point
09:45:43.052,2,-2.702317,1.502554,-2.079978,training_point
09:45:43.134,1,-1.528575,1.436362,-2.219607,training_point
09:45:43.134,2,-2.702769,1.50254,-2.080181,training_point
09:45:43.267,1,-1.529118,1.436792,-2.21989,training_point
09:45:43.267,2,-2.704972,1.502348,-2.079956,training_point
09:45:43.350,1,-1.52915,1.436476,-2.219819,training_point
09:45:43.351,2,-2.705135,1.502633,-2.080613,training_point
09:45:43.501,1,-1.529402,1.437549,-2.219955,training_point
09:45:43.502,2,-2.705273,1.502582,-2.081403,training_point
09:45:43.584,1,-1.529836,1.42795,-2.219865,training_point
09:45:43.584,2,-2.705436,1.502629,-2.081186,training_point
09:45:43.717,1,-1.530079,1.424732,-2.219805,training_point
09:45:43.717,2,-2.703501,1.501968,-2.079657,training_point
09:45:43.867,1,-1.530521,1.422492,-2.21984,training_point
09:45:43.867,2,-2.703199,1.501971,-2.079487,training_point
09:45:43.951,1,-1.53074,1.426744,-2.219662,training_point
09:45:43.952,2,-2.703156,1.501964,-2.079647,training_point
09:45:44.034,1,-1.531198,1.42342,-2.219583,training_point
09:45:44.034,2,-2.702682,1.501916,-2.079651,training_point
09:45:44.167,1,-1.531636,1.422327,-2.219454,training_point
09:45:44.167,2,-2.70422,1.501928,-2.079685,training_point
09:45:44.251,1,-1.531602,1.421491,-2.219286,training_point
09:45:44.252,2,-2.703573,1.502023,-2.07986,training_point
09:45:44.334,1,-1.531958,1.423392,-2.218649,training_point
09:45:44.334,2,-2.705694,1.501603,-2.081222,training_point
09:45:44.467,1,-1.531635,1.422748,-2.217984,training_point
09:45:44.467,2,-2.703944,1.501866,-2.079282,training_point
09:45:44.551,1,-1.531306,1.420658,-2.217728,training_point
09:45:44.551,2,-2.703273,1.501904,-2.078902,training_point
09:45:44.651,1,-1.531124,1.419751,-2.217504,training_point
09:45:44.652,2,-2.703521,1.502132,-2.081139,training_point
09:45:44.734,1,-1.530577,1.423899,-2.216975,training_point
09:45:44.734,2,-2.704151,1.502248,-2.082244,training_point
09:45:44.867,1,-1.529919,1.422075,-2.216033,training_point
09:45:44.867,2,-2.704919,1.502202,-2.081477,training_point
09:45:45.000,1,-1.529111,1.427099,-2.21492,training_point
09:45:45.001,2,-2.704598,1.502026,-2.080614,training_point
09:45:45.151,1,-1.52805,1.427993,-2.213184,training_point
09:45:45.152,2,-2.704975,1.501739,-2.080388,training_point
09:45:45.251,1,-1.526931,1.427622,-2.21138,training_point
09:45:45.252,2,-2.705177,1.501687,-2.079732,training_point
09:45:45.334,1,-1.526276,1.424272,-2.209961,training_point
09:45:45.334,2,-2.70553,1.501779,-2.080224,training_point
09:45:45.485,1,-1.524457,1.426544,-2.206324,training_point
09:45:45.485,2,-2.705064,1.501988,-2.079374,training_point
09:45:45.586,1,-1.52413,1.426787,-2.205819,training_point
09:45:45.586,2,-2.7053,1.502193,-2.079083,training_point
09:45:45.667,1,-1.52207,1.426783,-2.200392,training_point
09:45:45.667,2,-2.705703,1.502186,-2.079665,training_point
09:45:45.751,1,-1.521679,1.429099,-2.198835,training_point
09:45:45.752,2,-2.704718,1.502562,-2.078677,training_point
09:45:45.834,1,-1.521727,1.429366,-2.196609,training_point
09:45:45.834,2,-2.704708,1.502553,-2.078831,training_point
09:45:45.917,1,-1.522854,1.429433,-2.197998,training_point
09:45:45.917,2,-2.705572,1.503131,-2.078941,training_point
09:45:46.000,1,-1.523369,1.429775,-2.197246,training_point
09:45:46.001,2,-2.704964,1.502463,-2.078293,training_point
09:45:46.134,1,-1.52483,1.427698,-2.197235,training_point
09:45:46.134,2,-2.705752,1.50248,-2.079877,training_point
09:45:46.267,1,-1.525779,1.428186,-2.197624,training_point
09:45:46.267,2,-2.706107,1.502426,-2.080633,training_point
09:45:46.351,1,-1.526498,1.425583,-2.19908,training_point
09:45:46.351,2,-2.706547,1.502745,-2.079039,training_point
09:45:46.434,1,-1.5267,1.424311,-2.198376,training_point
09:45:46.434,2,-2.707188,1.502693,-2.078776,training_point
09:45:46.567,1,-1.526817,1.425645,-2.198701,training_point
09:45:46.567,2,-2.706968,1.502703,-2.078622,training_point
09:45:46.651,1,-1.526775,1.426978,-2.199463,training_point
09:45:46.651,2,-2.706921,1.502708,-2.07852,training_point
09:45:46.734,1,-1.525811,1.428587,-2.198254,training_point
09:45:46.734,2,-2.707029,1.502774,-2.078443,training_point
09:45:46.867,1,-1.525106,1.426275,-2.198119,training_point
09:45:46.867,2,-2.707169,1.502526,-2.079184,training_point
09:45:47.001,1,-1.525124,1.424692,-2.19955,training_point
09:45:47.001,2,-2.707355,1.502427,-2.079358,training_point
09:45:47.134,1,-1.524458,1.421769,-2.198738,training_point
09:45:47.134,2,-2.706451,1.502119,-2.079787,training_point
09:45:47.285,1,-1.523409,1.420837,-2.19663,training_point
09:45:47.285,2,-2.707195,1.501897,-2.079128,training_point
09:45:47.385,1,-1.524163,1.419769,-2.196664,training_point
09:45:47.385,2,-2.707673,1.502343,-2.079301,training_point
09:45:47.467,1,-1.524665,1.422194,-2.195923,training_point
09:45:47.467,2,-2.710082,1.502332,-2.080035,training_point
09:45:47.552,1,-1.525625,1.421322,-2.197636,training_point
09:45:47.552,2,-2.708756,1.502919,-2.079599,training_point
09:45:47.634,1,-1.526534,1.422356,-2.198801,training_point
09:45:47.634,2,-2.708126,1.503419,-2.08174,training_point
09:45:47.767,1,-1.527498,1.422922,-2.198019,training_point
09:45:47.767,2,-2.708403,1.504123,-2.082202,training_point
09:45:47.852,1,-1.527665,1.423053,-2.196982,training_point
09:45:47.852,2,-2.706937,1.503263,-2.080758,training_point
09:45:47.934,1,-1.527899,1.422003,-2.198426,training_point
09:45:47.934,2,-2.707562,1.503222,-2.080885,training_point
09:45:48.067,1,-1.527717,1.422596,-2.198958,training_point
09:45:48.067,2,-2.709026,1.503863,-2.081651,training_point
09:45:48.151,1,-1.52758,1.426159,-2.199016,training_point
09:45:48.151,2,-2.709049,1.503825,-2.081453,training_point
09:45:48.234,1,-1.527283,1.425656,-2.199814,training_point
09:45:48.234,2,-2.709272,1.503917,-2.081182,training_point
09:45:48.385,1,-1.526873,1.423741,-2.201262,training_point
09:45:48.385,2,-2.710163,1.504164,-2.081322,training_point
09:45:48.484,1,-1.526195,1.422122,-2.202049,training_point
09:45:48.484,2,-2.710117,1.504484,-2.082475,training_point
09:45:48.585,1,-1.525651,1.421875,-2.202785,training_point
09:45:48.585,2,-2.710538,1.504276,-2.081818,training_point
09:45:48.667,1,-1.525357,1.421319,-2.203371,training_point
09:45:48.667,2,-2.711169,1.504582,-2.082192,training_point
09:45:48.752,1,-1.525304,1.421133,-2.203677,training_point
09:45:48.752,2,-2.710116,1.504541,-2.081233,training_point
09:45:48.834,1,-1.524911,1.423112,-2.20354,training_point
09:45:48.834,2,-2.710522,1.503763,-2.080636,training_point
09:45:48.967,1,-1.524886,1.42152,-2.204107,training_point
09:45:48.967,2,-2.711193,1.503563,-2.08063,training_point
09:45:49.051,1,-1.524818,1.424734,-2.204451,training_point
09:45:49.051,2,-2.711167,1.504536,-2.081014,training_point
09:45:49.134,1,-1.524753,1.424346,-2.20481,training_point
09:45:49.134,2,-2.711158,1.504135,-2.080911,training_point
09:45:49.217,1,-1.524167,1.42329,-2.203978,training_point
09:45:49.217,2,-2.71065,1.504044,-2.080424,training_point
09:45:49.317,1,-1.523934,1.421286,-2.20422,training_point
09:45:49.317,2,-2.70841,1.503271,-2.079348,training_point
09:45:49.501,1,-1.52377,1.422338,-2.204375,training_point
09:45:49.501,2,-2.708695,1.502852,-2.07896,training_point
09:45:49.601,1,-1.522093,1.426087,-2.202031,training_point
09:45:49.601,2,-2.7071,1.503027,-2.079361,training_point
09:45:49.684,1,-1.522312,1.428121,-2.201436,training_point
09:45:49.684,2,-2.707782,1.502752,-2.079188,training_point
09:45:49.785,1,-1.521668,1.427012,-2.200701,training_point
09:45:49.785,2,-2.707901,1.502689,-2.078866,training_point
09:45:49.867,1,-1.521995,1.426981,-2.202252,training_point
09:45:49.867,2,-2.704558,1.502674,-2.077868,training_point
09:45:50.001,1,-1.520583,1.424094,-2.201575,training_point
09:45:50.001,2,-2.70625,1.502247,-2.077717,training_point
09:45:50.134,1,-1.519219,1.423241,-2.200859,training_point
09:45:50.134,2,-2.707377,1.502008,-2.079566,training_point
09:45:50.267,1,-1.517857,1.422328,-2.200565,training_point
09:45:50.267,2,-2.706745,1.501499,-2.077293,training_point
09:45:50.401,1,-1.515799,1.421212,-2.200067,training_point
09:45:50.401,2,-2.706109,1.501461,-2.077141,training_point
09:45:50.534,1,-1.512617,1.424003,-2.198827,training_point
09:45:50.534,2,-2.706338,1.501405,-2.07683,training_point
09:45:50.685,1,-1.510603,1.421704,-2.198857,training_point
09:45:50.685,2,-2.705319,1.501277,-2.076316,training_point
09:45:50.767,1,-1.51027,1.424995,-2.198888,training_point
09:45:50.767,2,-2.706317,1.501215,-2.075635,training_point
09:45:50.851,1,-1.509869,1.424007,-2.199748,training_point
09:45:50.851,2,-2.705208,1.501499,-2.076203,training_point
09:45:50.934,1,-1.509274,1.42137,-2.200347,training_point
09:45:50.934,2,-2.7062,1.501372,-2.075338,training_point
09:45:51.017,1,-1.509272,1.419669,-2.200831,training_point
09:45:51.017,2,-2.705672,1.501297,-2.075874,training_point
09:45:51.151,1,-1.509347,1.419675,-2.201782,training_point
09:45:51.151,2,-2.707358,1.501239,-2.0759,training_point
09:45:51.234,1,-1.509301,1.419701,-2.202124,training_point
09:45:51.234,2,-2.707061,1.501336,-2.075702,training_point
09:45:51.367,1,-1.509682,1.419392,-2.202896,training_point
09:45:51.367,2,-2.708577,1.501136,-2.075808,training_point
09:45:51.501,1,-1.510126,1.422119,-2.203574,training_point
09:45:51.501,2,-2.708861,1.501259,-2.07581,training_point
09:45:51.634,1,-1.510127,1.421152,-2.203522,training_point
09:45:51.634,2,-2.709355,1.500769,-2.075559,training_point
09:45:51.767,1,-1.510077,1.423205,-2.203806,training_point
09:45:51.767,2,-2.710234,1.50083,-2.075974,training_point
09:45:51.901,1,-1.51021,1.421608,-2.203967,training_point
09:45:51.901,2,-2.710029,1.501005,-2.075823,training_point
09:45:52.034,1,-1.510616,1.421476,-2.204284,training_point
09:45:52.034,2,-2.710305,1.500717,-2.075927,training_point
09:45:52.167,1,-1.511435,1.426447,-2.205305,training_point
09:45:52.167,2,-2.709578,1.500579,-2.076161,training_point
09:45:52.301,1,-1.511818,1.422867,-2.205122,training_point
09:45:52.301,2,-2.706567,1.500593,-2.076306,training_point
09:45:52.434,1,-1.512465,1.428647,-2.204655,training_point
09:45:52.434,2,-2.705256,1.500802,-2.078064,training_point
09:45:52.567,1,-1.513157,1.423286,-2.204363,training_point
09:45:52.567,2,-2.703421,1.500972,-2.080011,training_point
09:45:52.701,1,-1.513706,1.422792,-2.203325,training_point
09:45:52.701,2,-2.701911,1.500648,-2.08174,training_point
09:45:52.834,1,-1.514419,1.422973,-2.203435,training_point
09:45:52.834,2,-2.701294,1.500318,-2.083216,training_point
09:45:52.967,1,-1.514716,1.423483,-2.203129,training_point
09:45:52.967,2,-2.70004,1.500205,-2.083617,training_point
09:45:53.101,1,-1.514671,1.420917,-2.202685,training_point
09:45:53.101,2,-2.699091,1.499601,-2.084248,training_point
09:45:53.234,1,-1.514745,1.425428,-2.2017,training_point
09:45:53.234,2,-2.699041,1.499468,-2.0845,training_point
09:45:53.367,1,-1.514301,1.424031,-2.200185,training_point
09:45:53.367,2,-2.698227,1.499172,-2.084137,training_point
09:45:53.501,1,-1.514338,1.425658,-2.200022,training_point
09:45:53.501,2,-2.697467,1.498453,-2.084011,training_point
09:45:53.585,1,-1.514329,1.422924,-2.19997,training_point
09:45:53.585,2,-2.698646,1.498736,-2.082634,training_point
09:45:53.667,1,-1.514318,1.42317,-2.199777,training_point
09:45:53.667,2,-2.698063,1.498953,-2.082407,training_point
09:45:53.751,1,-1.51431,1.422003,-2.199884,training_point
09:45:53.751,2,-2.697658,1.498531,-2.082126,training_point
09:45:53.834,1,-1.513861,1.421562,-2.199575,training_point
09:45:53.834,2,-2.696535,1.498828,-2.081299,training_point
09:45:53.917,1,-1.51386,1.420585,-2.199442,training_point
09:45:53.917,2,-2.696396,1.499162,-2.081498,training_point
09:45:54.051,1,-1.513607,1.42048,-2.19927,training_point
09:45:54.051,2,-2.696812,1.499028,-2.079779,training_point
09:45:54.184,1,-1.514041,1.420285,-2.199647,training_point
09:45:54.184,2,-2.695387,1.499108,-2.080085,training_point
09:45:54.317,1,-1.514351,1.419565,-2.199741,training_point
09:45:54.317,2,-2.694488,1.498616,-2.079583,training_point
09:45:54.401,1,-1.514274,1.419235,-2.199673,training_point
09:45:54.402,2,-2.693158,1.498787,-2.080234,training_point
09:45:54.484,1,-1.51439,1.417034,-2.199702,training_point
09:45:54.484,2,-2.690945,1.498822,-2.080374,training_point
09:45:54.617,1,-1.514881,1.41915,-2.200081,training_point
09:45:54.617,2,-2.68887,1.498892,-2.081168,training_point
09:45:54.751,1,-1.514989,1.420016,-2.20027,training_point
09:45:54.751,2,-2.688213,1.499403,-2.080828,training_point
09:45:54.884,1,-1.515202,1.422639,-2.200588,training_point
09:45:54.884,2,-2.687501,1.499633,-2.081338,training_point
09:45:54.968,1,-1.515233,1.423409,-2.200546,training_point
09:45:54.969,2,-2.687074,1.499827,-2.082282,training_point
09:45:55.051,1,-1.515435,1.424413,-2.200664,training_point
09:45:55.051,2,-2.686967,1.499814,-2.08263,training_point
09:45:55.184,1,-1.515537,1.42409,-2.20093,training_point
09:45:55.184,2,-2.685915,1.499844,-2.083143,training_point
09:45:55.268,1,-1.515731,1.423827,-2.2012,training_point
09:45:55.268,2,-2.685759,1.50061,-2.083525,training_point
09:45:55.351,1,-1.516033,1.424569,-2.20126,training_point
09:45:55.351,2,-2.685204,1.500341,-2.084458,training_point
09:45:55.434,1,-1.516139,1.424652,-2.201531,training_point
09:45:55.434,2,-2.68602,1.500494,-2.084717,training_point
09:45:55.518,1,-1.516231,1.421063,-2.201834,training_point
09:45:55.518,2,-2.684761,1.50029,-2.085315,training_point
09:45:55.601,1,-1.516114,1.421578,-2.20198,training_point
09:45:55.601,2,-2.684662,1.500201,-2.083791,training_point
09:45:55.685,1,-1.516303,1.422177,-2.202471,training_point
09:45:55.686,2,-2.684449,1.499249,-2.084463,training_point
09:45:55.767,1,-1.516417,1.423404,-2.202589,training_point
09:45:55.767,2,-2.688605,1.498576,-2.082824,training_point
09:45:55.901,1,-1.516561,1.423401,-2.202855,training_point
09:45:55.901,2,-2.689119,1.4992,-2.083311,training_point
09:45:56.034,1,-1.516574,1.418987,-2.203183,training_point
09:45:56.034,2,-2.689575,1.499345,-2.083838,training_point
09:45:56.167,1,-1.516521,1.420441,-2.203488,training_point
09:45:56.167,2,-2.689703,1.499502,-2.08433,training_point
09:45:56.301,1,-1.51653,1.421016,-2.203775,training_point
09:45:56.301,2,-2.690281,1.499755,-2.083962,training_point
09:45:56.385,1,-1.516572,1.421428,-2.203863,training_point
09:45:56.385,2,-2.690697,1.499939,-2.084375,training_point
09:45:56.467,1,-1.516188,1.42178,-2.204067,training_point
09:45:56.467,2,-2.690776,1.499731,-2.084217,training_point
09:45:56.551,1,-1.516278,1.422136,-2.204529,training_point
09:45:56.551,2,-2.690993,1.499914,-2.084541,training_point
09:45:56.634,1,-1.516493,1.42236,-2.205002,training_point
09:45:56.634,2,-2.692086,1.500126,-2.084508,training_point
09:45:56.717,1,-1.51699,1.422334,-2.205747,training_point
09:45:56.718,2,-2.692552,1.500116,-2.084209,training_point
09:45:56.801,1,-1.517058,1.423002,-2.205799,training_point
09:45:56.801,2,-2.693212,1.499895,-2.083725,training_point
09:45:56.885,1,-1.517016,1.423764,-2.20567,training_point
09:45:56.885,2,-2.693272,1.500148,-2.083535,training_point
09:45:56.985,1,-1.517214,1.42519,-2.205527,training_point
09:45:56.985,2,-2.693743,1.500174,-2.083395,training_point
09:45:57.067,1,-1.517364,1.425159,-2.205659,training_point
09:45:57.067,2,-2.693901,1.500439,-2.082545,training_point
09:45:57.152,1,-1.51769,1.425241,-2.205943,training_point
09:45:57.152,2,-2.693962,1.500277,-2.082667,training_point
09:45:57.234,1,-1.517819,1.419,-2.206508,training_point
09:45:57.234,2,-2.694395,1.500339,-2.082664,training_point
09:45:57.367,1,-1.517788,1.421232,-2.206446,training_point
09:45:57.367,2,-2.694399,1.50039,-2.08161,training_point
09:45:57.451,1,-1.51751,1.423618,-2.206352,training_point
09:45:57.451,2,-2.694409,1.500513,-2.081907,training_point
09:45:57.534,1,-1.517598,1.424313,-2.206356,training_point
09:45:57.534,2,-2.694788,1.500583,-2.081412,training_point
09:45:57.618,1,-1.518238,1.427142,-2.207405,training_point
09:45:57.618,2,-2.695047,1.500565,-2.080935,training_point
09:45:57.701,1,-1.51867,1.428757,-2.207611,training_point
09:45:57.701,2,-2.694857,1.50075,-2.081172,training_point
09:45:57.834,1,-1.518938,1.42956,-2.207413,training_point
09:45:57.834,2,-2.695557,1.500994,-2.080965,training_point
09:45:57.967,1,-1.519199,1.429994,-2.207518,training_point
09:45:57.967,2,-2.695511,1.500745,-2.080842,training_point
09:45:58.051,1,-1.519309,1.430496,-2.207538,training_point
09:45:58.051,2,-2.695438,1.501157,-2.081411,training_point
09:45:58.135,1,-1.519294,1.430383,-2.207443,training_point
09:45:58.135,2,-2.695493,1.501621,-2.081763,training_point
09:45:58.217,1,-1.519335,1.43059,-2.207569,training_point
09:45:58.217,2,-2.69589,1.501466,-2.081175,training_point
09:45:58.351,1,-1.519617,1.430821,-2.207421,training_point
09:45:58.351,2,-2.696006,1.501127,-2.081031,training_point
09:45:58.434,1,-1.519596,1.430668,-2.207464,training_point
09:45:58.434,2,-2.696072,1.500358,-2.081016,training_point
09:45:58.567,1,-1.519578,1.430633,-2.207535,training_point
09:45:58.567,2,-2.696454,1.500668,-2.08113,training_point
09:45:58.651,1,-1.519579,1.430802,-2.207125,training_point
09:45:58.651,2,-2.696474,1.501435,-2.081855,training_point
09:45:58.734,1,-1.519414,1.430912,-2.206768,training_point
09:45:58.734,2,-2.696474,1.501745,-2.081852,training_point
09:45:58.817,1,-1.519583,1.430928,-2.206828,training_point
09:45:58.818,2,-2.696443,1.501653,-2.081288,training_point
09:45:58.901,1,-1.519685,1.430971,-2.206408,training_point
09:45:58.901,2,-2.696259,1.501333,-2.081553,training_point
09:45:58.985,1,-1.519367,1.430942,-2.205971,training_point
09:45:58.985,2,-2.696273,1.501404,-2.081661,training_point
09:45:59.067,1,-1.519186,1.430781,-2.206141,training_point
09:45:59.067,2,-2.696514,1.501694,-2.081778,training_point
09:45:59.201,1,-1.519079,1.430883,-2.206026,training_point
09:45:59.201,2,-2.696789,1.501961,-2.081053,training_point
09:45:59.285,1,-1.519081,1.430927,-2.206014,training_point
09:45:59.285,2,-2.696978,1.50189,-2.081728,training_point
09:45:59.385,1,-1.51899,1.431132,-2.20593,training_point
09:45:59.385,2,-2.696627,1.500773,-2.081509,training_point
09:45:59.467,1,-1.518916,1.431037,-2.205804,training_point
09:45:59.467,2,-2.696318,1.500858,-2.081443,training_point
09:45:59.551,1,-1.518809,1.431114,-2.205364,training_point
09:45:59.551,2,-2.696246,1.501233,-2.080874,training_point
09:45:59.634,1,-1.518716,1.431377,-2.20534,training_point
09:45:59.634,2,-2.69649,1.501507,-2.080348,training_point
09:45:59.718,1,-1.518445,1.431309,-2.205148,training_point
09:45:59.718,2,-2.69598,1.501669,-2.080211,training_point
09:45:59.801,1,-1.518484,1.431397,-2.205048,training_point
09:45:59.801,2,-2.69569,1.501935,-2.07983,training_point
09:45:59.885,1,-1.518568,1.431462,-2.205056,training_point
09:45:59.885,2,-2.695209,1.501753,-2.080581,training_point
09:45:59.985,1,-1.51859,1.431635,-2.205029,training_point
09:45:59.985,2,-2.69479,1.502021,-2.080809,training_point
09:46:00.067,1,-1.518553,1.431846,-2.204981,training_point
09:46:00.067,2,-2.694779,1.501634,-2.080169,training_point
09:46:00.152,1,-1.518599,1.431871,-2.205064,training_point
09:46:00.152,2,-2.694889,1.501501,-2.080083,training_point
09:46:00.234,1,-1.518557,1.4318,-2.205175,training_point
09:46:00.234,2,-2.694322,1.501688,-2.080424,training_point
09:46:00.367,1,-1.518598,1.431706,-2.20517,training_point
09:46:00.367,2,-2.694485,1.501921,-2.079781,training_point
09:46:00.451,1,-1.518614,1.431744,-2.205182,training_point
09:46:00.452,2,-2.69417,1.501612,-2.080071,training_point
09:46:00.534,1,-1.518858,1.431517,-2.205356,training_point
09:46:00.534,2,-2.694017,1.501384,-2.08082,training_point
09:46:00.618,1,-1.518741,1.431465,-2.205485,training_point
09:46:00.619,2,-2.69341,1.502026,-2.08106,training_point
09:46:00.701,1,-1.5187,1.431347,-2.205333,training_point
09:46:00.701,2,-2.693853,1.50179,-2.080721,training_point
09:46:00.834,1,-1.518927,1.431839,-2.205091,training_point
09:46:00.834,2,-2.693708,1.501559,-2.080771,training_point
09:46:00.967,1,-1.519113,1.431797,-2.205277,training_point
09:46:00.968,2,-2.693009,1.50157,-2.080666,training_point
09:46:01.051,1,-1.519209,1.431874,-2.205242,training_point
09:46:01.051,2,-2.693454,1.50159,-2.080299,training_point
09:46:01.134,1,-1.519307,1.431974,-2.205486,training_point
09:46:01.134,2,-2.693302,1.501652,-2.080384,training_point
09:46:01.267,1,-1.519528,1.432086,-2.206024,training_point
09:46:01.267,2,-2.693919,1.501844,-2.08005,training_point
09:46:01.352,1,-1.519703,1.432096,-2.206122,training_point
09:46:01.352,2,-2.694029,1.501768,-2.079656,training_point
09:46:01.434,1,-1.519891,1.432101,-2.206585,training_point
09:46:01.434,2,-2.694678,1.501623,-2.079532,training_point
09:46:01.567,1,-1.520353,1.431903,-2.20744,training_point
09:46:01.567,2,-2.694901,1.501528,-2.079389,training_point
09:46:01.651,1,-1.520265,1.4319,-2.207392,training_point
09:46:01.652,2,-2.695073,1.501687,-2.079519,training_point
09:46:01.734,1,-1.520282,1.431654,-2.207807,training_point
09:46:01.734,2,-2.69593,1.501631,-2.079047,training_point
09:46:01.867,1,-1.52012,1.431738,-2.208008,training_point
09:46:01.867,2,-2.696052,1.5016,-2.079081,training_point
09:46:01.968,1,-1.520108,1.431678,-2.208113,training_point
09:46:01.969,2,-2.695988,1.501594,-2.079368,training_point
09:46:02.051,1,-1.520087,1.431772,-2.208547,training_point
09:46:02.051,2,-2.695899,1.501645,-2.07942,training_point
09:46:02.134,1,-1.519926,1.431634,-2.208566,training_point
09:46:02.134,2,-2.695788,1.501713,-2.079558,training_point
09:46:02.217,1,-1.51991,1.431551,-2.208666,training_point
09:46:02.217,2,-2.695563,1.50187,-2.079509,training_point
09:46:02.301,1,-1.519956,1.431663,-2.208762,training_point
09:46:02.301,2,-2.696275,1.501783,-2.078915,training_point
09:46:02.384,1,-1.519969,1.431656,-2.20873,training_point
09:46:02.384,2,-2.696362,1.501665,-2.078887,training_point
09:46:02.467,1,-1.520026,1.431318,-2.208833,training_point
09:46:02.467,2,-2.696266,1.502015,-2.079231,training_point
09:46:02.551,1,-1.520004,1.431209,-2.208728,training_point
09:46:02.551,2,-2.69631,1.502455,-2.079138,training_point
09:46:02.634,1,-1.51986,1.431331,-2.208554,training_point
09:46:02.634,2,-2.69663,1.502618,-2.07873,training_point
09:46:02.717,1,-1.519867,1.431275,-2.208184,training_point
09:46:02.717,2,-2.696508,1.502738,-2.078822,training_point
09:46:02.801,1,-1.520132,1.431333,-2.208092,training_point
09:46:02.801,2,-2.696615,1.502763,-2.079105,training_point
09:46:02.885,1,-1.520137,1.431313,-2.207896,training_point
09:46:02.886,2,-2.696916,1.502964,-2.079351,training_point
09:46:02.985,1,-1.520068,1.431182,-2.207699,training_point
09:46:02.985,2,-2.696877,1.503265,-2.079599,training_point
09:46:03.067,1,-1.520378,1.431419,-2.207613,training_point
09:46:03.068,2,-2.696873,1.503423,-2.079663,training_point
09:46:03.152,1,-1.520314,1.431467,-2.207372,training_point
09:46:03.152,2,-2.696894,1.503261,-2.079249,training_point
09:46:03.234,1,-1.520335,1.431358,-2.206897,training_point
09:46:03.234,2,-2.697189,1.503521,-2.078585,training_point
09:46:03.385,1,-1.520345,1.431472,-2.206597,training_point
09:46:03.385,2,-2.697231,1.503366,-2.078329,training_point
09:46:03.485,1,-1.520419,1.431686,-2.206636,training_point
09:46:03.485,2,-2.697148,1.503444,-2.077865,training_point
09:46:03.585,1,-1.520324,1.431895,-2.206445,training_point
09:46:03.585,2,-2.697204,1.503533,-2.077708,training_point
09:46:03.685,1,-1.520438,1.431935,-2.206199,training_point
09:46:03.686,2,-2.697139,1.503671,-2.077371,training_point
09:46:03.785,1,-1.520612,1.43196,-2.206099,training_point
09:46:03.785,2,-2.696715,1.503835,-2.077058,training_point
09:46:03.885,1,-1.520485,1.431941,-2.20601,training_point
09:46:03.886,2,-2.697041,1.503864,-2.076346,training_point
09:46:03.985,1,-1.520439,1.431885,-2.205888,training_point
09:46:03.985,2,-2.696791,1.503842,-2.076279,training_point
09:46:04.085,1,-1.520403,1.431945,-2.205824,training_point
09:46:04.085,2,-2.696985,1.50402,-2.076207,training_point
09:46:04.185,1,-1.520441,1.431784,-2.205707,training_point
09:46:04.185,2,-2.69679,1.504039,-2.07583,training_point
09:46:04.267,1,-1.520455,1.431897,-2.205544,training_point
09:46:04.268,2,-2.696454,1.504252,-2.075701,training_point
09:46:04.351,1,-1.520378,1.431935,-2.205563,training_point
09:46:04.352,2,-2.696246,1.504743,-2.075299,training_point
09:46:04.434,1,-1.520629,1.431636,-2.205535,training_point
09:46:04.434,2,-2.696344,1.50472,-2.075346,training_point
09:46:04.517,1,-1.520561,1.431471,-2.205475,training_point
09:46:04.518,2,-2.696081,1.504444,-2.075147,training_point
09:46:04.601,1,-1.520504,1.431083,-2.205371,training_point
09:46:04.601,2,-2.695125,1.5044,-2.074727,training_point
09:46:04.684,1,-1.520499,1.43084,-2.205393,training_point
09:46:04.684,2,-2.695041,1.504445,-2.07457,training_point
09:46:04.785,1,-1.520507,1.430467,-2.205331,training_point
09:46:04.785,2,-2.694799,1.504262,-2.07453,training_point
09:46:04.867,1,-1.52053,1.430341,-2.205334,training_point
09:46:04.868,2,-2.694173,1.504373,-2.073672,training_point
09:46:04.952,1,-1.520513,1.430417,-2.205276,training_point
09:46:04.952,2,-2.694034,1.504347,-2.073559,training_point
09:46:05.034,1,-1.520468,1.430167,-2.205153,training_point
09:46:05.034,2,-2.694378,1.504184,-2.073361,training_point
09:46:05.118,1,-1.520469,1.429802,-2.205299,training_point
09:46:05.119,2,-2.694299,1.503903,-2.073327,training_point
09:46:05.251,1,-1.52054,1.4298,-2.205561,training_point
09:46:05.251,2,-2.694857,1.503838,-2.073224,training_point
09:46:05.351,1,-1.520661,1.429656,-2.20576,training_point
09:46:05.351,2,-2.695305,1.503499,-2.072413,training_point
09:46:05.434,1,-1.520661,1.429812,-2.205861,training_point
09:46:05.434,2,-2.694821,1.503335,-2.072432,training_point
09:46:05.517,1,-1.520674,1.430031,-2.205922,training_point
09:46:05.518,2,-2.694283,1.503178,-2.072332,training_point
09:46:05.601,1,-1.520903,1.430382,-2.205995,training_point
09:46:05.601,2,-2.694836,1.503164,-2.07235,training_point
09:46:05.684,1,-1.521037,1.430774,-2.206159,training_point
09:46:05.684,2,-2.695161,1.503128,-2.07224,training_point
09:46:05.769,1,-1.521421,1.430717,-2.206415,training_point
09:46:05.769,2,-2.694849,1.502988,-2.07225,training_point
09:46:05.851,1,-1.521405,1.430856,-2.206512,training_point
09:46:05.851,2,-2.695545,1.503053,-2.071912,training_point
09:46:05.934,1,-1.521495,1.430803,-2.20655,training_point
09:46:05.934,2,-2.695542,1.503164,-2.07208,training_point
09:46:06.067,1,-1.521943,1.430882,-2.207039,training_point
09:46:06.068,2,-2.696996,1.503262,-2.073402,training_point
09:46:06.152,1,-1.521941,1.430919,-2.207058,training_point
09:46:06.152,2,-2.697159,1.503231,-2.07339,training_point
09:46:06.234,1,-1.522526,1.430974,-2.207321,training_point
09:46:06.234,2,-2.698126,1.503136,-2.07343,training_point
09:46:06.367,1,-1.522535,1.43127,-2.207304,training_point
09:46:06.368,2,-2.700183,1.503163,-2.073033,training_point
09:46:06.452,1,-1.522543,1.431297,-2.207297,training_point
09:46:06.452,2,-2.702865,1.503191,-2.072225,training_point
09:46:06.534,1,-1.522412,1.431168,-2.207212,training_point
09:46:06.534,2,-2.709921,1.503123,-2.069596,training_point
09:46:06.618,1,-1.522333,1.431692,-2.207174,training_point
09:46:06.619,2,-2.715443,1.503318,-2.068757,training_point
09:46:06.701,1,-1.521677,1.43168,-2.20685,training_point
09:46:06.701,2,-2.728148,1.503251,-2.064832,training_point
09:46:06.834,1,-1.521384,1.431673,-2.20643,training_point
09:46:06.834,2,-2.742395,1.503267,-2.060462,training_point
09:46:06.967,1,-1.521114,1.431851,-2.20613,training_point
09:46:06.968,2,-2.759381,1.502968,-2.05462,training_point
09:46:07.051,1,-1.520932,1.431922,-2.205573,training_point
09:46:07.051,2,-2.768439,1.503225,-2.049424,training_point
09:46:07.134,1,-1.520959,1.431902,-2.205369,training_point
09:46:07.134,2,-2.777813,1.503243,-2.047101,training_point
09:46:07.218,1,-1.521041,1.431915,-2.205194,training_point
09:46:07.219,2,-2.781295,1.503261,-2.045376,training_point
09:46:07.301,1,-1.521262,1.431829,-2.204558,training_point
09:46:07.301,2,-2.785285,1.503636,-2.041505,training_point
09:46:07.434,1,-1.521924,1.431383,-2.204262,training_point
09:46:07.434,2,-2.78918,1.503856,-2.038014,training_point
09:46:07.517,1,-1.522301,1.431256,-2.204042,training_point
09:46:07.518,2,-2.783402,1.504165,-2.038673,training_point
09:46:07.651,1,-1.523281,1.431427,-2.203598,training_point
09:46:07.651,2,-2.769524,1.504137,-2.038961,training_point
09:46:07.784,1,-1.524371,1.431089,-2.202641,training_point
09:46:07.784,2,-2.740251,1.504135,-2.040211,training_point
09:46:07.917,1,-1.525173,1.430547,-2.201407,training_point
09:46:07.917,2,-2.704988,1.50416,-2.042634,training_point
09:46:08.068,1,-1.525175,1.429195,-2.199779,training_point
09:46:08.069,2,-2.647205,1.504224,-2.049458,training_point
09:46:08.151,1,-1.525229,1.429157,-2.198829,training_point
09:46:08.151,2,-2.608137,1.503684,-2.057121,training_point
09:46:08.284,1,-1.525868,1.429251,-2.196529,training_point
09:46:08.284,2,-2.545571,1.503631,-2.074506,training_point
09:46:08.368,1,-1.525589,1.430684,-2.195727,training_point
09:46:08.369,2,-2.503457,1.50369,-2.085811,training_point
09:46:08.451,1,-1.525384,1.431868,-2.195421,training_point
09:46:08.451,2,-2.481619,1.503653,-2.09014,training_point
09:46:08.584,1,-1.526084,1.432478,-2.193511,training_point
09:46:08.584,2,-2.428959,1.503549,-2.104717,training_point
09:46:08.668,1,-1.525731,1.432369,-2.193217,training_point
09:46:08.669,2,-2.413164,1.50361,-2.109203,training_point
09:46:08.751,1,-1.525875,1.433043,-2.192271,training_point
09:46:08.751,2,-2.391451,1.503597,-2.114486,training_point
09:46:08.884,1,-1.525419,1.433186,-2.192212,training_point
09:46:08.884,2,-2.361509,1.503599,-2.120212,training_point
09:46:09.017,1,-1.525339,1.43217,-2.19159,training_point
09:46:09.018,2,-2.339165,1.503698,-2.1225,training_point
09:46:09.151,1,-1.525434,1.432059,-2.191341,training_point
09:46:09.151,2,-2.329127,1.503767,-2.123635,training_point
09:46:09.284,1,-1.525059,1.431143,-2.191743,training_point
09:46:09.284,2,-2.32293,1.503908,-2.125065,training_point
09:46:09.368,1,-1.524766,1.430056,-2.192235,training_point
09:46:09.368,2,-2.31996,1.504125,-2.126485,training_point
09:46:09.451,1,-1.524793,1.429933,-2.192717,training_point
09:46:09.451,2,-2.318675,1.504107,-2.128153,training_point
09:46:09.534,1,-1.525325,1.428763,-2.192815,training_point
09:46:09.534,2,-2.318363,1.503988,-2.131517,training_point
09:46:09.619,1,-1.525338,1.429071,-2.192985,training_point
09:46:09.619,2,-2.318362,1.503428,-2.134081,training_point
09:46:09.701,1,-1.525579,1.419696,-2.193294,training_point
09:46:09.701,2,-2.318202,1.502786,-2.138429,training_point
09:46:09.801,1,-1.525556,1.414866,-2.193565,training_point
09:46:09.802,2,-2.31812,1.502393,-2.140251,training_point
09:46:09.902,1,-1.525541,1.407804,-2.193726,training_point
09:46:09.902,2,-2.319098,1.5023,-2.143196,training_point
09:46:09.984,1,-1.525544,1.414943,-2.194435,training_point
09:46:09.984,2,-2.32185,1.502305,-2.14458,training_point
09:46:10.135,1,-1.52543,1.409104,-2.195215,training_point
09:46:10.136,2,-2.323636,1.501309,-2.145642,training_point
09:46:10.217,1,-1.525603,1.406635,-2.195661,training_point
09:46:10.218,2,-2.324635,1.501368,-2.145277,training_point
09:46:10.301,1,-1.525607,1.402474,-2.196021,training_point
09:46:10.301,2,-2.32646,1.501268,-2.144363,training_point
09:46:10.384,1,-1.526248,1.400396,-2.196331,training_point
09:46:10.384,2,-2.326317,1.500544,-2.14477,training_point
09:46:10.517,1,-1.526024,1.398361,-2.196766,training_point
09:46:10.518,2,-2.326518,1.500738,-2.14481,training_point
09:46:10.601,1,-1.52706,1.400883,-2.197994,training_point
09:46:10.601,2,-2.326068,1.500486,-2.144561,training_point
09:46:10.734,1,-1.526792,1.40086,-2.198206,training_point
09:46:10.734,2,-2.326273,1.500364,-2.143985,training_point
09:46:10.867,1,-1.526574,1.400947,-2.198552,training_point
09:46:10.868,2,-2.32546,1.50017,-2.143311,training_point
09:46:10.951,1,-1.52653,1.405737,-2.198619,training_point
09:46:10.952,2,-2.326889,1.500175,-2.142114,training_point
09:46:11.034,1,-1.526444,1.408202,-2.198822,training_point
09:46:11.034,2,-2.327307,1.500087,-2.141297,training_point
09:46:11.168,1,-1.526312,1.409848,-2.199078,training_point
09:46:11.168,2,-2.326206,1.500055,-2.141469,training_point
09:46:11.251,1,-1.526787,1.409651,-2.198562,training_point
09:46:11.252,2,-2.326012,1.500112,-2.141121,training_point
09:46:11.334,1,-1.526728,1.409568,-2.199128,training_point
09:46:11.334,2,-2.325438,1.499754,-2.14129,training_point
09:46:11.467,1,-1.526574,1.407859,-2.199128,training_point
09:46:11.468,2,-2.324889,1.499681,-2.141112,training_point
09:46:11.601,1,-1.526394,1.407924,-2.199089,training_point
09:46:11.601,2,-2.325002,1.499646,-2.140605,training_point
09:46:11.734,1,-1.527033,1.404928,-2.198845,training_point
09:46:11.734,2,-2.325177,1.499893,-2.140176,training_point
09:46:11.867,1,-1.528047,1.405467,-2.19869,training_point
09:46:11.868,2,-2.325398,1.500196,-2.140057,training_point
09:46:11.952,1,-1.527784,1.405436,-2.198652,training_point
09:46:11.952,2,-2.32542,1.50026,-2.139952,training_point
09:46:12.034,1,-1.527875,1.406171,-2.19866,training_point
09:46:12.034,2,-2.325581,1.500351,-2.139687,training_point
09:46:12.118,1,-1.527628,1.405363,-2.198715,training_point
09:46:12.118,2,-2.325677,1.500235,-2.13964,training_point
09:46:12.201,1,-1.527352,1.405209,-2.198712,training_point
09:46:12.201,2,-2.324072,1.500511,-2.140704,training_point
09:46:12.284,1,-1.527635,1.405351,-2.198498,training_point
09:46:12.284,2,-2.32278,1.501015,-2.141074,training_point
09:46:12.368,1,-1.527493,1.405901,-2.198731,training_point
09:46:12.368,2,-2.323485,1.501416,-2.140566,training_point
09:46:12.451,1,-1.527353,1.406027,-2.198792,training_point
09:46:12.452,2,-2.324269,1.500527,-2.140351,training_point
09:46:12.534,1,-1.527961,1.405088,-2.198616,training_point
09:46:12.534,2,-2.323908,1.500813,-2.140757,training_point
09:46:12.667,1,-1.528792,1.405449,-2.198766,training_point
09:46:12.668,2,-2.323477,1.500687,-2.141338,training_point
09:46:12.801,1,-1.529138,1.405936,-2.198355,training_point
09:46:12.801,2,-2.324097,1.500752,-2.141411,training_point
09:46:12.934,1,-1.529045,1.405434,-2.198604,training_point
09:46:12.934,2,-2.325117,1.50078,-2.140857,training_point
09:46:13.067,1,-1.529333,1.405753,-2.198336,training_point
09:46:13.068,2,-2.324681,1.50093,-2.141106,training_point
09:46:13.201,1,-1.529244,1.405949,-2.198385,training_point
09:46:13.201,2,-2.32537,1.501409,-2.141079,training_point
09:46:13.334,1,-1.528573,1.405962,-2.198395,training_point
09:46:13.334,2,-2.325545,1.501314,-2.141165,training_point
09:46:13.467,1,-1.528497,1.406076,-2.198146,training_point
09:46:13.468,2,-2.325777,1.501262,-2.141227,training_point
09:46:13.601,1,-1.52791,1.406367,-2.198055,training_point
09:46:13.601,2,-2.32684,1.501156,-2.140805,training_point
09:46:13.734,1,-1.527622,1.405105,-2.198148,training_point
09:46:13.734,2,-2.326405,1.501231,-2.141124,training_point
09:46:13.867,1,-1.52722,1.404901,-2.198063,training_point
09:46:13.868,2,-2.327192,1.500712,-2.140811,training_point
09:46:13.952,1,-1.527094,1.404494,-2.1981,training_point
09:46:13.952,2,-2.327443,1.500963,-2.140653,training_point
09:46:14.034,1,-1.527105,1.404497,-2.197724,training_point
09:46:14.034,2,-2.326605,1.500936,-2.140864,training_point
09:46:14.168,1,-1.527438,1.40413,-2.197242,training_point
09:46:14.168,2,-2.32639,1.500826,-2.140545,training_point
09:46:14.301,1,-1.527646,1.404256,-2.197018,training_point
09:46:14.301,2,-2.327356,1.501114,-2.140109,training_point
09:46:14.434,1,-1.527407,1.404076,-2.197058,training_point
09:46:14.434,2,-2.327889,1.50102,-2.139917,training_point
09:46:14.567,1,-1.527162,1.403752,-2.196955,training_point
09:46:14.568,2,-2.328263,1.501147,-2.139858,training_point
09:46:14.651,1,-1.52717,1.403991,-2.196907,training_point
09:46:14.651,2,-2.328373,1.501413,-2.139852,training_point
09:46:14.734,1,-1.527777,1.404202,-2.196513,training_point
09:46:14.734,2,-2.328648,1.501713,-2.139811,training_point
09:46:14.818,1,-1.528689,1.404471,-2.196271,training_point
09:46:14.818,2,-2.328043,1.50119,-2.14023,training_point
09:46:14.968,1,-1.529567,1.405353,-2.195696,training_point
09:46:14.968,2,-2.328401,1.501368,-2.139981,training_point
09:46:15.069,1,-1.529764,1.405173,-2.195184,training_point
09:46:15.069,2,-2.328004,1.501308,-2.140825,training_point
09:46:15.151,1,-1.531173,1.405484,-2.195085,training_point
09:46:15.151,2,-2.327294,1.501046,-2.141534,training_point
09:46:15.234,1,-1.530723,1.405032,-2.195137,training_point
09:46:15.234,2,-2.326808,1.501147,-2.141716,training_point
09:46:15.318,1,-1.530559,1.404875,-2.194967,training_point
09:46:15.318,2,-2.327341,1.501304,-2.141538,training_point
09:46:15.469,1,-1.530401,1.405229,-2.194921,training_point
09:46:15.469,2,-2.328173,1.501081,-2.140936,training_point
09:46:15.551,1,-1.529511,1.405729,-2.195282,training_point
09:46:15.551,2,-2.328595,1.501212,-2.140696,training_point
09:46:15.635,1,-1.529154,1.405164,-2.195689,training_point
09:46:15.635,2,-2.328991,1.501189,-2.140738,training_point
09:46:15.718,1,-1.529143,1.405063,-2.195782,training_point
09:46:15.718,2,-2.329554,1.501198,-2.140578,training_point
09:46:15.851,1,-1.528853,1.405079,-2.196056,training_point
09:46:15.851,2,-2.329637,1.501197,-2.140464,training_point
09:46:15.984,1,-1.528119,1.404654,-2.1966,training_point
09:46:15.984,2,-2.329912,1.501802,-2.140308,training_point
09:46:16.117,1,-1.527662,1.405274,-2.196967,training_point
09:46:16.118,2,-2.330082,1.501454,-2.14028,training_point
09:46:16.234,1,-1.52759,1.405386,-2.197155,training_point
09:46:16.234,2,-2.33011,1.501127,-2.140298,training_point
09:46:16.318,1,-1.528078,1.404958,-2.197262,training_point
09:46:16.318,2,-2.330422,1.501244,-2.140361,training_point
09:46:16.451,1,-1.529103,1.405221,-2.197499,training_point
09:46:16.451,2,-2.329602,1.501019,-2.140789,training_point
09:46:16.584,1,-1.528549,1.405491,-2.197684,training_point
09:46:16.584,2,-2.328639,1.501281,-2.141084,training_point
09:46:16.668,1,-1.52844,1.405519,-2.197952,training_point
09:46:16.669,2,-2.328833,1.500942,-2.141,training_point
09:46:16.751,1,-1.528099,1.405453,-2.198022,training_point
09:46:16.751,2,-2.3291,1.500527,-2.140857,training_point
09:46:16.834,1,-1.528356,1.40544,-2.197872,training_point
09:46:16.835,2,-2.328585,1.500596,-2.141037,training_point
09:46:16.918,1,-1.528776,1.405774,-2.197687,training_point
09:46:16.918,2,-2.328884,1.500669,-2.140815,training_point
09:46:17.051,1,-1.528969,1.405623,-2.197821,training_point
09:46:17.051,2,-2.327879,1.500222,-2.140731,training_point
09:46:17.134,1,-1.529188,1.405852,-2.198122,training_point
09:46:17.134,2,-2.328057,1.500502,-2.140654,training_point
09:46:17.268,1,-1.530036,1.40614,-2.199055,training_point
09:46:17.268,2,-2.329252,1.500625,-2.140215,training_point
09:46:17.418,1,-1.529823,1.406047,-2.199114,training_point
09:46:17.419,2,-2.329259,1.501346,-2.140173,training_point
09:46:17.518,1,-1.529399,1.405546,-2.199611,training_point
09:46:17.518,2,-2.329343,1.500992,-2.139975,training_point
09:46:17.601,1,-1.529748,1.405207,-2.200299,training_point
09:46:17.601,2,-2.329566,1.500703,-2.139903,training_point
09:46:17.685,1,-1.530408,1.404449,-2.200482,training_point
09:46:17.685,2,-2.329608,1.500365,-2.139748,training_point
09:46:17.768,1,-1.530799,1.40372,-2.200853,training_point
09:46:17.768,2,-2.330138,1.500591,-2.139535,training_point
09:46:17.852,1,-1.530391,1.404145,-2.20105,training_point
09:46:17.852,2,-2.330133,1.500615,-2.139403,training_point
09:46:17.934,1,-1.52993,1.403873,-2.201713,training_point
09:46:17.934,2,-2.328985,1.500944,-2.139711,training_point
09:46:18.018,1,-1.529762,1.403923,-2.201977,training_point
09:46:18.018,2,-2.329095,1.500877,-2.139707,training_point
09:46:18.101,1,-1.529791,1.403943,-2.202433,training_point
09:46:18.101,2,-2.329586,1.501369,-2.139566,training_point
09:46:18.234,1,-1.530217,1.403464,-2.203099,training_point
09:46:18.234,2,-2.32842,1.501108,-2.140489,training_point
09:46:18.318,1,-1.53053,1.403918,-2.203619,training_point
09:46:18.319,2,-2.328505,1.500942,-2.140455,training_point
09:46:18.401,1,-1.531134,1.40425,-2.203894,training_point
09:46:18.401,2,-2.328909,1.50112,-2.140408,training_point
09:46:18.534,1,-1.531543,1.404223,-2.204826,training_point
09:46:18.534,2,-2.329059,1.501216,-2.140975,training_point
09:46:18.618,1,-1.531359,1.403965,-2.205252,training_point
09:46:18.619,2,-2.32918,1.501283,-2.141156,training_point
09:46:18.701,1,-1.531719,1.404323,-2.205585,training_point
09:46:18.701,2,-2.328872,1.500706,-2.141899,training_point
09:46:18.784,1,-1.532385,1.403871,-2.206171,training_point
09:46:18.784,2,-2.329275,1.50103,-2.141836,training_point
09:46:18.868,1,-1.53265,1.404069,-2.206649,training_point
09:46:18.868,2,-2.328916,1.500797,-2.14242,training_point
09:46:18.952,1,-1.532948,1.404214,-2.20674,training_point
09:46:18.952,2,-2.328498,1.500263,-2.143057,training_point
09:46:19.101,1,-1.533397,1.404163,-2.206781,training_point
09:46:19.101,2,-2.328155,1.500311,-2.143434,training_point
09:46:19.184,1,-1.53418,1.404113,-2.207043,training_point
09:46:19.184,2,-2.328177,1.500424,-2.144074,training_point
09:46:19.268,1,-1.534196,1.404256,-2.207109,training_point
09:46:19.268,2,-2.328982,1.500647,-2.143985,training_point
09:46:19.351,1,-1.534927,1.404439,-2.207526,training_point
09:46:19.352,2,-2.328812,1.500905,-2.14444,training_point
09:46:19.434,1,-1.53502,1.404546,-2.207711,training_point
09:46:19.434,2,-2.329112,1.50095,-2.144949,training_point
09:46:19.518,1,-1.535251,1.404371,-2.207944,training_point
09:46:19.518,2,-2.328789,1.501293,-2.145606,training_point
09:46:19.601,1,-1.535591,1.404491,-2.207529,training_point
09:46:19.601,2,-2.328858,1.501457,-2.145955,training_point
09:46:19.734,1,-1.536168,1.404949,-2.20777,training_point
09:46:19.734,2,-2.328882,1.501394,-2.146531,training_point
09:46:19.818,1,-1.535639,1.404925,-2.207438,training_point
09:46:19.819,2,-2.330093,1.501503,-2.14605,training_point
09:46:19.901,1,-1.535775,1.40418,-2.20736,training_point
09:46:19.901,2,-2.330367,1.501756,-2.146477,training_point
09:46:20.034,1,-1.53467,1.404685,-2.206649,training_point
09:46:20.034,2,-2.333444,1.501898,-2.144784,training_point
09:46:20.118,1,-1.534242,1.404707,-2.206244,training_point
09:46:20.119,2,-2.336859,1.502039,-2.143536,training_point
09:46:20.201,1,-1.534924,1.404792,-2.206127,training_point
09:46:20.201,2,-2.348002,1.502429,-2.140786,training_point
09:46:20.334,1,-1.53523,1.404689,-2.205578,training_point
09:46:20.334,2,-2.37038,1.502376,-2.130056,training_point
09:46:20.418,1,-1.534539,1.404722,-2.205069,training_point
09:46:20.419,2,-2.389711,1.502436,-2.124017,training_point
09:46:20.501,1,-1.534553,1.404777,-2.204895,training_point
09:46:20.501,2,-2.413919,1.502728,-2.114934,training_point
09:46:20.634,1,-1.533455,1.404293,-2.204286,training_point
09:46:20.634,2,-2.453867,1.50291,-2.098714,training_point
09:46:20.718,1,-1.532906,1.404717,-2.204035,training_point
09:46:20.719,2,-2.477713,1.503143,-2.090871,training_point
09:46:20.801,1,-1.53303,1.404532,-2.203737,training_point
09:46:20.801,2,-2.506921,1.503206,-2.076745,training_point
09:46:20.885,1,-1.532596,1.405162,-2.203342,training_point
09:46:20.886,2,-2.523364,1.503008,-2.065846,training_point
09:46:20.969,1,-1.531734,1.405063,-2.202814,training_point
09:46:20.969,2,-2.54638,1.502836,-2.055438,training_point
09:46:21.052,1,-1.530693,1.405102,-2.20248,training_point
09:46:21.052,2,-2.576482,1.503331,-2.044727,training_point
09:46:21.152,1,-1.529774,1.40501,-2.201885,training_point
09:46:21.152,2,-2.59542,1.503318,-2.037542,training_point
09:46:21.234,1,-1.529053,1.405051,-2.201161,training_point
09:46:21.234,2,-2.609407,1.503219,-2.034388,training_point
09:46:21.368,1,-1.527215,1.405035,-2.200216,training_point
09:46:21.368,2,-2.629787,1.503556,-2.030393,training_point
09:46:21.501,1,-1.525703,1.40534,-2.198182,training_point
09:46:21.501,2,-2.64846,1.50352,-2.024897,training_point
09:46:21.634,1,-1.524281,1.40512,-2.196416,training_point
09:46:21.634,2,-2.660893,1.503158,-2.022088,training_point
09:46:21.784,1,-1.522713,1.405058,-2.194884,training_point
09:46:21.784,2,-2.666573,1.503211,-2.025636,training_point
09:46:21.868,1,-1.521901,1.405267,-2.194573,training_point
09:46:21.868,2,-2.667061,1.502968,-2.02625,training_point
09:46:22.001,1,-1.521237,1.406667,-2.194469,training_point
09:46:22.001,2,-2.66715,1.502873,-2.028454,training_point
09:46:22.084,1,-1.520943,1.407429,-2.194439,training_point
09:46:22.084,2,-2.668409,1.503059,-2.029474,training_point
09:46:22.169,1,-1.520004,1.409619,-2.194203,training_point
09:46:22.169,2,-2.669889,1.503172,-2.030028,training_point
09:46:22.251,1,-1.519636,1.413725,-2.194179,training_point
09:46:22.251,2,-2.670756,1.503018,-2.030444,training_point
09:46:22.384,1,-1.519335,1.414073,-2.194504,training_point
09:46:22.384,2,-2.671332,1.50231,-2.031428,training_point
09:46:22.518,1,-1.518473,1.41735,-2.194041,training_point
09:46:22.518,2,-2.672324,1.502601,-2.032613,training_point
09:46:22.651,1,-1.518326,1.418843,-2.194393,training_point
09:46:22.651,2,-2.671803,1.50244,-2.034332,training_point
09:46:22.735,1,-1.518411,1.418912,-2.194585,training_point
09:46:22.735,2,-2.670785,1.501903,-2.035895,training_point
09:46:22.818,1,-1.518228,1.418828,-2.195026,training_point
09:46:22.818,2,-2.670123,1.501742,-2.038655,training_point
09:46:22.951,1,-1.517919,1.420676,-2.195092,training_point
09:46:22.951,2,-2.669156,1.502142,-2.042654,training_point
09:46:23.084,1,-1.517686,1.420299,-2.194966,training_point
09:46:23.084,2,-2.669401,1.502224,-2.047555,training_point
09:46:23.169,1,-1.516695,1.408365,-2.194468,training_point
09:46:23.169,2,-2.669795,1.502298,-2.051153,training_point
09:46:23.251,1,-1.516575,1.403677,-2.194578,training_point
09:46:23.251,2,-2.670647,1.502268,-2.055985,training_point
09:46:23.384,1,-1.516265,1.406784,-2.194255,training_point
09:46:23.384,2,-2.672017,1.50213,-2.059095,training_point
09:46:23.468,1,-1.516363,1.403717,-2.194341,training_point
09:46:23.468,2,-2.673,1.502324,-2.06076,training_point
09:46:23.551,1,-1.516453,1.405677,-2.1946,training_point
09:46:23.551,2,-2.673297,1.50214,-2.062923,training_point
09:46:23.634,1,-1.516533,1.401755,-2.194804,training_point
09:46:23.635,2,-2.673411,1.501148,-2.064039,training_point
09:46:23.718,1,-1.516249,1.406205,-2.194683,training_point
09:46:23.718,2,-2.673114,1.500371,-2.066695,training_point
09:46:23.851,1,-1.516458,1.406361,-2.194897,training_point
09:46:23.851,2,-2.672694,1.500358,-2.068251,training_point
09:46:23.934,1,-1.516543,1.409044,-2.194975,training_point
09:46:23.935,2,-2.672075,1.500343,-2.070227,training_point
09:46:24.018,1,-1.516645,1.406301,-2.194781,training_point
09:46:24.018,2,-2.672167,1.499919,-2.072299,training_point
09:46:24.151,1,-1.517155,1.404861,-2.194446,training_point
09:46:24.151,2,-2.67246,1.4999,-2.074866,training_point
09:46:24.284,1,-1.517166,1.404702,-2.194085,training_point
09:46:24.284,2,-2.672324,1.499658,-2.076241,training_point
09:46:24.418,1,-1.517226,1.40467,-2.193966,training_point
09:46:24.418,2,-2.671464,1.499336,-2.076058,training_point
09:46:24.551,1,-1.517273,1.403107,-2.193533,training_point
09:46:24.551,2,-2.669471,1.499262,-2.075612,training_point
09:46:24.684,1,-1.517167,1.401057,-2.192705,training_point
09:46:24.684,2,-2.667679,1.499191,-2.075251,training_point
09:46:24.835,1,-1.517043,1.401832,-2.192123,training_point
09:46:24.836,2,-2.665962,1.499356,-2.075207,training_point
09:46:24.918,1,-1.517019,1.400053,-2.192097,training_point
09:46:24.918,2,-2.665288,1.499438,-2.075745,training_point
09:46:25.051,1,-1.516175,1.39801,-2.190781,training_point
09:46:25.051,2,-2.663912,1.499616,-2.075648,training_point
09:46:25.184,1,-1.516078,1.397338,-2.19091,training_point
09:46:25.184,2,-2.663167,1.50055,-2.075643,training_point
09:46:25.318,1,-1.514787,1.396469,-2.189506,training_point
09:46:25.318,2,-2.662756,1.500549,-2.074565,training_point
09:46:25.469,1,-1.513192,1.39595,-2.187599,training_point
09:46:25.469,2,-2.66323,1.500263,-2.073563,training_point
09:46:25.551,1,-1.512228,1.395592,-2.187075,training_point
09:46:25.551,2,-2.663833,1.500303,-2.072431,training_point
09:46:25.684,1,-1.511855,1.395273,-2.187126,training_point
09:46:25.684,2,-2.663769,1.500465,-2.071748,training_point
09:46:25.769,1,-1.511809,1.395093,-2.187447,training_point
09:46:25.769,2,-2.663978,1.500018,-2.07105,training_point
09:46:25.869,1,-1.511797,1.395147,-2.187744,training_point
09:46:25.869,2,-2.664465,1.499899,-2.070439,training_point
09:46:25.951,1,-1.51196,1.395243,-2.188149,training_point
09:46:25.951,2,-2.664517,1.500095,-2.06966,training_point
09:46:26.085,1,-1.512079,1.395172,-2.188519,training_point
09:46:26.085,2,-2.664259,1.500162,-2.068391,training_point
09:46:26.218,1,-1.512228,1.395381,-2.188841,training_point
09:46:26.218,2,-2.66449,1.500281,-2.067402,training_point
09:46:26.351,1,-1.51235,1.395903,-2.189839,training_point
09:46:26.351,2,-2.664459,1.500676,-2.067289,training_point
09:46:26.435,1,-1.512391,1.396162,-2.19026,training_point
09:46:26.436,2,-2.663973,1.500569,-2.067158,training_point
09:46:26.518,1,-1.512515,1.395632,-2.190848,training_point
09:46:26.518,2,-2.663853,1.500702,-2.067208,training_point
09:46:26.651,1,-1.512798,1.395421,-2.192255,training_point
09:46:26.651,2,-2.663869,1.500814,-2.067234,training_point
09:46:26.784,1,-1.513025,1.395186,-2.193624,training_point
09:46:26.785,2,-2.663554,1.500808,-2.067473,training_point
09:46:26.918,1,-1.51361,1.394649,-2.195251,training_point
09:46:26.918,2,-2.663666,1.501072,-2.068212,training_point
09:46:27.051,1,-1.513874,1.394447,-2.196194,training_point
09:46:27.051,2,-2.663789,1.501113,-2.06844,training_point
09:46:27.184,1,-1.513823,1.395158,-2.197224,training_point
09:46:27.184,2,-2.664648,1.501404,-2.069172,training_point
09:46:27.335,1,-1.513582,1.394644,-2.198881,training_point
09:46:27.336,2,-2.665761,1.50126,-2.071702,training_point
09:46:27.418,1,-1.513407,1.394644,-2.199964,training_point
09:46:27.418,2,-2.667789,1.501659,-2.07261,training_point
09:46:27.501,1,-1.512337,1.39443,-2.20218,training_point
09:46:27.501,2,-2.668499,1.502209,-2.073018,training_point
09:46:27.584,1,-1.511527,1.393409,-2.204088,training_point
09:46:27.585,2,-2.669124,1.502479,-2.07258,training_point
09:46:27.668,1,-1.510396,1.392818,-2.205249,training_point
09:46:27.668,2,-2.669762,1.502146,-2.073054,training_point
09:46:27.752,1,-1.510248,1.392967,-2.206593,training_point
09:46:27.752,2,-2.670631,1.502164,-2.073265,training_point
09:46:27.834,1,-1.5099,1.392674,-2.207693,training_point
09:46:27.834,2,-2.67147,1.501991,-2.073141,training_point
09:46:27.968,1,-1.50924,1.392802,-2.209797,training_point
09:46:27.968,2,-2.672011,1.501809,-2.073963,training_point
09:46:28.051,1,-1.509597,1.392873,-2.21077,training_point
09:46:28.052,2,-2.672084,1.501513,-2.074751,training_point
09:46:28.134,1,-1.50964,1.392917,-2.212589,training_point
09:46:28.135,2,-2.672905,1.501612,-2.077164,training_point
09:46:28.268,1,-1.509414,1.392884,-2.214345,training_point
09:46:28.268,2,-2.672331,1.501608,-2.080416,training_point
09:46:28.351,1,-1.509551,1.392257,-2.21474,training_point
09:46:28.351,2,-2.672084,1.501652,-2.08105,training_point
09:46:28.434,1,-1.509605,1.392379,-2.215542,training_point
09:46:28.434,2,-2.671206,1.501895,-2.082381,training_point
09:46:28.568,1,-1.510953,1.39225,-2.21744,training_point
09:46:28.568,2,-2.669617,1.502136,-2.083697,training_point
09:46:28.652,1,-1.51182,1.392009,-2.218038,training_point
09:46:28.652,2,-2.668952,1.502142,-2.083986,training_point
09:46:28.734,1,-1.513247,1.391952,-2.218948,training_point
09:46:28.735,2,-2.667673,1.50218,-2.084009,training_point
09:46:28.868,1,-1.513963,1.39192,-2.219889,training_point
09:46:28.868,2,-2.667093,1.502152,-2.08414,training_point
09:46:29.001,1,-1.515329,1.391844,-2.222207,training_point
09:46:29.001,2,-2.666485,1.502063,-2.083579,training_point
09:46:29.134,1,-1.515731,1.391664,-2.223603,training_point
09:46:29.135,2,-2.667299,1.502151,-2.08104,training_point
09:46:29.268,1,-1.515889,1.391875,-2.226167,training_point
09:46:29.268,2,-2.66682,1.501989,-2.07918,training_point
09:46:29.401,1,-1.516548,1.391798,-2.228898,training_point
09:46:29.401,2,-2.666195,1.501044,-2.076032,training_point
09:46:29.485,1,-1.516737,1.391752,-2.229909,training_point
09:46:29.486,2,-2.666426,1.501199,-2.075315,training_point
09:46:29.568,1,-1.517089,1.391942,-2.230979,training_point
09:46:29.568,2,-2.666367,1.501426,-2.073446,training_point
09:46:29.701,1,-1.517875,1.391672,-2.231699,training_point
09:46:29.701,2,-2.666565,1.502092,-2.071067,training_point
09:46:29.834,1,-1.517989,1.391622,-2.23196,training_point
09:46:29.834,2,-2.667527,1.502537,-2.068687,training_point
09:46:29.968,1,-1.51801,1.391663,-2.23203,training_point
09:46:29.968,2,-2.667911,1.502236,-2.066679,training_point
09:46:30.101,1,-1.518052,1.391873,-2.231905,training_point
09:46:30.101,2,-2.667682,1.502589,-2.065403,training_point
09:46:30.234,1,-1.518142,1.391643,-2.231611,training_point
09:46:30.234,2,-2.666989,1.502192,-2.063914,training_point
09:46:30.318,1,-1.518195,1.39103,-2.231316,training_point
09:46:30.318,2,-2.667075,1.50166,-2.063635,training_point
09:46:30.402,1,-1.518299,1.391682,-2.231045,training_point
09:46:30.403,2,-2.666731,1.502133,-2.062999,training_point
09:46:30.484,1,-1.518107,1.391924,-2.227873,training_point
09:46:30.485,2,-2.665806,1.502211,-2.062417,training_point
09:46:30.568,1,-1.518012,1.392046,-2.224615,training_point
09:46:30.568,2,-2.665071,1.501519,-2.061637,training_point
09:46:30.701,1,-1.51841,1.39253,-2.222295,training_point
09:46:30.701,2,-2.664437,1.501873,-2.060919,training_point
09:46:30.834,1,-1.518372,1.392676,-2.221915,training_point
09:46:30.835,2,-2.664172,1.502286,-2.059299,training_point
09:46:30.919,1,-1.51833,1.392463,-2.220826,training_point
09:46:30.919,2,-2.663343,1.502864,-2.058768,training_point
09:46:31.001,1,-1.518169,1.391083,-2.220298,training_point
09:46:31.001,2,-2.663406,1.502972,-2.057476,training_point
09:46:31.134,1,-1.518429,1.391191,-2.220577,training_point
09:46:31.135,2,-2.662968,1.503508,-2.056403,training_point
09:46:31.268,1,-1.518415,1.389078,-2.219875,training_point
09:46:31.268,2,-2.662547,1.503742,-2.055244,training_point
09:46:31.351,1,-1.518325,1.389838,-2.219136,training_point
09:46:31.352,2,-2.661891,1.503944,-2.054811,training_point
09:46:31.435,1,-1.518066,1.389453,-2.219813,training_point
09:46:31.436,2,-2.660715,1.50398,-2.054486,training_point
09:46:31.518,1,-1.518119,1.3894,-2.218868,training_point
09:46:31.518,2,-2.660367,1.503477,-2.054476,training_point
09:46:31.602,1,-1.518037,1.389844,-2.217907,training_point
09:46:31.602,2,-2.659828,1.503853,-2.054031,training_point
09:46:31.685,1,-1.518172,1.389937,-2.218121,training_point
09:46:31.685,2,-2.658901,1.503814,-2.053847,training_point
09:46:31.769,1,-1.518209,1.389923,-2.217131,training_point
09:46:31.769,2,-2.657685,1.503458,-2.053692,training_point
09:46:31.852,1,-1.518334,1.390145,-2.217611,training_point
09:46:31.852,2,-2.656885,1.503505,-2.053706,training_point
09:46:31.934,1,-1.518616,1.390758,-2.216565,training_point
09:46:31.935,2,-2.656236,1.503475,-2.053832,training_point
09:46:32.068,1,-1.519046,1.391279,-2.215183,training_point
09:46:32.068,2,-2.656251,1.503396,-2.053823,training_point
09:46:32.152,1,-1.519677,1.391583,-2.215402,training_point
09:46:32.152,2,-2.657602,1.502879,-2.054102,training_point
09:46:32.234,1,-1.520461,1.391277,-2.215237,training_point
09:46:32.235,2,-2.658028,1.502778,-2.054418,training_point
09:46:32.368,1,-1.521225,1.39183,-2.213655,training_point
09:46:32.368,2,-2.658423,1.502292,-2.054844,training_point
09:46:32.501,1,-1.522303,1.391955,-2.213829,training_point
09:46:32.501,2,-2.658855,1.502633,-2.055961,training_point
09:46:32.634,1,-1.522124,1.392075,-2.212761,training_point
09:46:32.635,2,-2.661437,1.503046,-2.056376,training_point
09:46:32.718,1,-1.521811,1.391459,-2.21196,training_point
09:46:32.718,2,-2.662084,1.502881,-2.056842,training_point
09:46:32.801,1,-1.521679,1.392149,-2.211988,training_point
09:46:32.801,2,-2.662613,1.503116,-2.057533,training_point
09:46:32.934,1,-1.52139,1.39173,-2.21229,training_point
09:46:32.935,2,-2.662273,1.502925,-2.058356,training_point
09:46:33.018,1,-1.521214,1.391147,-2.211954,training_point
09:46:33.019,2,-2.662388,1.502844,-2.058765,training_point
09:46:33.101,1,-1.521047,1.390393,-2.211573,training_point
09:46:33.101,2,-2.66235,1.502682,-2.059217,training_point
09:46:33.234,1,-1.520661,1.390145,-2.210641,training_point
09:46:33.235,2,-2.662535,1.502743,-2.05935,training_point
09:46:33.319,1,-1.520616,1.390156,-2.210379,training_point
09:46:33.319,2,-2.662225,1.502626,-2.059472,training_point
09:46:33.401,1,-1.521004,1.390249,-2.211472,training_point
09:46:33.401,2,-2.662195,1.502396,-2.059506,training_point
09:46:33.485,1,-1.520916,1.390233,-2.210658,training_point
09:46:33.486,2,-2.662219,1.502364,-2.059609,training_point
09:46:33.568,1,-1.520676,1.390139,-2.210657,training_point
09:46:33.568,2,-2.663489,1.502738,-2.059573,training_point
09:46:33.701,1,-1.520729,1.390231,-2.21107,training_point
09:46:33.701,2,-2.664127,1.502888,-2.059158,training_point
09:46:33.834,1,-1.520499,1.390137,-2.21012,training_point
09:46:33.835,2,-2.664723,1.502868,-2.058852,training_point
09:46:33.919,1,-1.520342,1.390272,-2.209848,training_point
09:46:33.920,2,-2.664511,1.502697,-2.058489,training_point
09:46:34.001,1,-1.520237,1.390468,-2.209928,training_point
09:46:34.001,2,-2.664588,1.502778,-2.058316,training_point
09:46:34.134,1,-1.520469,1.39059,-2.210273,training_point
09:46:34.135,2,-2.664413,1.502625,-2.057304,training_point
09:46:34.268,1,-1.520377,1.390162,-2.209293,training_point
09:46:34.268,2,-2.66459,1.502507,-2.056142,training_point
09:46:34.352,1,-1.520385,1.391014,-2.209263,training_point
09:46:34.352,2,-2.665149,1.50245,-2.056258,training_point
09:46:34.434,1,-1.52053,1.391285,-2.209511,training_point
09:46:34.435,2,-2.664807,1.502649,-2.055685,training_point
09:46:34.568,1,-1.520303,1.390829,-2.210094,training_point
09:46:34.568,2,-2.663941,1.50245,-2.055225,training_point
09:46:34.701,1,-1.520234,1.390569,-2.210087,training_point
09:46:34.701,2,-2.664401,1.50248,-2.054679,training_point
09:46:34.834,1,-1.520204,1.389843,-2.210531,training_point
09:46:34.835,2,-2.663997,1.502733,-2.054275,training_point
09:46:34.968,1,-1.519965,1.388296,-2.209752,training_point
09:46:34.968,2,-2.663839,1.502491,-2.05424,training_point
09:46:35.101,1,-1.520373,1.387972,-2.211273,training_point
09:46:35.101,2,-2.663898,1.502251,-2.054149,training_point
09:46:35.234,1,-1.520229,1.387228,-2.211077,training_point
09:46:35.235,2,-2.664159,1.502477,-2.054207,training_point
09:46:35.368,1,-1.520108,1.387872,-2.210805,training_point
09:46:35.368,2,-2.664682,1.502293,-2.053823,training_point
09:46:35.452,1,-1.520123,1.387335,-2.21041,training_point
09:46:35.452,2,-2.664585,1.501907,-2.053838,training_point
09:46:35.534,1,-1.520157,1.387232,-2.210523,training_point
09:46:35.535,2,-2.664967,1.501597,-2.053736,training_point
09:46:35.668,1,-1.520483,1.387133,-2.211005,training_point
09:46:35.668,2,-2.665112,1.501367,-2.053707,training_point
09:46:35.801,1,-1.521046,1.388047,-2.212044,training_point
09:46:35.801,2,-2.664563,1.501071,-2.053201,training_point
09:46:35.934,1,-1.521062,1.387903,-2.212469,training_point
09:46:35.935,2,-2.664817,1.50139,-2.052704,training_point
09:46:36.018,1,-1.521031,1.387624,-2.21212,training_point
09:46:36.018,2,-2.664376,1.50125,-2.052513,training_point
09:46:36.101,1,-1.520903,1.387485,-2.213175,training_point
09:46:36.101,2,-2.663527,1.501119,-2.051959,training_point
09:46:36.184,1,-1.520979,1.387445,-2.213359,training_point
09:46:36.185,2,-2.663221,1.501176,-2.051408,training_point
09:46:36.269,1,-1.521297,1.387152,-2.213749,training_point
09:46:36.269,2,-2.663127,1.501135,-2.05141,training_point
09:46:36.351,1,-1.521367,1.385853,-2.213539,training_point
09:46:36.351,2,-2.662805,1.501229,-2.051236,training_point
09:46:36.484,1,-1.521293,1.386001,-2.21436,training_point
09:46:36.485,2,-2.66101,1.50106,-2.05135,training_point
09:46:36.585,1,-1.521217,1.386193,-2.214486,training_point
09:46:36.585,2,-2.660591,1.501089,-2.050964,training_point
09:46:36.668,1,-1.521075,1.386414,-2.213821,training_point
09:46:36.668,2,-2.658622,1.500937,-2.05011,training_point
09:46:36.752,1,-1.520978,1.385804,-2.213389,training_point
09:46:36.752,2,-2.658532,1.501052,-2.049842,training_point
09:46:36.834,1,-1.520745,1.385658,-2.212938,training_point
09:46:36.835,2,-2.658796,1.501185,-2.049963,training_point
09:46:36.919,1,-1.520647,1.386328,-2.212758,training_point
09:46:36.919,2,-2.658715,1.501342,-2.04979,training_point
09:46:37.001,1,-1.520847,1.386452,-2.212984,training_point
09:46:37.001,2,-2.65831,1.501528,-2.049681,training_point
09:46:37.135,1,-1.52166,1.38677,-2.212751,training_point
09:46:37.135,2,-2.65828,1.501387,-2.049184,training_point
09:46:37.268,1,-1.522355,1.38697,-2.212032,training_point
09:46:37.268,2,-2.658862,1.501555,-2.049417,training_point
09:46:37.401,1,-1.523207,1.386429,-2.211411,training_point
09:46:37.401,2,-2.658436,1.501668,-2.048656,training_point
09:46:37.534,1,-1.523077,1.386713,-2.210217,training_point
09:46:37.535,2,-2.658279,1.501591,-2.048741,training_point
09:46:37.668,1,-1.523483,1.387225,-2.209942,training_point
09:46:37.668,2,-2.659977,1.501328,-2.049089,training_point
09:46:37.801,1,-1.523639,1.386649,-2.20939,training_point
09:46:37.801,2,-2.66017,1.50142,-2.050785,training_point
09:46:37.952,1,-1.523473,1.386705,-2.208375,training_point
09:46:37.953,2,-2.661321,1.501355,-2.051604,training_point
09:46:38.035,1,-1.52337,1.386242,-2.207761,training_point
09:46:38.035,2,-2.66153,1.50139,-2.051734,training_point
09:46:38.119,1,-1.523349,1.386689,-2.207196,training_point
09:46:38.119,2,-2.660981,1.501401,-2.051765,training_point
09:46:38.201,1,-1.523839,1.386914,-2.206088,training_point
09:46:38.201,2,-2.661812,1.501503,-2.052242,training_point
09:46:38.335,1,-1.524125,1.386902,-2.203809,training_point
09:46:38.335,2,-2.662018,1.501857,-2.052576,training_point
09:46:38.419,1,-1.524629,1.386453,-2.203261,training_point
09:46:38.419,2,-2.661016,1.501947,-2.052879,training_point
09:46:38.501,1,-1.524206,1.386626,-2.202577,training_point
09:46:38.501,2,-2.661283,1.502141,-2.053364,training_point
09:46:38.634,1,-1.524378,1.38683,-2.201675,training_point
09:46:38.635,2,-2.661691,1.50216,-2.054059,training_point
09:46:38.719,1,-1.524695,1.388573,-2.201364,training_point
09:46:38.719,2,-2.661267,1.502373,-2.053912,training_point
09:46:38.801,1,-1.524872,1.38864,-2.200446,training_point
09:46:38.801,2,-2.660795,1.502579,-2.053984,training_point
09:46:38.935,1,-1.525721,1.387816,-2.200298,training_point
09:46:38.935,2,-2.661182,1.502525,-2.054291,training_point
09:46:39.068,1,-1.5269,1.388025,-2.200797,training_point
09:46:39.068,2,-2.661092,1.503037,-2.054093,training_point
09:46:39.219,1,-1.52671,1.388594,-2.200903,training_point
09:46:39.219,2,-2.661228,1.503206,-2.054337,training_point
09:46:39.301,1,-1.528265,1.389398,-2.201293,training_point
09:46:39.301,2,-2.661228,1.503099,-2.054244,training_point
09:46:39.434,1,-1.528726,1.39068,-2.200463,training_point
09:46:39.435,2,-2.661173,1.503736,-2.054168,training_point
09:46:39.536,1,-1.528701,1.390278,-2.200305,training_point
09:46:39.536,2,-2.661393,1.504526,-2.054284,training_point
09:46:39.635,1,-1.528375,1.390038,-2.200052,training_point
09:46:39.635,2,-2.661688,1.504071,-2.055012,training_point
09:46:39.801,1,-1.528968,1.389504,-2.200227,training_point
09:46:39.801,2,-2.661805,1.504097,-2.05508,training_point
09:46:39.901,1,-1.528267,1.388438,-2.199383,training_point
09:46:39.901,2,-2.661718,1.504066,-2.055538,training_point
09:46:40.034,1,-1.528375,1.38929,-2.199274,training_point
09:46:40.035,2,-2.661157,1.503577,-2.056108,training_point
09:46:40.168,1,-1.527772,1.388304,-2.199202,training_point
09:46:40.168,2,-2.661666,1.503552,-2.056279,training_point
09:46:40.301,1,-1.527449,1.38772,-2.199572,training_point
09:46:40.301,2,-2.662697,1.503855,-2.056614,training_point
09:46:40.435,1,-1.527485,1.38854,-2.199909,training_point
09:46:40.435,2,-2.662961,1.504506,-2.056744,training_point
09:46:40.568,1,-1.527649,1.389419,-2.200929,training_point
09:46:40.568,2,-2.662698,1.503642,-2.056791,training_point
09:46:40.652,1,-1.528216,1.390009,-2.201357,training_point
09:46:40.653,2,-2.662929,1.50328,-2.0573,training_point
09:46:40.735,1,-1.529149,1.390022,-2.20134,training_point
09:46:40.735,2,-2.663441,1.503648,-2.057059,training_point
09:46:40.818,1,-1.528655,1.391301,-2.20107,training_point
09:46:40.818,2,-2.663814,1.503128,-2.056888,training_point
09:46:40.901,1,-1.529087,1.391223,-2.201444,training_point
09:46:40.901,2,-2.663882,1.503592,-2.057138,training_point
09:46:41.035,1,-1.529914,1.390923,-2.201294,training_point
09:46:41.035,2,-2.664524,1.502965,-2.057269,training_point
09:46:41.119,1,-1.529045,1.390989,-2.201297,training_point
09:46:41.119,2,-2.66405,1.50182,-2.057164,training_point
09:46:41.201,1,-1.530495,1.391292,-2.20097,training_point
09:46:41.201,2,-2.663638,1.501775,-2.05716,training_point
09:46:41.335,1,-1.531525,1.391441,-2.200773,training_point
09:46:41.335,2,-2.663751,1.501377,-2.056981,training_point
09:46:41.418,1,-1.532029,1.391325,-2.201085,training_point
09:46:41.418,2,-2.663479,1.501553,-2.056833,training_point
09:46:41.518,1,-1.53134,1.391268,-2.20092,training_point
09:46:41.518,2,-2.66349,1.501507,-2.057211,training_point
09:46:41.602,1,-1.530305,1.391276,-2.200902,training_point
09:46:41.602,2,-2.66353,1.501491,-2.057683,training_point
09:46:41.684,1,-1.530518,1.390933,-2.20089,training_point
09:46:41.685,2,-2.663573,1.501073,-2.058463,training_point
09:46:41.768,1,-1.530903,1.39112,-2.20112,training_point
09:46:41.768,2,-2.663907,1.501176,-2.0588,training_point
09:46:41.852,1,-1.531382,1.390317,-2.201606,training_point
09:46:41.853,2,-2.663691,1.501195,-2.059404,training_point
09:46:41.935,1,-1.530943,1.390644,-2.201771,training_point
09:46:41.935,2,-2.664014,1.501252,-2.059833,training_point
09:46:42.018,1,-1.531427,1.389945,-2.202025,training_point
09:46:42.018,2,-2.664427,1.501431,-2.06017,training_point
09:46:42.101,1,-1.531708,1.389397,-2.202119,training_point
09:46:42.101,2,-2.664599,1.501486,-2.060491,training_point
09:46:42.185,1,-1.530403,1.388843,-2.202234,training_point
09:46:42.186,2,-2.665009,1.501571,-2.06106,training_point
09:46:42.268,1,-1.530554,1.389417,-2.202585,training_point
09:46:42.268,2,-2.665478,1.502015,-2.061713,training_point
09:46:42.401,1,-1.530595,1.389287,-2.202737,training_point
09:46:42.401,2,-2.665354,1.502106,-2.063162,training_point
09:46:42.485,1,-1.530521,1.389448,-2.202928,training_point
09:46:42.486,2,-2.665731,1.502195,-2.063132,training_point
09:46:42.568,1,-1.530726,1.390064,-2.20338,training_point
09:46:42.568,2,-2.665764,1.502141,-2.063952,training_point
09:46:42.701,1,-1.531657,1.390317,-2.203886,training_point
09:46:42.701,2,-2.66524,1.502459,-2.065278,training_point
09:46:42.835,1,-1.532253,1.391299,-2.204578,training_point
09:46:42.835,2,-2.665715,1.50257,-2.066176,training_point
09:46:42.919,1,-1.533112,1.391192,-2.205579,training_point
09:46:42.919,2,-2.666299,1.502335,-2.066655,training_point
09:46:43.001,1,-1.533767,1.391117,-2.20628,training_point
09:46:43.001,2,-2.666196,1.501535,-2.066939,training_point
09:46:43.085,1,-1.53307,1.391274,-2.20641,training_point
09:46:43.086,2,-2.666373,1.502009,-2.067901,training_point
09:46:43.168,1,-1.533057,1.391378,-2.20641,training_point
09:46:43.168,2,-2.666898,1.502006,-2.067869,training_point
09:46:43.301,1,-1.534213,1.390868,-2.208417,training_point
09:46:43.301,2,-2.667895,1.501912,-2.069312,training_point
09:46:43.435,1,-1.533763,1.39106,-2.209655,training_point
09:46:43.435,2,-2.669128,1.501775,-2.069219,training_point
09:46:43.568,1,-1.533652,1.391604,-2.210715,training_point
09:46:43.568,2,-2.670885,1.502067,-2.069458,training_point
09:46:43.652,1,-1.534737,1.391342,-2.211497,training_point
09:46:43.653,2,-2.671854,1.501723,-2.069174,training_point
09:46:43.734,1,-1.535893,1.390706,-2.213105,training_point
09:46:43.735,2,-2.672435,1.501633,-2.068862,training_point
09:46:43.819,1,-1.536838,1.39076,-2.2134,training_point
09:46:43.819,2,-2.672715,1.501523,-2.068739,training_point
09:46:43.901,1,-1.535975,1.391504,-2.21364,training_point
09:46:43.901,2,-2.673277,1.501985,-2.069739,training_point
09:46:44.035,1,-1.537111,1.391726,-2.215222,training_point
09:46:44.035,2,-2.674636,1.501706,-2.071064,training_point
09:46:44.168,1,-1.536939,1.391412,-2.215177,training_point
09:46:44.168,2,-2.675901,1.501715,-2.073474,training_point
09:46:44.301,1,-1.537308,1.391473,-2.216036,training_point
09:46:44.301,2,-2.676075,1.501661,-2.074172,training_point
09:46:44.435,1,-1.536463,1.391556,-2.215995,training_point
09:46:44.435,2,-2.675912,1.50144,-2.074732,training_point
09:46:44.568,1,-1.535919,1.391458,-2.216184,training_point
09:46:44.568,2,-2.675847,1.501222,-2.075812,training_point
09:46:44.719,1,-1.537667,1.390431,-2.217132,training_point
09:46:44.719,2,-2.676652,1.501566,-2.077395,training_point
09:46:44.801,1,-1.536978,1.390391,-2.217491,training_point
09:46:44.801,2,-2.676691,1.501463,-2.077843,training_point
09:46:44.885,1,-1.536449,1.390392,-2.217559,training_point
09:46:44.885,2,-2.676488,1.501454,-2.07652,training_point
09:46:44.969,1,-1.537315,1.390641,-2.219177,training_point
09:46:44.969,2,-2.676505,1.501885,-2.077187,training_point
09:46:45.051,1,-1.536801,1.390865,-2.219068,training_point
09:46:45.051,2,-2.676687,1.501756,-2.077383,training_point
09:46:45.136,1,-1.537075,1.391468,-2.2195,training_point
09:46:45.136,2,-2.677186,1.502021,-2.076733,training_point
09:46:45.218,1,-1.538641,1.392171,-2.221319,training_point
09:46:45.218,2,-2.678425,1.502649,-2.075053,training_point
09:46:45.351,1,-1.539561,1.39195,-2.22232,training_point
09:46:45.351,2,-2.678769,1.502732,-2.075592,training_point
09:46:45.485,1,-1.540684,1.391636,-2.223856,training_point
09:46:45.485,2,-2.678894,1.502874,-2.075367,training_point
09:46:45.618,1,-1.541401,1.392156,-2.224735,training_point
09:46:45.618,2,-2.678612,1.503061,-2.075704,training_point
09:46:45.751,1,-1.541863,1.392149,-2.225752,training_point
09:46:45.751,2,-2.678621,1.502805,-2.075834,training_point
09:46:45.836,1,-1.542373,1.392654,-2.226266,training_point
09:46:45.836,2,-2.678539,1.503503,-2.075907,training_point
09:46:45.918,1,-1.542574,1.392624,-2.226718,training_point
09:46:45.918,2,-2.678387,1.503328,-2.075746,training_point
09:46:46.002,1,-1.542761,1.392451,-2.226768,training_point
09:46:46.002,2,-2.678486,1.503366,-2.076243,training_point
09:46:46.101,1,-1.543078,1.391761,-2.226875,training_point
09:46:46.102,2,-2.67923,1.503276,-2.075829,training_point
09:46:46.185,1,-1.543876,1.389969,-2.226958,training_point
09:46:46.185,2,-2.679593,1.503051,-2.075269,training_point
09:46:46.268,1,-1.544454,1.390149,-2.226847,training_point
09:46:46.268,2,-2.679239,1.502922,-2.075539,training_point
09:46:46.351,1,-1.545109,1.390446,-2.226949,training_point
09:46:46.351,2,-2.678905,1.502793,-2.076127,training_point
09:46:46.452,1,-1.545908,1.390783,-2.226468,training_point
09:46:46.453,2,-2.678582,1.502969,-2.075113,training_point
09:46:46.552,1,-1.546407,1.389186,-2.22622,training_point
09:46:46.552,2,-2.678574,1.503545,-2.076035,training_point
09:46:46.651,1,-1.546534,1.389094,-2.225957,training_point
09:46:46.652,2,-2.678669,1.503153,-2.077262,training_point
09:46:46.735,1,-1.546607,1.390765,-2.225929,training_point
09:46:46.735,2,-2.678214,1.502704,-2.079331,training_point
09:46:46.819,1,-1.546703,1.391036,-2.225853,training_point
09:46:46.819,2,-2.678391,1.502842,-2.080152,training_point
09:46:46.918,1,-1.546889,1.390945,-2.225907,training_point
09:46:46.919,2,-2.678837,1.503193,-2.081622,training_point
09:46:47.001,1,-1.546795,1.390977,-2.225906,training_point
09:46:47.001,2,-2.679113,1.503515,-2.082138,training_point
09:46:47.085,1,-1.546583,1.389478,-2.225739,training_point
09:46:47.085,2,-2.678906,1.503873,-2.082874,training_point
09:46:47.185,1,-1.546187,1.389072,-2.225694,training_point
09:46:47.185,2,-2.679402,1.503651,-2.082777,training_point
09:46:47.285,1,-1.54555,1.389266,-2.225628,training_point
09:46:47.285,2,-2.679784,1.504022,-2.083136,training_point
09:46:47.368,1,-1.545192,1.389645,-2.225518,training_point
09:46:47.368,2,-2.679457,1.503849,-2.083807,training_point
09:46:47.452,1,-1.544973,1.389443,-2.225364,training_point
09:46:47.452,2,-2.679164,1.504091,-2.083659,training_point
09:46:47.535,1,-1.544922,1.389552,-2.225106,training_point
09:46:47.535,2,-2.678273,1.503882,-2.084029,training_point
09:46:47.618,1,-1.54484,1.389149,-2.224937,training_point
09:46:47.618,2,-2.678179,1.503687,-2.08416,training_point
09:46:47.751,1,-1.544716,1.388801,-2.224472,training_point
09:46:47.751,2,-2.677595,1.503854,-2.084517,training_point
09:46:47.885,1,-1.544501,1.388491,-2.223563,training_point
09:46:47.885,2,-2.677105,1.504007,-2.085017,training_point
09:46:47.969,1,-1.54438,1.389321,-2.223082,training_point
09:46:47.969,2,-2.676993,1.503811,-2.085352,training_point
09:46:48.051,1,-1.544426,1.389856,-2.222871,training_point
09:46:48.051,2,-2.676527,1.503592,-2.085349,training_point
09:46:48.185,1,-1.543851,1.390098,-2.222511,training_point
09:46:48.185,2,-2.676261,1.504036,-2.085977,training_point
09:46:48.269,1,-1.543662,1.390978,-2.221826,training_point
09:46:48.269,2,-2.676081,1.50408,-2.086,training_point
09:46:48.351,1,-1.54361,1.390923,-2.221476,training_point
09:46:48.351,2,-2.675945,1.503746,-2.085673,training_point
09:46:48.436,1,-1.543698,1.390254,-2.221372,training_point
09:46:48.436,2,-2.675901,1.50377,-2.085527,training_point
09:46:48.518,1,-1.54357,1.388587,-2.221088,training_point
09:46:48.518,2,-2.675902,1.503881,-2.084796,training_point
09:46:48.669,1,-1.543282,1.387887,-2.220509,training_point
09:46:48.669,2,-2.676077,1.503867,-2.084869,training_point
09:46:48.751,1,-1.543279,1.387036,-2.220256,training_point
09:46:48.751,2,-2.675768,1.503836,-2.084543,training_point
09:46:48.885,1,-1.543199,1.386463,-2.219938,training_point
09:46:48.885,2,-2.675825,1.503791,-2.084,training_point
09:46:49.018,1,-1.543144,1.385833,-2.219096,training_point
09:46:49.018,2,-2.675352,1.503689,-2.083189,training_point
09:46:49.169,1,-1.543183,1.385591,-2.218078,training_point
09:46:49.169,2,-2.674582,1.504011,-2.08213,training_point
09:46:49.251,1,-1.543035,1.385382,-2.218081,training_point
09:46:49.251,2,-2.674038,1.504315,-2.08181,training_point
09:46:49.336,1,-1.542711,1.386549,-2.217714,training_point
09:46:49.336,2,-2.674167,1.504297,-2.081288,training_point
09:46:49.418,1,-1.54261,1.386765,-2.217221,training_point
09:46:49.418,2,-2.674386,1.504503,-2.081556,training_point
09:46:49.502,1,-1.542391,1.387449,-2.21694,training_point
09:46:49.503,2,-2.674606,1.504815,-2.081361,training_point
09:46:49.585,1,-1.542382,1.388088,-2.216788,training_point
09:46:49.585,2,-2.674071,1.504636,-2.080712,training_point
09:46:49.736,1,-1.542431,1.388528,-2.217088,training_point
09:46:49.736,2,-2.673807,1.504765,-2.080619,training_point
09:46:49.818,1,-1.542402,1.388488,-2.21676,training_point
09:46:49.818,2,-2.673963,1.504991,-2.080444,training_point
09:46:49.902,1,-1.542597,1.388075,-2.216804,training_point
09:46:49.902,2,-2.674681,1.504711,-2.08133,training_point
09:46:49.985,1,-1.542605,1.388133,-2.216815,training_point
09:46:49.985,2,-2.674849,1.504191,-2.081132,training_point
09:46:50.069,1,-1.542703,1.387989,-2.216821,training_point
09:46:50.069,2,-2.675275,1.50448,-2.081214,training_point
09:46:50.151,1,-1.542786,1.388214,-2.216967,training_point
09:46:50.151,2,-2.675244,1.504468,-2.080881,training_point
09:46:50.285,1,-1.542914,1.388461,-2.216976,training_point
09:46:50.285,2,-2.67545,1.504473,-2.080114,training_point
09:46:50.418,1,-1.54342,1.388533,-2.2184,training_point
09:46:50.418,2,-2.675914,1.504602,-2.081336,training_point
09:46:50.502,1,-1.543751,1.387688,-2.218451,training_point
09:46:50.503,2,-2.676033,1.504443,-2.08132,training_point
09:46:50.585,1,-1.543832,1.387847,-2.218665,training_point
09:46:50.585,2,-2.675893,1.504661,-2.081356,training_point
09:46:50.718,1,-1.54396,1.387068,-2.219182,training_point
09:46:50.718,2,-2.676213,1.504536,-2.080997,training_point
09:46:50.851,1,-1.54402,1.386917,-2.219119,training_point
09:46:50.851,2,-2.676182,1.504593,-2.08122,training_point
09:46:50.985,1,-1.543971,1.38688,-2.21935,training_point
09:46:50.985,2,-2.676244,1.504348,-2.081026,training_point
09:46:51.118,1,-1.543882,1.386578,-2.219348,training_point
09:46:51.118,2,-2.676371,1.504489,-2.080651,training_point
09:46:51.201,1,-1.543813,1.386865,-2.219325,training_point
09:46:51.201,2,-2.676942,1.504303,-2.081614,training_point
09:46:51.285,1,-1.543694,1.386496,-2.219334,training_point
09:46:51.285,2,-2.677268,1.504682,-2.081946,training_point
09:46:51.368,1,-1.543658,1.386621,-2.219328,training_point
09:46:51.368,2,-2.677048,1.504433,-2.081862,training_point
09:46:51.451,1,-1.543567,1.386545,-2.219429,training_point
09:46:51.452,2,-2.676945,1.504263,-2.081847,training_point
09:46:51.535,1,-1.543653,1.386352,-2.21962,training_point
09:46:51.535,2,-2.676993,1.503934,-2.081734,training_point
09:46:51.618,1,-1.543603,1.386327,-2.219579,training_point
09:46:51.619,2,-2.676964,1.50397,-2.081498,training_point
09:46:51.701,1,-1.543899,1.386184,-2.220015,training_point
09:46:51.701,2,-2.676924,1.503839,-2.081911,training_point
09:46:51.835,1,-1.543797,1.386045,-2.219997,training_point
09:46:51.835,2,-2.6766,1.503798,-2.081694,training_point
09:46:51.919,1,-1.543889,1.386499,-2.219869,training_point
09:46:51.919,2,-2.676441,1.503812,-2.081571,training_point
09:46:52.001,1,-1.544159,1.386681,-2.219991,training_point
09:46:52.002,2,-2.676129,1.503802,-2.081641,training_point
09:46:52.135,1,-1.544234,1.386115,-2.219774,training_point
09:46:52.135,2,-2.676263,1.503859,-2.081985,training_point
09:46:52.268,1,-1.544371,1.385703,-2.219736,training_point
09:46:52.268,2,-2.676376,1.503832,-2.081663,training_point
09:46:52.352,1,-1.544581,1.38648,-2.219452,training_point
09:46:52.353,2,-2.676249,1.503527,-2.081543,training_point
09:46:52.435,1,-1.544623,1.386518,-2.219445,training_point
09:46:52.435,2,-2.676506,1.503517,-2.082052,training_point
09:46:52.568,1,-1.544787,1.386868,-2.219262,training_point
09:46:52.568,2,-2.676519,1.503586,-2.080616,training_point
09:46:52.652,1,-1.544817,1.386991,-2.219294,training_point
09:46:52.653,2,-2.676378,1.503589,-2.0805,training_point
09:46:52.735,1,-1.544863,1.38749,-2.219307,training_point
09:46:52.735,2,-2.676058,1.503795,-2.079904,training_point
09:46:52.819,1,-1.544838,1.387337,-2.219529,training_point
09:46:52.819,2,-2.67603,1.503976,-2.079428,training_point
09:46:52.901,1,-1.544843,1.386631,-2.219507,training_point
09:46:52.902,2,-2.675628,1.504165,-2.079043,training_point
09:46:52.985,1,-1.54466,1.386471,-2.219697,training_point
09:46:52.986,2,-2.675112,1.504186,-2.078355,training_point
09:46:53.068,1,-1.544513,1.386217,-2.219662,training_point
09:46:53.068,2,-2.674827,1.504248,-2.078176,training_point
09:46:53.152,1,-1.544531,1.386594,-2.21982,training_point
09:46:53.153,2,-2.674799,1.504381,-2.078064,training_point
09:46:53.235,1,-1.544381,1.386526,-2.220004,training_point
09:46:53.235,2,-2.674247,1.504094,-2.077581,training_point
09:46:53.368,1,-1.544133,1.386789,-2.219746,training_point
09:46:53.368,2,-2.673254,1.504374,-2.076166,training_point
09:46:53.518,1,-1.544141,1.386381,-2.219677,training_point
09:46:53.518,2,-2.673025,1.504497,-2.076191,training_point
09:46:53.601,1,-1.543989,1.386452,-2.219509,training_point
09:46:53.602,2,-2.673178,1.504467,-2.076111,training_point
09:46:53.685,1,-1.543837,1.386292,-2.219015,training_point
09:46:53.685,2,-2.67308,1.50457,-2.075797,training_point
09:46:53.768,1,-1.543757,1.386511,-2.218938,training_point
09:46:53.768,2,-2.673274,1.504685,-2.076193,training_point
09:46:53.852,1,-1.543426,1.386774,-2.218722,training_point
09:46:53.852,2,-2.673287,1.504653,-2.07645,training_point
09:46:53.935,1,-1.543037,1.386418,-2.218474,training_point
09:46:53.935,2,-2.673389,1.504531,-2.076386,training_point
09:46:54.019,1,-1.54235,1.386074,-2.217885,training_point
09:46:54.019,2,-2.673397,1.504729,-2.076246,training_point
09:46:54.101,1,-1.542198,1.385957,-2.21829,training_point
09:46:54.101,2,-2.673654,1.504801,-2.076586,training_point
09:46:54.186,1,-1.542139,1.386107,-2.218255,training_point
09:46:54.186,2,-2.673785,1.504975,-2.076493,training_point
09:46:54.268,1,-1.540804,1.385226,-2.216933,training_point
09:46:54.268,2,-2.673825,1.50495,-2.076236,training_point
09:46:54.352,1,-1.540638,1.385133,-2.216849,training_point
09:46:54.353,2,-2.674073,1.505066,-2.076372,training_point
09:46:54.452,1,-1.540426,1.385024,-2.21669,training_point
09:46:54.453,2,-2.673916,1.504888,-2.075997,training_point
09:46:54.535,1,-1.53991,1.384956,-2.21611,training_point
09:46:54.535,2,-2.674085,1.504691,-2.075926,training_point
09:46:54.619,1,-1.539586,1.384592,-2.215763,training_point
09:46:54.619,2,-2.674019,1.50464,-2.07582,training_point
09:46:54.701,1,-1.538833,1.3846,-2.21491,training_point
09:46:54.702,2,-2.674169,1.504463,-2.076039,training_point
09:46:54.785,1,-1.538355,1.384648,-2.213985,training_point
09:46:54.786,2,-2.673955,1.504387,-2.075917,training_point
09:46:54.868,1,-1.538019,1.384276,-2.2128,training_point
09:46:54.868,2,-2.673991,1.504186,-2.075827,training_point
09:46:54.952,1,-1.537642,1.384234,-2.211826,training_point
09:46:54.953,2,-2.674127,1.504169,-2.07557,training_point
09:46:55.052,1,-1.533801,1.384995,-2.203662,training_point
09:46:55.053,2,-2.673684,1.504242,-2.074941,training_point
09:46:55.135,1,-1.533883,1.384681,-2.203659,training_point
09:46:55.135,2,-2.673342,1.504326,-2.074591,training_point
09:46:55.219,1,-1.534407,1.38453,-2.204227,training_point
09:46:55.219,2,-2.672963,1.504324,-2.074474,training_point
09:46:55.301,1,-1.533742,1.384555,-2.202135,training_point
09:46:55.302,2,-2.672923,1.504487,-2.073969,training_point
09:46:55.386,1,-1.533417,1.384006,-2.201341,training_point
09:46:55.386,2,-2.673135,1.504765,-2.074791,training_point
09:46:55.468,1,-1.532997,1.38412,-2.200158,training_point
09:46:55.468,2,-2.67257,1.504735,-2.074185,training_point
09:46:55.601,1,-1.533503,1.384315,-2.199372,training_point
09:46:55.602,2,-2.67223,1.505202,-2.073678,training_point
09:46:55.685,1,-1.533258,1.384542,-2.19865,training_point
09:46:55.685,2,-2.672119,1.504874,-2.073549,training_point
09:46:55.768,1,-1.532958,1.384071,-2.197516,training_point
09:46:55.768,2,-2.672292,1.50484,-2.073641,training_point
09:46:55.901,1,-1.533385,1.384346,-2.197261,training_point
09:46:55.902,2,-2.672244,1.504822,-2.072361,training_point
09:46:56.052,1,-1.532069,1.38422,-2.194902,training_point
09:46:56.053,2,-2.67197,1.504582,-2.071608,training_point
09:46:56.135,1,-1.531256,1.383938,-2.191682,training_point
09:46:56.136,2,-2.67197,1.504517,-2.071223,training_point
09:46:56.218,1,-1.531318,1.384065,-2.191248,training_point
09:46:56.218,2,-2.671668,1.504215,-2.070058,training_point
09:46:56.302,1,-1.531484,1.383847,-2.190322,training_point
09:46:56.302,2,-2.67095,1.504182,-2.069082,training_point
09:46:56.385,1,-1.53165,1.383743,-2.19021,training_point
09:46:56.385,2,-2.670559,1.503954,-2.068639,training_point
09:46:56.468,1,-1.531598,1.383852,-2.189766,training_point
09:46:56.469,2,-2.670039,1.503694,-2.068094,training_point
09:46:56.551,1,-1.531625,1.384119,-2.189294,training_point
09:46:56.552,2,-2.66994,1.503535,-2.067891,training_point
09:46:56.635,1,-1.531122,1.384319,-2.188751,training_point
09:46:56.635,2,-2.669713,1.503354,-2.067142,training_point
09:46:56.718,1,-1.53061,1.383932,-2.188678,training_point
09:46:56.718,2,-2.669458,1.504824,-2.066643,training_point
09:46:56.801,1,-1.53034,1.384138,-2.188694,training_point
09:46:56.802,2,-2.668722,1.504161,-2.065807,training_point
09:46:56.885,1,-1.530077,1.384306,-2.188583,training_point
09:46:56.885,2,-2.66819,1.504107,-2.06549,training_point
09:46:56.969,1,-1.528968,1.384418,-2.188813,training_point
09:46:56.969,2,-2.668014,1.504498,-2.065461,training_point
09:46:57.051,1,-1.528229,1.383936,-2.188894,training_point
09:46:57.052,2,-2.667931,1.504343,-2.065531,training_point
09:46:57.136,1,-1.527749,1.38444,-2.189548,training_point
09:46:57.136,2,-2.668199,1.504747,-2.067301,training_point
09:46:57.218,1,-1.527388,1.385187,-2.189744,training_point
09:46:57.218,2,-2.667404,1.504908,-2.066623,training_point
09:46:57.369,1,-1.527107,1.38487,-2.189599,training_point
09:46:57.369,2,-2.666226,1.505208,-2.065998,training_point
09:46:57.469,1,-1.526975,1.384871,-2.190007,training_point
09:46:57.469,2,-2.665922,1.50536,-2.065701,training_point
09:46:57.551,1,-1.527051,1.384664,-2.190369,training_point
09:46:57.552,2,-2.665745,1.505572,-2.065869,training_point
09:46:57.635,1,-1.526774,1.384405,-2.190658,training_point
09:46:57.635,2,-2.665627,1.50586,-2.065802,training_point
09:46:57.718,1,-1.526875,1.38422,-2.191231,training_point
09:46:57.718,2,-2.664938,1.506601,-2.065525,training_point
09:46:57.801,1,-1.52699,1.383904,-2.191573,training_point
09:46:57.801,2,-2.66503,1.5065,-2.065994,training_point
09:46:57.885,1,-1.527325,1.384574,-2.192,training_point
09:46:57.885,2,-2.664703,1.50634,-2.065851,training_point
09:46:57.968,1,-1.527782,1.384496,-2.193194,training_point
09:46:57.968,2,-2.666273,1.506066,-2.067621,training_point
09:46:58.051,1,-1.52791,1.384448,-2.193347,training_point
09:46:58.052,2,-2.666939,1.506222,-2.066812,training_point
09:46:58.135,1,-1.528072,1.384313,-2.193525,training_point
09:46:58.135,2,-2.667157,1.506212,-2.065711,training_point
09:46:58.218,1,-1.528252,1.384305,-2.193577,training_point
09:46:58.218,2,-2.667959,1.50618,-2.066728,training_point
09:46:58.301,1,-1.528806,1.383877,-2.194333,training_point
09:46:58.302,2,-2.668731,1.505991,-2.066119,training_point
09:46:58.401,1,-1.528789,1.384292,-2.194287,training_point
09:46:58.402,2,-2.6691,1.505921,-2.066178,training_point
09:46:58.485,1,-1.528958,1.38438,-2.194478,training_point
09:46:58.485,2,-2.670225,1.505991,-2.06714,training_point
09:46:58.568,1,-1.529073,1.384805,-2.194468,training_point
09:46:58.568,2,-2.671624,1.505394,-2.069093,training_point
09:46:58.652,1,-1.529372,1.384688,-2.194949,training_point
09:46:58.652,2,-2.672783,1.505171,-2.071107,training_point
09:46:58.735,1,-1.529663,1.384691,-2.194896,training_point
09:46:58.735,2,-2.674098,1.504905,-2.074341,training_point
09:46:58.819,1,-1.52966,1.384656,-2.194773,training_point
09:46:58.819,2,-2.673748,1.504812,-2.074438,training_point
09:46:58.901,1,-1.529586,1.38441,-2.194766,training_point
09:46:58.902,2,-2.673461,1.504963,-2.074993,training_point
09:46:58.986,1,-1.52959,1.384618,-2.194755,training_point
09:46:58.986,2,-2.6734,1.504648,-2.07675,training_point
09:46:59.068,1,-1.529477,1.384486,-2.194609,training_point
09:46:59.068,2,-2.673517,1.504461,-2.077804,training_point
09:46:59.151,1,-1.529365,1.385507,-2.195305,training_point
09:46:59.152,2,-2.672996,1.50455,-2.077526,training_point
09:46:59.252,1,-1.529353,1.38544,-2.195606,training_point
09:46:59.253,2,-2.67237,1.504287,-2.078052,training_point
09:46:59.335,1,-1.529437,1.386077,-2.196507,training_point
09:46:59.335,2,-2.671353,1.504298,-2.07804,training_point
09:46:59.468,1,-1.529034,1.386111,-2.19726,training_point
09:46:59.468,2,-2.669495,1.50406,-2.076531,training_point
09:46:59.601,1,-1.528862,1.386227,-2.198332,training_point
09:46:59.602,2,-2.667254,1.504069,-2.073505,training_point
09:46:59.752,1,-1.528121,1.386777,-2.198328,training_point
09:46:59.753,2,-2.667403,1.504264,-2.072619,training_point
09:46:59.835,1,-1.527775,1.386092,-2.198734,training_point
09:46:59.835,2,-2.667422,1.504325,-2.071369,training_point
09:46:59.968,1,-1.526467,1.386272,-2.198656,training_point
09:46:59.968,2,-2.666616,1.504429,-2.069913,training_point
09:47:00.052,1,-1.526615,1.38632,-2.1992,training_point
09:47:00.053,2,-2.666685,1.504284,-2.069972,training_point
09:47:00.135,1,-1.52695,1.38679,-2.199998,training_point
09:47:00.135,2,-2.666792,1.504269,-2.070239,training_point
09:47:00.219,1,-1.526636,1.387018,-2.200137,training_point
09:47:00.219,2,-2.667451,1.50416,-2.070699,training_point
09:47:00.301,1,-1.526389,1.387386,-2.20048,training_point
09:47:00.302,2,-2.666875,1.504023,-2.069687,training_point
09:47:00.435,1,-1.525276,1.386879,-2.200827,training_point
09:47:00.435,2,-2.667329,1.504043,-2.069736,training_point
09:47:00.518,1,-1.525606,1.38663,-2.20131,training_point
09:47:00.518,2,-2.667908,1.503975,-2.068606,training_point
09:47:00.651,1,-1.524057,1.385918,-2.201653,training_point
09:47:00.652,2,-2.668885,1.503999,-2.067901,training_point
09:47:00.802,1,-1.522519,1.386287,-2.202698,training_point
09:47:00.802,2,-2.669207,1.503749,-2.0671,training_point
09:47:00.885,1,-1.52219,1.386265,-2.203082,training_point
09:47:00.885,2,-2.669436,1.503695,-2.065174,training_point
09:47:00.968,1,-1.518723,1.386725,-2.203913,training_point
09:47:00.969,2,-2.670173,1.503724,-2.065084,training_point
09:47:01.052,1,-1.512389,1.386539,-2.204311,training_point
09:47:01.052,2,-2.670386,1.503593,-2.065109,training_point
09:47:01.135,1,-1.506187,1.386658,-2.203549,training_point
09:47:01.135,2,-2.671492,1.503675,-2.065221,training_point
09:47:01.218,1,-1.503723,1.386246,-2.204113,training_point
09:47:01.218,2,-2.671369,1.503804,-2.064739,training_point
09:47:01.301,1,-1.499635,1.386611,-2.205801,training_point
09:47:01.302,2,-2.671689,1.503848,-2.065656,training_point
09:47:01.386,1,-1.497531,1.387409,-2.205856,training_point
09:47:01.386,2,-2.671829,1.503938,-2.065474,training_point
09:47:01.485,1,-1.49186,1.388733,-2.206754,training_point
09:47:01.486,2,-2.671752,1.50349,-2.065267,training_point
09:47:01.568,1,-1.488669,1.38868,-2.20713,training_point
09:47:01.568,2,-2.671643,1.503257,-2.064607,training_point
09:47:01.652,1,-1.486853,1.388902,-2.20785,training_point
09:47:01.652,2,-2.671601,1.502905,-2.0662,training_point
09:47:01.735,1,-1.482152,1.389542,-2.208799,training_point
09:47:01.735,2,-2.670911,1.50279,-2.065029,training_point
09:47:01.819,1,-1.480151,1.389521,-2.210229,training_point
09:47:01.819,2,-2.670472,1.502907,-2.064297,training_point
09:47:01.901,1,-1.476413,1.389842,-2.212192,training_point
09:47:01.902,2,-2.670046,1.503132,-2.063534,training_point
09:47:02.035,1,-1.471162,1.389368,-2.215266,training_point
09:47:02.035,2,-2.669798,1.503007,-2.062684,training_point
09:47:02.119,1,-1.469268,1.389877,-2.216106,training_point
09:47:02.119,2,-2.670059,1.503801,-2.062667,training_point
09:47:02.201,1,-1.467942,1.389036,-2.217308,training_point
09:47:02.202,2,-2.67038,1.503791,-2.063778,training_point
09:47:02.285,1,-1.466747,1.388898,-2.218721,training_point
09:47:02.286,2,-2.670229,1.502322,-2.063619,training_point
09:47:02.368,1,-1.46614,1.388351,-2.218902,training_point
09:47:02.368,2,-2.670121,1.50229,-2.063547,training_point
09:47:02.452,1,-1.465844,1.387809,-2.219035,training_point
09:47:02.453,2,-2.669354,1.502149,-2.062937,training_point
09:47:02.535,1,-1.464881,1.387923,-2.22067,training_point
09:47:02.535,2,-2.668756,1.501091,-2.061859,training_point
09:47:02.668,1,-1.464225,1.387788,-2.221721,training_point
09:47:02.668,2,-2.668633,1.500035,-2.060547,training_point
09:47:02.752,1,-1.464223,1.387783,-2.221729,training_point
09:47:02.753,2,-2.668541,1.501149,-2.06076,training_point
09:47:02.835,1,-1.463827,1.387558,-2.221932,training_point
09:47:02.835,2,-2.668362,1.501907,-2.060962,training_point
09:47:02.919,1,-1.463484,1.388133,-2.222458,training_point
09:47:02.920,2,-2.668159,1.49957,-2.060628,training_point
09:47:03.018,1,-1.46387,1.387719,-2.221841,training_point
09:47:03.018,2,-2.668109,1.499543,-2.060466,training_point
09:47:03.151,1,-1.464495,1.387883,-2.220744,training_point
09:47:03.152,2,-2.667783,1.500359,-2.060079,training_point
09:47:03.236,1,-1.464803,1.38782,-2.220181,training_point
09:47:03.236,2,-2.66796,1.500327,-2.058782,training_point
09:47:03.318,1,-1.465114,1.387984,-2.219786,training_point
09:47:03.318,2,-2.668116,1.500403,-2.05785,training_point
09:47:03.402,1,-1.465822,1.387912,-2.21866,training_point
09:47:03.403,2,-2.668246,1.500587,-2.05785,training_point
09:47:03.485,1,-1.466469,1.387881,-2.217678,training_point
09:47:03.485,2,-2.668487,1.500642,-2.058298,training_point
09:47:03.618,1,-1.467607,1.387549,-2.214812,training_point
09:47:03.618,2,-2.668178,1.500321,-2.057547,training_point
09:47:03.702,1,-1.468287,1.387773,-2.214159,training_point
09:47:03.703,2,-2.668315,1.499621,-2.057486,training_point
09:47:03.785,1,-1.469597,1.38778,-2.213016,training_point
09:47:03.785,2,-2.668552,1.50052,-2.058478,training_point
09:47:03.918,1,-1.470407,1.387273,-2.211633,training_point
09:47:03.918,2,-2.667697,1.500631,-2.057579,training_point
09:47:04.051,1,-1.47111,1.386956,-2.210568,training_point
09:47:04.052,2,-2.667405,1.500311,-2.057847,training_point
09:47:04.136,1,-1.471891,1.387089,-2.208893,training_point
09:47:04.136,2,-2.666489,1.50064,-2.057197,training_point
09:47:04.218,1,-1.472499,1.387073,-2.208097,training_point
09:47:04.218,2,-2.666225,1.500928,-2.057086,training_point
09:47:04.302,1,-1.472629,1.387566,-2.207561,training_point
09:47:04.303,2,-2.66545,1.50059,-2.058063,training_point
09:47:04.386,1,-1.473133,1.387794,-2.206887,training_point
09:47:04.386,2,-2.665435,1.500868,-2.058412,training_point
09:47:04.468,1,-1.473727,1.387654,-2.205909,training_point
09:47:04.468,2,-2.664915,1.500919,-2.05801,training_point
09:47:04.552,1,-1.475006,1.387567,-2.204838,training_point
09:47:04.553,2,-2.665517,1.500883,-2.05883,training_point
09:47:04.635,1,-1.475661,1.387577,-2.204054,training_point
09:47:04.635,2,-2.665404,1.500822,-2.058511,training_point
09:47:04.768,1,-1.477044,1.387752,-2.202383,training_point
09:47:04.768,2,-2.66589,1.501167,-2.058996,training_point
09:47:04.852,1,-1.478629,1.388076,-2.201786,training_point
09:47:04.853,2,-2.665891,1.501358,-2.058905,training_point
09:47:04.935,1,-1.480476,1.388098,-2.200508,training_point
09:47:04.935,2,-2.666179,1.50179,-2.058589,training_point
09:47:05.068,1,-1.482365,1.38722,-2.199112,training_point
09:47:05.068,2,-2.666828,1.501619,-2.058375,training_point
09:47:05.153,1,-1.484781,1.386651,-2.197454,training_point
09:47:05.153,2,-2.667282,1.501419,-2.058163,training_point
09:47:05.235,1,-1.487353,1.38631,-2.196342,training_point
09:47:05.235,2,-2.6675,1.501198,-2.057929,training_point
09:47:05.368,1,-1.490163,1.386329,-2.194533,training_point
09:47:05.368,2,-2.668346,1.501846,-2.057565,training_point
09:47:05.501,1,-1.492402,1.386124,-2.194145,training_point
09:47:05.502,2,-2.668602,1.501516,-2.057491,training_point
09:47:05.652,1,-1.494487,1.386016,-2.194133,training_point
09:47:05.653,2,-2.6687,1.500921,-2.057492,training_point
09:47:05.736,1,-1.493494,1.386466,-2.194932,training_point
09:47:05.736,2,-2.668725,1.500135,-2.057319,training_point
09:47:05.818,1,-1.494173,1.38789,-2.195434,training_point
09:47:05.819,2,-2.668456,1.498949,-2.056944,training_point
09:47:05.902,1,-1.496868,1.387998,-2.19568,training_point
09:47:05.902,2,-2.668414,1.499555,-2.056811,training_point
09:47:05.985,1,-1.497767,1.388137,-2.196324,training_point
09:47:05.985,2,-2.668231,1.500208,-2.057087,training_point
09:47:06.069,1,-1.49852,1.388055,-2.197043,training_point
09:47:06.069,2,-2.668421,1.50069,-2.057299,training_point
09:47:06.151,1,-1.498133,1.388071,-2.197088,training_point
09:47:06.152,2,-2.668285,1.500903,-2.05715,training_point
09:47:06.236,1,-1.498079,1.388148,-2.197484,training_point
09:47:06.236,2,-2.667941,1.501581,-2.056521,training_point
09:47:06.318,1,-1.498898,1.388317,-2.197554,training_point
09:47:06.318,2,-2.667362,1.501745,-2.05624,training_point
09:47:06.402,1,-1.499022,1.388058,-2.197952,training_point
09:47:06.403,2,-2.666812,1.501817,-2.056685,training_point
09:47:06.485,1,-1.498917,1.387643,-2.199277,training_point
09:47:06.485,2,-2.666648,1.501483,-2.056305,training_point
09:47:06.618,1,-1.503238,1.388539,-2.200579,training_point
09:47:06.618,2,-2.666383,1.501545,-2.05652,training_point
09:47:06.768,1,-1.501964,1.388204,-2.201493,training_point
09:47:06.768,2,-2.666221,1.501721,-2.055419,training_point
09:47:06.852,1,-1.502958,1.388326,-2.202405,training_point
09:47:06.852,2,-2.666252,1.501409,-2.055431,training_point
09:47:06.935,1,-1.504889,1.387197,-2.204106,training_point
09:47:06.935,2,-2.666197,1.501019,-2.055737,training_point
09:47:07.068,1,-1.504142,1.387113,-2.205421,training_point
09:47:07.068,2,-2.66603,1.499682,-2.055893,training_point
09:47:07.202,1,-1.502356,1.387669,-2.207351,training_point
09:47:07.202,2,-2.666145,1.500145,-2.055746,training_point
09:47:07.335,1,-1.499601,1.386951,-2.207707,training_point
09:47:07.335,2,-2.666699,1.499827,-2.056492,training_point
09:47:07.485,1,-1.501559,1.387148,-2.209923,training_point
09:47:07.485,2,-2.667051,1.499101,-2.055537,training_point
09:47:07.568,1,-1.502669,1.387483,-2.210711,training_point
09:47:07.568,2,-2.666932,1.499366,-2.05617,training_point
09:47:07.702,1,-1.503768,1.387542,-2.211874,training_point
09:47:07.702,2,-2.667589,1.499122,-2.056241,training_point
09:47:07.835,1,-1.502958,1.387965,-2.21297,training_point
09:47:07.835,2,-2.668196,1.498647,-2.058099,training_point
09:47:07.968,1,-1.503867,1.388098,-2.214437,training_point
09:47:07.968,2,-2.668011,1.497986,-2.057605,training_point
09:47:08.101,1,-1.504222,1.388129,-2.21502,training_point
09:47:08.102,2,-2.667778,1.497882,-2.057042,training_point
09:47:08.235,1,-1.50167,1.387425,-2.214688,training_point
09:47:08.235,2,-2.667566,1.497779,-2.05699,training_point
09:47:08.368,1,-1.502522,1.387607,-2.214515,training_point
09:47:08.368,2,-2.667322,1.498324,-2.056726,training_point
09:47:08.501,1,-1.503434,1.387283,-2.214329,training_point
09:47:08.502,2,-2.666975,1.498344,-2.056492,training_point
09:47:08.635,1,-1.503899,1.388382,-2.213473,training_point
09:47:08.635,2,-2.668283,1.498082,-2.057539,training_point
09:47:08.719,1,-1.502735,1.388626,-2.212682,training_point
09:47:08.720,2,-2.668567,1.498321,-2.056828,training_point
09:47:08.802,1,-1.504271,1.387807,-2.211895,training_point
09:47:08.802,2,-2.669202,1.497908,-2.0574,training_point
09:47:08.935,1,-1.502309,1.388265,-2.211127,training_point
09:47:08.935,2,-2.669433,1.498069,-2.057296,training_point
09:47:09.068,1,-1.501913,1.387353,-2.210184,training_point
09:47:09.068,2,-2.669861,1.498381,-2.057461,training_point
09:47:09.152,1,-1.502649,1.387114,-2.209472,training_point
09:47:09.153,2,-2.670046,1.498584,-2.057665,training_point
09:47:09.235,1,-1.502269,1.387612,-2.209667,training_point
09:47:09.235,2,-2.670133,1.499123,-2.058297,training_point
09:47:09.368,1,-1.501948,1.38828,-2.209482,training_point
09:47:09.368,2,-2.670596,1.499846,-2.057948,training_point
09:47:09.452,1,-1.500228,1.388472,-2.209123,training_point
09:47:09.452,2,-2.670275,1.500043,-2.05786,training_point
09:47:09.536,1,-1.499263,1.38876,-2.209053,training_point
09:47:09.536,2,-2.670129,1.499819,-2.05792,training_point
09:47:09.618,1,-1.503745,1.388572,-2.208828,training_point
09:47:09.618,2,-2.670053,1.499667,-2.058366,training_point
09:47:09.702,1,-1.502809,1.388969,-2.208476,training_point
09:47:09.702,2,-2.670657,1.499174,-2.058616,training_point
09:47:09.802,1,-1.501692,1.38843,-2.208672,training_point
09:47:09.802,2,-2.671004,1.498976,-2.058494,training_point
09:47:09.885,1,-1.501592,1.388341,-2.209246,training_point
09:47:09.885,2,-2.670311,1.49933,-2.058736,training_point
09:47:10.018,1,-1.501532,1.388111,-2.208646,training_point
09:47:10.018,2,-2.670164,1.499511,-2.058865,training_point
09:47:10.152,1,-1.501763,1.387803,-2.207783,training_point
09:47:10.152,2,-2.670666,1.499692,-2.059209,training_point
09:47:10.302,1,-1.502522,1.388335,-2.20858,training_point
09:47:10.302,2,-2.67156,1.499114,-2.060162,training_point
09:47:10.385,1,-1.505777,1.388118,-2.209243,training_point
09:47:10.386,2,-2.672264,1.499602,-2.062085,training_point
09:47:10.468,1,-1.505255,1.387623,-2.209785,training_point
09:47:10.468,2,-2.674342,1.499837,-2.063285,training_point
09:47:10.602,1,-1.505,1.385648,-2.21061,training_point
09:47:10.602,2,-2.677055,1.500084,-2.063919,training_point
09:47:10.735,1,-1.503879,1.385385,-2.210837,training_point
09:47:10.735,2,-2.680086,1.499976,-2.064774,training_point
09:47:10.819,1,-1.505815,1.384589,-2.212059,training_point
09:47:10.820,2,-2.681069,1.49972,-2.064739,training_point
09:47:10.902,1,-1.506941,1.385057,-2.212688,training_point
09:47:10.902,2,-2.68185,1.499647,-2.066103,training_point
09:47:11.035,1,-1.507371,1.385554,-2.213175,training_point
09:47:11.035,2,-2.682651,1.499531,-2.067063,training_point
09:47:11.119,1,-1.504764,1.385843,-2.213167,training_point
09:47:11.120,2,-2.682763,1.499698,-2.067443,training_point
09:47:11.202,1,-1.506414,1.386113,-2.214345,training_point
09:47:11.202,2,-2.683496,1.499771,-2.068192,training_point
09:47:11.335,1,-1.506889,1.385517,-2.214872,training_point
09:47:11.336,2,-2.683619,1.49993,-2.070097,training_point
09:47:11.419,1,-1.507287,1.385675,-2.2153,training_point
09:47:11.419,2,-2.683944,1.500192,-2.070253,training_point
09:47:11.518,1,-1.508056,1.385646,-2.215702,training_point
09:47:11.518,2,-2.684198,1.499822,-2.071613,training_point
09:47:11.652,1,-1.508756,1.38597,-2.216579,training_point
09:47:11.652,2,-2.684237,1.499623,-2.075857,training_point
09:47:11.785,1,-1.508578,1.385459,-2.216894,training_point
09:47:11.785,2,-2.684398,1.499794,-2.078,training_point
09:47:11.918,1,-1.508706,1.385066,-2.217606,training_point
09:47:11.918,2,-2.684202,1.499769,-2.08005,training_point
09:47:12.052,1,-1.50851,1.385603,-2.217808,training_point
09:47:12.052,2,-2.684521,1.499996,-2.081619,training_point
09:47:12.136,1,-1.508777,1.385604,-2.218014,training_point
09:47:12.136,2,-2.684329,1.500071,-2.081615,training_point
09:47:12.218,1,-1.508781,1.38533,-2.218113,training_point
09:47:12.218,2,-2.684403,1.500076,-2.082636,training_point
09:47:12.352,1,-1.506331,1.3853,-2.2185,training_point
09:47:12.352,2,-2.684391,1.500065,-2.083533,training_point
09:47:12.485,1,-1.506763,1.38488,-2.218998,training_point
09:47:12.485,2,-2.684331,1.500039,-2.083746,training_point
09:47:12.618,1,-1.507131,1.386179,-2.219243,training_point
09:47:12.618,2,-2.684153,1.499919,-2.0836,training_point
09:47:12.752,1,-1.509149,1.387369,-2.220245,training_point
09:47:12.752,2,-2.682669,1.499968,-2.084849,training_point
09:47:12.836,1,-1.509384,1.389254,-2.220744,training_point
09:47:12.836,2,-2.680168,1.499821,-2.085973,training_point
09:47:12.918,1,-1.509675,1.389661,-2.220929,training_point
09:47:12.918,2,-2.676084,1.499946,-2.088359,training_point
09:47:13.052,1,-1.509816,1.39016,-2.221079,training_point
09:47:13.052,2,-2.662794,1.500026,-2.091666,training_point
09:47:13.185,1,-1.509459,1.390794,-2.220071,training_point
09:47:13.185,2,-2.656722,1.500501,-2.093835,training_point
09:47:13.318,1,-1.508242,1.390636,-2.219135,training_point
09:47:13.318,2,-2.639715,1.500538,-2.102505,training_point
09:47:13.452,1,-1.508269,1.390806,-2.218215,training_point
09:47:13.452,2,-2.617825,1.499973,-2.113597,training_point
09:47:13.552,1,-1.507044,1.390997,-2.217209,training_point
09:47:13.552,2,-2.617741,1.500082,-2.122932,training_point
09:47:13.635,1,-1.506497,1.39121,-2.216984,training_point
09:47:13.635,2,-2.612076,1.500036,-2.126811,training_point
09:47:13.768,1,-1.50597,1.391383,-2.216563,training_point
09:47:13.768,2,-2.598716,1.499113,-2.130617,training_point
09:47:13.853,1,-1.506422,1.392628,-2.215891,training_point
09:47:13.853,2,-2.593929,1.499318,-2.130215,training_point
09:47:13.935,1,-1.505883,1.393113,-2.215372,training_point
09:47:13.935,2,-2.57434,1.499516,-2.122248,training_point
09:47:14.068,1,-1.505786,1.39303,-2.214778,training_point
09:47:14.068,2,-2.570893,1.499384,-2.119169,training_point
09:47:14.202,1,-1.505529,1.393286,-2.213842,training_point
09:47:14.202,2,-2.570781,1.499448,-2.11122,training_point
09:47:14.335,1,-1.505238,1.393051,-2.21318,training_point
09:47:14.335,2,-2.574203,1.499567,-2.104335,training_point
09:47:14.468,1,-1.506101,1.392903,-2.212571,training_point
09:47:14.468,2,-2.575535,1.4993,-2.095038,training_point
09:47:14.552,1,-1.506995,1.392703,-2.212048,training_point
09:47:14.552,2,-2.573915,1.49957,-2.092668,training_point
09:47:14.636,1,-1.507623,1.392589,-2.211589,training_point
09:47:14.636,2,-2.571278,1.499698,-2.090239,training_point
09:47:14.719,1,-1.50807,1.392769,-2.211114,training_point
09:47:14.719,2,-2.571537,1.499054,-2.089162,training_point
09:47:14.802,1,-1.509324,1.395213,-2.210433,training_point
09:47:14.802,2,-2.574104,1.498938,-2.089424,training_point
09:47:14.886,1,-1.50951,1.398299,-2.20984,training_point
09:47:14.886,2,-2.575194,1.499102,-2.090517,training_point
09:47:14.968,1,-1.50957,1.403383,-2.209898,training_point
09:47:14.968,2,-2.575421,1.49887,-2.09313,training_point
09:47:15.102,1,-1.509177,1.418382,-2.209981,training_point
09:47:15.102,2,-2.574392,1.499683,-2.097623,training_point
09:47:15.186,1,-1.509834,1.41617,-2.209807,training_point
09:47:15.186,2,-2.573252,1.499678,-2.100686,training_point
09:47:15.268,1,-1.510179,1.430179,-2.209452,training_point
09:47:15.268,2,-2.572889,1.499576,-2.10315,training_point
09:47:15.402,1,-1.509532,1.435573,-2.209025,training_point
09:47:15.402,2,-2.573047,1.499811,-2.10618,training_point
09:47:15.535,1,-1.509691,1.43322,-2.206208,training_point
09:47:15.535,2,-2.573057,1.499694,-2.104919,training_point
09:47:15.668,1,-1.510603,1.432692,-2.201541,training_point
09:47:15.668,2,-2.571428,1.499598,-2.102273,training_point
09:47:15.802,1,-1.51126,1.428205,-2.196151,training_point
09:47:15.802,2,-2.568239,1.499643,-2.097674,training_point
09:47:15.935,1,-1.511585,1.427579,-2.192993,training_point
09:47:15.935,2,-2.563369,1.499176,-2.094463,training_point
09:47:16.068,1,-1.513585,1.425691,-2.192247,training_point
09:47:16.068,2,-2.563731,1.499287,-2.092183,training_point
09:47:16.202,1,-1.52068,1.424414,-2.194538,training_point
09:47:16.202,2,-2.56357,1.499756,-2.08811,training_point
09:47:16.336,1,-1.525866,1.421382,-2.197135,training_point
09:47:16.336,2,-2.563003,1.500013,-2.08856,training_point
09:47:16.468,1,-1.532259,1.423375,-2.201447,training_point
09:47:16.468,2,-2.562212,1.500563,-2.089476,training_point
09:47:16.602,1,-1.537681,1.423315,-2.200955,training_point
09:47:16.602,2,-2.562666,1.500945,-2.089219,training_point
09:47:16.686,1,-1.542063,1.420415,-2.200834,training_point
09:47:16.686,2,-2.562578,1.501238,-2.089524,training_point
09:47:16.768,1,-1.550591,1.422889,-2.200329,training_point
09:47:16.768,2,-2.5646,1.501745,-2.089486,training_point
09:47:16.853,1,-1.559447,1.425726,-2.197468,training_point
09:47:16.853,2,-2.564246,1.502756,-2.089776,training_point
09:47:16.935,1,-1.575759,1.430055,-2.195504,training_point
09:47:16.935,2,-2.564323,1.503294,-2.089791,training_point
09:47:17.068,1,-1.596236,1.432088,-2.192756,training_point
09:47:17.068,2,-2.56651,1.503301,-2.088836,training_point
09:47:17.153,1,-1.612699,1.433732,-2.193102,training_point
09:47:17.153,2,-2.565977,1.503526,-2.088892,training_point
09:47:17.236,1,-1.630463,1.434347,-2.192431,training_point
09:47:17.236,2,-2.568918,1.503502,-2.089608,training_point
09:47:17.319,1,-1.64154,1.435537,-2.193786,training_point
09:47:17.319,2,-2.569105,1.503089,-2.089497,training_point
09:47:17.402,1,-1.654148,1.436471,-2.195092,training_point
09:47:17.402,2,-2.571835,1.502842,-2.090364,training_point
09:47:17.486,1,-1.659117,1.434256,-2.19712,training_point
09:47:17.486,2,-2.572067,1.503308,-2.092073,training_point
09:47:17.569,1,-1.662532,1.434597,-2.202145,training_point
09:47:17.569,2,-2.573857,1.503879,-2.093345,training_point
09:47:17.653,1,-1.662586,1.433553,-2.209525,training_point
09:47:17.653,2,-2.575645,1.503923,-2.094433,training_point
09:47:17.785,1,-1.652186,1.431768,-2.232582,training_point
09:47:17.785,2,-2.576472,1.502636,-2.094152,training_point
09:47:17.869,1,-1.64565,1.427476,-2.248381,training_point
09:47:17.870,2,-2.578233,1.503021,-2.09405,training_point
09:47:17.952,1,-1.628678,1.41933,-2.274484,training_point
09:47:17.953,2,-2.579481,1.503925,-2.093902,training_point
09:47:18.036,1,-1.60998,1.41948,-2.304246,training_point
09:47:18.036,2,-2.582185,1.504502,-2.0958,training_point
09:47:18.169,1,-1.58924,1.41971,-2.343065,training_point
09:47:18.169,2,-2.585618,1.504525,-2.097424,training_point
09:47:18.253,1,-1.578769,1.419606,-2.360362,training_point
09:47:18.253,2,-2.586492,1.505643,-2.097963,training_point
09:47:18.336,1,-1.559762,1.419294,-2.392618,training_point
09:47:18.336,2,-2.585402,1.505645,-2.098631,training_point
09:47:18.419,1,-1.550385,1.418945,-2.412241,training_point
09:47:18.419,2,-2.585606,1.505896,-2.099033,training_point
09:47:18.502,1,-1.539373,1.418423,-2.432484,training_point
09:47:18.502,2,-2.580941,1.506066,-2.100113,training_point
09:47:18.585,1,-1.533558,1.418834,-2.446289,training_point
09:47:18.586,2,-2.578957,1.505202,-2.101601,training_point
09:47:18.668,1,-1.527218,1.418775,-2.459117,training_point
09:47:18.669,2,-2.577852,1.504831,-2.104542,training_point
09:47:18.752,1,-1.525137,1.419604,-2.465512,training_point
09:47:18.752,2,-2.576332,1.504423,-2.105991,training_point
09:47:18.836,1,-1.52196,1.420287,-2.474898,training_point
09:47:18.836,2,-2.573795,1.504817,-2.109425,training_point
09:47:18.919,1,-1.520585,1.420922,-2.478679,training_point
09:47:18.919,2,-2.571954,1.506039,-2.110667,training_point
09:47:19.002,1,-1.519349,1.421552,-2.48235,training_point
09:47:19.003,2,-2.570187,1.508217,-2.112448,training_point
09:47:19.085,1,-1.519622,1.421585,-2.483838,training_point
09:47:19.086,2,-2.567006,1.50771,-2.112183,training_point
09:47:19.169,1,-1.5201,1.42189,-2.485119,training_point
09:47:19.170,2,-2.566468,1.507773,-2.113673,training_point
09:47:19.252,1,-1.520108,1.421561,-2.485069,training_point
09:47:19.252,2,-2.56639,1.507844,-2.114215,training_point
09:47:19.336,1,-1.520038,1.421551,-2.48416,training_point
09:47:19.336,2,-2.566118,1.507322,-2.114602,training_point
09:47:19.419,1,-1.52003,1.421746,-2.483335,training_point
09:47:19.419,2,-2.566081,1.507278,-2.114719,training_point
09:47:19.502,1,-1.520258,1.421964,-2.483174,training_point
09:47:19.502,2,-2.565066,1.50982,-2.115102,training_point
09:47:19.586,1,-1.519789,1.42273,-2.482426,training_point
09:47:19.586,2,-2.564713,1.512553,-2.115249,training_point
09:47:19.669,1,-1.520008,1.42195,-2.482305,training_point
09:47:19.670,2,-2.56452,1.513071,-2.115357,training_point
09:47:19.752,1,-1.519903,1.423353,-2.481639,training_point
09:47:19.753,2,-2.564418,1.514121,-2.115434,training_point
09:47:19.885,1,-1.519244,1.42363,-2.480247,training_point
09:47:19.885,2,-2.563687,1.514986,-2.115223,training_point
09:47:19.969,1,-1.519345,1.42516,-2.480145,training_point
09:47:19.970,2,-2.563363,1.514034,-2.115021,training_point
09:47:20.052,1,-1.519124,1.4256,-2.47972,training_point
09:47:20.053,2,-2.563492,1.512895,-2.114562,training_point
09:47:20.185,1,-1.517167,1.426668,-2.478071,training_point
09:47:20.185,2,-2.563814,1.512592,-2.113551,training_point
09:47:20.319,1,-1.515297,1.427341,-2.477591,training_point
09:47:20.319,2,-2.565853,1.513394,-2.110692,training_point
09:47:20.403,1,-1.514274,1.427643,-2.478806,training_point
09:47:20.403,2,-2.567831,1.513635,-2.107843,training_point
09:47:20.486,1,-1.513526,1.427787,-2.480932,training_point
09:47:20.486,2,-2.570739,1.511238,-2.107966,training_point
09:47:20.569,1,-1.512319,1.426537,-2.483093,training_point
09:47:20.570,2,-2.570513,1.511333,-2.105827,training_point
09:47:20.653,1,-1.511887,1.42491,-2.484138,training_point
09:47:20.653,2,-2.571732,1.511232,-2.105826,training_point
09:47:20.736,1,-1.510548,1.423906,-2.482349,training_point
09:47:20.736,2,-2.573796,1.510914,-2.105111,training_point
09:47:20.818,1,-1.508575,1.423605,-2.48494,training_point
09:47:20.818,2,-2.573973,1.5106,-2.105048,training_point
09:47:20.952,1,-1.506726,1.422906,-2.486755,training_point
09:47:20.952,2,-2.576439,1.510475,-2.104985,training_point
09:47:21.036,1,-1.50596,1.422618,-2.487081,training_point
09:47:21.036,2,-2.577015,1.510516,-2.105703,training_point
09:47:21.119,1,-1.50501,1.422186,-2.487519,training_point
09:47:21.119,2,-2.577244,1.51055,-2.106761,training_point
09:47:21.202,1,-1.504004,1.421787,-2.487757,training_point
09:47:21.202,2,-2.576584,1.51106,-2.106152,training_point
09:47:21.337,1,-1.502458,1.421162,-2.488014,training_point
09:47:21.337,2,-2.576578,1.511191,-2.106228,training_point
09:47:21.418,1,-1.502245,1.420922,-2.488247,training_point
09:47:21.419,2,-2.578393,1.511136,-2.10665,training_point
09:47:21.552,1,-1.501714,1.420753,-2.488223,training_point
09:47:21.552,2,-2.581614,1.511245,-2.105978,training_point
09:47:21.703,1,-1.501492,1.420759,-2.488014,training_point
09:47:21.703,2,-2.58482,1.511178,-2.105886,training_point
09:47:21.786,1,-1.501161,1.420506,-2.488364,training_point
09:47:21.786,2,-2.58391,1.510988,-2.105634,training_point
09:47:21.869,1,-1.501333,1.420596,-2.488295,training_point
09:47:21.869,2,-2.585737,1.510557,-2.1061,training_point
09:47:21.953,1,-1.501358,1.421466,-2.488412,training_point
09:47:21.953,2,-2.587019,1.510013,-2.106564,training_point
09:47:22.035,1,-1.500965,1.421252,-2.488446,training_point
09:47:22.035,2,-2.587043,1.509298,-2.105764,training_point
09:47:22.119,1,-1.501013,1.419173,-2.488319,training_point
09:47:22.120,2,-2.587196,1.508769,-2.105716,training_point
09:47:22.202,1,-1.500837,1.417158,-2.488406,training_point
09:47:22.202,2,-2.587453,1.507146,-2.105564,training_point
09:47:22.286,1,-1.500441,1.418176,-2.488418,training_point
09:47:22.286,2,-2.586914,1.505977,-2.105526,training_point
09:47:22.368,1,-1.499765,1.41916,-2.488086,training_point
09:47:22.369,2,-2.58577,1.505456,-2.105492,training_point
09:47:22.519,1,-1.498826,1.418698,-2.487758,training_point
09:47:22.520,2,-2.584474,1.506338,-2.105699,training_point
09:47:22.602,1,-1.498291,1.419263,-2.487801,training_point
09:47:22.602,2,-2.582618,1.504978,-2.106645,training_point
09:47:22.686,1,-1.497822,1.419588,-2.487598,training_point
09:47:22.686,2,-2.581179,1.503771,-2.106427,training_point
09:47:22.769,1,-1.496773,1.420417,-2.486095,training_point
09:47:22.769,2,-2.578075,1.503654,-2.105985,training_point
09:47:22.853,1,-1.4966,1.421117,-2.485974,training_point
09:47:22.853,2,-2.574937,1.503623,-2.106603,training_point
09:47:22.935,1,-1.495989,1.422669,-2.485653,training_point
09:47:22.936,2,-2.572601,1.503352,-2.106798,training_point
09:47:23.019,1,-1.495347,1.424387,-2.485029,training_point
09:47:23.020,2,-2.571432,1.503184,-2.106535,training_point
09:47:23.102,1,-1.494362,1.425273,-2.484058,training_point
09:47:23.102,2,-2.570505,1.502693,-2.106351,training_point
09:47:23.235,1,-1.49332,1.425267,-2.483487,training_point
09:47:23.235,2,-2.569733,1.50265,-2.105608,training_point
09:47:23.319,1,-1.493155,1.425602,-2.48325,training_point
09:47:23.320,2,-2.570121,1.502824,-2.10535,training_point
09:47:23.402,1,-1.493058,1.426331,-2.483005,training_point
09:47:23.402,2,-2.569471,1.502518,-2.105197,training_point
09:47:23.486,1,-1.493023,1.426327,-2.48296,training_point
09:47:23.487,2,-2.569877,1.502642,-2.10451,training_point
09:47:23.569,1,-1.493009,1.426151,-2.482519,training_point
09:47:23.570,2,-2.568744,1.502743,-2.103635,training_point
09:47:23.653,1,-1.492971,1.425842,-2.482319,training_point
09:47:23.653,2,-2.56751,1.502541,-2.103188,training_point
09:47:23.785,1,-1.492572,1.426099,-2.482119,training_point
09:47:23.785,2,-2.568382,1.502646,-2.10231,training_point
09:47:23.869,1,-1.492295,1.425825,-2.481779,training_point
09:47:23.870,2,-2.567833,1.502509,-2.101994,training_point
09:47:23.952,1,-1.489457,1.424544,-2.480043,training_point
09:47:23.952,2,-2.567801,1.502686,-2.101154,training_point
09:47:24.085,1,-1.48745,1.423924,-2.479679,training_point
09:47:24.085,2,-2.568891,1.502715,-2.100689,training_point
09:47:24.219,1,-1.486587,1.423092,-2.477977,training_point
09:47:24.219,2,-2.568679,1.502525,-2.100468,training_point
09:47:24.352,1,-1.48583,1.422699,-2.476711,training_point
09:47:24.352,2,-2.565591,1.502168,-2.100457,training_point
09:47:24.436,1,-1.485555,1.421993,-2.476203,training_point
09:47:24.436,2,-2.567117,1.50208,-2.1002,training_point
09:47:24.519,1,-1.485226,1.422139,-2.475776,training_point
09:47:24.520,2,-2.565797,1.50252,-2.100122,training_point
09:47:24.603,1,-1.485101,1.421767,-2.475495,training_point
09:47:24.603,2,-2.566856,1.5025,-2.099913,training_point
09:47:24.685,1,-1.484941,1.422404,-2.475409,training_point
09:47:24.686,2,-2.56691,1.502543,-2.09951,training_point
09:47:24.769,1,-1.485575,1.423657,-2.47581,training_point
09:47:24.770,2,-2.566986,1.50258,-2.099857,training_point
09:47:24.852,1,-1.486887,1.423759,-2.477325,training_point
09:47:24.852,2,-2.566446,1.502771,-2.099898,training_point
09:47:24.985,1,-1.487371,1.423318,-2.477292,training_point
09:47:24.985,2,-2.568318,1.502706,-2.101169,training_point
09:47:25.119,1,-1.487633,1.423301,-2.477741,training_point
09:47:25.120,2,-2.567349,1.502709,-2.102127,training_point
09:47:25.203,1,-1.487868,1.42297,-2.478333,training_point
09:47:25.203,2,-2.568586,1.502588,-2.102945,training_point
09:47:25.286,1,-1.487554,1.422805,-2.478348,training_point
09:47:25.286,2,-2.56948,1.5024,-2.103608,training_point
09:47:25.369,1,-1.487164,1.42312,-2.477219,training_point
09:47:25.370,2,-2.569707,1.502617,-2.104116,training_point
09:47:25.453,1,-1.487289,1.422968,-2.477075,training_point
09:47:25.453,2,-2.568615,1.502491,-2.105705,training_point
09:47:25.536,1,-1.487942,1.422831,-2.477703,training_point
09:47:25.536,2,-2.569274,1.502583,-2.106237,training_point
09:47:25.619,1,-1.488204,1.421851,-2.477474,training_point
09:47:25.620,2,-2.571475,1.50258,-2.107542,training_point
09:47:25.702,1,-1.488468,1.420906,-2.478653,training_point
09:47:25.703,2,-2.571444,1.502209,-2.107721,training_point
09:47:25.786,1,-1.488843,1.420772,-2.477935,training_point
09:47:25.786,2,-2.571572,1.502219,-2.108668,training_point
09:47:25.869,1,-1.488971,1.419797,-2.477833,training_point
09:47:25.869,2,-2.570972,1.502553,-2.10989,training_point
09:47:25.952,1,-1.489591,1.419087,-2.478636,training_point
09:47:25.952,2,-2.569052,1.503251,-2.11044,training_point
09:47:26.036,1,-1.489883,1.418997,-2.479308,training_point
09:47:26.036,2,-2.569527,1.50336,-2.112211,training_point
09:47:26.119,1,-1.490262,1.418767,-2.480219,training_point
09:47:26.119,2,-2.56869,1.50346,-2.11356,training_point
09:47:26.202,1,-1.490405,1.419189,-2.481228,training_point
09:47:26.203,2,-2.56795,1.503352,-2.115298,training_point
09:47:26.286,1,-1.490375,1.419793,-2.482472,training_point
09:47:26.286,2,-2.567839,1.503189,-2.116477,training_point
09:47:26.370,1,-1.490253,1.419923,-2.483316,training_point
09:47:26.370,2,-2.56923,1.503118,-2.118549,training_point
09:47:26.453,1,-1.490386,1.420499,-2.484227,training_point
09:47:26.453,2,-2.569075,1.502456,-2.119519,training_point
09:47:26.536,1,-1.490442,1.420987,-2.484939,training_point
09:47:26.536,2,-2.568476,1.502226,-2.121486,training_point
09:47:26.619,1,-1.489874,1.421069,-2.484293,training_point
09:47:26.620,2,-2.568789,1.502118,-2.121724,training_point
09:47:26.703,1,-1.489425,1.421489,-2.484587,training_point
09:47:26.703,2,-2.568684,1.501624,-2.12356,training_point
09:47:26.786,1,-1.489652,1.421183,-2.485286,training_point
09:47:26.786,2,-2.569128,1.50149,-2.123709,training_point
09:47:26.869,1,-1.489372,1.421038,-2.485487,training_point
09:47:26.869,2,-2.572443,1.501756,-2.124532,training_point
09:47:26.953,1,-1.488951,1.420564,-2.48517,training_point
09:47:26.953,2,-2.571828,1.501785,-2.124527,training_point
09:47:27.036,1,-1.488441,1.420333,-2.485025,training_point
09:47:27.036,2,-2.5751,1.501597,-2.124554,training_point
09:47:27.119,1,-1.488775,1.420504,-2.485708,training_point
09:47:27.119,2,-2.575455,1.501599,-2.123024,training_point
09:47:27.252,1,-1.488017,1.419881,-2.485517,training_point
09:47:27.253,2,-2.575339,1.501349,-2.12067,training_point
09:47:27.336,1,-1.487708,1.419982,-2.485798,training_point
09:47:27.336,2,-2.574498,1.501721,-2.118705,training_point
09:47:27.469,1,-1.487006,1.420332,-2.485765,training_point
09:47:27.469,2,-2.575996,1.501813,-2.117782,training_point
09:47:27.553,1,-1.487259,1.420308,-2.486189,training_point
09:47:27.553,2,-2.575575,1.501951,-2.11762,training_point
09:47:27.636,1,-1.48686,1.421683,-2.486152,training_point
09:47:27.637,2,-2.576279,1.502338,-2.116939,training_point
09:47:27.719,1,-1.486646,1.421863,-2.485651,training_point
09:47:27.719,2,-2.574703,1.502105,-2.115417,training_point
09:47:27.852,1,-1.486717,1.422658,-2.485812,training_point
09:47:27.852,2,-2.573477,1.502286,-2.113905,training_point
09:47:28.003,1,-1.486867,1.422728,-2.486268,training_point
09:47:28.003,2,-2.575037,1.501638,-2.113755,training_point
09:47:28.102,1,-1.487061,1.422641,-2.486616,training_point
09:47:28.102,2,-2.574613,1.501673,-2.11301,training_point
09:47:28.236,1,-1.487101,1.422811,-2.486504,training_point
09:47:28.236,2,-2.57223,1.501254,-2.112103,training_point
09:47:28.369,1,-1.487241,1.422507,-2.486638,training_point
09:47:28.369,2,-2.573379,1.500941,-2.110984,training_point
09:47:28.502,1,-1.487615,1.423048,-2.487046,training_point
09:47:28.502,2,-2.571883,1.501561,-2.110921,training_point
09:47:28.635,1,-1.487953,1.422945,-2.487167,training_point
09:47:28.635,2,-2.572664,1.501167,-2.110199,training_point
09:47:28.769,1,-1.488425,1.422059,-2.486874,training_point
09:47:28.769,2,-2.573854,1.500734,-2.108972,training_point
09:47:28.853,1,-1.488974,1.422089,-2.487397,training_point
09:47:28.853,2,-2.573986,1.50093,-2.108752,training_point
09:47:28.935,1,-1.489263,1.42083,-2.487292,training_point
09:47:28.936,2,-2.574171,1.50071,-2.10851,training_point
09:47:29.019,1,-1.48921,1.421095,-2.487045,training_point
09:47:29.020,2,-2.574299,1.500873,-2.108603,training_point
09:47:29.103,1,-1.489572,1.421022,-2.487466,training_point
09:47:29.103,2,-2.574723,1.500474,-2.10736,training_point
09:47:29.186,1,-1.489496,1.421396,-2.487478,training_point
09:47:29.186,2,-2.574885,1.500221,-2.107176,training_point
09:47:29.269,1,-1.489368,1.42239,-2.487609,training_point
09:47:29.270,2,-2.574661,1.500026,-2.106969,training_point
09:47:29.353,1,-1.489335,1.42282,-2.487674,training_point
09:47:29.353,2,-2.573815,1.500208,-2.107735,training_point
09:47:29.485,1,-1.489644,1.422967,-2.488539,training_point
09:47:29.485,2,-2.57471,1.50018,-2.106749,training_point
09:47:29.569,1,-1.489506,1.422862,-2.488442,training_point
09:47:29.570,2,-2.574811,1.500267,-2.106368,training_point
09:47:29.653,1,-1.488939,1.422884,-2.488472,training_point
09:47:29.653,2,-2.575115,1.500415,-2.105869,training_point
09:47:29.736,1,-1.488734,1.422824,-2.48832,training_point
09:47:29.736,2,-2.57574,1.50034,-2.106213,training_point
09:47:29.819,1,-1.48822,1.422806,-2.488084,training_point
09:47:29.819,2,-2.576273,1.500089,-2.105904,training_point
09:47:29.952,1,-1.487886,1.422685,-2.488282,training_point
09:47:29.952,2,-2.577493,1.500243,-2.105021,training_point
09:47:30.036,1,-1.487983,1.421161,-2.488387,training_point
09:47:30.036,2,-2.578668,1.499995,-2.104803,training_point
09:47:30.119,1,-1.487848,1.421398,-2.488544,training_point
09:47:30.119,2,-2.580052,1.500023,-2.104661,training_point
09:47:30.252,1,-1.48786,1.421181,-2.488694,training_point
09:47:30.252,2,-2.583835,1.499938,-2.102431,training_point
09:47:30.403,1,-1.487922,1.419736,-2.488828,training_point
09:47:30.403,2,-2.588478,1.499937,-2.101121,training_point
09:47:30.485,1,-1.487501,1.419876,-2.488402,training_point
09:47:30.486,2,-2.592867,1.500045,-2.099826,training_point
09:47:30.569,1,-1.487454,1.420401,-2.488338,training_point
09:47:30.570,2,-2.596118,1.499992,-2.098832,training_point
09:47:30.652,1,-1.487459,1.420309,-2.488148,training_point
09:47:30.653,2,-2.599934,1.500166,-2.096105,training_point
09:47:30.736,1,-1.487138,1.420289,-2.487768,training_point
09:47:30.736,2,-2.604996,1.500153,-2.094464,training_point
09:47:30.819,1,-1.487201,1.420139,-2.487747,training_point
09:47:30.819,2,-2.608799,1.500033,-2.093331,training_point
09:47:30.903,1,-1.486984,1.420739,-2.487513,training_point
09:47:30.903,2,-2.613832,1.500046,-2.092022,training_point
09:47:30.986,1,-1.486808,1.420673,-2.487214,training_point
09:47:30.986,2,-2.621916,1.500349,-2.090135,training_point
09:47:31.069,1,-1.487026,1.41991,-2.487497,training_point
09:47:31.070,2,-2.627772,1.500329,-2.088671,training_point
09:47:31.152,1,-1.487159,1.419233,-2.487725,training_point
09:47:31.153,2,-2.636299,1.500305,-2.085076,training_point
09:47:31.236,1,-1.487537,1.419274,-2.488089,training_point
09:47:31.236,2,-2.639454,1.500456,-2.085439,training_point
09:47:31.319,1,-1.488077,1.419519,-2.488685,training_point
09:47:31.320,2,-2.647725,1.500404,-2.081332,training_point
09:47:31.453,1,-1.48829,1.419435,-2.489431,training_point
09:47:31.453,2,-2.648317,1.500437,-2.080756,training_point
09:47:31.536,1,-1.488622,1.419083,-2.49005,training_point
09:47:31.536,2,-2.646245,1.500281,-2.08188,training_point
09:47:31.619,1,-1.488567,1.419326,-2.490928,training_point
09:47:31.620,2,-2.642825,1.500043,-2.082319,training_point
09:47:31.702,1,-1.48834,1.420039,-2.49171,training_point
09:47:31.702,2,-2.634187,1.500012,-2.082066,training_point
09:47:31.785,1,-1.488498,1.420303,-2.492791,training_point
09:47:31.785,2,-2.622472,1.499764,-2.084568,training_point
09:47:31.919,1,-1.486552,1.420617,-2.495355,training_point
09:47:31.919,2,-2.577386,1.499631,-2.09394,training_point
09:47:32.019,1,-1.48258,1.421494,-2.498377,training_point
09:47:32.020,2,-2.52577,1.499588,-2.10472,training_point
09:47:32.103,1,-1.479245,1.421821,-2.500975,training_point
09:47:32.103,2,-2.490469,1.499684,-2.112843,training_point
09:47:32.186,1,-1.47627,1.422889,-2.502325,training_point
09:47:32.186,2,-2.46202,1.499583,-2.118541,training_point
09:47:32.269,1,-1.472575,1.424089,-2.502691,training_point
09:47:32.269,2,-2.420651,1.499697,-2.127506,training_point
09:47:32.402,1,-1.462979,1.426655,-2.498122,training_point
09:47:32.402,2,-2.372031,1.49972,-2.13967,training_point
09:47:32.553,1,-1.458678,1.430127,-2.48782,training_point
09:47:32.553,2,-2.342055,1.499632,-2.145967,training_point
09:47:32.635,1,-1.452503,1.431678,-2.470728,training_point
09:47:32.635,2,-2.307468,1.499811,-2.153775,training_point
09:47:32.769,1,-1.44809,1.43344,-2.444478,training_point
09:47:32.769,2,-2.280749,1.500238,-2.160781,training_point
09:47:32.853,1,-1.445735,1.434692,-2.429225,training_point
09:47:32.853,2,-2.27575,1.49996,-2.161616,training_point
09:47:32.936,1,-1.441908,1.435675,-2.408447,training_point
09:47:32.936,2,-2.262086,1.499904,-2.164425,training_point
09:47:33.019,1,-1.438609,1.437748,-2.391449,training_point
09:47:33.020,2,-2.253307,1.499957,-2.167677,training_point
09:47:33.103,1,-1.438518,1.438218,-2.370626,training_point
09:47:33.103,2,-2.24667,1.499833,-2.170055,training_point
09:47:33.186,1,-1.436429,1.43461,-2.357044,training_point
09:47:33.187,2,-2.242773,1.499658,-2.170121,training_point
09:47:33.269,1,-1.435359,1.434538,-2.335632,training_point
09:47:33.270,2,-2.238898,1.499593,-2.170377,training_point
09:47:33.353,1,-1.435676,1.432985,-2.324858,training_point
09:47:33.353,2,-2.237,1.499773,-2.170186,training_point
09:47:33.453,1,-1.432167,1.431779,-2.312369,training_point
09:47:33.453,2,-2.235897,1.499941,-2.170741,training_point
09:47:33.536,1,-1.427092,1.431234,-2.300998,training_point
09:47:33.536,2,-2.23441,1.499857,-2.170675,training_point
09:47:33.620,1,-1.42403,1.430658,-2.295333,training_point
09:47:33.620,2,-2.233646,1.499213,-2.17121,training_point
09:47:33.702,1,-1.419009,1.43032,-2.291246,training_point
09:47:33.702,2,-2.231838,1.499119,-2.17134,training_point
09:47:33.835,1,-1.405819,1.415509,-2.284931,training_point
09:47:33.835,2,-2.233148,1.497642,-2.170738,training_point
09:47:33.936,1,-1.399645,1.417003,-2.284046,training_point
09:47:33.936,2,-2.232009,1.496914,-2.171681,training_point
09:47:34.019,1,-1.387981,1.416782,-2.285565,training_point
09:47:34.019,2,-2.231413,1.497076,-2.171941,training_point
09:47:34.102,1,-1.374727,1.414263,-2.28844,training_point
09:47:34.102,2,-2.230791,1.497063,-2.172829,training_point
09:47:34.236,1,-1.36007,1.408551,-2.292929,training_point
09:47:34.236,2,-2.230206,1.496199,-2.173173,training_point
09:47:34.369,1,-1.344353,1.407022,-2.298293,training_point
09:47:34.369,2,-2.230425,1.496468,-2.173664,training_point
09:47:34.453,1,-1.338189,1.405782,-2.301411,training_point
09:47:34.453,2,-2.229981,1.498082,-2.173744,training_point
09:47:34.536,1,-1.32997,1.404168,-2.304931,training_point
09:47:34.536,2,-2.230012,1.498755,-2.174141,training_point
09:47:34.669,1,-1.319234,1.404562,-2.309901,training_point
09:47:34.669,2,-2.229199,1.501002,-2.175465,training_point
09:47:34.753,1,-1.315219,1.403714,-2.311515,training_point
09:47:34.753,2,-2.228589,1.501468,-2.175768,training_point
09:47:34.836,1,-1.312409,1.403078,-2.312904,training_point
09:47:34.836,2,-2.22764,1.503426,-2.176195,training_point
09:47:34.919,1,-1.306927,1.402484,-2.316291,training_point
09:47:34.919,2,-2.226363,1.503582,-2.177183,training_point
09:47:35.003,1,-1.303948,1.401218,-2.31818,training_point
09:47:35.003,2,-2.225945,1.505139,-2.177662,training_point
09:47:35.086,1,-1.300766,1.401503,-2.320591,training_point
09:47:35.086,2,-2.225364,1.503557,-2.177688,training_point
09:47:35.169,1,-1.298249,1.40155,-2.322581,training_point
09:47:35.169,2,-2.225541,1.504143,-2.177795,training_point
09:47:35.252,1,-1.295992,1.400865,-2.32405,training_point
09:47:35.252,2,-2.225609,1.504067,-2.177702,training_point
09:47:35.335,1,-1.29393,1.400434,-2.325765,training_point
09:47:35.336,2,-2.227524,1.503995,-2.176862,training_point
09:47:35.419,1,-1.292514,1.399591,-2.32716,training_point
09:47:35.419,2,-2.227586,1.503143,-2.177054,training_point
09:47:35.502,1,-1.291156,1.399577,-2.328365,training_point
09:47:35.502,2,-2.227647,1.500734,-2.177434,training_point
09:47:35.586,1,-1.290447,1.400136,-2.328758,training_point
09:47:35.586,2,-2.227402,1.500923,-2.178004,training_point
09:47:35.669,1,-1.289187,1.399484,-2.32972,training_point
09:47:35.669,2,-2.227494,1.500378,-2.178171,training_point
09:47:35.753,1,-1.288683,1.399147,-2.330234,training_point
09:47:35.753,2,-2.228082,1.498981,-2.178683,training_point
09:47:35.835,1,-1.288099,1.398695,-2.330582,training_point
09:47:35.835,2,-2.228779,1.499457,-2.179161,training_point
09:47:35.920,1,-1.287517,1.39845,-2.330797,training_point
09:47:35.920,2,-2.229626,1.499754,-2.179886,training_point
09:47:36.002,1,-1.287174,1.398177,-2.331284,training_point
09:47:36.002,2,-2.23083,1.499157,-2.179828,training_point
09:47:36.135,1,-1.286891,1.398395,-2.332248,training_point
09:47:36.136,2,-2.231222,1.498916,-2.180159,training_point
09:47:36.219,1,-1.287039,1.398472,-2.332371,training_point
09:47:36.220,2,-2.231972,1.49945,-2.179956,training_point
09:47:36.302,1,-1.28734,1.398015,-2.332645,training_point
09:47:36.302,2,-2.232589,1.498874,-2.180101,training_point
09:47:36.435,1,-1.287674,1.398085,-2.332923,training_point
09:47:36.435,2,-2.232777,1.499538,-2.180062,training_point
09:47:36.519,1,-1.288013,1.398212,-2.333482,training_point
09:47:36.520,2,-2.232952,1.499108,-2.180246,training_point
09:47:36.602,1,-1.288395,1.397889,-2.333862,training_point
09:47:36.602,2,-2.233307,1.498424,-2.180277,training_point
09:47:36.735,1,-1.289329,1.397741,-2.333923,training_point
09:47:36.735,2,-2.234005,1.497846,-2.180778,training_point
09:47:36.869,1,-1.289874,1.397994,-2.333967,training_point
09:47:36.869,2,-2.235951,1.497477,-2.180739,training_point
09:47:36.953,1,-1.290276,1.398439,-2.33399,training_point
09:47:36.953,2,-2.236457,1.497256,-2.181287,training_point
09:47:37.035,1,-1.29082,1.3982,-2.333712,training_point
09:47:37.035,2,-2.23691,1.496798,-2.181641,training_point
09:47:37.119,1,-1.291308,1.398462,-2.333243,training_point
09:47:37.120,2,-2.236859,1.496439,-2.181772,training_point
09:47:37.219,1,-1.291736,1.398471,-2.332777,training_point
09:47:37.220,2,-2.23749,1.495955,-2.181688,training_point
09:47:37.302,1,-1.292142,1.398458,-2.332148,training_point
09:47:37.302,2,-2.237485,1.49623,-2.181881,training_point
09:47:37.386,1,-1.292484,1.398169,-2.331859,training_point
09:47:37.387,2,-2.237338,1.496041,-2.181925,training_point
09:47:37.469,1,-1.293059,1.398193,-2.330626,training_point
09:47:37.469,2,-2.237157,1.495447,-2.182194,training_point
09:47:37.553,1,-1.293084,1.398287,-2.330627,training_point
09:47:37.553,2,-2.236159,1.495409,-2.182501,training_point
09:47:37.636,1,-1.293238,1.39865,-2.330303,training_point
09:47:37.636,2,-2.235497,1.495899,-2.182827,training_point
09:47:37.719,1,-1.293541,1.398233,-2.329837,training_point
09:47:37.720,2,-2.235737,1.495874,-2.18235,training_point
09:47:37.802,1,-1.293729,1.398117,-2.32939,training_point
09:47:37.802,2,-2.233906,1.495624,-2.182901,training_point
09:47:37.886,1,-1.293829,1.398395,-2.328417,training_point
09:47:37.886,2,-2.233722,1.495445,-2.182448,training_point
09:47:37.970,1,-1.294018,1.398912,-2.328057,training_point
09:47:37.970,2,-2.231993,1.495504,-2.183228,training_point
09:47:38.052,1,-1.293999,1.399156,-2.327783,training_point
09:47:38.052,2,-2.230157,1.495506,-2.183205,training_point
09:47:38.136,1,-1.294187,1.399629,-2.327561,training_point
09:47:38.137,2,-2.229853,1.495601,-2.182749,training_point
09:47:38.219,1,-1.294279,1.400078,-2.3274,training_point
09:47:38.219,2,-2.227159,1.4957,-2.183674,training_point
09:47:38.302,1,-1.294242,1.400274,-2.327312,training_point
09:47:38.302,2,-2.227617,1.495811,-2.18314,training_point
09:47:38.385,1,-1.294151,1.400566,-2.327245,training_point
09:47:38.386,2,-2.226822,1.495809,-2.182538,training_point
09:47:38.469,1,-1.29423,1.400342,-2.327291,training_point
09:47:38.469,2,-2.225928,1.495901,-2.182025,training_point
09:47:38.552,1,-1.294444,1.40029,-2.327366,training_point
09:47:38.552,2,-2.226328,1.496064,-2.181611,training_point
09:47:38.635,1,-1.294594,1.400489,-2.327426,training_point
09:47:38.635,2,-2.225279,1.496124,-2.181057,training_point
09:47:38.719,1,-1.294639,1.400551,-2.327571,training_point
09:47:38.719,2,-2.2237,1.49656,-2.181436,training_point
09:47:38.802,1,-1.294915,1.400988,-2.327866,training_point
09:47:38.803,2,-2.223011,1.496646,-2.181549,training_point
09:47:38.885,1,-1.295427,1.401006,-2.328045,training_point
09:47:38.886,2,-2.221353,1.496789,-2.182105,training_point
09:47:38.970,1,-1.29535,1.400914,-2.32809,training_point
09:47:38.970,2,-2.222185,1.496869,-2.18136,training_point
09:47:39.052,1,-1.295708,1.400844,-2.328396,training_point
09:47:39.052,2,-2.220359,1.49668,-2.182488,training_point
09:47:39.203,1,-1.295931,1.40113,-2.329025,training_point
09:47:39.203,2,-2.219029,1.496671,-2.182593,training_point
09:47:39.285,1,-1.296133,1.401002,-2.329205,training_point
09:47:39.286,2,-2.218534,1.496771,-2.181988,training_point
09:47:39.369,1,-1.296213,1.400999,-2.329906,training_point
09:47:39.369,2,-2.218157,1.496685,-2.182529,training_point
09:47:39.452,1,-1.296355,1.400719,-2.330465,training_point
09:47:39.452,2,-2.218254,1.497085,-2.182968,training_point
09:47:39.535,1,-1.296898,1.400299,-2.331062,training_point
09:47:39.535,2,-2.219724,1.497486,-2.182403,training_point
09:47:39.619,1,-1.296901,1.400423,-2.331301,training_point
09:47:39.619,2,-2.216789,1.497236,-2.184015,training_point
09:47:39.702,1,-1.297841,1.400443,-2.332273,training_point
09:47:39.702,2,-2.217663,1.497292,-2.184096,training_point
09:47:39.785,1,-1.298406,1.400392,-2.332575,training_point
09:47:39.786,2,-2.218001,1.497175,-2.183836,training_point
09:47:39.869,1,-1.298642,1.401087,-2.333269,training_point
09:47:39.869,2,-2.218396,1.496888,-2.18364,training_point
09:47:39.969,1,-1.299128,1.401218,-2.334343,training_point
09:47:39.969,2,-2.221261,1.496903,-2.182381,training_point
09:47:40.052,1,-1.300273,1.401573,-2.335953,training_point
09:47:40.052,2,-2.221542,1.496882,-2.18237,training_point
09:47:40.136,1,-1.300481,1.401778,-2.336324,training_point
09:47:40.137,2,-2.218904,1.496875,-2.183701,training_point
09:47:40.219,1,-1.301185,1.401961,-2.337558,training_point
09:47:40.219,2,-2.216761,1.496938,-2.18496,training_point
09:47:40.303,1,-1.301535,1.402043,-2.338155,training_point
09:47:40.303,2,-2.218958,1.497098,-2.183488,training_point
09:47:40.385,1,-1.302326,1.40227,-2.339113,training_point
09:47:40.386,2,-2.217303,1.497306,-2.184941,training_point
09:47:40.469,1,-1.30271,1.402088,-2.340098,training_point
09:47:40.470,2,-2.217405,1.497259,-2.184856,training_point
09:47:40.552,1,-1.303363,1.401744,-2.341161,training_point
09:47:40.552,2,-2.213153,1.497222,-2.187055,training_point
09:47:40.636,1,-1.30381,1.401775,-2.341844,training_point
09:47:40.637,2,-2.214766,1.49724,-2.186083,training_point
09:47:40.719,1,-1.304334,1.40134,-2.342443,training_point
09:47:40.719,2,-2.214891,1.497374,-2.186263,training_point
09:47:40.803,1,-1.304837,1.401272,-2.342793,training_point
09:47:40.803,2,-2.215501,1.497572,-2.185324,training_point
09:47:40.886,1,-1.305537,1.401195,-2.343733,training_point
09:47:40.886,2,-2.214814,1.497644,-2.186345,training_point
09:47:40.970,1,-1.305618,1.401204,-2.343889,training_point
09:47:40.970,2,-2.215873,1.497563,-2.185555,training_point
09:47:41.052,1,-1.30593,1.401137,-2.34398,training_point
09:47:41.052,2,-2.215878,1.497528,-2.185327,training_point
09:47:41.136,1,-1.30605,1.400827,-2.343842,training_point
09:47:41.137,2,-2.215723,1.497775,-2.185401,training_point
09:47:41.219,1,-1.306284,1.400729,-2.343768,training_point
09:47:41.219,2,-2.214917,1.497808,-2.185973,training_point
09:47:41.302,1,-1.306855,1.400699,-2.34346,training_point
09:47:41.302,2,-2.212504,1.497992,-2.186668,training_point
09:47:41.385,1,-1.307284,1.400913,-2.343275,training_point
09:47:41.386,2,-2.214084,1.498159,-2.185421,training_point
09:47:41.469,1,-1.307542,1.400864,-2.342611,training_point
09:47:41.469,2,-2.21154,1.498241,-2.186205,training_point
09:47:41.553,1,-1.307379,1.400879,-2.341927,training_point
09:47:41.554,2,-2.214967,1.497943,-2.184552,training_point
09:47:41.636,1,-1.307385,1.40071,-2.341298,training_point
09:47:41.636,2,-2.215961,1.498043,-2.183063,training_point
09:47:41.719,1,-1.307448,1.400977,-2.341067,training_point
09:47:41.719,2,-2.217021,1.498156,-2.182305,training_point
09:47:41.802,1,-1.307564,1.400765,-2.34064,training_point
09:47:41.803,2,-2.218572,1.498454,-2.181212,training_point
09:47:41.886,1,-1.307534,1.400791,-2.340172,training_point
09:47:41.887,2,-2.218585,1.49872,-2.180664,training_point
09:47:41.969,1,-1.307634,1.400273,-2.339667,training_point
09:47:41.969,2,-2.217638,1.498454,-2.181356,training_point
09:47:42.053,1,-1.307394,1.400277,-2.339277,training_point
09:47:42.053,2,-2.21927,1.498717,-2.180312,training_point
09:47:42.136,1,-1.307257,1.399225,-2.338807,training_point
09:47:42.136,2,-2.219539,1.498635,-2.179998,training_point
09:47:42.220,1,-1.307269,1.399592,-2.338633,training_point
09:47:42.220,2,-2.220553,1.498695,-2.179572,training_point
09:47:42.302,1,-1.306217,1.399802,-2.337715,training_point
09:47:42.303,2,-2.220627,1.499116,-2.179575,training_point
09:47:42.386,1,-1.306037,1.399907,-2.337654,training_point
09:47:42.387,2,-2.22113,1.499208,-2.179381,training_point
09:47:42.469,1,-1.305567,1.399794,-2.337619,training_point
09:47:42.469,2,-2.219226,1.49926,-2.180635,training_point
09:47:42.619,1,-1.305371,1.400135,-2.337606,training_point
09:47:42.619,2,-2.220254,1.4993,-2.180704,training_point
09:47:42.702,1,-1.304933,1.400008,-2.33738,training_point
09:47:42.702,2,-2.220939,1.499136,-2.180451,training_point
09:47:42.835,1,-1.304173,1.39998,-2.33671,training_point
09:47:42.835,2,-2.219141,1.498765,-2.182304,training_point
09:47:42.920,1,-1.304174,1.399676,-2.336641,training_point
09:47:42.920,2,-2.220434,1.498528,-2.181983,training_point
09:47:43.002,1,-1.303003,1.399288,-2.335998,training_point
09:47:43.002,2,-2.219299,1.498562,-2.183359,training_point
09:47:43.085,1,-1.302727,1.399675,-2.33536,training_point
09:47:43.086,2,-2.220526,1.498701,-2.183222,training_point
09:47:43.169,1,-1.302502,1.399372,-2.335223,training_point
09:47:43.169,2,-2.222605,1.498263,-2.183184,training_point
09:47:43.253,1,-1.302386,1.399312,-2.335144,training_point
09:47:43.253,2,-2.222733,1.498276,-2.183132,training_point
09:47:43.353,1,-1.30188,1.399732,-2.334808,training_point
09:47:43.353,2,-2.224165,1.498563,-2.183643,training_point
09:47:43.435,1,-1.30153,1.399759,-2.334386,training_point
09:47:43.435,2,-2.223097,1.498718,-2.185406,training_point
09:47:43.519,1,-1.30113,1.399987,-2.334213,training_point
09:47:43.519,2,-2.223778,1.498781,-2.185061,training_point
09:47:43.603,1,-1.300882,1.399853,-2.334127,training_point
09:47:43.603,2,-2.223081,1.498554,-2.185994,training_point
09:47:43.685,1,-1.300747,1.399345,-2.334039,training_point
09:47:43.686,2,-2.222671,1.498529,-2.186877,training_point
09:47:43.819,1,-1.300292,1.399591,-2.333738,training_point
09:47:43.819,2,-2.223318,1.498499,-2.186782,training_point
09:47:43.903,1,-1.300138,1.399882,-2.333641,training_point
09:47:43.903,2,-2.22215,1.498435,-2.187886,training_point
09:47:43.985,1,-1.299761,1.400134,-2.333688,training_point
09:47:43.986,2,-2.222093,1.498269,-2.187489,training_point
09:47:44.070,1,-1.299567,1.400185,-2.333659,training_point
09:47:44.070,2,-2.22282,1.498436,-2.186664,training_point
09:47:44.152,1,-1.299325,1.400177,-2.334166,training_point
09:47:44.152,2,-2.221122,1.498267,-2.187844,training_point
09:47:44.236,1,-1.299386,1.399923,-2.334916,training_point
09:47:44.237,2,-2.222178,1.498108,-2.187056,training_point
09:47:44.336,1,-1.299288,1.40041,-2.335022,training_point
09:47:44.337,2,-2.222634,1.497918,-2.186782,training_point
09:47:44.419,1,-1.299219,1.400791,-2.334969,training_point
09:47:44.419,2,-2.222824,1.498146,-2.186397,training_point
09:47:44.502,1,-1.299102,1.40067,-2.335426,training_point
09:47:44.502,2,-2.220474,1.498053,-2.188182,training_point
09:47:44.603,1,-1.299107,1.401015,-2.335516,training_point
09:47:44.603,2,-2.220482,1.497948,-2.188109,training_point
09:47:44.685,1,-1.299272,1.401168,-2.335868,training_point
09:47:44.686,2,-2.218521,1.49803,-2.191148,training_point
09:47:44.769,1,-1.299224,1.401041,-2.336759,training_point
09:47:44.769,2,-2.218955,1.498063,-2.191287,training_point
09:47:44.852,1,-1.299222,1.401149,-2.337059,training_point
09:47:44.853,2,-2.216875,1.498146,-2.193603,training_point
09:47:44.936,1,-1.299181,1.401185,-2.337674,training_point
09:47:44.936,2,-2.215589,1.498066,-2.195278,training_point
09:47:45.019,1,-1.29965,1.40138,-2.337931,training_point
09:47:45.019,2,-2.215492,1.498402,-2.195525,training_point
09:47:45.103,1,-1.299636,1.400754,-2.337962,training_point
09:47:45.103,2,-2.215069,1.498402,-2.196369,training_point
09:47:45.186,1,-1.299692,1.400696,-2.33846,training_point
09:47:45.186,2,-2.215353,1.498486,-2.197296,training_point
09:47:45.269,1,-1.300124,1.400513,-2.338916,training_point
09:47:45.269,2,-2.214887,1.498512,-2.197855,training_point
09:47:45.369,1,-1.300185,1.400672,-2.339114,training_point
09:47:45.370,2,-2.214997,1.49864,-2.198556,training_point
09:47:45.452,1,-1.300322,1.400613,-2.339513,training_point
09:47:45.452,2,-2.21505,1.498664,-2.198903,training_point
09:47:45.536,1,-1.300845,1.400488,-2.339748,training_point
09:47:45.536,2,-2.215082,1.498678,-2.198945,training_point
09:47:45.619,1,-1.301101,1.40049,-2.340089,training_point
09:47:45.619,2,-2.215023,1.498705,-2.198923,training_point
09:47:45.769,1,-1.301443,1.400468,-2.340247,training_point
09:47:45.770,2,-2.217071,1.498707,-2.198677,training_point
09:47:45.870,1,-1.302108,1.40013,-2.340761,training_point
09:47:45.870,2,-2.217881,1.498027,-2.198799,training_point
09:47:45.969,1,-1.303404,1.399994,-2.341467,training_point
09:47:45.969,2,-2.218292,1.49812,-2.198903,training_point
09:47:46.052,1,-1.303715,1.400178,-2.341757,training_point
09:47:46.052,2,-2.218326,1.498283,-2.198922,training_point
09:47:46.136,1,-1.304108,1.400175,-2.34211,training_point
09:47:46.136,2,-2.218254,1.498267,-2.198939,training_point
09:47:46.236,1,-1.30463,1.400272,-2.34232,training_point
09:47:46.237,2,-2.218241,1.498176,-2.199571,training_point
09:47:46.319,1,-1.30475,1.400271,-2.343051,training_point
09:47:46.319,2,-2.219062,1.498043,-2.199746,training_point
09:47:46.402,1,-1.305011,1.399323,-2.343127,training_point
09:47:46.402,2,-2.219119,1.497774,-2.200042,training_point
09:47:46.485,1,-1.305526,1.399516,-2.343425,training_point
09:47:46.486,2,-2.218973,1.497908,-2.200208,training_point
09:47:46.569,1,-1.305903,1.399729,-2.343853,training_point
09:47:46.570,2,-2.219042,1.497963,-2.200182,training_point
09:47:46.652,1,-1.306411,1.399242,-2.344401,training_point
09:47:46.652,2,-2.218827,1.498032,-2.200284,training_point
09:47:46.736,1,-1.306679,1.399289,-2.344705,training_point
09:47:46.736,2,-2.219129,1.498071,-2.200299,training_point
09:47:46.819,1,-1.307377,1.39908,-2.345342,training_point
09:47:46.819,2,-2.219325,1.497948,-2.200356,training_point
09:47:46.952,1,-1.307435,1.399149,-2.346015,training_point
09:47:46.952,2,-2.22081,1.497634,-2.200589,training_point
09:47:47.037,1,-1.30775,1.399135,-2.346041,training_point
09:47:47.037,2,-2.220715,1.497561,-2.200531,training_point
09:47:47.119,1,-1.308142,1.399,-2.346582,training_point
09:47:47.119,2,-2.22059,1.497484,-2.200654,training_point
09:47:47.203,1,-1.308257,1.398822,-2.347209,training_point
09:47:47.203,2,-2.220742,1.497731,-2.200312,training_point
09:47:47.286,1,-1.308366,1.399012,-2.347288,training_point
09:47:47.287,2,-2.220818,1.497667,-2.199317,training_point
09:47:47.385,1,-1.308483,1.399167,-2.347344,training_point
09:47:47.386,2,-2.222978,1.497696,-2.19654,training_point
09:47:47.486,1,-1.308632,1.399314,-2.347365,training_point
09:47:47.487,2,-2.22277,1.497912,-2.197131,training_point
09:47:47.569,1,-1.308643,1.399216,-2.347375,training_point
09:47:47.569,2,-2.222975,1.497827,-2.197691,training_point
09:47:47.702,1,-1.308484,1.399036,-2.347451,training_point
09:47:47.702,2,-2.222428,1.497753,-2.198345,training_point
09:47:47.835,1,-1.30835,1.399032,-2.347022,training_point
09:47:47.836,2,-2.222702,1.497705,-2.198939,training_point
09:47:47.969,1,-1.308116,1.399085,-2.346794,training_point
09:47:47.969,2,-2.222533,1.497415,-2.199568,training_point
09:47:48.053,1,-1.307814,1.398699,-2.34684,training_point
09:47:48.053,2,-2.222515,1.497285,-2.2006,training_point
09:47:48.136,1,-1.306991,1.398708,-2.346462,training_point
09:47:48.136,2,-2.223006,1.497388,-2.201514,training_point
09:47:48.220,1,-1.306616,1.399201,-2.346172,training_point
09:47:48.220,2,-2.222904,1.497405,-2.202021,training_point
09:47:48.303,1,-1.305979,1.399156,-2.34623,training_point
09:47:48.303,2,-2.223078,1.497521,-2.202391,training_point
09:47:48.386,1,-1.305235,1.399109,-2.346193,training_point
09:47:48.387,2,-2.223291,1.497829,-2.202746,training_point
09:47:48.470,1,-1.304649,1.399365,-2.346531,training_point
09:47:48.470,2,-2.223391,1.497601,-2.202808,training_point
09:47:48.553,1,-1.304293,1.399456,-2.346884,training_point
09:47:48.553,2,-2.223693,1.497087,-2.203044,training_point
09:47:48.636,1,-1.303759,1.399147,-2.347,training_point
09:47:48.636,2,-2.223634,1.497177,-2.203382,training_point
09:47:48.720,1,-1.303498,1.398501,-2.346936,training_point
09:47:48.720,2,-2.22367,1.497384,-2.203404,training_point
09:47:48.802,1,-1.303164,1.398704,-2.347606,training_point
09:47:48.803,2,-2.22359,1.497276,-2.204451,training_point
09:47:48.886,1,-1.302758,1.398991,-2.347938,training_point
09:47:48.886,2,-2.223665,1.497343,-2.204657,training_point
09:47:48.970,1,-1.302269,1.399311,-2.348277,training_point
09:47:48.970,2,-2.223751,1.497799,-2.204988,training_point
09:47:49.052,1,-1.301818,1.39963,-2.348375,training_point
09:47:49.053,2,-2.223769,1.497761,-2.205459,training_point
09:47:49.136,1,-1.301699,1.400127,-2.348335,training_point
09:47:49.137,2,-2.223557,1.497998,-2.205465,training_point
09:47:49.219,1,-1.30167,1.400123,-2.34844,training_point
09:47:49.219,2,-2.223367,1.498088,-2.205784,training_point
09:47:49.303,1,-1.30157,1.399902,-2.348179,training_point
09:47:49.303,2,-2.223682,1.497859,-2.206245,training_point
09:47:49.386,1,-1.301495,1.399626,-2.348277,training_point
09:47:49.387,2,-2.223487,1.498441,-2.206425,training_point
09:47:49.469,1,-1.301476,1.399448,-2.348514,training_point
09:47:49.469,2,-2.223334,1.498453,-2.206928,training_point
09:47:49.553,1,-1.301334,1.399217,-2.348338,training_point
09:47:49.554,2,-2.222977,1.498232,-2.207419,training_point
09:47:49.636,1,-1.301096,1.39889,-2.34827,training_point
09:47:49.636,2,-2.223757,1.498497,-2.207573,training_point
09:47:49.720,1,-1.300967,1.398616,-2.347621,training_point
09:47:49.720,2,-2.223981,1.498163,-2.207779,training_point
09:47:49.803,1,-1.30068,1.398733,-2.34726,training_point
09:47:49.803,2,-2.224325,1.497866,-2.208449,training_point
09:47:49.886,1,-1.300471,1.39879,-2.346955,training_point
09:47:49.887,2,-2.224401,1.497982,-2.208749,training_point
09:47:49.970,1,-1.300199,1.398611,-2.346672,training_point
09:47:49.970,2,-2.224063,1.49765,-2.209102,training_point
09:47:50.053,1,-1.299388,1.398642,-2.346042,training_point
09:47:50.053,2,-2.223625,1.4975,-2.209374,training_point
09:47:50.136,1,-1.298762,1.398368,-2.34518,training_point
09:47:50.136,2,-2.22131,1.497356,-2.209539,training_point
09:47:50.219,1,-1.29817,1.398358,-2.344534,training_point
09:47:50.220,2,-2.219094,1.497509,-2.209302,training_point
09:47:50.302,1,-1.296078,1.398444,-2.343635,training_point
09:47:50.302,2,-2.212135,1.497583,-2.207294,training_point
09:47:50.436,1,-1.293782,1.398202,-2.342954,training_point
09:47:50.436,2,-2.199686,1.497719,-2.198498,training_point
09:47:50.569,1,-1.291049,1.39813,-2.342852,training_point
09:47:50.569,2,-2.186543,1.497939,-2.185335,training_point
09:47:50.653,1,-1.289846,1.397742,-2.343014,training_point
09:47:50.653,2,-2.1794,1.497684,-2.176605,training_point
09:47:50.736,1,-1.288235,1.397307,-2.342929,training_point
09:47:50.737,2,-2.171831,1.497812,-2.157644,training_point
09:47:50.869,1,-1.284146,1.39747,-2.342289,training_point
09:47:50.869,2,-2.159393,1.497945,-2.120252,training_point
09:47:50.953,1,-1.282759,1.397781,-2.342423,training_point
09:47:50.953,2,-2.156093,1.498015,-2.102119,training_point
09:47:51.036,1,-1.281566,1.397554,-2.342687,training_point
09:47:51.037,2,-2.150217,1.498092,-2.066741,training_point
09:47:51.120,1,-1.28094,1.397443,-2.343088,training_point
09:47:51.120,2,-2.14473,1.497895,-2.042472,training_point
09:47:51.203,1,-1.279825,1.397391,-2.342988,training_point
09:47:51.203,2,-2.145884,1.49785,-2.020887,training_point
09:47:51.286,1,-1.277807,1.397234,-2.343055,training_point
09:47:51.286,2,-2.14133,1.497356,-1.982382,training_point
09:47:51.419,1,-1.276713,1.397103,-2.342928,training_point
09:47:51.420,2,-2.140165,1.497482,-1.938496,training_point
09:47:51.520,1,-1.275295,1.397289,-2.343511,training_point
09:47:51.520,2,-2.139265,1.497422,-1.911868,training_point
09:47:51.604,1,-1.274029,1.397038,-2.344451,training_point
09:47:51.604,2,-2.138727,1.497718,-1.892938,training_point
09:47:51.686,1,-1.272661,1.397113,-2.345029,training_point
09:47:51.687,2,-2.133806,1.497639,-1.876617,training_point
09:47:51.770,1,-1.271118,1.397014,-2.34642,training_point
09:47:51.770,2,-2.131825,1.497901,-1.864488,training_point
09:47:51.853,1,-1.269963,1.397137,-2.347167,training_point
09:47:51.853,2,-2.130571,1.497598,-1.858483,training_point
09:47:51.936,1,-1.268598,1.396842,-2.347941,training_point
09:47:51.937,2,-2.129771,1.497141,-1.852175,training_point
09:47:52.069,1,-1.266796,1.397015,-2.348108,training_point
09:47:52.069,2,-2.12454,1.496854,-1.842304,training_point
09:47:52.153,1,-1.265741,1.39743,-2.348284,training_point
09:47:52.153,2,-2.11853,1.496332,-1.833445,training_point
09:47:52.236,1,-1.265358,1.397695,-2.348902,training_point
09:47:52.236,2,-2.105697,1.495753,-1.829698,training_point
09:47:52.369,1,-1.263272,1.398215,-2.35012,training_point
09:47:52.369,2,-2.09106,1.494764,-1.82184,training_point
09:47:52.502,1,-1.261594,1.396841,-2.350896,training_point
09:47:52.502,2,-2.074509,1.494615,-1.820471,training_point
09:47:52.653,1,-1.259867,1.396559,-2.351227,training_point
09:47:52.653,2,-2.030473,1.494733,-1.816457,training_point
09:47:52.736,1,-1.258404,1.395488,-2.351179,training_point
09:47:52.736,2,-2.013861,1.494199,-1.814701,training_point
09:47:52.820,1,-1.257786,1.394933,-2.351133,training_point
09:47:52.820,2,-2.000979,1.493418,-1.812819,training_point
09:47:52.903,1,-1.257051,1.397707,-2.351293,training_point
09:47:52.903,2,-1.984421,1.492226,-1.811385,training_point
09:47:52.986,1,-1.256253,1.398434,-2.351636,training_point
09:47:52.986,2,-1.973079,1.49246,-1.811961,training_point
09:47:53.070,1,-1.255221,1.398246,-2.351904,training_point
09:47:53.070,2,-1.96458,1.492437,-1.811634,training_point
09:47:53.152,1,-1.256143,1.400177,-2.351327,training_point
09:47:53.152,2,-1.952724,1.491595,-1.812812,training_point
09:47:53.286,1,-1.256319,1.407355,-2.351116,training_point
09:47:53.286,2,-1.943185,1.491683,-1.808159,training_point
09:47:53.370,1,-1.256205,1.406297,-2.35103,training_point
09:47:53.370,2,-1.93879,1.491306,-1.805572,training_point
09:47:53.452,1,-1.256786,1.405301,-2.351008,training_point
09:47:53.452,2,-1.934567,1.491784,-1.802408,training_point
09:47:53.586,1,-1.256854,1.396283,-2.351181,training_point
09:47:53.586,2,-1.930111,1.491928,-1.800203,training_point
09:47:53.736,1,-1.256962,1.399466,-2.351532,training_point
09:47:53.737,2,-1.928476,1.491752,-1.797993,training_point
09:47:53.819,1,-1.25741,1.400589,-2.351553,training_point
09:47:53.820,2,-1.92863,1.491183,-1.796353,training_point
09:47:53.903,1,-1.257085,1.40218,-2.351945,training_point
09:47:53.903,2,-1.928775,1.490599,-1.793762,training_point
09:47:53.986,1,-1.25631,1.399919,-2.35326,training_point
09:47:53.986,2,-1.928677,1.489895,-1.793502,training_point
09:47:54.069,1,-1.25529,1.399393,-2.354672,training_point
09:47:54.069,2,-1.927826,1.489566,-1.793351,training_point
09:47:54.153,1,-1.254603,1.397834,-2.355531,training_point
09:47:54.153,2,-1.927899,1.489411,-1.793284,training_point
09:47:54.236,1,-1.253149,1.398865,-2.35575,training_point
09:47:54.236,2,-1.926718,1.4891,-1.791184,training_point
09:47:54.320,1,-1.251943,1.396025,-2.355648,training_point
09:47:54.320,2,-1.925288,1.488988,-1.792252,training_point
09:47:54.402,1,-1.250492,1.395424,-2.356219,training_point
09:47:54.402,2,-1.926031,1.488932,-1.791383,training_point
09:47:54.536,1,-1.247364,1.400808,-2.357167,training_point
09:47:54.536,2,-1.92603,1.488903,-1.79138,training_point
09:47:54.686,1,-1.244339,1.39733,-2.357976,training_point
09:47:54.687,2,-1.926183,1.488493,-1.790986,training_point
09:47:54.769,1,-1.240548,1.394261,-2.35823,training_point
09:47:54.770,2,-1.926415,1.488887,-1.789191,training_point
09:47:54.853,1,-1.239105,1.392364,-2.35891,training_point
09:47:54.853,2,-1.926097,1.488493,-1.788513,training_point
09:47:54.936,1,-1.236844,1.393052,-2.358179,training_point
09:47:54.936,2,-1.926282,1.488534,-1.785904,training_point
09:47:55.020,1,-1.235229,1.392405,-2.358885,training_point
09:47:55.020,2,-1.925065,1.488686,-1.78627,training_point
09:47:55.102,1,-1.230999,1.391758,-2.360746,training_point
09:47:55.103,2,-1.924907,1.488518,-1.786424,training_point
09:47:55.186,1,-1.22772,1.392731,-2.364103,training_point
09:47:55.186,2,-1.923976,1.488519,-1.786642,training_point
09:47:55.269,1,-1.222755,1.390882,-2.367384,training_point
09:47:55.270,2,-1.922874,1.488878,-1.785121,training_point
09:47:55.353,1,-1.218666,1.387596,-2.370492,training_point
09:47:55.353,2,-1.921963,1.488563,-1.785721,training_point
09:47:55.436,1,-1.214295,1.386437,-2.374583,training_point
09:47:55.437,2,-1.921166,1.488897,-1.786096,training_point
09:47:55.519,1,-1.210835,1.385544,-2.380376,training_point
09:47:55.519,2,-1.920204,1.489124,-1.786429,training_point
09:47:55.603,1,-1.207,1.384015,-2.38609,training_point
09:47:55.603,2,-1.919966,1.489072,-1.787024,training_point
09:47:55.686,1,-1.201194,1.382968,-2.391871,training_point
09:47:55.686,2,-1.917566,1.489212,-1.788995,training_point
09:47:55.769,1,-1.20001,1.382066,-2.392776,training_point
09:47:55.769,2,-1.91778,1.489135,-1.789736,training_point
09:47:55.853,1,-1.190668,1.383057,-2.398066,training_point
09:47:55.854,2,-1.917583,1.48968,-1.790168,training_point
09:47:55.936,1,-1.186299,1.384534,-2.400584,training_point
09:47:55.936,2,-1.917329,1.489896,-1.791494,training_point
09:47:56.020,1,-1.181668,1.385822,-2.403166,training_point
09:47:56.020,2,-1.917501,1.489897,-1.792419,training_point
09:47:56.103,1,-1.176842,1.386492,-2.404613,training_point
09:47:56.103,2,-1.917759,1.488988,-1.793463,training_point
09:47:56.186,1,-1.174599,1.38636,-2.405329,training_point
09:47:56.187,2,-1.91793,1.4888,-1.793736,training_point
09:47:56.269,1,-1.171397,1.385093,-2.404896,training_point
09:47:56.269,2,-1.918406,1.48828,-1.794235,training_point
09:47:56.353,1,-1.161825,1.383811,-2.402528,training_point
09:47:56.354,2,-1.918634,1.488001,-1.794709,training_point
09:47:56.436,1,-1.153674,1.383914,-2.39269,training_point
09:47:56.436,2,-1.91998,1.488504,-1.79501,training_point
09:47:56.586,1,-1.144428,1.382459,-2.356471,training_point
09:47:56.587,2,-1.920849,1.488346,-1.796066,training_point
09:47:56.686,1,-1.13803,1.382604,-2.326087,training_point
09:47:56.686,2,-1.921194,1.487913,-1.796023,training_point
09:47:56.769,1,-1.131542,1.382047,-2.289869,training_point
09:47:56.769,2,-1.923989,1.486864,-1.795277,training_point
09:47:56.853,1,-1.129177,1.381818,-2.272078,training_point
09:47:56.853,2,-1.92406,1.486801,-1.795513,training_point
09:47:56.936,1,-1.127702,1.381869,-2.24778,training_point
09:47:56.936,2,-1.925107,1.486292,-1.794996,training_point
09:47:57.019,1,-1.129409,1.381736,-2.21472,training_point
09:47:57.020,2,-1.925018,1.484579,-1.794985,training_point
09:47:57.102,1,-1.130197,1.381669,-2.194489,training_point
09:47:57.103,2,-1.924205,1.484328,-1.795371,training_point
09:47:57.186,1,-1.130805,1.380945,-2.18243,training_point
09:47:57.186,2,-1.924182,1.483995,-1.795534,training_point
09:47:57.270,1,-1.128791,1.380653,-2.168685,training_point
09:47:57.270,2,-1.92347,1.483091,-1.795179,training_point
09:47:57.352,1,-1.126126,1.380693,-2.153065,training_point
09:47:57.353,2,-1.922397,1.48348,-1.795557,training_point
09:47:57.437,1,-1.123698,1.380551,-2.14564,training_point
09:47:57.437,2,-1.921804,1.482828,-1.795416,training_point
09:47:57.519,1,-1.119453,1.380189,-2.136207,training_point
09:47:57.519,2,-1.91988,1.482078,-1.793996,training_point
09:47:57.652,1,-1.112511,1.38078,-2.133401,training_point
09:47:57.652,2,-1.918588,1.480948,-1.793471,training_point
09:47:57.736,1,-1.11178,1.380506,-2.134543,training_point
09:47:57.737,2,-1.917903,1.480634,-1.793796,training_point
09:47:57.836,1,-1.105167,1.380658,-2.138072,training_point
09:47:57.837,2,-1.917476,1.480066,-1.793636,training_point
09:47:57.919,1,-1.098409,1.380581,-2.132905,training_point
09:47:57.919,2,-1.916661,1.479963,-1.793946,training_point
09:47:58.003,1,-1.098229,1.380677,-2.13289,training_point
09:47:58.004,2,-1.916551,1.481432,-1.794047,training_point
09:47:58.086,1,-1.09545,1.380554,-2.131306,training_point
09:47:58.086,2,-1.916491,1.481078,-1.793944,training_point
09:47:58.219,1,-1.093068,1.380392,-2.131017,training_point
09:47:58.219,2,-1.914564,1.479503,-1.793864,training_point
09:47:58.303,1,-1.092858,1.379908,-2.130624,training_point
09:47:58.304,2,-1.914563,1.478462,-1.794146,training_point
09:47:58.386,1,-1.092517,1.379912,-2.130651,training_point
09:47:58.386,2,-1.913119,1.47527,-1.794573,training_point
09:47:58.469,1,-1.090409,1.379539,-2.127857,training_point
09:47:58.469,2,-1.912803,1.475484,-1.794525,training_point
09:47:58.553,1,-1.090674,1.380542,-2.128445,training_point
09:47:58.554,2,-1.912843,1.473655,-1.794135,training_point
09:47:58.636,1,-1.091229,1.380125,-2.127663,training_point
09:47:58.636,2,-1.912395,1.472859,-1.793984,training_point
09:47:58.720,1,-1.091495,1.380189,-2.127419,training_point
09:47:58.720,2,-1.912449,1.472407,-1.794151,training_point
09:47:58.803,1,-1.091736,1.380584,-2.127281,training_point
09:47:58.803,2,-1.912278,1.468354,-1.793829,training_point
09:47:58.886,1,-1.091634,1.380493,-2.127518,training_point
09:47:58.886,2,-1.912451,1.468196,-1.793682,training_point
09:47:58.970,1,-1.090677,1.380155,-2.128013,training_point
09:47:58.970,2,-1.912273,1.464378,-1.79361,training_point
09:47:59.053,1,-1.088311,1.380851,-2.128334,training_point
09:47:59.053,2,-1.912619,1.464334,-1.793499,training_point
09:47:59.136,1,-1.084152,1.380836,-2.12706,training_point
09:47:59.136,2,-1.913054,1.464788,-1.793319,training_point
09:47:59.269,1,-1.083364,1.380491,-2.126497,training_point
09:47:59.269,2,-1.912119,1.460876,-1.793198,training_point
09:47:59.354,1,-1.082734,1.380418,-2.127041,training_point
09:47:59.355,2,-1.911827,1.457916,-1.792681,training_point
09:47:59.453,1,-1.083794,1.380817,-2.127626,training_point
09:47:59.453,2,-1.911378,1.448879,-1.792167,training_point
09:47:59.536,1,-1.084085,1.380541,-2.126791,training_point
09:47:59.536,2,-1.9113,1.45194,-1.792171,training_point
09:47:59.620,1,-1.08364,1.380901,-2.125718,training_point
09:47:59.620,2,-1.91109,1.452275,-1.79194,training_point
09:47:59.703,1,-1.083705,1.380777,-2.12444,training_point
09:47:59.703,2,-1.910887,1.453423,-1.791875,training_point
09:47:59.786,1,-1.084459,1.380952,-2.121854,training_point
09:47:59.787,2,-1.910891,1.452903,-1.791827,training_point
09:47:59.870,1,-1.085243,1.381124,-2.119405,training_point
09:47:59.870,2,-1.908546,1.453183,-1.789631,training_point
09:47:59.953,1,-1.085614,1.381075,-2.11817,training_point
09:47:59.953,2,-1.907542,1.453005,-1.787755,training_point
09:48:00.036,1,-1.08583,1.381321,-2.116318,training_point
09:48:00.037,2,-1.907183,1.456282,-1.787757,training_point
09:48:00.120,1,-1.085782,1.380929,-2.11446,training_point
09:48:00.120,2,-1.907423,1.454472,-1.787865,training_point
09:48:00.202,1,-1.088216,1.380781,-2.112676,training_point
09:48:00.202,2,-1.907453,1.454613,-1.788116,training_point
09:48:00.336,1,-1.092121,1.380391,-2.109417,training_point
09:48:00.337,2,-1.907774,1.454621,-1.789057,training_point
09:48:00.469,1,-1.096194,1.381192,-2.104605,training_point
09:48:00.469,2,-1.908841,1.453893,-1.789227,training_point
09:48:00.602,1,-1.098378,1.380883,-2.103864,training_point
09:48:00.602,2,-1.910039,1.452581,-1.790323,training_point
09:48:00.736,1,-1.099855,1.380762,-2.102051,training_point
09:48:00.736,2,-1.91115,1.450774,-1.791225,training_point
09:48:00.820,1,-1.102797,1.381065,-2.099949,training_point
09:48:00.820,2,-1.911681,1.450887,-1.790741,training_point
09:48:00.903,1,-1.106253,1.381157,-2.099224,training_point
09:48:00.903,2,-1.911619,1.453133,-1.79099,training_point
09:48:00.986,1,-1.106861,1.38146,-2.097143,training_point
09:48:00.987,2,-1.912142,1.452649,-1.791826,training_point
09:48:01.070,1,-1.107459,1.380429,-2.106974,training_point
09:48:01.070,2,-1.912649,1.451471,-1.793113,training_point
09:48:01.153,1,-1.109815,1.380645,-2.107804,training_point
09:48:01.154,2,-1.913852,1.447504,-1.793817,training_point
09:48:01.236,1,-1.11177,1.380395,-2.106586,training_point
09:48:01.237,2,-1.914291,1.444878,-1.793834,training_point
09:48:01.320,1,-1.113359,1.380441,-2.106751,training_point
09:48:01.320,2,-1.91459,1.445519,-1.793615,training_point
09:48:01.403,1,-1.116417,1.380266,-2.106029,training_point
09:48:01.403,2,-1.915564,1.44737,-1.793591,training_point
09:48:01.486,1,-1.118126,1.380159,-2.104488,training_point
09:48:01.486,2,-1.916389,1.447518,-1.793706,training_point
09:48:01.569,1,-1.118089,1.379885,-2.107859,training_point
09:48:01.569,2,-1.91741,1.448293,-1.793866,training_point
09:48:01.653,1,-1.117333,1.379517,-2.109965,training_point
09:48:01.653,2,-1.917749,1.449011,-1.793842,training_point
09:48:01.737,1,-1.115573,1.378428,-2.11424,training_point
09:48:01.737,2,-1.91801,1.449953,-1.794144,training_point
09:48:01.819,1,-1.113304,1.379878,-2.122843,training_point
09:48:01.820,2,-1.918454,1.455072,-1.794805,training_point
09:48:01.903,1,-1.109867,1.380047,-2.130744,training_point
09:48:01.904,2,-1.918602,1.451973,-1.795472,training_point
09:48:01.986,1,-1.1039,1.380295,-2.143241,training_point
09:48:01.986,2,-1.91862,1.449387,-1.795764,training_point
09:48:02.070,1,-1.095647,1.380991,-2.166422,training_point
09:48:02.070,2,-1.917801,1.451621,-1.79568,training_point
09:48:02.153,1,-1.092737,1.380679,-2.185806,training_point
09:48:02.153,2,-1.917593,1.45065,-1.796051,training_point
09:48:02.236,1,-1.085109,1.381207,-2.205315,training_point
09:48:02.237,2,-1.917076,1.452754,-1.796078,training_point
09:48:02.320,1,-1.084164,1.380991,-2.223368,training_point
09:48:02.320,2,-1.916729,1.451739,-1.79633,training_point
09:48:02.403,1,-1.079748,1.380595,-2.240693,training_point
09:48:02.403,2,-1.915974,1.45019,-1.79561,training_point
09:48:02.486,1,-1.075486,1.380372,-2.251883,training_point
09:48:02.487,2,-1.915846,1.454147,-1.795707,training_point
09:48:02.569,1,-1.070109,1.379773,-2.274889,training_point
09:48:02.569,2,-1.915682,1.448946,-1.795971,training_point
09:48:02.653,1,-1.067596,1.379328,-2.287379,training_point
09:48:02.654,2,-1.915569,1.447747,-1.796015,training_point
09:48:02.753,1,-1.065311,1.379094,-2.296265,training_point
09:48:02.754,2,-1.915005,1.450362,-1.79513,training_point
09:48:02.836,1,-1.062022,1.37884,-2.305861,training_point
09:48:02.836,2,-1.915078,1.451134,-1.795074,training_point
09:48:02.920,1,-1.06153,1.378726,-2.312387,training_point
09:48:02.920,2,-1.915578,1.453476,-1.794483,training_point
09:48:03.002,1,-1.060226,1.379038,-2.318754,training_point
09:48:03.003,2,-1.915493,1.457449,-1.794747,training_point
09:48:03.086,1,-1.059714,1.379455,-2.320787,training_point
09:48:03.087,2,-1.915571,1.457726,-1.794798,training_point
09:48:03.169,1,-1.058347,1.379977,-2.323073,training_point
09:48:03.169,2,-1.915554,1.458278,-1.794054,training_point
09:48:03.320,1,-1.056167,1.38014,-2.323053,training_point
09:48:03.320,2,-1.915799,1.458596,-1.793775,training_point
09:48:03.403,1,-1.054228,1.380347,-2.323301,training_point
09:48:03.403,2,-1.915758,1.456753,-1.793833,training_point
09:48:03.486,1,-1.05338,1.380755,-2.320366,training_point
09:48:03.486,2,-1.915685,1.463267,-1.793967,training_point
09:48:03.570,1,-1.052907,1.38057,-2.317271,training_point
09:48:03.570,2,-1.915704,1.46874,-1.793943,training_point
09:48:03.652,1,-1.052742,1.38017,-2.314753,training_point
09:48:03.653,2,-1.915515,1.470292,-1.793582,training_point
09:48:03.736,1,-1.05114,1.379683,-2.315111,training_point
09:48:03.737,2,-1.915418,1.463765,-1.793765,training_point
09:48:03.819,1,-1.050924,1.380142,-2.311664,training_point
09:48:03.819,2,-1.915294,1.468606,-1.794024,training_point
09:48:03.970,1,-1.050135,1.37998,-2.308688,training_point
09:48:03.970,2,-1.915043,1.464013,-1.794108,training_point
09:48:04.053,1,-1.049423,1.380502,-2.305619,training_point
09:48:04.053,2,-1.915062,1.466065,-1.794055,training_point
09:48:04.136,1,-1.049302,1.379793,-2.304762,training_point
09:48:04.137,2,-1.914994,1.469877,-1.794012,training_point
09:48:04.219,1,-1.049229,1.379629,-2.303716,training_point
09:48:04.220,2,-1.914362,1.468709,-1.793512,training_point
09:48:04.303,1,-1.049061,1.379491,-2.302653,training_point
09:48:04.303,2,-1.914363,1.467343,-1.793697,training_point
09:48:04.387,1,-1.049001,1.379554,-2.30214,training_point
09:48:04.387,2,-1.914557,1.467614,-1.793857,training_point
09:48:04.469,1,-1.04908,1.379004,-2.301968,training_point
09:48:04.470,2,-1.914386,1.467327,-1.794071,training_point
09:48:04.553,1,-1.049133,1.378936,-2.302038,training_point
09:48:04.553,2,-1.914447,1.466375,-1.793904,training_point
09:48:04.636,1,-1.04891,1.378282,-2.301588,training_point
09:48:04.637,2,-1.913799,1.466354,-1.794225,training_point
09:48:04.720,1,-1.048903,1.378514,-2.301494,training_point
09:48:04.720,2,-1.913624,1.465926,-1.794446,training_point
09:48:04.803,1,-1.048974,1.378479,-2.301678,training_point
09:48:04.803,2,-1.913495,1.465897,-1.794627,training_point
09:48:04.887,1,-1.048762,1.378249,-2.301423,training_point
09:48:04.887,2,-1.913538,1.46694,-1.79451,training_point
09:48:04.970,1,-1.048525,1.378029,-2.300984,training_point
09:48:04.970,2,-1.913669,1.464769,-1.794491,training_point
09:48:05.053,1,-1.048557,1.378157,-2.300857,training_point
09:48:05.054,2,-1.913879,1.465125,-1.7943,training_point
09:48:05.136,1,-1.04843,1.378158,-2.300702,training_point
09:48:05.136,2,-1.913911,1.464719,-1.794405,training_point
09:48:05.220,1,-1.048398,1.378132,-2.300431,training_point
09:48:05.220,2,-1.913939,1.46431,-1.794485,training_point
09:48:05.303,1,-1.048296,1.378025,-2.300436,training_point
09:48:05.304,2,-1.914023,1.462995,-1.794631,training_point
09:48:05.386,1,-1.04795,1.377993,-2.300694,training_point
09:48:05.386,2,-1.914797,1.463589,-1.794682,training_point
09:48:05.469,1,-1.047708,1.378349,-2.300706,training_point
09:48:05.469,2,-1.914803,1.463727,-1.793486,training_point
09:48:05.620,1,-1.047335,1.379236,-2.300378,training_point
09:48:05.620,2,-1.914676,1.464365,-1.793843,training_point
09:48:05.702,1,-1.047349,1.3792,-2.300448,training_point
09:48:05.703,2,-1.914808,1.464114,-1.794168,training_point
09:48:05.836,1,-1.047357,1.37919,-2.300396,training_point
09:48:05.836,2,-1.915151,1.464071,-1.794685,training_point
09:48:05.920,1,-1.047391,1.379198,-2.300363,training_point
09:48:05.920,2,-1.915132,1.464649,-1.794722,training_point
09:48:06.003,1,-1.047083,1.379199,-2.300367,training_point
09:48:06.003,2,-1.915172,1.464629,-1.794935,training_point
09:48:06.086,1,-1.047137,1.379101,-2.300202,training_point
09:48:06.087,2,-1.915262,1.464533,-1.794972,training_point
09:48:06.170,1,-1.046929,1.379305,-2.300023,training_point
09:48:06.170,2,-1.915094,1.464006,-1.795288,training_point
09:48:06.253,1,-1.046957,1.379254,-2.300089,training_point
09:48:06.253,2,-1.91518,1.464588,-1.795108,training_point
09:48:06.338,1,-1.046993,1.379133,-2.300137,training_point
09:48:06.338,2,-1.915224,1.464539,-1.79463,training_point
09:48:06.437,1,-1.047177,1.379529,-2.299923,training_point
09:48:06.437,2,-1.915365,1.464456,-1.794742,training_point
09:48:06.519,1,-1.047116,1.379388,-2.299892,training_point
09:48:06.520,2,-1.915505,1.464417,-1.795156,training_point
09:48:06.603,1,-1.04718,1.379303,-2.300076,training_point
09:48:06.603,2,-1.915815,1.464906,-1.795637,training_point
09:48:06.686,1,-1.047394,1.379111,-2.300022,training_point
09:48:06.686,2,-1.915944,1.464735,-1.795875,training_point
09:48:06.770,1,-1.047123,1.378908,-2.299839,training_point
09:48:06.771,2,-1.91611,1.465211,-1.795898,training_point
09:48:06.853,1,-1.046916,1.379023,-2.29976,training_point
09:48:06.853,2,-1.915596,1.465259,-1.79478,training_point
09:48:06.936,1,-1.046799,1.379051,-2.299813,training_point
09:48:06.937,2,-1.915885,1.46528,-1.794676,training_point
09:48:07.020,1,-1.046652,1.379135,-2.300075,training_point
09:48:07.020,2,-1.915756,1.464992,-1.794523,training_point
09:48:07.103,1,-1.046622,1.379239,-2.29996,training_point
09:48:07.103,2,-1.915793,1.465035,-1.794426,training_point
09:48:07.186,1,-1.046437,1.379285,-2.299921,training_point
09:48:07.186,2,-1.915545,1.465006,-1.794528,training_point
09:48:07.269,1,-1.046447,1.379713,-2.299842,training_point
09:48:07.269,2,-1.915449,1.464676,-1.794532,training_point
09:48:07.353,1,-1.046403,1.379654,-2.299848,training_point
09:48:07.354,2,-1.915062,1.464492,-1.794249,training_point
09:48:07.436,1,-1.046342,1.379445,-2.299822,training_point
09:48:07.437,2,-1.915059,1.46451,-1.794181,training_point
09:48:07.519,1,-1.046276,1.379365,-2.299762,training_point
09:48:07.519,2,-1.915062,1.464259,-1.794173,training_point
09:48:07.603,1,-1.046158,1.379379,-2.299785,training_point
09:48:07.604,2,-1.91507,1.464128,-1.794171,training_point
09:48:07.686,1,-1.046003,1.379235,-2.299343,training_point
09:48:07.686,2,-1.914847,1.464238,-1.794013,training_point
09:48:07.770,1,-1.046045,1.37881,-2.299213,training_point
09:48:07.770,2,-1.914356,1.464094,-1.79315,training_point
09:48:07.853,1,-1.045826,1.378615,-2.299035,training_point
09:48:07.853,2,-1.913967,1.464027,-1.792354,training_point
09:48:07.936,1,-1.045559,1.37819,-2.298858,training_point
09:48:07.936,2,-1.914056,1.464226,-1.791521,training_point
09:48:08.020,1,-1.045748,1.378391,-2.298982,training_point
09:48:08.020,2,-1.914237,1.464313,-1.791784,training_point
09:48:08.103,1,-1.043795,1.378402,-2.29914,training_point
09:48:08.103,2,-1.913903,1.463879,-1.791912,training_point
09:48:08.186,1,-1.044006,1.37833,-2.299021,training_point
09:48:08.187,2,-1.91367,1.463682,-1.792251,training_point
09:48:08.270,1,-1.044809,1.378015,-2.300175,training_point
09:48:08.270,2,-1.913825,1.463865,-1.79265,training_point
09:48:08.353,1,-1.045826,1.378041,-2.302398,training_point
09:48:08.354,2,-1.914123,1.464042,-1.792671,training_point
09:48:08.436,1,-1.046885,1.377841,-2.311211,training_point
09:48:08.436,2,-1.914331,1.46411,-1.792766,training_point
09:48:08.569,1,-1.051018,1.378125,-2.329145,training_point
09:48:08.569,2,-1.915506,1.464003,-1.793247,training_point
09:48:08.703,1,-1.059862,1.37815,-2.347681,training_point
09:48:08.703,2,-1.915179,1.464224,-1.793131,training_point
09:48:08.787,1,-1.070523,1.378116,-2.355011,training_point
09:48:08.787,2,-1.914839,1.464302,-1.793482,training_point
09:48:08.869,1,-1.090811,1.377943,-2.372005,training_point
09:48:08.870,2,-1.914953,1.464444,-1.793599,training_point
09:48:08.953,1,-1.109605,1.378055,-2.383024,training_point
09:48:08.954,2,-1.915237,1.464415,-1.793587,training_point
09:48:09.037,1,-1.142825,1.378446,-2.400873,training_point
09:48:09.037,2,-1.915203,1.464655,-1.791893,training_point
09:48:09.120,1,-1.163572,1.378423,-2.410727,training_point
09:48:09.120,2,-1.915397,1.464867,-1.792188,training_point
09:48:09.202,1,-1.213262,1.378438,-2.432533,training_point
09:48:09.203,2,-1.915402,1.464946,-1.792405,training_point
09:48:09.286,1,-1.267378,1.378386,-2.450619,training_point
09:48:09.286,2,-1.915159,1.464917,-1.792785,training_point
09:48:09.369,1,-1.342977,1.378738,-2.481067,training_point
09:48:09.370,2,-1.915011,1.464759,-1.793671,training_point
09:48:09.452,1,-1.395861,1.378446,-2.498146,training_point
09:48:09.453,2,-1.91515,1.465033,-1.792763,training_point
09:48:09.536,1,-1.463186,1.378116,-2.518119,training_point
09:48:09.536,2,-1.915585,1.464934,-1.79464,training_point
09:48:09.619,1,-1.497918,1.377764,-2.524653,training_point
09:48:09.620,2,-1.916997,1.464112,-1.79459,training_point
09:48:09.703,1,-1.54731,1.378218,-2.533642,training_point
09:48:09.703,2,-1.92165,1.464783,-1.795758,training_point
09:48:09.786,1,-1.579272,1.378312,-2.539089,training_point
09:48:09.787,2,-1.926858,1.464956,-1.796792,training_point
09:48:09.869,1,-1.631526,1.378172,-2.515776,training_point
09:48:09.869,2,-1.937001,1.46549,-1.796455,training_point
09:48:10.002,1,-1.713902,1.378158,-2.502341,training_point
09:48:10.003,2,-1.948948,1.466262,-1.79566,training_point
09:48:10.087,1,-1.763684,1.378307,-2.492321,training_point
09:48:10.087,2,-1.97314,1.470953,-1.787259,training_point
09:48:10.170,1,-1.849619,1.378519,-2.466403,training_point
09:48:10.170,2,-1.999139,1.47494,-1.781955,training_point
09:48:10.253,1,-1.903147,1.379187,-2.448384,training_point
09:48:10.253,2,-2.019602,1.478086,-1.778071,training_point
09:48:10.336,1,-1.975174,1.379368,-2.436665,training_point
09:48:10.336,2,-2.062715,1.482536,-1.764136,training_point
09:48:10.420,1,-2.02415,1.379116,-2.420692,training_point
09:48:10.420,2,-2.191451,1.487303,-1.848514,training_point
09:48:10.503,1,-2.086542,1.379165,-2.409811,training_point
09:48:10.503,2,-2.263918,1.490427,-1.820959,training_point
09:48:10.586,1,-2.132742,1.379196,-2.40164,training_point
09:48:10.587,2,-2.280056,1.49231,-1.815934,training_point
09:48:10.670,1,-2.195654,1.378996,-2.410252,training_point
09:48:10.753,1,-2.231853,1.493939,-2.405776,training_point
09:48:10.836,1,-2.296786,1.379128,-2.409107,training_point
09:48:10.920,1,-2.337926,1.493285,-2.41736,training_point
09:48:11.002,1,-2.421797,1.379142,-2.423292,training_point
09:48:11.136,1,-2.508505,1.493314,-2.42803,training_point
09:48:11.287,1,-2.557021,1.379045,-2.431074,training_point
09:48:11.369,1,-2.587845,1.486655,-2.445923,training_point
09:48:11.453,1,-2.596775,1.37891,-2.453167,training_point
09:48:11.536,1,-2.604398,1.482708,-2.466818,training_point
09:48:11.620,1,-2.599837,1.378996,-2.4795,training_point
09:48:11.703,1,-2.581581,1.498537,-2.506733,training_point
09:48:11.787,1,-2.562783,1.379645,-2.532079,training_point
09:48:11.870,1,-2.533423,1.507949,-2.562653,training_point
09:48:11.953,1,-2.516328,1.381821,-2.578848,training_point
09:48:12.037,1,-2.491369,1.51128,-2.602044,training_point
09:48:12.120,1,-2.477749,1.382074,-2.615315,training_point
09:48:12.202,1,-2.463591,1.504076,-2.632243,training_point
09:48:12.286,1,-2.460187,1.383432,-2.63884,training_point
09:48:12.369,1,-2.458738,1.487664,-2.645704,training_point
09:48:12.502,1,-2.457959,1.385515,-2.640809,training_point
09:48:12.636,1,-2.458451,1.481423,-2.64561,training_point
09:48:12.803,1,-2.459113,1.387813,-2.647884,training_point
09:48:12.886,1,-2.462949,1.474443,-2.654485,training_point
09:48:12.969,1,-2.466099,1.390715,-2.659844,training_point
09:48:13.053,1,-2.468306,1.484982,-2.663419,training_point
09:48:13.136,1,-2.472341,1.400696,-2.670737,training_point
09:48:13.220,1,-2.476026,1.489258,-2.673949,training_point
09:48:13.303,1,-2.479873,1.412162,-2.675999,training_point
09:48:13.386,1,-2.487329,1.500661,-2.679127,training_point
09:48:13.470,1,-2.510167,1.406666,-2.681974,training_point
09:48:13.569,1,-2.54058,1.505371,-2.680314,training_point
09:48:13.720,1,-2.598607,1.267443,-2.670959,training_point
09:48:13.802,1,-2.654546,1.506379,-2.661392,training_point
09:48:13.953,1,-2.749301,1.206107,-2.645318,training_point
09:48:14.053,1,-2.799953,1.507905,-2.632945,training_point
09:48:14.136,1,-2.841489,1.146229,-2.620837,training_point
09:48:14.269,1,-2.888938,1.543909,-2.599979,training_point
09:48:14.420,1,-2.932249,1.445854,-2.56697,training_point
09:48:14.421,2,-2.286923,1.544813,-1.811372,training_point
09:48:14.503,1,-2.959496,1.445854,-2.531527,training_point
09:48:14.503,2,-2.286236,1.543813,-1.811421,training_point
09:48:14.587,1,-2.97213,1.445854,-2.504986,training_point
09:48:14.587,2,-2.285794,1.5363,-1.811677,training_point
09:48:14.669,1,-2.989353,1.445854,-2.455853,training_point
09:48:14.669,2,-2.283497,1.537842,-1.812283,training_point
09:48:14.802,1,-3.012917,1.445854,-2.392329,training_point
09:48:14.803,2,-2.280589,1.53966,-1.812528,training_point
09:48:14.936,1,-3.038281,1.445854,-2.348445,training_point
09:48:14.936,2,-2.277383,1.552921,-1.815173,training_point
09:48:15.020,1,-3.054086,1.445854,-2.325163,training_point
09:48:15.020,2,-2.272982,1.559091,-1.816103,training_point
09:48:15.103,1,-3.081281,1.445854,-2.299932,training_point
09:48:15.103,2,-2.267237,1.55979,-1.818716,training_point
09:48:15.187,1,-3.095843,1.445854,-2.290208,training_point
09:48:15.187,2,-2.263878,1.561501,-1.821054,training_point
09:48:15.269,1,-3.129838,1.445854,-2.271532,training_point
09:48:15.269,2,-2.257407,1.560461,-1.828753,training_point
09:48:15.353,1,-3.160983,1.445854,-2.257269,training_point
09:48:15.353,2,-2.254424,1.558477,-1.831786,training_point
09:48:15.436,1,-3.21291,1.445854,-2.233964,training_point
09:48:15.436,2,-2.249541,1.556296,-1.834607,training_point
09:48:15.520,1,-3.254548,1.445854,-2.221528,training_point
09:48:15.521,2,-2.245852,1.554229,-1.836945,training_point
09:48:15.602,1,-3.30366,1.445854,-2.209165,training_point
09:48:15.603,2,-2.242894,1.554106,-1.846626,training_point
09:48:15.736,1,-3.355192,1.445854,-2.198567,training_point
09:48:15.736,2,-2.235612,1.554924,-1.858715,training_point
09:48:15.820,1,-3.370229,1.445854,-2.195588,training_point
09:48:15.820,2,-2.236261,1.554975,-1.861932,training_point
09:48:15.903,1,-3.388893,1.445854,-2.191389,training_point
09:48:15.903,2,-2.237972,1.553275,-1.867688,training_point
09:48:15.987,1,-3.395804,1.445854,-2.191315,training_point
09:48:15.987,2,-2.241057,1.553599,-1.869504,training_point
09:48:16.069,1,-3.402859,1.445854,-2.191194,training_point
09:48:16.069,2,-2.249483,1.53951,-1.87347,training_point
09:48:16.219,1,-3.404132,1.445854,-2.191977,training_point
09:48:16.220,2,-2.271983,1.536699,-1.880715,training_point
09:48:16.303,1,-3.403419,1.445854,-2.193179,training_point
09:48:16.303,2,-2.296847,1.536154,-1.886415,training_point
09:48:16.386,1,-3.40069,1.445854,-2.194207,training_point
09:48:16.386,2,-2.318925,1.53698,-1.891873,training_point
09:48:16.469,1,-3.389874,1.445854,-2.194219,training_point
09:48:16.470,2,-2.347158,1.538987,-1.901034,training_point
09:48:16.553,1,-3.385107,1.445854,-2.19447,training_point
09:48:16.553,2,-2.376111,1.540347,-1.910294,training_point
09:48:16.636,1,-3.373151,1.445854,-2.195623,training_point
09:48:16.636,2,-2.406712,1.54058,-1.923003,training_point
09:48:16.720,1,-3.365378,1.541311,-2.196003,training_point
09:48:16.720,2,-2.425983,1.541696,-1.927421,training_point
09:48:16.804,1,-3.360524,1.542358,-2.197287,training_point
09:48:16.804,2,-2.442989,1.543886,-1.934453,training_point
09:48:16.886,1,-3.35404,1.547737,-2.198537,training_point
09:48:16.886,2,-2.476935,1.546782,-1.949272,training_point
09:48:16.970,1,-3.351855,1.543319,-2.198465,training_point
09:48:16.970,2,-2.497921,1.539276,-1.955154,training_point
09:48:17.053,1,-3.349369,1.537143,-2.199202,training_point
09:48:17.053,2,-2.522689,1.540481,-1.966798,training_point
09:48:17.137,1,-3.348034,1.542894,-2.198928,training_point
09:48:17.137,2,-2.536773,1.545454,-1.973392,training_point
09:48:17.220,1,-3.345163,1.545738,-2.198924,training_point
09:48:17.220,2,-2.554534,1.420723,-1.984338,training_point
09:48:17.303,1,-3.344345,1.5402,-2.198044,training_point
09:48:17.303,2,-2.567924,1.420595,-1.989905,training_point
09:48:17.386,1,-3.343991,1.534919,-2.19817,training_point
09:48:17.387,2,-2.575887,1.419945,-1.995417,training_point
09:48:17.469,1,-3.343717,1.533258,-2.199457,training_point
09:48:17.469,2,-2.587788,1.420723,-2.003105,training_point
09:48:17.553,1,-3.343006,1.540729,-2.200836,training_point
09:48:17.553,2,-2.591033,1.420564,-2.004012,training_point
09:48:17.636,1,-3.342507,1.539956,-2.202082,training_point
09:48:17.636,2,-2.595729,1.419702,-2.006165,training_point
09:48:17.719,1,-3.343762,1.539088,-2.203027,training_point
09:48:17.719,2,-2.598804,1.420143,-2.008559,training_point
09:48:17.803,1,-3.342696,1.539585,-2.20646,training_point
09:48:17.803,2,-2.601764,1.421771,-2.010725,training_point
09:48:17.887,1,-3.344541,1.537637,-2.207491,training_point
09:48:17.887,2,-2.604263,1.422327,-2.013619,training_point
09:48:17.969,1,-3.344875,1.537889,-2.208441,training_point
09:48:17.969,2,-2.606189,1.424181,-2.016677,training_point
09:48:18.053,1,-3.345827,1.535927,-2.209631,training_point
09:48:18.054,2,-2.607211,1.42365,-2.017906,training_point
09:48:18.136,1,-3.349416,1.530984,-2.209308,training_point
09:48:18.136,2,-2.608287,1.42504,-2.019898,training_point
09:48:18.220,1,-3.349607,1.531054,-2.20958,training_point
09:48:18.220,2,-2.608791,1.426783,-2.022594,training_point
09:48:18.303,1,-3.35039,1.533687,-2.210239,training_point
09:48:18.303,2,-2.608878,1.429657,-2.023285,training_point
09:48:18.387,1,-3.352406,1.537844,-2.209783,training_point
09:48:18.387,2,-2.609243,1.429189,-2.024444,training_point
09:48:18.469,1,-3.352782,1.539008,-2.209621,training_point
09:48:18.469,2,-2.608938,1.4297,-2.024743,training_point
09:48:18.603,1,-3.35255,1.539509,-2.209773,training_point
09:48:18.603,2,-2.608003,1.429649,-2.025436,training_point
09:48:18.687,1,-3.351499,1.53748,-2.210236,training_point
09:48:18.687,2,-2.607558,1.429153,-2.025671,training_point
09:48:18.770,1,-3.34979,1.536794,-2.210557,training_point
09:48:18.770,2,-2.607061,1.428851,-2.026405,training_point
09:48:18.853,1,-3.348595,1.536966,-2.210817,training_point
09:48:18.853,2,-2.606792,1.427289,-2.026449,training_point
09:48:18.937,1,-3.347131,1.537177,-2.211128,training_point
09:48:18.937,2,-2.606667,1.426299,-2.027205,training_point
09:48:19.019,1,-3.345097,1.53642,-2.211055,training_point
09:48:19.020,2,-2.60731,1.424566,-2.028048,training_point
09:48:19.153,1,-3.341898,1.533817,-2.211052,training_point
09:48:19.153,2,-2.60711,1.421951,-2.029822,training_point
09:48:19.237,1,-3.340207,1.533924,-2.210793,training_point
09:48:19.237,2,-2.607329,1.416923,-2.030915,training_point
09:48:19.319,1,-3.337675,1.533148,-2.210214,training_point
09:48:19.320,2,-2.608573,1.414522,-2.031494,training_point
09:48:19.403,1,-3.336249,1.533544,-2.210234,training_point
09:48:19.404,2,-2.610363,1.416511,-2.032136,training_point
09:48:19.486,1,-3.332647,1.532695,-2.20987,training_point
09:48:19.486,2,-2.61103,1.413285,-2.032523,training_point
09:48:19.569,1,-3.330909,1.531719,-2.209349,training_point
09:48:19.569,2,-2.611913,1.413294,-2.032824,training_point
09:48:19.653,1,-3.329723,1.531357,-2.208448,training_point
09:48:19.654,2,-2.611957,1.415064,-2.032698,training_point
09:48:19.736,1,-3.32729,1.531259,-2.208074,training_point
09:48:19.736,2,-2.613043,1.412989,-2.033046,training_point
09:48:19.820,1,-3.325958,1.532324,-2.207978,training_point
09:48:19.820,2,-2.613284,1.412087,-2.033204,training_point
09:48:19.903,1,-3.325145,1.533023,-2.208009,training_point
09:48:19.904,2,-2.613459,1.408866,-2.03342,training_point
09:48:19.986,1,-3.324041,1.524847,-2.208419,training_point
09:48:19.987,2,-2.613859,1.408942,-2.033742,training_point
09:48:20.070,1,-3.322511,1.523606,-2.208716,training_point
09:48:20.070,2,-2.61346,1.405914,-2.033889,training_point
09:48:20.153,1,-3.32218,1.523427,-2.209745,training_point
09:48:20.154,2,-2.612836,1.398599,-2.034059,training_point
09:48:20.236,1,-3.321273,1.526482,-2.210744,training_point
09:48:20.237,2,-2.613649,1.398697,-2.033781,training_point
09:48:20.320,1,-3.32066,1.52673,-2.212301,training_point
09:48:20.321,2,-2.61338,1.395705,-2.033914,training_point
09:48:20.403,1,-3.32061,1.527674,-2.214105,training_point
09:48:20.403,2,-2.613107,1.394711,-2.033858,training_point
09:48:20.487,1,-3.320582,1.529458,-2.215045,training_point
09:48:20.487,2,-2.613234,1.392752,-2.033823,training_point
09:48:20.570,1,-3.320777,1.530079,-2.21658,training_point
09:48:20.570,2,-2.612857,1.392172,-2.033331,training_point
09:48:20.653,1,-3.321167,1.530649,-2.217562,training_point
09:48:20.654,2,-2.612215,1.391133,-2.032849,training_point
09:48:20.736,1,-3.321268,1.530687,-2.218587,training_point
09:48:20.736,2,-2.611662,1.392501,-2.032396,training_point
09:48:20.886,1,-3.321425,1.531115,-2.220874,training_point
09:48:20.886,2,-2.612846,1.393707,-2.033214,training_point
09:48:20.986,1,-3.321665,1.53157,-2.220956,training_point
09:48:20.986,2,-2.612463,1.393141,-2.032763,training_point
09:48:21.069,1,-3.321621,1.532384,-2.222209,training_point
09:48:21.070,2,-2.611502,1.392574,-2.032313,training_point
09:48:21.153,1,-3.321924,1.532906,-2.222671,training_point
09:48:21.154,2,-2.611291,1.391454,-2.031738,training_point
09:48:21.236,1,-3.321781,1.532701,-2.222906,training_point
09:48:21.236,2,-2.611325,1.390797,-2.031914,training_point
09:48:21.319,1,-3.321298,1.532538,-2.223676,training_point
09:48:21.320,2,-2.61171,1.3904,-2.032259,training_point
09:48:21.403,1,-3.320558,1.532475,-2.224681,training_point
09:48:21.403,2,-2.61153,1.389404,-2.032403,training_point
09:48:21.486,1,-3.319987,1.532723,-2.225397,training_point
09:48:21.487,2,-2.611654,1.38857,-2.032541,training_point
09:48:21.570,1,-3.319957,1.532415,-2.22626,training_point
09:48:21.570,2,-2.611433,1.388717,-2.033111,training_point
09:48:21.653,1,-3.320227,1.532925,-2.226422,training_point
09:48:21.653,2,-2.611137,1.38795,-2.033489,training_point
09:48:21.736,1,-3.320962,1.533576,-2.227048,training_point
09:48:21.737,2,-2.611421,1.387509,-2.033863,training_point
09:48:21.820,1,-3.321868,1.532602,-2.227471,training_point
09:48:21.821,2,-2.610845,1.386124,-2.034111,training_point
09:48:21.903,1,-3.322429,1.53199,-2.229096,training_point
09:48:21.903,2,-2.610693,1.385804,-2.034251,training_point
09:48:22.036,1,-3.323922,1.530849,-2.230025,training_point
09:48:22.036,2,-2.610177,1.385648,-2.034149,training_point
09:48:22.120,1,-3.324312,1.53066,-2.230243,training_point
09:48:22.120,2,-2.60965,1.38464,-2.033765,training_point
09:48:22.203,1,-3.324441,1.530755,-2.230562,training_point
09:48:22.203,2,-2.609537,1.384957,-2.034313,training_point
09:48:22.287,1,-3.324387,1.529422,-2.230308,training_point
09:48:22.287,2,-2.609522,1.384639,-2.034054,training_point
09:48:22.370,1,-3.32493,1.529214,-2.229744,training_point
09:48:22.370,2,-2.609515,1.385342,-2.033926,training_point
09:48:22.454,1,-3.325672,1.530232,-2.228711,training_point
09:48:22.454,2,-2.609218,1.385927,-2.033592,training_point
09:48:22.536,1,-3.326161,1.531036,-2.227635,training_point
09:48:22.537,2,-2.609377,1.385713,-2.033309,training_point
09:48:22.620,1,-3.326455,1.531187,-2.226903,training_point
09:48:22.620,2,-2.609013,1.385014,-2.033094,training_point
09:48:22.703,1,-3.326083,1.530724,-2.226036,training_point
09:48:22.703,2,-2.609143,1.384315,-2.032696,training_point
09:48:22.786,1,-3.326337,1.531042,-2.225486,training_point
09:48:22.787,2,-2.609821,1.385704,-2.032073,training_point
09:48:22.869,1,-3.327306,1.530855,-2.223814,training_point
09:48:22.870,2,-2.610013,1.386126,-2.031188,training_point
09:48:22.953,1,-3.327913,1.530768,-2.223002,training_point
09:48:22.954,2,-2.609737,1.386702,-2.030914,training_point
09:48:23.036,1,-3.328961,1.530464,-2.222409,training_point
09:48:23.036,2,-2.609834,1.387376,-2.030435,training_point
09:48:23.120,1,-3.329153,1.529435,-2.221641,training_point
09:48:23.120,2,-2.609897,1.387207,-2.030131,training_point
09:48:23.203,1,-3.329204,1.530095,-2.220905,training_point
09:48:23.203,2,-2.610154,1.386628,-2.028435,training_point
09:48:23.287,1,-3.329185,1.530473,-2.220741,training_point
09:48:23.287,2,-2.610162,1.386481,-2.027969,training_point
09:48:23.370,1,-3.329179,1.530768,-2.219995,training_point
09:48:23.370,2,-2.610505,1.387031,-2.027241,training_point
09:48:23.453,1,-3.329254,1.530955,-2.219545,training_point
09:48:23.454,2,-2.610033,1.387459,-2.02614,training_point
09:48:23.536,1,-3.329655,1.531488,-2.219302,training_point
09:48:23.537,2,-2.610383,1.385721,-2.025195,training_point
09:48:23.620,1,-3.329676,1.531694,-2.219543,training_point
09:48:23.621,2,-2.611235,1.385841,-2.024343,training_point
09:48:23.703,1,-3.330065,1.531513,-2.2194,training_point
09:48:23.703,2,-2.612289,1.385962,-2.023261,training_point
09:48:23.787,1,-3.330218,1.530882,-2.219625,training_point
09:48:23.787,2,-2.612749,1.386144,-2.022576,training_point
09:48:23.870,1,-3.330257,1.531098,-2.21992,training_point
09:48:23.870,2,-2.612715,1.387012,-2.022,training_point
09:48:23.953,1,-3.330617,1.531507,-2.219984,training_point
09:48:23.954,2,-2.612926,1.386457,-2.02052,training_point
09:48:24.036,1,-3.330894,1.532348,-2.220071,training_point
09:48:24.037,2,-2.612023,1.38571,-2.017433,training_point
09:48:24.120,1,-3.330927,1.532966,-2.220167,training_point
09:48:24.120,2,-2.611089,1.385312,-2.015818,training_point
09:48:24.203,1,-3.331167,1.533651,-2.220747,training_point
09:48:24.204,2,-2.611405,1.384822,-2.015428,training_point
09:48:24.286,1,-3.331155,1.533532,-2.221059,training_point
09:48:24.286,2,-2.611186,1.384851,-2.014556,training_point
09:48:24.369,1,-3.331029,1.532933,-2.220962,training_point
09:48:24.370,2,-2.610923,1.384638,-2.014262,training_point
09:48:24.453,1,-3.331091,1.532672,-2.2209,training_point
09:48:24.453,2,-2.610971,1.384983,-2.014124,training_point
09:48:24.536,1,-3.330657,1.537133,-2.220824,training_point
09:48:24.537,2,-2.611076,1.38518,-2.015412,training_point
09:48:24.620,1,-3.330398,1.53601,-2.220519,training_point
09:48:24.620,2,-2.610914,1.384926,-2.015239,training_point
09:48:24.703,1,-3.330073,1.535656,-2.220149,training_point
09:48:24.703,2,-2.610695,1.385431,-2.015891,training_point
09:48:24.787,1,-3.330092,1.535223,-2.219975,training_point
09:48:24.787,2,-2.610533,1.384985,-2.015466,training_point
09:48:24.870,1,-3.329762,1.535236,-2.219856,training_point
09:48:24.870,2,-2.610306,1.384716,-2.016368,training_point
09:48:24.953,1,-3.329835,1.534545,-2.219737,training_point
09:48:24.954,2,-2.610088,1.384499,-2.015698,training_point
09:48:25.036,1,-3.329851,1.534082,-2.219309,training_point
09:48:25.037,2,-2.609926,1.384805,-2.015528,training_point
09:48:25.120,1,-3.329829,1.534274,-2.219324,training_point
09:48:25.121,2,-2.609644,1.384727,-2.015641,training_point
09:48:25.219,1,-3.329759,1.534047,-2.219448,training_point
09:48:25.219,2,-2.609601,1.384997,-2.016544,training_point
09:48:25.303,1,-3.33021,1.53526,-2.219767,training_point
09:48:25.304,2,-2.608908,1.384837,-2.017098,training_point
09:48:25.387,1,-3.330236,1.534936,-2.21988,training_point
09:48:25.387,2,-2.608751,1.38427,-2.017167,training_point
09:48:25.469,1,-3.33082,1.535619,-2.220235,training_point
09:48:25.469,2,-2.607683,1.384263,-2.017072,training_point
09:48:25.603,1,-3.331383,1.534864,-2.221078,training_point
09:48:25.603,2,-2.606826,1.384725,-2.016686,training_point
09:48:25.686,1,-3.331818,1.533875,-2.221294,training_point
09:48:25.687,2,-2.606792,1.385101,-2.0164,training_point
09:48:25.770,1,-3.332014,1.533781,-2.221074,training_point
09:48:25.770,2,-2.606788,1.38508,-2.016112,training_point
09:48:25.853,1,-3.332756,1.53352,-2.222009,training_point
09:48:25.854,2,-2.606453,1.385478,-2.016061,training_point
09:48:25.936,1,-3.332994,1.533755,-2.222144,training_point
09:48:25.936,2,-2.606353,1.384914,-2.015905,training_point
09:48:26.020,1,-3.333127,1.534047,-2.222009,training_point
09:48:26.020,2,-2.606359,1.384844,-2.016214,training_point
09:48:26.103,1,-3.333278,1.533424,-2.222214,training_point
09:48:26.103,2,-2.605863,1.385424,-2.016142,training_point
09:48:26.188,1,-3.333315,1.532874,-2.222245,training_point
09:48:26.188,2,-2.605996,1.385724,-2.016112,training_point
09:48:26.269,1,-3.333534,1.533166,-2.221806,training_point
09:48:26.269,2,-2.606286,1.385596,-2.016646,training_point
09:48:26.403,1,-3.333638,1.533701,-2.221642,training_point
09:48:26.403,2,-2.606247,1.385528,-2.018364,training_point
09:48:26.487,1,-3.33366,1.533829,-2.221263,training_point
09:48:26.487,2,-2.606311,1.384754,-2.018278,training_point
09:48:26.570,1,-3.333736,1.533782,-2.220798,training_point
09:48:26.570,2,-2.605426,1.384172,-2.018933,training_point
09:48:26.654,1,-3.333875,1.533318,-2.220745,training_point
09:48:26.654,2,-2.605288,1.384602,-2.019295,training_point
09:48:26.736,1,-3.334435,1.532972,-2.220896,training_point
09:48:26.736,2,-2.604193,1.383967,-2.020762,training_point
09:48:26.821,1,-3.334481,1.533071,-2.220604,training_point
09:48:26.822,2,-2.603596,1.383768,-2.021601,training_point
09:48:26.920,1,-3.334398,1.532084,-2.220003,training_point
09:48:26.921,2,-2.60329,1.383851,-2.02257,training_point
09:48:27.003,1,-3.33409,1.532748,-2.219969,training_point
09:48:27.003,2,-2.602685,1.38377,-2.02367,training_point
09:48:27.087,1,-3.334299,1.532908,-2.219879,training_point
09:48:27.087,2,-2.602634,1.383853,-2.024063,training_point
09:48:27.187,1,-3.334242,1.532356,-2.219774,training_point
09:48:27.187,2,-2.601954,1.38388,-2.024754,training_point
09:48:27.269,1,-3.334382,1.531862,-2.219603,training_point
09:48:27.269,2,-2.601441,1.384156,-2.024756,training_point
09:48:27.354,1,-3.334694,1.532471,-2.219477,training_point
09:48:27.354,2,-2.601142,1.384555,-2.025618,training_point
09:48:27.436,1,-3.334707,1.532495,-2.218932,training_point
09:48:27.436,2,-2.601286,1.38456,-2.025731,training_point
09:48:27.520,1,-3.335026,1.532396,-2.218857,training_point
09:48:27.521,2,-2.600701,1.384526,-2.026103,training_point
09:48:27.603,1,-3.334959,1.532563,-2.218469,training_point
09:48:27.603,2,-2.600424,1.38534,-2.026371,training_point
09:48:27.687,1,-3.334954,1.532863,-2.218399,training_point
09:48:27.687,2,-2.600596,1.385508,-2.026702,training_point
09:48:27.769,1,-3.334963,1.533848,-2.218328,training_point
09:48:27.769,2,-2.600505,1.385148,-2.027046,training_point
09:48:27.920,1,-3.335095,1.533957,-2.217995,training_point
09:48:27.921,2,-2.599934,1.385355,-2.027184,training_point
09:48:28.003,1,-3.335041,1.534083,-2.217779,training_point
09:48:28.003,2,-2.599747,1.385381,-2.026839,training_point
09:48:28.087,1,-3.335057,1.533674,-2.217781,training_point
09:48:28.087,2,-2.599854,1.385261,-2.027042,training_point
09:48:28.169,1,-3.335443,1.533436,-2.218111,training_point
09:48:28.170,2,-2.599887,1.38518,-2.026938,training_point
09:48:28.320,1,-3.335213,1.533808,-2.218052,training_point
09:48:28.320,2,-2.599804,1.385447,-2.026771,training_point
09:48:28.420,1,-3.335256,1.533535,-2.21812,training_point
09:48:28.421,2,-2.600161,1.385869,-2.026036,training_point
09:48:28.503,1,-3.334999,1.533751,-2.218755,training_point
09:48:28.503,2,-2.600479,1.385678,-2.026151,training_point
09:48:28.587,1,-3.334847,1.534195,-2.219115,training_point
09:48:28.587,2,-2.600332,1.385632,-2.026162,training_point
09:48:28.670,1,-3.335291,1.534395,-2.219046,training_point
09:48:28.670,2,-2.600146,1.385684,-2.025823,training_point
09:48:28.754,1,-3.335325,1.53456,-2.219042,training_point
09:48:28.754,2,-2.599889,1.386278,-2.025555,training_point
09:48:28.853,1,-3.335637,1.535111,-2.219126,training_point
09:48:28.853,2,-2.599704,1.385859,-2.025559,training_point
09:48:28.937,1,-3.335834,1.534737,-2.218961,training_point
09:48:28.937,2,-2.599667,1.386287,-2.025331,training_point
09:48:29.020,1,-3.335625,1.534763,-2.21915,training_point
09:48:29.020,2,-2.599527,1.38608,-2.025242,training_point
09:48:29.103,1,-3.335298,1.535354,-2.2198,training_point
09:48:29.104,2,-2.599585,1.385781,-2.025336,training_point
09:48:29.186,1,-3.335005,1.534806,-2.219306,training_point
09:48:29.186,2,-2.599445,1.385532,-2.025002,training_point
09:48:29.270,1,-3.335182,1.534996,-2.21911,training_point
09:48:29.270,2,-2.599567,1.38533,-2.02497,training_point
09:48:29.353,1,-3.335147,1.534961,-2.21946,training_point
09:48:29.353,2,-2.599562,1.385439,-2.02466,training_point
09:48:29.437,1,-3.335137,1.534598,-2.219263,training_point
09:48:29.437,2,-2.599574,1.385497,-2.024704,training_point
09:48:29.520,1,-3.334745,1.534282,-2.219503,training_point
09:48:29.520,2,-2.599588,1.386235,-2.024926,training_point
09:48:29.603,1,-3.334696,1.534678,-2.219427,training_point
09:48:29.604,2,-2.599644,1.386622,-2.024665,training_point
09:48:29.686,1,-3.334748,1.534557,-2.219292,training_point
09:48:29.686,2,-2.59991,1.386872,-2.024249,training_point
09:48:29.769,1,-3.334828,1.534391,-2.219324,training_point
09:48:29.770,2,-2.600023,1.386842,-2.024014,training_point
09:48:29.853,1,-3.334856,1.534525,-2.219518,training_point
09:48:29.853,2,-2.600104,1.386742,-2.02383,training_point
09:48:29.936,1,-3.334885,1.535046,-2.219352,training_point
09:48:29.936,2,-2.600451,1.386293,-2.023554,training_point
09:48:30.020,1,-3.334817,1.535391,-2.219426,training_point
09:48:30.020,2,-2.60057,1.386109,-2.023515,training_point
09:48:30.103,1,-3.334821,1.535642,-2.219211,training_point
09:48:30.103,2,-2.601048,1.386005,-2.023254,training_point
09:48:30.187,1,-3.334833,1.536063,-2.21927,training_point
09:48:30.187,2,-2.60124,1.386149,-2.022957,training_point
09:48:30.269,1,-3.334975,1.535836,-2.219517,training_point
09:48:30.270,2,-2.601591,1.386107,-2.022997,training_point
09:48:30.353,1,-3.334971,1.535584,-2.219677,training_point
09:48:30.354,2,-2.601668,1.386115,-2.022535,training_point
09:48:30.436,1,-3.334994,1.535667,-2.219982,training_point
09:48:30.436,2,-2.602072,1.385831,-2.022195,training_point
09:48:30.520,1,-3.334895,1.535614,-2.22001,training_point
09:48:30.521,2,-2.602641,1.386103,-2.022757,training_point
09:48:30.603,1,-3.334989,1.534556,-2.220251,training_point
09:48:30.603,2,-2.603096,1.386516,-2.021942,training_point
09:48:30.687,1,-3.335227,1.534715,-2.220096,training_point
09:48:30.687,2,-2.603204,1.38651,-2.021924,training_point
09:48:30.770,1,-3.335961,1.534898,-2.220267,training_point
09:48:30.770,2,-2.603371,1.386091,-2.021916,training_point
09:48:30.855,1,-3.336365,1.534243,-2.220104,training_point
09:48:30.855,2,-2.603406,1.385899,-2.02185,training_point
09:48:30.936,1,-3.336444,1.534175,-2.219954,training_point
09:48:30.936,2,-2.603535,1.385795,-2.021925,training_point
09:48:31.087,1,-3.336774,1.534342,-2.219911,training_point
09:48:31.087,2,-2.603833,1.385758,-2.021963,training_point
09:48:31.169,1,-3.337153,1.534207,-2.219649,training_point
09:48:31.169,2,-2.604081,1.385902,-2.02122,training_point
09:48:31.253,1,-3.337435,1.533571,-2.219836,training_point
09:48:31.254,2,-2.604431,1.385753,-2.020759,training_point
09:48:31.336,1,-3.337896,1.532803,-2.219967,training_point
09:48:31.337,2,-2.604633,1.385367,-2.021076,training_point
09:48:31.420,1,-3.338109,1.533003,-2.21994,training_point
09:48:31.421,2,-2.604839,1.385668,-2.020905,training_point
09:48:31.503,1,-3.338174,1.533239,-2.220038,training_point
09:48:31.503,2,-2.605175,1.385897,-2.020517,training_point
09:48:31.587,1,-3.33866,1.533792,-2.219726,training_point
09:48:31.587,2,-2.605061,1.385993,-2.020455,training_point
09:48:31.669,1,-3.338892,1.534276,-2.220294,training_point
09:48:31.670,2,-2.604771,1.385894,-2.020089,training_point
09:48:31.804,1,-3.339269,1.53393,-2.220297,training_point
09:48:31.804,2,-2.605109,1.385782,-2.020139,training_point
09:48:31.888,1,-3.339261,1.533866,-2.220489,training_point
09:48:31.888,2,-2.60529,1.385822,-2.020471,training_point
09:48:31.970,1,-3.339162,1.534129,-2.220734,training_point
09:48:31.971,2,-2.605204,1.385636,-2.020727,training_point
09:48:32.053,1,-3.339087,1.533782,-2.221179,training_point
09:48:32.053,2,-2.605399,1.385564,-2.020532,training_point
09:48:32.137,1,-3.338874,1.534153,-2.221153,training_point
09:48:32.137,2,-2.605361,1.385673,-2.020633,training_point
09:48:32.220,1,-3.338689,1.534073,-2.221434,training_point
09:48:32.220,2,-2.605367,1.385616,-2.020876,training_point
09:48:32.304,1,-3.338739,1.53414,-2.221613,training_point
09:48:32.304,2,-2.605791,1.385608,-2.020917,training_point
09:48:32.386,1,-3.338742,1.534021,-2.22182,training_point
09:48:32.386,2,-2.605942,1.385741,-2.021199,training_point
09:48:32.470,1,-3.338852,1.533592,-2.221669,training_point
09:48:32.470,2,-2.606047,1.385563,-2.021223,training_point
09:48:32.603,1,-3.339269,1.533865,-2.221343,training_point
09:48:32.603,2,-2.606259,1.385483,-2.021447,training_point
09:48:32.687,1,-3.339397,1.534003,-2.221515,training_point
09:48:32.687,2,-2.606452,1.385399,-2.022004,training_point
09:48:32.770,1,-3.339529,1.534074,-2.221405,training_point
09:48:32.770,2,-2.606616,1.385483,-2.021656,training_point
09:48:32.853,1,-3.340102,1.534307,-2.221396,training_point
09:48:32.853,2,-2.606555,1.385707,-2.0214,training_point
09:48:32.936,1,-3.340276,1.534289,-2.221362,training_point
09:48:32.936,2,-2.606646,1.385493,-2.021017,training_point
09:48:33.020,1,-3.340617,1.533832,-2.221269,training_point
09:48:33.021,2,-2.606603,1.385393,-2.021698,training_point
09:48:33.103,1,-3.340655,1.533964,-2.221001,training_point
09:48:33.103,2,-2.606516,1.38558,-2.021642,training_point
09:48:33.186,1,-3.340775,1.533254,-2.221145,training_point
09:48:33.187,2,-2.606477,1.38563,-2.021326,training_point
09:48:33.270,1,-3.340893,1.533372,-2.220967,training_point
09:48:33.270,2,-2.606628,1.385991,-2.021297,training_point
09:48:33.353,1,-3.340757,1.533675,-2.220654,training_point
09:48:33.354,2,-2.606605,1.385895,-2.020949,training_point
09:48:33.436,1,-3.341081,1.533892,-2.220749,training_point
09:48:33.437,2,-2.606296,1.385925,-2.020214,training_point
09:48:33.520,1,-3.340814,1.534321,-2.220763,training_point
09:48:33.521,2,-2.606347,1.385767,-2.020407,training_point
09:48:33.603,1,-3.340378,1.534509,-2.220962,training_point
09:48:33.603,2,-2.606161,1.386005,-2.02053,training_point
09:48:33.687,1,-3.340106,1.53469,-2.220878,training_point
09:48:33.687,2,-2.606059,1.385696,-2.020211,training_point
09:48:33.770,1,-3.340517,1.535249,-2.220943,training_point
09:48:33.770,2,-2.606424,1.385837,-2.020305,training_point
09:48:33.854,1,-3.340637,1.535597,-2.221192,training_point
09:48:33.854,2,-2.606287,1.386092,-2.019832,training_point
09:48:33.936,1,-3.340482,1.53554,-2.221961,training_point
09:48:33.937,2,-2.605803,1.385626,-2.019478,training_point
09:48:34.020,1,-3.340532,1.535284,-2.222137,training_point
09:48:34.021,2,-2.605555,1.386498,-2.02003,training_point
09:48:34.103,1,-3.340521,1.53557,-2.222172,training_point
09:48:34.104,2,-2.605666,1.386486,-2.020016,training_point
09:48:34.186,1,-3.340453,1.535377,-2.222884,training_point
09:48:34.187,2,-2.605811,1.386273,-2.02048,training_point
09:48:34.269,1,-3.340341,1.535711,-2.223111,training_point
09:48:34.270,2,-2.605913,1.385715,-2.020657,training_point
09:48:34.353,1,-3.340439,1.535333,-2.223041,training_point
09:48:34.354,2,-2.605624,1.385817,-2.019282,training_point
09:48:34.436,1,-3.340781,1.535357,-2.222898,training_point
09:48:34.437,2,-2.605617,1.385988,-2.019243,training_point
09:48:34.519,1,-3.340782,1.535165,-2.222974,training_point
09:48:34.520,2,-2.605591,1.385754,-2.018972,training_point
09:48:34.603,1,-3.341567,1.535135,-2.22334,training_point
09:48:34.603,2,-2.605439,1.385401,-2.019045,training_point
09:48:34.687,1,-3.341651,1.534752,-2.223631,training_point
09:48:34.687,2,-2.605497,1.385312,-2.019321,training_point
09:48:34.770,1,-3.341967,1.535147,-2.224131,training_point
09:48:34.770,2,-2.605112,1.385515,-2.019319,training_point
09:48:34.853,1,-3.342104,1.535075,-2.224317,training_point
09:48:34.853,2,-2.605188,1.385354,-2.019227,training_point
09:48:34.953,1,-3.342234,1.53506,-2.224556,training_point
09:48:34.954,2,-2.604651,1.385422,-2.020175,training_point
09:48:35.036,1,-3.342308,1.535165,-2.22459,training_point
09:48:35.036,2,-2.604515,1.385437,-2.020716,training_point
09:48:35.120,1,-3.342446,1.535614,-2.224329,training_point
09:48:35.120,2,-2.604603,1.385411,-2.021208,training_point
09:48:35.203,1,-3.342655,1.535986,-2.224057,training_point
09:48:35.203,2,-2.604753,1.385714,-2.021222,training_point
09:48:35.286,1,-3.342596,1.535775,-2.223734,training_point
09:48:35.287,2,-2.604857,1.385627,-2.021782,training_point
09:48:35.370,1,-3.342894,1.535698,-2.223838,training_point
09:48:35.370,2,-2.60471,1.384942,-2.021839,training_point
09:48:35.454,1,-3.343287,1.535868,-2.223741,training_point
09:48:35.454,2,-2.604919,1.38505,-2.022012,training_point
09:48:35.536,1,-3.343249,1.535863,-2.223943,training_point
09:48:35.536,2,-2.605107,1.385417,-2.022243,training_point
09:48:35.620,1,-3.343324,1.536083,-2.22375,training_point
09:48:35.621,2,-2.605762,1.385553,-2.022308,training_point
09:48:35.703,1,-3.343757,1.536062,-2.223734,training_point
09:48:35.703,2,-2.608643,1.385498,-2.019736,training_point
09:48:35.787,1,-3.344024,1.53577,-2.22377,training_point
09:48:35.787,2,-2.610891,1.385244,-2.017898,training_point
09:48:35.869,1,-3.344051,1.535672,-2.224299,training_point
09:48:35.870,2,-2.612428,1.38532,-2.016569,training_point
09:48:36.003,1,-3.34379,1.535423,-2.224225,training_point
09:48:36.003,2,-2.613395,1.385608,-2.016143,training_point
09:48:36.087,1,-3.343793,1.535202,-2.224188,training_point
09:48:36.087,2,-2.613605,1.385698,-2.015858,training_point
09:48:36.187,1,-3.343194,1.535296,-2.225711,training_point
09:48:36.187,2,-2.613719,1.385906,-2.016073,training_point
09:48:36.269,1,-3.343042,1.535187,-2.22577,training_point
09:48:36.270,2,-2.614002,1.385701,-2.015879,training_point
09:48:36.354,1,-3.343205,1.535191,-2.225941,training_point
09:48:36.354,2,-2.614015,1.385288,-2.015831,training_point
09:48:36.436,1,-3.343354,1.534251,-2.225962,training_point
09:48:36.436,2,-2.612893,1.385607,-2.015073,training_point
09:48:36.520,1,-3.343287,1.534445,-2.226008,training_point
09:48:36.521,2,-2.611324,1.38544,-2.019465,training_point
09:48:36.603,1,-3.343704,1.534337,-2.225738,training_point
09:48:36.603,2,-2.609557,1.385173,-2.022717,training_point
09:48:36.687,1,-3.343693,1.534527,-2.225789,training_point
09:48:36.687,2,-2.607091,1.385315,-2.023796,training_point
09:48:36.769,1,-3.343915,1.534502,-2.225458,training_point
09:48:36.770,2,-2.606008,1.385054,-2.024627,training_point
09:48:36.904,1,-3.344792,1.534053,-2.225354,training_point
09:48:36.904,2,-2.603921,1.38547,-2.026556,training_point
09:48:36.987,1,-3.345113,1.534211,-2.225219,training_point
09:48:36.987,2,-2.603726,1.38534,-2.026598,training_point
09:48:37.070,1,-3.347582,1.534265,-2.225022,training_point
09:48:37.070,2,-2.60407,1.385087,-2.02743,training_point
09:48:37.154,1,-3.347745,1.534741,-2.224943,training_point
09:48:37.154,2,-2.603479,1.385348,-2.027688,training_point
09:48:37.236,1,-3.349161,1.534868,-2.224239,training_point
09:48:37.237,2,-2.603305,1.385003,-2.027619,training_point
09:48:37.320,1,-3.349455,1.534904,-2.22359,training_point
09:48:37.321,2,-2.603123,1.3848,-2.028586,training_point
09:48:37.403,1,-3.349833,1.535,-2.223488,training_point
09:48:37.404,2,-2.603258,1.384251,-2.030227,training_point
09:48:37.487,1,-3.349783,1.534842,-2.223228,training_point
09:48:37.487,2,-2.603337,1.384371,-2.029961,training_point
09:48:37.569,1,-3.349924,1.534852,-2.222688,training_point
09:48:37.570,2,-2.603778,1.38421,-2.029346,training_point
09:48:37.653,1,-3.349395,1.534701,-2.221286,training_point
09:48:37.654,2,-2.603822,1.383531,-2.028582,training_point
09:48:37.736,1,-3.349592,1.534532,-2.221239,training_point
09:48:37.736,2,-2.603931,1.383804,-2.029376,training_point
09:48:37.820,1,-3.349881,1.535138,-2.220712,training_point
09:48:37.821,2,-2.603247,1.384254,-2.030137,training_point
09:48:37.903,1,-3.348962,1.535564,-2.219854,training_point
09:48:37.903,2,-2.602668,1.384542,-2.029614,training_point
09:48:37.987,1,-3.348915,1.535603,-2.219597,training_point
09:48:37.987,2,-2.602637,1.384507,-2.02964,training_point
09:48:38.070,1,-3.349204,1.535716,-2.219244,training_point
09:48:38.071,2,-2.602609,1.384457,-2.029378,training_point
09:48:38.153,1,-3.349167,1.53512,-2.218903,training_point
09:48:38.153,2,-2.602303,1.384468,-2.028817,training_point
09:48:38.369,1,-3.349224,1.534953,-2.218798,training_point
09:48:38.370,2,-2.602795,1.385381,-2.028083,training_point
09:48:38.503,1,-3.349766,1.534791,-2.218406,training_point
09:48:38.503,2,-2.608411,1.385825,-2.023073,training_point
09:48:38.620,1,-3.349942,1.535194,-2.218285,training_point
09:48:38.621,2,-2.610025,1.386179,-2.022971,training_point
09:48:38.720,1,-3.350442,1.535349,-2.217675,training_point
09:48:38.720,2,-2.610857,1.386174,-2.022501,training_point
09:48:38.803,1,-3.350507,1.534915,-2.217509,training_point
09:48:38.803,2,-2.610806,1.386354,-2.022228,training_point
09:48:38.886,1,-3.350315,1.535029,-2.217516,training_point
09:48:38.886,2,-2.610691,1.386344,-2.022112,training_point
09:48:38.986,1,-3.350445,1.534666,-2.217921,training_point
09:48:38.988,2,-2.610556,1.386601,-2.021871,training_point
09:48:39.087,1,-3.350886,1.534446,-2.218943,training_point
09:48:39.088,2,-2.610647,1.386503,-2.021061,training_point
09:48:39.187,1,-3.351005,1.534917,-2.218817,training_point
09:48:39.187,2,-2.609123,1.386753,-2.021608,training_point
09:48:39.269,1,-3.351021,1.534685,-2.219094,training_point
09:48:39.270,2,-2.605902,1.386985,-2.023413,training_point
09:48:39.353,1,-3.350943,1.5347,-2.219063,training_point
09:48:39.354,2,-2.604317,1.386537,-2.025009,training_point
09:48:39.436,1,-3.350373,1.534811,-2.218523,training_point
09:48:39.436,2,-2.601725,1.388321,-2.025591,training_point
09:48:39.537,1,-3.350447,1.535168,-2.218686,training_point
09:48:39.537,2,-2.599928,1.387976,-2.027011,training_point
09:48:39.637,1,-3.349802,1.535188,-2.218294,training_point
09:48:39.638,2,-2.599214,1.386526,-2.028242,training_point
09:48:39.737,1,-3.348837,1.53536,-2.2183,training_point
09:48:39.737,2,-2.597378,1.386438,-2.028741,training_point
09:48:39.837,1,-3.34807,1.535775,-2.217978,training_point
09:48:39.837,2,-2.596218,1.385692,-2.028664,training_point
09:48:39.937,1,-3.347084,1.535653,-2.21733,training_point
09:48:39.937,2,-2.596425,1.385616,-2.02851,training_point
09:48:40.037,1,-3.346954,1.535845,-2.216952,training_point
09:48:40.037,2,-2.596845,1.385675,-2.027987,training_point
09:48:40.136,1,-3.346652,1.535899,-2.216743,training_point
09:48:40.136,2,-2.596181,1.38529,-2.027735,training_point
09:48:40.237,1,-3.346706,1.536333,-2.216647,training_point
09:48:40.237,2,-2.596104,1.385138,-2.027938,training_point
09:48:40.337,1,-3.346188,1.536677,-2.217068,training_point
09:48:40.337,2,-2.59619,1.385061,-2.02853,training_point
09:48:40.437,1,-3.346598,1.53689,-2.217979,training_point
09:48:40.437,2,-2.596379,1.384533,-2.029191,training_point
09:48:40.538,1,-3.346664,1.536837,-2.218343,training_point
09:48:40.538,2,-2.59674,1.384371,-2.029123,training_point
09:48:40.636,1,-3.347317,1.536716,-2.218913,training_point
09:48:40.637,2,-2.596626,1.384221,-2.028903,training_point
09:48:40.736,1,-3.347309,1.536311,-2.21951,training_point
09:48:40.737,2,-2.596358,1.384035,-2.028206,training_point
09:48:40.838,1,-3.347363,1.536581,-2.219594,training_point
09:48:40.838,2,-2.595398,1.383394,-2.026061,training_point
09:48:40.937,1,-3.347518,1.536896,-2.219616,training_point
09:48:40.937,2,-2.595624,1.383966,-2.026372,training_point
09:48:41.037,1,-3.347897,1.536837,-2.219253,training_point
09:48:41.037,2,-2.594184,1.383718,-2.024301,training_point
09:48:41.137,1,-3.347976,1.536886,-2.219099,training_point
09:48:41.137,2,-2.594366,1.383626,-2.025067,training_point
09:48:41.237,1,-3.347926,1.536407,-2.219033,training_point
09:48:41.237,2,-2.594201,1.383682,-2.024996,training_point
09:48:41.337,1,-3.347613,1.536454,-2.218944,training_point
09:48:41.337,2,-2.593435,1.383943,-2.02482,training_point
09:48:41.420,1,-3.347607,1.536585,-2.218881,training_point
09:48:41.420,2,-2.592015,1.384849,-2.02476,training_point
09:48:41.521,1,-3.34782,1.536577,-2.218132,training_point
09:48:41.522,2,-2.590886,1.387209,-2.024486,training_point
09:48:41.620,1,-3.347596,1.536775,-2.217328,training_point
09:48:41.620,2,-2.589713,1.387515,-2.025262,training_point
09:48:41.703,1,-3.347908,1.537015,-2.21709,training_point
09:48:41.703,2,-2.589195,1.388569,-2.025728,training_point
09:48:41.803,1,-3.3478,1.536953,-2.216775,training_point
09:48:41.803,2,-2.589161,1.389568,-2.025923,training_point
09:48:41.905,1,-3.347597,1.536801,-2.216454,training_point
09:48:41.906,2,-2.589431,1.389579,-2.026595,training_point
09:48:42.005,1,-3.347353,1.536921,-2.216241,training_point
09:48:42.005,2,-2.590629,1.390905,-2.027656,training_point
09:48:42.086,1,-3.347205,1.536038,-2.216113,training_point
09:48:42.086,2,-2.590247,1.392998,-2.028088,training_point
09:48:42.170,1,-3.347046,1.536497,-2.215966,training_point
09:48:42.171,2,-2.589942,1.395713,-2.028078,training_point
09:48:42.270,1,-3.346755,1.53687,-2.215842,training_point
09:48:42.271,2,-2.589912,1.397771,-2.028917,training_point
09:48:42.371,1,-3.346776,1.536893,-2.215507,training_point
09:48:42.372,2,-2.590376,1.397674,-2.02966,training_point
09:48:42.453,1,-3.347223,1.537237,-2.214557,training_point
09:48:42.453,2,-2.591132,1.39785,-2.029968,training_point
09:48:42.536,1,-3.346683,1.537509,-2.215047,training_point
09:48:42.537,2,-2.591389,1.399072,-2.030831,training_point
09:48:42.637,1,-3.34724,1.537656,-2.214526,training_point
09:48:42.638,2,-2.592405,1.398309,-2.031665,training_point
09:48:42.737,1,-3.346947,1.537964,-2.214345,training_point
09:48:42.738,2,-2.592471,1.395684,-2.031772,training_point
09:48:42.838,1,-3.346745,1.538235,-2.214158,training_point
09:48:42.838,2,-2.592549,1.392818,-2.032122,training_point
09:48:42.937,1,-3.346676,1.538279,-2.213671,training_point
09:48:42.938,2,-2.592568,1.390622,-2.032341,training_point
09:48:43.037,1,-3.346589,1.538489,-2.213586,training_point
09:48:43.038,2,-2.593265,1.389137,-2.032499,training_point
09:48:43.138,1,-3.346091,1.538165,-2.213385,training_point
09:48:43.139,2,-2.593331,1.387334,-2.033406,training_point
09:48:43.237,1,-3.345988,1.538309,-2.21288,training_point
09:48:43.238,2,-2.593336,1.387223,-2.033703,training_point
09:48:43.337,1,-3.345487,1.538043,-2.212473,training_point
09:48:43.337,2,-2.593555,1.386832,-2.033805,training_point
09:48:43.438,1,-3.344819,1.538121,-2.212059,training_point
09:48:43.444,2,-2.593697,1.385973,-2.033984,training_point
09:48:43.537,1,-3.344602,1.538151,-2.21181,training_point
09:48:43.537,2,-2.594516,1.385632,-2.03471,training_point
09:48:43.638,1,-3.344434,1.538062,-2.211415,training_point
09:48:43.639,2,-2.594517,1.385591,-2.034576,training_point
09:48:43.738,1,-3.344481,1.537704,-2.210842,training_point
09:48:43.738,2,-2.595095,1.385711,-2.034772,training_point
09:48:43.820,1,-3.34435,1.537792,-2.21082,training_point
09:48:43.820,2,-2.595474,1.386898,-2.035042,training_point
09:48:43.903,1,-3.343938,1.537938,-2.210784,training_point
09:48:43.905,2,-2.595525,1.387511,-2.034924,training_point
09:48:44.003,1,-3.343941,1.538282,-2.210539,training_point
09:48:44.004,2,-2.596265,1.388123,-2.034925,training_point
09:48:44.104,1,-3.344226,1.538431,-2.20999,training_point
09:48:44.104,2,-2.596026,1.388156,-2.034483,training_point
09:48:44.203,1,-3.344254,1.538481,-2.20975,training_point
09:48:44.204,2,-2.596188,1.388156,-2.034261,training_point
09:48:44.304,1,-3.344331,1.538363,-2.209491,training_point
09:48:44.304,2,-2.595756,1.388045,-2.035217,training_point
09:48:44.403,1,-3.344594,1.538409,-2.209156,training_point
09:48:44.403,2,-2.595559,1.387596,-2.035303,training_point
09:48:44.504,1,-3.344403,1.538186,-2.20883,training_point
09:48:44.504,2,-2.594878,1.38774,-2.035258,training_point
09:48:44.603,1,-3.344427,1.538147,-2.208302,training_point
09:48:44.604,2,-2.59463,1.386519,-2.035689,training_point
09:48:44.686,1,-3.344136,1.537931,-2.20796,training_point
09:48:44.686,2,-2.594562,1.386748,-2.035805,training_point
09:48:44.770,1,-3.344202,1.53791,-2.207889,training_point
09:48:44.770,2,-2.5942,1.386788,-2.035733,training_point
09:48:44.853,1,-3.344143,1.538199,-2.207789,training_point
09:48:44.853,2,-2.593764,1.386924,-2.036217,training_point
09:48:44.936,1,-3.344152,1.538258,-2.20744,training_point
09:48:44.936,2,-2.592879,1.38708,-2.037706,training_point
09:48:45.020,1,-3.344079,1.538291,-2.207519,training_point
09:48:45.020,2,-2.592979,1.386962,-2.038002,training_point
09:48:45.103,1,-3.344554,1.538097,-2.207906,training_point
09:48:45.103,2,-2.592597,1.386691,-2.037885,training_point
09:48:45.186,1,-3.344443,1.538196,-2.208252,training_point
09:48:45.186,2,-2.592549,1.386703,-2.038201,training_point
09:48:45.270,1,-3.344533,1.538282,-2.208187,training_point
09:48:45.270,2,-2.592038,1.386533,-2.03777,training_point
09:48:45.353,1,-3.344371,1.538787,-2.208837,training_point
09:48:45.353,2,-2.592154,1.386385,-2.038505,training_point
09:48:45.436,1,-3.344454,1.538874,-2.208918,training_point
09:48:45.436,2,-2.592813,1.386035,-2.038601,training_point
09:48:45.520,1,-3.344531,1.539038,-2.209895,training_point
09:48:45.520,2,-2.592482,1.386046,-2.038468,training_point
09:48:45.603,1,-3.34455,1.538635,-2.211319,training_point
09:48:45.603,2,-2.592087,1.386176,-2.038992,training_point
09:48:45.686,1,-3.344628,1.538527,-2.211596,training_point
09:48:45.686,2,-2.591871,1.386244,-2.039626,training_point
09:48:45.770,1,-3.344434,1.538777,-2.211794,training_point
09:48:45.771,2,-2.592019,1.386151,-2.039017,training_point
09:48:45.853,1,-3.344081,1.538833,-2.212446,training_point
09:48:45.853,2,-2.591752,1.386105,-2.038459,training_point
09:48:45.937,1,-3.343567,1.538649,-2.212767,training_point
09:48:45.938,2,-2.591679,1.385761,-2.038527,training_point
09:48:46.037,1,-3.343371,1.538751,-2.213232,training_point
09:48:46.037,2,-2.59207,1.385514,-2.037602,training_point
09:48:46.120,1,-3.342441,1.538591,-2.214119,training_point
09:48:46.120,2,-2.591757,1.385643,-2.037972,training_point
09:48:46.204,1,-3.341732,1.538138,-2.214646,training_point
09:48:46.204,2,-2.592119,1.385374,-2.038439,training_point
09:48:46.321,1,-3.341006,1.537754,-2.215179,training_point
09:48:46.321,2,-2.592202,1.385106,-2.037978,training_point
09:48:46.403,1,-3.340495,1.537752,-2.215781,training_point
09:48:46.403,2,-2.591407,1.385231,-2.038958,training_point
09:48:46.486,1,-3.340229,1.537928,-2.21611,training_point
09:48:46.486,2,-2.591549,1.385082,-2.038923,training_point
09:48:46.588,1,-3.339822,1.537883,-2.216063,training_point
09:48:46.588,2,-2.591496,1.385028,-2.038904,training_point
09:48:46.687,1,-3.339375,1.537756,-2.21619,training_point
09:48:46.688,2,-2.591139,1.384894,-2.038385,training_point
09:48:46.787,1,-3.338111,1.537844,-2.216023,training_point
09:48:46.788,2,-2.591135,1.385343,-2.038409,training_point
09:48:46.870,1,-3.337767,1.537968,-2.216013,training_point
09:48:46.870,2,-2.59212,1.385565,-2.037947,training_point
09:48:46.971,1,-3.33781,1.538018,-2.21594,training_point
09:48:46.972,2,-2.592298,1.38544,-2.037632,training_point
09:48:47.070,1,-3.337523,1.538517,-2.21577,training_point
09:48:47.071,2,-2.592217,1.384356,-2.037129,training_point
09:48:47.170,1,-3.337524,1.53875,-2.215515,training_point
09:48:47.170,2,-2.592213,1.38466,-2.037466,training_point
09:48:47.253,1,-3.33735,1.538653,-2.21519,training_point
09:48:47.253,2,-2.592148,1.384412,-2.0371,training_point
09:48:47.354,1,-3.337398,1.538417,-2.214559,training_point
09:48:47.354,2,-2.591845,1.384696,-2.036483,training_point
09:48:47.453,1,-3.337143,1.538321,-2.213873,training_point
09:48:47.454,2,-2.591627,1.384879,-2.035939,training_point
09:48:47.536,1,-3.337005,1.538291,-2.21359,training_point
09:48:47.536,2,-2.591528,1.38517,-2.036464,training_point
09:48:47.620,1,-3.337016,1.538412,-2.21294,training_point
09:48:47.620,2,-2.591585,1.384831,-2.035974,training_point
09:48:47.703,1,-3.337388,1.538482,-2.212562,training_point
09:48:47.703,2,-2.591446,1.38378,-2.03673,training_point
09:48:47.788,1,-3.337268,1.538484,-2.212334,training_point
09:48:47.789,2,-2.591567,1.38391,-2.036734,training_point
09:48:47.887,1,-3.337356,1.537991,-2.211877,training_point
09:48:47.887,2,-2.591387,1.38388,-2.036886,training_point
09:48:47.970,1,-3.337303,1.537877,-2.211452,training_point
09:48:47.970,2,-2.591448,1.383874,-2.036519,training_point
09:48:48.054,1,-3.336979,1.538015,-2.211437,training_point
09:48:48.054,2,-2.591839,1.384353,-2.036541,training_point
09:48:48.136,1,-3.336898,1.538073,-2.21147,training_point
09:48:48.136,2,-2.592618,1.384309,-2.036236,training_point
09:48:48.220,1,-3.33682,1.537886,-2.211395,training_point
09:48:48.221,2,-2.592425,1.384576,-2.036386,training_point
09:48:48.303,1,-3.33681,1.537781,-2.211458,training_point
09:48:48.303,2,-2.591496,1.384909,-2.036503,training_point
09:48:48.387,1,-3.33649,1.537402,-2.211654,training_point
09:48:48.387,2,-2.591307,1.384473,-2.037592,training_point
09:48:48.504,1,-3.336456,1.537441,-2.211627,training_point
09:48:48.504,2,-2.590959,1.383901,-2.037591,training_point
09:48:48.586,1,-3.336063,1.537569,-2.211708,training_point
09:48:48.586,2,-2.590956,1.383933,-2.037463,training_point
09:48:48.687,1,-3.33603,1.537627,-2.211783,training_point
09:48:48.687,2,-2.59107,1.384379,-2.037617,training_point
09:48:48.787,1,-3.335822,1.537443,-2.211979,training_point
09:48:48.789,2,-2.590875,1.384423,-2.037781,training_point
09:48:48.870,1,-3.335622,1.537181,-2.211988,training_point
09:48:48.870,2,-2.590994,1.384723,-2.037863,training_point
09:48:48.953,1,-3.335343,1.537361,-2.212261,training_point
09:48:48.954,2,-2.59105,1.384564,-2.038081,training_point
09:48:49.036,1,-3.335365,1.537691,-2.212159,training_point
09:48:49.036,2,-2.591291,1.38426,-2.037853,training_point
09:48:49.121,1,-3.335413,1.537831,-2.212229,training_point
09:48:49.121,2,-2.591268,1.384316,-2.03788,training_point
09:48:49.221,1,-3.335391,1.537118,-2.212644,training_point
09:48:49.221,2,-2.590988,1.383647,-2.038006,training_point
09:48:49.303,1,-3.335356,1.537103,-2.212674,training_point
09:48:49.303,2,-2.591018,1.383786,-2.038,training_point
09:48:49.420,1,-3.335317,1.537096,-2.213049,training_point
09:48:49.420,2,-2.591351,1.3837,-2.038458,training_point
09:48:49.520,1,-3.335162,1.537206,-2.213219,training_point
09:48:49.520,2,-2.591535,1.383367,-2.038133,training_point
09:48:49.621,1,-3.335191,1.537102,-2.213708,training_point
09:48:49.621,2,-2.592006,1.383477,-2.038155,training_point
09:48:49.703,1,-3.335058,1.53703,-2.213923,training_point
09:48:49.704,2,-2.591867,1.383956,-2.037966,training_point
09:48:49.804,1,-3.334949,1.536955,-2.214417,training_point
09:48:49.804,2,-2.59166,1.383884,-2.037606,training_point
09:48:49.886,1,-3.334923,1.536836,-2.214487,training_point
09:48:49.886,2,-2.591484,1.384205,-2.037581,training_point
09:48:50.020,1,-3.334806,1.536777,-2.214882,training_point
09:48:50.020,2,-2.591508,1.383799,-2.037372,training_point
09:48:50.105,1,-3.334948,1.536907,-2.215401,training_point
09:48:50.105,2,-2.591313,1.383798,-2.037614,training_point
09:48:50.203,1,-3.33517,1.536952,-2.216399,training_point
09:48:50.203,2,-2.591299,1.384123,-2.038034,training_point
09:48:50.303,1,-3.335489,1.53685,-2.217311,training_point
09:48:50.304,2,-2.591451,1.384052,-2.038505,training_point
09:48:50.405,1,-3.336004,1.536907,-2.217756,training_point
09:48:50.406,2,-2.591318,1.383579,-2.038346,training_point
09:48:50.504,1,-3.336429,1.537093,-2.218457,training_point
09:48:50.504,2,-2.591309,1.383918,-2.038743,training_point
09:48:50.604,1,-3.336807,1.536886,-2.219155,training_point
09:48:50.604,2,-2.591077,1.38394,-2.039262,training_point
09:48:50.686,1,-3.337202,1.536901,-2.219298,training_point
09:48:50.686,2,-2.590987,1.384026,-2.038825,training_point
09:48:50.770,1,-3.337309,1.536571,-2.219965,training_point
09:48:50.770,2,-2.591189,1.384176,-2.038803,training_point
09:48:50.870,1,-3.337293,1.536652,-2.219926,training_point
09:48:50.870,2,-2.591255,1.384098,-2.038619,training_point
09:48:50.953,1,-3.337364,1.536525,-2.220193,training_point
09:48:50.953,2,-2.591529,1.384104,-2.038714,training_point
09:48:51.038,1,-3.337404,1.536516,-2.220366,training_point
09:48:51.039,2,-2.591365,1.384262,-2.038487,training_point
09:48:51.137,1,-3.337542,1.536502,-2.220861,training_point
09:48:51.137,2,-2.591297,1.384264,-2.038346,training_point
09:48:51.237,1,-3.337883,1.536481,-2.221102,training_point
09:48:51.237,2,-2.591317,1.384192,-2.037942,training_point
09:48:51.338,1,-3.337885,1.536281,-2.22124,training_point
09:48:51.339,2,-2.59146,1.383912,-2.037725,training_point
09:48:51.437,1,-3.337942,1.536309,-2.221452,training_point
09:48:51.437,2,-2.591405,1.383836,-2.037519,training_point
09:48:51.536,1,-3.338011,1.53603,-2.221382,training_point
09:48:51.537,2,-2.59145,1.384042,-2.037437,training_point
09:48:51.654,1,-3.338037,1.535882,-2.221339,training_point
09:48:51.654,2,-2.591414,1.384103,-2.037323,training_point
09:48:51.753,1,-3.338099,1.535682,-2.22097,training_point
09:48:51.753,2,-2.591387,1.384269,-2.03697,training_point
09:48:51.854,1,-3.33798,1.535341,-2.220506,training_point
09:48:51.854,2,-2.591357,1.384241,-2.036799,training_point
09:48:51.954,1,-3.338077,1.535268,-2.219956,training_point
09:48:51.954,2,-2.591126,1.384009,-2.036977,training_point
09:48:52.056,1,-3.338278,1.535352,-2.218852,training_point
09:48:52.056,2,-2.590971,1.383682,-2.037117,training_point
09:48:52.154,1,-3.338044,1.535321,-2.21769,training_point
09:48:52.154,2,-2.590815,1.383706,-2.036957,training_point
09:48:52.255,1,-3.337851,1.535189,-2.216273,training_point
09:48:52.256,2,-2.590805,1.383072,-2.036515,training_point
09:48:52.353,1,-3.337199,1.535073,-2.214468,training_point
09:48:52.354,2,-2.590685,1.383117,-2.035889,training_point
09:48:52.454,1,-3.336836,1.5349,-2.212765,training_point
09:48:52.454,2,-2.591035,1.383147,-2.036154,training_point
09:48:52.553,1,-3.336733,1.535037,-2.210921,training_point
09:48:52.554,2,-2.590578,1.383521,-2.036693,training_point
09:48:52.653,1,-3.336953,1.534759,-2.209195,training_point
09:48:52.653,2,-2.59009,1.383842,-2.036678,training_point
09:48:52.753,1,-3.336568,1.534776,-2.208534,training_point
09:48:52.753,2,-2.590006,1.384405,-2.036801,training_point
09:48:52.854,1,-3.335704,1.534758,-2.20798,training_point
09:48:52.854,2,-2.589953,1.384405,-2.037342,training_point
09:48:52.954,1,-3.335319,1.534683,-2.207197,training_point
09:48:52.954,2,-2.589704,1.384447,-2.038148,training_point
09:48:53.036,1,-3.334779,1.53473,-2.206465,training_point
09:48:53.036,2,-2.589629,1.384089,-2.038107,training_point
09:48:53.138,1,-3.334826,1.534726,-2.206272,training_point
09:48:53.138,2,-2.589725,1.384031,-2.038068,training_point
09:48:53.220,1,-3.33428,1.534503,-2.205962,training_point
09:48:53.220,2,-2.589721,1.383784,-2.037679,training_point
09:48:53.386,1,-3.333735,1.534499,-2.206047,training_point
09:48:53.386,2,-2.590037,1.38382,-2.03764,training_point
09:48:53.487,1,-3.333403,1.534534,-2.206346,training_point
09:48:53.488,2,-2.590111,1.384048,-2.037757,training_point
09:48:53.587,1,-3.332443,1.534598,-2.207506,training_point
09:48:53.588,2,-2.589823,1.384015,-2.038499,training_point
09:48:53.686,1,-3.332037,1.53523,-2.20773,training_point
09:48:53.687,2,-2.589914,1.384205,-2.03807,training_point
09:48:53.787,1,-3.331364,1.535524,-2.20841,training_point
09:48:53.788,2,-2.589619,1.384567,-2.037865,training_point
09:48:53.887,1,-3.330081,1.536347,-2.209496,training_point
09:48:53.888,2,-2.590731,1.384579,-2.037353,training_point
09:48:53.987,1,-3.328935,1.536372,-2.210752,training_point
09:48:53.987,2,-2.59078,1.384789,-2.036778,training_point
09:48:54.070,1,-3.328039,1.536441,-2.211397,training_point
09:48:54.070,2,-2.591126,1.384465,-2.03692,training_point
09:48:54.153,1,-3.327591,1.536515,-2.211772,training_point
09:48:54.153,2,-2.591226,1.384608,-2.036638,training_point
09:48:54.255,1,-3.326943,1.536469,-2.212018,training_point
09:48:54.256,2,-2.591593,1.384652,-2.035955,training_point
09:48:54.355,1,-3.32652,1.536762,-2.212626,training_point
09:48:54.356,2,-2.591636,1.38472,-2.0357,training_point
09:48:54.436,1,-3.325281,1.537128,-2.212803,training_point
09:48:54.437,2,-2.591619,1.384956,-2.036322,training_point
09:48:54.520,1,-3.324728,1.537568,-2.212919,training_point
09:48:54.522,2,-2.591883,1.3849,-2.035885,training_point
09:48:54.620,1,-3.324065,1.537711,-2.213473,training_point
09:48:54.620,2,-2.591791,1.384774,-2.035698,training_point
09:48:54.703,1,-3.323149,1.537853,-2.213574,training_point
09:48:54.703,2,-2.591683,1.384922,-2.035439,training_point
09:48:54.786,1,-3.322105,1.537711,-2.213933,training_point
09:48:54.787,2,-2.591811,1.38449,-2.035478,training_point
09:48:54.870,1,-3.321003,1.537688,-2.214071,training_point
09:48:54.870,2,-2.592045,1.384653,-2.035578,training_point
09:48:54.970,1,-3.319939,1.537801,-2.21507,training_point
09:48:54.970,2,-2.592389,1.384359,-2.035848,training_point
09:48:55.053,1,-3.319562,1.537569,-2.215245,training_point
09:48:55.053,2,-2.592417,1.384185,-2.036892,training_point
09:48:55.136,1,-3.319175,1.536838,-2.215777,training_point
09:48:55.137,2,-2.592182,1.384396,-2.036671,training_point
09:48:55.222,1,-3.318834,1.53685,-2.215862,training_point
09:48:55.222,2,-2.592163,1.384455,-2.036513,training_point
09:48:55.321,1,-3.318778,1.536883,-2.215826,training_point
09:48:55.321,2,-2.592166,1.384765,-2.036342,training_point
09:48:55.404,1,-3.318449,1.53696,-2.216184,training_point
09:48:55.404,2,-2.591817,1.384801,-2.036288,training_point
09:48:55.504,1,-3.318126,1.53685,-2.216438,training_point
09:48:55.504,2,-2.59172,1.384386,-2.036574,training_point
09:48:55.604,1,-3.318159,1.536803,-2.216531,training_point
09:48:55.604,2,-2.591943,1.384482,-2.037022,training_point
09:48:55.686,1,-3.317999,1.536949,-2.217315,training_point
09:48:55.687,2,-2.592222,1.384507,-2.036855,training_point
09:48:55.786,1,-3.318155,1.537225,-2.217643,training_point
09:48:55.787,2,-2.592494,1.38404,-2.03728,training_point
09:48:55.887,1,-3.318814,1.537293,-2.218353,training_point
09:48:55.887,2,-2.592529,1.383634,-2.037105,training_point
09:48:55.986,1,-3.318826,1.537657,-2.218798,training_point
09:48:55.987,2,-2.592165,1.384172,-2.037877,training_point
09:48:56.070,1,-3.319818,1.537842,-2.21841,training_point
09:48:56.070,2,-2.592086,1.384287,-2.037578,training_point
09:48:56.153,1,-3.319789,1.538152,-2.218922,training_point
09:48:56.153,2,-2.591976,1.384491,-2.037365,training_point
09:48:56.254,1,-3.320477,1.538502,-2.218681,training_point
09:48:56.255,2,-2.592133,1.383935,-2.037026,training_point
09:48:56.336,1,-3.320086,1.538593,-2.219987,training_point
09:48:56.337,2,-2.592233,1.384052,-2.03702,training_point
09:48:56.420,1,-3.319943,1.538779,-2.220067,training_point
09:48:56.420,2,-2.59239,1.3834,-2.036792,training_point
09:48:56.521,1,-3.320245,1.538722,-2.220384,training_point
09:48:56.521,2,-2.59267,1.38373,-2.036599,training_point
09:48:56.620,1,-3.320193,1.538894,-2.221055,training_point
09:48:56.620,2,-2.592732,1.383725,-2.036206,training_point
09:48:56.720,1,-3.320574,1.539163,-2.221502,training_point
09:48:56.720,2,-2.592717,1.384444,-2.036038,training_point
09:48:56.820,1,-3.321313,1.538975,-2.220914,training_point
09:48:56.821,2,-2.592661,1.384529,-2.035531,training_point
09:48:56.920,1,-3.321009,1.538796,-2.221303,training_point
09:48:56.920,2,-2.592565,1.384213,-2.035236,training_point
09:48:57.021,1,-3.32157,1.538836,-2.220474,training_point
09:48:57.021,2,-2.592052,1.384254,-2.035244,training_point
09:48:57.122,1,-3.322148,1.538749,-2.220093,training_point
09:48:57.123,2,-2.592141,1.384499,-2.034408,training_point
09:48:57.222,1,-3.321645,1.538401,-2.2203,training_point
09:48:57.222,2,-2.592129,1.384307,-2.034477,training_point
09:48:57.321,1,-3.321669,1.538261,-2.220192,training_point
09:48:57.321,2,-2.59269,1.383553,-2.034473,training_point
09:48:57.422,1,-3.321768,1.538159,-2.219858,training_point
09:48:57.422,2,-2.59269,1.384044,-2.034832,training_point
09:48:57.520,1,-3.322223,1.537872,-2.219526,training_point
09:48:57.521,2,-2.594043,1.384187,-2.035273,training_point
09:48:57.620,1,-3.322582,1.537382,-2.218797,training_point
09:48:57.621,2,-2.594669,1.384186,-2.034999,training_point
09:48:57.721,1,-3.322913,1.536948,-2.218071,training_point
09:48:57.722,2,-2.595157,1.384207,-2.03478,training_point
09:48:57.821,1,-3.322956,1.536343,-2.21791,training_point
09:48:57.821,2,-2.595876,1.384422,-2.035929,training_point
09:48:57.921,1,-3.323196,1.535801,-2.217483,training_point
09:48:57.922,2,-2.597847,1.384447,-2.034805,training_point
09:48:58.021,1,-3.323416,1.535777,-2.2172,training_point
09:48:58.021,2,-2.598927,1.383883,-2.033138,training_point
09:48:58.103,1,-3.324725,1.535697,-2.216532,training_point
09:48:58.103,2,-2.600646,1.384103,-2.030845,training_point
09:48:58.186,1,-3.324809,1.53578,-2.216568,training_point
09:48:58.187,2,-2.600892,1.384152,-2.030497,training_point
09:48:58.287,1,-3.325021,1.535688,-2.21648,training_point
09:48:58.287,2,-2.601411,1.384155,-2.02873,training_point
09:48:58.370,1,-3.32557,1.535831,-2.215168,training_point
09:48:58.370,2,-2.601291,1.384062,-2.028062,training_point
09:48:58.454,1,-3.325653,1.535779,-2.213852,training_point
09:48:58.454,2,-2.601276,1.384201,-2.027545,training_point
09:48:58.555,1,-3.325812,1.535978,-2.212907,training_point
09:48:58.555,2,-2.601052,1.383819,-2.027098,training_point
09:48:58.636,1,-3.326021,1.535877,-2.21289,training_point
09:48:58.637,2,-2.600295,1.384083,-2.026437,training_point
09:48:58.720,1,-3.325549,1.535996,-2.212709,training_point
09:48:58.720,2,-2.599285,1.383828,-2.02574,training_point
09:48:58.803,1,-3.324153,1.535829,-2.212906,training_point
09:48:58.803,2,-2.598074,1.384098,-2.026622,training_point
09:48:58.886,1,-3.323529,1.535698,-2.213024,training_point
09:48:58.887,2,-2.597577,1.383642,-2.027035,training_point
09:48:58.970,1,-3.321963,1.536143,-2.213082,training_point
09:48:58.970,2,-2.596206,1.383815,-2.027554,training_point
09:48:59.053,1,-3.321176,1.536202,-2.213285,training_point
09:48:59.053,2,-2.595847,1.384002,-2.028985,training_point
09:48:59.137,1,-3.321509,1.536601,-2.213386,training_point
09:48:59.137,2,-2.594276,1.38391,-2.029086,training_point
09:48:59.220,1,-3.321507,1.536859,-2.212783,training_point
09:48:59.220,2,-2.592787,1.384103,-2.028729,training_point
09:48:59.305,1,-3.321173,1.536888,-2.212678,training_point
09:48:59.305,2,-2.591935,1.384419,-2.031741,training_point
09:48:59.405,1,-3.323876,1.53662,-2.211523,training_point
09:48:59.405,2,-2.593795,1.384334,-2.037039,training_point
09:48:59.503,1,-3.323703,1.536753,-2.212004,training_point
09:48:59.504,2,-2.593743,1.38437,-2.035686,training_point
09:48:59.604,1,-3.32361,1.536776,-2.212337,training_point
09:48:59.604,2,-2.593737,1.384812,-2.035376,training_point
09:48:59.704,1,-3.32316,1.536831,-2.212002,training_point
09:48:59.704,2,-2.593851,1.384726,-2.03438,training_point
09:48:59.804,1,-3.322689,1.536839,-2.212079,training_point
09:48:59.804,2,-2.593523,1.384776,-2.033261,training_point
09:48:59.904,1,-3.320648,1.536887,-2.211241,training_point
09:48:59.904,2,-2.593544,1.384528,-2.03259,training_point
09:48:59.986,1,-3.320361,1.536582,-2.210569,training_point
09:48:59.987,2,-2.592179,1.384777,-2.031403,training_point
09:49:00.070,1,-3.319758,1.536291,-2.209905,training_point
09:49:00.070,2,-2.59086,1.384317,-2.029814,training_point
09:49:00.153,1,-3.31947,1.536811,-2.209469,training_point
09:49:00.153,2,-2.590938,1.384633,-2.030139,training_point
09:49:00.237,1,-3.319737,1.536596,-2.209227,training_point
09:49:00.237,2,-2.590844,1.38452,-2.029954,training_point
09:49:00.337,1,-3.318981,1.536561,-2.208422,training_point
09:49:00.338,2,-2.590602,1.38429,-2.030507,training_point
09:49:00.438,1,-3.318625,1.536605,-2.208118,training_point
09:49:00.439,2,-2.591401,1.384464,-2.030239,training_point
09:49:00.537,1,-3.31834,1.536541,-2.207519,training_point
09:49:00.538,2,-2.592303,1.384545,-2.029147,training_point
09:49:00.620,1,-3.319059,1.536517,-2.206449,training_point
09:49:00.620,2,-2.59274,1.384271,-2.028971,training_point
09:49:00.704,1,-3.319174,1.536721,-2.206519,training_point
09:49:00.704,2,-2.593068,1.385231,-2.028832,training_point
09:49:00.786,1,-3.319716,1.536826,-2.205999,training_point
09:49:00.787,2,-2.593273,1.386062,-2.029054,training_point
09:49:00.870,1,-3.320454,1.536647,-2.205307,training_point
09:49:00.870,2,-2.593816,1.386395,-2.030478,training_point
09:49:00.953,1,-3.321754,1.536585,-2.205511,training_point
09:49:00.953,2,-2.594104,1.386312,-2.030245,training_point
09:49:01.053,1,-3.322199,1.536911,-2.205572,training_point
09:49:01.053,2,-2.594353,1.387128,-2.030198,training_point
09:49:01.136,1,-3.322644,1.536288,-2.205994,training_point
09:49:01.137,2,-2.594857,1.38759,-2.032109,training_point
09:49:01.220,1,-3.322889,1.536698,-2.206015,training_point
09:49:01.220,2,-2.595117,1.387573,-2.031257,training_point
09:49:01.303,1,-3.323914,1.536505,-2.206442,training_point
09:49:01.303,2,-2.596616,1.387852,-2.031271,training_point
09:49:01.407,1,-3.323985,1.535691,-2.207063,training_point
09:49:01.408,2,-2.597214,1.388295,-2.0316,training_point
09:49:01.505,1,-3.324407,1.535851,-2.207702,training_point
09:49:01.505,2,-2.59846,1.388231,-2.03129,training_point
09:49:01.604,1,-3.325588,1.535614,-2.208607,training_point
09:49:01.604,2,-2.599825,1.387845,-2.02964,training_point
09:49:01.686,1,-3.325843,1.535915,-2.208948,training_point
09:49:01.687,2,-2.600503,1.387994,-2.028858,training_point
09:49:01.770,1,-3.326131,1.535189,-2.209745,training_point
09:49:01.770,2,-2.601132,1.387797,-2.028773,training_point
09:49:01.853,1,-3.326164,1.535765,-2.210163,training_point
09:49:01.853,2,-2.601287,1.387873,-2.027258,training_point
09:49:01.937,1,-3.326619,1.536027,-2.20999,training_point
09:49:01.937,2,-2.601829,1.387853,-2.0262,training_point
09:49:02.020,1,-3.327105,1.537361,-2.209988,training_point
09:49:02.020,2,-2.602242,1.387824,-2.02462,training_point
09:49:02.122,1,-3.327133,1.538495,-2.210039,training_point
09:49:02.122,2,-2.602635,1.38584,-2.023597,training_point
09:49:02.221,1,-3.326786,1.539836,-2.209944,training_point
09:49:02.222,2,-2.602548,1.380268,-2.021022,training_point
09:49:02.304,1,-3.326822,1.53981,-2.210158,training_point
09:49:02.304,2,-2.602287,1.381394,-2.019606,training_point
09:49:02.386,1,-3.326655,1.539683,-2.210039,training_point
09:49:02.387,2,-2.602307,1.381492,-2.018345,training_point
09:49:02.487,1,-3.326634,1.539807,-2.210029,training_point
09:49:02.489,2,-2.602206,1.382148,-2.017886,training_point
09:49:02.570,1,-3.326231,1.539506,-2.209717,training_point
09:49:02.570,2,-2.601423,1.383161,-2.017538,training_point
09:49:02.655,1,-3.325539,1.539215,-2.209961,training_point
09:49:02.656,2,-2.601016,1.384268,-2.017431,training_point
09:49:02.736,1,-3.324719,1.538484,-2.209336,training_point
09:49:02.737,2,-2.600054,1.385251,-2.017555,training_point
09:49:02.904,1,-3.323085,1.538485,-2.207197,training_point
09:49:02.904,2,-2.599629,1.388616,-2.017703,training_point
09:49:02.986,1,-3.321432,1.538243,-2.205333,training_point
09:49:02.987,2,-2.599454,1.388609,-2.017703,training_point
09:49:03.070,1,-3.321435,1.537878,-2.203732,training_point
09:49:03.070,2,-2.599218,1.388781,-2.018361,training_point
09:49:03.171,1,-3.319629,1.538021,-2.202245,training_point
09:49:03.171,2,-2.599094,1.387991,-2.019086,training_point
09:49:03.272,1,-3.319339,1.538166,-2.20163,training_point
09:49:03.273,2,-2.598717,1.387435,-2.019277,training_point
09:49:03.370,1,-3.318738,1.538103,-2.200913,training_point
09:49:03.371,2,-2.598561,1.38748,-2.019154,training_point
09:49:03.471,1,-3.318617,1.537856,-2.20022,training_point
09:49:03.471,2,-2.598669,1.387495,-2.019102,training_point
09:49:03.571,1,-3.318737,1.537605,-2.200193,training_point
09:49:03.571,2,-2.598911,1.38737,-2.019475,training_point
09:49:03.670,1,-3.31901,1.537609,-2.200311,training_point
09:49:03.671,2,-2.598737,1.386873,-2.020008,training_point
09:49:03.771,1,-3.319496,1.537207,-2.200646,training_point
09:49:03.771,2,-2.598542,1.385388,-2.020616,training_point
09:49:03.871,1,-3.319948,1.537288,-2.201068,training_point
09:49:03.871,2,-2.598036,1.385405,-2.02033,training_point
09:49:03.953,1,-3.320778,1.53681,-2.202714,training_point
09:49:03.953,2,-2.598444,1.385444,-2.0208,training_point
09:49:04.037,1,-3.321691,1.53672,-2.203525,training_point
09:49:04.038,2,-2.598484,1.383912,-2.02055,training_point
09:49:04.136,1,-3.322945,1.53682,-2.204345,training_point
09:49:04.137,2,-2.598591,1.384403,-2.020129,training_point
09:49:04.220,1,-3.323425,1.536706,-2.205791,training_point
09:49:04.220,2,-2.598673,1.384378,-2.020033,training_point
09:49:04.303,1,-3.323345,1.536901,-2.205948,training_point
09:49:04.304,2,-2.598583,1.384095,-2.0198,training_point
09:49:04.404,1,-3.323918,1.536786,-2.207142,training_point
09:49:04.404,2,-2.598509,1.383442,-2.019232,training_point
09:49:04.486,1,-3.324294,1.536861,-2.208023,training_point
09:49:04.487,2,-2.598514,1.38444,-2.018623,training_point
09:49:04.570,1,-3.324437,1.537044,-2.20872,training_point
09:49:04.570,2,-2.598771,1.384258,-2.017894,training_point
09:49:04.653,1,-3.32477,1.536876,-2.209087,training_point
09:49:04.653,2,-2.598865,1.383966,-2.017844,training_point
09:49:04.737,1,-3.32479,1.536956,-2.2093,training_point
09:49:04.737,2,-2.598898,1.383856,-2.017807,training_point
09:49:04.820,1,-3.324802,1.537037,-2.209698,training_point
09:49:04.820,2,-2.598678,1.384596,-2.017544,training_point
09:49:04.921,1,-3.324812,1.537116,-2.210201,training_point
09:49:04.921,2,-2.598826,1.384584,-2.017767,training_point
09:49:05.003,1,-3.324733,1.53716,-2.210376,training_point
09:49:05.004,2,-2.599059,1.385007,-2.017506,training_point
09:49:05.087,1,-3.324745,1.537465,-2.210616,training_point
09:49:05.087,2,-2.599029,1.385427,-2.017569,training_point
09:49:05.187,1,-3.324348,1.537378,-2.21084,training_point
09:49:05.188,2,-2.599626,1.385816,-2.018071,training_point
09:49:05.287,1,-3.324284,1.537452,-2.21088,training_point
09:49:05.288,2,-2.599885,1.3856,-2.018235,training_point
09:49:05.387,1,-3.323924,1.537402,-2.210751,training_point
09:49:05.388,2,-2.60023,1.385446,-2.018059,training_point
09:49:05.487,1,-3.323827,1.537284,-2.210125,training_point
09:49:05.488,2,-2.600808,1.385983,-2.017908,training_point
09:49:05.587,1,-3.323896,1.53711,-2.209855,training_point
09:49:05.588,2,-2.601044,1.386139,-2.016461,training_point
09:49:05.687,1,-3.323813,1.536888,-2.209287,training_point
09:49:05.688,2,-2.601323,1.386909,-2.016317,training_point
09:49:05.770,1,-3.323794,1.537127,-2.209026,training_point
09:49:05.770,2,-2.601686,1.387294,-2.015866,training_point
09:49:05.853,1,-3.323683,1.536953,-2.20891,training_point
09:49:05.853,2,-2.602148,1.387275,-2.015961,training_point
09:49:05.954,1,-3.323379,1.536212,-2.208497,training_point
09:49:05.954,2,-2.602399,1.386849,-2.0158,training_point
09:49:06.054,1,-3.323149,1.536233,-2.208093,training_point
09:49:06.054,2,-2.602403,1.386817,-2.014993,training_point
09:49:06.153,1,-3.323167,1.536402,-2.20787,training_point
09:49:06.153,2,-2.602365,1.386887,-2.014576,training_point
09:49:06.304,1,-3.323898,1.536759,-2.20788,training_point
09:49:06.304,2,-2.60229,1.387045,-2.01426,training_point
09:49:06.404,1,-3.32427,1.536511,-2.207757,training_point
09:49:06.404,2,-2.601789,1.387086,-2.015019,training_point
09:49:06.504,1,-3.324214,1.536934,-2.207625,training_point
09:49:06.504,2,-2.601855,1.387042,-2.014851,training_point
09:49:06.587,1,-3.324572,1.536894,-2.207767,training_point
09:49:06.587,2,-2.601618,1.386733,-2.01479,training_point
09:49:06.670,1,-3.324681,1.537098,-2.207211,training_point
09:49:06.670,2,-2.60204,1.386491,-2.014095,training_point
09:49:06.772,1,-3.324835,1.53727,-2.20725,training_point
09:49:06.772,2,-2.601912,1.386604,-2.014041,training_point
09:49:06.871,1,-3.325223,1.53669,-2.207631,training_point
09:49:06.871,2,-2.601144,1.386413,-2.016203,training_point
09:49:06.953,1,-3.32547,1.536746,-2.207687,training_point
09:49:06.953,2,-2.601053,1.386732,-2.016288,training_point
09:49:07.037,1,-3.325619,1.536789,-2.208167,training_point
09:49:07.037,2,-2.60089,1.386514,-2.016419,training_point
09:49:07.138,1,-3.325581,1.536985,-2.208051,training_point
09:49:07.138,2,-2.600488,1.386558,-2.015283,training_point
09:49:07.238,1,-3.325493,1.537013,-2.207815,training_point
09:49:07.239,2,-2.600749,1.386251,-2.014191,training_point
09:49:07.338,1,-3.325511,1.537171,-2.208185,training_point
09:49:07.339,2,-2.600428,1.386296,-2.014997,training_point
09:49:07.420,1,-3.325258,1.537163,-2.208328,training_point
09:49:07.420,2,-2.600202,1.38748,-2.014773,training_point
09:49:07.570,1,-3.324539,1.537121,-2.20895,training_point
09:49:07.570,2,-2.600031,1.387302,-2.014882,training_point
09:49:07.653,1,-3.324248,1.536918,-2.208881,training_point
09:49:07.653,2,-2.599862,1.387018,-2.014567,training_point
09:49:07.755,1,-3.324168,1.536808,-2.208754,training_point
09:49:07.756,2,-2.599658,1.387059,-2.014535,training_point
09:49:07.854,1,-3.324603,1.536776,-2.208792,training_point
09:49:07.854,2,-2.599666,1.386672,-2.014754,training_point
09:49:07.954,1,-3.324791,1.536955,-2.208834,training_point
09:49:07.954,2,-2.599252,1.386383,-2.014712,training_point
09:49:08.071,1,-3.325214,1.537043,-2.208702,training_point
09:49:08.071,2,-2.599069,1.386496,-2.015319,training_point
09:49:08.170,1,-3.325996,1.537148,-2.208789,training_point
09:49:08.172,2,-2.598702,1.386445,-2.015456,training_point
09:49:08.271,1,-3.326556,1.537399,-2.208008,training_point
09:49:08.271,2,-2.598414,1.386547,-2.015771,training_point
09:49:08.353,1,-3.32729,1.537434,-2.20741,training_point
09:49:08.353,2,-2.597675,1.386382,-2.017539,training_point
09:49:08.438,1,-3.328254,1.537323,-2.20698,training_point
09:49:08.439,2,-2.597484,1.38632,-2.016972,training_point
09:49:08.538,1,-3.329182,1.537306,-2.207066,training_point
09:49:08.538,2,-2.598193,1.385962,-2.017188,training_point
09:49:08.654,1,-3.330402,1.537252,-2.206656,training_point
09:49:08.655,2,-2.598923,1.38626,-2.019526,training_point
09:49:08.754,1,-3.332479,1.537241,-2.205673,training_point
09:49:08.754,2,-2.598485,1.38552,-2.018779,training_point
09:49:08.836,1,-3.334143,1.537358,-2.205008,training_point
09:49:08.837,2,-2.598484,1.385708,-2.018666,training_point
09:49:08.920,1,-3.335067,1.53757,-2.204555,training_point
09:49:08.920,2,-2.598461,1.385453,-2.018543,training_point
09:49:09.006,1,-3.336665,1.538118,-2.203402,training_point
09:49:09.006,2,-2.598593,1.385237,-2.019952,training_point
09:49:09.104,1,-3.338883,1.537033,-2.203039,training_point
09:49:09.105,2,-2.598302,1.386044,-2.019961,training_point
09:49:09.186,1,-3.340321,1.537433,-2.202602,training_point
09:49:09.187,2,-2.598297,1.385962,-2.019724,training_point
09:49:09.270,1,-3.341353,1.537992,-2.202291,training_point
09:49:09.271,2,-2.598546,1.386151,-2.020268,training_point
09:49:09.353,1,-3.342838,1.538007,-2.201572,training_point
09:49:09.353,2,-2.598088,1.385984,-2.019893,training_point
09:49:09.439,1,-3.344523,1.538109,-2.201735,training_point
09:49:09.444,2,-2.59773,1.38566,-2.019756,training_point
09:49:09.537,1,-3.345757,1.538166,-2.202049,training_point
09:49:09.538,2,-2.598135,1.386087,-2.019722,training_point
09:49:09.620,1,-3.346421,1.538289,-2.201708,training_point
09:49:09.620,2,-2.598135,1.385971,-2.020261,training_point
09:49:09.721,1,-3.348266,1.538509,-2.201773,training_point
09:49:09.721,2,-2.597978,1.386069,-2.020756,training_point
09:49:09.804,1,-3.34946,1.538353,-2.202059,training_point
09:49:09.804,2,-2.597569,1.384813,-2.021944,training_point
09:49:09.887,1,-3.349791,1.538774,-2.202191,training_point
09:49:09.887,2,-2.597153,1.384951,-2.021924,training_point
09:49:09.987,1,-3.350612,1.538607,-2.202504,training_point
09:49:09.988,2,-2.597587,1.385063,-2.022176,training_point
09:49:10.070,1,-3.35198,1.538682,-2.203017,training_point
09:49:10.070,2,-2.598315,1.386015,-2.023588,training_point
09:49:10.154,1,-3.352404,1.538758,-2.203018,training_point
09:49:10.155,2,-2.598639,1.386421,-2.023844,training_point
09:49:10.237,1,-3.354974,1.538914,-2.203432,training_point
09:49:10.237,2,-2.598789,1.386753,-2.025504,training_point
09:49:10.321,1,-3.35819,1.539145,-2.203009,training_point
09:49:10.321,2,-2.599294,1.386967,-2.024936,training_point
09:49:10.404,1,-3.362187,1.53912,-2.202965,training_point
09:49:10.404,2,-2.600037,1.386816,-2.025635,training_point
09:49:10.504,1,-3.368675,1.539247,-2.202127,training_point
09:49:10.505,2,-2.600931,1.386828,-2.027953,training_point
09:49:10.604,1,-3.377932,1.539179,-2.199489,training_point
09:49:10.604,2,-2.601001,1.386871,-2.02865,training_point
09:49:10.687,1,-3.389367,1.539168,-2.195179,training_point
09:49:10.687,2,-2.600482,1.386602,-2.029583,training_point
09:49:10.770,1,-3.396458,1.539033,-2.191872,training_point
09:49:10.770,2,-2.600138,1.386534,-2.029885,training_point
09:49:10.871,1,-3.41227,1.538843,-2.186697,training_point
09:49:10.871,2,-2.599879,1.386378,-2.030129,training_point
09:49:10.953,1,-3.427461,1.53891,-2.181361,training_point
09:49:10.953,2,-2.599065,1.3867,-2.031008,training_point
09:49:11.038,1,-3.438591,1.538742,-2.177863,training_point
09:49:11.038,2,-2.59877,1.386656,-2.030709,training_point
09:49:11.120,1,-3.453368,1.538873,-2.172704,training_point
09:49:11.120,2,-2.598482,1.385806,-2.030864,training_point
09:49:11.203,1,-3.464381,1.538993,-2.168315,training_point
09:49:11.203,2,-2.59806,1.386784,-2.030591,training_point
09:49:11.304,1,-3.479226,1.538848,-2.16197,training_point
09:49:11.305,2,-2.597514,1.386868,-2.030741,training_point
09:49:11.387,1,-3.490186,1.538985,-2.155347,training_point
09:49:11.387,2,-2.596091,1.385754,-2.029534,training_point
09:49:11.470,1,-3.494351,1.539625,-2.153134,training_point
09:49:11.470,2,-2.596606,1.3864,-2.030151,training_point
09:49:11.553,1,-3.504202,1.539968,-2.150608,training_point
09:49:11.553,2,-2.595,1.386609,-2.030855,training_point
09:49:11.687,1,-3.512118,1.539802,-2.146935,training_point
09:49:11.687,2,-2.594059,1.386913,-2.031634,training_point
09:49:11.788,1,-3.517108,1.540028,-2.145318,training_point
09:49:11.788,2,-2.593401,1.386246,-2.03307,training_point
09:49:11.887,1,-3.521563,1.539451,-2.141632,training_point
09:49:11.888,2,-2.593129,1.386852,-2.034326,training_point
09:49:11.988,1,-3.525245,1.539455,-2.1381,training_point
09:49:11.988,2,-2.59261,1.38725,-2.036569,training_point
09:49:12.070,1,-3.528889,1.539423,-2.133404,training_point
09:49:12.070,2,-2.592146,1.386636,-2.037941,training_point
09:49:12.154,1,-3.529509,1.539893,-2.129572,training_point
09:49:12.154,2,-2.591389,1.387111,-2.037697,training_point
09:49:12.255,1,-3.531098,1.53982,-2.12071,training_point
09:49:12.256,2,-2.591329,1.387725,-2.037424,training_point
09:49:12.354,1,-3.532098,1.540166,-2.111709,training_point
09:49:12.354,2,-2.590215,1.38777,-2.036698,training_point
09:49:12.454,1,-3.533785,1.540326,-2.098984,training_point
09:49:12.454,2,-2.590061,1.387898,-2.036268,training_point
09:49:12.537,1,-3.533013,1.540865,-2.079837,training_point
09:49:12.537,2,-2.589644,1.388053,-2.035857,training_point
09:49:12.620,1,-3.533032,1.540592,-2.066319,training_point
09:49:12.620,2,-2.589596,1.388041,-2.03542,training_point
09:49:12.704,1,-3.531789,1.540973,-2.04605,training_point
09:49:12.705,2,-2.589316,1.388338,-2.034611,training_point
09:49:12.804,1,-3.525778,1.540748,-2.012336,training_point
09:49:12.804,2,-2.589282,1.38844,-2.033478,training_point
09:49:12.887,1,-3.521965,1.541032,-1.981732,training_point
09:49:12.887,2,-2.589317,1.387958,-2.032629,training_point
09:49:12.987,1,-3.513816,1.5412,-1.95225,training_point
09:49:12.988,2,-2.589742,1.38791,-2.032041,training_point
09:49:13.088,1,-3.512171,1.54136,-1.930344,training_point
09:49:13.088,2,-2.591303,1.386752,-2.031622,training_point
09:49:13.188,1,-3.514328,1.541328,-1.908897,training_point
09:49:13.188,2,-2.591507,1.3873,-2.030991,training_point
09:49:13.270,1,-3.515591,1.541258,-1.894817,training_point
09:49:13.270,2,-2.591927,1.387609,-2.030137,training_point
09:49:13.353,1,-3.517954,1.541539,-1.886375,training_point
09:49:13.353,2,-2.59213,1.386982,-2.030072,training_point
09:49:13.437,1,-3.52673,1.541402,-1.873594,training_point
09:49:13.437,2,-2.592719,1.386989,-2.02881,training_point
09:49:13.520,1,-3.537622,1.541693,-1.864534,training_point
09:49:13.520,2,-2.59307,1.387704,-2.028392,training_point
09:49:13.604,1,-3.550931,1.540944,-1.854388,training_point
09:49:13.605,2,-2.593519,1.387343,-2.028163,training_point
09:49:13.706,1,-3.577509,1.539783,-1.841047,training_point
09:49:13.706,2,-2.593914,1.387125,-2.027631,training_point
09:49:13.804,1,-3.611453,1.537328,-1.824678,training_point
09:49:13.805,2,-2.594589,1.386689,-2.027427,training_point
09:49:13.921,1,-3.674906,1.535713,-1.802548,training_point
09:49:13.921,2,-2.594962,1.387082,-2.027271,training_point
09:49:14.021,1,-3.716475,1.533736,-1.782796,training_point
09:49:14.021,2,-2.59569,1.387142,-2.026513,training_point
09:49:14.121,1,-3.744766,1.533049,-1.770375,training_point
09:49:14.121,2,-2.596632,1.387527,-2.026492,training_point
09:49:14.221,1,-3.767445,1.529814,-1.759756,training_point
09:49:14.222,2,-2.597844,1.387454,-2.026647,training_point
09:49:14.321,1,-3.784961,1.528318,-1.749681,training_point
09:49:14.321,2,-2.599339,1.387669,-2.026732,training_point
09:49:14.420,1,-3.790439,1.528423,-1.747631,training_point
09:49:14.420,2,-2.599816,1.387375,-2.027529,training_point
09:49:14.521,1,-3.791884,1.529343,-1.74939,training_point
09:49:14.521,2,-2.600227,1.388319,-2.027434,training_point
09:49:14.621,1,-3.787878,1.529477,-1.755457,training_point
09:49:14.621,2,-2.600382,1.388013,-2.028618,training_point
09:49:14.720,1,-3.777061,1.528023,-1.763946,training_point
09:49:14.721,2,-2.60079,1.388337,-2.028829,training_point
09:49:14.821,1,-3.767417,1.528895,-1.773156,training_point
09:49:14.821,2,-2.601134,1.388379,-2.029071,training_point
09:49:14.921,1,-3.754951,1.530031,-1.786663,training_point
09:49:14.921,2,-2.60117,1.388022,-2.029209,training_point
09:49:15.020,1,-3.742164,1.529789,-1.796652,training_point
09:49:15.020,2,-2.60055,1.386909,-2.028738,training_point
09:49:15.121,1,-3.722588,1.530807,-1.806489,training_point
09:49:15.122,2,-2.600824,1.386639,-2.02959,training_point
09:49:15.221,1,-3.710086,1.532557,-1.818106,training_point
09:49:15.222,2,-2.601191,1.386496,-2.03035,training_point
09:49:15.320,1,-3.700275,1.533674,-1.826747,training_point
09:49:15.321,2,-2.600665,1.386951,-2.030741,training_point
09:49:15.422,1,-3.697397,1.531886,-1.832323,training_point
09:49:15.422,2,-2.600628,1.386989,-2.031234,training_point
09:49:15.520,1,-3.694929,1.530967,-1.835157,training_point
09:49:15.521,2,-2.600707,1.387077,-2.031883,training_point
09:49:15.620,1,-3.692306,1.529217,-1.838619,training_point
09:49:15.620,2,-2.600531,1.387311,-2.032065,training_point
09:49:15.721,1,-3.687681,1.529247,-1.84202,training_point
09:49:15.721,2,-2.600653,1.388733,-2.032438,training_point
09:49:15.821,1,-3.685699,1.528167,-1.843582,training_point
09:49:15.821,2,-2.600511,1.388576,-2.032481,training_point
09:49:15.922,1,-3.686964,1.529791,-1.842827,training_point
09:49:15.923,2,-2.600303,1.388548,-2.032022,training_point
09:49:16.021,1,-3.687861,1.530582,-1.841761,training_point
09:49:16.021,2,-2.600374,1.388338,-2.031954,training_point
09:49:16.121,1,-3.689425,1.528567,-1.8407,training_point
09:49:16.121,2,-2.600052,1.387453,-2.03166,training_point
09:49:16.222,1,-3.689311,1.527598,-1.840659,training_point
09:49:16.223,2,-2.60028,1.38808,-2.031548,training_point
09:49:16.321,1,-3.689594,1.529189,-1.838639,training_point
09:49:16.321,2,-2.600341,1.388154,-2.031331,training_point
09:49:16.421,1,-3.690743,1.529929,-1.837871,training_point
09:49:16.422,2,-2.599997,1.387867,-2.03103,training_point
09:49:16.522,1,-3.691346,1.529883,-1.836107,training_point
09:49:16.522,2,-2.599725,1.388228,-2.031034,training_point
09:49:16.622,1,-3.69326,1.528103,-1.8344,training_point
09:49:16.622,2,-2.599078,1.388402,-2.031577,training_point
09:49:16.722,1,-3.694069,1.529914,-1.8324,training_point
09:49:16.723,2,-2.597701,1.388584,-2.031645,training_point
09:49:16.820,1,-3.696001,1.529157,-1.830634,training_point
09:49:16.821,2,-2.597493,1.388662,-2.031906,training_point
09:49:16.921,1,-3.696399,1.526509,-1.829352,training_point
09:49:16.921,2,-2.596941,1.388821,-2.032932,training_point
09:49:17.021,1,-3.697502,1.52001,-1.828378,training_point
09:49:17.021,2,-2.596985,1.388893,-2.033231,training_point
09:49:17.120,1,-3.69724,1.521094,-1.827561,training_point
09:49:17.120,2,-2.59629,1.389151,-2.033509,training_point
09:49:17.221,1,-3.696881,1.520642,-1.826624,training_point
09:49:17.222,2,-2.595769,1.389676,-2.033932,training_point
09:49:17.321,1,-3.697244,1.521961,-1.825982,training_point
09:49:17.321,2,-2.595643,1.389238,-2.03423,training_point
09:49:17.422,1,-3.697378,1.518608,-1.82552,training_point
09:49:17.423,2,-2.595503,1.389103,-2.035495,training_point
09:49:17.522,1,-3.697563,1.522346,-1.825716,training_point
09:49:17.523,2,-2.595906,1.388645,-2.036432,training_point
09:49:17.622,1,-3.697224,1.522074,-1.825846,training_point
09:49:17.623,2,-2.59628,1.389196,-2.036274,training_point
09:49:17.721,1,-3.696893,1.522157,-1.825184,training_point
09:49:17.721,2,-2.596408,1.388689,-2.035733,training_point
09:49:17.821,1,-3.69757,1.522002,-1.825787,training_point
09:49:17.821,2,-2.596793,1.388851,-2.035981,training_point
09:49:17.921,1,-3.698323,1.5251,-1.826291,training_point
09:49:17.921,2,-2.596977,1.38859,-2.035616,training_point
09:49:18.021,1,-3.69995,1.524488,-1.826927,training_point
09:49:18.021,2,-2.596507,1.388466,-2.034202,training_point
09:49:18.103,1,-3.699389,1.527324,-1.827419,training_point
09:49:18.103,2,-2.596371,1.388802,-2.033176,training_point
09:49:18.187,1,-3.699381,1.528294,-1.827231,training_point
09:49:18.187,2,-2.596382,1.388494,-2.032806,training_point
09:49:18.287,1,-3.699515,1.527624,-1.827114,training_point
09:49:18.287,2,-2.596652,1.38804,-2.032165,training_point
09:49:18.370,1,-3.699049,1.530195,-1.827606,training_point
09:49:18.370,2,-2.596929,1.388171,-2.031494,training_point
09:49:18.453,1,-3.698935,1.52755,-1.827416,training_point
09:49:18.454,2,-2.597193,1.387927,-2.031474,training_point
09:49:18.555,1,-3.698595,1.526966,-1.8278,training_point
09:49:18.556,2,-2.596935,1.387616,-2.030586,training_point
09:49:18.654,1,-3.699981,1.528781,-1.828135,training_point
09:49:18.655,2,-2.59699,1.387541,-2.030527,training_point
09:49:18.737,1,-3.699492,1.526039,-1.82845,training_point
09:49:18.737,2,-2.597041,1.387513,-2.030035,training_point
09:49:18.821,1,-3.69918,1.525366,-1.828567,training_point
09:49:18.821,2,-2.597052,1.387058,-2.029916,training_point
09:49:18.921,1,-3.699414,1.527155,-1.82826,training_point
09:49:18.922,2,-2.59687,1.38682,-2.030033,training_point
09:49:19.003,1,-3.700039,1.527508,-1.828294,training_point
09:49:19.003,2,-2.596933,1.386977,-2.029098,training_point
09:49:19.087,1,-3.699821,1.527672,-1.828761,training_point
09:49:19.087,2,-2.596999,1.387232,-2.029344,training_point
09:49:19.170,1,-3.699762,1.526727,-1.828587,training_point
09:49:19.170,2,-2.596653,1.387126,-2.02879,training_point
09:49:19.253,1,-3.70206,1.526701,-1.828839,training_point
09:49:19.254,2,-2.596538,1.386941,-2.028982,training_point
09:49:19.337,1,-3.701599,1.526682,-1.828807,training_point
09:49:19.337,2,-2.596251,1.387212,-2.029012,training_point
09:49:19.422,1,-3.701844,1.52636,-1.830076,training_point
09:49:19.422,2,-2.596074,1.387331,-2.028928,training_point
09:49:19.520,1,-3.701336,1.52741,-1.830158,training_point
09:49:19.520,2,-2.595884,1.386959,-2.028719,training_point
09:49:19.603,1,-3.701197,1.526965,-1.830099,training_point
09:49:19.603,2,-2.596053,1.38681,-2.028921,training_point
09:49:19.705,1,-3.702001,1.526537,-1.830835,training_point
09:49:19.705,2,-2.595941,1.386489,-2.028736,training_point
09:49:19.787,1,-3.703045,1.527204,-1.831273,training_point
09:49:19.787,2,-2.59585,1.386116,-2.029274,training_point
09:49:19.870,1,-3.702232,1.526888,-1.834691,training_point
09:49:19.870,2,-2.595266,1.386088,-2.02916,training_point
09:49:19.972,1,-3.70161,1.527301,-1.836939,training_point
09:49:19.972,2,-2.594904,1.385752,-2.030362,training_point
09:49:20.071,1,-3.701666,1.528269,-1.83812,training_point
09:49:20.071,2,-2.59363,1.38566,-2.030614,training_point
09:49:20.170,1,-3.702142,1.528071,-1.840192,training_point
09:49:20.170,2,-2.593602,1.385535,-2.030621,training_point
09:49:20.271,1,-3.701081,1.527435,-1.842497,training_point
09:49:20.271,2,-2.593357,1.385266,-2.030109,training_point
09:49:20.371,1,-3.699367,1.527928,-1.84611,training_point
09:49:20.371,2,-2.593453,1.385058,-2.029931,training_point
09:49:20.470,1,-3.696253,1.52693,-1.847117,training_point
09:49:20.471,2,-2.593414,1.385279,-2.02981,training_point
09:49:20.571,1,-3.693073,1.52755,-1.852471,training_point
09:49:20.571,2,-2.593139,1.385544,-2.028571,training_point
09:49:20.671,1,-3.688602,1.528063,-1.854668,training_point
09:49:20.671,2,-2.593286,1.385767,-2.0284,training_point
09:49:20.770,1,-3.685244,1.52798,-1.860417,training_point
09:49:20.770,2,-2.593329,1.386179,-2.028014,training_point
09:49:20.853,1,-3.68484,1.527228,-1.862893,training_point
09:49:20.853,2,-2.593147,1.386385,-2.028128,training_point
09:49:20.939,1,-3.683316,1.527547,-1.865342,training_point
09:49:20.939,2,-2.592886,1.38575,-2.027884,training_point
09:49:21.020,1,-3.68196,1.527964,-1.871998,training_point
09:49:21.020,2,-2.592932,1.38591,-2.028192,training_point
09:49:21.104,1,-3.68049,1.527777,-1.873444,training_point
09:49:21.104,2,-2.59284,1.385896,-2.027668,training_point
09:49:21.204,1,-3.679965,1.52833,-1.876111,training_point
09:49:21.205,2,-2.592483,1.38664,-2.027207,training_point
09:49:21.304,1,-3.678038,1.528485,-1.87934,training_point
09:49:21.305,2,-2.592786,1.386187,-2.027323,training_point
09:49:21.403,1,-3.675228,1.528495,-1.881488,training_point
09:49:21.404,2,-2.592471,1.386141,-2.026779,training_point
09:49:21.521,1,-3.673667,1.52909,-1.887263,training_point
09:49:21.521,2,-2.59221,1.386129,-2.027007,training_point
09:49:21.621,1,-3.67557,1.528556,-1.890299,training_point
09:49:21.621,2,-2.592321,1.386245,-2.026871,training_point
09:49:21.721,1,-3.674281,1.52789,-1.891843,training_point
09:49:21.721,2,-2.59218,1.386354,-2.027112,training_point
09:49:21.821,1,-3.674134,1.527888,-1.893151,training_point
09:49:21.821,2,-2.591608,1.386368,-2.027382,training_point
09:49:21.921,1,-3.673035,1.528086,-1.894992,training_point
09:49:21.921,2,-2.591845,1.386684,-2.027645,training_point
09:49:22.021,1,-3.672417,1.528185,-1.896626,training_point
09:49:22.021,2,-2.592049,1.386824,-2.027928,training_point
09:49:22.104,1,-3.672086,1.529456,-1.898449,training_point
09:49:22.104,2,-2.592497,1.38691,-2.028095,training_point
09:49:22.204,1,-3.67281,1.528617,-1.898314,training_point
09:49:22.205,2,-2.59262,1.386971,-2.028221,training_point
09:49:22.305,1,-3.675247,1.528063,-1.897908,training_point
09:49:22.305,2,-2.592806,1.386652,-2.028056,training_point
09:49:22.404,1,-3.676287,1.527506,-1.897176,training_point
09:49:22.405,2,-2.593002,1.386861,-2.028722,training_point
09:49:22.504,1,-3.678024,1.527217,-1.896341,training_point
09:49:22.505,2,-2.593025,1.386864,-2.028709,training_point
09:49:22.605,1,-3.678588,1.527471,-1.89568,training_point
09:49:22.606,2,-2.593582,1.387014,-2.028573,training_point
09:49:22.705,1,-3.679656,1.527636,-1.895652,training_point
09:49:22.706,2,-2.593128,1.386983,-2.028056,training_point
09:49:22.804,1,-3.680924,1.527706,-1.894898,training_point
09:49:22.804,2,-2.593124,1.386773,-2.027752,training_point
09:49:22.905,1,-3.682306,1.527091,-1.894522,training_point
09:49:22.906,2,-2.593085,1.38676,-2.027543,training_point
09:49:23.004,1,-3.682156,1.527259,-1.893935,training_point
09:49:23.005,2,-2.593234,1.386617,-2.027182,training_point
09:49:23.104,1,-3.681926,1.527542,-1.894715,training_point
09:49:23.105,2,-2.593525,1.386004,-2.027078,training_point
09:49:23.204,1,-3.681811,1.527872,-1.895006,training_point
09:49:23.204,2,-2.593363,1.38584,-2.027452,training_point
09:49:23.304,1,-3.681506,1.526786,-1.893392,training_point
09:49:23.304,2,-2.593283,1.385892,-2.027195,training_point
09:49:23.404,1,-3.682885,1.527213,-1.893982,training_point
09:49:23.405,2,-2.593579,1.3861,-2.026936,training_point
09:49:23.503,1,-3.682783,1.527089,-1.893841,training_point
09:49:23.504,2,-2.59346,1.386126,-2.026556,training_point
09:49:23.605,1,-3.683454,1.525735,-1.893683,training_point
09:49:23.606,2,-2.593627,1.386638,-2.02668,training_point
09:49:23.704,1,-3.682936,1.524849,-1.89276,training_point
09:49:23.705,2,-2.59393,1.386725,-2.026313,training_point
09:49:23.804,1,-3.684183,1.524867,-1.891416,training_point
09:49:23.805,2,-2.594343,1.386551,-2.026147,training_point
09:49:23.904,1,-3.683386,1.52524,-1.891366,training_point
09:49:23.905,2,-2.594265,1.386352,-2.026551,training_point
09:49:23.987,1,-3.682309,1.523629,-1.891614,training_point
09:49:23.987,2,-2.594364,1.386427,-2.026361,training_point
09:49:24.070,1,-3.68289,1.520297,-1.890736,training_point
09:49:24.070,2,-2.594389,1.386554,-2.026545,training_point
09:49:24.171,1,-3.682927,1.522172,-1.890718,training_point
09:49:24.171,2,-2.594317,1.386594,-2.026475,training_point
09:49:24.270,1,-3.683701,1.522644,-1.890352,training_point
09:49:24.271,2,-2.594991,1.386492,-2.026958,training_point
09:49:24.353,1,-3.682956,1.524317,-1.890698,training_point
09:49:24.354,2,-2.595055,1.386539,-2.026996,training_point
09:49:24.437,1,-3.683509,1.524587,-1.891524,training_point
09:49:24.437,2,-2.595049,1.386366,-2.02691,training_point
09:49:24.520,1,-3.682895,1.523459,-1.892105,training_point
09:49:24.520,2,-2.59509,1.386152,-2.027653,training_point
09:49:24.621,1,-3.682697,1.522046,-1.892073,training_point
09:49:24.621,2,-2.595054,1.386081,-2.027737,training_point
09:49:24.721,1,-3.682763,1.523513,-1.891132,training_point
09:49:24.721,2,-2.595575,1.386001,-2.028625,training_point
09:49:24.822,1,-3.68219,1.523577,-1.891798,training_point
09:49:24.822,2,-2.595811,1.385837,-2.028839,training_point
09:49:24.922,1,-3.682684,1.524292,-1.891955,training_point
09:49:24.922,2,-2.595865,1.385731,-2.028647,training_point
09:49:25.021,1,-3.682267,1.524267,-1.891402,training_point
09:49:25.021,2,-2.595806,1.38573,-2.028461,training_point
09:49:25.121,1,-3.68188,1.523634,-1.891346,training_point
09:49:25.123,2,-2.595937,1.385943,-2.028582,training_point
09:49:25.220,1,-3.681398,1.523344,-1.891761,training_point
09:49:25.220,2,-2.596188,1.386105,-2.028898,training_point
09:49:25.303,1,-3.678205,1.521544,-1.893439,training_point
09:49:25.304,2,-2.596085,1.386008,-2.02898,training_point
09:49:25.387,1,-3.677198,1.522492,-1.893928,training_point
09:49:25.387,2,-2.596307,1.385844,-2.029093,training_point
09:49:25.487,1,-3.679188,1.522805,-1.893319,training_point
09:49:25.488,2,-2.59658,1.38599,-2.028753,training_point
09:49:25.570,1,-3.679541,1.522879,-1.893166,training_point
09:49:25.570,2,-2.596219,1.386142,-2.028215,training_point
09:49:25.653,1,-3.679846,1.522409,-1.892812,training_point
09:49:25.654,2,-2.596077,1.386074,-2.028221,training_point
09:49:25.755,1,-3.678014,1.523017,-1.892102,training_point
09:49:25.756,2,-2.59567,1.38611,-2.028294,training_point
09:49:25.854,1,-3.678372,1.523379,-1.892164,training_point
09:49:25.855,2,-2.59561,1.386154,-2.028321,training_point
09:49:25.954,1,-3.678777,1.524439,-1.892619,training_point
09:49:25.954,2,-2.595093,1.386249,-2.028279,training_point
09:49:26.037,1,-3.679677,1.524854,-1.892368,training_point
09:49:26.037,2,-2.595052,1.386462,-2.029261,training_point
09:49:26.120,1,-3.679503,1.525161,-1.892709,training_point
09:49:26.120,2,-2.594406,1.386231,-2.028594,training_point
09:49:26.203,1,-3.67841,1.525433,-1.892749,training_point
09:49:26.204,2,-2.593883,1.386353,-2.028964,training_point
09:49:26.304,1,-3.677479,1.52368,-1.893132,training_point
09:49:26.305,2,-2.593779,1.386344,-2.030264,training_point
09:49:26.387,1,-3.678615,1.523905,-1.893447,training_point
09:49:26.387,2,-2.594671,1.386598,-2.031353,training_point
09:49:26.504,1,-3.678462,1.523148,-1.893958,training_point
09:49:26.505,2,-2.595962,1.386488,-2.034473,training_point
09:49:26.604,1,-3.677636,1.523777,-1.893028,training_point
09:49:26.605,2,-2.595332,1.386609,-2.036155,training_point
09:49:26.704,1,-3.676274,1.523134,-1.892741,training_point
09:49:26.705,2,-2.594494,1.386744,-2.039488,training_point
09:49:26.806,1,-3.677827,1.524639,-1.893612,training_point
09:49:26.806,2,-2.591084,1.386694,-2.04209,training_point
09:49:26.906,1,-3.678116,1.525494,-1.892788,training_point
09:49:26.906,2,-2.582405,1.38686,-2.045075,training_point
09:49:27.004,1,-3.678657,1.525747,-1.893033,training_point
09:49:27.005,2,-2.567482,1.386011,-2.050275,training_point
09:49:27.104,1,-3.678363,1.525066,-1.893432,training_point
09:49:27.104,2,-2.542733,1.3856,-2.058924,training_point
09:49:27.187,1,-3.677372,1.523567,-1.89395,training_point
09:49:27.187,2,-2.515014,1.385213,-2.069014,training_point
09:49:27.270,1,-3.67885,1.524003,-1.894908,training_point
09:49:27.270,2,-2.495994,1.385276,-2.07793,training_point
09:49:27.353,1,-3.682178,1.521709,-1.894181,training_point
09:49:27.354,2,-2.466849,1.385348,-2.0909,training_point
09:49:27.437,1,-3.682904,1.523045,-1.894938,training_point
09:49:27.437,2,-2.447284,1.385256,-2.10056,training_point
09:49:27.520,1,-3.68521,1.525311,-1.894952,training_point
09:49:27.520,2,-2.423699,1.385371,-2.111466,training_point
09:49:27.603,1,-3.682248,1.524518,-1.894223,training_point
09:49:27.604,2,-2.406058,1.385243,-2.119047,training_point
09:49:27.687,1,-3.679729,1.524802,-1.893836,training_point
09:49:27.687,2,-2.381684,1.385185,-2.130406,training_point
09:49:27.772,1,-3.681942,1.524807,-1.894077,training_point
09:49:27.773,2,-2.367413,1.385111,-2.138229,training_point
09:49:27.853,1,-3.683949,1.524766,-1.895739,training_point
09:49:27.854,2,-2.347138,1.384983,-2.149233,training_point
09:49:27.938,1,-3.684397,1.524865,-1.896034,training_point
09:49:27.938,2,-2.335647,1.384917,-2.155888,training_point
09:49:28.038,1,-3.685091,1.523549,-1.895389,training_point
09:49:28.039,2,-2.322246,1.385028,-2.164033,training_point
09:49:28.120,1,-3.683553,1.525103,-1.895892,training_point
09:49:28.120,2,-2.308331,1.384853,-2.17714,training_point
09:49:28.204,1,-3.681694,1.525577,-1.895762,training_point
09:49:28.205,2,-2.301714,1.3854,-2.182804,training_point
09:49:28.287,1,-3.682318,1.524946,-1.895379,training_point
09:49:28.287,2,-2.291657,1.385445,-2.19268,training_point
09:49:28.371,1,-3.681447,1.525272,-1.895589,training_point
09:49:28.371,2,-2.286355,1.385984,-2.197495,training_point
09:49:28.454,1,-3.681234,1.524729,-1.895882,training_point
09:49:28.454,2,-2.280311,1.385844,-2.203064,training_point
09:49:28.538,1,-3.682027,1.525148,-1.895803,training_point
09:49:28.538,2,-2.275815,1.385624,-2.207445,training_point
09:49:28.654,1,-3.681505,1.523759,-1.895355,training_point
09:49:28.655,2,-2.270418,1.385604,-2.213908,training_point
09:49:28.754,1,-3.681214,1.523339,-1.895602,training_point
09:49:28.755,2,-2.266569,1.38595,-2.218787,training_point
09:49:28.856,1,-3.680173,1.522633,-1.896651,training_point
09:49:28.856,2,-2.264652,1.385883,-2.22374,training_point
09:49:28.937,1,-3.679794,1.522822,-1.896282,training_point
09:49:28.937,2,-2.263668,1.386268,-2.227603,training_point
09:49:29.022,1,-3.682035,1.525191,-1.897612,training_point
09:49:29.022,2,-2.263573,1.386837,-2.231393,training_point
09:49:29.103,1,-3.679229,1.524916,-1.896088,training_point
09:49:29.104,2,-2.262565,1.387554,-2.236316,training_point
09:49:29.188,1,-3.673793,1.524383,-1.894302,training_point
09:49:29.188,2,-2.262844,1.389278,-2.237724,training_point
09:49:29.287,1,-3.668604,1.525371,-1.895003,training_point
09:49:29.288,2,-2.265093,1.394444,-2.241549,training_point
09:49:29.387,1,-3.664831,1.526389,-1.895382,training_point
09:49:29.388,2,-2.266857,1.397083,-2.243164,training_point
09:49:29.487,1,-3.661299,1.52493,-1.896686,training_point
09:49:29.487,2,-2.267976,1.399555,-2.244388,training_point
09:49:29.570,1,-3.659733,1.523648,-1.898107,training_point
09:49:29.570,2,-2.270353,1.4027,-2.244785,training_point
09:49:29.654,1,-3.658818,1.524748,-1.898873,training_point
09:49:29.654,2,-2.272023,1.404378,-2.244758,training_point
09:49:29.737,1,-3.658247,1.524676,-1.902856,training_point
09:49:29.737,2,-2.272895,1.408205,-2.244513,training_point
09:49:29.821,1,-3.661016,1.524118,-1.908354,training_point
09:49:29.821,2,-2.273125,1.412586,-2.244571,training_point
09:49:29.921,1,-3.662157,1.524328,-1.912769,training_point
09:49:29.922,2,-2.273077,1.417326,-2.244177,training_point
09:49:30.022,1,-3.662871,1.523214,-1.917871,training_point
09:49:30.023,2,-2.271734,1.420277,-2.243358,training_point
09:49:30.121,1,-3.664466,1.522473,-1.921255,training_point
09:49:30.121,2,-2.270046,1.424053,-2.242316,training_point
09:49:30.222,1,-3.665617,1.520973,-1.926955,training_point
09:49:30.222,2,-2.2689,1.4232,-2.24322,training_point
09:49:30.322,1,-3.666777,1.522163,-1.93005,training_point
09:49:30.322,2,-2.268008,1.423062,-2.243516,training_point
09:49:30.421,1,-3.668248,1.524559,-1.934207,training_point
09:49:30.421,2,-2.267173,1.424462,-2.244358,training_point
09:49:30.521,1,-3.6679,1.524659,-1.937655,training_point
09:49:30.521,2,-2.267367,1.426492,-2.245244,training_point
09:49:30.621,1,-3.668013,1.524794,-1.939953,training_point
09:49:30.621,2,-2.268067,1.426355,-2.247373,training_point
09:49:30.721,1,-3.667745,1.525072,-1.943546,training_point
09:49:30.721,2,-2.269877,1.426312,-2.24882,training_point
09:49:30.821,1,-3.668861,1.524538,-1.94722,training_point
09:49:30.822,2,-2.271297,1.424777,-2.249208,training_point
09:49:30.922,1,-3.668059,1.524428,-1.94952,training_point
09:49:30.922,2,-2.2729,1.42267,-2.248087,training_point
09:49:31.021,1,-3.667427,1.52336,-1.95288,training_point
09:49:31.021,2,-2.273481,1.419473,-2.247596,training_point
09:49:31.121,1,-3.666578,1.524608,-1.956845,training_point
09:49:31.121,2,-2.27445,1.418612,-2.24658,training_point
09:49:31.222,1,-3.665411,1.523276,-1.959588,training_point
09:49:31.223,2,-2.275575,1.417067,-2.245443,training_point
09:49:31.321,1,-3.665295,1.525087,-1.961807,training_point
09:49:31.322,2,-2.276024,1.417452,-2.24485,training_point
09:49:31.421,1,-3.663455,1.524972,-1.966861,training_point
09:49:31.421,2,-2.277477,1.418162,-2.243504,training_point
09:49:31.520,1,-3.662455,1.523175,-1.971671,training_point
09:49:31.520,2,-2.278097,1.417486,-2.24244,training_point
09:49:31.621,1,-3.662394,1.522579,-1.974827,training_point
09:49:31.621,2,-2.27833,1.417908,-2.242014,training_point
09:49:31.721,1,-3.662921,1.524615,-1.978323,training_point
09:49:31.722,2,-2.277937,1.419523,-2.240429,training_point
09:49:31.821,1,-3.663556,1.525865,-1.980792,training_point
09:49:31.821,2,-2.278004,1.421494,-2.239405,training_point
09:49:31.921,1,-3.667545,1.526209,-1.981101,training_point
09:49:31.921,2,-2.278934,1.422315,-2.239322,training_point
09:49:32.022,1,-3.683141,1.525941,-1.980191,training_point
09:49:32.023,2,-2.279413,1.421803,-2.239049,training_point
09:49:32.122,1,-3.703815,1.52689,-1.976924,training_point
09:49:32.122,2,-2.279653,1.421795,-2.238993,training_point
09:49:32.221,1,-3.732324,1.525798,-1.974618,training_point
09:49:32.221,2,-2.279173,1.421649,-2.238503,training_point
09:49:32.321,1,-3.770308,1.52591,-1.969046,training_point
09:49:32.321,2,-2.280135,1.420477,-2.238963,training_point
09:49:32.423,1,-3.796909,1.525838,-1.964486,training_point
09:49:32.423,2,-2.279809,1.420038,-2.23847,training_point
09:49:32.521,1,-3.826229,1.527037,-1.959312,training_point
09:49:32.521,2,-2.280365,1.419852,-2.238585,training_point
09:49:32.604,1,-3.853079,1.527184,-1.956641,training_point
09:49:32.604,2,-2.281165,1.419149,-2.239019,training_point
09:49:32.687,1,-3.865649,1.527171,-1.954759,training_point
09:49:32.687,2,-2.281262,1.419121,-2.239081,training_point
09:49:32.788,1,-3.886204,1.525709,-1.951578,training_point
09:49:32.788,2,-2.281816,1.418698,-2.239225,training_point
09:49:32.904,1,-3.900573,1.523881,-1.949168,training_point
09:49:32.905,2,-2.282257,1.418281,-2.239418,training_point
09:49:33.004,1,-3.913427,1.523634,-1.947314,training_point
09:49:33.005,2,-2.282554,1.417694,-2.239414,training_point
09:49:33.104,1,-3.921299,1.523349,-1.947005,training_point
09:49:33.104,2,-2.283087,1.416509,-2.239752,training_point
09:49:33.204,1,-3.926922,1.524878,-1.946848,training_point
09:49:33.205,2,-2.283051,1.415889,-2.239884,training_point
09:49:33.304,1,-3.929859,1.523695,-1.947571,training_point
09:49:33.305,2,-2.283223,1.415357,-2.240281,training_point
09:49:33.421,1,-3.936628,1.52437,-1.947138,training_point
09:49:33.421,2,-2.283433,1.414929,-2.240829,training_point
09:49:33.537,1,-3.94038,1.523458,-1.945469,training_point
09:49:33.537,2,-2.283649,1.4144,-2.241505,training_point
09:49:33.638,1,-3.941433,1.524196,-1.94486,training_point
09:49:33.638,2,-2.283508,1.413989,-2.241993,training_point
09:49:33.738,1,-3.942753,1.524347,-1.946451,training_point
09:49:33.738,2,-2.283813,1.413375,-2.242562,training_point
09:49:33.839,1,-3.944948,1.524761,-1.945433,training_point
09:49:33.839,2,-2.284078,1.413324,-2.242775,training_point
09:49:33.920,1,-3.946056,1.525317,-1.944758,training_point
09:49:33.920,2,-2.28428,1.413486,-2.243088,training_point
09:49:34.005,1,-3.946286,1.525786,-1.944583,training_point
09:49:34.005,2,-2.284468,1.41491,-2.243266,training_point
09:49:34.105,1,-3.945852,1.524403,-1.944325,training_point
09:49:34.105,2,-2.284573,1.415439,-2.243672,training_point
09:49:34.187,1,-3.946388,1.525312,-1.944228,training_point
09:49:34.187,2,-2.284872,1.415911,-2.244106,training_point
09:49:34.270,1,-3.945942,1.524058,-1.945105,training_point
09:49:34.270,2,-2.284972,1.416361,-2.244523,training_point
09:49:34.371,1,-3.946408,1.524202,-1.945112,training_point
09:49:34.371,2,-2.285068,1.416543,-2.244643,training_point
09:49:34.470,1,-3.946297,1.524808,-1.946138,training_point
09:49:34.471,2,-2.284969,1.417162,-2.245161,training_point
09:49:34.570,1,-3.945652,1.524684,-1.946811,training_point
09:49:34.570,2,-2.284403,1.417441,-2.24513,training_point
09:49:34.654,1,-3.945619,1.524986,-1.946891,training_point
09:49:34.654,2,-2.284298,1.417604,-2.245315,training_point
09:49:34.737,1,-3.946177,1.525367,-1.947825,training_point
09:49:34.737,2,-2.283314,1.417471,-2.244849,training_point
09:49:34.821,1,-3.946274,1.526997,-1.94805,training_point
09:49:34.821,2,-2.28234,1.417573,-2.244393,training_point
09:49:34.921,1,-3.946778,1.524216,-1.948961,training_point
09:49:34.922,2,-2.281643,1.418018,-2.244165,training_point
09:49:35.021,1,-3.946892,1.52455,-1.94884,training_point
09:49:35.021,2,-2.280554,1.418159,-2.243874,training_point
09:49:35.120,1,-3.948365,1.525412,-1.950477,training_point
09:49:35.121,2,-2.279478,1.418307,-2.243714,training_point
09:49:35.221,1,-3.949421,1.517701,-1.951845,training_point
09:49:35.222,2,-2.27821,1.418179,-2.243677,training_point
09:49:35.321,1,-3.949855,1.517313,-1.952822,training_point
09:49:35.321,2,-2.277411,1.418176,-2.243393,training_point
09:49:35.422,1,-3.951026,1.521075,-1.953578,training_point
09:49:35.423,2,-2.275974,1.417972,-2.243514,training_point
09:49:35.520,1,-3.951258,1.52557,-1.953871,training_point
09:49:35.521,2,-2.274244,1.417945,-2.243734,training_point
09:49:35.621,1,-3.951274,1.527598,-1.954121,training_point
09:49:35.622,2,-2.273181,1.418175,-2.243896,training_point
09:49:35.721,1,-3.952141,1.526866,-1.955728,training_point
09:49:35.721,2,-2.27194,1.418098,-2.244158,training_point
09:49:35.803,1,-3.950493,1.528629,-1.956483,training_point
09:49:35.804,2,-2.270473,1.418568,-2.246366,training_point
09:49:35.887,1,-3.948836,1.530224,-1.955819,training_point
09:49:35.887,2,-2.269441,1.418592,-2.247387,training_point
09:49:35.988,1,-3.945667,1.531656,-1.955735,training_point
09:49:35.988,2,-2.268504,1.418548,-2.24903,training_point
09:49:36.088,1,-3.948788,1.532065,-1.956725,training_point
09:49:36.088,2,-2.267923,1.418426,-2.251256,training_point
09:49:36.187,1,-3.951116,1.531109,-1.958619,training_point
09:49:36.187,2,-2.266698,1.418256,-2.253222,training_point
09:49:36.287,1,-3.951939,1.530298,-1.959361,training_point
09:49:36.288,2,-2.265577,1.418094,-2.255533,training_point
09:49:36.388,1,-3.952897,1.52988,-1.960354,training_point
09:49:36.388,2,-2.264093,1.418343,-2.257602,training_point
09:49:36.489,1,-3.952642,1.529872,-1.961125,training_point
09:49:36.489,2,-2.262349,1.418736,-2.259485,training_point
09:49:36.588,1,-3.954217,1.530482,-1.962655,training_point
09:49:36.588,2,-2.260885,1.418769,-2.262277,training_point
09:49:36.688,1,-3.954778,1.528764,-1.962538,training_point
09:49:36.688,2,-2.259718,1.419177,-2.26376,training_point
09:49:36.787,1,-3.955609,1.528928,-1.963103,training_point
09:49:36.787,2,-2.258809,1.419238,-2.265332,training_point
09:49:36.887,1,-3.955615,1.528444,-1.963646,training_point
09:49:36.888,2,-2.257101,1.41909,-2.266832,training_point
09:49:36.988,1,-3.956454,1.528134,-1.963273,training_point
09:49:36.988,2,-2.255818,1.419112,-2.267509,training_point
09:49:37.087,1,-3.957517,1.528691,-1.963956,training_point
09:49:37.087,2,-2.254436,1.419167,-2.268074,training_point
09:49:37.187,1,-3.959108,1.528736,-1.964846,training_point
09:49:37.188,2,-2.253439,1.419089,-2.268075,training_point
09:49:37.287,1,-3.959595,1.528056,-1.964764,training_point
09:49:37.287,2,-2.252806,1.41944,-2.268096,training_point
09:49:37.370,1,-3.958717,1.52805,-1.96624,training_point
09:49:37.371,2,-2.251947,1.419648,-2.268002,training_point
09:49:37.454,1,-3.959068,1.527255,-1.96608,training_point
09:49:37.454,2,-2.251429,1.419483,-2.267923,training_point
09:49:37.554,1,-3.958981,1.52742,-1.966112,training_point
09:49:37.554,2,-2.250729,1.418987,-2.267392,training_point
09:49:37.654,1,-3.960574,1.527136,-1.968876,training_point
09:49:37.654,2,-2.250315,1.419108,-2.267157,training_point
09:49:37.737,1,-3.960069,1.52646,-1.968426,training_point
09:49:37.737,2,-2.249976,1.418723,-2.266795,training_point
09:49:37.820,1,-3.961471,1.526865,-1.969007,training_point
09:49:37.820,2,-2.250121,1.418468,-2.266105,training_point
09:49:37.921,1,-3.960933,1.526399,-1.969485,training_point
09:49:37.922,2,-2.249999,1.418231,-2.265898,training_point
09:49:38.021,1,-3.958996,1.52703,-1.968852,training_point
09:49:38.021,2,-2.249527,1.417846,-2.2658,training_point
09:49:38.104,1,-3.95764,1.526314,-1.968645,training_point
09:49:38.104,2,-2.248865,1.417549,-2.26591,training_point
09:49:38.189,1,-3.957986,1.525297,-1.96899,training_point
09:49:38.189,2,-2.248885,1.417081,-2.265859,training_point
09:49:38.287,1,-3.958737,1.525326,-1.96991,training_point
09:49:38.287,2,-2.248646,1.416986,-2.265287,training_point
09:49:38.387,1,-3.95974,1.52601,-1.970332,training_point
09:49:38.388,2,-2.24834,1.416576,-2.2652,training_point
09:49:38.489,1,-3.95895,1.526007,-1.971152,training_point
09:49:38.489,2,-2.24817,1.415877,-2.265162,training_point
09:49:38.587,1,-3.957615,1.526003,-1.971431,training_point
09:49:38.587,2,-2.248083,1.415158,-2.265202,training_point
09:49:38.687,1,-3.956846,1.524624,-1.971482,training_point
09:49:38.687,2,-2.247623,1.414907,-2.265323,training_point
09:49:38.788,1,-3.956702,1.525866,-1.969751,training_point
09:49:38.789,2,-2.247295,1.413951,-2.265302,training_point
09:49:38.887,1,-3.957682,1.526675,-1.969706,training_point
09:49:38.887,2,-2.247049,1.413746,-2.265522,training_point
09:49:38.988,1,-3.958598,1.528396,-1.969388,training_point
09:49:38.988,2,-2.24695,1.413301,-2.265955,training_point
09:49:39.070,1,-3.958274,1.528464,-1.968169,training_point
09:49:39.070,2,-2.247154,1.412415,-2.266163,training_point
09:49:39.154,1,-3.959031,1.527384,-1.967164,training_point
09:49:39.154,2,-2.247189,1.410887,-2.266431,training_point
09:49:39.254,1,-3.958909,1.527423,-1.966355,training_point
09:49:39.255,2,-2.247113,1.410502,-2.266308,training_point
09:49:39.337,1,-3.958891,1.525998,-1.965453,training_point
09:49:39.337,2,-2.247111,1.409716,-2.266426,training_point
09:49:39.421,1,-3.958172,1.525423,-1.965548,training_point
09:49:39.422,2,-2.247178,1.408805,-2.266454,training_point
09:49:39.521,1,-3.957766,1.525309,-1.965216,training_point
09:49:39.522,2,-2.247381,1.408141,-2.266444,training_point
09:49:39.622,1,-3.958975,1.52569,-1.964445,training_point
09:49:39.622,2,-2.247662,1.407834,-2.266569,training_point
09:49:39.704,1,-3.95697,1.526337,-1.963811,training_point
09:49:39.704,2,-2.248175,1.407652,-2.266601,training_point
09:49:39.787,1,-3.955716,1.52555,-1.963167,training_point
09:49:39.787,2,-2.248046,1.407531,-2.26676,training_point
09:49:39.889,1,-3.957618,1.527097,-1.962985,training_point
09:49:39.889,2,-2.247991,1.406922,-2.26661,training_point
09:49:39.989,1,-3.95805,1.526321,-1.962781,training_point
09:49:39.989,2,-2.248564,1.406963,-2.266381,training_point
09:49:40.087,1,-3.959327,1.524797,-1.963176,training_point
09:49:40.088,2,-2.248428,1.406814,-2.266349,training_point
09:49:40.188,1,-3.957025,1.525481,-1.963285,training_point
09:49:40.188,2,-2.248313,1.406852,-2.266402,training_point
09:49:40.270,1,-3.959111,1.523508,-1.964889,training_point
09:49:40.270,2,-2.247884,1.406746,-2.265935,training_point
09:49:40.354,1,-3.957481,1.523244,-1.963711,training_point
09:49:40.354,2,-2.247862,1.407079,-2.265956,training_point
09:49:40.454,1,-3.959585,1.522939,-1.96479,training_point
09:49:40.455,2,-2.24762,1.407121,-2.265849,training_point
09:49:40.554,1,-3.958193,1.521724,-1.963465,training_point
09:49:40.555,2,-2.247394,1.406907,-2.265506,training_point
09:49:40.654,1,-3.958319,1.52277,-1.963225,training_point
09:49:40.654,2,-2.247286,1.406917,-2.264905,training_point
09:49:40.754,1,-3.959267,1.522079,-1.962278,training_point
09:49:40.755,2,-2.247047,1.406611,-2.264979,training_point
09:49:40.854,1,-3.957834,1.521961,-1.962639,training_point
09:49:40.854,2,-2.246889,1.40648,-2.26487,training_point
09:49:40.955,1,-3.958255,1.522146,-1.963148,training_point
09:49:40.955,2,-2.247016,1.40648,-2.264398,training_point
09:49:41.037,1,-3.960857,1.523158,-1.962239,training_point
09:49:41.037,2,-2.24729,1.406357,-2.263883,training_point
09:49:41.120,1,-3.95965,1.524109,-1.962759,training_point
09:49:41.121,2,-2.247611,1.40638,-2.263873,training_point
09:49:41.204,1,-3.959113,1.523225,-1.962676,training_point
09:49:41.204,2,-2.247869,1.406157,-2.263703,training_point
09:49:41.287,1,-3.958792,1.522419,-1.962534,training_point
09:49:41.287,2,-2.247896,1.406155,-2.263408,training_point
09:49:41.388,1,-3.95803,1.522188,-1.96256,training_point
09:49:41.388,2,-2.24782,1.406404,-2.263614,training_point
09:49:41.470,1,-3.959138,1.521038,-1.963072,training_point
09:49:41.470,2,-2.247701,1.406451,-2.263519,training_point
09:49:41.554,1,-3.956611,1.52192,-1.962883,training_point
09:49:41.554,2,-2.247627,1.406486,-2.263485,training_point
09:49:41.637,1,-3.958072,1.5216,-1.963807,training_point
09:49:41.637,2,-2.247378,1.40638,-2.263608,training_point
09:49:41.738,1,-3.957586,1.521923,-1.96418,training_point
09:49:41.739,2,-2.247355,1.406312,-2.263639,training_point
09:49:41.838,1,-3.95654,1.522291,-1.964186,training_point
09:49:41.838,2,-2.247197,1.406341,-2.263627,training_point
09:49:41.939,1,-3.956318,1.521689,-1.96433,training_point
09:49:41.939,2,-2.246759,1.406371,-2.263929,training_point
09:49:42.020,1,-3.95699,1.522072,-1.964153,training_point
09:49:42.020,2,-2.2467,1.406468,-2.264205,training_point
09:49:42.104,1,-3.957663,1.52116,-1.96251,training_point
09:49:42.104,2,-2.246563,1.406489,-2.264243,training_point
09:49:42.206,1,-3.95598,1.521096,-1.963505,training_point
09:49:42.206,2,-2.246755,1.406652,-2.264314,training_point
09:49:42.304,1,-3.957619,1.520438,-1.963862,training_point
09:49:42.304,2,-2.246622,1.406617,-2.26421,training_point
09:49:42.404,1,-3.957531,1.521074,-1.963972,training_point
09:49:42.404,2,-2.246422,1.406329,-2.264122,training_point
09:49:42.505,1,-3.955796,1.520997,-1.964484,training_point
09:49:42.505,2,-2.246355,1.406371,-2.263993,training_point
09:49:42.604,1,-3.955428,1.521852,-1.962696,training_point
09:49:42.605,2,-2.246053,1.406321,-2.26392,training_point
09:49:42.706,1,-3.956489,1.522568,-1.963294,training_point
09:49:42.706,2,-2.24586,1.406318,-2.263906,training_point
09:49:42.805,1,-3.956626,1.522699,-1.963474,training_point
09:49:42.805,2,-2.246949,1.40604,-2.263497,training_point
09:49:42.887,1,-3.953876,1.522662,-1.962337,training_point
09:49:42.887,2,-2.246209,1.405666,-2.2634,training_point
09:49:43.020,1,-3.953925,1.522624,-1.962431,training_point
09:49:43.020,2,-2.245709,1.405934,-2.263526,training_point
09:49:43.104,1,-3.954297,1.520411,-1.962618,training_point
09:49:43.105,2,-2.245566,1.405957,-2.263509,training_point
09:49:43.204,1,-3.953577,1.520014,-1.962567,training_point
09:49:43.205,2,-2.245531,1.405677,-2.263503,training_point
09:49:43.304,1,-3.954756,1.521789,-1.962833,training_point
09:49:43.306,2,-2.246133,1.405901,-2.263241,training_point
09:49:43.404,1,-3.953994,1.520362,-1.962878,training_point
09:49:43.405,2,-2.245976,1.406487,-2.263359,training_point
09:49:43.487,1,-3.954498,1.521122,-1.962544,training_point
09:49:43.487,2,-2.247027,1.406528,-2.262804,training_point
09:49:43.570,1,-3.954381,1.523353,-1.962086,training_point
09:49:43.570,2,-2.246092,1.407135,-2.262873,training_point
09:49:43.654,1,-3.954029,1.523294,-1.961739,training_point
09:49:43.654,2,-2.245977,1.407093,-2.262933,training_point
09:49:43.755,1,-3.953941,1.522243,-1.960796,training_point
09:49:43.755,2,-2.245649,1.407223,-2.262873,training_point
09:49:43.854,1,-3.954919,1.522745,-1.960187,training_point
09:49:43.854,2,-2.245538,1.407121,-2.262902,training_point
09:49:43.937,1,-3.95509,1.523524,-1.961226,training_point
09:49:43.937,2,-2.245257,1.407201,-2.262877,training_point
09:49:44.021,1,-3.955378,1.521776,-1.961965,training_point
09:49:44.021,2,-2.244994,1.406958,-2.262735,training_point
09:49:44.122,1,-3.955057,1.522469,-1.961153,training_point
09:49:44.123,2,-2.244782,1.407226,-2.262537,training_point
09:49:44.204,1,-3.954721,1.522511,-1.960699,training_point
09:49:44.204,2,-2.244359,1.407012,-2.262069,training_point
09:49:44.287,1,-3.954222,1.522558,-1.960842,training_point
09:49:44.287,2,-2.244452,1.40709,-2.261624,training_point
09:49:44.388,1,-3.953836,1.520965,-1.960849,training_point
09:49:44.389,2,-2.243588,1.407165,-2.261414,training_point
09:49:44.487,1,-3.953572,1.522634,-1.960712,training_point
09:49:44.487,2,-2.243506,1.407538,-2.261246,training_point
09:49:44.571,1,-3.953699,1.522765,-1.959457,training_point
09:49:44.571,2,-2.243507,1.407589,-2.261055,training_point
09:49:44.654,1,-3.953731,1.52206,-1.9604,training_point
09:49:44.654,2,-2.243511,1.407559,-2.260919,training_point
09:49:44.754,1,-3.953384,1.521314,-1.960364,training_point
09:49:44.755,2,-2.243211,1.407437,-2.26084,training_point
09:49:44.854,1,-3.954353,1.52108,-1.958841,training_point
09:49:44.854,2,-2.243098,1.407322,-2.260305,training_point
09:49:44.955,1,-3.953147,1.520943,-1.959652,training_point
09:49:44.955,2,-2.243144,1.407459,-2.260147,training_point
09:49:45.054,1,-3.953268,1.523122,-1.95966,training_point
09:49:45.055,2,-2.24443,1.407371,-2.25966,training_point
09:49:45.156,1,-3.953362,1.522468,-1.961277,training_point
09:49:45.156,2,-2.244274,1.407162,-2.259533,training_point
09:49:45.237,1,-3.953327,1.522179,-1.961732,training_point
09:49:45.237,2,-2.245265,1.407132,-2.259464,training_point
09:49:45.320,1,-3.95348,1.522725,-1.962243,training_point
09:49:45.320,2,-2.244947,1.407148,-2.259575,training_point
09:49:45.422,1,-3.957215,1.521763,-1.964574,training_point
09:49:45.422,2,-2.245659,1.407311,-2.259482,training_point
09:49:45.521,1,-3.956811,1.523349,-1.964461,training_point
09:49:45.521,2,-2.245142,1.407121,-2.259704,training_point
09:49:45.620,1,-3.955071,1.523184,-1.964135,training_point
09:49:45.621,2,-2.245177,1.40698,-2.259795,training_point
09:49:45.721,1,-3.955421,1.522386,-1.9633,training_point
09:49:45.722,2,-2.244796,1.406956,-2.26025,training_point
09:49:45.821,1,-3.956977,1.523839,-1.965239,training_point
09:49:45.821,2,-2.244764,1.407114,-2.260603,training_point
09:49:45.904,1,-3.960085,1.522769,-1.96705,training_point
09:49:45.904,2,-2.24438,1.407386,-2.260935,training_point
09:49:45.988,1,-3.958453,1.523341,-1.965434,training_point
09:49:45.988,2,-2.244333,1.407298,-2.261358,training_point
09:49:46.087,1,-3.958125,1.524354,-1.96444,training_point
09:49:46.088,2,-2.244297,1.407017,-2.261491,training_point
09:49:46.188,1,-3.958835,1.522321,-1.964894,training_point
09:49:46.188,2,-2.244483,1.406937,-2.26156,training_point
09:49:46.287,1,-3.959094,1.522404,-1.963791,training_point
09:49:46.288,2,-2.244644,1.406924,-2.261089,training_point
09:49:46.387,1,-3.957937,1.522106,-1.964118,training_point
09:49:46.388,2,-2.244523,1.407237,-2.261196,training_point
09:49:46.488,1,-3.957471,1.522649,-1.96349,training_point
09:49:46.489,2,-2.245522,1.407165,-2.261027,training_point
09:49:46.589,1,-3.959685,1.522797,-1.963001,training_point
09:49:46.589,2,-2.244927,1.407395,-2.2606,training_point
09:49:46.689,1,-3.961317,1.524436,-1.963981,training_point
09:49:46.690,2,-2.244305,1.407348,-2.260404,training_point
09:49:46.789,1,-3.95761,1.523639,-1.963734,training_point
09:49:46.790,2,-2.243618,1.407299,-2.260033,training_point
09:49:46.887,1,-3.955335,1.523485,-1.961868,training_point
09:49:46.887,2,-2.243763,1.407224,-2.259821,training_point
09:49:46.970,1,-3.957999,1.522519,-1.963475,training_point
09:49:46.971,2,-2.242569,1.407305,-2.259074,training_point
09:49:47.054,1,-3.956372,1.521837,-1.962371,training_point
09:49:47.054,2,-2.242221,1.407168,-2.259169,training_point
09:49:47.137,1,-3.955398,1.520967,-1.96227,training_point
09:49:47.138,2,-2.241467,1.407345,-2.258817,training_point
09:49:47.220,1,-3.957293,1.521595,-1.963743,training_point
09:49:47.221,2,-2.241418,1.407303,-2.258997,training_point
09:49:47.305,1,-3.958474,1.522455,-1.963811,training_point
09:49:47.305,2,-2.241406,1.407113,-2.258962,training_point
09:49:47.404,1,-3.957708,1.520991,-1.963872,training_point
09:49:47.405,2,-2.24105,1.407119,-2.258738,training_point
09:49:47.505,1,-3.956902,1.524933,-1.963746,training_point
09:49:47.507,2,-2.241025,1.40715,-2.259065,training_point
09:49:47.604,1,-3.955612,1.522002,-1.963895,training_point
09:49:47.605,2,-2.240712,1.407133,-2.259359,training_point
09:49:47.687,1,-3.95876,1.521761,-1.965316,training_point
09:49:47.687,2,-2.239987,1.406917,-2.259217,training_point
09:49:47.770,1,-3.958454,1.522964,-1.964146,training_point
09:49:47.770,2,-2.239562,1.406945,-2.259076,training_point
09:49:47.873,1,-3.958955,1.524421,-1.963257,training_point
09:49:47.873,2,-2.239558,1.40703,-2.258776,training_point
09:49:47.971,1,-3.956773,1.523901,-1.963394,training_point
09:49:47.971,2,-2.239166,1.407188,-2.258737,training_point
09:49:48.072,1,-3.954397,1.522096,-1.962261,training_point
09:49:48.072,2,-2.239218,1.407121,-2.258717,training_point
09:49:48.154,1,-3.954819,1.522047,-1.961665,training_point
09:49:48.154,2,-2.238937,1.407351,-2.258644,training_point
09:49:48.237,1,-3.953962,1.521124,-1.96274,training_point
09:49:48.237,2,-2.23884,1.407438,-2.25876,training_point
09:49:48.338,1,-3.955714,1.520661,-1.964685,training_point
09:49:48.338,2,-2.239052,1.407569,-2.258625,training_point
09:49:48.437,1,-3.955203,1.5209,-1.963529,training_point
09:49:48.438,2,-2.241014,1.407526,-2.259148,training_point
09:49:48.537,1,-3.954815,1.520566,-1.964769,training_point
09:49:48.538,2,-2.241207,1.407362,-2.259489,training_point
09:49:48.638,1,-3.955256,1.52079,-1.964098,training_point
09:49:48.639,2,-2.241133,1.407285,-2.2599,training_point
09:49:48.738,1,-3.95333,1.519399,-1.963244,training_point
09:49:48.738,2,-2.241633,1.407281,-2.260935,training_point
09:49:48.837,1,-3.953527,1.517561,-1.962931,training_point
09:49:48.838,2,-2.241885,1.407096,-2.261552,training_point
09:49:48.920,1,-3.953116,1.520888,-1.96312,training_point
09:49:48.920,2,-2.241854,1.406849,-2.262275,training_point
09:49:49.004,1,-3.952302,1.521727,-1.962533,training_point
09:49:49.004,2,-2.241876,1.406849,-2.262642,training_point
09:49:49.105,1,-3.953493,1.52132,-1.962091,training_point
09:49:49.105,2,-2.24212,1.406694,-2.262917,training_point
09:49:49.204,1,-3.954913,1.521389,-1.962644,training_point
09:49:49.204,2,-2.242196,1.40678,-2.263202,training_point
09:49:49.304,1,-3.954952,1.520634,-1.962377,training_point
09:49:49.304,2,-2.242238,1.406614,-2.263972,training_point
09:49:49.406,1,-3.954825,1.521519,-1.961715,training_point
09:49:49.406,2,-2.242325,1.406956,-2.263797,training_point
09:49:49.504,1,-3.954722,1.521609,-1.961237,training_point
09:49:49.505,2,-2.242358,1.406766,-2.26404,training_point
09:49:49.606,1,-3.955121,1.520335,-1.961379,training_point
09:49:49.606,2,-2.242329,1.406922,-2.26402,training_point
09:49:49.705,1,-3.954291,1.519977,-1.961219,training_point
09:49:49.705,2,-2.241957,1.406941,-2.264031,training_point
09:49:49.805,1,-3.954207,1.521705,-1.961876,training_point
09:49:49.805,2,-2.242349,1.406784,-2.264031,training_point
09:49:49.904,1,-3.954519,1.520193,-1.961668,training_point
09:49:49.904,2,-2.242326,1.406281,-2.263419,training_point
09:49:50.005,1,-3.95437,1.52087,-1.96225,training_point
09:49:50.005,2,-2.242116,1.40649,-2.263322,training_point
09:49:50.105,1,-3.956191,1.521283,-1.963621,training_point
09:49:50.105,2,-2.241684,1.406069,-2.263173,training_point
09:49:50.204,1,-3.95471,1.518655,-1.963755,training_point
09:49:50.204,2,-2.240655,1.406021,-2.262979,training_point
09:49:50.304,1,-3.954687,1.520247,-1.963959,training_point
09:49:50.305,2,-2.240355,1.406005,-2.263182,training_point
09:49:50.404,1,-3.954202,1.520009,-1.963787,training_point
09:49:50.404,2,-2.23977,1.405984,-2.263135,training_point
09:49:50.504,1,-3.954115,1.520742,-1.964145,training_point
09:49:50.504,2,-2.238899,1.406162,-2.262527,training_point
09:49:50.605,1,-3.952804,1.52001,-1.963798,training_point
09:49:50.605,2,-2.241301,1.406093,-2.261866,training_point
09:49:50.705,1,-3.954723,1.518483,-1.964485,training_point
09:49:50.705,2,-2.240687,1.405677,-2.261477,training_point
09:49:50.804,1,-3.954194,1.518972,-1.964832,training_point
09:49:50.805,2,-2.240259,1.405696,-2.261321,training_point
09:49:50.905,1,-3.953975,1.520514,-1.965151,training_point
09:49:50.905,2,-2.242699,1.405904,-2.261042,training_point
09:49:50.987,1,-3.953787,1.519909,-1.964967,training_point
09:49:50.988,2,-2.242101,1.405925,-2.260964,training_point
09:49:51.070,1,-3.95662,1.521831,-1.966636,training_point
09:49:51.071,2,-2.241071,1.406083,-2.260784,training_point
09:49:51.154,1,-3.955751,1.52319,-1.966247,training_point
09:49:51.154,2,-2.240241,1.406129,-2.260524,training_point
09:49:51.237,1,-3.961709,1.522777,-1.968314,training_point
09:49:51.237,2,-2.239758,1.406134,-2.260253,training_point
09:49:51.321,1,-3.967768,1.520155,-1.967964,training_point
09:49:51.321,2,-2.239597,1.406277,-2.260392,training_point
09:49:51.404,1,-3.973813,1.520946,-1.969106,training_point
09:49:51.404,2,-2.23954,1.406683,-2.260169,training_point
09:49:51.487,1,-3.977261,1.520289,-1.969755,training_point
09:49:51.488,2,-2.23906,1.406494,-2.26045,training_point
09:49:51.588,1,-3.980025,1.519855,-1.970913,training_point
09:49:51.588,2,-2.238674,1.406582,-2.26057,training_point
09:49:51.688,1,-3.983257,1.520127,-1.973386,training_point
09:49:51.688,2,-2.238549,1.406652,-2.261014,training_point
09:49:51.788,1,-3.983462,1.520021,-1.976603,training_point
09:49:51.788,2,-2.238569,1.406371,-2.260538,training_point
09:49:51.888,1,-3.978249,1.520196,-1.993288,training_point
09:49:51.888,2,-2.238546,1.406114,-2.259863,training_point
09:49:51.988,1,-3.969487,1.52084,-1.996417,training_point
09:49:51.988,2,-2.238366,1.405856,-2.259701,training_point
09:49:52.087,1,-3.951573,1.519715,-2.011568,training_point
09:49:52.087,2,-2.238631,1.405863,-2.259464,training_point
09:49:52.188,1,-3.926385,1.519004,-2.032515,training_point
09:49:52.188,2,-2.238586,1.405971,-2.259117,training_point
09:49:52.288,1,-3.909363,1.519802,-2.048681,training_point
09:49:52.288,2,-2.24028,1.405964,-2.25857,training_point
09:49:52.387,1,-3.892013,1.519708,-2.059851,training_point
09:49:52.387,2,-2.240706,1.406083,-2.258236,training_point
09:49:52.470,1,-3.87793,1.520131,-2.073112,training_point
09:49:52.471,2,-2.241169,1.405848,-2.258305,training_point
09:49:52.555,1,-3.873991,1.521287,-2.075136,training_point
09:49:52.555,2,-2.240946,1.406035,-2.258237,training_point
09:49:52.637,1,-3.875311,1.521136,-2.076171,training_point
09:49:52.637,2,-2.240131,1.406327,-2.257769,training_point
09:49:52.721,1,-3.878277,1.520998,-2.076198,training_point
09:49:52.722,2,-2.239817,1.406047,-2.258035,training_point
09:49:52.821,1,-3.890351,1.520666,-2.067021,training_point
09:49:52.821,2,-2.239394,1.406007,-2.258224,training_point
09:49:52.921,1,-3.904202,1.521092,-2.053558,training_point
09:49:52.922,2,-2.239054,1.406012,-2.25841,training_point
09:49:53.021,1,-3.916441,1.520874,-2.041108,training_point
09:49:53.021,2,-2.238824,1.405749,-2.258422,training_point
09:49:53.121,1,-3.931364,1.521641,-2.020819,training_point
09:49:53.122,2,-2.238575,1.405191,-2.258913,training_point
09:49:53.204,1,-3.93653,1.52134,-2.00535,training_point
09:49:53.204,2,-2.240726,1.404922,-2.259819,training_point
09:49:53.288,1,-3.941087,1.521477,-2.003542,training_point
09:49:53.288,2,-2.241574,1.404438,-2.259866,training_point
09:49:53.388,1,-3.945038,1.521301,-1.990342,training_point
09:49:53.388,2,-2.242728,1.404931,-2.259988,training_point
09:49:53.488,1,-3.951638,1.522434,-1.984489,training_point
09:49:53.488,2,-2.241979,1.405359,-2.260311,training_point
09:49:53.587,1,-3.956329,1.521748,-1.978114,training_point
09:49:53.588,2,-2.241701,1.40573,-2.260324,training_point
09:49:53.688,1,-3.957971,1.522254,-1.970515,training_point
09:49:53.688,2,-2.241787,1.405784,-2.260779,training_point
09:49:53.788,1,-3.956538,1.522196,-1.970053,training_point
09:49:53.788,2,-2.242598,1.406462,-2.261073,training_point
09:49:53.887,1,-3.956915,1.521778,-1.969355,training_point
09:49:53.888,2,-2.243107,1.406311,-2.261005,training_point
09:49:53.988,1,-3.957099,1.521012,-1.968796,training_point
09:49:53.988,2,-2.242376,1.406215,-2.261304,training_point
09:49:54.088,1,-3.956807,1.522406,-1.968063,training_point
09:49:54.088,2,-2.242277,1.406138,-2.26114,training_point
09:49:54.188,1,-3.957608,1.521126,-1.964764,training_point
09:49:54.188,2,-2.241623,1.405971,-2.261797,training_point
09:49:54.288,1,-3.957751,1.524167,-1.965093,training_point
09:49:54.288,2,-2.241705,1.405982,-2.261825,training_point
09:49:54.388,1,-3.957717,1.525987,-1.965707,training_point
09:49:54.388,2,-2.241973,1.406008,-2.26195,training_point
09:49:54.487,1,-3.957394,1.526891,-1.966778,training_point
09:49:54.488,2,-2.243319,1.406092,-2.26166,training_point
09:49:54.588,1,-3.958555,1.527836,-1.966904,training_point
09:49:54.588,2,-2.242803,1.406158,-2.261575,training_point
09:49:54.671,1,-3.958473,1.528107,-1.967675,training_point
09:49:54.671,2,-2.242309,1.405616,-2.261933,training_point
09:49:54.754,1,-3.958588,1.530502,-1.967776,training_point
09:49:54.754,2,-2.242114,1.405761,-2.262075,training_point
09:49:54.837,1,-3.957672,1.527047,-1.969673,training_point
09:49:54.837,2,-2.243214,1.405496,-2.26206,training_point
09:49:54.921,1,-3.958015,1.531285,-1.968659,training_point
09:49:54.921,2,-2.242761,1.405755,-2.262446,training_point
09:49:55.004,1,-3.958226,1.530188,-1.970669,training_point
09:49:55.004,2,-2.243272,1.405883,-2.2627,training_point
09:49:55.088,1,-3.958152,1.535647,-1.971314,training_point
09:49:55.088,2,-2.242602,1.406034,-2.262428,training_point
09:49:55.188,1,-3.957609,1.538889,-1.972121,training_point
09:49:55.188,2,-2.243111,1.405938,-2.26297,training_point
09:49:55.270,1,-3.957487,1.541625,-1.9728,training_point
09:49:55.271,2,-2.243053,1.406239,-2.263215,training_point
09:49:55.354,1,-3.956779,1.541748,-1.972709,training_point
09:49:55.354,2,-2.243027,1.405954,-2.263091,training_point
09:49:55.437,1,-3.956249,1.542086,-1.972825,training_point
09:49:55.437,2,-2.2417,1.406081,-2.263178,training_point
09:49:55.521,1,-3.955848,1.540762,-1.97307,training_point
09:49:55.521,2,-2.24083,1.406019,-2.263028,training_point
09:49:55.604,1,-3.95595,1.536412,-1.973223,training_point
09:49:55.604,2,-2.24003,1.405896,-2.262562,training_point
09:49:55.687,1,-3.955773,1.5346,-1.97394,training_point
09:49:55.687,2,-2.240913,1.405787,-2.26251,training_point
09:49:55.770,1,-3.955564,1.534754,-1.973888,training_point
09:49:55.771,2,-2.239675,1.405389,-2.262161,training_point
09:49:55.854,1,-3.955141,1.534586,-1.973801,training_point
09:49:55.855,2,-2.238964,1.405292,-2.262083,training_point
09:49:55.937,1,-3.954711,1.53601,-1.974091,training_point
09:49:55.937,2,-2.238589,1.404739,-2.261745,training_point
09:49:56.021,1,-3.953734,1.537108,-1.974129,training_point
09:49:56.022,2,-2.23836,1.405205,-2.261279,training_point
09:49:56.104,1,-3.953682,1.533879,-1.975084,training_point
09:49:56.104,2,-2.237815,1.40517,-2.260359,training_point
09:49:56.188,1,-3.953626,1.534952,-1.975295,training_point
09:49:56.188,2,-2.237693,1.405615,-2.259959,training_point
09:49:56.288,1,-3.95394,1.53258,-1.975432,training_point
09:49:56.288,2,-2.237551,1.4052,-2.25978,training_point
09:49:56.388,1,-3.953509,1.531416,-1.975207,training_point
09:49:56.388,2,-2.236684,1.404903,-2.259176,training_point
09:49:56.488,1,-3.953237,1.534155,-1.975421,training_point
09:49:56.488,2,-2.236521,1.404685,-2.258086,training_point
09:49:56.587,1,-3.952372,1.534508,-1.975935,training_point
09:49:56.588,2,-2.235866,1.405178,-2.257834,training_point
09:49:56.687,1,-3.952115,1.534304,-1.976875,training_point
09:49:56.688,2,-2.235265,1.405444,-2.256906,training_point
09:49:56.787,1,-3.952668,1.53413,-1.977,training_point
09:49:56.787,2,-2.235005,1.405366,-2.255833,training_point
09:49:56.905,1,-3.953119,1.53432,-1.977095,training_point
09:49:56.905,2,-2.235375,1.405511,-2.255126,training_point
09:49:57.004,1,-3.952649,1.535895,-1.977232,training_point
09:49:57.004,2,-2.235381,1.405252,-2.254861,training_point
09:49:57.087,1,-3.952118,1.535815,-1.977713,training_point
09:49:57.087,2,-2.234952,1.405174,-2.2541,training_point
09:49:57.188,1,-3.951639,1.535445,-1.979006,training_point
09:49:57.188,2,-2.234488,1.405037,-2.253712,training_point
09:49:57.288,1,-3.951675,1.535432,-1.979752,training_point
09:49:57.288,2,-2.234524,1.405563,-2.253476,training_point
09:49:57.388,1,-3.951108,1.536416,-1.980291,training_point
09:49:57.388,2,-2.234617,1.405403,-2.253235,training_point
09:49:57.487,1,-3.951148,1.536216,-1.980487,training_point
09:49:57.487,2,-2.2347,1.405335,-2.253207,training_point
09:49:57.589,1,-3.950647,1.536515,-1.9804,training_point
09:49:57.590,2,-2.23471,1.405493,-2.253145,training_point
09:49:57.704,1,-3.949306,1.536838,-1.981441,training_point
09:49:57.704,2,-2.23769,1.405601,-2.253615,training_point
09:49:57.805,1,-3.949806,1.538814,-1.981116,training_point
09:49:57.805,2,-2.23708,1.405389,-2.253678,training_point
09:49:57.904,1,-3.949502,1.537306,-1.981187,training_point
09:49:57.904,2,-2.238721,1.405539,-2.254903,training_point
09:49:58.004,1,-3.950313,1.536902,-1.981991,training_point
09:49:58.004,2,-2.237993,1.405077,-2.254863,training_point
09:49:58.105,1,-3.950548,1.536882,-1.982157,training_point
09:49:58.105,2,-2.239241,1.405207,-2.25547,training_point
09:49:58.204,1,-3.950478,1.536108,-1.982398,training_point
09:49:58.204,2,-2.23886,1.405146,-2.255184,training_point
09:49:58.304,1,-3.949593,1.536413,-1.983517,training_point
09:49:58.304,2,-2.238364,1.405863,-2.254883,training_point
09:49:58.405,1,-3.948503,1.536843,-1.985019,training_point
09:49:58.405,2,-2.238061,1.405576,-2.254424,training_point
09:49:58.504,1,-3.948338,1.537412,-1.984826,training_point
09:49:58.504,2,-2.238885,1.405159,-2.254914,training_point
09:49:58.604,1,-3.948035,1.537325,-1.984339,training_point
09:49:58.604,2,-2.238789,1.405117,-2.254762,training_point
09:49:58.704,1,-3.947684,1.536791,-1.984537,training_point
09:49:58.705,2,-2.240552,1.405194,-2.25475,training_point
09:49:58.804,1,-3.947336,1.535961,-1.984595,training_point
09:49:58.804,2,-2.241406,1.405092,-2.254674,training_point
09:49:58.904,1,-3.947199,1.53612,-1.98641,training_point
09:49:58.904,2,-2.240438,1.405117,-2.254712,training_point
09:49:59.005,1,-3.94766,1.535834,-1.986047,training_point
09:49:59.005,2,-2.241207,1.405083,-2.255384,training_point
09:49:59.121,1,-3.947459,1.536235,-1.98519,training_point
09:49:59.121,2,-2.239995,1.404727,-2.256057,training_point
09:49:59.221,1,-3.948808,1.535879,-1.986368,training_point
09:49:59.222,2,-2.241061,1.404481,-2.257278,training_point
09:49:59.338,1,-3.949055,1.535689,-1.987162,training_point
09:49:59.338,2,-2.241155,1.404399,-2.258149,training_point
09:49:59.438,1,-3.948143,1.535525,-1.989095,training_point
09:49:59.438,2,-2.241146,1.404519,-2.258412,training_point
09:49:59.554,1,-3.948025,1.535408,-1.989327,training_point
09:49:59.554,2,-2.242387,1.404696,-2.259188,training_point
09:49:59.671,1,-3.946751,1.535059,-1.989686,training_point
09:49:59.672,2,-2.242548,1.404676,-2.259296,training_point
09:49:59.771,1,-3.945612,1.534915,-1.991543,training_point
09:49:59.771,2,-2.242254,1.404916,-2.258969,training_point
09:49:59.871,1,-3.944303,1.534321,-1.993128,training_point
09:49:59.872,2,-2.240613,1.404897,-2.258532,training_point
09:49:59.988,1,-3.943118,1.534362,-1.996762,training_point
09:49:59.989,2,-2.24122,1.405152,-2.258098,training_point
09:50:00.087,1,-3.94332,1.53399,-1.997083,training_point
09:50:00.088,2,-2.240171,1.405344,-2.258252,training_point
09:50:00.187,1,-3.942943,1.534767,-1.995331,training_point
09:50:00.187,2,-2.241567,1.405247,-2.257489,training_point
09:50:00.288,1,-3.943854,1.53537,-1.993637,training_point
09:50:00.288,2,-2.241347,1.405113,-2.25701,training_point
09:50:00.388,1,-3.939797,1.535688,-1.997063,training_point
09:50:00.388,2,-2.239858,1.405023,-2.256839,training_point
09:50:00.505,1,-3.942259,1.53526,-1.994472,training_point
09:50:00.505,2,-2.23946,1.40537,-2.256318,training_point
09:50:00.605,1,-3.94073,1.535481,-1.994666,training_point
09:50:00.605,2,-2.238947,1.40532,-2.256082,training_point
09:50:00.721,1,-3.939476,1.534949,-1.995861,training_point
09:50:00.722,2,-2.238607,1.40524,-2.256166,training_point
09:50:00.838,1,-3.939436,1.535644,-1.996728,training_point
09:50:00.838,2,-2.239788,1.40539,-2.256382,training_point
09:50:00.938,1,-3.938517,1.536046,-1.999812,training_point
09:50:00.938,2,-2.240804,1.40534,-2.256081,training_point
09:50:01.037,1,-3.937859,1.53638,-2.000825,training_point
09:50:01.038,2,-2.240052,1.405564,-2.255798,training_point
09:50:01.137,1,-3.937622,1.536701,-2.0007,training_point
09:50:01.137,2,-2.240524,1.405673,-2.256,training_point
09:50:01.237,1,-3.936834,1.536609,-2.000528,training_point
09:50:01.238,2,-2.239634,1.405658,-2.255428,training_point
09:50:01.337,1,-3.935668,1.536783,-2.00006,training_point
09:50:01.338,2,-2.240052,1.405938,-2.254543,training_point
09:50:01.437,1,-3.93551,1.5364,-1.997124,training_point
09:50:01.437,2,-2.240171,1.406015,-2.254454,training_point
09:50:01.538,1,-3.93511,1.535138,-1.997112,training_point
09:50:01.538,2,-2.239722,1.40596,-2.253892,training_point
09:50:01.637,1,-3.933295,1.535297,-1.995872,training_point
09:50:01.637,2,-2.238829,1.405798,-2.253475,training_point
09:50:01.721,1,-3.933196,1.534717,-1.994173,training_point
09:50:01.722,2,-2.238557,1.405704,-2.253262,training_point
09:50:01.804,1,-3.930616,1.535398,-1.994113,training_point
09:50:01.804,2,-2.238449,1.405444,-2.253107,training_point
09:50:01.904,1,-3.931679,1.535373,-1.994432,training_point
09:50:01.904,2,-2.239108,1.405654,-2.253697,training_point
09:50:02.004,1,-3.929719,1.536047,-1.99302,training_point
09:50:02.004,2,-2.240729,1.405525,-2.253945,training_point
09:50:02.104,1,-3.931172,1.535574,-1.993916,training_point
09:50:02.104,2,-2.241748,1.405535,-2.254382,training_point
09:50:02.204,1,-3.930035,1.534197,-1.992425,training_point
09:50:02.205,2,-2.236942,1.405594,-2.25298,training_point
09:50:02.305,1,-3.93022,1.535513,-1.992382,training_point
09:50:02.305,2,-2.234517,1.405429,-2.252871,training_point
09:50:02.404,1,-3.930362,1.535316,-1.992918,training_point
09:50:02.405,2,-2.232307,1.405448,-2.253059,training_point
09:50:02.505,1,-3.929919,1.535613,-1.990874,training_point
09:50:02.505,2,-2.23121,1.405773,-2.253563,training_point
09:50:02.606,1,-3.928611,1.534831,-1.98902,training_point
09:50:02.606,2,-2.231166,1.405739,-2.255233,training_point
09:50:02.704,1,-3.927097,1.536673,-1.987527,training_point
09:50:02.704,2,-2.231426,1.405536,-2.255952,training_point
09:50:02.787,1,-3.926697,1.536933,-1.985321,training_point
09:50:02.787,2,-2.23265,1.405922,-2.254574,training_point
09:50:02.871,1,-3.926905,1.536054,-1.986492,training_point
09:50:02.871,2,-2.234733,1.405924,-2.252581,training_point
09:50:02.955,1,-3.925299,1.53724,-1.984945,training_point
09:50:02.955,2,-2.236851,1.40625,-2.250865,training_point
09:50:03.055,1,-3.924628,1.53648,-1.987176,training_point
09:50:03.055,2,-2.239455,1.406238,-2.249309,training_point
09:50:03.154,1,-3.922668,1.534675,-1.985771,training_point
09:50:03.155,2,-2.241667,1.405902,-2.247487,training_point
09:50:03.237,1,-3.922315,1.534903,-1.985416,training_point
09:50:03.237,2,-2.246182,1.406202,-2.244679,training_point
09:50:03.321,1,-3.922136,1.53475,-1.986174,training_point
09:50:03.321,2,-2.248826,1.405313,-2.243963,training_point
09:50:03.404,1,-3.922731,1.53424,-1.985619,training_point
09:50:03.404,2,-2.249913,1.40537,-2.243196,training_point
09:50:03.487,1,-3.923324,1.533923,-1.986141,training_point
09:50:03.488,2,-2.250618,1.405357,-2.242613,training_point
09:50:03.571,1,-3.925358,1.534404,-1.988376,training_point
09:50:03.571,2,-2.252462,1.405615,-2.242339,training_point
09:50:03.654,1,-3.925089,1.535329,-1.988166,training_point
09:50:03.654,2,-2.253403,1.405738,-2.242763,training_point
09:50:03.737,1,-3.924311,1.534954,-1.987528,training_point
09:50:03.737,2,-2.254193,1.405784,-2.244133,training_point
09:50:03.821,1,-3.926052,1.53226,-1.989638,training_point
09:50:03.822,2,-2.254533,1.40585,-2.245289,training_point
09:50:03.904,1,-3.926954,1.53179,-1.989368,training_point
09:50:03.904,2,-2.255011,1.405856,-2.246634,training_point
09:50:03.988,1,-3.929711,1.532679,-1.990614,training_point
09:50:03.989,2,-2.254972,1.405728,-2.248117,training_point
09:50:04.071,1,-3.928853,1.533064,-1.989783,training_point
09:50:04.071,2,-2.255288,1.406152,-2.248588,training_point
09:50:04.155,1,-3.927733,1.532803,-1.989039,training_point
09:50:04.155,2,-2.255391,1.406351,-2.249175,training_point
09:50:04.255,1,-3.927662,1.535677,-1.989262,training_point
09:50:04.255,2,-2.255521,1.406309,-2.251314,training_point
09:50:04.337,1,-3.928789,1.535607,-1.990283,training_point
09:50:04.337,2,-2.256199,1.406123,-2.252001,training_point
09:50:04.488,1,-3.930516,1.535995,-1.99162,training_point
09:50:04.488,2,-2.256403,1.405869,-2.252243,training_point
09:50:04.571,1,-3.929519,1.534824,-1.992789,training_point
09:50:04.571,2,-2.257052,1.405957,-2.252742,training_point
09:50:04.654,1,-3.928859,1.535184,-1.989608,training_point
09:50:04.654,2,-2.257387,1.406067,-2.252993,training_point
09:50:04.737,1,-3.927699,1.535026,-1.990137,training_point
09:50:04.737,2,-2.25763,1.405717,-2.254338,training_point
09:50:04.821,1,-3.928091,1.533607,-1.989793,training_point
09:50:04.821,2,-2.25751,1.406044,-2.254751,training_point
09:50:04.904,1,-3.928712,1.533191,-1.988338,training_point
09:50:04.904,2,-2.257131,1.405967,-2.255005,training_point
09:50:04.987,1,-3.930827,1.53394,-1.98855,training_point
09:50:04.988,2,-2.25722,1.405592,-2.254528,training_point
09:50:05.071,1,-3.928101,1.533554,-1.987679,training_point
09:50:05.071,2,-2.255542,1.40589,-2.25489,training_point
09:50:05.154,1,-3.926175,1.533468,-1.986166,training_point
09:50:05.154,2,-2.255742,1.405668,-2.253926,training_point
09:50:05.237,1,-3.926964,1.533648,-1.986394,training_point
09:50:05.238,2,-2.254682,1.4054,-2.252696,training_point
09:50:05.321,1,-3.929764,1.533435,-1.987271,training_point
09:50:05.322,2,-2.254285,1.405518,-2.251062,training_point
09:50:05.404,1,-3.926118,1.532409,-1.986765,training_point
09:50:05.404,2,-2.253604,1.405939,-2.250703,training_point
09:50:05.488,1,-3.927428,1.53449,-1.987608,training_point
09:50:05.488,2,-2.251089,1.407811,-2.251645,training_point
09:50:05.588,1,-3.926991,1.53445,-1.986409,training_point
09:50:05.589,2,-2.248379,1.409138,-2.254206,training_point
09:50:05.671,1,-3.926916,1.535831,-1.987212,training_point
09:50:05.671,2,-2.243257,1.410586,-2.257754,training_point
09:50:05.755,1,-3.92626,1.534962,-1.98445,training_point
09:50:05.755,2,-2.241679,1.411733,-2.25939,training_point
09:50:05.837,1,-3.928067,1.535564,-1.986895,training_point
09:50:05.837,2,-2.236651,1.41248,-2.262799,training_point
09:50:05.921,1,-3.927855,1.536182,-1.986994,training_point
09:50:05.922,2,-2.230386,1.413748,-2.266772,training_point
09:50:06.021,1,-3.928846,1.5349,-1.988111,training_point
09:50:06.021,2,-2.222909,1.414492,-2.270414,training_point
09:50:06.104,1,-3.926382,1.534737,-1.987512,training_point
09:50:06.104,2,-2.217197,1.414615,-2.272992,training_point
09:50:06.188,1,-3.928092,1.533228,-1.989562,training_point
09:50:06.188,2,-2.21524,1.414781,-2.274598,training_point
09:50:06.271,1,-3.924577,1.533373,-1.989989,training_point
09:50:06.271,2,-2.214525,1.414828,-2.275901,training_point
09:50:06.354,1,-3.923299,1.53509,-1.98736,training_point
09:50:06.355,2,-2.21369,1.414979,-2.276267,training_point
09:50:06.437,1,-3.923818,1.536216,-1.987285,training_point
09:50:06.438,2,-2.21386,1.414696,-2.276852,training_point
09:50:06.521,1,-3.925427,1.533448,-1.988273,training_point
09:50:06.522,2,-2.213634,1.414619,-2.277658,training_point
09:50:06.604,1,-3.925725,1.534975,-1.988258,training_point
09:50:06.604,2,-2.215189,1.414208,-2.276743,training_point
09:50:06.688,1,-3.927963,1.533045,-1.990811,training_point
09:50:06.689,2,-2.216265,1.413867,-2.275789,training_point
09:50:06.788,1,-3.926198,1.534242,-1.989557,training_point
09:50:06.789,2,-2.217134,1.41368,-2.275516,training_point
09:50:06.871,1,-3.927493,1.53477,-1.991292,training_point
09:50:06.871,2,-2.218727,1.41374,-2.274059,training_point
09:50:06.955,1,-3.926195,1.534817,-1.990952,training_point
09:50:06.955,2,-2.219912,1.413438,-2.273034,training_point
09:50:07.037,1,-3.92805,1.534731,-1.991733,training_point
09:50:07.037,2,-2.221249,1.413168,-2.272684,training_point
09:50:07.121,1,-3.927909,1.533637,-1.992808,training_point
09:50:07.122,2,-2.222236,1.413143,-2.273056,training_point
09:50:07.204,1,-3.92803,1.533034,-1.993206,training_point
09:50:07.204,2,-2.223016,1.413041,-2.273467,training_point
09:50:07.288,1,-3.929374,1.535956,-1.993975,training_point
09:50:07.288,2,-2.223227,1.412744,-2.273586,training_point
09:50:07.371,1,-3.932163,1.53607,-1.997084,training_point
09:50:07.371,2,-2.224566,1.412126,-2.270808,training_point
09:50:07.455,1,-3.930547,1.534762,-1.99654,training_point
09:50:07.455,2,-2.225963,1.412029,-2.2689,training_point
09:50:07.537,1,-3.931617,1.535711,-1.998205,training_point
09:50:07.537,2,-2.227956,1.411818,-2.267957,training_point
09:50:07.671,1,-3.934641,1.533977,-2.000097,training_point
09:50:07.671,2,-2.229404,1.411764,-2.264037,training_point
09:50:07.755,1,-3.933819,1.535315,-1.999995,training_point
09:50:07.755,2,-2.229403,1.411441,-2.262029,training_point
09:50:07.837,1,-3.93458,1.536852,-2.001076,training_point
09:50:07.837,2,-2.229716,1.411415,-2.260348,training_point
09:50:07.971,1,-3.935651,1.53519,-2.002155,training_point
09:50:07.971,2,-2.230753,1.41094,-2.256889,training_point
09:50:08.055,1,-3.934244,1.532156,-2.000293,training_point
09:50:08.055,2,-2.230988,1.411279,-2.256591,training_point
09:50:08.155,1,-3.93575,1.532811,-2.002034,training_point
09:50:08.155,2,-2.232089,1.411392,-2.256678,training_point
09:50:08.237,1,-3.935677,1.532051,-2.002939,training_point
09:50:08.237,2,-2.232262,1.410249,-2.256941,training_point
09:50:08.321,1,-3.935261,1.532301,-2.003073,training_point
09:50:08.322,2,-2.230962,1.406885,-2.258063,training_point
09:50:08.404,1,-3.934722,1.530884,-2.002433,training_point
09:50:08.404,2,-2.229528,1.405448,-2.259372,training_point
09:50:08.537,1,-3.935374,1.533825,-2.000678,training_point
09:50:08.537,2,-2.228394,1.405897,-2.260603,training_point
09:50:08.622,1,-3.93635,1.532704,-1.999613,training_point
09:50:08.622,2,-2.226734,1.406602,-2.26293,training_point
09:50:08.704,1,-3.934985,1.532576,-1.997549,training_point
09:50:08.704,2,-2.226273,1.406924,-2.264004,training_point
09:50:08.788,1,-3.936024,1.531391,-1.998827,training_point
09:50:08.789,2,-2.226453,1.407265,-2.263644,training_point
09:50:08.871,1,-3.936421,1.533422,-1.997127,training_point
09:50:08.871,2,-2.227069,1.408072,-2.264045,training_point
09:50:08.955,1,-3.936168,1.531083,-1.997484,training_point
09:50:08.955,2,-2.228083,1.408231,-2.26518,training_point
09:50:09.055,1,-3.934625,1.532333,-1.994888,training_point
09:50:09.055,2,-2.22914,1.408977,-2.266554,training_point
09:50:09.137,1,-3.935861,1.535083,-1.996173,training_point
09:50:09.137,2,-2.230008,1.409843,-2.269051,training_point
09:50:09.222,1,-3.935934,1.534003,-1.996565,training_point
09:50:09.222,2,-2.229976,1.409982,-2.268665,training_point
09:50:09.304,1,-3.934818,1.53396,-1.994689,training_point
09:50:09.304,2,-2.230718,1.409941,-2.270698,training_point
09:50:09.388,1,-3.934593,1.534835,-1.996671,training_point
09:50:09.388,2,-2.230728,1.410331,-2.271243,training_point
09:50:09.488,1,-3.934949,1.532025,-1.997933,training_point
09:50:09.488,2,-2.231118,1.410229,-2.271476,training_point
09:50:09.571,1,-3.933464,1.53294,-1.994985,training_point
09:50:09.571,2,-2.230891,1.410086,-2.269496,training_point
09:50:09.655,1,-3.934007,1.531328,-1.994382,training_point
09:50:09.655,2,-2.231307,1.409967,-2.268442,training_point
09:50:09.737,1,-3.934279,1.533063,-1.992215,training_point
09:50:09.737,2,-2.231427,1.410075,-2.267067,training_point
09:50:09.822,1,-3.935185,1.532529,-1.990409,training_point
09:50:09.822,2,-2.231332,1.409539,-2.266917,training_point
09:50:09.904,1,-3.939971,1.531717,-1.985356,training_point
09:50:09.904,2,-2.231339,1.409316,-2.265974,training_point
09:50:09.988,1,-3.943199,1.533169,-1.984345,training_point
09:50:09.989,2,-2.230881,1.408963,-2.264643,training_point
09:50:10.071,1,-3.943652,1.530888,-1.979639,training_point
09:50:10.071,2,-2.23037,1.409,-2.263171,training_point
09:50:10.155,1,-3.947049,1.530886,-1.976085,training_point
09:50:10.155,2,-2.230113,1.409274,-2.262415,training_point
09:50:10.254,1,-3.950712,1.533822,-1.973988,training_point
09:50:10.255,2,-2.229885,1.409407,-2.26054,training_point
09:50:10.337,1,-3.964812,1.532466,-1.96606,training_point
09:50:10.337,2,-2.229407,1.410002,-2.259367,training_point
09:50:10.471,1,-3.97323,1.529433,-1.961924,training_point
09:50:10.471,2,-2.228667,1.411419,-2.257578,training_point
09:50:10.555,1,-3.977489,1.532268,-1.957764,training_point
09:50:10.555,2,-2.227908,1.412038,-2.25755,training_point
09:50:10.637,1,-3.983935,1.531604,-1.952304,training_point
09:50:10.638,2,-2.226468,1.412995,-2.25615,training_point
09:50:10.721,1,-3.987256,1.529666,-1.950654,training_point
09:50:10.722,2,-2.226393,1.41375,-2.255842,training_point
09:50:10.804,1,-3.994356,1.533848,-1.947668,training_point
09:50:10.804,2,-2.225532,1.413691,-2.254513,training_point
09:50:10.888,1,-4.00183,1.53188,-1.946564,training_point
09:50:10.889,2,-2.225461,1.413433,-2.254197,training_point
09:50:10.988,1,-4.003281,1.531063,-1.944675,training_point
09:50:10.989,2,-2.225191,1.413253,-2.253632,training_point
09:50:11.071,1,-4.011105,1.530706,-1.93839,training_point
09:50:11.071,2,-2.225256,1.413483,-2.253265,training_point
09:50:11.155,1,-4.012757,1.530613,-1.935978,training_point
09:50:11.155,2,-2.224837,1.413688,-2.253304,training_point
09:50:11.237,1,-4.024797,1.531596,-1.931355,training_point
09:50:11.238,2,-2.224358,1.413831,-2.253669,training_point
09:50:11.321,1,-4.033205,1.529983,-1.927111,training_point
09:50:11.322,2,-2.22438,1.414222,-2.253589,training_point
09:50:11.404,1,-4.038644,1.531702,-1.923213,training_point
09:50:11.407,2,-2.224295,1.414324,-2.253466,training_point
09:50:11.487,1,-4.04589,1.529247,-1.918585,training_point
09:50:11.488,2,-2.224353,1.413985,-2.253602,training_point
09:50:11.571,1,-4.051784,1.530149,-1.911154,training_point
09:50:11.572,2,-2.225384,1.413609,-2.254098,training_point
09:50:11.654,1,-4.054557,1.53054,-1.907819,training_point
09:50:11.654,2,-2.225509,1.412879,-2.254141,training_point
09:50:11.738,1,-4.057507,1.535378,-1.90677,training_point
09:50:11.739,2,-2.225651,1.412631,-2.254356,training_point
09:50:11.838,1,-4.059866,1.532508,-1.905629,training_point
09:50:11.839,2,-2.226989,1.411612,-2.25591,training_point
09:50:11.921,1,-4.06114,1.531743,-1.901386,training_point
09:50:11.921,2,-2.227182,1.411445,-2.256567,training_point
09:50:12.005,1,-4.063466,1.532703,-1.899128,training_point
09:50:12.005,2,-2.227229,1.411108,-2.256983,training_point
09:50:12.105,1,-4.064809,1.529673,-1.897122,training_point
09:50:12.105,2,-2.22764,1.411081,-2.257977,training_point
09:50:12.187,1,-4.066947,1.528351,-1.895832,training_point
09:50:12.188,2,-2.227832,1.411068,-2.258266,training_point
09:50:12.271,1,-4.068109,1.531137,-1.895086,training_point
09:50:12.272,2,-2.228205,1.411754,-2.258133,training_point
09:50:12.354,1,-4.068884,1.530592,-1.894131,training_point
09:50:12.354,2,-2.228369,1.411686,-2.258467,training_point
09:50:12.438,1,-4.07202,1.532683,-1.892569,training_point
09:50:12.439,2,-2.2293,1.412361,-2.258644,training_point
09:50:12.521,1,-4.073412,1.532763,-1.892888,training_point
09:50:12.521,2,-2.229281,1.412572,-2.258541,training_point
09:50:12.605,1,-4.073462,1.536166,-1.892815,training_point
09:50:12.605,2,-2.229235,1.413398,-2.259002,training_point
09:50:12.687,1,-4.076439,1.532969,-1.891222,training_point
09:50:12.688,2,-2.228712,1.413718,-2.25912,training_point
09:50:12.771,1,-4.076719,1.535974,-1.891161,training_point
09:50:12.772,2,-2.228115,1.414649,-2.259175,training_point
09:50:12.872,1,-4.07773,1.535016,-1.89051,training_point
09:50:12.872,2,-2.22796,1.414977,-2.259073,training_point
09:50:12.954,1,-4.078663,1.534183,-1.890378,training_point
09:50:12.954,2,-2.228007,1.414973,-2.258712,training_point
09:50:13.105,1,-4.081119,1.533896,-1.889973,training_point
09:50:13.105,2,-2.228063,1.415585,-2.258526,training_point
09:50:13.204,1,-4.081171,1.532241,-1.890802,training_point
09:50:13.205,2,-2.228229,1.41518,-2.257937,training_point
09:50:13.288,1,-4.081507,1.534696,-1.891713,training_point
09:50:13.288,2,-2.228358,1.415612,-2.258028,training_point
09:50:13.371,1,-4.084469,1.535635,-1.895682,training_point
09:50:13.371,2,-2.228553,1.416097,-2.257794,training_point
09:50:13.456,1,-4.08261,1.535174,-1.895826,training_point
09:50:13.456,2,-2.228899,1.416203,-2.258543,training_point
09:50:13.554,1,-4.082679,1.532783,-1.896397,training_point
09:50:13.554,2,-2.229269,1.416453,-2.258378,training_point
09:50:13.637,1,-4.086491,1.532241,-1.898672,training_point
09:50:13.638,2,-2.230439,1.41642,-2.257955,training_point
09:50:13.721,1,-4.087491,1.534404,-1.898793,training_point
09:50:13.721,2,-2.230943,1.416367,-2.258723,training_point
09:50:13.804,1,-4.088172,1.535203,-1.899482,training_point
09:50:13.805,2,-2.232251,1.416081,-2.260065,training_point
09:50:13.905,1,-4.088637,1.535119,-1.899892,training_point
09:50:13.905,2,-2.233138,1.416399,-2.260527,training_point
09:50:14.005,1,-4.089076,1.53407,-1.900458,training_point
09:50:14.005,2,-2.233757,1.416487,-2.260924,training_point
09:50:14.104,1,-4.089777,1.530764,-1.902154,training_point
09:50:14.104,2,-2.235239,1.41649,-2.261928,training_point
09:50:14.205,1,-4.090917,1.528144,-1.902017,training_point
09:50:14.205,2,-2.237929,1.41644,-2.26216,training_point
09:50:14.305,1,-4.092727,1.527447,-1.902623,training_point
09:50:14.305,2,-2.241434,1.416258,-2.262415,training_point
09:50:14.404,1,-4.093981,1.526642,-1.901646,training_point
09:50:14.404,2,-2.244013,1.415996,-2.263863,training_point
09:50:14.488,1,-4.096412,1.529756,-1.901955,training_point
09:50:14.489,2,-2.244914,1.415876,-2.264171,training_point
09:50:14.587,1,-4.097144,1.529263,-1.90219,training_point
09:50:14.588,2,-2.24682,1.415855,-2.265328,training_point
09:50:14.688,1,-4.097405,1.527327,-1.90038,training_point
09:50:14.689,2,-2.24989,1.415974,-2.264601,training_point
09:50:14.788,1,-4.099239,1.528793,-1.900696,training_point
09:50:14.789,2,-2.252067,1.415998,-2.264948,training_point
09:50:14.888,1,-4.098043,1.528118,-1.900476,training_point
09:50:14.888,2,-2.254115,1.416169,-2.263894,training_point
09:50:14.988,1,-4.103125,1.528328,-1.901644,training_point
09:50:14.989,2,-2.255359,1.416209,-2.262853,training_point
09:50:15.071,1,-4.104319,1.526934,-1.90065,training_point
09:50:15.071,2,-2.256353,1.415787,-2.26228,training_point
09:50:15.154,1,-4.104834,1.527076,-1.89991,training_point
09:50:15.154,2,-2.256326,1.415361,-2.262082,training_point
09:50:15.237,1,-4.105484,1.52781,-1.900057,training_point
09:50:15.238,2,-2.256089,1.415299,-2.262349,training_point
09:50:15.321,1,-4.10529,1.527751,-1.899981,training_point
09:50:15.321,2,-2.255994,1.414701,-2.26168,training_point
09:50:15.404,1,-4.104302,1.527324,-1.900368,training_point
09:50:15.404,2,-2.256125,1.414422,-2.26163,training_point
09:50:15.505,1,-4.102667,1.527595,-1.901868,training_point
09:50:15.505,2,-2.255981,1.414647,-2.261863,training_point
09:50:15.605,1,-4.097499,1.526787,-1.907187,training_point
09:50:15.605,2,-2.25617,1.414714,-2.261604,training_point
09:50:15.704,1,-4.091865,1.527233,-1.913796,training_point
09:50:15.705,2,-2.256328,1.415103,-2.261615,training_point
09:50:15.805,1,-4.08318,1.528574,-1.921665,training_point
09:50:15.805,2,-2.256285,1.415219,-2.261812,training_point
09:50:15.904,1,-4.064919,1.5289,-1.934299,training_point
09:50:15.904,2,-2.256605,1.414904,-2.262007,training_point
09:50:15.988,1,-4.047764,1.529551,-1.949059,training_point
09:50:15.989,2,-2.257078,1.414705,-2.262403,training_point
09:50:16.088,1,-4.031113,1.530389,-1.963593,training_point
09:50:16.088,2,-2.25717,1.414245,-2.263322,training_point
09:50:16.188,1,-4.015065,1.528966,-1.978592,training_point
09:50:16.189,2,-2.258009,1.414284,-2.263221,training_point
09:50:16.288,1,-3.995458,1.523752,-1.997716,training_point
09:50:16.289,2,-2.257974,1.41425,-2.26321,training_point
09:50:16.388,1,-3.984349,1.525746,-2.01253,training_point
09:50:16.388,2,-2.258316,1.414817,-2.263058,training_point
09:50:16.488,1,-3.966895,1.526267,-2.027027,training_point
09:50:16.489,2,-2.258421,1.414717,-2.262974,training_point
09:50:16.588,1,-3.95593,1.526268,-2.037345,training_point
09:50:16.589,2,-2.258619,1.414023,-2.262971,training_point
09:50:16.688,1,-3.94462,1.526959,-2.048093,training_point
09:50:16.688,2,-2.258677,1.414383,-2.262301,training_point
09:50:16.771,1,-3.932201,1.526208,-2.057983,training_point
09:50:16.771,2,-2.258742,1.413853,-2.262084,training_point
09:50:16.854,1,-3.92374,1.526841,-2.06392,training_point
09:50:16.854,2,-2.258759,1.413324,-2.261994,training_point
09:50:16.938,1,-3.915765,1.526276,-2.070682,training_point
09:50:16.938,2,-2.258817,1.41352,-2.261954,training_point
09:50:17.021,1,-3.910792,1.525108,-2.073623,training_point
09:50:17.022,2,-2.259161,1.413326,-2.261674,training_point
09:50:17.104,1,-3.903139,1.525001,-2.076909,training_point
09:50:17.104,2,-2.259262,1.411868,-2.261318,training_point
09:50:17.188,1,-3.899542,1.522967,-2.080515,training_point
09:50:17.189,2,-2.259269,1.410589,-2.261057,training_point
09:50:17.288,1,-3.894339,1.524435,-2.08289,training_point
09:50:17.289,2,-2.259577,1.410436,-2.260435,training_point
09:50:17.388,1,-3.890898,1.524595,-2.084012,training_point
09:50:17.389,2,-2.259532,1.410265,-2.259982,training_point
09:50:17.488,1,-3.890021,1.523873,-2.084259,training_point
09:50:17.489,2,-2.25914,1.408832,-2.259464,training_point
09:50:17.588,1,-3.887931,1.525001,-2.084005,training_point
09:50:17.588,2,-2.258846,1.407964,-2.258888,training_point
09:50:17.689,1,-3.885699,1.525197,-2.084956,training_point
09:50:17.689,2,-2.258769,1.406447,-2.258368,training_point
09:50:17.788,1,-3.882783,1.52542,-2.085896,training_point
09:50:17.788,2,-2.258527,1.406573,-2.258056,training_point
09:50:17.888,1,-3.892017,1.524996,-2.08029,training_point
09:50:17.889,2,-2.25837,1.406558,-2.25772,training_point
09:50:17.988,1,-3.882913,1.525456,-2.081761,training_point
09:50:17.988,2,-2.258153,1.406969,-2.257894,training_point
09:50:18.071,1,-3.880282,1.525855,-2.080439,training_point
09:50:18.071,2,-2.25766,1.407042,-2.257897,training_point
09:50:18.154,1,-3.879551,1.526167,-2.079758,training_point
09:50:18.154,2,-2.257259,1.407176,-2.257951,training_point
09:50:18.237,1,-3.879498,1.525961,-2.078992,training_point
09:50:18.238,2,-2.256778,1.407341,-2.258184,training_point
09:50:18.321,1,-3.880075,1.525587,-2.07714,training_point
09:50:18.321,2,-2.25651,1.407489,-2.258097,training_point
09:50:18.404,1,-3.879051,1.524918,-2.07575,training_point
09:50:18.404,2,-2.256284,1.407746,-2.258373,training_point
09:50:18.488,1,-3.878806,1.525225,-2.075224,training_point
09:50:18.488,2,-2.256138,1.407706,-2.258509,training_point
09:50:18.571,1,-3.878151,1.525889,-2.075016,training_point
09:50:18.571,2,-2.255917,1.408086,-2.25884,training_point
09:50:18.656,1,-3.878254,1.526211,-2.074382,training_point
09:50:18.656,2,-2.255763,1.408265,-2.258844,training_point
09:50:18.754,1,-3.878159,1.530865,-2.074377,training_point
09:50:18.755,2,-2.255251,1.408287,-2.259312,training_point
09:50:18.837,1,-3.878348,1.532636,-2.074126,training_point
09:50:18.837,2,-2.255033,1.407959,-2.259389,training_point
09:50:18.921,1,-3.878354,1.531549,-2.074182,training_point
09:50:18.922,2,-2.254865,1.408331,-2.2598,training_point
09:50:19.004,1,-3.879092,1.531663,-2.07363,training_point
09:50:19.004,2,-2.25471,1.408376,-2.260538,training_point
09:50:19.088,1,-3.87922,1.53898,-2.073985,training_point
09:50:19.088,2,-2.25401,1.408375,-2.260624,training_point
09:50:19.171,1,-3.879633,1.543502,-2.073479,training_point
09:50:19.171,2,-2.253705,1.408761,-2.261028,training_point
09:50:19.255,1,-3.880751,1.545496,-2.074171,training_point
09:50:19.255,2,-2.253874,1.408979,-2.260996,training_point
09:50:19.338,1,-3.880589,1.546325,-2.074875,training_point
09:50:19.338,2,-2.253959,1.409052,-2.261279,training_point
09:50:19.422,1,-3.881857,1.54528,-2.074206,training_point
09:50:19.422,2,-2.25386,1.408922,-2.262095,training_point
09:50:19.521,1,-3.890015,1.546033,-2.076457,training_point
09:50:19.521,2,-2.254519,1.408963,-2.262815,training_point
09:50:19.604,1,-3.888836,1.547563,-2.077014,training_point
09:50:19.604,2,-2.254973,1.409107,-2.262841,training_point
09:50:19.688,1,-3.887087,1.546913,-2.078341,training_point
09:50:19.688,2,-2.252659,1.409058,-2.263398,training_point
09:50:19.771,1,-3.886019,1.544851,-2.07795,training_point
09:50:19.771,2,-2.253396,1.409186,-2.26368,training_point
09:50:19.854,1,-3.885433,1.545446,-2.078383,training_point
09:50:19.854,2,-2.253549,1.408633,-2.263717,training_point
09:50:19.938,1,-3.885614,1.544881,-2.078232,training_point
09:50:19.939,2,-2.254243,1.408696,-2.26398,training_point
09:50:20.021,1,-3.885567,1.545772,-2.077865,training_point
09:50:20.021,2,-2.254706,1.408591,-2.26428,training_point
09:50:20.105,1,-3.885095,1.545208,-2.07846,training_point
09:50:20.105,2,-2.254861,1.408727,-2.264639,training_point
09:50:20.188,1,-3.885205,1.545165,-2.078317,training_point
09:50:20.188,2,-2.255305,1.408829,-2.264561,training_point
09:50:20.272,1,-3.885879,1.545467,-2.077151,training_point
09:50:20.272,2,-2.255842,1.408869,-2.263911,training_point
09:50:20.354,1,-3.885292,1.546316,-2.078877,training_point
09:50:20.354,2,-2.256485,1.408884,-2.263788,training_point
09:50:20.438,1,-3.885635,1.545502,-2.079017,training_point
09:50:20.439,2,-2.256599,1.408682,-2.263555,training_point
09:50:20.521,1,-3.888084,1.543352,-2.080363,training_point
09:50:20.521,2,-2.256684,1.408877,-2.263309,training_point
09:50:20.605,1,-3.888052,1.545302,-2.080336,training_point
09:50:20.605,2,-2.256741,1.408653,-2.263029,training_point
09:50:20.688,1,-3.887191,1.545674,-2.08107,training_point
09:50:20.688,2,-2.256772,1.408556,-2.262804,training_point
09:50:20.821,1,-3.887388,1.5459,-2.081645,training_point
09:50:20.821,2,-2.256401,1.408495,-2.261248,training_point
09:50:20.971,1,-3.884669,1.546119,-2.078743,training_point
09:50:20.972,2,-2.256041,1.408299,-2.259947,training_point
09:50:21.054,1,-3.886722,1.545502,-2.080973,training_point
09:50:21.054,2,-2.256004,1.408356,-2.259758,training_point
09:50:21.139,1,-3.887143,1.545911,-2.081339,training_point
09:50:21.139,2,-2.255962,1.408288,-2.259694,training_point
09:50:21.221,1,-3.888085,1.546284,-2.082707,training_point
09:50:21.221,2,-2.256065,1.408267,-2.259727,training_point
09:50:21.305,1,-3.888923,1.546174,-2.082569,training_point
09:50:21.305,2,-2.254081,1.408092,-2.2594,training_point
09:50:21.405,1,-3.889489,1.546992,-2.083328,training_point
09:50:21.405,2,-2.254562,1.408147,-2.259762,training_point
09:50:21.487,1,-3.889446,1.546963,-2.083787,training_point
09:50:21.488,2,-2.255115,1.408023,-2.260105,training_point
09:50:21.572,1,-3.889817,1.547389,-2.084338,training_point
09:50:21.572,2,-2.255166,1.408195,-2.260108,training_point
09:50:21.654,1,-3.889653,1.547501,-2.085059,training_point
09:50:21.654,2,-2.253608,1.408304,-2.261045,training_point
09:50:21.738,1,-3.889666,1.547056,-2.085705,training_point
09:50:21.739,2,-2.254517,1.408124,-2.261819,training_point
09:50:21.821,1,-3.890085,1.547414,-2.086098,training_point
09:50:21.821,2,-2.255222,1.407886,-2.262201,training_point
09:50:21.905,1,-3.890452,1.546678,-2.086593,training_point
09:50:21.905,2,-2.254168,1.407806,-2.26263,training_point
09:50:21.987,1,-3.891252,1.545452,-2.0866,training_point
09:50:21.988,2,-2.253717,1.407732,-2.26343,training_point
09:50:22.072,1,-3.892286,1.546327,-2.087304,training_point
09:50:22.072,2,-2.254085,1.40749,-2.263358,training_point
09:50:22.154,1,-3.893629,1.545999,-2.088692,training_point
09:50:22.155,2,-2.255271,1.407707,-2.263361,training_point
09:50:22.238,1,-3.894618,1.547551,-2.089195,training_point
09:50:22.239,2,-2.255601,1.407647,-2.263463,training_point
09:50:22.321,1,-3.894483,1.547503,-2.089215,training_point
09:50:22.321,2,-2.255756,1.407772,-2.263598,training_point
09:50:22.405,1,-3.894079,1.548071,-2.089501,training_point
09:50:22.405,2,-2.256189,1.407812,-2.263851,training_point
09:50:22.488,1,-3.893826,1.546763,-2.089783,training_point
09:50:22.488,2,-2.25626,1.407576,-2.263754,training_point
09:50:22.621,1,-3.894393,1.546471,-2.090162,training_point
09:50:22.621,2,-2.256744,1.407607,-2.263365,training_point
09:50:22.706,1,-3.893833,1.546396,-2.090037,training_point
09:50:22.706,2,-2.256953,1.407985,-2.263433,training_point
09:50:22.805,1,-3.893892,1.545812,-2.089872,training_point
09:50:22.805,2,-2.257061,1.407865,-2.263464,training_point
09:50:22.888,1,-3.893475,1.545742,-2.089999,training_point
09:50:22.888,2,-2.25706,1.407913,-2.263392,training_point
09:50:22.972,1,-3.893948,1.545901,-2.089678,training_point
09:50:22.972,2,-2.257378,1.407739,-2.263484,training_point
09:50:23.054,1,-3.893515,1.545121,-2.088915,training_point
09:50:23.055,2,-2.257466,1.407657,-2.263223,training_point
09:50:23.138,1,-3.892615,1.545409,-2.089339,training_point
09:50:23.139,2,-2.257385,1.407567,-2.263165,training_point
09:50:23.221,1,-3.893178,1.545797,-2.088802,training_point
09:50:23.221,2,-2.2573,1.407761,-2.263138,training_point
09:50:23.305,1,-3.892705,1.547333,-2.089043,training_point
09:50:23.305,2,-2.257158,1.407876,-2.263534,training_point
09:50:23.405,1,-3.89267,1.547264,-2.089649,training_point
09:50:23.405,2,-2.25657,1.40782,-2.263689,training_point
09:50:23.505,1,-3.892343,1.547975,-2.08976,training_point
09:50:23.505,2,-2.25646,1.407742,-2.263676,training_point
09:50:23.588,1,-3.89217,1.547459,-2.090522,training_point
09:50:23.588,2,-2.256303,1.408262,-2.263604,training_point
09:50:23.671,1,-3.891209,1.548913,-2.091953,training_point
09:50:23.671,2,-2.256616,1.408249,-2.264096,training_point
09:50:23.771,1,-3.891307,1.547522,-2.091761,training_point
09:50:23.772,2,-2.256698,1.408406,-2.263948,training_point
09:50:23.854,1,-3.890695,1.54714,-2.090553,training_point
09:50:23.854,2,-2.256813,1.408517,-2.264194,training_point
09:50:23.938,1,-3.890659,1.54693,-2.090763,training_point
09:50:23.938,2,-2.256877,1.408585,-2.264717,training_point
09:50:24.021,1,-3.890203,1.545378,-2.09128,training_point
09:50:24.021,2,-2.255294,1.408633,-2.26492,training_point
09:50:24.104,1,-3.890188,1.545061,-2.09103,training_point
09:50:24.104,2,-2.254692,1.408292,-2.264716,training_point
09:50:24.188,1,-3.890161,1.544946,-2.091507,training_point
09:50:24.188,2,-2.254919,1.408349,-2.264456,training_point
09:50:24.271,1,-3.891026,1.545389,-2.091777,training_point
09:50:24.271,2,-2.255979,1.40828,-2.264149,training_point
09:50:24.355,1,-3.891293,1.545642,-2.091766,training_point
09:50:24.355,2,-2.256136,1.408281,-2.264041,training_point
09:50:24.438,1,-3.891422,1.545628,-2.09186,training_point
09:50:24.438,2,-2.256619,1.408083,-2.263924,training_point
09:50:24.522,1,-3.891455,1.545675,-2.091804,training_point
09:50:24.522,2,-2.257017,1.408207,-2.263953,training_point
09:50:24.604,1,-3.891717,1.545593,-2.092636,training_point
09:50:24.604,2,-2.257282,1.408177,-2.263859,training_point
09:50:24.688,1,-3.891976,1.545702,-2.094371,training_point
09:50:24.689,2,-2.257383,1.408581,-2.263889,training_point
09:50:24.771,1,-3.892989,1.545414,-2.092891,training_point
09:50:24.771,2,-2.257323,1.408485,-2.263837,training_point
09:50:24.855,1,-3.892908,1.545556,-2.092776,training_point
09:50:24.856,2,-2.257342,1.408427,-2.263712,training_point
09:50:24.955,1,-3.892979,1.545945,-2.092825,training_point
09:50:24.955,2,-2.257213,1.408471,-2.263771,training_point
09:50:25.038,1,-3.893343,1.546035,-2.092851,training_point
09:50:25.038,2,-2.257242,1.408494,-2.264014,training_point
09:50:25.171,1,-3.894705,1.545844,-2.093365,training_point
09:50:25.171,2,-2.257394,1.408012,-2.264325,training_point
09:50:25.255,1,-3.89481,1.545827,-2.093093,training_point
09:50:25.255,2,-2.257297,1.408069,-2.263817,training_point
09:50:25.338,1,-3.89421,1.546,-2.093257,training_point
09:50:25.338,2,-2.257369,1.407894,-2.263838,training_point
09:50:25.422,1,-3.893683,1.545913,-2.092557,training_point
09:50:25.422,2,-2.257416,1.40786,-2.263864,training_point
09:50:25.521,1,-3.893575,1.546015,-2.09244,training_point
09:50:25.521,2,-2.257383,1.40782,-2.26404,training_point
09:50:25.604,1,-3.892996,1.54505,-2.092468,training_point
09:50:25.604,2,-2.257627,1.407849,-2.263975,training_point
09:50:25.688,1,-3.89236,1.545404,-2.093233,training_point
09:50:25.688,2,-2.257594,1.407909,-2.264263,training_point
09:50:25.771,1,-3.892671,1.545214,-2.093023,training_point
09:50:25.771,2,-2.257297,1.407987,-2.26414,training_point
09:50:25.855,1,-3.892493,1.545947,-2.092845,training_point
09:50:25.855,2,-2.257342,1.408038,-2.26406,training_point
09:50:25.938,1,-3.892504,1.546058,-2.092388,training_point
09:50:25.938,2,-2.257732,1.408087,-2.263929,training_point
09:50:26.022,1,-3.892062,1.546005,-2.092786,training_point
09:50:26.022,2,-2.25775,1.407978,-2.264179,training_point
09:50:26.122,1,-3.890981,1.544812,-2.092754,training_point
09:50:26.122,2,-2.257659,1.407816,-2.264431,training_point
09:50:26.204,1,-3.890765,1.544717,-2.090697,training_point
09:50:26.204,2,-2.257919,1.407897,-2.264679,training_point
09:50:26.288,1,-3.890474,1.543953,-2.091295,training_point
09:50:26.288,2,-2.258111,1.4079,-2.264786,training_point
09:50:26.371,1,-3.891235,1.545418,-2.091228,training_point
09:50:26.372,2,-2.256077,1.40791,-2.264955,training_point
09:50:26.454,1,-3.890955,1.545389,-2.09112,training_point
09:50:26.455,2,-2.254907,1.407946,-2.264895,training_point
09:50:26.538,1,-3.890805,1.544129,-2.091494,training_point
09:50:26.538,2,-2.256221,1.407872,-2.265072,training_point
09:50:26.621,1,-3.890578,1.543783,-2.091459,training_point
09:50:26.621,2,-2.25709,1.407823,-2.265235,training_point
09:50:26.705,1,-3.89065,1.545009,-2.091571,training_point
09:50:26.705,2,-2.257652,1.407715,-2.265323,training_point
09:50:26.787,1,-3.890936,1.544955,-2.091714,training_point
09:50:26.788,2,-2.257996,1.408036,-2.265606,training_point
09:50:26.872,1,-3.890693,1.544856,-2.091687,training_point
09:50:26.872,2,-2.258305,1.407969,-2.265522,training_point
09:50:26.954,1,-3.890446,1.54522,-2.092343,training_point
09:50:26.954,2,-2.259331,1.407854,-2.265752,training_point
09:50:27.105,1,-3.890586,1.545235,-2.091978,training_point
09:50:27.105,2,-2.259773,1.40784,-2.266106,training_point
09:50:27.188,1,-3.890444,1.545112,-2.092293,training_point
09:50:27.188,2,-2.259934,1.408082,-2.266714,training_point
09:50:27.272,1,-3.890507,1.545175,-2.092588,training_point
09:50:27.272,2,-2.260529,1.4082,-2.26675,training_point
09:50:27.354,1,-3.89031,1.54508,-2.092595,training_point
09:50:27.354,2,-2.260567,1.408358,-2.266226,training_point
09:50:27.439,1,-3.891037,1.544867,-2.092796,training_point
09:50:27.444,2,-2.260742,1.408228,-2.266419,training_point
09:50:27.538,1,-3.889839,1.544602,-2.091884,training_point
09:50:27.539,2,-2.259996,1.40841,-2.266545,training_point
09:50:27.621,1,-3.889924,1.54455,-2.092911,training_point
09:50:27.621,2,-2.258558,1.40843,-2.266404,training_point
09:50:27.705,1,-3.889434,1.54486,-2.093775,training_point
09:50:27.705,2,-2.259196,1.408485,-2.26657,training_point
09:50:27.788,1,-3.889415,1.544756,-2.093354,training_point
09:50:27.788,2,-2.259518,1.408432,-2.265938,training_point
09:50:27.872,1,-3.889356,1.545624,-2.093573,training_point
09:50:27.872,2,-2.260426,1.408138,-2.26625,training_point
09:50:27.954,1,-3.889943,1.545619,-2.094176,training_point
09:50:27.954,2,-2.260569,1.408067,-2.265868,training_point
09:50:28.038,1,-3.889006,1.545572,-2.093499,training_point
09:50:28.038,2,-2.261703,1.408003,-2.265443,training_point
09:50:28.121,1,-3.889521,1.545679,-2.092361,training_point
09:50:28.121,2,-2.262209,1.408127,-2.265246,training_point
09:50:28.205,1,-3.889913,1.545716,-2.092753,training_point
09:50:28.205,2,-2.262636,1.408372,-2.264863,training_point
09:50:28.288,1,-3.889922,1.545822,-2.09286,training_point
09:50:28.288,2,-2.263143,1.408481,-2.26463,training_point
09:50:28.371,1,-3.888721,1.545919,-2.092725,training_point
09:50:28.371,2,-2.263695,1.408482,-2.26367,training_point
09:50:28.455,1,-3.8889,1.545447,-2.092013,training_point
09:50:28.456,2,-2.26388,1.408651,-2.263483,training_point
09:50:28.538,1,-3.890662,1.545799,-2.092258,training_point
09:50:28.538,2,-2.265186,1.408827,-2.262257,training_point
09:50:28.622,1,-3.89078,1.545862,-2.09206,training_point
09:50:28.622,2,-2.266393,1.408895,-2.261533,training_point
09:50:28.704,1,-3.890681,1.545529,-2.091261,training_point
09:50:28.704,2,-2.26681,1.409022,-2.261447,training_point
09:50:28.788,1,-3.890629,1.544952,-2.092576,training_point
09:50:28.789,2,-2.267478,1.409048,-2.26169,training_point
09:50:28.871,1,-3.891113,1.543518,-2.091809,training_point
09:50:28.872,2,-2.267219,1.409191,-2.262184,training_point
09:50:28.955,1,-3.891336,1.54345,-2.091355,training_point
09:50:28.955,2,-2.267176,1.409251,-2.262263,training_point
09:50:29.038,1,-3.890949,1.544067,-2.091202,training_point
09:50:29.038,2,-2.267053,1.409314,-2.262695,training_point
09:50:29.121,1,-3.891303,1.544207,-2.092102,training_point
09:50:29.121,2,-2.267003,1.409264,-2.262843,training_point
09:50:29.204,1,-3.890881,1.545991,-2.092466,training_point
09:50:29.205,2,-2.266677,1.409204,-2.263105,training_point
09:50:29.288,1,-3.890723,1.546095,-2.094098,training_point
09:50:29.289,2,-2.266573,1.409388,-2.263671,training_point
09:50:29.371,1,-3.891358,1.546022,-2.094219,training_point
09:50:29.371,2,-2.266308,1.409569,-2.264226,training_point
09:50:29.454,1,-3.891153,1.545432,-2.09348,training_point
09:50:29.455,2,-2.266039,1.409651,-2.264289,training_point
09:50:29.538,1,-3.89177,1.545097,-2.091781,training_point
09:50:29.539,2,-2.265899,1.409567,-2.264559,training_point
09:50:29.621,1,-3.891692,1.544907,-2.092074,training_point
09:50:29.621,2,-2.265993,1.409271,-2.264703,training_point
09:50:29.705,1,-3.890857,1.545293,-2.092005,training_point
09:50:29.705,2,-2.265721,1.409427,-2.264831,training_point
09:50:29.788,1,-3.890781,1.544855,-2.092827,training_point
09:50:29.789,2,-2.266053,1.40934,-2.26524,training_point
09:50:29.871,1,-3.891091,1.543317,-2.092402,training_point
09:50:29.871,2,-2.266986,1.409373,-2.26553,training_point
09:50:29.955,1,-3.890158,1.544617,-2.092015,training_point
09:50:29.956,2,-2.267485,1.409477,-2.265238,training_point
09:50:30.055,1,-3.889699,1.545061,-2.091453,training_point
09:50:30.056,2,-2.268098,1.409453,-2.265176,training_point
09:50:30.138,1,-3.888308,1.545414,-2.092255,training_point
09:50:30.138,2,-2.268166,1.409696,-2.265059,training_point
09:50:30.222,1,-3.889067,1.545175,-2.090843,training_point
09:50:30.222,2,-2.268344,1.410237,-2.265068,training_point
09:50:30.304,1,-3.88932,1.544558,-2.090152,training_point
09:50:30.305,2,-2.268871,1.410354,-2.264713,training_point
09:50:30.388,1,-3.889487,1.544545,-2.09068,training_point
09:50:30.389,2,-2.269077,1.410149,-2.264874,training_point
09:50:30.471,1,-3.888884,1.54594,-2.090826,training_point
09:50:30.472,2,-2.26907,1.410747,-2.264624,training_point
09:50:30.555,1,-3.888612,1.545487,-2.089927,training_point
09:50:30.555,2,-2.269076,1.410861,-2.264604,training_point
09:50:30.638,1,-3.88852,1.546356,-2.089534,training_point
09:50:30.638,2,-2.268983,1.411605,-2.264402,training_point
09:50:30.722,1,-3.888673,1.546515,-2.088579,training_point
09:50:30.722,2,-2.269071,1.412031,-2.264551,training_point
09:50:30.804,1,-3.88806,1.545715,-2.089388,training_point
09:50:30.805,2,-2.268868,1.412048,-2.264584,training_point
09:50:30.888,1,-3.887944,1.545515,-2.089526,training_point
09:50:30.889,2,-2.268681,1.412396,-2.264177,training_point
09:50:30.971,1,-3.888415,1.544429,-2.089141,training_point
09:50:30.972,2,-2.268633,1.412588,-2.263871,training_point
09:50:31.055,1,-3.887683,1.545209,-2.088995,training_point
09:50:31.055,2,-2.268125,1.412394,-2.263309,training_point
09:50:31.138,1,-3.887137,1.543482,-2.090721,training_point
09:50:31.138,2,-2.267555,1.412469,-2.262921,training_point
09:50:31.221,1,-3.886833,1.543211,-2.090955,training_point
09:50:31.221,2,-2.267422,1.413046,-2.262847,training_point
09:50:31.305,1,-3.887402,1.542281,-2.090476,training_point
09:50:31.305,2,-2.267259,1.41312,-2.262696,training_point
09:50:31.388,1,-3.88727,1.542955,-2.090459,training_point
09:50:31.388,2,-2.266575,1.412893,-2.262344,training_point
09:50:31.471,1,-3.886765,1.543601,-2.090223,training_point
09:50:31.471,2,-2.266314,1.412291,-2.262497,training_point
09:50:31.604,1,-3.886495,1.543664,-2.089759,training_point
09:50:31.604,2,-2.266293,1.412378,-2.262464,training_point
09:50:31.688,1,-3.886053,1.544483,-2.089734,training_point
09:50:31.689,2,-2.266171,1.412532,-2.262408,training_point
09:50:31.771,1,-3.884099,1.544917,-2.090163,training_point
09:50:31.771,2,-2.265804,1.412655,-2.262279,training_point
09:50:31.855,1,-3.883257,1.544989,-2.090735,training_point
09:50:31.855,2,-2.265482,1.412799,-2.261498,training_point
09:50:31.938,1,-3.882116,1.54527,-2.089687,training_point
09:50:31.938,2,-2.265127,1.412693,-2.261478,training_point
09:50:32.022,1,-3.882129,1.544992,-2.089147,training_point
09:50:32.022,2,-2.264685,1.412657,-2.261354,training_point
09:50:32.104,1,-3.882373,1.545502,-2.089027,training_point
09:50:32.105,2,-2.264401,1.412444,-2.261471,training_point
09:50:32.188,1,-3.882233,1.543965,-2.088997,training_point
09:50:32.189,2,-2.264316,1.412314,-2.260602,training_point
09:50:32.271,1,-3.881043,1.544086,-2.088414,training_point
09:50:32.271,2,-2.264125,1.412428,-2.259916,training_point
09:50:32.355,1,-3.881347,1.543469,-2.088415,training_point
09:50:32.356,2,-2.264024,1.412318,-2.259369,training_point
09:50:32.438,1,-3.881334,1.542759,-2.087932,training_point
09:50:32.438,2,-2.263641,1.412344,-2.259223,training_point
09:50:32.522,1,-3.880253,1.543232,-2.087132,training_point
09:50:32.522,2,-2.263603,1.412561,-2.259099,training_point
09:50:32.604,1,-3.881262,1.543754,-2.087702,training_point
09:50:32.604,2,-2.263324,1.412373,-2.257929,training_point
09:50:32.773,1,-3.881383,1.543837,-2.088076,training_point
09:50:32.773,2,-2.263119,1.412222,-2.257491,training_point
09:50:32.872,1,-3.880846,1.545246,-2.089004,training_point
09:50:32.872,2,-2.262878,1.412383,-2.257058,training_point
09:50:32.955,1,-3.88125,1.546161,-2.089153,training_point
09:50:32.955,2,-2.262349,1.412511,-2.256082,training_point
09:50:33.038,1,-3.880022,1.546293,-2.089346,training_point
09:50:33.039,2,-2.262276,1.412603,-2.256146,training_point
09:50:33.121,1,-3.87982,1.54594,-2.08955,training_point
09:50:33.121,2,-2.262216,1.412583,-2.256198,training_point
09:50:33.205,1,-3.880185,1.546094,-2.090274,training_point
09:50:33.206,2,-2.261716,1.412651,-2.256286,training_point
09:50:33.288,1,-3.880146,1.54577,-2.09031,training_point
09:50:33.288,2,-2.261025,1.412567,-2.255846,training_point
09:50:33.421,1,-3.87991,1.546224,-2.090341,training_point
09:50:33.421,2,-2.260817,1.412474,-2.255655,training_point
09:50:33.505,1,-3.879797,1.545897,-2.09144,training_point
09:50:33.505,2,-2.260487,1.412646,-2.255525,training_point
09:50:33.588,1,-3.880552,1.544936,-2.092571,training_point
09:50:33.588,2,-2.259477,1.412727,-2.255116,training_point
09:50:33.672,1,-3.8806,1.544178,-2.092402,training_point
09:50:33.672,2,-2.259326,1.412603,-2.25494,training_point
09:50:33.772,1,-3.880498,1.543434,-2.092591,training_point
09:50:33.772,2,-2.259297,1.412682,-2.254848,training_point
09:50:33.854,1,-3.879669,1.543837,-2.093296,training_point
09:50:33.854,2,-2.259185,1.412716,-2.254961,training_point
09:50:33.938,1,-3.878978,1.545292,-2.092722,training_point
09:50:33.939,2,-2.259185,1.412882,-2.254925,training_point
09:50:34.021,1,-3.878735,1.544753,-2.092137,training_point
09:50:34.021,2,-2.259017,1.413003,-2.25455,training_point
09:50:34.105,1,-3.878282,1.545734,-2.092915,training_point
09:50:34.106,2,-2.258884,1.413042,-2.254532,training_point
09:50:34.188,1,-3.878631,1.545007,-2.092925,training_point
09:50:34.188,2,-2.258548,1.412791,-2.25441,training_point
09:50:34.321,1,-3.877086,1.54432,-2.092323,training_point
09:50:34.321,2,-2.258317,1.41291,-2.254167,training_point
09:50:34.472,1,-3.876879,1.544701,-2.092473,training_point
09:50:34.472,2,-2.258212,1.413042,-2.254096,training_point
09:50:34.572,1,-3.876602,1.544534,-2.092443,training_point
09:50:34.572,2,-2.25797,1.412788,-2.253852,training_point
09:50:34.654,1,-3.876346,1.544605,-2.091618,training_point
09:50:34.654,2,-2.257925,1.412694,-2.253942,training_point
09:50:34.738,1,-3.876802,1.543845,-2.092269,training_point
09:50:34.738,2,-2.258245,1.41263,-2.253767,training_point
09:50:34.821,1,-3.876964,1.544948,-2.092325,training_point
09:50:34.822,2,-2.258678,1.41267,-2.254163,training_point
09:50:34.904,1,-3.877153,1.545258,-2.092434,training_point
09:50:34.905,2,-2.258925,1.412731,-2.254368,training_point
09:50:34.988,1,-3.877445,1.545079,-2.093046,training_point
09:50:34.988,2,-2.25926,1.412765,-2.255483,training_point
09:50:35.071,1,-3.877698,1.544832,-2.091596,training_point
09:50:35.071,2,-2.2595,1.412597,-2.255057,training_point
09:50:35.155,1,-3.877339,1.544778,-2.091843,training_point
09:50:35.155,2,-2.260074,1.412664,-2.256105,training_point
09:50:35.238,1,-3.877397,1.544471,-2.092569,training_point
09:50:35.238,2,-2.260364,1.412823,-2.256365,training_point
09:50:35.321,1,-3.876911,1.543527,-2.092993,training_point
09:50:35.322,2,-2.26053,1.412868,-2.256663,training_point
09:50:35.404,1,-3.877265,1.542256,-2.094023,training_point
09:50:35.405,2,-2.261286,1.412977,-2.257221,training_point
09:50:35.488,1,-3.87717,1.542124,-2.094293,training_point
09:50:35.489,2,-2.26201,1.412675,-2.257592,training_point
09:50:35.571,1,-3.877558,1.543113,-2.095191,training_point
09:50:35.571,2,-2.262564,1.41254,-2.258419,training_point
09:50:35.655,1,-3.878061,1.542453,-2.094842,training_point
09:50:35.656,2,-2.262676,1.412341,-2.258653,training_point
09:50:35.738,1,-3.879143,1.542203,-2.096512,training_point
09:50:35.738,2,-2.262821,1.412494,-2.25943,training_point
09:50:35.822,1,-3.879305,1.544817,-2.096828,training_point
09:50:35.822,2,-2.26326,1.412264,-2.259529,training_point
09:50:35.904,1,-3.880788,1.544533,-2.097713,training_point
09:50:35.905,2,-2.263788,1.412366,-2.260116,training_point
09:50:35.989,1,-3.881366,1.544648,-2.098488,training_point
09:50:35.989,2,-2.264392,1.412439,-2.260654,training_point
09:50:36.072,1,-3.882616,1.544271,-2.099287,training_point
09:50:36.072,2,-2.264466,1.412488,-2.261121,training_point
09:50:36.155,1,-3.883204,1.544056,-2.099507,training_point
09:50:36.155,2,-2.264323,1.412505,-2.261742,training_point
09:50:36.238,1,-3.884868,1.542878,-2.100051,training_point
09:50:36.238,2,-2.264447,1.412464,-2.261933,training_point
09:50:36.321,1,-3.884996,1.543134,-2.100659,training_point
09:50:36.321,2,-2.2645,1.412295,-2.262202,training_point
09:50:36.405,1,-3.885094,1.543111,-2.102142,training_point
09:50:36.405,2,-2.2645,1.412172,-2.262573,training_point
09:50:36.488,1,-3.885107,1.542696,-2.10258,training_point
09:50:36.488,2,-2.264557,1.412164,-2.263034,training_point
09:50:36.571,1,-3.885911,1.542431,-2.103149,training_point
09:50:36.572,2,-2.264627,1.412113,-2.263283,training_point
09:50:36.655,1,-3.886264,1.542926,-2.103396,training_point
09:50:36.655,2,-2.264575,1.412225,-2.263275,training_point
09:50:36.738,1,-3.886153,1.543503,-2.104377,training_point
09:50:36.738,2,-2.264725,1.412133,-2.26327,training_point
09:50:36.821,1,-3.885532,1.54319,-2.104125,training_point
09:50:36.821,2,-2.264792,1.412181,-2.263308,training_point
09:50:36.905,1,-3.885508,1.543892,-2.10438,training_point
09:50:36.905,2,-2.264617,1.41213,-2.263192,training_point
09:50:36.988,1,-3.885474,1.543069,-2.104637,training_point
09:50:36.988,2,-2.264167,1.412083,-2.263312,training_point
09:50:37.072,1,-3.884686,1.543028,-2.104919,training_point
09:50:37.072,2,-2.263599,1.411979,-2.263354,training_point
09:50:37.154,1,-3.882617,1.543608,-2.105128,training_point
09:50:37.155,2,-2.26351,1.411975,-2.263069,training_point
09:50:37.288,1,-3.880723,1.543703,-2.105801,training_point
09:50:37.288,2,-2.263525,1.412193,-2.261998,training_point
09:50:37.372,1,-3.880059,1.54255,-2.106144,training_point
09:50:37.372,2,-2.26343,1.412139,-2.261614,training_point
09:50:37.454,1,-3.878792,1.543068,-2.105625,training_point
09:50:37.455,2,-2.263101,1.412432,-2.260846,training_point
09:50:37.539,1,-3.878021,1.54284,-2.105523,training_point
09:50:37.539,2,-2.263143,1.412188,-2.260822,training_point
09:50:37.621,1,-3.876753,1.542315,-2.105345,training_point
09:50:37.621,2,-2.263103,1.412263,-2.260294,training_point
09:50:37.773,1,-3.875527,1.543083,-2.104635,training_point
09:50:37.773,2,-2.262982,1.412255,-2.259742,training_point
09:50:37.854,1,-3.876184,1.543103,-2.105359,training_point
09:50:37.855,2,-2.263063,1.412388,-2.25942,training_point
09:50:37.939,1,-3.875991,1.542143,-2.10499,training_point
09:50:37.939,2,-2.263074,1.41244,-2.259346,training_point
09:50:38.021,1,-3.875509,1.542357,-2.104877,training_point
09:50:38.021,2,-2.26299,1.412468,-2.259097,training_point
09:50:38.105,1,-3.876286,1.543132,-2.10599,training_point
09:50:38.106,2,-2.263051,1.412422,-2.258975,training_point
09:50:38.188,1,-3.874947,1.543009,-2.104856,training_point
09:50:38.188,2,-2.263028,1.412406,-2.259004,training_point
09:50:38.272,1,-3.875054,1.54387,-2.104042,training_point
09:50:38.272,2,-2.262903,1.412365,-2.258896,training_point
09:50:38.354,1,-3.875742,1.542243,-2.104701,training_point
09:50:38.354,2,-2.262916,1.41225,-2.259179,training_point
09:50:38.522,1,-3.873121,1.541891,-2.103245,training_point
09:50:38.522,2,-2.263211,1.412314,-2.259059,training_point
09:50:38.622,1,-3.874125,1.54165,-2.102303,training_point
09:50:38.622,2,-2.263276,1.412457,-2.259417,training_point
09:50:38.704,1,-3.873681,1.542451,-2.101715,training_point
09:50:38.705,2,-2.263619,1.412531,-2.259446,training_point
09:50:38.788,1,-3.873978,1.542215,-2.101174,training_point
09:50:38.789,2,-2.263683,1.412523,-2.259461,training_point
09:50:38.871,1,-3.874514,1.541839,-2.09849,training_point
09:50:38.871,2,-2.263675,1.412465,-2.259777,training_point
09:50:38.956,1,-3.87412,1.541387,-2.097951,training_point
09:50:38.956,2,-2.263727,1.412344,-2.259695,training_point
09:50:39.055,1,-3.873881,1.542684,-2.098417,training_point
09:50:39.055,2,-2.263753,1.412236,-2.259587,training_point
09:50:39.138,1,-3.873581,1.542926,-2.101285,training_point
09:50:39.138,2,-2.263746,1.412301,-2.259441,training_point
09:50:39.221,1,-3.872209,1.543115,-2.102356,training_point
09:50:39.222,2,-2.263831,1.412149,-2.259315,training_point
09:50:39.305,1,-3.871221,1.543639,-2.101843,training_point
09:50:39.305,2,-2.263774,1.412081,-2.259318,training_point
09:50:39.389,1,-3.866996,1.543201,-2.097114,training_point
09:50:39.389,2,-2.263766,1.412202,-2.259446,training_point
09:50:39.471,1,-3.865085,1.544608,-2.094907,training_point
09:50:39.471,2,-2.263961,1.412162,-2.259571,training_point
09:50:39.555,1,-3.861951,1.543746,-2.098252,training_point
09:50:39.556,2,-2.264019,1.412179,-2.259665,training_point
09:50:39.638,1,-3.86019,1.544194,-2.102023,training_point
09:50:39.638,2,-2.263966,1.412273,-2.259646,training_point
09:50:39.722,1,-3.858541,1.544181,-2.103698,training_point
09:50:39.722,2,-2.263892,1.412268,-2.259745,training_point
09:50:39.805,1,-3.855191,1.544151,-2.108538,training_point
09:50:39.805,2,-2.263925,1.412043,-2.259803,training_point
09:50:39.888,1,-3.85361,1.544137,-2.110365,training_point
09:50:39.889,2,-2.263695,1.411862,-2.259938,training_point
09:50:39.972,1,-3.848238,1.54317,-2.114272,training_point
09:50:39.972,2,-2.26315,1.411935,-2.259981,training_point
09:50:40.054,1,-3.841937,1.543468,-2.119231,training_point
09:50:40.055,2,-2.262546,1.412188,-2.260536,training_point
09:50:40.139,1,-3.835592,1.543446,-2.123795,training_point
09:50:40.139,2,-2.261316,1.412142,-2.260907,training_point
09:50:40.221,1,-3.823193,1.543512,-2.132207,training_point
09:50:40.221,2,-2.259714,1.412211,-2.261364,training_point
09:50:40.305,1,-3.816148,1.543194,-2.135758,training_point
09:50:40.305,2,-2.258261,1.412314,-2.262022,training_point
09:50:40.388,1,-3.806125,1.542958,-2.138858,training_point
09:50:40.388,2,-2.255688,1.412368,-2.263233,training_point
09:50:40.471,1,-3.792782,1.543904,-2.140559,training_point
09:50:40.471,2,-2.251787,1.412195,-2.265132,training_point
09:50:40.555,1,-3.782483,1.543317,-2.139074,training_point
09:50:40.556,2,-2.247172,1.412316,-2.268283,training_point
09:50:40.638,1,-3.763109,1.54418,-2.131261,training_point
09:50:40.638,2,-2.240884,1.412344,-2.269909,training_point
09:50:40.771,1,-3.728058,1.54478,-2.106721,training_point
09:50:40.771,2,-2.239601,1.412318,-2.270835,training_point
09:50:40.922,1,-3.683752,1.54486,-2.072346,training_point
09:50:40.922,2,-2.230431,1.412277,-2.272803,training_point
09:50:41.005,1,-3.641338,1.544708,-2.040983,training_point
09:50:41.005,2,-2.227487,1.412186,-2.273299,training_point
09:50:41.088,1,-3.609804,1.5425,-2.010529,training_point
09:50:41.089,2,-2.226545,1.412156,-2.273119,training_point
09:50:41.172,1,-3.560756,1.542383,-1.970605,training_point
09:50:41.172,2,-2.224713,1.412019,-2.272848,training_point
09:50:41.255,1,-3.528983,1.543897,-1.948635,training_point
09:50:41.255,2,-2.2233,1.412032,-2.272618,training_point
09:50:41.338,1,-3.488186,1.54391,-1.918534,training_point
09:50:41.338,2,-2.221223,1.412049,-2.271405,training_point
09:50:41.421,1,-3.467673,1.544115,-1.905408,training_point
09:50:41.421,2,-2.219996,1.412105,-2.270775,training_point
09:50:41.504,1,-3.430554,1.54439,-1.893458,training_point
09:50:41.505,2,-2.218648,1.412098,-2.269286,training_point
09:50:41.638,1,-3.377836,1.542111,-1.885091,training_point
09:50:41.638,2,-2.218454,1.412026,-2.268185,training_point
09:50:41.772,1,-3.322987,1.542106,-1.883826,training_point
09:50:41.772,2,-2.219614,1.412074,-2.266124,training_point
09:50:41.854,1,-3.309543,1.542446,-1.90278,training_point
09:50:41.855,2,-2.220831,1.412007,-2.265425,training_point
09:50:41.938,1,-3.276996,1.543483,-1.90998,training_point
09:50:41.939,2,-2.223173,1.412042,-2.264795,training_point
09:50:42.021,1,-3.236322,1.542311,-1.921213,training_point
09:50:42.021,2,-2.224407,1.412224,-2.264918,training_point
09:50:42.105,1,-3.208364,1.542783,-1.923874,training_point
09:50:42.106,2,-2.223547,1.412286,-2.264834,training_point
09:50:42.188,1,-3.173755,1.545257,-1.923334,training_point
09:50:42.188,2,-2.222852,1.412114,-2.264917,training_point
09:50:42.272,1,-3.162197,1.543993,-1.925324,training_point
09:50:42.272,2,-2.225757,1.41209,-2.265296,training_point
09:50:42.354,1,-3.155111,1.540455,-1.922822,training_point
09:50:42.355,2,-2.225885,1.412035,-2.264808,training_point
09:50:42.488,1,-3.150341,1.538124,-1.916715,training_point
09:50:42.488,2,-2.227044,1.412061,-2.264516,training_point
09:50:42.572,1,-3.150327,1.537682,-1.908981,training_point
09:50:42.572,2,-2.226666,1.412128,-2.264716,training_point
09:50:42.655,1,-3.151907,1.53506,-1.901601,training_point
09:50:42.655,2,-2.226392,1.412135,-2.264673,training_point
09:50:42.738,1,-3.155181,1.533332,-1.890302,training_point
09:50:42.738,2,-2.227263,1.412241,-2.264735,training_point
09:50:42.823,1,-3.157992,1.530543,-1.882404,training_point
09:50:42.824,2,-2.227124,1.412283,-2.264603,training_point
09:50:42.905,1,-3.164145,1.529089,-1.872138,training_point
09:50:42.905,2,-2.227799,1.411796,-2.26449,training_point
09:50:42.988,1,-3.164868,1.529618,-1.866053,training_point
09:50:42.989,2,-2.228626,1.412053,-2.264326,training_point
09:50:43.071,1,-3.16849,1.530081,-1.859875,training_point
09:50:43.072,2,-2.22844,1.412147,-2.264253,training_point
09:50:43.155,1,-3.171032,1.529532,-1.852125,training_point
09:50:43.156,2,-2.229559,1.412044,-2.264521,training_point
09:50:43.238,1,-3.176854,1.528199,-1.845317,training_point
09:50:43.238,2,-2.229114,1.411954,-2.26381,training_point
09:50:43.322,1,-3.178881,1.528083,-1.8438,training_point
09:50:43.322,2,-2.228759,1.411547,-2.263537,training_point
09:50:43.405,1,-3.182152,1.528012,-1.84142,training_point
09:50:43.406,2,-2.227905,1.409662,-2.263357,training_point
09:50:43.488,1,-3.183497,1.525613,-1.840306,training_point
09:50:43.489,2,-2.227937,1.409778,-2.263265,training_point
09:50:43.572,1,-3.184419,1.524065,-1.837534,training_point
09:50:43.572,2,-2.227837,1.410324,-2.263511,training_point
09:50:43.654,1,-3.185782,1.517186,-1.834867,training_point
09:50:43.655,2,-2.227815,1.410114,-2.263995,training_point
09:50:43.805,1,-3.189167,1.512597,-1.831496,training_point
09:50:43.806,2,-2.228642,1.409347,-2.264306,training_point
09:50:43.888,1,-3.194069,1.517295,-1.827552,training_point
09:50:43.888,2,-2.228789,1.409097,-2.264711,training_point
09:50:44.021,1,-3.204401,1.52114,-1.821175,training_point
09:50:44.021,2,-2.229537,1.408905,-2.26563,training_point
09:50:44.155,1,-3.207303,1.517123,-1.816236,training_point
09:50:44.155,2,-2.23091,1.40866,-2.26645,training_point
09:50:44.239,1,-3.215655,1.517233,-1.812322,training_point
09:50:44.239,2,-2.231679,1.408465,-2.266186,training_point
09:50:44.321,1,-3.21884,1.520724,-1.810734,training_point
09:50:44.321,2,-2.231709,1.408357,-2.266394,training_point
09:50:44.405,1,-3.226207,1.517643,-1.81015,training_point
09:50:44.405,2,-2.232031,1.408551,-2.266519,training_point
09:50:44.488,1,-3.23036,1.523061,-1.810421,training_point
09:50:44.488,2,-2.232322,1.408712,-2.266766,training_point
09:50:44.572,1,-3.233422,1.52672,-1.809203,training_point
09:50:44.572,2,-2.233786,1.408999,-2.266788,training_point
09:50:44.655,1,-3.235081,1.523261,-1.806505,training_point
09:50:44.655,2,-2.234957,1.408731,-2.266718,training_point
09:50:44.739,1,-3.239643,1.527667,-1.805246,training_point
09:50:44.739,2,-2.236054,1.408616,-2.266611,training_point
09:50:44.821,1,-3.243592,1.529742,-1.803169,training_point
09:50:44.821,2,-2.237262,1.408449,-2.265509,training_point
09:50:44.972,1,-3.246562,1.531534,-1.801689,training_point
09:50:44.972,2,-2.241013,1.408442,-2.263972,training_point
09:50:45.055,1,-3.253178,1.535102,-1.797214,training_point
09:50:45.055,2,-2.246984,1.408618,-2.262676,training_point
09:50:45.138,1,-3.264387,1.536419,-1.794777,training_point
09:50:45.138,2,-2.256674,1.408825,-2.260173,training_point
09:50:45.222,1,-3.275475,1.533716,-1.790406,training_point
09:50:45.222,2,-2.265556,1.408874,-2.257809,training_point
09:50:45.305,1,-3.289902,1.530013,-1.78772,training_point
09:50:45.305,2,-2.280087,1.409283,-2.252573,training_point
09:50:45.389,1,-3.302642,1.52792,-1.787927,training_point
09:50:45.389,2,-2.286104,1.409563,-2.251186,training_point
09:50:45.471,1,-3.309175,1.527738,-1.786908,training_point
09:50:45.471,2,-2.298846,1.409437,-2.248321,training_point
09:50:45.555,1,-3.319442,1.52659,-1.788549,training_point
09:50:45.556,2,-2.306211,1.409623,-2.24654,training_point
09:50:45.638,1,-3.329204,1.52698,-1.794424,training_point
09:50:45.638,2,-2.31969,1.409664,-2.243291,training_point
09:50:45.722,1,-3.33362,1.528148,-1.801255,training_point
09:50:45.722,2,-2.328663,1.409519,-2.242059,training_point
09:50:45.822,1,-3.336517,1.528229,-1.820479,training_point
09:50:45.823,2,-2.342145,1.40916,-2.239935,training_point
09:50:45.905,1,-3.334278,1.528451,-1.843837,training_point
09:50:45.905,2,-2.352546,1.40916,-2.239716,training_point
09:50:45.989,1,-3.332876,1.529225,-1.865783,training_point
09:50:45.989,2,-2.359569,1.409531,-2.240813,training_point
09:50:46.071,1,-3.330997,1.529532,-1.889959,training_point
09:50:46.071,2,-2.367926,1.409335,-2.243595,training_point
09:50:46.155,1,-3.323041,1.528546,-1.90911,training_point
09:50:46.156,2,-2.373741,1.409503,-2.244375,training_point
09:50:46.238,1,-3.321608,1.528451,-1.924614,training_point
09:50:46.238,2,-2.379359,1.409523,-2.247541,training_point
09:50:46.322,1,-3.326262,1.527698,-1.932995,training_point
09:50:46.322,2,-2.38213,1.409365,-2.249507,training_point
09:50:46.404,1,-3.331278,1.526432,-1.944629,training_point
09:50:46.405,2,-2.38487,1.409187,-2.251519,training_point
09:50:46.489,1,-3.335671,1.525528,-1.94874,training_point
09:50:46.489,2,-2.386488,1.409254,-2.252404,training_point
09:50:46.572,1,-3.357258,1.52545,-1.952572,training_point
09:50:46.572,2,-2.387651,1.40937,-2.253363,training_point
09:50:46.655,1,-3.372635,1.526728,-1.949875,training_point
09:50:46.655,2,-2.388227,1.409486,-2.25322,training_point
09:50:46.738,1,-3.396519,1.517403,-1.945572,training_point
09:50:46.738,2,-2.38771,1.410132,-2.253887,training_point
09:50:46.821,1,-3.413183,1.516871,-1.941394,training_point
09:50:46.821,2,-2.387109,1.409663,-2.254167,training_point
09:50:46.905,1,-3.42838,1.516463,-1.937303,training_point
09:50:46.905,2,-2.38687,1.409956,-2.254154,training_point
09:50:46.988,1,-3.453338,1.515974,-1.930011,training_point
09:50:46.988,2,-2.386797,1.410153,-2.254139,training_point
09:50:47.071,1,-3.476203,1.513681,-1.92399,training_point
09:50:47.072,2,-2.386123,1.410388,-2.25447,training_point
09:50:47.155,1,-3.49188,1.51318,-1.917787,training_point
09:50:47.155,2,-2.385701,1.410971,-2.254742,training_point
09:50:47.238,1,-3.502851,1.512331,-1.913685,training_point
09:50:47.238,2,-2.38479,1.413506,-2.255435,training_point
09:50:47.321,1,-3.507987,1.515676,-1.91153,training_point
09:50:47.322,2,-2.384425,1.41503,-2.25635,training_point
09:50:47.405,1,-3.514997,1.516128,-1.908662,training_point
09:50:47.406,2,-2.384087,1.419126,-2.257303,training_point
09:50:47.488,1,-3.521975,1.51706,-1.908321,training_point
09:50:47.488,2,-2.383649,1.420986,-2.25879,training_point
09:50:47.572,1,-3.528757,1.51454,-1.907673,training_point
09:50:47.572,2,-2.383886,1.425482,-2.259659,training_point
09:50:47.655,1,-3.531131,1.517679,-1.907644,training_point
09:50:47.655,2,-2.384277,1.428725,-2.260316,training_point
09:50:47.739,1,-3.532536,1.51471,-1.908052,training_point
09:50:47.739,2,-2.384399,1.431292,-2.260649,training_point
09:50:47.822,1,-3.533579,1.517331,-1.90859,training_point
09:50:47.822,2,-2.384906,1.43343,-2.260996,training_point
09:50:47.954,1,-3.5345,1.517891,-1.910682,training_point
09:50:47.955,2,-2.386207,1.434312,-2.260705,training_point
09:50:48.038,1,-3.533874,1.514716,-1.912302,training_point
09:50:48.039,2,-2.387178,1.434595,-2.260088,training_point
09:50:48.122,1,-3.533076,1.517718,-1.912481,training_point
09:50:48.122,2,-2.387726,1.433871,-2.25981,training_point
09:50:48.205,1,-3.531642,1.520671,-1.912991,training_point
09:50:48.205,2,-2.388373,1.432718,-2.25895,training_point
09:50:48.288,1,-3.530154,1.525915,-1.914025,training_point
09:50:48.289,2,-2.388441,1.431815,-2.258687,training_point
09:50:48.373,1,-3.528729,1.52815,-1.915153,training_point
09:50:48.373,2,-2.388767,1.430839,-2.257946,training_point
09:50:48.472,1,-3.526263,1.529172,-1.916867,training_point
09:50:48.472,2,-2.388853,1.430594,-2.257666,training_point
09:50:48.555,1,-3.523487,1.527235,-1.917367,training_point
09:50:48.555,2,-2.388824,1.429048,-2.256986,training_point
09:50:48.638,1,-3.520269,1.526463,-1.918543,training_point
09:50:48.638,2,-2.388461,1.427344,-2.256483,training_point
09:50:48.722,1,-3.518678,1.529368,-1.919436,training_point
09:50:48.722,2,-2.388428,1.425575,-2.256429,training_point
09:50:48.822,1,-3.516677,1.535105,-1.919263,training_point
09:50:48.823,2,-2.387705,1.424099,-2.255978,training_point
09:50:48.905,1,-3.514578,1.534479,-1.920329,training_point
09:50:48.905,2,-2.387347,1.421954,-2.255831,training_point
09:50:48.989,1,-3.512585,1.535739,-1.92199,training_point
09:50:48.989,2,-2.387287,1.421686,-2.25561,training_point
09:50:49.105,1,-3.512191,1.536677,-1.922538,training_point
09:50:49.106,2,-2.38726,1.420075,-2.255568,training_point
09:50:49.205,1,-3.511133,1.535791,-1.924169,training_point
09:50:49.205,2,-2.386955,1.419335,-2.255232,training_point
09:50:49.338,1,-3.510004,1.534235,-1.92603,training_point
09:50:49.339,2,-2.386815,1.417737,-2.254857,training_point
09:50:49.472,1,-3.509583,1.531775,-1.926098,training_point
09:50:49.472,2,-2.38723,1.415874,-2.254885,training_point
09:50:49.572,1,-3.510796,1.528227,-1.927021,training_point
09:50:49.572,2,-2.386655,1.414243,-2.254993,training_point
09:50:49.655,1,-3.512479,1.526212,-1.924986,training_point
09:50:49.655,2,-2.386312,1.413435,-2.254609,training_point
09:50:49.738,1,-3.511938,1.526044,-1.9251,training_point
09:50:49.739,2,-2.386376,1.412905,-2.254624,training_point
09:50:49.821,1,-3.512609,1.528059,-1.924809,training_point
09:50:49.821,2,-2.386258,1.412555,-2.254538,training_point
09:50:49.905,1,-3.512931,1.527435,-1.925024,training_point
09:50:49.905,2,-2.386102,1.412005,-2.254605,training_point
09:50:49.988,1,-3.513698,1.525659,-1.923574,training_point
09:50:49.988,2,-2.386189,1.411322,-2.255002,training_point
09:50:50.071,1,-3.513454,1.52412,-1.92215,training_point
09:50:50.071,2,-2.386079,1.411154,-2.255744,training_point
09:50:50.155,1,-3.513204,1.527101,-1.922105,training_point
09:50:50.156,2,-2.385903,1.410968,-2.256113,training_point
09:50:50.238,1,-3.512315,1.523979,-1.920829,training_point
09:50:50.238,2,-2.385229,1.410488,-2.256784,training_point
09:50:50.322,1,-3.511879,1.524052,-1.920952,training_point
09:50:50.322,2,-2.385219,1.41048,-2.257411,training_point
09:50:50.405,1,-3.511011,1.523384,-1.921195,training_point
09:50:50.405,2,-2.38513,1.409798,-2.257833,training_point
09:50:50.489,1,-3.510412,1.523648,-1.921336,training_point
09:50:50.489,2,-2.385722,1.408664,-2.258992,training_point
09:50:50.571,1,-3.510606,1.525491,-1.918929,training_point
09:50:50.571,2,-2.385847,1.408575,-2.260044,training_point
09:50:50.655,1,-3.510781,1.526374,-1.918299,training_point
09:50:50.656,2,-2.385859,1.407436,-2.260383,training_point
09:50:50.755,1,-3.509763,1.526307,-1.918618,training_point
09:50:50.756,2,-2.385311,1.406501,-2.260567,training_point
09:50:50.838,1,-3.509574,1.526024,-1.917611,training_point
09:50:50.838,2,-2.385298,1.405462,-2.260736,training_point
09:50:50.922,1,-3.508267,1.528201,-1.917932,training_point
09:50:50.922,2,-2.385276,1.405365,-2.260832,training_point
09:50:51.005,1,-3.508894,1.527975,-1.917029,training_point
09:50:51.005,2,-2.385314,1.405159,-2.260967,training_point
09:50:51.088,1,-3.508568,1.527134,-1.917118,training_point
09:50:51.089,2,-2.384968,1.404888,-2.260895,training_point
09:50:51.171,1,-3.508693,1.527214,-1.917656,training_point
09:50:51.172,2,-2.384899,1.404315,-2.261416,training_point
09:50:51.255,1,-3.508719,1.527857,-1.917145,training_point
09:50:51.256,2,-2.384963,1.404652,-2.260979,training_point
09:50:51.338,1,-3.509439,1.526617,-1.916489,training_point
09:50:51.338,2,-2.384901,1.405086,-2.261173,training_point
09:50:51.489,1,-3.509189,1.526559,-1.917189,training_point
09:50:51.489,2,-2.384845,1.404622,-2.260215,training_point
09:50:51.571,1,-3.510083,1.528077,-1.916153,training_point
09:50:51.571,2,-2.38478,1.40467,-2.260234,training_point
09:50:51.655,1,-3.509704,1.52814,-1.916742,training_point
09:50:51.656,2,-2.384883,1.403931,-2.260313,training_point
09:50:51.738,1,-3.510635,1.528395,-1.915538,training_point
09:50:51.738,2,-2.384802,1.403694,-2.260326,training_point
09:50:51.871,1,-3.511461,1.526288,-1.915009,training_point
09:50:51.871,2,-2.384744,1.403952,-2.259893,training_point
09:50:51.955,1,-3.513176,1.527019,-1.914275,training_point
09:50:51.956,2,-2.384294,1.40404,-2.25936,training_point
09:50:52.038,1,-3.513285,1.52839,-1.914388,training_point
09:50:52.038,2,-2.384405,1.404865,-2.259318,training_point
09:50:52.138,1,-3.5126,1.527221,-1.914677,training_point
09:50:52.138,2,-2.384161,1.405114,-2.258805,training_point
09:50:52.221,1,-3.512587,1.528774,-1.914774,training_point
09:50:52.221,2,-2.38407,1.404312,-2.258581,training_point
09:50:52.305,1,-3.513336,1.526603,-1.914494,training_point
09:50:52.305,2,-2.38407,1.403784,-2.25828,training_point
09:50:52.455,1,-3.513598,1.525154,-1.914947,training_point
09:50:52.455,2,-2.383784,1.404855,-2.257461,training_point
09:50:52.589,1,-3.513819,1.526546,-1.914965,training_point
09:50:52.589,2,-2.383514,1.404945,-2.256033,training_point
09:50:52.722,1,-3.513465,1.526244,-1.915487,training_point
09:50:52.722,2,-2.383753,1.404658,-2.255067,training_point
09:50:52.839,1,-3.512532,1.526003,-1.915649,training_point
09:50:52.839,2,-2.384102,1.405007,-2.254703,training_point
09:50:52.922,1,-3.512645,1.525237,-1.915661,training_point
09:50:52.923,2,-2.384108,1.404766,-2.254222,training_point
09:50:53.005,1,-3.512771,1.525913,-1.915405,training_point
09:50:53.005,2,-2.384093,1.40469,-2.254226,training_point
09:50:53.156,1,-3.512097,1.525085,-1.914859,training_point
09:50:53.156,2,-2.384151,1.40425,-2.25399,training_point
09:50:53.238,1,-3.512123,1.526393,-1.915263,training_point
09:50:53.238,2,-2.384173,1.404956,-2.253943,training_point
09:50:53.322,1,-3.511281,1.527308,-1.916116,training_point
09:50:53.322,2,-2.384122,1.404881,-2.253572,training_point
09:50:53.405,1,-3.510529,1.527816,-1.917006,training_point
09:50:53.405,2,-2.383709,1.405319,-2.253459,training_point
09:50:53.488,1,-3.510819,1.525409,-1.917473,training_point
09:50:53.489,2,-2.383675,1.404751,-2.253547,training_point
09:50:53.571,1,-3.510458,1.525436,-1.917973,training_point
09:50:53.571,2,-2.383826,1.404538,-2.253462,training_point
09:50:53.705,1,-3.511154,1.525517,-1.921973,training_point
09:50:53.705,2,-2.383765,1.403917,-2.253093,training_point
09:50:53.789,1,-3.5109,1.526068,-1.923784,training_point
09:50:53.789,2,-2.383892,1.404233,-2.253506,training_point
09:50:53.871,1,-3.51234,1.526457,-1.924104,training_point
09:50:53.871,2,-2.383837,1.404199,-2.254169,training_point
09:50:53.955,1,-3.512044,1.527927,-1.923107,training_point
09:50:53.956,2,-2.383612,1.404131,-2.254299,training_point
09:50:54.038,1,-3.514054,1.527209,-1.924096,training_point
09:50:54.038,2,-2.383254,1.404039,-2.255163,training_point
09:50:54.122,1,-3.51282,1.526673,-1.925427,training_point
09:50:54.123,2,-2.383158,1.404773,-2.255628,training_point
09:50:54.204,1,-3.512988,1.526354,-1.927431,training_point
09:50:54.205,2,-2.383044,1.404434,-2.257573,training_point
09:50:54.355,1,-3.513391,1.52593,-1.92764,training_point
09:50:54.355,2,-2.383205,1.403922,-2.260349,training_point
09:50:54.438,1,-3.514361,1.523476,-1.929967,training_point
09:50:54.438,2,-2.383166,1.40397,-2.261329,training_point
09:50:54.522,1,-3.514845,1.524927,-1.930705,training_point
09:50:54.522,2,-2.38317,1.404934,-2.261577,training_point
09:50:54.605,1,-3.514878,1.525426,-1.929854,training_point
09:50:54.605,2,-2.383355,1.405045,-2.262396,training_point
09:50:54.689,1,-3.515243,1.522607,-1.931562,training_point
09:50:54.689,2,-2.383381,1.404801,-2.263229,training_point
09:50:54.789,1,-3.515585,1.522759,-1.932978,training_point
09:50:54.789,2,-2.384334,1.404711,-2.265241,training_point
09:50:54.871,1,-3.517853,1.524145,-1.93418,training_point
09:50:54.871,2,-2.384349,1.404608,-2.265328,training_point
09:50:54.955,1,-3.5178,1.521092,-1.935784,training_point
09:50:54.955,2,-2.384904,1.404857,-2.265468,training_point
09:50:55.038,1,-3.519112,1.521932,-1.936359,training_point
09:50:55.038,2,-2.385255,1.404716,-2.265674,training_point
09:50:55.171,1,-3.519615,1.524608,-1.936352,training_point
09:50:55.171,2,-2.385634,1.404519,-2.265499,training_point
09:50:55.255,1,-3.520443,1.525196,-1.937274,training_point
09:50:55.255,2,-2.385517,1.404184,-2.264973,training_point
09:50:55.338,1,-3.522475,1.524518,-1.938059,training_point
09:50:55.338,2,-2.385765,1.404232,-2.265112,training_point
09:50:55.422,1,-3.521863,1.525462,-1.937474,training_point
09:50:55.422,2,-2.385465,1.404969,-2.263823,training_point
09:50:55.505,1,-3.522632,1.523107,-1.937894,training_point
09:50:55.505,2,-2.385883,1.404775,-2.263899,training_point
09:50:55.589,1,-3.522635,1.52361,-1.937249,training_point
09:50:55.589,2,-2.385809,1.405235,-2.263579,training_point
09:50:55.689,1,-3.52333,1.524079,-1.937091,training_point
09:50:55.689,2,-2.385715,1.40471,-2.263245,training_point
09:50:55.789,1,-3.524172,1.524241,-1.935849,training_point
09:50:55.789,2,-2.385907,1.404439,-2.263099,training_point
09:50:55.889,1,-3.523387,1.523933,-1.934751,training_point
09:50:55.889,2,-2.386097,1.404183,-2.263057,training_point
09:50:55.988,1,-3.524386,1.525322,-1.932842,training_point
09:50:55.989,2,-2.385516,1.403966,-2.262118,training_point
09:50:56.071,1,-3.524487,1.522287,-1.932187,training_point
09:50:56.071,2,-2.385506,1.403746,-2.262658,training_point
09:50:56.205,1,-3.523551,1.524701,-1.931696,training_point
09:50:56.205,2,-2.385137,1.404882,-2.262301,training_point
09:50:56.289,1,-3.52301,1.525735,-1.929428,training_point
09:50:56.289,2,-2.384952,1.405349,-2.262627,training_point
09:50:56.371,1,-3.522494,1.524548,-1.929321,training_point
09:50:56.372,2,-2.38466,1.405199,-2.263205,training_point
09:50:56.455,1,-3.521967,1.524724,-1.928785,training_point
09:50:56.455,2,-2.384266,1.404989,-2.263246,training_point
09:50:56.539,1,-3.520836,1.524222,-1.926576,training_point
09:50:56.539,2,-2.383531,1.40486,-2.262827,training_point
09:50:56.621,1,-3.520297,1.523794,-1.926807,training_point
09:50:56.622,2,-2.383253,1.404877,-2.262583,training_point
09:50:56.705,1,-3.51842,1.523712,-1.925549,training_point
09:50:56.705,2,-2.383122,1.404659,-2.26307,training_point
09:50:56.788,1,-3.516197,1.523354,-1.924979,training_point
09:50:56.788,2,-2.382943,1.405059,-2.26304,training_point
09:50:56.872,1,-3.514468,1.522483,-1.924517,training_point
09:50:56.873,2,-2.38239,1.405361,-2.263366,training_point
09:50:56.955,1,-3.514707,1.526042,-1.923998,training_point
09:50:56.955,2,-2.382187,1.405333,-2.263033,training_point
09:50:57.039,1,-3.512313,1.527619,-1.92526,training_point
09:50:57.039,2,-2.382181,1.404666,-2.262884,training_point
09:50:57.121,1,-3.512497,1.524469,-1.924025,training_point
09:50:57.122,2,-2.381945,1.404705,-2.262719,training_point
09:50:57.205,1,-3.511299,1.523968,-1.923616,training_point
09:50:57.206,2,-2.381759,1.404778,-2.26229,training_point
09:50:57.321,1,-3.509717,1.526329,-1.925306,training_point
09:50:57.322,2,-2.382028,1.404886,-2.262534,training_point
09:50:57.422,1,-3.508307,1.527052,-1.926224,training_point
09:50:57.423,2,-2.381929,1.405124,-2.262274,training_point
09:50:57.521,1,-3.509044,1.526972,-1.924037,training_point
09:50:57.521,2,-2.381811,1.404993,-2.26225,training_point
09:50:57.605,1,-3.508116,1.525821,-1.923395,training_point
09:50:57.605,2,-2.381666,1.403876,-2.262496,training_point
09:50:57.689,1,-3.508301,1.522029,-1.923352,training_point
09:50:57.689,2,-2.381595,1.403663,-2.262698,training_point
09:50:57.771,1,-3.508509,1.52171,-1.922705,training_point
09:50:57.771,2,-2.381757,1.403273,-2.262595,training_point
09:50:57.856,1,-3.509714,1.521301,-1.921871,training_point
09:50:57.856,2,-2.381683,1.403242,-2.26281,training_point
09:50:57.938,1,-3.508694,1.52685,-1.922026,training_point
09:50:57.938,2,-2.382079,1.403258,-2.263519,training_point
09:50:58.071,1,-3.507229,1.524913,-1.920921,training_point
09:50:58.072,2,-2.3826,1.404004,-2.263719,training_point
09:50:58.156,1,-3.507082,1.524219,-1.920627,training_point
09:50:58.156,2,-2.382533,1.403554,-2.263345,training_point
09:50:58.238,1,-3.506038,1.526636,-1.919764,training_point
09:50:58.238,2,-2.383163,1.404701,-2.263905,training_point
09:50:58.371,1,-3.506266,1.526705,-1.918005,training_point
09:50:58.372,2,-2.383542,1.404395,-2.263757,training_point
09:50:58.456,1,-3.505986,1.527101,-1.918187,training_point
09:50:58.456,2,-2.383477,1.404519,-2.263852,training_point
09:50:58.538,1,-3.505447,1.52607,-1.918889,training_point
09:50:58.538,2,-2.383962,1.40484,-2.264127,training_point
09:50:58.671,1,-3.50556,1.52658,-1.918475,training_point
09:50:58.671,2,-2.384333,1.404547,-2.264349,training_point
09:50:58.755,1,-3.505597,1.526737,-1.918626,training_point
09:50:58.756,2,-2.384485,1.404323,-2.264242,training_point
09:50:58.856,1,-3.504375,1.525851,-1.918804,training_point
09:50:58.856,2,-2.384775,1.405138,-2.264224,training_point
09:50:58.938,1,-3.504422,1.52618,-1.917992,training_point
09:50:58.938,2,-2.384646,1.404789,-2.26328,training_point
09:50:59.022,1,-3.503945,1.526633,-1.917931,training_point
09:50:59.023,2,-2.384881,1.405019,-2.263215,training_point
09:50:59.105,1,-3.504142,1.525158,-1.917462,training_point
09:50:59.105,2,-2.384633,1.405414,-2.262243,training_point
09:50:59.255,1,-3.505657,1.525643,-1.916934,training_point
09:50:59.256,2,-2.384253,1.404832,-2.261307,training_point
09:50:59.338,1,-3.503802,1.525002,-1.917527,training_point
09:50:59.338,2,-2.383963,1.404923,-2.260971,training_point
09:50:59.422,1,-3.502364,1.523302,-1.918099,training_point
09:50:59.422,2,-2.383672,1.405561,-2.260505,training_point
09:50:59.505,1,-3.500838,1.526576,-1.918895,training_point
09:50:59.505,2,-2.383643,1.405719,-2.260736,training_point
09:50:59.588,1,-3.500092,1.52596,-1.919172,training_point
09:50:59.588,2,-2.383555,1.4055,-2.260843,training_point
09:50:59.671,1,-3.499485,1.526776,-1.919266,training_point
09:50:59.671,2,-2.383448,1.405473,-2.26091,training_point
09:50:59.755,1,-3.501207,1.52682,-1.918156,training_point
09:50:59.756,2,-2.383189,1.404942,-2.260776,training_point
09:50:59.838,1,-3.499878,1.524771,-1.918904,training_point
09:50:59.838,2,-2.382939,1.405342,-2.261247,training_point
09:50:59.921,1,-3.498863,1.528415,-1.919684,training_point
09:50:59.922,2,-2.382856,1.405247,-2.261252,training_point
09:51:00.005,1,-3.499164,1.52776,-1.919117,training_point
09:51:00.006,2,-2.382599,1.40532,-2.261025,training_point
09:51:00.089,1,-3.498108,1.527499,-1.919979,training_point
09:51:00.089,2,-2.38237,1.405824,-2.26185,training_point
09:51:00.171,1,-3.498462,1.527978,-1.919748,training_point
09:51:00.172,2,-2.382553,1.405727,-2.261894,training_point
09:51:00.256,1,-3.501653,1.529533,-1.918243,training_point
09:51:00.256,2,-2.382691,1.405574,-2.261577,training_point
09:51:00.338,1,-3.499426,1.528885,-1.919622,training_point
09:51:00.338,2,-2.382716,1.405816,-2.261721,training_point
09:51:00.471,1,-3.500339,1.529243,-1.918474,training_point
09:51:00.472,2,-2.38292,1.405776,-2.262038,training_point
09:51:00.556,1,-3.500621,1.527515,-1.919019,training_point
09:51:00.556,2,-2.383047,1.405209,-2.262352,training_point
09:51:00.638,1,-3.501346,1.527861,-1.91804,training_point
09:51:00.638,2,-2.383425,1.405031,-2.262884,training_point
09:51:00.722,1,-3.500395,1.52583,-1.91879,training_point
09:51:00.723,2,-2.383479,1.404861,-2.262848,training_point
09:51:00.805,1,-3.500082,1.525687,-1.919258,training_point
09:51:00.805,2,-2.38393,1.404727,-2.263598,training_point
09:51:00.889,1,-3.499785,1.528678,-1.919458,training_point
09:51:00.889,2,-2.384287,1.405393,-2.264112,training_point
09:51:00.989,1,-3.500124,1.527713,-1.919842,training_point
09:51:00.989,2,-2.384331,1.405836,-2.263616,training_point
09:51:01.072,1,-3.500497,1.528332,-1.919639,training_point
09:51:01.072,2,-2.385049,1.405153,-2.263794,training_point
09:51:01.157,1,-3.499574,1.528247,-1.919894,training_point
09:51:01.157,2,-2.384953,1.405094,-2.262959,training_point
09:51:01.238,1,-3.50093,1.527831,-1.919256,training_point
09:51:01.238,2,-2.385175,1.405483,-2.262838,training_point
09:51:01.322,1,-3.500094,1.528318,-1.919693,training_point
09:51:01.323,2,-2.385157,1.405015,-2.262697,training_point
09:51:01.405,1,-3.498893,1.528608,-1.920664,training_point
09:51:01.405,2,-2.38491,1.40468,-2.261935,training_point
09:51:01.489,1,-3.49849,1.527059,-1.921642,training_point
09:51:01.489,2,-2.384967,1.404635,-2.2618,training_point
09:51:01.589,1,-3.499263,1.525002,-1.921489,training_point
09:51:01.590,2,-2.384858,1.404139,-2.260563,training_point
09:51:01.671,1,-3.499304,1.525823,-1.921981,training_point
09:51:01.672,2,-2.384324,1.404571,-2.25929,training_point
09:51:01.756,1,-3.498757,1.527449,-1.922489,training_point
09:51:01.756,2,-2.384076,1.404402,-2.258245,training_point
09:51:01.838,1,-3.498422,1.527586,-1.922829,training_point
09:51:01.838,2,-2.383629,1.405214,-2.256664,training_point
09:51:01.922,1,-3.497573,1.524747,-1.92444,training_point
09:51:01.923,2,-2.383574,1.405759,-2.256399,training_point
09:51:02.005,1,-3.4973,1.525135,-1.924772,training_point
09:51:02.005,2,-2.383349,1.405732,-2.255669,training_point
09:51:02.089,1,-3.499045,1.52834,-1.924153,training_point
09:51:02.089,2,-2.383366,1.406449,-2.25566,training_point
09:51:02.172,1,-3.498765,1.527945,-1.924339,training_point
09:51:02.172,2,-2.383323,1.406121,-2.254873,training_point
09:51:02.305,1,-3.49862,1.526749,-1.924744,training_point
09:51:02.305,2,-2.383331,1.4063,-2.254514,training_point
09:51:02.389,1,-3.498699,1.528004,-1.925102,training_point
09:51:02.389,2,-2.383544,1.405765,-2.25459,training_point
09:51:02.489,1,-3.498765,1.524966,-1.925782,training_point
09:51:02.489,2,-2.383651,1.405607,-2.254486,training_point
09:51:02.571,1,-3.499737,1.527164,-1.92561,training_point
09:51:02.572,2,-2.384031,1.404786,-2.254623,training_point
09:51:02.655,1,-3.500328,1.52798,-1.925344,training_point
09:51:02.656,2,-2.384073,1.405293,-2.254675,training_point
09:51:02.738,1,-3.501546,1.527708,-1.925259,training_point
09:51:02.738,2,-2.384187,1.406297,-2.255319,training_point
09:51:02.822,1,-3.501402,1.529502,-1.924922,training_point
09:51:02.823,2,-2.3839,1.405781,-2.255077,training_point
09:51:02.905,1,-3.501112,1.52964,-1.925319,training_point
09:51:02.905,2,-2.384021,1.405578,-2.255014,training_point
09:51:02.989,1,-3.502212,1.525705,-1.92508,training_point
09:51:02.989,2,-2.384174,1.406171,-2.255193,training_point
09:51:03.072,1,-3.502621,1.527409,-1.925512,training_point
09:51:03.072,2,-2.384392,1.405477,-2.255455,training_point
09:51:03.205,1,-3.50355,1.528482,-1.925734,training_point
09:51:03.205,2,-2.384338,1.405714,-2.255636,training_point
09:51:03.289,1,-3.503565,1.526948,-1.925887,training_point
09:51:03.289,2,-2.384381,1.405537,-2.255809,training_point
09:51:03.372,1,-3.504485,1.526499,-1.9261,training_point
09:51:03.372,2,-2.384014,1.405058,-2.255619,training_point
09:51:03.522,1,-3.50462,1.528589,-1.926501,training_point
09:51:03.523,2,-2.383371,1.404854,-2.25473,training_point
09:51:03.605,1,-3.504844,1.529465,-1.926568,training_point
09:51:03.605,2,-2.383187,1.404632,-2.254556,training_point
09:51:03.689,1,-3.505235,1.529454,-1.926437,training_point
09:51:03.689,2,-2.383297,1.404577,-2.254605,training_point
09:51:03.771,1,-3.505714,1.528378,-1.926225,training_point
09:51:03.772,2,-2.383257,1.404701,-2.253948,training_point
09:51:03.855,1,-3.507189,1.527345,-1.924889,training_point
09:51:03.856,2,-2.38357,1.404617,-2.253755,training_point
09:51:03.938,1,-3.506635,1.527389,-1.926312,training_point
09:51:03.938,2,-2.383978,1.405391,-2.252819,training_point
09:51:04.022,1,-3.506349,1.527265,-1.92668,training_point
09:51:04.023,2,-2.383922,1.405612,-2.251787,training_point
09:51:04.105,1,-3.506546,1.528932,-1.927557,training_point
09:51:04.105,2,-2.384319,1.405473,-2.250985,training_point
09:51:04.189,1,-3.506989,1.528728,-1.928935,training_point
09:51:04.189,2,-2.384753,1.405287,-2.25083,training_point
09:51:04.289,1,-3.507174,1.528286,-1.929561,training_point
09:51:04.289,2,-2.385687,1.404827,-2.247648,training_point
09:51:04.371,1,-3.507833,1.528601,-1.929059,training_point
09:51:04.372,2,-2.387944,1.404994,-2.241747,training_point
09:51:04.456,1,-3.508233,1.529421,-1.928947,training_point
09:51:04.456,2,-2.388726,1.406613,-2.239036,training_point
09:51:04.538,1,-3.507905,1.529159,-1.928824,training_point
09:51:04.538,2,-2.391282,1.406571,-2.235697,training_point
09:51:04.671,1,-3.508462,1.529227,-1.927943,training_point
09:51:04.671,2,-2.394361,1.40637,-2.225024,training_point
09:51:04.756,1,-3.508673,1.530345,-1.927201,training_point
09:51:04.756,2,-2.394737,1.406305,-2.214663,training_point
09:51:04.838,1,-3.509234,1.530421,-1.926408,training_point
09:51:04.838,2,-2.395699,1.40696,-2.202875,training_point
09:51:04.971,1,-3.509385,1.530073,-1.926738,training_point
09:51:04.972,2,-2.397939,1.407027,-2.159415,training_point
09:51:05.056,1,-3.509377,1.53097,-1.926747,training_point
09:51:05.056,2,-2.397701,1.406769,-2.14552,training_point
09:51:05.138,1,-3.508934,1.530824,-1.92706,training_point
09:51:05.138,2,-2.400306,1.406759,-2.09601,training_point
09:51:05.222,1,-3.509009,1.529146,-1.92736,training_point
09:51:05.223,2,-2.400062,1.406426,-2.06732,training_point
09:51:05.305,1,-3.509384,1.529911,-1.926122,training_point
09:51:05.305,2,-2.400811,1.406968,-2.0291,training_point
09:51:05.389,1,-3.509387,1.531327,-1.926773,training_point
09:51:05.389,2,-2.402879,1.406832,-2.002619,training_point
09:51:05.489,1,-3.509374,1.530937,-1.926832,training_point
09:51:05.489,2,-2.404062,1.406231,-1.972841,training_point
09:51:05.571,1,-3.508598,1.530508,-1.926767,training_point
09:51:05.572,2,-2.407384,1.405585,-1.939313,training_point
09:51:05.656,1,-3.50844,1.531436,-1.927303,training_point
09:51:05.656,2,-2.411097,1.406169,-1.927997,training_point
09:51:05.738,1,-3.508801,1.531978,-1.924937,training_point
09:51:05.738,2,-2.418735,1.40618,-1.897059,training_point
09:51:05.822,1,-3.508175,1.531599,-1.925446,training_point
09:51:05.823,2,-2.420241,1.406059,-1.885552,training_point
09:51:05.905,1,-3.507556,1.531331,-1.925072,training_point
09:51:05.905,2,-2.431917,1.405573,-1.859089,training_point
09:51:05.989,1,-3.507044,1.531014,-1.925077,training_point
09:51:05.989,2,-2.439663,1.40536,-1.850239,training_point
09:51:06.072,1,-3.506795,1.531436,-1.922843,training_point
09:51:06.072,2,-2.462005,1.405335,-1.830272,training_point
09:51:06.155,1,-3.506155,1.531312,-1.922439,training_point
09:51:06.156,2,-2.475771,1.406218,-1.822354,training_point
09:51:06.238,1,-3.504581,1.531238,-1.922085,training_point
09:51:06.239,2,-2.493284,1.405921,-1.804895,training_point
09:51:06.322,1,-3.500994,1.531174,-1.922,training_point
09:51:06.322,2,-2.523065,1.405533,-1.788868,training_point
09:51:06.405,1,-3.498396,1.531222,-1.921534,training_point
09:51:06.405,2,-2.550274,1.405956,-1.778796,training_point
09:51:06.489,1,-3.497957,1.531067,-1.921746,training_point
09:51:06.489,2,-2.564002,1.405244,-1.775702,training_point
09:51:06.572,1,-3.497793,1.52995,-1.920811,training_point
09:51:06.572,2,-2.580637,1.404757,-1.768234,training_point
09:51:06.655,1,-3.496245,1.529987,-1.921235,training_point
09:51:06.655,2,-2.594088,1.40485,-1.761652,training_point
09:51:06.738,1,-3.494727,1.530336,-1.920897,training_point
09:51:06.738,2,-2.610876,1.404359,-1.75976,training_point
09:51:06.822,1,-3.493859,1.531023,-1.920536,training_point
09:51:06.822,2,-2.620553,1.404451,-1.759326,training_point
09:51:06.905,1,-3.493508,1.530294,-1.919875,training_point
09:51:06.905,2,-2.627887,1.404243,-1.756878,training_point
09:51:06.989,1,-3.493512,1.529935,-1.919874,training_point
09:51:06.989,2,-2.639306,1.407959,-1.756642,training_point
09:51:07.071,1,-3.493404,1.530185,-1.919916,training_point
09:51:07.071,2,-2.647373,1.413695,-1.755273,training_point
09:51:07.155,1,-3.493798,1.53033,-1.920152,training_point
09:51:07.156,2,-2.647793,1.414643,-1.755065,training_point
09:51:07.238,1,-3.494058,1.530688,-1.920285,training_point
09:51:07.238,2,-2.648536,1.41786,-1.755263,training_point
09:51:07.322,1,-3.493971,1.530532,-1.92035,training_point
09:51:07.323,2,-2.657667,1.423034,-1.756324,training_point
09:51:07.405,1,-3.494213,1.530608,-1.920635,training_point
09:51:07.405,2,-2.661012,1.423215,-1.760041,training_point
09:51:07.489,1,-3.494087,1.530514,-1.920724,training_point
09:51:07.489,2,-2.662335,1.425188,-1.760836,training_point
09:51:07.572,1,-3.494114,1.530922,-1.920936,training_point
09:51:07.572,2,-2.665141,1.425926,-1.761247,training_point
09:51:07.655,1,-3.49409,1.530938,-1.921115,training_point
09:51:07.656,2,-2.667252,1.423728,-1.762004,training_point
09:51:07.738,1,-3.493718,1.531417,-1.921374,training_point
09:51:07.738,2,-2.669135,1.418687,-1.763824,training_point
09:51:07.822,1,-3.493018,1.531427,-1.921755,training_point
09:51:07.822,2,-2.66935,1.418811,-1.764271,training_point
09:51:07.905,1,-3.49259,1.531336,-1.922447,training_point
09:51:07.905,2,-2.670659,1.425418,-1.765287,training_point
09:51:07.989,1,-3.492405,1.531658,-1.922754,training_point
09:51:07.989,2,-2.67118,1.424288,-1.766039,training_point
09:51:08.071,1,-3.492309,1.531667,-1.923118,training_point
09:51:08.072,2,-2.670962,1.423378,-1.766113,training_point
09:51:08.155,1,-3.492106,1.532411,-1.923779,training_point
09:51:08.155,2,-2.670724,1.425162,-1.765997,training_point
09:51:08.239,1,-3.491986,1.532609,-1.923758,training_point
09:51:08.239,2,-2.671813,1.422305,-1.768449,training_point
09:51:08.322,1,-3.491498,1.532484,-1.923673,training_point
09:51:08.322,2,-2.672494,1.420254,-1.768824,training_point
09:51:08.405,1,-3.49143,1.532732,-1.923562,training_point
09:51:08.405,2,-2.673325,1.420167,-1.769474,training_point
09:51:08.489,1,-3.491345,1.533439,-1.923268,training_point
09:51:08.489,2,-2.673585,1.418587,-1.769827,training_point
09:51:08.572,1,-3.490756,1.533492,-1.923712,training_point
09:51:08.572,2,-2.67486,1.417997,-1.771236,training_point
09:51:08.656,1,-3.490614,1.533684,-1.923637,training_point
09:51:08.656,2,-2.675863,1.42178,-1.772908,training_point
09:51:08.738,1,-3.49052,1.533301,-1.923667,training_point
09:51:08.738,2,-2.67622,1.420129,-1.773313,training_point
09:51:08.822,1,-3.489421,1.533028,-1.923451,training_point
09:51:08.823,2,-2.676975,1.421597,-1.775572,training_point
09:51:08.905,1,-3.488936,1.532068,-1.923293,training_point
09:51:08.905,2,-2.678005,1.425085,-1.776773,training_point
09:51:08.989,1,-3.488894,1.530228,-1.923251,training_point
09:51:08.989,2,-2.679029,1.423969,-1.777488,training_point
09:51:09.072,1,-3.488778,1.530199,-1.923727,training_point
09:51:09.072,2,-2.682244,1.420113,-1.781013,training_point
09:51:09.155,1,-3.488881,1.529318,-1.923442,training_point
09:51:09.156,2,-2.686794,1.417652,-1.781894,training_point
09:51:09.238,1,-3.488687,1.529302,-1.923243,training_point
09:51:09.239,2,-2.686587,1.416027,-1.783049,training_point
09:51:09.322,1,-3.488977,1.529478,-1.92304,training_point
09:51:09.322,2,-2.686764,1.413181,-1.78801,training_point
09:51:09.405,1,-3.489207,1.529171,-1.922869,training_point
09:51:09.405,2,-2.688873,1.411659,-1.79065,training_point
09:51:09.488,1,-3.489827,1.528013,-1.922415,training_point
09:51:09.488,2,-2.689496,1.41072,-1.800761,training_point
09:51:09.572,1,-3.490499,1.528108,-1.922867,training_point
09:51:09.573,2,-2.683642,1.409068,-1.804414,training_point
09:51:09.655,1,-3.490915,1.528441,-1.922662,training_point
09:51:09.655,2,-2.674787,1.408083,-1.817173,training_point
09:51:09.738,1,-3.490793,1.52819,-1.922281,training_point
09:51:09.739,2,-2.661702,1.408244,-1.829022,training_point
09:51:09.822,1,-3.490636,1.528086,-1.92198,training_point
09:51:09.822,2,-2.653061,1.407904,-1.838852,training_point
09:51:09.905,1,-3.49041,1.52799,-1.921787,training_point
09:51:09.905,2,-2.636986,1.406951,-1.84831,training_point
09:51:09.988,1,-3.490313,1.527708,-1.921937,training_point
09:51:09.989,2,-2.62942,1.403657,-1.857994,training_point
09:51:10.072,1,-3.489643,1.527754,-1.922179,training_point
09:51:10.072,2,-2.612488,1.403385,-1.870638,training_point
09:51:10.155,1,-3.489645,1.527572,-1.922428,training_point
09:51:10.156,2,-2.602754,1.403476,-1.880589,training_point
09:51:10.239,1,-3.488775,1.527198,-1.923644,training_point
09:51:10.239,2,-2.58995,1.403422,-1.890946,training_point
09:51:10.322,1,-3.488241,1.526869,-1.923997,training_point
09:51:10.322,2,-2.583639,1.402933,-1.89605,training_point
09:51:10.405,1,-3.487793,1.527,-1.924264,training_point
09:51:10.405,2,-2.573188,1.401882,-1.905105,training_point
09:51:10.489,1,-3.487145,1.527055,-1.92436,training_point
09:51:10.489,2,-2.568685,1.401828,-1.909122,training_point
09:51:10.589,1,-3.48692,1.526807,-1.925068,training_point
09:51:10.589,2,-2.560965,1.400906,-1.915543,training_point
09:51:10.689,1,-3.486764,1.526284,-1.924792,training_point
09:51:10.689,2,-2.55045,1.400771,-1.924802,training_point
09:51:10.789,1,-3.486491,1.525147,-1.92449,training_point
09:51:10.789,2,-2.546243,1.400606,-1.932197,training_point
09:51:10.888,1,-3.486344,1.525078,-1.924149,training_point
09:51:10.889,2,-2.540644,1.400011,-1.94004,training_point
09:51:10.971,1,-3.485861,1.525384,-1.924491,training_point
09:51:10.971,2,-2.535118,1.400366,-1.948421,training_point
09:51:11.056,1,-3.48583,1.525429,-1.924473,training_point
09:51:11.056,2,-2.531595,1.401085,-1.954426,training_point
09:51:11.156,1,-3.485699,1.5254,-1.924119,training_point
09:51:11.156,2,-2.53055,1.401207,-1.955083,training_point
09:51:11.238,1,-3.485723,1.525242,-1.923865,training_point
09:51:11.238,2,-2.521242,1.401204,-1.962206,training_point
09:51:11.322,1,-3.48581,1.525314,-1.923813,training_point
09:51:11.323,2,-2.520731,1.400752,-1.96261,training_point
09:51:11.422,1,-3.485667,1.525371,-1.924204,training_point
09:51:11.423,2,-2.515441,1.400692,-1.965769,training_point
09:51:11.522,1,-3.485945,1.52602,-1.923829,training_point
09:51:11.523,2,-2.512201,1.400867,-1.970135,training_point
09:51:11.622,1,-3.485378,1.526688,-1.923813,training_point
09:51:11.623,2,-2.507786,1.400115,-1.973562,training_point
09:51:11.705,1,-3.485137,1.526806,-1.924004,training_point
09:51:11.705,2,-2.504513,1.401048,-1.976244,training_point
09:51:11.789,1,-3.485147,1.527167,-1.92385,training_point
09:51:11.789,2,-2.501065,1.404016,-1.978422,training_point
09:51:11.889,1,-3.485332,1.527532,-1.924142,training_point
09:51:11.889,2,-2.499175,1.407009,-1.978607,training_point
09:51:11.989,1,-3.485038,1.528478,-1.923983,training_point
09:51:11.989,2,-2.497832,1.408,-1.97965,training_point
09:51:12.089,1,-3.484447,1.529314,-1.923865,training_point
09:51:12.089,2,-2.49732,1.409029,-1.981749,training_point
09:51:12.189,1,-3.484351,1.529322,-1.923936,training_point
09:51:12.189,2,-2.496174,1.411198,-1.983831,training_point
09:51:12.289,1,-3.484547,1.529192,-1.924191,training_point
09:51:12.289,2,-2.495885,1.413125,-1.985658,training_point
09:51:12.389,1,-3.483755,1.528265,-1.924746,training_point
09:51:12.389,2,-2.49604,1.415524,-1.987583,training_point
09:51:12.489,1,-3.483485,1.527831,-1.925055,training_point
09:51:12.489,2,-2.495494,1.415205,-1.989351,training_point
09:51:12.589,1,-3.484013,1.527269,-1.924776,training_point
09:51:12.589,2,-2.496296,1.417105,-1.99165,training_point
09:51:12.689,1,-3.482285,1.527889,-1.926151,training_point
09:51:12.689,2,-2.497151,1.417414,-1.993476,training_point
09:51:12.789,1,-3.482775,1.527828,-1.926853,training_point
09:51:12.789,2,-2.496916,1.416385,-1.993603,training_point
09:51:12.871,1,-3.482777,1.527798,-1.92703,training_point
09:51:12.872,2,-2.497235,1.415992,-1.993477,training_point
09:51:12.957,1,-3.483706,1.527921,-1.927315,training_point
09:51:12.957,2,-2.497944,1.421488,-1.994379,training_point
09:51:13.056,1,-3.484108,1.527297,-1.929597,training_point
09:51:13.056,2,-2.498357,1.42356,-1.994571,training_point
09:51:13.138,1,-3.484471,1.526588,-1.930285,training_point
09:51:13.138,2,-2.498363,1.424163,-1.99275,training_point
09:51:13.222,1,-3.484561,1.525879,-1.930134,training_point
09:51:13.222,2,-2.498526,1.424601,-1.992911,training_point
09:51:13.305,1,-3.485143,1.526112,-1.930637,training_point
09:51:13.305,2,-2.499297,1.424573,-1.993282,training_point
09:51:13.388,1,-3.486022,1.526579,-1.930774,training_point
09:51:13.389,2,-2.499571,1.424048,-1.992562,training_point
09:51:13.489,1,-3.486582,1.526607,-1.931292,training_point
09:51:13.489,2,-2.500579,1.423499,-1.993129,training_point
09:51:13.589,1,-3.486598,1.526829,-1.931223,training_point
09:51:13.589,2,-2.501257,1.426797,-1.993269,training_point
09:51:13.689,1,-3.487308,1.527077,-1.931534,training_point
09:51:13.689,2,-2.502873,1.425643,-1.994255,training_point
09:51:13.771,1,-3.487459,1.52701,-1.931841,training_point
09:51:13.772,2,-2.503281,1.424446,-1.995477,training_point
09:51:13.855,1,-3.487846,1.526373,-1.931533,training_point
09:51:13.855,2,-2.503762,1.424286,-1.995027,training_point
09:51:13.938,1,-3.488536,1.52608,-1.931863,training_point
09:51:13.938,2,-2.505004,1.42231,-1.995819,training_point
09:51:14.022,1,-3.488872,1.526286,-1.930355,training_point
09:51:14.023,2,-2.505244,1.423188,-1.996515,training_point
09:51:14.105,1,-3.488934,1.526663,-1.930688,training_point
09:51:14.105,2,-2.505608,1.42426,-1.997278,training_point
09:51:14.189,1,-3.488435,1.526735,-1.930697,training_point
09:51:14.189,2,-2.505613,1.423918,-1.997853,training_point
09:51:14.289,1,-3.488734,1.526223,-1.92947,training_point
09:51:14.289,2,-2.505886,1.424739,-1.998183,training_point
09:51:14.389,1,-3.489314,1.52541,-1.929318,training_point
09:51:14.389,2,-2.505621,1.425944,-1.998879,training_point
09:51:14.489,1,-3.489225,1.525492,-1.928212,training_point
09:51:14.489,2,-2.506113,1.425233,-1.998982,training_point
09:51:14.589,1,-3.488665,1.525276,-1.927239,training_point
09:51:14.589,2,-2.506042,1.424722,-1.998897,training_point
09:51:14.689,1,-3.488891,1.525356,-1.926357,training_point
09:51:14.689,2,-2.506227,1.424459,-1.999559,training_point
09:51:14.789,1,-3.488933,1.524833,-1.926311,training_point
09:51:14.789,2,-2.506066,1.424013,-1.998454,training_point
09:51:14.889,1,-3.48862,1.525611,-1.926181,training_point
09:51:14.889,2,-2.505763,1.424236,-1.998821,training_point
09:51:14.989,1,-3.489043,1.525834,-1.926347,training_point
09:51:14.989,2,-2.505873,1.423428,-1.99896,training_point
09:51:15.089,1,-3.488803,1.525771,-1.925327,training_point
09:51:15.089,2,-2.505738,1.423454,-1.99924,training_point
09:51:15.189,1,-3.488267,1.525645,-1.926052,training_point
09:51:15.189,2,-2.505638,1.423193,-1.998487,training_point
09:51:15.289,1,-3.488633,1.525857,-1.925785,training_point
09:51:15.289,2,-2.506097,1.42302,-1.998557,training_point
09:51:15.389,1,-3.489198,1.525586,-1.926052,training_point
09:51:15.389,2,-2.505884,1.423339,-1.99837,training_point
09:51:15.488,1,-3.489602,1.526003,-1.926446,training_point
09:51:15.488,2,-2.505903,1.422424,-1.997861,training_point
09:51:15.589,1,-3.491649,1.525978,-1.926696,training_point
09:51:15.589,2,-2.505524,1.422409,-1.997598,training_point
09:51:15.689,1,-3.492183,1.525265,-1.928551,training_point
09:51:15.689,2,-2.505227,1.422962,-1.997278,training_point
09:51:15.789,1,-3.492237,1.526295,-1.929278,training_point
09:51:15.789,2,-2.505368,1.422939,-1.997758,training_point
09:51:15.889,1,-3.492082,1.52504,-1.929781,training_point
09:51:15.889,2,-2.505249,1.42143,-1.997774,training_point
09:51:15.989,1,-3.492213,1.522593,-1.929385,training_point
09:51:15.989,2,-2.505099,1.421417,-1.997912,training_point
09:51:16.089,1,-3.492579,1.523012,-1.929268,training_point
09:51:16.089,2,-2.504951,1.4219,-1.998023,training_point
09:51:16.189,1,-3.493116,1.525463,-1.929165,training_point
09:51:16.190,2,-2.504907,1.422246,-1.997741,training_point
09:51:16.289,1,-3.493221,1.525919,-1.928829,training_point
09:51:16.289,2,-2.504601,1.422267,-1.998223,training_point
09:51:16.389,1,-3.494356,1.52625,-1.928355,training_point
09:51:16.390,2,-2.504063,1.422474,-1.997292,training_point
09:51:16.489,1,-3.494152,1.526238,-1.927594,training_point
09:51:16.489,2,-2.504117,1.422285,-1.998239,training_point
09:51:16.589,1,-3.494119,1.526975,-1.927245,training_point
09:51:16.589,2,-2.503773,1.422398,-1.998335,training_point
09:51:16.689,1,-3.494381,1.526613,-1.926889,training_point
09:51:16.689,2,-2.50333,1.421528,-1.997395,training_point
09:51:16.789,1,-3.494827,1.527256,-1.92629,training_point
09:51:16.789,2,-2.503281,1.421768,-1.996259,training_point
09:51:16.889,1,-3.494852,1.526577,-1.926017,training_point
09:51:16.889,2,-2.503043,1.422189,-1.995764,training_point
09:51:16.988,1,-3.494474,1.525713,-1.925289,training_point
09:51:16.989,2,-2.502714,1.422789,-1.994597,training_point
09:51:17.089,1,-3.494616,1.527378,-1.92568,training_point
09:51:17.089,2,-2.502717,1.422911,-1.99541,training_point
09:51:17.189,1,-3.494564,1.525215,-1.92608,training_point
09:51:17.189,2,-2.502392,1.422733,-1.994578,training_point
09:51:17.288,1,-3.494037,1.525938,-1.926325,training_point
09:51:17.289,2,-2.501519,1.42329,-1.99387,training_point
09:51:17.389,1,-3.493652,1.527832,-1.927588,training_point
09:51:17.389,2,-2.501368,1.422942,-1.994165,training_point
09:51:17.488,1,-3.49369,1.526542,-1.927801,training_point
09:51:17.488,2,-2.500519,1.422434,-1.994203,training_point
09:51:17.572,1,-3.49436,1.525646,-1.928512,training_point
09:51:17.572,2,-2.499105,1.422562,-1.993953,training_point
09:51:17.672,1,-3.494407,1.526447,-1.928657,training_point
09:51:17.673,2,-2.498965,1.421954,-1.993917,training_point
09:51:17.772,1,-3.494573,1.525766,-1.929785,training_point
09:51:17.773,2,-2.498478,1.421208,-1.993799,training_point
09:51:17.855,1,-3.494481,1.525124,-1.929641,training_point
09:51:17.855,2,-2.49815,1.421555,-1.992836,training_point
09:51:17.975,1,-3.493951,1.524725,-1.929547,training_point
09:51:17.975,2,-2.497982,1.421619,-1.993118,training_point
09:51:18.089,1,-3.495094,1.523592,-1.929619,training_point
09:51:18.090,2,-2.498514,1.421927,-1.99329,training_point
09:51:18.206,1,-3.495423,1.52538,-1.931543,training_point
09:51:18.206,2,-2.499074,1.421806,-1.993456,training_point
09:51:18.322,1,-3.497373,1.525406,-1.933059,training_point
09:51:18.322,2,-2.499444,1.421515,-1.992289,training_point
09:51:18.422,1,-3.496699,1.525725,-1.932581,training_point
09:51:18.423,2,-2.500257,1.421495,-1.99263,training_point
09:51:18.522,1,-3.498924,1.525759,-1.936299,training_point
09:51:18.522,2,-2.500603,1.421888,-1.993683,training_point
09:51:18.622,1,-3.498957,1.525138,-1.935924,training_point
09:51:18.622,2,-2.501156,1.422631,-1.994332,training_point
09:51:18.705,1,-3.49858,1.522523,-1.936932,training_point
09:51:18.705,2,-2.50172,1.422743,-1.994898,training_point
09:51:18.788,1,-3.498708,1.520219,-1.937495,training_point
09:51:18.789,2,-2.502123,1.42308,-1.995565,training_point
09:51:18.889,1,-3.497943,1.522029,-1.93669,training_point
09:51:18.889,2,-2.50199,1.422869,-1.995853,training_point
09:51:18.989,1,-3.498911,1.524017,-1.937948,training_point
09:51:18.989,2,-2.501877,1.422919,-1.995965,training_point
09:51:19.089,1,-3.499535,1.524182,-1.938324,training_point
09:51:19.089,2,-2.502561,1.422534,-1.996314,training_point
09:51:19.189,1,-3.500555,1.525463,-1.938551,training_point
09:51:19.189,2,-2.502929,1.42253,-1.997288,training_point
09:51:19.289,1,-3.499886,1.525696,-1.939285,training_point
09:51:19.289,2,-2.503638,1.421956,-1.997875,training_point
09:51:19.389,1,-3.500862,1.525139,-1.941534,training_point
09:51:19.389,2,-2.504092,1.422052,-1.998031,training_point
09:51:19.489,1,-3.501736,1.526278,-1.943015,training_point
09:51:19.489,2,-2.503892,1.421699,-1.998522,training_point
09:51:19.588,1,-3.503039,1.52522,-1.944813,training_point
09:51:19.588,2,-2.503579,1.421307,-1.998748,training_point
09:51:19.672,1,-3.504046,1.527029,-1.945684,training_point
09:51:19.672,2,-2.503683,1.420386,-1.998983,training_point
09:51:19.772,1,-3.505606,1.527196,-1.947849,training_point
09:51:19.773,2,-2.503923,1.421371,-1.999041,training_point
09:51:19.855,1,-3.506093,1.525604,-1.948038,training_point
09:51:19.855,2,-2.503699,1.42167,-1.999284,training_point
09:51:19.938,1,-3.50669,1.525463,-1.948413,training_point
09:51:19.938,2,-2.503683,1.421975,-1.999426,training_point
09:51:20.022,1,-3.506861,1.525331,-1.948636,training_point
09:51:20.022,2,-2.503813,1.421801,-1.999308,training_point
09:51:20.105,1,-3.506774,1.524649,-1.948228,training_point
09:51:20.105,2,-2.503828,1.421705,-1.999498,training_point
09:51:20.189,1,-3.506292,1.523862,-1.948431,training_point
09:51:20.189,2,-2.504081,1.421847,-1.999226,training_point
09:51:20.289,1,-3.506947,1.523679,-1.94903,training_point
09:51:20.289,2,-2.504225,1.422402,-1.999961,training_point
09:51:20.389,1,-3.507183,1.523863,-1.949324,training_point
09:51:20.389,2,-2.504687,1.422149,-1.999819,training_point
09:51:20.489,1,-3.508465,1.52446,-1.949038,training_point
09:51:20.489,2,-2.504569,1.422209,-2.000216,training_point
09:51:20.589,1,-3.507878,1.524288,-1.948671,training_point
09:51:20.589,2,-2.504518,1.421914,-1.999742,training_point
09:51:20.689,1,-3.507885,1.523836,-1.948482,training_point
09:51:20.689,2,-2.504146,1.421651,-2.000345,training_point
09:51:20.789,1,-3.508001,1.523746,-1.948629,training_point
09:51:20.789,2,-2.504571,1.422247,-2.000256,training_point
09:51:20.889,1,-3.506794,1.522929,-1.946157,training_point
09:51:20.889,2,-2.504225,1.421862,-2.000203,training_point
09:51:20.989,1,-3.508419,1.524015,-1.946871,training_point
09:51:20.989,2,-2.503726,1.421572,-2,training_point
09:51:21.088,1,-3.508525,1.52531,-1.946924,training_point
09:51:21.089,2,-2.503826,1.422315,-1.999951,training_point
09:51:21.189,1,-3.508071,1.525034,-1.945085,training_point
09:51:21.189,2,-2.503121,1.42232,-2.001308,training_point
09:51:21.289,1,-3.506337,1.523551,-1.943567,training_point
09:51:21.289,2,-2.50252,1.422471,-2.001504,training_point
09:51:21.388,1,-3.506595,1.523473,-1.943056,training_point
09:51:21.389,2,-2.50246,1.422457,-2.001465,training_point
09:51:21.489,1,-3.506071,1.521415,-1.942839,training_point
09:51:21.489,2,-2.502498,1.422268,-2.001125,training_point
09:51:21.589,1,-3.50503,1.522367,-1.941243,training_point
09:51:21.589,2,-2.502797,1.42211,-2.001143,training_point
09:51:21.689,1,-3.503618,1.522037,-1.939829,training_point
09:51:21.689,2,-2.503205,1.422375,-2.001137,training_point
09:51:21.789,1,-3.50364,1.524304,-1.939774,training_point
09:51:21.789,2,-2.503498,1.422538,-2.00098,training_point
09:51:21.889,1,-3.503739,1.524182,-1.940172,training_point
09:51:21.890,2,-2.504098,1.42246,-2.001751,training_point
09:51:21.989,1,-3.503082,1.524164,-1.939259,training_point
09:51:21.989,2,-2.504596,1.422073,-2.001952,training_point
09:51:22.089,1,-3.50251,1.523857,-1.938863,training_point
09:51:22.089,2,-2.50532,1.421643,-2.002056,training_point
09:51:22.189,1,-3.503341,1.524848,-1.938643,training_point
09:51:22.189,2,-2.505566,1.421625,-2.002856,training_point
09:51:22.289,1,-3.504991,1.525444,-1.939284,training_point
09:51:22.289,2,-2.505642,1.42209,-2.002801,training_point
09:51:22.389,1,-3.504667,1.52527,-1.93896,training_point
09:51:22.389,2,-2.505943,1.421989,-2.003133,training_point
09:51:22.489,1,-3.503297,1.524557,-1.937933,training_point
09:51:22.489,2,-2.505618,1.421444,-2.00347,training_point
09:51:22.589,1,-3.503689,1.524466,-1.93848,training_point
09:51:22.589,2,-2.505714,1.421681,-2.003873,training_point
09:51:22.689,1,-3.504423,1.525203,-1.938401,training_point
09:51:22.689,2,-2.505908,1.421528,-2.004158,training_point
09:51:22.789,1,-3.504011,1.521528,-1.937843,training_point
09:51:22.790,2,-2.505941,1.421218,-2.004283,training_point
09:51:22.889,1,-3.503707,1.523435,-1.937059,training_point
09:51:22.889,2,-2.506459,1.422645,-2.004029,training_point
09:51:22.990,1,-3.502598,1.524218,-1.935871,training_point
09:51:22.990,2,-2.506763,1.422342,-2.003701,training_point
09:51:23.089,1,-3.502967,1.524081,-1.935976,training_point
09:51:23.089,2,-2.506791,1.422506,-2.003533,training_point
09:51:23.189,1,-3.503259,1.526116,-1.936064,training_point
09:51:23.189,2,-2.506966,1.422332,-2.003601,training_point
09:51:23.288,1,-3.50293,1.527284,-1.936005,training_point
09:51:23.289,2,-2.507153,1.422596,-2.004163,training_point
09:51:23.445,1,-3.502571,1.525907,-1.935067,training_point
09:51:23.445,2,-2.507046,1.422654,-2.004175,training_point
09:51:23.555,1,-3.500874,1.525522,-1.933684,training_point
09:51:23.556,2,-2.507409,1.422465,-2.004869,training_point
09:51:23.672,1,-3.500614,1.525664,-1.933055,training_point
09:51:23.672,2,-2.507345,1.422594,-2.00569,training_point
09:51:23.789,1,-3.501701,1.525339,-1.932562,training_point
09:51:23.790,2,-2.506583,1.422335,-2.005731,training_point
09:51:23.888,1,-3.50044,1.525577,-1.93156,training_point
09:51:23.888,2,-2.506418,1.422717,-2.005658,training_point
09:51:23.989,1,-3.501549,1.524753,-1.932507,training_point
09:51:23.990,2,-2.505281,1.422367,-2.005632,training_point
09:51:24.105,1,-3.501681,1.525501,-1.93283,training_point
09:51:24.105,2,-2.504568,1.422352,-2.00578,training_point
09:51:24.205,1,-3.500971,1.52469,-1.932722,training_point
09:51:24.205,2,-2.504375,1.422504,-2.005668,training_point
09:51:24.306,1,-3.501469,1.524984,-1.932856,training_point
09:51:24.306,2,-2.504209,1.421929,-2.005593,training_point
09:51:24.405,1,-3.499219,1.527655,-1.932385,training_point
09:51:24.405,2,-2.503897,1.421625,-2.0059,training_point
09:51:24.507,1,-3.499266,1.527389,-1.932349,training_point
09:51:24.507,2,-2.503804,1.422495,-2.00562,training_point
09:51:24.622,1,-3.498536,1.527869,-1.932423,training_point
09:51:24.622,2,-2.502665,1.42271,-2.002859,training_point
09:51:24.739,1,-3.498301,1.527917,-1.932627,training_point
09:51:24.739,2,-2.503316,1.422843,-2.003723,training_point
09:51:24.856,1,-3.49926,1.528483,-1.933967,training_point
09:51:24.856,2,-2.503828,1.422856,-2.00484,training_point
09:51:24.973,1,-3.499399,1.528148,-1.934097,training_point
09:51:24.974,2,-2.50394,1.422767,-2.005217,training_point
09:51:25.088,1,-3.500588,1.52727,-1.935709,training_point
09:51:25.089,2,-2.504397,1.422968,-2.005908,training_point
09:51:25.206,1,-3.500695,1.527236,-1.935655,training_point
09:51:25.206,2,-2.504519,1.422453,-2.006099,training_point
09:51:25.305,1,-3.501163,1.527321,-1.936177,training_point
09:51:25.305,2,-2.504177,1.422683,-2.007117,training_point
09:51:25.388,1,-3.500811,1.527307,-1.935476,training_point
09:51:25.388,2,-2.504215,1.423124,-2.007192,training_point
09:51:25.489,1,-3.50042,1.52726,-1.934862,training_point
09:51:25.490,2,-2.504155,1.423411,-2.006982,training_point
09:51:25.605,1,-3.500983,1.526515,-1.934572,training_point
09:51:25.605,2,-2.504455,1.423436,-2.007195,training_point
09:51:25.705,1,-3.501304,1.527228,-1.934336,training_point
09:51:25.705,2,-2.504407,1.42323,-2.007464,training_point
09:51:25.805,1,-3.501579,1.527762,-1.933854,training_point
09:51:25.806,2,-2.504431,1.423005,-2.007829,training_point
09:51:25.922,1,-3.501672,1.526912,-1.933263,training_point
09:51:25.922,2,-2.503739,1.422771,-2.007621,training_point
09:51:26.022,1,-3.499868,1.526747,-1.931925,training_point
09:51:26.022,2,-2.503739,1.422812,-2.007753,training_point
09:51:26.139,1,-3.499588,1.526602,-1.93053,training_point
09:51:26.140,2,-2.503558,1.423218,-2.007339,training_point
09:51:26.256,1,-3.500172,1.526113,-1.929068,training_point
09:51:26.256,2,-2.503157,1.423117,-2.007076,training_point
09:51:26.355,1,-3.500471,1.526566,-1.927805,training_point
09:51:26.355,2,-2.503242,1.424137,-2.007406,training_point
09:51:26.455,1,-3.500257,1.527236,-1.92697,training_point
09:51:26.455,2,-2.503137,1.424328,-2.007384,training_point
09:51:26.555,1,-3.499335,1.527495,-1.92599,training_point
09:51:26.555,2,-2.503084,1.424164,-2.007108,training_point
09:51:26.656,1,-3.499402,1.52766,-1.924478,training_point
09:51:26.656,2,-2.5027,1.423577,-2.006973,training_point
09:51:26.755,1,-3.499375,1.527968,-1.923598,training_point
09:51:26.755,2,-2.502881,1.423216,-2.007223,training_point
09:51:26.855,1,-3.498549,1.528409,-1.922829,training_point
09:51:26.855,2,-2.502571,1.423834,-2.007204,training_point
09:51:26.955,1,-3.497987,1.528636,-1.922277,training_point
09:51:26.955,2,-2.502557,1.423478,-2.007149,training_point
09:51:27.055,1,-3.498575,1.529068,-1.919653,training_point
09:51:27.055,2,-2.502318,1.423976,-2.007331,training_point
09:51:27.173,1,-3.498771,1.529148,-1.918082,training_point
09:51:27.173,2,-2.502769,1.423539,-2.007287,training_point
09:51:27.290,1,-3.498316,1.528061,-1.918092,training_point
09:51:27.290,2,-2.503032,1.422838,-2.007034,training_point
09:51:27.405,1,-3.497717,1.527433,-1.918159,training_point
09:51:27.405,2,-2.503059,1.422335,-2.00706,training_point
09:51:27.522,1,-3.497173,1.527231,-1.917318,training_point
09:51:27.522,2,-2.503326,1.421972,-2.007263,training_point
09:51:27.639,1,-3.497251,1.528045,-1.917177,training_point
09:51:27.640,2,-2.503855,1.422168,-2.00842,training_point
09:51:27.756,1,-3.497276,1.527255,-1.916231,training_point
09:51:27.756,2,-2.504184,1.421482,-2.008204,training_point
09:51:27.872,1,-3.496726,1.527595,-1.916992,training_point
09:51:27.872,2,-2.505034,1.422475,-2.008945,training_point
09:51:27.988,1,-3.495974,1.527516,-1.917412,training_point
09:51:27.989,2,-2.505729,1.423307,-2.009621,training_point
09:51:28.088,1,-3.496145,1.527318,-1.91781,training_point
09:51:28.088,2,-2.505674,1.423159,-2.009715,training_point
09:51:28.189,1,-3.496839,1.526653,-1.916833,training_point
09:51:28.189,2,-2.505923,1.422175,-2.010506,training_point
09:51:28.288,1,-3.497601,1.527226,-1.916017,training_point
09:51:28.289,2,-2.506215,1.421762,-2.010666,training_point
09:51:28.388,1,-3.496977,1.526487,-1.916414,training_point
09:51:28.388,2,-2.506795,1.421747,-2.011963,training_point
09:51:28.489,1,-3.496492,1.5271,-1.916197,training_point
09:51:28.491,2,-2.506833,1.421831,-2.012437,training_point
09:51:28.605,1,-3.496995,1.527303,-1.916762,training_point
09:51:28.605,2,-2.506593,1.422122,-2.012308,training_point
09:51:28.722,1,-3.497111,1.527947,-1.916731,training_point
09:51:28.722,2,-2.507384,1.422089,-2.012475,training_point
09:51:28.822,1,-3.497044,1.528277,-1.917203,training_point
09:51:28.822,2,-2.507878,1.422099,-2.01288,training_point
09:51:28.922,1,-3.497233,1.528555,-1.917642,training_point
09:51:28.923,2,-2.50788,1.421919,-2.012959,training_point
09:51:29.040,1,-3.496828,1.528918,-1.918223,training_point
09:51:29.040,2,-2.507617,1.421812,-2.012997,training_point
09:51:29.155,1,-3.497086,1.529705,-1.918689,training_point
09:51:29.155,2,-2.507809,1.421992,-2.013222,training_point
09:51:29.255,1,-3.49697,1.529053,-1.918465,training_point
09:51:29.255,2,-2.507951,1.422124,-2.013174,training_point
09:51:29.372,1,-3.496579,1.529232,-1.91938,training_point
09:51:29.373,2,-2.507899,1.422589,-2.013001,training_point
09:51:29.488,1,-3.496257,1.529555,-1.919516,training_point
09:51:29.488,2,-2.508355,1.422125,-2.012766,training_point
09:51:29.588,1,-3.496193,1.529837,-1.920221,training_point
09:51:29.588,2,-2.50831,1.422479,-2.01359,training_point
09:51:29.689,1,-3.496203,1.530366,-1.921546,training_point
09:51:29.690,2,-2.508207,1.42211,-2.01344,training_point
09:51:29.805,1,-3.496184,1.529944,-1.922013,training_point
09:51:29.805,2,-2.508375,1.421758,-2.01355,training_point
09:51:29.922,1,-3.496075,1.529324,-1.922513,training_point
09:51:29.922,2,-2.507902,1.421866,-2.012887,training_point
09:51:30.039,1,-3.496261,1.529633,-1.923387,training_point
09:51:30.040,2,-2.50684,1.422106,-2.012391,training_point
09:51:30.155,1,-3.496206,1.530124,-1.923755,training_point
09:51:30.156,2,-2.505981,1.421451,-2.01203,training_point
09:51:30.272,1,-3.496356,1.530183,-1.924199,training_point
09:51:30.272,2,-2.50498,1.421832,-2.011064,training_point
09:51:30.390,1,-3.497079,1.529566,-1.925388,training_point
09:51:30.390,2,-2.505095,1.421361,-2.010924,training_point
09:51:30.506,1,-3.496856,1.530593,-1.925839,training_point
09:51:30.506,2,-2.504948,1.421441,-2.010753,training_point
09:51:30.622,1,-3.498134,1.530561,-1.928955,training_point
09:51:30.622,2,-2.505228,1.421357,-2.011824,training_point
09:51:30.738,1,-3.498315,1.530077,-1.929162,training_point
09:51:30.739,2,-2.505725,1.421661,-2.011705,training_point
09:51:30.855,1,-3.49838,1.529618,-1.929021,training_point
09:51:30.855,2,-2.506234,1.421806,-2.011686,training_point
09:51:30.973,1,-3.498442,1.529739,-1.928964,training_point
09:51:30.973,2,-2.506522,1.421983,-2.011869,training_point
09:51:31.089,1,-3.499146,1.52993,-1.928541,training_point
09:51:31.089,2,-2.506647,1.421794,-2.012007,training_point
09:51:31.206,1,-3.498954,1.529989,-1.928564,training_point
09:51:31.206,2,-2.507109,1.421989,-2.011672,training_point
09:51:31.323,1,-3.498941,1.529743,-1.928418,training_point
09:51:31.324,2,-2.508507,1.422104,-2.012274,training_point
09:51:31.438,1,-3.497352,1.530336,-1.928143,training_point
09:51:31.439,2,-2.509097,1.422734,-2.012296,training_point
09:51:31.538,1,-3.497613,1.52932,-1.928535,training_point
09:51:31.539,2,-2.5097,1.422745,-2.012604,training_point
09:51:31.638,1,-3.497849,1.530484,-1.928854,training_point
09:51:31.639,2,-2.510239,1.422396,-2.012569,training_point
09:51:31.756,1,-3.497735,1.531255,-1.929356,training_point
09:51:31.756,2,-2.51086,1.422601,-2.013717,training_point
09:51:31.872,1,-3.497863,1.530843,-1.928734,training_point
09:51:31.873,2,-2.51198,1.42232,-2.015473,training_point
09:51:31.988,1,-3.496575,1.531164,-1.928798,training_point
09:51:31.988,2,-2.512328,1.422736,-2.015546,training_point
09:51:32.106,1,-3.496825,1.529653,-1.929252,training_point
09:51:32.107,2,-2.513022,1.423005,-2.016762,training_point
09:51:32.222,1,-3.496731,1.529559,-1.929642,training_point
09:51:32.223,2,-2.513341,1.422552,-2.016865,training_point
09:51:32.338,1,-3.496115,1.529783,-1.929865,training_point
09:51:32.339,2,-2.513434,1.421947,-2.017256,training_point
09:51:32.455,1,-3.496093,1.529405,-1.930355,training_point
09:51:32.455,2,-2.513156,1.422181,-2.01809,training_point
09:51:32.572,1,-3.496261,1.529557,-1.930932,training_point
09:51:32.572,2,-2.512315,1.422393,-2.018107,training_point
09:51:32.689,1,-3.496094,1.529884,-1.931409,training_point
09:51:32.690,2,-2.511516,1.422529,-2.018222,training_point
09:51:32.805,1,-3.496001,1.530164,-1.931991,training_point
09:51:32.805,2,-2.510805,1.422885,-2.017699,training_point
09:51:32.922,1,-3.496017,1.529632,-1.931959,training_point
09:51:32.922,2,-2.508842,1.423236,-2.017737,training_point
09:51:33.040,1,-3.495775,1.530011,-1.932454,training_point
09:51:33.040,2,-2.508007,1.422989,-2.017698,training_point
09:51:33.155,1,-3.496715,1.529976,-1.931866,training_point
09:51:33.155,2,-2.507287,1.422452,-2.016217,training_point
09:51:33.255,1,-3.49749,1.529082,-1.932722,training_point
09:51:33.255,2,-2.506661,1.42267,-2.015217,training_point
09:51:33.355,1,-3.497474,1.529198,-1.932751,training_point
09:51:33.355,2,-2.506598,1.422863,-2.014238,training_point
09:51:33.473,1,-3.498652,1.529001,-1.933049,training_point
09:51:33.473,2,-2.506291,1.422773,-2.013623,training_point
09:51:33.589,1,-3.500391,1.528818,-1.934202,training_point
09:51:33.589,2,-2.506728,1.423334,-2.012585,training_point
09:51:33.705,1,-3.499971,1.529443,-1.934087,training_point
09:51:33.705,2,-2.506771,1.423106,-2.012475,training_point
09:51:33.822,1,-3.499852,1.529484,-1.93413,training_point
09:51:33.822,2,-2.507111,1.423281,-2.0121,training_point
09:51:33.939,1,-3.501235,1.529111,-1.934703,training_point
09:51:33.941,2,-2.507449,1.423253,-2.012063,training_point
09:51:34.056,1,-3.502075,1.528891,-1.935662,training_point
09:51:34.056,2,-2.507521,1.42322,-2.011275,training_point
09:51:34.172,1,-3.501031,1.526924,-1.935322,training_point
09:51:34.172,2,-2.507354,1.422684,-2.011061,training_point
09:51:34.272,1,-3.501132,1.527945,-1.935792,training_point
09:51:34.272,2,-2.507327,1.422546,-2.011308,training_point
09:51:34.372,1,-3.500729,1.528531,-1.936651,training_point
09:51:34.372,2,-2.507085,1.42266,-2.011175,training_point
09:51:34.472,1,-3.500481,1.528765,-1.936349,training_point
09:51:34.472,2,-2.506775,1.422936,-2.011322,training_point
09:51:34.589,1,-3.502061,1.528793,-1.937235,training_point
09:51:34.589,2,-2.50596,1.42286,-2.010471,training_point
09:51:34.706,1,-3.50221,1.528989,-1.937812,training_point
09:51:34.706,2,-2.505383,1.42264,-2.009984,training_point
09:51:34.822,1,-3.502997,1.528445,-1.939468,training_point
09:51:34.822,2,-2.504673,1.422044,-2.009968,training_point
09:51:34.922,1,-3.502231,1.528554,-1.93908,training_point
09:51:34.922,2,-2.503593,1.421996,-2.009832,training_point
09:51:35.022,1,-3.502387,1.529146,-1.93772,training_point
09:51:35.022,2,-2.502722,1.421535,-2.00977,training_point
09:51:35.139,1,-3.503896,1.52884,-1.937337,training_point
09:51:35.139,2,-2.502619,1.421657,-2.009413,training_point
09:51:35.256,1,-3.503587,1.528784,-1.936876,training_point
09:51:35.256,2,-2.502063,1.421023,-2.009415,training_point
09:51:35.372,1,-3.504082,1.530203,-1.937406,training_point
09:51:35.372,2,-2.501497,1.419791,-2.008869,training_point
09:51:35.490,1,-3.503807,1.529255,-1.937843,training_point
09:51:35.490,2,-2.501292,1.420415,-2.009219,training_point
09:51:35.606,1,-3.503202,1.529053,-1.937423,training_point
09:51:35.606,2,-2.500772,1.42019,-2.009108,training_point
09:51:35.722,1,-3.501727,1.528648,-1.936554,training_point
09:51:35.722,2,-2.500508,1.420774,-2.008787,training_point
09:51:35.839,1,-3.501374,1.528531,-1.935825,training_point
09:51:35.840,2,-2.50015,1.420728,-2.008635,training_point
09:51:35.955,1,-3.501149,1.528804,-1.935425,training_point
09:51:35.956,2,-2.499672,1.421173,-2.008394,training_point
09:51:36.073,1,-3.500675,1.528183,-1.934929,training_point
09:51:36.073,2,-2.499634,1.421757,-2.007876,training_point
09:51:36.188,1,-3.500323,1.528109,-1.934483,training_point
09:51:36.189,2,-2.499932,1.42227,-2.006655,training_point
09:51:36.306,1,-3.500438,1.527555,-1.935353,training_point
09:51:36.306,2,-2.500451,1.422356,-2.006649,training_point
09:51:36.422,1,-3.498725,1.527847,-1.933651,training_point
09:51:36.422,2,-2.500566,1.42227,-2.006538,training_point
09:51:36.540,1,-3.498567,1.527428,-1.932983,training_point
09:51:36.540,2,-2.500658,1.422333,-2.006176,training_point
09:51:36.655,1,-3.497282,1.527873,-1.932635,training_point
09:51:36.656,2,-2.500655,1.422345,-2.006276,training_point
09:51:36.772,1,-3.497165,1.527019,-1.93209,training_point
09:51:36.772,2,-2.500942,1.422264,-2.00615,training_point
09:51:36.889,1,-3.496308,1.527292,-1.930311,training_point
09:51:36.890,2,-2.501288,1.42224,-2.006229,training_point
09:51:37.005,1,-3.496082,1.52805,-1.929452,training_point
09:51:37.005,2,-2.501402,1.422248,-2.006877,training_point
09:51:37.105,1,-3.495772,1.527484,-1.929338,training_point
09:51:37.105,2,-2.501514,1.422318,-2.007536,training_point
09:51:37.223,1,-3.495335,1.527627,-1.928786,training_point
09:51:37.224,2,-2.5007,1.422314,-2.00827,training_point
09:51:37.339,1,-3.495029,1.527998,-1.928462,training_point
09:51:37.339,2,-2.500611,1.42181,-2.008152,training_point
09:51:37.472,1,-3.496135,1.527942,-1.928547,training_point
09:51:37.472,2,-2.499932,1.421994,-2.007943,training_point
09:51:37.589,1,-3.496392,1.527011,-1.927827,training_point
09:51:37.589,2,-2.498799,1.422394,-2.008111,training_point
09:51:37.707,1,-3.495884,1.52755,-1.927377,training_point
09:51:37.707,2,-2.498309,1.423,-2.007917,training_point
09:51:37.839,1,-3.496849,1.527534,-1.928984,training_point
09:51:37.840,2,-2.498011,1.422799,-2.008002,training_point
09:51:37.956,1,-3.49635,1.527203,-1.928311,training_point
09:51:37.956,2,-2.497645,1.42277,-2.007967,training_point
09:51:38.072,1,-3.495965,1.528202,-1.928153,training_point
09:51:38.072,2,-2.49778,1.422837,-2.007802,training_point
09:51:38.172,1,-3.495818,1.527451,-1.928051,training_point
09:51:38.172,2,-2.498424,1.423028,-2.007255,training_point
09:51:38.289,1,-3.495996,1.52709,-1.928307,training_point
09:51:38.289,2,-2.499246,1.422946,-2.007374,training_point
09:51:38.405,1,-3.495477,1.52533,-1.929042,training_point
09:51:38.405,2,-2.499747,1.422632,-2.007596,training_point
09:51:38.523,1,-3.495334,1.524953,-1.930198,training_point
09:51:38.523,2,-2.500053,1.422374,-2.00815,training_point
09:51:38.638,1,-3.495914,1.525586,-1.931384,training_point
09:51:38.639,2,-2.500308,1.422308,-2.007865,training_point
09:51:38.755,1,-3.49524,1.525652,-1.930949,training_point
09:51:38.755,2,-2.50114,1.422411,-2.007764,training_point
09:51:38.873,1,-3.496906,1.526703,-1.932468,training_point
09:51:38.873,2,-2.501156,1.422408,-2.008218,training_point
09:51:38.989,1,-3.497463,1.52555,-1.933385,training_point
09:51:38.990,2,-2.501637,1.422911,-2.008326,training_point
09:51:39.105,1,-3.500072,1.525008,-1.934531,training_point
09:51:39.105,2,-2.501854,1.423043,-2.008742,training_point
09:51:39.222,1,-3.499708,1.525812,-1.934497,training_point
09:51:39.222,2,-2.502313,1.423314,-2.009325,training_point
09:51:39.338,1,-3.499386,1.52501,-1.934528,training_point
09:51:39.339,2,-2.502249,1.423107,-2.009832,training_point
09:51:39.456,1,-3.500171,1.525686,-1.935518,training_point
09:51:39.456,2,-2.502599,1.423112,-2.010167,training_point
09:51:39.572,1,-3.502443,1.526269,-1.93742,training_point
09:51:39.572,2,-2.502588,1.423172,-2.010254,training_point
09:51:39.689,1,-3.503479,1.525497,-1.938925,training_point
09:51:39.689,2,-2.502644,1.423137,-2.010227,training_point
09:51:39.806,1,-3.503962,1.527028,-1.939404,training_point
09:51:39.806,2,-2.50279,1.423547,-2.010635,training_point
09:51:39.922,1,-3.503913,1.525152,-1.939848,training_point
09:51:39.922,2,-2.502667,1.423521,-2.010768,training_point
09:51:40.039,1,-3.503721,1.525749,-1.938603,training_point
09:51:40.039,2,-2.502553,1.423579,-2.010724,training_point
09:51:40.155,1,-3.504133,1.525974,-1.937931,training_point
09:51:40.156,2,-2.502614,1.423411,-2.011015,training_point
09:51:40.273,1,-3.504581,1.525041,-1.936858,training_point
09:51:40.273,2,-2.502678,1.423365,-2.010973,training_point
09:51:40.389,1,-3.5039,1.525421,-1.93605,training_point
09:51:40.389,2,-2.502785,1.423283,-2.01123,training_point
09:51:40.505,1,-3.501933,1.526594,-1.934013,training_point
09:51:40.505,2,-2.502798,1.423007,-2.011696,training_point
09:51:40.623,1,-3.501466,1.525494,-1.933064,training_point
09:51:40.623,2,-2.503013,1.422314,-2.011933,training_point
09:51:40.738,1,-3.501365,1.524279,-1.932679,training_point
09:51:40.739,2,-2.502659,1.422029,-2.012339,training_point
09:51:40.855,1,-3.500643,1.52612,-1.931167,training_point
09:51:40.855,2,-2.502647,1.421881,-2.012319,training_point
09:51:40.972,1,-3.499621,1.524868,-1.930359,training_point
09:51:40.973,2,-2.502628,1.421942,-2.012238,training_point
09:51:41.089,1,-3.498107,1.524056,-1.929161,training_point
09:51:41.090,2,-2.502856,1.422219,-2.011547,training_point
09:51:41.205,1,-3.497217,1.525261,-1.928272,training_point
09:51:41.205,2,-2.502603,1.422587,-2.011365,training_point
09:51:41.323,1,-3.495466,1.525434,-1.926886,training_point
09:51:41.323,2,-2.502532,1.422801,-2.011127,training_point
09:51:41.445,1,-3.495411,1.522988,-1.926163,training_point
09:51:41.446,2,-2.501813,1.422924,-2.010897,training_point
09:51:41.555,1,-3.494685,1.524938,-1.92584,training_point
09:51:41.556,2,-2.500914,1.422691,-2.010699,training_point
09:51:41.673,1,-3.494657,1.525061,-1.925809,training_point
09:51:41.673,2,-2.500683,1.423153,-2.010703,training_point
09:51:41.789,1,-3.49423,1.526012,-1.925448,training_point
09:51:41.790,2,-2.500852,1.422916,-2.008802,training_point
09:51:41.907,1,-3.494429,1.526022,-1.925848,training_point
09:51:41.908,2,-2.50037,1.422797,-2.009123,training_point
09:51:42.022,1,-3.494183,1.526913,-1.926637,training_point
09:51:42.022,2,-2.499723,1.422598,-2.009205,training_point
09:51:42.139,1,-3.494403,1.525118,-1.926695,training_point
09:51:42.139,2,-2.499597,1.422102,-2.008797,training_point
09:51:42.256,1,-3.494194,1.52384,-1.92651,training_point
09:51:42.256,2,-2.499731,1.422202,-2.008987,training_point
09:51:42.374,1,-3.494076,1.525308,-1.926695,training_point
09:51:42.374,2,-2.499709,1.42234,-2.00852,training_point
09:51:42.489,1,-3.493834,1.525268,-1.92626,training_point
09:51:42.489,2,-2.499651,1.422277,-2.008545,training_point
09:51:42.605,1,-3.493402,1.52736,-1.925978,training_point
09:51:42.606,2,-2.499512,1.422397,-2.008074,training_point
09:51:42.723,1,-3.493897,1.52442,-1.925423,training_point
09:51:42.723,2,-2.499367,1.421678,-2.007443,training_point
09:51:42.839,1,-3.493561,1.524657,-1.925595,training_point
09:51:42.839,2,-2.499053,1.422015,-2.007039,training_point
09:51:42.955,1,-3.493621,1.525038,-1.924735,training_point
09:51:42.955,2,-2.498524,1.421492,-2.005798,training_point
09:51:43.055,1,-3.493191,1.525745,-1.924246,training_point
09:51:43.056,2,-2.498381,1.421964,-2.005385,training_point
09:51:43.155,1,-3.49289,1.523791,-1.924125,training_point
09:51:43.155,2,-2.498361,1.421975,-2.004514,training_point
09:51:43.255,1,-3.492817,1.526087,-1.923723,training_point
09:51:43.255,2,-2.498202,1.422068,-2.00424,training_point
09:51:43.355,1,-3.492467,1.524049,-1.923838,training_point
09:51:43.356,2,-2.498315,1.422194,-2.003755,training_point
09:51:43.473,1,-3.491852,1.520778,-1.924118,training_point
09:51:43.473,2,-2.498237,1.421814,-2.003715,training_point
09:51:43.590,1,-3.491768,1.523286,-1.924667,training_point
09:51:43.590,2,-2.498232,1.421432,-2.003346,training_point
09:51:43.706,1,-3.491028,1.526107,-1.925206,training_point
09:51:43.706,2,-2.497763,1.421601,-2.002872,training_point
09:51:43.822,1,-3.490813,1.526513,-1.925506,training_point
09:51:43.822,2,-2.49748,1.421594,-2.003054,training_point
09:51:43.939,1,-3.490626,1.526993,-1.9264,training_point
09:51:43.939,2,-2.496893,1.421627,-2.003062,training_point
09:51:44.056,1,-3.490754,1.526974,-1.926448,training_point
09:51:44.057,2,-2.496678,1.421678,-2.002946,training_point
09:51:44.173,1,-3.490715,1.527167,-1.926512,training_point
09:51:44.173,2,-2.495901,1.421849,-2.002503,training_point
09:51:44.289,1,-3.490805,1.525505,-1.926383,training_point
09:51:44.289,2,-2.495759,1.421666,-2.001647,training_point
09:51:44.406,1,-3.490879,1.527312,-1.926384,training_point
09:51:44.406,2,-2.495883,1.421759,-2.001079,training_point
09:51:44.523,1,-3.491106,1.527482,-1.926886,training_point
09:51:44.523,2,-2.495481,1.422062,-2.000944,training_point
09:51:44.640,1,-3.490781,1.527435,-1.927593,training_point
09:51:44.641,2,-2.49554,1.422091,-2.000802,training_point
09:51:44.755,1,-3.490374,1.527509,-1.927764,training_point
09:51:44.755,2,-2.49507,1.421972,-2.001041,training_point
09:51:44.873,1,-3.490548,1.523609,-1.928388,training_point
09:51:44.873,2,-2.494991,1.421888,-2.001129,training_point
09:51:44.989,1,-3.490184,1.524306,-1.929363,training_point
09:51:44.990,2,-2.495461,1.421632,-2.001842,training_point
09:51:45.107,1,-3.490474,1.525109,-1.930098,training_point
09:51:45.107,2,-2.495834,1.422042,-2.001513,training_point
09:51:45.223,1,-3.490179,1.523765,-1.930032,training_point
09:51:45.223,2,-2.496739,1.422244,-2.002745,training_point
09:51:45.340,1,-3.489955,1.525913,-1.931265,training_point
09:51:45.340,2,-2.49802,1.422512,-2.003735,training_point
09:51:45.456,1,-3.489142,1.526588,-1.932186,training_point
09:51:45.456,2,-2.500183,1.422377,-2.005386,training_point
09:51:45.572,1,-3.488221,1.523016,-1.933295,training_point
09:51:45.572,2,-2.50141,1.422304,-2.006756,training_point
09:51:45.689,1,-3.487453,1.524362,-1.933887,training_point
09:51:45.691,2,-2.502778,1.421993,-2.008004,training_point
09:51:45.807,1,-3.486339,1.526471,-1.93426,training_point
09:51:45.808,2,-2.504073,1.421994,-2.008572,training_point
09:51:45.922,1,-3.485458,1.527203,-1.933568,training_point
09:51:45.922,2,-2.504674,1.42197,-2.009424,training_point
09:51:46.039,1,-3.481795,1.528528,-1.933124,training_point
09:51:46.039,2,-2.505612,1.422176,-2.009943,training_point
09:51:46.157,1,-3.475643,1.529778,-1.931092,training_point
09:51:46.158,2,-2.506195,1.422311,-2.010167,training_point
09:51:46.273,1,-3.468617,1.528364,-1.931011,training_point
09:51:46.273,2,-2.506876,1.421893,-2.010006,training_point
09:51:46.389,1,-3.454461,1.52746,-1.929019,training_point
09:51:46.389,2,-2.507986,1.422119,-2.009981,training_point
09:51:46.507,1,-3.442851,1.528704,-1.925562,training_point
09:51:46.507,2,-2.508345,1.422675,-2.010268,training_point
09:51:46.622,1,-3.422257,1.527873,-1.921278,training_point
09:51:46.622,2,-2.508093,1.42258,-2.010182,training_point
09:51:46.739,1,-3.406263,1.528119,-1.917698,training_point
09:51:46.739,2,-2.507842,1.422853,-2.010102,training_point
09:51:46.855,1,-3.388703,1.528142,-1.911708,training_point
09:51:46.856,2,-2.507805,1.423016,-2.009981,training_point
09:51:46.973,1,-3.379446,1.527846,-1.911192,training_point
09:51:46.973,2,-2.506673,1.423112,-2.009237,training_point
09:51:47.089,1,-3.368303,1.52761,-1.911775,training_point
09:51:47.089,2,-2.505182,1.423116,-2.008529,training_point
09:51:47.206,1,-3.358609,1.528219,-1.910222,training_point
09:51:47.207,2,-2.505063,1.423093,-2.008328,training_point
09:51:47.323,1,-3.352273,1.528376,-1.909144,training_point
09:51:47.323,2,-2.504044,1.423256,-2.007047,training_point
09:51:47.439,1,-3.348089,1.527843,-1.909691,training_point
09:51:47.444,2,-2.504142,1.423084,-2.006718,training_point
09:51:47.556,1,-3.345582,1.527218,-1.910345,training_point
09:51:47.556,2,-2.504065,1.423225,-2.006675,training_point
09:51:47.672,1,-3.34445,1.527993,-1.911405,training_point
09:51:47.672,2,-2.503615,1.423285,-2.006656,training_point
09:51:47.789,1,-3.343913,1.528751,-1.912047,training_point
09:51:47.789,2,-2.50382,1.423454,-2.006631,training_point
09:51:47.905,1,-3.343489,1.528257,-1.912935,training_point
09:51:47.906,2,-2.503582,1.423426,-2.006328,training_point
09:51:48.022,1,-3.343673,1.528287,-1.914821,training_point
09:51:48.022,2,-2.503492,1.423137,-2.006335,training_point
09:51:48.139,1,-3.344925,1.527582,-1.917176,training_point
09:51:48.139,2,-2.502984,1.423073,-2.006621,training_point
09:51:48.256,1,-3.345612,1.527453,-1.918351,training_point
09:51:48.256,2,-2.503074,1.423098,-2.007346,training_point
09:51:48.374,1,-3.346508,1.527901,-1.919829,training_point
09:51:48.374,2,-2.502793,1.423605,-2.00746,training_point
09:51:48.489,1,-3.348488,1.527593,-1.921188,training_point
09:51:48.489,2,-2.502647,1.423483,-2.007584,training_point
09:51:48.607,1,-3.350282,1.528437,-1.923548,training_point
09:51:48.607,2,-2.502569,1.423548,-2.007549,training_point
09:51:48.722,1,-3.355404,1.52814,-1.92318,training_point
09:51:48.722,2,-2.502466,1.423628,-2.007696,training_point
09:51:48.856,1,-3.356908,1.527528,-1.924589,training_point
09:51:48.857,2,-2.502621,1.423483,-2.007515,training_point
09:51:48.972,1,-3.358314,1.527816,-1.926594,training_point
09:51:48.973,2,-2.50249,1.423318,-2.007268,training_point
09:51:49.089,1,-3.359271,1.528679,-1.929167,training_point
09:51:49.089,2,-2.502473,1.423351,-2.006982,training_point
09:51:49.205,1,-3.361196,1.528134,-1.930772,training_point
09:51:49.205,2,-2.501814,1.423502,-2.006364,training_point
09:51:49.323,1,-3.3638,1.528539,-1.93265,training_point
09:51:49.323,2,-2.501064,1.423703,-2.006082,training_point
09:51:49.456,1,-3.365926,1.530081,-1.932971,training_point
09:51:49.456,2,-2.501092,1.423811,-2.0061,training_point
09:51:49.572,1,-3.368269,1.529511,-1.933848,training_point
09:51:49.572,2,-2.500571,1.423586,-2.005746,training_point
09:51:49.689,1,-3.369377,1.529778,-1.933585,training_point
09:51:49.690,2,-2.500187,1.423709,-2.005312,training_point
09:51:49.806,1,-3.373918,1.529846,-1.934825,training_point
09:51:49.806,2,-2.499863,1.423557,-2.005117,training_point
09:51:49.922,1,-3.377385,1.529199,-1.934339,training_point
09:51:49.923,2,-2.499222,1.423972,-2.00499,training_point
09:51:50.039,1,-3.381577,1.52907,-1.934186,training_point
09:51:50.039,2,-2.499441,1.424244,-2.004688,training_point
09:51:50.156,1,-3.385422,1.529248,-1.933637,training_point
09:51:50.156,2,-2.499236,1.424344,-2.004819,training_point
09:51:50.272,1,-3.391391,1.528147,-1.931512,training_point
09:51:50.272,2,-2.499244,1.424184,-2.004885,training_point
09:51:50.389,1,-3.399519,1.524759,-1.93005,training_point
09:51:50.390,2,-2.499268,1.42427,-2.004692,training_point
09:51:50.505,1,-3.409707,1.521613,-1.928516,training_point
09:51:50.505,2,-2.499014,1.424401,-2.00461,training_point
09:51:50.605,1,-3.417487,1.520745,-1.926388,training_point
09:51:50.605,2,-2.498737,1.424573,-2.005328,training_point
09:51:50.723,1,-3.423883,1.518043,-1.924139,training_point
09:51:50.723,2,-2.498428,1.424808,-2.005609,training_point
09:51:50.839,1,-3.43213,1.516818,-1.923145,training_point
09:51:50.839,2,-2.498382,1.424748,-2.005692,training_point
09:51:50.955,1,-3.440776,1.51739,-1.922088,training_point
09:51:50.956,2,-2.498309,1.424156,-2.006237,training_point
09:51:51.073,1,-3.445841,1.517448,-1.921735,training_point
09:51:51.073,2,-2.4978,1.42436,-2.006619,training_point
09:51:51.189,1,-3.455254,1.516901,-1.922116,training_point
09:51:51.189,2,-2.497236,1.424308,-2.006836,training_point
09:51:51.306,1,-3.460168,1.516246,-1.922404,training_point
09:51:51.307,2,-2.497393,1.424194,-2.007227,training_point
09:51:51.422,1,-3.466611,1.516138,-1.923992,training_point
09:51:51.423,2,-2.497143,1.424149,-2.007913,training_point
09:51:51.539,1,-3.472964,1.516474,-1.924363,training_point
09:51:51.539,2,-2.497223,1.42385,-2.008193,training_point
09:51:51.656,1,-3.475656,1.51693,-1.92515,training_point
09:51:51.656,2,-2.497251,1.423853,-2.007877,training_point
09:51:51.774,1,-3.479012,1.517362,-1.925528,training_point
09:51:51.774,2,-2.49727,1.423713,-2.007675,training_point
09:51:51.889,1,-3.482221,1.517494,-1.928057,training_point
09:51:51.889,2,-2.497608,1.42383,-2.008606,training_point
09:51:52.005,1,-3.484278,1.518584,-1.928945,training_point
09:51:52.006,2,-2.497917,1.423805,-2.00896,training_point
09:51:52.122,1,-3.486425,1.518377,-1.929685,training_point
09:51:52.122,2,-2.498236,1.423805,-2.009324,training_point
09:51:52.222,1,-3.486991,1.519662,-1.930649,training_point
09:51:52.222,2,-2.498358,1.423774,-2.010023,training_point
09:51:52.322,1,-3.487574,1.518124,-1.930981,training_point
09:51:52.322,2,-2.498569,1.423293,-2.010035,training_point
09:51:52.422,1,-3.487659,1.519101,-1.931035,training_point
09:51:52.422,2,-2.498735,1.423577,-2.009952,training_point
09:51:52.522,1,-3.487374,1.520943,-1.931618,training_point
09:51:52.522,2,-2.499022,1.42369,-2.009957,training_point
09:51:52.622,1,-3.487585,1.521103,-1.931649,training_point
09:51:52.622,2,-2.499587,1.423723,-2.010011,training_point
09:51:52.739,1,-3.486894,1.521071,-1.931036,training_point
09:51:52.740,2,-2.50009,1.423654,-2.01002,training_point
09:51:52.856,1,-3.486787,1.521341,-1.930152,training_point
09:51:52.856,2,-2.50062,1.423467,-2.010697,training_point
09:51:52.990,1,-3.486231,1.521647,-1.929353,training_point
09:51:52.990,2,-2.500643,1.423885,-2.010855,training_point
09:51:53.106,1,-3.485883,1.522882,-1.928354,training_point
09:51:53.106,2,-2.500642,1.424137,-2.010954,training_point
09:51:53.223,1,-3.485036,1.522862,-1.927314,training_point
09:51:53.223,2,-2.500227,1.424209,-2.010889,training_point
09:51:53.339,1,-3.484062,1.522255,-1.925912,training_point
09:51:53.339,2,-2.499537,1.424236,-2.010672,training_point
09:51:53.456,1,-3.483775,1.523171,-1.925442,training_point
09:51:53.456,2,-2.499297,1.424465,-2.010632,training_point
09:51:53.572,1,-3.483547,1.524349,-1.925018,training_point
09:51:53.573,2,-2.499498,1.424548,-2.010306,training_point
09:51:53.689,1,-3.482917,1.525624,-1.924542,training_point
09:51:53.689,2,-2.499617,1.424652,-2.010157,training_point
09:51:53.806,1,-3.482979,1.525946,-1.924037,training_point
09:51:53.806,2,-2.49935,1.424644,-2.009973,training_point
09:51:53.922,1,-3.482717,1.526231,-1.924513,training_point
09:51:53.922,2,-2.499021,1.424471,-2.010066,training_point
09:51:54.039,1,-3.482738,1.525957,-1.924959,training_point
09:51:54.040,2,-2.499327,1.42422,-2.009896,training_point
09:51:54.156,1,-3.482966,1.526553,-1.92604,training_point
09:51:54.156,2,-2.499483,1.424051,-2.01057,training_point
09:51:54.272,1,-3.484092,1.527013,-1.92677,training_point
09:51:54.273,2,-2.499235,1.423881,-2.010728,training_point
09:51:54.389,1,-3.484876,1.527107,-1.927662,training_point
09:51:54.389,2,-2.498782,1.424004,-2.010702,training_point
09:51:54.506,1,-3.486007,1.528006,-1.927748,training_point
09:51:54.506,2,-2.498699,1.424102,-2.010787,training_point
09:51:54.622,1,-3.48717,1.527828,-1.928003,training_point
09:51:54.622,2,-2.498261,1.423483,-2.010592,training_point
09:51:54.739,1,-3.488729,1.528437,-1.929279,training_point
09:51:54.739,2,-2.498172,1.424198,-2.010686,training_point
09:51:54.856,1,-3.48908,1.528841,-1.929932,training_point
09:51:54.857,2,-2.49827,1.424145,-2.010688,training_point
09:51:54.972,1,-3.490114,1.528682,-1.929318,training_point
09:51:54.972,2,-2.498793,1.423682,-2.009953,training_point
09:51:55.072,1,-3.490245,1.528891,-1.928898,training_point
09:51:55.072,2,-2.499465,1.423786,-2.009495,training_point
09:51:55.172,1,-3.491444,1.530538,-1.92881,training_point
09:51:55.172,2,-2.49972,1.423857,-2.009525,training_point
09:51:55.289,1,-3.490847,1.530695,-1.928326,training_point
09:51:55.289,2,-2.499663,1.42404,-2.00938,training_point
09:51:55.406,1,-3.490164,1.531497,-1.927722,training_point
09:51:55.406,2,-2.499118,1.423922,-2.009864,training_point
09:51:55.540,1,-3.49076,1.530497,-1.926672,training_point
09:51:55.540,2,-2.498897,1.424207,-2.009462,training_point
09:51:55.673,1,-3.49275,1.529229,-1.926326,training_point
09:51:55.673,2,-2.498881,1.424308,-2.009483,training_point
09:51:55.789,1,-3.493236,1.529633,-1.926228,training_point
09:51:55.789,2,-2.498465,1.42426,-2.009391,training_point
09:51:55.906,1,-3.494162,1.529559,-1.926021,training_point
09:51:55.906,2,-2.499494,1.423937,-2.009922,training_point
09:51:56.039,1,-3.495706,1.529892,-1.925568,training_point
09:51:56.040,2,-2.499752,1.423892,-2.009373,training_point
09:51:56.155,1,-3.496191,1.529411,-1.926323,training_point
09:51:56.156,2,-2.499266,1.424021,-2.010437,training_point
09:51:56.272,1,-3.493676,1.529144,-1.926056,training_point
09:51:56.272,2,-2.499586,1.42374,-2.010029,training_point
09:51:56.372,1,-3.494479,1.52914,-1.927245,training_point
09:51:56.372,2,-2.499834,1.423587,-2.009987,training_point
09:51:56.472,1,-3.495496,1.528075,-1.927756,training_point
09:51:56.472,2,-2.500203,1.423567,-2.009889,training_point
09:51:56.589,1,-3.495994,1.528203,-1.928719,training_point
09:51:56.589,2,-2.500275,1.423127,-2.009942,training_point
09:51:56.706,1,-3.495118,1.528588,-1.929503,training_point
09:51:56.707,2,-2.500453,1.42294,-2.010067,training_point
09:51:56.822,1,-3.497246,1.528292,-1.929569,training_point
09:51:56.822,2,-2.50078,1.422686,-2.009373,training_point
09:51:56.940,1,-3.497633,1.528215,-1.929594,training_point
09:51:56.940,2,-2.50069,1.422835,-2.009435,training_point
09:51:57.056,1,-3.498248,1.528504,-1.930274,training_point
09:51:57.056,2,-2.500788,1.422917,-2.00915,training_point
09:51:57.172,1,-3.498983,1.528388,-1.931239,training_point
09:51:57.172,2,-2.501137,1.422248,-2.009423,training_point
09:51:57.290,1,-3.498872,1.529034,-1.930869,training_point
09:51:57.290,2,-2.50121,1.422328,-2.008715,training_point
09:51:57.405,1,-3.501194,1.529426,-1.931437,training_point
09:51:57.406,2,-2.501387,1.422118,-2.008707,training_point
09:51:57.522,1,-3.502169,1.529396,-1.93204,training_point
09:51:57.522,2,-2.501499,1.422009,-2.008854,training_point
09:51:57.639,1,-3.502556,1.529646,-1.932007,training_point
09:51:57.639,2,-2.501335,1.42182,-2.008861,training_point
09:51:57.757,1,-3.502626,1.53022,-1.931979,training_point
09:51:57.758,2,-2.501041,1.421041,-2.008608,training_point
09:51:57.890,1,-3.503555,1.529961,-1.931374,training_point
09:51:57.890,2,-2.500034,1.420994,-2.008418,training_point
09:51:58.023,1,-3.505564,1.531161,-1.932107,training_point
09:51:58.023,2,-2.499959,1.421248,-2.008211,training_point
09:51:58.139,1,-3.505255,1.531237,-1.930029,training_point
09:51:58.139,2,-2.499659,1.421376,-2.007986,training_point
09:51:58.256,1,-3.504772,1.53137,-1.929738,training_point
09:51:58.256,2,-2.499702,1.421523,-2.008128,training_point
09:51:58.372,1,-3.505444,1.531926,-1.929108,training_point
09:51:58.372,2,-2.499505,1.422002,-2.007513,training_point
09:51:58.491,1,-3.506923,1.531524,-1.929465,training_point
09:51:58.491,2,-2.499689,1.42229,-2.007421,training_point
09:51:58.623,1,-3.505318,1.531263,-1.930748,training_point
09:51:58.623,2,-2.500246,1.422428,-2.007162,training_point
09:51:58.756,1,-3.504868,1.531214,-1.928983,training_point
09:51:58.756,2,-2.500855,1.422332,-2.00751,training_point
09:51:58.872,1,-3.506021,1.530089,-1.928655,training_point
09:51:58.872,2,-2.501755,1.421931,-2.008069,training_point
09:51:58.972,1,-3.506274,1.530181,-1.929077,training_point
09:51:58.972,2,-2.501778,1.421831,-2.008356,training_point
09:51:59.090,1,-3.506442,1.529103,-1.929133,training_point
09:51:59.090,2,-2.502252,1.42168,-2.008661,training_point
09:51:59.223,1,-3.506228,1.529919,-1.92939,training_point
09:51:59.223,2,-2.502514,1.421874,-2.008774,training_point
09:51:59.356,1,-3.50628,1.528807,-1.930171,training_point
09:51:59.357,2,-2.502869,1.422083,-2.008497,training_point
09:51:59.489,1,-3.505917,1.529454,-1.930292,training_point
09:51:59.489,2,-2.502712,1.421871,-2.008838,training_point
09:51:59.606,1,-3.505992,1.528085,-1.930474,training_point
09:51:59.606,2,-2.502628,1.421279,-2.008907,training_point
09:51:59.740,1,-3.506369,1.524947,-1.930473,training_point
09:51:59.740,2,-2.502109,1.421558,-2.009099,training_point
09:51:59.856,1,-3.506356,1.523061,-1.929765,training_point
09:51:59.856,2,-2.502005,1.421392,-2.008414,training_point
09:51:59.972,1,-3.505673,1.523915,-1.929207,training_point
09:51:59.972,2,-2.502057,1.42143,-2.008279,training_point
09:52:00.089,1,-3.504758,1.524633,-1.928709,training_point
09:52:00.089,2,-2.501421,1.421558,-2.00863,training_point
09:52:00.206,1,-3.504281,1.525964,-1.928504,training_point
09:52:00.207,2,-2.500959,1.421558,-2.008467,training_point
09:52:00.322,1,-3.503863,1.526711,-1.92808,training_point
09:52:00.322,2,-2.500966,1.421655,-2.007951,training_point
09:52:00.440,1,-3.503099,1.526445,-1.927923,training_point
09:52:00.440,2,-2.500788,1.422212,-2.00791,training_point
09:52:00.556,1,-3.502905,1.52605,-1.926726,training_point
09:52:00.556,2,-2.501203,1.422235,-2.008207,training_point
09:52:00.674,1,-3.502709,1.525921,-1.926774,training_point
09:52:00.674,2,-2.500997,1.42225,-2.007956,training_point
09:52:00.789,1,-3.501514,1.525976,-1.925103,training_point
09:52:00.789,2,-2.501084,1.42277,-2.007658,training_point
09:52:00.889,1,-3.501933,1.526088,-1.925222,training_point
09:52:00.889,2,-2.501263,1.422348,-2.007545,training_point
09:52:00.989,1,-3.501201,1.52711,-1.924371,training_point
09:52:00.989,2,-2.501439,1.4222,-2.007503,training_point
09:52:01.089,1,-3.50171,1.525079,-1.923727,training_point
09:52:01.089,2,-2.501529,1.421846,-2.007319,training_point
09:52:01.206,1,-3.500038,1.523024,-1.922218,training_point
09:52:01.206,2,-2.501514,1.422271,-2.007857,training_point
09:52:01.322,1,-3.499351,1.5243,-1.92215,training_point
09:52:01.322,2,-2.502117,1.422373,-2.008432,training_point
09:52:01.439,1,-3.499788,1.524023,-1.921505,training_point
09:52:01.439,2,-2.502204,1.4224,-2.008872,training_point
09:52:01.556,1,-3.499709,1.523927,-1.921501,training_point
09:52:01.556,2,-2.50259,1.422228,-2.008827,training_point
09:52:01.672,1,-3.499608,1.520025,-1.92059,training_point
09:52:01.672,2,-2.502802,1.422437,-2.008704,training_point
09:52:01.790,1,-3.498983,1.523737,-1.91994,training_point
09:52:01.790,2,-2.503029,1.422558,-2.008783,training_point
09:52:01.905,1,-3.500298,1.523929,-1.921181,training_point
09:52:01.906,2,-2.502727,1.422456,-2.009306,training_point
09:52:02.006,1,-3.500472,1.525453,-1.921603,training_point
09:52:02.006,2,-2.502763,1.422459,-2.009455,training_point
09:52:02.124,1,-3.500861,1.524001,-1.921982,training_point
09:52:02.124,2,-2.502902,1.422827,-2.009882,training_point
09:52:02.256,1,-3.500087,1.517685,-1.920743,training_point
09:52:02.257,2,-2.503076,1.422781,-2.010008,training_point
09:52:02.373,1,-3.500401,1.522566,-1.921527,training_point
09:52:02.373,2,-2.503263,1.422815,-2.009902,training_point
09:52:02.489,1,-3.500703,1.522099,-1.922307,training_point
09:52:02.489,2,-2.503409,1.422314,-2.009616,training_point
09:52:02.606,1,-3.499747,1.521867,-1.922903,training_point
09:52:02.607,2,-2.503442,1.422416,-2.009716,training_point
09:52:02.722,1,-3.501535,1.523153,-1.923861,training_point
09:52:02.722,2,-2.503178,1.422449,-2.010471,training_point
09:52:02.840,1,-3.50221,1.522193,-1.924537,training_point
09:52:02.840,2,-2.503223,1.42231,-2.010945,training_point
09:52:02.956,1,-3.501542,1.521707,-1.923901,training_point
09:52:02.956,2,-2.503164,1.422136,-2.010997,training_point
09:52:03.073,1,-3.500299,1.522845,-1.923541,training_point
09:52:03.073,2,-2.502933,1.422037,-2.012107,training_point
09:52:03.207,1,-3.500151,1.523338,-1.924323,training_point
09:52:03.207,2,-2.502786,1.422236,-2.011675,training_point
09:52:03.322,1,-3.500303,1.522139,-1.924164,training_point
09:52:03.322,2,-2.502669,1.42215,-2.011926,training_point
09:52:03.440,1,-3.501992,1.521373,-1.924694,training_point
09:52:03.441,2,-2.502844,1.422273,-2.011955,training_point
09:52:03.556,1,-3.500774,1.519692,-1.924361,training_point
09:52:03.556,2,-2.503001,1.422289,-2.012433,training_point
09:52:03.673,1,-3.501052,1.520439,-1.923548,training_point
09:52:03.673,2,-2.503243,1.421448,-2.012771,training_point
09:52:03.789,1,-3.500957,1.519769,-1.923376,training_point
09:52:03.789,2,-2.503878,1.421495,-2.013133,training_point
09:52:03.906,1,-3.500807,1.520461,-1.922779,training_point
09:52:03.906,2,-2.504372,1.421667,-2.013224,training_point
09:52:04.022,1,-3.501243,1.522516,-1.9227,training_point
09:52:04.022,2,-2.505106,1.421324,-2.013526,training_point
09:52:04.139,1,-3.501523,1.521937,-1.922898,training_point
09:52:04.140,2,-2.504775,1.421532,-2.013814,training_point
09:52:04.256,1,-3.50046,1.521754,-1.92286,training_point
09:52:04.256,2,-2.50538,1.421457,-2.013813,training_point
09:52:04.373,1,-3.500225,1.522112,-1.92304,training_point
09:52:04.373,2,-2.505468,1.421558,-2.013513,training_point
09:52:04.490,1,-3.50047,1.521697,-1.923299,training_point
09:52:04.490,2,-2.505294,1.421803,-2.013625,training_point
09:52:04.606,1,-3.501463,1.52175,-1.923757,training_point
09:52:04.606,2,-2.505538,1.421827,-2.01348,training_point
09:52:04.722,1,-3.500856,1.521529,-1.923561,training_point
09:52:04.722,2,-2.505834,1.421729,-2.013648,training_point
09:52:04.840,1,-3.500671,1.5231,-1.922835,training_point
09:52:04.840,2,-2.506043,1.421654,-2.013389,training_point
09:52:04.956,1,-3.499179,1.522578,-1.92078,training_point
09:52:04.957,2,-2.505988,1.42137,-2.013283,training_point
09:52:05.072,1,-3.499656,1.520483,-1.921312,training_point
09:52:05.072,2,-2.506075,1.421048,-2.012758,training_point
09:52:05.172,1,-3.499647,1.520654,-1.921254,training_point
09:52:05.172,2,-2.50622,1.421186,-2.012575,training_point
09:52:05.289,1,-3.499336,1.522437,-1.920901,training_point
09:52:05.290,2,-2.506248,1.421328,-2.011932,training_point
09:52:05.406,1,-3.499667,1.523032,-1.920762,training_point
09:52:05.406,2,-2.506165,1.421361,-2.011812,training_point
09:52:05.522,1,-3.499938,1.521766,-1.920433,training_point
09:52:05.522,2,-2.506004,1.421268,-2.01147,training_point
09:52:05.639,1,-3.500221,1.522337,-1.921609,training_point
09:52:05.640,2,-2.506024,1.421228,-2.011648,training_point
09:52:05.773,1,-3.500389,1.522754,-1.920419,training_point
09:52:05.775,2,-2.506031,1.421342,-2.011591,training_point
09:52:05.906,1,-3.501553,1.528121,-1.921239,training_point
09:52:05.907,2,-2.505697,1.421364,-2.0113,training_point
09:52:06.040,1,-3.500714,1.523201,-1.920908,training_point
09:52:06.040,2,-2.505711,1.421707,-2.011392,training_point
09:52:06.173,1,-3.500639,1.522968,-1.920579,training_point
09:52:06.173,2,-2.505538,1.42201,-2.011026,training_point
09:52:06.289,1,-3.500581,1.523916,-1.920705,training_point
09:52:06.289,2,-2.505334,1.421979,-2.011002,training_point
09:52:06.406,1,-3.500742,1.520447,-1.920456,training_point
09:52:06.407,2,-2.505133,1.421609,-2.010954,training_point
09:52:06.540,1,-3.500284,1.519288,-1.92047,training_point
09:52:06.540,2,-2.504453,1.421203,-2.009848,training_point
09:52:06.656,1,-3.499407,1.520671,-1.919959,training_point
09:52:06.656,2,-2.504133,1.421368,-2.00919,training_point
09:52:06.773,1,-3.499095,1.52396,-1.918419,training_point
09:52:06.773,2,-2.503816,1.421466,-2.008134,training_point
09:52:06.891,1,-3.499697,1.524656,-1.919898,training_point
09:52:06.891,2,-2.503365,1.421477,-2.007962,training_point
09:52:06.989,1,-3.499277,1.524945,-1.919294,training_point
09:52:06.989,2,-2.503068,1.421229,-2.007531,training_point
09:52:07.089,1,-3.499896,1.522308,-1.920212,training_point
09:52:07.089,2,-2.5027,1.421195,-2.007335,training_point
09:52:07.206,1,-3.500665,1.523448,-1.920785,training_point
09:52:07.206,2,-2.502846,1.421484,-2.007522,training_point
09:52:07.323,1,-3.49995,1.523315,-1.920493,training_point
09:52:07.323,2,-2.502188,1.421452,-2.007269,training_point
09:52:07.441,1,-3.500515,1.523543,-1.920532,training_point
09:52:07.441,2,-2.50218,1.421339,-2.007297,training_point
09:52:07.573,1,-3.500869,1.521861,-1.919946,training_point
09:52:07.574,2,-2.502199,1.421659,-2.006745,training_point
09:52:07.672,1,-3.501991,1.521845,-1.922752,training_point
09:52:07.673,2,-2.501647,1.421826,-2.006054,training_point
09:52:07.772,1,-3.502562,1.521411,-1.923875,training_point
09:52:07.772,2,-2.501447,1.421984,-2.006707,training_point
09:52:07.872,1,-3.50231,1.522478,-1.922996,training_point
09:52:07.873,2,-2.501361,1.422121,-2.0069,training_point
09:52:07.956,1,-3.501933,1.523722,-1.922752,training_point
09:52:07.956,2,-2.501189,1.422278,-2.006736,training_point
09:52:08.056,1,-3.501274,1.522813,-1.922644,training_point
09:52:08.057,2,-2.500951,1.422517,-2.006595,training_point
09:52:08.174,1,-3.500924,1.521083,-1.923211,training_point
09:52:08.174,2,-2.500484,1.422466,-2.006669,training_point
09:52:08.289,1,-3.500585,1.522744,-1.923361,training_point
09:52:08.289,2,-2.499439,1.422599,-2.006597,training_point
09:52:08.406,1,-3.50087,1.522162,-1.923743,training_point
09:52:08.406,2,-2.498452,1.422381,-2.006973,training_point
09:52:08.523,1,-3.500763,1.524932,-1.923673,training_point
09:52:08.525,2,-2.497537,1.422167,-2.006172,training_point
09:52:08.622,1,-3.500846,1.521735,-1.924083,training_point
09:52:08.622,2,-2.496962,1.421824,-2.005849,training_point
09:52:08.722,1,-3.501204,1.522457,-1.924503,training_point
09:52:08.722,2,-2.496778,1.421998,-2.005434,training_point
09:52:08.840,1,-3.501029,1.521999,-1.9239,training_point
09:52:08.840,2,-2.496681,1.42145,-2.005011,training_point
09:52:08.939,1,-3.500889,1.52185,-1.922728,training_point
09:52:08.939,2,-2.496447,1.421628,-2.004977,training_point
09:52:09.040,1,-3.501354,1.52423,-1.921981,training_point
09:52:09.040,2,-2.496347,1.42147,-2.004871,training_point
09:52:09.157,1,-3.501194,1.523043,-1.921043,training_point
09:52:09.158,2,-2.496707,1.421593,-2.005085,training_point
09:52:09.273,1,-3.50163,1.523316,-1.920962,training_point
09:52:09.274,2,-2.496635,1.421785,-2.004642,training_point
09:52:09.390,1,-3.502049,1.521591,-1.921961,training_point
09:52:09.390,2,-2.496905,1.422025,-2.004521,training_point
09:52:09.508,1,-3.500995,1.522608,-1.921305,training_point
09:52:09.508,2,-2.496917,1.422043,-2.004113,training_point
09:52:09.623,1,-3.500819,1.524383,-1.921211,training_point
09:52:09.623,2,-2.496781,1.422254,-2.004098,training_point
09:52:09.740,1,-3.501321,1.523714,-1.920387,training_point
09:52:09.740,2,-2.497191,1.422335,-2.003751,training_point
09:52:09.839,1,-3.500913,1.522434,-1.92034,training_point
09:52:09.840,2,-2.497256,1.422368,-2.00379,training_point
09:52:09.939,1,-3.501378,1.523153,-1.921687,training_point
09:52:09.939,2,-2.49751,1.42243,-2.00391,training_point
09:52:10.040,1,-3.501302,1.525677,-1.922337,training_point
09:52:10.040,2,-2.497512,1.422604,-2.0039,training_point
09:52:10.139,1,-3.501749,1.525539,-1.920039,training_point
09:52:10.140,2,-2.498342,1.423051,-2.00391,training_point
09:52:10.240,1,-3.501589,1.52391,-1.921211,training_point
09:52:10.240,2,-2.498252,1.42301,-2.004185,training_point
09:52:10.339,1,-3.501982,1.52466,-1.921971,training_point
09:52:10.339,2,-2.499023,1.422807,-2.004165,training_point
09:52:10.439,1,-3.502071,1.524486,-1.922601,training_point
09:52:10.440,2,-2.499284,1.422667,-2.003799,training_point
09:52:10.539,1,-3.502009,1.522672,-1.923138,training_point
09:52:10.539,2,-2.499075,1.42237,-2.00367,training_point
09:52:10.640,1,-3.502516,1.522398,-1.923971,training_point
09:52:10.640,2,-2.498609,1.422604,-2.003575,training_point
09:52:10.739,1,-3.503315,1.520874,-1.923273,training_point
09:52:10.739,2,-2.498151,1.42259,-2.002695,training_point
09:52:10.840,1,-3.503505,1.522067,-1.92365,training_point
09:52:10.840,2,-2.497886,1.42317,-2.002626,training_point
09:52:10.958,1,-3.504706,1.520339,-1.924639,training_point
09:52:10.958,2,-2.497954,1.422977,-2.002207,training_point
09:52:11.073,1,-3.5055,1.521514,-1.925554,training_point
09:52:11.074,2,-2.49803,1.422988,-2.002504,training_point
09:52:11.172,1,-3.506646,1.523245,-1.926686,training_point
09:52:11.173,2,-2.498043,1.422714,-2.002057,training_point
09:52:11.273,1,-3.507741,1.524327,-1.927266,training_point
09:52:11.273,2,-2.498271,1.422747,-2.001607,training_point
09:52:11.372,1,-3.508022,1.52419,-1.927395,training_point
09:52:11.372,2,-2.498193,1.422828,-2.00151,training_point
09:52:11.473,1,-3.508894,1.524211,-1.927773,training_point
09:52:11.473,2,-2.498259,1.422554,-2.001685,training_point
09:52:11.589,1,-3.510317,1.524668,-1.92884,training_point
09:52:11.590,2,-2.498425,1.422242,-2.001455,training_point
09:52:11.706,1,-3.510558,1.524923,-1.929319,training_point
09:52:11.706,2,-2.498567,1.422167,-2.001521,training_point
09:52:11.824,1,-3.511041,1.52442,-1.929204,training_point
09:52:11.824,2,-2.499333,1.422498,-2.00153,training_point
09:52:11.941,1,-3.511311,1.523299,-1.929954,training_point
09:52:11.941,2,-2.499493,1.422677,-2.00163,training_point
09:52:12.056,1,-3.512388,1.522485,-1.929482,training_point
09:52:12.056,2,-2.500397,1.422719,-2.001389,training_point
09:52:12.173,1,-3.512559,1.523034,-1.928879,training_point
09:52:12.173,2,-2.500421,1.423156,-2.001474,training_point
09:52:12.272,1,-3.511654,1.523746,-1.928498,training_point
09:52:12.272,2,-2.501417,1.423113,-2.002105,training_point
09:52:12.373,1,-3.510855,1.523934,-1.927519,training_point
09:52:12.374,2,-2.501409,1.423086,-2.002315,training_point
09:52:12.491,1,-3.507554,1.523574,-1.925166,training_point
09:52:12.491,2,-2.501435,1.423123,-2.002826,training_point
09:52:12.590,1,-3.505464,1.524046,-1.922896,training_point
09:52:12.590,2,-2.501643,1.423086,-2.00302,training_point
09:52:12.689,1,-3.500561,1.521651,-1.919754,training_point
09:52:12.689,2,-2.501983,1.422977,-2.003529,training_point
09:52:12.789,1,-3.495832,1.522746,-1.916867,training_point
09:52:12.789,2,-2.502101,1.423005,-2.003981,training_point
09:52:12.906,1,-3.491618,1.523498,-1.914786,training_point
09:52:12.907,2,-2.502568,1.423193,-2.004462,training_point
09:52:13.006,1,-3.485273,1.523419,-1.911797,training_point
09:52:13.006,2,-2.502599,1.423205,-2.004324,training_point
09:52:13.108,1,-3.483295,1.524258,-1.910593,training_point
09:52:13.108,2,-2.502945,1.423098,-2.004416,training_point
09:52:13.224,1,-3.476985,1.52385,-1.907682,training_point
09:52:13.225,2,-2.502853,1.423041,-2.004771,training_point
09:52:13.341,1,-3.469147,1.523468,-1.904773,training_point
09:52:13.341,2,-2.502669,1.423042,-2.005195,training_point
09:52:13.456,1,-3.453873,1.524084,-1.903191,training_point
09:52:13.457,2,-2.502399,1.423265,-2.005576,training_point
09:52:13.556,1,-3.440509,1.523397,-1.902295,training_point
09:52:13.556,2,-2.502619,1.423089,-2.006279,training_point
09:52:13.656,1,-3.429298,1.523266,-1.902749,training_point
09:52:13.657,2,-2.502655,1.423243,-2.006519,training_point
09:52:13.774,1,-3.412597,1.523429,-1.905917,training_point
09:52:13.775,2,-2.502433,1.423235,-2.007079,training_point
09:52:13.873,1,-3.382173,1.523502,-1.911541,training_point
09:52:13.873,2,-2.502313,1.423181,-2.007224,training_point
09:52:13.973,1,-3.368462,1.523684,-1.909623,training_point
09:52:13.973,2,-2.502279,1.423025,-2.007344,training_point
09:52:14.072,1,-3.358194,1.524465,-1.905953,training_point
09:52:14.072,2,-2.502395,1.42324,-2.007882,training_point
09:52:14.173,1,-3.359642,1.525102,-1.893691,training_point
09:52:14.173,2,-2.502511,1.423266,-2.008301,training_point
09:52:14.272,1,-3.368615,1.524505,-1.865282,training_point
09:52:14.272,2,-2.502566,1.423224,-2.008173,training_point
09:52:14.357,1,-3.378748,1.523678,-1.84368,training_point
09:52:14.357,2,-2.502627,1.423224,-2.008144,training_point
09:52:14.456,1,-3.396828,1.522748,-1.808977,training_point
09:52:14.456,2,-2.502641,1.423215,-2.008066,training_point
09:52:14.556,1,-3.423628,1.522388,-1.770022,training_point
09:52:14.556,2,-2.502757,1.423365,-2.008013,training_point
09:52:14.656,1,-3.449454,1.522827,-1.751457,training_point
09:52:14.656,2,-2.503005,1.423633,-2.008052,training_point
09:52:14.756,1,-3.472211,1.523783,-1.731792,training_point
09:52:14.756,2,-2.502993,1.423579,-2.007621,training_point
09:52:14.874,1,-3.495439,1.523294,-1.71859,training_point
09:52:14.874,2,-2.502779,1.423391,-2.007688,training_point
09:52:14.972,1,-3.516021,1.523671,-1.70374,training_point
09:52:14.973,2,-2.50302,1.423581,-2.007568,training_point
09:52:15.073,1,-3.527587,1.523968,-1.695122,training_point
09:52:15.073,2,-2.502895,1.423901,-2.007493,training_point
09:52:15.191,1,-3.541846,1.524062,-1.688163,training_point
09:52:15.192,2,-2.502402,1.423627,-2.00775,training_point
09:52:15.289,1,-3.571089,1.525007,-1.669335,training_point
09:52:15.290,2,-2.501798,1.423644,-2.007864,training_point
09:52:15.389,1,-3.577797,1.525404,-1.665424,training_point
09:52:15.389,2,-2.50099,1.423651,-2.007721,training_point
09:52:15.489,1,-3.56779,1.526091,-1.671853,training_point
09:52:15.489,2,-2.500396,1.423488,-2.007966,training_point
09:52:15.589,1,-3.56886,1.527334,-1.671438,training_point
09:52:15.589,2,-2.499359,1.423698,-2.008604,training_point
09:52:15.690,1,-3.572246,1.528183,-1.668254,training_point
09:52:15.690,2,-2.499117,1.423654,-2.008542,training_point
09:52:15.789,1,-3.573733,1.528506,-1.665138,training_point
09:52:15.789,2,-2.498659,1.423592,-2.008396,training_point
09:52:15.889,1,-3.576494,1.528415,-1.661674,training_point
09:52:15.889,2,-2.497737,1.423373,-2.00751,training_point
09:52:15.989,1,-3.580396,1.528436,-1.658067,training_point
09:52:15.990,2,-2.497415,1.423271,-2.00692,training_point
09:52:16.106,1,-3.581842,1.526468,-1.655843,training_point
09:52:16.107,2,-2.497569,1.423323,-2.006888,training_point
09:52:16.206,1,-3.584446,1.525357,-1.652417,training_point
09:52:16.206,2,-2.497478,1.423265,-2.006875,training_point
09:52:16.306,1,-3.58541,1.524683,-1.651607,training_point
09:52:16.306,2,-2.497162,1.423254,-2.007045,training_point
09:52:16.406,1,-3.588467,1.521988,-1.648851,training_point
09:52:16.406,2,-2.496546,1.423295,-2.006397,training_point
09:52:16.506,1,-3.588959,1.521958,-1.648128,training_point
09:52:16.506,2,-2.496323,1.423362,-2.00666,training_point
09:52:16.606,1,-3.590404,1.52428,-1.647621,training_point
09:52:16.606,2,-2.496388,1.423408,-2.006161,training_point
09:52:16.723,1,-3.593501,1.525719,-1.6466,training_point
09:52:16.724,2,-2.496463,1.423353,-2.006265,training_point
09:52:16.822,1,-3.594457,1.524229,-1.646155,training_point
09:52:16.823,2,-2.496355,1.423298,-2.006309,training_point
09:52:16.922,1,-3.595809,1.52386,-1.646066,training_point
09:52:16.922,2,-2.496375,1.423391,-2.005499,training_point
09:52:17.006,1,-3.596353,1.531458,-1.646381,training_point
09:52:17.006,2,-2.496389,1.423297,-2.005827,training_point
09:52:17.089,1,-3.596676,1.533901,-1.646853,training_point
09:52:17.089,2,-2.496328,1.423489,-2.005839,training_point
09:52:17.190,1,-3.597242,1.528956,-1.649574,training_point
09:52:17.190,2,-2.496033,1.423359,-2.00672,training_point
09:52:17.289,1,-3.597989,1.526466,-1.652542,training_point
09:52:17.289,2,-2.495063,1.423505,-2.009137,training_point
09:52:17.389,1,-3.598315,1.517936,-1.654138,training_point
09:52:17.390,2,-2.494217,1.423473,-2.012549,training_point
09:52:17.490,1,-3.597455,1.515694,-1.656566,training_point
09:52:17.490,2,-2.490868,1.423439,-2.019893,training_point
09:52:17.589,1,-3.596606,1.514569,-1.660541,training_point
09:52:17.589,2,-2.487515,1.423354,-2.026133,training_point
09:52:17.689,1,-3.59493,1.529911,-1.667218,training_point
09:52:17.690,2,-2.483396,1.422974,-2.034594,training_point
09:52:17.806,1,-3.59221,1.528276,-1.669508,training_point
09:52:17.808,2,-2.482782,1.422818,-2.03897,training_point
09:52:17.906,1,-3.589457,1.524661,-1.675083,training_point
09:52:17.906,2,-2.488706,1.42264,-2.043589,training_point
09:52:18.024,1,-3.586954,1.523214,-1.682861,training_point
09:52:18.025,2,-2.502782,1.422637,-2.049796,training_point
09:52:18.123,1,-3.572191,1.521523,-1.70886,training_point
09:52:18.123,2,-2.518618,1.422206,-2.053004,training_point
09:52:18.222,1,-3.580603,1.52284,-1.722348,training_point
09:52:18.223,2,-2.539672,1.42224,-2.054665,training_point
09:52:18.322,1,-3.590161,1.519975,-1.738809,training_point
09:52:18.322,2,-2.560597,1.421862,-2.057263,training_point
09:52:18.423,1,-3.586424,1.513444,-1.759751,training_point
09:52:18.423,2,-2.582742,1.42187,-2.060952,training_point
09:52:18.522,1,-3.58061,1.516998,-1.783806,training_point
09:52:18.523,2,-2.601999,1.422085,-2.062005,training_point
09:52:18.622,1,-3.574098,1.520991,-1.809134,training_point
09:52:18.622,2,-2.622995,1.422151,-2.070937,training_point
09:52:18.722,1,-3.569273,1.522225,-1.826084,training_point
09:52:18.722,2,-2.637674,1.42202,-2.077559,training_point
09:52:18.823,1,-3.556691,1.522977,-1.845336,training_point
09:52:18.823,2,-2.649619,1.422252,-2.083754,training_point
09:52:18.922,1,-3.551798,1.522388,-1.855674,training_point
09:52:18.923,2,-2.660436,1.422304,-2.090193,training_point
09:52:19.023,1,-3.521435,1.523093,-1.874848,training_point
09:52:19.023,2,-2.665571,1.421952,-2.090537,training_point
09:52:19.122,1,-3.537199,1.522598,-1.868108,training_point
09:52:19.123,2,-2.672151,1.421885,-2.09369,training_point
09:52:19.222,1,-3.539496,1.519275,-1.865947,training_point
09:52:19.222,2,-2.673997,1.422061,-2.094378,training_point
09:52:19.322,1,-3.520871,1.517439,-1.865124,training_point
09:52:19.323,2,-2.677116,1.421988,-2.096017,training_point
09:52:19.423,1,-3.516669,1.514827,-1.861886,training_point
09:52:19.423,2,-2.678827,1.421749,-2.097123,training_point
09:52:19.540,1,-3.51546,1.512757,-1.862414,training_point
09:52:19.540,2,-2.679241,1.422404,-2.098018,training_point
09:52:19.657,1,-3.516169,1.512013,-1.862174,training_point
09:52:19.657,2,-2.679315,1.422295,-2.100007,training_point
09:52:19.756,1,-3.518794,1.512146,-1.862748,training_point
09:52:19.756,2,-2.679503,1.422295,-2.100579,training_point
09:52:19.839,1,-3.521518,1.512011,-1.864081,training_point
09:52:19.839,2,-2.679394,1.422119,-2.100922,training_point
09:52:19.940,1,-3.521587,1.512452,-1.864576,training_point
09:52:19.940,2,-2.678839,1.42192,-2.101847,training_point
09:52:20.039,1,-3.519542,1.512828,-1.866146,training_point
09:52:20.039,2,-2.678006,1.422284,-2.10305,training_point
09:52:20.140,1,-3.519261,1.512968,-1.865828,training_point
09:52:20.140,2,-2.676797,1.422355,-2.104054,training_point
09:52:20.256,1,-3.513334,1.512708,-1.859102,training_point
09:52:20.257,2,-2.673915,1.422198,-2.103845,training_point
09:52:20.356,1,-3.51163,1.512384,-1.858561,training_point
09:52:20.356,2,-2.673037,1.421891,-2.10321,training_point
09:52:20.456,1,-3.530532,1.512655,-1.855389,training_point
09:52:20.456,2,-2.671551,1.422183,-2.102748,training_point
09:52:20.558,1,-3.536459,1.51323,-1.854375,training_point
09:52:20.558,2,-2.670397,1.423028,-2.101345,training_point
09:52:20.672,1,-3.537886,1.513288,-1.853558,training_point
09:52:20.672,2,-2.668538,1.424648,-2.099972,training_point
09:52:20.773,1,-3.539459,1.513312,-1.85482,training_point
09:52:20.773,2,-2.6671,1.427094,-2.099069,training_point
09:52:20.874,1,-3.540136,1.514792,-1.854731,training_point
09:52:20.874,2,-2.666371,1.426879,-2.098074,training_point
09:52:20.972,1,-3.553828,1.515704,-1.847246,training_point
09:52:20.973,2,-2.665221,1.426033,-2.096216,training_point
09:52:21.106,1,-3.559715,1.520184,-1.843979,training_point
09:52:21.106,2,-2.665225,1.425176,-2.095694,training_point
09:52:21.223,1,-3.562513,1.52176,-1.845895,training_point
09:52:21.224,2,-2.664226,1.422138,-2.093789,training_point
09:52:21.340,1,-3.563765,1.521939,-1.8433,training_point
09:52:21.340,2,-2.66309,1.42055,-2.093061,training_point
09:52:21.457,1,-3.563427,1.523323,-1.845158,training_point
09:52:21.457,2,-2.662406,1.421707,-2.092347,training_point
09:52:21.557,1,-3.564485,1.525125,-1.842677,training_point
09:52:21.557,2,-2.661561,1.421632,-2.091391,training_point
09:52:21.658,1,-3.564392,1.524291,-1.841164,training_point
09:52:21.658,2,-2.66114,1.422655,-2.090826,training_point
09:52:21.739,1,-3.563926,1.526794,-1.842973,training_point
09:52:21.739,2,-2.660629,1.422169,-2.090647,training_point
09:52:21.890,1,-3.563778,1.527334,-1.842601,training_point
09:52:21.890,2,-2.660705,1.422269,-2.090958,training_point
09:52:22.023,1,-3.563034,1.525267,-1.847293,training_point
09:52:22.024,2,-2.660566,1.42317,-2.091197,training_point
09:52:22.157,1,-3.55189,1.529013,-1.851637,training_point
09:52:22.157,2,-2.662027,1.423281,-2.091571,training_point
09:52:22.290,1,-3.543687,1.52878,-1.852958,training_point
09:52:22.290,2,-2.665631,1.420004,-2.093079,training_point
09:52:22.389,1,-3.51778,1.535786,-1.863632,training_point
09:52:22.389,2,-2.667908,1.419372,-2.093755,training_point
09:52:22.492,1,-3.517544,1.532611,-1.8669,training_point
09:52:22.492,2,-2.669939,1.41588,-2.09427,training_point
09:52:22.591,1,-3.516689,1.531111,-1.865803,training_point
09:52:22.592,2,-2.671275,1.414292,-2.094168,training_point
09:52:22.691,1,-3.516633,1.530633,-1.865689,training_point
09:52:22.691,2,-2.672839,1.411465,-2.094886,training_point
09:52:22.772,1,-3.516724,1.529526,-1.866923,training_point
09:52:22.773,2,-2.675111,1.409223,-2.095286,training_point
09:52:22.856,1,-3.530361,1.528946,-1.859329,training_point
09:52:22.856,2,-2.676069,1.40896,-2.095111,training_point
09:52:22.958,1,-3.535485,1.529112,-1.856141,training_point
09:52:22.958,2,-2.677545,1.407523,-2.095117,training_point
09:52:23.056,1,-3.523465,1.531076,-1.861092,training_point
09:52:23.057,2,-2.679121,1.406529,-2.095711,training_point
09:52:23.156,1,-3.518796,1.531123,-1.867284,training_point
09:52:23.156,2,-2.679732,1.406474,-2.096602,training_point
09:52:23.257,1,-3.517389,1.531003,-1.8657,training_point
09:52:23.257,2,-2.679764,1.405165,-2.096581,training_point
09:52:23.357,1,-3.516885,1.532905,-1.866031,training_point
09:52:23.357,2,-2.679817,1.40306,-2.096678,training_point
09:52:23.456,1,-3.517081,1.532633,-1.86575,training_point
09:52:23.456,2,-2.679948,1.40152,-2.097056,training_point
09:52:23.539,1,-3.517052,1.527319,-1.864636,training_point
09:52:23.539,2,-2.679939,1.400104,-2.097238,training_point
09:52:23.623,1,-3.517564,1.52759,-1.866036,training_point
09:52:23.625,2,-2.679958,1.399608,-2.096879,training_point
09:52:23.723,1,-3.517686,1.529754,-1.867092,training_point
09:52:23.723,2,-2.681192,1.399328,-2.097285,training_point
09:52:23.823,1,-3.518599,1.530675,-1.86557,training_point
09:52:23.824,2,-2.681635,1.400012,-2.098608,training_point
09:52:23.925,1,-3.519506,1.52992,-1.866934,training_point
09:52:23.925,2,-2.682943,1.400521,-2.101844,training_point
09:52:24.024,1,-3.520082,1.528197,-1.865896,training_point
09:52:24.024,2,-2.683183,1.400387,-2.104952,training_point
09:52:24.106,1,-3.521053,1.528876,-1.864697,training_point
09:52:24.106,2,-2.682148,1.400484,-2.106528,training_point
09:52:24.189,1,-3.521298,1.526649,-1.864516,training_point
09:52:24.189,2,-2.68159,1.400315,-2.1065,training_point
09:52:24.290,1,-3.52173,1.52906,-1.864207,training_point
09:52:24.290,2,-2.681675,1.400826,-2.106552,training_point
09:52:24.390,1,-3.523253,1.525931,-1.863377,training_point
09:52:24.390,2,-2.681719,1.401156,-2.106418,training_point
09:52:24.490,1,-3.524594,1.526934,-1.86551,training_point
09:52:24.490,2,-2.681521,1.400741,-2.106652,training_point
09:52:24.589,1,-3.528488,1.527481,-1.867667,training_point
09:52:24.590,2,-2.681927,1.400025,-2.105988,training_point
09:52:24.672,1,-3.527531,1.529257,-1.866136,training_point
09:52:24.673,2,-2.682306,1.399996,-2.105586,training_point
09:52:24.757,1,-3.527772,1.528464,-1.865401,training_point
09:52:24.757,2,-2.682641,1.399878,-2.105021,training_point
09:52:24.858,1,-3.527169,1.528144,-1.865778,training_point
09:52:24.858,2,-2.682181,1.399778,-2.105027,training_point
09:52:24.956,1,-3.527685,1.527689,-1.867365,training_point
09:52:24.956,2,-2.682101,1.399488,-2.1053,training_point
09:52:25.073,1,-3.527827,1.526183,-1.868065,training_point
09:52:25.074,2,-2.682038,1.401339,-2.105274,training_point
09:52:25.172,1,-3.541591,1.529669,-1.865054,training_point
09:52:25.173,2,-2.681855,1.402627,-2.104949,training_point
09:52:25.273,1,-3.533924,1.531005,-1.868073,training_point
09:52:25.274,2,-2.681326,1.403946,-2.105105,training_point
09:52:25.373,1,-3.529657,1.528721,-1.86793,training_point
09:52:25.374,2,-2.680856,1.402752,-2.105806,training_point
09:52:25.456,1,-3.532718,1.529291,-1.866455,training_point
09:52:25.456,2,-2.680212,1.400464,-2.105923,training_point
09:52:25.540,1,-3.530282,1.530561,-1.867972,training_point
09:52:25.540,2,-2.679847,1.400279,-2.106348,training_point
09:52:25.640,1,-3.527978,1.531669,-1.873639,training_point
09:52:25.640,2,-2.678797,1.399564,-2.108409,training_point
09:52:25.722,1,-3.523611,1.530758,-1.872047,training_point
09:52:25.723,2,-2.678431,1.400086,-2.107718,training_point
09:52:25.806,1,-3.522484,1.530554,-1.871814,training_point
09:52:25.806,2,-2.678015,1.399733,-2.10745,training_point
09:52:25.906,1,-3.522271,1.530151,-1.871759,training_point
09:52:25.906,2,-2.674035,1.399671,-2.105885,training_point
09:52:26.006,1,-3.523007,1.530531,-1.873009,training_point
09:52:26.006,2,-2.672662,1.40054,-2.105961,training_point
09:52:26.106,1,-3.522921,1.532774,-1.872826,training_point
09:52:26.107,2,-2.67188,1.400325,-2.105755,training_point
09:52:26.189,1,-3.523124,1.531556,-1.874497,training_point
09:52:26.189,2,-2.671333,1.400008,-2.107302,training_point
09:52:26.273,1,-3.523142,1.532538,-1.873756,training_point
09:52:26.273,2,-2.67119,1.399989,-2.107996,training_point
09:52:26.373,1,-3.52265,1.532335,-1.874163,training_point
09:52:26.373,2,-2.671051,1.400015,-2.108571,training_point
09:52:26.473,1,-3.521582,1.531677,-1.871219,training_point
09:52:26.474,2,-2.670247,1.399947,-2.108886,training_point
09:52:26.573,1,-3.522243,1.53123,-1.872534,training_point
09:52:26.574,2,-2.669518,1.399702,-2.108518,training_point
09:52:26.656,1,-3.522156,1.530981,-1.872939,training_point
09:52:26.656,2,-2.669294,1.40089,-2.108381,training_point
09:52:26.740,1,-3.522055,1.530257,-1.87368,training_point
09:52:26.740,2,-2.670197,1.400741,-2.108956,training_point
09:52:26.840,1,-3.521821,1.529667,-1.87387,training_point
09:52:26.840,2,-2.670474,1.401539,-2.109478,training_point
09:52:26.940,1,-3.521499,1.530099,-1.875949,training_point
09:52:26.941,2,-2.670923,1.401556,-2.110788,training_point
09:52:27.040,1,-3.521144,1.530912,-1.874848,training_point
09:52:27.040,2,-2.67169,1.401491,-2.11038,training_point
09:52:27.139,1,-3.520505,1.530553,-1.876043,training_point
09:52:27.139,2,-2.671749,1.401518,-2.110807,training_point
09:52:27.240,1,-3.520739,1.530329,-1.874685,training_point
09:52:27.240,2,-2.671842,1.401575,-2.110909,training_point
09:52:27.340,1,-3.522235,1.531351,-1.877306,training_point
09:52:27.341,2,-2.672449,1.400709,-2.111252,training_point
09:52:27.440,1,-3.52274,1.529962,-1.877852,training_point
09:52:27.440,2,-2.672407,1.398879,-2.111119,training_point
09:52:27.542,1,-3.514333,1.528913,-1.877285,training_point
09:52:27.543,2,-2.673714,1.398274,-2.112725,training_point
09:52:27.640,1,-3.516515,1.529115,-1.875948,training_point
09:52:27.640,2,-2.674245,1.39834,-2.113748,training_point
09:52:27.739,1,-3.514562,1.529848,-1.869155,training_point
09:52:27.740,2,-2.674675,1.398818,-2.114935,training_point
09:52:27.840,1,-3.514237,1.529031,-1.86799,training_point
09:52:27.840,2,-2.675253,1.398161,-2.116467,training_point
09:52:27.940,1,-3.514286,1.531139,-1.866862,training_point
09:52:27.940,2,-2.676665,1.397471,-2.117445,training_point
09:52:28.040,1,-3.518265,1.532127,-1.868388,training_point
09:52:28.040,2,-2.677931,1.396794,-2.119548,training_point
09:52:28.140,1,-3.515022,1.530486,-1.864062,training_point
09:52:28.140,2,-2.678162,1.396594,-2.117964,training_point
09:52:28.240,1,-3.520683,1.531519,-1.861162,training_point
09:52:28.240,2,-2.676675,1.396012,-2.117056,training_point
09:52:28.341,1,-3.547357,1.531084,-1.852782,training_point
09:52:28.342,2,-2.673668,1.395317,-2.115269,training_point
09:52:28.422,1,-3.556383,1.529917,-1.849171,training_point
09:52:28.423,2,-2.672277,1.39472,-2.114511,training_point
09:52:28.506,1,-3.557138,1.530269,-1.84894,training_point
09:52:28.506,2,-2.670945,1.394594,-2.113871,training_point
09:52:28.589,1,-3.560324,1.529548,-1.845943,training_point
09:52:28.589,2,-2.669852,1.394192,-2.112904,training_point
09:52:28.673,1,-3.560202,1.52778,-1.84471,training_point
09:52:28.673,2,-2.669422,1.395089,-2.112438,training_point
09:52:28.756,1,-3.559239,1.527208,-1.841559,training_point
09:52:28.756,2,-2.667873,1.395442,-2.110933,training_point
09:52:28.857,1,-3.543065,1.528353,-1.842405,training_point
09:52:28.857,2,-2.667095,1.394652,-2.110104,training_point
09:52:28.957,1,-3.513477,1.530394,-1.841416,training_point
09:52:28.957,2,-2.666919,1.394365,-2.109725,training_point
09:52:29.040,1,-3.508927,1.529792,-1.839521,training_point
09:52:29.040,2,-2.666754,1.394666,-2.108092,training_point
09:52:29.140,1,-3.506778,1.529906,-1.840292,training_point
09:52:29.140,2,-2.666818,1.394332,-2.107376,training_point
09:52:29.240,1,-3.505823,1.530663,-1.839623,training_point
09:52:29.240,2,-2.665911,1.393911,-2.10516,training_point
09:52:29.323,1,-3.505471,1.530921,-1.839212,training_point
09:52:29.323,2,-2.664963,1.393619,-2.102734,training_point
09:52:29.406,1,-3.504422,1.528433,-1.83801,training_point
09:52:29.406,2,-2.664764,1.393818,-2.101191,training_point
09:52:29.506,1,-3.503554,1.529404,-1.839659,training_point
09:52:29.506,2,-2.664777,1.393901,-2.101087,training_point
09:52:29.606,1,-3.502457,1.52925,-1.84594,training_point
09:52:29.607,2,-2.665475,1.394621,-2.100439,training_point
09:52:29.707,1,-3.501172,1.529841,-1.846586,training_point
09:52:29.707,2,-2.666705,1.395365,-2.100632,training_point
09:52:29.808,1,-3.501416,1.529773,-1.847283,training_point
09:52:29.808,2,-2.665977,1.396686,-2.100161,training_point
09:52:29.906,1,-3.501947,1.529392,-1.848904,training_point
09:52:29.906,2,-2.665246,1.397456,-2.099647,training_point
09:52:29.990,1,-3.501073,1.528567,-1.848824,training_point
09:52:29.990,2,-2.665033,1.398289,-2.098875,training_point
09:52:30.089,1,-3.500799,1.529307,-1.849078,training_point
09:52:30.089,2,-2.664511,1.398275,-2.097707,training_point
09:52:30.173,1,-3.501453,1.5292,-1.849404,training_point
09:52:30.173,2,-2.664631,1.398253,-2.097158,training_point
09:52:30.273,1,-3.502721,1.528753,-1.850847,training_point
09:52:30.274,2,-2.66498,1.398547,-2.096862,training_point
09:52:30.356,1,-3.502686,1.529305,-1.850508,training_point
09:52:30.356,2,-2.665419,1.398462,-2.096912,training_point
09:52:30.440,1,-3.50378,1.529616,-1.851712,training_point
09:52:30.440,2,-2.665519,1.397998,-2.097003,training_point
09:52:30.540,1,-3.505681,1.529771,-1.856656,training_point
09:52:30.540,2,-2.667103,1.397742,-2.09763,training_point
09:52:30.622,1,-3.509937,1.528443,-1.860737,training_point
09:52:30.623,2,-2.667209,1.39731,-2.097608,training_point
09:52:30.706,1,-3.512101,1.528588,-1.860756,training_point
09:52:30.706,2,-2.667242,1.397005,-2.097853,training_point
09:52:30.789,1,-3.513054,1.528567,-1.863238,training_point
09:52:30.789,2,-2.66757,1.396891,-2.098647,training_point
09:52:30.873,1,-3.51437,1.52915,-1.864612,training_point
09:52:30.873,2,-2.667848,1.396135,-2.099051,training_point
09:52:30.973,1,-3.51746,1.526445,-1.868381,training_point
09:52:30.974,2,-2.668298,1.397095,-2.100264,training_point
09:52:31.073,1,-3.518533,1.525792,-1.867668,training_point
09:52:31.074,2,-2.668581,1.396843,-2.101067,training_point
09:52:31.173,1,-3.519741,1.527296,-1.870367,training_point
09:52:31.173,2,-2.669416,1.396493,-2.101636,training_point
09:52:31.256,1,-3.520225,1.527736,-1.871775,training_point
09:52:31.256,2,-2.670421,1.395786,-2.102986,training_point
09:52:31.357,1,-3.522179,1.527382,-1.873702,training_point
09:52:31.357,2,-2.670802,1.395766,-2.103334,training_point
09:52:31.445,1,-3.523473,1.52751,-1.875278,training_point
09:52:31.445,2,-2.670954,1.394424,-2.103725,training_point
09:52:31.540,1,-3.525839,1.527643,-1.875512,training_point
09:52:31.540,2,-2.671061,1.394517,-2.103721,training_point
09:52:31.640,1,-3.526971,1.527546,-1.875953,training_point
09:52:31.641,2,-2.671807,1.392911,-2.103322,training_point
09:52:31.740,1,-3.528647,1.527316,-1.878067,training_point
09:52:31.740,2,-2.671937,1.393568,-2.103161,training_point
09:52:31.823,1,-3.528826,1.531103,-1.878558,training_point
09:52:31.823,2,-2.673347,1.394134,-2.103408,training_point
09:52:31.906,1,-3.529098,1.529834,-1.880668,training_point
09:52:31.906,2,-2.673179,1.393975,-2.102964,training_point
09:52:32.007,1,-3.529814,1.529381,-1.882102,training_point
09:52:32.007,2,-2.6733,1.393039,-2.102457,training_point
09:52:32.106,1,-3.529222,1.529197,-1.882371,training_point
09:52:32.106,2,-2.673111,1.392887,-2.101952,training_point
09:52:32.208,1,-3.52931,1.528705,-1.884906,training_point
09:52:32.208,2,-2.673031,1.393936,-2.101167,training_point
09:52:32.306,1,-3.530162,1.527021,-1.885326,training_point
09:52:32.306,2,-2.672857,1.394978,-2.100527,training_point
09:52:32.406,1,-3.530418,1.527124,-1.885454,training_point
09:52:32.406,2,-2.672852,1.395893,-2.099848,training_point
09:52:32.506,1,-3.529951,1.528222,-1.883574,training_point
09:52:32.506,2,-2.673689,1.396619,-2.099109,training_point
09:52:32.608,1,-3.529214,1.528362,-1.885389,training_point
09:52:32.609,2,-2.673416,1.397852,-2.098484,training_point
09:52:32.706,1,-3.528767,1.527024,-1.885461,training_point
09:52:32.707,2,-2.673017,1.397401,-2.097774,training_point
09:52:32.789,1,-3.528263,1.528325,-1.886394,training_point
09:52:32.789,2,-2.672865,1.39646,-2.097218,training_point
09:52:32.940,1,-3.527726,1.526071,-1.886178,training_point
09:52:32.940,2,-2.672664,1.395584,-2.09682,training_point
09:52:33.073,1,-3.527539,1.525623,-1.882975,training_point
09:52:33.074,2,-2.671381,1.396057,-2.095738,training_point
09:52:33.207,1,-3.527588,1.526418,-1.882795,training_point
09:52:33.207,2,-2.67092,1.395319,-2.095521,training_point
09:52:33.340,1,-3.52758,1.526204,-1.884498,training_point
09:52:33.340,2,-2.670399,1.394987,-2.095185,training_point
09:52:33.446,1,-3.52667,1.526926,-1.883173,training_point
09:52:33.447,2,-2.670149,1.394466,-2.094886,training_point
09:52:33.540,1,-3.526895,1.526983,-1.883092,training_point
09:52:33.540,2,-2.669946,1.394046,-2.094935,training_point
09:52:33.641,1,-3.526155,1.527076,-1.881156,training_point
09:52:33.642,2,-2.670862,1.394711,-2.095744,training_point
09:52:33.740,1,-3.52594,1.52754,-1.877164,training_point
09:52:33.740,2,-2.670827,1.394358,-2.095847,training_point
09:52:33.840,1,-3.52693,1.526543,-1.875941,training_point
09:52:33.840,2,-2.670381,1.394308,-2.096088,training_point
09:52:33.923,1,-3.52805,1.527029,-1.87688,training_point
09:52:33.923,2,-2.669971,1.393761,-2.096538,training_point
09:52:34.023,1,-3.529037,1.526947,-1.8774,training_point
09:52:34.024,2,-2.670041,1.393697,-2.096909,training_point
09:52:34.124,1,-3.530008,1.528987,-1.877206,training_point
09:52:34.124,2,-2.669835,1.393907,-2.097214,training_point
09:52:34.223,1,-3.531667,1.528151,-1.87855,training_point
09:52:34.223,2,-2.669606,1.393475,-2.097293,training_point
09:52:34.323,1,-3.53338,1.52969,-1.878759,training_point
09:52:34.324,2,-2.669302,1.393746,-2.097272,training_point
09:52:34.423,1,-3.53413,1.530124,-1.878852,training_point
09:52:34.423,2,-2.66875,1.39422,-2.097622,training_point
09:52:34.523,1,-3.534504,1.530939,-1.879065,training_point
09:52:34.523,2,-2.668211,1.394003,-2.09787,training_point
09:52:34.624,1,-3.534445,1.531215,-1.881424,training_point
09:52:34.624,2,-2.667591,1.393751,-2.098159,training_point
09:52:34.723,1,-3.533964,1.530476,-1.881564,training_point
09:52:34.724,2,-2.667384,1.393668,-2.098351,training_point
09:52:34.823,1,-3.533099,1.530351,-1.882929,training_point
09:52:34.823,2,-2.667209,1.394488,-2.098454,training_point
09:52:34.923,1,-3.533019,1.530098,-1.883946,training_point
09:52:34.923,2,-2.668274,1.394354,-2.099356,training_point
09:52:35.023,1,-3.5463,1.530871,-1.886627,training_point
09:52:35.024,2,-2.667362,1.395033,-2.09928,training_point
09:52:35.123,1,-3.564995,1.529035,-1.881478,training_point
09:52:35.123,2,-2.667523,1.395082,-2.099941,training_point
09:52:35.224,1,-3.565138,1.528524,-1.880255,training_point
09:52:35.224,2,-2.666873,1.395181,-2.099595,training_point
09:52:35.323,1,-3.562671,1.529036,-1.882505,training_point
09:52:35.323,2,-2.668489,1.395293,-2.100141,training_point
09:52:35.406,1,-3.561462,1.527421,-1.882266,training_point
09:52:35.406,2,-2.669228,1.395198,-2.099559,training_point
09:52:35.506,1,-3.561307,1.528851,-1.881284,training_point
09:52:35.507,2,-2.667596,1.395598,-2.098751,training_point
09:52:35.589,1,-3.559372,1.528666,-1.882875,training_point
09:52:35.589,2,-2.668337,1.396125,-2.098658,training_point
09:52:35.673,1,-3.566398,1.530124,-1.879672,training_point
09:52:35.673,2,-2.667947,1.396384,-2.098065,training_point
09:52:35.773,1,-3.562846,1.527772,-1.880393,training_point
09:52:35.774,2,-2.667935,1.3964,-2.097565,training_point
09:52:35.873,1,-3.560209,1.528117,-1.879738,training_point
09:52:35.874,2,-2.666478,1.396412,-2.096629,training_point
09:52:35.973,1,-3.557687,1.527375,-1.881557,training_point
09:52:35.973,2,-2.666617,1.395914,-2.096154,training_point
09:52:36.056,1,-3.555309,1.528455,-1.880488,training_point
09:52:36.056,2,-2.666085,1.396019,-2.094836,training_point
09:52:36.139,1,-3.53173,1.528691,-1.882777,training_point
09:52:36.139,2,-2.665404,1.395944,-2.094792,training_point
09:52:36.241,1,-3.530945,1.528857,-1.884755,training_point
09:52:36.242,2,-2.664806,1.395662,-2.095144,training_point
09:52:36.341,1,-3.530229,1.527121,-1.884946,training_point
09:52:36.342,2,-2.664347,1.395868,-2.094695,training_point
09:52:36.440,1,-3.529732,1.529375,-1.885032,training_point
09:52:36.440,2,-2.663627,1.396062,-2.094603,training_point
09:52:36.523,1,-3.549862,1.528496,-1.872358,training_point
09:52:36.523,2,-2.663503,1.395956,-2.094669,training_point
09:52:36.623,1,-3.557475,1.528781,-1.868356,training_point
09:52:36.623,2,-2.664708,1.39701,-2.095495,training_point
09:52:36.724,1,-3.559499,1.528873,-1.868124,training_point
09:52:36.724,2,-2.663747,1.397035,-2.095572,training_point
09:52:36.823,1,-3.55369,1.527855,-1.861099,training_point
09:52:36.824,2,-2.663156,1.39709,-2.095151,training_point
09:52:36.906,1,-3.556945,1.527587,-1.861094,training_point
09:52:36.906,2,-2.664015,1.397182,-2.095614,training_point
09:52:37.006,1,-3.559368,1.527894,-1.860556,training_point
09:52:37.007,2,-2.664845,1.397363,-2.095568,training_point
09:52:37.089,1,-3.558967,1.529661,-1.861148,training_point
09:52:37.089,2,-2.663679,1.397477,-2.095753,training_point
09:52:37.173,1,-3.560695,1.529845,-1.859677,training_point
09:52:37.173,2,-2.666042,1.397765,-2.096457,training_point
09:52:37.273,1,-3.547895,1.529945,-1.861602,training_point
09:52:37.274,2,-2.664412,1.397822,-2.096388,training_point
09:52:37.373,1,-3.519186,1.529934,-1.862082,training_point
09:52:37.374,2,-2.663908,1.397963,-2.096386,training_point
09:52:37.473,1,-3.518403,1.530253,-1.862904,training_point
09:52:37.473,2,-2.666089,1.398352,-2.097813,training_point
09:52:37.573,1,-3.517826,1.530548,-1.862551,training_point
09:52:37.574,2,-2.664948,1.398557,-2.098099,training_point
09:52:37.657,1,-3.51726,1.530806,-1.862409,training_point
09:52:37.657,2,-2.664711,1.398578,-2.098006,training_point
09:52:37.740,1,-3.519915,1.530554,-1.86423,training_point
09:52:37.740,2,-2.665445,1.398577,-2.098572,training_point
09:52:37.823,1,-3.520947,1.530667,-1.865949,training_point
09:52:37.823,2,-2.665973,1.398953,-2.099195,training_point
09:52:37.906,1,-3.521225,1.530788,-1.866661,training_point
09:52:37.906,2,-2.665246,1.399193,-2.09916,training_point
09:52:38.007,1,-3.517609,1.528016,-1.864025,training_point
09:52:38.007,2,-2.666497,1.39971,-2.100315,training_point
09:52:38.107,1,-3.517327,1.528241,-1.863096,training_point
09:52:38.107,2,-2.665435,1.399294,-2.100264,training_point
09:52:38.206,1,-3.516815,1.52671,-1.862107,training_point
09:52:38.206,2,-2.665947,1.399977,-2.101464,training_point
09:52:38.289,1,-3.516664,1.526099,-1.86181,training_point
09:52:38.290,2,-2.66564,1.399822,-2.101567,training_point
09:52:38.390,1,-3.516347,1.526115,-1.861253,training_point
09:52:38.390,2,-2.665293,1.399338,-2.101041,training_point
09:52:38.489,1,-3.516546,1.525981,-1.86086,training_point
09:52:38.490,2,-2.664477,1.399323,-2.101013,training_point
09:52:38.589,1,-3.52927,1.525915,-1.85828,training_point
09:52:38.590,2,-2.66518,1.399692,-2.101272,training_point
09:52:38.673,1,-3.557983,1.525336,-1.85488,training_point
09:52:38.673,2,-2.665766,1.399841,-2.101344,training_point
09:52:38.757,1,-3.559814,1.525409,-1.85376,training_point
09:52:38.757,2,-2.665442,1.399028,-2.101577,training_point
09:52:38.857,1,-3.562265,1.52601,-1.853137,training_point
09:52:38.857,2,-2.664801,1.399254,-2.10158,training_point
09:52:38.957,1,-3.563493,1.52624,-1.85247,training_point
09:52:38.957,2,-2.665866,1.399953,-2.10175,training_point
09:52:39.056,1,-3.564726,1.527181,-1.851264,training_point
09:52:39.056,2,-2.665272,1.398776,-2.101714,training_point
09:52:39.157,1,-3.551679,1.528074,-1.854503,training_point
09:52:39.158,2,-2.666836,1.39869,-2.102189,training_point
09:52:39.258,1,-3.546266,1.529231,-1.856815,training_point
09:52:39.258,2,-2.666831,1.398802,-2.102136,training_point
09:52:39.339,1,-3.543708,1.529061,-1.857301,training_point
09:52:39.339,2,-2.666239,1.398538,-2.102085,training_point
09:52:39.423,1,-3.529051,1.527639,-1.860639,training_point
09:52:39.424,2,-2.665438,1.398507,-2.101963,training_point
09:52:39.523,1,-3.52222,1.526663,-1.862198,training_point
09:52:39.523,2,-2.664888,1.39882,-2.101595,training_point
09:52:39.625,1,-3.516673,1.525651,-1.863051,training_point
09:52:39.625,2,-2.664263,1.398424,-2.101614,training_point
09:52:39.723,1,-3.517947,1.524656,-1.866482,training_point
09:52:39.724,2,-2.665908,1.398375,-2.102131,training_point
09:52:39.824,1,-3.51395,1.524954,-1.864291,training_point
09:52:39.824,2,-2.666204,1.398971,-2.102548,training_point
09:52:39.925,1,-3.514034,1.524504,-1.862449,training_point
09:52:39.925,2,-2.664998,1.399611,-2.102535,training_point
09:52:40.024,1,-3.5138,1.525211,-1.862024,training_point
09:52:40.024,2,-2.664281,1.398526,-2.10247,training_point
09:52:40.123,1,-3.514396,1.525643,-1.861329,training_point
09:52:40.123,2,-2.6666,1.399325,-2.103355,training_point
09:52:40.206,1,-3.514711,1.527087,-1.861625,training_point
09:52:40.206,2,-2.666702,1.399029,-2.103484,training_point
09:52:40.289,1,-3.514682,1.527421,-1.86119,training_point
09:52:40.289,2,-2.667773,1.3985,-2.103541,training_point
09:52:40.374,1,-3.51457,1.527876,-1.861045,training_point
09:52:40.374,2,-2.665817,1.399005,-2.103555,training_point
09:52:40.475,1,-3.514759,1.527115,-1.861174,training_point
09:52:40.475,2,-2.665977,1.398873,-2.103605,training_point
09:52:40.556,1,-3.513804,1.527174,-1.861504,training_point
09:52:40.556,2,-2.665698,1.398847,-2.103707,training_point
09:52:40.640,1,-3.513711,1.52841,-1.861909,training_point
09:52:40.640,2,-2.665067,1.399608,-2.103895,training_point
09:52:40.740,1,-3.518295,1.529005,-1.867823,training_point
09:52:40.740,2,-2.665931,1.399696,-2.104179,training_point
09:52:40.823,1,-3.519779,1.529413,-1.871602,training_point
09:52:40.823,2,-2.665586,1.399167,-2.103949,training_point
09:52:40.925,1,-3.521394,1.527277,-1.87179,training_point
09:52:40.925,2,-2.665484,1.400155,-2.103867,training_point
09:52:41.023,1,-3.526076,1.527707,-1.867292,training_point
09:52:41.023,2,-2.665199,1.399763,-2.103495,training_point
09:52:41.123,1,-3.517967,1.527923,-1.86803,training_point
09:52:41.124,2,-2.665292,1.399624,-2.103192,training_point
09:52:41.206,1,-3.514738,1.527754,-1.869189,training_point
09:52:41.206,2,-2.666178,1.399406,-2.103163,training_point
09:52:41.289,1,-3.512553,1.527722,-1.870925,training_point
09:52:41.289,2,-2.665112,1.399035,-2.102437,training_point
09:52:41.373,1,-3.521122,1.527336,-1.870883,training_point
09:52:41.373,2,-2.664561,1.399148,-2.102327,training_point
09:52:41.456,1,-3.52588,1.527291,-1.86925,training_point
09:52:41.456,2,-2.664061,1.399526,-2.102192,training_point
09:52:41.557,1,-3.543018,1.526286,-1.86526,training_point
09:52:41.557,2,-2.663743,1.399839,-2.10211,training_point
09:52:41.657,1,-3.541926,1.526944,-1.86644,training_point
09:52:41.657,2,-2.663323,1.399923,-2.102616,training_point
09:52:41.756,1,-3.539009,1.526238,-1.867658,training_point
09:52:41.757,2,-2.66349,1.399229,-2.102616,training_point
09:52:41.857,1,-3.514234,1.526233,-1.873307,training_point
09:52:41.857,2,-2.664431,1.399906,-2.103268,training_point
09:52:41.957,1,-3.503729,1.526546,-1.876578,training_point
09:52:41.957,2,-2.665777,1.399449,-2.103706,training_point
09:52:42.058,1,-3.515538,1.525833,-1.874076,training_point
09:52:42.058,2,-2.667477,1.400153,-2.104365,training_point
09:52:42.157,1,-3.526529,1.526649,-1.866913,training_point
09:52:42.157,2,-2.666488,1.400003,-2.102943,training_point
09:52:42.258,1,-3.509605,1.526533,-1.870877,training_point
09:52:42.259,2,-2.662977,1.399943,-2.099547,training_point
09:52:42.358,1,-3.504227,1.527699,-1.870951,training_point
09:52:42.358,2,-2.661566,1.399586,-2.09899,training_point
09:52:42.439,1,-3.497366,1.529154,-1.872692,training_point
09:52:42.439,2,-2.660959,1.399178,-2.098791,training_point
09:52:42.523,1,-3.508974,1.530427,-1.868089,training_point
09:52:42.523,2,-2.660489,1.398826,-2.098366,training_point
09:52:42.623,1,-3.499992,1.532942,-1.870107,training_point
09:52:42.623,2,-2.660298,1.399739,-2.098001,training_point
09:52:42.724,1,-3.496583,1.531897,-1.868597,training_point
09:52:42.725,2,-2.660178,1.399833,-2.098054,training_point
09:52:42.823,1,-3.493139,1.530702,-1.867702,training_point
09:52:42.824,2,-2.660014,1.399547,-2.098034,training_point
09:52:42.906,1,-3.504684,1.530114,-1.864151,training_point
09:52:42.906,2,-2.659966,1.399384,-2.098572,training_point
09:52:42.989,1,-3.507281,1.529598,-1.863439,training_point
09:52:42.990,2,-2.659727,1.400672,-2.098537,training_point
09:52:43.073,1,-3.490821,1.528836,-1.865381,training_point
09:52:43.073,2,-2.659577,1.400378,-2.098599,training_point
09:52:43.173,1,-3.496836,1.52783,-1.861221,training_point
09:52:43.173,2,-2.659487,1.400884,-2.098614,training_point
09:52:43.256,1,-3.522234,1.527741,-1.851014,training_point
09:52:43.256,2,-2.659023,1.400273,-2.09853,training_point
09:52:43.358,1,-3.527937,1.527872,-1.850356,training_point
09:52:43.358,2,-2.65833,1.400555,-2.097969,training_point
09:52:43.456,1,-3.530566,1.528274,-1.848259,training_point
09:52:43.456,2,-2.657876,1.400548,-2.097479,training_point
09:52:43.539,1,-3.532753,1.528079,-1.849077,training_point
09:52:43.539,2,-2.657846,1.399772,-2.097533,training_point
09:52:43.624,1,-3.535013,1.529554,-1.846568,training_point
09:52:43.624,2,-2.657658,1.400366,-2.097209,training_point
09:52:43.706,1,-3.536557,1.529726,-1.847026,training_point
09:52:43.706,2,-2.657563,1.400141,-2.09668,training_point
09:52:43.790,1,-3.538164,1.529414,-1.848873,training_point
09:52:43.791,2,-2.657315,1.400289,-2.096205,training_point
09:52:43.891,1,-3.539773,1.528358,-1.85003,training_point
09:52:43.892,2,-2.657304,1.400163,-2.09612,training_point
09:52:43.990,1,-3.540648,1.529431,-1.849671,training_point
09:52:43.990,2,-2.657259,1.40074,-2.095849,training_point
09:52:44.090,1,-3.541475,1.528256,-1.849986,training_point
09:52:44.090,2,-2.657399,1.400919,-2.095522,training_point
09:52:44.190,1,-3.528737,1.527356,-1.851475,training_point
09:52:44.190,2,-2.657501,1.400718,-2.095371,training_point
09:52:44.290,1,-3.500791,1.526604,-1.851889,training_point
09:52:44.291,2,-2.65755,1.400668,-2.095208,training_point
09:52:44.373,1,-3.496707,1.526813,-1.855286,training_point
09:52:44.373,2,-2.657598,1.400651,-2.094952,training_point
09:52:44.457,1,-3.495928,1.526003,-1.855882,training_point
09:52:44.457,2,-2.657637,1.400643,-2.094791,training_point
09:52:44.558,1,-3.495112,1.526258,-1.857898,training_point
09:52:44.558,2,-2.657941,1.400223,-2.094257,training_point
09:52:44.657,1,-3.493473,1.526725,-1.860798,training_point
09:52:44.657,2,-2.65804,1.400878,-2.093809,training_point
09:52:44.756,1,-3.490993,1.53087,-1.862868,training_point
09:52:44.756,2,-2.657908,1.400875,-2.093072,training_point
09:52:44.857,1,-3.489448,1.528971,-1.867449,training_point
09:52:44.857,2,-2.658027,1.400836,-2.091996,training_point
09:52:44.956,1,-3.487832,1.524767,-1.868992,training_point
09:52:44.956,2,-2.657924,1.401159,-2.091647,training_point
09:52:45.056,1,-3.48587,1.524768,-1.872383,training_point
09:52:45.056,2,-2.658009,1.400446,-2.091385,training_point
09:52:45.156,1,-3.484369,1.527359,-1.875278,training_point
09:52:45.156,2,-2.658127,1.399227,-2.090647,training_point
09:52:45.240,1,-3.482465,1.524756,-1.877005,training_point
09:52:45.240,2,-2.657946,1.399143,-2.090027,training_point
09:52:45.340,1,-3.482241,1.524337,-1.878788,training_point
09:52:45.341,2,-2.657881,1.398874,-2.089787,training_point
09:52:45.445,1,-3.480961,1.524561,-1.882662,training_point
09:52:45.445,2,-2.657617,1.398869,-2.0889,training_point
09:52:45.540,1,-3.480007,1.526759,-1.88719,training_point
09:52:45.540,2,-2.657454,1.398624,-2.088365,training_point
09:52:45.623,1,-3.479237,1.525262,-1.887962,training_point
09:52:45.623,2,-2.657544,1.398447,-2.08858,training_point
09:52:45.723,1,-3.478728,1.523839,-1.888511,training_point
09:52:45.724,2,-2.657223,1.398444,-2.088046,training_point
09:52:45.823,1,-3.478714,1.522111,-1.888577,training_point
09:52:45.823,2,-2.657256,1.398453,-2.087708,training_point
09:52:45.923,1,-3.478729,1.521755,-1.892136,training_point
09:52:45.923,2,-2.656925,1.398806,-2.087439,training_point
09:52:46.006,1,-3.479837,1.524093,-1.895794,training_point
09:52:46.006,2,-2.656619,1.398749,-2.087344,training_point
09:52:46.090,1,-3.480367,1.523653,-1.89802,training_point
09:52:46.090,2,-2.656645,1.398625,-2.087237,training_point
09:52:46.190,1,-3.482053,1.522741,-1.903812,training_point
09:52:46.190,2,-2.656504,1.398833,-2.086826,training_point
09:52:46.290,1,-3.483633,1.522112,-1.912486,training_point
09:52:46.290,2,-2.656439,1.398972,-2.086356,training_point
09:52:46.389,1,-3.488245,1.522031,-1.918773,training_point
09:52:46.390,2,-2.656391,1.398747,-2.086063,training_point
09:52:46.473,1,-3.512733,1.521496,-1.925365,training_point
09:52:46.473,2,-2.656286,1.398732,-2.085898,training_point
09:52:46.573,1,-3.499057,1.521145,-1.932777,training_point
09:52:46.573,2,-2.656377,1.398542,-2.085811,training_point
09:52:46.656,1,-3.509214,1.521149,-1.936467,training_point
09:52:46.656,2,-2.656126,1.398551,-2.085478,training_point
09:52:46.758,1,-3.500947,1.520847,-1.943847,training_point
09:52:46.758,2,-2.655971,1.398512,-2.085358,training_point
09:52:46.856,1,-3.498953,1.520005,-1.949513,training_point
09:52:46.856,2,-2.656037,1.398549,-2.085033,training_point
09:52:46.957,1,-3.498961,1.519896,-1.956905,training_point
09:52:46.957,2,-2.656159,1.398217,-2.084918,training_point
09:52:47.056,1,-3.500629,1.519265,-1.965419,training_point
09:52:47.056,2,-2.656249,1.398044,-2.085465,training_point
09:52:47.157,1,-3.500607,1.517047,-1.979237,training_point
09:52:47.157,2,-2.656332,1.39797,-2.08557,training_point
09:52:47.257,1,-3.571023,1.521219,-1.974434,training_point
09:52:47.257,2,-2.656406,1.397995,-2.085331,training_point
09:52:47.356,1,-3.567082,1.520178,-1.971757,training_point
09:52:47.356,2,-2.6565,1.398018,-2.08531,training_point
09:52:47.456,1,-3.566182,1.520322,-1.972583,training_point
09:52:47.456,2,-2.656858,1.397999,-2.085286,training_point
09:52:47.557,1,-3.566182,1.520322,-1.977613,training_point
09:52:47.557,2,-2.657005,1.398059,-2.085204,training_point
09:52:47.656,1,-3.566274,1.519541,-1.982687,training_point
09:52:47.656,2,-2.657205,1.398309,-2.084764,training_point
09:52:47.758,1,-3.565118,1.519757,-1.983961,training_point
09:52:47.759,2,-2.657157,1.398373,-2.08472,training_point
09:52:47.857,1,-3.564847,1.520036,-1.988441,training_point
09:52:47.857,2,-2.657297,1.398317,-2.084459,training_point
09:52:47.956,1,-3.565259,1.519832,-1.994525,training_point
09:52:47.957,2,-2.657141,1.398395,-2.084154,training_point
09:52:48.056,1,-3.567415,1.51964,-1.999085,training_point
09:52:48.056,2,-2.656963,1.398537,-2.084427,training_point
09:52:48.157,1,-3.567353,1.518711,-2.000598,training_point
09:52:48.157,2,-2.656968,1.398426,-2.084356,training_point
09:52:48.256,1,-3.567055,1.519605,-2.003589,training_point
09:52:48.257,2,-2.656986,1.398581,-2.084568,training_point
09:52:48.357,1,-3.564882,1.520156,-2.000095,training_point
09:52:48.357,2,-2.656947,1.398595,-2.084567,training_point
09:52:48.458,1,-3.562749,1.519596,-1.999219,training_point
09:52:48.458,2,-2.657265,1.399173,-2.084882,training_point
09:52:48.556,1,-3.565547,1.519821,-2.003026,training_point
09:52:48.556,2,-2.657214,1.399014,-2.084522,training_point
09:52:48.656,1,-3.54279,1.521448,-2.005333,training_point
09:52:48.656,2,-2.657197,1.398757,-2.084557,training_point
09:52:48.756,1,-3.517021,1.521197,-2.010477,training_point
09:52:48.756,2,-2.657262,1.398784,-2.085226,training_point
09:52:48.857,1,-3.560977,1.521262,-2.006355,training_point
09:52:48.857,2,-2.657062,1.399091,-2.085197,training_point
09:52:48.956,1,-3.560815,1.520485,-2.001951,training_point
09:52:48.956,2,-2.657053,1.398643,-2.08521,training_point
09:52:49.057,1,-3.560201,1.520063,-2.000178,training_point
09:52:49.057,2,-2.657086,1.398335,-2.0852,training_point
09:52:49.156,1,-3.560503,1.519458,-1.999708,training_point
09:52:49.157,2,-2.65746,1.398213,-2.085171,training_point
09:52:49.256,1,-3.563046,1.518925,-2.0025,training_point
09:52:49.256,2,-2.657519,1.398096,-2.085146,training_point
09:52:49.357,1,-3.565212,1.519341,-2.000353,training_point
09:52:49.357,2,-2.657495,1.397704,-2.085144,training_point
09:52:49.473,1,-3.565169,1.51929,-2.000091,training_point
09:52:49.473,2,-2.657342,1.397263,-2.084808,training_point
09:52:49.575,1,-3.567365,1.517595,-2.002033,training_point
09:52:49.575,2,-2.657445,1.397177,-2.084771,training_point
09:52:49.673,1,-3.550765,1.520116,-2.009425,training_point
09:52:49.673,2,-2.657542,1.396821,-2.085118,training_point
09:52:49.773,1,-3.548245,1.519269,-2.009813,training_point
09:52:49.773,2,-2.657513,1.39667,-2.085232,training_point
09:52:49.873,1,-3.524337,1.520041,-2.01797,training_point
09:52:49.873,2,-2.657646,1.396736,-2.085421,training_point
09:52:49.973,1,-3.51862,1.519609,-2.019914,training_point
09:52:49.973,2,-2.657332,1.39672,-2.085986,training_point
09:52:50.073,1,-3.534733,1.519503,-2.013721,training_point
09:52:50.073,2,-2.65719,1.397017,-2.086654,training_point
09:52:50.156,1,-3.532234,1.518661,-2.008924,training_point
09:52:50.156,2,-2.656987,1.396988,-2.086694,training_point
09:52:50.257,1,-3.522513,1.523993,-2.007231,training_point
09:52:50.257,2,-2.656793,1.396873,-2.08676,training_point
09:52:50.356,1,-3.526951,1.511702,-1.999066,training_point
09:52:50.356,2,-2.656583,1.397007,-2.087046,training_point
09:52:50.457,1,-3.537095,1.511633,-1.98412,training_point
09:52:50.458,2,-2.656513,1.397098,-2.087283,training_point
09:52:50.556,1,-3.553473,1.512996,-1.967445,training_point
09:52:50.556,2,-2.656446,1.397101,-2.087409,training_point
09:52:50.657,1,-3.619674,1.512867,-1.937009,training_point
09:52:50.657,2,-2.656569,1.397153,-2.087007,training_point
09:52:50.756,1,-3.638921,1.513983,-1.918504,training_point
09:52:50.756,2,-2.6566,1.397868,-2.086943,training_point
09:52:50.874,1,-3.65092,1.512806,-1.911338,training_point
09:52:50.874,2,-2.656653,1.397893,-2.087046,training_point
09:52:50.973,1,-3.665435,1.51243,-1.904828,training_point
09:52:50.973,2,-2.656763,1.397898,-2.087311,training_point
09:52:51.074,1,-3.655957,1.513205,-1.900532,training_point
09:52:51.074,2,-2.656323,1.397745,-2.087217,training_point
09:52:51.190,1,-3.669058,1.514419,-1.889797,training_point
09:52:51.190,2,-2.656916,1.397752,-2.088099,training_point
09:52:51.292,1,-3.678823,1.515062,-1.885497,training_point
09:52:51.292,2,-2.657277,1.397576,-2.088907,training_point
09:52:51.389,1,-3.692838,1.51439,-1.875403,training_point
09:52:51.390,2,-2.657291,1.397329,-2.089235,training_point
09:52:51.490,1,-3.698198,1.511526,-1.871738,training_point
09:52:51.490,2,-2.657164,1.397133,-2.089271,training_point
09:52:51.590,1,-3.705372,1.509751,-1.867327,training_point
09:52:51.590,2,-2.657237,1.397023,-2.08919,training_point
09:52:51.690,1,-3.706201,1.511859,-1.865824,training_point
09:52:51.690,2,-2.657361,1.396948,-2.088998,training_point
09:52:51.790,1,-3.705481,1.517463,-1.864567,training_point
09:52:51.790,2,-2.657905,1.396974,-2.088869,training_point
09:52:51.890,1,-3.70641,1.518498,-1.863926,training_point
09:52:51.890,2,-2.658203,1.396575,-2.088619,training_point
09:52:51.990,1,-3.705758,1.514967,-1.862453,training_point
09:52:51.990,2,-2.65881,1.396521,-2.088425,training_point
09:52:52.089,1,-3.703132,1.511154,-1.862676,training_point
09:52:52.090,2,-2.659308,1.396544,-2.08778,training_point
09:52:52.190,1,-3.708882,1.509315,-1.862112,training_point
09:52:52.190,2,-2.659586,1.396697,-2.08771,training_point
09:52:52.290,1,-3.707732,1.510158,-1.862816,training_point
09:52:52.291,2,-2.659652,1.39657,-2.087172,training_point
09:52:52.390,1,-3.709823,1.512133,-1.862026,training_point
09:52:52.390,2,-2.659661,1.396383,-2.08686,training_point
09:52:52.490,1,-3.709803,1.51331,-1.86229,training_point
09:52:52.492,2,-2.6599,1.396422,-2.086789,training_point
09:52:52.607,1,-3.709636,1.512887,-1.862813,training_point
09:52:52.607,2,-2.659813,1.396465,-2.086665,training_point
09:52:52.708,1,-3.709847,1.513716,-1.863506,training_point
09:52:52.708,2,-2.659588,1.396537,-2.086248,training_point
09:52:52.807,1,-3.707849,1.516813,-1.862699,training_point
09:52:52.807,2,-2.659692,1.396587,-2.08601,training_point
09:52:52.906,1,-3.704252,1.517944,-1.864534,training_point
09:52:52.906,2,-2.659862,1.396612,-2.085557,training_point
09:52:53.023,1,-3.704522,1.519962,-1.863383,training_point
09:52:53.024,2,-2.659713,1.396616,-2.085539,training_point
09:52:53.140,1,-3.70443,1.524713,-1.863113,training_point
09:52:53.141,2,-2.659534,1.396447,-2.085373,training_point
09:52:53.257,1,-3.704999,1.522582,-1.861956,training_point
09:52:53.258,2,-2.659427,1.396815,-2.085111,training_point
09:52:53.356,1,-3.704572,1.523805,-1.861631,training_point
09:52:53.356,2,-2.659442,1.39699,-2.0857,training_point
09:52:53.450,1,-3.718033,1.526376,-1.853105,training_point
09:52:53.450,2,-2.659619,1.397167,-2.085902,training_point
09:52:53.557,1,-3.721998,1.525966,-1.848816,training_point
09:52:53.557,2,-2.659544,1.397173,-2.085972,training_point
09:52:53.674,1,-3.722877,1.520586,-1.847871,training_point
09:52:53.674,2,-2.659666,1.396878,-2.086011,training_point
09:52:53.773,1,-3.745234,1.518425,-1.839142,training_point
09:52:53.773,2,-2.660091,1.396783,-2.086358,training_point
09:52:53.856,1,-3.748438,1.517545,-1.837953,training_point
09:52:53.857,2,-2.659979,1.397046,-2.08649,training_point
09:52:53.956,1,-3.754052,1.518798,-1.837795,training_point
09:52:53.956,2,-2.660022,1.397256,-2.086468,training_point
09:52:54.057,1,-3.75618,1.522323,-1.837961,training_point
09:52:54.057,2,-2.659961,1.397228,-2.087334,training_point
09:52:54.173,1,-3.752737,1.523654,-1.842967,training_point
09:52:54.174,2,-2.659915,1.396673,-2.08765,training_point
09:52:54.290,1,-3.74787,1.526971,-1.846322,training_point
09:52:54.290,2,-2.660106,1.396931,-2.088092,training_point
09:52:54.390,1,-3.749622,1.526329,-1.847368,training_point
09:52:54.390,2,-2.660243,1.396338,-2.088218,training_point
09:52:54.490,1,-3.75178,1.526224,-1.85,training_point
09:52:54.490,2,-2.660334,1.396272,-2.088385,training_point
09:52:54.607,1,-3.754689,1.523803,-1.850714,training_point
09:52:54.607,2,-2.660286,1.396243,-2.088566,training_point
09:52:54.706,1,-3.755109,1.52297,-1.85068,training_point
09:52:54.706,2,-2.660548,1.396324,-2.088667,training_point
09:52:54.806,1,-3.754783,1.523895,-1.85069,training_point
09:52:54.806,2,-2.660776,1.396499,-2.088854,training_point
09:52:54.907,1,-3.738446,1.523582,-1.855463,training_point
09:52:54.907,2,-2.661114,1.396693,-2.089426,training_point
09:52:55.024,1,-3.734164,1.524402,-1.860553,training_point
09:52:55.024,2,-2.661318,1.397097,-2.089741,training_point
09:52:55.140,1,-3.729701,1.525481,-1.865304,training_point
09:52:55.141,2,-2.661995,1.397646,-2.090058,training_point
09:52:55.240,1,-3.727231,1.525989,-1.864416,training_point
09:52:55.240,2,-2.662669,1.398301,-2.090205,training_point
09:52:55.339,1,-3.726038,1.526058,-1.866608,training_point
09:52:55.340,2,-2.662461,1.398251,-2.090478,training_point
09:52:55.450,1,-3.724455,1.525916,-1.866564,training_point
09:52:55.451,2,-2.662622,1.398613,-2.090925,training_point
09:52:55.557,1,-3.722652,1.526086,-1.867599,training_point
09:52:55.557,2,-2.662714,1.398769,-2.091809,training_point
09:52:55.656,1,-3.721899,1.52749,-1.867715,training_point
09:52:55.656,2,-2.662918,1.398711,-2.092526,training_point
09:52:55.757,1,-3.71982,1.527757,-1.86739,training_point
09:52:55.757,2,-2.663095,1.398715,-2.092723,training_point
09:52:55.856,1,-3.720222,1.528396,-1.868422,training_point
09:52:55.856,2,-2.663905,1.398648,-2.093576,training_point
09:52:55.957,1,-3.719945,1.529234,-1.86732,training_point
09:52:55.958,2,-2.664029,1.398732,-2.093981,training_point
09:52:56.056,1,-3.718987,1.530834,-1.869255,training_point
09:52:56.056,2,-2.663923,1.398641,-2.093478,training_point
09:52:56.156,1,-3.71975,1.529477,-1.869164,training_point
09:52:56.157,2,-2.664041,1.398753,-2.093732,training_point
09:52:56.256,1,-3.719547,1.531596,-1.868654,training_point
09:52:56.256,2,-2.664039,1.398769,-2.093756,training_point
09:52:56.357,1,-3.718854,1.531967,-1.867045,training_point
09:52:56.357,2,-2.663991,1.398355,-2.093523,training_point
09:52:56.456,1,-3.720721,1.531684,-1.866769,training_point
09:52:56.456,2,-2.663768,1.398417,-2.093595,training_point
09:52:56.557,1,-3.721399,1.531736,-1.868767,training_point
09:52:56.557,2,-2.663365,1.398196,-2.093035,training_point
09:52:56.656,1,-3.721522,1.5304,-1.867296,training_point
09:52:56.656,2,-2.663034,1.398437,-2.092894,training_point
09:52:56.757,1,-3.722865,1.528129,-1.866594,training_point
09:52:56.757,2,-2.66306,1.398349,-2.092261,training_point
09:52:56.857,1,-3.724888,1.526869,-1.868127,training_point
09:52:56.857,2,-2.663254,1.398348,-2.092292,training_point
09:52:56.956,1,-3.724984,1.526175,-1.869045,training_point
09:52:56.956,2,-2.663116,1.398268,-2.092334,training_point
09:52:57.056,1,-3.724773,1.526195,-1.868479,training_point
09:52:57.057,2,-2.663486,1.398315,-2.093196,training_point
09:52:57.156,1,-3.725731,1.525902,-1.867778,training_point
09:52:57.156,2,-2.663866,1.398366,-2.093112,training_point
09:52:57.257,1,-3.725693,1.5258,-1.869002,training_point
09:52:57.257,2,-2.66398,1.398074,-2.093345,training_point
09:52:57.356,1,-3.725811,1.526677,-1.868692,training_point
09:52:57.356,2,-2.664164,1.397986,-2.093403,training_point
09:52:57.456,1,-3.726316,1.528217,-1.870867,training_point
09:52:57.457,2,-2.66436,1.397774,-2.093337,training_point
09:52:57.558,1,-3.726069,1.529908,-1.872153,training_point
09:52:57.558,2,-2.664664,1.397631,-2.093602,training_point
09:52:57.656,1,-3.726413,1.52963,-1.871393,training_point
09:52:57.656,2,-2.664374,1.397679,-2.093569,training_point
09:52:57.756,1,-3.725355,1.531627,-1.870676,training_point
09:52:57.757,2,-2.664591,1.397707,-2.093979,training_point
09:52:57.859,1,-3.72665,1.531247,-1.871986,training_point
09:52:57.859,2,-2.664719,1.39828,-2.093985,training_point
09:52:57.956,1,-3.725944,1.531383,-1.8724,training_point
09:52:57.956,2,-2.664841,1.398257,-2.093835,training_point
09:52:58.057,1,-3.725827,1.532454,-1.871583,training_point
09:52:58.057,2,-2.665134,1.398285,-2.093538,training_point
09:52:58.156,1,-3.724862,1.532916,-1.870506,training_point
09:52:58.157,2,-2.665545,1.398252,-2.093477,training_point
09:52:58.257,1,-3.725986,1.530439,-1.869999,training_point
09:52:58.258,2,-2.665966,1.398441,-2.093197,training_point
09:52:58.357,1,-3.727075,1.530985,-1.870439,training_point
09:52:58.357,2,-2.666089,1.398678,-2.09326,training_point
09:52:58.456,1,-3.726945,1.53043,-1.868618,training_point
09:52:58.457,2,-2.666273,1.398719,-2.093046,training_point
09:52:58.556,1,-3.727618,1.531259,-1.869715,training_point
09:52:58.556,2,-2.666483,1.398742,-2.09325,training_point
09:52:58.674,1,-3.728742,1.530875,-1.871669,training_point
09:52:58.674,2,-2.666505,1.398846,-2.093313,training_point
09:52:58.773,1,-3.729896,1.531164,-1.870725,training_point
09:52:58.773,2,-2.667053,1.399015,-2.093311,training_point
09:52:58.873,1,-3.730213,1.530552,-1.870213,training_point
09:52:58.873,2,-2.667063,1.399245,-2.093486,training_point
09:52:58.973,1,-3.730625,1.531095,-1.869551,training_point
09:52:58.973,2,-2.667261,1.39941,-2.093452,training_point
09:52:59.073,1,-3.731337,1.531215,-1.869015,training_point
09:52:59.073,2,-2.666998,1.399558,-2.093365,training_point
09:52:59.173,1,-3.732251,1.530285,-1.870423,training_point
09:52:59.173,2,-2.66681,1.39957,-2.093476,training_point
09:52:59.274,1,-3.732136,1.530545,-1.86956,training_point
09:52:59.274,2,-2.66673,1.399555,-2.093245,training_point
09:52:59.373,1,-3.731907,1.530262,-1.870827,training_point
09:52:59.373,2,-2.66674,1.399523,-2.093611,training_point
09:52:59.490,1,-3.731852,1.530996,-1.870887,training_point
09:52:59.491,2,-2.666375,1.399366,-2.093466,training_point
09:52:59.590,1,-3.729542,1.532705,-1.872155,training_point
09:52:59.590,2,-2.666543,1.399129,-2.093876,training_point
09:52:59.690,1,-3.729095,1.530431,-1.872816,training_point
09:52:59.690,2,-2.666407,1.399251,-2.094642,training_point
09:52:59.790,1,-3.727679,1.53185,-1.872855,training_point
09:52:59.790,2,-2.666398,1.399244,-2.094705,training_point
09:52:59.890,1,-3.725382,1.532672,-1.873294,training_point
09:52:59.890,2,-2.665681,1.399233,-2.094956,training_point
09:52:59.990,1,-3.724468,1.532727,-1.871808,training_point
09:52:59.990,2,-2.665266,1.399321,-2.095244,training_point
09:53:00.090,1,-3.722551,1.531547,-1.870001,training_point
09:53:00.090,2,-2.665676,1.39933,-2.095986,training_point
09:53:00.190,1,-3.720675,1.531718,-1.872184,training_point
09:53:00.190,2,-2.665631,1.399214,-2.096053,training_point
09:53:00.290,1,-3.719754,1.532885,-1.872249,training_point
09:53:00.290,2,-2.665629,1.399572,-2.096364,training_point
09:53:00.390,1,-3.718791,1.532141,-1.872334,training_point
09:53:00.391,2,-2.66617,1.399685,-2.096539,training_point
09:53:00.490,1,-3.715895,1.532222,-1.86872,training_point
09:53:00.490,2,-2.666505,1.39957,-2.096538,training_point
09:53:00.590,1,-3.713862,1.531352,-1.86857,training_point
09:53:00.590,2,-2.666671,1.39947,-2.096667,training_point
09:53:00.690,1,-3.710962,1.530688,-1.87154,training_point
09:53:00.690,2,-2.666839,1.399453,-2.096514,training_point
09:53:00.807,1,-3.709656,1.531842,-1.870822,training_point
09:53:00.807,2,-2.667144,1.399321,-2.09639,training_point
09:53:00.906,1,-3.706555,1.531593,-1.873985,training_point
09:53:00.907,2,-2.66646,1.399526,-2.096131,training_point
09:53:01.006,1,-3.706028,1.531255,-1.874152,training_point
09:53:01.007,2,-2.666956,1.399617,-2.095978,training_point
09:53:01.106,1,-3.705466,1.53091,-1.875,training_point
09:53:01.106,2,-2.667039,1.399631,-2.096247,training_point
09:53:01.207,1,-3.70419,1.531427,-1.876156,training_point
09:53:01.207,2,-2.667018,1.399473,-2.095785,training_point
09:53:01.306,1,-3.703226,1.531698,-1.876336,training_point
09:53:01.306,2,-2.666422,1.399286,-2.095448,training_point
09:53:01.424,1,-3.703421,1.531957,-1.875416,training_point
09:53:01.424,2,-2.666872,1.399517,-2.094598,training_point
09:53:01.540,1,-3.704077,1.530959,-1.875387,training_point
09:53:01.541,2,-2.666827,1.399616,-2.09464,training_point
09:53:01.640,1,-3.705081,1.531085,-1.875138,training_point
09:53:01.640,2,-2.666695,1.399217,-2.094631,training_point
09:53:01.723,1,-3.706834,1.530268,-1.874838,training_point
09:53:01.723,2,-2.6667,1.399016,-2.094589,training_point
09:53:01.823,1,-3.70723,1.527694,-1.875045,training_point
09:53:01.824,2,-2.666665,1.398973,-2.094109,training_point
09:53:01.923,1,-3.707569,1.529171,-1.874481,training_point
09:53:01.923,2,-2.666505,1.398865,-2.094064,training_point
09:53:02.024,1,-3.709029,1.52951,-1.874745,training_point
09:53:02.024,2,-2.665274,1.398993,-2.094021,training_point
09:53:02.124,1,-3.709464,1.529328,-1.874625,training_point
09:53:02.124,2,-2.665231,1.399379,-2.093929,training_point
09:53:02.223,1,-3.710841,1.528454,-1.8752,training_point
09:53:02.223,2,-2.665177,1.399347,-2.094215,training_point
09:53:02.323,1,-3.710648,1.526804,-1.875212,training_point
09:53:02.323,2,-2.66521,1.399267,-2.094071,training_point
09:53:02.441,1,-3.709837,1.527247,-1.875717,training_point
09:53:02.441,2,-2.665337,1.399331,-2.094241,training_point
09:53:02.540,1,-3.709955,1.526974,-1.876001,training_point
09:53:02.540,2,-2.665362,1.398952,-2.094237,training_point
09:53:02.642,1,-3.708855,1.52767,-1.877285,training_point
09:53:02.642,2,-2.665592,1.39907,-2.09479,training_point
09:53:02.757,1,-3.709162,1.527168,-1.877672,training_point
09:53:02.758,2,-2.665722,1.399055,-2.09526,training_point
09:53:02.859,1,-3.7086,1.527464,-1.878608,training_point
09:53:02.860,2,-2.665974,1.39904,-2.095469,training_point
09:53:02.956,1,-3.708348,1.528283,-1.878879,training_point
09:53:02.956,2,-2.666094,1.399065,-2.0956,training_point
09:53:03.058,1,-3.708435,1.527529,-1.878402,training_point
09:53:03.058,2,-2.666285,1.399221,-2.095419,training_point
09:53:03.158,1,-3.710541,1.528992,-1.879839,training_point
09:53:03.159,2,-2.666485,1.3994,-2.095544,training_point
09:53:03.273,1,-3.708895,1.529496,-1.881141,training_point
09:53:03.273,2,-2.666948,1.399215,-2.096002,training_point
09:53:03.391,1,-3.709015,1.527067,-1.882509,training_point
09:53:03.391,2,-2.66729,1.399344,-2.096635,training_point
09:53:03.490,1,-3.709309,1.527264,-1.883403,training_point
09:53:03.490,2,-2.666946,1.399351,-2.096915,training_point
09:53:03.590,1,-3.71149,1.526305,-1.884462,training_point
09:53:03.591,2,-2.667202,1.399361,-2.096889,training_point
09:53:03.690,1,-3.712116,1.528932,-1.884601,training_point
09:53:03.690,2,-2.667422,1.39948,-2.097241,training_point
09:53:03.790,1,-3.714479,1.529328,-1.88581,training_point
09:53:03.790,2,-2.667396,1.399445,-2.09727,training_point
09:53:03.890,1,-3.715461,1.528427,-1.885384,training_point
09:53:03.890,2,-2.667342,1.399425,-2.097171,training_point
09:53:03.990,1,-3.718472,1.528126,-1.886702,training_point
09:53:03.990,2,-2.667228,1.399503,-2.097226,training_point
09:53:04.090,1,-3.718749,1.527034,-1.886589,training_point
09:53:04.090,2,-2.667357,1.399645,-2.097394,training_point
09:53:04.190,1,-3.720601,1.526884,-1.887701,training_point
09:53:04.190,2,-2.667679,1.39957,-2.097531,training_point
09:53:04.290,1,-3.721031,1.526854,-1.887824,training_point
09:53:04.291,2,-2.667802,1.399669,-2.097402,training_point
09:53:04.390,1,-3.722665,1.525691,-1.889114,training_point
09:53:04.390,2,-2.667822,1.399704,-2.097488,training_point
09:53:04.490,1,-3.723704,1.527031,-1.88933,training_point
09:53:04.490,2,-2.667772,1.399981,-2.097294,training_point
09:53:04.592,1,-3.724703,1.527309,-1.89065,training_point
09:53:04.592,2,-2.667668,1.400142,-2.097237,training_point
09:53:04.690,1,-3.724889,1.526454,-1.890425,training_point
09:53:04.690,2,-2.667893,1.400082,-2.097225,training_point
09:53:04.790,1,-3.725982,1.524421,-1.890999,training_point
09:53:04.791,2,-2.666081,1.400178,-2.096808,training_point
09:53:04.890,1,-3.726459,1.525137,-1.890657,training_point
09:53:04.890,2,-2.666572,1.399998,-2.096774,training_point
09:53:04.990,1,-3.72838,1.524543,-1.891309,training_point
09:53:04.990,2,-2.667129,1.399929,-2.096751,training_point
09:53:05.090,1,-3.728122,1.525368,-1.89202,training_point
09:53:05.090,2,-2.666726,1.39973,-2.097372,training_point
09:53:05.191,1,-3.727608,1.524956,-1.892763,training_point
09:53:05.191,2,-2.666903,1.399957,-2.097485,training_point
09:53:05.290,1,-3.726141,1.524772,-1.893397,training_point
09:53:05.290,2,-2.666863,1.399819,-2.097642,training_point
09:53:05.390,1,-3.726028,1.524565,-1.893498,training_point
09:53:05.390,2,-2.666933,1.399764,-2.097672,training_point
09:53:05.490,1,-3.726174,1.524517,-1.89372,training_point
09:53:05.490,2,-2.666943,1.399819,-2.097788,training_point
09:53:05.590,1,-3.726804,1.524784,-1.894039,training_point
09:53:05.590,2,-2.666682,1.39994,-2.097714,training_point
09:53:05.690,1,-3.723369,1.525389,-1.893612,training_point
09:53:05.690,2,-2.666497,1.399994,-2.097875,training_point
09:53:05.806,1,-3.72134,1.526034,-1.893566,training_point
09:53:05.806,2,-2.666463,1.399751,-2.097806,training_point
09:53:05.906,1,-3.720124,1.525798,-1.89397,training_point
09:53:05.907,2,-2.666629,1.399641,-2.097272,training_point
09:53:06.007,1,-3.719966,1.52456,-1.894132,training_point
09:53:06.007,2,-2.666038,1.399708,-2.09698,training_point
09:53:06.106,1,-3.719561,1.525363,-1.894173,training_point
09:53:06.106,2,-2.6662,1.399833,-2.09654,training_point
09:53:06.189,1,-3.718954,1.525278,-1.894055,training_point
09:53:06.190,2,-2.666244,1.400244,-2.096586,training_point
09:53:06.273,1,-3.718218,1.525575,-1.893783,training_point
09:53:06.273,2,-2.666279,1.400327,-2.096561,training_point
09:53:06.374,1,-3.716504,1.524522,-1.89337,training_point
09:53:06.374,2,-2.666366,1.400399,-2.096978,training_point
09:53:06.473,1,-3.715138,1.524351,-1.892211,training_point
09:53:06.473,2,-2.665688,1.400032,-2.09647,training_point
09:53:06.575,1,-3.714195,1.525245,-1.891933,training_point
09:53:06.575,2,-2.666036,1.399626,-2.096248,training_point
09:53:06.673,1,-3.712823,1.52533,-1.891742,training_point
09:53:06.673,2,-2.666001,1.399731,-2.096155,training_point
09:53:06.756,1,-3.712661,1.525837,-1.891549,training_point
09:53:06.756,2,-2.665934,1.399778,-2.096078,training_point
09:53:06.839,1,-3.712465,1.526006,-1.891411,training_point
09:53:06.840,2,-2.666012,1.399774,-2.096138,training_point
09:53:06.923,1,-3.712849,1.525137,-1.891801,training_point
09:53:06.923,2,-2.665861,1.400316,-2.096459,training_point
09:53:07.006,1,-3.711995,1.526072,-1.891128,training_point
09:53:07.006,2,-2.666545,1.400445,-2.096336,training_point
09:53:07.090,1,-3.711467,1.525677,-1.890715,training_point
09:53:07.090,2,-2.666833,1.400253,-2.09682,training_point
09:53:07.173,1,-3.711278,1.524958,-1.89068,training_point
09:53:07.173,2,-2.667138,1.400366,-2.096923,training_point
09:53:07.256,1,-3.710637,1.524482,-1.890575,training_point
09:53:07.256,2,-2.667637,1.40046,-2.096507,training_point
09:53:07.340,1,-3.710046,1.524561,-1.889784,training_point
09:53:07.340,2,-2.66742,1.400518,-2.096425,training_point
09:53:07.446,1,-3.709547,1.524902,-1.889191,training_point
09:53:07.447,2,-2.667059,1.40032,-2.096185,training_point
09:53:07.556,1,-3.709001,1.522772,-1.888246,training_point
09:53:07.557,2,-2.666581,1.400324,-2.096372,training_point
09:53:07.657,1,-3.707987,1.523207,-1.886936,training_point
09:53:07.658,2,-2.66682,1.400235,-2.096515,training_point
09:53:07.756,1,-3.707372,1.52406,-1.885522,training_point
09:53:07.756,2,-2.666557,1.400195,-2.096666,training_point
09:53:07.859,1,-3.707605,1.524443,-1.88373,training_point
09:53:07.859,2,-2.666356,1.400323,-2.096624,training_point
09:53:07.956,1,-3.706395,1.525573,-1.882692,training_point
09:53:07.956,2,-2.667075,1.400579,-2.096797,training_point
09:53:08.056,1,-3.706926,1.525341,-1.881158,training_point
09:53:08.056,2,-2.666564,1.400472,-2.096742,training_point
09:53:08.158,1,-3.705875,1.52545,-1.880017,training_point
09:53:08.158,2,-2.666995,1.400445,-2.096789,training_point
09:53:08.256,1,-3.705636,1.524813,-1.879735,training_point
09:53:08.256,2,-2.667433,1.400354,-2.096798,training_point
09:53:08.373,1,-3.704754,1.525174,-1.878364,training_point
09:53:08.373,2,-2.667494,1.400445,-2.096658,training_point
09:53:08.474,1,-3.704494,1.524962,-1.878377,training_point
09:53:08.474,2,-2.6666,1.400381,-2.096456,training_point
09:53:08.573,1,-3.704442,1.52428,-1.877207,training_point
09:53:08.573,2,-2.666353,1.400649,-2.095846,training_point
09:53:08.656,1,-3.705082,1.52554,-1.8765,training_point
09:53:08.656,2,-2.666371,1.400433,-2.09592,training_point
09:53:08.740,1,-3.707164,1.527165,-1.876173,training_point
09:53:08.740,2,-2.66639,1.400436,-2.095939,training_point
09:53:08.824,1,-3.707388,1.528016,-1.874841,training_point
09:53:08.824,2,-2.666369,1.40032,-2.09588,training_point
09:53:08.925,1,-3.707229,1.528088,-1.874582,training_point
09:53:08.925,2,-2.666398,1.400261,-2.095603,training_point
09:53:09.024,1,-3.706323,1.52755,-1.874735,training_point
09:53:09.024,2,-2.665133,1.400383,-2.095035,training_point
09:53:09.106,1,-3.70678,1.527575,-1.874058,training_point
09:53:09.106,2,-2.663894,1.400317,-2.094695,training_point
09:53:09.191,1,-3.706697,1.527351,-1.875413,training_point
09:53:09.192,2,-2.664013,1.400163,-2.094708,training_point
09:53:09.273,1,-3.706588,1.526224,-1.87554,training_point
09:53:09.273,2,-2.664694,1.399967,-2.094483,training_point
09:53:09.424,1,-3.708916,1.526988,-1.877508,training_point
09:53:09.424,2,-2.66531,1.399769,-2.093267,training_point
09:53:09.523,1,-3.708189,1.526498,-1.879036,training_point
09:53:09.523,2,-2.665681,1.399936,-2.093266,training_point
09:53:09.606,1,-3.708652,1.527419,-1.879963,training_point
09:53:09.606,2,-2.665491,1.400556,-2.093105,training_point
09:53:09.692,1,-3.708335,1.526681,-1.879673,training_point
09:53:09.692,2,-2.665418,1.400587,-2.093036,training_point
09:53:09.790,1,-3.709375,1.526631,-1.879284,training_point
09:53:09.790,2,-2.66611,1.400372,-2.092946,training_point
09:53:09.873,1,-3.708804,1.527378,-1.879669,training_point
09:53:09.873,2,-2.666745,1.400268,-2.093164,training_point
09:53:09.956,1,-3.708881,1.527267,-1.879697,training_point
09:53:09.956,2,-2.667279,1.40041,-2.093117,training_point
09:53:10.090,1,-3.708377,1.527721,-1.880775,training_point
09:53:10.090,2,-2.667731,1.399995,-2.09248,training_point
09:53:10.173,1,-3.705871,1.527244,-1.880818,training_point
09:53:10.173,2,-2.668443,1.399726,-2.092353,training_point
09:53:10.256,1,-3.704484,1.527147,-1.880819,training_point
09:53:10.256,2,-2.669242,1.400002,-2.092017,training_point
09:53:10.340,1,-3.704932,1.526842,-1.88079,training_point
09:53:10.340,2,-2.66985,1.400003,-2.091737,training_point
09:53:10.424,1,-3.704699,1.526793,-1.880103,training_point
09:53:10.425,2,-2.670845,1.400036,-2.090832,training_point
09:53:10.524,1,-3.704056,1.525993,-1.87896,training_point
09:53:10.524,2,-2.672879,1.400033,-2.090064,training_point
09:53:10.606,1,-3.703974,1.524884,-1.87742,training_point
09:53:10.606,2,-2.674667,1.40008,-2.089291,training_point
09:53:10.757,1,-3.702523,1.52407,-1.87402,training_point
09:53:10.757,2,-2.675471,1.399865,-2.089668,training_point
09:53:10.840,1,-3.699438,1.523621,-1.871515,training_point
09:53:10.840,2,-2.675894,1.399688,-2.090566,training_point
09:53:10.924,1,-3.699612,1.523965,-1.87004,training_point
09:53:10.924,2,-2.672684,1.399986,-2.090876,training_point
09:53:11.024,1,-3.700088,1.523998,-1.868157,training_point
09:53:11.026,2,-2.671838,1.400232,-2.091334,training_point
09:53:11.106,1,-3.699291,1.524661,-1.864001,training_point
09:53:11.106,2,-2.670373,1.400315,-2.090145,training_point
09:53:11.190,1,-3.700134,1.524662,-1.861363,training_point
09:53:11.190,2,-2.668686,1.400281,-2.089228,training_point
09:53:11.273,1,-3.701094,1.52451,-1.858565,training_point
09:53:11.273,2,-2.665787,1.400397,-2.087647,training_point
09:53:11.356,1,-3.699583,1.52457,-1.859603,training_point
09:53:11.357,2,-2.664067,1.400094,-2.086472,training_point
09:53:11.456,1,-3.700262,1.523853,-1.858142,training_point
09:53:11.456,2,-2.66161,1.400301,-2.086185,training_point
09:53:11.540,1,-3.699086,1.522486,-1.857826,training_point
09:53:11.540,2,-2.659663,1.400583,-2.086721,training_point
09:53:11.642,1,-3.698986,1.52119,-1.856371,training_point
09:53:11.642,2,-2.658589,1.400257,-2.086735,training_point
09:53:11.741,1,-3.699023,1.521565,-1.855999,training_point
09:53:11.741,2,-2.657465,1.400285,-2.087841,training_point
09:53:11.840,1,-3.698878,1.521192,-1.855717,training_point
09:53:11.840,2,-2.656987,1.4001,-2.08788,training_point
09:53:11.923,1,-3.698729,1.520046,-1.856407,training_point
09:53:11.923,2,-2.656136,1.400613,-2.087249,training_point
09:53:12.006,1,-3.698897,1.520056,-1.856014,training_point
09:53:12.006,2,-2.655762,1.400204,-2.08705,training_point
09:53:12.090,1,-3.699597,1.51811,-1.858322,training_point
09:53:12.090,2,-2.655141,1.400153,-2.086308,training_point
09:53:12.173,1,-3.697889,1.519438,-1.859489,training_point
09:53:12.173,2,-2.655177,1.400328,-2.086213,training_point
09:53:12.256,1,-3.693992,1.522004,-1.854007,training_point
09:53:12.256,2,-2.655598,1.399935,-2.086001,training_point
09:53:12.406,1,-3.693881,1.522572,-1.848848,training_point
09:53:12.407,2,-2.655706,1.400125,-2.085012,training_point
09:53:12.490,1,-3.696998,1.522004,-1.847785,training_point
09:53:12.490,2,-2.656171,1.400449,-2.084342,training_point
09:53:12.623,1,-3.697053,1.522961,-1.846458,training_point
09:53:12.623,2,-2.656102,1.400591,-2.084034,training_point
09:53:12.724,1,-3.687249,1.522176,-1.840437,training_point
09:53:12.724,2,-2.656393,1.401489,-2.083794,training_point
09:53:12.823,1,-3.683058,1.5208,-1.839136,training_point
09:53:12.823,2,-2.656899,1.401944,-2.083541,training_point
09:53:12.907,1,-3.683337,1.52052,-1.839137,training_point
09:53:12.907,2,-2.65721,1.402353,-2.083474,training_point
09:53:12.990,1,-3.680787,1.521761,-1.839532,training_point
09:53:12.990,2,-2.657463,1.402893,-2.083579,training_point
09:53:13.090,1,-3.678311,1.523913,-1.84034,training_point
09:53:13.091,2,-2.658282,1.402983,-2.083279,training_point
09:53:13.190,1,-3.674173,1.524367,-1.842737,training_point
09:53:13.191,2,-2.658866,1.403763,-2.083748,training_point
09:53:13.308,1,-3.67255,1.52436,-1.84591,training_point
09:53:13.309,2,-2.659009,1.403948,-2.083914,training_point
09:53:13.407,1,-3.672039,1.52472,-1.849897,training_point
09:53:13.407,2,-2.659671,1.403829,-2.083658,training_point
09:53:13.506,1,-3.671709,1.524444,-1.852098,training_point
09:53:13.507,2,-2.660109,1.403076,-2.083512,training_point
09:53:13.606,1,-3.671123,1.524538,-1.854596,training_point
09:53:13.607,2,-2.660078,1.402678,-2.083489,training_point
09:53:13.690,1,-3.67055,1.524368,-1.855611,training_point
09:53:13.690,2,-2.660519,1.402423,-2.08385,training_point
09:53:13.773,1,-3.669118,1.525001,-1.857758,training_point
09:53:13.773,2,-2.660691,1.401896,-2.083943,training_point
09:53:13.857,1,-3.668305,1.526003,-1.858346,training_point
09:53:13.857,2,-2.661484,1.400686,-2.085033,training_point
09:53:13.957,1,-3.668114,1.526386,-1.859903,training_point
09:53:13.958,2,-2.661943,1.399908,-2.086355,training_point
09:53:14.056,1,-3.667453,1.526072,-1.861993,training_point
09:53:14.057,2,-2.66226,1.399594,-2.086785,training_point
09:53:14.157,1,-3.665727,1.525067,-1.862191,training_point
09:53:14.158,2,-2.662455,1.39893,-2.087623,training_point
09:53:14.256,1,-3.665923,1.525476,-1.863334,training_point
09:53:14.257,2,-2.662532,1.397157,-2.08822,training_point
09:53:14.340,1,-3.666118,1.519678,-1.864402,training_point
09:53:14.340,2,-2.662489,1.396684,-2.088727,training_point
09:53:14.423,1,-3.665656,1.515879,-1.864356,training_point
09:53:14.423,2,-2.662545,1.396309,-2.089088,training_point
09:53:14.507,1,-3.666209,1.515735,-1.86478,training_point
09:53:14.507,2,-2.662675,1.395892,-2.090061,training_point
09:53:14.590,1,-3.666811,1.518997,-1.864554,training_point
09:53:14.590,2,-2.662414,1.394394,-2.090477,training_point
09:53:14.673,1,-3.666248,1.519953,-1.863884,training_point
09:53:14.673,2,-2.662093,1.394026,-2.091547,training_point
09:53:14.756,1,-3.666182,1.523326,-1.863278,training_point
09:53:14.757,2,-2.662027,1.39375,-2.09196,training_point
09:53:14.840,1,-3.667953,1.523676,-1.862967,training_point
09:53:14.840,2,-2.661857,1.393517,-2.09198,training_point
09:53:14.942,1,-3.667996,1.523595,-1.863293,training_point
09:53:14.942,2,-2.661905,1.392952,-2.092426,training_point
09:53:15.040,1,-3.668631,1.521066,-1.863312,training_point
09:53:15.040,2,-2.662062,1.392669,-2.093742,training_point
09:53:15.140,1,-3.66847,1.518512,-1.86411,training_point
09:53:15.140,2,-2.661991,1.392546,-2.093821,training_point
09:53:15.257,1,-3.668428,1.515462,-1.863904,training_point
09:53:15.257,2,-2.662035,1.391651,-2.094982,training_point
09:53:15.374,1,-3.667764,1.521439,-1.864127,training_point
09:53:15.374,2,-2.661761,1.391064,-2.095325,training_point
09:53:15.492,1,-3.66834,1.524977,-1.865115,training_point
09:53:15.492,2,-2.662117,1.389987,-2.096503,training_point
09:53:15.591,1,-3.669324,1.528166,-1.865693,training_point
09:53:15.591,2,-2.662002,1.38989,-2.097258,training_point
09:53:15.690,1,-3.669791,1.530135,-1.866785,training_point
09:53:15.690,2,-2.662185,1.389579,-2.097818,training_point
09:53:15.773,1,-3.670284,1.531205,-1.866571,training_point
09:53:15.773,2,-2.662482,1.389824,-2.098801,training_point
09:53:15.873,1,-3.670568,1.53213,-1.865831,training_point
09:53:15.873,2,-2.662427,1.389793,-2.098834,training_point
09:53:15.974,1,-3.670558,1.531716,-1.865325,training_point
09:53:15.974,2,-2.662546,1.389646,-2.100019,training_point
09:53:16.090,1,-3.671066,1.529559,-1.86464,training_point
09:53:16.090,2,-2.662029,1.389764,-2.099582,training_point
09:53:16.190,1,-3.670346,1.530412,-1.862989,training_point
09:53:16.190,2,-2.661853,1.389569,-2.099633,training_point
09:53:16.290,1,-3.670846,1.532921,-1.859525,training_point
09:53:16.291,2,-2.661764,1.389773,-2.099891,training_point
09:53:16.407,1,-3.670168,1.532077,-1.859591,training_point
09:53:16.408,2,-2.660968,1.389974,-2.09936,training_point
09:53:16.506,1,-3.66978,1.53216,-1.859729,training_point
09:53:16.507,2,-2.658047,1.389942,-2.099904,training_point
09:53:16.606,1,-3.666715,1.532117,-1.857905,training_point
09:53:16.607,2,-2.653291,1.390151,-2.101717,training_point
09:53:16.690,1,-3.667858,1.531637,-1.858709,training_point
09:53:16.690,2,-2.647126,1.390015,-2.104359,training_point
09:53:16.773,1,-3.66834,1.531197,-1.858003,training_point
09:53:16.773,2,-2.633217,1.390124,-2.113009,training_point
09:53:16.857,1,-3.675333,1.531318,-1.868649,training_point
09:53:16.857,2,-2.621672,1.390204,-2.11944,training_point
09:53:16.957,1,-3.674525,1.530908,-1.868172,training_point
09:53:16.958,2,-2.602718,1.390438,-2.135451,training_point
09:53:17.058,1,-3.700524,1.533194,-1.868379,training_point
09:53:17.058,2,-2.574799,1.390491,-2.153014,training_point
09:53:17.157,1,-3.706017,1.531998,-1.871274,training_point
09:53:17.157,2,-2.555943,1.390359,-2.170111,training_point
09:53:17.257,1,-3.69478,1.531509,-1.884284,training_point
09:53:17.258,2,-2.522163,1.390363,-2.200303,training_point
09:53:17.357,1,-3.691364,1.530831,-1.88543,training_point
09:53:17.358,2,-2.500628,1.390514,-2.218594,training_point
09:53:17.457,1,-3.689126,1.533063,-1.887788,training_point
09:53:17.457,2,-2.474268,1.390528,-2.241642,training_point
09:53:17.540,1,-3.687446,1.531848,-1.890142,training_point
09:53:17.540,2,-2.445803,1.39056,-2.258699,training_point
09:53:17.625,1,-3.686221,1.532763,-1.893905,training_point
09:53:17.626,2,-2.426811,1.390607,-2.271379,training_point
09:53:17.724,1,-3.685016,1.533086,-1.89924,training_point
09:53:17.724,2,-2.406993,1.390907,-2.286911,training_point
09:53:17.806,1,-3.682474,1.532663,-1.904915,training_point
09:53:17.807,2,-2.390286,1.391158,-2.301877,training_point
09:53:17.890,1,-3.681444,1.530877,-1.906359,training_point
09:53:17.890,2,-2.380298,1.391485,-2.311896,training_point
09:53:17.992,1,-3.679574,1.531909,-1.910337,training_point
09:53:17.993,2,-2.365324,1.391688,-2.323401,training_point
09:53:18.091,1,-3.673513,1.530638,-1.914806,training_point
09:53:18.091,2,-2.348515,1.391307,-2.332796,training_point
09:53:18.173,1,-3.66957,1.530334,-1.916279,training_point
09:53:18.173,2,-2.335093,1.391386,-2.340063,training_point
09:53:18.258,1,-3.664743,1.530564,-1.918308,training_point
09:53:18.259,2,-2.332046,1.391448,-2.341624,training_point
09:53:18.359,1,-3.659841,1.529501,-1.920135,training_point
09:53:18.359,2,-2.327401,1.3919,-2.342487,training_point
09:53:18.440,1,-3.653381,1.529557,-1.922619,training_point
09:53:18.440,2,-2.323174,1.391618,-2.343298,training_point
09:53:18.541,1,-3.649076,1.528909,-1.925091,training_point
09:53:18.541,2,-2.320351,1.391714,-2.343045,training_point
09:53:18.623,1,-3.645282,1.529876,-1.92879,training_point
09:53:18.623,2,-2.321352,1.391897,-2.343487,training_point
09:53:18.706,1,-3.642052,1.529677,-1.933348,training_point
09:53:18.707,2,-2.321167,1.391841,-2.343911,training_point
09:53:18.790,1,-3.641044,1.52952,-1.93417,training_point
09:53:18.790,2,-2.321292,1.391879,-2.344426,training_point
09:53:18.891,1,-3.637054,1.529374,-1.937706,training_point
09:53:18.891,2,-2.321198,1.391615,-2.345836,training_point
09:53:18.991,1,-3.632901,1.52961,-1.939282,training_point
09:53:18.991,2,-2.321084,1.392161,-2.348783,training_point
09:53:19.073,1,-3.627604,1.530982,-1.942016,training_point
09:53:19.073,2,-2.321146,1.392352,-2.351001,training_point
09:53:19.159,1,-3.626273,1.534031,-1.943319,training_point
09:53:19.159,2,-2.319755,1.392815,-2.352594,training_point
09:53:19.257,1,-3.624621,1.534732,-1.946258,training_point
09:53:19.258,2,-2.317948,1.393746,-2.353754,training_point
09:53:19.357,1,-3.624793,1.53694,-1.950528,training_point
09:53:19.358,2,-2.317239,1.395875,-2.353746,training_point
09:53:19.457,1,-3.625112,1.538057,-1.954291,training_point
09:53:19.457,2,-2.316186,1.39574,-2.353961,training_point
09:53:19.559,1,-3.622548,1.536123,-1.957226,training_point
09:53:19.559,2,-2.315223,1.395241,-2.352911,training_point
09:53:19.640,1,-3.620541,1.532184,-1.962847,training_point
09:53:19.640,2,-2.314582,1.396621,-2.352379,training_point
09:53:19.723,1,-3.61892,1.52947,-1.966161,training_point
09:53:19.724,2,-2.314042,1.395008,-2.35151,training_point
09:53:19.824,1,-3.612138,1.529468,-1.972596,training_point
09:53:19.824,2,-2.313639,1.395917,-2.349774,training_point
09:53:19.925,1,-3.606724,1.528945,-1.978001,training_point
09:53:19.926,2,-2.313274,1.400758,-2.348084,training_point
09:53:20.024,1,-3.602108,1.528124,-1.983973,training_point
09:53:20.026,2,-2.313105,1.406771,-2.346697,training_point
09:53:20.124,1,-3.597509,1.528251,-1.990054,training_point
09:53:20.124,2,-2.313429,1.412504,-2.345269,training_point
09:53:20.206,1,-3.589513,1.528946,-1.999175,training_point
09:53:20.207,2,-2.313703,1.413803,-2.342868,training_point
09:53:20.290,1,-3.585724,1.530031,-2.001747,training_point
09:53:20.290,2,-2.313909,1.412459,-2.342222,training_point
09:53:20.373,1,-3.580312,1.531001,-2.006413,training_point
09:53:20.373,2,-2.315352,1.411536,-2.340476,training_point
09:53:20.456,1,-3.578193,1.532281,-2.009208,training_point
09:53:20.457,2,-2.317156,1.407547,-2.339477,training_point
09:53:20.557,1,-3.575123,1.531094,-2.011224,training_point
09:53:20.558,2,-2.319762,1.403455,-2.339236,training_point
09:53:20.657,1,-3.572675,1.528217,-2.011637,training_point
09:53:20.657,2,-2.324101,1.405919,-2.340651,training_point
09:53:20.757,1,-3.565921,1.527935,-2.00707,training_point
09:53:20.757,2,-2.326974,1.403325,-2.341645,training_point
09:53:20.840,1,-3.561281,1.527366,-2.006551,training_point
09:53:20.840,2,-2.331054,1.402872,-2.343725,training_point
09:53:20.923,1,-3.558235,1.517612,-2.007611,training_point
09:53:20.923,2,-2.337269,1.401829,-2.347492,training_point
09:53:21.007,1,-3.554505,1.514979,-2.007466,training_point
09:53:21.008,2,-2.343347,1.402147,-2.351793,training_point
09:53:21.109,1,-3.553204,1.511424,-2.007111,training_point
09:53:21.109,2,-2.346621,1.403073,-2.355571,training_point
09:53:21.190,1,-3.554329,1.510467,-2.005857,training_point
09:53:21.190,2,-2.34916,1.404125,-2.359711,training_point
09:53:21.273,1,-3.55359,1.50817,-2.005759,training_point
09:53:21.273,2,-2.350874,1.405484,-2.362877,training_point
09:53:21.357,1,-3.55322,1.5078,-2.005556,training_point
09:53:21.357,2,-2.352753,1.406128,-2.364752,training_point
09:53:21.457,1,-3.553359,1.505952,-2.006213,training_point
09:53:21.457,2,-2.355515,1.406264,-2.367979,training_point
09:53:21.540,1,-3.554157,1.503548,-2.005662,training_point
09:53:21.540,2,-2.358106,1.406196,-2.369644,training_point
09:53:21.624,1,-3.553986,1.502242,-2.003752,training_point
09:53:21.626,2,-2.358893,1.405968,-2.370315,training_point
09:53:21.724,1,-3.553737,1.500381,-2.002969,training_point
09:53:21.724,2,-2.359647,1.405834,-2.371206,training_point
09:53:21.824,1,-3.55355,1.502099,-2.002502,training_point
09:53:21.824,2,-2.359977,1.40504,-2.371605,training_point
09:53:21.906,1,-3.553463,1.503833,-2.002668,training_point
09:53:21.907,2,-2.358828,1.404193,-2.37185,training_point
09:53:21.990,1,-3.552013,1.503466,-2.001593,training_point
09:53:21.990,2,-2.358311,1.403985,-2.37229,training_point
09:53:22.092,1,-3.551172,1.50274,-2.000089,training_point
09:53:22.092,2,-2.357447,1.404062,-2.372679,training_point
09:53:22.173,1,-3.549381,1.501391,-1.997146,training_point
09:53:22.173,2,-2.355889,1.403723,-2.372883,training_point
09:53:22.324,1,-3.547932,1.501225,-1.995545,training_point
09:53:22.325,2,-2.354713,1.403696,-2.373501,training_point
09:53:22.424,1,-3.546627,1.50341,-1.993669,training_point
09:53:22.424,2,-2.352632,1.403639,-2.373265,training_point
09:53:22.524,1,-3.545543,1.504034,-1.992078,training_point
09:53:22.524,2,-2.350884,1.403393,-2.372506,training_point
09:53:22.626,1,-3.544299,1.505808,-1.991004,training_point
09:53:22.626,2,-2.350358,1.403277,-2.372815,training_point
09:53:22.724,1,-3.541139,1.513518,-1.989208,training_point
09:53:22.724,2,-2.350174,1.403261,-2.373321,training_point
09:53:22.807,1,-3.539291,1.514851,-1.987173,training_point
09:53:22.807,2,-2.350913,1.403439,-2.373165,training_point
09:53:22.890,1,-3.537608,1.513158,-1.986078,training_point
09:53:22.891,2,-2.351278,1.403297,-2.373788,training_point
09:53:22.990,1,-3.534892,1.511986,-1.983357,training_point
09:53:22.992,2,-2.350717,1.402812,-2.372628,training_point
09:53:23.091,1,-3.533314,1.508698,-1.978462,training_point
09:53:23.091,2,-2.351419,1.402728,-2.373245,training_point
09:53:23.191,1,-3.532175,1.508551,-1.975448,training_point
09:53:23.191,2,-2.353169,1.402985,-2.374772,training_point
09:53:23.290,1,-3.532325,1.511779,-1.973376,training_point
09:53:23.290,2,-2.354463,1.403134,-2.375754,training_point
09:53:23.391,1,-3.53401,1.518148,-1.970726,training_point
09:53:23.391,2,-2.351326,1.403403,-2.387895,training_point
09:53:23.490,1,-3.534817,1.522377,-1.968047,training_point
09:53:23.490,2,-2.352181,1.404245,-2.387853,training_point
09:53:23.573,1,-3.535585,1.524771,-1.966363,training_point
09:53:23.574,2,-2.352636,1.4054,-2.387619,training_point
09:53:23.673,1,-3.536623,1.526661,-1.963563,training_point
09:53:23.673,2,-2.354074,1.405556,-2.387518,training_point
09:53:23.757,1,-3.5371,1.527026,-1.962537,training_point
09:53:23.757,2,-2.356964,1.404999,-2.387099,training_point
09:53:23.857,1,-3.53866,1.526878,-1.958719,training_point
09:53:23.857,2,-2.359012,1.403033,-2.386478,training_point
09:53:23.959,1,-3.539834,1.523677,-1.95645,training_point
09:53:23.959,2,-2.362887,1.400748,-2.385872,training_point
09:53:24.057,1,-3.543391,1.523121,-1.952984,training_point
09:53:24.057,2,-2.366099,1.398811,-2.38402,training_point
09:53:24.140,1,-3.544479,1.519985,-1.951945,training_point
09:53:24.140,2,-2.367731,1.398166,-2.382175,training_point
09:53:24.224,1,-3.54467,1.519206,-1.951728,training_point
09:53:24.224,2,-2.368532,1.398179,-2.381904,training_point
09:53:24.324,1,-3.544819,1.519038,-1.950748,training_point
09:53:24.324,2,-2.368625,1.399179,-2.381922,training_point
09:53:24.407,1,-3.545299,1.520229,-1.950731,training_point
09:53:24.407,2,-2.368855,1.399576,-2.381277,training_point
09:53:24.490,1,-3.545873,1.521318,-1.951251,training_point
09:53:24.490,2,-2.369002,1.400343,-2.381079,training_point
09:53:24.591,1,-3.547014,1.522663,-1.953944,training_point
09:53:24.591,2,-2.369798,1.400862,-2.380909,training_point
09:53:24.690,1,-3.548287,1.522853,-1.957167,training_point
09:53:24.691,2,-2.369171,1.402129,-2.380931,training_point
09:53:24.790,1,-3.549566,1.523098,-1.95883,training_point
09:53:24.790,2,-2.367852,1.402848,-2.380798,training_point
09:53:24.891,1,-3.550266,1.522654,-1.961679,training_point
09:53:24.891,2,-2.366218,1.404948,-2.380983,training_point
09:53:24.991,1,-3.550663,1.522856,-1.962849,training_point
09:53:24.991,2,-2.364605,1.405189,-2.381598,training_point
09:53:25.092,1,-3.55186,1.52302,-1.964705,training_point
09:53:25.092,2,-2.363415,1.405517,-2.381586,training_point
09:53:25.173,1,-3.551589,1.523134,-1.966528,training_point
09:53:25.173,2,-2.362312,1.405548,-2.381624,training_point
09:53:25.257,1,-3.552461,1.522354,-1.96813,training_point
09:53:25.257,2,-2.361534,1.40563,-2.381258,training_point
09:53:25.357,1,-3.553268,1.523079,-1.969145,training_point
09:53:25.358,2,-2.360627,1.404716,-2.381198,training_point
09:53:25.457,1,-3.553774,1.522733,-1.97322,training_point
09:53:25.458,2,-2.359123,1.403842,-2.380958,training_point
09:53:25.540,1,-3.553256,1.522106,-1.975715,training_point
09:53:25.540,2,-2.356233,1.403005,-2.380068,training_point
09:53:25.624,1,-3.55279,1.521381,-1.976702,training_point
09:53:25.625,2,-2.355621,1.401786,-2.379695,training_point
09:53:25.707,1,-3.552537,1.521418,-1.977954,training_point
09:53:25.707,2,-2.354185,1.400855,-2.378683,training_point
09:53:25.791,1,-3.552035,1.521332,-1.979746,training_point
09:53:25.791,2,-2.354237,1.400893,-2.378682,training_point
09:53:25.891,1,-3.551561,1.521709,-1.980375,training_point
09:53:25.891,2,-2.353447,1.400497,-2.377661,training_point
09:53:25.990,1,-3.550529,1.519622,-1.981092,training_point
09:53:25.990,2,-2.352273,1.400498,-2.377102,training_point
09:53:26.091,1,-3.548962,1.518741,-1.981884,training_point
09:53:26.091,2,-2.352117,1.400661,-2.377177,training_point
09:53:26.191,1,-3.548025,1.518729,-1.982441,training_point
09:53:26.191,2,-2.352125,1.401029,-2.377088,training_point
09:53:26.290,1,-3.547239,1.51897,-1.982161,training_point
09:53:26.291,2,-2.350545,1.437773,-2.376294,training_point
09:53:26.391,1,-3.546997,1.518995,-1.981819,training_point
09:53:26.391,2,-2.350102,1.438294,-2.376068,training_point
09:53:26.490,1,-3.546755,1.518491,-1.980808,training_point
09:53:26.490,2,-2.350519,1.438329,-2.376883,training_point
09:53:26.590,1,-3.547505,1.518554,-1.97916,training_point
09:53:26.591,2,-2.353197,1.438918,-2.37811,training_point
09:53:26.673,1,-3.547654,1.518205,-1.976772,training_point
09:53:26.673,2,-2.355649,1.43903,-2.379114,training_point
09:53:26.757,1,-3.547817,1.517098,-1.976331,training_point
09:53:26.757,2,-2.357317,1.439639,-2.379621,training_point
09:53:26.857,1,-3.548494,1.51563,-1.974366,training_point
09:53:26.858,2,-2.359535,1.440107,-2.379779,training_point
09:53:26.957,1,-3.55004,1.513258,-1.971456,training_point
09:53:26.958,2,-2.361714,1.439828,-2.379451,training_point
09:53:27.040,1,-3.551308,1.515331,-1.969776,training_point
09:53:27.040,2,-2.364017,1.439929,-2.379311,training_point
09:53:27.125,1,-3.552234,1.516297,-1.968837,training_point
09:53:27.125,2,-2.36461,1.440052,-2.379423,training_point
09:53:27.224,1,-3.552758,1.517659,-1.968016,training_point
09:53:27.224,2,-2.365175,1.439991,-2.379376,training_point
09:53:27.307,1,-3.553531,1.518622,-1.967232,training_point
09:53:27.307,2,-2.365378,1.43869,-2.379697,training_point
09:53:27.390,1,-3.553751,1.519891,-1.966836,training_point
09:53:27.390,2,-2.365321,1.437963,-2.379571,training_point
09:53:27.473,1,-3.554593,1.5212,-1.966361,training_point
09:53:27.473,2,-2.365297,1.437216,-2.378995,training_point
09:53:27.557,1,-3.557026,1.522267,-1.967437,training_point
09:53:27.557,2,-2.364954,1.437058,-2.378738,training_point
09:53:27.657,1,-3.557243,1.523388,-1.968164,training_point
09:53:27.658,2,-2.363966,1.437508,-2.378103,training_point
09:53:27.757,1,-3.556895,1.524202,-1.967864,training_point
09:53:27.758,2,-2.362778,1.437291,-2.377998,training_point
09:53:27.857,1,-3.557238,1.524636,-1.968926,training_point
09:53:27.857,2,-2.361869,1.437997,-2.377913,training_point
09:53:27.957,1,-3.556087,1.524474,-1.968185,training_point
09:53:27.957,2,-2.360285,1.437758,-2.376829,training_point
09:53:28.057,1,-3.556435,1.525132,-1.968156,training_point
09:53:28.059,2,-2.359268,1.437856,-2.376052,training_point
09:53:28.140,1,-3.556645,1.525015,-1.967586,training_point
09:53:28.140,2,-2.357016,1.438108,-2.375337,training_point
09:53:28.225,1,-3.55726,1.524775,-1.967432,training_point
09:53:28.226,2,-2.356723,1.438074,-2.375376,training_point
09:53:28.324,1,-3.556764,1.524203,-1.967065,training_point
09:53:28.324,2,-2.355484,1.43823,-2.374306,training_point
09:53:28.424,1,-3.555364,1.524103,-1.965632,training_point
09:53:28.424,2,-2.354802,1.438821,-2.373412,training_point
09:53:28.507,1,-3.554364,1.524192,-1.964054,training_point
09:53:28.507,2,-2.354209,1.438832,-2.373201,training_point
09:53:28.590,1,-3.553334,1.524459,-1.963,training_point
09:53:28.590,2,-2.353576,1.439102,-2.373211,training_point
09:53:28.673,1,-3.553437,1.524659,-1.962892,training_point
09:53:28.673,2,-2.352835,1.439262,-2.373043,training_point
09:53:28.757,1,-3.553707,1.524756,-1.962133,training_point
09:53:28.757,2,-2.352337,1.439534,-2.372986,training_point
09:53:28.840,1,-3.553133,1.525058,-1.96184,training_point
09:53:28.840,2,-2.352151,1.439677,-2.372919,training_point
09:53:28.923,1,-3.552973,1.524367,-1.96196,training_point
09:53:28.923,2,-2.352116,1.439502,-2.373033,training_point
09:53:29.007,1,-3.553123,1.524238,-1.962507,training_point
09:53:29.008,2,-2.352001,1.439369,-2.372627,training_point
09:53:29.107,1,-3.553416,1.523972,-1.96287,training_point
09:53:29.108,2,-2.352201,1.440055,-2.373282,training_point
09:53:29.190,1,-3.5537,1.523909,-1.963337,training_point
09:53:29.190,2,-2.352451,1.440201,-2.373113,training_point
09:53:29.323,1,-3.553567,1.52355,-1.964394,training_point
09:53:29.323,2,-2.351973,1.440742,-2.37257,training_point
09:53:29.407,1,-3.553474,1.523616,-1.965683,training_point
09:53:29.407,2,-2.351122,1.441765,-2.371654,training_point
09:53:29.490,1,-3.552337,1.523893,-1.967058,training_point
09:53:29.490,2,-2.351139,1.443759,-2.371664,training_point
09:53:29.574,1,-3.552251,1.524014,-1.967988,training_point
09:53:29.574,2,-2.351285,1.444153,-2.372579,training_point
09:53:29.673,1,-3.551582,1.524828,-1.969165,training_point
09:53:29.674,2,-2.351414,1.444628,-2.373055,training_point
09:53:29.757,1,-3.551592,1.525824,-1.969636,training_point
09:53:29.757,2,-2.351495,1.445732,-2.373076,training_point
09:53:29.842,1,-3.551677,1.525986,-1.97034,training_point
09:53:29.842,2,-2.352059,1.446504,-2.373499,training_point
09:53:29.941,1,-3.551092,1.526913,-1.970887,training_point
09:53:29.941,2,-2.352266,1.446685,-2.37432,training_point
09:53:30.024,1,-3.551351,1.527306,-1.970998,training_point
09:53:30.024,2,-2.352794,1.447416,-2.375628,training_point
09:53:30.107,1,-3.551333,1.527497,-1.971236,training_point
09:53:30.107,2,-2.35337,1.447724,-2.37604,training_point
09:53:30.207,1,-3.551141,1.527169,-1.971252,training_point
09:53:30.208,2,-2.35373,1.448154,-2.376593,training_point
09:53:30.307,1,-3.551064,1.526498,-1.971547,training_point
09:53:30.308,2,-2.354281,1.448206,-2.377511,training_point
09:53:30.390,1,-3.550558,1.526018,-1.972113,training_point
09:53:30.390,2,-2.354943,1.448265,-2.378381,training_point
09:53:30.473,1,-3.550354,1.525908,-1.971904,training_point
09:53:30.473,2,-2.355947,1.448302,-2.379161,training_point
09:53:30.559,1,-3.550246,1.525161,-1.971786,training_point
09:53:30.559,2,-2.356191,1.448076,-2.379403,training_point
09:53:30.640,1,-3.549802,1.524928,-1.971493,training_point
09:53:30.640,2,-2.356186,1.448009,-2.379798,training_point
09:53:30.724,1,-3.549718,1.525152,-1.971492,training_point
09:53:30.725,2,-2.356838,1.447892,-2.380579,training_point
09:53:30.824,1,-3.549625,1.52503,-1.97124,training_point
09:53:30.825,2,-2.357139,1.44791,-2.380816,training_point
09:53:30.907,1,-3.549185,1.52468,-1.971377,training_point
09:53:30.907,2,-2.357197,1.447649,-2.381723,training_point
09:53:30.990,1,-3.549173,1.524445,-1.971022,training_point
09:53:30.990,2,-2.356101,1.447323,-2.38209,training_point
09:53:31.074,1,-3.548996,1.52445,-1.971247,training_point
09:53:31.074,2,-2.3557,1.44718,-2.382188,training_point
09:53:31.174,1,-3.548771,1.524487,-1.970611,training_point
09:53:31.174,2,-2.354379,1.44689,-2.382038,training_point
09:53:31.275,1,-3.547786,1.524376,-1.97057,training_point
09:53:31.276,2,-2.353869,1.446673,-2.382755,training_point
09:53:31.357,1,-3.54735,1.524458,-1.970246,training_point
09:53:31.357,2,-2.352299,1.44694,-2.382446,training_point
09:53:31.441,1,-3.54658,1.524775,-1.969302,training_point
09:53:31.441,2,-2.351726,1.446382,-2.382609,training_point
09:53:31.524,1,-3.545625,1.524454,-1.969422,training_point
09:53:31.524,2,-2.351113,1.446426,-2.382857,training_point
09:53:31.626,1,-3.544941,1.524626,-1.968814,training_point
09:53:31.626,2,-2.350046,1.446486,-2.382774,training_point
09:53:31.707,1,-3.544734,1.524665,-1.968386,training_point
09:53:31.707,2,-2.348772,1.446309,-2.382662,training_point
09:53:31.791,1,-3.544665,1.523891,-1.968094,training_point
09:53:31.791,2,-2.348104,1.446303,-2.382253,training_point
09:53:31.873,1,-3.544404,1.524018,-1.967029,training_point
09:53:31.873,2,-2.348171,1.446108,-2.382024,training_point
09:53:32.023,1,-3.543518,1.524635,-1.966298,training_point
09:53:32.024,2,-2.34771,1.445987,-2.381126,training_point
09:53:32.124,1,-3.54356,1.525167,-1.9657,training_point
09:53:32.124,2,-2.347763,1.446224,-2.380613,training_point
09:53:32.207,1,-3.543303,1.525761,-1.965076,training_point
09:53:32.207,2,-2.348555,1.44658,-2.380041,training_point
09:53:32.290,1,-3.542821,1.525109,-1.964795,training_point
09:53:32.290,2,-2.351045,1.44672,-2.379724,training_point
09:53:32.441,1,-3.542118,1.52504,-1.963067,training_point
09:53:32.441,2,-2.353796,1.446756,-2.378244,training_point
09:53:32.542,1,-3.541654,1.524739,-1.962467,training_point
09:53:32.542,2,-2.354402,1.446835,-2.377993,training_point
09:53:32.623,1,-3.54115,1.524499,-1.962249,training_point
09:53:32.624,2,-2.355169,1.446776,-2.377606,training_point
09:53:32.707,1,-3.540565,1.524472,-1.961938,training_point
09:53:32.707,2,-2.357096,1.446556,-2.378863,training_point
09:53:32.790,1,-3.540423,1.524201,-1.961411,training_point
09:53:32.790,2,-2.358658,1.446574,-2.379524,training_point
09:53:32.874,1,-3.539702,1.524581,-1.961356,training_point
09:53:32.876,2,-2.359683,1.446846,-2.380588,training_point
09:53:32.957,1,-3.53918,1.524445,-1.961162,training_point
09:53:32.957,2,-2.360925,1.446858,-2.380905,training_point
09:53:33.057,1,-3.538009,1.52439,-1.960299,training_point
09:53:33.057,2,-2.361979,1.446926,-2.381224,training_point
09:53:33.140,1,-3.536637,1.52418,-1.959678,training_point
09:53:33.141,2,-2.362713,1.447235,-2.381682,training_point
09:53:33.241,1,-3.536149,1.523954,-1.959965,training_point
09:53:33.241,2,-2.363965,1.447611,-2.382265,training_point
09:53:33.323,1,-3.534729,1.523897,-1.959901,training_point
09:53:33.324,2,-2.365492,1.447435,-2.383101,training_point
09:53:33.408,1,-3.533674,1.523806,-1.959316,training_point
09:53:33.408,2,-2.365863,1.447438,-2.383533,training_point
09:53:33.490,1,-3.531544,1.52371,-1.958352,training_point
09:53:33.490,2,-2.36634,1.447589,-2.383723,training_point
09:53:33.592,1,-3.529402,1.523549,-1.958686,training_point
09:53:33.592,2,-2.366701,1.447282,-2.383408,training_point
09:53:33.690,1,-3.526805,1.52385,-1.958532,training_point
09:53:33.691,2,-2.366667,1.447237,-2.383005,training_point
09:53:33.790,1,-3.524078,1.523245,-1.958257,training_point
09:53:33.790,2,-2.367565,1.44704,-2.381221,training_point
09:53:33.891,1,-3.522497,1.523401,-1.958508,training_point
09:53:33.891,2,-2.368269,1.44612,-2.378582,training_point
09:53:33.991,1,-3.519742,1.523117,-1.958595,training_point
09:53:33.991,2,-2.368822,1.446027,-2.376269,training_point
09:53:34.091,1,-3.518369,1.522191,-1.958883,training_point
09:53:34.091,2,-2.369091,1.445157,-2.372805,training_point
09:53:34.191,1,-3.515551,1.521835,-1.958602,training_point
09:53:34.191,2,-2.369597,1.44474,-2.371137,training_point
09:53:34.273,1,-3.513622,1.521125,-1.957753,training_point
09:53:34.273,2,-2.368899,1.444044,-2.368917,training_point
09:53:34.407,1,-3.509672,1.521938,-1.956059,training_point
09:53:34.407,2,-2.368756,1.443699,-2.368121,training_point
09:53:34.540,1,-3.506031,1.521792,-1.955609,training_point
09:53:34.540,2,-2.368536,1.443294,-2.367514,training_point
09:53:34.624,1,-3.504579,1.521392,-1.955468,training_point
09:53:34.625,2,-2.368488,1.442596,-2.367497,training_point
09:53:34.724,1,-3.503749,1.521304,-1.955589,training_point
09:53:34.725,2,-2.368328,1.442855,-2.367503,training_point
09:53:34.807,1,-3.501524,1.521314,-1.955851,training_point
09:53:34.807,2,-2.368127,1.442191,-2.367709,training_point
09:53:34.890,1,-3.500843,1.521012,-1.955597,training_point
09:53:34.890,2,-2.36783,1.442568,-2.368461,training_point
09:53:34.991,1,-3.498253,1.52111,-1.955477,training_point
09:53:34.992,2,-2.367788,1.44236,-2.36899,training_point
09:53:35.073,1,-3.491635,1.52188,-1.95318,training_point
09:53:35.073,2,-2.367806,1.442953,-2.370019,training_point
09:53:35.157,1,-3.489132,1.522177,-1.95363,training_point
09:53:35.157,2,-2.367742,1.442829,-2.370922,training_point
09:53:35.240,1,-3.487922,1.522698,-1.956383,training_point
09:53:35.240,2,-2.367674,1.442459,-2.372425,training_point
09:53:35.407,1,-3.482842,1.521785,-1.960355,training_point
09:53:35.408,2,-2.367343,1.441761,-2.374078,training_point
09:53:35.508,1,-3.479195,1.522932,-1.962892,training_point
09:53:35.508,2,-2.366651,1.442037,-2.375339,training_point
09:53:35.590,1,-3.47535,1.522208,-1.96416,training_point
09:53:35.590,2,-2.366584,1.442445,-2.376276,training_point
09:53:35.673,1,-3.471251,1.521652,-1.96854,training_point
09:53:35.673,2,-2.3669,1.443606,-2.377498,training_point
09:53:35.807,1,-3.467833,1.521707,-1.972553,training_point
09:53:35.807,2,-2.366826,1.443962,-2.378565,training_point
09:53:35.890,1,-3.468155,1.520881,-1.976319,training_point
09:53:35.890,2,-2.366758,1.444171,-2.379074,training_point
09:53:35.973,1,-3.467052,1.520679,-1.979257,training_point
09:53:35.973,2,-2.366677,1.444699,-2.380108,training_point
09:53:36.057,1,-3.466868,1.520754,-1.981037,training_point
09:53:36.057,2,-2.366632,1.445556,-2.380189,training_point
09:53:36.140,1,-3.465429,1.521097,-1.980755,training_point
09:53:36.140,2,-2.366453,1.446455,-2.380341,training_point
09:53:36.223,1,-3.465053,1.52107,-1.981488,training_point
09:53:36.223,2,-2.366029,1.448318,-2.380427,training_point
09:53:36.308,1,-3.465596,1.520224,-1.982055,training_point
09:53:36.308,2,-2.365629,1.450588,-2.380476,training_point
09:53:36.390,1,-3.471767,1.520522,-1.988681,training_point
09:53:36.390,2,-2.365366,1.451076,-2.380362,training_point
09:53:36.473,1,-3.474706,1.519835,-1.991139,training_point
09:53:36.473,2,-2.36493,1.451643,-2.380217,training_point
09:53:36.557,1,-3.475495,1.519211,-1.992108,training_point
09:53:36.557,2,-2.364978,1.451791,-2.380125,training_point
09:53:36.640,1,-3.477388,1.520001,-1.993706,training_point
09:53:36.640,2,-2.364641,1.452566,-2.380157,training_point
09:53:36.724,1,-3.479575,1.520041,-1.993716,training_point
09:53:36.724,2,-2.363764,1.455528,-2.379312,training_point
09:53:36.807,1,-3.482283,1.519157,-1.995786,training_point
09:53:36.807,2,-2.362593,1.456736,-2.378342,training_point
09:53:36.891,1,-3.485928,1.520384,-1.99896,training_point
09:53:36.891,2,-2.361236,1.456699,-2.377783,training_point
09:53:36.973,1,-3.488204,1.519193,-2.000909,training_point
09:53:36.973,2,-2.35822,1.45692,-2.377239,training_point
09:53:37.123,1,-3.491364,1.518428,-2.001352,training_point
09:53:37.124,2,-2.355295,1.457112,-2.378492,training_point
09:53:37.241,1,-3.493842,1.518802,-2.002463,training_point
09:53:37.241,2,-2.354347,1.457465,-2.378919,training_point
09:53:37.341,1,-3.496159,1.518037,-2.002788,training_point
09:53:37.341,2,-2.354231,1.45728,-2.37952,training_point
09:53:37.423,1,-3.497394,1.518185,-2.002604,training_point
09:53:37.424,2,-2.355188,1.457047,-2.380078,training_point
09:53:37.525,1,-3.498994,1.518634,-2.001551,training_point
09:53:37.526,2,-2.355319,1.456997,-2.37948,training_point
09:53:37.607,1,-3.5014,1.51893,-2.000098,training_point
09:53:37.607,2,-2.355448,1.456965,-2.379647,training_point
09:53:37.692,1,-3.50379,1.518811,-1.999301,training_point
09:53:37.692,2,-2.35442,1.4569,-2.380111,training_point
09:53:37.773,1,-3.505518,1.519214,-1.998894,training_point
09:53:37.774,2,-2.35383,1.456929,-2.37991,training_point
09:53:37.857,1,-3.506333,1.519318,-1.997923,training_point
09:53:37.857,2,-2.353666,1.456729,-2.380117,training_point
09:53:37.942,1,-3.507279,1.518741,-1.99597,training_point
09:53:37.943,2,-2.352987,1.456323,-2.37932,training_point
09:53:38.023,1,-3.509121,1.518248,-1.995397,training_point
09:53:38.024,2,-2.3529,1.455903,-2.379011,training_point
09:53:38.107,1,-3.51259,1.517387,-1.994982,training_point
09:53:38.107,2,-2.353518,1.455032,-2.379555,training_point
09:53:38.259,1,-3.517288,1.518059,-1.9953,training_point
09:53:38.259,2,-2.353622,1.454942,-2.378859,training_point
09:53:38.340,1,-3.521602,1.516631,-1.995723,training_point
09:53:38.340,2,-2.353275,1.45486,-2.378029,training_point
09:53:38.424,1,-3.52378,1.517188,-1.996364,training_point
09:53:38.424,2,-2.353935,1.454583,-2.378262,training_point
09:53:38.507,1,-3.525612,1.516762,-1.995842,training_point
09:53:38.507,2,-2.353175,1.454081,-2.377411,training_point
09:53:38.590,1,-3.527007,1.515379,-1.995711,training_point
09:53:38.591,2,-2.353243,1.453923,-2.37713,training_point
09:53:38.673,1,-3.528287,1.516272,-1.995225,training_point
09:53:38.673,2,-2.35404,1.454086,-2.378003,training_point
09:53:38.825,1,-3.530279,1.515575,-1.995472,training_point
09:53:38.825,2,-2.354523,1.453647,-2.378699,training_point
09:53:38.907,1,-3.530536,1.51492,-1.995701,training_point
09:53:38.907,2,-2.355164,1.453563,-2.378237,training_point
09:53:38.991,1,-3.544979,1.514749,-1.993212,training_point
09:53:38.991,2,-2.354451,1.453482,-2.377638,training_point
09:53:39.074,1,-3.546931,1.515331,-1.992497,training_point
09:53:39.074,2,-2.354756,1.45366,-2.377998,training_point
09:53:39.158,1,-3.539502,1.515631,-1.994005,training_point
09:53:39.158,2,-2.355302,1.453499,-2.378604,training_point
09:53:39.240,1,-3.536143,1.518075,-1.995035,training_point
09:53:39.240,2,-2.355769,1.453273,-2.379282,training_point
09:53:39.326,1,-3.53222,1.518385,-1.996373,training_point
09:53:39.326,2,-2.355746,1.453096,-2.379034,training_point
09:53:39.407,1,-3.529748,1.517388,-1.997432,training_point
09:53:39.407,2,-2.356388,1.452929,-2.379603,training_point
09:53:39.540,1,-3.52629,1.517287,-1.999264,training_point
09:53:39.540,2,-2.356072,1.452675,-2.379917,training_point
09:53:39.707,1,-3.525012,1.517747,-2.000578,training_point
09:53:39.707,2,-2.356103,1.451957,-2.379925,training_point
09:53:39.790,1,-3.522371,1.51851,-2.001595,training_point
09:53:39.791,2,-2.356059,1.451119,-2.379716,training_point
09:53:39.873,1,-3.520345,1.518579,-2.003444,training_point
09:53:39.874,2,-2.35617,1.450758,-2.379817,training_point
09:53:40.007,1,-3.51714,1.518166,-2.005417,training_point
09:53:40.007,2,-2.357073,1.450442,-2.38065,training_point
09:53:40.090,1,-3.516543,1.518746,-2.006011,training_point
09:53:40.090,2,-2.35711,1.449299,-2.380881,training_point
09:53:40.174,1,-3.515301,1.51867,-2.006242,training_point
09:53:40.174,2,-2.35778,1.447684,-2.381295,training_point
09:53:40.257,1,-3.513466,1.518291,-2.00671,training_point
09:53:40.257,2,-2.358033,1.447288,-2.380552,training_point
09:53:40.407,1,-3.512012,1.518219,-2.006865,training_point
09:53:40.408,2,-2.358403,1.446128,-2.380395,training_point
09:53:40.490,1,-3.510222,1.519616,-2.007083,training_point
09:53:40.490,2,-2.360344,1.445992,-2.380047,training_point
09:53:40.574,1,-3.508227,1.519627,-2.007221,training_point
09:53:40.575,2,-2.361553,1.44568,-2.380232,training_point
09:53:40.657,1,-3.506395,1.520435,-2.006255,training_point
09:53:40.657,2,-2.363494,1.445756,-2.37891,training_point
09:53:40.742,1,-3.504978,1.521708,-2.00617,training_point
09:53:40.742,2,-2.365294,1.445895,-2.378846,training_point
09:53:40.841,1,-3.502349,1.521696,-2.005435,training_point
09:53:40.841,2,-2.367225,1.44605,-2.37896,training_point
09:53:40.924,1,-3.49957,1.522004,-2.003428,training_point
09:53:40.924,2,-2.368991,1.446172,-2.379059,training_point
09:53:41.007,1,-3.499464,1.521349,-2.003658,training_point
09:53:41.008,2,-2.369405,1.446199,-2.379148,training_point
09:53:41.090,1,-3.499239,1.520828,-2.003527,training_point
09:53:41.090,2,-2.370539,1.446063,-2.379294,training_point
09:53:41.174,1,-3.499799,1.521047,-2.00426,training_point
09:53:41.175,2,-2.371586,1.445937,-2.379644,training_point
09:53:41.274,1,-3.502674,1.521987,-2.005592,training_point
09:53:41.275,2,-2.372001,1.446056,-2.380057,training_point
09:53:41.357,1,-3.50571,1.52239,-2.008117,training_point
09:53:41.357,2,-2.37238,1.445873,-2.380137,training_point
09:53:41.441,1,-3.507805,1.522616,-2.008728,training_point
09:53:41.441,2,-2.372467,1.445813,-2.380052,training_point
09:53:41.541,1,-3.511677,1.523315,-2.011439,training_point
09:53:41.541,2,-2.373122,1.445888,-2.380052,training_point
09:53:41.623,1,-3.513871,1.52312,-2.012055,training_point
09:53:41.624,2,-2.373403,1.445602,-2.380107,training_point
09:53:41.707,1,-3.516573,1.523184,-2.013799,training_point
09:53:41.707,2,-2.373955,1.445849,-2.380402,training_point
09:53:41.807,1,-3.518628,1.523089,-2.014554,training_point
09:53:41.809,2,-2.374243,1.445648,-2.380512,training_point
09:53:41.907,1,-3.521564,1.523528,-2.014923,training_point
09:53:41.908,2,-2.375483,1.445768,-2.380209,training_point
09:53:41.990,1,-3.523084,1.522215,-2.014245,training_point
09:53:41.990,2,-2.375948,1.445629,-2.379699,training_point
09:53:42.074,1,-3.525855,1.520183,-2.014551,training_point
09:53:42.076,2,-2.376853,1.445402,-2.379379,training_point
09:53:42.174,1,-3.52717,1.520868,-2.01323,training_point
09:53:42.174,2,-2.377959,1.445073,-2.378804,training_point
09:53:42.274,1,-3.527911,1.521069,-2.01304,training_point
09:53:42.274,2,-2.37894,1.445048,-2.37855,training_point
09:53:42.357,1,-3.528255,1.521585,-2.012997,training_point
09:53:42.357,2,-2.379465,1.444906,-2.378196,training_point
09:53:42.440,1,-3.529112,1.522144,-2.013252,training_point
09:53:42.441,2,-2.379301,1.445516,-2.377855,training_point
09:53:42.541,1,-3.528157,1.522149,-2.012359,training_point
09:53:42.541,2,-2.379134,1.445628,-2.377926,training_point
09:53:42.641,1,-3.527007,1.521739,-2.011916,training_point
09:53:42.642,2,-2.378934,1.445764,-2.378076,training_point
09:53:42.723,1,-3.52286,1.521762,-2.01129,training_point
09:53:42.724,2,-2.378731,1.445552,-2.378108,training_point
09:53:42.808,1,-3.521635,1.520288,-2.011965,training_point
09:53:42.808,2,-2.378427,1.44548,-2.378258,training_point
09:53:42.909,1,-3.518436,1.520684,-2.010272,training_point
09:53:42.909,2,-2.378199,1.445344,-2.378115,training_point
09:53:42.990,1,-3.514562,1.519945,-2.00756,training_point
09:53:42.990,2,-2.377949,1.445057,-2.378176,training_point
09:53:43.073,1,-3.511445,1.519654,-2.004571,training_point
09:53:43.074,2,-2.37803,1.445487,-2.378256,training_point
09:53:43.157,1,-3.508282,1.519707,-1.999125,training_point
09:53:43.157,2,-2.377423,1.44691,-2.378193,training_point
09:53:43.240,1,-3.506372,1.519367,-1.992891,training_point
09:53:43.240,2,-2.376893,1.448081,-2.377973,training_point
09:53:43.341,1,-3.503864,1.518425,-1.978577,training_point
09:53:43.342,2,-2.37614,1.448604,-2.377807,training_point
09:53:43.423,1,-3.49831,1.517939,-1.959239,training_point
09:53:43.424,2,-2.374855,1.449828,-2.37675,training_point
09:53:43.507,1,-3.486867,1.518522,-1.928157,training_point
09:53:43.507,2,-2.371511,1.450262,-2.378423,training_point
09:53:43.590,1,-3.481034,1.518041,-1.908673,training_point
09:53:43.590,2,-2.368987,1.451184,-2.379754,training_point
09:53:43.691,1,-3.470632,1.517402,-1.878224,training_point
09:53:43.691,2,-2.367929,1.451588,-2.381175,training_point
09:53:43.791,1,-3.463258,1.517613,-1.850433,training_point
09:53:43.791,2,-2.366979,1.451749,-2.38151,training_point
09:53:43.873,1,-3.48699,1.517284,-1.823864,training_point
09:53:43.874,2,-2.365978,1.45204,-2.382537,training_point
09:53:43.958,1,-3.487179,1.51723,-1.813865,training_point
09:53:43.958,2,-2.365514,1.451914,-2.383057,training_point
09:53:44.040,1,-3.485841,1.518358,-1.801294,training_point
09:53:44.040,2,-2.364909,1.451808,-2.384536,training_point
09:53:44.124,1,-3.483425,1.519919,-1.795592,training_point
09:53:44.125,2,-2.365319,1.451766,-2.384538,training_point
09:53:44.207,1,-3.480937,1.520182,-1.786369,training_point
09:53:44.207,2,-2.365884,1.451985,-2.384454,training_point
09:53:44.373,1,-3.446341,1.520608,-1.779086,training_point
09:53:44.374,2,-2.366543,1.4519,-2.385441,training_point
09:53:44.457,1,-3.431448,1.521452,-1.770501,training_point
09:53:44.457,2,-2.366605,1.451974,-2.386191,training_point
09:53:44.540,1,-3.426952,1.522704,-1.769738,training_point
09:53:44.540,2,-2.367167,1.451992,-2.38597,training_point
09:53:44.623,1,-3.415418,1.523368,-1.775149,training_point
09:53:44.624,2,-2.367181,1.451987,-2.386639,training_point
09:53:44.725,1,-3.406522,1.524005,-1.782356,training_point
09:53:44.726,2,-2.367094,1.452407,-2.386979,training_point
09:53:44.824,1,-3.398797,1.52455,-1.789291,training_point
09:53:44.825,2,-2.367528,1.453549,-2.386502,training_point
09:53:44.907,1,-3.390167,1.524312,-1.80115,training_point
09:53:44.907,2,-2.36834,1.453512,-2.3866,training_point
09:53:44.991,1,-3.384895,1.52374,-1.817204,training_point
09:53:44.991,2,-2.36833,1.454169,-2.386524,training_point
09:53:45.074,1,-3.383724,1.523591,-1.835316,training_point
09:53:45.074,2,-2.368898,1.454208,-2.385896,training_point
09:53:45.158,1,-3.379922,1.523533,-1.847526,training_point
09:53:45.158,2,-2.369039,1.454613,-2.386568,training_point
09:53:45.259,1,-3.375402,1.522492,-1.856038,training_point
09:53:45.259,2,-2.369958,1.454971,-2.385531,training_point
09:53:45.340,1,-3.371494,1.522606,-1.863867,training_point
09:53:45.340,2,-2.370029,1.455101,-2.385592,training_point
09:53:45.424,1,-3.367389,1.522747,-1.873245,training_point
09:53:45.424,2,-2.369817,1.455045,-2.385629,training_point
09:53:45.524,1,-3.361548,1.520832,-1.878505,training_point
09:53:45.524,2,-2.369902,1.455026,-2.385583,training_point
09:53:45.624,1,-3.355997,1.521661,-1.887014,training_point
09:53:45.625,2,-2.368312,1.455084,-2.385306,training_point
09:53:45.724,1,-3.349586,1.520555,-1.890187,training_point
09:53:45.725,2,-2.367986,1.455486,-2.385126,training_point
09:53:45.807,1,-3.346548,1.523506,-1.898489,training_point
09:53:45.807,2,-2.367173,1.455741,-2.383554,training_point
09:53:45.891,1,-3.344063,1.523211,-1.89982,training_point
09:53:45.893,2,-2.365758,1.45558,-2.382596,training_point
09:53:45.991,1,-3.342437,1.522843,-1.904178,training_point
09:53:45.991,2,-2.365211,1.455519,-2.381838,training_point
09:53:46.074,1,-3.340689,1.521728,-1.907027,training_point
09:53:46.074,2,-2.364722,1.455299,-2.380258,training_point
09:53:46.157,1,-3.339706,1.523469,-1.908581,training_point
09:53:46.157,2,-2.364662,1.454423,-2.37977,training_point
09:53:46.240,1,-3.341788,1.522966,-1.909229,training_point
09:53:46.240,2,-2.364925,1.453379,-2.378814,training_point
09:53:46.324,1,-3.341945,1.52504,-1.909324,training_point
09:53:46.325,2,-2.364471,1.451835,-2.379852,training_point
09:53:46.407,1,-3.343001,1.529221,-1.910531,training_point
09:53:46.407,2,-2.364577,1.451066,-2.37926,training_point
09:53:46.491,1,-3.342779,1.531513,-1.91058,training_point
09:53:46.491,2,-2.363073,1.449953,-2.37845,training_point
09:53:46.591,1,-3.343332,1.527275,-1.911209,training_point
09:53:46.592,2,-2.36186,1.448259,-2.379088,training_point
09:53:46.673,1,-3.343799,1.517743,-1.9114,training_point
09:53:46.674,2,-2.362861,1.446904,-2.378702,training_point
09:53:46.757,1,-3.343877,1.516571,-1.912063,training_point
09:53:46.757,2,-2.362743,1.445887,-2.379004,training_point
09:53:46.840,1,-3.343795,1.515612,-1.913173,training_point
09:53:46.840,2,-2.362411,1.44435,-2.379485,training_point
09:53:46.924,1,-3.343028,1.513987,-1.914924,training_point
09:53:46.924,2,-2.362937,1.444066,-2.379183,training_point
09:53:47.008,1,-3.341475,1.514053,-1.914853,training_point
09:53:47.008,2,-2.363525,1.443582,-2.378768,training_point
09:53:47.090,1,-3.339755,1.512766,-1.915618,training_point
09:53:47.090,2,-2.363487,1.443534,-2.37933,training_point
09:53:47.174,1,-3.337741,1.516076,-1.916361,training_point
09:53:47.175,2,-2.363519,1.443656,-2.379444,training_point
09:53:47.274,1,-3.333383,1.516255,-1.915996,training_point
09:53:47.274,2,-2.363201,1.444679,-2.379369,training_point
09:53:47.357,1,-3.331255,1.516688,-1.916089,training_point
09:53:47.357,2,-2.363423,1.444618,-2.379624,training_point
09:53:47.440,1,-3.330673,1.517014,-1.916235,training_point
09:53:47.440,2,-2.363729,1.44439,-2.379866,training_point
09:53:47.541,1,-3.328151,1.519416,-1.916104,training_point
09:53:47.541,2,-2.364321,1.44539,-2.380003,training_point
09:53:47.623,1,-3.327959,1.51981,-1.916912,training_point
09:53:47.624,2,-2.364377,1.445664,-2.37808,training_point
09:53:47.707,1,-3.326196,1.518957,-1.915606,training_point
09:53:47.707,2,-2.364108,1.44542,-2.378244,training_point
09:53:47.790,1,-3.325275,1.51881,-1.915724,training_point
09:53:47.790,2,-2.363267,1.445789,-2.378893,training_point
09:53:47.891,1,-3.324556,1.519361,-1.916484,training_point
09:53:47.891,2,-2.362991,1.445765,-2.379423,training_point
09:53:47.974,1,-3.324835,1.521833,-1.917704,training_point
09:53:47.974,2,-2.362765,1.447051,-2.378532,training_point
09:53:48.057,1,-3.341199,1.522182,-1.913526,training_point
09:53:48.057,2,-2.363378,1.446747,-2.377684,training_point
09:53:48.159,1,-3.344999,1.522786,-1.913137,training_point
09:53:48.160,2,-2.362963,1.446713,-2.378294,training_point
09:53:48.258,1,-3.346397,1.525289,-1.913366,training_point
09:53:48.258,2,-2.362842,1.446323,-2.379042,training_point
09:53:48.341,1,-3.347802,1.526154,-1.912583,training_point
09:53:48.341,2,-2.362922,1.446229,-2.379438,training_point
09:53:48.424,1,-3.347931,1.522056,-1.912095,training_point
09:53:48.426,2,-2.363935,1.446308,-2.379137,training_point
09:53:48.524,1,-3.350869,1.522527,-1.913263,training_point
09:53:48.525,2,-2.365134,1.446302,-2.378476,training_point
09:53:48.607,1,-3.350527,1.524697,-1.914784,training_point
09:53:48.607,2,-2.36599,1.446749,-2.377821,training_point
09:53:48.707,1,-3.352397,1.525588,-1.915198,training_point
09:53:48.708,2,-2.365796,1.446899,-2.378379,training_point
09:53:48.809,1,-3.35247,1.524552,-1.915118,training_point
09:53:48.810,2,-2.365388,1.44602,-2.378781,training_point
09:53:48.909,1,-3.352955,1.524095,-1.915927,training_point
09:53:48.909,2,-2.365137,1.446196,-2.379123,training_point
09:53:49.009,1,-3.355715,1.523721,-1.917017,training_point
09:53:49.009,2,-2.365089,1.44637,-2.378344,training_point
09:53:49.108,1,-3.356633,1.523715,-1.91721,training_point
09:53:49.108,2,-2.365214,1.446238,-2.377999,training_point
09:53:49.207,1,-3.358533,1.523136,-1.918058,training_point
09:53:49.207,2,-2.365599,1.446689,-2.376934,training_point
09:53:49.308,1,-3.358647,1.522937,-1.917991,training_point
09:53:49.308,2,-2.365367,1.446619,-2.377218,training_point
09:53:49.390,1,-3.3599,1.524349,-1.917757,training_point
09:53:49.390,2,-2.365294,1.445934,-2.376407,training_point
09:53:49.493,1,-3.361006,1.523787,-1.916893,training_point
09:53:49.493,2,-2.365059,1.446046,-2.375717,training_point
09:53:49.574,1,-3.361439,1.523377,-1.91691,training_point
09:53:49.574,2,-2.364794,1.445985,-2.376205,training_point
09:53:49.659,1,-3.361508,1.522518,-1.917026,training_point
09:53:49.659,2,-2.364517,1.446123,-2.376351,training_point
09:53:49.758,1,-3.361775,1.522486,-1.916796,training_point
09:53:49.759,2,-2.363947,1.446276,-2.376607,training_point
09:53:49.840,1,-3.362118,1.522893,-1.915592,training_point
09:53:49.840,2,-2.363582,1.446844,-2.376855,training_point
09:53:49.925,1,-3.362266,1.524821,-1.915196,training_point
09:53:49.925,2,-2.363366,1.446995,-2.377283,training_point
09:53:50.024,1,-3.362546,1.524227,-1.915279,training_point
09:53:50.025,2,-2.362767,1.446946,-2.377506,training_point
09:53:50.107,1,-3.362926,1.524626,-1.914388,training_point
09:53:50.107,2,-2.362197,1.447173,-2.376994,training_point
09:53:50.207,1,-3.362184,1.524559,-1.911894,training_point
09:53:50.208,2,-2.361643,1.447113,-2.37668,training_point
09:53:50.290,1,-3.362309,1.52428,-1.910433,training_point
09:53:50.290,2,-2.361741,1.447123,-2.377407,training_point
09:53:50.425,1,-3.359378,1.524166,-1.906793,training_point
09:53:50.425,2,-2.361784,1.447339,-2.376785,training_point
09:53:50.526,1,-3.358343,1.524063,-1.906626,training_point
09:53:50.526,2,-2.361927,1.44769,-2.377507,training_point
09:53:50.624,1,-3.356876,1.524343,-1.906181,training_point
09:53:50.625,2,-2.362204,1.447754,-2.377565,training_point
09:53:50.726,1,-3.356077,1.524864,-1.905154,training_point
09:53:50.726,2,-2.362962,1.447709,-2.377601,training_point
09:53:50.826,1,-3.356488,1.524008,-1.905031,training_point
09:53:50.826,2,-2.363148,1.447665,-2.377202,training_point
09:53:51.907,1,-3.355542,1.52387,-1.905378,training_point
09:53:51.907,2,-2.363112,1.447325,-2.376567,training_point
09:53:52.090,1,-3.350948,1.522065,-1.910647,training_point
09:53:52.090,2,-2.365443,1.447375,-2.378921,training_point
09:53:52.191,1,-3.351448,1.521125,-1.911738,training_point
09:53:52.191,2,-2.366557,1.447407,-2.379008,training_point
09:53:52.291,1,-3.352699,1.520755,-1.912978,training_point
09:53:52.293,2,-2.367372,1.446923,-2.379141,training_point
09:53:52.391,1,-3.353613,1.521617,-1.91372,training_point
09:53:52.391,2,-2.368827,1.446817,-2.378595,training_point
09:53:52.491,1,-3.354091,1.521555,-1.912027,training_point
09:53:52.492,2,-2.369554,1.446754,-2.378592,training_point
09:53:52.591,1,-3.354184,1.520244,-1.912344,training_point
09:53:52.591,2,-2.369958,1.447098,-2.378971,training_point
09:53:52.690,1,-3.343489,1.519985,-1.913333,training_point
09:53:52.690,2,-2.370575,1.447012,-2.379111,training_point
09:53:52.791,1,-3.333898,1.519435,-1.915031,training_point
09:53:52.792,2,-2.370877,1.447081,-2.379246,training_point
09:53:52.891,1,-3.332202,1.519396,-1.916207,training_point
09:53:52.893,2,-2.370999,1.446838,-2.380004,training_point
09:53:52.991,1,-3.345406,1.519566,-1.911814,training_point
09:53:52.992,2,-2.371194,1.446833,-2.380164,training_point
09:53:53.091,1,-3.350046,1.520311,-1.90895,training_point
09:53:53.091,2,-2.371342,1.447278,-2.38064,training_point
09:53:53.191,1,-3.350854,1.520418,-1.908807,training_point
09:53:53.191,2,-2.37169,1.447284,-2.381264,training_point
09:53:53.291,1,-3.352531,1.520444,-1.907742,training_point
09:53:53.291,2,-2.3718,1.44765,-2.381699,training_point
09:53:53.392,1,-3.35279,1.520344,-1.907549,training_point
09:53:53.392,2,-2.372307,1.447697,-2.382123,training_point
09:53:53.492,1,-3.353161,1.521171,-1.906011,training_point
09:53:53.493,2,-2.373074,1.447932,-2.382495,training_point
09:53:53.574,1,-3.353135,1.52116,-1.905268,training_point
09:53:53.574,2,-2.373685,1.448203,-2.38271,training_point
09:53:53.657,1,-3.353602,1.520987,-1.904577,training_point
09:53:53.657,2,-2.373855,1.447776,-2.382758,training_point
09:53:53.757,1,-3.353172,1.520824,-1.903794,training_point
09:53:53.757,2,-2.374076,1.447562,-2.382988,training_point
09:53:53.857,1,-3.354213,1.520699,-1.903008,training_point
09:53:53.858,2,-2.374206,1.447576,-2.382989,training_point
09:53:53.940,1,-3.353996,1.520343,-1.902826,training_point
09:53:53.940,2,-2.374357,1.447221,-2.383155,training_point
09:53:54.124,1,-3.353769,1.52023,-1.902826,training_point
09:53:54.125,2,-2.374548,1.446716,-2.383247,training_point
09:53:54.224,1,-3.353297,1.520761,-1.903124,training_point
09:53:54.224,2,-2.374763,1.446822,-2.383154,training_point
09:53:54.307,1,-3.353353,1.521228,-1.903375,training_point
09:53:54.307,2,-2.374733,1.446801,-2.383068,training_point
09:53:54.408,1,-3.353029,1.52168,-1.903381,training_point
09:53:54.409,2,-2.374803,1.446962,-2.382895,training_point
09:53:54.508,1,-3.352762,1.521181,-1.90629,training_point
09:53:54.508,2,-2.374779,1.446672,-2.382348,training_point
09:53:54.590,1,-3.352769,1.520036,-1.906624,training_point
09:53:54.590,2,-2.374513,1.446782,-2.381449,training_point
09:53:54.675,1,-3.352931,1.520118,-1.906932,training_point
09:53:54.675,2,-2.373646,1.446447,-2.381321,training_point
09:53:54.774,1,-3.354394,1.520211,-1.907625,training_point
09:53:54.774,2,-2.371945,1.446602,-2.381729,training_point
09:53:54.874,1,-3.355043,1.519932,-1.908434,training_point
09:53:54.874,2,-2.37089,1.446833,-2.380982,training_point
09:53:54.957,1,-3.356212,1.519763,-1.907985,training_point
09:53:54.957,2,-2.370622,1.447174,-2.380752,training_point
09:53:55.058,1,-3.357341,1.51976,-1.906763,training_point
09:53:55.058,2,-2.369737,1.44715,-2.380501,training_point
09:53:55.157,1,-3.360107,1.521565,-1.902787,training_point
09:53:55.158,2,-2.369661,1.446824,-2.379582,training_point
09:53:55.257,1,-3.364899,1.521286,-1.898603,training_point
09:53:55.257,2,-2.368758,1.44752,-2.380112,training_point
09:53:55.358,1,-3.372753,1.52323,-1.892158,training_point
09:53:55.358,2,-2.368039,1.448175,-2.380519,training_point
09:53:55.459,1,-3.381454,1.52214,-1.883925,training_point
09:53:55.460,2,-2.368366,1.448702,-2.379951,training_point
09:53:55.557,1,-3.37498,1.523151,-1.881719,training_point
09:53:55.558,2,-2.36883,1.448999,-2.379353,training_point
09:53:55.658,1,-3.38806,1.523405,-1.867823,training_point
09:53:55.658,2,-2.368984,1.449075,-2.379366,training_point
09:53:55.740,1,-3.405354,1.525403,-1.854918,training_point
09:53:55.741,2,-2.368654,1.448984,-2.37994,training_point
09:53:55.909,1,-3.428238,1.527442,-1.838882,training_point
09:53:55.909,2,-2.368956,1.449054,-2.379895,training_point
09:53:56.007,1,-3.448168,1.526328,-1.829371,training_point
09:53:56.007,2,-2.369606,1.449093,-2.380082,training_point
09:53:56.107,1,-3.454921,1.524635,-1.829696,training_point
09:53:56.107,2,-2.36977,1.449044,-2.380004,training_point
09:53:56.208,1,-3.462955,1.524159,-1.834716,training_point
09:53:56.208,2,-2.369844,1.449244,-2.380389,training_point
09:53:56.308,1,-3.466634,1.524532,-1.852509,training_point
09:53:56.308,2,-2.370018,1.449499,-2.380857,training_point
09:53:56.408,1,-3.471246,1.524768,-1.873624,training_point
09:53:56.408,2,-2.370354,1.449729,-2.380679,training_point
09:53:56.508,1,-3.475272,1.524532,-1.911995,training_point
09:53:56.509,2,-2.370774,1.449979,-2.380789,training_point
09:53:56.607,1,-3.467044,1.524874,-1.932535,training_point
09:53:56.608,2,-2.371436,1.45029,-2.381257,training_point
09:53:56.707,1,-3.469334,1.525164,-1.945081,training_point
09:53:56.708,2,-2.371587,1.450462,-2.381287,training_point
09:53:56.809,1,-3.477453,1.525291,-1.960551,training_point
09:53:56.809,2,-2.371902,1.450613,-2.381453,training_point
09:53:56.907,1,-3.495348,1.525027,-1.975888,training_point
09:53:56.907,2,-2.372694,1.450649,-2.381683,training_point
09:53:56.990,1,-3.510233,1.525026,-1.974848,training_point
09:53:56.990,2,-2.372983,1.45075,-2.381833,training_point
09:53:57.074,1,-3.525176,1.525188,-1.972555,training_point
09:53:57.075,2,-2.373501,1.450944,-2.381894,training_point
09:53:57.174,1,-3.562526,1.525804,-1.962745,training_point
09:53:57.174,2,-2.373887,1.451048,-2.382406,training_point
09:53:57.274,1,-3.598311,1.525728,-1.950113,training_point
09:53:57.274,2,-2.374338,1.451098,-2.382686,training_point
09:53:57.357,1,-3.618418,1.525675,-1.942082,training_point
09:53:57.357,2,-2.374486,1.451174,-2.382718,training_point
09:53:57.458,1,-3.649547,1.525596,-1.929359,training_point
09:53:57.459,2,-2.374734,1.451244,-2.383151,training_point
09:53:57.558,1,-3.66514,1.523212,-1.924596,training_point
09:53:57.558,2,-2.375235,1.451297,-2.383429,training_point
09:53:57.657,1,-3.682917,1.522683,-1.919045,training_point
09:53:57.657,2,-2.375954,1.451162,-2.383553,training_point
09:53:57.758,1,-3.69479,1.522974,-1.916831,training_point
09:53:57.758,2,-2.377081,1.450416,-2.383519,training_point
09:53:57.858,1,-3.702303,1.52369,-1.911657,training_point
09:53:57.858,2,-2.377718,1.449358,-2.383219,training_point
09:53:57.957,1,-3.707093,1.524208,-1.911118,training_point
09:53:57.957,2,-2.378011,1.448782,-2.383163,training_point
09:53:58.058,1,-3.708367,1.524814,-1.908291,training_point
09:53:58.058,2,-2.378317,1.448565,-2.382984,training_point
09:53:58.157,1,-3.707938,1.524897,-1.909371,training_point
09:53:58.158,2,-2.378644,1.447715,-2.383062,training_point
09:53:58.257,1,-3.706744,1.525968,-1.909254,training_point
09:53:58.257,2,-2.379012,1.44757,-2.383039,training_point
09:53:58.358,1,-3.703708,1.526827,-1.915106,training_point
09:53:58.358,2,-2.379526,1.447243,-2.383003,training_point
09:53:58.458,1,-3.700802,1.527192,-1.9141,training_point
09:53:58.458,2,-2.379978,1.447101,-2.382863,training_point
09:53:58.557,1,-3.698318,1.528645,-1.917245,training_point
09:53:58.557,2,-2.380631,1.447646,-2.382976,training_point
09:53:58.658,1,-3.694935,1.524367,-1.916734,training_point
09:53:58.658,2,-2.380961,1.448447,-2.383041,training_point
09:53:58.758,1,-3.692661,1.51907,-1.917647,training_point
09:53:58.758,2,-2.381118,1.448764,-2.383137,training_point
09:53:58.858,1,-3.68755,1.517118,-1.920214,training_point
09:53:58.858,2,-2.381231,1.449007,-2.383538,training_point
09:53:58.958,1,-3.685228,1.513255,-1.922169,training_point
09:53:58.958,2,-2.381223,1.449336,-2.383729,training_point
09:53:59.058,1,-3.68394,1.511992,-1.924329,training_point
09:53:59.060,2,-2.381237,1.449437,-2.383794,training_point
09:53:59.157,1,-3.683978,1.51322,-1.925238,training_point
09:53:59.158,2,-2.381338,1.449659,-2.383972,training_point
09:53:59.258,1,-3.683709,1.514253,-1.927196,training_point
09:53:59.258,2,-2.381527,1.449651,-2.384264,training_point
09:53:59.357,1,-3.68262,1.519294,-1.932745,training_point
09:53:59.358,2,-2.381531,1.449958,-2.38435,training_point
09:53:59.457,1,-3.682325,1.515017,-1.938841,training_point
09:53:59.457,2,-2.381528,1.449987,-2.384457,training_point
09:53:59.558,1,-3.682042,1.513654,-1.940742,training_point
09:53:59.558,2,-2.38148,1.450229,-2.384505,training_point
09:53:59.658,1,-3.680875,1.521613,-1.945315,training_point
09:53:59.658,2,-2.381558,1.450432,-2.384587,training_point
09:53:59.757,1,-3.682949,1.52873,-1.948219,training_point
09:53:59.758,2,-2.381162,1.450742,-2.384532,training_point
09:53:59.858,1,-3.682202,1.532118,-1.954859,training_point
09:53:59.858,2,-2.380841,1.451008,-2.384676,training_point
09:53:59.958,1,-3.684136,1.525016,-1.958789,training_point
09:53:59.958,2,-2.379242,1.451254,-2.38515,training_point
09:54:00.057,1,-3.686031,1.529121,-1.962291,training_point
09:54:00.057,2,-2.379079,1.451452,-2.384925,training_point
09:54:00.140,1,-3.688801,1.528949,-1.964351,training_point
09:54:00.141,2,-2.378882,1.451374,-2.384727,training_point
09:54:00.241,1,-3.689882,1.523585,-1.965607,training_point
09:54:00.242,2,-2.37851,1.451181,-2.384375,training_point
09:54:00.341,1,-3.693018,1.526825,-1.969272,training_point
09:54:00.342,2,-2.378134,1.451347,-2.383816,training_point
09:54:00.441,1,-3.694107,1.524579,-1.974352,training_point
09:54:00.441,2,-2.377699,1.451338,-2.383251,training_point
09:54:00.541,1,-3.695681,1.525286,-1.976253,training_point
09:54:00.542,2,-2.377403,1.451429,-2.382539,training_point
09:54:00.640,1,-3.696516,1.524168,-1.977677,training_point
09:54:00.641,2,-2.376861,1.451364,-2.380696,training_point
09:54:00.742,1,-3.697074,1.525367,-1.979041,training_point
09:54:00.742,2,-2.37684,1.451255,-2.380172,training_point
09:54:00.841,1,-3.6994,1.521985,-1.982261,training_point
09:54:00.842,2,-2.376183,1.451096,-2.378476,training_point
09:54:00.941,1,-3.700651,1.522095,-1.985024,training_point
09:54:00.941,2,-2.376163,1.450972,-2.377605,training_point
09:54:01.041,1,-3.704125,1.521573,-1.987521,training_point
09:54:01.041,2,-2.374805,1.451107,-2.375419,training_point
09:54:01.141,1,-3.704919,1.523175,-1.989121,training_point
09:54:01.142,2,-2.374558,1.450919,-2.374789,training_point
09:54:01.242,1,-3.707082,1.522561,-1.992616,training_point
09:54:01.243,2,-2.373051,1.450836,-2.373573,training_point
09:54:01.341,1,-3.707566,1.522285,-1.992418,training_point
09:54:01.341,2,-2.371593,1.450749,-2.372714,training_point
09:54:01.459,1,-3.713252,1.517709,-1.990089,training_point
09:54:01.460,2,-2.370039,1.450634,-2.371713,training_point
09:54:01.557,1,-3.723285,1.518841,-1.983863,training_point
09:54:01.557,2,-2.367985,1.450578,-2.371435,training_point
09:54:01.657,1,-3.737178,1.516133,-1.978138,training_point
09:54:01.657,2,-2.365574,1.45037,-2.370441,training_point
09:54:01.758,1,-3.753796,1.517543,-1.972325,training_point
09:54:01.758,2,-2.363768,1.450199,-2.368658,training_point
09:54:01.857,1,-3.770921,1.518101,-1.965156,training_point
09:54:01.857,2,-2.36318,1.450096,-2.36916,training_point
09:54:01.957,1,-3.791582,1.520091,-1.962866,training_point
09:54:01.957,2,-2.36234,1.449943,-2.36854,training_point
09:54:02.058,1,-3.802595,1.520555,-1.941668,training_point
09:54:02.058,2,-2.361875,1.449887,-2.367202,training_point
09:54:02.157,1,-3.811571,1.52123,-1.929519,training_point
09:54:02.157,2,-2.362029,1.449715,-2.367357,training_point
09:54:02.258,1,-3.821441,1.519706,-1.917821,training_point
09:54:02.258,2,-2.362189,1.449669,-2.366526,training_point
09:54:02.357,1,-3.835539,1.520516,-1.899375,training_point
09:54:02.357,2,-2.36202,1.449637,-2.365038,training_point
09:54:02.457,1,-3.84323,1.522676,-1.880264,training_point
09:54:02.458,2,-2.362091,1.449741,-2.363553,training_point
09:54:02.558,1,-3.861869,1.523366,-1.83607,training_point
09:54:02.558,2,-2.36253,1.449707,-2.363093,training_point
09:54:02.657,1,-3.866018,1.522713,-1.810061,training_point
09:54:02.657,2,-2.362231,1.449705,-2.362459,training_point
09:54:02.741,1,-3.87087,1.522727,-1.786319,training_point
09:54:02.742,2,-2.362097,1.449693,-2.362366,training_point
09:54:02.840,1,-3.914981,1.52314,-1.684236,training_point
09:54:02.841,2,-2.362076,1.449766,-2.361848,training_point
09:54:02.942,1,-3.924301,1.521875,-1.671665,training_point
09:54:02.943,2,-2.362422,1.449722,-2.361491,training_point
09:54:03.041,1,-3.945947,1.523085,-1.639927,training_point
09:54:03.042,2,-2.362461,1.44952,-2.360171,training_point
09:54:03.141,1,-3.977438,1.523789,-1.611828,training_point
09:54:03.142,2,-2.361883,1.449749,-2.359335,training_point
09:54:03.241,1,-4.007521,1.52457,-1.595222,training_point
09:54:03.241,2,-2.361419,1.449947,-2.357741,training_point
09:54:03.324,1,-4.046717,1.525053,-1.579462,training_point
09:54:03.324,2,-2.361372,1.450137,-2.357474,training_point
09:54:03.408,1,-4.074907,1.522362,-1.564876,training_point
09:54:03.408,2,-2.36117,1.450804,-2.356657,training_point
09:54:03.508,1,-4.155083,1.519853,-1.558422,training_point
09:54:03.508,2,-2.359379,1.451151,-2.355653,training_point
09:54:03.607,1,-4.215848,1.520678,-1.555714,training_point
09:54:03.608,2,-2.356658,1.451451,-2.355249,training_point
09:54:03.708,1,-4.278514,1.52273,-1.541394,training_point
09:54:03.708,2,-2.348486,1.452049,-2.353828,training_point
09:54:03.808,1,-4.318842,1.522128,-1.53163,training_point
09:54:03.808,2,-2.339951,1.452216,-2.353461,training_point
09:54:03.908,1,-4.34842,1.524079,-1.525909,training_point
09:54:03.909,2,-2.328825,1.453019,-2.351022,training_point
09:54:03.990,1,-4.373441,1.524589,-1.525885,training_point
09:54:03.991,2,-2.311699,1.453245,-2.342586,training_point
09:54:04.074,1,-4.382908,1.527181,-1.521478,training_point
09:54:04.074,2,-2.304952,1.453871,-2.335536,training_point
09:54:04.174,1,-4.396119,1.525799,-1.513458,training_point
09:54:04.174,2,-2.294244,1.454063,-2.316793,training_point
09:54:04.276,1,-4.400185,1.522287,-1.505486,training_point
09:54:04.276,2,-2.280619,1.454037,-2.291946,training_point
09:54:04.376,1,-4.39889,1.524536,-1.501757,training_point
09:54:04.376,2,-2.26917,1.453704,-2.259897,training_point
09:54:04.474,1,-4.398247,1.527665,-1.497797,training_point
09:54:04.474,2,-2.264436,1.453131,-2.214155,training_point
09:54:04.574,1,-4.402888,1.528599,-1.49177,training_point
09:54:04.574,2,-2.25439,1.45186,-2.154526,training_point
09:54:04.692,1,-4.411473,1.526547,-1.487223,training_point
09:54:04.692,2,-2.251159,1.451286,-2.134212,training_point
09:54:04.792,1,-4.428614,1.522783,-1.480608,training_point
09:54:04.793,2,-2.238824,1.45072,-2.095306,training_point
09:54:04.891,1,-4.462109,1.519815,-1.466549,training_point
09:54:04.892,2,-2.229218,1.450356,-2.073675,training_point
09:54:04.991,1,-4.483137,1.510165,-1.464404,training_point
09:54:04.991,2,-2.219559,1.450381,-2.05511,training_point
09:54:05.091,1,-4.497064,1.523626,-1.470463,training_point
09:54:05.092,2,-2.207147,1.450351,-2.041673,training_point
09:54:05.192,1,-4.510248,1.527973,-1.471637,training_point
09:54:05.192,2,-2.191123,1.449768,-2.027668,training_point
09:54:05.293,1,-4.528151,1.528266,-1.476022,training_point
09:54:05.293,2,-2.178151,1.449444,-2.019235,training_point
09:54:05.391,1,-4.543379,1.525717,-1.472633,training_point
09:54:05.392,2,-2.164901,1.449654,-2.011594,training_point
09:54:05.490,1,-4.545958,1.522373,-1.469593,training_point
09:54:05.491,2,-2.149178,1.449576,-2.003466,training_point
09:54:05.591,1,-4.549435,1.518623,-1.469035,training_point
09:54:05.592,2,-2.139018,1.449713,-2.001607,training_point
09:54:05.691,1,-4.552545,1.493158,-1.466856,training_point
09:54:05.692,2,-2.128233,1.449719,-1.997679,training_point
09:54:05.793,1,-4.55553,1.470603,-1.467591,training_point
09:54:05.793,2,-2.120534,1.449787,-1.994691,training_point
09:54:05.891,1,-4.559094,1.514687,-1.46764,training_point
09:54:05.891,2,-2.112682,1.450432,-1.991677,training_point
09:54:05.991,1,-4.56124,1.515535,-1.466919,training_point
09:54:05.992,2,-2.107388,1.450736,-1.990985,training_point
09:54:06.091,1,-4.560425,1.518516,-1.467679,training_point
09:54:06.092,2,-2.104666,1.452415,-1.99141,training_point
09:54:06.191,1,-4.559809,1.516797,-1.470984,training_point
09:54:06.192,2,-2.104049,1.453257,-1.991593,training_point
09:54:06.291,1,-4.559997,1.517176,-1.469956,training_point
09:54:06.292,2,-2.103226,1.453417,-1.99096,training_point
09:54:06.392,1,-4.556977,1.517685,-1.473466,training_point
09:54:06.393,2,-2.104777,1.453445,-1.992253,training_point
09:54:06.491,1,-4.558364,1.521861,-1.472908,training_point
09:54:06.491,2,-2.105292,1.453717,-1.991853,training_point
09:54:06.591,1,-4.55635,1.499899,-1.474885,training_point
09:54:06.592,2,-2.107385,1.45382,-1.992101,training_point
09:54:06.693,1,-4.559337,1.50284,-1.471882,training_point
09:54:06.693,2,-2.10761,1.453059,-1.991497,training_point
09:54:06.791,1,-4.559243,1.511687,-1.472253,training_point
09:54:06.792,2,-2.1082,1.452592,-1.991165,training_point
09:54:06.891,1,-4.559069,1.515099,-1.472602,training_point
09:54:06.892,2,-2.109791,1.451147,-1.991825,training_point
09:54:06.991,1,-4.558236,1.519988,-1.472325,training_point
09:54:06.991,2,-2.10972,1.449284,-1.990953,training_point
09:54:07.091,1,-4.556939,1.522646,-1.472295,training_point
09:54:07.091,2,-2.110466,1.450427,-1.991374,training_point
09:54:07.191,1,-4.556585,1.525631,-1.471689,training_point
09:54:07.192,2,-2.110569,1.451019,-1.991473,training_point
09:54:07.290,1,-4.556898,1.52342,-1.471149,training_point
09:54:07.291,2,-2.111972,1.454195,-1.99216,training_point
09:54:07.390,1,-4.557156,1.52344,-1.470885,training_point
09:54:07.391,2,-2.113026,1.456709,-1.993088,training_point
09:54:07.508,1,-4.559254,1.523698,-1.468678,training_point
09:54:07.509,2,-2.112963,1.459439,-1.993355,training_point
09:54:07.608,1,-4.560323,1.524,-1.467793,training_point
09:54:07.608,2,-2.111931,1.462559,-1.994585,training_point
09:54:07.708,1,-4.561762,1.523088,-1.465989,training_point
09:54:07.708,2,-2.110766,1.469111,-1.996377,training_point
09:54:07.807,1,-4.56084,1.522538,-1.46396,training_point
09:54:07.807,2,-2.109741,1.469675,-1.997512,training_point
09:54:07.908,1,-4.560395,1.519325,-1.465547,training_point
09:54:07.909,2,-2.10923,1.469668,-1.997874,training_point
09:54:08.009,1,-4.559995,1.520063,-1.465825,training_point
09:54:08.010,2,-2.108177,1.470054,-1.9987,training_point
09:54:08.109,1,-4.55974,1.515839,-1.466466,training_point
09:54:08.110,2,-2.107214,1.469723,-1.999607,training_point
09:54:08.208,1,-4.55965,1.507714,-1.466452,training_point
09:54:08.208,2,-2.106285,1.467902,-1.99969,training_point
09:54:08.308,1,-4.557983,1.504009,-1.467339,training_point
09:54:08.308,2,-2.106059,1.46639,-2.00045,training_point
09:54:08.407,1,-4.557577,1.496482,-1.46574,training_point
09:54:08.408,2,-2.105762,1.464272,-2.000781,training_point
09:54:08.509,1,-4.554995,1.494309,-1.466138,training_point
09:54:08.509,2,-2.105908,1.463346,-2.001779,training_point
09:54:08.607,1,-4.554491,1.498547,-1.46642,training_point
09:54:08.608,2,-2.105262,1.463453,-2.003141,training_point
09:54:08.725,1,-4.554867,1.502563,-1.466675,training_point
09:54:08.725,2,-2.105235,1.463798,-2.003777,training_point
09:54:08.826,1,-4.555736,1.501115,-1.466661,training_point
09:54:08.827,2,-2.105397,1.462858,-2.004009,training_point
09:54:08.925,1,-4.555837,1.502184,-1.467069,training_point
09:54:08.925,2,-2.105562,1.462201,-2.004312,training_point
09:54:09.024,1,-4.556116,1.505468,-1.466541,training_point
09:54:09.024,2,-2.105699,1.461034,-2.005714,training_point
09:54:09.108,1,-4.556133,1.505372,-1.465757,training_point
09:54:09.108,2,-2.105554,1.460384,-2.00577,training_point
09:54:09.208,1,-4.556429,1.506286,-1.467401,training_point
09:54:09.208,2,-2.105621,1.459343,-2.006294,training_point
09:54:09.308,1,-4.557011,1.503093,-1.466525,training_point
09:54:09.309,2,-2.105599,1.458966,-2.006037,training_point
09:54:09.408,1,-4.557395,1.504242,-1.466717,training_point
09:54:09.410,2,-2.105629,1.460228,-2.006206,training_point
09:54:09.507,1,-4.558469,1.502109,-1.465922,training_point
09:54:09.508,2,-2.105434,1.459413,-2.005827,training_point
09:54:09.607,1,-4.558611,1.503214,-1.46739,training_point
09:54:09.608,2,-2.106787,1.459342,-2.005071,training_point
09:54:09.691,1,-4.558385,1.503363,-1.468866,training_point
09:54:09.691,2,-2.106762,1.460069,-2.005415,training_point
09:54:09.791,1,-4.557849,1.506539,-1.469872,training_point
09:54:09.792,2,-2.106468,1.460145,-2.005259,training_point
09:54:09.874,1,-4.558427,1.506459,-1.469136,training_point
09:54:09.874,2,-2.106711,1.459703,-2.004953,training_point
09:54:09.957,1,-4.558775,1.505759,-1.468752,training_point
09:54:09.957,2,-2.106827,1.458789,-2.005076,training_point
09:54:10.058,1,-4.557769,1.504925,-1.471122,training_point
09:54:10.060,2,-2.107167,1.459354,-2.005019,training_point
09:54:10.158,1,-4.556927,1.503604,-1.472752,training_point
09:54:10.158,2,-2.107978,1.45941,-2.005455,training_point
09:54:10.257,1,-4.556809,1.503878,-1.473213,training_point
09:54:10.258,2,-2.108397,1.459189,-2.003458,training_point
09:54:10.358,1,-4.557858,1.50393,-1.4747,training_point
09:54:10.358,2,-2.108346,1.459496,-2.004169,training_point
09:54:10.458,1,-4.558036,1.503522,-1.475435,training_point
09:54:10.458,2,-2.108422,1.459675,-2.004227,training_point
09:54:10.557,1,-4.557382,1.505037,-1.47855,training_point
09:54:10.557,2,-2.108268,1.459329,-2.004265,training_point
09:54:10.658,1,-4.557055,1.506365,-1.478424,training_point
09:54:10.658,2,-2.107909,1.458943,-2.003855,training_point
09:54:10.758,1,-4.557521,1.507633,-1.478345,training_point
09:54:10.760,2,-2.109119,1.458308,-2.002962,training_point
09:54:10.857,1,-4.556847,1.507566,-1.477606,training_point
09:54:10.858,2,-2.108547,1.457556,-2.003255,training_point
09:54:10.958,1,-4.557125,1.505779,-1.476784,training_point
09:54:10.958,2,-2.108152,1.457833,-2.002646,training_point
09:54:11.058,1,-4.557,1.505741,-1.476499,training_point
09:54:11.058,2,-2.108024,1.457868,-2.003158,training_point
09:54:11.157,1,-4.556626,1.506592,-1.476118,training_point
09:54:11.157,2,-2.108732,1.457603,-2.003888,training_point
09:54:11.258,1,-4.556506,1.506065,-1.477254,training_point
09:54:11.258,2,-2.108827,1.45789,-2.003681,training_point
09:54:11.358,1,-4.556936,1.505334,-1.476796,training_point
09:54:11.358,2,-2.108809,1.457636,-2.004069,training_point
09:54:11.457,1,-4.556584,1.506942,-1.476057,training_point
09:54:11.457,2,-2.109069,1.457506,-2.004024,training_point
09:54:11.541,1,-4.556356,1.507191,-1.477934,training_point
09:54:11.541,2,-2.110068,1.457498,-2.005288,training_point
09:54:11.692,1,-4.556497,1.508116,-1.47695,training_point
09:54:11.693,2,-2.109193,1.45747,-2.006567,training_point
09:54:11.793,1,-4.55702,1.507894,-1.477127,training_point
09:54:11.793,2,-2.107235,1.457216,-2.009841,training_point
09:54:11.891,1,-4.55629,1.508912,-1.477037,training_point
09:54:11.892,2,-2.103591,1.457229,-2.014195,training_point
09:54:11.974,1,-4.556449,1.508262,-1.477483,training_point
09:54:11.974,2,-2.101489,1.457413,-2.016933,training_point
09:54:12.058,1,-4.556453,1.508939,-1.478017,training_point
09:54:12.058,2,-2.100791,1.456876,-2.018734,training_point
09:54:12.158,1,-4.555895,1.508817,-1.478178,training_point
09:54:12.158,2,-2.100153,1.45707,-2.020087,training_point
09:54:12.258,1,-4.55614,1.507779,-1.478845,training_point
09:54:12.258,2,-2.100331,1.456876,-2.021336,training_point
09:54:12.341,1,-4.555713,1.508278,-1.479013,training_point
09:54:12.341,2,-2.100207,1.457006,-2.02208,training_point
09:54:12.424,1,-4.55469,1.509065,-1.47876,training_point
09:54:12.425,2,-2.100076,1.457022,-2.022237,training_point
09:54:12.507,1,-4.554941,1.509699,-1.477991,training_point
09:54:12.507,2,-2.099415,1.457211,-2.022531,training_point
09:54:12.591,1,-4.555117,1.509132,-1.478054,training_point
09:54:12.592,2,-2.099542,1.457888,-2.022408,training_point
09:54:12.691,1,-4.555354,1.507177,-1.477949,training_point
09:54:12.691,2,-2.099618,1.457875,-2.022306,training_point
09:54:12.791,1,-4.555525,1.505835,-1.47757,training_point
09:54:12.791,2,-2.099516,1.457898,-2.022184,training_point
09:54:12.891,1,-4.55525,1.508949,-1.476613,training_point
09:54:12.892,2,-2.099334,1.457905,-2.022166,training_point
09:54:12.991,1,-4.555124,1.509836,-1.475619,training_point
09:54:12.992,2,-2.099465,1.457993,-2.022456,training_point
09:54:13.091,1,-4.55477,1.508883,-1.475458,training_point
09:54:13.093,2,-2.099828,1.457977,-2.022683,training_point
09:54:13.191,1,-4.554451,1.505537,-1.475677,training_point
09:54:13.191,2,-2.099934,1.457913,-2.022633,training_point
09:54:13.291,1,-4.552015,1.503636,-1.475153,training_point
09:54:13.292,2,-2.100347,1.458828,-2.02293,training_point
09:54:13.392,1,-4.552443,1.504457,-1.474656,training_point
09:54:13.393,2,-2.100565,1.458422,-2.022911,training_point
09:54:13.492,1,-4.551634,1.504746,-1.473899,training_point
09:54:13.492,2,-2.101099,1.458482,-2.023787,training_point
09:54:13.594,1,-4.552195,1.499656,-1.473778,training_point
09:54:13.594,2,-2.101555,1.458455,-2.024529,training_point
09:54:13.674,1,-4.552173,1.500039,-1.47335,training_point
09:54:13.674,2,-2.10203,1.458487,-2.025121,training_point
09:54:13.757,1,-4.552419,1.500429,-1.472718,training_point
09:54:13.758,2,-2.101859,1.458752,-2.025271,training_point
09:54:13.857,1,-4.550604,1.502092,-1.47059,training_point
09:54:13.858,2,-2.101915,1.458684,-2.02556,training_point
09:54:13.958,1,-4.549736,1.501611,-1.471122,training_point
09:54:13.959,2,-2.101992,1.459071,-2.0257,training_point
09:54:14.059,1,-4.549081,1.500004,-1.470751,training_point
09:54:14.060,2,-2.10189,1.458865,-2.026349,training_point
09:54:14.158,1,-4.548463,1.501269,-1.472459,training_point
09:54:14.158,2,-2.102113,1.458581,-2.02682,training_point
09:54:14.258,1,-4.547832,1.499944,-1.472503,training_point
09:54:14.258,2,-2.101972,1.458602,-2.027273,training_point
09:54:14.358,1,-4.541099,1.500766,-1.465883,training_point
09:54:14.358,2,-2.10226,1.45835,-2.028066,training_point
09:54:14.441,1,-4.538173,1.501533,-1.4662,training_point
09:54:14.441,2,-2.102763,1.458108,-2.028242,training_point
09:54:14.541,1,-4.534197,1.499158,-1.464145,training_point
09:54:14.541,2,-2.102971,1.457795,-2.028269,training_point
09:54:14.643,1,-4.531897,1.500535,-1.465025,training_point
09:54:14.643,2,-2.103059,1.4573,-2.02855,training_point
09:54:14.741,1,-4.525698,1.500227,-1.46752,training_point
09:54:14.741,2,-2.103393,1.455073,-2.028101,training_point
09:54:14.824,1,-4.522852,1.501312,-1.469691,training_point
09:54:14.824,2,-2.103637,1.452652,-2.028156,training_point
09:54:14.924,1,-4.522856,1.501436,-1.472318,training_point
09:54:14.925,2,-2.104173,1.449876,-2.027666,training_point
09:54:15.024,1,-4.521899,1.501003,-1.475559,training_point
09:54:15.024,2,-2.104767,1.448863,-2.027314,training_point
09:54:15.125,1,-4.519711,1.501998,-1.477468,training_point
09:54:15.125,2,-2.10539,1.447766,-2.027211,training_point
09:54:15.224,1,-4.51894,1.500976,-1.47763,training_point
09:54:15.224,2,-2.105566,1.446442,-2.027023,training_point
09:54:15.326,1,-4.520482,1.500364,-1.478212,training_point
09:54:15.327,2,-2.105592,1.446339,-2.026718,training_point
09:54:15.424,1,-4.517766,1.499988,-1.478384,training_point
09:54:15.424,2,-2.105354,1.446198,-2.026034,training_point
09:54:15.524,1,-4.514089,1.504652,-1.479693,training_point
09:54:15.524,2,-2.105402,1.446479,-2.025317,training_point
09:54:15.626,1,-4.509118,1.503656,-1.478661,training_point
09:54:15.627,2,-2.105289,1.446049,-2.025215,training_point
09:54:15.724,1,-4.505972,1.502527,-1.478776,training_point
09:54:15.724,2,-2.105429,1.445937,-2.024852,training_point
09:54:15.824,1,-4.497695,1.503848,-1.478649,training_point
09:54:15.824,2,-2.104366,1.445498,-2.023682,training_point
09:54:15.924,1,-4.494875,1.504375,-1.479969,training_point
09:54:15.924,2,-2.103583,1.445527,-2.022924,training_point
09:54:16.041,1,-4.493251,1.503986,-1.478966,training_point
09:54:16.042,2,-2.103366,1.445359,-2.022591,training_point
09:54:16.141,1,-4.48788,1.504262,-1.479895,training_point
09:54:16.141,2,-2.102565,1.445294,-2.020948,training_point
09:54:16.225,1,-4.484291,1.503769,-1.480854,training_point
09:54:16.225,2,-2.102437,1.445357,-2.020282,training_point
09:54:16.324,1,-4.481096,1.504527,-1.481539,training_point
09:54:16.324,2,-2.102364,1.445222,-2.020138,training_point
09:54:16.425,1,-4.480285,1.503869,-1.4817,training_point
09:54:16.425,2,-2.101834,1.445244,-2.01935,training_point
09:54:16.524,1,-4.477569,1.503659,-1.481627,training_point
09:54:16.524,2,-2.102441,1.445252,-2.019393,training_point
09:54:16.608,1,-4.479212,1.503643,-1.481242,training_point
09:54:16.608,2,-2.102776,1.445128,-2.018935,training_point
09:54:16.707,1,-4.480103,1.504263,-1.479576,training_point
09:54:16.708,2,-2.10337,1.445718,-2.018207,training_point
09:54:16.808,1,-4.479194,1.504229,-1.478445,training_point
09:54:16.808,2,-2.10345,1.446275,-2.018203,training_point
09:54:16.925,1,-4.47633,1.506773,-1.478183,training_point
09:54:16.925,2,-2.105693,1.446974,-2.0165,training_point
09:54:17.024,1,-4.47535,1.507423,-1.477831,training_point
09:54:17.024,2,-2.109105,1.446814,-2.014008,training_point
09:54:17.124,1,-4.47375,1.508192,-1.47733,training_point
09:54:17.124,2,-2.111944,1.446583,-2.011323,training_point
09:54:17.207,1,-4.473606,1.507399,-1.477457,training_point
09:54:17.208,2,-2.113099,1.446937,-2.010337,training_point
09:54:17.291,1,-4.471238,1.507979,-1.475969,training_point
09:54:17.291,2,-2.114831,1.446995,-2.009608,training_point
09:54:17.391,1,-4.469249,1.515167,-1.473739,training_point
09:54:17.392,2,-2.11725,1.446542,-2.008907,training_point
09:54:17.508,1,-4.467341,1.517939,-1.47403,training_point
09:54:17.510,2,-2.119756,1.447042,-2.008981,training_point
09:54:17.607,1,-4.465862,1.518536,-1.47442,training_point
09:54:17.608,2,-2.121323,1.446977,-2.010103,training_point
09:54:17.708,1,-4.46167,1.51709,-1.477522,training_point
09:54:17.709,2,-2.121892,1.447209,-2.010823,training_point
09:54:17.808,1,-4.456243,1.517168,-1.479462,training_point
09:54:17.808,2,-2.123014,1.447349,-2.0124,training_point
09:54:17.907,1,-4.452716,1.515402,-1.478415,training_point
09:54:17.908,2,-2.123473,1.447449,-2.013696,training_point
09:54:18.008,1,-4.450643,1.512834,-1.480213,training_point
09:54:18.008,2,-2.124171,1.447691,-2.014035,training_point
09:54:18.108,1,-4.446979,1.507798,-1.479588,training_point
09:54:18.110,2,-2.125698,1.447958,-2.015075,training_point
09:54:18.225,1,-4.443358,1.508178,-1.47987,training_point
09:54:18.225,2,-2.127576,1.448082,-2.016099,training_point
09:54:18.325,1,-4.441505,1.508866,-1.479881,training_point
09:54:18.325,2,-2.128757,1.448133,-2.017111,training_point
09:54:18.424,1,-4.436359,1.507854,-1.478476,training_point
09:54:18.424,2,-2.129803,1.447942,-2.017747,training_point
09:54:18.525,1,-4.435083,1.510848,-1.479928,training_point
09:54:18.525,2,-2.131068,1.448163,-2.018272,training_point
09:54:18.625,1,-4.434022,1.511175,-1.480444,training_point
09:54:18.626,2,-2.131647,1.448516,-2.017967,training_point
09:54:18.724,1,-4.436118,1.511569,-1.480434,training_point
09:54:18.724,2,-2.131435,1.448899,-2.016839,training_point
09:54:18.825,1,-4.437079,1.511755,-1.485883,training_point
09:54:18.825,2,-2.130451,1.448572,-2.015778,training_point
09:54:18.925,1,-4.437666,1.5163,-1.485721,training_point
09:54:18.925,2,-2.128444,1.449183,-2.014663,training_point
09:54:19.041,1,-4.441502,1.518136,-1.485657,training_point
09:54:19.041,2,-2.124958,1.449094,-2.013109,training_point
09:54:19.141,1,-4.444547,1.514659,-1.485839,training_point
09:54:19.141,2,-2.119819,1.449344,-2.013064,training_point
09:54:19.225,1,-4.445059,1.518443,-1.485844,training_point
09:54:19.225,2,-2.117915,1.449003,-2.013732,training_point
09:54:19.324,1,-4.44665,1.520826,-1.48439,training_point
09:54:19.324,2,-2.114637,1.449288,-2.014086,training_point
09:54:19.424,1,-4.450803,1.520055,-1.484425,training_point
09:54:19.424,2,-2.112149,1.449004,-2.015644,training_point
09:54:19.542,1,-4.45538,1.516279,-1.486645,training_point
09:54:19.542,2,-2.11055,1.449294,-2.017007,training_point
09:54:19.641,1,-4.459175,1.523432,-1.48772,training_point
09:54:19.643,2,-2.110905,1.449058,-2.019262,training_point
09:54:19.724,1,-4.462059,1.521289,-1.487982,training_point
09:54:19.724,2,-2.111906,1.449192,-2.020274,training_point
09:54:19.825,1,-4.468434,1.516874,-1.487068,training_point
09:54:19.825,2,-2.112968,1.449475,-2.020827,training_point
09:54:19.925,1,-4.478198,1.517131,-1.491505,training_point
09:54:19.925,2,-2.113434,1.449527,-2.020706,training_point
09:54:20.025,1,-4.481438,1.518586,-1.494409,training_point
09:54:20.026,2,-2.114406,1.451191,-2.020144,training_point
09:54:20.125,1,-4.488934,1.518141,-1.491313,training_point
09:54:20.125,2,-2.11421,1.453916,-2.01976,training_point
09:54:20.224,1,-4.491303,1.519629,-1.491817,training_point
09:54:20.225,2,-2.113306,1.455739,-2.019549,training_point
09:54:20.307,1,-4.492218,1.518489,-1.493251,training_point
09:54:20.308,2,-2.111165,1.456366,-2.019819,training_point
09:54:20.392,1,-4.494594,1.520653,-1.491778,training_point
09:54:20.392,2,-2.108234,1.456931,-2.020328,training_point
09:54:20.491,1,-4.503465,1.521828,-1.490668,training_point
09:54:20.492,2,-2.104563,1.45812,-2.021799,training_point
09:54:20.593,1,-4.505949,1.522309,-1.491673,training_point
09:54:20.593,2,-2.099813,1.459062,-2.025849,training_point
09:54:20.691,1,-4.508596,1.522646,-1.490593,training_point
09:54:20.692,2,-2.096013,1.459571,-2.029498,training_point
09:54:20.791,1,-4.513014,1.521383,-1.490833,training_point
09:54:20.791,2,-2.095391,1.459434,-2.031779,training_point
09:54:20.874,1,-4.525125,1.522318,-1.486446,training_point
09:54:20.874,2,-2.099359,1.460312,-2.032827,training_point
09:54:20.957,1,-4.526039,1.524495,-1.487475,training_point
09:54:20.958,2,-2.114696,1.460484,-2.036346,training_point
09:54:21.041,1,-4.535555,1.523294,-1.48555,training_point
09:54:21.041,2,-2.125347,1.460476,-2.03706,training_point
09:54:21.124,1,-4.539321,1.52252,-1.486783,training_point
09:54:21.124,2,-2.1586,1.460584,-2.041689,training_point
09:54:21.209,1,-4.549828,1.522165,-1.488404,training_point
09:54:21.210,2,-2.188077,1.461224,-2.043385,training_point
09:54:21.308,1,-4.552541,1.522333,-1.483779,training_point
09:54:21.308,2,-2.233331,1.461088,-2.037801,training_point
09:54:21.410,1,-4.554525,1.523469,-1.482589,training_point
09:54:21.410,2,-2.311581,1.460533,-2.050081,training_point
09:54:21.524,1,-4.558644,1.523797,-1.479127,training_point
09:54:21.524,2,-2.400424,1.460331,-2.056704,training_point
09:54:21.624,1,-4.561101,1.523216,-1.477736,training_point
09:54:21.624,2,-2.454049,1.460512,-2.067317,training_point
09:54:21.708,1,-4.562474,1.523291,-1.47661,training_point
09:54:21.708,2,-2.503694,1.46056,-2.078796,training_point
09:54:21.808,1,-4.567436,1.522827,-1.476997,training_point
09:54:21.809,2,-2.532094,1.460437,-2.086665,training_point
09:54:21.925,1,-4.570434,1.521852,-1.474417,training_point
09:54:21.926,2,-2.576741,1.460707,-2.109344,training_point
09:54:22.024,1,-4.573097,1.524009,-1.472848,training_point
09:54:22.024,2,-2.600975,1.460684,-2.120613,training_point
09:54:22.107,1,-4.574074,1.523148,-1.472196,training_point
09:54:22.108,2,-2.618518,1.460462,-2.129997,training_point
09:54:22.208,1,-4.575146,1.522346,-1.472123,training_point
09:54:22.208,2,-2.624367,1.460511,-2.134476,training_point
09:54:22.326,1,-4.578973,1.521778,-1.472212,training_point
09:54:22.327,2,-2.637925,1.46019,-2.144111,training_point
09:54:22.424,1,-4.580303,1.52247,-1.472396,training_point
09:54:22.424,2,-2.646202,1.460256,-2.150289,training_point
09:54:22.525,1,-4.580052,1.521912,-1.474798,training_point
09:54:22.525,2,-2.652377,1.46031,-2.154982,training_point
09:54:22.624,1,-4.581529,1.520917,-1.476449,training_point
09:54:22.624,2,-2.658142,1.460681,-2.159944,training_point
09:54:22.725,1,-4.583229,1.520776,-1.477814,training_point
09:54:22.725,2,-2.662106,1.461654,-2.163798,training_point
09:54:22.824,1,-4.583389,1.521198,-1.481135,training_point
09:54:22.824,2,-2.666388,1.462814,-2.166765,training_point
09:54:22.925,1,-4.584383,1.518535,-1.480896,training_point
09:54:22.925,2,-2.668895,1.463771,-2.168324,training_point
09:54:23.024,1,-4.585943,1.51471,-1.48566,training_point
09:54:23.025,2,-2.670715,1.464641,-2.169132,training_point
09:54:23.107,1,-4.589084,1.517727,-1.484911,training_point
09:54:23.108,2,-2.672636,1.46526,-2.169643,training_point
09:54:23.208,1,-4.591573,1.516396,-1.486778,training_point
09:54:23.209,2,-2.67297,1.465931,-2.169458,training_point
09:54:23.308,1,-4.592657,1.515412,-1.495019,training_point
09:54:23.309,2,-2.673144,1.467046,-2.169634,training_point
09:54:23.409,1,-4.593252,1.515889,-1.494389,training_point
09:54:23.409,2,-2.673119,1.467425,-2.1693,training_point
09:54:23.510,1,-4.592859,1.518036,-1.493687,training_point
09:54:23.510,2,-2.673203,1.467951,-2.169382,training_point
09:54:23.608,1,-4.590327,1.517848,-1.492812,training_point
09:54:23.609,2,-2.673045,1.468594,-2.169389,training_point
09:54:23.708,1,-4.590102,1.519271,-1.492992,training_point
09:54:23.708,2,-2.673193,1.469581,-2.169678,training_point
09:54:23.808,1,-4.589912,1.518231,-1.492486,training_point
09:54:23.809,2,-2.673108,1.470045,-2.170095,training_point
09:54:23.910,1,-4.590435,1.520766,-1.492088,training_point
09:54:23.910,2,-2.673578,1.470576,-2.170986,training_point
09:54:23.991,1,-4.590287,1.520651,-1.491389,training_point
09:54:23.991,2,-2.673826,1.469148,-2.171304,training_point
09:54:24.141,1,-4.589886,1.521351,-1.491211,training_point
09:54:24.141,2,-2.674007,1.468754,-2.172036,training_point
09:54:24.241,1,-4.59084,1.517662,-1.490106,training_point
09:54:24.242,2,-2.674253,1.466466,-2.172751,training_point
09:54:24.341,1,-4.590003,1.512276,-1.489664,training_point
09:54:24.342,2,-2.67452,1.465024,-2.173496,training_point
09:54:24.424,1,-4.590386,1.516229,-1.488133,training_point
09:54:24.424,2,-2.674601,1.449235,-2.17375,training_point
09:54:24.508,1,-4.590997,1.517416,-1.489166,training_point
09:54:24.509,2,-2.675127,1.412606,-2.174462,training_point
09:54:24.608,1,-4.590444,1.519519,-1.489064,training_point
09:54:24.609,2,-2.675992,1.408737,-2.174685,training_point
09:54:24.691,1,-4.590487,1.51951,-1.488036,training_point
09:54:24.691,2,-2.67614,1.409153,-2.175132,training_point
09:54:24.791,1,-4.589649,1.520613,-1.487505,training_point
09:54:24.793,2,-2.676151,1.410874,-2.174881,training_point
09:54:24.892,1,-4.58955,1.520498,-1.487487,training_point
09:54:24.892,2,-2.676119,1.411485,-2.174705,training_point
09:54:24.991,1,-4.588923,1.521307,-1.48759,training_point
09:54:24.991,2,-2.676084,1.416319,-2.174476,training_point
09:54:25.091,1,-4.589361,1.520767,-1.487695,training_point
09:54:25.091,2,-2.675939,1.418483,-2.174197,training_point
09:54:25.192,1,-4.589313,1.521191,-1.486738,training_point
09:54:25.193,2,-2.675997,1.418038,-2.17391,training_point
09:54:25.292,1,-4.587041,1.521312,-1.486614,training_point
09:54:25.292,2,-2.675582,1.418809,-2.173825,training_point
09:54:25.392,1,-4.586105,1.522249,-1.484236,training_point
09:54:25.393,2,-2.675572,1.415924,-2.173293,training_point
09:54:25.492,1,-4.586015,1.521942,-1.485118,training_point
09:54:25.492,2,-2.675031,1.413766,-2.172462,training_point
09:54:25.591,1,-4.585789,1.520016,-1.485321,training_point
09:54:25.592,2,-2.675005,1.410869,-2.171493,training_point
09:54:25.691,1,-4.584529,1.517725,-1.485527,training_point
09:54:25.691,2,-2.674993,1.409019,-2.171229,training_point
09:54:25.774,1,-4.581796,1.517238,-1.486008,training_point
09:54:25.774,2,-2.674886,1.408536,-2.170996,training_point
09:54:25.858,1,-4.581709,1.513958,-1.486236,training_point
09:54:25.858,2,-2.675034,1.407836,-2.170941,training_point
09:54:25.958,1,-4.576488,1.514154,-1.484477,training_point
09:54:25.959,2,-2.674969,1.406952,-2.170914,training_point
09:54:26.041,1,-4.574199,1.51134,-1.483001,training_point
09:54:26.041,2,-2.675025,1.406972,-2.171014,training_point
09:54:26.193,1,-4.572639,1.514636,-1.482023,training_point
09:54:26.193,2,-2.674994,1.406802,-2.170336,training_point
09:54:26.274,1,-4.564815,1.511416,-1.479174,training_point
09:54:26.274,2,-2.675067,1.406878,-2.17015,training_point
09:54:26.358,1,-4.557185,1.506339,-1.475104,training_point
09:54:26.358,2,-2.675063,1.406732,-2.170067,training_point
09:54:26.441,1,-4.550683,1.509412,-1.475714,training_point
09:54:26.441,2,-2.675057,1.406365,-2.16967,training_point
09:54:26.541,1,-4.547122,1.508902,-1.473039,training_point
09:54:26.541,2,-2.675028,1.405803,-2.169634,training_point
09:54:26.642,1,-4.539005,1.508449,-1.469508,training_point
09:54:26.642,2,-2.67462,1.405505,-2.169861,training_point
09:54:26.742,1,-4.535747,1.507655,-1.468898,training_point
09:54:26.742,2,-2.674399,1.404914,-2.170092,training_point
09:54:26.841,1,-4.523483,1.507105,-1.465747,training_point
09:54:26.841,2,-2.674053,1.404694,-2.17032,training_point
09:54:26.924,1,-4.520018,1.506982,-1.467583,training_point
09:54:26.924,2,-2.674101,1.403874,-2.170432,training_point
09:54:27.074,1,-4.512616,1.506689,-1.467744,training_point
09:54:27.075,2,-2.673929,1.403381,-2.17043,training_point
09:54:27.157,1,-4.510719,1.505284,-1.467515,training_point
09:54:27.158,2,-2.673626,1.403022,-2.170396,training_point
09:54:27.327,1,-4.495689,1.505135,-1.466592,training_point
09:54:27.327,2,-2.673098,1.40286,-2.170764,training_point
09:54:27.424,1,-4.4846,1.503504,-1.468284,training_point
09:54:27.425,2,-2.672331,1.403041,-2.17096,training_point
09:54:27.524,1,-4.481673,1.504619,-1.46599,training_point
09:54:27.524,2,-2.671822,1.403266,-2.171118,training_point
09:54:27.625,1,-4.480148,1.504271,-1.466906,training_point
09:54:27.625,2,-2.671471,1.403636,-2.17123,training_point
09:54:27.725,1,-4.479107,1.502738,-1.464251,training_point
09:54:27.725,2,-2.670718,1.404109,-2.171701,training_point
09:54:27.826,1,-4.477533,1.503794,-1.463824,training_point
09:54:27.827,2,-2.669519,1.404296,-2.171563,training_point
09:54:27.908,1,-4.476237,1.50383,-1.464108,training_point
09:54:27.908,2,-2.668653,1.404434,-2.172207,training_point
09:54:27.991,1,-4.477032,1.502902,-1.462412,training_point
09:54:27.991,2,-2.667934,1.404549,-2.171935,training_point
09:54:28.091,1,-4.478854,1.504098,-1.462739,training_point
09:54:28.092,2,-2.667601,1.40487,-2.17167,training_point
09:54:28.192,1,-4.478511,1.504099,-1.46281,training_point
09:54:28.192,2,-2.667048,1.404902,-2.171659,training_point
09:54:28.292,1,-4.479524,1.506437,-1.46196,training_point
09:54:28.293,2,-2.666326,1.404512,-2.171373,training_point
09:54:28.393,1,-4.479753,1.505723,-1.462616,training_point
09:54:28.393,2,-2.665935,1.404315,-2.171777,training_point
09:54:28.492,1,-4.479931,1.509242,-1.461858,training_point
09:54:28.492,2,-2.665693,1.404222,-2.171881,training_point
09:54:28.592,1,-4.48151,1.508988,-1.462492,training_point
09:54:28.592,2,-2.665448,1.404417,-2.171716,training_point
09:54:28.691,1,-4.483805,1.510382,-1.463063,training_point
09:54:28.692,2,-2.664991,1.404379,-2.1713,training_point
09:54:28.792,1,-4.485241,1.512314,-1.464849,training_point
09:54:28.792,2,-2.664882,1.404434,-2.17102,training_point
09:54:28.891,1,-4.48612,1.512916,-1.464534,training_point
09:54:28.892,2,-2.664776,1.404247,-2.170409,training_point
09:54:28.991,1,-4.488241,1.513334,-1.463423,training_point
09:54:28.991,2,-2.664664,1.404266,-2.169904,training_point
09:54:29.092,1,-4.487905,1.515823,-1.464367,training_point
09:54:29.092,2,-2.664566,1.404292,-2.168372,training_point
09:54:29.191,1,-4.489172,1.517014,-1.465756,training_point
09:54:29.191,2,-2.664642,1.404314,-2.168133,training_point
09:54:29.274,1,-4.489687,1.518106,-1.467495,training_point
09:54:29.274,2,-2.664615,1.404184,-2.167666,training_point
09:54:29.374,1,-4.492162,1.521063,-1.470383,training_point
09:54:29.374,2,-2.664635,1.404116,-2.167094,training_point
09:54:29.474,1,-4.492311,1.523892,-1.470396,training_point
09:54:29.474,2,-2.664873,1.40409,-2.165692,training_point
09:54:29.558,1,-4.49441,1.523361,-1.471626,training_point
09:54:29.558,2,-2.664865,1.404096,-2.165137,training_point
09:54:29.641,1,-4.495969,1.522997,-1.47413,training_point
09:54:29.641,2,-2.664893,1.404005,-2.16486,training_point
09:54:29.724,1,-4.497261,1.523578,-1.47444,training_point
09:54:29.724,2,-2.664904,1.404272,-2.164682,training_point
09:54:29.808,1,-4.496726,1.523542,-1.47405,training_point
09:54:29.809,2,-2.664817,1.404236,-2.164689,training_point
09:54:29.908,1,-4.499785,1.523235,-1.476233,training_point
09:54:29.908,2,-2.664997,1.404384,-2.164572,training_point
09:54:30.008,1,-4.499107,1.522172,-1.475468,training_point
09:54:30.009,2,-2.665109,1.404357,-2.164254,training_point
09:54:30.108,1,-4.498643,1.521466,-1.475616,training_point
09:54:30.109,2,-2.664866,1.404134,-2.164053,training_point
09:54:30.208,1,-4.498622,1.522361,-1.475641,training_point
09:54:30.208,2,-2.664705,1.403988,-2.164197,training_point
09:54:30.308,1,-4.499029,1.521542,-1.475821,training_point
09:54:30.309,2,-2.664646,1.40392,-2.164334,training_point
09:54:30.408,1,-4.500524,1.519574,-1.475632,training_point
09:54:30.409,2,-2.664703,1.403889,-2.164976,training_point
09:54:30.508,1,-4.504442,1.519501,-1.47501,training_point
09:54:30.509,2,-2.664219,1.403552,-2.164832,training_point
09:54:30.608,1,-4.503911,1.519286,-1.474932,training_point
09:54:30.608,2,-2.664182,1.402948,-2.16505,training_point
09:54:30.708,1,-4.509975,1.522677,-1.47573,training_point
09:54:30.709,2,-2.664031,1.402587,-2.164866,training_point
09:54:30.808,1,-4.511247,1.519311,-1.474326,training_point
09:54:30.810,2,-2.663605,1.402312,-2.164851,training_point
09:54:30.908,1,-4.512552,1.51795,-1.472399,training_point
09:54:30.908,2,-2.663173,1.401699,-2.164661,training_point
09:54:31.008,1,-4.513524,1.518217,-1.472282,training_point
09:54:31.009,2,-2.662616,1.401786,-2.164801,training_point
09:54:31.108,1,-4.515298,1.517719,-1.471731,training_point
09:54:31.108,2,-2.662442,1.401946,-2.164969,training_point
09:54:31.208,1,-4.516437,1.516126,-1.471305,training_point
09:54:31.208,2,-2.662315,1.401861,-2.164885,training_point
09:54:31.309,1,-4.51835,1.514797,-1.470038,training_point
09:54:31.310,2,-2.662353,1.401748,-2.165019,training_point
09:54:31.408,1,-4.520985,1.513827,-1.470923,training_point
09:54:31.410,2,-2.662353,1.401467,-2.165007,training_point
09:54:31.525,1,-4.520001,1.513707,-1.470511,training_point
09:54:31.525,2,-2.662955,1.401264,-2.165494,training_point
09:54:31.625,1,-4.523484,1.51243,-1.473066,training_point
09:54:31.625,2,-2.663062,1.401007,-2.1656,training_point
09:54:31.724,1,-4.523447,1.510285,-1.471866,training_point
09:54:31.724,2,-2.663295,1.400487,-2.165609,training_point
09:54:31.808,1,-4.528828,1.511873,-1.468965,training_point
09:54:31.808,2,-2.663366,1.400408,-2.165336,training_point
09:54:31.908,1,-4.525963,1.51243,-1.469601,training_point
09:54:31.909,2,-2.663548,1.400818,-2.165378,training_point
09:54:32.008,1,-4.527449,1.513049,-1.471273,training_point
09:54:32.008,2,-2.663507,1.400814,-2.16495,training_point
09:54:32.108,1,-4.526472,1.512866,-1.469476,training_point
09:54:32.108,2,-2.663452,1.400809,-2.164892,training_point
09:54:32.208,1,-4.526125,1.513107,-1.475124,training_point
09:54:32.209,2,-2.663532,1.400986,-2.164848,training_point
09:54:32.291,1,-4.523979,1.513562,-1.476563,training_point
09:54:32.291,2,-2.663649,1.401042,-2.16488,training_point
09:54:32.374,1,-4.524279,1.512913,-1.476567,training_point
09:54:32.374,2,-2.663755,1.401124,-2.164571,training_point
09:54:32.474,1,-4.525131,1.512827,-1.475646,training_point
09:54:32.475,2,-2.663839,1.400987,-2.16438,training_point
09:54:32.576,1,-4.524812,1.512721,-1.476297,training_point
09:54:32.576,2,-2.663974,1.40107,-2.164288,training_point
09:54:32.674,1,-4.525481,1.511676,-1.476267,training_point
09:54:32.675,2,-2.664485,1.401039,-2.164099,training_point
09:54:32.774,1,-4.526456,1.512367,-1.476647,training_point
09:54:32.775,2,-2.664988,1.401019,-2.163367,training_point
09:54:32.874,1,-4.524508,1.512906,-1.478534,training_point
09:54:32.875,2,-2.665049,1.401092,-2.163258,training_point
09:54:32.974,1,-4.524627,1.511977,-1.47864,training_point
09:54:32.975,2,-2.665528,1.401023,-2.163448,training_point
09:54:33.075,1,-4.523318,1.51246,-1.478474,training_point
09:54:33.075,2,-2.66551,1.400882,-2.162914,training_point
09:54:33.174,1,-4.525656,1.512634,-1.478139,training_point
09:54:33.174,2,-2.665788,1.400917,-2.162573,training_point
09:54:33.274,1,-4.525353,1.512597,-1.478721,training_point
09:54:33.276,2,-2.665933,1.40104,-2.162431,training_point
09:54:33.374,1,-4.524855,1.512197,-1.480227,training_point
09:54:33.375,2,-2.666276,1.400961,-2.162577,training_point
09:54:33.475,1,-4.525035,1.512321,-1.480645,training_point
09:54:33.475,2,-2.666454,1.401436,-2.162243,training_point
09:54:33.576,1,-4.525524,1.51292,-1.480931,training_point
09:54:33.576,2,-2.666846,1.401535,-2.161933,training_point
09:54:33.675,1,-4.525437,1.512118,-1.480804,training_point
09:54:33.676,2,-2.667011,1.401928,-2.161967,training_point
09:54:33.775,1,-4.525448,1.511346,-1.48093,training_point
09:54:33.775,2,-2.666999,1.402217,-2.161721,training_point
09:54:33.876,1,-4.524774,1.513146,-1.481673,training_point
09:54:33.876,2,-2.666876,1.402405,-2.161519,training_point
09:54:33.958,1,-4.524067,1.514661,-1.482257,training_point
09:54:33.958,2,-2.666857,1.402459,-2.161499,training_point
09:54:34.041,1,-4.523685,1.514822,-1.48248,training_point
09:54:34.041,2,-2.666814,1.402718,-2.161465,training_point
09:54:34.142,1,-4.522951,1.514692,-1.48298,training_point
09:54:34.142,2,-2.666989,1.402854,-2.160884,training_point
09:54:34.242,1,-4.523167,1.513863,-1.483456,training_point
09:54:34.242,2,-2.666893,1.402958,-2.160853,training_point
09:54:34.341,1,-4.523573,1.513521,-1.483808,training_point
09:54:34.341,2,-2.667004,1.403146,-2.161034,training_point
09:54:34.441,1,-4.523657,1.511463,-1.484317,training_point
09:54:34.441,2,-2.667057,1.403175,-2.161753,training_point
09:54:34.542,1,-4.524205,1.51214,-1.484757,training_point
09:54:34.542,2,-2.667005,1.403158,-2.162333,training_point
09:54:34.641,1,-4.525628,1.510425,-1.484554,training_point
09:54:34.641,2,-2.667234,1.40312,-2.162834,training_point
09:54:34.742,1,-4.541166,1.511816,-1.487244,training_point
09:54:34.742,2,-2.66727,1.403102,-2.162836,training_point
09:54:34.843,1,-4.542387,1.513848,-1.488749,training_point
09:54:34.844,2,-2.667415,1.403024,-2.162912,training_point
09:54:34.941,1,-4.551076,1.511638,-1.489011,training_point
09:54:34.942,2,-2.667383,1.403106,-2.162976,training_point
09:54:35.041,1,-4.570385,1.510031,-1.485903,training_point
09:54:35.041,2,-2.667318,1.402966,-2.162976,training_point
09:54:35.125,1,-4.574548,1.512454,-1.487458,training_point
09:54:35.126,2,-2.667222,1.402701,-2.163043,training_point
09:54:35.225,1,-4.584377,1.50618,-1.491048,training_point
09:54:35.226,2,-2.667514,1.402734,-2.164171,training_point
09:54:35.324,1,-4.601419,1.504994,-1.491537,training_point
09:54:35.325,2,-2.667811,1.402625,-2.1646,training_point
09:54:35.425,1,-4.618375,1.506441,-1.498375,training_point
09:54:35.425,2,-2.668114,1.402338,-2.165101,training_point
09:54:35.524,1,-4.625018,1.506974,-1.501332,training_point
09:54:35.525,2,-2.668303,1.4022,-2.165727,training_point
09:54:35.625,1,-4.635205,1.508176,-1.501263,training_point
09:54:35.625,2,-2.668481,1.40218,-2.165724,training_point
09:54:35.725,1,-4.644847,1.508407,-1.510677,training_point
09:54:35.726,2,-2.669922,1.402467,-2.165513,training_point
09:54:35.825,1,-4.659227,1.508798,-1.521447,training_point
09:54:35.827,2,-2.670975,1.402632,-2.165885,training_point
09:54:35.927,1,-4.656495,1.508426,-1.529801,training_point
09:54:35.927,2,-2.674111,1.402462,-2.163517,training_point
09:54:36.026,1,-4.656517,1.507743,-1.53971,training_point
09:54:36.027,2,-2.675158,1.4024,-2.163137,training_point
09:54:36.125,1,-4.64719,1.507523,-1.560546,training_point
09:54:36.125,2,-2.677541,1.402205,-2.159415,training_point
09:54:36.225,1,-4.636004,1.50777,-1.578904,training_point
09:54:36.227,2,-2.678413,1.401969,-2.157218,training_point
09:54:36.326,1,-4.613173,1.507462,-1.596196,training_point
09:54:36.327,2,-2.677691,1.401792,-2.15595,training_point
09:54:36.425,1,-4.573322,1.506162,-1.62171,training_point
09:54:36.425,2,-2.677701,1.401839,-2.15294,training_point
09:54:36.524,1,-4.556741,1.506893,-1.639529,training_point
09:54:36.524,2,-2.677075,1.401641,-2.152154,training_point
09:54:36.625,1,-4.535756,1.506807,-1.662158,training_point
09:54:36.626,2,-2.675426,1.401611,-2.147174,training_point
09:54:36.727,1,-4.515992,1.506856,-1.667775,training_point
09:54:36.727,2,-2.674573,1.401802,-2.146421,training_point
09:54:36.825,1,-4.503553,1.506916,-1.692173,training_point
09:54:36.827,2,-2.673722,1.401766,-2.14499,training_point
09:54:36.926,1,-4.485118,1.506369,-1.708874,training_point
09:54:36.926,2,-2.67291,1.401912,-2.139945,training_point
09:54:37.024,1,-4.484452,1.507056,-1.709343,training_point
09:54:37.024,2,-2.671339,1.401745,-2.135594,training_point
09:54:37.126,1,-4.479951,1.507121,-1.715412,training_point
09:54:37.127,2,-2.670585,1.401687,-2.133463,training_point
09:54:37.226,1,-4.477329,1.507436,-1.71611,training_point
09:54:37.227,2,-2.670869,1.401653,-2.132318,training_point
09:54:37.324,1,-4.476982,1.508098,-1.714588,training_point
09:54:37.324,2,-2.67164,1.401716,-2.13077,training_point
09:54:37.426,1,-4.477315,1.508224,-1.714366,training_point
09:54:37.426,2,-2.672465,1.401754,-2.129422,training_point
09:54:37.525,1,-4.475788,1.507886,-1.71811,training_point
09:54:37.525,2,-2.674645,1.401878,-2.125637,training_point
09:54:37.624,1,-4.474211,1.506304,-1.718971,training_point
09:54:37.625,2,-2.674902,1.401898,-2.124676,training_point
09:54:37.708,1,-4.467855,1.50699,-1.724103,training_point
09:54:37.709,2,-2.67529,1.401969,-2.123944,training_point
09:54:37.808,1,-4.46483,1.507147,-1.731001,training_point
09:54:37.808,2,-2.67565,1.401879,-2.124131,training_point
09:54:37.908,1,-4.460936,1.504354,-1.727304,training_point
09:54:37.909,2,-2.675566,1.401677,-2.124794,training_point
09:54:38.008,1,-4.445124,1.502898,-1.748093,training_point
09:54:38.009,2,-2.675324,1.401597,-2.125525,training_point
09:54:38.108,1,-4.438502,1.507788,-1.761505,training_point
09:54:38.108,2,-2.674882,1.401455,-2.128555,training_point
09:54:38.208,1,-4.420174,1.505102,-1.748095,training_point
09:54:38.208,2,-2.670754,1.401355,-2.131371,training_point
09:54:38.291,1,-4.40295,1.494961,-1.751902,training_point
09:54:38.292,2,-2.668246,1.401519,-2.132827,training_point
09:54:38.392,1,-4.389742,1.493553,-1.740618,training_point
09:54:38.392,2,-2.665068,1.401655,-2.133898,training_point
09:54:38.492,1,-4.360471,1.479109,-1.728276,training_point
09:54:38.492,2,-2.659781,1.401908,-2.135956,training_point
09:54:38.592,1,-4.319074,1.476384,-1.704412,training_point
09:54:38.592,2,-2.655868,1.402237,-2.137878,training_point
09:54:38.691,1,-4.286549,1.477222,-1.67536,training_point
09:54:38.691,2,-2.652683,1.402472,-2.139789,training_point
09:54:38.792,1,-4.228942,1.465125,-1.648334,training_point
09:54:38.792,2,-2.650098,1.402941,-2.141052,training_point
09:54:38.891,1,-4.184904,1.468739,-1.626136,training_point
09:54:38.892,2,-2.649127,1.403459,-2.1429,training_point
09:54:38.992,1,-4.144218,1.463995,-1.6012,training_point
09:54:38.993,2,-2.64907,1.405732,-2.144738,training_point
09:54:39.092,1,-4.102673,1.463892,-1.592408,training_point
09:54:39.093,2,-2.649961,1.407048,-2.146381,training_point
09:54:39.192,1,-4.052462,1.472049,-1.583962,training_point
09:54:39.193,2,-2.652027,1.408862,-2.146734,training_point
09:54:39.274,1,-4.014436,1.474312,-1.586463,training_point
09:54:39.274,2,-2.660204,1.409889,-2.148876,training_point
09:54:39.358,1,-3.980875,1.483832,-1.588787,training_point
09:54:39.358,2,-2.664171,1.41049,-2.150085,training_point
09:54:39.458,1,-3.930695,1.502832,-1.608174,training_point
09:54:39.458,2,-2.671158,1.409958,-2.150224,training_point
09:54:39.542,1,-3.889138,1.507103,-1.626778,training_point
09:54:39.542,2,-2.675071,1.409417,-2.150257,training_point
09:54:39.641,1,-3.822757,1.501724,-1.667763,training_point
09:54:39.641,2,-2.678519,1.408982,-2.148809,training_point
09:54:39.741,1,-3.777905,1.514236,-1.697444,training_point
09:54:39.741,2,-2.679526,1.408881,-2.144435,training_point
09:54:39.842,1,-3.739598,1.516423,-1.718388,training_point
09:54:39.842,2,-2.677897,1.409265,-2.138813,training_point
09:54:39.942,1,-3.702249,1.515718,-1.724683,training_point
09:54:39.942,2,-2.672273,1.40959,-2.130675,training_point
09:54:40.024,1,-3.679099,1.516986,-1.755937,training_point
09:54:40.024,2,-2.662222,1.410148,-2.123772,training_point
09:54:40.108,1,-3.664376,1.514226,-1.76197,training_point
09:54:40.108,2,-2.655229,1.410729,-2.120908,training_point
09:54:40.208,1,-3.661139,1.514995,-1.76819,training_point
09:54:40.208,2,-2.644375,1.410785,-2.116721,training_point
09:54:40.310,1,-3.661915,1.511435,-1.771622,training_point
09:54:40.310,2,-2.634084,1.411406,-2.11482,training_point
09:54:40.409,1,-3.660185,1.509411,-1.775443,training_point
09:54:40.409,2,-2.62554,1.413059,-2.11494,training_point
09:54:40.508,1,-3.655672,1.507842,-1.783005,training_point
09:54:40.509,2,-2.61517,1.415807,-2.115468,training_point
09:54:40.609,1,-3.654792,1.507852,-1.785771,training_point
09:54:40.610,2,-2.608481,1.416193,-2.116425,training_point
09:54:40.708,1,-3.654412,1.507682,-1.791571,training_point
09:54:40.709,2,-2.603672,1.41657,-2.117352,training_point
09:54:40.808,1,-3.665321,1.508895,-1.793171,training_point
09:54:40.808,2,-2.600457,1.416921,-2.116828,training_point
09:54:40.909,1,-3.666653,1.510766,-1.793099,training_point
09:54:40.909,2,-2.598673,1.416878,-2.117195,training_point
09:54:41.008,1,-3.666509,1.512666,-1.794155,training_point
09:54:41.009,2,-2.597143,1.417288,-2.117092,training_point
09:54:41.108,1,-3.664363,1.519043,-1.797945,training_point
09:54:41.108,2,-2.596605,1.417012,-2.117373,training_point
09:54:41.208,1,-3.660451,1.524024,-1.801485,training_point
09:54:41.209,2,-2.596994,1.417234,-2.117788,training_point
09:54:41.309,1,-3.659283,1.50641,-1.802224,training_point
09:54:41.309,2,-2.597058,1.417327,-2.117884,training_point
09:54:41.410,1,-3.658418,1.497528,-1.803128,training_point
09:54:41.410,2,-2.597188,1.417439,-2.117929,training_point
09:54:41.509,1,-3.6574,1.496529,-1.804817,training_point
09:54:41.509,2,-2.597982,1.416663,-2.117864,training_point
09:54:41.608,1,-3.656568,1.488722,-1.806053,training_point
09:54:41.609,2,-2.599293,1.416675,-2.117483,training_point
09:54:41.708,1,-3.658472,1.49148,-1.807944,training_point
09:54:41.708,2,-2.601298,1.417684,-2.117658,training_point
09:54:41.791,1,-3.660124,1.495231,-1.810345,training_point
09:54:41.791,2,-2.602407,1.418657,-2.117472,training_point
09:54:41.874,1,-3.662668,1.497672,-1.81227,training_point
09:54:41.874,2,-2.60355,1.418719,-2.117335,training_point
09:54:41.974,1,-3.676251,1.497426,-1.819948,training_point
09:54:41.975,2,-2.605583,1.419343,-2.116952,training_point
09:54:42.074,1,-3.702598,1.500126,-1.831992,training_point
09:54:42.075,2,-2.60764,1.420376,-2.116317,training_point
09:54:42.176,1,-3.696006,1.502822,-1.852846,training_point
09:54:42.177,2,-2.609215,1.420444,-2.11574,training_point
09:54:42.274,1,-3.702057,1.504169,-1.87071,training_point
09:54:42.275,2,-2.611078,1.421751,-2.115779,training_point
09:54:42.375,1,-3.756075,1.508116,-1.898684,training_point
09:54:42.375,2,-2.613601,1.422518,-2.114357,training_point
09:54:42.474,1,-3.77766,1.506218,-1.909748,training_point
09:54:42.475,2,-2.61476,1.424907,-2.114137,training_point
09:54:42.574,1,-3.822632,1.505282,-1.945464,training_point
09:54:42.574,2,-2.616356,1.426241,-2.114497,training_point
09:54:42.677,1,-3.835383,1.499768,-1.951573,training_point
09:54:42.677,2,-2.616791,1.42793,-2.114277,training_point
09:54:42.774,1,-3.857561,1.51509,-1.971496,training_point
09:54:42.775,2,-2.617341,1.427312,-2.114751,training_point
09:54:42.874,1,-3.868422,1.517372,-1.980854,training_point
09:54:42.875,2,-2.617495,1.426653,-2.114944,training_point
09:54:42.975,1,-3.883855,1.518629,-1.995308,training_point
09:54:42.976,2,-2.617715,1.426947,-2.115371,training_point
09:54:43.075,1,-3.893607,1.518803,-2.013878,training_point
09:54:43.075,2,-2.617372,1.429173,-2.115962,training_point
09:54:43.174,1,-3.900987,1.517553,-2.039934,training_point
09:54:43.174,2,-2.616042,1.430327,-2.116522,training_point
09:54:43.258,1,-3.895284,1.519153,-2.051165,training_point
09:54:43.258,2,-2.614996,1.433684,-2.117484,training_point
09:54:43.358,1,-3.89039,1.518924,-2.070897,training_point
09:54:43.358,2,-2.613125,1.435272,-2.117668,training_point
09:54:43.458,1,-3.88273,1.517558,-2.087995,training_point
09:54:43.458,2,-2.61191,1.436525,-2.116801,training_point
09:54:43.541,1,-3.88046,1.518357,-2.104035,training_point
09:54:43.541,2,-2.610648,1.437382,-2.1162,training_point
09:54:43.625,1,-3.878703,1.515778,-2.113998,training_point
09:54:43.625,2,-2.610083,1.437432,-2.116168,training_point
09:54:43.724,1,-3.877481,1.514116,-2.121058,training_point
09:54:43.724,2,-2.608763,1.437713,-2.115449,training_point
09:54:43.808,1,-3.879998,1.513205,-2.124511,training_point
09:54:43.808,2,-2.608537,1.437839,-2.115215,training_point
09:54:43.909,1,-3.891962,1.51273,-2.13445,training_point
09:54:43.910,2,-2.608273,1.437719,-2.113437,training_point
09:54:44.008,1,-3.916007,1.512474,-2.134428,training_point
09:54:44.008,2,-2.608454,1.437796,-2.112588,training_point
09:54:44.109,1,-3.935467,1.512167,-2.132258,training_point
09:54:44.109,2,-2.608641,1.438031,-2.111993,training_point
09:54:44.208,1,-3.971902,1.510976,-2.123302,training_point
09:54:44.209,2,-2.609323,1.438151,-2.111811,training_point
09:54:44.308,1,-4.00234,1.510798,-2.114353,training_point
09:54:44.308,2,-2.610037,1.438136,-2.111799,training_point
09:54:44.408,1,-4.015042,1.511171,-2.110494,training_point
09:54:44.408,2,-2.610518,1.43817,-2.112086,training_point
09:54:44.508,1,-4.029018,1.510848,-2.105412,training_point
09:54:44.509,2,-2.610947,1.438323,-2.111907,training_point
09:54:44.608,1,-4.04486,1.51177,-2.097296,training_point
09:54:44.608,2,-2.611975,1.43851,-2.111443,training_point
09:54:44.709,1,-4.051406,1.51193,-2.093184,training_point
09:54:44.709,2,-2.61217,1.438338,-2.111351,training_point
09:54:44.808,1,-4.0662,1.512266,-2.090007,training_point
09:54:44.809,2,-2.612482,1.438364,-2.111448,training_point
09:54:44.908,1,-4.075414,1.513245,-2.088199,training_point
09:54:44.908,2,-2.612762,1.438258,-2.111786,training_point
09:54:45.008,1,-4.075397,1.516791,-2.088092,training_point
09:54:45.008,2,-2.612722,1.438116,-2.111815,training_point
09:54:45.108,1,-4.082826,1.521531,-2.085285,training_point
09:54:45.108,2,-2.61315,1.437885,-2.112515,training_point
09:54:45.192,1,-4.084922,1.531513,-2.083746,training_point
09:54:45.192,2,-2.612998,1.437781,-2.112945,training_point
09:54:45.292,1,-4.088303,1.517475,-2.082614,training_point
09:54:45.292,2,-2.612856,1.437648,-2.112862,training_point
09:54:45.391,1,-4.090804,1.504447,-2.080019,training_point
09:54:45.391,2,-2.612637,1.437369,-2.11281,training_point
09:54:45.493,1,-4.092637,1.511016,-2.07869,training_point
09:54:45.493,2,-2.61183,1.437247,-2.112603,training_point
09:54:45.591,1,-4.094676,1.509988,-2.077301,training_point
09:54:45.591,2,-2.611278,1.436708,-2.112576,training_point
09:54:45.693,1,-4.096613,1.516622,-2.07722,training_point
09:54:45.694,2,-2.610171,1.436792,-2.112673,training_point
09:54:45.792,1,-4.097057,1.52028,-2.077736,training_point
09:54:45.792,2,-2.609263,1.436597,-2.112787,training_point
09:54:45.891,1,-4.09789,1.523593,-2.078029,training_point
09:54:45.891,2,-2.608466,1.436507,-2.112456,training_point
09:54:46.158,1,-4.098687,1.529658,-2.077657,training_point
09:54:46.159,2,-2.607192,1.436216,-2.111415,training_point
09:54:46.291,1,-4.101551,1.531093,-2.077893,training_point
09:54:46.291,2,-2.606105,1.435942,-2.110459,training_point
09:54:46.392,1,-4.103223,1.527425,-2.077852,training_point
09:54:46.392,2,-2.606169,1.435696,-2.10967,training_point
09:54:46.492,1,-4.104466,1.535342,-2.077246,training_point
09:54:46.492,2,-2.606371,1.43594,-2.108546,training_point
09:54:46.591,1,-4.105002,1.538325,-2.076666,training_point
09:54:46.591,2,-2.606413,1.435515,-2.107926,training_point
09:54:46.693,1,-4.106003,1.542156,-2.076759,training_point
09:54:46.693,2,-2.60686,1.435239,-2.106374,training_point
09:54:46.792,1,-4.106845,1.544887,-2.076673,training_point
09:54:46.792,2,-2.607416,1.435076,-2.105956,training_point
09:54:46.891,1,-4.107277,1.544703,-2.076677,training_point
09:54:46.891,2,-2.608415,1.435005,-2.105227,training_point
09:54:46.992,1,-4.108329,1.545378,-2.076363,training_point
09:54:46.992,2,-2.608687,1.435017,-2.103901,training_point
09:54:47.091,1,-4.108183,1.544704,-2.076101,training_point
09:54:47.091,2,-2.608888,1.434772,-2.103567,training_point
09:54:47.191,1,-4.108211,1.5403,-2.076354,training_point
09:54:47.191,2,-2.609214,1.434749,-2.103289,training_point
09:54:47.292,1,-4.108195,1.539735,-2.076865,training_point
09:54:47.292,2,-2.609299,1.434476,-2.10319,training_point
09:54:47.392,1,-4.108223,1.536591,-2.076886,training_point
09:54:47.392,2,-2.609452,1.434353,-2.102823,training_point
09:54:47.509,1,-4.108521,1.534748,-2.077106,training_point
09:54:47.509,2,-2.609274,1.433809,-2.102507,training_point
09:54:47.609,1,-4.108762,1.533291,-2.07751,training_point
09:54:47.610,2,-2.609286,1.433816,-2.101786,training_point
09:54:47.709,1,-4.109459,1.532652,-2.078114,training_point
09:54:47.709,2,-2.609323,1.433589,-2.1014,training_point
09:54:47.809,1,-4.109547,1.531782,-2.078289,training_point
09:54:47.810,2,-2.609079,1.433583,-2.100424,training_point
09:54:47.924,1,-4.110919,1.531106,-2.079282,training_point
09:54:47.924,2,-2.608964,1.433497,-2.099971,training_point
09:54:48.008,1,-4.111368,1.529737,-2.080541,training_point
09:54:48.008,2,-2.608761,1.433476,-2.099735,training_point
09:54:48.108,1,-4.113135,1.530362,-2.082119,training_point
09:54:48.108,2,-2.60843,1.433481,-2.099368,training_point
09:54:48.191,1,-4.112943,1.529734,-2.0819,training_point
09:54:48.191,2,-2.608329,1.433584,-2.099038,training_point
09:54:48.274,1,-4.113223,1.529761,-2.081584,training_point
09:54:48.275,2,-2.608034,1.43363,-2.098706,training_point
09:54:48.375,1,-4.112405,1.527832,-2.08174,training_point
09:54:48.376,2,-2.607685,1.433734,-2.098525,training_point
09:54:48.475,1,-4.113196,1.528136,-2.082234,training_point
09:54:48.475,2,-2.607319,1.433872,-2.097973,training_point
09:54:48.574,1,-4.112755,1.528925,-2.082978,training_point
09:54:48.574,2,-2.607197,1.434113,-2.097875,training_point
09:54:48.759,1,-4.112255,1.530668,-2.083267,training_point
09:54:48.759,2,-2.607209,1.433987,-2.097947,training_point
09:54:48.874,1,-4.112148,1.53124,-2.084157,training_point
09:54:48.874,2,-2.606883,1.434433,-2.097496,training_point
09:54:48.958,1,-4.11263,1.531023,-2.086043,training_point
09:54:48.958,2,-2.606792,1.434497,-2.097584,training_point
09:54:49.041,1,-4.111917,1.530121,-2.085254,training_point
09:54:49.041,2,-2.607239,1.434608,-2.098002,training_point
09:54:49.124,1,-4.112636,1.529523,-2.085364,training_point
09:54:49.124,2,-2.607326,1.434883,-2.097597,training_point
09:54:49.224,1,-4.112252,1.529262,-2.086069,training_point
09:54:49.225,2,-2.607735,1.43499,-2.096552,training_point
09:54:49.308,1,-4.112395,1.529438,-2.08543,training_point
09:54:49.308,2,-2.607834,1.434747,-2.095736,training_point
09:54:49.391,1,-4.112532,1.5295,-2.085918,training_point
09:54:49.391,2,-2.607895,1.434678,-2.095096,training_point
09:54:49.492,1,-4.112056,1.52868,-2.085856,training_point
09:54:49.492,2,-2.607762,1.434601,-2.09458,training_point
09:54:49.592,1,-4.112789,1.528868,-2.087485,training_point
09:54:49.592,2,-2.607691,1.434482,-2.094075,training_point
09:54:49.693,1,-4.112171,1.527607,-2.086329,training_point
09:54:49.694,2,-2.607502,1.434423,-2.0932,training_point
09:54:49.791,1,-4.112362,1.527596,-2.086625,training_point
09:54:49.791,2,-2.607342,1.434268,-2.093023,training_point
09:54:49.892,1,-4.111517,1.526896,-2.086272,training_point
09:54:49.892,2,-2.607034,1.43408,-2.092211,training_point
09:54:49.974,1,-4.111277,1.526806,-2.086756,training_point
09:54:49.974,2,-2.607026,1.433945,-2.091935,training_point
09:54:50.108,1,-4.110766,1.525852,-2.086347,training_point
09:54:50.108,2,-2.606799,1.434023,-2.091532,training_point
09:54:50.208,1,-4.110898,1.526429,-2.086545,training_point
09:54:50.209,2,-2.606721,1.433961,-2.091171,training_point
09:54:50.308,1,-4.110836,1.526553,-2.085549,training_point
09:54:50.308,2,-2.606193,1.433939,-2.091271,training_point
09:54:50.391,1,-4.110622,1.526526,-2.085329,training_point
09:54:50.391,2,-2.606173,1.433813,-2.091114,training_point
09:54:50.474,1,-4.110749,1.526835,-2.084597,training_point
09:54:50.474,2,-2.605655,1.433734,-2.090632,training_point
09:54:50.559,1,-4.109921,1.526449,-2.084957,training_point
09:54:50.559,2,-2.605759,1.433663,-2.090389,training_point
09:54:50.658,1,-4.109913,1.526803,-2.085096,training_point
09:54:50.659,2,-2.605691,1.433537,-2.090594,training_point
09:54:50.741,1,-4.110369,1.526608,-2.084652,training_point
09:54:50.741,2,-2.605612,1.433687,-2.090689,training_point
09:54:50.891,1,-4.109642,1.526954,-2.084543,training_point
09:54:50.891,2,-2.606246,1.433725,-2.090031,training_point
09:54:50.974,1,-4.108809,1.527113,-2.084217,training_point
09:54:50.974,2,-2.606959,1.433782,-2.089961,training_point
09:54:51.058,1,-4.108631,1.526484,-2.083751,training_point
09:54:51.058,2,-2.607801,1.433728,-2.089835,training_point
09:54:51.141,1,-4.108635,1.524689,-2.083711,training_point
09:54:51.141,2,-2.610362,1.433846,-2.087445,training_point
09:54:51.225,1,-4.108051,1.524778,-2.082999,training_point
09:54:51.225,2,-2.611575,1.433711,-2.087234,training_point
09:54:51.308,1,-4.1074,1.52504,-2.082398,training_point
09:54:51.308,2,-2.612767,1.433595,-2.087353,training_point
09:54:51.391,1,-4.107358,1.525057,-2.081877,training_point
09:54:51.391,2,-2.6138,1.433627,-2.085901,training_point
09:54:51.492,1,-4.106833,1.525245,-2.080764,training_point
09:54:51.492,2,-2.615119,1.433473,-2.085403,training_point
09:54:51.574,1,-4.10638,1.525282,-2.080364,training_point
09:54:51.574,2,-2.616237,1.433493,-2.08459,training_point
09:54:51.658,1,-4.106534,1.525484,-2.079825,training_point
09:54:51.659,2,-2.616827,1.433501,-2.083909,training_point
09:54:51.741,1,-4.105538,1.526437,-2.079094,training_point
09:54:51.741,2,-2.617787,1.433958,-2.083931,training_point
09:54:51.824,1,-4.105373,1.525744,-2.078903,training_point
09:54:51.825,2,-2.618706,1.4339,-2.084549,training_point
09:54:51.908,1,-4.104856,1.526173,-2.077948,training_point
09:54:51.908,2,-2.618725,1.433424,-2.083913,training_point
09:54:51.991,1,-4.104804,1.525756,-2.077961,training_point
09:54:51.991,2,-2.61865,1.433394,-2.083469,training_point
09:54:52.092,1,-4.104697,1.524698,-2.077682,training_point
09:54:52.092,2,-2.61881,1.433152,-2.082964,training_point
09:54:52.192,1,-4.104606,1.525104,-2.07787,training_point
09:54:52.192,2,-2.619211,1.432744,-2.083829,training_point
09:54:52.291,1,-4.10398,1.524792,-2.07791,training_point
09:54:52.291,2,-2.618901,1.432761,-2.083572,training_point
09:54:52.392,1,-4.103945,1.525246,-2.078363,training_point
09:54:52.392,2,-2.618872,1.432678,-2.083671,training_point
09:54:52.492,1,-4.10414,1.523773,-2.078141,training_point
09:54:52.492,2,-2.618662,1.432564,-2.08389,training_point
09:54:52.591,1,-4.103656,1.524924,-2.078649,training_point
09:54:52.591,2,-2.618676,1.432691,-2.083946,training_point
09:54:52.675,1,-4.103575,1.52558,-2.078785,training_point
09:54:52.676,2,-2.618587,1.432299,-2.084065,training_point
09:54:52.774,1,-4.103991,1.526194,-2.079159,training_point
09:54:52.775,2,-2.617853,1.432494,-2.083572,training_point
09:54:52.876,1,-4.103937,1.525748,-2.079408,training_point
09:54:52.876,2,-2.617068,1.432284,-2.084083,training_point
09:54:52.974,1,-4.10347,1.525728,-2.079834,training_point
09:54:52.975,2,-2.616495,1.431582,-2.083909,training_point
09:54:53.058,1,-4.103455,1.526443,-2.07955,training_point
09:54:53.058,2,-2.61565,1.431639,-2.084077,training_point
09:54:53.142,1,-4.10345,1.526414,-2.080541,training_point
09:54:53.142,2,-2.615279,1.431118,-2.084236,training_point
09:54:53.241,1,-4.103562,1.526493,-2.080272,training_point
09:54:53.241,2,-2.61415,1.431197,-2.083561,training_point
09:54:53.341,1,-4.104443,1.52655,-2.080955,training_point
09:54:53.341,2,-2.613259,1.431341,-2.083698,training_point
09:54:53.425,1,-4.10444,1.526587,-2.081899,training_point
09:54:53.426,2,-2.613147,1.431211,-2.084251,training_point
09:54:53.525,1,-4.104322,1.526718,-2.081769,training_point
09:54:53.526,2,-2.613031,1.430938,-2.084773,training_point
09:54:53.625,1,-4.104222,1.527169,-2.081882,training_point
09:54:53.625,2,-2.612559,1.430885,-2.084986,training_point
09:54:53.708,1,-4.104685,1.526455,-2.081502,training_point
09:54:53.708,2,-2.612595,1.430949,-2.085656,training_point
09:54:53.791,1,-4.105122,1.527027,-2.081595,training_point
09:54:53.791,2,-2.612398,1.431118,-2.085498,training_point
09:54:53.892,1,-4.10585,1.5263,-2.081988,training_point
09:54:53.893,2,-2.612539,1.43102,-2.085743,training_point
09:54:53.991,1,-4.10619,1.525894,-2.081648,training_point
09:54:53.991,2,-2.612503,1.431829,-2.085857,training_point
09:54:54.093,1,-4.106521,1.526591,-2.081958,training_point
09:54:54.094,2,-2.612636,1.431726,-2.086076,training_point
09:54:54.192,1,-4.107002,1.526433,-2.082244,training_point
09:54:54.193,2,-2.612603,1.432149,-2.086501,training_point
09:54:54.274,1,-4.10698,1.526318,-2.082743,training_point
09:54:54.275,2,-2.612515,1.43346,-2.086445,training_point
09:54:54.358,1,-4.107054,1.527037,-2.082365,training_point
09:54:54.359,2,-2.612532,1.433708,-2.086566,training_point
09:54:54.459,1,-4.107197,1.527214,-2.082524,training_point
09:54:54.459,2,-2.611955,1.433904,-2.086841,training_point
09:54:54.558,1,-4.107175,1.526998,-2.082974,training_point
09:54:54.558,2,-2.611647,1.434259,-2.08734,training_point
09:54:54.641,1,-4.106681,1.527575,-2.083057,training_point
09:54:54.641,2,-2.611717,1.433903,-2.087399,training_point
09:54:54.724,1,-4.106874,1.527559,-2.083551,training_point
09:54:54.725,2,-2.611469,1.433367,-2.087831,training_point
09:54:54.808,1,-4.107091,1.52829,-2.083263,training_point
09:54:54.808,2,-2.611468,1.433793,-2.087709,training_point
09:54:54.891,1,-4.108435,1.528261,-2.084521,training_point
09:54:54.891,2,-2.610911,1.434072,-2.087679,training_point
09:54:54.991,1,-4.109604,1.528135,-2.086663,training_point
09:54:54.991,2,-2.610873,1.43407,-2.087441,training_point
09:54:55.092,1,-4.109318,1.527117,-2.086609,training_point
09:54:55.094,2,-2.610979,1.433661,-2.087519,training_point
09:54:55.192,1,-4.108921,1.527745,-2.086985,training_point
09:54:55.192,2,-2.6102,1.433641,-2.087334,training_point
09:54:55.310,1,-4.108389,1.527959,-2.086931,training_point
09:54:55.310,2,-2.610001,1.433741,-2.087236,training_point
09:54:55.408,1,-4.108132,1.527446,-2.086679,training_point
09:54:55.408,2,-2.609902,1.433399,-2.086585,training_point
09:54:55.492,1,-4.108211,1.528076,-2.086414,training_point
09:54:55.492,2,-2.610372,1.433412,-2.087393,training_point
09:54:55.591,1,-4.108248,1.528104,-2.086728,training_point
09:54:55.591,2,-2.610065,1.433582,-2.087293,training_point
09:54:55.674,1,-4.107661,1.528406,-2.086988,training_point
09:54:55.675,2,-2.610462,1.433886,-2.087571,training_point
09:54:55.758,1,-4.107576,1.528239,-2.086893,training_point
09:54:55.758,2,-2.610142,1.433799,-2.087538,training_point
09:54:55.858,1,-4.106381,1.528248,-2.087315,training_point
09:54:55.859,2,-2.610228,1.433984,-2.087314,training_point
09:54:55.975,1,-4.10505,1.529477,-2.087768,training_point
09:54:55.976,2,-2.610005,1.43402,-2.087158,training_point
09:54:56.075,1,-4.10345,1.529247,-2.088126,training_point
09:54:56.075,2,-2.610314,1.433663,-2.087055,training_point
09:54:56.176,1,-4.099779,1.52915,-2.089006,training_point
09:54:56.176,2,-2.610193,1.433851,-2.087415,training_point
09:54:56.275,1,-4.094038,1.528286,-2.092516,training_point
09:54:56.276,2,-2.610694,1.433778,-2.087165,training_point
09:54:56.374,1,-4.089163,1.527904,-2.090928,training_point
09:54:56.375,2,-2.610801,1.433175,-2.087316,training_point
09:54:56.458,1,-4.079274,1.528357,-2.089492,training_point
09:54:56.458,2,-2.610825,1.433268,-2.087186,training_point
09:54:56.559,1,-4.069462,1.528634,-2.087438,training_point
09:54:56.559,2,-2.610501,1.433456,-2.086951,training_point
09:54:56.658,1,-4.060585,1.529553,-2.086457,training_point
09:54:56.659,2,-2.610349,1.433435,-2.086015,training_point
09:54:56.758,1,-4.050485,1.529138,-2.084287,training_point
09:54:56.758,2,-2.610124,1.433675,-2.085877,training_point
09:54:56.859,1,-4.039411,1.528567,-2.084146,training_point
09:54:56.859,2,-2.610345,1.433696,-2.08559,training_point
09:54:56.958,1,-4.032696,1.528117,-2.082746,training_point
09:54:56.959,2,-2.610814,1.433591,-2.085423,training_point
09:54:57.058,1,-4.025628,1.52866,-2.082582,training_point
09:54:57.058,2,-2.610963,1.433551,-2.084768,training_point
09:54:57.141,1,-4.015071,1.528238,-2.085047,training_point
09:54:57.141,2,-2.611339,1.433383,-2.085057,training_point
09:54:57.242,1,-4.008111,1.52786,-2.083039,training_point
09:54:57.242,2,-2.611811,1.433424,-2.085077,training_point
09:54:57.342,1,-4.000325,1.527264,-2.084803,training_point
09:54:57.342,2,-2.612072,1.433388,-2.08483,training_point
09:54:57.441,1,-3.998266,1.528128,-2.087274,training_point
09:54:57.442,2,-2.61217,1.432998,-2.084785,training_point
09:54:57.524,1,-3.995842,1.527826,-2.087946,training_point
09:54:57.525,2,-2.612136,1.432846,-2.084069,training_point
09:54:57.609,1,-3.990693,1.527795,-2.090053,training_point
09:54:57.609,2,-2.612314,1.43284,-2.083535,training_point
09:54:57.709,1,-3.990395,1.527912,-2.090155,training_point
09:54:57.709,2,-2.61263,1.432872,-2.083749,training_point
09:54:57.791,1,-3.987877,1.52814,-2.091058,training_point
09:54:57.791,2,-2.612978,1.43313,-2.084464,training_point
09:54:57.875,1,-3.9849,1.527495,-2.090364,training_point
09:54:57.875,2,-2.612523,1.432874,-2.083729,training_point
09:54:57.958,1,-3.984718,1.527766,-2.0907,training_point
09:54:57.958,2,-2.613124,1.432975,-2.084138,training_point
09:54:58.109,1,-3.984457,1.526533,-2.091758,training_point
09:54:58.109,2,-2.614088,1.432849,-2.084851,training_point
09:54:58.208,1,-3.982777,1.526832,-2.09131,training_point
09:54:58.208,2,-2.614436,1.432662,-2.085331,training_point
09:54:58.292,1,-3.983333,1.527801,-2.091404,training_point
09:54:58.293,2,-2.615586,1.432559,-2.086056,training_point
09:54:58.392,1,-3.98257,1.528121,-2.091901,training_point
09:54:58.393,2,-2.615987,1.431982,-2.087117,training_point
09:54:58.474,1,-3.980849,1.528452,-2.093232,training_point
09:54:58.475,2,-2.617127,1.43156,-2.088889,training_point
09:54:58.558,1,-3.977693,1.528036,-2.093422,training_point
09:54:58.559,2,-2.617384,1.431725,-2.089336,training_point
09:54:58.641,1,-3.977827,1.527592,-2.0933,training_point
09:54:58.641,2,-2.618161,1.431765,-2.090156,training_point
09:54:58.724,1,-3.976977,1.52752,-2.094193,training_point
09:54:58.726,2,-2.618616,1.43195,-2.091032,training_point
09:54:58.808,1,-3.976138,1.528438,-2.094828,training_point
09:54:58.808,2,-2.619007,1.431782,-2.09177,training_point
09:54:58.893,1,-3.976114,1.528609,-2.096473,training_point
09:54:58.893,2,-2.619387,1.431893,-2.092254,training_point
09:54:58.974,1,-3.97451,1.52896,-2.096148,training_point
09:54:58.975,2,-2.619775,1.431813,-2.092228,training_point
09:54:59.108,1,-3.972929,1.530518,-2.096748,training_point
09:54:59.108,2,-2.620585,1.431479,-2.092715,training_point
09:54:59.193,1,-3.972537,1.530057,-2.097125,training_point
09:54:59.193,2,-2.620653,1.43159,-2.09242,training_point
09:54:59.292,1,-3.97236,1.532508,-2.097552,training_point
09:54:59.292,2,-2.620826,1.431592,-2.093075,training_point
09:54:59.374,1,-3.971903,1.533975,-2.097687,training_point
09:54:59.375,2,-2.620929,1.431759,-2.09286,training_point
09:54:59.458,1,-3.971454,1.535491,-2.097303,training_point
09:54:59.458,2,-2.62084,1.431889,-2.092702,training_point
09:54:59.541,1,-3.972587,1.538863,-2.097485,training_point
09:54:59.541,2,-2.620815,1.432472,-2.092417,training_point
09:54:59.626,1,-3.973751,1.542162,-2.097527,training_point
09:54:59.626,2,-2.620884,1.432344,-2.092609,training_point
09:54:59.708,1,-3.97389,1.543823,-2.097257,training_point
09:54:59.708,2,-2.62085,1.432227,-2.092438,training_point
09:54:59.792,1,-3.974143,1.545013,-2.097192,training_point
09:54:59.792,2,-2.620983,1.432423,-2.091968,training_point
09:54:59.892,1,-3.972904,1.544356,-2.0967,training_point
09:54:59.892,2,-2.621046,1.432782,-2.092158,training_point
09:54:59.974,1,-3.973005,1.545303,-2.096743,training_point
09:54:59.975,2,-2.621075,1.432888,-2.092162,training_point
09:55:00.058,1,-3.972645,1.545707,-2.096842,training_point
09:55:00.058,2,-2.620822,1.43266,-2.092093,training_point
09:55:00.141,1,-3.972281,1.543929,-2.097214,training_point
09:55:00.141,2,-2.620575,1.432517,-2.091769,training_point
09:55:00.225,1,-3.972102,1.542618,-2.097126,training_point
09:55:00.225,2,-2.620586,1.432562,-2.091773,training_point
09:55:00.308,1,-3.971814,1.542464,-2.098109,training_point
09:55:00.308,2,-2.620009,1.432645,-2.091813,training_point
09:55:00.392,1,-3.971208,1.540302,-2.098344,training_point
09:55:00.392,2,-2.619601,1.432916,-2.091472,training_point
09:55:00.492,1,-3.972299,1.540546,-2.099427,training_point
09:55:00.492,2,-2.619523,1.432624,-2.091743,training_point
09:55:00.591,1,-3.972519,1.541311,-2.102752,training_point
09:55:00.592,2,-2.619267,1.432458,-2.091699,training_point
09:55:00.692,1,-3.97125,1.542318,-2.103148,training_point
09:55:00.692,2,-2.619298,1.432558,-2.091346,training_point
09:55:00.791,1,-3.971417,1.543479,-2.103342,training_point
09:55:00.791,2,-2.619273,1.431947,-2.091568,training_point
09:55:00.942,1,-3.972611,1.542556,-2.106641,training_point
09:55:00.942,2,-2.619318,1.432345,-2.09141,training_point
09:55:01.042,1,-3.972444,1.542792,-2.106031,training_point
09:55:01.042,2,-2.618978,1.432712,-2.090684,training_point
09:55:01.141,1,-3.974221,1.542282,-2.108907,training_point
09:55:01.141,2,-2.618045,1.43301,-2.090077,training_point
09:55:01.224,1,-3.97397,1.540852,-2.108816,training_point
09:55:01.225,2,-2.617797,1.433167,-2.090027,training_point
09:55:01.309,1,-3.973847,1.541008,-2.108923,training_point
09:55:01.309,2,-2.618021,1.432867,-2.090099,training_point
09:55:01.409,1,-3.973885,1.540955,-2.109232,training_point
09:55:01.409,2,-2.617839,1.432871,-2.090092,training_point
09:55:01.508,1,-3.975334,1.541218,-2.111865,training_point
09:55:01.509,2,-2.617841,1.432976,-2.089897,training_point
09:55:01.608,1,-3.974614,1.541376,-2.110603,training_point
09:55:01.608,2,-2.617885,1.432628,-2.089425,training_point
09:55:01.709,1,-3.974647,1.541999,-2.11009,training_point
09:55:01.709,2,-2.617317,1.432369,-2.089326,training_point
09:55:01.808,1,-3.975207,1.541602,-2.109856,training_point
09:55:01.808,2,-2.617221,1.432737,-2.089318,training_point
09:55:01.891,1,-3.974539,1.541752,-2.10927,training_point
09:55:01.891,2,-2.617016,1.432545,-2.089131,training_point
09:55:01.975,1,-3.974637,1.54186,-2.109496,training_point
09:55:01.975,2,-2.616955,1.432351,-2.088882,training_point
09:55:02.075,1,-3.975253,1.542037,-2.108985,training_point
09:55:02.076,2,-2.616962,1.432516,-2.088701,training_point
09:55:02.158,1,-3.976229,1.541683,-2.110549,training_point
09:55:02.158,2,-2.617192,1.432669,-2.088916,training_point
09:55:02.242,1,-3.976782,1.541704,-2.110084,training_point
09:55:02.243,2,-2.617236,1.432635,-2.089013,training_point
09:55:02.324,1,-3.978282,1.541807,-2.109618,training_point
09:55:02.325,2,-2.617062,1.432762,-2.088441,training_point
09:55:02.409,1,-3.978661,1.540992,-2.108963,training_point
09:55:02.410,2,-2.616981,1.432763,-2.088316,training_point
09:55:02.509,1,-3.979334,1.540481,-2.110278,training_point
09:55:02.509,2,-2.617324,1.432692,-2.088443,training_point
09:55:02.609,1,-3.977994,1.53983,-2.10882,training_point
09:55:02.609,2,-2.617432,1.432556,-2.088452,training_point
09:55:02.710,1,-3.9771,1.539565,-2.107822,training_point
09:55:02.710,2,-2.617588,1.432651,-2.088317,training_point
09:55:02.809,1,-3.976133,1.539883,-2.107125,training_point
09:55:02.809,2,-2.617901,1.43232,-2.087948,training_point
09:55:02.909,1,-3.975546,1.539781,-2.106837,training_point
09:55:02.909,2,-2.618024,1.432057,-2.087911,training_point
09:55:03.009,1,-3.973798,1.539992,-2.10609,training_point
09:55:03.009,2,-2.618298,1.432135,-2.08768,training_point
09:55:03.109,1,-3.972941,1.539591,-2.105445,training_point
09:55:03.109,2,-2.618796,1.432171,-2.087635,training_point
09:55:03.209,1,-3.972023,1.540034,-2.104373,training_point
09:55:03.209,2,-2.61898,1.432116,-2.087508,training_point
09:55:03.308,1,-3.970788,1.539106,-2.102788,training_point
09:55:03.308,2,-2.619645,1.432166,-2.08732,training_point
09:55:03.391,1,-3.971125,1.539671,-2.103206,training_point
09:55:03.391,2,-2.619539,1.432407,-2.087576,training_point
09:55:03.474,1,-3.969921,1.538874,-2.102378,training_point
09:55:03.475,2,-2.619586,1.432439,-2.088162,training_point
09:55:03.558,1,-3.969269,1.537193,-2.10181,training_point
09:55:03.558,2,-2.61964,1.432457,-2.087951,training_point
09:55:03.708,1,-3.969351,1.537215,-2.10292,training_point
09:55:03.708,2,-2.620109,1.432544,-2.088728,training_point
09:55:03.791,1,-3.96914,1.537654,-2.103649,training_point
09:55:03.791,2,-2.620067,1.432696,-2.089034,training_point
09:55:03.875,1,-3.968364,1.536574,-2.10345,training_point
09:55:03.875,2,-2.62017,1.432479,-2.089127,training_point
09:55:03.958,1,-3.967754,1.537545,-2.102878,training_point
09:55:03.959,2,-2.620206,1.432726,-2.089253,training_point
09:55:04.041,1,-3.96786,1.535518,-2.103881,training_point
09:55:04.041,2,-2.620213,1.432958,-2.089879,training_point
09:55:04.125,1,-3.966925,1.536036,-2.103262,training_point
09:55:04.125,2,-2.620337,1.432996,-2.090398,training_point
09:55:04.208,1,-3.967407,1.535865,-2.104394,training_point
09:55:04.208,2,-2.62074,1.433157,-2.090667,training_point
09:55:04.292,1,-3.968113,1.535815,-2.105093,training_point
09:55:04.292,2,-2.620835,1.433212,-2.090682,training_point
09:55:04.392,1,-3.968525,1.533302,-2.105871,training_point
09:55:04.392,2,-2.621037,1.4329,-2.090941,training_point
09:55:04.491,1,-3.967913,1.53542,-2.107229,training_point
09:55:04.491,2,-2.621371,1.43263,-2.092254,training_point
09:55:04.575,1,-3.966479,1.535494,-2.107131,training_point
09:55:04.575,2,-2.621588,1.432776,-2.092632,training_point
09:55:04.658,1,-3.965833,1.535387,-2.109784,training_point
09:55:04.658,2,-2.62234,1.432918,-2.093942,training_point
09:55:04.741,1,-3.964299,1.536083,-2.111973,training_point
09:55:04.741,2,-2.623102,1.432816,-2.095154,training_point
09:55:04.826,1,-3.96453,1.536714,-2.114911,training_point
09:55:04.826,2,-2.623215,1.432815,-2.096254,training_point
09:55:04.925,1,-3.968413,1.537035,-2.119103,training_point
09:55:04.925,2,-2.62322,1.432806,-2.096832,training_point
09:55:05.025,1,-3.970262,1.536546,-2.122085,training_point
09:55:05.025,2,-2.622921,1.432952,-2.097925,training_point
09:55:05.125,1,-3.971833,1.536285,-2.122417,training_point
09:55:05.126,2,-2.622222,1.432722,-2.098017,training_point
09:55:05.226,1,-3.974668,1.535995,-2.124639,training_point
09:55:05.226,2,-2.622276,1.432945,-2.098922,training_point
09:55:05.324,1,-3.977154,1.536182,-2.12269,training_point
09:55:05.325,2,-2.622036,1.433,-2.09915,training_point
09:55:05.408,1,-3.981939,1.535513,-2.122928,training_point
09:55:05.408,2,-2.620056,1.432813,-2.098203,training_point
09:55:05.509,1,-3.983691,1.536755,-2.12058,training_point
09:55:05.509,2,-2.618142,1.432771,-2.09775,training_point
09:55:05.609,1,-3.988955,1.537645,-2.116279,training_point
09:55:05.609,2,-2.61453,1.43263,-2.096711,training_point
09:55:05.708,1,-3.998717,1.539218,-2.113758,training_point
09:55:05.709,2,-2.610839,1.432663,-2.097032,training_point
09:55:05.809,1,-4.005602,1.539064,-2.107881,training_point
09:55:05.809,2,-2.606483,1.432603,-2.102281,training_point
09:55:05.908,1,-4.015572,1.539629,-2.101265,training_point
09:55:05.908,2,-2.604258,1.43269,-2.107185,training_point
09:55:05.991,1,-4.021156,1.539568,-2.097718,training_point
09:55:05.991,2,-2.584379,1.432536,-2.118895,training_point
09:55:06.075,1,-4.030604,1.54038,-2.090465,training_point
09:55:06.075,2,-2.564358,1.432517,-2.129185,training_point
09:55:06.159,1,-4.037814,1.541317,-2.084442,training_point
09:55:06.159,2,-2.545912,1.432322,-2.135879,training_point
09:55:06.258,1,-4.047455,1.540071,-2.075878,training_point
09:55:06.258,2,-2.51444,1.432452,-2.147213,training_point
09:55:06.408,1,-4.058443,1.539427,-2.069205,training_point
09:55:06.408,2,-2.463134,1.432217,-2.165328,training_point
09:55:06.491,1,-4.068258,1.540454,-2.062032,training_point
09:55:06.491,2,-2.427253,1.432168,-2.181142,training_point
09:55:06.575,1,-4.076298,1.539287,-2.057475,training_point
09:55:06.575,2,-2.39701,1.431909,-2.194292,training_point
09:55:06.675,1,-4.084808,1.53904,-2.054009,training_point
09:55:06.675,2,-2.376468,1.431982,-2.201585,training_point
09:55:06.758,1,-4.091133,1.539162,-2.049683,training_point
09:55:06.758,2,-2.352098,1.431871,-2.211833,training_point
09:55:06.909,1,-4.100059,1.539476,-2.045976,training_point
09:55:06.909,2,-2.330004,1.431749,-2.221877,training_point
09:55:07.010,1,-4.103774,1.540186,-2.045284,training_point
09:55:07.011,2,-2.318636,1.431884,-2.227013,training_point
09:55:07.108,1,-4.111501,1.542033,-2.042139,training_point
09:55:07.108,2,-2.305959,1.431854,-2.229611,training_point
09:55:07.191,1,-4.113221,1.540893,-2.042433,training_point
09:55:07.191,2,-2.302292,1.431738,-2.231276,training_point
09:55:07.275,1,-4.11483,1.540111,-2.041434,training_point
09:55:07.276,2,-2.298639,1.431623,-2.231167,training_point
09:55:07.375,1,-4.117487,1.538563,-2.040302,training_point
09:55:07.376,2,-2.296326,1.431481,-2.23099,training_point
09:55:07.458,1,-4.118455,1.53839,-2.039003,training_point
09:55:07.458,2,-2.295521,1.431156,-2.230714,training_point
09:55:07.541,1,-4.11811,1.539336,-2.038109,training_point
09:55:07.542,2,-2.295415,1.431032,-2.230455,training_point
09:55:07.641,1,-4.119333,1.540925,-2.037894,training_point
09:55:07.641,2,-2.301077,1.430865,-2.224301,training_point
09:55:07.742,1,-4.118653,1.542212,-2.038488,training_point
09:55:07.742,2,-2.312023,1.430738,-2.218379,training_point
09:55:07.841,1,-4.116548,1.542315,-2.039627,training_point
09:55:07.841,2,-2.326466,1.430789,-2.210916,training_point
09:55:07.925,1,-4.117514,1.541087,-2.038419,training_point
09:55:07.925,2,-2.336682,1.430841,-2.20556,training_point
09:55:08.008,1,-4.117233,1.539379,-2.038836,training_point
09:55:08.008,2,-2.357803,1.430894,-2.199789,training_point
09:55:08.091,1,-4.116901,1.540027,-2.03951,training_point
09:55:08.091,2,-2.374654,1.430928,-2.195487,training_point
09:55:08.175,1,-4.118148,1.537763,-2.039995,training_point
09:55:08.175,2,-2.400689,1.431283,-2.187574,training_point
09:55:08.259,1,-4.118529,1.537822,-2.040053,training_point
09:55:08.260,2,-2.419272,1.431494,-2.184574,training_point
09:55:08.358,1,-4.117333,1.536233,-2.041306,training_point
09:55:08.358,2,-2.449763,1.431663,-2.178032,training_point
09:55:08.459,1,-4.11695,1.536219,-2.041767,training_point
09:55:08.459,2,-2.482261,1.431573,-2.172583,training_point
09:55:08.541,1,-4.118347,1.536602,-2.044401,training_point
09:55:08.541,2,-2.516405,1.430895,-2.168391,training_point
09:55:08.675,1,-4.120309,1.535437,-2.045369,training_point
09:55:08.675,2,-2.557766,1.430619,-2.165099,training_point
09:55:08.759,1,-4.122233,1.535296,-2.045653,training_point
09:55:08.759,2,-2.573369,1.43252,-2.16261,training_point
09:55:08.841,1,-4.122436,1.537111,-2.046577,training_point
09:55:08.841,2,-2.597554,1.437066,-2.160496,training_point
09:55:08.975,1,-4.121647,1.534765,-2.047104,training_point
09:55:08.975,2,-2.621042,1.437027,-2.157031,training_point
09:55:09.060,1,-4.121973,1.534312,-2.046995,training_point
09:55:09.060,2,-2.627434,1.43338,-2.155701,training_point
09:55:09.141,1,-4.123567,1.534823,-2.047677,training_point
09:55:09.141,2,-2.63892,1.431632,-2.153921,training_point
09:55:09.225,1,-4.12422,1.537372,-2.047898,training_point
09:55:09.226,2,-2.64509,1.416424,-2.152687,training_point
09:55:09.325,1,-4.127074,1.533214,-2.049019,training_point
09:55:09.325,2,-2.651319,1.412463,-2.150383,training_point
09:55:09.408,1,-4.128212,1.533588,-2.049119,training_point
09:55:09.408,2,-2.655004,1.411147,-2.150133,training_point
09:55:09.491,1,-4.131114,1.531978,-2.050247,training_point
09:55:09.491,2,-2.658635,1.405806,-2.150698,training_point
09:55:09.575,1,-4.132734,1.530955,-2.051337,training_point
09:55:09.575,2,-2.662076,1.404444,-2.150246,training_point
09:55:09.658,1,-4.134518,1.531633,-2.053834,training_point
09:55:09.658,2,-2.663282,1.403894,-2.150012,training_point
09:55:09.758,1,-4.136411,1.531316,-2.056877,training_point
09:55:09.758,2,-2.664937,1.401594,-2.150059,training_point
09:55:09.841,1,-4.139511,1.529735,-2.059751,training_point
09:55:09.841,2,-2.665762,1.400856,-2.150737,training_point
09:55:09.926,1,-4.141714,1.5303,-2.060964,training_point
09:55:09.927,2,-2.666244,1.401439,-2.151049,training_point
09:55:10.026,1,-4.142209,1.527676,-2.062176,training_point
09:55:10.026,2,-2.66589,1.40074,-2.151696,training_point
09:55:10.126,1,-4.142872,1.528371,-2.062769,training_point
09:55:10.127,2,-2.665207,1.400806,-2.152921,training_point
09:55:10.208,1,-4.144731,1.528356,-2.063872,training_point
09:55:10.208,2,-2.664637,1.400429,-2.15364,training_point
09:55:10.291,1,-4.145539,1.529501,-2.065312,training_point
09:55:10.292,2,-2.664359,1.400554,-2.153826,training_point
09:55:10.375,1,-4.145468,1.530007,-2.067453,training_point
09:55:10.375,2,-2.663909,1.400809,-2.154481,training_point
09:55:10.458,1,-4.145097,1.53066,-2.068508,training_point
09:55:10.458,2,-2.663444,1.405543,-2.154567,training_point
09:55:10.541,1,-4.144251,1.530814,-2.070663,training_point
09:55:10.541,2,-2.662559,1.410293,-2.155542,training_point
09:55:10.625,1,-4.14273,1.530384,-2.073493,training_point
09:55:10.625,2,-2.662069,1.414442,-2.156394,training_point
09:55:10.708,1,-4.140127,1.531181,-2.073742,training_point
09:55:10.708,2,-2.661642,1.4171,-2.156617,training_point
09:55:10.792,1,-4.138248,1.531399,-2.07505,training_point
09:55:10.792,2,-2.661197,1.419578,-2.156291,training_point
09:55:10.892,1,-4.134067,1.531016,-2.078922,training_point
09:55:10.893,2,-2.660315,1.422269,-2.157311,training_point
09:55:10.991,1,-4.129796,1.5313,-2.082999,training_point
09:55:10.991,2,-2.660225,1.424948,-2.157241,training_point
09:55:11.075,1,-4.126696,1.532386,-2.085844,training_point
09:55:11.075,2,-2.659813,1.427481,-2.157481,training_point
09:55:11.158,1,-4.122649,1.53213,-2.088811,training_point
09:55:11.158,2,-2.659723,1.431727,-2.157343,training_point
09:55:11.241,1,-4.116532,1.532208,-2.09238,training_point
09:55:11.241,2,-2.659661,1.433781,-2.156734,training_point
09:55:11.325,1,-4.113193,1.531342,-2.094932,training_point
09:55:11.325,2,-2.659647,1.433043,-2.156614,training_point
09:55:11.425,1,-4.110388,1.531649,-2.09643,training_point
09:55:11.425,2,-2.659425,1.432583,-2.156139,training_point
09:55:11.575,1,-4.106737,1.532169,-2.096818,training_point
09:55:11.575,2,-2.659041,1.432787,-2.155918,training_point
09:55:11.675,1,-4.100024,1.532621,-2.098089,training_point
09:55:11.675,2,-2.658763,1.430019,-2.155347,training_point
09:55:11.758,1,-4.096115,1.533166,-2.098675,training_point
09:55:11.758,2,-2.658641,1.426268,-2.155244,training_point
09:55:11.842,1,-4.093788,1.534075,-2.099252,training_point
09:55:11.842,2,-2.658453,1.424882,-2.154964,training_point
09:55:11.925,1,-4.090599,1.534534,-2.100946,training_point
09:55:11.925,2,-2.65803,1.424954,-2.154619,training_point
09:55:12.009,1,-4.088964,1.535826,-2.101589,training_point
09:55:12.010,2,-2.657767,1.423717,-2.154212,training_point
09:55:12.091,1,-4.087047,1.535917,-2.101853,training_point
09:55:12.091,2,-2.657127,1.42387,-2.154029,training_point
09:55:12.176,1,-4.08426,1.536376,-2.103201,training_point
09:55:12.177,2,-2.656666,1.423859,-2.15348,training_point
09:55:12.275,1,-4.082361,1.538426,-2.103779,training_point
09:55:12.276,2,-2.656434,1.423681,-2.153246,training_point
09:55:12.358,1,-4.079836,1.537787,-2.106012,training_point
09:55:12.358,2,-2.65582,1.423588,-2.153413,training_point
09:55:12.442,1,-4.078493,1.537067,-2.106362,training_point
09:55:12.443,2,-2.655594,1.424107,-2.153361,training_point
09:55:12.525,1,-4.07742,1.537858,-2.105885,training_point
09:55:12.525,2,-2.65462,1.424226,-2.153143,training_point
09:55:12.609,1,-4.075659,1.536506,-2.106345,training_point
09:55:12.610,2,-2.654563,1.424238,-2.15335,training_point
09:55:12.709,1,-4.075034,1.536645,-2.107161,training_point
09:55:12.709,2,-2.65423,1.424012,-2.153427,training_point
09:55:12.791,1,-4.074847,1.536759,-2.106145,training_point
09:55:12.791,2,-2.654151,1.423622,-2.153234,training_point
09:55:12.876,1,-4.074793,1.536568,-2.105961,training_point
09:55:12.876,2,-2.653948,1.422944,-2.15338,training_point
09:55:12.976,1,-4.074319,1.537127,-2.105141,training_point
09:55:12.976,2,-2.653802,1.422463,-2.153566,training_point
09:55:13.076,1,-4.074406,1.536583,-2.103266,training_point
09:55:13.076,2,-2.653582,1.422521,-2.153732,training_point
09:55:13.158,1,-4.074331,1.53631,-2.101804,training_point
09:55:13.158,2,-2.653505,1.422082,-2.154592,training_point
09:55:13.242,1,-4.074702,1.536047,-2.099481,training_point
09:55:13.242,2,-2.653669,1.422053,-2.154632,training_point
09:55:13.325,1,-4.075022,1.536656,-2.09804,training_point
09:55:13.325,2,-2.653289,1.421673,-2.154723,training_point
09:55:13.409,1,-4.074919,1.53638,-2.097228,training_point
09:55:13.409,2,-2.653391,1.421559,-2.154771,training_point
09:55:13.509,1,-4.075162,1.536591,-2.094161,training_point
09:55:13.509,2,-2.653701,1.421478,-2.155061,training_point
09:55:13.608,1,-4.075418,1.536793,-2.090156,training_point
09:55:13.608,2,-2.653763,1.421409,-2.155173,training_point
09:55:13.692,1,-4.074919,1.538175,-2.089149,training_point
09:55:13.693,2,-2.653745,1.421219,-2.155132,training_point
09:55:13.775,1,-4.074717,1.538089,-2.088199,training_point
09:55:13.775,2,-2.6537,1.421291,-2.155229,training_point
09:55:13.875,1,-4.074472,1.537937,-2.086893,training_point
09:55:13.875,2,-2.65343,1.421441,-2.15563,training_point
09:55:13.959,1,-4.074342,1.537619,-2.086569,training_point
09:55:13.959,2,-2.653496,1.421453,-2.15569,training_point
09:55:14.059,1,-4.074274,1.540527,-2.084956,training_point
09:55:14.059,2,-2.65351,1.421381,-2.155774,training_point
09:55:14.209,1,-4.073026,1.539902,-2.083262,training_point
09:55:14.210,2,-2.65385,1.421444,-2.155784,training_point
09:55:14.291,1,-4.07237,1.539657,-2.08161,training_point
09:55:14.291,2,-2.653916,1.421513,-2.155458,training_point
09:55:14.377,1,-4.071514,1.539645,-2.080443,training_point
09:55:14.377,2,-2.654044,1.42155,-2.155387,training_point
09:55:14.458,1,-4.071402,1.538708,-2.080036,training_point
09:55:14.458,2,-2.654151,1.421458,-2.155234,training_point
09:55:14.541,1,-4.070998,1.538891,-2.07981,training_point
09:55:14.542,2,-2.654075,1.421435,-2.15524,training_point
09:55:14.641,1,-4.071545,1.541035,-2.079125,training_point
09:55:14.642,2,-2.654058,1.421449,-2.154839,training_point
09:55:14.725,1,-4.071171,1.541364,-2.079067,training_point
09:55:14.725,2,-2.653895,1.421318,-2.154893,training_point
09:55:14.808,1,-4.070245,1.540706,-2.078425,training_point
09:55:14.808,2,-2.653765,1.421311,-2.154804,training_point
09:55:14.891,1,-4.069779,1.539862,-2.078645,training_point
09:55:14.891,2,-2.653715,1.421361,-2.154992,training_point
09:55:14.976,1,-4.069355,1.538639,-2.078958,training_point
09:55:14.976,2,-2.653736,1.421544,-2.155065,training_point
09:55:15.058,1,-4.069192,1.536384,-2.078921,training_point
09:55:15.058,2,-2.653871,1.421516,-2.154984,training_point
09:55:15.141,1,-4.068588,1.535257,-2.078079,training_point
09:55:15.141,2,-2.653809,1.421649,-2.155035,training_point
09:55:15.225,1,-4.067716,1.534611,-2.077335,training_point
09:55:15.225,2,-2.653986,1.421706,-2.15511,training_point
09:55:15.376,1,-4.067477,1.534734,-2.078375,training_point
09:55:15.376,2,-2.654078,1.421929,-2.155299,training_point
09:55:15.475,1,-4.067111,1.534836,-2.077261,training_point
09:55:15.476,2,-2.65436,1.421653,-2.155235,training_point
09:55:15.575,1,-4.066684,1.534349,-2.076815,training_point
09:55:15.575,2,-2.65491,1.421711,-2.155119,training_point
09:55:15.658,1,-4.066093,1.535029,-2.076848,training_point
09:55:15.658,2,-2.654966,1.421856,-2.155358,training_point
09:55:15.741,1,-4.066212,1.534708,-2.07682,training_point
09:55:15.742,2,-2.655324,1.421787,-2.155397,training_point
09:55:15.825,1,-4.065283,1.534021,-2.077372,training_point
09:55:15.825,2,-2.655502,1.42185,-2.155769,training_point
09:55:15.926,1,-4.065173,1.534569,-2.076817,training_point
09:55:15.926,2,-2.655527,1.421775,-2.155887,training_point
09:55:16.026,1,-4.066091,1.533789,-2.076445,training_point
09:55:16.026,2,-2.655266,1.42168,-2.156047,training_point
09:55:16.142,1,-4.065141,1.532912,-2.0744,training_point
09:55:16.143,2,-2.654452,1.421746,-2.156682,training_point
09:55:16.242,1,-4.065144,1.533587,-2.073349,training_point
09:55:16.243,2,-2.654338,1.421799,-2.156733,training_point
09:55:16.325,1,-4.064681,1.532286,-2.070015,training_point
09:55:16.325,2,-2.654323,1.421816,-2.156882,training_point
09:55:16.458,1,-4.06525,1.532642,-2.064666,training_point
09:55:16.458,2,-2.654278,1.421551,-2.156858,training_point
09:55:16.541,1,-4.066068,1.534103,-2.06141,training_point
09:55:16.542,2,-2.654271,1.421519,-2.156929,training_point
09:55:16.625,1,-4.066668,1.53372,-2.059167,training_point
09:55:16.625,2,-2.654435,1.421572,-2.15686,training_point
09:55:16.775,1,-4.064786,1.533409,-2.054308,training_point
09:55:16.777,2,-2.65454,1.421569,-2.156947,training_point
09:55:16.876,1,-4.061864,1.532608,-2.050625,training_point
09:55:16.876,2,-2.65454,1.421621,-2.156147,training_point
09:55:16.975,1,-4.055434,1.53204,-2.04936,training_point
09:55:16.976,2,-2.654879,1.421726,-2.156152,training_point
09:55:17.075,1,-4.041484,1.532173,-2.045567,training_point
09:55:17.076,2,-2.655112,1.421668,-2.156059,training_point
09:55:17.176,1,-4.03413,1.532655,-2.047072,training_point
09:55:17.176,2,-2.655095,1.42165,-2.156039,training_point
09:55:17.276,1,-4.0167,1.532956,-2.052774,training_point
09:55:17.276,2,-2.655033,1.421412,-2.156036,training_point
09:55:17.375,1,-3.996077,1.533401,-2.057577,training_point
09:55:17.375,2,-2.655292,1.42143,-2.155619,training_point
09:55:17.458,1,-3.985752,1.532967,-2.065678,training_point
09:55:17.458,2,-2.655016,1.421425,-2.155683,training_point
09:55:17.541,1,-3.974619,1.533074,-2.071893,training_point
09:55:17.542,2,-2.655027,1.421407,-2.155536,training_point
09:55:17.625,1,-3.96254,1.533274,-2.077382,training_point
09:55:17.626,2,-2.65505,1.421325,-2.15538,training_point
09:55:17.708,1,-3.952601,1.533289,-2.083781,training_point
09:55:17.708,2,-2.655113,1.421214,-2.155091,training_point
09:55:17.793,1,-3.941901,1.533634,-2.090859,training_point
09:55:17.793,2,-2.655146,1.420961,-2.154712,training_point
09:55:17.875,1,-3.93501,1.533301,-2.095698,training_point
09:55:17.875,2,-2.655305,1.420656,-2.154265,training_point
09:55:17.958,1,-3.928204,1.533181,-2.102148,training_point
09:55:17.958,2,-2.655365,1.420753,-2.154275,training_point
09:55:18.058,1,-3.921012,1.533084,-2.107331,training_point
09:55:18.058,2,-2.655401,1.420748,-2.153993,training_point
09:55:18.141,1,-3.916179,1.533721,-2.109902,training_point
09:55:18.142,2,-2.655405,1.4207,-2.153956,training_point
09:55:18.225,1,-3.914024,1.534231,-2.115312,training_point
09:55:18.225,2,-2.655612,1.420676,-2.153758,training_point
09:55:18.308,1,-3.913448,1.53377,-2.121799,training_point
09:55:18.308,2,-2.655898,1.420261,-2.153412,training_point
09:55:18.391,1,-3.911025,1.533378,-2.123269,training_point
09:55:18.392,2,-2.655967,1.420173,-2.15329,training_point
09:55:18.475,1,-3.909473,1.533511,-2.127338,training_point
09:55:18.475,2,-2.656294,1.419988,-2.152621,training_point
09:55:18.558,1,-3.90878,1.533812,-2.128469,training_point
09:55:18.558,2,-2.656341,1.419961,-2.152575,training_point
09:55:18.660,1,-3.907783,1.53359,-2.130702,training_point
09:55:18.660,2,-2.656463,1.419902,-2.152432,training_point
09:55:18.741,1,-3.906091,1.533605,-2.131962,training_point
09:55:18.742,2,-2.656541,1.419867,-2.152347,training_point
09:55:18.825,1,-3.904341,1.533103,-2.132736,training_point
09:55:18.825,2,-2.656811,1.419999,-2.152323,training_point
09:55:18.908,1,-3.902369,1.533387,-2.133312,training_point
09:55:18.908,2,-2.657,1.420112,-2.15221,training_point
09:55:18.991,1,-3.902642,1.533731,-2.13522,training_point
09:55:18.992,2,-2.657355,1.420254,-2.151871,training_point
09:55:19.093,1,-3.901557,1.533565,-2.137641,training_point
09:55:19.094,2,-2.657879,1.420159,-2.151481,training_point
09:55:19.191,1,-3.902738,1.534095,-2.138513,training_point
09:55:19.192,2,-2.658749,1.420116,-2.151232,training_point
09:55:19.275,1,-3.903522,1.535559,-2.140193,training_point
09:55:19.275,2,-2.65973,1.420141,-2.151184,training_point
09:55:19.360,1,-3.905458,1.535883,-2.142903,training_point
09:55:19.360,2,-2.663005,1.420205,-2.151037,training_point
09:55:19.458,1,-3.90706,1.536852,-2.141934,training_point
09:55:19.458,2,-2.668954,1.420268,-2.150488,training_point
09:55:19.541,1,-3.907844,1.538268,-2.142438,training_point
09:55:19.542,2,-2.675457,1.419977,-2.152343,training_point
09:55:19.626,1,-3.907896,1.54031,-2.142601,training_point
09:55:19.627,2,-2.679511,1.420004,-2.152757,training_point
09:55:19.725,1,-3.908837,1.542108,-2.141854,training_point
09:55:19.725,2,-2.686975,1.419948,-2.153415,training_point
09:55:19.808,1,-3.909834,1.544765,-2.142045,training_point
09:55:19.808,2,-2.690837,1.419833,-2.155546,training_point
09:55:19.891,1,-3.910226,1.543799,-2.141565,training_point
09:55:19.892,2,-2.692029,1.419891,-2.156503,training_point
09:55:19.992,1,-3.911115,1.541059,-2.14176,training_point
09:55:19.993,2,-2.692904,1.419922,-2.158135,training_point
09:55:20.075,1,-3.911956,1.541532,-2.142048,training_point
09:55:20.075,2,-2.693164,1.4198,-2.159981,training_point
09:55:20.160,1,-3.912699,1.540483,-2.14325,training_point
09:55:20.160,2,-2.693076,1.420003,-2.161436,training_point
09:55:20.241,1,-3.912958,1.540472,-2.142932,training_point
09:55:20.242,2,-2.692977,1.419913,-2.163627,training_point
09:55:20.326,1,-3.91274,1.539691,-2.142665,training_point
09:55:20.326,2,-2.692852,1.419662,-2.164449,training_point
09:55:20.425,1,-3.913145,1.540569,-2.142727,training_point
09:55:20.425,2,-2.692183,1.419873,-2.165773,training_point
09:55:20.508,1,-3.913332,1.540584,-2.142655,training_point
09:55:20.508,2,-2.691396,1.419765,-2.167948,training_point
09:55:20.591,1,-3.912632,1.541648,-2.143335,training_point
09:55:20.592,2,-2.691025,1.419719,-2.168679,training_point
09:55:20.691,1,-3.913234,1.542651,-2.141802,training_point
09:55:20.692,2,-2.690003,1.419737,-2.16813,training_point
09:55:20.791,1,-3.913206,1.542783,-2.141662,training_point
09:55:20.792,2,-2.686722,1.419893,-2.166354,training_point
09:55:20.875,1,-3.913189,1.542786,-2.140931,training_point
09:55:20.875,2,-2.685079,1.419768,-2.16467,training_point
09:55:20.958,1,-3.913178,1.542553,-2.141115,training_point
09:55:20.958,2,-2.682197,1.419686,-2.162663,training_point
09:55:21.058,1,-3.912598,1.541344,-2.141109,training_point
09:55:21.058,2,-2.678789,1.419659,-2.158875,training_point
09:55:21.141,1,-3.912056,1.541675,-2.140309,training_point
09:55:21.142,2,-2.676024,1.41971,-2.156556,training_point
09:55:21.225,1,-3.911828,1.54183,-2.14025,training_point
09:55:21.225,2,-2.674571,1.41991,-2.155884,training_point
09:55:21.325,1,-3.91139,1.542118,-2.141203,training_point
09:55:21.325,2,-2.672157,1.419985,-2.154569,training_point
09:55:21.425,1,-3.910565,1.541939,-2.141802,training_point
09:55:21.425,2,-2.670581,1.419944,-2.153366,training_point
09:55:21.525,1,-3.910143,1.54164,-2.139913,training_point
09:55:21.525,2,-2.668614,1.420007,-2.152331,training_point
09:55:21.608,1,-3.910327,1.543036,-2.143204,training_point
09:55:21.608,2,-2.667052,1.419764,-2.151325,training_point
09:55:21.691,1,-3.910059,1.543957,-2.143903,training_point
09:55:21.692,2,-2.666226,1.419814,-2.150892,training_point
09:55:21.791,1,-3.909903,1.543301,-2.144101,training_point
09:55:21.792,2,-2.664078,1.419937,-2.14947,training_point
09:55:21.893,1,-3.909711,1.543823,-2.144175,training_point
09:55:21.893,2,-2.66108,1.420707,-2.148634,training_point
09:55:22.008,1,-3.909723,1.543167,-2.143779,training_point
09:55:22.008,2,-2.657189,1.420588,-2.14834,training_point
09:55:22.109,1,-3.9106,1.540889,-2.143472,training_point
09:55:22.109,2,-2.652685,1.420541,-2.149728,training_point
09:55:22.208,1,-3.911015,1.537741,-2.143036,training_point
09:55:22.208,2,-2.649789,1.420456,-2.151044,training_point
09:55:22.291,1,-3.911871,1.536861,-2.142939,training_point
09:55:22.292,2,-2.648671,1.419394,-2.152488,training_point
09:55:22.375,1,-3.911849,1.536949,-2.142826,training_point
09:55:22.375,2,-2.646426,1.419109,-2.153311,training_point
09:55:22.458,1,-3.911763,1.537004,-2.142102,training_point
09:55:22.458,2,-2.64738,1.419404,-2.154407,training_point
09:55:22.541,1,-3.911564,1.537082,-2.142003,training_point
09:55:22.542,2,-2.64595,1.421446,-2.155997,training_point
09:55:22.625,1,-3.91093,1.536651,-2.141776,training_point
09:55:22.625,2,-2.645101,1.421998,-2.156577,training_point
09:55:22.725,1,-3.910388,1.53649,-2.141836,training_point
09:55:22.725,2,-2.644123,1.422182,-2.157275,training_point
09:55:22.825,1,-3.910701,1.536793,-2.14212,training_point
09:55:22.825,2,-2.642141,1.422124,-2.157398,training_point
09:55:22.908,1,-3.909265,1.536724,-2.143113,training_point
09:55:22.908,2,-2.642492,1.422223,-2.157819,training_point
09:55:22.992,1,-3.908802,1.535165,-2.143336,training_point
09:55:22.992,2,-2.64334,1.42277,-2.157914,training_point
09:55:23.093,1,-3.907895,1.53593,-2.143314,training_point
09:55:23.093,2,-2.642913,1.4226,-2.157803,training_point
09:55:23.191,1,-3.907436,1.536431,-2.143783,training_point
09:55:23.192,2,-2.641419,1.422792,-2.157268,training_point
09:55:23.292,1,-3.906841,1.53726,-2.144538,training_point
09:55:23.293,2,-2.6425,1.422928,-2.156967,training_point
09:55:23.391,1,-3.905882,1.537987,-2.144989,training_point
09:55:23.392,2,-2.641229,1.423029,-2.155725,training_point
09:55:23.492,1,-3.905346,1.537906,-2.145234,training_point
09:55:23.493,2,-2.642171,1.422625,-2.155217,training_point
09:55:23.592,1,-3.905322,1.538486,-2.145313,training_point
09:55:23.592,2,-2.641758,1.421956,-2.153818,training_point
09:55:23.691,1,-3.905404,1.537817,-2.145935,training_point
09:55:23.692,2,-2.642813,1.421008,-2.152307,training_point
09:55:23.792,1,-3.905513,1.539139,-2.147131,training_point
09:55:23.793,2,-2.642165,1.420383,-2.151677,training_point
09:55:23.891,1,-3.90643,1.539404,-2.147471,training_point
09:55:23.892,2,-2.642488,1.41989,-2.150703,training_point
09:55:23.993,1,-3.906723,1.539836,-2.147709,training_point
09:55:23.993,2,-2.644268,1.419448,-2.150492,training_point
09:55:24.091,1,-3.907082,1.541282,-2.14839,training_point
09:55:24.092,2,-2.644362,1.418698,-2.149556,training_point
09:55:24.175,1,-3.906951,1.541967,-2.148608,training_point
09:55:24.175,2,-2.644063,1.418391,-2.148223,training_point
09:55:24.258,1,-3.9075,1.542493,-2.148985,training_point
09:55:24.258,2,-2.645556,1.418087,-2.148805,training_point
09:55:24.341,1,-3.907852,1.542904,-2.149012,training_point
09:55:24.342,2,-2.644729,1.417848,-2.147358,training_point
09:55:24.425,1,-3.907697,1.543414,-2.149114,training_point
09:55:24.425,2,-2.64459,1.41789,-2.147234,training_point
09:55:24.525,1,-3.907307,1.542284,-2.14994,training_point
09:55:24.525,2,-2.644763,1.417914,-2.14759,training_point
09:55:24.625,1,-3.907693,1.542148,-2.149717,training_point
09:55:24.625,2,-2.644794,1.418009,-2.147137,training_point
09:55:24.726,1,-3.908337,1.542252,-2.149607,training_point
09:55:24.726,2,-2.645769,1.417721,-2.147653,training_point
09:55:24.825,1,-3.909257,1.54232,-2.149041,training_point
09:55:24.825,2,-2.64441,1.417423,-2.147158,training_point
09:55:24.908,1,-3.910203,1.542272,-2.149115,training_point
09:55:24.908,2,-2.644174,1.418016,-2.147551,training_point
09:55:25.008,1,-3.910937,1.542248,-2.14818,training_point
09:55:25.008,2,-2.645075,1.417516,-2.148367,training_point
09:55:25.091,1,-3.91206,1.542164,-2.147622,training_point
09:55:25.092,2,-2.644007,1.417717,-2.148431,training_point
09:55:25.175,1,-3.91283,1.542235,-2.14701,training_point
09:55:25.175,2,-2.643727,1.41812,-2.148407,training_point
09:55:25.258,1,-3.913305,1.542039,-2.147101,training_point
09:55:25.258,2,-2.643537,1.418234,-2.14934,training_point
09:55:25.342,1,-3.914578,1.542446,-2.146486,training_point
09:55:25.342,2,-2.64381,1.418515,-2.149795,training_point
09:55:25.425,1,-3.913796,1.542286,-2.145074,training_point
09:55:25.425,2,-2.643832,1.418734,-2.149879,training_point
09:55:25.525,1,-3.914258,1.542625,-2.144611,training_point
09:55:25.525,2,-2.644299,1.418964,-2.150507,training_point
09:55:25.608,1,-3.914698,1.542378,-2.142782,training_point
09:55:25.608,2,-2.646674,1.418751,-2.150884,training_point
09:55:25.692,1,-3.915037,1.542575,-2.14274,training_point
09:55:25.692,2,-2.649093,1.418746,-2.150409,training_point
09:55:25.775,1,-3.915142,1.542245,-2.141011,training_point
09:55:25.775,2,-2.651742,1.418813,-2.150596,training_point
09:55:25.876,1,-3.916222,1.541674,-2.139997,training_point
09:55:25.876,2,-2.655229,1.418357,-2.150269,training_point
09:55:25.993,1,-3.915733,1.541884,-2.139391,training_point
09:55:25.993,2,-2.660308,1.418544,-2.150589,training_point
09:55:26.092,1,-3.916361,1.542443,-2.139139,training_point
09:55:26.092,2,-2.662994,1.419037,-2.150629,training_point
09:55:26.191,1,-3.91686,1.542119,-2.138648,training_point
09:55:26.192,2,-2.665938,1.418995,-2.151002,training_point
09:55:26.275,1,-3.917252,1.542541,-2.138507,training_point
09:55:26.275,2,-2.668658,1.418897,-2.151216,training_point
09:55:26.376,1,-3.918318,1.5424,-2.138218,training_point
09:55:26.376,2,-2.671228,1.418814,-2.151731,training_point
09:55:26.476,1,-3.917667,1.542248,-2.137624,training_point
09:55:26.476,2,-2.675831,1.418976,-2.152986,training_point
09:55:26.575,1,-3.920073,1.542313,-2.139358,training_point
09:55:26.575,2,-2.683355,1.419337,-2.155702,training_point
09:55:26.658,1,-3.918924,1.541994,-2.139242,training_point
09:55:26.658,2,-2.689843,1.419504,-2.158146,training_point
09:55:26.760,1,-3.918567,1.541238,-2.139417,training_point
09:55:26.760,2,-2.696793,1.419355,-2.161051,training_point
09:55:26.858,1,-3.917858,1.541615,-2.139611,training_point
09:55:26.858,2,-2.701437,1.419179,-2.163034,training_point
09:55:26.942,1,-3.917179,1.541502,-2.139716,training_point
09:55:26.942,2,-2.706637,1.419449,-2.163703,training_point
09:55:27.025,1,-3.916331,1.541425,-2.140204,training_point
09:55:27.025,2,-2.709279,1.419314,-2.164203,training_point
09:55:27.108,1,-3.915709,1.540994,-2.14099,training_point
09:55:27.108,2,-2.711832,1.419089,-2.164952,training_point
09:55:27.209,1,-3.915199,1.541412,-2.141485,training_point
09:55:27.210,2,-2.724114,1.419451,-2.166689,training_point
09:55:27.326,1,-3.913009,1.541482,-2.142541,training_point
09:55:27.327,2,-2.734439,1.419221,-2.164732,training_point
09:55:27.446,1,-3.911713,1.540845,-2.1427,training_point
09:55:27.446,2,-2.745665,1.419188,-2.162778,training_point
09:55:27.542,1,-3.908174,1.541278,-2.142772,training_point
09:55:27.543,2,-2.758068,1.418932,-2.159019,training_point
09:55:27.658,1,-3.897775,1.540943,-2.142225,training_point
09:55:27.658,2,-2.77975,1.418835,-2.152641,training_point
09:55:27.742,1,-3.877327,1.541272,-2.143948,training_point
09:55:27.742,2,-2.797851,1.418821,-2.148704,training_point
09:55:27.825,1,-3.858406,1.541125,-2.143501,training_point
09:55:27.825,2,-2.807475,1.41898,-2.146021,training_point
09:55:27.926,1,-3.839017,1.541502,-2.144648,training_point
09:55:27.926,2,-2.82292,1.418848,-2.140677,training_point
09:55:28.026,1,-3.818685,1.541616,-2.147546,training_point
09:55:28.026,2,-2.836059,1.418804,-2.137171,training_point
09:55:28.125,1,-3.813096,1.540991,-2.14747,training_point
09:55:28.125,2,-2.850242,1.418736,-2.133195,training_point
09:55:28.208,1,-3.808132,1.540331,-2.146289,training_point
09:55:28.208,2,-2.862133,1.418576,-2.128992,training_point
09:55:28.292,1,-3.806213,1.539927,-2.147379,training_point
09:55:28.293,2,-2.869868,1.417887,-2.125258,training_point
09:55:28.392,1,-3.808795,1.540578,-2.152184,training_point
09:55:28.392,2,-2.882129,1.417835,-2.119816,training_point
09:55:28.475,1,-3.813773,1.540464,-2.135678,training_point
09:55:28.475,2,-2.892001,1.418316,-2.114482,training_point
09:55:28.560,1,-3.808527,1.541896,-2.141362,training_point
09:55:28.560,2,-2.898418,1.418461,-2.110393,training_point
09:55:28.660,1,-3.790319,1.540712,-2.157892,training_point
09:55:28.660,2,-2.904255,1.418666,-2.105128,training_point
09:55:28.758,1,-3.754782,1.541703,-2.187368,training_point
09:55:28.758,2,-2.909048,1.419269,-2.100335,training_point
09:55:28.858,1,-3.713258,1.541165,-2.229163,training_point
09:55:28.858,2,-2.911026,1.419178,-2.096382,training_point
09:55:28.942,1,-3.657137,1.541391,-2.288137,training_point
09:55:28.942,2,-2.911854,1.419521,-2.092816,training_point
09:55:29.025,1,-3.619279,1.54084,-2.330158,training_point
09:55:29.025,2,-2.912475,1.419567,-2.090574,training_point
09:55:29.109,1,-3.581384,1.540916,-2.362969,training_point
09:55:29.109,2,-2.912805,1.419097,-2.089946,training_point
09:55:29.192,1,-3.535251,1.540665,-2.396183,training_point
09:55:29.192,2,-2.913759,1.418556,-2.087375,training_point
09:55:29.275,1,-3.493279,1.540108,-2.421238,training_point
09:55:29.275,2,-2.913978,1.418135,-2.086437,training_point
09:55:29.358,1,-3.438901,1.540896,-2.462897,training_point
09:55:29.358,2,-2.914134,1.418681,-2.086018,training_point
09:55:29.446,1,-3.399929,1.53912,-2.474265,training_point
09:55:29.446,2,-2.914491,1.419082,-2.085615,training_point
09:55:29.525,1,-3.331677,1.540234,-2.492737,training_point
09:55:29.525,2,-2.914802,1.419554,-2.085036,training_point
09:55:29.608,1,-3.246935,1.540737,-2.509369,training_point
09:55:29.608,2,-2.914539,1.421297,-2.085407,training_point
09:55:29.692,1,-3.186798,1.541046,-2.515299,training_point
09:55:29.692,2,-2.915225,1.42183,-2.0864,training_point
09:55:29.777,1,-3.114906,1.540743,-2.512652,training_point
09:55:29.777,2,-2.909704,1.422525,-2.086624,training_point
09:55:29.876,1,-3.019996,1.540912,-2.518573,training_point
09:55:29.876,2,-2.889447,1.422767,-2.093895,training_point
09:55:29.958,1,-2.936164,1.539904,-2.52443,training_point
09:55:29.958,2,-2.807813,1.423471,-2.103241,training_point
09:55:30.092,1,-2.84085,1.539918,-2.538477,training_point
09:55:30.092,2,-2.605719,1.423088,-2.516088,training_point
09:55:30.225,1,-2.738319,1.539816,-2.542402,training_point
09:55:30.358,1,-2.637837,1.419428,-2.548233,training_point
09:55:30.492,1,-2.492181,1.540101,-2.564371,training_point
09:55:30.577,1,-2.435147,1.418177,-2.5629,training_point
09:55:30.676,1,-2.354738,1.540376,-2.551589,training_point
09:55:30.758,1,-2.303633,1.417722,-2.534191,training_point
09:55:30.892,1,-2.224269,1.538909,-2.488256,training_point
09:55:30.976,1,-2.176363,1.418218,-2.436293,training_point
09:55:31.076,2,-2.864745,1.536509,-2.072853,training_point
09:55:31.076,1,-2.125782,1.418263,-2.424541,training_point
09:55:31.176,2,-2.863635,1.540921,-2.069682,training_point
09:55:31.176,1,-2.067427,1.419383,-2.355149,training_point
09:55:31.276,2,-2.855732,1.539927,-2.07097,training_point
09:55:31.276,1,-2.02459,1.424159,-2.296098,training_point
09:55:31.375,2,-2.848943,1.533727,-2.071227,training_point
09:55:31.375,1,-1.971846,1.426543,-2.247895,training_point
09:55:31.476,2,-2.843288,1.52771,-2.076675,training_point
09:55:31.476,1,-1.922007,1.427476,-2.181697,training_point
09:55:31.558,2,-2.836133,1.531251,-2.083531,training_point
09:55:31.558,1,-1.872702,1.42746,-2.140643,training_point
09:55:31.642,2,-2.832728,1.530397,-2.085366,training_point
09:55:31.642,1,-1.837624,1.425531,-2.103068,training_point
09:55:31.725,2,-2.827909,1.518829,-2.090334,training_point
09:55:31.725,1,-1.768756,1.424285,-2.033524,training_point
09:55:31.876,2,-2.820841,1.504078,-2.095583,training_point
09:55:31.876,1,-1.683015,1.422235,-1.993087,training_point
09:55:31.975,2,-2.81629,1.506842,-2.099471,training_point
09:55:31.975,1,-1.631199,1.422622,-1.944527,training_point
09:55:32.058,2,-2.812333,1.503817,-2.101389,training_point
09:55:32.058,1,-1.584862,1.42197,-1.896909,training_point
09:55:32.142,2,-2.81122,1.50074,-2.102316,training_point
09:55:32.142,1,-1.551532,1.421687,-1.834321,training_point
09:55:32.225,2,-2.809045,1.498593,-2.104519,training_point
09:55:32.225,1,-1.523652,1.421146,-1.781611,training_point
09:55:32.308,2,-2.80881,1.492793,-2.105181,training_point
09:55:32.308,1,-1.537884,1.420668,-1.791277,training_point
09:55:32.392,2,-2.808525,1.490432,-2.106368,training_point
09:55:32.392,1,-1.488158,1.420679,-1.712221,training_point
09:55:32.542,2,-2.80735,1.494528,-2.109898,training_point
09:55:32.542,1,-1.512252,1.420759,-1.647446,training_point
09:55:32.625,2,-2.806927,1.506052,-2.110245,training_point
09:55:32.625,1,-1.500577,1.42068,-1.594163,training_point
09:55:32.708,2,-2.805417,1.506495,-2.114085,training_point
09:55:32.708,1,-1.501234,1.420923,-1.587359,training_point
09:55:32.794,2,-2.804794,1.506777,-2.115658,training_point
09:55:32.794,1,-1.474934,1.42071,-1.549491,training_point
09:55:32.893,2,-2.804042,1.506146,-2.116188,training_point
09:55:32.893,1,-1.442521,1.420856,-1.531599,training_point
09:55:32.975,2,-2.803521,1.502483,-2.115949,training_point
09:55:32.975,1,-1.435379,1.421352,-1.503081,training_point
09:55:33.058,2,-2.802982,1.493856,-2.11548,training_point
09:55:33.058,1,-1.432931,1.421462,-1.499895,training_point
09:55:33.142,2,-2.802007,1.487894,-2.115507,training_point
09:55:33.142,1,-1.409299,1.421698,-1.501777,training_point
09:55:33.225,2,-2.801964,1.486102,-2.115094,training_point
09:55:33.225,1,-1.416545,1.422256,-1.492895,training_point
09:55:33.308,2,-2.802537,1.49445,-2.113832,training_point
09:55:33.308,1,-1.432998,1.419736,-1.485207,training_point
09:55:33.392,2,-2.803114,1.511903,-2.11308,training_point
09:55:33.392,1,-1.411366,1.397124,-1.488573,training_point
09:55:33.493,2,-2.803501,1.523385,-2.112109,training_point
09:55:33.493,1,-1.410535,1.338193,-1.485615,training_point
09:55:33.575,2,-2.803988,1.517175,-2.111186,training_point
09:55:33.575,1,-1.397916,1.656949,-1.484246,training_point
09:55:33.660,2,-2.804104,1.521287,-2.110487,training_point
09:55:33.660,1,-1.394237,1.656949,-1.468907,training_point
09:55:33.759,2,-2.805215,1.514852,-2.109668,training_point
09:55:33.760,1,-1.368897,1.656949,-1.47335,training_point
09:55:33.858,2,-2.805523,1.531011,-2.109093,training_point
09:55:33.858,1,-1.409974,1.656949,-1.398049,training_point
09:55:33.958,2,-2.806259,1.534233,-2.108668,training_point
09:55:33.958,1,-1.407548,1.656949,-1.387012,training_point
09:55:34.042,2,-2.807228,1.538021,-2.108253,training_point
09:55:34.042,1,-1.403041,1.656949,-1.383513,training_point
09:55:34.125,2,-2.809173,1.540685,-2.109369,training_point
09:55:34.125,1,-1.403013,1.656949,-1.383858,training_point
09:55:34.208,2,-2.810469,1.511992,-2.109663,training_point
09:55:34.208,1,-1.401861,1.656949,-1.384046,training_point
09:55:34.293,2,-2.810755,1.420361,-2.109945,training_point
09:55:34.293,1,-1.395575,1.519107,-1.380959,training_point
09:55:34.392,2,-2.811203,1.656949,-2.109788,training_point
09:55:34.393,1,-1.40554,1.419353,-1.388165,training_point
09:55:34.493,2,-2.811522,1.51813,-2.109998,training_point
09:55:34.493,1,-1.409015,1.656949,-1.395219,training_point
09:55:34.592,2,-2.811535,1.41877,-2.110728,training_point
09:55:34.592,1,-1.410241,1.515705,-1.393781,training_point
09:55:34.675,2,-2.810585,1.656949,-2.111043,training_point
09:55:34.675,1,-1.408535,1.418663,-1.392923,training_point
09:55:34.760,2,-2.809947,1.500434,-2.111502,training_point
09:55:34.760,1,-1.408713,1.656949,-1.393206,training_point
09:55:34.860,2,-2.809086,1.418053,-2.11098,training_point
09:55:34.860,1,-1.410652,1.512478,-1.394721,training_point
09:55:34.942,2,-2.808677,1.656949,-2.111455,training_point
09:55:34.942,1,-1.416029,1.418504,-1.398914,training_point
09:55:35.025,2,-2.808492,1.505237,-2.111427,training_point
09:55:35.025,1,-1.418957,1.656949,-1.39655,training_point
09:55:35.108,2,-2.807996,1.41828,-2.110903,training_point
09:55:35.108,1,-1.419855,1.496688,-1.395932,training_point
09:55:35.192,2,-2.80786,1.656949,-2.111064,training_point
09:55:35.192,1,-1.419127,1.418019,-1.393447,training_point
09:55:35.293,2,-2.807572,1.483329,-2.110989,training_point
09:55:35.293,1,-1.419978,1.656949,-1.393487,training_point
09:55:35.375,2,-2.806715,1.418244,-2.111315,training_point
09:55:35.375,1,-1.4205,1.451747,-1.392877,training_point
09:55:35.458,2,-2.805332,1.656949,-2.112151,training_point
09:55:35.459,1,-1.420838,1.418033,-1.396284,training_point
09:55:35.542,2,-2.80451,1.459662,-2.112928,training_point
09:55:35.542,1,-1.421742,1.656949,-1.401261,training_point
09:55:35.625,2,-2.799849,1.418438,-2.114159,training_point
09:55:35.625,1,-1.422101,1.451575,-1.422299,training_point
09:55:35.710,2,-2.795252,1.656949,-2.116396,training_point
09:55:35.710,1,-1.419054,1.418032,-1.409737,training_point
09:55:35.792,2,-2.785071,1.464448,-2.121263,training_point
09:55:35.792,1,-1.419628,1.656949,-1.409802,training_point
09:55:35.942,2,-2.770396,1.418264,-2.133088,training_point
09:55:35.942,1,-1.420734,1.471434,-1.405626,training_point
09:55:36.025,2,-2.758335,1.656949,-2.142736,training_point
09:55:36.025,1,-1.42101,1.418106,-1.403536,training_point
09:55:36.108,2,-2.744797,1.448701,-2.153817,training_point
09:55:36.109,1,-1.422788,1.656949,-1.395018,training_point
09:55:36.192,2,-2.715671,1.417587,-2.169554,training_point
09:55:36.192,1,-1.423138,1.457817,-1.405347,training_point
09:55:36.276,2,-2.70217,1.656949,-2.178653,training_point
09:55:36.277,1,-1.423629,1.417061,-1.405554,training_point
09:55:36.358,2,-2.676382,1.442421,-2.192149,training_point
09:55:36.358,1,-1.424911,1.656949,-1.402017,training_point
09:55:36.442,2,-2.65569,1.417366,-2.196113,training_point
09:55:36.442,1,-1.424837,1.44139,-1.402221,training_point
09:55:36.525,2,-2.617842,1.418518,-2.20374,training_point
09:55:36.525,1,-1.424839,1.440276,-1.401246,training_point
09:55:36.608,2,-2.589539,1.419707,-2.210505,training_point
09:55:36.609,1,-1.424773,1.449812,-1.401523,training_point
09:55:36.692,2,-2.520847,1.420376,-2.218486,training_point
09:55:36.692,1,-1.424847,1.430054,-1.401172,training_point
09:55:36.776,2,-2.477434,1.42125,-2.226853,training_point
09:55:36.776,1,-1.424298,1.439916,-1.404657,training_point
09:55:36.876,2,-2.385509,1.421164,-2.250275,training_point
09:55:36.877,1,-1.422902,1.438432,-1.40446,training_point
09:55:36.958,2,-2.279955,1.421753,-2.285311,training_point
09:55:36.958,1,-1.424724,1.430692,-1.418561,training_point
09:55:37.042,2,-2.20483,1.421841,-2.315887,training_point
09:55:37.042,1,-1.4229,1.430516,-1.417677,training_point
09:55:37.125,2,-2.119271,1.421897,-2.350154,training_point
09:55:37.125,1,-1.424511,1.420304,-1.413745,training_point
09:55:37.208,2,-2.074449,1.421891,-2.365385,training_point
09:55:37.209,1,-1.423282,1.418019,-1.412128,training_point
09:55:37.292,2,-1.981442,1.421773,-2.388153,training_point
09:55:37.292,1,-1.392132,1.417188,-1.410703,training_point
09:55:37.376,2,-1.95643,1.422108,-2.393115,training_point
09:55:37.377,1,-1.401061,1.415908,-1.505194,training_point
09:55:37.476,2,-1.892694,1.422347,-2.396348,training_point
09:55:37.477,1,-1.284327,1.42159,-1.526281,training_point
09:55:37.576,2,-1.831293,1.422602,-2.388733,training_point
09:55:37.576,1,-1.244588,1.421516,-1.521795,training_point
09:55:37.675,2,-1.754133,1.422553,-2.373269,training_point
09:55:37.675,1,-1.238141,1.45446,-1.519802,training_point
09:55:37.776,2,-1.702505,1.422835,-2.356532,training_point
09:55:37.777,1,-1.213285,1.463091,-1.489767,training_point
09:55:37.876,2,-1.636893,1.423082,-2.336066,training_point
09:55:37.975,2,-1.574412,1.466852,-2.325349,training_point
09:55:37.975,1,-1.542953,1.423127,-1.420376,training_point
09:55:38.108,2,-1.498487,1.466642,-2.31073,training_point
09:55:38.108,1,-1.639674,1.423593,-1.477258,training_point
09:55:38.193,2,-1.461257,1.468107,-2.310809,training_point
09:55:38.193,1,-1.624851,1.42385,-1.479905,training_point
09:55:38.293,2,-1.411812,1.470725,-2.314297,training_point
09:55:38.293,1,-1.552097,1.424187,-1.43961,training_point
09:55:38.375,2,-1.356442,1.466072,-2.319486,training_point
09:55:38.375,1,-1.513724,1.42437,-1.33166,training_point
09:55:38.460,2,-1.31266,1.464041,-2.330305,training_point
09:55:38.460,1,-1.493431,1.425021,-1.300714,training_point
09:55:38.542,2,-1.263279,1.465091,-2.344192,training_point
09:55:38.542,1,-1.474143,1.425366,-1.409075,training_point
09:55:38.675,2,-1.206414,1.471091,-2.365718,training_point
09:55:38.675,1,-1.472161,1.425869,-1.412759,training_point
09:55:38.758,2,-1.177406,1.470823,-2.379274,training_point
09:55:38.759,1,-1.461412,1.426247,-1.413895,training_point
09:55:38.842,2,-1.144628,1.468996,-2.392737,training_point
09:55:38.842,1,-1.436666,1.426559,-1.41699,training_point
09:55:38.925,2,-1.127159,1.465863,-2.4003,training_point
09:55:38.925,1,-1.436158,1.42665,-1.414248,training_point
09:55:39.008,2,-1.104738,1.466055,-2.412115,training_point
09:55:39.008,1,-1.434469,1.426963,-1.413046,training_point
09:55:39.092,2,-1.094702,1.465942,-2.416438,training_point
09:55:39.092,1,-1.432617,1.427033,-1.41191,training_point
09:55:39.175,2,-1.082351,1.468113,-2.42536,training_point
09:55:39.175,1,-1.43199,1.427192,-1.411145,training_point
09:55:39.258,2,-1.074948,1.467699,-2.42754,training_point
09:55:39.259,1,-1.432116,1.427351,-1.411287,training_point
09:55:39.342,2,-1.06412,1.467814,-2.42962,training_point
09:55:39.342,1,-1.423213,1.427771,-1.406408,training_point
09:55:39.425,2,-1.06202,1.466238,-2.430677,training_point
09:55:39.425,1,-1.424857,1.428079,-1.406608,training_point
09:55:39.526,2,-1.061985,1.467813,-2.42868,training_point
09:55:39.527,1,-1.426861,1.428226,-1.406147,training_point
09:55:39.608,2,-1.062392,1.472022,-2.429175,training_point
09:55:39.608,1,-1.425917,1.429107,-1.406875,training_point
09:55:39.692,2,-1.060837,1.479029,-2.430593,training_point
09:55:39.692,1,-1.426331,1.428383,-1.407573,training_point
09:55:39.775,2,-1.062878,1.469121,-2.430459,training_point
09:55:39.775,1,-1.427375,1.426691,-1.406999,training_point
09:55:39.858,2,-1.073409,1.466697,-2.432851,training_point
09:55:39.859,1,-1.427551,1.424659,-1.40677,training_point
09:55:39.960,2,-1.102207,1.466784,-2.436489,training_point
09:55:39.960,1,-1.429059,1.425345,-1.412607,training_point
09:55:40.042,2,-1.153289,1.469092,-2.439254,training_point
09:55:40.042,1,-1.429338,1.424869,-1.408743,training_point
09:55:40.126,2,-1.18682,1.464403,-2.440043,training_point
09:55:40.126,1,-1.430611,1.425293,-1.408655,training_point
09:55:40.208,2,-1.245204,1.465502,-2.439365,training_point
09:55:40.208,1,-1.43471,1.429714,-1.406722,training_point
09:55:40.293,2,-1.301432,1.470543,-2.44568,training_point
09:55:40.294,1,-1.436785,1.430139,-1.406729,training_point
09:55:40.392,2,-1.367509,1.469161,-2.448969,training_point
09:55:40.392,1,-1.456825,1.4219,-1.403315,training_point
09:55:40.475,2,-1.442485,1.469174,-2.451028,training_point
09:55:40.475,1,-1.47802,1.417903,-1.394423,training_point
09:55:40.626,2,-1.514286,1.469204,-2.450436,training_point
09:55:40.626,1,-1.502165,1.412839,-1.364514,training_point
09:55:40.726,2,-1.574034,1.468745,-2.44236,training_point
09:55:40.726,1,-1.521096,1.409046,-1.366131,training_point
09:55:40.826,2,-1.614557,1.467367,-2.434309,training_point
09:55:40.826,1,-1.654948,1.400351,-1.447814,training_point
09:55:40.925,2,-1.655959,1.468034,-2.423103,training_point
09:55:40.925,1,-1.766072,1.401183,-1.452463,training_point
09:55:41.025,2,-1.695701,1.465436,-2.403307,training_point
09:55:41.126,2,-1.740071,1.409995,-2.373281,training_point
09:55:41.126,1,-1.355294,1.464886,-2.154405,training_point
09:55:41.226,2,-1.790267,1.413031,-2.335262,training_point
09:55:41.226,1,-1.207926,1.466552,-1.317935,training_point
09:55:41.308,2,-1.83607,1.417947,-2.292962,training_point
09:55:41.308,1,-1.232225,1.467096,-1.491214,training_point
09:55:41.392,2,-1.861113,1.426304,-2.268695,training_point
09:55:41.392,1,-1.31786,1.480321,-1.470917,training_point
09:55:41.492,2,-1.907207,1.42349,-2.231117,training_point
09:55:41.492,1,-1.308964,1.404137,-1.387519,training_point
09:55:41.576,2,-1.927881,1.4293,-2.214773,training_point
09:55:41.576,1,-1.365221,1.288555,-1.500102,training_point
09:55:41.676,2,-1.983396,1.427146,-2.216087,training_point
09:55:41.678,1,-1.378579,1.247817,-1.416677,training_point
09:55:41.776,2,-2.015236,1.422217,-2.156475,training_point
09:55:41.776,1,-1.387467,1.233507,-1.416701,training_point
09:55:41.875,2,-2.075367,1.430731,-2.125935,training_point
09:55:41.875,1,-1.398132,0.418453,-1.420957,training_point
09:55:41.976,2,-2.112461,1.435909,-2.109503,training_point
09:55:41.978,1,-1.404052,1.281307,-1.420891,training_point
09:55:42.076,2,-2.180841,1.429706,-2.083391,training_point
09:55:42.076,1,-1.406027,1.456376,-1.423662,training_point
09:55:42.176,2,-2.236207,1.428934,-2.056762,training_point
09:55:42.176,1,-1.408966,0.652423,-1.427347,training_point
09:55:42.276,2,-2.293012,1.415836,-2.035821,training_point
09:55:42.277,1,-1.409767,0.740122,-1.431757,training_point
09:55:42.358,2,-2.335569,1.410556,-2.024371,training_point
09:55:42.358,1,-1.410103,1.497793,-1.431241,training_point
09:55:42.442,2,-2.353514,1.401951,-2.015534,training_point
09:55:42.442,1,-1.410485,1.489392,-1.431223,training_point
09:55:42.543,2,-2.373111,1.398137,-2.00654,training_point
09:55:42.543,1,-1.412146,1.490891,-1.432164,training_point
09:55:42.643,2,-2.398541,1.401041,-1.992602,training_point
09:55:42.643,1,-1.421432,1.51226,-1.438163,training_point
09:55:42.742,2,-2.410135,1.405284,-1.986305,training_point
09:55:42.743,1,-1.422221,1.50442,-1.437393,training_point
09:55:42.825,2,-2.416621,1.408442,-1.98186,training_point
09:55:42.825,1,-1.423239,1.500653,-1.436028,training_point
09:55:42.909,2,-2.417585,1.41109,-1.97545,training_point
09:55:42.909,1,-1.428834,1.486499,-1.433375,training_point
09:55:42.992,2,-2.415839,1.409829,-1.971842,training_point
09:55:42.992,1,-1.440121,1.484737,-1.436881,training_point
09:55:43.093,2,-2.408577,1.407948,-1.963093,training_point
09:55:43.093,1,-1.444346,1.482975,-1.435154,training_point
09:55:43.175,2,-2.397926,1.409739,-1.953627,training_point
09:55:43.175,1,-1.4478,1.483158,-1.432778,training_point
09:55:43.258,2,-2.39121,1.404378,-1.948456,training_point
09:55:43.259,1,-1.449356,1.483075,-1.43183,training_point
09:55:43.409,2,-2.374809,1.404361,-1.938895,training_point
09:55:43.410,1,-1.45158,1.48128,-1.435262,training_point
09:55:43.508,2,-2.36245,1.405129,-1.935182,training_point
09:55:43.509,1,-1.452868,1.483952,-1.433879,training_point
09:55:43.592,2,-2.348811,1.406309,-1.927923,training_point
09:55:43.592,1,-1.454229,1.482984,-1.433973,training_point
09:55:43.675,2,-2.342149,1.405833,-1.925205,training_point
09:55:43.675,1,-1.45423,1.482388,-1.434229,training_point
09:55:43.776,2,-2.335266,1.406639,-1.923664,training_point
09:55:43.776,1,-1.454707,1.481277,-1.440461,training_point
09:55:43.858,2,-2.325118,1.408996,-1.9193,training_point
09:55:43.859,1,-1.453881,1.480463,-1.435158,training_point
09:55:43.942,2,-2.319912,1.412139,-1.918094,training_point
09:55:43.942,1,-1.454978,1.479683,-1.434859,training_point
09:55:44.042,2,-2.312474,1.414462,-1.916665,training_point
09:55:44.042,1,-1.458675,1.479686,-1.444885,training_point
09:55:44.125,2,-2.304941,1.422256,-1.915019,training_point
09:55:44.125,1,-1.461541,1.475213,-1.44794,training_point
09:55:44.208,2,-2.301356,1.42183,-1.915339,training_point
09:55:44.209,1,-1.464139,1.474894,-1.454951,training_point
09:55:44.292,2,-2.297654,1.419976,-1.91551,training_point
09:55:44.292,1,-1.465479,1.471205,-1.46439,training_point
09:55:44.376,2,-2.296705,1.420093,-1.915668,training_point
09:55:44.376,1,-1.466853,1.468404,-1.494784,training_point
09:55:44.459,2,-2.295173,1.419102,-1.916095,training_point
09:55:44.459,1,-1.467586,1.468225,-1.502239,training_point
09:55:44.559,2,-2.293467,1.426472,-1.915623,training_point
09:55:44.560,1,-1.46708,1.471701,-1.544503,training_point
09:55:44.659,2,-2.292345,1.430741,-1.91626,training_point
09:55:44.660,1,-1.46985,1.475725,-1.579623,training_point
09:55:44.759,2,-2.291605,1.433621,-1.916608,training_point
09:55:44.759,1,-1.453818,1.477702,-1.628565,training_point
09:55:44.858,2,-2.289682,1.433671,-1.916681,training_point
09:55:44.859,1,-1.450993,1.476729,-1.682193,training_point
09:55:44.942,2,-2.289036,1.441133,-1.917094,training_point
09:55:44.942,1,-1.425825,1.226294,-1.731415,training_point
09:55:45.042,2,-2.288761,1.42988,-1.917118,training_point
09:55:45.042,1,-1.425252,1.327519,-1.761977,training_point
09:55:45.142,2,-2.287849,1.421114,-1.916589,training_point
09:55:45.143,1,-1.414637,1.403019,-1.790497,training_point
09:55:45.243,2,-2.288138,1.419518,-1.916873,training_point
09:55:45.243,1,-1.402775,1.448116,-1.821413,training_point
09:55:45.342,2,-2.28951,1.419669,-1.91729,training_point
09:55:45.342,1,-1.396955,1.497553,-1.835806,training_point
09:55:45.425,2,-2.289993,1.427349,-1.917334,training_point
09:55:45.425,1,-1.392978,1.179928,-1.849637,training_point
09:55:45.508,2,-2.290366,1.429596,-1.917344,training_point
09:55:45.509,1,-1.391231,1.313606,-1.855127,training_point
09:55:45.592,2,-2.290947,1.431679,-1.91688,training_point
09:55:45.592,1,-1.390141,1.484321,-1.858494,training_point
09:55:45.675,2,-2.290993,1.432472,-1.916502,training_point
09:55:45.675,1,-1.387165,1.366521,-1.866411,training_point
09:55:45.758,2,-2.292126,1.443239,-1.916448,training_point
09:55:45.759,1,-1.387137,1.455622,-1.867679,training_point
09:55:45.842,2,-2.292408,1.444449,-1.916531,training_point
09:55:45.842,1,-1.386859,1.460654,-1.872466,training_point
09:55:45.925,2,-2.292765,1.438664,-1.916553,training_point
09:55:45.925,1,-1.387416,1.475455,-1.874583,training_point
09:55:46.058,2,-2.294595,1.434754,-1.916127,training_point
09:55:46.059,1,-1.387532,1.47611,-1.879712,training_point
09:55:46.143,2,-2.294658,1.433867,-1.916108,training_point
09:55:46.144,1,-1.38775,1.477113,-1.880079,training_point
09:55:46.242,2,-2.294551,1.444859,-1.916224,training_point
09:55:46.242,1,-1.386772,1.474179,-1.881695,training_point
09:55:46.325,2,-2.294598,1.451585,-1.918117,training_point
09:55:46.325,1,-1.383267,1.473078,-1.886514,training_point
09:55:46.409,2,-2.294422,1.454978,-1.919013,training_point
09:55:46.409,1,-1.383011,1.473052,-1.887443,training_point
09:55:46.492,2,-2.293734,1.457775,-1.920996,training_point
09:55:46.492,1,-1.381866,1.473363,-1.890883,training_point
09:55:46.575,2,-2.295129,1.459683,-1.926158,training_point
09:55:46.575,1,-1.378958,1.473223,-1.892978,training_point
09:55:46.658,2,-2.296471,1.460454,-1.93241,training_point
09:55:46.659,1,-1.380503,1.470433,-1.893068,training_point
09:55:46.742,2,-2.294522,1.459703,-1.935626,training_point
09:55:46.742,1,-1.380734,1.470934,-1.893736,training_point
09:55:46.825,2,-2.295622,1.45952,-1.939319,training_point
09:55:46.825,1,-1.381751,1.471905,-1.89564,training_point
09:55:46.910,2,-2.295407,1.459178,-1.940685,training_point
09:55:46.910,1,-1.382425,1.47532,-1.896172,training_point
09:55:47.008,2,-2.295286,1.456992,-1.940173,training_point
09:55:47.009,1,-1.383706,1.469385,-1.896515,training_point
09:55:47.109,2,-2.296855,1.453894,-1.94106,training_point
09:55:47.109,1,-1.385465,1.468976,-1.897511,training_point
09:55:47.209,2,-2.298737,1.451008,-1.941581,training_point
09:55:47.210,1,-1.387565,1.468413,-1.89844,training_point
09:55:47.309,2,-2.300466,1.448491,-1.941275,training_point
09:55:47.309,1,-1.38975,1.46813,-1.899291,training_point
09:55:47.410,2,-2.302004,1.446806,-1.941242,training_point
09:55:47.411,1,-1.393043,1.465894,-1.901046,training_point
09:55:47.508,2,-2.302751,1.445977,-1.940389,training_point
09:55:47.509,1,-1.39756,1.466789,-1.902021,training_point
09:55:47.592,2,-2.303022,1.447266,-1.939103,training_point
09:55:47.592,1,-1.399307,1.466728,-1.902054,training_point
09:55:47.675,2,-2.302802,1.44498,-1.935376,training_point
09:55:47.675,1,-1.400792,1.467052,-1.902048,training_point
09:55:47.759,2,-2.304111,1.444351,-1.936082,training_point
09:55:47.759,1,-1.40166,1.46527,-1.901869,training_point
09:55:47.842,2,-2.306024,1.44396,-1.936649,training_point
09:55:47.842,1,-1.402766,1.470539,-1.902279,training_point
09:55:47.925,2,-2.307157,1.443493,-1.937492,training_point
09:55:47.925,1,-1.404548,1.475875,-1.900288,training_point
09:55:48.009,2,-2.308799,1.441478,-1.937338,training_point
09:55:48.009,1,-1.405023,1.475523,-1.899794,training_point
09:55:48.092,2,-2.309789,1.440498,-1.937067,training_point
09:55:48.092,1,-1.405313,1.47788,-1.899805,training_point
09:55:48.175,2,-2.310865,1.439481,-1.936834,training_point
09:55:48.175,1,-1.405791,1.477819,-1.900172,training_point
09:55:48.259,2,-2.31149,1.437992,-1.936595,training_point
09:55:48.259,1,-1.405539,1.485355,-1.900706,training_point
09:55:48.359,2,-2.311771,1.437549,-1.936225,training_point
09:55:48.360,1,-1.405845,1.478913,-1.901261,training_point
09:55:48.459,2,-2.311939,1.436075,-1.935761,training_point
09:55:48.460,1,-1.40634,1.479249,-1.901687,training_point
09:55:48.558,2,-2.311988,1.436176,-1.935592,training_point
09:55:48.559,1,-1.407185,1.477381,-1.90256,training_point
09:55:48.692,2,-2.311601,1.435802,-1.935251,training_point
09:55:48.692,1,-1.40811,1.473529,-1.902124,training_point
09:55:48.775,2,-2.311356,1.435721,-1.934955,training_point
09:55:48.775,1,-1.407097,1.481522,-1.900521,training_point
09:55:48.858,2,-2.311197,1.43603,-1.934298,training_point
09:55:48.859,1,-1.412732,1.466653,-1.90248,training_point
09:55:48.942,2,-2.311158,1.43619,-1.934021,training_point
09:55:48.942,1,-1.416791,1.476575,-1.902135,training_point
09:55:49.025,2,-2.310649,1.43639,-1.932439,training_point
09:55:49.025,1,-1.419706,1.477725,-1.900867,training_point
09:55:49.177,2,-2.310403,1.437,-1.930405,training_point
09:55:49.178,1,-1.421245,1.482013,-1.899633,training_point
09:55:49.276,2,-2.310259,1.436991,-1.928781,training_point
09:55:49.277,1,-1.421878,1.485867,-1.89901,training_point
09:55:49.376,2,-2.310233,1.436815,-1.928709,training_point
09:55:49.376,1,-1.422089,1.485487,-1.899144,training_point
09:55:49.477,2,-2.309253,1.436834,-1.926834,training_point
09:55:49.478,1,-1.422009,1.484274,-1.898724,training_point
09:55:49.576,2,-2.309207,1.436763,-1.926875,training_point
09:55:49.576,1,-1.421341,1.484506,-1.897013,training_point
09:55:49.676,2,-2.308456,1.436821,-1.926152,training_point
09:55:49.676,1,-1.420491,1.484111,-1.895856,training_point
09:55:49.775,2,-2.30749,1.43678,-1.923923,training_point
09:55:49.775,1,-1.420259,1.482046,-1.895084,training_point
09:55:49.859,2,-2.307555,1.436572,-1.923471,training_point
09:55:49.860,1,-1.419415,1.481184,-1.893793,training_point
09:55:49.942,2,-2.307137,1.436741,-1.922563,training_point
09:55:49.942,1,-1.419483,1.480793,-1.892403,training_point
09:55:50.075,2,-2.306193,1.436937,-1.921218,training_point
09:55:50.075,1,-1.41929,1.480282,-1.891026,training_point
09:55:50.159,2,-2.306097,1.435865,-1.921219,training_point
09:55:50.160,1,-1.419455,1.481391,-1.889957,training_point
09:55:50.242,2,-2.305166,1.435254,-1.920106,training_point
09:55:50.242,1,-1.419178,1.481283,-1.889412,training_point
09:55:50.325,2,-2.305029,1.434067,-1.920129,training_point
09:55:50.325,1,-1.418996,1.480805,-1.888864,training_point
09:55:50.409,2,-2.303351,1.432132,-1.918041,training_point
09:55:50.409,1,-1.418765,1.481552,-1.888785,training_point
09:55:50.493,2,-2.300984,1.431611,-1.916545,training_point
09:55:50.493,1,-1.417816,1.480857,-1.887614,training_point
09:55:50.593,2,-2.298726,1.430613,-1.9147,training_point
09:55:50.594,1,-1.417483,1.490459,-1.886388,training_point
09:55:50.692,2,-2.296198,1.428815,-1.91248,training_point
09:55:50.692,1,-1.417414,1.49372,-1.886328,training_point
09:55:50.793,2,-2.295685,1.426681,-1.912184,training_point
09:55:50.793,1,-1.41753,1.49399,-1.886143,training_point
09:55:50.893,2,-2.292301,1.426316,-1.911758,training_point
09:55:50.893,1,-1.417349,1.494848,-1.886784,training_point
09:55:50.975,2,-2.289927,1.425736,-1.910904,training_point
09:55:50.975,1,-1.417287,1.497041,-1.886742,training_point
09:55:51.060,2,-2.289822,1.425443,-1.912397,training_point
09:55:51.060,1,-1.417064,1.497889,-1.886954,training_point
09:55:51.159,2,-2.287486,1.425318,-1.911252,training_point
09:55:51.159,1,-1.417038,1.498215,-1.88703,training_point
09:55:51.309,2,-2.284622,1.424661,-1.908382,training_point
09:55:51.310,1,-1.417879,1.498116,-1.887585,training_point
09:55:51.392,2,-2.281324,1.424756,-1.907464,training_point
09:55:51.392,1,-1.418412,1.49865,-1.887472,training_point
09:55:51.475,2,-2.2802,1.42427,-1.907787,training_point
09:55:51.475,1,-1.418637,1.498359,-1.887943,training_point
09:55:51.576,2,-2.27783,1.424121,-1.90729,training_point
09:55:51.577,1,-1.41877,1.498978,-1.887568,training_point
09:55:51.676,2,-2.276359,1.424063,-1.906933,training_point
09:55:51.676,1,-1.419169,1.499108,-1.887508,training_point
09:55:51.777,2,-2.275787,1.423649,-1.907132,training_point
09:55:51.778,1,-1.419969,1.499062,-1.887156,training_point
09:55:51.876,2,-2.275604,1.423761,-1.907284,training_point
09:55:51.877,1,-1.420162,1.498998,-1.886717,training_point
09:55:51.976,2,-2.273831,1.423708,-1.906929,training_point
09:55:51.977,1,-1.420188,1.498774,-1.886683,training_point
09:55:52.076,2,-2.272405,1.425404,-1.907585,training_point
09:55:52.076,1,-1.420042,1.499045,-1.88553,training_point
09:55:52.176,2,-2.272375,1.426713,-1.907613,training_point
09:55:52.177,1,-1.423321,1.498156,-1.885622,training_point
09:55:52.258,2,-2.272731,1.428833,-1.907084,training_point
09:55:52.259,1,-1.424775,1.498332,-1.886135,training_point
09:55:52.342,2,-2.272884,1.429898,-1.906308,training_point
09:55:52.342,1,-1.425391,1.498035,-1.886164,training_point
09:55:52.425,2,-2.273272,1.430875,-1.904642,training_point
09:55:52.425,1,-1.425919,1.498341,-1.886571,training_point
09:55:52.509,2,-2.273677,1.431149,-1.90379,training_point
09:55:52.509,1,-1.425779,1.498654,-1.886566,training_point
09:55:52.592,2,-2.274308,1.431505,-1.901389,training_point
09:55:52.592,1,-1.425668,1.498445,-1.885684,training_point
09:55:52.675,2,-2.274365,1.431541,-1.900354,training_point
09:55:52.675,1,-1.424913,1.497594,-1.885566,training_point
09:55:52.776,2,-2.275047,1.431661,-1.895685,training_point
09:55:52.777,1,-1.423959,1.498305,-1.885401,training_point
09:55:52.859,2,-2.276837,1.431774,-1.890359,training_point
09:55:52.859,1,-1.422486,1.498513,-1.885824,training_point
09:55:52.944,2,-2.277615,1.431862,-1.889008,training_point
09:55:52.944,1,-1.421615,1.492378,-1.88667,training_point
09:55:53.025,2,-2.278764,1.431746,-1.887433,training_point
09:55:53.025,1,-1.420571,1.483861,-1.887937,training_point
09:55:53.110,2,-2.279752,1.431726,-1.88587,training_point
09:55:53.110,1,-1.420068,1.478762,-1.888187,training_point
09:55:53.192,2,-2.280722,1.431452,-1.884575,training_point
09:55:53.192,1,-1.419403,1.471361,-1.888474,training_point
09:55:53.276,2,-2.281489,1.431603,-1.883242,training_point
09:55:53.277,1,-1.418761,1.470688,-1.888904,training_point
09:55:53.376,2,-2.282789,1.431748,-1.884216,training_point
09:55:53.377,1,-1.419764,1.472217,-1.889944,training_point
09:55:53.476,2,-2.28313,1.431633,-1.885281,training_point
09:55:53.476,1,-1.420159,1.472275,-1.89121,training_point
09:55:53.575,2,-2.283788,1.431638,-1.887182,training_point
09:55:53.575,1,-1.420589,1.472804,-1.893112,training_point
09:55:53.676,2,-2.283222,1.431443,-1.888074,training_point
09:55:53.677,1,-1.420892,1.473653,-1.893808,training_point
09:55:53.759,2,-2.283215,1.43124,-1.889427,training_point
09:55:53.759,1,-1.421238,1.474836,-1.894746,training_point
09:55:53.842,2,-2.283001,1.430704,-1.891311,training_point
09:55:53.842,1,-1.421911,1.475486,-1.895375,training_point
09:55:53.926,2,-2.282962,1.430537,-1.89253,training_point
09:55:53.926,1,-1.422119,1.475648,-1.895418,training_point
09:55:54.009,2,-2.282743,1.430083,-1.894702,training_point
09:55:54.009,1,-1.422847,1.475585,-1.895257,training_point
09:55:54.093,2,-2.282804,1.430019,-1.895248,training_point
09:55:54.093,1,-1.423178,1.475764,-1.894904,training_point
09:55:54.193,2,-2.283093,1.42982,-1.896084,training_point
09:55:54.193,1,-1.423348,1.476192,-1.894637,training_point
09:55:54.293,2,-2.282735,1.429874,-1.899363,training_point
09:55:54.294,1,-1.423009,1.475387,-1.894676,training_point
09:55:54.392,2,-2.282459,1.430076,-1.901952,training_point
09:55:54.392,1,-1.422994,1.475161,-1.894724,training_point
09:55:54.493,2,-2.282243,1.430483,-1.904336,training_point
09:55:54.493,1,-1.422869,1.474812,-1.894452,training_point
09:55:54.592,2,-2.281697,1.430311,-1.906501,training_point
09:55:54.592,1,-1.423155,1.475163,-1.894154,training_point
09:55:54.693,2,-2.280804,1.430804,-1.909731,training_point
09:55:54.693,1,-1.423461,1.475353,-1.894262,training_point
09:55:54.793,2,-2.280303,1.43078,-1.913379,training_point
09:55:54.793,1,-1.423609,1.475357,-1.894031,training_point
09:55:54.875,2,-2.278751,1.430894,-1.916332,training_point
09:55:54.875,1,-1.42383,1.475369,-1.89369,training_point
09:55:54.959,2,-2.278154,1.430826,-1.917494,training_point
09:55:54.960,1,-1.423757,1.475354,-1.893613,training_point
09:55:55.042,2,-2.276108,1.431126,-1.920267,training_point
09:55:55.042,1,-1.424371,1.475907,-1.893494,training_point
09:55:55.126,2,-2.275228,1.431077,-1.922106,training_point
09:55:55.126,1,-1.424484,1.476561,-1.893603,training_point
09:55:55.208,2,-2.272159,1.431723,-1.926066,training_point
09:55:55.209,1,-1.424585,1.47703,-1.893565,training_point
09:55:55.292,2,-2.270396,1.4294,-1.927179,training_point
09:55:55.292,1,-1.424568,1.476297,-1.893664,training_point
09:55:55.393,2,-2.269049,1.428469,-1.928884,training_point
09:55:55.394,1,-1.424427,1.475686,-1.894072,training_point
09:55:55.493,2,-2.268286,1.427869,-1.92904,training_point
09:55:55.493,1,-1.424655,1.475032,-1.894588,training_point
09:55:55.593,2,-2.267169,1.428464,-1.928016,training_point
09:55:55.593,1,-1.424543,1.47542,-1.894262,training_point
09:55:55.693,2,-2.263515,1.426865,-1.924963,training_point
09:55:55.693,1,-1.424664,1.476074,-1.893921,training_point
09:55:55.792,2,-2.26118,1.426039,-1.919993,training_point
09:55:55.792,1,-1.424738,1.476516,-1.89373,training_point
09:55:55.875,2,-2.256932,1.425901,-1.915149,training_point
09:55:55.875,1,-1.424531,1.477347,-1.893488,training_point
09:55:55.960,2,-2.255085,1.425858,-1.913112,training_point
09:55:55.960,1,-1.424344,1.477291,-1.89368,training_point
09:55:56.059,2,-2.255084,1.426904,-1.909404,training_point
09:55:56.059,1,-1.42407,1.478157,-1.893234,training_point
09:55:56.142,2,-2.26013,1.427275,-1.905654,training_point
09:55:56.142,1,-1.424901,1.476213,-1.893455,training_point
09:55:56.225,2,-2.276405,1.426636,-1.933236,training_point
09:55:56.225,1,-1.424809,1.475843,-1.893204,training_point
09:55:56.309,2,-2.289503,1.426517,-1.929329,training_point
09:55:56.309,1,-1.425553,1.475538,-1.892999,training_point
09:55:56.393,2,-2.307244,1.427049,-1.922422,training_point
09:55:56.393,1,-1.425593,1.475186,-1.893211,training_point
09:55:56.493,2,-2.338551,1.427463,-1.916566,training_point
09:55:56.493,1,-1.426059,1.475255,-1.893195,training_point
09:55:56.575,2,-2.3819,1.427873,-1.912699,training_point
09:55:56.575,1,-1.425925,1.473186,-1.893337,training_point
09:55:56.709,2,-2.447065,1.428316,-1.908712,training_point
09:55:56.709,1,-1.4254,1.472797,-1.893601,training_point
09:55:56.792,2,-2.484869,1.428987,-1.905426,training_point
09:55:56.792,1,-1.425307,1.472584,-1.893634,training_point
09:55:56.893,2,-2.534611,1.428498,-1.900971,training_point
09:55:56.893,1,-1.425032,1.473237,-1.893462,training_point
09:55:56.975,2,-2.58901,1.428749,-1.902562,training_point
09:55:56.975,1,-1.424283,1.473674,-1.894197,training_point
09:55:57.059,2,-2.624009,1.429007,-1.904596,training_point
09:55:57.059,1,-1.423806,1.474731,-1.894341,training_point
09:55:57.159,2,-2.662023,1.429082,-1.911773,training_point
09:55:57.160,1,-1.423508,1.474865,-1.894423,training_point
09:55:57.259,2,-2.701575,1.429134,-1.921705,training_point
09:55:57.260,1,-1.423015,1.474454,-1.894524,training_point
09:55:57.359,2,-2.731304,1.429185,-1.930386,training_point
09:55:57.361,1,-1.422607,1.473199,-1.895106,training_point
09:55:57.459,2,-2.750197,1.429709,-1.936051,training_point
09:55:57.459,1,-1.422214,1.471965,-1.895604,training_point
09:55:57.559,2,-2.771096,1.429873,-1.944292,training_point
09:55:57.560,1,-1.422359,1.471896,-1.895741,training_point
09:55:57.659,2,-2.782623,1.429755,-1.951735,training_point
09:55:57.659,1,-1.422266,1.472702,-1.895828,training_point
09:55:57.759,2,-2.790404,1.42971,-1.958254,training_point
09:55:57.759,1,-1.422594,1.472656,-1.895923,training_point
09:55:57.859,2,-2.798465,1.429854,-1.96725,training_point
09:55:57.859,1,-1.423142,1.472832,-1.896153,training_point
09:55:57.959,2,-2.802703,1.429652,-1.972588,training_point
09:55:57.959,1,-1.424764,1.472823,-1.895827,training_point
09:55:58.075,2,-2.804748,1.429657,-1.976664,training_point
09:55:58.076,1,-1.425282,1.472586,-1.895801,training_point
09:55:58.176,2,-2.806963,1.429531,-1.981146,training_point
09:55:58.176,1,-1.426376,1.471881,-1.895577,training_point
09:55:58.276,2,-2.808534,1.429292,-1.982441,training_point
09:55:58.277,1,-1.42637,1.472006,-1.895595,training_point
09:55:58.377,2,-2.811018,1.428829,-1.984118,training_point
09:55:58.378,1,-1.426369,1.472259,-1.895753,training_point
09:55:58.459,2,-2.81329,1.428297,-1.985944,training_point
09:55:58.459,1,-1.426557,1.472596,-1.895424,training_point
09:55:58.542,2,-2.813876,1.428512,-1.98668,training_point
09:55:58.542,1,-1.426812,1.472933,-1.895263,training_point
09:55:58.625,2,-2.815595,1.428696,-1.989384,training_point
09:55:58.625,1,-1.426877,1.473487,-1.895093,training_point
09:55:58.709,2,-2.819397,1.428802,-1.992473,training_point
09:55:58.709,1,-1.426953,1.47398,-1.89493,training_point
09:55:58.792,2,-2.820326,1.428397,-1.994081,training_point
09:55:58.792,1,-1.426977,1.473894,-1.894301,training_point
09:55:58.875,2,-2.821563,1.427664,-1.995984,training_point
09:55:58.877,1,-1.426983,1.473861,-1.894334,training_point
09:55:58.976,2,-2.821771,1.428157,-1.998436,training_point
09:55:58.976,1,-1.426702,1.473224,-1.894283,training_point
09:55:59.076,2,-2.822054,1.42779,-2.000466,training_point
09:55:59.077,1,-1.426135,1.473239,-1.894309,training_point
09:55:59.159,2,-2.82206,1.427734,-2.002582,training_point
09:55:59.159,1,-1.424814,1.473123,-1.895363,training_point
09:55:59.244,2,-2.821971,1.426864,-2.002949,training_point
09:55:59.244,1,-1.424501,1.472781,-1.895336,training_point
09:55:59.325,2,-2.821138,1.424492,-2.00449,training_point
09:55:59.325,1,-1.424026,1.472797,-1.895425,training_point
09:55:59.459,2,-2.819695,1.424224,-2.005603,training_point
09:55:59.459,1,-1.423359,1.472633,-1.895555,training_point
09:55:59.542,2,-2.819198,1.424026,-2.00613,training_point
09:55:59.543,1,-1.423321,1.472598,-1.895516,training_point
09:55:59.625,2,-2.818335,1.424575,-2.00695,training_point
09:55:59.625,1,-1.423043,1.472927,-1.895287,training_point
09:55:59.710,2,-2.81767,1.425565,-2.007066,training_point
09:55:59.710,1,-1.422673,1.472556,-1.894681,training_point
09:55:59.810,2,-2.816211,1.42793,-2.007596,training_point
09:55:59.810,1,-1.422446,1.472887,-1.894364,training_point
09:55:59.909,2,-2.815305,1.429711,-2.008212,training_point
09:55:59.909,1,-1.42202,1.473258,-1.894484,training_point
09:55:59.992,2,-2.814358,1.431439,-2.009215,training_point
09:55:59.992,1,-1.421929,1.473672,-1.894736,training_point
09:56:00.075,2,-2.813763,1.432826,-2.009491,training_point
09:56:00.075,1,-1.421802,1.473902,-1.894746,training_point
09:56:00.159,2,-2.813267,1.434235,-2.009673,training_point
09:56:00.159,1,-1.421399,1.473703,-1.894396,training_point
09:56:00.242,2,-2.8131,1.435105,-2.00764,training_point
09:56:00.242,1,-1.421288,1.472799,-1.894621,training_point
09:56:00.344,2,-2.813173,1.424315,-2.005791,training_point
09:56:00.344,1,-1.421302,1.472588,-1.894774,training_point
09:56:00.443,2,-2.813101,1.419207,-2.004527,training_point
09:56:00.444,1,-1.421372,1.472223,-1.894882,training_point
09:56:00.543,2,-2.813115,1.417375,-2.004556,training_point
09:56:00.543,1,-1.421482,1.4726,-1.895715,training_point
09:56:00.642,2,-2.812946,1.41677,-2.004198,training_point
09:56:00.642,1,-1.421751,1.471937,-1.895074,training_point
09:56:00.725,2,-2.813304,1.415721,-2.003317,training_point
09:56:00.725,1,-1.422043,1.472138,-1.895092,training_point
09:56:00.810,2,-2.813307,1.41435,-2.003251,training_point
09:56:00.810,1,-1.422322,1.472552,-1.895125,training_point
09:56:00.910,2,-2.814012,1.414668,-2.003639,training_point
09:56:00.910,1,-1.422942,1.472638,-1.895603,training_point
09:56:00.992,2,-2.814662,1.415831,-2.004657,training_point
09:56:00.992,1,-1.424664,1.472732,-1.896149,training_point
09:56:01.076,2,-2.814638,1.411709,-2.003842,training_point
09:56:01.077,1,-1.424758,1.47253,-1.896151,training_point
09:56:01.177,2,-2.815095,1.40906,-2.004275,training_point
09:56:01.177,1,-1.425783,1.472456,-1.897075,training_point
09:56:01.259,2,-2.815181,1.407884,-2.004988,training_point
09:56:01.259,1,-1.426345,1.472601,-1.897438,training_point
09:56:01.344,2,-2.815663,1.414121,-2.005106,training_point
09:56:01.344,1,-1.427528,1.472521,-1.897664,training_point
09:56:01.425,2,-2.816059,1.415734,-2.005846,training_point
09:56:01.425,1,-1.428335,1.472781,-1.897634,training_point
09:56:01.509,2,-2.816221,1.415092,-2.005763,training_point
09:56:01.509,1,-1.428777,1.473309,-1.89766,training_point
09:56:01.592,2,-2.81598,1.412127,-2.004785,training_point
09:56:01.592,1,-1.428988,1.473417,-1.897731,training_point
09:56:01.678,2,-2.816235,1.408946,-2.005013,training_point
09:56:01.678,1,-1.429048,1.474075,-1.897547,training_point
09:56:01.776,2,-2.815876,1.404983,-2.004127,training_point
09:56:01.777,1,-1.429185,1.474205,-1.897286,training_point
09:56:01.859,2,-2.816236,1.40051,-2.00555,training_point
09:56:01.859,1,-1.428679,1.474804,-1.897101,training_point
09:56:01.942,2,-2.81716,1.398243,-2.009413,training_point
09:56:01.942,1,-1.428771,1.474233,-1.897037,training_point
09:56:02.075,2,-2.817562,1.395182,-2.012609,training_point
09:56:02.075,1,-1.428429,1.474216,-1.897051,training_point
09:56:02.160,2,-2.817822,1.394389,-2.012865,training_point
09:56:02.160,1,-1.428122,1.473573,-1.896689,training_point
09:56:02.242,2,-2.819497,1.394096,-2.01482,training_point
09:56:02.242,1,-1.42775,1.473563,-1.896961,training_point
09:56:02.326,2,-2.821122,1.393833,-2.014786,training_point
09:56:02.326,1,-1.427107,1.473506,-1.896975,training_point
09:56:02.409,2,-2.821842,1.393141,-2.014143,training_point
09:56:02.409,1,-1.426709,1.473354,-1.896999,training_point
09:56:02.493,2,-2.826615,1.392962,-2.014574,training_point
09:56:02.494,1,-1.42671,1.47317,-1.896517,training_point
09:56:02.593,2,-2.830495,1.392229,-2.016555,training_point
09:56:02.593,1,-1.427275,1.472962,-1.895815,training_point
09:56:02.692,2,-2.8339,1.390841,-2.021196,training_point
09:56:02.692,1,-1.426841,1.473353,-1.895368,training_point
09:56:02.775,2,-2.835448,1.390761,-2.026666,training_point
09:56:02.775,1,-1.426805,1.472832,-1.894817,training_point
09:56:02.859,2,-2.839356,1.390283,-2.039706,training_point
09:56:02.859,1,-1.426337,1.472763,-1.894895,training_point
09:56:02.943,2,-2.838699,1.389983,-2.053873,training_point
09:56:02.943,1,-1.426382,1.472858,-1.895033,training_point
09:56:03.043,2,-2.838017,1.389447,-2.072887,training_point
09:56:03.044,1,-1.42633,1.473454,-1.894636,training_point
09:56:03.144,2,-2.831752,1.389131,-2.106286,training_point
09:56:03.144,1,-1.426945,1.474404,-1.894921,training_point
09:56:03.225,2,-2.828433,1.3892,-2.138005,training_point
09:56:03.225,1,-1.427354,1.474496,-1.894705,training_point
09:56:03.310,2,-2.822427,1.388915,-2.153616,training_point
09:56:03.310,1,-1.427525,1.474867,-1.894668,training_point
09:56:03.392,2,-2.823075,1.389061,-2.199631,training_point
09:56:03.392,1,-1.428007,1.474841,-1.895086,training_point
09:56:03.475,2,-2.824782,1.388884,-2.221881,training_point
09:56:03.475,1,-1.42804,1.47423,-1.895043,training_point
09:56:03.559,2,-2.828373,1.388496,-2.254597,training_point
09:56:03.559,1,-1.428183,1.474373,-1.895308,training_point
09:56:03.642,2,-2.834525,1.388385,-2.269337,training_point
09:56:03.642,1,-1.428181,1.473559,-1.895545,training_point
09:56:03.725,2,-2.8414,1.388933,-2.285638,training_point
09:56:03.725,1,-1.428673,1.473249,-1.895655,training_point
09:56:03.810,2,-2.847233,1.38926,-2.291494,training_point
09:56:03.810,1,-1.428931,1.473304,-1.895692,training_point
09:56:03.910,2,-2.8694,1.38884,-2.295728,training_point
09:56:03.910,1,-1.429037,1.473278,-1.895895,training_point
09:56:03.992,2,-2.896073,1.388652,-2.297043,training_point
09:56:03.992,1,-1.429133,1.473479,-1.896039,training_point
09:56:04.076,2,-2.916168,1.388343,-2.294775,training_point
09:56:04.078,1,-1.428786,1.473293,-1.896368,training_point
09:56:04.159,2,-2.947964,1.388705,-2.290356,training_point
09:56:04.159,1,-1.428533,1.47285,-1.896668,training_point
09:56:04.292,2,-3.011957,1.388634,-2.279284,training_point
09:56:04.292,1,-1.429305,1.47277,-1.89706,training_point
09:56:04.395,2,-3.071482,1.38893,-2.271885,training_point
09:56:04.396,1,-1.427993,1.472767,-1.89678,training_point
09:56:04.492,2,-3.138545,1.388477,-2.26122,training_point
09:56:04.492,1,-1.428218,1.471706,-1.896404,training_point
09:56:04.644,2,-3.226843,1.387997,-2.254998,training_point
09:56:04.645,1,-1.427692,1.472031,-1.895902,training_point
09:56:04.725,2,-3.279658,1.388027,-2.251387,training_point
09:56:04.725,1,-1.427179,1.472357,-1.895744,training_point
09:56:04.809,2,-3.315253,1.387955,-2.246964,training_point
09:56:04.809,1,-1.426495,1.472245,-1.895498,training_point
09:56:04.909,2,-3.352335,1.38755,-2.245047,training_point
09:56:04.909,1,-1.426171,1.473492,-1.895908,training_point
09:56:05.010,2,-3.388997,1.387024,-2.241131,training_point
09:56:05.010,1,-1.426265,1.473819,-1.895398,training_point
09:56:05.195,2,-3.421116,1.387338,-2.232136,training_point
09:56:05.195,1,-1.42574,1.474161,-1.895412,training_point
09:56:05.292,2,-3.479796,1.387065,-2.200754,training_point
09:56:05.292,1,-1.425352,1.474135,-1.894899,training_point
09:56:05.445,2,-3.523128,1.387962,-2.167388,training_point
09:56:05.445,1,-1.425265,1.473899,-1.894618,training_point
09:56:05.525,2,-3.559583,1.388049,-2.126067,training_point
09:56:05.525,1,-1.425684,1.473387,-1.894691,training_point
09:56:05.675,2,-3.601419,1.388,-2.060833,training_point
09:56:05.677,1,-1.42562,1.473147,-1.894802,training_point
09:56:05.759,2,-3.630459,1.388041,-2.020184,training_point
09:56:05.759,1,-1.425793,1.472898,-1.894679,training_point
09:56:05.842,2,-3.663071,1.388418,-1.986066,training_point
09:56:05.842,1,-1.425621,1.472925,-1.895261,training_point
09:56:05.925,2,-3.685159,1.388582,-1.970133,training_point
09:56:05.926,1,-1.42558,1.473185,-1.895573,training_point
09:56:06.009,2,-3.724685,1.388937,-1.944875,training_point
09:56:06.009,1,-1.426845,1.473225,-1.898488,training_point
09:56:06.110,2,-3.747393,1.389083,-1.9269,training_point
09:56:06.110,1,-1.427316,1.47379,-1.900537,training_point
09:56:06.210,2,-3.788264,1.388472,-1.90307,training_point
09:56:06.210,1,-1.429991,1.47363,-1.905724,training_point
09:56:06.292,2,-3.833945,1.388266,-1.881463,training_point
09:56:06.292,1,-1.433549,1.473814,-1.915041,training_point
09:56:06.377,2,-3.858705,1.388603,-1.873603,training_point
09:56:06.377,1,-1.436868,1.473766,-1.922351,training_point
09:56:06.478,2,-3.902405,1.389576,-1.864316,training_point
09:56:06.478,1,-1.441749,1.473784,-1.924053,training_point
09:56:06.576,2,-3.943221,1.391201,-1.853935,training_point
09:56:06.577,1,-1.455403,1.474409,-1.927432,training_point
09:56:06.659,2,-3.969362,1.394235,-1.852998,training_point
09:56:06.659,1,-1.47642,1.4752,-1.931536,training_point
09:56:06.742,2,-4.00492,1.399075,-1.852724,training_point
09:56:06.742,1,-1.497898,1.475725,-1.93272,training_point
09:56:06.825,2,-4.019669,1.402329,-1.852579,training_point
09:56:06.826,1,-1.521578,1.474199,-1.931415,training_point
09:56:06.909,2,-4.047835,1.405555,-1.852239,training_point
09:56:06.909,1,-1.547218,1.473972,-1.928459,training_point
09:56:06.992,2,-4.057916,1.407258,-1.854539,training_point
09:56:06.992,1,-1.580219,1.4747,-1.931767,training_point
09:56:07.092,2,-4.078189,1.409294,-1.856736,training_point
09:56:07.093,1,-1.605945,1.475261,-1.93643,training_point
09:56:07.192,2,-4.082189,1.411304,-1.858475,training_point
09:56:07.192,1,-1.656874,1.475409,-1.945658,training_point
09:56:07.343,2,-4.081644,1.411889,-1.85986,training_point
09:56:07.343,1,-1.700107,1.475808,-1.962224,training_point
09:56:07.425,2,-4.081076,1.40622,-1.861423,training_point
09:56:07.426,1,-1.718789,1.475091,-1.967219,training_point
09:56:07.509,2,-4.082472,1.404503,-1.864973,training_point
09:56:07.509,1,-1.741398,1.474549,-1.987817,training_point
09:56:07.593,2,-4.081705,1.405542,-1.86582,training_point
09:56:07.595,1,-1.748466,1.474336,-1.99892,training_point
09:56:07.675,2,-4.07981,1.406155,-1.867641,training_point
09:56:07.676,1,-1.75289,1.474121,-2.024341,training_point
09:56:07.776,2,-4.077089,1.408109,-1.869984,training_point
09:56:07.777,1,-1.754962,1.474036,-2.047245,training_point
09:56:07.876,2,-4.065668,1.412982,-1.872572,training_point
09:56:07.877,1,-1.748761,1.474105,-2.086232,training_point
09:56:07.975,2,-4.057702,1.417086,-1.876688,training_point
09:56:07.976,1,-1.736961,1.473905,-2.128819,training_point
09:56:08.078,2,-4.049094,1.425717,-1.877595,training_point
09:56:08.078,1,-1.723272,1.473671,-2.163246,training_point
09:56:08.175,2,-4.040499,1.431034,-1.878027,training_point
09:56:08.176,1,-1.712708,1.473083,-2.195758,training_point
09:56:08.275,2,-4.033639,1.43505,-1.876366,training_point
09:56:08.276,1,-1.710168,1.472624,-2.208819,training_point
09:56:08.376,2,-4.026486,1.435062,-1.87792,training_point
09:56:08.377,1,-1.714444,1.472537,-2.221655,training_point
09:56:08.459,2,-4.016565,1.435201,-1.881113,training_point
09:56:08.459,1,-1.721522,1.472884,-2.228666,training_point
09:56:08.544,2,-4.010769,1.435253,-1.883191,training_point
09:56:08.544,1,-1.730822,1.472615,-2.236487,training_point
09:56:08.625,2,-4.010854,1.433175,-1.881638,training_point
09:56:08.625,1,-1.746422,1.471234,-2.242964,training_point
09:56:08.709,2,-3.999957,1.427167,-1.883554,training_point
09:56:08.709,1,-1.759915,1.471814,-2.247314,training_point
09:56:08.810,2,-3.99442,1.423187,-1.883341,training_point
09:56:08.810,1,-1.775542,1.471396,-2.249936,training_point
09:56:08.909,2,-3.985806,1.428885,-1.884615,training_point
09:56:08.909,1,-1.795192,1.472092,-2.248164,training_point
09:56:08.992,2,-3.982612,1.433247,-1.884824,training_point
09:56:08.992,1,-1.803614,1.472702,-2.247046,training_point
09:56:09.075,2,-3.98003,1.436947,-1.88422,training_point
09:56:09.076,1,-1.812972,1.47312,-2.244712,training_point
09:56:09.159,2,-3.978406,1.440458,-1.884208,training_point
09:56:09.159,1,-1.818699,1.473041,-2.245495,training_point
09:56:09.242,2,-3.974666,1.444247,-1.885058,training_point
09:56:09.242,1,-1.837547,1.47252,-2.241931,training_point
09:56:09.325,2,-3.971132,1.446186,-1.88657,training_point
09:56:09.326,1,-1.848098,1.471688,-2.239515,training_point
09:56:09.410,2,-3.969783,1.44487,-1.886932,training_point
09:56:09.410,1,-1.863283,1.472712,-2.23768,training_point
09:56:09.510,2,-3.969069,1.437896,-1.888156,training_point
09:56:09.510,1,-1.873737,1.47417,-2.236423,training_point
09:56:09.609,2,-3.967908,1.432072,-1.888525,training_point
09:56:09.609,1,-1.889239,1.472933,-2.234916,training_point
09:56:09.692,2,-3.967471,1.435979,-1.889217,training_point
09:56:09.692,1,-1.89564,1.472736,-2.234852,training_point
09:56:09.793,2,-3.966293,1.434443,-1.890148,training_point
09:56:09.794,1,-1.907539,1.47211,-2.235342,training_point
09:56:09.892,2,-3.965767,1.432889,-1.891298,training_point
09:56:09.892,1,-1.915513,1.472323,-2.235403,training_point
09:56:09.976,2,-3.963692,1.433072,-1.891761,training_point
09:56:09.976,1,-1.918171,1.472385,-2.235651,training_point
09:56:10.059,2,-3.9629,1.431217,-1.892699,training_point
09:56:10.059,1,-1.925382,1.473926,-2.236837,training_point
09:56:10.142,2,-3.962699,1.432353,-1.893405,training_point
09:56:10.142,1,-1.930585,1.474358,-2.23903,training_point
09:56:10.226,2,-3.962721,1.430357,-1.893261,training_point
09:56:10.226,1,-1.932932,1.474367,-2.239434,training_point
09:56:10.326,2,-3.961199,1.426965,-1.89395,training_point
09:56:10.326,1,-1.935829,1.475902,-2.240783,training_point
09:56:10.425,2,-3.96042,1.424573,-1.894599,training_point
09:56:10.426,1,-1.938155,1.480084,-2.241649,training_point
09:56:10.525,2,-3.961651,1.428034,-1.895326,training_point
09:56:10.526,1,-1.938938,1.480873,-2.242136,training_point
09:56:10.609,2,-3.960906,1.430009,-1.895443,training_point
09:56:10.609,1,-1.943951,1.481811,-2.244796,training_point
09:56:10.692,2,-3.960817,1.429584,-1.89593,training_point
09:56:10.692,1,-1.945606,1.48213,-2.245623,training_point
09:56:10.776,2,-3.959967,1.429898,-1.895657,training_point
09:56:10.777,1,-1.948518,1.4788,-2.246451,training_point
09:56:10.893,2,-3.960798,1.429382,-1.895925,training_point
09:56:10.893,1,-1.948889,1.480872,-2.24691,training_point
09:56:10.992,2,-3.960985,1.431516,-1.89641,training_point
09:56:10.992,1,-1.949503,1.485555,-2.248803,training_point
09:56:11.093,2,-3.961668,1.433085,-1.896949,training_point
09:56:11.094,1,-1.949477,1.486285,-2.24889,training_point
09:56:11.192,2,-3.961544,1.434208,-1.89686,training_point
09:56:11.192,1,-1.949144,1.488707,-2.249807,training_point
09:56:11.275,2,-3.96021,1.432343,-1.898557,training_point
09:56:11.276,1,-1.946923,1.491991,-2.250609,training_point
09:56:11.376,2,-3.960294,1.431803,-1.898778,training_point
09:56:11.377,1,-1.941468,1.493386,-2.251929,training_point
09:56:11.476,2,-3.959179,1.431353,-1.899324,training_point
09:56:11.476,1,-1.932184,1.496496,-2.250956,training_point
09:56:11.577,2,-3.958403,1.430295,-1.900342,training_point
09:56:11.577,1,-1.913853,1.49837,-2.249295,training_point
09:56:11.675,2,-3.959166,1.430538,-1.898657,training_point
09:56:11.676,1,-1.870687,1.503613,-2.242011,training_point
09:56:11.759,2,-3.958935,1.429169,-1.898695,training_point
09:56:11.759,1,-1.842076,1.504967,-2.239599,training_point
09:56:11.842,2,-3.958805,1.427558,-1.898565,training_point
09:56:11.842,1,-1.789793,1.503616,-2.235139,training_point
09:56:11.925,2,-3.957637,1.428655,-1.898482,training_point
09:56:11.926,1,-1.749787,1.505876,-2.230448,training_point
09:56:12.009,2,-3.957334,1.428469,-1.897919,training_point
09:56:12.009,1,-1.69874,1.508814,-2.227698,training_point
09:56:12.092,2,-3.953951,1.425756,-1.897721,training_point
09:56:12.092,1,-1.680428,1.509159,-2.226659,training_point
09:56:12.193,2,-3.951271,1.427999,-1.896796,training_point
09:56:12.194,1,-1.64394,1.511932,-2.219442,training_point
09:56:12.292,2,-3.950852,1.432788,-1.897424,training_point
09:56:12.292,1,-1.620775,1.511786,-2.212055,training_point
09:56:12.375,2,-3.949894,1.432565,-1.897749,training_point
09:56:12.376,1,-1.585699,1.51254,-2.197885,training_point
09:56:12.459,2,-3.949295,1.427088,-1.898372,training_point
09:56:12.459,1,-1.571177,1.512032,-2.188446,training_point
09:56:12.542,2,-3.947587,1.422904,-1.899573,training_point
09:56:12.542,1,-1.550291,1.510448,-2.165997,training_point
09:56:12.626,2,-3.947428,1.421597,-1.89958,training_point
09:56:12.626,1,-1.537229,1.509191,-2.146056,training_point
09:56:12.776,2,-3.946659,1.42229,-1.900544,training_point
09:56:12.776,1,-1.517994,1.50907,-2.105424,training_point
09:56:12.876,2,-3.946079,1.4228,-1.900455,training_point
09:56:12.877,1,-1.505582,1.510328,-2.071853,training_point
09:56:12.976,2,-3.945665,1.424731,-1.900958,training_point
09:56:12.977,1,-1.490283,1.51412,-2.048629,training_point
09:56:13.076,2,-3.944744,1.425803,-1.901501,training_point
09:56:13.076,1,-1.469844,1.515332,-2.027073,training_point
09:56:13.193,2,-3.944314,1.424631,-1.902051,training_point
09:56:13.193,1,-1.445228,1.515796,-2.010811,training_point
09:56:13.293,2,-3.944166,1.424842,-1.901568,training_point
09:56:13.293,1,-1.421656,1.515188,-2.002939,training_point
09:56:13.392,2,-3.943594,1.426336,-1.901367,training_point
09:56:13.392,1,-1.384735,1.514616,-2.001995,training_point
09:56:13.493,2,-3.944842,1.425711,-1.90186,training_point
09:56:13.493,1,-1.358877,1.514289,-2.005357,training_point
09:56:13.592,2,-3.944371,1.425333,-1.901377,training_point
09:56:13.593,1,-1.333499,1.514192,-2.009039,training_point
09:56:13.692,2,-3.944359,1.42477,-1.901421,training_point
09:56:13.692,1,-1.315178,1.515422,-2.013148,training_point
09:56:13.793,2,-3.946293,1.42489,-1.900727,training_point
09:56:13.793,1,-1.297417,1.512598,-2.0159,training_point
09:56:13.892,2,-3.947213,1.424746,-1.900973,training_point
09:56:13.892,1,-1.290189,1.513042,-2.017466,training_point
09:56:13.993,2,-3.946989,1.425173,-1.901892,training_point
09:56:13.993,1,-1.278452,1.513007,-2.022216,training_point
09:56:14.092,2,-3.946997,1.424973,-1.902003,training_point
09:56:14.093,1,-1.270629,1.51387,-2.02199,training_point
09:56:14.192,2,-3.94729,1.427412,-1.902207,training_point
09:56:14.193,1,-1.26825,1.514635,-2.021433,training_point
09:56:14.292,2,-3.946748,1.429322,-1.90209,training_point
09:56:14.292,1,-1.265608,1.515331,-2.021853,training_point
09:56:14.375,2,-3.946834,1.429501,-1.902943,training_point
09:56:14.376,1,-1.265818,1.515366,-2.021715,training_point
09:56:14.459,2,-3.947551,1.428978,-1.902383,training_point
09:56:14.459,1,-1.266398,1.515509,-2.021149,training_point
09:56:14.542,2,-3.947473,1.429025,-1.902602,training_point
09:56:14.542,1,-1.267471,1.515715,-2.020325,training_point
09:56:14.626,2,-3.947567,1.429247,-1.902361,training_point
09:56:14.626,1,-1.268323,1.515725,-2.020024,training_point
09:56:14.709,2,-3.947579,1.426113,-1.902714,training_point
09:56:14.709,1,-1.270043,1.515653,-2.019588,training_point
09:56:14.792,2,-3.947577,1.427697,-1.902973,training_point
09:56:14.792,1,-1.270578,1.514451,-2.019448,training_point
09:56:14.893,2,-3.947805,1.429671,-1.903096,training_point
09:56:14.894,1,-1.272327,1.514598,-2.019097,training_point
09:56:14.993,2,-3.948335,1.430687,-1.904533,training_point
09:56:14.993,1,-1.273292,1.515414,-2.019339,training_point
09:56:15.092,2,-3.947625,1.428564,-1.905476,training_point
09:56:15.092,1,-1.274355,1.515512,-2.019542,training_point
09:56:15.225,2,-3.947757,1.428169,-1.905508,training_point
09:56:15.226,1,-1.275087,1.515351,-2.019834,training_point
09:56:15.309,2,-3.947706,1.426821,-1.905856,training_point
09:56:15.309,1,-1.276023,1.515649,-2.020054,training_point
09:56:15.409,2,-3.945341,1.426229,-1.907624,training_point
09:56:15.409,1,-1.277147,1.515401,-2.020613,training_point
09:56:15.492,2,-3.945886,1.428203,-1.907341,training_point
09:56:15.492,1,-1.278524,1.515768,-2.021592,training_point
09:56:15.576,2,-3.947206,1.4281,-1.906982,training_point
09:56:15.577,1,-1.279805,1.514973,-2.023114,training_point
09:56:15.676,2,-3.947288,1.428896,-1.907445,training_point
09:56:15.676,1,-1.280203,1.515505,-2.023467,training_point
09:56:15.776,2,-3.947171,1.428691,-1.907323,training_point
09:56:15.776,1,-1.280558,1.513284,-2.023579,training_point
09:56:15.878,2,-3.947261,1.426201,-1.906893,training_point
09:56:15.878,1,-1.281209,1.511352,-2.024006,training_point
09:56:15.975,2,-3.94876,1.425394,-1.905904,training_point
09:56:15.976,1,-1.283748,1.507949,-2.026705,training_point
09:56:16.060,2,-3.948741,1.424472,-1.905788,training_point
09:56:16.060,1,-1.283944,1.506975,-2.026868,training_point
09:56:16.159,2,-3.948916,1.424068,-1.905502,training_point
09:56:16.159,1,-1.285727,1.504897,-2.028712,training_point
09:56:16.259,2,-3.948913,1.422547,-1.905054,training_point
09:56:16.260,1,-1.286819,1.502938,-2.029484,training_point
09:56:16.359,2,-3.949299,1.426083,-1.904807,training_point
09:56:16.360,1,-1.288405,1.504484,-2.031403,training_point
09:56:16.459,2,-3.949202,1.430363,-1.904773,training_point
09:56:16.459,1,-1.289701,1.505429,-2.032857,training_point
09:56:16.560,2,-3.949285,1.432486,-1.904779,training_point
09:56:16.560,1,-1.290625,1.50639,-2.034181,training_point
09:56:16.660,2,-3.948822,1.4346,-1.904907,training_point
09:56:16.660,1,-1.28981,1.505524,-2.032985,training_point
09:56:16.759,2,-3.950408,1.43598,-1.90499,training_point
09:56:16.759,1,-1.29118,1.505412,-2.035209,training_point
09:56:16.859,2,-3.951113,1.43648,-1.90515,training_point
09:56:16.859,1,-1.290717,1.503757,-2.035069,training_point
09:56:16.942,2,-3.951783,1.436446,-1.905181,training_point
09:56:16.942,1,-1.290701,1.495996,-2.036642,training_point
09:56:17.025,2,-3.95182,1.437709,-1.905269,training_point
09:56:17.026,1,-1.290263,1.488021,-2.036026,training_point
09:56:17.126,2,-3.950683,1.437966,-1.905427,training_point
09:56:17.127,1,-1.289295,1.488573,-2.035338,training_point
09:56:17.226,2,-3.951638,1.437499,-1.905813,training_point
09:56:17.226,1,-1.288173,1.48604,-2.034524,training_point
09:56:17.309,2,-3.951914,1.436997,-1.906403,training_point
09:56:17.309,1,-1.287431,1.486252,-2.034056,training_point
09:56:17.393,2,-3.951753,1.43566,-1.906773,training_point
09:56:17.393,1,-1.287164,1.485796,-2.034413,training_point
09:56:17.492,2,-3.952486,1.435858,-1.907174,training_point
09:56:17.492,1,-1.285741,1.485274,-2.032709,training_point
09:56:17.576,2,-3.953063,1.436691,-1.907453,training_point
09:56:17.576,1,-1.285014,1.483107,-2.031642,training_point
09:56:17.659,2,-3.953358,1.433903,-1.907936,training_point
09:56:17.659,1,-1.284634,1.482222,-2.031405,training_point
09:56:17.759,2,-3.953316,1.434834,-1.909677,training_point
09:56:17.760,1,-1.283944,1.480585,-2.030398,training_point
09:56:17.859,2,-3.953219,1.435249,-1.910372,training_point
09:56:17.859,1,-1.283499,1.480585,-2.029417,training_point
09:56:17.944,2,-3.953063,1.431526,-1.910487,training_point
09:56:17.944,1,-1.283153,1.480818,-2.028724,training_point
09:56:18.042,2,-3.951991,1.429393,-1.911085,training_point
09:56:18.042,1,-1.283494,1.480317,-2.028014,training_point
09:56:18.126,2,-3.95206,1.431032,-1.911089,training_point
09:56:18.126,1,-1.283262,1.476527,-2.027841,training_point
09:56:18.209,2,-3.951383,1.432791,-1.912041,training_point
09:56:18.209,1,-1.282845,1.476173,-2.026353,training_point
09:56:18.360,2,-3.94919,1.433362,-1.911745,training_point
09:56:18.360,1,-1.282246,1.477189,-2.024143,training_point
09:56:18.459,2,-3.946873,1.435397,-1.911181,training_point
09:56:18.459,1,-1.282473,1.476198,-2.02344,training_point
09:56:18.542,2,-3.946849,1.435512,-1.91111,training_point
09:56:18.542,1,-1.282597,1.476341,-2.022778,training_point
09:56:18.626,2,-3.945878,1.435204,-1.911056,training_point
09:56:18.626,1,-1.282376,1.476676,-2.022224,training_point
09:56:18.709,2,-3.943949,1.434663,-1.910705,training_point
09:56:18.709,1,-1.282586,1.476837,-2.021927,training_point
09:56:18.792,2,-3.944292,1.433758,-1.911262,training_point
09:56:18.792,1,-1.28279,1.477126,-2.021545,training_point
09:56:18.876,2,-3.944002,1.434612,-1.911545,training_point
09:56:18.876,1,-1.282846,1.476939,-2.0214,training_point
09:56:18.977,2,-3.943212,1.434421,-1.912299,training_point
09:56:18.977,1,-1.283394,1.476965,-2.020923,training_point
09:56:19.076,2,-3.943518,1.433484,-1.91526,training_point
09:56:19.076,1,-1.283825,1.477308,-2.020404,training_point
09:56:19.176,2,-3.944468,1.433949,-1.916109,training_point
09:56:19.177,1,-1.283778,1.47748,-2.020004,training_point
09:56:19.276,2,-3.945969,1.434459,-1.915821,training_point
09:56:19.276,1,-1.283779,1.477636,-2.019978,training_point
09:56:19.359,2,-3.946579,1.432868,-1.915667,training_point
09:56:19.359,1,-1.283663,1.477799,-2.019772,training_point
09:56:19.442,2,-3.947566,1.434013,-1.915713,training_point
09:56:19.442,1,-1.28364,1.477938,-2.019692,training_point
09:56:19.525,2,-3.948974,1.436221,-1.916049,training_point
09:56:19.526,1,-1.283591,1.478015,-2.019929,training_point
09:56:19.609,2,-3.949986,1.435748,-1.916617,training_point
09:56:19.609,1,-1.28442,1.478146,-2.020124,training_point
09:56:19.693,2,-3.949416,1.435008,-1.916699,training_point
09:56:19.694,1,-1.284486,1.47838,-2.020417,training_point
09:56:19.792,2,-3.949875,1.434824,-1.916002,training_point
09:56:19.792,1,-1.285262,1.478363,-2.021578,training_point
09:56:19.876,2,-3.950504,1.434462,-1.915261,training_point
09:56:19.876,1,-1.28572,1.478618,-2.022624,training_point
09:56:19.959,2,-3.949928,1.43365,-1.917128,training_point
09:56:19.959,1,-1.285622,1.478796,-2.022617,training_point
09:56:20.059,2,-3.950107,1.431327,-1.916496,training_point
09:56:20.059,1,-1.285941,1.477952,-2.023531,training_point
09:56:20.159,2,-3.950445,1.431259,-1.916059,training_point
09:56:20.159,1,-1.28574,1.4782,-2.023704,training_point
09:56:20.242,2,-3.950759,1.431163,-1.914609,training_point
09:56:20.242,1,-1.287145,1.478754,-2.025736,training_point
09:56:20.326,2,-3.950887,1.429878,-1.914624,training_point
09:56:20.326,1,-1.287241,1.479473,-2.026198,training_point
09:56:20.426,2,-3.950661,1.42926,-1.914191,training_point
09:56:20.426,1,-1.28911,1.480288,-2.029186,training_point
09:56:20.526,2,-3.950375,1.431055,-1.913958,training_point
09:56:20.526,1,-1.288908,1.480358,-2.029234,training_point
09:56:20.609,2,-3.948809,1.431296,-1.915965,training_point
09:56:20.609,1,-1.288807,1.478257,-2.02926,training_point
09:56:20.709,2,-3.948469,1.433171,-1.915009,training_point
09:56:20.709,1,-1.288428,1.47871,-2.028874,training_point
09:56:20.809,2,-3.947479,1.430551,-1.916202,training_point
09:56:20.809,1,-1.288231,1.480006,-2.029157,training_point
09:56:20.892,2,-3.948109,1.429771,-1.915858,training_point
09:56:20.892,1,-1.290729,1.480638,-2.032356,training_point
09:56:20.977,2,-3.947447,1.428963,-1.917103,training_point
09:56:20.977,1,-1.290081,1.480909,-2.031834,training_point
09:56:21.076,2,-3.947548,1.428883,-1.916663,training_point
09:56:21.077,1,-1.28875,1.480703,-2.030721,training_point
09:56:21.176,2,-3.94735,1.431411,-1.916339,training_point
09:56:21.176,1,-1.288412,1.480809,-2.030278,training_point
09:56:21.277,2,-3.948566,1.430882,-1.915399,training_point
09:56:21.277,1,-1.287628,1.481397,-2.029307,training_point
09:56:21.377,2,-3.949698,1.430248,-1.91394,training_point
09:56:21.377,1,-1.286585,1.481516,-2.028477,training_point
09:56:21.476,2,-3.947673,1.430378,-1.914348,training_point
09:56:21.476,1,-1.286292,1.48134,-2.027878,training_point
09:56:21.559,2,-3.948212,1.429818,-1.913933,training_point
09:56:21.559,1,-1.286166,1.481432,-2.027773,training_point
09:56:21.642,2,-3.947976,1.42863,-1.913842,training_point
09:56:21.642,1,-1.285532,1.480978,-2.026772,training_point
09:56:21.726,2,-3.948062,1.428771,-1.913953,training_point
09:56:21.726,1,-1.285173,1.481191,-2.026443,training_point
09:56:21.809,2,-3.948052,1.429517,-1.913824,training_point
09:56:21.809,1,-1.28525,1.480931,-2.02619,training_point
09:56:21.909,2,-3.948524,1.429052,-1.913632,training_point
09:56:21.909,1,-1.28458,1.480855,-2.025419,training_point
09:56:22.010,2,-3.948627,1.430556,-1.912902,training_point
09:56:22.010,1,-1.284228,1.481083,-2.025079,training_point
09:56:22.109,2,-3.948772,1.430862,-1.912663,training_point
09:56:22.109,1,-1.284228,1.478639,-2.024992,training_point
09:56:22.192,2,-3.94925,1.430842,-1.912468,training_point
09:56:22.192,1,-1.283846,1.478775,-2.024652,training_point
09:56:22.276,2,-3.949383,1.433279,-1.912317,training_point
09:56:22.276,1,-1.283027,1.479066,-2.024185,training_point
09:56:22.359,2,-3.949301,1.433577,-1.912269,training_point
09:56:22.359,1,-1.282801,1.478663,-2.023695,training_point
09:56:22.460,2,-3.949101,1.436268,-1.911955,training_point
09:56:22.460,1,-1.282102,1.477863,-2.023185,training_point
09:56:22.559,2,-3.948772,1.436119,-1.911367,training_point
09:56:22.559,1,-1.281853,1.477997,-2.022809,training_point
09:56:22.642,2,-3.948723,1.436104,-1.911332,training_point
09:56:22.642,1,-1.282009,1.478235,-2.022997,training_point
09:56:22.726,2,-3.948463,1.437976,-1.913368,training_point
09:56:22.726,1,-1.281758,1.47841,-2.022592,training_point
09:56:22.826,2,-3.94857,1.437491,-1.912516,training_point
09:56:22.826,1,-1.281864,1.47849,-2.022764,training_point
09:56:22.909,2,-3.948508,1.436869,-1.912236,training_point
09:56:22.909,1,-1.281905,1.478607,-2.02273,training_point
09:56:22.992,2,-3.948807,1.434329,-1.91225,training_point
09:56:22.992,1,-1.282012,1.478896,-2.022853,training_point
09:56:23.077,2,-3.948884,1.432159,-1.911664,training_point
09:56:23.077,1,-1.281799,1.478992,-2.022771,training_point
09:56:23.176,2,-3.949425,1.430501,-1.911475,training_point
09:56:23.176,1,-1.281705,1.479161,-2.022666,training_point
09:56:23.276,2,-3.949291,1.430007,-1.911246,training_point
09:56:23.276,1,-1.282055,1.479227,-2.022896,training_point
09:56:23.359,2,-3.948788,1.430022,-1.913024,training_point
09:56:23.359,1,-1.282461,1.479307,-2.023473,training_point
09:56:23.476,2,-3.948823,1.430167,-1.912895,training_point
09:56:23.476,1,-1.2825,1.479237,-2.023741,training_point
09:56:23.576,2,-3.947812,1.429452,-1.912333,training_point
09:56:23.576,1,-1.282709,1.479087,-2.025064,training_point
09:56:23.676,2,-3.948019,1.428259,-1.911918,training_point
09:56:23.676,1,-1.28273,1.479165,-2.02492,training_point
09:56:23.759,2,-3.94884,1.429035,-1.911221,training_point
09:56:23.760,1,-1.283365,1.479062,-2.025183,training_point
09:56:23.859,2,-3.947708,1.429218,-1.911251,training_point
09:56:23.859,1,-1.283636,1.47886,-2.025284,training_point
09:56:23.960,2,-3.946449,1.427292,-1.912288,training_point
09:56:23.960,1,-1.283402,1.478777,-2.025016,training_point
09:56:24.060,2,-3.947171,1.42593,-1.911829,training_point
09:56:24.060,1,-1.283336,1.478804,-2.024924,training_point
09:56:24.159,2,-3.946377,1.426672,-1.911977,training_point
09:56:24.160,1,-1.283204,1.479394,-2.024619,training_point
09:56:24.259,2,-3.945706,1.42711,-1.911742,training_point
09:56:24.259,1,-1.283162,1.479354,-2.024489,training_point
09:56:24.360,2,-3.946121,1.428366,-1.912247,training_point
09:56:24.360,1,-1.283018,1.479799,-2.024365,training_point
09:56:24.460,2,-3.945389,1.428411,-1.912903,training_point
09:56:24.460,1,-1.282873,1.479926,-2.024277,training_point
09:56:24.559,2,-3.945928,1.428344,-1.912758,training_point
09:56:24.559,1,-1.282349,1.478194,-2.023835,training_point
09:56:24.642,2,-3.945869,1.429243,-1.91266,training_point
09:56:24.642,1,-1.281993,1.478737,-2.02354,training_point
09:56:24.726,2,-3.946034,1.428514,-1.912468,training_point
09:56:24.726,1,-1.281713,1.479476,-2.023382,training_point
09:56:24.809,2,-3.946002,1.429162,-1.913415,training_point
09:56:24.809,1,-1.28099,1.479851,-2.023287,training_point
09:56:24.909,2,-3.946889,1.430278,-1.913326,training_point
09:56:24.910,1,-1.280467,1.480047,-2.023384,training_point
09:56:25.010,2,-3.947743,1.429698,-1.913925,training_point
09:56:25.010,1,-1.279818,1.477945,-2.023385,training_point
09:56:25.109,2,-3.947658,1.42851,-1.913821,training_point
09:56:25.109,1,-1.279586,1.478525,-2.023333,training_point
09:56:25.192,2,-3.946622,1.429676,-1.914345,training_point
09:56:25.192,1,-1.27933,1.478772,-2.02327,training_point
09:56:25.292,2,-3.944877,1.430073,-1.913757,training_point
09:56:25.293,1,-1.278996,1.479498,-2.023443,training_point
09:56:25.410,2,-3.942876,1.429788,-1.91452,training_point
09:56:25.410,1,-1.278859,1.479884,-2.02347,training_point
09:56:25.509,2,-3.943528,1.428509,-1.914024,training_point
09:56:25.509,1,-1.278654,1.480011,-2.023845,training_point
09:56:25.610,2,-3.944116,1.430091,-1.915066,training_point
09:56:25.610,1,-1.278461,1.479702,-2.023782,training_point
09:56:25.728,2,-3.943126,1.429516,-1.914327,training_point
09:56:25.728,1,-1.278551,1.479899,-2.024071,training_point
09:56:25.826,2,-3.942519,1.429831,-1.915507,training_point
09:56:25.826,1,-1.278741,1.479781,-2.024397,training_point
09:56:25.909,2,-3.943924,1.430013,-1.915305,training_point
09:56:25.909,1,-1.279066,1.479403,-2.024934,training_point
09:56:25.992,2,-3.944044,1.430076,-1.91566,training_point
09:56:25.992,1,-1.279541,1.479781,-2.025448,training_point
09:56:26.077,2,-3.943679,1.429743,-1.915343,training_point
09:56:26.077,1,-1.279882,1.479894,-2.026061,training_point
09:56:26.176,2,-3.942793,1.428364,-1.916951,training_point
09:56:26.176,1,-1.280262,1.47987,-2.027129,training_point
09:56:26.276,2,-3.94077,1.428503,-1.919354,training_point
09:56:26.276,1,-1.280749,1.479596,-2.02752,training_point
09:56:26.393,2,-3.941969,1.428658,-1.91894,training_point
09:56:26.394,1,-1.28193,1.479603,-2.029032,training_point
09:56:26.492,2,-3.943223,1.429017,-1.91725,training_point
09:56:26.493,1,-1.282324,1.479616,-2.02966,training_point
09:56:26.609,2,-3.939212,1.429096,-1.918543,training_point
09:56:26.609,1,-1.283224,1.480238,-2.031546,training_point
09:56:26.692,2,-3.940313,1.428925,-1.919908,training_point
09:56:26.692,1,-1.284059,1.479698,-2.033835,training_point
09:56:26.776,2,-3.941277,1.429592,-1.921687,training_point
09:56:26.776,1,-1.283527,1.479598,-2.034964,training_point
09:56:26.859,2,-3.940978,1.429281,-1.922068,training_point
09:56:26.859,1,-1.283432,1.479517,-2.035432,training_point
09:56:26.959,2,-3.938546,1.429629,-1.924657,training_point
09:56:26.959,1,-1.282792,1.479405,-2.037402,training_point
09:56:27.077,2,-3.938917,1.429543,-1.924955,training_point
09:56:27.077,1,-1.281455,1.478871,-2.037514,training_point
09:56:27.176,2,-3.941192,1.429615,-1.924145,training_point
09:56:27.176,1,-1.281033,1.47896,-2.038432,training_point
09:56:27.277,2,-3.941193,1.429522,-1.92355,training_point
09:56:27.278,1,-1.280294,1.479162,-2.037907,training_point
09:56:27.393,2,-3.940052,1.429904,-1.925294,training_point
09:56:27.393,1,-1.279638,1.479293,-2.038976,training_point
09:56:27.492,2,-3.939315,1.429377,-1.925386,training_point
09:56:27.492,1,-1.279316,1.479276,-2.038828,training_point
09:56:27.576,2,-3.938727,1.429527,-1.924721,training_point
09:56:27.576,1,-1.279878,1.480169,-2.039463,training_point
09:56:27.660,2,-3.938196,1.429447,-1.924483,training_point
09:56:27.660,1,-1.281993,1.480216,-2.03977,training_point
09:56:27.778,2,-3.938065,1.429586,-1.924863,training_point
09:56:27.778,1,-1.28819,1.479931,-2.038644,training_point
09:56:27.876,2,-3.9387,1.431244,-1.925513,training_point
09:56:27.876,1,-1.302257,1.479614,-2.035836,training_point
09:56:27.959,2,-3.938963,1.43117,-1.925504,training_point
09:56:27.959,1,-1.31515,1.479728,-2.033083,training_point
09:56:28.060,2,-3.939206,1.430277,-1.926024,training_point
09:56:28.060,1,-1.331209,1.479758,-2.02977,training_point
09:56:28.159,2,-3.939523,1.43083,-1.925588,training_point
09:56:28.159,1,-1.356742,1.479778,-2.022533,training_point
09:56:28.260,2,-3.939231,1.430995,-1.924842,training_point
09:56:28.260,1,-1.378673,1.480088,-2.018754,training_point
09:56:28.359,2,-3.940074,1.431169,-1.923611,training_point
09:56:28.359,1,-1.403746,1.479967,-2.011906,training_point
09:56:28.461,2,-3.938858,1.433247,-1.923142,training_point
09:56:28.462,1,-1.426614,1.480001,-2.009242,training_point
09:56:28.560,2,-3.938924,1.433122,-1.923448,training_point
09:56:28.560,1,-1.448135,1.479922,-2.0084,training_point
09:56:28.678,2,-3.939081,1.431268,-1.924113,training_point
09:56:28.679,1,-1.461218,1.479905,-2.006833,training_point
09:56:28.777,2,-3.939262,1.431394,-1.923043,training_point
09:56:28.777,1,-1.472644,1.47967,-2.006265,training_point
09:56:28.876,2,-3.938178,1.431461,-1.925484,training_point
09:56:28.876,1,-1.482645,1.479255,-2.007945,training_point
09:56:28.959,2,-3.937409,1.431162,-1.925744,training_point
09:56:28.959,1,-1.483684,1.479219,-2.008133,training_point
09:56:29.059,2,-3.932489,1.431014,-1.929187,training_point
09:56:29.060,1,-1.484365,1.478931,-2.009451,training_point
09:56:29.177,2,-3.926379,1.430769,-1.931759,training_point
09:56:29.177,1,-1.479958,1.478447,-2.012818,training_point
09:56:29.276,2,-3.908685,1.430707,-1.935533,training_point
09:56:29.276,1,-1.457293,1.477939,-2.023244,training_point
09:56:29.377,2,-3.897508,1.432516,-1.936148,training_point
09:56:29.377,1,-1.446685,1.477815,-2.02784,training_point
09:56:29.477,2,-3.880244,1.432652,-1.942974,training_point
09:56:29.477,1,-1.429269,1.477686,-2.037917,training_point
09:56:29.576,2,-3.856293,1.431456,-1.949184,training_point
09:56:29.576,1,-1.411317,1.477512,-2.047776,training_point
09:56:29.661,2,-3.84513,1.43104,-1.957346,training_point
09:56:29.662,1,-1.40149,1.477072,-2.054286,training_point
09:56:29.760,2,-3.810829,1.433639,-1.96098,training_point
09:56:29.761,1,-1.394275,1.476996,-2.061055,training_point
09:56:29.842,2,-3.789365,1.434116,-1.965141,training_point
09:56:29.843,1,-1.388774,1.476764,-2.068382,training_point
09:56:29.926,2,-3.780727,1.430881,-1.967711,training_point
09:56:29.926,1,-1.385769,1.476925,-2.071889,training_point
09:56:30.026,2,-3.765336,1.43192,-1.976701,training_point
09:56:30.026,1,-1.385041,1.47698,-2.077838,training_point
09:56:30.109,2,-3.756431,1.431044,-1.979559,training_point
09:56:30.109,1,-1.388919,1.477107,-2.083716,training_point
09:56:30.210,2,-3.739192,1.429433,-1.983369,training_point
09:56:30.210,1,-1.398253,1.477254,-2.093891,training_point
09:56:30.309,2,-3.726856,1.428836,-1.986874,training_point
09:56:30.309,1,-1.414802,1.477424,-2.105804,training_point
09:56:30.410,2,-3.708453,1.429981,-1.995771,training_point
09:56:30.411,1,-1.436947,1.477813,-2.112348,training_point
09:56:30.510,2,-3.686162,1.429251,-1.997306,training_point
09:56:30.510,1,-1.459147,1.477761,-2.124259,training_point
09:56:30.609,2,-3.643561,1.430312,-2.004863,training_point
09:56:30.609,1,-1.485383,1.478323,-2.136481,training_point
09:56:30.710,2,-3.610527,1.430201,-2.008596,training_point
09:56:30.710,1,-1.499442,1.478857,-2.143478,training_point
09:56:30.809,2,-3.568083,1.429691,-2.013153,training_point
09:56:30.810,1,-1.518593,1.478896,-2.152206,training_point
09:56:30.909,2,-3.523587,1.43352,-2.012983,training_point
09:56:30.909,1,-1.532284,1.478682,-2.160431,training_point
09:56:31.010,2,-3.482975,1.431389,-2.013986,training_point
09:56:31.010,1,-1.541311,1.478606,-2.163173,training_point
09:56:31.109,2,-3.450586,1.429586,-2.011708,training_point
09:56:31.110,1,-1.548858,1.47927,-2.165736,training_point
09:56:31.209,2,-3.418389,1.429421,-2.011329,training_point
09:56:31.209,1,-1.55412,1.479844,-2.167442,training_point
09:56:31.310,2,-3.387071,1.431643,-2.011563,training_point
09:56:31.310,1,-1.557734,1.480136,-2.168861,training_point
09:56:31.409,2,-3.354563,1.431258,-2.014709,training_point
09:56:31.410,1,-1.559703,1.481562,-2.169269,training_point
09:56:31.492,2,-3.32307,1.428093,-2.034378,training_point
09:56:31.493,1,-1.560564,1.482114,-2.169658,training_point
09:56:31.577,2,-3.296078,1.427959,-2.049722,training_point
09:56:31.577,1,-1.560888,1.483196,-2.169615,training_point
09:56:31.676,2,-3.252229,1.430085,-2.062063,training_point
09:56:31.676,1,-1.561205,1.483307,-2.169983,training_point
09:56:31.777,2,-3.198006,1.430767,-2.085909,training_point
09:56:31.777,1,-1.560811,1.483871,-2.1704,training_point
09:56:31.876,2,-3.120277,1.432553,-2.119268,training_point
09:56:31.876,1,-1.556658,1.484179,-2.172951,training_point
09:56:31.976,2,-3.099352,1.434646,-2.135197,training_point
09:56:31.977,1,-1.553506,1.485092,-2.173482,training_point
09:56:32.076,2,-3.046003,1.433813,-2.158301,training_point
09:56:32.076,1,-1.547493,1.486217,-2.173312,training_point
09:56:32.160,2,-3.038313,1.433942,-2.16379,training_point
09:56:32.160,1,-1.544185,1.486461,-2.172177,training_point
09:56:32.260,2,-3.006926,1.43346,-2.183558,training_point
09:56:32.260,1,-1.54231,1.487583,-2.171208,training_point
09:56:32.359,2,-2.994047,1.433068,-2.191528,training_point
09:56:32.359,1,-1.535672,1.487609,-2.169133,training_point
09:56:32.459,2,-2.979052,1.432806,-2.2021,training_point
09:56:32.459,1,-1.53283,1.486787,-2.167233,training_point
09:56:32.610,2,-2.965772,1.434914,-2.211543,training_point
09:56:32.610,1,-1.526104,1.48697,-2.164099,training_point
09:56:32.709,2,-2.961559,1.433806,-2.214567,training_point
09:56:32.710,1,-1.523992,1.48587,-2.162632,training_point
09:56:32.810,2,-2.961141,1.434227,-2.214804,training_point
09:56:32.810,1,-1.523157,1.48486,-2.160565,training_point
09:56:32.910,2,-2.956255,1.433798,-2.219791,training_point
09:56:32.910,1,-1.523562,1.484864,-2.159451,training_point
09:56:33.009,2,-2.954835,1.431161,-2.223119,training_point
09:56:33.009,1,-1.51943,1.483322,-2.156929,training_point
09:56:33.110,2,-2.952761,1.429364,-2.226775,training_point
09:56:33.110,1,-1.515849,1.483027,-2.155227,training_point
09:56:33.209,2,-2.95314,1.428526,-2.228224,training_point
09:56:33.209,1,-1.513935,1.482767,-2.153282,training_point
09:56:33.292,2,-2.95246,1.427253,-2.229871,training_point
09:56:33.293,1,-1.513623,1.48217,-2.15199,training_point
09:56:33.376,2,-2.951254,1.427428,-2.233331,training_point
09:56:33.376,1,-1.513886,1.480074,-2.150701,training_point
09:56:33.460,2,-2.950994,1.428474,-2.235575,training_point
09:56:33.460,1,-1.514026,1.479419,-2.149722,training_point
09:56:33.560,2,-2.949649,1.431803,-2.237874,training_point
09:56:33.562,1,-1.515277,1.483699,-2.1486,training_point
09:56:33.660,2,-2.948503,1.43341,-2.240296,training_point
09:56:33.661,1,-1.516861,1.485454,-2.147649,training_point
09:56:33.760,2,-2.948123,1.432766,-2.241728,training_point
09:56:33.760,1,-1.518555,1.492286,-2.146372,training_point
09:56:33.859,2,-2.94761,1.428099,-2.243701,training_point
09:56:33.860,1,-1.51967,1.494859,-2.145239,training_point
09:56:33.960,2,-2.94763,1.427264,-2.24429,training_point
09:56:33.960,1,-1.519899,1.495635,-2.144244,training_point
09:56:34.060,2,-2.949426,1.42261,-2.243133,training_point
09:56:34.061,1,-1.520505,1.497426,-2.143466,training_point
09:56:34.159,2,-2.948854,1.422655,-2.244963,training_point
09:56:34.160,1,-1.520757,1.498206,-2.142948,training_point
09:56:34.260,2,-2.948059,1.422668,-2.246163,training_point
09:56:34.260,1,-1.520723,1.498178,-2.142797,training_point
09:56:34.360,2,-2.947627,1.418503,-2.246453,training_point
09:56:34.360,1,-1.520869,1.498264,-2.143043,training_point
09:56:34.459,2,-2.947259,1.416932,-2.246071,training_point
09:56:34.459,1,-1.520966,1.498695,-2.143271,training_point
09:56:34.562,2,-2.947126,1.416814,-2.245331,training_point
09:56:34.562,1,-1.520613,1.497313,-2.144233,training_point
09:56:34.660,2,-2.946817,1.413546,-2.244937,training_point
09:56:34.661,1,-1.520883,1.495604,-2.145136,training_point
09:56:34.759,2,-2.946731,1.402342,-2.244704,training_point
09:56:34.760,1,-1.521415,1.496825,-2.146036,training_point
09:56:34.862,2,-2.945935,1.392504,-2.244319,training_point
09:56:34.862,1,-1.522248,1.497787,-2.14742,training_point
09:56:34.960,2,-2.945596,1.385371,-2.244203,training_point
09:56:34.960,1,-1.522874,1.499298,-2.14868,training_point
09:56:35.042,2,-2.945503,1.388074,-2.243967,training_point
09:56:35.043,1,-1.523732,1.498612,-2.150296,training_point
09:56:35.127,2,-2.945148,1.394384,-2.243924,training_point
09:56:35.127,1,-1.523992,1.500809,-2.150935,training_point
09:56:35.227,2,-2.944549,1.398078,-2.244282,training_point
09:56:35.227,1,-1.524442,1.501356,-2.151846,training_point
09:56:35.326,2,-2.943593,1.408266,-2.244869,training_point
09:56:35.326,1,-1.524833,1.501501,-2.152277,training_point
09:56:35.476,2,-2.943251,1.420369,-2.245382,training_point
09:56:35.476,1,-1.526499,1.501673,-2.15264,training_point
09:56:35.576,2,-2.940828,1.419516,-2.246355,training_point
09:56:35.577,1,-1.526356,1.50196,-2.152004,training_point
09:56:35.678,2,-2.938245,1.413659,-2.247189,training_point
09:56:35.678,1,-1.525981,1.502409,-2.151449,training_point
09:56:35.777,2,-2.936888,1.415097,-2.248159,training_point
09:56:35.777,1,-1.525458,1.503316,-2.151229,training_point
09:56:35.876,2,-2.935993,1.405154,-2.248722,training_point
09:56:35.876,1,-1.524317,1.503989,-2.149614,training_point
09:56:35.977,2,-2.936234,1.397562,-2.248496,training_point
09:56:35.977,1,-1.523643,1.504279,-2.149117,training_point
09:56:36.077,2,-2.936689,1.406738,-2.248184,training_point
09:56:36.077,1,-1.523126,1.504072,-2.148172,training_point
09:56:36.176,2,-2.937891,1.412746,-2.247617,training_point
09:56:36.176,1,-1.52171,1.50403,-2.147014,training_point
09:56:36.276,2,-2.940641,1.420873,-2.245115,training_point
09:56:36.276,1,-1.520546,1.503674,-2.146074,training_point
09:56:36.360,2,-2.948937,1.42287,-2.241302,training_point
09:56:36.360,1,-1.520005,1.503006,-2.145884,training_point
09:56:36.459,2,-2.961251,1.425767,-2.237278,training_point
09:56:36.459,1,-1.518879,1.502363,-2.146083,training_point
09:56:36.543,2,-2.967308,1.423931,-2.23594,training_point
09:56:36.543,1,-1.518044,1.502328,-2.146424,training_point
09:56:36.626,2,-2.988693,1.423227,-2.230478,training_point
09:56:36.626,1,-1.517373,1.502331,-2.147819,training_point
09:56:36.709,2,-3.006104,1.422912,-2.226276,training_point
09:56:36.709,1,-1.518028,1.501491,-2.14887,training_point
09:56:36.792,2,-3.039123,1.424352,-2.219892,training_point
09:56:36.793,1,-1.517546,1.501963,-2.150621,training_point
09:56:36.877,2,-3.060647,1.425197,-2.215327,training_point
09:56:36.877,1,-1.515722,1.50079,-2.15128,training_point
09:56:36.977,2,-3.098966,1.423084,-2.208438,training_point
09:56:36.977,1,-1.515491,1.500873,-2.15296,training_point
09:56:37.076,2,-3.134085,1.423407,-2.201255,training_point
09:56:37.076,1,-1.516811,1.500639,-2.154952,training_point
09:56:37.177,2,-3.173272,1.42448,-2.194749,training_point
09:56:37.177,1,-1.515266,1.500543,-2.156138,training_point
09:56:37.277,2,-3.204467,1.424854,-2.190775,training_point
09:56:37.277,1,-1.515807,1.50018,-2.157937,training_point
09:56:37.376,2,-3.244091,1.426092,-2.184568,training_point
09:56:37.376,1,-1.517663,1.499951,-2.159827,training_point
09:56:37.459,2,-3.261247,1.426664,-2.183411,training_point
09:56:37.459,1,-1.519598,1.500641,-2.160574,training_point
09:56:37.560,2,-3.281746,1.427179,-2.179929,training_point
09:56:37.561,1,-1.518856,1.500666,-2.161145,training_point
09:56:37.660,2,-3.301214,1.428403,-2.178607,training_point
09:56:37.661,1,-1.520229,1.500618,-2.162392,training_point
09:56:37.759,2,-3.315224,1.428809,-2.177403,training_point
09:56:37.759,1,-1.520947,1.500672,-2.163016,training_point
09:56:37.843,2,-3.326245,1.430317,-2.173124,training_point
09:56:37.843,1,-1.520165,1.500656,-2.164531,training_point
09:56:37.926,2,-3.33199,1.429258,-2.172272,training_point
09:56:37.926,1,-1.51849,1.500606,-2.16578,training_point
09:56:38.009,2,-3.337257,1.428173,-2.170175,training_point
09:56:38.009,1,-1.521576,1.500212,-2.165299,training_point
09:56:38.093,2,-3.342908,1.428354,-2.168682,training_point
09:56:38.093,1,-1.520431,1.500695,-2.165315,training_point
09:56:38.226,2,-3.350337,1.428605,-2.169176,training_point
09:56:38.226,1,-1.519832,1.500717,-2.16429,training_point
09:56:38.309,2,-3.35193,1.428144,-2.169165,training_point
09:56:38.309,1,-1.519722,1.500747,-2.164077,training_point
09:56:38.392,2,-3.353459,1.427537,-2.168897,training_point
09:56:38.393,1,-1.5197,1.500569,-2.16346,training_point
09:56:38.476,2,-3.354808,1.427554,-2.169276,training_point
09:56:38.476,1,-1.519854,1.500373,-2.162845,training_point
09:56:38.559,2,-3.355462,1.427115,-2.169972,training_point
09:56:38.559,1,-1.519251,1.500354,-2.162982,training_point
09:56:38.642,2,-3.356385,1.426977,-2.170338,training_point
09:56:38.643,1,-1.517324,1.50042,-2.163093,training_point
09:56:38.726,2,-3.357676,1.426786,-2.171467,training_point
09:56:38.726,1,-1.516454,1.499977,-2.162923,training_point
09:56:38.809,2,-3.358798,1.426686,-2.171489,training_point
09:56:38.809,1,-1.51711,1.500029,-2.162471,training_point
09:56:38.892,2,-3.360067,1.426729,-2.171098,training_point
09:56:38.893,1,-1.517284,1.500101,-2.162105,training_point
09:56:38.976,2,-3.36118,1.42677,-2.171062,training_point
09:56:38.976,1,-1.516649,1.500378,-2.161093,training_point
09:56:39.059,2,-3.361545,1.42674,-2.170761,training_point
09:56:39.059,1,-1.516084,1.500277,-2.160806,training_point
09:56:39.143,2,-3.362015,1.426412,-2.170655,training_point
09:56:39.143,1,-1.51853,1.500435,-2.160453,training_point
09:56:39.226,2,-3.362549,1.426419,-2.170201,training_point
09:56:39.226,1,-1.517453,1.500436,-2.159983,training_point
09:56:39.327,2,-3.363095,1.426315,-2.169149,training_point
09:56:39.327,1,-1.516967,1.500156,-2.159277,training_point
09:56:39.426,2,-3.363577,1.425714,-2.169147,training_point
09:56:39.426,1,-1.51571,1.499834,-2.157703,training_point
09:56:39.509,2,-3.36362,1.425584,-2.16853,training_point
09:56:39.509,1,-1.515596,1.50018,-2.157058,training_point
09:56:39.610,2,-3.364142,1.425242,-2.168056,training_point
09:56:39.610,1,-1.519591,1.500257,-2.156892,training_point
09:56:39.711,2,-3.364415,1.424726,-2.167753,training_point
09:56:39.712,1,-1.520671,1.500347,-2.156046,training_point
09:56:39.809,2,-3.365064,1.424683,-2.167503,training_point
09:56:39.809,1,-1.52167,1.500248,-2.155185,training_point
09:56:39.893,2,-3.36501,1.424323,-2.167455,training_point
09:56:39.893,1,-1.522415,1.500039,-2.154337,training_point
09:56:39.993,2,-3.365095,1.424404,-2.167443,training_point
09:56:39.994,1,-1.519354,1.499614,-2.151066,training_point
09:56:40.093,2,-3.365165,1.424211,-2.167259,training_point
09:56:40.093,1,-1.517447,1.499791,-2.147684,training_point
09:56:40.176,2,-3.365252,1.423649,-2.166807,training_point
09:56:40.176,1,-1.515762,1.499738,-2.144867,training_point
09:56:40.259,2,-3.365102,1.42472,-2.166622,training_point
09:56:40.259,1,-1.514139,1.500141,-2.143138,training_point
09:56:40.360,2,-3.364913,1.426548,-2.166629,training_point
09:56:40.360,1,-1.513284,1.500195,-2.141797,training_point
09:56:40.459,2,-3.364999,1.421804,-2.16591,training_point
09:56:40.459,1,-1.513052,1.499711,-2.140062,training_point
09:56:40.560,2,-3.364678,1.418562,-2.165246,training_point
09:56:40.560,1,-1.512725,1.499561,-2.139152,training_point
09:56:40.660,2,-3.364658,1.418209,-2.164634,training_point
09:56:40.661,1,-1.512315,1.498939,-2.13756,training_point
09:56:40.759,2,-3.364699,1.417831,-2.164154,training_point
09:56:40.759,1,-1.512182,1.498906,-2.136794,training_point
09:56:40.843,2,-3.364764,1.416869,-2.163891,training_point
09:56:40.844,1,-1.512395,1.498653,-2.136514,training_point
09:56:40.943,2,-3.364521,1.417902,-2.163592,training_point
09:56:40.944,1,-1.512869,1.498289,-2.135041,training_point
09:56:41.044,2,-3.364199,1.417746,-2.163223,training_point
09:56:41.044,1,-1.512869,1.49846,-2.134844,training_point
09:56:41.143,2,-3.363567,1.421302,-2.163171,training_point
09:56:41.143,1,-1.513738,1.498208,-2.134596,training_point
09:56:41.226,2,-3.363162,1.424041,-2.162878,training_point
09:56:41.226,1,-1.514077,1.498076,-2.134324,training_point
09:56:41.309,2,-3.362971,1.422117,-2.163007,training_point
09:56:41.309,1,-1.51447,1.498229,-2.134119,training_point
09:56:41.409,2,-3.362721,1.418562,-2.163035,training_point
09:56:41.410,1,-1.5174,1.49877,-2.135259,training_point
09:56:41.510,2,-3.362545,1.419931,-2.162766,training_point
09:56:41.511,1,-1.5185,1.499219,-2.135768,training_point
09:56:41.609,2,-3.362326,1.419784,-2.163255,training_point
09:56:41.609,1,-1.519073,1.49923,-2.135807,training_point
09:56:41.709,2,-3.362269,1.418283,-2.163303,training_point
09:56:41.710,1,-1.520025,1.49942,-2.136482,training_point
09:56:41.809,2,-3.36204,1.416985,-2.163393,training_point
09:56:41.809,1,-1.52195,1.499604,-2.138032,training_point
09:56:41.893,2,-3.361871,1.416304,-2.163371,training_point
09:56:41.894,1,-1.523589,1.49919,-2.139591,training_point
09:56:41.993,2,-3.361985,1.415063,-2.163618,training_point
09:56:41.993,1,-1.52491,1.499602,-2.141833,training_point
09:56:42.093,2,-3.361886,1.414803,-2.163665,training_point
09:56:42.093,1,-1.525854,1.500091,-2.143427,training_point
09:56:42.192,2,-3.36154,1.41424,-2.163953,training_point
09:56:42.193,1,-1.525673,1.499348,-2.144098,training_point
09:56:42.277,2,-3.361579,1.413116,-2.163932,training_point
09:56:42.277,1,-1.525975,1.499427,-2.145057,training_point
09:56:42.376,2,-3.361852,1.412819,-2.164164,training_point
09:56:42.376,1,-1.526255,1.499483,-2.14693,training_point
09:56:42.459,2,-3.361831,1.41225,-2.164436,training_point
09:56:42.459,1,-1.526371,1.499644,-2.148146,training_point
09:56:42.560,2,-3.361777,1.411787,-2.16439,training_point
09:56:42.560,1,-1.52635,1.499774,-2.149424,training_point
09:56:42.660,2,-3.36172,1.41177,-2.164455,training_point
09:56:42.661,1,-1.525941,1.499642,-2.150028,training_point
09:56:42.760,2,-3.361746,1.411502,-2.164061,training_point
09:56:42.761,1,-1.526194,1.499459,-2.150469,training_point
09:56:42.859,2,-3.361821,1.410997,-2.164028,training_point
09:56:42.859,1,-1.526168,1.499692,-2.150894,training_point
09:56:42.960,2,-3.361559,1.411274,-2.163966,training_point
09:56:42.961,1,-1.525266,1.499982,-2.151876,training_point
09:56:43.059,2,-3.361288,1.411604,-2.163923,training_point
09:56:43.059,1,-1.525515,1.499842,-2.152208,training_point
09:56:43.159,2,-3.360876,1.411641,-2.164179,training_point
09:56:43.159,1,-1.525706,1.500131,-2.152364,training_point
09:56:43.260,2,-3.360474,1.411975,-2.164376,training_point
09:56:43.261,1,-1.524996,1.500072,-2.152149,training_point
09:56:43.359,2,-3.360168,1.411916,-2.164704,training_point
09:56:43.361,1,-1.524187,1.500313,-2.152163,training_point
09:56:43.459,2,-3.359805,1.411985,-2.164784,training_point
09:56:43.459,1,-1.523828,1.500736,-2.152051,training_point
09:56:43.560,2,-3.359339,1.412003,-2.164666,training_point
09:56:43.561,1,-1.52393,1.500924,-2.151702,training_point
09:56:43.659,2,-3.35883,1.411864,-2.164588,training_point
09:56:43.659,1,-1.523905,1.500994,-2.151632,training_point
09:56:43.744,2,-3.358929,1.412092,-2.164394,training_point
09:56:43.744,1,-1.522565,1.50073,-2.151296,training_point
09:56:43.843,2,-3.358695,1.412271,-2.164462,training_point
09:56:43.843,1,-1.52133,1.500326,-2.151369,training_point
09:56:43.926,2,-3.358428,1.412498,-2.16439,training_point
09:56:43.926,1,-1.52007,1.500469,-2.151325,training_point
09:56:44.009,2,-3.358531,1.412524,-2.164165,training_point
09:56:44.009,1,-1.519764,1.500138,-2.15153,training_point
09:56:44.093,2,-3.358321,1.41262,-2.164062,training_point
09:56:44.093,1,-1.520091,1.500179,-2.151714,training_point
09:56:44.194,2,-3.358305,1.412937,-2.16384,training_point
09:56:44.194,1,-1.519059,1.499383,-2.152557,training_point
09:56:44.293,2,-3.358423,1.41312,-2.163812,training_point
09:56:44.293,1,-1.519265,1.498778,-2.152495,training_point
09:56:44.394,2,-3.358423,1.412934,-2.163722,training_point
09:56:44.394,1,-1.518626,1.498613,-2.152765,training_point
09:56:44.493,2,-3.358428,1.413007,-2.163298,training_point
09:56:44.493,1,-1.51905,1.49793,-2.152599,training_point
09:56:44.594,2,-3.358653,1.412738,-2.163446,training_point
09:56:44.594,1,-1.518891,1.497668,-2.153252,training_point
09:56:44.693,2,-3.358831,1.412796,-2.163136,training_point
09:56:44.693,1,-1.519201,1.497417,-2.153215,training_point
09:56:44.776,2,-3.358902,1.412592,-2.163096,training_point
09:56:44.776,1,-1.520089,1.497541,-2.152984,training_point
09:56:44.859,2,-3.358917,1.412353,-2.162905,training_point
09:56:44.859,1,-1.519652,1.497427,-2.153065,training_point
09:56:44.960,2,-3.358907,1.412016,-2.162886,training_point
09:56:44.961,1,-1.520443,1.496586,-2.152817,training_point
09:56:45.059,2,-3.35898,1.411782,-2.162926,training_point
09:56:45.059,1,-1.521233,1.496344,-2.152806,training_point
09:56:45.143,2,-3.358642,1.411484,-2.163311,training_point
09:56:45.143,1,-1.520506,1.496169,-2.15333,training_point
09:56:45.226,2,-3.358549,1.411299,-2.163157,training_point
09:56:45.226,1,-1.520598,1.495894,-2.153143,training_point
09:56:45.327,2,-3.35846,1.411243,-2.163197,training_point
09:56:45.327,1,-1.520523,1.495448,-2.152962,training_point
09:56:45.426,2,-3.358331,1.411058,-2.163504,training_point
09:56:45.426,1,-1.521253,1.495411,-2.153154,training_point
09:56:45.509,2,-3.358507,1.411004,-2.163491,training_point
09:56:45.509,1,-1.521539,1.495547,-2.153363,training_point
09:56:45.593,2,-3.358501,1.410938,-2.163476,training_point
09:56:45.593,1,-1.521683,1.496326,-2.153722,training_point
09:56:45.694,2,-3.358578,1.410681,-2.163605,training_point
09:56:45.694,1,-1.522622,1.49667,-2.153395,training_point
09:56:45.794,2,-3.358783,1.410564,-2.16372,training_point
09:56:45.795,1,-1.52297,1.497484,-2.153852,training_point
09:56:45.893,2,-3.358929,1.410544,-2.163865,training_point
09:56:45.893,1,-1.523317,1.497443,-2.153783,training_point
09:56:45.993,2,-3.358983,1.410577,-2.163699,training_point
09:56:45.994,1,-1.523159,1.498329,-2.153539,training_point
09:56:46.093,2,-3.358941,1.410961,-2.163585,training_point
09:56:46.094,1,-1.522906,1.498479,-2.153033,training_point
09:56:46.193,2,-3.35908,1.410993,-2.162901,training_point
09:56:46.193,1,-1.523115,1.498951,-2.151755,training_point
09:56:46.276,2,-3.359037,1.411082,-2.163056,training_point
09:56:46.276,1,-1.523287,1.498791,-2.151049,training_point
09:56:46.377,2,-3.358895,1.411185,-2.162905,training_point
09:56:46.377,1,-1.523163,1.498924,-2.150815,training_point
09:56:46.476,2,-3.358801,1.411283,-2.16285,training_point
09:56:46.476,1,-1.522788,1.498671,-2.150259,training_point
09:56:46.559,2,-3.35837,1.411507,-2.162689,training_point
09:56:46.559,1,-1.522481,1.498301,-2.148627,training_point
09:56:46.660,2,-3.35804,1.411701,-2.162549,training_point
09:56:46.661,1,-1.522077,1.49827,-2.147515,training_point
09:56:46.759,2,-3.357742,1.411626,-2.162696,training_point
09:56:46.759,1,-1.521842,1.498242,-2.146735,training_point
09:56:46.843,2,-3.357493,1.411647,-2.162413,training_point
09:56:46.843,1,-1.521835,1.498479,-2.146185,training_point
09:56:46.926,2,-3.357178,1.411785,-2.162395,training_point
09:56:46.926,1,-1.521841,1.498538,-2.145384,training_point
09:56:47.009,2,-3.35659,1.411881,-2.162758,training_point
09:56:47.009,1,-1.522182,1.49848,-2.145216,training_point
09:56:47.093,2,-3.356538,1.411967,-2.162811,training_point
09:56:47.093,1,-1.522412,1.498573,-2.144947,training_point
09:56:47.176,2,-3.356563,1.411842,-2.16307,training_point
09:56:47.176,1,-1.52226,1.498675,-2.14481,training_point
09:56:47.277,2,-3.356473,1.411929,-2.163063,training_point
09:56:47.278,1,-1.522869,1.498832,-2.14422,training_point
09:56:47.377,2,-3.356271,1.41178,-2.163053,training_point
09:56:47.377,1,-1.523068,1.499077,-2.144091,training_point
09:56:47.493,2,-3.356038,1.411795,-2.16279,training_point
09:56:47.493,1,-1.522997,1.499335,-2.143578,training_point
09:56:47.593,2,-3.355982,1.411842,-2.162888,training_point
09:56:47.593,1,-1.523654,1.499206,-2.143427,training_point
09:56:47.676,2,-3.355649,1.411682,-2.162375,training_point
09:56:47.676,1,-1.523829,1.499412,-2.143255,training_point
09:56:47.759,2,-3.355545,1.41161,-2.162473,training_point
09:56:47.759,1,-1.524202,1.499463,-2.143062,training_point
09:56:47.843,2,-3.355021,1.411494,-2.162485,training_point
09:56:47.843,1,-1.524075,1.499421,-2.143044,training_point
09:56:47.926,2,-3.354786,1.411457,-2.162199,training_point
09:56:47.926,1,-1.523817,1.498935,-2.143084,training_point
09:56:48.027,2,-3.354571,1.411151,-2.162282,training_point
09:56:48.028,1,-1.52346,1.499379,-2.143296,training_point
09:56:48.126,2,-3.354253,1.41089,-2.162669,training_point
09:56:48.126,1,-1.52297,1.499439,-2.143429,training_point
09:56:48.209,2,-3.353941,1.410432,-2.162365,training_point
09:56:48.209,1,-1.522923,1.499326,-2.143434,training_point
09:56:48.293,2,-3.353806,1.410512,-2.16239,training_point
09:56:48.293,1,-1.522292,1.49886,-2.143822,training_point
09:56:48.376,2,-3.353855,1.410457,-2.162407,training_point
09:56:48.376,1,-1.522082,1.499019,-2.144061,training_point
09:56:48.477,2,-3.353831,1.410484,-2.163037,training_point
09:56:48.477,1,-1.521785,1.499149,-2.144378,training_point
09:56:48.576,2,-3.353397,1.410635,-2.163052,training_point
09:56:48.576,1,-1.520595,1.499254,-2.145239,training_point
09:56:48.677,2,-3.353313,1.410797,-2.163156,training_point
09:56:48.677,1,-1.52061,1.499411,-2.145293,training_point
09:56:48.776,2,-3.353292,1.410885,-2.163334,training_point
09:56:48.776,1,-1.520188,1.499253,-2.145793,training_point
09:56:48.859,2,-3.353113,1.410918,-2.16346,training_point
09:56:48.859,1,-1.52009,1.499231,-2.14579,training_point
09:56:48.943,2,-3.35294,1.411132,-2.16387,training_point
09:56:48.943,1,-1.52005,1.499488,-2.146059,training_point
09:56:49.043,2,-3.352898,1.411093,-2.164222,training_point
09:56:49.043,1,-1.519587,1.499631,-2.146324,training_point
09:56:49.144,2,-3.352444,1.411193,-2.165017,training_point
09:56:49.144,1,-1.520153,1.499886,-2.146765,training_point
09:56:49.259,2,-3.352873,1.411206,-2.165406,training_point
09:56:49.260,1,-1.520321,1.499178,-2.146851,training_point
09:56:49.360,2,-3.352801,1.41123,-2.16576,training_point
09:56:49.361,1,-1.519419,1.499491,-2.148035,training_point
09:56:49.477,2,-3.352913,1.411135,-2.166154,training_point
09:56:49.477,1,-1.519973,1.499628,-2.147861,training_point
09:56:49.576,2,-3.352881,1.411056,-2.166609,training_point
09:56:49.576,1,-1.520233,1.49936,-2.147819,training_point
09:56:49.659,2,-3.352799,1.411012,-2.166561,training_point
09:56:49.660,1,-1.519811,1.499334,-2.147944,training_point
09:56:49.761,2,-3.352738,1.411005,-2.16682,training_point
09:56:49.761,1,-1.520001,1.4989,-2.147727,training_point
09:56:49.859,2,-3.35299,1.410876,-2.167072,training_point
09:56:49.859,1,-1.520359,1.499382,-2.147468,training_point
09:56:49.960,2,-3.352799,1.410948,-2.167176,training_point
09:56:49.961,1,-1.520382,1.499024,-2.146998,training_point
09:56:50.059,2,-3.352871,1.410931,-2.167184,training_point
09:56:50.060,1,-1.520625,1.498673,-2.146619,training_point
09:56:50.143,2,-3.352787,1.410878,-2.167352,training_point
09:56:50.143,1,-1.520582,1.498518,-2.146433,training_point
09:56:50.226,2,-3.352905,1.410674,-2.167321,training_point
09:56:50.226,1,-1.520654,1.498351,-2.146056,training_point
09:56:50.309,2,-3.352996,1.410587,-2.167263,training_point
09:56:50.309,1,-1.520819,1.498213,-2.145965,training_point
09:56:50.409,2,-3.352964,1.410753,-2.167109,training_point
09:56:50.410,1,-1.520652,1.498201,-2.145445,training_point
09:56:50.511,2,-3.35331,1.410828,-2.166699,training_point
09:56:50.512,1,-1.520697,1.497835,-2.14504,training_point
09:56:50.627,2,-3.353281,1.410797,-2.16554,training_point
09:56:50.627,1,-1.520599,1.497094,-2.14388,training_point
09:56:50.726,2,-3.35325,1.410938,-2.165482,training_point
09:56:50.726,1,-1.520926,1.497514,-2.143588,training_point
09:56:50.827,2,-3.353044,1.410912,-2.165289,training_point
09:56:50.828,1,-1.520009,1.497957,-2.143328,training_point
09:56:50.926,2,-3.353083,1.410894,-2.165088,training_point
09:56:50.926,1,-1.519915,1.497765,-2.14361,training_point
09:56:51.027,2,-3.352996,1.41084,-2.165032,training_point
09:56:51.027,1,-1.520261,1.497923,-2.143725,training_point
09:56:51.126,2,-3.352989,1.410589,-2.164894,training_point
09:56:51.126,1,-1.519131,1.497816,-2.14371,training_point
09:56:51.209,2,-3.35303,1.410673,-2.164816,training_point
09:56:51.210,1,-1.518799,1.497811,-2.144127,training_point
09:56:51.311,2,-3.353265,1.410694,-2.164465,training_point
09:56:51.311,1,-1.518924,1.497811,-2.144667,training_point
09:56:51.409,2,-3.353412,1.410607,-2.164327,training_point
09:56:51.410,1,-1.518801,1.497416,-2.145334,training_point
09:56:51.509,2,-3.353252,1.410716,-2.164403,training_point
09:56:51.510,1,-1.518596,1.497554,-2.145839,training_point
09:56:51.609,2,-3.353339,1.410819,-2.164357,training_point
09:56:51.610,1,-1.518668,1.497456,-2.146007,training_point
09:56:51.709,2,-3.353407,1.410612,-2.164221,training_point
09:56:51.710,1,-1.518577,1.497298,-2.146376,training_point
09:56:51.793,2,-3.353628,1.410653,-2.164371,training_point
09:56:51.793,1,-1.51899,1.497059,-2.146644,training_point
09:56:51.877,2,-3.353592,1.4107,-2.164438,training_point
09:56:51.877,1,-1.51914,1.49697,-2.14716,training_point
09:56:51.977,2,-3.353479,1.410707,-2.164364,training_point
09:56:51.977,1,-1.519421,1.497166,-2.147476,training_point
09:56:52.076,2,-3.353996,1.410627,-2.164828,training_point
09:56:52.076,1,-1.519017,1.49712,-2.149516,training_point
09:56:52.176,2,-3.35444,1.410734,-2.165308,training_point
09:56:52.176,1,-1.51919,1.497313,-2.149657,training_point
09:56:52.259,2,-3.355101,1.410808,-2.166168,training_point
09:56:52.259,1,-1.519583,1.497227,-2.149838,training_point
09:56:52.343,2,-3.356421,1.410867,-2.166562,training_point
09:56:52.343,1,-1.519602,1.497336,-2.150302,training_point
09:56:52.426,2,-3.357481,1.410667,-2.16785,training_point
09:56:52.426,1,-1.518727,1.497513,-2.151307,training_point
09:56:52.526,2,-3.358439,1.410695,-2.168755,training_point
09:56:52.526,1,-1.519209,1.497595,-2.151105,training_point
09:56:52.627,2,-3.358822,1.410706,-2.169391,training_point
09:56:52.627,1,-1.519967,1.497349,-2.151023,training_point
09:56:52.726,2,-3.359186,1.410434,-2.170728,training_point
09:56:52.726,1,-1.519963,1.497119,-2.150907,training_point
09:56:52.826,2,-3.359199,1.410474,-2.17216,training_point
09:56:52.826,1,-1.520321,1.496947,-2.150878,training_point
09:56:52.909,2,-3.359225,1.410474,-2.172721,training_point
09:56:52.910,1,-1.520531,1.496985,-2.150566,training_point
09:56:52.993,2,-3.359204,1.410336,-2.173172,training_point
09:56:52.993,1,-1.520638,1.497106,-2.150465,training_point
09:56:53.077,2,-3.359322,1.410488,-2.173428,training_point
09:56:53.077,1,-1.520683,1.497264,-2.150413,training_point
09:56:53.176,2,-3.359194,1.410209,-2.174033,training_point
09:56:53.176,1,-1.520795,1.497643,-2.149916,training_point
09:56:53.278,2,-3.359092,1.410108,-2.17424,training_point
09:56:53.279,1,-1.520478,1.497659,-2.149895,training_point
09:56:53.376,2,-3.359032,1.410229,-2.174597,training_point
09:56:53.376,1,-1.520013,1.4977,-2.148684,training_point
09:56:53.477,2,-3.358808,1.410187,-2.174869,training_point
09:56:53.477,1,-1.520015,1.49757,-2.148089,training_point
09:56:53.576,2,-3.358443,1.410215,-2.175461,training_point
09:56:53.576,1,-1.520018,1.496587,-2.146816,training_point
09:56:53.659,2,-3.358279,1.410167,-2.175592,training_point
09:56:53.659,1,-1.519455,1.497139,-2.146112,training_point
09:56:53.760,2,-3.357895,1.410269,-2.175702,training_point
09:56:53.761,1,-1.519869,1.497292,-2.145261,training_point
09:56:53.859,2,-3.357761,1.410418,-2.175785,training_point
09:56:53.859,1,-1.51956,1.497358,-2.144279,training_point
09:56:53.960,2,-3.357734,1.410546,-2.175975,training_point
09:56:53.960,1,-1.519575,1.497453,-2.143766,training_point
09:56:54.060,2,-3.357544,1.410489,-2.176117,training_point
09:56:54.060,1,-1.519692,1.497297,-2.143755,training_point
09:56:54.160,2,-3.357358,1.410409,-2.176059,training_point
09:56:54.160,1,-1.519531,1.497329,-2.143446,training_point
09:56:54.259,2,-3.357225,1.410444,-2.176054,training_point
09:56:54.260,1,-1.518879,1.497647,-2.143366,training_point
09:56:54.360,2,-3.356785,1.410439,-2.175152,training_point
09:56:54.361,1,-1.51884,1.497702,-2.143164,training_point
09:56:54.477,2,-3.356511,1.410382,-2.174518,training_point
09:56:54.477,1,-1.519014,1.497768,-2.14323,training_point
09:56:54.577,2,-3.35634,1.41033,-2.174028,training_point
09:56:54.577,1,-1.518738,1.497768,-2.143353,training_point
09:56:54.693,2,-3.356255,1.410276,-2.173276,training_point
09:56:54.693,1,-1.517983,1.497959,-2.143088,training_point
09:56:54.794,2,-3.356188,1.410447,-2.172524,training_point
09:56:54.794,1,-1.518412,1.497965,-2.14314,training_point
09:56:54.893,2,-3.355992,1.410441,-2.171717,training_point
09:56:54.893,1,-1.517653,1.498681,-2.143621,training_point
09:56:54.995,2,-3.355932,1.410418,-2.171164,training_point
09:56:54.995,1,-1.517925,1.498609,-2.143702,training_point
09:56:55.093,2,-3.355854,1.410401,-2.170754,training_point
09:56:55.093,1,-1.517923,1.497977,-2.143972,training_point
09:56:55.177,2,-3.35589,1.410362,-2.170186,training_point
09:56:55.177,1,-1.517865,1.497693,-2.144252,training_point
09:56:55.276,2,-3.356026,1.410455,-2.169393,training_point
09:56:55.276,1,-1.517998,1.497854,-2.144355,training_point
09:56:55.359,2,-3.356211,1.410405,-2.169002,training_point
09:56:55.360,1,-1.518311,1.497401,-2.144719,training_point
09:56:55.462,2,-3.35612,1.410503,-2.168468,training_point
09:56:55.462,1,-1.517915,1.497326,-2.145211,training_point
09:56:55.577,2,-3.356282,1.410362,-2.167956,training_point
09:56:55.578,1,-1.517606,1.497318,-2.146005,training_point
09:56:55.695,2,-3.356022,1.410461,-2.16738,training_point
09:56:55.695,1,-1.517739,1.49708,-2.146506,training_point
09:56:55.793,2,-3.355821,1.410371,-2.166832,training_point
09:56:55.793,1,-1.517868,1.497032,-2.146688,training_point
09:56:55.893,2,-3.355756,1.410278,-2.16555,training_point
09:56:55.893,1,-1.517742,1.497266,-2.146784,training_point
09:56:55.993,2,-3.355464,1.410393,-2.164704,training_point
09:56:55.993,1,-1.517383,1.497349,-2.147328,training_point
09:56:56.076,2,-3.355105,1.410382,-2.164072,training_point
09:56:56.076,1,-1.517246,1.497305,-2.147804,training_point
09:56:56.159,2,-3.354827,1.410419,-2.163251,training_point
09:56:56.160,1,-1.517147,1.49687,-2.148711,training_point
09:56:56.259,2,-3.354686,1.410529,-2.163122,training_point
09:56:56.260,1,-1.518107,1.497137,-2.14891,training_point
09:56:56.360,2,-3.354363,1.410977,-2.162799,training_point
09:56:56.360,1,-1.518417,1.496759,-2.149249,training_point
09:56:56.477,2,-3.354277,1.411432,-2.161954,training_point
09:56:56.478,1,-1.518699,1.496906,-2.149253,training_point
09:56:56.576,2,-3.353915,1.411888,-2.160845,training_point
09:56:56.576,1,-1.519252,1.497101,-2.149034,training_point
09:56:56.659,2,-3.353714,1.412383,-2.16075,training_point
09:56:56.660,1,-1.519495,1.497273,-2.149421,training_point
09:56:56.761,2,-3.35354,1.412675,-2.160399,training_point
09:56:56.761,1,-1.519828,1.497849,-2.149298,training_point
09:56:56.894,2,-3.353494,1.412951,-2.160248,training_point
09:56:56.894,1,-1.519755,1.498094,-2.14965,training_point
09:56:57.009,2,-3.353412,1.412937,-2.159768,training_point
09:56:57.010,1,-1.520067,1.498227,-2.149726,training_point
09:56:57.127,2,-3.353469,1.413043,-2.159222,training_point
09:56:57.127,1,-1.519703,1.498384,-2.149931,training_point
09:56:57.244,2,-3.35423,1.413068,-2.15798,training_point
09:56:57.244,1,-1.520073,1.498382,-2.149471,training_point
09:56:57.343,2,-3.360639,1.413102,-2.153341,training_point
09:56:57.343,1,-1.519958,1.498244,-2.149705,training_point
09:56:57.445,2,-3.367414,1.413035,-2.149766,training_point
09:56:57.446,1,-1.519624,1.49827,-2.150025,training_point
09:56:57.562,2,-3.38209,1.413243,-2.140263,training_point
09:56:57.562,1,-1.520302,1.498275,-2.149585,training_point
09:56:57.659,2,-3.398893,1.413054,-2.128296,training_point
09:56:57.660,1,-1.520191,1.497976,-2.149689,training_point
09:56:57.760,2,-3.415129,1.413036,-2.111855,training_point
09:56:57.761,1,-1.520591,1.497661,-2.149317,training_point
09:56:57.877,2,-3.429473,1.412958,-2.089396,training_point
09:56:57.878,1,-1.520309,1.497671,-2.14946,training_point
09:56:57.976,2,-3.453161,1.412915,-2.048877,training_point
09:56:57.976,1,-1.520132,1.49769,-2.149247,training_point
09:56:58.060,2,-3.466425,1.412841,-2.023165,training_point
09:56:58.060,1,-1.520422,1.498281,-2.149083,training_point
09:56:58.159,2,-3.495082,1.412847,-1.978069,training_point
09:56:58.160,1,-1.520868,1.498146,-2.149143,training_point
09:56:58.244,2,-3.509486,1.412766,-1.943014,training_point
09:56:58.244,1,-1.521444,1.498228,-2.148953,training_point
09:56:58.344,2,-3.546424,1.412648,-1.883097,training_point
09:56:58.344,1,-1.521737,1.49824,-2.148356,training_point
09:56:58.444,2,-3.564827,1.412589,-1.842216,training_point
09:56:58.444,1,-1.522477,1.498235,-2.148238,training_point
09:56:58.543,2,-3.598727,1.412576,-1.779366,training_point
09:56:58.543,1,-1.523452,1.498132,-2.148633,training_point
09:56:58.643,2,-3.643218,1.412534,-1.725631,training_point
09:56:58.644,1,-1.524298,1.498079,-2.148969,training_point
09:56:58.744,2,-3.685389,1.412467,-1.697646,training_point
09:56:58.744,1,-1.525745,1.498135,-2.149606,training_point
09:56:58.843,2,-3.719633,1.412504,-1.684864,training_point
09:56:58.843,1,-1.526378,1.498188,-2.15023,training_point
09:56:58.944,2,-3.733034,1.412722,-1.683794,training_point
09:56:58.944,1,-1.528296,1.498126,-2.152476,training_point
09:56:59.044,2,-3.810196,1.412841,-1.614638,training_point
09:56:59.044,1,-1.528674,1.49786,-2.153293,training_point
09:56:59.143,2,-3.847759,1.412632,-1.594218,training_point
09:56:59.143,1,-1.529823,1.497373,-2.15429,training_point
09:56:59.244,2,-3.896834,1.412637,-1.575057,training_point
09:56:59.244,1,-1.530909,1.497719,-2.155171,training_point
09:56:59.344,2,-3.933128,1.412635,-1.553045,training_point
09:56:59.344,1,-1.531547,1.497483,-2.156346,training_point
09:56:59.446,2,-3.948175,1.41282,-1.546477,training_point
09:56:59.446,1,-1.532552,1.497579,-2.157128,training_point
09:56:59.544,2,-3.962975,1.412873,-1.539819,training_point
09:56:59.544,1,-1.533342,1.497595,-2.158106,training_point
09:56:59.643,2,-3.972526,1.412907,-1.539828,training_point
09:56:59.643,1,-1.534443,1.49754,-2.159008,training_point
09:56:59.745,2,-3.969246,1.413007,-1.557247,training_point
09:56:59.745,1,-1.535692,1.497273,-2.160704,training_point
09:56:59.844,2,-3.940235,1.413198,-1.611225,training_point
09:56:59.844,1,-1.537619,1.49725,-2.162234,training_point
09:56:59.944,2,-3.914589,1.413326,-1.634048,training_point
09:56:59.944,1,-1.540277,1.497516,-2.164563,training_point
09:57:00.061,2,-3.849332,1.413277,-1.698009,training_point
09:57:00.061,1,-1.544589,1.497572,-2.16832,training_point
09:57:00.159,2,-3.814867,1.413432,-1.743837,training_point
09:57:00.160,1,-1.549355,1.497831,-2.172862,training_point
09:57:00.261,2,-3.78678,1.413432,-1.778062,training_point
09:57:00.261,1,-1.55583,1.497845,-2.17812,training_point
09:57:00.359,2,-3.765694,1.413523,-1.805091,training_point
09:57:00.360,1,-1.561831,1.497854,-2.184609,training_point
09:57:00.461,2,-3.75303,1.41326,-1.826417,training_point
09:57:00.461,1,-1.571893,1.49779,-2.193733,training_point
09:57:00.577,2,-3.748642,1.413499,-1.831571,training_point
09:57:00.578,1,-1.580795,1.497839,-2.201566,training_point
09:57:00.695,2,-3.739501,1.413671,-1.849051,training_point
09:57:00.695,1,-1.595609,1.497738,-2.215923,training_point
09:57:00.793,2,-3.740718,1.413517,-1.852104,training_point
09:57:00.793,1,-1.607163,1.497903,-2.227203,training_point
09:57:00.895,2,-3.74092,1.413459,-1.85829,training_point
09:57:00.896,1,-1.617363,1.498011,-2.236354,training_point
09:57:01.010,2,-3.743107,1.413347,-1.862069,training_point
09:57:01.011,1,-1.624511,1.497894,-2.244788,training_point
09:57:01.110,2,-3.74436,1.412972,-1.863278,training_point
09:57:01.110,1,-1.63045,1.498036,-2.251021,training_point
09:57:01.209,2,-3.745885,1.413037,-1.865002,training_point
09:57:01.210,1,-1.634937,1.498075,-2.25647,training_point
09:57:01.293,2,-3.750818,1.41293,-1.865047,training_point
09:57:01.293,1,-1.636547,1.498011,-2.259455,training_point
09:57:01.394,2,-3.753218,1.412868,-1.865837,training_point
09:57:01.394,1,-1.637423,1.497705,-2.262233,training_point
09:57:01.493,2,-3.753755,1.412684,-1.866395,training_point
09:57:01.493,1,-1.636748,1.4975,-2.263341,training_point
09:57:01.595,2,-3.756395,1.412591,-1.866424,training_point
09:57:01.596,1,-1.635532,1.497298,-2.264232,training_point
09:57:01.694,2,-3.758008,1.413248,-1.867167,training_point
09:57:01.694,1,-1.632525,1.497546,-2.265074,training_point
09:57:01.793,2,-3.758994,1.416598,-1.866232,training_point
09:57:01.793,1,-1.628452,1.497485,-2.26484,training_point
09:57:01.893,2,-3.759535,1.416574,-1.865965,training_point
09:57:01.894,1,-1.62159,1.497293,-2.264399,training_point
09:57:01.994,2,-3.760451,1.419661,-1.865727,training_point
09:57:01.994,1,-1.615106,1.497307,-2.262346,training_point
09:57:02.093,2,-3.761353,1.422486,-1.866704,training_point
09:57:02.093,1,-1.608338,1.497228,-2.260074,training_point
09:57:02.176,2,-3.762693,1.42449,-1.867643,training_point
09:57:02.176,1,-1.602278,1.497416,-2.257461,training_point
09:57:02.278,2,-3.762829,1.424455,-1.868613,training_point
09:57:02.278,1,-1.599414,1.497221,-2.256284,training_point
09:57:02.378,2,-3.760455,1.42099,-1.865677,training_point
09:57:02.379,1,-1.595474,1.497295,-2.25301,training_point
09:57:02.493,2,-3.759079,1.419564,-1.863814,training_point
09:57:02.493,1,-1.587237,1.497408,-2.247909,training_point
09:57:02.593,2,-3.758514,1.416387,-1.86275,training_point
09:57:02.593,1,-1.583014,1.497402,-2.242881,training_point
09:57:02.693,2,-3.759195,1.415865,-1.864207,training_point
09:57:02.693,1,-1.579273,1.497766,-2.238258,training_point
09:57:02.794,2,-3.762131,1.417914,-1.861446,training_point
09:57:02.794,1,-1.576305,1.498531,-2.233744,training_point
09:57:02.893,2,-3.762434,1.417559,-1.861216,training_point
09:57:02.893,1,-1.573294,1.498315,-2.228563,training_point
09:57:02.994,2,-3.762853,1.418739,-1.861208,training_point
09:57:02.994,1,-1.571351,1.498236,-2.223918,training_point
09:57:03.093,2,-3.762337,1.419667,-1.861186,training_point
09:57:03.093,1,-1.569148,1.498769,-2.219466,training_point
09:57:03.193,2,-3.760515,1.41986,-1.86201,training_point
09:57:03.193,1,-1.567311,1.498379,-2.215498,training_point
09:57:03.276,2,-3.760207,1.409503,-1.862196,training_point
09:57:03.276,1,-1.565153,1.498312,-2.211116,training_point
09:57:03.360,2,-3.759131,1.39958,-1.862334,training_point
09:57:03.360,1,-1.563434,1.498032,-2.207585,training_point
09:57:03.460,2,-3.759649,1.410431,-1.862392,training_point
09:57:03.460,1,-1.561302,1.497647,-2.202826,training_point
09:57:03.559,2,-3.758981,1.410995,-1.862605,training_point
09:57:03.560,1,-1.560123,1.497756,-2.200993,training_point
09:57:03.661,2,-3.76675,1.4085,-1.863928,training_point
09:57:03.661,1,-1.557233,1.498362,-2.195458,training_point
09:57:03.760,2,-3.765858,1.418119,-1.866001,training_point
09:57:03.761,1,-1.554922,1.498067,-2.191935,training_point
09:57:03.859,2,-3.764036,1.42398,-1.867071,training_point
09:57:03.860,1,-1.552981,1.498248,-2.189167,training_point
09:57:03.960,2,-3.762774,1.42653,-1.86606,training_point
09:57:03.961,1,-1.551214,1.498091,-2.186805,training_point
09:57:04.061,2,-3.767023,1.426096,-1.868335,training_point
09:57:04.061,1,-1.548357,1.498426,-2.184822,training_point
09:57:04.160,2,-3.763791,1.430564,-1.865901,training_point
09:57:04.160,1,-1.547013,1.498523,-2.183913,training_point
09:57:04.244,2,-3.763347,1.421916,-1.865925,training_point
09:57:04.244,1,-1.545437,1.499328,-2.182827,training_point
09:57:04.343,2,-3.761495,1.420368,-1.865882,training_point
09:57:04.343,1,-1.543865,1.500046,-2.181683,training_point
09:57:04.444,2,-3.762501,1.428291,-1.868473,training_point
09:57:04.444,1,-1.542907,1.500035,-2.180268,training_point
09:57:04.543,2,-3.762734,1.428254,-1.869797,training_point
09:57:04.543,1,-1.541361,1.499199,-2.177624,training_point
09:57:04.626,2,-3.764409,1.427907,-1.869571,training_point
09:57:04.626,1,-1.54073,1.499777,-2.174818,training_point
09:57:04.709,2,-3.764876,1.428284,-1.870197,training_point
09:57:04.710,1,-1.539447,1.498729,-2.173539,training_point
09:57:04.811,2,-3.766239,1.424916,-1.86976,training_point
09:57:04.811,1,-1.538333,1.498607,-2.171088,training_point
09:57:04.912,2,-3.767138,1.423692,-1.869978,training_point
09:57:04.912,1,-1.536539,1.499053,-2.167773,training_point
09:57:05.010,2,-3.767222,1.422618,-1.870035,training_point
09:57:05.010,1,-1.536175,1.498801,-2.16532,training_point
09:57:05.112,2,-3.768121,1.420268,-1.870166,training_point
09:57:05.112,1,-1.534061,1.498877,-2.163184,training_point
09:57:05.210,2,-3.770323,1.416225,-1.871149,training_point
09:57:05.211,1,-1.53252,1.498904,-2.158847,training_point
09:57:05.309,2,-3.770562,1.414477,-1.871189,training_point
09:57:05.310,1,-1.531055,1.499823,-2.156522,training_point
09:57:05.393,2,-3.770463,1.414803,-1.871654,training_point
09:57:05.393,1,-1.529244,1.500726,-2.154918,training_point
09:57:05.493,2,-3.770973,1.413496,-1.871643,training_point
09:57:05.493,1,-1.526092,1.501209,-2.152721,training_point
09:57:05.594,2,-3.770774,1.412451,-1.872097,training_point
09:57:05.594,1,-1.52425,1.501226,-2.151282,training_point
09:57:05.693,2,-3.771788,1.413281,-1.871799,training_point
09:57:05.693,1,-1.520665,1.501816,-2.14976,training_point
09:57:05.776,2,-3.770891,1.413484,-1.871979,training_point
09:57:05.776,1,-1.518921,1.50198,-2.149239,training_point
09:57:05.876,2,-3.770931,1.414029,-1.871903,training_point
09:57:05.876,1,-1.515493,1.502256,-2.148938,training_point
09:57:05.977,2,-3.770328,1.413831,-1.872072,training_point
09:57:05.977,1,-1.51172,1.503473,-2.148023,training_point
09:57:06.076,2,-3.769894,1.414015,-1.872216,training_point
09:57:06.076,1,-1.504822,1.50366,-2.147826,training_point
09:57:06.178,2,-3.770314,1.413698,-1.872423,training_point
09:57:06.178,1,-1.502642,1.50394,-2.147753,training_point
09:57:06.276,2,-3.769939,1.414011,-1.87282,training_point
09:57:06.276,1,-1.498886,1.504544,-2.146987,training_point
09:57:06.377,2,-3.769401,1.414219,-1.873117,training_point
09:57:06.378,1,-1.495724,1.504865,-2.148136,training_point
09:57:06.476,2,-3.771317,1.413661,-1.874552,training_point
09:57:06.476,1,-1.493319,1.504726,-2.149361,training_point
09:57:06.560,2,-3.771866,1.413858,-1.874872,training_point
09:57:06.560,1,-1.493097,1.504553,-2.149367,training_point
09:57:06.660,2,-3.770584,1.413577,-1.874834,training_point
09:57:06.661,1,-1.493033,1.504381,-2.149952,training_point
09:57:06.760,2,-3.769579,1.414208,-1.874829,training_point
09:57:06.761,1,-1.493079,1.504339,-2.150333,training_point
09:57:06.860,2,-3.772053,1.414406,-1.875921,training_point
09:57:06.860,1,-1.494131,1.504446,-2.151694,training_point
09:57:06.960,2,-3.772229,1.413344,-1.87557,training_point
09:57:06.961,1,-1.496229,1.504331,-2.152779,training_point
09:57:07.060,2,-3.772526,1.417056,-1.875473,training_point
09:57:07.060,1,-1.498648,1.503609,-2.153121,training_point
09:57:07.144,2,-3.772567,1.417251,-1.875071,training_point
09:57:07.144,1,-1.501746,1.503179,-2.151636,training_point
09:57:07.243,2,-3.771938,1.417258,-1.874362,training_point
09:57:07.243,1,-1.503869,1.50322,-2.150733,training_point
09:57:07.344,2,-3.771096,1.417336,-1.874462,training_point
09:57:07.345,1,-1.504756,1.502885,-2.150238,training_point
09:57:07.446,2,-3.770776,1.416058,-1.874712,training_point
09:57:07.446,1,-1.504994,1.502088,-2.149458,training_point
09:57:07.544,2,-3.770497,1.415581,-1.87484,training_point
09:57:07.544,1,-1.505363,1.50203,-2.147437,training_point
09:57:07.643,2,-3.770838,1.415992,-1.874862,training_point
09:57:07.644,1,-1.505675,1.502052,-2.146377,training_point
09:57:07.744,2,-3.776511,1.41591,-1.874621,training_point
09:57:07.744,1,-1.50571,1.50222,-2.145555,training_point
09:57:07.843,2,-3.774946,1.415857,-1.874353,training_point
09:57:07.843,1,-1.505965,1.501825,-2.144634,training_point
09:57:07.926,2,-3.774094,1.414015,-1.874617,training_point
09:57:07.926,1,-1.506197,1.502385,-2.14426,training_point
09:57:08.010,2,-3.773976,1.415243,-1.874562,training_point
09:57:08.010,1,-1.506235,1.501452,-2.144325,training_point
09:57:08.110,2,-3.77235,1.415752,-1.875132,training_point
09:57:08.110,1,-1.506705,1.500998,-2.144734,training_point
09:57:08.210,2,-3.772199,1.415319,-1.875266,training_point
09:57:08.211,1,-1.50685,1.500982,-2.144841,training_point
09:57:08.310,2,-3.772945,1.415514,-1.874423,training_point
09:57:08.310,1,-1.506814,1.500222,-2.144859,training_point
09:57:08.393,2,-3.772539,1.416591,-1.874408,training_point
09:57:08.393,1,-1.507042,1.499735,-2.144861,training_point
09:57:08.476,2,-3.771706,1.417036,-1.874545,training_point
09:57:08.476,1,-1.507526,1.499399,-2.144803,training_point
09:57:08.560,2,-3.773581,1.417573,-1.873412,training_point
09:57:08.560,1,-1.507925,1.49906,-2.145118,training_point
09:57:08.643,2,-3.772408,1.418058,-1.873534,training_point
09:57:08.643,1,-1.508466,1.499133,-2.144569,training_point
09:57:08.726,2,-3.772747,1.418344,-1.872947,training_point
09:57:08.726,1,-1.508632,1.498773,-2.144499,training_point
09:57:08.810,2,-3.773417,1.417964,-1.872742,training_point
09:57:08.810,1,-1.508648,1.499334,-2.144435,training_point
09:57:08.893,2,-3.774326,1.41797,-1.872302,training_point
09:57:08.893,1,-1.508821,1.499115,-2.143917,training_point
09:57:08.976,2,-3.773823,1.418521,-1.872208,training_point
09:57:08.976,1,-1.509385,1.499264,-2.143645,training_point
09:57:09.059,2,-3.773378,1.419179,-1.872178,training_point
09:57:09.060,1,-1.509574,1.49907,-2.142974,training_point
09:57:09.143,2,-3.773435,1.419606,-1.871988,training_point
09:57:09.143,1,-1.509404,1.499386,-2.142304,training_point
09:57:09.244,2,-3.772903,1.419916,-1.87201,training_point
09:57:09.244,1,-1.509082,1.499221,-2.141189,training_point
09:57:09.343,2,-3.772379,1.419173,-1.871756,training_point
09:57:09.343,1,-1.509289,1.500112,-2.140115,training_point
09:57:09.426,2,-3.772654,1.418169,-1.871162,training_point
09:57:09.426,1,-1.508955,1.500497,-2.139544,training_point
09:57:09.510,2,-3.773001,1.41711,-1.870382,training_point
09:57:09.510,1,-1.509023,1.500736,-2.139186,training_point
09:57:09.610,2,-3.773007,1.416407,-1.870328,training_point
09:57:09.610,1,-1.508884,1.500831,-2.139198,training_point
09:57:09.711,2,-3.773199,1.415391,-1.869933,training_point
09:57:09.711,1,-1.509117,1.500888,-2.138824,training_point
09:57:09.810,2,-3.773231,1.413499,-1.869698,training_point
09:57:09.810,1,-1.509233,1.499935,-2.138937,training_point
09:57:09.893,2,-3.773306,1.41383,-1.869373,training_point
09:57:09.893,1,-1.509242,1.500042,-2.138964,training_point
09:57:09.994,2,-3.773359,1.413664,-1.868952,training_point
09:57:09.994,1,-1.509495,1.499823,-2.139329,training_point
09:57:10.095,2,-3.773093,1.413849,-1.86898,training_point
09:57:10.095,1,-1.509148,1.499477,-2.139292,training_point
09:57:10.210,2,-3.772439,1.413667,-1.869248,training_point
09:57:10.210,1,-1.508408,1.498963,-2.139714,training_point
09:57:10.360,2,-3.772769,1.414238,-1.868738,training_point
09:57:10.360,1,-1.507393,1.498874,-2.140247,training_point
09:57:10.460,2,-3.772813,1.415368,-1.868861,training_point
09:57:10.460,1,-1.506866,1.499234,-2.14126,training_point
09:57:10.560,2,-3.772028,1.415252,-1.869232,training_point
09:57:10.560,1,-1.506301,1.498976,-2.142169,training_point
09:57:10.643,2,-3.772475,1.414631,-1.868885,training_point
09:57:10.644,1,-1.506099,1.499213,-2.142597,training_point
09:57:10.743,2,-3.77244,1.415053,-1.869347,training_point
09:57:10.744,1,-1.505823,1.499204,-2.142764,training_point
09:57:10.861,2,-3.772242,1.414908,-1.870126,training_point
09:57:10.861,1,-1.505297,1.499737,-2.144409,training_point
09:57:10.961,2,-3.773835,1.414727,-1.870173,training_point
09:57:10.961,1,-1.50561,1.500007,-2.144938,training_point
09:57:11.060,2,-3.77433,1.413911,-1.870507,training_point
09:57:11.060,1,-1.50499,1.499829,-2.145657,training_point
09:57:11.161,2,-3.774716,1.413307,-1.871019,training_point
09:57:11.161,1,-1.504535,1.500005,-2.146823,training_point
09:57:11.260,2,-3.773797,1.412965,-1.871157,training_point
09:57:11.260,1,-1.504343,1.499918,-2.147137,training_point
09:57:11.360,2,-3.772733,1.412937,-1.871901,training_point
09:57:11.360,1,-1.504357,1.500522,-2.147284,training_point
09:57:11.477,2,-3.772951,1.413008,-1.872912,training_point
09:57:11.477,1,-1.504958,1.500143,-2.147726,training_point
09:57:11.576,2,-3.772705,1.414092,-1.872964,training_point
09:57:11.576,1,-1.504431,1.499892,-2.148657,training_point
09:57:11.677,2,-3.772459,1.414381,-1.873307,training_point
09:57:11.677,1,-1.504346,1.499275,-2.150244,training_point
09:57:11.795,2,-3.772831,1.41434,-1.874338,training_point
09:57:11.796,1,-1.504563,1.499345,-2.152232,training_point
09:57:11.893,2,-3.772876,1.414199,-1.874959,training_point
09:57:11.893,1,-1.504946,1.498916,-2.153121,training_point
09:57:11.994,2,-3.773507,1.414755,-1.874681,training_point
09:57:11.994,1,-1.505577,1.498739,-2.153281,training_point
09:57:12.093,2,-3.773718,1.414599,-1.87562,training_point
09:57:12.093,1,-1.506411,1.498448,-2.154004,training_point
09:57:12.176,2,-3.772825,1.414519,-1.876051,training_point
09:57:12.176,1,-1.506836,1.498403,-2.155247,training_point
09:57:12.293,2,-3.772723,1.414336,-1.87627,training_point
09:57:12.293,1,-1.50709,1.49834,-2.155867,training_point
09:57:12.393,2,-3.772728,1.414809,-1.876154,training_point
09:57:12.393,1,-1.506985,1.498169,-2.156295,training_point
09:57:12.493,2,-3.773927,1.41518,-1.875781,training_point
09:57:12.493,1,-1.5073,1.498232,-2.156651,training_point
09:57:12.576,2,-3.772501,1.414642,-1.875935,training_point
09:57:12.576,1,-1.506634,1.498197,-2.156936,training_point
09:57:12.660,2,-3.771832,1.4147,-1.876902,training_point
09:57:12.660,1,-1.506809,1.498272,-2.158171,training_point
09:57:12.761,2,-3.770359,1.415826,-1.878532,training_point
09:57:12.761,1,-1.506532,1.497926,-2.15811,training_point
09:57:12.860,2,-3.769998,1.413781,-1.87842,training_point
09:57:12.860,1,-1.507271,1.498026,-2.157929,training_point
09:57:12.946,2,-3.770484,1.415148,-1.880352,training_point
09:57:12.946,1,-1.50726,1.497893,-2.158141,training_point
09:57:13.044,2,-3.768205,1.414566,-1.882064,training_point
09:57:13.044,1,-1.508924,1.497926,-2.157601,training_point
09:57:13.143,2,-3.767489,1.412959,-1.880629,training_point
09:57:13.143,1,-1.510429,1.498039,-2.157884,training_point
09:57:13.244,2,-3.767641,1.411521,-1.880832,training_point
09:57:13.244,1,-1.511679,1.498089,-2.157925,training_point
09:57:13.344,2,-3.766425,1.411598,-1.88037,training_point
09:57:13.344,1,-1.512705,1.49819,-2.159398,training_point
09:57:13.461,2,-3.767375,1.411026,-1.880436,training_point
09:57:13.461,1,-1.516076,1.498512,-2.160434,training_point
09:57:13.560,2,-3.768639,1.410527,-1.881956,training_point
09:57:13.560,1,-1.518278,1.498809,-2.161032,training_point
09:57:13.660,2,-3.768399,1.410852,-1.883468,training_point
09:57:13.660,1,-1.52043,1.499048,-2.161062,training_point
09:57:13.760,2,-3.764585,1.411131,-1.883314,training_point
09:57:13.760,1,-1.522219,1.499485,-2.161597,training_point
09:57:13.877,2,-3.757559,1.411474,-1.887259,training_point
09:57:13.878,1,-1.525157,1.499628,-2.16119,training_point
09:57:13.976,2,-3.740463,1.41027,-1.900768,training_point
09:57:13.977,1,-1.527658,1.499741,-2.161501,training_point
09:57:14.076,2,-3.720808,1.410597,-1.908767,training_point
09:57:14.076,1,-1.53394,1.49963,-2.162216,training_point
09:57:14.162,2,-3.705087,1.411293,-1.914778,training_point
09:57:14.163,1,-1.537243,1.499991,-2.163803,training_point
09:57:14.260,2,-3.697835,1.411411,-1.918374,training_point
09:57:14.260,1,-1.54246,1.500011,-2.165474,training_point
09:57:14.362,2,-3.683997,1.411543,-1.920214,training_point
09:57:14.362,1,-1.548359,1.499906,-2.16837,training_point
09:57:14.461,2,-3.651869,1.410658,-1.909508,training_point
09:57:14.461,1,-1.556585,1.500333,-2.173109,training_point
09:57:14.561,2,-3.627244,1.410819,-1.904068,training_point
09:57:14.561,1,-1.563941,1.500218,-2.177416,training_point
09:57:14.660,2,-3.599138,1.412433,-1.89732,training_point
09:57:14.660,1,-1.571182,1.499961,-2.181088,training_point
09:57:14.760,2,-3.566359,1.410983,-1.891013,training_point
09:57:14.761,1,-1.584015,1.500164,-2.188798,training_point
09:57:14.860,2,-3.530019,1.411092,-1.882169,training_point
09:57:14.860,1,-1.594868,1.499761,-2.196594,training_point
09:57:14.962,2,-3.479609,1.411677,-1.873022,training_point
09:57:14.962,1,-1.609068,1.499365,-2.207853,training_point
09:57:15.061,2,-3.436396,1.411148,-1.864874,training_point
09:57:15.061,1,-1.621862,1.499374,-2.216745,training_point
09:57:15.161,2,-3.391671,1.411233,-1.855747,training_point
09:57:15.161,1,-1.632626,1.499209,-2.225885,training_point
09:57:15.260,2,-3.363731,1.412161,-1.857062,training_point
09:57:15.262,1,-1.640722,1.497805,-2.234702,training_point
09:57:15.361,2,-3.330817,1.410341,-1.856811,training_point
09:57:15.361,1,-1.645358,1.497829,-2.24173,training_point
09:57:15.460,2,-3.303375,1.409699,-1.86468,training_point
09:57:15.461,1,-1.647465,1.497624,-2.248777,training_point
09:57:15.560,2,-3.275927,1.409563,-1.88524,training_point
09:57:15.560,1,-1.644232,1.497322,-2.25686,training_point
09:57:15.661,2,-3.245327,1.411884,-1.909795,training_point
09:57:15.661,1,-1.633315,1.497392,-2.266169,training_point
09:57:15.760,2,-3.203355,1.413646,-1.940185,training_point
09:57:15.760,1,-1.617854,1.497451,-2.278108,training_point
09:57:15.860,2,-3.167148,1.410709,-1.976399,training_point
09:57:15.860,1,-1.59731,1.497534,-2.292966,training_point
09:57:15.945,2,-3.150433,1.412373,-2.000665,training_point
09:57:15.945,1,-1.585487,1.497767,-2.300848,training_point
09:57:16.044,2,-3.115587,1.413273,-2.041998,training_point
09:57:16.045,1,-1.56815,1.497228,-2.317488,training_point
09:57:16.144,2,-3.097719,1.413021,-2.07747,training_point
09:57:16.144,1,-1.549142,1.49704,-2.333847,training_point
09:57:16.243,2,-3.081464,1.410813,-2.112557,training_point
09:57:16.243,1,-1.536264,1.496976,-2.34681,training_point
09:57:16.345,2,-3.070379,1.410754,-2.143208,training_point
09:57:16.345,1,-1.525742,1.497309,-2.361852,training_point
09:57:16.444,2,-3.059544,1.411129,-2.166882,training_point
09:57:16.444,1,-1.519267,1.497582,-2.372082,training_point
09:57:16.543,2,-3.044894,1.413123,-2.189,training_point
09:57:16.543,1,-1.51499,1.497679,-2.384099,training_point
09:57:16.626,2,-3.040741,1.413173,-2.200322,training_point
09:57:16.626,1,-1.51683,1.497845,-2.388396,training_point
09:57:16.710,2,-3.03771,1.41417,-2.207604,training_point
09:57:16.710,1,-1.519289,1.497785,-2.392415,training_point
09:57:16.812,2,-3.031604,1.411999,-2.221986,training_point
09:57:16.812,1,-1.527138,1.497984,-2.398981,training_point
09:57:16.911,2,-3.026587,1.411654,-2.225747,training_point
09:57:16.911,1,-1.540723,1.497902,-2.405397,training_point
09:57:17.010,2,-3.020282,1.412705,-2.226684,training_point
09:57:17.010,1,-1.5594,1.497666,-2.410651,training_point
09:57:17.110,2,-3.014792,1.419716,-2.217892,training_point
09:57:17.110,1,-1.578269,1.498029,-2.414438,training_point
09:57:17.210,2,-3.009413,1.42013,-2.217739,training_point
09:57:17.210,1,-1.597658,1.498158,-2.416388,training_point
09:57:17.311,2,-3.002039,1.419494,-2.22728,training_point
09:57:17.311,1,-1.615716,1.498242,-2.418054,training_point
09:57:17.412,2,-3.003964,1.420913,-2.243633,training_point
09:57:17.412,1,-1.628357,1.499006,-2.418963,training_point
09:57:17.511,2,-3.007311,1.420712,-2.248681,training_point
09:57:17.511,1,-1.638891,1.499375,-2.420546,training_point
09:57:17.610,2,-3.003837,1.420437,-2.240886,training_point
09:57:17.610,1,-1.646572,1.499752,-2.42046,training_point
09:57:17.693,2,-3.005143,1.420085,-2.242015,training_point
09:57:17.693,1,-1.651445,1.499493,-2.420468,training_point
09:57:17.844,2,-3.00561,1.420204,-2.238502,training_point
09:57:17.844,1,-1.654516,1.500252,-2.420425,training_point
09:57:17.944,2,-3.004642,1.421003,-2.232937,training_point
09:57:17.944,1,-1.655522,1.500693,-2.42138,training_point
09:57:18.043,2,-3.004207,1.422367,-2.226895,training_point
09:57:18.043,1,-1.655897,1.501047,-2.422523,training_point
09:57:18.144,2,-3.011347,1.421297,-2.239985,training_point
09:57:18.146,1,-1.656182,1.500759,-2.423815,training_point
09:57:18.262,2,-3.00707,1.421274,-2.239207,training_point
09:57:18.262,1,-1.655778,1.500952,-2.425091,training_point
09:57:18.361,2,-3.008175,1.421198,-2.247341,training_point
09:57:18.361,1,-1.65557,1.500944,-2.425813,training_point
09:57:18.461,2,-3.007702,1.419194,-2.251506,training_point
09:57:18.461,1,-1.654747,1.501278,-2.426632,training_point
09:57:18.560,2,-3.005533,1.418457,-2.25387,training_point
09:57:18.560,1,-1.654323,1.50112,-2.426624,training_point
09:57:18.661,2,-3.005123,1.416108,-2.254369,training_point
09:57:18.661,1,-1.654189,1.499925,-2.426285,training_point
09:57:18.760,2,-3.005253,1.40548,-2.25626,training_point
09:57:18.760,1,-1.654164,1.499259,-2.42639,training_point
09:57:18.844,2,-3.004638,1.392654,-2.256049,training_point
09:57:18.844,1,-1.654235,1.499007,-2.426326,training_point
09:57:18.944,2,-3.003327,1.383677,-2.255634,training_point
09:57:18.944,1,-1.654692,1.497834,-2.427006,training_point
09:57:19.044,2,-3.002175,1.377412,-2.257314,training_point
09:57:19.044,1,-1.65516,1.497591,-2.427505,training_point
09:57:19.126,2,-2.998591,1.370817,-2.255782,training_point
09:57:19.127,1,-1.656334,1.49737,-2.428392,training_point
09:57:19.210,2,-2.998749,1.371011,-2.257397,training_point
09:57:19.210,1,-1.657354,1.496855,-2.428868,training_point
09:57:19.295,2,-2.998554,1.373725,-2.258794,training_point
09:57:19.296,1,-1.658303,1.497555,-2.429329,training_point
09:57:19.376,2,-2.996508,1.379421,-2.259202,training_point
09:57:19.376,1,-1.659454,1.495755,-2.430023,training_point
09:57:19.460,2,-2.996195,1.387619,-2.259932,training_point
09:57:19.460,1,-1.660679,1.496266,-2.429991,training_point
09:57:19.543,2,-2.993844,1.389257,-2.260129,training_point
09:57:19.543,1,-1.661233,1.497285,-2.430183,training_point
09:57:19.644,2,-2.994191,1.394479,-2.258431,training_point
09:57:19.644,1,-1.662292,1.499228,-2.430497,training_point
09:57:19.744,2,-2.998359,1.394527,-2.256702,training_point
09:57:19.745,1,-1.662983,1.500132,-2.430964,training_point
09:57:19.843,2,-2.998884,1.395532,-2.251811,training_point
09:57:19.844,1,-1.664206,1.501635,-2.431806,training_point
09:57:19.944,2,-2.999004,1.397633,-2.257152,training_point
09:57:19.944,1,-1.665799,1.500726,-2.433094,training_point
09:57:20.044,2,-2.999589,1.39866,-2.257102,training_point
09:57:20.045,1,-1.667255,1.499729,-2.434184,training_point
09:57:20.144,2,-2.997981,1.402088,-2.263742,training_point
09:57:20.144,1,-1.668081,1.501119,-2.434893,training_point
09:57:20.244,2,-2.996888,1.399089,-2.266112,training_point
09:57:20.244,1,-1.668507,1.502669,-2.435875,training_point
09:57:20.326,2,-2.99582,1.397311,-2.265214,training_point
09:57:20.326,1,-1.668846,1.504307,-2.43727,training_point
09:57:20.410,2,-2.995193,1.411782,-2.264627,training_point
09:57:20.410,1,-1.668603,1.505146,-2.437847,training_point
09:57:20.511,2,-2.994638,1.413604,-2.263321,training_point
09:57:20.511,1,-1.66753,1.507262,-2.438318,training_point
09:57:20.610,2,-2.99353,1.415001,-2.258606,training_point
09:57:20.610,1,-1.665176,1.507097,-2.43867,training_point
09:57:20.710,2,-2.993207,1.41604,-2.260854,training_point
09:57:20.711,1,-1.662335,1.509929,-2.438194,training_point
09:57:20.811,2,-2.993953,1.419151,-2.262239,training_point
09:57:20.811,1,-1.658615,1.509707,-2.437655,training_point
09:57:20.910,2,-2.994819,1.419276,-2.262773,training_point
09:57:20.910,1,-1.654082,1.510089,-2.436001,training_point
09:57:21.010,2,-2.993852,1.419882,-2.263421,training_point
09:57:21.011,1,-1.64981,1.510227,-2.436408,training_point
09:57:21.111,2,-2.99357,1.421376,-2.263797,training_point
09:57:21.111,1,-1.646276,1.509996,-2.436319,training_point
09:57:21.210,2,-2.995991,1.421942,-2.26612,training_point
09:57:21.210,1,-1.64213,1.509623,-2.436171,training_point
09:57:21.313,2,-2.997326,1.422628,-2.2675,training_point
09:57:21.313,1,-1.640191,1.509022,-2.437471,training_point
09:57:21.411,2,-2.99854,1.424153,-2.267989,training_point
09:57:21.412,1,-1.637313,1.508528,-2.439044,training_point
09:57:21.527,2,-3.002574,1.424116,-2.26769,training_point
09:57:21.527,1,-1.637228,1.509984,-2.439415,training_point
09:57:21.626,2,-3.003316,1.42543,-2.267454,training_point
09:57:21.627,1,-1.636818,1.512387,-2.439779,training_point
09:57:21.711,2,-3.007225,1.425583,-2.267059,training_point
09:57:21.711,1,-1.636394,1.512851,-2.440493,training_point
09:57:21.810,2,-3.008167,1.425449,-2.26749,training_point
09:57:21.810,1,-1.634173,1.512877,-2.442734,training_point
09:57:21.893,2,-3.008152,1.428044,-2.263462,training_point
09:57:21.893,1,-1.631753,1.513224,-2.445145,training_point
09:57:21.976,2,-3.00604,1.426617,-2.262655,training_point
09:57:21.977,1,-1.630793,1.512972,-2.447279,training_point
09:57:22.060,2,-3.007705,1.427984,-2.262003,training_point
09:57:22.060,1,-1.630525,1.513348,-2.448428,training_point
09:57:22.143,2,-3.008178,1.429048,-2.261743,training_point
09:57:22.143,1,-1.630657,1.513577,-2.450373,training_point
09:57:22.226,2,-3.007313,1.430809,-2.261879,training_point
09:57:22.227,1,-1.630201,1.513521,-2.451021,training_point
09:57:22.310,2,-3.008577,1.428019,-2.262037,training_point
09:57:22.310,1,-1.630079,1.5137,-2.453247,training_point
09:57:22.393,2,-3.009791,1.428744,-2.262846,training_point
09:57:22.393,1,-1.631513,1.513406,-2.452517,training_point
09:57:22.476,2,-3.013289,1.426922,-2.26333,training_point
09:57:22.477,1,-1.632241,1.513434,-2.452629,training_point
09:57:22.560,2,-3.013772,1.425434,-2.264145,training_point
09:57:22.560,1,-1.632237,1.5127,-2.452876,training_point
09:57:22.661,2,-3.015063,1.42478,-2.264094,training_point
09:57:22.661,1,-1.631914,1.512748,-2.452658,training_point
09:57:22.760,2,-3.016033,1.424775,-2.263504,training_point
09:57:22.760,1,-1.632473,1.512782,-2.452417,training_point
09:57:22.893,2,-3.016158,1.424467,-2.264796,training_point
09:57:22.893,1,-1.632325,1.512748,-2.4525,training_point
09:57:22.993,2,-3.014836,1.424501,-2.264321,training_point
09:57:22.995,1,-1.631817,1.512773,-2.451151,training_point
09:57:23.093,2,-3.012931,1.424111,-2.265183,training_point
09:57:23.093,1,-1.631662,1.512133,-2.449673,training_point
09:57:23.176,2,-3.012146,1.422867,-2.265117,training_point
09:57:23.177,1,-1.631594,1.511972,-2.44839,training_point
09:57:23.261,2,-3.010707,1.423314,-2.264603,training_point
09:57:23.262,1,-1.632139,1.512049,-2.446812,training_point
09:57:23.361,2,-3.010552,1.42233,-2.264216,training_point
09:57:23.361,1,-1.632302,1.512061,-2.444599,training_point
09:57:23.461,2,-3.004358,1.42188,-2.261511,training_point
09:57:23.461,1,-1.634051,1.512293,-2.441825,training_point
09:57:23.543,2,-3.007186,1.421554,-2.262609,training_point
09:57:23.543,1,-1.634226,1.512318,-2.438716,training_point
09:57:23.628,2,-3.007538,1.421052,-2.260921,training_point
09:57:23.628,1,-1.635015,1.512551,-2.436322,training_point
09:57:23.710,2,-3.006726,1.420183,-2.260701,training_point
09:57:23.710,1,-1.635505,1.512669,-2.434696,training_point
09:57:23.794,2,-3.005672,1.418907,-2.261189,training_point
09:57:23.794,1,-1.636328,1.512528,-2.432725,training_point
09:57:23.876,2,-3.005075,1.41994,-2.262887,training_point
09:57:23.877,1,-1.636795,1.512426,-2.429909,training_point
09:57:23.960,2,-3.006001,1.421461,-2.263232,training_point
09:57:23.960,1,-1.637106,1.512834,-2.428472,training_point
09:57:24.061,2,-3.007199,1.420527,-2.263923,training_point
09:57:24.061,1,-1.637327,1.512952,-2.42721,training_point
09:57:24.143,2,-3.008779,1.420224,-2.264533,training_point
09:57:24.143,1,-1.637207,1.513233,-2.425168,training_point
09:57:24.227,2,-3.009267,1.417508,-2.26364,training_point
09:57:24.227,1,-1.637174,1.51357,-2.423572,training_point
09:57:24.310,2,-3.00835,1.416668,-2.264255,training_point
09:57:24.310,1,-1.636823,1.514093,-2.421713,training_point
09:57:24.443,2,-3.006062,1.417493,-2.264669,training_point
09:57:24.443,1,-1.635194,1.514701,-2.418935,training_point
09:57:24.528,2,-3.005645,1.417572,-2.264333,training_point
09:57:24.528,1,-1.63365,1.515223,-2.417292,training_point
09:57:24.610,2,-3.00502,1.418107,-2.264243,training_point
09:57:24.610,1,-1.631716,1.516025,-2.415228,training_point
09:57:24.693,2,-3.00487,1.420248,-2.263311,training_point
09:57:24.694,1,-1.630315,1.516934,-2.414329,training_point
09:57:24.776,2,-3.004663,1.419254,-2.261946,training_point
09:57:24.777,1,-1.627671,1.517203,-2.412456,training_point
09:57:24.861,2,-3.004453,1.419392,-2.261871,training_point
09:57:24.861,1,-1.62618,1.516856,-2.410647,training_point
09:57:24.943,2,-3.00566,1.420788,-2.259242,training_point
09:57:24.943,1,-1.624121,1.517235,-2.409873,training_point
09:57:25.026,2,-3.005495,1.420766,-2.260671,training_point
09:57:25.027,1,-1.622753,1.515941,-2.409027,training_point
09:57:25.110,2,-3.005878,1.420453,-2.260389,training_point
09:57:25.110,1,-1.62111,1.516031,-2.407722,training_point
09:57:25.193,2,-3.005909,1.418602,-2.260993,training_point
09:57:25.193,1,-1.620447,1.516868,-2.407146,training_point
09:57:25.276,2,-3.00599,1.417887,-2.259354,training_point
09:57:25.277,1,-1.619917,1.516114,-2.406602,training_point
09:57:25.361,2,-3.006894,1.417379,-2.259981,training_point
09:57:25.362,1,-1.619618,1.516255,-2.406136,training_point
09:57:25.528,2,-3.007461,1.4168,-2.258943,training_point
09:57:25.528,1,-1.619412,1.516059,-2.406081,training_point
09:57:25.661,2,-3.007992,1.416752,-2.260154,training_point
09:57:25.661,1,-1.619195,1.516096,-2.405492,training_point
09:57:25.777,2,-3.008523,1.41744,-2.257063,training_point
09:57:25.777,1,-1.619239,1.51609,-2.405436,training_point
09:57:25.860,2,-3.009498,1.417613,-2.25506,training_point
09:57:25.860,1,-1.618963,1.517661,-2.405315,training_point
09:57:25.943,2,-3.009529,1.418298,-2.256003,training_point
09:57:25.943,1,-1.618691,1.519045,-2.405517,training_point
09:57:26.027,2,-3.010037,1.416974,-2.255964,training_point
09:57:26.027,1,-1.618631,1.519578,-2.405634,training_point
09:57:26.126,2,-3.010906,1.417061,-2.254571,training_point
09:57:26.127,1,-1.618324,1.51995,-2.406133,training_point
09:57:26.210,2,-3.010584,1.417013,-2.254397,training_point
09:57:26.210,1,-1.618286,1.520116,-2.406138,training_point
09:57:26.293,2,-3.012642,1.417143,-2.252383,training_point
09:57:26.293,1,-1.618093,1.520378,-2.406573,training_point
09:57:26.377,2,-3.013483,1.41731,-2.251111,training_point
09:57:26.377,1,-1.618095,1.519937,-2.406585,training_point
09:57:26.460,2,-3.017259,1.417424,-2.250824,training_point
09:57:26.460,1,-1.618026,1.519603,-2.406574,training_point
09:57:26.543,2,-3.018169,1.417748,-2.250751,training_point
09:57:26.543,1,-1.617925,1.519121,-2.406634,training_point
09:57:26.626,2,-3.018294,1.417304,-2.248888,training_point
09:57:26.627,1,-1.617855,1.518459,-2.406941,training_point
09:57:26.711,2,-3.018247,1.417804,-2.24771,training_point
09:57:26.711,1,-1.617817,1.518405,-2.406985,training_point
09:57:26.810,2,-3.018972,1.418055,-2.247381,training_point
09:57:26.810,1,-1.617813,1.517676,-2.407107,training_point
09:57:26.893,2,-3.019163,1.417639,-2.246486,training_point
09:57:26.893,1,-1.617887,1.517765,-2.407435,training_point
09:57:26.976,2,-3.019444,1.417243,-2.246015,training_point
09:57:26.977,1,-1.617871,1.51785,-2.407495,training_point
09:57:27.110,2,-3.020274,1.416689,-2.246743,training_point
09:57:27.110,1,-1.618323,1.51774,-2.407612,training_point
09:57:27.193,2,-3.020673,1.416701,-2.246963,training_point
09:57:27.193,1,-1.618419,1.516914,-2.407757,training_point
09:57:27.277,2,-3.021301,1.415788,-2.247182,training_point
09:57:27.277,1,-1.618617,1.516337,-2.407687,training_point
09:57:27.360,2,-3.021945,1.415784,-2.247697,training_point
09:57:27.360,1,-1.618695,1.516267,-2.407776,training_point
09:57:27.461,2,-3.022396,1.414964,-2.247695,training_point
09:57:27.461,1,-1.61879,1.516334,-2.40763,training_point
09:57:27.560,2,-3.022365,1.415495,-2.247804,training_point
09:57:27.560,1,-1.618979,1.516499,-2.407704,training_point
09:57:27.661,2,-3.0225,1.416669,-2.247635,training_point
09:57:27.661,1,-1.619114,1.516826,-2.407444,training_point
09:57:27.743,2,-3.022123,1.416101,-2.247181,training_point
09:57:27.743,1,-1.619368,1.51602,-2.407369,training_point
09:57:27.827,2,-3.02191,1.415685,-2.24763,training_point
09:57:27.828,1,-1.619527,1.516211,-2.407537,training_point
09:57:27.910,2,-3.021059,1.414791,-2.246455,training_point
09:57:27.910,1,-1.619581,1.516675,-2.407343,training_point
09:57:27.993,2,-3.021251,1.415327,-2.246773,training_point
09:57:27.993,1,-1.619837,1.516308,-2.407327,training_point
09:57:28.076,2,-3.021492,1.41534,-2.246403,training_point
09:57:28.077,1,-1.620263,1.515928,-2.406938,training_point
09:57:28.160,2,-3.02103,1.416087,-2.246155,training_point
09:57:28.160,1,-1.620468,1.515892,-2.406811,training_point
09:57:28.261,2,-3.021319,1.416606,-2.245887,training_point
09:57:28.261,1,-1.621251,1.514965,-2.406364,training_point
09:57:28.360,2,-3.021619,1.415799,-2.246071,training_point
09:57:28.360,1,-1.623222,1.515231,-2.406143,training_point
09:57:28.461,2,-3.022024,1.414623,-2.246384,training_point
09:57:28.461,1,-1.624577,1.515524,-2.406095,training_point
09:57:28.560,2,-3.023317,1.414821,-2.248136,training_point
09:57:28.560,1,-1.626129,1.515691,-2.40623,training_point
09:57:28.661,2,-3.023505,1.414294,-2.248319,training_point
09:57:28.661,1,-1.627951,1.515982,-2.406167,training_point
09:57:28.761,2,-3.02412,1.413706,-2.248255,training_point
09:57:28.762,1,-1.630302,1.51573,-2.406135,training_point
09:57:28.861,2,-3.024748,1.413396,-2.248471,training_point
09:57:28.861,1,-1.634412,1.515776,-2.406782,training_point
09:57:28.960,2,-3.02498,1.413053,-2.248617,training_point
09:57:28.960,1,-1.639499,1.51617,-2.407541,training_point
09:57:29.043,2,-3.025005,1.413965,-2.248864,training_point
09:57:29.043,1,-1.642588,1.515702,-2.407329,training_point
09:57:29.127,2,-3.025677,1.413227,-2.248991,training_point
09:57:29.127,1,-1.648153,1.515471,-2.408753,training_point
09:57:29.210,2,-3.0259,1.413269,-2.248198,training_point
09:57:29.210,1,-1.652126,1.515392,-2.410186,training_point
09:57:29.293,2,-3.025801,1.413129,-2.247062,training_point
09:57:29.293,1,-1.660149,1.515293,-2.411817,training_point
09:57:29.377,2,-3.026149,1.413668,-2.246909,training_point
09:57:29.378,1,-1.663379,1.515136,-2.412681,training_point
09:57:29.476,2,-3.026268,1.41406,-2.245849,training_point
09:57:29.477,1,-1.674278,1.515056,-2.416217,training_point
09:57:29.560,2,-3.027205,1.414851,-2.245414,training_point
09:57:29.560,1,-1.680203,1.514932,-2.418042,training_point
09:57:29.660,2,-3.027186,1.414899,-2.245534,training_point
09:57:29.660,1,-1.689057,1.514923,-2.42136,training_point
09:57:29.744,2,-3.027067,1.416362,-2.245647,training_point
09:57:29.745,1,-1.695191,1.514821,-2.423308,training_point
09:57:29.844,2,-3.026758,1.417248,-2.245228,training_point
09:57:29.845,1,-1.703844,1.514741,-2.426926,training_point
09:57:29.944,2,-3.026931,1.416685,-2.245555,training_point
09:57:29.945,1,-1.711571,1.514934,-2.430122,training_point
09:57:30.044,2,-3.02561,1.417165,-2.244986,training_point
09:57:30.044,1,-1.722351,1.514911,-2.43447,training_point
09:57:30.145,2,-3.02385,1.417914,-2.244053,training_point
09:57:30.145,1,-1.731815,1.514791,-2.438999,training_point
09:57:30.243,2,-3.022008,1.418092,-2.243619,training_point
09:57:30.243,1,-1.74186,1.514825,-2.444551,training_point
09:57:30.326,2,-3.021212,1.419047,-2.24372,training_point
09:57:30.327,1,-1.745606,1.514868,-2.446903,training_point
09:57:30.411,2,-3.020955,1.419293,-2.243446,training_point
09:57:30.411,1,-1.750124,1.514919,-2.450562,training_point
09:57:30.510,2,-3.019627,1.420299,-2.243,training_point
09:57:30.510,1,-1.75443,1.514934,-2.453737,training_point
09:57:30.610,2,-3.019127,1.420467,-2.242895,training_point
09:57:30.610,1,-1.757316,1.515045,-2.457251,training_point
09:57:30.710,2,-3.017421,1.420945,-2.241481,training_point
09:57:30.710,1,-1.757343,1.515114,-2.458936,training_point
09:57:30.811,2,-3.017753,1.421365,-2.241633,training_point
09:57:30.811,1,-1.757117,1.515206,-2.460119,training_point
09:57:30.911,2,-3.017695,1.421566,-2.241407,training_point
09:57:30.912,1,-1.756511,1.515112,-2.461959,training_point
09:57:31.011,2,-3.01783,1.421764,-2.241524,training_point
09:57:31.011,1,-1.75484,1.515213,-2.462987,training_point
09:57:31.110,2,-3.017954,1.422205,-2.240541,training_point
09:57:31.110,1,-1.753806,1.515235,-2.463706,training_point
09:57:31.193,2,-3.01786,1.422243,-2.240024,training_point
09:57:31.193,1,-1.752451,1.515229,-2.463535,training_point
09:57:31.277,2,-3.018129,1.422407,-2.239883,training_point
09:57:31.277,1,-1.751795,1.515247,-2.463565,training_point
09:57:31.377,2,-3.019804,1.422728,-2.239903,training_point
09:57:31.377,1,-1.751253,1.515258,-2.463654,training_point
09:57:31.494,2,-3.023033,1.423181,-2.241606,training_point
09:57:31.495,1,-1.750303,1.515286,-2.463325,training_point
09:57:31.593,2,-3.023378,1.423188,-2.241915,training_point
09:57:31.593,1,-1.749745,1.515222,-2.463129,training_point
09:57:31.677,2,-3.024298,1.423241,-2.242495,training_point
09:57:31.677,1,-1.749383,1.515182,-2.462751,training_point
09:57:31.761,2,-3.024942,1.42324,-2.242335,training_point
09:57:31.761,1,-1.748954,1.5151,-2.461948,training_point
09:57:31.861,2,-3.026231,1.423504,-2.242932,training_point
09:57:31.861,1,-1.748719,1.51522,-2.460972,training_point
09:57:31.943,2,-3.02754,1.423505,-2.243437,training_point
09:57:31.943,1,-1.748685,1.515174,-2.460391,training_point
09:57:32.027,2,-3.028034,1.423449,-2.243853,training_point
09:57:32.027,1,-1.749032,1.515176,-2.460384,training_point
09:57:32.127,2,-3.028701,1.423347,-2.243363,training_point
09:57:32.128,1,-1.749377,1.515153,-2.460193,training_point
09:57:32.227,2,-3.032847,1.423284,-2.240716,training_point
09:57:32.227,1,-1.749967,1.515174,-2.459775,training_point
09:57:32.327,2,-3.039749,1.422983,-2.234098,training_point
09:57:32.327,1,-1.750757,1.515231,-2.459156,training_point
09:57:32.427,2,-3.048262,1.422947,-2.219334,training_point
09:57:32.427,1,-1.751752,1.515126,-2.458046,training_point
09:57:32.527,2,-3.055979,1.423072,-2.207687,training_point
09:57:32.527,1,-1.753189,1.515169,-2.457274,training_point
09:57:32.611,2,-3.068457,1.423425,-2.185489,training_point
09:57:32.611,1,-1.75367,1.515153,-2.457091,training_point
09:57:32.710,2,-3.088194,1.423182,-2.157121,training_point
09:57:32.710,1,-1.755391,1.514962,-2.457155,training_point
09:57:32.810,2,-3.114981,1.423213,-2.105307,training_point
09:57:32.810,1,-1.757242,1.515149,-2.456654,training_point
09:57:32.893,2,-3.124313,1.423362,-2.086463,training_point
09:57:32.893,1,-1.758295,1.515152,-2.456493,training_point
09:57:32.977,2,-3.13726,1.423284,-2.061836,training_point
09:57:32.978,1,-1.759964,1.515545,-2.455828,training_point
09:57:33.077,2,-3.156774,1.423356,-2.032334,training_point
09:57:33.078,1,-1.761835,1.515674,-2.455373,training_point
09:57:33.177,2,-3.184706,1.423415,-1.987417,training_point
09:57:33.177,1,-1.763684,1.516001,-2.455101,training_point
09:57:33.261,2,-3.192387,1.423656,-1.969382,training_point
09:57:33.261,1,-1.764007,1.515708,-2.454935,training_point
09:57:33.361,2,-3.215956,1.423799,-1.932587,training_point
09:57:33.361,1,-1.764705,1.516095,-2.454319,training_point
09:57:33.460,2,-3.230877,1.423747,-1.923863,training_point
09:57:33.460,1,-1.765105,1.51599,-2.45403,training_point
09:57:33.544,2,-3.234178,1.423784,-1.910182,training_point
09:57:33.544,1,-1.766246,1.516283,-2.452702,training_point
09:57:33.644,2,-3.241839,1.423686,-1.896272,training_point
09:57:33.644,1,-1.767289,1.516515,-2.451469,training_point
09:57:33.761,2,-3.244419,1.423371,-1.88588,training_point
09:57:33.761,1,-1.768133,1.515867,-2.449198,training_point
09:57:33.860,2,-3.243767,1.423153,-1.88034,training_point
09:57:33.860,1,-1.768692,1.515922,-2.447207,training_point
09:57:33.961,2,-3.247189,1.423092,-1.872662,training_point
09:57:33.961,1,-1.768898,1.515739,-2.44616,training_point
09:57:34.060,2,-3.248644,1.422845,-1.871544,training_point
09:57:34.060,1,-1.768602,1.516309,-2.445322,training_point
09:57:34.160,2,-3.248511,1.422821,-1.872215,training_point
09:57:34.160,1,-1.768264,1.516021,-2.444131,training_point
09:57:34.261,2,-3.247189,1.422887,-1.874085,training_point
09:57:34.261,1,-1.767545,1.516287,-2.442963,training_point
09:57:34.361,2,-3.249133,1.422698,-1.87431,training_point
09:57:34.361,1,-1.76662,1.515578,-2.44208,training_point
09:57:34.460,2,-3.249551,1.423167,-1.875586,training_point
09:57:34.460,1,-1.765852,1.515159,-2.441867,training_point
09:57:34.543,2,-3.249079,1.42259,-1.875667,training_point
09:57:34.543,1,-1.764859,1.515178,-2.441765,training_point
09:57:34.627,2,-3.250359,1.422955,-1.875359,training_point
09:57:34.627,1,-1.7647,1.514934,-2.441953,training_point
09:57:34.710,2,-3.249873,1.423105,-1.875981,training_point
09:57:34.710,1,-1.76361,1.515669,-2.442305,training_point
09:57:34.793,2,-3.250453,1.423045,-1.876259,training_point
09:57:34.793,1,-1.76263,1.514998,-2.442629,training_point
09:57:34.877,2,-3.251654,1.422849,-1.876206,training_point
09:57:34.877,1,-1.76161,1.515641,-2.443303,training_point
09:57:34.977,2,-3.249926,1.423032,-1.878276,training_point
09:57:34.978,1,-1.760367,1.515718,-2.443938,training_point
09:57:35.078,2,-3.250246,1.422624,-1.878712,training_point
09:57:35.078,1,-1.759365,1.515484,-2.444746,training_point
09:57:35.178,2,-3.249643,1.422579,-1.879279,training_point
09:57:35.179,1,-1.758922,1.515002,-2.445459,training_point
09:57:35.277,2,-3.250089,1.422691,-1.88103,training_point
09:57:35.277,1,-1.758678,1.51507,-2.44676,training_point
09:57:35.377,2,-3.249997,1.422439,-1.8803,training_point
09:57:35.377,1,-1.758499,1.515432,-2.44725,training_point
09:57:35.461,2,-3.248357,1.422516,-1.878769,training_point
09:57:35.461,1,-1.75844,1.51558,-2.448269,training_point
09:57:35.561,2,-3.247094,1.422871,-1.878454,training_point
09:57:35.561,1,-1.758547,1.515749,-2.448942,training_point
09:57:35.661,2,-3.246329,1.422541,-1.878605,training_point
09:57:35.661,1,-1.758414,1.515743,-2.449575,training_point
09:57:35.763,2,-3.24643,1.422349,-1.879284,training_point
09:57:35.763,1,-1.758514,1.5155,-2.450628,training_point
09:57:35.860,2,-3.245114,1.422563,-1.878158,training_point
09:57:35.861,1,-1.75827,1.515462,-2.451663,training_point
09:57:35.960,2,-3.24546,1.422938,-1.878082,training_point
09:57:35.960,1,-1.758025,1.515669,-2.452056,training_point
09:57:36.061,2,-3.244595,1.422943,-1.879313,training_point
09:57:36.061,1,-1.757692,1.515653,-2.452242,training_point
09:57:36.160,2,-3.244601,1.423291,-1.879048,training_point
09:57:36.160,1,-1.757573,1.515632,-2.452269,training_point
09:57:36.244,2,-3.244514,1.422914,-1.880304,training_point
09:57:36.244,1,-1.757386,1.51536,-2.45243,training_point
09:57:36.343,2,-3.242754,1.423016,-1.882241,training_point
09:57:36.344,1,-1.757053,1.51521,-2.452461,training_point
09:57:36.443,2,-3.241018,1.424685,-1.882885,training_point
09:57:36.443,1,-1.756258,1.514798,-2.45226,training_point
09:57:36.527,2,-3.239677,1.425546,-1.882507,training_point
09:57:36.527,1,-1.756263,1.514693,-2.452143,training_point
09:57:36.627,2,-3.23714,1.429199,-1.884558,training_point
09:57:36.627,1,-1.755511,1.514767,-2.451539,training_point
09:57:36.728,2,-3.236166,1.430639,-1.885295,training_point
09:57:36.728,1,-1.755971,1.514416,-2.451284,training_point
09:57:36.827,2,-3.236637,1.432325,-1.885428,training_point
09:57:36.828,1,-1.757133,1.514434,-2.45082,training_point
09:57:36.928,2,-3.236376,1.431472,-1.885872,training_point
09:57:36.928,1,-1.761806,1.514199,-2.450812,training_point
09:57:37.027,2,-3.236731,1.430288,-1.885472,training_point
09:57:37.027,1,-1.768902,1.514024,-2.450681,training_point
09:57:37.127,2,-3.237005,1.430505,-1.88535,training_point
09:57:37.127,1,-1.776335,1.51399,-2.450267,training_point
09:57:37.227,2,-3.238057,1.430748,-1.885223,training_point
09:57:37.228,1,-1.784101,1.513893,-2.449769,training_point
09:57:37.327,2,-3.236942,1.429208,-1.88669,training_point
09:57:37.327,1,-1.789701,1.513793,-2.449182,training_point
09:57:37.410,2,-3.23714,1.421391,-1.886503,training_point
09:57:37.410,1,-1.794339,1.513831,-2.447446,training_point
09:57:37.510,2,-3.237298,1.417777,-1.886616,training_point
09:57:37.510,1,-1.798421,1.513685,-2.443539,training_point
09:57:37.610,2,-3.237763,1.413602,-1.885848,training_point
09:57:37.610,1,-1.799337,1.513583,-2.430148,training_point
09:57:37.693,2,-3.237661,1.412859,-1.885941,training_point
09:57:37.693,1,-1.798437,1.513291,-2.420242,training_point
09:57:37.795,2,-3.237049,1.412094,-1.886048,training_point
09:57:37.796,1,-1.789266,1.512876,-2.404945,training_point
09:57:37.893,2,-3.236728,1.412505,-1.886088,training_point
09:57:37.894,1,-1.781991,1.512824,-2.388883,training_point
09:57:37.977,2,-3.236271,1.410836,-1.887004,training_point
09:57:37.977,1,-1.774606,1.512355,-2.375028,training_point
09:57:38.060,2,-3.236993,1.410269,-1.887335,training_point
09:57:38.060,1,-1.770454,1.512754,-2.367011,training_point
09:57:38.144,2,-3.237005,1.410408,-1.887362,training_point
09:57:38.144,1,-1.767041,1.512485,-2.359855,training_point
09:57:38.260,2,-3.237738,1.413255,-1.887843,training_point
09:57:38.260,1,-1.753969,1.512336,-2.343436,training_point
09:57:38.344,2,-3.237261,1.413351,-1.887591,training_point
09:57:38.344,1,-1.745547,1.512134,-2.336012,training_point
09:57:38.444,2,-3.237058,1.41574,-1.88789,training_point
09:57:38.444,1,-1.740575,1.512169,-2.331883,training_point
09:57:38.543,2,-3.238103,1.41726,-1.888006,training_point
09:57:38.543,1,-1.73396,1.512147,-2.323292,training_point
09:57:38.627,2,-3.238317,1.41633,-1.888149,training_point
09:57:38.627,1,-1.732006,1.512117,-2.319913,training_point
09:57:38.727,2,-3.23966,1.418048,-1.887019,training_point
09:57:38.727,1,-1.732211,1.512189,-2.316484,training_point
09:57:38.827,2,-3.239943,1.419265,-1.88741,training_point
09:57:38.827,1,-1.739052,1.512152,-2.31492,training_point
09:57:38.927,2,-3.239751,1.419388,-1.888214,training_point
09:57:38.927,1,-1.749182,1.512056,-2.310039,training_point
09:57:39.027,2,-3.240019,1.419358,-1.888059,training_point
09:57:39.027,1,-1.761135,1.512106,-2.305193,training_point
09:57:39.128,2,-3.238222,1.42074,-1.89042,training_point
09:57:39.128,1,-1.769469,1.512322,-2.303835,training_point
09:57:39.227,2,-3.238441,1.416435,-1.891377,training_point
09:57:39.227,1,-1.785212,1.51267,-2.302076,training_point
09:57:39.327,2,-3.236367,1.414085,-1.90072,training_point
09:57:39.327,1,-1.796443,1.512709,-2.300749,training_point
09:57:39.410,2,-3.225343,1.412063,-1.920995,training_point
09:57:39.410,1,-1.80206,1.512869,-2.300332,training_point
09:57:39.510,2,-3.214787,1.407332,-1.929647,training_point
09:57:39.510,1,-1.807339,1.512777,-2.298192,training_point
09:57:39.610,2,-3.189057,1.409929,-1.951266,training_point
09:57:39.610,1,-1.81355,1.512975,-2.29574,training_point
09:57:39.693,2,-3.173596,1.421196,-1.970404,training_point
09:57:39.693,1,-1.814985,1.513249,-2.29464,training_point
09:57:39.777,2,-3.164614,1.422807,-1.980759,training_point
09:57:39.777,1,-1.817723,1.513044,-2.293238,training_point
09:57:39.860,2,-3.143601,1.425607,-2.004223,training_point
09:57:39.860,1,-1.818888,1.51303,-2.292554,training_point
09:57:39.961,2,-3.123395,1.427594,-2.024599,training_point
09:57:39.961,1,-1.820067,1.512803,-2.291836,training_point
09:57:40.060,2,-3.099144,1.419184,-2.046834,training_point
09:57:40.060,1,-1.821297,1.512835,-2.291584,training_point
09:57:40.161,2,-3.084138,1.417483,-2.063963,training_point
09:57:40.161,1,-1.822186,1.512838,-2.29144,training_point
09:57:40.260,2,-3.073963,1.413816,-2.075134,training_point
09:57:40.260,1,-1.822616,1.513024,-2.29234,training_point
09:57:40.361,2,-3.058307,1.412618,-2.093675,training_point
09:57:40.361,1,-1.822518,1.513135,-2.293171,training_point
09:57:40.460,2,-3.052213,1.410669,-2.105205,training_point
09:57:40.460,1,-1.822584,1.51314,-2.293522,training_point
09:57:40.561,2,-3.045351,1.409414,-2.11647,training_point
09:57:40.561,1,-1.822713,1.51292,-2.294335,training_point
09:57:40.660,2,-3.037938,1.408912,-2.129948,training_point
09:57:40.660,1,-1.82281,1.512936,-2.296173,training_point
09:57:40.761,2,-3.02999,1.408289,-2.139802,training_point
09:57:40.761,1,-1.82317,1.512943,-2.297789,training_point
09:57:40.861,2,-3.022333,1.407401,-2.147261,training_point
09:57:40.861,1,-1.823023,1.513578,-2.300267,training_point
09:57:40.960,2,-3.018257,1.407382,-2.152419,training_point
09:57:40.960,1,-1.822601,1.513617,-2.30259,training_point
09:57:41.061,2,-3.015633,1.408201,-2.156366,training_point
09:57:41.062,1,-1.823073,1.513981,-2.303669,training_point
09:57:41.160,2,-3.012539,1.407947,-2.159767,training_point
09:57:41.160,1,-1.823362,1.514599,-2.305319,training_point
09:57:41.246,2,-3.010726,1.40776,-2.160415,training_point
09:57:41.246,1,-1.82357,1.514044,-2.305714,training_point
09:57:41.343,2,-3.009314,1.407829,-2.162668,training_point
09:57:41.343,1,-1.823603,1.512517,-2.307156,training_point
09:57:41.427,2,-3.008811,1.408119,-2.162811,training_point
09:57:41.427,1,-1.824198,1.512654,-2.30744,training_point
09:57:41.527,2,-3.008267,1.407435,-2.163553,training_point
09:57:41.528,1,-1.824639,1.51195,-2.309515,training_point
09:57:41.627,2,-3.009427,1.407547,-2.165652,training_point
09:57:41.628,1,-1.825445,1.512962,-2.310219,training_point
09:57:41.727,2,-3.009687,1.407586,-2.167041,training_point
09:57:41.727,1,-1.826183,1.514227,-2.311469,training_point
09:57:41.828,2,-3.012382,1.407332,-2.170122,training_point
09:57:41.828,1,-1.826839,1.514548,-2.3123,training_point
09:57:41.927,2,-3.014005,1.407456,-2.170011,training_point
09:57:41.927,1,-1.826965,1.515889,-2.312787,training_point
09:57:42.027,2,-3.01589,1.40761,-2.170891,training_point
09:57:42.027,1,-1.82707,1.516542,-2.313071,training_point
09:57:42.128,2,-3.017194,1.407784,-2.171167,training_point
09:57:42.128,1,-1.827305,1.518887,-2.313169,training_point
09:57:42.227,2,-3.017655,1.407716,-2.171999,training_point
09:57:42.227,1,-1.827629,1.519077,-2.313283,training_point
09:57:42.328,2,-3.01886,1.407741,-2.171936,training_point
09:57:42.328,1,-1.828081,1.519077,-2.313076,training_point
09:57:42.461,2,-3.019841,1.407718,-2.171077,training_point
09:57:42.461,1,-1.828019,1.519981,-2.31302,training_point
09:57:42.560,2,-3.021684,1.40758,-2.172379,training_point
09:57:42.560,1,-1.827931,1.52096,-2.312858,training_point
09:57:42.661,2,-3.021643,1.407465,-2.171174,training_point
09:57:42.661,1,-1.82821,1.519383,-2.312449,training_point
09:57:42.760,2,-3.022437,1.407814,-2.171284,training_point
09:57:42.760,1,-1.828339,1.515683,-2.312299,training_point
09:57:42.861,2,-3.023223,1.405049,-2.17117,training_point
09:57:42.861,1,-1.828309,1.512088,-2.312209,training_point
09:57:42.960,2,-3.025383,1.404712,-2.172165,training_point
09:57:42.960,1,-1.828215,1.511482,-2.312064,training_point
09:57:43.061,2,-3.02535,1.402999,-2.172205,training_point
09:57:43.061,1,-1.828116,1.509819,-2.311884,training_point
09:57:43.160,2,-3.026103,1.402086,-2.172346,training_point
09:57:43.160,1,-1.828102,1.507899,-2.311835,training_point
09:57:43.261,2,-3.026015,1.402036,-2.171949,training_point
09:57:43.261,1,-1.828072,1.50923,-2.311783,training_point
09:57:43.360,2,-3.026214,1.401896,-2.171564,training_point
09:57:43.360,1,-1.827961,1.511597,-2.311762,training_point
09:57:43.461,2,-3.025721,1.406393,-2.170989,training_point
09:57:43.461,1,-1.828087,1.513484,-2.312276,training_point
09:57:43.562,2,-3.025058,1.404934,-2.170359,training_point
09:57:43.562,1,-1.82817,1.514847,-2.312409,training_point
09:57:43.660,2,-3.024205,1.402869,-2.169336,training_point
09:57:43.660,1,-1.82825,1.515443,-2.312575,training_point
09:57:43.743,2,-3.023315,1.412457,-2.167638,training_point
09:57:43.743,1,-1.828243,1.516397,-2.312596,training_point
09:57:43.828,2,-3.022885,1.413837,-2.167026,training_point
09:57:43.828,1,-1.828424,1.517612,-2.312492,training_point
09:57:43.927,2,-3.022141,1.422338,-2.165433,training_point
09:57:43.927,1,-1.828451,1.51806,-2.312683,training_point
09:57:44.028,2,-3.0209,1.424666,-2.163885,training_point
09:57:44.028,1,-1.828529,1.518321,-2.312911,training_point
09:57:44.110,2,-3.020203,1.424053,-2.163204,training_point
09:57:44.110,1,-1.828436,1.518209,-2.313024,training_point
09:57:44.261,2,-3.018174,1.424227,-2.161221,training_point
09:57:44.262,1,-1.8275,1.517808,-2.313666,training_point
09:57:44.362,2,-3.017667,1.423313,-2.160085,training_point
09:57:44.362,1,-1.827554,1.517452,-2.313828,training_point
09:57:44.461,2,-3.016983,1.424792,-2.159394,training_point
09:57:44.462,1,-1.827455,1.517029,-2.313947,training_point
09:57:44.560,2,-3.016733,1.425251,-2.158955,training_point
09:57:44.560,1,-1.827697,1.516295,-2.314229,training_point
09:57:44.660,2,-3.01618,1.425653,-2.159035,training_point
09:57:44.660,1,-1.827765,1.51481,-2.314506,training_point
09:57:44.761,2,-3.016189,1.424179,-2.158738,training_point
09:57:44.762,1,-1.82795,1.513901,-2.314831,training_point
09:57:44.860,2,-3.016602,1.42188,-2.158734,training_point
09:57:44.860,1,-1.827895,1.513588,-2.315026,training_point
09:57:44.943,2,-3.016034,1.420104,-2.158189,training_point
09:57:44.944,1,-1.827965,1.513206,-2.315044,training_point
09:57:45.045,2,-3.016767,1.420076,-2.158418,training_point
09:57:45.045,1,-1.827969,1.512093,-2.315638,training_point
09:57:45.144,2,-3.017175,1.419275,-2.15852,training_point
09:57:45.145,1,-1.827985,1.511599,-2.316236,training_point
09:57:45.227,2,-3.017714,1.41839,-2.159212,training_point
09:57:45.227,1,-1.828092,1.511144,-2.316299,training_point
09:57:45.310,2,-3.018417,1.418286,-2.161287,training_point
09:57:45.310,1,-1.828003,1.510536,-2.31665,training_point
09:57:45.411,2,-3.018719,1.417242,-2.162213,training_point
09:57:45.412,1,-1.828061,1.510575,-2.317326,training_point
09:57:45.510,2,-3.019759,1.416856,-2.162796,training_point
09:57:45.511,1,-1.827942,1.510596,-2.317418,training_point
09:57:45.610,2,-3.020104,1.416414,-2.163482,training_point
09:57:45.610,1,-1.828221,1.51066,-2.317423,training_point
09:57:45.711,2,-3.021342,1.416297,-2.163952,training_point
09:57:45.711,1,-1.829187,1.510485,-2.316906,training_point
09:57:45.811,2,-3.022623,1.416025,-2.16385,training_point
09:57:45.812,1,-1.82996,1.510869,-2.316711,training_point
09:57:45.910,2,-3.023301,1.416126,-2.163794,training_point
09:57:45.910,1,-1.830485,1.510155,-2.316373,training_point
09:57:46.011,2,-3.024519,1.415332,-2.163534,training_point
09:57:46.011,1,-1.831466,1.509975,-2.316282,training_point
09:57:46.111,2,-3.025771,1.414971,-2.163114,training_point
09:57:46.111,1,-1.832117,1.510067,-2.316124,training_point
09:57:46.211,2,-3.02585,1.414886,-2.163174,training_point
09:57:46.211,1,-1.832319,1.510132,-2.316194,training_point
09:57:46.311,2,-3.025774,1.414754,-2.162995,training_point
09:57:46.311,1,-1.832932,1.509935,-2.316098,training_point
09:57:46.411,2,-3.025522,1.414532,-2.162933,training_point
09:57:46.411,1,-1.833105,1.509887,-2.316327,training_point
09:57:46.510,2,-3.025343,1.41477,-2.163094,training_point
09:57:46.510,1,-1.833146,1.510096,-2.31627,training_point
09:57:46.594,2,-3.024945,1.414785,-2.163204,training_point
09:57:46.594,1,-1.83275,1.510221,-2.316914,training_point
09:57:46.677,2,-3.024747,1.414692,-2.163149,training_point
09:57:46.677,1,-1.83289,1.510237,-2.31693,training_point
09:57:46.760,2,-3.024538,1.414939,-2.163671,training_point
09:57:46.760,1,-1.832856,1.510199,-2.317278,training_point
09:57:46.910,2,-3.023903,1.414706,-2.16403,training_point
09:57:46.910,1,-1.832652,1.510204,-2.31752,training_point
09:57:47.063,2,-3.020609,1.415109,-2.166511,training_point
09:57:47.063,1,-1.831661,1.510232,-2.318282,training_point
09:57:47.162,2,-3.018316,1.415264,-2.168916,training_point
09:57:47.163,1,-1.831611,1.510511,-2.319054,training_point
09:57:47.261,2,-3.01513,1.415397,-2.17767,training_point
09:57:47.261,1,-1.831943,1.510468,-2.319503,training_point
09:57:47.360,2,-3.012465,1.416139,-2.183208,training_point
09:57:47.360,1,-1.832356,1.510298,-2.320082,training_point
09:57:47.461,2,-3.008837,1.416106,-2.188632,training_point
09:57:47.461,1,-1.832587,1.510469,-2.320501,training_point
09:57:47.560,2,-3.005697,1.416182,-2.189621,training_point
09:57:47.560,1,-1.832904,1.510603,-2.32098,training_point
09:57:47.661,2,-3.0046,1.416496,-2.190553,training_point
09:57:47.663,1,-1.833662,1.51073,-2.321073,training_point
09:57:47.761,2,-3.004927,1.416224,-2.192425,training_point
09:57:47.762,1,-1.833992,1.5105,-2.321338,training_point
09:57:47.861,2,-3.005767,1.416751,-2.193375,training_point
09:57:47.861,1,-1.834893,1.51057,-2.321557,training_point
09:57:47.960,2,-3.005779,1.416846,-2.19322,training_point
09:57:47.960,1,-1.835179,1.510525,-2.321525,training_point
09:57:48.043,2,-3.005851,1.416069,-2.193092,training_point
09:57:48.044,1,-1.835675,1.510484,-2.32154,training_point
09:57:48.127,2,-3.006341,1.416126,-2.191915,training_point
09:57:48.127,1,-1.836547,1.510553,-2.32124,training_point
09:57:48.210,2,-3.007123,1.415847,-2.190732,training_point
09:57:48.210,1,-1.83717,1.510548,-2.320954,training_point
09:57:48.293,2,-3.005851,1.415812,-2.189348,training_point
09:57:48.294,1,-1.83741,1.510583,-2.321022,training_point
09:57:48.377,2,-3.007526,1.415876,-2.188789,training_point
09:57:48.377,1,-1.837976,1.510652,-2.320739,training_point
09:57:48.460,2,-3.009675,1.415758,-2.188026,training_point
09:57:48.460,1,-1.838685,1.510951,-2.320379,training_point
09:57:48.543,2,-3.01171,1.416003,-2.187887,training_point
09:57:48.544,1,-1.839215,1.51047,-2.320521,training_point
09:57:48.627,2,-3.012339,1.416011,-2.187913,training_point
09:57:48.627,1,-1.83973,1.51039,-2.320536,training_point
09:57:48.710,2,-3.012655,1.415378,-2.187952,training_point
09:57:48.710,1,-1.839887,1.51063,-2.320638,training_point
09:57:48.811,2,-3.013465,1.415619,-2.188099,training_point
09:57:48.812,1,-1.840186,1.510526,-2.320311,training_point
09:57:48.911,2,-3.013985,1.415773,-2.188547,training_point
09:57:48.912,1,-1.840561,1.510719,-2.320234,training_point
09:57:48.993,2,-3.014537,1.415902,-2.189893,training_point
09:57:48.994,1,-1.840646,1.510715,-2.320211,training_point
09:57:49.078,2,-3.015378,1.416471,-2.191024,training_point
09:57:49.078,1,-1.840599,1.510548,-2.32012,training_point
09:57:49.160,2,-3.015711,1.417514,-2.191398,training_point
09:57:49.160,1,-1.840153,1.510686,-2.320151,training_point
09:57:49.244,2,-3.015781,1.417153,-2.192696,training_point
09:57:49.245,1,-1.840137,1.510676,-2.320039,training_point
09:57:49.344,2,-3.015763,1.417268,-2.193234,training_point
09:57:49.345,1,-1.839159,1.510488,-2.320364,training_point
09:57:49.427,2,-3.014965,1.417328,-2.194129,training_point
09:57:49.427,1,-1.838779,1.510594,-2.320331,training_point
09:57:49.512,2,-3.014772,1.418508,-2.19499,training_point
09:57:49.512,1,-1.838479,1.510665,-2.320554,training_point
09:57:49.593,2,-3.010644,1.419232,-2.193211,training_point
09:57:49.594,1,-1.838148,1.510409,-2.320598,training_point
09:57:49.727,2,-3.013038,1.41995,-2.195319,training_point
09:57:49.727,1,-1.837643,1.510424,-2.320864,training_point
09:57:49.810,2,-3.013618,1.421884,-2.195877,training_point
09:57:49.810,1,-1.837439,1.51085,-2.32103,training_point
09:57:49.893,2,-3.012882,1.421972,-2.195914,training_point
09:57:49.894,1,-1.837259,1.511744,-2.321283,training_point
09:57:49.978,2,-3.007461,1.421529,-2.192213,training_point
09:57:49.978,1,-1.837379,1.511892,-2.321269,training_point
09:57:50.060,2,-3.006191,1.421565,-2.191896,training_point
09:57:50.060,1,-1.837562,1.511969,-2.321418,training_point
09:57:50.145,2,-3.00755,1.42151,-2.192309,training_point
09:57:50.145,1,-1.837588,1.511894,-2.321464,training_point
09:57:50.245,2,-3.009772,1.421483,-2.19405,training_point
09:57:50.246,1,-1.838005,1.511881,-2.32134,training_point
09:57:50.344,2,-3.011811,1.421329,-2.194943,training_point
09:57:50.345,1,-1.838058,1.511711,-2.321316,training_point
09:57:50.445,2,-3.013927,1.420953,-2.19514,training_point
09:57:50.445,1,-1.838173,1.511882,-2.321503,training_point
09:57:50.545,2,-3.009971,1.420845,-2.192455,training_point
09:57:50.545,1,-1.838164,1.51178,-2.32163,training_point
09:57:50.627,2,-3.010054,1.420737,-2.19247,training_point
09:57:50.627,1,-1.837917,1.51192,-2.321818,training_point
09:57:50.710,2,-3.01487,1.420884,-2.192776,training_point
09:57:50.710,1,-1.83791,1.511503,-2.321825,training_point
09:57:50.793,2,-3.014406,1.420841,-2.192945,training_point
09:57:50.794,1,-1.837937,1.511622,-2.321947,training_point
09:57:50.877,2,-3.014034,1.420606,-2.192068,training_point
09:57:50.877,1,-1.838061,1.511474,-2.321857,training_point
09:57:50.960,2,-3.01447,1.421054,-2.192421,training_point
09:57:50.960,1,-1.837526,1.511669,-2.322194,training_point
09:57:51.044,2,-3.015095,1.421243,-2.192705,training_point
09:57:51.044,1,-1.837593,1.512198,-2.322202,training_point
09:57:51.127,2,-3.015997,1.421353,-2.193457,training_point
09:57:51.127,1,-1.837493,1.511936,-2.322181,training_point
09:57:51.210,2,-3.016635,1.420407,-2.19435,training_point
09:57:51.210,1,-1.837326,1.511974,-2.322367,training_point
09:57:51.293,2,-3.016523,1.420687,-2.194948,training_point
09:57:51.294,1,-1.837243,1.512107,-2.322814,training_point
09:57:51.377,2,-3.016634,1.420256,-2.195696,training_point
09:57:51.377,1,-1.836925,1.512267,-2.322876,training_point
09:57:51.478,2,-3.016692,1.415381,-2.196346,training_point
09:57:51.478,1,-1.836818,1.512542,-2.322981,training_point
09:57:51.560,2,-3.012246,1.410887,-2.194138,training_point
09:57:51.560,1,-1.836533,1.512587,-2.322928,training_point
09:57:51.644,2,-3.013103,1.410823,-2.194828,training_point
09:57:51.645,1,-1.836471,1.512579,-2.32295,training_point
09:57:51.745,2,-3.014041,1.41031,-2.195895,training_point
09:57:51.745,1,-1.836383,1.512381,-2.322803,training_point
09:57:51.844,2,-3.01478,1.410097,-2.196538,training_point
09:57:51.845,1,-1.836435,1.512432,-2.322512,training_point
09:57:51.944,2,-3.014818,1.409926,-2.197327,training_point
09:57:51.944,1,-1.836504,1.51246,-2.322456,training_point
09:57:52.027,2,-3.014574,1.409018,-2.197493,training_point
09:57:52.027,1,-1.836382,1.512421,-2.322117,training_point
09:57:52.110,2,-3.0139,1.406967,-2.197405,training_point
09:57:52.110,1,-1.83627,1.512481,-2.321827,training_point
09:57:52.210,2,-3.013889,1.40542,-2.197192,training_point
09:57:52.210,1,-1.836317,1.512484,-2.321385,training_point
09:57:52.293,2,-3.01375,1.404005,-2.196751,training_point
09:57:52.294,1,-1.836234,1.5127,-2.32086,training_point
09:57:52.377,2,-3.013647,1.402499,-2.196581,training_point
09:57:52.377,1,-1.836073,1.512821,-2.320787,training_point
09:57:52.460,2,-3.012984,1.401571,-2.195862,training_point
09:57:52.460,1,-1.836133,1.512846,-2.320234,training_point
09:57:52.543,2,-3.012547,1.401674,-2.195753,training_point
09:57:52.544,1,-1.836236,1.512875,-2.320305,training_point
09:57:52.645,2,-3.012629,1.401428,-2.195577,training_point
09:57:52.645,1,-1.835948,1.512895,-2.320403,training_point
09:57:52.745,2,-3.01189,1.40161,-2.195545,training_point
09:57:52.745,1,-1.836057,1.512897,-2.320267,training_point
09:57:52.844,2,-3.012118,1.400849,-2.195165,training_point
09:57:52.844,1,-1.836031,1.513129,-2.319593,training_point
09:57:52.945,2,-3.011881,1.400342,-2.195786,training_point
09:57:52.945,1,-1.836115,1.513192,-2.319564,training_point
09:57:53.044,2,-3.011851,1.400195,-2.195926,training_point
09:57:53.045,1,-1.836169,1.513221,-2.319182,training_point
09:57:53.144,2,-3.012763,1.400145,-2.196005,training_point
09:57:53.144,1,-1.836191,1.513091,-2.318783,training_point
09:57:53.245,2,-3.013869,1.4003,-2.196019,training_point
09:57:53.245,1,-1.835835,1.513012,-2.318974,training_point
09:57:53.344,2,-3.013896,1.400418,-2.196,training_point
09:57:53.344,1,-1.83579,1.513139,-2.318734,training_point
09:57:53.443,2,-3.014075,1.400852,-2.195825,training_point
09:57:53.444,1,-1.835502,1.513223,-2.318154,training_point
09:57:53.544,2,-3.013574,1.40118,-2.195791,training_point
09:57:53.544,1,-1.835448,1.513231,-2.318205,training_point
09:57:53.644,2,-3.013979,1.401088,-2.195692,training_point
09:57:53.645,1,-1.835261,1.513256,-2.318047,training_point
09:57:53.744,2,-3.015633,1.401767,-2.195505,training_point
09:57:53.744,1,-1.835091,1.51314,-2.318132,training_point
09:57:53.845,2,-3.016174,1.401329,-2.195265,training_point
09:57:53.845,1,-1.834915,1.513053,-2.318458,training_point
09:57:53.945,2,-3.016841,1.402645,-2.195137,training_point
09:57:53.945,1,-1.834593,1.513052,-2.318738,training_point
09:57:54.044,2,-3.017401,1.401318,-2.194538,training_point
09:57:54.044,1,-1.834503,1.513006,-2.318654,training_point
09:57:54.161,2,-3.01812,1.404478,-2.194574,training_point
09:57:54.162,1,-1.834244,1.513177,-2.318991,training_point
09:57:54.260,2,-3.018294,1.404486,-2.19453,training_point
09:57:54.260,1,-1.834097,1.513233,-2.319023,training_point
09:57:54.361,2,-3.018481,1.403306,-2.194166,training_point
09:57:54.362,1,-1.834142,1.513186,-2.318741,training_point
09:57:54.460,2,-3.018334,1.40308,-2.193847,training_point
09:57:54.460,1,-1.83417,1.513082,-2.318636,training_point
09:57:54.561,2,-3.018275,1.403175,-2.193276,training_point
09:57:54.562,1,-1.834337,1.513042,-2.318401,training_point
09:57:54.662,2,-3.018162,1.404458,-2.193131,training_point
09:57:54.663,1,-1.83415,1.512769,-2.318514,training_point
09:57:54.760,2,-3.01779,1.403777,-2.193066,training_point
09:57:54.760,1,-1.834148,1.51277,-2.318203,training_point
09:57:54.844,2,-3.017434,1.403216,-2.19286,training_point
09:57:54.844,1,-1.834371,1.512716,-2.31802,training_point
09:57:54.927,2,-3.017633,1.402523,-2.192551,training_point
09:57:54.927,1,-1.834397,1.512568,-2.317878,training_point
09:57:55.027,2,-3.016853,1.40131,-2.192083,training_point
09:57:55.027,1,-1.834102,1.512542,-2.317352,training_point
09:57:55.110,2,-3.016939,1.400918,-2.191938,training_point
09:57:55.110,1,-1.834154,1.512428,-2.317272,training_point
09:57:55.244,2,-3.016206,1.401043,-2.191692,training_point
09:57:55.244,1,-1.834231,1.512536,-2.317047,training_point
09:57:55.327,2,-3.016449,1.400789,-2.191663,training_point
09:57:55.327,1,-1.834218,1.512568,-2.317057,training_point
09:57:55.428,2,-3.016612,1.401174,-2.191757,training_point
09:57:55.428,1,-1.834227,1.512595,-2.317111,training_point
09:57:55.528,2,-3.016899,1.401035,-2.191843,training_point
09:57:55.528,1,-1.834314,1.512202,-2.316869,training_point
09:57:55.627,2,-3.017684,1.401249,-2.19113,training_point
09:57:55.627,1,-1.834198,1.512049,-2.316364,training_point
09:57:55.728,2,-3.017966,1.401496,-2.191503,training_point
09:57:55.728,1,-1.834435,1.512109,-2.31649,training_point
09:57:55.828,2,-3.018237,1.40099,-2.191616,training_point
09:57:55.828,1,-1.834411,1.511951,-2.316322,training_point
09:57:55.927,2,-3.02263,1.401671,-2.193015,training_point
09:57:55.927,1,-1.834546,1.512077,-2.316228,training_point
09:57:56.027,2,-3.023357,1.402638,-2.192788,training_point
09:57:56.027,1,-1.834614,1.512403,-2.316043,training_point
09:57:56.128,2,-3.023205,1.403205,-2.192947,training_point
09:57:56.128,1,-1.834696,1.512664,-2.31562,training_point
09:57:56.227,2,-3.023559,1.404028,-2.192889,training_point
09:57:56.227,1,-1.8349,1.512679,-2.315345,training_point
09:57:56.328,2,-3.023286,1.404565,-2.193086,training_point
09:57:56.328,1,-1.834967,1.512831,-2.314743,training_point
09:57:56.428,2,-3.022886,1.405805,-2.193165,training_point
09:57:56.428,1,-1.834993,1.513031,-2.314743,training_point
09:57:56.527,2,-3.02354,1.405549,-2.192952,training_point
09:57:56.527,1,-1.834733,1.513053,-2.314639,training_point
09:57:56.628,2,-3.023608,1.40494,-2.192813,training_point
09:57:56.628,1,-1.834495,1.513108,-2.313983,training_point
09:57:56.728,2,-3.023982,1.404728,-2.192747,training_point
09:57:56.728,1,-1.834493,1.512974,-2.312855,training_point
09:57:56.827,2,-3.024002,1.404094,-2.192698,training_point
09:57:56.827,1,-1.834394,1.513339,-2.312601,training_point
09:57:56.928,2,-3.02414,1.404139,-2.192726,training_point
09:57:56.928,1,-1.834215,1.513106,-2.311795,training_point
09:57:57.028,2,-3.02443,1.40413,-2.192752,training_point
09:57:57.028,1,-1.834102,1.512847,-2.311151,training_point
09:57:57.127,2,-3.02527,1.403619,-2.192568,training_point
09:57:57.127,1,-1.834127,1.512888,-2.310695,training_point
09:57:57.228,2,-3.025345,1.403171,-2.192795,training_point
09:57:57.228,1,-1.83404,1.512668,-2.310457,training_point
09:57:57.328,2,-3.02567,1.404034,-2.192583,training_point
09:57:57.328,1,-1.833914,1.512593,-2.309393,training_point
09:57:57.427,2,-3.026114,1.404274,-2.192755,training_point
09:57:57.427,1,-1.83389,1.512678,-2.30918,training_point
09:57:57.528,2,-3.026392,1.403351,-2.192864,training_point
09:57:57.528,1,-1.833934,1.512757,-2.308368,training_point
09:57:57.628,2,-3.026305,1.402931,-2.192825,training_point
09:57:57.628,1,-1.833866,1.512343,-2.308107,training_point
09:57:57.727,2,-3.026446,1.402918,-2.192859,training_point
09:57:57.727,1,-1.833858,1.512372,-2.308016,training_point
09:57:57.810,2,-3.026708,1.403106,-2.192967,training_point
09:57:57.810,1,-1.833943,1.512138,-2.308289,training_point
09:57:57.896,2,-3.026445,1.403582,-2.19302,training_point
09:57:57.896,1,-1.833932,1.512093,-2.30833,training_point
09:57:57.977,2,-3.026095,1.40324,-2.193081,training_point
09:57:57.977,1,-1.83398,1.512217,-2.308598,training_point
09:57:58.110,2,-3.025932,1.402557,-2.192439,training_point
09:57:58.110,1,-1.833853,1.511997,-2.309908,training_point
09:57:58.195,2,-3.025905,1.402241,-2.192424,training_point
09:57:58.195,1,-1.83385,1.511993,-2.310009,training_point
09:57:58.277,2,-3.025735,1.402673,-2.19202,training_point
09:57:58.277,1,-1.833757,1.51164,-2.310473,training_point
09:57:58.361,2,-3.025612,1.402762,-2.191627,training_point
09:57:58.362,1,-1.833495,1.51174,-2.310946,training_point
09:57:58.444,2,-3.025307,1.403477,-2.190766,training_point
09:57:58.444,1,-1.833505,1.511766,-2.311076,training_point
09:57:58.527,2,-3.02516,1.403843,-2.190327,training_point
09:57:58.527,1,-1.833425,1.511773,-2.311348,training_point
09:57:58.610,2,-3.02469,1.403612,-2.189807,training_point
09:57:58.610,1,-1.833286,1.511808,-2.311304,training_point
09:57:58.694,2,-3.024463,1.402781,-2.189072,training_point
09:57:58.695,1,-1.833091,1.511805,-2.311545,training_point
09:57:58.795,2,-3.022468,1.402144,-2.188541,training_point
09:57:58.795,1,-1.832719,1.511967,-2.311752,training_point
09:57:58.877,2,-3.022189,1.402308,-2.187829,training_point
09:57:58.877,1,-1.831854,1.511841,-2.311931,training_point
09:57:59.010,2,-3.021949,1.402267,-2.188312,training_point
09:57:59.010,1,-1.830897,1.511918,-2.312792,training_point
09:57:59.110,2,-3.021921,1.401654,-2.18823,training_point
09:57:59.111,1,-1.830629,1.512079,-2.312764,training_point
09:57:59.194,2,-3.021131,1.401153,-2.188245,training_point
09:57:59.194,1,-1.830267,1.512074,-2.312756,training_point
09:57:59.327,2,-3.019843,1.401095,-2.188379,training_point
09:57:59.327,1,-1.828997,1.512444,-2.313404,training_point
09:57:59.410,2,-3.015736,1.400539,-2.187343,training_point
09:57:59.410,1,-1.828678,1.512283,-2.313421,training_point
09:57:59.494,2,-3.013523,1.400595,-2.187205,training_point
09:57:59.494,1,-1.826299,1.512135,-2.314403,training_point
09:57:59.577,2,-3.012731,1.400466,-2.190274,training_point
09:57:59.577,1,-1.824388,1.512147,-2.315749,training_point
09:57:59.660,2,-3.004687,1.399465,-2.193487,training_point
09:57:59.660,1,-1.820191,1.512002,-2.316565,training_point
09:57:59.744,2,-3.006239,1.398793,-2.204414,training_point
09:57:59.744,1,-1.814527,1.512162,-2.318939,training_point
09:57:59.827,2,-3.00714,1.398428,-2.206809,training_point
09:57:59.827,1,-1.812022,1.512074,-2.319441,training_point
09:57:59.927,2,-3.005165,1.398317,-2.215968,training_point
09:57:59.928,1,-1.810558,1.512119,-2.320205,training_point
09:58:00.010,2,-3.006046,1.398287,-2.2276,training_point
09:58:00.010,1,-1.799768,1.51201,-2.324153,training_point
09:58:00.094,2,-3.007287,1.410094,-2.230407,training_point
09:58:00.094,1,-1.796959,1.51205,-2.3255,training_point
09:58:00.177,2,-3.015049,1.411672,-2.239305,training_point
09:58:00.177,1,-1.792057,1.511929,-2.327227,training_point
09:58:00.279,2,-3.020889,1.414172,-2.247987,training_point
09:58:00.279,1,-1.788904,1.511955,-2.328767,training_point
09:58:00.377,2,-3.032378,1.416714,-2.260296,training_point
09:58:00.378,1,-1.786712,1.512132,-2.330399,training_point
09:58:00.477,2,-3.04906,1.417342,-2.285615,training_point
09:58:00.477,1,-1.78343,1.512069,-2.331421,training_point
09:58:00.610,2,-3.060737,1.41692,-2.312596,training_point
09:58:00.610,1,-1.779233,1.511885,-2.33407,training_point
09:58:00.694,2,-3.068445,1.41699,-2.32829,training_point
09:58:00.694,1,-1.775784,1.511662,-2.335295,training_point
09:58:00.795,2,-3.082575,1.416724,-2.359471,training_point
09:58:00.795,1,-1.771886,1.511834,-2.338122,training_point
09:58:00.894,2,-3.094703,1.416787,-2.389608,training_point
09:58:00.895,1,-1.767127,1.512463,-2.339885,training_point
09:58:00.994,2,-3.104039,1.416833,-2.418703,training_point
09:58:00.994,1,-1.764637,1.512363,-2.340929,training_point
09:58:01.095,2,-3.111547,1.416898,-2.448695,training_point
09:58:01.095,1,-1.759575,1.512333,-2.3434,training_point
09:58:01.194,2,-3.119787,1.416837,-2.465596,training_point
09:58:01.195,1,-1.756319,1.512286,-2.344737,training_point
09:58:01.277,2,-3.126837,1.416607,-2.483333,training_point
09:58:01.277,1,-1.753847,1.512287,-2.344673,training_point
09:58:01.361,2,-3.129417,1.416656,-2.492648,training_point
09:58:01.362,1,-1.752465,1.512267,-2.344761,training_point
09:58:01.444,2,-3.131551,1.416699,-2.503278,training_point
09:58:01.444,1,-1.750631,1.512211,-2.343931,training_point
09:58:01.594,2,-3.130524,1.416515,-2.51891,training_point
09:58:01.594,1,-1.748443,1.512294,-2.341766,training_point
09:58:01.695,2,-3.125772,1.416448,-2.527545,training_point
09:58:01.695,1,-1.748067,1.512581,-2.34128,training_point
09:58:01.795,2,-3.113452,1.416417,-2.536397,training_point
09:58:01.795,1,-1.748163,1.512452,-2.341162,training_point
09:58:01.894,2,-3.093989,1.416539,-2.545819,training_point
09:58:01.894,1,-1.748178,1.512295,-2.341189,training_point
09:58:01.995,2,-3.068447,1.416428,-2.548418,training_point
09:58:01.995,1,-1.749361,1.512254,-2.340846,training_point
09:58:02.077,2,-3.036471,1.416488,-2.551431,training_point
09:58:02.077,1,-1.750908,1.51233,-2.340861,training_point
09:58:02.227,2,-2.974863,1.416498,-2.554653,training_point
09:58:02.228,1,-1.75212,1.512229,-2.341643,training_point
09:58:02.328,2,-2.931613,1.416351,-2.559896,training_point
09:58:02.328,1,-1.752994,1.511681,-2.342214,training_point
09:58:02.428,2,-2.891038,1.416366,-2.560714,training_point
09:58:02.428,1,-1.753491,1.511877,-2.342783,training_point
09:58:02.528,2,-2.856443,1.416139,-2.566441,training_point
09:58:02.528,1,-1.753917,1.512054,-2.34489,training_point
09:58:02.610,2,-2.821153,1.415976,-2.567966,training_point
09:58:02.610,1,-1.754098,1.511955,-2.345124,training_point
09:58:02.694,2,-2.80827,1.416161,-2.571236,training_point
09:58:02.694,1,-1.754226,1.512176,-2.346568,training_point
09:58:02.778,2,-2.783109,1.416357,-2.571827,training_point
09:58:02.778,1,-1.754237,1.512172,-2.348723,training_point
09:58:02.860,2,-2.758322,1.416279,-2.574435,training_point
09:58:02.860,1,-1.754169,1.51227,-2.349205,training_point
09:58:02.944,2,-2.736899,1.416109,-2.576544,training_point
09:58:02.944,1,-1.753932,1.512369,-2.350174,training_point
09:58:03.094,2,-2.714293,1.416347,-2.579644,training_point
09:58:03.094,1,-1.753736,1.512203,-2.351063,training_point
09:58:03.245,2,-2.698681,1.416387,-2.57971,training_point
09:58:03.245,1,-1.754014,1.512115,-2.351641,training_point
09:58:03.327,2,-2.691212,1.416588,-2.580401,training_point
09:58:03.327,1,-1.7549,1.511839,-2.35186,training_point
09:58:03.460,2,-2.68618,1.416474,-2.580809,training_point
09:58:03.460,1,-1.756989,1.512121,-2.352056,training_point
09:58:03.628,2,-2.678788,1.4159,-2.580609,training_point
09:58:03.628,1,-1.763384,1.512487,-2.348584,training_point
09:58:03.710,2,-2.671635,1.416381,-2.580073,training_point
09:58:03.710,1,-1.765349,1.513077,-2.348648,training_point
09:58:03.860,2,-2.662123,1.41571,-2.580009,training_point
09:58:03.860,1,-1.76675,1.51375,-2.348086,training_point
09:58:03.945,2,-2.659802,1.415624,-2.580085,training_point
09:58:03.946,1,-1.767365,1.514153,-2.346894,training_point
09:58:04.027,2,-2.654863,1.415852,-2.581111,training_point
09:58:04.027,1,-1.768388,1.513732,-2.345291,training_point
09:58:04.110,2,-2.652438,1.417874,-2.582187,training_point
09:58:04.111,1,-1.768158,1.513766,-2.344691,training_point
09:58:04.194,2,-2.647886,1.416467,-2.584748,training_point
09:58:04.194,1,-1.769043,1.513796,-2.342295,training_point
09:58:04.278,2,-2.646406,1.41626,-2.585713,training_point
09:58:04.278,1,-1.769012,1.514106,-2.341914,training_point
09:58:04.360,2,-2.644795,1.416185,-2.586902,training_point
09:58:04.360,1,-1.7686,1.514182,-2.341464,training_point
09:58:04.511,2,-2.644865,1.413583,-2.587879,training_point
09:58:04.511,1,-1.768125,1.515511,-2.341017,training_point
09:58:04.611,2,-2.645313,1.41356,-2.587314,training_point
09:58:04.612,1,-1.768444,1.515289,-2.340461,training_point
09:58:04.711,2,-2.650975,1.411802,-2.582221,training_point
09:58:04.711,1,-1.768442,1.515139,-2.340451,training_point
09:58:04.794,2,-2.654777,1.409152,-2.577584,training_point
09:58:04.794,1,-1.768566,1.514703,-2.340528,training_point
09:58:04.944,2,-2.667308,1.407633,-2.564811,training_point
09:58:04.944,1,-1.768651,1.513889,-2.340593,training_point
09:58:05.027,2,-2.683006,1.412206,-2.553614,training_point
09:58:05.027,1,-1.768343,1.514424,-2.339831,training_point
09:58:05.111,2,-2.695229,1.411966,-2.546884,training_point
09:58:05.112,1,-1.768071,1.513557,-2.339593,training_point
09:58:05.194,2,-2.708277,1.411995,-2.537851,training_point
09:58:05.194,1,-1.767073,1.514051,-2.338911,training_point
09:58:05.278,2,-2.716943,1.416466,-2.531204,training_point
09:58:05.278,1,-1.765886,1.514064,-2.338915,training_point
09:58:05.360,2,-2.725046,1.423909,-2.524859,training_point
09:58:05.360,1,-1.763988,1.514936,-2.33923,training_point
09:58:05.445,2,-2.732156,1.424981,-2.522483,training_point
09:58:05.446,1,-1.763113,1.514416,-2.33916,training_point
09:58:05.544,2,-2.744953,1.429805,-2.516971,training_point
09:58:05.544,1,-1.761462,1.513245,-2.340719,training_point
09:58:05.629,2,-2.763159,1.433554,-2.51336,training_point
09:58:05.629,1,-1.760833,1.512271,-2.341589,training_point
09:58:05.710,2,-2.78411,1.435374,-2.509726,training_point
09:58:05.710,1,-1.760181,1.512105,-2.342027,training_point
09:58:05.794,2,-2.800442,1.435776,-2.509949,training_point
09:58:05.794,1,-1.759727,1.511687,-2.342238,training_point
09:58:05.877,2,-2.823746,1.430774,-2.511052,training_point
09:58:05.877,1,-1.75925,1.511275,-2.342607,training_point
09:58:05.962,2,-2.844691,1.428159,-2.512785,training_point
09:58:05.962,1,-1.758991,1.51249,-2.343047,training_point
09:58:06.044,2,-2.874228,1.425346,-2.516309,training_point
09:58:06.044,1,-1.758728,1.51235,-2.343246,training_point
09:58:06.129,2,-2.891495,1.420325,-2.519496,training_point
09:58:06.129,1,-1.758801,1.512179,-2.343107,training_point
09:58:06.210,2,-2.925609,1.416708,-2.524838,training_point
09:58:06.210,1,-1.758591,1.512136,-2.342448,training_point
09:58:06.296,2,-2.943642,1.41142,-2.527999,training_point
09:58:06.296,1,-1.758217,1.511908,-2.341866,training_point
09:58:06.377,2,-2.968319,1.410265,-2.531223,training_point
09:58:06.377,1,-1.758087,1.511429,-2.340406,training_point
09:58:06.462,2,-2.983821,1.408864,-2.532554,training_point
09:58:06.462,1,-1.757892,1.511494,-2.340401,training_point
09:58:06.544,2,-3.001121,1.410295,-2.534516,training_point
09:58:06.544,1,-1.757361,1.511483,-2.339467,training_point
09:58:06.628,2,-3.01601,1.409558,-2.535032,training_point
09:58:06.628,1,-1.757279,1.511589,-2.33902,training_point
09:58:06.728,2,-3.029086,1.411869,-2.533851,training_point
09:58:06.729,1,-1.756717,1.511291,-2.338864,training_point
09:58:06.828,2,-3.039365,1.412074,-2.530593,training_point
09:58:06.829,1,-1.756235,1.511332,-2.338963,training_point
09:58:06.910,2,-3.045997,1.412335,-2.525157,training_point
09:58:06.911,1,-1.755914,1.511122,-2.339333,training_point
09:58:07.044,2,-3.051519,1.412231,-2.508994,training_point
09:58:07.044,1,-1.755751,1.510581,-2.33997,training_point
09:58:07.177,2,-3.055101,1.410633,-2.479948,training_point
09:58:07.177,1,-1.755668,1.510638,-2.339833,training_point
09:58:07.328,2,-3.055763,1.408336,-2.449119,training_point
09:58:07.329,1,-1.755804,1.510755,-2.339624,training_point
09:58:07.410,2,-3.053108,1.406669,-2.428009,training_point
09:58:07.410,1,-1.755858,1.511489,-2.34011,training_point
09:58:07.544,2,-3.047851,1.402776,-2.39999,training_point
09:58:07.544,1,-1.755694,1.511767,-2.3408,training_point
09:58:07.628,2,-3.044972,1.403124,-2.388813,training_point
09:58:07.628,1,-1.755958,1.512366,-2.340876,training_point
09:58:07.710,2,-3.040382,1.404608,-2.371516,training_point
09:58:07.710,1,-1.756055,1.513128,-2.339844,training_point
09:58:07.794,2,-3.038838,1.405358,-2.36327,training_point
09:58:07.794,1,-1.756311,1.51459,-2.340222,training_point
09:58:07.877,2,-3.037418,1.406164,-2.351012,training_point
09:58:07.877,1,-1.756401,1.5148,-2.340612,training_point
09:58:07.960,2,-3.03649,1.400838,-2.343793,training_point
09:58:07.961,1,-1.75617,1.515717,-2.341401,training_point
09:58:08.045,2,-3.036811,1.399743,-2.338738,training_point
09:58:08.045,1,-1.756596,1.515928,-2.341673,training_point
09:58:08.144,2,-3.039419,1.396874,-2.330967,training_point
09:58:08.144,1,-1.756815,1.515264,-2.342841,training_point
09:58:08.227,2,-3.045428,1.394077,-2.324786,training_point
09:58:08.227,1,-1.756879,1.515019,-2.343406,training_point
09:58:08.312,2,-3.051127,1.405132,-2.322307,training_point
09:58:08.312,1,-1.756799,1.51442,-2.343767,training_point
09:58:08.412,2,-3.058631,1.407296,-2.319447,training_point
09:58:08.412,1,-1.757154,1.514279,-2.34399,training_point
09:58:08.494,2,-3.066632,1.409696,-2.31653,training_point
09:58:08.494,1,-1.757429,1.513998,-2.344413,training_point
09:58:08.577,2,-3.069908,1.411523,-2.315332,training_point
09:58:08.577,1,-1.75748,1.513119,-2.344897,training_point
09:58:08.660,2,-3.075389,1.412321,-2.314914,training_point
09:58:08.661,1,-1.757507,1.51292,-2.345414,training_point
09:58:08.746,2,-3.077373,1.412943,-2.31438,training_point
09:58:08.746,1,-1.757825,1.513208,-2.344823,training_point
09:58:08.845,2,-3.082509,1.414121,-2.313856,training_point
09:58:08.845,1,-1.757985,1.513146,-2.345184,training_point
09:58:08.927,2,-3.085498,1.419696,-2.314671,training_point
09:58:08.927,1,-1.758026,1.513106,-2.345625,training_point
09:58:09.012,2,-3.086658,1.42463,-2.315314,training_point
09:58:09.012,1,-1.758006,1.513305,-2.345752,training_point
09:58:09.094,2,-3.088012,1.425588,-2.315719,training_point
09:58:09.094,1,-1.757903,1.513335,-2.346116,training_point
09:58:09.177,2,-3.089131,1.422574,-2.316309,training_point
09:58:09.177,1,-1.757903,1.512857,-2.346322,training_point
09:58:09.260,2,-3.090428,1.423779,-2.316284,training_point
09:58:09.261,1,-1.757758,1.512514,-2.346456,training_point
09:58:09.344,2,-3.091665,1.424652,-2.316623,training_point
09:58:09.344,1,-1.757902,1.511454,-2.346418,training_point
09:58:09.427,2,-3.093078,1.425829,-2.317207,training_point
09:58:09.427,1,-1.757748,1.511312,-2.345725,training_point
09:58:09.510,2,-3.093726,1.427475,-2.318111,training_point
09:58:09.511,1,-1.75762,1.510032,-2.345806,training_point
09:58:09.611,2,-3.094643,1.428457,-2.318886,training_point
09:58:09.611,1,-1.75774,1.509215,-2.34567,training_point
09:58:09.694,2,-3.095847,1.428772,-2.320196,training_point
09:58:09.694,1,-1.757813,1.508947,-2.345595,training_point
09:58:09.778,2,-3.096117,1.428972,-2.321719,training_point
09:58:09.778,1,-1.757636,1.508899,-2.345757,training_point
09:58:09.860,2,-3.097113,1.430588,-2.323003,training_point
09:58:09.860,1,-1.75763,1.508757,-2.345686,training_point
09:58:09.945,2,-3.097688,1.432204,-2.32342,training_point
09:58:09.945,1,-1.757699,1.508542,-2.345754,training_point
09:58:10.045,2,-3.09828,1.432272,-2.324199,training_point
09:58:10.045,1,-1.757809,1.508408,-2.344669,training_point
09:58:10.127,2,-3.098968,1.433108,-2.325425,training_point
09:58:10.127,1,-1.758089,1.508132,-2.345115,training_point
09:58:10.211,2,-3.099277,1.433624,-2.326192,training_point
09:58:10.211,1,-1.758227,1.508219,-2.345226,training_point
09:58:10.294,2,-3.099515,1.434722,-2.326324,training_point
09:58:10.294,1,-1.758488,1.50834,-2.345506,training_point
09:58:10.378,2,-3.09977,1.436348,-2.326705,training_point
09:58:10.379,1,-1.758542,1.508577,-2.345818,training_point
09:58:10.460,2,-3.100257,1.437526,-2.32771,training_point
09:58:10.460,1,-1.758895,1.508441,-2.346201,training_point
09:58:10.544,2,-3.100414,1.438081,-2.327778,training_point
09:58:10.544,1,-1.759186,1.508517,-2.34633,training_point
09:58:10.630,2,-3.101051,1.438828,-2.329306,training_point
09:58:10.630,1,-1.759788,1.508514,-2.346446,training_point
09:58:10.728,2,-3.10127,1.440455,-2.330021,training_point
09:58:10.728,1,-1.760268,1.508317,-2.346856,training_point
09:58:10.810,2,-3.101951,1.442862,-2.330999,training_point
09:58:10.811,1,-1.760438,1.50828,-2.347292,training_point
09:58:10.895,2,-3.102356,1.444823,-2.331422,training_point
09:58:10.896,1,-1.760481,1.507917,-2.347372,training_point
09:58:10.977,2,-3.10339,1.444067,-2.33259,training_point
09:58:10.977,1,-1.760545,1.507729,-2.347496,training_point
09:58:11.062,2,-3.103816,1.44262,-2.333133,training_point
09:58:11.062,1,-1.760489,1.507892,-2.346849,training_point
09:58:11.144,2,-3.104988,1.441114,-2.334618,training_point
09:58:11.144,1,-1.760438,1.50808,-2.34684,training_point
09:58:11.227,2,-3.10654,1.438827,-2.335821,training_point
09:58:11.227,1,-1.760554,1.507822,-2.346638,training_point
09:58:11.310,2,-3.108971,1.438594,-2.339912,training_point
09:58:11.311,1,-1.76049,1.5075,-2.34662,training_point
09:58:11.394,2,-3.110797,1.437515,-2.34147,training_point
09:58:11.394,1,-1.760438,1.507379,-2.34593,training_point
09:58:11.477,2,-3.114516,1.436325,-2.344817,training_point
09:58:11.477,1,-1.760126,1.508025,-2.344328,training_point
09:58:11.562,2,-3.115434,1.435864,-2.345754,training_point
09:58:11.562,1,-1.759681,1.508013,-2.343152,training_point
09:58:11.662,2,-3.117639,1.433925,-2.348,training_point
09:58:11.662,1,-1.758026,1.50776,-2.340878,training_point
09:58:11.744,2,-3.118266,1.43415,-2.349623,training_point
09:58:11.744,1,-1.757492,1.507223,-2.340261,training_point
09:58:11.828,2,-3.118539,1.434906,-2.350798,training_point
09:58:11.829,1,-1.755842,1.506996,-2.338666,training_point
09:58:11.928,2,-3.118386,1.434289,-2.352199,training_point
09:58:11.929,1,-1.754844,1.506607,-2.337864,training_point
09:58:12.010,2,-3.118697,1.435067,-2.354345,training_point
09:58:12.011,1,-1.753204,1.506437,-2.336652,training_point
09:58:12.096,2,-3.118952,1.434721,-2.354799,training_point
09:58:12.096,1,-1.752306,1.506387,-2.336086,training_point
09:58:12.177,2,-3.118987,1.435434,-2.354908,training_point
09:58:12.177,1,-1.750606,1.506427,-2.334577,training_point
09:58:12.261,2,-3.118839,1.435692,-2.355196,training_point
09:58:12.262,1,-1.749452,1.506451,-2.334125,training_point
09:58:12.344,2,-3.119,1.436011,-2.35519,training_point
09:58:12.344,1,-1.747657,1.506306,-2.332912,training_point
09:58:12.429,2,-3.118836,1.435895,-2.354903,training_point
09:58:12.429,1,-1.747446,1.506447,-2.332292,training_point
09:58:12.510,2,-3.119065,1.435586,-2.35424,training_point
09:58:12.511,1,-1.74643,1.506751,-2.331302,training_point
09:58:12.595,2,-3.119045,1.434909,-2.353708,training_point
09:58:12.595,1,-1.746305,1.506682,-2.329708,training_point
09:58:12.677,2,-3.119005,1.434798,-2.352857,training_point
09:58:12.677,1,-1.745366,1.506617,-2.329035,training_point
09:58:12.810,2,-3.119195,1.435139,-2.350784,training_point
09:58:12.811,1,-1.744305,1.506624,-2.328278,training_point
09:58:12.894,2,-3.118906,1.435555,-2.350435,training_point
09:58:12.894,1,-1.744124,1.506532,-2.32804,training_point
09:58:12.977,2,-3.118773,1.435415,-2.349556,training_point
09:58:12.977,1,-1.743554,1.506529,-2.327514,training_point
09:58:13.060,2,-3.117445,1.43543,-2.34787,training_point
09:58:13.061,1,-1.742882,1.506482,-2.326819,training_point
09:58:13.194,2,-3.116085,1.43547,-2.345828,training_point
09:58:13.194,1,-1.742611,1.506492,-2.326577,training_point
09:58:13.277,2,-3.114338,1.435316,-2.344278,training_point
09:58:13.277,1,-1.7423,1.506821,-2.32631,training_point
09:58:13.360,2,-3.113837,1.43526,-2.344183,training_point
09:58:13.361,1,-1.741849,1.506842,-2.326392,training_point
09:58:13.446,2,-3.113298,1.435117,-2.343766,training_point
09:58:13.446,1,-1.741439,1.506866,-2.325831,training_point
09:58:13.527,2,-3.112923,1.434557,-2.34319,training_point
09:58:13.527,1,-1.740683,1.50667,-2.325101,training_point
09:58:13.610,2,-3.112661,1.434104,-2.343187,training_point
09:58:13.611,1,-1.740182,1.506763,-2.324719,training_point
09:58:13.694,2,-3.112354,1.433698,-2.342634,training_point
09:58:13.694,1,-1.739235,1.506632,-2.324529,training_point
09:58:13.777,2,-3.11209,1.433508,-2.342109,training_point
09:58:13.777,1,-1.738461,1.506578,-2.324026,training_point
09:58:13.860,2,-3.112738,1.433462,-2.342337,training_point
09:58:13.861,1,-1.737672,1.507085,-2.323624,training_point
09:58:13.944,2,-3.1131,1.433313,-2.342032,training_point
09:58:13.944,1,-1.737505,1.506845,-2.323451,training_point
09:58:14.027,2,-3.113949,1.433453,-2.342581,training_point
09:58:14.027,1,-1.736664,1.506911,-2.323301,training_point
09:58:14.110,2,-3.114942,1.433516,-2.342146,training_point
09:58:14.111,1,-1.736251,1.50712,-2.322566,training_point
09:58:14.211,2,-3.116522,1.433451,-2.343094,training_point
09:58:14.211,1,-1.735733,1.506926,-2.322073,training_point
09:58:14.294,2,-3.11777,1.433146,-2.342978,training_point
09:58:14.294,1,-1.735413,1.507014,-2.321606,training_point
09:58:14.377,2,-3.118349,1.433158,-2.34286,training_point
09:58:14.377,1,-1.735335,1.506956,-2.321647,training_point
09:58:14.460,2,-3.119959,1.432819,-2.342975,training_point
09:58:14.461,1,-1.73524,1.507124,-2.321506,training_point
09:58:14.546,2,-3.121283,1.433053,-2.342738,training_point
09:58:14.546,1,-1.735436,1.507272,-2.320942,training_point
09:58:14.644,2,-3.123619,1.433244,-2.342827,training_point
09:58:14.644,1,-1.735585,1.507172,-2.320676,training_point
09:58:14.727,2,-3.12494,1.433422,-2.342909,training_point
09:58:14.727,1,-1.737096,1.50717,-2.320293,training_point
09:58:14.811,2,-3.126722,1.434153,-2.343092,training_point
09:58:14.811,1,-1.740738,1.507124,-2.319254,training_point
09:58:14.894,2,-3.128022,1.434228,-2.343186,training_point
09:58:14.894,1,-1.744382,1.507454,-2.318091,training_point
09:58:14.977,2,-3.129558,1.434535,-2.342775,training_point
09:58:14.977,1,-1.753777,1.507625,-2.315951,training_point
09:58:15.060,2,-3.130237,1.434731,-2.34251,training_point
09:58:15.061,1,-1.757227,1.507968,-2.315462,training_point
09:58:15.144,2,-3.131555,1.435335,-2.342052,training_point
09:58:15.144,1,-1.768977,1.50824,-2.314219,training_point
09:58:15.227,2,-3.132513,1.43547,-2.342205,training_point
09:58:15.227,1,-1.775931,1.508618,-2.31375,training_point
09:58:15.329,2,-3.133303,1.436441,-2.341404,training_point
09:58:15.329,1,-1.788786,1.509841,-2.312578,training_point
09:58:15.427,2,-3.134449,1.436611,-2.340005,training_point
09:58:15.427,1,-1.804387,1.510347,-2.309547,training_point
09:58:15.528,2,-3.134666,1.437013,-2.339435,training_point
09:58:15.528,1,-1.816002,1.512075,-2.305353,training_point
09:58:15.627,2,-3.134813,1.436797,-2.338956,training_point
09:58:15.627,1,-1.82483,1.512293,-2.302133,training_point
09:58:15.728,2,-3.134607,1.436705,-2.338084,training_point
09:58:15.729,1,-1.839583,1.512963,-2.299787,training_point
09:58:15.844,2,-3.134518,1.436324,-2.337861,training_point
09:58:15.844,1,-1.852421,1.512917,-2.296867,training_point
09:58:15.944,2,-3.134007,1.435951,-2.337616,training_point
09:58:15.944,1,-1.864174,1.51321,-2.294418,training_point
09:58:16.045,2,-3.133896,1.436522,-2.336444,training_point
09:58:16.045,1,-1.870162,1.513111,-2.292913,training_point
09:58:16.144,2,-3.133272,1.436585,-2.336351,training_point
09:58:16.144,1,-1.876313,1.51321,-2.293141,training_point
09:58:16.227,2,-3.132714,1.436563,-2.33617,training_point
09:58:16.227,1,-1.880779,1.512821,-2.292495,training_point
09:58:16.310,2,-3.1315,1.436607,-2.335193,training_point
09:58:16.311,1,-1.883221,1.512372,-2.292261,training_point
09:58:16.394,2,-3.131074,1.436503,-2.335056,training_point
09:58:16.394,1,-1.885439,1.512373,-2.293466,training_point
09:58:16.479,2,-3.129782,1.436577,-2.334346,training_point
09:58:16.479,1,-1.887093,1.512221,-2.294328,training_point
09:58:16.577,2,-3.123718,1.436855,-2.33653,training_point
09:58:16.577,1,-1.891287,1.512012,-2.296456,training_point
09:58:16.661,2,-3.121181,1.4367,-2.336759,training_point
09:58:16.661,1,-1.891827,1.511546,-2.29717,training_point
09:58:16.744,2,-3.112986,1.436643,-2.336939,training_point
09:58:16.744,1,-1.892606,1.511074,-2.298521,training_point
09:58:16.827,2,-3.10148,1.436573,-2.337422,training_point
09:58:16.827,1,-1.892755,1.510951,-2.300288,training_point
09:58:16.911,2,-3.089033,1.436332,-2.339704,training_point
09:58:16.911,1,-1.89293,1.510843,-2.30125,training_point
09:58:16.994,2,-3.063929,1.436206,-2.340913,training_point
09:58:16.994,1,-1.89241,1.510804,-2.302654,training_point
09:58:17.077,2,-3.035621,1.43545,-2.3388,training_point
09:58:17.077,1,-1.891985,1.510833,-2.303491,training_point
09:58:17.161,2,-2.991339,1.434706,-2.340409,training_point
09:58:17.161,1,-1.891074,1.510842,-2.305113,training_point
09:58:17.244,2,-2.933343,1.434524,-2.341966,training_point
09:58:17.244,1,-1.891067,1.510728,-2.305554,training_point
09:58:17.327,2,-2.896811,1.43444,-2.345068,training_point
09:58:17.327,1,-1.890955,1.510718,-2.305536,training_point
09:58:17.411,2,-2.844011,1.434342,-2.352229,training_point
09:58:17.411,1,-1.890349,1.51085,-2.30601,training_point
09:58:17.494,2,-2.821332,1.434453,-2.356707,training_point
09:58:17.494,1,-1.890506,1.510872,-2.306084,training_point
09:58:17.577,2,-2.770441,1.434558,-2.368209,training_point
09:58:17.577,1,-1.890389,1.510936,-2.305906,training_point
09:58:17.661,2,-2.747733,1.43453,-2.373468,training_point
09:58:17.661,1,-1.89005,1.510724,-2.305686,training_point
09:58:17.761,2,-2.718403,1.43464,-2.380052,training_point
09:58:17.761,1,-1.889977,1.510577,-2.305749,training_point
09:58:17.861,2,-2.693049,1.43459,-2.386593,training_point
09:58:17.861,1,-1.889293,1.510562,-2.305897,training_point
09:58:17.961,2,-2.676196,1.43461,-2.39154,training_point
09:58:17.961,1,-1.88878,1.510567,-2.306087,training_point
09:58:18.044,2,-2.662511,1.435059,-2.392962,training_point
09:58:18.044,1,-1.888269,1.510499,-2.305651,training_point
09:58:18.145,2,-2.652047,1.435088,-2.394939,training_point
09:58:18.145,1,-1.888157,1.510524,-2.305511,training_point
09:58:18.244,2,-2.64278,1.435388,-2.395901,training_point
09:58:18.245,1,-1.887921,1.510507,-2.30554,training_point
09:58:18.344,2,-2.637313,1.435503,-2.396796,training_point
09:58:18.344,1,-1.887658,1.510576,-2.30543,training_point
09:58:18.430,2,-2.634133,1.435564,-2.397094,training_point
09:58:18.431,1,-1.885923,1.510622,-2.304364,training_point
09:58:18.530,2,-2.63249,1.435834,-2.398741,training_point
09:58:18.530,1,-1.886124,1.511025,-2.304962,training_point
09:58:18.628,2,-2.632179,1.436152,-2.399153,training_point
09:58:18.628,1,-1.886055,1.511016,-2.305288,training_point
09:58:18.728,2,-2.63085,1.436313,-2.400231,training_point
09:58:18.728,1,-1.886459,1.511142,-2.305734,training_point
09:58:18.828,2,-2.627796,1.436353,-2.401365,training_point
09:58:18.828,1,-1.886689,1.51167,-2.30623,training_point
09:58:18.928,2,-2.626651,1.436533,-2.402659,training_point
09:58:18.929,1,-1.887146,1.512373,-2.30658,training_point
09:58:19.028,2,-2.624497,1.436446,-2.402983,training_point
09:58:19.028,1,-1.88724,1.513367,-2.306748,training_point
09:58:19.128,2,-2.625251,1.436392,-2.403862,training_point
09:58:19.128,1,-1.887102,1.513903,-2.306949,training_point
09:58:19.244,2,-2.629057,1.436551,-2.403383,training_point
09:58:19.244,1,-1.886938,1.515113,-2.306976,training_point
09:58:19.345,2,-2.629601,1.436237,-2.403484,training_point
09:58:19.346,1,-1.886993,1.515579,-2.307187,training_point
09:58:19.446,2,-2.630924,1.436047,-2.403477,training_point
09:58:19.446,1,-1.886623,1.516007,-2.307385,training_point
09:58:19.527,2,-2.630248,1.435939,-2.404164,training_point
09:58:19.527,1,-1.88631,1.516708,-2.307795,training_point
09:58:19.611,2,-2.631702,1.435785,-2.403814,training_point
09:58:19.611,1,-1.886521,1.517743,-2.307738,training_point
09:58:19.694,2,-2.629518,1.435996,-2.404972,training_point
09:58:19.694,1,-1.886338,1.517547,-2.307619,training_point
09:58:19.777,2,-2.629506,1.436263,-2.405017,training_point
09:58:19.777,1,-1.886303,1.516542,-2.307679,training_point
09:58:19.861,2,-2.630466,1.436286,-2.40577,training_point
09:58:19.861,1,-1.886478,1.517491,-2.307515,training_point
09:58:19.946,2,-2.629572,1.436212,-2.406234,training_point
09:58:19.946,1,-1.885539,1.517746,-2.306311,training_point
09:58:20.045,2,-2.628868,1.436096,-2.406389,training_point
09:58:20.045,1,-1.885794,1.517896,-2.306159,training_point
09:58:20.144,2,-2.62851,1.436033,-2.406615,training_point
09:58:20.144,1,-1.886661,1.517566,-2.305737,training_point
09:58:20.245,2,-2.629212,1.436135,-2.405963,training_point
09:58:20.245,1,-1.887346,1.51792,-2.304818,training_point
09:58:20.329,2,-2.628907,1.436297,-2.406367,training_point
09:58:20.329,1,-1.887753,1.518319,-2.304427,training_point
09:58:20.411,2,-2.629838,1.43652,-2.406193,training_point
09:58:20.411,1,-1.888259,1.518991,-2.303938,training_point
09:58:20.494,2,-2.629592,1.437019,-2.406819,training_point
09:58:20.494,1,-1.888573,1.518703,-2.302942,training_point
09:58:20.577,2,-2.628559,1.438115,-2.406801,training_point
09:58:20.577,1,-1.888874,1.519244,-2.30247,training_point
09:58:20.661,2,-2.628405,1.438403,-2.406656,training_point
09:58:20.661,1,-1.888932,1.519354,-2.302118,training_point
09:58:20.744,2,-2.628558,1.437026,-2.407288,training_point
09:58:20.744,1,-1.88929,1.519514,-2.301671,training_point
09:58:20.845,2,-2.629274,1.434648,-2.40765,training_point
09:58:20.845,1,-1.889372,1.518894,-2.301487,training_point
09:58:20.945,2,-2.629662,1.431901,-2.407572,training_point
09:58:20.945,1,-1.889967,1.518723,-2.30135,training_point
09:58:21.044,2,-2.630286,1.427945,-2.407475,training_point
09:58:21.044,1,-1.889768,1.518752,-2.3011,training_point
09:58:21.127,2,-2.630148,1.421167,-2.406672,training_point
09:58:21.127,1,-1.889798,1.517985,-2.300226,training_point
09:58:21.261,2,-2.633066,1.417183,-2.405999,training_point
09:58:21.261,1,-1.889331,1.517833,-2.300721,training_point
09:58:21.344,2,-2.632613,1.41574,-2.405795,training_point
09:58:21.344,1,-1.889693,1.518083,-2.300729,training_point
09:58:21.446,2,-2.632111,1.418894,-2.405641,training_point
09:58:21.446,1,-1.88983,1.517987,-2.300944,training_point
09:58:21.545,2,-2.632081,1.417203,-2.405508,training_point
09:58:21.546,1,-1.889924,1.517609,-2.301553,training_point
09:58:21.644,2,-2.633694,1.417007,-2.405288,training_point
09:58:21.644,1,-1.890013,1.517436,-2.301518,training_point
09:58:21.745,2,-2.63361,1.412153,-2.405451,training_point
09:58:21.745,1,-1.890179,1.517418,-2.301759,training_point
09:58:21.827,2,-2.633474,1.413739,-2.405552,training_point
09:58:21.827,1,-1.890614,1.517168,-2.30184,training_point
09:58:21.911,2,-2.633787,1.414984,-2.405471,training_point
09:58:21.911,1,-1.89091,1.516863,-2.301644,training_point
09:58:21.994,2,-2.633809,1.413291,-2.405382,training_point
09:58:21.994,1,-1.891458,1.516059,-2.301429,training_point
09:58:22.077,2,-2.633889,1.412743,-2.405435,training_point
09:58:22.079,1,-1.891353,1.515786,-2.301131,training_point
09:58:22.161,2,-2.634423,1.408454,-2.405535,training_point
09:58:22.161,1,-1.891255,1.516033,-2.30142,training_point
09:58:22.245,2,-2.634527,1.410963,-2.405921,training_point
09:58:22.246,1,-1.891244,1.516162,-2.301369,training_point
09:58:22.345,2,-2.634441,1.414601,-2.406133,training_point
09:58:22.346,1,-1.891325,1.515982,-2.301364,training_point
09:58:22.427,2,-2.634314,1.418123,-2.40607,training_point
09:58:22.427,1,-1.890994,1.515894,-2.30103,training_point
09:58:22.512,2,-2.634595,1.421143,-2.405902,training_point
09:58:22.512,1,-1.890988,1.51658,-2.300821,training_point
09:58:22.594,2,-2.634484,1.421093,-2.405738,training_point
09:58:22.594,1,-1.891111,1.516656,-2.300205,training_point
09:58:22.745,2,-2.633988,1.422003,-2.40468,training_point
09:58:22.745,1,-1.891516,1.516408,-2.300121,training_point
09:58:22.846,2,-2.63364,1.42222,-2.403382,training_point
09:58:22.846,1,-1.891631,1.516254,-2.299943,training_point
09:58:22.945,2,-2.633795,1.423008,-2.40248,training_point
09:58:22.945,1,-1.891591,1.516454,-2.299098,training_point
09:58:23.044,2,-2.634078,1.423214,-2.401092,training_point
09:58:23.044,1,-1.891388,1.516429,-2.298561,training_point
09:58:23.145,2,-2.634415,1.420622,-2.400699,training_point
09:58:23.145,1,-1.891339,1.516165,-2.298175,training_point
09:58:23.245,2,-2.633918,1.415002,-2.398698,training_point
09:58:23.245,1,-1.891099,1.515589,-2.297023,training_point
09:58:23.327,2,-2.633717,1.412757,-2.397761,training_point
09:58:23.327,1,-1.891261,1.515587,-2.296988,training_point
09:58:23.411,2,-2.634852,1.409987,-2.397332,training_point
09:58:23.411,1,-1.891421,1.515442,-2.297136,training_point
09:58:23.511,2,-2.635206,1.409653,-2.396432,training_point
09:58:23.511,1,-1.891409,1.515428,-2.297003,training_point
09:58:23.594,2,-2.635137,1.414339,-2.396512,training_point
09:58:23.594,1,-1.891694,1.515029,-2.296601,training_point
09:58:23.677,2,-2.635625,1.416616,-2.395568,training_point
09:58:23.678,1,-1.891699,1.515158,-2.296298,training_point
09:58:23.761,2,-2.63595,1.41861,-2.394363,training_point
09:58:23.761,1,-1.8918,1.515431,-2.295898,training_point
09:58:23.894,2,-2.636497,1.419538,-2.393793,training_point
09:58:23.894,1,-1.891797,1.515603,-2.295411,training_point
09:58:23.977,2,-2.63708,1.417992,-2.392861,training_point
09:58:23.979,1,-1.891695,1.515943,-2.29502,training_point
09:58:24.077,2,-2.637398,1.418675,-2.392368,training_point
09:58:24.077,1,-1.891759,1.516914,-2.294516,training_point
09:58:24.179,2,-2.637547,1.419492,-2.392434,training_point
09:58:24.179,1,-1.891784,1.517178,-2.294335,training_point
09:58:24.261,2,-2.637647,1.419342,-2.392026,training_point
09:58:24.261,1,-1.891726,1.517485,-2.294155,training_point
09:58:24.344,2,-2.637464,1.420607,-2.392077,training_point
09:58:24.344,1,-1.891781,1.518059,-2.293894,training_point
09:58:24.427,2,-2.63763,1.420793,-2.392078,training_point
09:58:24.427,1,-1.891892,1.518518,-2.293896,training_point
09:58:24.511,2,-2.638009,1.421071,-2.392136,training_point
09:58:24.511,1,-1.892174,1.518731,-2.293716,training_point
09:58:24.594,2,-2.63801,1.42053,-2.391981,training_point
09:58:24.594,1,-1.892054,1.519441,-2.293484,training_point
09:58:24.677,2,-2.637687,1.420905,-2.391004,training_point
09:58:24.677,1,-1.891828,1.519344,-2.29291,training_point
09:58:24.761,2,-2.637562,1.421283,-2.391028,training_point
09:58:24.761,1,-1.891745,1.519193,-2.292841,training_point
09:58:24.862,2,-2.636862,1.420628,-2.390683,training_point
09:58:24.862,1,-1.891718,1.519334,-2.292815,training_point
09:58:24.944,2,-2.637459,1.420176,-2.391221,training_point
09:58:24.944,1,-1.891645,1.519256,-2.292532,training_point
09:58:25.027,2,-2.637643,1.419999,-2.391683,training_point
09:58:25.027,1,-1.891636,1.520566,-2.292541,training_point
09:58:25.128,2,-2.63807,1.419413,-2.392236,training_point
09:58:25.129,1,-1.891406,1.52205,-2.292476,training_point
09:58:25.211,2,-2.63905,1.419929,-2.392625,training_point
09:58:25.211,1,-1.89114,1.524093,-2.292101,training_point
09:58:25.295,2,-2.639559,1.418861,-2.393199,training_point
09:58:25.295,1,-1.890962,1.524709,-2.29191,training_point
09:58:25.378,2,-2.640267,1.419354,-2.393766,training_point
09:58:25.378,1,-1.890833,1.525478,-2.291326,training_point
09:58:25.461,2,-2.640779,1.420026,-2.394269,training_point
09:58:25.461,1,-1.890719,1.525669,-2.290566,training_point
09:58:25.544,2,-2.641522,1.420661,-2.395025,training_point
09:58:25.544,1,-1.890644,1.525429,-2.290363,training_point
09:58:25.645,2,-2.641716,1.420541,-2.395923,training_point
09:58:25.646,1,-1.890506,1.525856,-2.289961,training_point
09:58:25.744,2,-2.641877,1.420746,-2.396937,training_point
09:58:25.744,1,-1.890086,1.525995,-2.2896,training_point
09:58:25.846,2,-2.641953,1.421387,-2.397115,training_point
09:58:25.847,1,-1.889788,1.526521,-2.289893,training_point
09:58:25.945,2,-2.64228,1.420816,-2.398216,training_point
09:58:25.945,1,-1.88761,1.526663,-2.289713,training_point
09:58:26.045,2,-2.642203,1.421446,-2.398268,training_point
09:58:26.045,1,-1.884975,1.526601,-2.289188,training_point
09:58:26.144,2,-2.642286,1.421283,-2.398655,training_point
09:58:26.145,1,-1.884264,1.526313,-2.289355,training_point
09:58:26.244,2,-2.641955,1.420772,-2.398554,training_point
09:58:26.244,1,-1.88317,1.525956,-2.289058,training_point
09:58:26.328,2,-2.641714,1.420688,-2.39892,training_point
09:58:26.329,1,-1.882756,1.525822,-2.289432,training_point
09:58:26.427,2,-2.64123,1.421002,-2.398865,training_point
09:58:26.427,1,-1.881345,1.525907,-2.289893,training_point
09:58:26.561,2,-2.640709,1.420738,-2.398923,training_point
09:58:26.561,1,-1.878362,1.525866,-2.290484,training_point
09:58:26.645,2,-2.640204,1.420394,-2.399127,training_point
09:58:26.645,1,-1.877706,1.525673,-2.291134,training_point
09:58:26.744,2,-2.638958,1.42066,-2.399155,training_point
09:58:26.744,1,-1.876861,1.525824,-2.29241,training_point
09:58:26.844,2,-2.638605,1.421944,-2.399903,training_point
09:58:26.844,1,-1.875777,1.525945,-2.293395,training_point
09:58:26.927,2,-2.638531,1.422764,-2.3999,training_point
09:58:26.927,1,-1.875199,1.525653,-2.294101,training_point
09:58:27.011,2,-2.637675,1.422622,-2.400446,training_point
09:58:27.011,1,-1.874273,1.526165,-2.294146,training_point
09:58:27.094,2,-2.637713,1.422305,-2.400956,training_point
09:58:27.094,1,-1.874063,1.526044,-2.295182,training_point
09:58:27.195,2,-2.637531,1.421614,-2.401147,training_point
09:58:27.195,1,-1.873898,1.526237,-2.295066,training_point
09:58:27.311,2,-2.637586,1.422188,-2.401845,training_point
09:58:27.312,1,-1.873539,1.52617,-2.295344,training_point
09:58:27.411,2,-2.637477,1.423062,-2.40235,training_point
09:58:27.411,1,-1.872152,1.52629,-2.295616,training_point
09:58:27.512,2,-2.63724,1.421016,-2.402444,training_point
09:58:27.513,1,-1.87189,1.525967,-2.295445,training_point
09:58:27.611,2,-2.638334,1.420407,-2.403185,training_point
09:58:27.611,1,-1.871569,1.525955,-2.294682,training_point
09:58:27.711,2,-2.637958,1.420683,-2.403824,training_point
09:58:27.711,1,-1.870404,1.525992,-2.294165,training_point
09:58:27.812,2,-2.638899,1.419737,-2.404151,training_point
09:58:27.812,1,-1.870136,1.525799,-2.294125,training_point
09:58:27.911,2,-2.637489,1.420121,-2.405992,training_point
09:58:27.911,1,-1.869735,1.525717,-2.293104,training_point
09:58:28.011,2,-2.636938,1.419296,-2.406887,training_point
09:58:28.011,1,-1.868787,1.525435,-2.292754,training_point
09:58:28.111,2,-2.636634,1.419332,-2.407024,training_point
09:58:28.111,1,-1.86719,1.525031,-2.291103,training_point
09:58:28.194,2,-2.637117,1.419297,-2.40656,training_point
09:58:28.194,1,-1.866707,1.524837,-2.290344,training_point
09:58:28.277,2,-2.636878,1.419263,-2.406959,training_point
09:58:28.277,1,-1.865439,1.524221,-2.288293,training_point
09:58:28.361,2,-2.636698,1.419464,-2.406862,training_point
09:58:28.361,1,-1.864991,1.523802,-2.287923,training_point
09:58:28.462,2,-2.636751,1.419942,-2.40676,training_point
09:58:28.462,1,-1.864181,1.523824,-2.287543,training_point
09:58:28.562,2,-2.6369,1.41913,-2.406716,training_point
09:58:28.562,1,-1.863473,1.523652,-2.286941,training_point
09:58:28.661,2,-2.636971,1.418525,-2.406545,training_point
09:58:28.662,1,-1.863591,1.523553,-2.286939,training_point
09:58:28.761,2,-2.636904,1.418056,-2.406725,training_point
09:58:28.761,1,-1.862769,1.523396,-2.286413,training_point
09:58:28.844,2,-2.63691,1.416386,-2.406946,training_point
09:58:28.844,1,-1.861793,1.523374,-2.285666,training_point
09:58:28.946,2,-2.63673,1.416419,-2.406992,training_point
09:58:28.946,1,-1.861433,1.523244,-2.28537,training_point
09:58:29.044,2,-2.636367,1.419016,-2.407027,training_point
09:58:29.044,1,-1.860865,1.522992,-2.286111,training_point
09:58:29.127,2,-2.635659,1.418401,-2.407405,training_point
09:58:29.127,1,-1.86084,1.522585,-2.286006,training_point
09:58:29.211,2,-2.635619,1.418025,-2.407753,training_point
09:58:29.211,1,-1.860303,1.522505,-2.286181,training_point
09:58:29.296,2,-2.63495,1.417565,-2.40799,training_point
09:58:29.296,1,-1.860014,1.522499,-2.285409,training_point
09:58:29.394,2,-2.634482,1.417396,-2.40865,training_point
09:58:29.395,1,-1.859701,1.52217,-2.284973,training_point
09:58:29.494,2,-2.633555,1.416973,-2.409081,training_point
09:58:29.494,1,-1.85897,1.522405,-2.284838,training_point
09:58:29.595,2,-2.632838,1.41719,-2.408729,training_point
09:58:29.595,1,-1.85894,1.522587,-2.284978,training_point
09:58:29.694,2,-2.631211,1.417621,-2.408772,training_point
09:58:29.694,1,-1.859189,1.522637,-2.2859,training_point
09:58:29.777,2,-2.630036,1.417777,-2.408533,training_point
09:58:29.777,1,-1.859231,1.522753,-2.285757,training_point
09:58:29.877,2,-2.62853,1.41825,-2.408652,training_point
09:58:29.878,1,-1.859285,1.522593,-2.285629,training_point
09:58:29.978,2,-2.627905,1.418673,-2.408484,training_point
09:58:29.979,1,-1.85865,1.522964,-2.284518,training_point
09:58:30.077,2,-2.627053,1.418701,-2.408557,training_point
09:58:30.077,1,-1.857717,1.522903,-2.282872,training_point
09:58:30.178,2,-2.626783,1.418474,-2.408407,training_point
09:58:30.178,1,-1.85748,1.523734,-2.282747,training_point
09:58:30.277,2,-2.625079,1.418493,-2.408987,training_point
09:58:30.277,1,-1.857107,1.524188,-2.281814,training_point
09:58:30.361,2,-2.62494,1.418353,-2.408886,training_point
09:58:30.361,1,-1.856698,1.524035,-2.281473,training_point
09:58:30.444,2,-2.624692,1.41835,-2.409252,training_point
09:58:30.444,1,-1.85571,1.524358,-2.28054,training_point
09:58:30.527,2,-2.624885,1.417973,-2.409257,training_point
09:58:30.528,1,-1.854482,1.5243,-2.2797,training_point
09:58:30.611,2,-2.625199,1.417666,-2.409528,training_point
09:58:30.611,1,-1.854195,1.524562,-2.279646,training_point
09:58:30.694,2,-2.625157,1.417034,-2.409649,training_point
09:58:30.694,1,-1.853768,1.524159,-2.279284,training_point
09:58:30.795,2,-2.624426,1.416637,-2.409321,training_point
09:58:30.795,1,-1.853125,1.523796,-2.27831,training_point
09:58:30.894,2,-2.623832,1.41778,-2.409228,training_point
09:58:30.894,1,-1.85231,1.52347,-2.277945,training_point
09:58:30.978,2,-2.623539,1.416291,-2.409203,training_point
09:58:30.978,1,-1.851788,1.523752,-2.278027,training_point
09:58:31.078,2,-2.623699,1.416074,-2.409077,training_point
09:58:31.078,1,-1.851188,1.523716,-2.277956,training_point
09:58:31.178,2,-2.623477,1.416622,-2.408596,training_point
09:58:31.178,1,-1.850603,1.524035,-2.277738,training_point
09:58:31.277,2,-2.623335,1.415291,-2.40873,training_point
09:58:31.277,1,-1.850764,1.523704,-2.278322,training_point
09:58:31.361,2,-2.623352,1.415673,-2.408892,training_point
09:58:31.361,1,-1.850725,1.524016,-2.278609,training_point
09:58:31.462,2,-2.622939,1.415567,-2.409617,training_point
09:58:31.462,1,-1.850588,1.524066,-2.279309,training_point
09:58:31.561,2,-2.623055,1.416122,-2.410088,training_point
09:58:31.562,1,-1.849845,1.524391,-2.280232,training_point
09:58:31.661,2,-2.623672,1.415746,-2.410232,training_point
09:58:31.661,1,-1.849507,1.524721,-2.280544,training_point
09:58:31.744,2,-2.62401,1.414986,-2.410823,training_point
09:58:31.744,1,-1.85002,1.526746,-2.281623,training_point
09:58:31.847,2,-2.623839,1.413466,-2.411456,training_point
09:58:31.847,1,-1.850154,1.527389,-2.282361,training_point
09:58:31.945,2,-2.624104,1.413188,-2.411852,training_point
09:58:31.945,1,-1.850362,1.527621,-2.283139,training_point
09:58:32.044,2,-2.623573,1.413644,-2.412391,training_point
09:58:32.044,1,-1.850082,1.528555,-2.2835,training_point
09:58:32.128,2,-2.622607,1.412925,-2.412654,training_point
09:58:32.129,1,-1.849834,1.528375,-2.283654,training_point
09:58:32.211,2,-2.623187,1.413168,-2.413101,training_point
09:58:32.211,1,-1.849044,1.530123,-2.283462,training_point
09:58:32.295,2,-2.623199,1.413109,-2.412988,training_point
09:58:32.295,1,-1.849803,1.52974,-2.284874,training_point
09:58:32.395,2,-2.623339,1.413141,-2.413388,training_point
09:58:32.395,1,-1.849717,1.52977,-2.284838,training_point
09:58:32.495,2,-2.623417,1.413394,-2.413339,training_point
09:58:32.495,1,-1.849444,1.529534,-2.284537,training_point
09:58:32.577,2,-2.625283,1.41361,-2.414153,training_point
09:58:32.577,1,-1.849669,1.529502,-2.28503,training_point
09:58:32.661,2,-2.626143,1.413886,-2.41418,training_point
09:58:32.662,1,-1.84948,1.529202,-2.284886,training_point
09:58:32.744,2,-2.6258,1.414718,-2.414979,training_point
09:58:32.744,1,-1.849449,1.528912,-2.284702,training_point
09:58:32.828,2,-2.626382,1.41515,-2.415022,training_point
09:58:32.828,1,-1.849454,1.528738,-2.284347,training_point
09:58:32.911,2,-2.625576,1.415288,-2.415632,training_point
09:58:32.911,1,-1.849763,1.529306,-2.284059,training_point
09:58:32.995,2,-2.624543,1.415142,-2.41623,training_point
09:58:32.995,1,-1.849917,1.529182,-2.283777,training_point
09:58:33.077,2,-2.624531,1.415107,-2.417139,training_point
09:58:33.078,1,-1.850025,1.528464,-2.283833,training_point
09:58:33.211,2,-2.626275,1.414827,-2.41789,training_point
09:58:33.211,1,-1.849814,1.528327,-2.282946,training_point
09:58:33.295,2,-2.626687,1.414403,-2.417945,training_point
09:58:33.295,1,-1.849816,1.527933,-2.282286,training_point
09:58:33.377,2,-2.625393,1.413869,-2.418495,training_point
09:58:33.377,1,-1.849966,1.528311,-2.281758,training_point
09:58:33.462,2,-2.625701,1.411956,-2.418671,training_point
09:58:33.462,1,-1.849798,1.528779,-2.281559,training_point
09:58:33.562,2,-2.626055,1.410009,-2.419077,training_point
09:58:33.562,1,-1.849885,1.528437,-2.280862,training_point
09:58:33.644,2,-2.626482,1.409181,-2.419394,training_point
09:58:33.644,1,-1.849961,1.528775,-2.280057,training_point
09:58:33.727,2,-2.627222,1.41099,-2.419702,training_point
09:58:33.728,1,-1.849848,1.52824,-2.279828,training_point
09:58:33.811,2,-2.627781,1.412474,-2.419871,training_point
09:58:33.811,1,-1.850077,1.528307,-2.279558,training_point
09:58:33.894,2,-2.62835,1.409101,-2.419559,training_point
09:58:33.894,1,-1.85027,1.527565,-2.279252,training_point
09:58:33.977,2,-2.628585,1.408307,-2.419387,training_point
09:58:33.978,1,-1.850534,1.527597,-2.278778,training_point
09:58:34.061,2,-2.628759,1.407539,-2.418997,training_point
09:58:34.061,1,-1.850453,1.528283,-2.278494,training_point
09:58:34.144,2,-2.629185,1.408239,-2.41814,training_point
09:58:34.144,1,-1.851361,1.527812,-2.278558,training_point
09:58:34.228,2,-2.629374,1.409857,-2.418043,training_point
09:58:34.228,1,-1.851866,1.527491,-2.278105,training_point
09:58:34.328,2,-2.629548,1.40928,-2.417237,training_point
09:58:34.329,1,-1.853093,1.527094,-2.279131,training_point
09:58:34.411,2,-2.629479,1.408407,-2.416954,training_point
09:58:34.411,1,-1.85375,1.52709,-2.279453,training_point
09:58:34.561,2,-2.628766,1.408109,-2.416377,training_point
09:58:34.561,1,-1.854083,1.526639,-2.279906,training_point
09:58:34.694,2,-2.628986,1.407732,-2.41634,training_point
09:58:34.694,1,-1.855066,1.526337,-2.280664,training_point
09:58:34.844,2,-2.629185,1.407536,-2.416214,training_point
09:58:34.844,1,-1.85489,1.52619,-2.282425,training_point
09:58:34.928,2,-2.629176,1.407154,-2.416235,training_point
09:58:34.928,1,-1.854408,1.526351,-2.283211,training_point
09:58:35.011,2,-2.62914,1.406774,-2.416422,training_point
09:58:35.011,1,-1.854418,1.526422,-2.284301,training_point
09:58:35.095,2,-2.629097,1.406779,-2.416552,training_point
09:58:35.095,1,-1.854342,1.526427,-2.28491,training_point
09:58:35.177,2,-2.629049,1.406284,-2.416652,training_point
09:58:35.178,1,-1.853486,1.526481,-2.286366,training_point
09:58:35.311,2,-2.629704,1.406109,-2.417158,training_point
09:58:35.311,1,-1.851757,1.526742,-2.287286,training_point
09:58:35.394,2,-2.629637,1.406179,-2.417422,training_point
09:58:35.394,1,-1.85102,1.526209,-2.287405,training_point
09:58:35.495,2,-2.629076,1.406268,-2.417573,training_point
09:58:35.495,1,-1.850105,1.526294,-2.288111,training_point
09:58:35.577,2,-2.627747,1.406289,-2.418057,training_point
09:58:35.578,1,-1.847227,1.526438,-2.289856,training_point
09:58:35.711,2,-2.626821,1.406079,-2.418358,training_point
09:58:35.711,1,-1.84531,1.526435,-2.290461,training_point
09:58:35.844,2,-2.625791,1.405608,-2.418219,training_point
09:58:35.844,1,-1.843733,1.526789,-2.290556,training_point
09:58:35.995,2,-2.625347,1.406045,-2.418716,training_point
09:58:35.995,1,-1.842031,1.526473,-2.291208,training_point
09:58:36.077,2,-2.624982,1.406241,-2.419014,training_point
09:58:36.078,1,-1.841498,1.526366,-2.291078,training_point
09:58:36.211,2,-2.623929,1.406415,-2.420248,training_point
09:58:36.211,1,-1.838669,1.526292,-2.291888,training_point
09:58:36.295,2,-2.623739,1.408887,-2.420285,training_point
09:58:36.296,1,-1.83812,1.526281,-2.291831,training_point
09:58:36.377,2,-2.624015,1.41278,-2.420853,training_point
09:58:36.378,1,-1.836425,1.526002,-2.29206,training_point
09:58:36.511,2,-2.62341,1.413146,-2.421604,training_point
09:58:36.511,1,-1.834815,1.527022,-2.292605,training_point
09:58:36.644,2,-2.622951,1.414084,-2.421723,training_point
09:58:36.644,1,-1.83198,1.526746,-2.29326,training_point
09:58:36.728,2,-2.622901,1.416814,-2.421907,training_point
09:58:36.729,1,-1.830119,1.526763,-2.293557,training_point
09:58:36.811,2,-2.624405,1.415125,-2.4231,training_point
09:58:36.811,1,-1.82683,1.527521,-2.295618,training_point
09:58:36.944,2,-2.624369,1.412414,-2.423728,training_point
09:58:36.944,1,-1.818931,1.526663,-2.298893,training_point
09:58:37.027,2,-2.624916,1.411792,-2.4245,training_point
09:58:37.028,1,-1.814136,1.52678,-2.300365,training_point
09:58:37.111,2,-2.624721,1.414279,-2.425015,training_point
09:58:37.111,1,-1.803288,1.52692,-2.304977,training_point
09:58:37.195,2,-2.624668,1.413367,-2.425445,training_point
09:58:37.196,1,-1.799295,1.526868,-2.306031,training_point
09:58:37.295,2,-2.624648,1.415547,-2.425561,training_point
09:58:37.295,1,-1.789299,1.527266,-2.309142,training_point
09:58:37.377,2,-2.623953,1.417314,-2.425814,training_point
09:58:37.378,1,-1.779212,1.527125,-2.310752,training_point
09:58:37.478,2,-2.624078,1.418149,-2.426423,training_point
09:58:37.479,1,-1.771748,1.52653,-2.315302,training_point
09:58:37.577,2,-2.62519,1.414919,-2.427176,training_point
09:58:37.578,1,-1.762269,1.526921,-2.318894,training_point
09:58:37.661,2,-2.625302,1.414706,-2.426787,training_point
09:58:37.661,1,-1.758655,1.527197,-2.322287,training_point
09:58:37.744,2,-2.625397,1.417277,-2.426648,training_point
09:58:37.744,1,-1.754298,1.527215,-2.328269,training_point
09:58:37.827,2,-2.624616,1.417948,-2.427392,training_point
09:58:37.828,1,-1.753294,1.527143,-2.333245,training_point
09:58:37.961,2,-2.624501,1.417483,-2.427457,training_point
09:58:37.961,1,-1.759276,1.527316,-2.355525,training_point
09:58:38.094,2,-2.623665,1.417968,-2.428057,training_point
09:58:38.094,1,-1.780419,1.527451,-2.386624,training_point
09:58:38.227,2,-2.623758,1.417431,-2.428125,training_point
09:58:38.228,1,-1.811356,1.527446,-2.42913,training_point
09:58:38.312,2,-2.624444,1.416818,-2.428195,training_point
09:58:38.312,1,-1.835405,1.526977,-2.45465,training_point
09:58:38.394,2,-2.624462,1.416184,-2.427992,training_point
09:58:38.394,1,-1.878258,1.52703,-2.50476,training_point
09:58:38.527,2,-2.624444,1.416,-2.427324,training_point
09:58:38.528,1,-1.935627,1.527199,-2.57404,training_point
09:58:38.661,2,-2.624289,1.415681,-2.427853,training_point
09:58:38.661,1,-1.990023,1.527118,-2.642889,training_point
09:58:38.745,2,-2.624155,1.414914,-2.427738,training_point
09:58:38.745,1,-2.007059,1.52667,-2.669152,training_point
09:58:38.827,2,-2.624751,1.414683,-2.427689,training_point
09:58:38.828,1,-2.024541,1.52702,-2.702356,training_point
09:58:38.912,2,-2.624773,1.414435,-2.427563,training_point
09:58:38.912,1,-2.030668,1.526964,-2.716959,training_point
09:58:38.994,2,-2.624183,1.414969,-2.427783,training_point
09:58:38.994,1,-2.03427,1.526821,-2.735255,training_point
09:58:39.127,2,-2.624267,1.415548,-2.428569,training_point
09:58:39.128,1,-2.030039,1.526789,-2.752129,training_point
09:58:39.261,2,-2.62491,1.415591,-2.428664,training_point
09:58:39.261,1,-2.015772,1.527227,-2.761179,training_point
09:58:39.344,2,-2.624724,1.415409,-2.428402,training_point
09:58:39.344,1,-2.006573,1.527777,-2.763636,training_point
09:58:39.427,2,-2.625292,1.415443,-2.428658,training_point
09:58:39.428,1,-1.991912,1.527336,-2.765652,training_point
09:58:39.528,2,-2.625075,1.415619,-2.428997,training_point
09:58:39.529,1,-1.981418,1.527132,-2.766192,training_point
09:58:39.611,2,-2.624726,1.415727,-2.428849,training_point
09:58:39.611,1,-1.970025,1.526975,-2.766526,training_point
09:58:39.694,2,-2.624794,1.415826,-2.428503,training_point
09:58:39.694,1,-1.964525,1.526773,-2.766166,training_point
09:58:39.778,2,-2.623987,1.413397,-2.428007,training_point
09:58:39.778,1,-1.952181,1.526886,-2.767613,training_point
09:58:39.861,2,-2.623549,1.413512,-2.427753,training_point
09:58:39.861,1,-1.94365,1.526994,-2.768187,training_point
09:58:39.945,2,-2.623435,1.413961,-2.427383,training_point
09:58:39.945,1,-1.934639,1.526432,-2.769207,training_point
09:58:40.027,2,-2.623689,1.416072,-2.426304,training_point
09:58:40.028,1,-1.927373,1.525454,-2.770556,training_point
09:58:40.111,2,-2.621604,1.417873,-2.425126,training_point
09:58:40.111,1,-1.918513,1.524583,-2.772207,training_point
09:58:40.195,2,-2.622476,1.418564,-2.424838,training_point
09:58:40.195,1,-1.913653,1.52435,-2.773438,training_point
09:58:40.277,2,-2.622375,1.41934,-2.424382,training_point
09:58:40.278,1,-1.907771,1.524042,-2.77623,training_point
09:58:40.362,2,-2.622341,1.41996,-2.42411,training_point
09:58:40.362,1,-1.906506,1.524206,-2.778118,training_point
09:58:40.444,2,-2.622715,1.420332,-2.423885,training_point
09:58:40.444,1,-1.907363,1.524109,-2.782423,training_point
09:58:40.530,2,-2.622867,1.420593,-2.423675,training_point
09:58:40.530,1,-1.911931,1.524202,-2.786907,training_point
09:58:40.611,2,-2.623025,1.419676,-2.42314,training_point
09:58:40.611,1,-1.928655,1.52437,-2.797927,training_point
09:58:40.744,2,-2.622019,1.419552,-2.422953,training_point
09:58:40.744,1,-1.96534,1.524428,-2.824527,training_point
09:58:40.877,2,-2.619221,1.420023,-2.422124,training_point
09:58:40.878,1,-2.024082,1.524277,-2.861643,training_point
09:58:40.961,2,-2.615469,1.419922,-2.421666,training_point
09:58:40.962,1,-2.059362,1.524741,-2.884755,training_point
09:58:41.044,2,-2.613313,1.417332,-2.42201,training_point
09:58:41.044,1,-2.114098,1.524481,-2.927572,training_point
09:58:41.128,2,-2.612209,1.418336,-2.421593,training_point
09:58:41.129,1,-2.146558,1.525794,-2.953957,training_point
09:58:41.228,2,-2.604827,1.417867,-2.421388,training_point
09:58:41.229,1,-2.187634,1.526547,-2.985338,training_point
09:58:41.328,2,-2.593825,1.418825,-2.424415,training_point
09:58:41.329,1,-2.221838,1.525604,-3.010801,training_point
09:58:41.411,2,-2.587193,1.418542,-2.427177,training_point
09:58:41.411,1,-2.250779,1.525583,-3.05596,training_point
09:58:41.494,2,-2.586274,1.418732,-2.428015,training_point
09:58:41.495,1,-2.255788,1.524886,-3.06089,training_point
09:58:41.578,2,-2.585305,1.419728,-2.430014,training_point
09:58:41.578,1,-2.260977,1.525513,-3.068768,training_point
09:58:41.728,2,-2.579084,1.416963,-2.429427,training_point
09:58:41.729,1,-2.262647,1.524417,-3.073163,training_point
09:58:41.811,2,-2.576209,1.416031,-2.426707,training_point
09:58:41.811,1,-2.250275,1.526231,-3.07293,training_point
09:58:41.944,2,-2.573634,1.415036,-2.385978,training_point
09:58:41.944,1,-2.210157,1.525822,-3.066088,training_point
09:58:42.028,2,-2.558065,1.412736,-2.378641,training_point
09:58:42.029,1,-2.182012,1.526406,-3.063184,training_point
09:58:42.128,2,-2.539752,1.414327,-2.369216,training_point
09:58:42.129,1,-2.124557,1.526391,-3.054873,training_point
09:58:42.211,2,-2.518297,1.414915,-2.355955,training_point
09:58:42.211,1,-2.054633,1.526596,-3.043911,training_point
09:58:42.295,2,-2.499972,1.417115,-2.346725,training_point
09:58:42.296,1,-2.002504,1.523816,-3.034017,training_point
09:58:42.377,2,-2.472963,1.416766,-2.336532,training_point
09:58:42.378,1,-1.92155,1.525921,-3.02187,training_point
09:58:42.511,2,-2.438124,1.416099,-2.322525,training_point
09:58:42.511,1,-1.828374,1.522577,-3.002813,training_point
09:58:42.595,2,-2.417323,1.415169,-2.312249,training_point
09:58:42.595,1,-1.793661,1.530665,-2.993628,training_point
09:58:42.678,2,-2.392809,1.415959,-2.298933,training_point
09:58:42.678,1,-1.742621,1.529391,-2.971776,training_point
09:58:42.762,2,-2.381485,1.416402,-2.290295,training_point
09:58:42.762,1,-1.708936,1.528484,-2.952863,training_point
09:58:42.844,2,-2.36377,1.41738,-2.278527,training_point
09:58:42.845,1,-1.653784,1.533409,-2.920161,training_point
09:58:42.928,2,-2.35044,1.415895,-2.271956,training_point
09:58:42.928,1,-1.620157,1.541102,-2.898833,training_point
09:58:43.011,2,-2.335421,1.41574,-2.264785,training_point
09:58:43.011,1,-1.551631,1.541512,-2.852445,training_point
09:58:43.095,2,-2.324399,1.416436,-2.25912,training_point
09:58:43.096,1,-1.510661,1.539945,-2.82052,training_point
09:58:43.177,2,-2.313938,1.417775,-2.253118,training_point
09:58:43.178,1,-1.448259,1.538249,-2.769667,training_point
09:58:43.328,2,-2.291421,1.417221,-2.249193,training_point
09:58:43.329,1,-1.378094,1.538502,-2.714392,training_point
09:58:43.411,2,-2.264141,1.418792,-2.247714,training_point
09:58:43.411,1,-1.347556,1.539877,-2.691002,training_point
09:58:43.494,2,-2.245534,1.417224,-2.246944,training_point
09:58:43.495,1,-1.308347,1.542947,-2.670129,training_point
09:58:43.578,2,-2.216766,1.417043,-2.246122,training_point
09:58:43.578,1,-1.272973,1.54494,-2.645063,training_point
09:58:43.661,2,-2.191565,1.416025,-2.247759,training_point
09:58:43.661,1,-1.246206,1.54738,-2.627499,training_point
09:58:43.745,2,-2.16141,1.41584,-2.248528,training_point
09:58:43.745,1,-1.199828,1.548127,-2.606765,training_point
09:58:43.827,2,-2.144537,1.416206,-2.249324,training_point
09:58:43.828,1,-1.175001,1.548632,-2.596522,training_point
09:58:43.978,2,-2.119205,1.416703,-2.250649,training_point
09:58:43.978,1,-1.105995,1.548974,-2.557756,training_point
09:58:44.128,2,-2.099091,1.415999,-2.254512,training_point
09:58:44.129,1,-1.064567,1.549743,-2.541327,training_point
09:58:44.211,2,-2.087316,1.414328,-2.257723,training_point
09:58:44.211,1,-1.036293,1.550484,-2.524252,training_point
09:58:44.344,2,-2.070428,1.418403,-2.262447,training_point
09:58:44.344,1,-0.968856,1.551635,-2.500923,training_point
09:58:44.428,2,-2.060412,1.417364,-2.267735,training_point
09:58:44.429,1,-0.993848,1.551987,-2.469348,training_point
09:58:44.511,2,-2.044509,1.416654,-2.273499,training_point
09:58:44.511,1,-0.973117,1.551627,-2.428675,training_point
09:58:44.644,2,-2.017237,1.415408,-2.282528,training_point
09:58:44.644,1,-0.952711,1.551442,-2.352124,training_point
09:58:44.778,2,-1.98796,1.415245,-2.289831,training_point
09:58:44.778,1,-0.941308,1.551688,-2.239763,training_point
09:58:44.911,2,-1.960606,1.41442,-2.29855,training_point
09:58:44.911,1,-0.946371,1.551619,-2.152239,training_point
09:58:45.011,2,-1.946426,1.414579,-2.302453,training_point
09:58:45.011,1,-0.943591,1.552494,-2.115572,training_point
09:58:45.095,2,-1.924719,1.413947,-2.309289,training_point
09:58:45.095,1,-0.923442,1.550604,-2.085724,training_point
09:58:45.178,2,-1.904045,1.417805,-2.31628,training_point
09:58:45.178,1,-0.925493,1.546699,-2.049357,training_point
09:58:45.261,2,-1.893146,1.419934,-2.319732,training_point
09:58:45.261,1,-0.864611,1.543794,-2.017272,training_point
09:58:45.345,2,-1.879727,1.419044,-2.326891,training_point
09:58:45.345,1,-0.851577,1.543912,-1.982467,training_point
09:58:45.428,2,-1.871257,1.417852,-2.331448,training_point
09:58:45.428,1,-0.823713,1.544979,-1.968256,training_point
09:58:45.511,2,-1.861375,1.415167,-2.335358,training_point
09:58:45.511,1,-0.851272,1.548781,-1.96074,training_point
09:58:45.595,2,-1.855801,1.417038,-2.338219,training_point
09:58:45.596,1,-0.847123,1.551179,-1.961442,training_point
09:58:45.678,2,-1.849047,1.417309,-2.340143,training_point
09:58:45.678,1,-0.826273,1.57192,-1.957854,training_point
09:58:45.811,2,-1.841866,1.412685,-2.342155,training_point
09:58:45.811,1,-0.803934,1.576354,-1.948723,training_point
09:58:45.895,2,-1.839986,1.408837,-2.342667,training_point
09:58:45.896,1,-0.797841,1.578882,-1.946778,training_point
09:58:45.978,2,-1.835781,1.40856,-2.343346,training_point
09:58:45.978,1,-0.784248,1.580618,-1.937758,training_point
09:58:46.061,2,-1.832502,1.40819,-2.343628,training_point
09:58:46.061,1,-0.762377,1.584492,-1.920093,training_point
09:58:46.161,2,-1.829228,1.448049,-2.344394,training_point
09:58:46.161,1,-0.753643,1.572094,-1.858182,training_point
09:58:46.244,2,-1.826618,1.446048,-2.345009,training_point
09:58:46.244,1,-0.75135,1.574447,-1.924993,training_point
09:58:46.328,2,-1.82479,1.442421,-2.344602,training_point
09:58:46.328,1,-0.717343,1.575241,-1.86326,training_point
09:58:46.461,2,-1.822715,1.444609,-2.344469,training_point
09:58:46.461,1,-0.762561,1.571561,-1.877871,training_point
09:58:46.594,2,-1.821857,1.443639,-2.34466,training_point
09:58:46.594,1,-0.746794,1.566647,-1.912402,training_point
09:58:46.728,2,-1.821185,1.445876,-2.344493,training_point
09:58:46.728,1,-0.678286,1.565825,-1.879952,training_point
09:58:46.861,2,-1.821434,1.446836,-2.343924,training_point
09:58:46.861,1,-0.679851,1.568002,-1.874002,training_point
09:58:46.994,2,-1.822727,1.452553,-2.343243,training_point
09:58:46.994,1,-0.719865,1.571309,-1.943055,training_point
09:58:47.145,2,-1.825994,1.454869,-2.342645,training_point
09:58:47.145,1,-0.671491,1.574336,-1.88088,training_point
09:58:47.228,2,-1.826818,1.455035,-2.342564,training_point
09:58:47.229,1,-0.672539,1.572965,-1.880328,training_point
09:58:47.311,2,-1.829111,1.45304,-2.342932,training_point
09:58:47.311,1,-0.721781,1.569405,-1.882074,training_point
09:58:47.462,2,-1.832809,1.44652,-2.341532,training_point
09:58:47.462,1,-0.727425,1.565953,-1.875916,training_point
09:58:47.544,2,-1.835356,1.445272,-2.340672,training_point
09:58:47.544,1,-0.7226,1.55728,-1.878955,training_point
09:58:47.695,2,-1.839082,1.449706,-2.340027,training_point
09:58:47.696,1,-0.693876,1.548741,-1.867228,training_point
09:58:47.778,2,-1.842418,1.452321,-2.338607,training_point
09:58:47.778,1,-0.714583,1.548642,-1.885734,training_point
09:58:47.911,2,-1.846083,1.452297,-2.337771,training_point
09:58:47.911,1,-0.716513,1.544598,-1.88433,training_point
09:58:47.995,2,-1.849833,1.451244,-2.336174,training_point
09:58:47.996,1,-0.726254,1.542135,-1.890397,training_point
09:58:48.078,2,-1.853036,1.450447,-2.335902,training_point
09:58:48.078,1,-0.729412,1.53681,-1.872118,training_point
09:58:48.211,2,-1.8566,1.448605,-2.335178,training_point
09:58:48.211,1,-0.733579,1.529683,-1.877101,training_point
09:58:48.294,2,-1.858798,1.446563,-2.334649,training_point
09:58:48.295,1,-0.731928,1.522464,-1.876781,training_point
09:58:48.378,2,-1.8614,1.444962,-2.33411,training_point
09:58:48.378,1,-0.748617,1.512257,-1.901742,training_point
09:58:48.511,2,-1.8635,1.441482,-2.333794,training_point
09:58:48.511,1,-0.729076,1.504177,-1.895886,training_point
09:58:48.595,2,-1.865137,1.440003,-2.333719,training_point
09:58:48.595,1,-0.727967,1.495273,-1.898108,training_point
09:58:48.678,2,-1.867391,1.43427,-2.334043,training_point
09:58:48.678,1,-0.696347,1.423879,-1.918922,training_point
09:58:48.811,2,-1.869283,1.433948,-2.33371,training_point
09:58:48.811,1,-0.721402,1.425061,-1.896388,training_point
09:58:48.895,2,-1.869951,1.432589,-2.334567,training_point
09:58:48.896,1,-0.73459,1.470467,-1.799121,training_point
09:58:48.978,2,-1.871147,1.432283,-2.335696,training_point
09:58:48.978,1,-0.742599,1.405149,-1.878901,training_point
09:58:49.062,2,-1.871326,1.431662,-2.336946,training_point
09:58:49.062,1,-0.712521,1.399462,-1.914289,training_point
09:58:49.144,2,-1.871423,1.432147,-2.339087,training_point
09:58:49.144,1,-0.717573,1.402002,-1.881535,training_point
09:58:49.278,2,-1.871493,1.432177,-2.342326,training_point
09:58:49.278,1,-0.743502,1.402877,-1.924127,training_point
09:58:49.429,2,-1.870733,1.431698,-2.345212,training_point
09:58:49.429,1,-0.773227,1.395694,-1.866257,training_point
09:58:49.529,2,-1.870947,1.433048,-2.34752,training_point
09:58:49.529,1,-0.711829,1.391411,-1.89014,training_point
09:58:49.628,2,-1.87054,1.432841,-2.349896,training_point
09:58:49.629,1,-0.75197,1.404829,-1.869737,training_point
09:58:49.711,2,-1.870611,1.43196,-2.351142,training_point
09:58:49.711,1,-0.685802,1.399063,-1.828298,training_point
09:58:49.795,2,-1.870769,1.431377,-2.351685,training_point
09:58:49.796,1,-0.740732,1.450524,-1.873035,training_point
09:58:49.878,2,-1.871583,1.431709,-2.352729,training_point
09:58:49.878,1,-0.690881,1.436119,-1.853737,training_point
09:58:50.011,2,-1.873325,1.431313,-2.353612,training_point
09:58:50.011,1,-0.724565,1.441967,-1.889709,training_point
09:58:50.095,2,-1.874936,1.432891,-2.353751,training_point
09:58:50.096,1,-0.723736,1.229237,-1.862384,training_point
09:58:50.178,2,-1.879246,1.433992,-2.3529,training_point
09:58:50.178,1,-0.728249,1.230858,-1.86089,training_point
09:58:50.311,2,-1.883991,1.435917,-2.352299,training_point
09:58:50.311,1,-0.728906,1.240158,-1.855724,training_point
09:58:50.394,2,-1.888376,1.43806,-2.352456,training_point
09:58:50.394,1,-0.708959,1.229232,-1.87971,training_point
09:58:50.478,2,-1.894531,1.438389,-2.35182,training_point
09:58:50.478,1,-0.734533,1.246892,-1.82207,training_point
09:58:50.561,2,-1.898507,1.438366,-2.351241,training_point
09:58:50.561,1,-0.732073,1.24918,-1.805508,training_point
09:58:50.645,2,-1.905178,1.438513,-2.350309,training_point
09:58:50.645,1,-0.715882,1.20813,-1.871487,training_point
09:58:50.728,2,-1.910036,1.438325,-2.350451,training_point
09:58:50.728,1,-0.722339,0.980776,-1.846188,training_point
09:58:50.829,2,-1.915457,1.438177,-2.34988,training_point
09:58:50.829,1,-0.719838,1.259734,-1.841275,training_point
09:58:50.911,2,-1.920211,1.438257,-2.350328,training_point
09:58:50.911,1,-0.714573,1.000597,-1.848134,training_point
09:58:51.044,2,-1.924404,1.438306,-2.350239,training_point
09:58:51.044,1,-0.704437,1.121229,-1.853573,training_point
09:58:51.129,2,-1.925708,1.438241,-2.350809,training_point
09:58:51.129,1,-0.712547,1.174135,-1.844432,training_point
09:58:51.228,2,-1.927217,1.438336,-2.35077,training_point
09:58:51.229,1,-0.712986,0.984948,-1.82504,training_point
09:58:51.311,2,-1.928376,1.438462,-2.350616,training_point
09:58:51.311,1,-0.644322,0.977664,-1.825488,training_point
09:58:51.395,2,-1.928817,1.438578,-2.350497,training_point
09:58:51.395,1,-0.729974,1.220676,-1.814428,training_point
09:58:51.478,2,-1.929256,1.438852,-2.350523,training_point
09:58:51.478,1,-0.670837,0.957443,-1.801521,training_point
09:58:51.561,2,-1.928575,1.438907,-2.350486,training_point
09:58:51.562,1,-0.671047,0.96189,-1.801276,training_point
09:58:51.644,2,-1.927674,1.439261,-2.350806,training_point
09:58:51.644,1,-0.674809,0.960082,-1.843271,training_point
09:58:51.728,2,-1.926531,1.439468,-2.351559,training_point
09:58:51.729,1,-0.742117,0.974076,-1.817304,training_point
09:58:51.829,2,-1.924459,1.439846,-2.351803,training_point
09:58:51.829,1,-0.711657,0.979579,-1.814275,training_point
09:58:51.911,2,-1.92171,1.440781,-2.352094,training_point
09:58:51.911,1,-0.633381,1.014684,-1.750953,training_point
09:58:51.995,2,-1.92066,1.441719,-2.351864,training_point
09:58:51.995,1,-0.664593,0.983433,-1.734772,training_point
09:58:52.078,2,-1.915967,1.442529,-2.352582,training_point
09:58:52.078,1,-0.761987,0.986965,-1.899386,training_point
09:58:52.161,2,-1.912598,1.443425,-2.352235,training_point
09:58:52.161,1,-0.730009,0.947233,-1.769705,training_point
09:58:52.244,2,-1.907384,1.443816,-2.352946,training_point
09:58:52.244,1,-0.749677,1.000851,-1.779313,training_point
09:58:52.378,2,-1.901351,1.444406,-2.352335,training_point
09:58:52.378,1,-0.78485,0.935509,-1.775058,training_point
09:58:52.529,2,-1.894123,1.444717,-2.351878,training_point
09:58:52.529,1,-0.813869,0.935981,-1.768765,training_point
09:58:52.629,2,-1.890174,1.444834,-2.351481,training_point
09:58:52.629,1,-0.826055,1.038985,-1.767311,training_point
09:58:52.711,2,-1.885174,1.445183,-2.350333,training_point
09:58:52.711,1,-0.843835,0.954432,-1.770774,training_point
09:58:52.795,2,-1.883483,1.445367,-2.349608,training_point
09:58:52.795,1,-0.853129,0.950433,-1.767875,training_point
09:58:52.878,2,-1.880899,1.445483,-2.348734,training_point
09:58:52.878,1,-0.858309,0.954605,-1.7613,training_point
09:58:52.962,2,-1.877902,1.44552,-2.348255,training_point
09:58:52.962,1,-0.859155,0.92282,-1.757111,training_point
09:58:53.062,2,-1.875142,1.445551,-2.347453,training_point
09:58:53.062,1,-0.859454,1.005676,-1.75609,training_point
09:58:53.144,2,-1.872719,1.445578,-2.347195,training_point
09:58:53.144,1,-0.859243,0.997679,-1.753804,training_point
09:58:53.228,2,-1.870904,1.445566,-2.346872,training_point
09:58:53.229,1,-0.864741,0.950794,-1.752164,training_point
09:58:53.311,2,-1.868056,1.445575,-2.346805,training_point
09:58:53.311,1,-0.864196,0.907442,-1.75137,training_point
09:58:53.394,2,-1.867021,1.445125,-2.346721,training_point
09:58:53.394,1,-0.864249,0.773274,-1.751645,training_point
09:58:53.479,2,-1.864515,1.444741,-2.346116,training_point
09:58:53.479,1,-0.864369,0.711728,-1.751949,training_point
09:58:53.561,2,-1.863473,1.444265,-2.345776,training_point
09:58:53.561,1,-0.868697,0.876815,-1.750546,training_point
09:58:53.694,2,-1.862822,1.444317,-2.345428,training_point
09:58:53.694,1,-0.873899,0.704042,-1.753915,training_point
09:58:53.779,2,-1.861993,1.444035,-2.345032,training_point
09:58:53.779,1,-0.873277,0.877047,-1.753563,training_point
09:58:53.861,2,-1.860913,1.444268,-2.344246,training_point
09:58:53.861,1,-0.873747,0.683357,-1.751182,training_point
09:58:53.994,2,-1.860329,1.444534,-2.344079,training_point
09:58:53.995,1,-0.872093,0.894281,-1.750711,training_point
09:58:54.078,2,-1.859967,1.445008,-2.343961,training_point
09:58:54.078,1,-0.86844,0.720187,-1.752123,training_point
09:58:54.161,2,-1.859817,1.445721,-2.344082,training_point
09:58:54.161,1,-0.867633,0.690721,-1.751091,training_point
09:58:54.245,2,-1.859658,1.447656,-2.344222,training_point
09:58:54.245,1,-0.86836,0.69118,-1.751359,training_point
09:58:54.328,2,-1.859669,1.449219,-2.344282,training_point
09:58:54.328,1,-0.869785,0.721018,-1.751316,training_point
09:58:54.412,2,-1.8597,1.450071,-2.344509,training_point
09:58:54.412,1,-0.872182,0.742722,-1.751504,training_point
09:58:54.494,2,-1.8598,1.451715,-2.344713,training_point
09:58:54.494,1,-0.872972,0.706086,-1.752026,training_point
09:58:54.628,2,-1.860734,1.452279,-2.34517,training_point
09:58:54.628,1,-0.87106,0.6822,-1.748817,training_point
09:58:54.712,2,-1.861094,1.453115,-2.345037,training_point
09:58:54.712,1,-0.870229,0.742339,-1.746563,training_point
09:58:54.812,2,-1.861882,1.453217,-2.345681,training_point
09:58:54.812,1,-0.866329,0.673264,-1.742475,training_point
09:58:54.894,2,-1.862252,1.453221,-2.345669,training_point
09:58:54.894,1,-0.860732,0.688767,-1.736026,training_point
09:58:55.028,2,-1.863045,1.45337,-2.345453,training_point
09:58:55.028,1,-0.848593,0.673783,-1.723976,training_point
09:58:55.161,2,-1.863691,1.453399,-2.345374,training_point
09:58:55.161,1,-0.841027,0.69704,-1.717973,training_point
09:58:55.312,2,-1.86558,1.453143,-2.345621,training_point
09:58:55.312,1,-0.835186,0.740829,-1.712747,training_point
09:58:55.394,2,-1.866966,1.452782,-2.345524,training_point
09:58:55.394,1,-0.828024,0.708953,-1.707841,training_point
09:58:55.479,2,-1.869271,1.452668,-2.344199,training_point
09:58:55.479,1,-0.829885,0.894217,-1.701141,training_point
09:58:55.578,2,-1.877827,1.452621,-2.339949,training_point
09:58:55.578,1,-0.84791,0.687942,-1.691431,training_point
09:58:55.662,2,-1.88233,1.452629,-2.338347,training_point
09:58:55.663,1,-0.868039,0.879152,-1.689819,training_point
09:58:55.744,2,-1.889861,1.452733,-2.33533,training_point
09:58:55.745,1,-0.917062,0.879648,-1.687921,training_point
09:58:55.829,2,-1.895162,1.452645,-2.333291,training_point
09:58:55.829,1,-0.958599,0.897484,-1.686316,training_point
09:58:55.928,2,-1.905156,1.452225,-2.33039,training_point
09:58:55.928,1,-1.047209,0.725589,-1.688106,training_point
09:58:56.011,2,-1.91511,1.452097,-2.328104,training_point
09:58:56.011,1,-1.133892,0.902117,-1.695397,training_point
09:58:56.095,2,-1.922808,1.451658,-2.325842,training_point
09:58:56.096,1,-1.200627,1.386178,-1.707682,training_point
09:58:56.178,2,-1.934897,1.451327,-2.322218,training_point
09:58:56.178,1,-1.296546,1.433203,-1.70627,training_point
09:58:56.262,2,-1.944463,1.450089,-2.319827,training_point
09:58:56.262,1,-1.338681,1.286179,-1.707398,training_point
09:58:56.344,2,-1.962372,1.449386,-2.313736,training_point
09:58:56.344,1,-1.4062,1.469637,-1.695036,training_point
09:58:56.429,2,-1.97845,1.44776,-2.31036,training_point
09:58:56.429,1,-1.43945,1.481317,-1.679569,training_point
09:58:56.529,2,-2.002939,1.446528,-2.303268,training_point
09:58:56.529,1,-1.519896,1.486582,-1.654222,training_point
09:58:56.611,2,-2.032491,1.445235,-2.2964,training_point
09:58:56.611,1,-1.60572,1.500708,-1.59555,training_point
09:58:56.744,2,-2.075756,1.444727,-2.286644,training_point
09:58:56.744,1,-1.711625,1.503796,-1.533239,training_point
09:58:56.828,2,-2.103172,1.444035,-2.281869,training_point
09:58:56.829,1,-1.675981,1.497262,-1.589703,training_point
09:58:56.911,2,-2.13109,1.443561,-2.276959,training_point
09:58:56.995,2,-2.156849,1.487019,-2.27275,training_point
09:58:57.078,2,-2.19703,1.443008,-2.270099,training_point
09:58:57.161,2,-2.231131,1.480937,-2.268085,training_point
09:58:57.245,2,-2.264933,1.442296,-2.268464,training_point
09:58:57.328,2,-2.291789,1.475397,-2.264857,training_point
09:58:57.412,2,-2.335608,1.442069,-2.261559,training_point
09:58:57.511,2,-2.365465,1.475015,-2.254237,training_point
09:58:57.595,2,-2.410535,1.4413,-2.243053,training_point
09:58:57.678,2,-2.458435,1.475033,-2.229582,training_point
09:58:57.762,2,-2.514939,1.440648,-2.214469,training_point
09:58:57.845,2,-2.568468,1.479736,-2.199285,training_point
09:58:57.928,2,-2.621133,1.440194,-2.187916,training_point
09:58:58.011,2,-2.697333,1.47229,-2.171279,training_point
09:58:58.095,2,-2.74525,1.440176,-2.161306,training_point
09:58:58.178,2,-2.787602,1.475876,-2.157886,training_point
09:58:58.311,2,-2.84217,1.439853,-2.155087,training_point
09:58:58.444,2,-2.95166,1.474931,-2.165988,training_point
09:58:58.578,2,-3.034697,1.439919,-2.18126,training_point
09:58:58.711,2,-3.146794,1.47802,-2.218129,training_point
09:58:58.795,2,-3.188772,1.439801,-2.232658,training_point
09:58:58.878,2,-3.257914,1.47722,-2.259326,training_point
09:58:58.962,2,-3.300884,1.439832,-2.275764,training_point
09:58:59.045,2,-3.348104,1.477659,-2.290976,training_point
09:58:59.128,2,-3.374036,1.440064,-2.297499,training_point
09:58:59.211,2,-3.414751,1.475014,-2.304944,training_point
09:58:59.211,1,-3.222356,1.440033,-1.350487,training_point
09:58:59.295,2,-3.435854,1.475065,-2.304707,training_point
09:58:59.296,1,-3.229356,1.440148,-1.33844,training_point
09:58:59.378,2,-3.473194,1.470586,-2.307359,training_point
09:58:59.378,1,-3.236902,1.440193,-1.337502,training_point
09:58:59.462,2,-3.487752,1.467072,-2.304881,training_point
09:58:59.463,1,-3.241794,1.440071,-1.34168,training_point
09:58:59.544,2,-3.513971,1.469876,-2.2984,training_point
09:58:59.545,1,-3.243125,1.440127,-1.341122,training_point
09:58:59.694,2,-3.555942,1.471237,-2.283972,training_point
09:58:59.695,1,-3.240187,1.440141,-1.342414,training_point
09:58:59.778,2,-3.5853,1.476976,-2.267321,training_point
09:58:59.778,1,-3.238996,1.440294,-1.343176,training_point
09:58:59.861,2,-3.604278,1.475591,-2.256681,training_point
09:58:59.861,1,-3.238319,1.440557,-1.342974,training_point
09:58:59.945,2,-3.633524,1.475772,-2.236191,training_point
09:58:59.946,1,-3.236684,1.440591,-1.347862,training_point
09:59:00.028,2,-3.651671,1.474008,-2.226526,training_point
09:59:00.028,1,-3.23526,1.440641,-1.347686,training_point
09:59:00.112,2,-3.678205,1.470326,-2.204409,training_point
09:59:00.112,1,-3.233421,1.440695,-1.349658,training_point
09:59:00.194,2,-3.692758,1.466432,-2.190544,training_point
09:59:00.195,1,-3.233046,1.440793,-1.348742,training_point
09:59:00.279,2,-3.706977,1.468222,-2.179824,training_point
09:59:00.279,1,-3.232255,1.441395,-1.347228,training_point
09:59:00.361,2,-3.727267,1.467483,-2.164919,training_point
09:59:00.361,1,-3.231485,1.441935,-1.344858,training_point
09:59:00.512,2,-3.750788,1.463413,-2.15744,training_point
09:59:00.513,1,-3.231239,1.442834,-1.342644,training_point
09:59:00.594,2,-3.780878,1.478797,-2.153135,training_point
09:59:00.595,1,-3.230647,1.44374,-1.343891,training_point
09:59:00.728,2,-3.813219,1.485702,-2.151396,training_point
09:59:00.728,1,-3.231518,1.446482,-1.341301,training_point
09:59:00.812,2,-3.840853,1.486479,-2.152619,training_point
09:59:00.812,1,-3.230189,1.447574,-1.341405,training_point
09:59:00.895,2,-3.854918,1.487266,-2.152657,training_point
09:59:00.895,1,-3.230728,1.44958,-1.339743,training_point
09:59:00.978,2,-3.870103,1.485993,-2.153223,training_point
09:59:00.978,1,-3.230638,1.45023,-1.337408,training_point
09:59:01.061,2,-3.879821,1.479702,-2.153291,training_point
09:59:01.062,1,-3.231146,1.451953,-1.336653,training_point
09:59:01.145,2,-3.891553,1.475237,-2.155919,training_point
09:59:01.145,1,-3.23086,1.453541,-1.336546,training_point
09:59:01.228,2,-3.900978,1.475032,-2.156465,training_point
09:59:01.228,1,-3.230845,1.454614,-1.336029,training_point
09:59:01.312,2,-3.907524,1.475446,-2.157477,training_point
09:59:01.313,1,-3.230295,1.456276,-1.334471,training_point
09:59:01.394,2,-3.911415,1.473079,-2.157395,training_point
09:59:01.395,1,-3.231018,1.458439,-1.334553,training_point
09:59:01.479,2,-3.914453,1.475471,-2.15799,training_point
09:59:01.479,1,-3.231132,1.460942,-1.334107,training_point
09:59:01.561,2,-3.917419,1.473582,-2.158202,training_point
09:59:01.561,1,-3.230577,1.463149,-1.333566,training_point
09:59:01.711,2,-3.921133,1.464739,-2.160127,training_point
09:59:01.711,1,-3.230558,1.46496,-1.333197,training_point
09:59:01.795,2,-3.921298,1.450009,-2.160898,training_point
09:59:01.795,1,-3.230118,1.466156,-1.333567,training_point
09:59:01.895,2,-3.922403,1.474586,-2.162473,training_point
09:59:01.895,1,-3.230539,1.465927,-1.333629,training_point
09:59:01.978,2,-3.922204,1.473865,-2.164804,training_point
09:59:01.978,1,-3.230439,1.46555,-1.333614,training_point
09:59:02.062,2,-3.922104,1.462923,-2.165344,training_point
09:59:02.062,1,-3.230458,1.468757,-1.333643,training_point
09:59:02.145,2,-3.9205,1.656949,-2.166012,training_point
09:59:02.145,1,-3.230456,1.467477,-1.334137,training_point
09:59:02.228,2,-3.919619,1.656949,-2.166608,training_point
09:59:02.228,1,-3.230678,1.465813,-1.334203,training_point
09:59:02.311,2,-3.918494,1.656949,-2.166825,training_point
09:59:02.312,1,-3.230969,1.4679,-1.33415,training_point
09:59:02.395,2,-3.917851,1.656949,-2.166912,training_point
09:59:02.395,1,-3.231003,1.466583,-1.334353,training_point
09:59:02.478,2,-3.915751,1.656949,-2.166883,training_point
09:59:02.478,1,-3.23313,1.463473,-1.3346,training_point
09:59:02.561,2,-3.914452,1.656949,-2.166876,training_point
09:59:02.561,1,-3.232083,1.461255,-1.335628,training_point
09:59:02.645,2,-3.913974,1.656949,-2.166865,training_point
09:59:02.646,1,-3.232015,1.456483,-1.335153,training_point
09:59:02.728,2,-3.912135,1.656949,-2.166989,training_point
09:59:02.728,1,-3.232414,1.450087,-1.335023,training_point
09:59:02.812,2,-3.911828,1.656949,-2.167106,training_point
09:59:02.813,1,-3.232062,1.447729,-1.335168,training_point
09:59:02.911,2,-3.911473,1.656949,-2.167141,training_point
09:59:02.911,1,-3.232979,1.430924,-1.335019,training_point
09:59:02.995,2,-3.911329,1.656949,-2.167043,training_point
09:59:02.995,1,-3.232963,1.438245,-1.334944,training_point
09:59:03.078,2,-3.910424,1.656949,-2.1665,training_point
09:59:03.078,1,-3.232411,1.434569,-1.33422,training_point
09:59:03.228,2,-3.90892,1.656949,-2.165934,training_point
09:59:03.229,1,-3.232815,1.444969,-1.333216,training_point
09:59:03.329,2,-3.908579,1.656949,-2.165969,training_point
09:59:03.329,1,-3.232849,1.45283,-1.333229,training_point
09:59:03.411,2,-3.908486,1.656949,-2.165597,training_point
09:59:03.411,1,-3.233009,1.452131,-1.33314,training_point
09:59:03.495,2,-3.908578,1.656949,-2.165551,training_point
09:59:03.496,1,-3.23327,1.451704,-1.333219,training_point
09:59:03.578,2,-3.908942,1.656949,-2.164598,training_point
09:59:03.578,1,-3.233509,1.450443,-1.332047,training_point
09:59:03.711,2,-3.909816,1.656949,-2.164423,training_point
09:59:03.711,1,-3.233108,1.447944,-1.329442,training_point
09:59:03.795,2,-3.910659,1.656949,-2.16445,training_point
09:59:03.796,1,-3.231913,1.444695,-1.330112,training_point
09:59:03.878,2,-3.910762,1.656949,-2.164553,training_point
09:59:03.878,1,-3.232222,1.452097,-1.328632,training_point
09:59:04.029,2,-3.911586,1.656949,-2.164174,training_point
09:59:04.029,1,-3.230052,1.463425,-1.327155,training_point
09:59:04.111,2,-3.912237,1.656949,-2.164317,training_point
09:59:04.111,1,-3.228661,1.474532,-1.325469,training_point
09:59:04.195,2,-3.913111,1.656949,-2.163848,training_point
09:59:04.195,1,-3.228328,1.480587,-1.325388,training_point
09:59:04.278,2,-3.913513,1.656949,-2.163732,training_point
09:59:04.278,1,-3.226231,1.48356,-1.322482,training_point
09:59:04.362,2,-3.913725,1.656949,-2.163337,training_point
09:59:04.363,1,-3.22635,1.484166,-1.321668,training_point
09:59:04.444,2,-3.914469,1.656949,-2.163051,training_point
09:59:04.445,1,-3.224916,1.484697,-1.321308,training_point
09:59:04.578,2,-3.915489,1.483997,-2.162445,training_point
09:59:04.578,1,-3.222394,1.490914,-1.320969,training_point
09:59:04.711,2,-3.916506,1.47103,-2.161839,training_point
09:59:04.711,1,-3.21975,1.495368,-1.317808,training_point
09:59:04.844,2,-3.917775,1.469018,-2.161174,training_point
09:59:04.845,1,-3.217592,1.494354,-1.31712,training_point
09:59:04.978,2,-3.918425,1.465732,-2.160718,training_point
09:59:04.978,1,-3.217576,1.493729,-1.316546,training_point
09:59:05.129,2,-3.919822,1.459242,-2.159555,training_point
09:59:05.129,1,-3.217201,1.492306,-1.316813,training_point
09:59:05.228,2,-3.92063,1.465476,-2.158684,training_point
09:59:05.228,1,-3.217442,1.493166,-1.316216,training_point
09:59:05.311,2,-3.921289,1.473088,-2.157533,training_point
09:59:05.311,1,-3.217461,1.493877,-1.316372,training_point
09:59:05.395,2,-3.921446,1.466285,-2.157216,training_point
09:59:05.395,1,-3.216119,1.492485,-1.315168,training_point
09:59:05.478,2,-3.921794,1.468163,-2.156473,training_point
09:59:05.478,1,-3.216852,1.493868,-1.315769,training_point
09:59:05.561,2,-3.922445,1.466738,-2.156151,training_point
09:59:05.561,1,-3.216344,1.494504,-1.313406,training_point
09:59:05.695,2,-3.923069,1.466077,-2.155866,training_point
09:59:05.695,1,-3.215863,1.494471,-1.310521,training_point
09:59:05.780,2,-3.92337,1.464568,-2.156081,training_point
09:59:05.780,1,-3.215722,1.495801,-1.308344,training_point
09:59:05.861,2,-3.92358,1.462369,-2.157967,training_point
09:59:05.861,1,-3.216465,1.495789,-1.308529,training_point
09:59:06.012,2,-3.924924,1.462249,-2.170039,training_point
09:59:06.013,1,-3.216277,1.497375,-1.308305,training_point
09:59:06.095,2,-3.915912,1.464253,-2.179759,training_point
09:59:06.095,1,-3.217401,1.495159,-1.308915,training_point
09:59:06.178,2,-3.907643,1.466576,-2.187593,training_point
09:59:06.178,1,-3.216453,1.49597,-1.309891,training_point
09:59:06.261,2,-3.899259,1.469642,-2.192833,training_point
09:59:06.261,1,-3.215054,1.495373,-1.31039,training_point
09:59:06.345,2,-3.871735,1.471773,-2.20371,training_point
09:59:06.345,1,-3.212772,1.495514,-1.30882,training_point
09:59:06.428,2,-3.850359,1.473843,-2.208544,training_point
09:59:06.428,1,-3.210305,1.496775,-1.304834,training_point
09:59:06.511,2,-3.793582,1.474921,-2.224418,training_point
09:59:06.512,1,-3.210382,1.496578,-1.306352,training_point
09:59:06.594,2,-3.760922,1.476356,-2.233013,training_point
09:59:06.595,1,-3.210605,1.496549,-1.306565,training_point
09:59:06.678,2,-3.683661,1.476015,-2.287364,training_point
09:59:06.678,1,-3.207697,1.496656,-1.302247,training_point
09:59:06.761,2,-3.630942,1.476338,-2.293739,training_point
09:59:06.761,1,-3.205474,1.497329,-1.301058,training_point
09:59:06.895,2,-3.535271,1.476383,-2.314032,training_point
09:59:06.895,1,-3.205252,1.496228,-1.299431,training_point
09:59:06.979,2,-3.482149,1.476549,-2.319583,training_point
09:59:06.979,1,-3.205353,1.496152,-1.299407,training_point
09:59:07.061,2,-3.41754,1.476834,-2.315885,training_point
09:59:07.061,1,-3.204164,1.496563,-1.299585,training_point
09:59:07.145,2,-3.385309,1.476635,-2.317315,training_point
09:59:07.146,1,-3.202498,1.496312,-1.299455,training_point
09:59:07.228,2,-3.347303,1.476806,-2.318673,training_point
09:59:07.228,1,-3.202312,1.496023,-1.301037,training_point
09:59:07.361,2,-3.292568,1.476792,-2.306709,training_point
09:59:07.361,1,-3.204712,1.495717,-1.300659,training_point
09:59:07.450,2,-3.264978,1.476977,-2.298814,training_point
09:59:07.451,1,-3.195048,1.495578,-1.300681,training_point
09:59:07.545,2,-3.219795,1.476953,-2.278452,training_point
09:59:07.545,1,-3.173935,1.495711,-1.375909,training_point
09:59:07.628,2,-3.160804,1.476932,-2.25031,training_point
09:59:07.628,1,-3.065368,1.496206,-1.351089,training_point
09:59:07.712,2,-3.121021,1.47686,-2.230169,training_point
09:59:07.712,1,-3.055549,1.496841,-1.348126,training_point
09:59:07.795,2,-3.059893,1.476998,-2.196225,training_point
09:59:07.795,1,-3.045099,1.495866,-1.343948,training_point
09:59:07.928,2,-2.970707,1.477187,-2.145449,training_point
09:59:08.012,2,-2.925938,1.494637,-2.124567,training_point
09:59:08.095,2,-2.887635,1.477268,-2.105734,training_point
09:59:08.178,2,-2.848754,1.494094,-2.096669,training_point
09:59:08.262,2,-2.808874,1.477261,-2.081629,training_point
09:59:08.345,2,-2.778947,1.49358,-2.079442,training_point
09:59:08.429,2,-2.734426,1.477305,-2.072606,training_point
09:59:08.511,2,-2.675092,1.494498,-2.06512,training_point
09:59:08.596,2,-2.618647,1.477163,-2.06104,training_point
09:59:08.678,2,-2.550478,1.495606,-2.055988,training_point
09:59:08.811,1,-3.350687,1.477284,-1.346453,training_point
09:59:08.811,2,-2.444559,1.49516,-2.063527,training_point
09:59:08.896,1,-3.353297,1.477234,-1.347401,training_point
09:59:08.896,2,-2.409298,1.496292,-2.062879,training_point
09:59:08.978,1,-3.365839,1.477278,-1.3529,training_point
09:59:08.978,2,-2.364105,1.496205,-2.057331,training_point
09:59:09.129,1,-3.376971,1.477226,-1.360941,training_point
09:59:09.130,2,-2.30866,1.497641,-2.04692,training_point
09:59:09.211,1,-3.387359,1.477245,-1.371826,training_point
09:59:09.211,2,-2.286334,1.498465,-2.042308,training_point
09:59:09.296,1,-3.389851,1.477362,-1.389677,training_point
09:59:09.297,2,-2.255206,1.497583,-2.03507,training_point
09:59:09.378,1,-3.392927,1.477319,-1.407976,training_point
09:59:09.378,2,-2.210694,1.497284,-2.019895,training_point
09:59:09.478,1,-3.397341,1.477287,-1.425591,training_point
09:59:09.479,2,-2.190744,1.495973,-2.007972,training_point
09:59:09.561,1,-3.397198,1.47718,-1.45385,training_point
09:59:09.562,2,-2.158852,1.495723,-1.986556,training_point
09:59:09.645,1,-3.39277,1.47718,-1.485362,training_point
09:59:09.645,2,-2.130543,1.497125,-1.96237,training_point
09:59:09.728,1,-3.391141,1.477216,-1.508113,training_point
09:59:09.728,2,-2.111743,1.495743,-1.946714,training_point
09:59:09.811,1,-3.388969,1.477183,-1.540625,training_point
09:59:09.812,2,-2.085821,1.495814,-1.922443,training_point
09:59:09.896,1,-3.38403,1.477204,-1.574549,training_point
09:59:09.896,2,-2.077575,1.49679,-1.913406,training_point
09:59:09.996,1,-3.389625,1.477229,-1.601013,training_point
09:59:09.996,2,-2.052884,1.495803,-1.892016,training_point
09:59:10.078,1,-3.396796,1.477159,-1.620962,training_point
09:59:10.078,2,-2.03327,1.495458,-1.877997,training_point
09:59:10.162,1,-3.401486,1.477264,-1.632968,training_point
09:59:10.163,2,-2.02662,1.497038,-1.87426,training_point
09:59:10.245,1,-3.416068,1.477398,-1.651209,training_point
09:59:10.245,2,-2.00476,1.495943,-1.865828,training_point
09:59:10.378,1,-3.449387,1.477551,-1.67046,training_point
09:59:10.378,2,-1.970506,1.494925,-1.861356,training_point
09:59:10.462,1,-3.468717,1.477439,-1.678209,training_point
09:59:10.462,2,-1.963985,1.493347,-1.860815,training_point
09:59:10.545,1,-3.508676,1.477391,-1.690939,training_point
09:59:10.545,2,-1.933625,1.497043,-1.859765,training_point
09:59:10.628,1,-3.539759,1.47742,-1.701369,training_point
09:59:10.628,2,-1.919864,1.493487,-1.858717,training_point
09:59:10.711,1,-3.591239,1.477356,-1.706332,training_point
09:59:10.711,2,-1.904446,1.494877,-1.853577,training_point
09:59:10.795,1,-3.628187,1.477184,-1.716745,training_point
09:59:10.795,2,-1.897841,1.496319,-1.851847,training_point
09:59:10.878,1,-3.685123,1.477069,-1.727686,training_point
09:59:10.878,2,-1.889258,1.498237,-1.84845,training_point
09:59:10.962,1,-3.716171,1.476971,-1.737844,training_point
09:59:10.963,2,-1.886087,1.498822,-1.847072,training_point
09:59:11.045,1,-3.7446,1.476922,-1.748931,training_point
09:59:11.045,2,-1.884855,1.49061,-1.843992,training_point
09:59:11.195,1,-3.794776,1.476968,-1.761961,training_point
09:59:11.195,2,-1.888087,1.493308,-1.837327,training_point
09:59:11.278,1,-3.814813,1.476675,-1.774678,training_point
09:59:11.278,2,-1.904875,1.495647,-1.82715,training_point
09:59:11.362,1,-3.822884,1.476716,-1.779893,training_point
09:59:11.362,2,-1.913349,1.495124,-1.824332,training_point
09:59:11.445,1,-3.846164,1.4775,-1.798954,training_point
09:59:11.445,2,-1.932148,1.494008,-1.817696,training_point
09:59:11.528,1,-3.854088,1.479996,-1.81397,training_point
09:59:11.528,2,-1.949618,1.493924,-1.816055,training_point
09:59:11.611,1,-3.860684,1.485768,-1.832169,training_point
09:59:11.611,2,-1.970424,1.493758,-1.821559,training_point
09:59:11.695,1,-3.862593,1.486261,-1.849885,training_point
09:59:11.695,2,-1.985253,1.494734,-1.825965,training_point
09:59:11.778,1,-3.856466,1.485884,-1.876647,training_point
09:59:11.778,2,-2.010539,1.495437,-1.836338,training_point
09:59:11.862,1,-3.853765,1.48666,-1.896164,training_point
09:59:11.862,2,-2.027655,1.493681,-1.838419,training_point
09:59:11.945,1,-3.847906,1.484915,-1.932695,training_point
09:59:11.945,2,-2.046347,1.494176,-1.84071,training_point
09:59:12.029,1,-3.843914,1.482467,-1.951585,training_point
09:59:12.029,2,-2.083151,1.494724,-1.84268,training_point
09:59:12.129,1,-3.845046,1.480119,-1.984615,training_point
09:59:12.129,2,-2.113365,1.495026,-1.842567,training_point
09:59:12.211,1,-3.847737,1.472014,-2.003365,training_point
09:59:12.211,2,-2.144631,1.494796,-1.844649,training_point
09:59:12.295,1,-3.850195,1.441678,-2.025336,training_point
09:59:12.295,2,-2.156751,1.495335,-1.845261,training_point
09:59:12.378,1,-3.849742,1.437237,-2.02677,training_point
09:59:12.378,2,-2.175724,1.49315,-1.842241,training_point
09:59:12.461,1,-3.852472,1.426216,-2.028439,training_point
09:59:12.461,2,-2.185914,1.49339,-1.843283,training_point
09:59:12.545,1,-3.871946,1.428961,-2.023578,training_point
09:59:12.545,2,-2.19451,1.493157,-1.845305,training_point
09:59:12.629,1,-3.88903,1.418904,-2.018974,training_point
09:59:12.629,2,-2.198017,1.492816,-1.846132,training_point
09:59:12.728,1,-3.915371,1.419076,-2.007359,training_point
09:59:12.728,2,-2.203839,1.493672,-1.848675,training_point
09:59:12.861,1,-3.930303,1.419019,-1.993282,training_point
09:59:12.861,2,-2.208934,1.493846,-1.848899,training_point
09:59:13.013,1,-3.941964,1.420664,-1.983708,training_point
09:59:13.013,2,-2.213169,1.495127,-1.849928,training_point
09:59:13.112,1,-3.946827,1.420005,-1.981509,training_point
09:59:13.113,2,-2.215802,1.49342,-1.851436,training_point
09:59:13.195,1,-3.950778,1.409935,-1.978963,training_point
09:59:13.195,2,-2.217635,1.307928,-1.851603,training_point
09:59:13.278,1,-3.952472,1.398732,-1.978196,training_point
09:59:13.278,2,-2.221738,1.252124,-1.8512,training_point
09:59:13.361,1,-3.954257,1.388299,-1.978331,training_point
09:59:13.361,2,-2.224622,1.241889,-1.851587,training_point
09:59:13.446,1,-3.954262,1.400685,-1.979071,training_point
09:59:13.446,2,-2.227643,1.194912,-1.852829,training_point
09:59:13.528,1,-3.953468,1.413263,-1.981454,training_point
09:59:13.528,2,-2.229858,1.611729,-1.852537,training_point
09:59:13.612,1,-3.952493,1.418462,-1.983106,training_point
09:59:13.613,2,-2.231813,1.611518,-1.853357,training_point
09:59:13.712,1,-3.949697,1.413392,-1.987584,training_point
09:59:13.713,2,-2.23618,1.611518,-1.852892,training_point
09:59:13.795,1,-3.946697,1.415867,-1.989027,training_point
09:59:13.795,2,-2.238407,1.611518,-1.852664,training_point
09:59:13.879,1,-3.94538,1.416081,-1.98853,training_point
09:59:13.879,2,-2.239886,1.611518,-1.852419,training_point
09:59:13.978,1,-3.940398,1.412565,-1.990457,training_point
09:59:13.978,2,-2.242893,1.611518,-1.852209,training_point
09:59:14.061,1,-3.937028,1.40528,-1.992183,training_point
09:59:14.061,2,-2.243999,1.611518,-1.851966,training_point
09:59:14.145,1,-3.936338,1.40383,-1.99213,training_point
09:59:14.145,2,-2.244365,1.611518,-1.851467,training_point
09:59:14.228,1,-3.935007,1.403678,-1.992672,training_point
09:59:14.228,2,-2.245244,1.611518,-1.851958,training_point
09:59:14.312,1,-3.933454,1.415633,-1.994436,training_point
09:59:14.312,2,-2.245079,1.611518,-1.852082,training_point
09:59:14.395,1,-3.932471,1.491406,-1.997388,training_point
09:59:14.395,2,-2.245463,1.611518,-1.852553,training_point
09:59:14.478,1,-3.932386,1.428043,-1.996483,training_point
09:59:14.478,2,-2.245605,1.494117,-1.852272,training_point
09:59:14.561,1,-3.93338,1.611518,-1.995232,training_point
09:59:14.561,2,-2.245662,1.424401,-1.852334,training_point
09:59:14.695,1,-3.932937,1.499704,-1.996992,training_point
09:59:14.695,2,-2.245918,1.611518,-1.852463,training_point
09:59:14.828,1,-3.932936,1.42489,-2.000833,training_point
09:59:14.828,2,-2.24575,1.4972,-1.852201,training_point
09:59:14.911,1,-3.934623,1.611518,-2.000666,training_point
09:59:14.911,2,-2.245379,1.428397,-1.852359,training_point
09:59:14.996,1,-3.935281,1.491676,-2.004539,training_point
09:59:14.996,2,-2.245147,1.611518,-1.852378,training_point
09:59:15.095,1,-3.9369,1.428448,-2.004214,training_point
09:59:15.096,2,-2.245336,1.485181,-1.852658,training_point
09:59:15.178,1,-3.938453,1.611518,-2.006132,training_point
09:59:15.178,2,-2.245001,1.430662,-1.853258,training_point
09:59:15.311,1,-3.939915,1.484521,-2.006647,training_point
09:59:15.311,2,-2.244929,1.611518,-1.854244,training_point
09:59:15.395,1,-3.940138,1.424237,-2.008579,training_point
09:59:15.396,2,-2.244319,1.48084,-1.854607,training_point
09:59:15.478,1,-3.940132,1.611518,-2.01032,training_point
09:59:15.478,2,-2.243766,1.418857,-1.856378,training_point
09:59:15.561,1,-3.939906,1.477342,-2.01204,training_point
09:59:15.561,2,-2.243322,1.611518,-1.856507,training_point
09:59:15.645,1,-3.940418,1.417086,-2.015198,training_point
09:59:15.646,2,-2.243004,1.481661,-1.856635,training_point
09:59:15.728,1,-3.940877,1.611518,-2.018162,training_point
09:59:15.728,2,-2.241887,1.421986,-1.856577,training_point
09:59:15.813,1,-3.941324,1.486319,-2.019814,training_point
09:59:15.813,2,-2.241433,1.611518,-1.856644,training_point
09:59:15.912,1,-3.941078,1.422781,-2.020575,training_point
09:59:15.913,2,-2.240738,1.488218,-1.856847,training_point
09:59:15.995,1,-3.941514,1.611518,-2.021499,training_point
09:59:15.995,2,-2.239757,1.431188,-1.856939,training_point
09:59:16.078,1,-3.941217,1.485601,-2.021174,training_point
09:59:16.079,2,-2.2386,1.611518,-1.857456,training_point
09:59:16.161,1,-3.942088,1.43061,-2.021049,training_point
09:59:16.161,2,-2.237489,1.49157,-1.858325,training_point
09:59:16.245,1,-3.942279,1.611518,-2.020617,training_point
09:59:16.245,2,-2.236548,1.429776,-1.858863,training_point
09:59:16.328,1,-3.942498,1.492183,-2.02058,training_point
09:59:16.328,2,-2.235603,1.611518,-1.859403,training_point
09:59:16.411,1,-3.944114,1.431718,-2.019557,training_point
09:59:16.412,2,-2.234756,1.493586,-1.859421,training_point
09:59:16.495,1,-3.943794,1.611518,-2.018643,training_point
09:59:16.495,2,-2.234153,1.43245,-1.859635,training_point
09:59:16.578,1,-3.94395,1.49634,-2.017549,training_point
09:59:16.578,2,-2.23397,1.611518,-1.859592,training_point
09:59:16.661,1,-3.943922,1.433141,-2.017204,training_point
09:59:16.661,2,-2.232581,1.498658,-1.86149,training_point
09:59:16.745,1,-3.943835,1.611518,-2.016752,training_point
09:59:16.745,2,-2.230697,1.423465,-1.862621,training_point
09:59:16.828,1,-3.944421,1.501478,-2.017306,training_point
09:59:16.828,2,-2.230314,1.420572,-1.862645,training_point
09:59:16.911,1,-3.944413,1.503041,-2.016978,training_point
09:59:16.911,2,-2.229602,1.424157,-1.86317,training_point
09:59:17.045,1,-3.944553,1.493899,-2.015089,training_point
09:59:17.045,2,-2.229186,1.424376,-1.863625,training_point
09:59:17.178,1,-3.944263,1.496742,-2.014961,training_point
09:59:17.178,2,-2.224457,1.42511,-1.867932,training_point
09:59:17.329,1,-3.945427,1.4923,-2.014516,training_point
09:59:17.329,2,-2.221749,1.424906,-1.870261,training_point
09:59:17.428,1,-3.946254,1.4918,-2.015697,training_point
09:59:17.429,2,-2.217403,1.424694,-1.871722,training_point
09:59:17.511,1,-3.945577,1.491682,-2.015234,training_point
09:59:17.512,2,-2.211639,1.424026,-1.870938,training_point
09:59:17.595,1,-3.945362,1.486229,-2.014206,training_point
09:59:17.595,2,-2.20578,1.42289,-1.870878,training_point
09:59:17.746,1,-3.946093,1.498696,-2.014808,training_point
09:59:17.746,2,-2.198691,1.421208,-1.873362,training_point
09:59:17.828,1,-3.946407,1.501826,-2.014578,training_point
09:59:17.828,2,-2.192572,1.421277,-1.874063,training_point
09:59:17.912,1,-3.946695,1.504352,-2.016145,training_point
09:59:17.913,2,-2.188173,1.420158,-1.874709,training_point
09:59:17.995,1,-3.946826,1.506462,-2.015871,training_point
09:59:17.995,2,-2.184664,1.418861,-1.874769,training_point
09:59:18.079,1,-3.946603,1.504194,-2.015053,training_point
09:59:18.079,2,-2.181145,1.417091,-1.875327,training_point
09:59:18.161,1,-3.947186,1.503442,-2.013332,training_point
09:59:18.161,2,-2.178539,1.415088,-1.875235,training_point
09:59:18.295,1,-3.948148,1.503064,-2.01508,training_point
09:59:18.295,2,-2.17596,1.41494,-1.87595,training_point
09:59:18.379,1,-3.947537,1.5083,-2.014705,training_point
09:59:18.379,2,-2.175541,1.416421,-1.875931,training_point
09:59:18.461,1,-3.947622,1.512013,-2.014199,training_point
09:59:18.461,2,-2.174677,1.418496,-1.875946,training_point
09:59:18.546,1,-3.947332,1.514756,-2.012943,training_point
09:59:18.546,2,-2.174597,1.417115,-1.875816,training_point
09:59:18.628,1,-3.94721,1.517449,-2.012087,training_point
09:59:18.628,2,-2.17394,1.414608,-1.875084,training_point
09:59:18.712,1,-3.947538,1.516931,-2.010791,training_point
09:59:18.713,2,-2.171949,1.410702,-1.872173,training_point
09:59:18.812,1,-3.947953,1.520092,-2.010237,training_point
09:59:18.813,2,-2.172085,1.404546,-1.871658,training_point
09:59:18.895,1,-3.947589,1.537405,-2.008195,training_point
09:59:18.895,2,-2.172365,1.404228,-1.871617,training_point
09:59:18.979,1,-3.946788,1.541855,-2.007361,training_point
09:59:18.979,2,-2.172425,1.405067,-1.871426,training_point
09:59:19.079,1,-3.945859,1.554195,-2.007093,training_point
09:59:19.079,2,-2.172422,1.406019,-1.871493,training_point
09:59:19.161,1,-3.945449,1.541684,-2.006581,training_point
09:59:19.162,2,-2.171878,1.406529,-1.871332,training_point
09:59:19.245,1,-3.944433,1.536144,-2.00568,training_point
09:59:19.245,2,-2.171889,1.405883,-1.871273,training_point
09:59:19.328,1,-3.943004,1.545293,-2.004234,training_point
09:59:19.328,2,-2.171481,1.405669,-1.870897,training_point
09:59:19.411,1,-3.941222,1.547026,-2.00281,training_point
09:59:19.412,2,-2.171253,1.406073,-1.870273,training_point
09:59:19.495,1,-3.940319,1.546657,-2.002699,training_point
09:59:19.495,2,-2.169884,1.406046,-1.868921,training_point
09:59:19.578,1,-3.938345,1.546094,-2.002867,training_point
09:59:19.578,2,-2.169046,1.406142,-1.868478,training_point
09:59:19.661,1,-3.937278,1.545408,-2.00173,training_point
09:59:19.662,2,-2.169234,1.406488,-1.868717,training_point
09:59:19.745,1,-3.935236,1.545514,-2.001329,training_point
09:59:19.745,2,-2.169128,1.406052,-1.868796,training_point
09:59:19.828,1,-3.934956,1.544718,-2.001596,training_point
09:59:19.828,2,-2.16939,1.406281,-1.869239,training_point
09:59:19.912,1,-3.934263,1.54464,-2.001846,training_point
09:59:19.913,2,-2.169258,1.405734,-1.869452,training_point
09:59:20.012,1,-3.934385,1.545661,-2.001921,training_point
09:59:20.013,2,-2.167841,1.405793,-1.868831,training_point
09:59:20.111,1,-3.933272,1.545898,-2.003056,training_point
09:59:20.112,2,-2.167206,1.405216,-1.868521,training_point
09:59:20.196,1,-3.931442,1.545654,-2.00476,training_point
09:59:20.196,2,-2.166244,1.405349,-1.868394,training_point
09:59:20.278,1,-3.93084,1.54643,-2.007543,training_point
09:59:20.278,2,-2.166659,1.405136,-1.868423,training_point
09:59:20.362,1,-3.93021,1.546662,-2.008126,training_point
09:59:20.362,2,-2.166234,1.404891,-1.868465,training_point
09:59:20.445,1,-3.930116,1.543876,-2.009125,training_point
09:59:20.445,2,-2.166434,1.404829,-1.868588,training_point
09:59:20.529,1,-3.929876,1.541914,-2.009638,training_point
09:59:20.529,2,-2.166678,1.40456,-1.86863,training_point
09:59:20.611,1,-3.929519,1.541554,-2.010993,training_point
09:59:20.611,2,-2.167101,1.404259,-1.868558,training_point
09:59:20.695,1,-3.9299,1.541203,-2.013912,training_point
09:59:20.695,2,-2.166616,1.403317,-1.868543,training_point
09:59:20.778,1,-3.930009,1.541575,-2.014932,training_point
09:59:20.778,2,-2.165733,1.402954,-1.86751,training_point
09:59:20.862,1,-3.930404,1.540754,-2.015699,training_point
09:59:20.862,2,-2.165512,1.402764,-1.867362,training_point
09:59:20.945,1,-3.931007,1.540906,-2.017407,training_point
09:59:20.945,2,-2.167372,1.402827,-1.867366,training_point
09:59:21.029,1,-3.931212,1.540347,-2.017877,training_point
09:59:21.029,2,-2.16954,1.403025,-1.868158,training_point
09:59:21.129,1,-3.932053,1.538799,-2.019758,training_point
09:59:21.129,2,-2.170418,1.402903,-1.867981,training_point
09:59:21.211,1,-3.932266,1.53851,-2.020172,training_point
09:59:21.212,2,-2.170817,1.403345,-1.867234,training_point
09:59:21.295,1,-3.93413,1.539624,-2.021241,training_point
09:59:21.296,2,-2.170395,1.403476,-1.865697,training_point
09:59:21.378,1,-3.936061,1.538183,-2.022144,training_point
09:59:21.378,2,-2.172055,1.403449,-1.866102,training_point
09:59:21.462,1,-3.935793,1.53884,-2.0217,training_point
09:59:21.463,2,-2.172819,1.403511,-1.866621,training_point
09:59:21.545,1,-3.936274,1.53927,-2.02017,training_point
09:59:21.545,2,-2.173618,1.403937,-1.86734,training_point
09:59:21.629,1,-3.936476,1.539808,-2.019535,training_point
09:59:21.629,2,-2.174196,1.403803,-1.867738,training_point
09:59:21.729,1,-3.937988,1.539871,-2.020006,training_point
09:59:21.729,2,-2.175077,1.403824,-1.868086,training_point
09:59:21.829,1,-3.938716,1.540097,-2.018592,training_point
09:59:21.830,2,-2.175402,1.403602,-1.868573,training_point
09:59:21.928,1,-3.939094,1.541164,-2.019946,training_point
09:59:21.928,2,-2.175499,1.403759,-1.869015,training_point
09:59:22.029,1,-3.939386,1.541395,-2.020165,training_point
09:59:22.029,2,-2.174677,1.403711,-1.867995,training_point
09:59:22.129,1,-3.939619,1.541376,-2.019579,training_point
09:59:22.129,2,-2.174141,1.40345,-1.868144,training_point
09:59:22.229,1,-3.939414,1.54077,-2.021123,training_point
09:59:22.229,2,-2.17425,1.403293,-1.868772,training_point
09:59:22.329,1,-3.940613,1.540201,-2.020048,training_point
09:59:22.329,2,-2.174019,1.403078,-1.868616,training_point
09:59:22.411,1,-3.9402,1.540449,-2.020464,training_point
09:59:22.411,2,-2.173502,1.402873,-1.869043,training_point
09:59:22.495,1,-3.940674,1.541699,-2.021015,training_point
09:59:22.496,2,-2.173708,1.402651,-1.869733,training_point
09:59:22.596,1,-3.940595,1.542684,-2.02179,training_point
09:59:22.596,2,-2.174949,1.403037,-1.870325,training_point
09:59:22.678,1,-3.940979,1.542772,-2.022027,training_point
09:59:22.678,2,-2.175388,1.403255,-1.870358,training_point
09:59:22.761,1,-3.940937,1.54269,-2.022641,training_point
09:59:22.762,2,-2.175576,1.402931,-1.869772,training_point
09:59:22.912,1,-3.940195,1.542201,-2.024602,training_point
09:59:22.913,2,-2.177906,1.403106,-1.869181,training_point
09:59:23.012,1,-3.93998,1.541635,-2.02469,training_point
09:59:23.013,2,-2.179699,1.403277,-1.869154,training_point
09:59:23.095,1,-3.939443,1.542503,-2.024493,training_point
09:59:23.095,2,-2.182711,1.403359,-1.868406,training_point
09:59:23.179,1,-3.938648,1.542368,-2.025338,training_point
09:59:23.179,2,-2.184286,1.402174,-1.867879,training_point
09:59:23.261,1,-3.939222,1.54163,-2.021836,training_point
09:59:23.262,2,-2.187581,1.402153,-1.866095,training_point
09:59:23.346,1,-3.938621,1.541198,-2.0219,training_point
09:59:23.346,2,-2.188889,1.40232,-1.865714,training_point
09:59:23.428,1,-3.938609,1.540726,-2.021399,training_point
09:59:23.428,2,-2.190727,1.402505,-1.865182,training_point
09:59:23.512,1,-3.938827,1.544889,-2.019775,training_point
09:59:23.513,2,-2.192058,1.402609,-1.864546,training_point
09:59:23.595,1,-3.938767,1.541912,-2.018642,training_point
09:59:23.595,2,-2.193188,1.401355,-1.864705,training_point
09:59:23.728,1,-3.937689,1.542162,-2.018689,training_point
09:59:23.728,2,-2.194479,1.400189,-1.864294,training_point
09:59:23.813,1,-3.937757,1.541539,-2.018303,training_point
09:59:23.813,2,-2.19498,1.399582,-1.863432,training_point
09:59:23.912,1,-3.938061,1.541452,-2.017802,training_point
09:59:23.913,2,-2.195768,1.399937,-1.862229,training_point
09:59:23.995,1,-3.93698,1.543206,-2.017662,training_point
09:59:23.995,2,-2.195234,1.401558,-1.862619,training_point
09:59:24.079,1,-3.936914,1.542352,-2.017319,training_point
09:59:24.080,2,-2.194823,1.400315,-1.862757,training_point
09:59:24.161,1,-3.93783,1.541303,-2.018931,training_point
09:59:24.162,2,-2.194385,1.399832,-1.861213,training_point
09:59:24.246,1,-3.938111,1.540551,-2.019835,training_point
09:59:24.246,2,-2.195671,1.399409,-1.860954,training_point
09:59:24.328,1,-3.937597,1.540886,-2.019497,training_point
09:59:24.328,2,-2.19556,1.400205,-1.860838,training_point
09:59:24.412,1,-3.937297,1.541348,-2.021878,training_point
09:59:24.413,2,-2.195645,1.400516,-1.860938,training_point
09:59:24.495,1,-3.936851,1.542626,-2.022805,training_point
09:59:24.495,2,-2.196718,1.399765,-1.860763,training_point
09:59:24.579,1,-3.937222,1.541185,-2.023458,training_point
09:59:24.579,2,-2.196235,1.398912,-1.861169,training_point
09:59:24.661,1,-3.937793,1.541864,-2.024159,training_point
09:59:24.662,2,-2.196111,1.399055,-1.861283,training_point
09:59:24.795,1,-3.937988,1.54076,-2.026715,training_point
09:59:24.795,2,-2.1977,1.398898,-1.86093,training_point
09:59:24.928,1,-3.938233,1.540029,-2.025071,training_point
09:59:24.928,2,-2.19671,1.398867,-1.861944,training_point
09:59:25.012,1,-3.938807,1.540003,-2.025992,training_point
09:59:25.013,2,-2.196851,1.398653,-1.862432,training_point
09:59:25.112,1,-3.939448,1.540557,-2.026867,training_point
09:59:25.113,2,-2.196376,1.39974,-1.862861,training_point
09:59:25.195,1,-3.940729,1.540147,-2.02594,training_point
09:59:25.195,2,-2.193594,1.399742,-1.864934,training_point
09:59:25.328,1,-3.940491,1.54035,-2.023977,training_point
09:59:25.328,2,-2.19213,1.39966,-1.865692,training_point
09:59:25.411,1,-3.941357,1.540903,-2.024194,training_point
09:59:25.412,2,-2.190317,1.399654,-1.86671,training_point
09:59:25.495,1,-3.942191,1.540775,-2.023504,training_point
09:59:25.495,2,-2.189433,1.3995,-1.866688,training_point
09:59:25.578,1,-3.942141,1.540287,-2.024103,training_point
09:59:25.578,2,-2.189144,1.399349,-1.866213,training_point
09:59:25.661,1,-3.942338,1.540122,-2.024542,training_point
09:59:25.662,2,-2.189091,1.399338,-1.865767,training_point
09:59:25.745,1,-3.943358,1.539028,-2.024537,training_point
09:59:25.745,2,-2.188793,1.399053,-1.865553,training_point
09:59:25.829,1,-3.943753,1.540658,-2.02606,training_point
09:59:25.829,2,-2.188195,1.398862,-1.866102,training_point
09:59:25.912,1,-3.94346,1.539184,-2.02591,training_point
09:59:25.912,2,-2.188383,1.399211,-1.865648,training_point
09:59:25.996,1,-3.94351,1.539347,-2.02692,training_point
09:59:25.996,2,-2.18871,1.399312,-1.86484,training_point
09:59:26.096,1,-3.943005,1.539588,-2.026387,training_point
09:59:26.096,2,-2.188997,1.399172,-1.864095,training_point
09:59:26.178,1,-3.943276,1.53955,-2.025988,training_point
09:59:26.178,2,-2.188971,1.399057,-1.864623,training_point
09:59:26.262,1,-3.943457,1.538834,-2.026312,training_point
09:59:26.263,2,-2.188907,1.398663,-1.86458,training_point
09:59:26.345,1,-3.943558,1.538649,-2.026812,training_point
09:59:26.345,2,-2.188767,1.398706,-1.864777,training_point
09:59:26.478,1,-3.943844,1.538293,-2.026659,training_point
09:59:26.478,2,-2.189458,1.39891,-1.864253,training_point
09:59:26.562,1,-3.943836,1.538731,-2.024417,training_point
09:59:26.563,2,-2.188859,1.399006,-1.864516,training_point
09:59:26.645,1,-3.943795,1.538044,-2.024902,training_point
09:59:26.645,2,-2.189075,1.399836,-1.864919,training_point
09:59:26.729,1,-3.943971,1.538107,-2.025635,training_point
09:59:26.730,2,-2.189238,1.399868,-1.865082,training_point
09:59:26.829,1,-3.944458,1.538614,-2.025852,training_point
09:59:26.829,2,-2.189397,1.400104,-1.864949,training_point
09:59:26.911,1,-3.943606,1.537789,-2.02534,training_point
09:59:26.912,2,-2.189638,1.400027,-1.865354,training_point
09:59:26.996,1,-3.944058,1.537126,-2.026497,training_point
09:59:26.996,2,-2.190003,1.399631,-1.865136,training_point
09:59:27.078,1,-3.944371,1.536633,-2.026258,training_point
09:59:27.078,2,-2.190538,1.399563,-1.864911,training_point
09:59:27.162,1,-3.94396,1.535636,-2.026268,training_point
09:59:27.163,2,-2.190602,1.399957,-1.864627,training_point
09:59:27.245,1,-3.944028,1.536009,-2.025668,training_point
09:59:27.245,2,-2.18983,1.400439,-1.864028,training_point
09:59:27.329,1,-3.943575,1.536309,-2.024526,training_point
09:59:27.329,2,-2.19012,1.400496,-1.863786,training_point
09:59:27.429,1,-3.943844,1.535583,-2.026165,training_point
09:59:27.430,2,-2.189372,1.400272,-1.864625,training_point
09:59:27.511,1,-3.943637,1.536341,-2.026076,training_point
09:59:27.512,2,-2.189044,1.399576,-1.865563,training_point
09:59:27.645,1,-3.943372,1.536229,-2.024575,training_point
09:59:27.645,2,-2.189334,1.39965,-1.86554,training_point
09:59:27.778,1,-3.94258,1.536567,-2.025776,training_point
09:59:27.778,2,-2.188801,1.400362,-1.866021,training_point
09:59:27.862,1,-3.942445,1.53517,-2.026012,training_point
09:59:27.862,2,-2.188894,1.400972,-1.866656,training_point
09:59:27.945,1,-3.94175,1.535538,-2.023644,training_point
09:59:27.945,2,-2.188445,1.400421,-1.866724,training_point
09:59:28.028,1,-3.941013,1.536272,-2.024304,training_point
09:59:28.029,2,-2.189331,1.400343,-1.8679,training_point
09:59:28.111,1,-3.940815,1.536058,-2.024225,training_point
09:59:28.112,2,-2.189053,1.400053,-1.867597,training_point
09:59:28.245,1,-3.94069,1.535518,-2.024678,training_point
09:59:28.245,2,-2.189127,1.3997,-1.869141,training_point
09:59:28.378,1,-3.939915,1.533883,-2.024686,training_point
09:59:28.378,2,-2.18795,1.399208,-1.870116,training_point
09:59:28.529,1,-3.939307,1.53578,-2.024291,training_point
09:59:28.529,2,-2.187381,1.399208,-1.869976,training_point
09:59:28.611,1,-3.938861,1.536326,-2.02398,training_point
09:59:28.612,2,-2.187026,1.399124,-1.870494,training_point
09:59:28.745,1,-3.93842,1.536893,-2.023945,training_point
09:59:28.745,2,-2.186642,1.399635,-1.870132,training_point
09:59:28.829,1,-3.938427,1.537045,-2.023815,training_point
09:59:28.829,2,-2.187181,1.399846,-1.869854,training_point
09:59:28.911,1,-3.937659,1.536935,-2.023357,training_point
09:59:28.912,2,-2.186733,1.399718,-1.869387,training_point
09:59:29.045,1,-3.937427,1.538317,-2.021679,training_point
09:59:29.045,2,-2.187126,1.400048,-1.869297,training_point
09:59:29.129,1,-3.937739,1.537842,-2.020906,training_point
09:59:29.130,2,-2.187601,1.400286,-1.869753,training_point
09:59:29.212,1,-3.937155,1.537407,-2.021092,training_point
09:59:29.212,2,-2.187359,1.400106,-1.869551,training_point
09:59:29.296,1,-3.936839,1.538198,-2.020795,training_point
09:59:29.296,2,-2.187237,1.399743,-1.869813,training_point
09:59:29.378,1,-3.936612,1.539101,-2.020361,training_point
09:59:29.378,2,-2.188062,1.399718,-1.869916,training_point
09:59:29.512,1,-3.936342,1.539231,-2.019892,training_point
09:59:29.512,2,-2.187869,1.400644,-1.869476,training_point
09:59:29.596,1,-3.936239,1.53807,-2.019819,training_point
09:59:29.596,2,-2.189383,1.400759,-1.869353,training_point
09:59:29.696,1,-3.935813,1.538748,-2.020175,training_point
09:59:29.696,2,-2.189957,1.400887,-1.870155,training_point
09:59:29.778,1,-3.936358,1.538637,-2.020944,training_point
09:59:29.778,2,-2.189971,1.400435,-1.86964,training_point
09:59:29.911,1,-3.937151,1.538511,-2.01925,training_point
09:59:29.912,2,-2.18982,1.400499,-1.869795,training_point
09:59:30.045,1,-3.936667,1.538678,-2.020835,training_point
09:59:30.045,2,-2.188708,1.400853,-1.870341,training_point
09:59:30.129,1,-3.936539,1.538304,-2.02043,training_point
09:59:30.129,2,-2.188057,1.400437,-1.871594,training_point
09:59:30.211,1,-3.936348,1.538729,-2.021367,training_point
09:59:30.212,2,-2.187099,1.39995,-1.872392,training_point
09:59:30.296,1,-3.936325,1.538573,-2.021809,training_point
09:59:30.296,2,-2.185541,1.399953,-1.873404,training_point
09:59:30.396,1,-3.936238,1.538212,-2.021418,training_point
09:59:30.396,2,-2.183506,1.399306,-1.873207,training_point
09:59:30.478,1,-3.935942,1.538992,-2.021712,training_point
09:59:30.478,2,-2.182447,1.399163,-1.87401,training_point
09:59:30.612,1,-3.935527,1.538691,-2.022796,training_point
09:59:30.612,2,-2.18123,1.399924,-1.87504,training_point
09:59:30.696,1,-3.934868,1.538782,-2.024027,training_point
09:59:30.696,2,-2.180395,1.399958,-1.875208,training_point
09:59:30.778,1,-3.934436,1.537999,-2.024949,training_point
09:59:30.778,2,-2.178517,1.399656,-1.873887,training_point
09:59:30.911,1,-3.934193,1.538656,-2.026686,training_point
09:59:30.912,2,-2.178769,1.399666,-1.874449,training_point
09:59:31.045,1,-3.934795,1.537544,-2.025771,training_point
09:59:31.045,2,-2.178811,1.399851,-1.87442,training_point
09:59:31.178,1,-3.934524,1.537481,-2.025987,training_point
09:59:31.178,2,-2.178661,1.399613,-1.874329,training_point
09:59:31.263,1,-3.934578,1.537207,-2.026347,training_point
09:59:31.264,2,-2.178027,1.399793,-1.874367,training_point
09:59:31.345,1,-3.934243,1.535611,-2.026935,training_point
09:59:31.345,2,-2.178035,1.400053,-1.873809,training_point
09:59:31.478,1,-3.933452,1.536915,-2.026748,training_point
09:59:31.478,2,-2.177976,1.399895,-1.873753,training_point
09:59:31.612,1,-3.932469,1.537251,-2.029778,training_point
09:59:31.612,2,-2.177883,1.399778,-1.873485,training_point
09:59:31.745,1,-3.931768,1.538138,-2.030661,training_point
09:59:31.745,2,-2.177391,1.399714,-1.873657,training_point
09:59:31.829,1,-3.931335,1.536811,-2.030109,training_point
09:59:31.829,2,-2.178345,1.40004,-1.874834,training_point
09:59:31.912,1,-3.929923,1.537941,-2.029415,training_point
09:59:31.912,2,-2.178859,1.40012,-1.875605,training_point
09:59:31.996,1,-3.93006,1.538191,-2.02999,training_point
09:59:31.996,2,-2.178831,1.400307,-1.876983,training_point
09:59:32.095,1,-3.930853,1.538364,-2.030265,training_point
09:59:32.095,2,-2.179574,1.399963,-1.877567,training_point
09:59:32.178,1,-3.931107,1.538489,-2.030261,training_point
09:59:32.178,2,-2.179442,1.399158,-1.87926,training_point
09:59:32.312,1,-3.929782,1.538475,-2.030558,training_point
09:59:32.312,2,-2.179773,1.39931,-1.879728,training_point
09:59:32.396,1,-3.930018,1.539605,-2.030409,training_point
09:59:32.396,2,-2.179391,1.399252,-1.879824,training_point
09:59:32.478,1,-3.92963,1.539053,-2.029907,training_point
09:59:32.478,2,-2.179311,1.399629,-1.880067,training_point
09:59:32.562,1,-3.928299,1.540077,-2.030352,training_point
09:59:32.563,2,-2.179433,1.400105,-1.880399,training_point
09:59:32.645,1,-3.928111,1.540035,-2.029848,training_point
09:59:32.645,2,-2.178882,1.400488,-1.881194,training_point
09:59:32.729,1,-3.927745,1.539781,-2.030136,training_point
09:59:32.730,2,-2.179188,1.400652,-1.883016,training_point
09:59:32.811,1,-3.927093,1.53956,-2.029967,training_point
09:59:32.812,2,-2.179569,1.400399,-1.88325,training_point
09:59:32.896,1,-3.926654,1.540137,-2.030044,training_point
09:59:32.896,2,-2.17934,1.40079,-1.883021,training_point
09:59:32.978,1,-3.9269,1.536297,-2.030472,training_point
09:59:32.978,2,-2.179004,1.400856,-1.882359,training_point
09:59:33.111,1,-3.926219,1.536709,-2.029474,training_point
09:59:33.112,2,-2.171912,1.401305,-1.883597,training_point
09:59:33.245,1,-3.924323,1.53717,-2.028885,training_point
09:59:33.245,2,-2.150312,1.400619,-1.891223,training_point
09:59:33.378,1,-3.921892,1.537725,-2.028461,training_point
09:59:33.378,2,-2.10327,1.400588,-1.903606,training_point
09:59:33.512,1,-3.916621,1.538201,-2.028931,training_point
09:59:33.512,2,-2.034791,1.400316,-1.930825,training_point
09:59:33.595,1,-3.914648,1.538276,-2.028594,training_point
09:59:33.595,2,-1.981042,1.400501,-1.95062,training_point
09:59:33.679,1,-3.91294,1.538743,-2.027661,training_point
09:59:33.679,2,-1.907915,1.400393,-1.977667,training_point
09:59:33.762,1,-3.911667,1.539847,-2.027626,training_point
09:59:33.762,2,-1.866287,1.400234,-1.998862,training_point
09:59:33.845,1,-3.911323,1.539403,-2.026607,training_point
09:59:33.845,2,-1.800946,1.399844,-2.023885,training_point
09:59:33.929,1,-3.910418,1.539779,-2.027668,training_point
09:59:33.929,2,-1.76034,1.400206,-2.036182,training_point
09:59:34.012,1,-3.909471,1.539083,-2.027963,training_point
09:59:34.012,2,-1.702453,1.400206,-2.049266,training_point
09:59:34.096,1,-3.908655,1.538222,-2.027376,training_point
09:59:34.096,2,-1.658152,1.400473,-2.052591,training_point
09:59:34.196,1,-3.907834,1.538127,-2.026132,training_point
09:59:34.196,2,-1.613793,1.400823,-2.049052,training_point
09:59:34.296,1,-3.907147,1.538458,-2.024393,training_point
09:59:34.296,2,-1.562258,1.400983,-2.027995,training_point
09:59:34.378,1,-3.906812,1.539593,-2.024199,training_point
09:59:34.378,2,-1.462407,1.401322,-2.002287,training_point
09:59:34.462,1,-3.906565,1.539451,-2.024134,training_point
09:59:34.462,2,-1.400725,1.401427,-1.987041,training_point
09:59:34.545,1,-3.906349,1.538393,-2.023667,training_point
09:59:34.545,2,-1.317777,1.401213,-1.943193,training_point
09:59:34.628,1,-3.906388,1.539125,-2.023804,training_point
09:59:34.629,2,-1.277164,1.400715,-1.933339,training_point
09:59:34.712,1,-3.90625,1.540145,-2.023522,training_point
09:59:34.712,2,-1.232523,1.401351,-1.917691,training_point
09:59:34.796,1,-3.906298,1.539182,-2.023212,training_point
09:59:34.796,2,-1.189647,1.401246,-1.896057,training_point
09:59:34.878,1,-3.906939,1.539713,-2.023643,training_point
09:59:34.878,2,-1.121928,1.401303,-1.865612,training_point
09:59:34.963,1,-3.907038,1.538961,-2.023641,training_point
09:59:34.963,2,-1.111947,1.401634,-1.860869,training_point
09:59:35.045,1,-3.910232,1.538952,-2.02446,training_point
09:59:35.045,2,-1.051951,1.400576,-1.849791,training_point
09:59:35.178,1,-3.908801,1.538089,-2.027031,training_point
09:59:35.178,2,-0.95954,1.400976,-1.857405,training_point
09:59:35.262,1,-3.907453,1.538245,-2.028907,training_point
09:59:35.263,2,-0.928045,1.40052,-1.853746,training_point
09:59:35.345,1,-3.904302,1.53824,-2.033952,training_point
09:59:35.345,2,-0.872002,1.399837,-1.835342,training_point
09:59:35.478,1,-3.89798,1.538518,-2.04104,training_point
09:59:35.478,2,-0.790685,1.40046,-1.861679,training_point
09:59:35.563,1,-3.890794,1.539038,-2.045278,training_point
09:59:35.563,2,-0.788575,1.400343,-1.86064,training_point
09:59:35.662,1,-3.879759,1.539439,-2.051067,training_point
09:59:35.662,2,-0.772793,1.400799,-1.866662,training_point
09:59:35.745,1,-3.861491,1.539698,-2.059154,training_point
09:59:35.745,2,-0.733979,1.400501,-1.873718,training_point
09:59:35.828,1,-3.851987,1.539559,-2.066396,training_point
09:59:35.829,2,-0.725587,1.400634,-1.87626,training_point
09:59:35.912,1,-3.834244,1.54025,-2.078235,training_point
09:59:35.912,2,-0.713162,1.401176,-1.885458,training_point
09:59:35.995,1,-3.822691,1.539958,-2.085197,training_point
09:59:35.995,2,-0.708616,1.400685,-1.887142,training_point
09:59:36.078,1,-3.805047,1.540063,-2.099949,training_point
09:59:36.078,2,-0.695061,1.401057,-1.889181,training_point
09:59:36.162,1,-3.792935,1.539674,-2.111521,training_point
09:59:36.162,2,-0.689156,1.401118,-1.889488,training_point
09:59:36.245,1,-3.781028,1.539446,-2.123732,training_point
09:59:36.245,2,-0.681818,1.400951,-1.891128,training_point
09:59:36.328,1,-3.770947,1.539701,-2.126572,training_point
09:59:36.328,2,-0.679649,1.401269,-1.890183,training_point
09:59:36.412,1,-3.756355,1.540075,-2.133907,training_point
09:59:36.412,2,-0.676328,1.400805,-1.888546,training_point
09:59:36.545,1,-3.728882,1.539854,-2.134215,training_point
09:59:36.545,2,-0.692351,1.400374,-1.903087,training_point
09:59:36.629,1,-3.712993,1.540046,-2.131899,training_point
09:59:36.630,2,-0.707014,1.400435,-1.906748,training_point
09:59:36.712,1,-3.679379,1.540281,-2.122532,training_point
09:59:36.712,2,-0.718775,1.400445,-1.910529,training_point
09:59:36.845,1,-3.625327,1.540176,-2.10472,training_point
09:59:36.845,2,-0.724042,1.399989,-1.914832,training_point
09:59:36.978,1,-3.559623,1.540182,-2.081452,training_point
09:59:36.978,2,-0.729462,1.398921,-1.927663,training_point
09:59:37.112,1,-3.508535,1.540547,-2.06955,training_point
09:59:37.112,2,-0.756299,1.398429,-1.938293,training_point
09:59:37.245,1,-3.469684,1.540521,-2.064764,training_point
09:59:37.245,2,-0.794734,1.39822,-1.948578,training_point
09:59:37.378,1,-3.425068,1.540589,-2.055686,training_point
09:59:37.378,2,-0.823477,1.398885,-1.942337,training_point
09:59:37.462,1,-3.3926,1.541067,-2.063044,training_point
09:59:37.463,2,-0.828086,1.39912,-1.943669,training_point
09:59:37.545,1,-3.350322,1.541903,-2.083664,training_point
09:59:37.545,2,-0.90258,1.398824,-1.950243,training_point
09:59:37.628,1,-3.317943,1.54261,-2.10417,training_point
09:59:37.628,2,-0.889121,1.398946,-1.950731,training_point
09:59:37.712,1,-3.262114,1.542535,-2.141074,training_point
09:59:37.712,2,-0.892995,1.397853,-1.9509,training_point
09:59:37.796,1,-3.226563,1.543376,-2.15826,training_point
09:59:37.796,2,-0.905225,1.397833,-1.956707,training_point
09:59:37.878,1,-3.203935,1.542888,-2.213387,training_point
09:59:37.878,2,-0.92165,1.398173,-1.961561,training_point
09:59:38.012,1,-3.191628,1.543351,-2.232103,training_point
09:59:38.012,2,-0.922309,1.398596,-1.968668,training_point
09:59:38.145,1,-3.16399,1.543404,-2.259219,training_point
09:59:38.145,2,-0.925314,1.398802,-1.966858,training_point
09:59:38.278,1,-3.139912,1.543185,-2.282098,training_point
09:59:38.278,2,-0.936682,1.399054,-1.97469,training_point
09:59:38.412,1,-3.125083,1.5422,-2.295584,training_point
09:59:38.412,2,-0.917118,1.398986,-1.948536,training_point
09:59:38.545,1,-3.114826,1.541514,-2.304702,training_point
09:59:38.545,2,-0.907649,1.399186,-1.963404,training_point
09:59:38.678,1,-3.10892,1.541487,-2.312072,training_point
09:59:38.678,2,-0.918285,1.399284,-1.967807,training_point
09:59:38.812,1,-3.104447,1.541917,-2.316988,training_point
09:59:38.812,2,-0.917694,1.398978,-1.960619,training_point
09:59:38.962,1,-3.100881,1.542403,-2.322274,training_point
09:59:38.962,2,-0.922699,1.399461,-1.95001,training_point
09:59:39.045,1,-3.098871,1.540399,-2.32744,training_point
09:59:39.045,2,-0.933926,1.39862,-1.967185,training_point
09:59:39.178,1,-3.099809,1.54177,-2.332846,training_point
09:59:39.178,2,-0.932858,1.398252,-1.948262,training_point
09:59:39.312,1,-3.100649,1.544988,-2.337911,training_point
09:59:39.312,2,-0.940017,1.397898,-1.955246,training_point
09:59:39.445,1,-3.101242,1.547922,-2.340962,training_point
09:59:39.445,2,-0.952162,1.398076,-1.961737,training_point
09:59:39.578,1,-3.101505,1.549144,-2.344542,training_point
09:59:39.578,2,-0.9551,1.398387,-1.958743,training_point
09:59:39.712,1,-3.102047,1.550243,-2.34906,training_point
09:59:39.712,2,-0.975752,1.398495,-1.944853,training_point
09:59:39.845,1,-3.102583,1.550154,-2.352412,training_point
09:59:39.845,2,-0.992164,1.399026,-1.956077,training_point
09:59:39.978,1,-3.102822,1.550932,-2.35476,training_point
09:59:39.978,2,-1.009179,1.398839,-1.966801,training_point
09:59:40.063,1,-3.102835,1.550521,-2.355698,training_point
09:59:40.063,2,-1.015322,1.398263,-1.966596,training_point
09:59:40.145,1,-3.102557,1.549944,-2.356747,training_point
09:59:40.145,2,-1.026455,1.398518,-1.970305,training_point
09:59:40.229,1,-3.10257,1.549177,-2.357121,training_point
09:59:40.230,2,-1.034007,1.398706,-1.971178,training_point
09:59:40.312,1,-3.102285,1.547548,-2.357817,training_point
09:59:40.312,2,-1.034294,1.398892,-1.969952,training_point
09:59:40.445,1,-3.101433,1.546983,-2.358066,training_point
09:59:40.445,2,-1.037302,1.401578,-1.968718,training_point
09:59:40.529,1,-3.100646,1.547552,-2.358193,training_point
09:59:40.530,2,-1.038489,1.404892,-1.967987,training_point
09:59:40.612,1,-3.09962,1.547565,-2.358217,training_point
09:59:40.612,2,-1.04554,1.39758,-1.968727,training_point
09:59:40.745,1,-3.097789,1.549468,-2.357597,training_point
09:59:40.745,2,-1.05265,1.390449,-1.96853,training_point
09:59:40.878,1,-3.096539,1.549503,-2.357042,training_point
09:59:40.878,2,-1.055683,1.387246,-1.967994,training_point
09:59:40.963,1,-3.095654,1.550293,-2.355719,training_point
09:59:40.964,2,-1.055929,1.391955,-1.967769,training_point
09:59:41.062,1,-3.094724,1.550347,-2.354481,training_point
09:59:41.063,2,-1.056342,1.392522,-1.967285,training_point
09:59:41.145,1,-3.093642,1.549791,-2.352546,training_point
09:59:41.145,2,-1.061543,1.393533,-1.966234,training_point
09:59:41.228,1,-3.093276,1.548557,-2.350889,training_point
09:59:41.228,2,-1.060953,1.397377,-1.965548,training_point
09:59:41.313,1,-3.093012,1.546491,-2.350043,training_point
09:59:41.313,2,-1.061686,1.399776,-1.963318,training_point
09:59:41.412,1,-3.093029,1.54607,-2.348432,training_point
09:59:41.413,2,-1.060572,1.393955,-1.962195,training_point
09:59:41.495,1,-3.093051,1.545491,-2.346227,training_point
09:59:41.495,2,-1.059391,1.386783,-1.960071,training_point
09:59:41.628,1,-3.093445,1.545354,-2.344065,training_point
09:59:41.628,2,-1.060921,1.376123,-1.95795,training_point
09:59:41.779,1,-3.094327,1.545257,-2.341837,training_point
09:59:41.780,2,-1.064198,1.363487,-1.953896,training_point
09:59:41.862,1,-3.095192,1.545303,-2.341116,training_point
09:59:41.862,2,-1.065259,1.366337,-1.951587,training_point
09:59:41.995,1,-3.096301,1.54504,-2.340354,training_point
09:59:41.995,2,-1.065695,1.377305,-1.950842,training_point
09:59:42.078,1,-3.097217,1.545125,-2.340412,training_point
09:59:42.079,2,-1.063749,1.37877,-1.9511,training_point
09:59:42.162,1,-3.097835,1.545346,-2.340138,training_point
09:59:42.162,2,-1.067475,1.383028,-1.954199,training_point
09:59:42.245,1,-3.098882,1.545265,-2.339782,training_point
09:59:42.245,2,-1.068332,1.381419,-1.956334,training_point
09:59:42.329,1,-3.099574,1.545407,-2.339671,training_point
09:59:42.329,2,-1.073324,1.382571,-1.959118,training_point
09:59:42.412,1,-3.100722,1.545338,-2.339615,training_point
09:59:42.412,2,-1.079034,1.380004,-1.964605,training_point
09:59:42.496,1,-3.101222,1.544531,-2.339457,training_point
09:59:42.496,2,-1.081155,1.370634,-1.965112,training_point
09:59:42.613,1,-3.102518,1.546029,-2.338873,training_point
09:59:42.613,2,-1.085097,1.362406,-1.968564,training_point
09:59:42.695,1,-3.103015,1.545841,-2.338762,training_point
09:59:42.695,2,-1.087458,1.367426,-1.97171,training_point
09:59:42.779,1,-3.103695,1.545159,-2.338476,training_point
09:59:42.779,2,-1.087927,1.378936,-1.97445,training_point
09:59:42.862,1,-3.104319,1.544361,-2.338478,training_point
09:59:42.862,2,-1.091784,1.378152,-1.977541,training_point
09:59:42.945,1,-3.10486,1.544686,-2.339006,training_point
09:59:42.945,2,-1.096618,1.377641,-1.978696,training_point
09:59:43.029,1,-3.105925,1.543389,-2.339498,training_point
09:59:43.029,2,-1.102079,1.370348,-1.97923,training_point
09:59:43.112,1,-3.106462,1.544122,-2.339879,training_point
09:59:43.112,2,-1.103753,1.372484,-1.979579,training_point
09:59:43.195,1,-3.106557,1.545382,-2.340111,training_point
09:59:43.195,2,-1.10465,1.373169,-1.980285,training_point
09:59:43.279,1,-3.107044,1.545817,-2.340289,training_point
09:59:43.279,2,-1.10812,1.372083,-1.980462,training_point
09:59:43.362,1,-3.107236,1.546372,-2.340308,training_point
09:59:43.362,2,-1.109223,1.371205,-1.979188,training_point
09:59:43.445,1,-3.107286,1.543174,-2.340438,training_point
09:59:43.445,2,-1.112009,1.367334,-1.978716,training_point
09:59:43.578,1,-3.107369,1.542824,-2.340628,training_point
09:59:43.578,2,-1.112865,1.3669,-1.977822,training_point
09:59:43.662,1,-3.107385,1.540339,-2.340573,training_point
09:59:43.662,2,-1.112769,1.36771,-1.976909,training_point
09:59:43.813,1,-3.107515,1.54046,-2.340747,training_point
09:59:43.813,2,-1.11244,1.366236,-1.974613,training_point
09:59:43.896,1,-3.107348,1.537518,-2.340837,training_point
09:59:43.896,2,-1.113948,1.362914,-1.965495,training_point
09:59:43.979,1,-3.107437,1.533306,-2.341135,training_point
09:59:43.979,2,-1.113217,1.356456,-1.963485,training_point
09:59:44.062,1,-3.107081,1.532839,-2.341322,training_point
09:59:44.062,2,-1.112641,1.364713,-1.9626,training_point
09:59:44.179,1,-3.106725,1.530117,-2.341355,training_point
09:59:44.180,2,-1.111074,1.369884,-1.954943,training_point
09:59:44.262,1,-3.10642,1.527109,-2.341727,training_point
09:59:44.262,2,-1.1107,1.374457,-1.95229,training_point
09:59:44.395,1,-3.1063,1.53018,-2.341864,training_point
09:59:44.395,2,-1.109304,1.372007,-1.94561,training_point
09:59:44.528,1,-3.106204,1.529733,-2.342107,training_point
09:59:44.529,2,-1.109272,1.374483,-1.944985,training_point
09:59:44.613,1,-3.106008,1.522657,-2.342248,training_point
09:59:44.613,2,-1.10991,1.371735,-1.943518,training_point
09:59:44.695,1,-3.105884,1.520395,-2.342342,training_point
09:59:44.695,2,-1.111041,1.394766,-1.942545,training_point
09:59:44.796,1,-3.105829,1.520688,-2.342459,training_point
09:59:44.796,2,-1.112147,1.39885,-1.94354,training_point
09:59:44.878,1,-3.105635,1.524473,-2.342658,training_point
09:59:44.878,2,-1.113987,1.391723,-1.940381,training_point
09:59:44.962,1,-3.105705,1.526648,-2.342738,training_point
09:59:44.962,2,-1.114439,1.395485,-1.939924,training_point
09:59:45.045,1,-3.105767,1.522907,-2.342705,training_point
09:59:45.045,2,-1.114798,1.403149,-1.939124,training_point
09:59:45.178,1,-3.105708,1.525961,-2.343311,training_point
09:59:45.178,2,-1.114936,1.402834,-1.938445,training_point
09:59:45.329,1,-3.1059,1.527579,-2.344112,training_point
09:59:45.330,2,-1.115404,1.399722,-1.937382,training_point
09:59:45.412,1,-3.106063,1.527547,-2.344405,training_point
09:59:45.412,2,-1.114285,1.397945,-1.935637,training_point
09:59:45.496,1,-3.106073,1.530482,-2.344403,training_point
09:59:45.496,2,-1.114348,1.399159,-1.93513,training_point
09:59:45.596,1,-3.106404,1.530545,-2.344821,training_point
09:59:45.596,2,-1.114488,1.395255,-1.93455,training_point
09:59:45.678,1,-3.106511,1.526787,-2.345089,training_point
09:59:45.678,2,-1.113812,1.414851,-1.93357,training_point
09:59:45.812,1,-3.106868,1.523939,-2.345271,training_point
09:59:45.812,2,-1.113801,1.407174,-1.933636,training_point
09:59:45.896,1,-3.107014,1.520234,-2.345197,training_point
09:59:45.896,2,-1.113903,1.403762,-1.933024,training_point
09:59:45.978,1,-3.107203,1.520219,-2.345973,training_point
09:59:45.979,2,-1.114195,1.406922,-1.935011,training_point
09:59:46.062,1,-3.107425,1.520663,-2.346072,training_point
09:59:46.062,2,-1.114343,1.412165,-1.934863,training_point
09:59:46.213,1,-3.107892,1.5207,-2.346254,training_point
09:59:46.213,2,-1.114495,1.400289,-1.934364,training_point
09:59:46.295,1,-3.107919,1.515908,-2.34626,training_point
09:59:46.295,2,-1.114457,1.416656,-1.934103,training_point
09:59:46.379,1,-3.108005,1.514314,-2.346351,training_point
09:59:46.380,2,-1.113582,1.403147,-1.93384,training_point
09:59:46.462,1,-3.10803,1.514191,-2.346358,training_point
09:59:46.462,2,-1.113609,1.395964,-1.933548,training_point
09:59:46.595,1,-3.108226,1.514246,-2.345966,training_point
09:59:46.595,2,-1.114216,1.396895,-1.933336,training_point
09:59:46.679,1,-3.108349,1.513863,-2.345907,training_point
09:59:46.680,2,-1.114364,1.446817,-1.933304,training_point
09:59:46.762,1,-3.108423,1.513807,-2.345515,training_point
09:59:46.762,2,-1.114763,1.442821,-1.93379,training_point
09:59:46.846,1,-3.10838,1.513416,-2.345265,training_point
09:59:46.846,2,-1.114951,1.442579,-1.934045,training_point
09:59:46.928,1,-3.108142,1.513396,-2.344839,training_point
09:59:46.929,2,-1.115183,1.441411,-1.934737,training_point
09:59:47.013,1,-3.108324,1.513551,-2.345204,training_point
09:59:47.013,2,-1.115167,1.437208,-1.934732,training_point
09:59:47.095,1,-3.107865,1.513632,-2.344612,training_point
09:59:47.095,2,-1.116439,1.437822,-1.936379,training_point
09:59:47.196,1,-3.107794,1.513463,-2.343653,training_point
09:59:47.196,2,-1.117581,1.437814,-1.936377,training_point
09:59:47.296,1,-3.107188,1.513457,-2.34285,training_point
09:59:47.296,2,-1.117785,1.4382,-1.937372,training_point
09:59:47.395,1,-3.106285,1.513412,-2.34215,training_point
09:59:47.395,2,-1.116876,1.438611,-1.938624,training_point
09:59:47.479,1,-3.105461,1.513133,-2.341683,training_point
09:59:47.479,2,-1.116703,1.437899,-1.939392,training_point
09:59:47.562,1,-3.104316,1.513094,-2.34113,training_point
09:59:47.562,2,-1.116446,1.437629,-1.938683,training_point
09:59:47.645,1,-3.103439,1.513147,-2.340359,training_point
09:59:47.646,2,-1.116856,1.436963,-1.93744,training_point
09:59:47.729,1,-3.103193,1.513229,-2.340175,training_point
09:59:47.729,2,-1.116594,1.436845,-1.938132,training_point
09:59:47.812,1,-3.102468,1.513318,-2.339883,training_point
09:59:47.812,2,-1.117037,1.436839,-1.937154,training_point
09:59:47.895,1,-3.101729,1.513525,-2.33952,training_point
09:59:47.896,2,-1.117079,1.435861,-1.935803,training_point
09:59:47.979,1,-3.101464,1.514006,-2.339447,training_point
09:59:47.979,2,-1.117201,1.436228,-1.93431,training_point
09:59:48.062,1,-3.101208,1.513845,-2.339417,training_point
09:59:48.062,2,-1.117111,1.43622,-1.934561,training_point
09:59:48.145,1,-3.101113,1.513431,-2.339267,training_point
09:59:48.145,2,-1.117875,1.436228,-1.93259,training_point
09:59:48.229,1,-3.100931,1.513234,-2.339449,training_point
09:59:48.230,2,-1.117868,1.435789,-1.932376,training_point
09:59:48.312,1,-3.100919,1.513628,-2.339518,training_point
09:59:48.312,2,-1.118047,1.435743,-1.931732,training_point
09:59:48.413,1,-3.100759,1.513989,-2.339397,training_point
09:59:48.413,2,-1.116497,1.437839,-1.929917,training_point
09:59:48.512,1,-3.100617,1.513829,-2.339386,training_point
09:59:48.513,2,-1.116337,1.438643,-1.930424,training_point
09:59:48.612,1,-3.100255,1.51367,-2.33925,training_point
09:59:48.612,2,-1.117006,1.438761,-1.930683,training_point
09:59:48.696,1,-3.100056,1.513478,-2.339283,training_point
09:59:48.696,2,-1.116899,1.439128,-1.93133,training_point
09:59:48.779,1,-3.099854,1.513377,-2.339031,training_point
09:59:48.779,2,-1.11703,1.436122,-1.929861,training_point
09:59:48.862,1,-3.099782,1.513208,-2.338797,training_point
09:59:48.862,2,-1.11715,1.434755,-1.929059,training_point
09:59:48.945,1,-3.099853,1.513128,-2.338323,training_point
09:59:48.945,2,-1.11755,1.432338,-1.927643,training_point
09:59:49.029,1,-3.10204,1.513244,-2.336208,training_point
09:59:49.029,2,-1.117741,1.429508,-1.927441,training_point
09:59:49.112,1,-3.104441,1.513148,-2.332619,training_point
09:59:49.112,2,-1.117915,1.428676,-1.925686,training_point
09:59:49.195,1,-3.106063,1.51351,-2.330934,training_point
09:59:49.196,2,-1.117314,1.427134,-1.925006,training_point
09:59:49.279,1,-3.088665,1.513627,-2.336075,training_point
09:59:49.279,2,-1.116909,1.424332,-1.926852,training_point
09:59:49.362,1,-3.093326,1.513542,-2.329803,training_point
09:59:49.362,2,-1.117365,1.420166,-1.926033,training_point
09:59:49.445,1,-3.116725,1.513628,-2.315062,training_point
09:59:49.445,2,-1.117653,1.419845,-1.924556,training_point
09:59:49.612,1,-3.137213,1.513634,-2.298889,training_point
09:59:49.613,2,-1.117479,1.423053,-1.925314,training_point
09:59:49.695,1,-3.160508,1.513587,-2.285283,training_point
09:59:49.695,2,-1.116899,1.425914,-1.925962,training_point
09:59:49.828,1,-3.184242,1.513491,-2.271865,training_point
09:59:49.829,2,-1.116159,1.427363,-1.926924,training_point
09:59:49.913,1,-3.196227,1.513387,-2.265969,training_point
09:59:49.913,2,-1.11621,1.42801,-1.92801,training_point
09:59:50.013,1,-3.209105,1.513668,-2.259624,training_point
09:59:50.013,2,-1.1167,1.430009,-1.926637,training_point
09:59:50.095,1,-3.223814,1.513723,-2.254167,training_point
09:59:50.095,2,-1.1166,1.430957,-1.929187,training_point
09:59:50.179,1,-3.23151,1.51376,-2.251624,training_point
09:59:50.180,2,-1.116868,1.431761,-1.928741,training_point
09:59:50.262,1,-3.238343,1.513716,-2.24842,training_point
09:59:50.262,2,-1.116295,1.431658,-1.927273,training_point
09:59:50.395,1,-3.246115,1.513779,-2.247358,training_point
09:59:50.395,2,-1.115948,1.431671,-1.928517,training_point
09:59:50.479,1,-3.249275,1.513605,-2.245697,training_point
09:59:50.480,2,-1.115417,1.431921,-1.930179,training_point
09:59:50.579,1,-3.251513,1.51345,-2.24429,training_point
09:59:50.580,2,-1.115467,1.433717,-1.928238,training_point
09:59:50.662,1,-3.253144,1.513387,-2.243717,training_point
09:59:50.662,2,-1.116236,1.4332,-1.926056,training_point
09:59:50.746,1,-3.254696,1.51336,-2.243541,training_point
09:59:50.746,2,-1.11687,1.433118,-1.924578,training_point
09:59:50.828,1,-3.256277,1.513368,-2.243277,training_point
09:59:50.829,2,-1.116779,1.433906,-1.92618,training_point
09:59:50.912,1,-3.257218,1.513212,-2.243146,training_point
09:59:50.912,2,-1.116839,1.434139,-1.925436,training_point
09:59:50.995,1,-3.257738,1.513123,-2.242959,training_point
09:59:50.995,2,-1.117027,1.434961,-1.924129,training_point
09:59:51.078,1,-3.25788,1.512827,-2.242768,training_point
09:59:51.079,2,-1.117492,1.43517,-1.923389,training_point
09:59:51.163,1,-3.257977,1.512684,-2.242679,training_point
09:59:51.163,2,-1.117885,1.435571,-1.922572,training_point
09:59:51.245,1,-3.257948,1.512615,-2.242979,training_point
09:59:51.245,2,-1.117223,1.43586,-1.921852,training_point
09:59:51.329,1,-3.257781,1.512581,-2.243276,training_point
09:59:51.330,2,-1.117461,1.435806,-1.921061,training_point
09:59:51.412,1,-3.256887,1.512395,-2.243443,training_point
09:59:51.412,2,-1.116826,1.436295,-1.919165,training_point
09:59:51.495,1,-3.25653,1.51253,-2.243641,training_point
09:59:51.495,2,-1.117238,1.436146,-1.918915,training_point
09:59:51.578,1,-3.256047,1.51256,-2.243703,training_point
09:59:51.579,2,-1.117993,1.43601,-1.918508,training_point
09:59:51.662,1,-3.255586,1.512334,-2.243721,training_point
09:59:51.662,2,-1.118189,1.436207,-1.918305,training_point
09:59:51.745,1,-3.25515,1.512506,-2.243783,training_point
09:59:51.745,2,-1.117794,1.435704,-1.917728,training_point
09:59:51.828,1,-3.254663,1.512501,-2.244147,training_point
09:59:51.829,2,-1.117561,1.435439,-1.916969,training_point
09:59:51.912,1,-3.253413,1.512645,-2.24476,training_point
09:59:51.912,2,-1.118152,1.435553,-1.916749,training_point
09:59:51.996,1,-3.252603,1.512687,-2.245306,training_point
09:59:51.996,2,-1.118527,1.435725,-1.916739,training_point
09:59:52.078,1,-3.251123,1.512707,-2.246226,training_point
09:59:52.079,2,-1.119766,1.435583,-1.91704,training_point
09:59:52.162,1,-3.249726,1.512997,-2.246584,training_point
09:59:52.163,2,-1.120092,1.435184,-1.917062,training_point
09:59:52.245,1,-3.247909,1.512938,-2.247249,training_point
09:59:52.245,2,-1.120166,1.435628,-1.917029,training_point
09:59:52.329,1,-3.246245,1.513375,-2.247035,training_point
09:59:52.330,2,-1.119161,1.435617,-1.915871,training_point
09:59:52.412,1,-3.245122,1.513786,-2.24732,training_point
09:59:52.412,2,-1.119307,1.435101,-1.915837,training_point
09:59:52.545,1,-3.245059,1.514075,-2.247127,training_point
09:59:52.545,2,-1.119075,1.43513,-1.915323,training_point
09:59:52.678,1,-3.245576,1.51411,-2.248407,training_point
09:59:52.679,2,-1.119345,1.435011,-1.915394,training_point
09:59:52.812,1,-3.245343,1.51418,-2.251538,training_point
09:59:52.812,2,-1.11866,1.434521,-1.915155,training_point
09:59:52.945,1,-3.245398,1.514418,-2.255655,training_point
09:59:52.945,2,-1.117785,1.434213,-1.914834,training_point
09:59:53.078,1,-3.243523,1.514601,-2.261475,training_point
09:59:53.079,2,-1.117538,1.434172,-1.914984,training_point
09:59:53.163,1,-3.243726,1.514724,-2.263137,training_point
09:59:53.163,2,-1.117461,1.434334,-1.91497,training_point
09:59:53.262,1,-3.243534,1.514995,-2.266109,training_point
09:59:53.263,2,-1.118286,1.434057,-1.915079,training_point
09:59:53.345,1,-3.243546,1.515103,-2.267173,training_point
09:59:53.345,2,-1.118719,1.433962,-1.915104,training_point
09:59:53.495,1,-3.244092,1.515388,-2.268343,training_point
09:59:53.495,2,-1.118047,1.433937,-1.914855,training_point
09:59:53.578,1,-3.244194,1.515737,-2.268436,training_point
09:59:53.579,2,-1.11843,1.433625,-1.915209,training_point
09:59:53.712,1,-3.243852,1.515547,-2.268567,training_point
09:59:53.712,2,-1.118622,1.433638,-1.915433,training_point
09:59:53.845,1,-3.243235,1.515588,-2.266366,training_point
09:59:53.845,2,-1.118311,1.433218,-1.915498,training_point
09:59:53.978,1,-3.243449,1.515378,-2.266384,training_point
09:59:53.979,2,-1.117892,1.433699,-1.915412,training_point
09:59:54.062,1,-3.243369,1.515241,-2.266065,training_point
09:59:54.062,2,-1.117387,1.433581,-1.915226,training_point
09:59:54.145,1,-3.242957,1.515188,-2.264231,training_point
09:59:54.145,2,-1.117353,1.433272,-1.91536,training_point
09:59:54.229,1,-3.243159,1.51494,-2.264082,training_point
09:59:54.230,2,-1.11778,1.433664,-1.915707,training_point
09:59:54.329,1,-3.243324,1.514646,-2.263864,training_point
09:59:54.330,2,-1.118355,1.434075,-1.916077,training_point
09:59:54.412,1,-3.243591,1.514554,-2.263662,training_point
09:59:54.412,2,-1.117909,1.43432,-1.915466,training_point
09:59:54.496,1,-3.243178,1.514125,-2.2624,training_point
09:59:54.496,2,-1.117748,1.434413,-1.915648,training_point
09:59:54.578,1,-3.24314,1.513925,-2.262365,training_point
09:59:54.579,2,-1.117912,1.435003,-1.915957,training_point
09:59:54.712,1,-3.243337,1.513939,-2.262974,training_point
09:59:54.712,2,-1.118279,1.434931,-1.916058,training_point
09:59:54.796,1,-3.24342,1.513922,-2.263442,training_point
09:59:54.796,2,-1.118403,1.43475,-1.916202,training_point
09:59:54.896,1,-3.243649,1.513778,-2.264567,training_point
09:59:54.897,2,-1.118252,1.43467,-1.916322,training_point
09:59:54.978,1,-3.244223,1.513444,-2.26604,training_point
09:59:54.979,2,-1.1187,1.434846,-1.916974,training_point
09:59:55.112,1,-3.244279,1.51343,-2.266305,training_point
09:59:55.112,2,-1.118753,1.435085,-1.917128,training_point
09:59:55.196,1,-3.244681,1.513413,-2.268209,training_point
09:59:55.196,2,-1.118905,1.43516,-1.917232,training_point
09:59:55.296,1,-3.246325,1.513405,-2.270347,training_point
09:59:55.297,2,-1.119397,1.434907,-1.91796,training_point
09:59:55.379,1,-3.247412,1.513168,-2.272528,training_point
09:59:55.379,2,-1.119799,1.434689,-1.918546,training_point
09:59:55.462,1,-3.247606,1.513259,-2.273154,training_point
09:59:55.462,2,-1.119793,1.434734,-1.918666,training_point
09:59:55.545,1,-3.247907,1.51338,-2.274299,training_point
09:59:55.545,2,-1.119147,1.434797,-1.918769,training_point
09:59:55.629,1,-3.248185,1.513504,-2.274889,training_point
09:59:55.629,2,-1.119172,1.434625,-1.91884,training_point
09:59:55.712,1,-3.248335,1.51374,-2.275073,training_point
09:59:55.712,2,-1.119247,1.434824,-1.918842,training_point
09:59:55.795,1,-3.248581,1.514168,-2.275198,training_point
09:59:55.795,2,-1.119013,1.434848,-1.918879,training_point
09:59:55.880,1,-3.248555,1.516676,-2.275221,training_point
09:59:55.880,2,-1.119326,1.434416,-1.919061,training_point
09:59:55.979,1,-3.248637,1.517104,-2.274925,training_point
09:59:55.980,2,-1.119275,1.434348,-1.919115,training_point
09:59:56.062,1,-3.248088,1.526586,-2.275224,training_point
09:59:56.062,2,-1.119612,1.434276,-1.919446,training_point
09:59:56.213,1,-3.247351,1.527045,-2.275621,training_point
09:59:56.213,2,-1.119844,1.434454,-1.919851,training_point
09:59:56.312,1,-3.247084,1.52711,-2.27567,training_point
09:59:56.312,2,-1.120134,1.43451,-1.92052,training_point
09:59:56.396,1,-3.247049,1.522083,-2.275621,training_point
09:59:56.396,2,-1.120239,1.434725,-1.921036,training_point
09:59:56.479,1,-3.24651,1.523201,-2.275631,training_point
09:59:56.479,2,-1.120486,1.434776,-1.921524,training_point
09:59:56.563,1,-3.246452,1.530313,-2.275668,training_point
09:59:56.563,2,-1.12061,1.434972,-1.921737,training_point
09:59:56.645,1,-3.246111,1.532541,-2.276196,training_point
09:59:56.645,2,-1.121014,1.434919,-1.922366,training_point
09:59:56.779,1,-3.246197,1.533716,-2.276008,training_point
09:59:56.779,2,-1.122038,1.435112,-1.923388,training_point
09:59:56.912,1,-3.24612,1.535235,-2.276154,training_point
09:59:56.912,2,-1.134207,1.435081,-1.931103,training_point
09:59:56.996,1,-3.246014,1.533288,-2.276229,training_point
09:59:56.997,2,-1.143195,1.434941,-1.935019,training_point
09:59:57.078,1,-3.246211,1.53412,-2.27623,training_point
09:59:57.079,2,-1.159838,1.435449,-1.936807,training_point
09:59:57.212,1,-3.246888,1.535206,-2.276747,training_point
09:59:57.212,2,-1.184041,1.435003,-1.936022,training_point
09:59:57.296,1,-3.247446,1.535656,-2.277219,training_point
09:59:57.296,2,-1.202952,1.434896,-1.932224,training_point
09:59:57.378,1,-3.248033,1.536089,-2.278109,training_point
09:59:57.379,2,-1.229994,1.43455,-1.921747,training_point
09:59:57.462,1,-3.248707,1.536099,-2.279156,training_point
09:59:57.462,2,-1.254344,1.434454,-1.911485,training_point
09:59:57.545,1,-3.24996,1.536422,-2.280236,training_point
09:59:57.545,2,-1.288299,1.434828,-1.894495,training_point
09:59:57.630,1,-3.250197,1.53664,-2.280433,training_point
09:59:57.630,2,-1.314542,1.435575,-1.882428,training_point
09:59:57.729,1,-3.25052,1.536575,-2.281082,training_point
09:59:57.730,2,-1.369527,1.435492,-1.860409,training_point
09:59:57.812,1,-3.251406,1.536681,-2.281072,training_point
09:59:57.812,2,-1.431193,1.435735,-1.828619,training_point
09:59:57.963,1,-3.252833,1.536704,-2.281108,training_point
09:59:57.963,2,-1.505618,1.435193,-1.805314,training_point
09:59:58.063,1,-3.253633,1.536789,-2.280936,training_point
09:59:58.063,2,-1.547601,1.434992,-1.799494,training_point
09:59:58.145,1,-3.255284,1.536775,-2.280525,training_point
09:59:58.145,2,-1.600073,1.434932,-1.799794,training_point
09:59:58.229,1,-3.256103,1.536732,-2.280367,training_point
09:59:58.230,2,-1.62839,1.434917,-1.800474,training_point
09:59:58.312,1,-3.257868,1.53637,-2.279704,training_point
09:59:58.312,2,-1.678894,1.434645,-1.811966,training_point
09:59:58.396,1,-3.259107,1.536454,-2.27937,training_point
09:59:58.397,2,-1.716927,1.434676,-1.826141,training_point
09:59:58.496,1,-3.259622,1.536562,-2.279019,training_point
09:59:58.496,2,-1.793051,1.434689,-1.859795,training_point
09:59:58.579,1,-3.260445,1.536494,-2.278642,training_point
09:59:58.579,2,-1.860885,1.434628,-1.892874,training_point
09:59:58.712,1,-3.261694,1.536428,-2.27749,training_point
09:59:58.712,2,-1.939562,1.434632,-1.938367,training_point
09:59:58.796,1,-3.261803,1.536701,-2.276878,training_point
09:59:58.796,2,-1.973292,1.43411,-1.960543,training_point
09:59:58.879,1,-3.261713,1.536988,-2.276027,training_point
09:59:58.879,2,-2.023453,1.433973,-1.993699,training_point
09:59:58.963,1,-3.260959,1.537157,-2.275871,training_point
09:59:58.963,2,-2.043838,1.433926,-2.012406,training_point
09:59:59.045,1,-3.260639,1.537291,-2.275331,training_point
09:59:59.045,2,-2.071422,1.433351,-2.035015,training_point
09:59:59.179,1,-3.259673,1.537577,-2.27425,training_point
09:59:59.179,2,-2.098157,1.433208,-2.061035,training_point
09:59:59.263,1,-3.259255,1.537539,-2.273599,training_point
09:59:59.263,2,-2.10508,1.4332,-2.069454,training_point
09:59:59.345,1,-3.258934,1.53793,-2.273207,training_point
09:59:59.345,2,-2.116169,1.433556,-2.081994,training_point
09:59:59.496,1,-3.257761,1.538057,-2.272632,training_point
09:59:59.496,2,-2.124974,1.433667,-2.095684,training_point
09:59:59.579,1,-3.257203,1.53802,-2.272446,training_point
09:59:59.579,2,-2.129113,1.43389,-2.101447,training_point
09:59:59.663,1,-3.257009,1.538161,-2.272417,training_point
09:59:59.663,2,-2.131739,1.433902,-2.105426,training_point
09:59:59.745,1,-3.256551,1.537957,-2.272467,training_point
09:59:59.745,2,-2.134123,1.434205,-2.109557,training_point
09:59:59.829,1,-3.256395,1.536538,-2.272428,training_point
09:59:59.829,2,-2.136418,1.434147,-2.111974,training_point
09:59:59.912,1,-3.256411,1.53636,-2.272573,training_point
09:59:59.912,2,-2.139594,1.433899,-2.116997,training_point
09:59:59.996,1,-3.256322,1.536314,-2.272775,training_point
09:59:59.997,2,-2.141451,1.433902,-2.119712,training_point
10:00:00.096,1,-3.256342,1.535881,-2.272788,training_point
10:00:00.097,2,-2.143771,1.433974,-2.122997,training_point
10:00:00.179,1,-3.256376,1.535748,-2.27312,training_point
10:00:00.179,2,-2.145466,1.433675,-2.124477,training_point
10:00:00.263,1,-3.256492,1.535665,-2.273191,training_point
10:00:00.264,2,-2.146118,1.433094,-2.12457,training_point
10:00:00.345,1,-3.256579,1.535634,-2.273227,training_point
10:00:00.345,2,-2.1473,1.433516,-2.124605,training_point
10:00:00.429,1,-3.256744,1.535063,-2.273332,training_point
10:00:00.429,2,-2.148011,1.433609,-2.124528,training_point
10:00:00.512,1,-3.257156,1.533931,-2.273477,training_point
10:00:00.512,2,-2.14894,1.43378,-2.123893,training_point
10:00:00.595,1,-3.257253,1.532713,-2.273613,training_point
10:00:00.595,2,-2.149128,1.43403,-2.123372,training_point
10:00:00.679,1,-3.257493,1.532503,-2.273702,training_point
10:00:00.679,2,-2.149145,1.433952,-2.120635,training_point
10:00:00.762,1,-3.257864,1.531932,-2.274019,training_point
10:00:00.762,2,-2.148939,1.434139,-2.11813,training_point
10:00:00.895,1,-3.258075,1.531408,-2.27411,training_point
10:00:00.895,2,-2.148404,1.434106,-2.115503,training_point
10:00:01.029,1,-3.258294,1.530993,-2.274193,training_point
10:00:01.029,2,-2.148076,1.434016,-2.110869,training_point
10:00:01.112,1,-3.258695,1.530806,-2.274312,training_point
10:00:01.112,2,-2.148203,1.433875,-2.109597,training_point
10:00:01.195,1,-3.258932,1.530856,-2.274682,training_point
10:00:01.195,2,-2.148654,1.433968,-2.107946,training_point
10:00:01.279,1,-3.259242,1.531343,-2.274777,training_point
10:00:01.279,2,-2.14901,1.434041,-2.105751,training_point
10:00:01.362,1,-3.25966,1.531214,-2.27479,training_point
10:00:01.362,2,-2.149379,1.434132,-2.104948,training_point
10:00:01.445,1,-3.259636,1.531161,-2.274917,training_point
10:00:01.445,2,-2.150193,1.434167,-2.104065,training_point
10:00:01.579,1,-3.25945,1.530748,-2.275277,training_point
10:00:01.579,2,-2.151578,1.434029,-2.104946,training_point
10:00:01.712,1,-3.259405,1.530362,-2.275176,training_point
10:00:01.712,2,-2.152333,1.43361,-2.105618,training_point
10:00:01.796,1,-3.259292,1.530738,-2.275032,training_point
10:00:01.797,2,-2.152392,1.433575,-2.106093,training_point
10:00:01.879,1,-3.258692,1.531418,-2.274581,training_point
10:00:01.879,2,-2.152389,1.433579,-2.106663,training_point
10:00:01.963,1,-3.258676,1.531893,-2.274452,training_point
10:00:01.963,2,-2.152328,1.432893,-2.107135,training_point
10:00:02.063,1,-3.257558,1.532218,-2.274712,training_point
10:00:02.063,2,-2.152231,1.432682,-2.107954,training_point
10:00:02.145,1,-3.257179,1.532156,-2.273805,training_point
10:00:02.145,2,-2.152157,1.432747,-2.108447,training_point
10:00:02.229,1,-3.256547,1.532002,-2.27347,training_point
10:00:02.229,2,-2.152414,1.433076,-2.10815,training_point
10:00:02.312,1,-3.256067,1.531886,-2.273432,training_point
10:00:02.312,2,-2.15244,1.433171,-2.108955,training_point
10:00:02.396,1,-3.255311,1.53184,-2.273408,training_point
10:00:02.397,2,-2.152431,1.433243,-2.109413,training_point
10:00:02.479,1,-3.25436,1.531798,-2.273399,training_point
10:00:02.479,2,-2.152217,1.4332,-2.109564,training_point
10:00:02.563,1,-3.254119,1.531738,-2.273419,training_point
10:00:02.563,2,-2.152159,1.433152,-2.110247,training_point
10:00:02.645,1,-3.252583,1.531759,-2.273448,training_point
10:00:02.645,2,-2.151779,1.433221,-2.110905,training_point
10:00:02.729,1,-3.250734,1.531622,-2.273705,training_point
10:00:02.730,2,-2.150532,1.433182,-2.110319,training_point
10:00:02.812,1,-3.245842,1.531503,-2.277216,training_point
10:00:02.812,2,-2.148716,1.433359,-2.11021,training_point
10:00:02.896,1,-3.241342,1.531251,-2.281365,training_point
10:00:02.896,2,-2.14573,1.433486,-2.111408,training_point
10:00:02.996,1,-3.228355,1.531288,-2.292372,training_point
10:00:02.997,2,-2.140445,1.433664,-2.111841,training_point
10:00:03.096,1,-3.221421,1.531376,-2.300922,training_point
10:00:03.097,2,-2.135109,1.433628,-2.112168,training_point
10:00:03.179,1,-3.207634,1.531435,-2.311285,training_point
10:00:03.179,2,-2.131338,1.433471,-2.113369,training_point
10:00:03.312,1,-3.196125,1.531441,-2.319342,training_point
10:00:03.312,2,-2.126444,1.433581,-2.115121,training_point
10:00:03.396,1,-3.192145,1.531242,-2.32592,training_point
10:00:03.397,2,-2.125141,1.433878,-2.116305,training_point
10:00:03.496,1,-3.193057,1.531285,-2.334521,training_point
10:00:03.497,2,-2.122086,1.432916,-2.117611,training_point
10:00:03.579,1,-3.192999,1.531502,-2.337956,training_point
10:00:03.579,2,-2.119438,1.435311,-2.117814,training_point
10:00:03.712,1,-3.191745,1.531525,-2.335507,training_point
10:00:03.712,2,-2.114497,1.432607,-2.119127,training_point
10:00:03.796,1,-3.192583,1.5315,-2.335322,training_point
10:00:03.797,2,-2.111995,1.433012,-2.119726,training_point
10:00:03.879,1,-3.20316,1.531534,-2.33401,training_point
10:00:03.879,2,-2.108085,1.432094,-2.119611,training_point
10:00:04.012,1,-3.210904,1.531593,-2.324729,training_point
10:00:04.012,2,-2.10261,1.430581,-2.119733,training_point
10:00:04.095,1,-3.214066,1.531256,-2.318361,training_point
10:00:04.096,2,-2.100614,1.4261,-2.119941,training_point
10:00:04.196,1,-3.2173,1.531819,-2.313571,training_point
10:00:04.196,2,-2.097788,1.420376,-2.119475,training_point
10:00:04.296,1,-3.220137,1.532236,-2.308461,training_point
10:00:04.297,2,-2.095915,1.417392,-2.119125,training_point
10:00:04.379,1,-3.220299,1.532789,-2.305032,training_point
10:00:04.379,2,-2.095463,1.417314,-2.119238,training_point
10:00:04.462,1,-3.219838,1.533278,-2.302069,training_point
10:00:04.462,2,-2.095006,1.430151,-2.119326,training_point
10:00:04.545,1,-3.219432,1.533613,-2.298357,training_point
10:00:04.545,2,-2.094931,1.445875,-2.119745,training_point
10:00:04.696,1,-3.218746,1.533748,-2.29397,training_point
10:00:04.697,2,-2.094734,1.450534,-2.119728,training_point
10:00:04.796,1,-3.218615,1.534047,-2.292202,training_point
10:00:04.797,2,-2.094792,1.452267,-2.11982,training_point
10:00:04.879,1,-3.218454,1.534209,-2.291645,training_point
10:00:04.879,2,-2.094953,1.454898,-2.120145,training_point
10:00:04.963,1,-3.219122,1.534565,-2.290796,training_point
10:00:04.963,2,-2.095694,1.453311,-2.120378,training_point
10:00:05.062,1,-3.219692,1.534649,-2.289387,training_point
10:00:05.062,2,-2.098615,1.451544,-2.121119,training_point
10:00:05.145,1,-3.220308,1.534783,-2.28712,training_point
10:00:05.145,2,-2.101658,1.441679,-2.121107,training_point
10:00:05.229,1,-3.220757,1.534606,-2.286123,training_point
10:00:05.230,2,-2.10292,1.444802,-2.120917,training_point
10:00:05.312,1,-3.220474,1.534556,-2.285201,training_point
10:00:05.312,2,-2.105526,1.454363,-2.120705,training_point
10:00:05.396,1,-3.220451,1.534402,-2.284197,training_point
10:00:05.396,2,-2.109353,1.453899,-2.120492,training_point
10:00:05.496,1,-3.220707,1.534137,-2.283347,training_point
10:00:05.497,2,-2.114458,1.453908,-2.120897,training_point
10:00:05.579,1,-3.221243,1.533837,-2.2823,training_point
10:00:05.579,2,-2.118561,1.454145,-2.120836,training_point
10:00:05.662,1,-3.221285,1.533691,-2.282102,training_point
10:00:05.662,2,-2.119205,1.454539,-2.120696,training_point
10:00:05.795,1,-3.222294,1.533635,-2.280905,
10:00:05.795,2,-2.12413,1.455408,-2.120891,
10:00:05.946,1,-3.224012,1.533581,-2.279084,
10:00:05.947,2,-2.128535,1.454828,-2.120826,
10:00:06.029,1,-3.224703,1.533679,-2.281251,
10:00:06.029,2,-2.130463,1.453971,-2.120345,
10:00:06.162,1,-3.225325,1.533685,-2.281021,
10:00:06.162,2,-2.132247,1.452381,-2.119574,
10:00:06.313,1,-3.226397,1.533791,-2.281289,
10:00:06.313,2,-2.139658,1.452729,-2.119265,
10:00:06.413,1,-3.228167,1.533689,-2.283501,
10:00:06.414,2,-2.142526,1.452315,-2.119326,
10:00:06.513,1,-3.22977,1.533559,-2.283572,
10:00:06.513,2,-2.146441,1.45183,-2.119324,
10:00:06.595,1,-3.230888,1.533554,-2.286485,
10:00:06.595,2,-2.149238,1.451402,-2.120468,
10:00:06.680,1,-3.232091,1.533603,-2.286329,
10:00:06.680,2,-2.151103,1.450294,-2.120567,
10:00:06.762,1,-3.232678,1.533486,-2.286262,
10:00:06.762,2,-2.152435,1.449802,-2.122156,
10:00:06.846,1,-3.233162,1.533444,-2.286284,
10:00:06.847,2,-2.153242,1.448697,-2.122595,
10:00:06.929,1,-3.234754,1.533428,-2.286394,
10:00:06.929,2,-2.154082,1.448537,-2.123251,
10:00:07.013,1,-3.235259,1.533405,-2.286787,
10:00:07.013,2,-2.154628,1.448663,-2.123856,
10:00:07.113,1,-3.236101,1.533558,-2.286981,
10:00:07.113,2,-2.152952,1.448987,-2.123837,
10:00:07.195,1,-3.237063,1.533868,-2.286667,
10:00:07.195,2,-2.153582,1.449649,-2.124672,
10:00:07.329,1,-3.23802,1.534294,-2.286273,
10:00:07.329,2,-2.154519,1.449691,-2.127285,
10:00:07.462,1,-3.239082,1.534397,-2.285774,
10:00:07.462,2,-2.159802,1.449267,-2.133761,
10:00:07.613,1,-3.239524,1.534631,-2.285306,
10:00:07.613,2,-2.161355,1.44903,-2.135874,
10:00:07.713,1,-3.239691,1.534409,-2.284865,
10:00:07.713,2,-2.158693,1.448917,-2.13787,
10:00:07.795,1,-3.2391,1.534543,-2.284241,
10:00:07.795,2,-2.152708,1.448512,-2.142498,
10:00:07.880,1,-3.238984,1.534513,-2.283968,
10:00:07.880,2,-2.143067,1.447848,-2.148545,
10:00:07.962,1,-3.238754,1.534704,-2.283531,
10:00:07.962,2,-2.128034,1.447501,-2.157409,
10:00:08.045,1,-3.23884,1.534689,-2.282632,
10:00:08.046,2,-2.113783,1.447394,-2.163816,
10:00:08.130,1,-3.238703,1.534665,-2.281792,
10:00:08.130,2,-2.088129,1.447285,-2.179808,
10:00:08.212,1,-3.238859,1.534531,-2.281079,
10:00:08.212,2,-2.062167,1.446877,-2.195042,
10:00:08.345,1,-3.237922,1.534306,-2.279696,
10:00:08.345,2,-2.022166,1.446779,-2.223711,
10:00:08.496,1,-3.236947,1.533772,-2.27876,
10:00:08.497,2,-1.983069,1.446927,-2.252473,
10:00:08.579,1,-3.236003,1.533727,-2.278754,
10:00:08.579,2,-1.959525,1.446858,-2.269498,
10:00:08.662,1,-3.233595,1.533666,-2.277865,
10:00:08.663,2,-1.948922,1.446912,-2.297722,
10:00:08.745,1,-3.228684,1.533592,-2.277626,
10:00:08.746,2,-1.935463,1.447284,-2.317301,
10:00:08.829,1,-3.227564,1.533503,-2.276618,
10:00:08.829,2,-1.929709,1.447393,-2.320111,
10:00:08.912,1,-3.222281,1.533185,-2.271493,
10:00:08.912,2,-1.920748,1.447409,-2.325595,
10:00:08.995,1,-3.221,1.533186,-2.269206,
10:00:08.996,2,-1.916901,1.447199,-2.329451,
10:00:09.079,1,-3.219364,1.533001,-2.263129,
10:00:09.079,2,-1.912462,1.44719,-2.334934,
10:00:09.163,1,-3.222978,1.533107,-2.256088,
10:00:09.164,2,-1.910133,1.447176,-2.337137,
10:00:09.245,1,-3.22662,1.5331,-2.247603,
10:00:09.245,2,-1.909687,1.447156,-2.339104,
10:00:09.330,1,-3.228812,1.533075,-2.244486,
10:00:09.330,2,-1.909946,1.447315,-2.340599,
10:00:09.412,1,-3.231436,1.532932,-2.241428,
10:00:09.412,2,-1.912586,1.447335,-2.343996,
10:00:09.496,1,-3.233698,1.533256,-2.239432,
10:00:09.497,2,-1.918902,1.447286,-2.343977,
10:00:09.579,1,-3.234629,1.532348,-2.239535,
10:00:09.579,2,-1.930024,1.447493,-2.34588,
10:00:09.712,1,-3.234933,1.531968,-2.240734,
10:00:09.712,2,-1.956536,1.447354,-2.344555,
10:00:09.796,1,-3.235514,1.530483,-2.239867,
10:00:09.797,2,-1.9758,1.446636,-2.340616,
10:00:09.879,1,-3.236188,1.529748,-2.238561,
10:00:09.879,2,-2.017762,1.445687,-2.337183,
10:00:10.012,1,-3.236562,1.530022,-2.236964,
10:00:10.012,2,-2.076148,1.444536,-2.330992,
10:00:10.145,1,-3.236436,1.530372,-2.236963,
10:00:10.146,2,-2.139351,1.444873,-2.328226,
10:00:10.279,1,-3.237133,1.528801,-2.235969,
10:00:10.279,2,-2.200936,1.445156,-2.32148,
10:00:10.362,1,-3.237349,1.523728,-2.235666,
10:00:10.362,2,-2.227172,1.445575,-2.321577,
10:00:10.513,1,-3.239069,1.512297,-2.234829,
10:00:10.513,2,-2.263531,1.446179,-2.317748,
10:00:10.595,1,-3.241811,1.509868,-2.233862,
10:00:10.596,2,-2.278856,1.446801,-2.315164,
10:00:10.679,1,-3.242556,1.513078,-2.234328,
10:00:10.679,2,-2.282008,1.447074,-2.314485,
10:00:10.762,1,-3.243748,1.51534,-2.235324,
10:00:10.762,2,-2.284151,1.446963,-2.313756,
10:00:10.845,1,-3.245578,1.520232,-2.235182,
10:00:10.846,2,-2.282989,1.446985,-2.312558,
10:00:10.929,1,-3.246633,1.532319,-2.23536,
10:00:10.929,2,-2.278753,1.447449,-2.310982,
10:00:11.012,1,-3.248326,1.533735,-2.235378,
10:00:11.012,2,-2.265941,1.447774,-2.308502,
10:00:11.096,1,-3.249186,1.532537,-2.235262,
10:00:11.097,2,-2.258503,1.448151,-2.308309,
10:00:11.179,1,-3.251449,1.532175,-2.234638,
10:00:11.179,2,-2.244481,1.448656,-2.310667,
10:00:11.263,1,-3.251898,1.532094,-2.235062,
10:00:11.264,2,-2.237941,1.448739,-2.312934,
10:00:11.345,1,-3.252062,1.531556,-2.235694,
10:00:11.346,2,-2.229209,1.448725,-2.315136,
10:00:11.496,1,-3.252908,1.532189,-2.235201,
10:00:11.497,2,-2.209096,1.448727,-2.319781,
10:00:11.579,1,-3.252109,1.532717,-2.235919,
10:00:11.579,2,-2.201783,1.448976,-2.324775,
10:00:11.663,1,-3.250439,1.532149,-2.236453,
10:00:11.663,2,-2.200009,1.449163,-2.3259,
10:00:11.745,1,-3.242872,1.531146,-2.241132,
10:00:11.746,2,-2.196058,1.449361,-2.327828,
10:00:11.879,1,-3.230348,1.530618,-2.249916,
10:00:11.879,2,-2.195483,1.449482,-2.329645,
10:00:11.963,1,-3.222809,1.529979,-2.256172,
10:00:11.963,2,-2.196854,1.450021,-2.330637,
10:00:12.045,1,-3.214405,1.529936,-2.262896,
10:00:12.046,2,-2.199159,1.450217,-2.329425,
10:00:12.129,1,-3.20524,1.529602,-2.269035,
10:00:12.129,2,-2.202293,1.450488,-2.326497,
10:00:12.212,1,-3.19483,1.52928,-2.27662,
10:00:12.212,2,-2.214915,1.450586,-2.318126,
10:00:12.295,1,-3.189175,1.529306,-2.279347,
10:00:12.296,2,-2.229585,1.451084,-2.308943,
10:00:12.379,1,-3.18555,1.529073,-2.281968,
10:00:12.379,2,-2.249931,1.451022,-2.299663,
10:00:12.463,1,-3.185628,1.529137,-2.282054,
10:00:12.463,2,-2.267089,1.45128,-2.292003,
10:00:12.545,1,-3.192621,1.528928,-2.279731,
10:00:12.546,2,-2.296598,1.45157,-2.280944,
10:00:12.679,1,-3.215188,1.528453,-2.275723,
10:00:12.679,2,-2.338037,1.451754,-2.256472,
10:00:12.762,1,-3.220596,1.528204,-2.275519,
10:00:12.762,2,-2.346558,1.451538,-2.250821,
10:00:12.895,1,-3.229641,1.52706,-2.268373,
10:00:12.896,2,-2.395381,1.451505,-2.204646,
10:00:13.029,1,-3.236072,1.527151,-2.28026,
10:00:13.029,2,-2.440626,1.45032,-2.149032,
10:00:13.113,1,-3.237522,1.527733,-2.296926,
10:00:13.114,2,-2.472613,1.449151,-2.111372,
10:00:13.195,1,-3.232966,1.52757,-2.31755,
10:00:13.196,2,-2.517198,1.448636,-2.040331,
10:00:13.279,1,-3.224527,1.527087,-2.35011,
10:00:13.279,2,-2.554852,1.447737,-1.997264,
10:00:13.362,1,-3.212056,1.526609,-2.39565,
10:00:13.362,2,-2.595608,1.447187,-1.955428,
10:00:13.445,1,-3.194898,1.527089,-2.462721,
10:00:13.446,2,-2.655187,1.446976,-1.91737,
10:00:13.579,1,-3.168724,1.527577,-2.541505,
10:00:13.579,2,-2.737363,1.446324,-1.883698,
10:00:13.712,1,-3.133513,1.527713,-2.612899,
10:00:13.712,2,-2.835619,1.446364,-1.865402,
10:00:13.845,1,-3.093318,1.527588,-2.669252,
10:00:13.846,2,-2.947305,1.445772,-1.854385,
10:00:13.979,1,-3.047599,1.527692,-2.723287,
10:00:13.979,2,-2.897161,1.445453,-1.865177,
10:00:14.063,1,-3.01921,1.527948,-2.749709,
10:00:14.063,2,-2.91951,1.445569,-1.763441,
10:00:14.146,1,-2.985469,1.528222,-2.772148,
10:00:14.229,1,-2.9211,1.445705,-2.806673,
10:00:14.313,1,-2.873172,1.52853,-2.831,
10:00:14.396,1,-2.781059,1.448974,-2.863343,
10:00:14.479,1,-2.689521,1.528622,-2.891825,
10:00:14.563,1,-2.645213,1.451857,-2.907115,
10:00:14.646,1,-2.603096,1.528938,-2.928518,
10:00:14.729,1,-2.558289,1.452802,-2.959757,
10:00:14.812,1,-2.518902,1.529224,-2.982194,
10:00:14.896,1,-2.461183,1.452888,-3.027467,
10:00:15.029,1,-2.406351,1.529427,-3.117224,
10:00:15.162,1,-2.317885,1.453371,-3.190269,
10:00:15.245,1,-2.279716,1.529579,-3.229257,
10:00:15.330,1,-2.22738,1.452601,-3.284952,
10:00:15.412,1,-2.187633,1.530252,-3.281923,
10:00:15.496,1,-2.150109,1.454673,-3.292618,
10:00:15.580,1,-2.127587,1.530579,-3.306672,
10:00:15.663,1,-2.12254,1.458886,-3.315722,
10:00:15.746,1,-2.083965,1.531486,-3.338317,
10:00:15.830,1,-2.052474,1.461408,-3.34573,
10:00:15.913,1,-1.991545,1.532279,-3.357757,
10:00:16.013,1,-1.94641,1.465637,-3.367892,
10:00:16.096,1,-1.91703,1.533365,-3.376497,
10:00:16.196,1,-1.899412,1.4723,-3.383197,
10:00:16.279,1,-1.87066,1.533706,-3.396038,
10:00:16.363,1,-1.855208,1.474621,-3.407543,
10:00:16.446,1,-1.85007,1.533469,-3.414766,
10:00:16.530,1,-1.846103,1.476299,-3.424141,
10:00:16.613,1,-1.841512,1.534627,-3.480438,
10:00:16.696,1,-1.829692,1.461588,-3.479634,
10:00:16.780,1,-1.839857,1.534769,-3.523192,
10:00:16.863,1,-1.875108,1.455408,-3.556229,
10:00:16.946,1,-1.908395,1.534915,-3.626455,
10:00:17.030,1,-1.902093,1.456583,-3.656507,
10:00:17.113,1,-1.805499,1.538807,-3.673582,
10:00:17.196,1,-1.837854,1.457067,-3.660962,
10:00:17.280,1,-1.839156,1.537662,-3.662295,
10:00:17.362,1,-1.835398,1.457539,-3.682418,
10:00:17.446,1,-1.840852,1.537298,-3.687968,
10:00:17.530,1,-1.842562,1.458516,-3.694097,
10:00:17.614,1,-1.84377,1.539267,-3.696789,
10:00:17.696,1,-1.842291,1.459748,-3.695223,
10:00:17.780,1,-1.843218,1.542005,-3.696637,
10:00:17.863,1,-1.862989,1.460675,-3.719542,
10:00:17.946,1,-1.867937,1.543169,-3.717577,
10:00:18.030,1,-1.869323,1.461507,-3.71576,
10:00:18.113,1,-1.869871,1.543798,-3.711936,
10:00:18.196,1,-1.871126,1.461982,-3.713522,
10:00:18.280,1,-1.859532,1.543948,-3.692312,
10:00:18.363,1,-1.933065,1.463511,-3.733652,
10:00:18.446,1,-1.924413,1.543598,-3.671558,
10:00:18.529,1,-1.971852,1.464312,-3.711254,
10:00:18.613,1,-1.974948,1.54351,-3.71472,
10:00:18.696,1,-1.99012,1.463856,-3.710076,
10:00:18.780,1,-2.003685,1.543876,-3.706387,
10:00:18.863,1,-2.017493,1.463996,-3.72065,
10:00:18.998,1,-2.069281,1.545058,-3.729217,
10:00:19.079,1,-1.975511,1.458937,-3.64921,
10:00:19.212,1,-2.103803,1.547097,-3.588781,
10:00:19.362,1,-2.196948,1.454316,-3.513963,
10:00:19.513,1,-2.310146,1.54771,-3.539643,
10:00:19.596,1,-2.31255,1.461396,-3.485366,
10:00:19.729,1,-2.335467,1.548911,-3.441121,
10:00:19.813,1,-2.310434,1.463424,-3.4381,
10:00:19.896,1,-2.295549,1.548804,-3.464478,
10:00:19.981,1,-2.248346,1.461747,-3.487326,
10:00:20.080,1,-2.194761,1.548476,-3.487691,
10:00:20.163,1,-2.121556,1.462168,-3.494855,
10:00:20.246,1,-2.069692,1.548851,-3.491981,
10:00:20.329,1,-1.995349,1.461916,-3.555922,
10:00:20.413,1,-1.951006,1.54827,-3.529993,
10:00:20.497,1,-1.927086,1.461504,-3.560346,
10:00:20.580,1,-1.907085,1.548524,-3.564196,
10:00:20.663,1,-1.875095,1.460178,-3.574002,
10:00:20.746,1,-1.861635,1.54901,-3.579871,
10:00:20.829,1,-1.847231,1.458751,-3.587641,
10:00:20.913,1,-1.835482,1.549185,-3.590558,
10:00:20.996,1,-1.802726,1.45763,-3.592148,
10:00:21.079,1,-1.783954,1.549052,-3.574094,
10:00:21.164,1,-1.795614,1.454737,-3.556651,
10:00:21.246,1,-1.764023,1.548828,-3.585003,
10:00:21.330,1,-1.763829,1.452637,-3.586776,
10:00:21.413,1,-1.765671,1.54855,-3.563592,
10:00:21.496,1,-2.004916,1.45228,-3.680582,
10:00:21.580,1,-2.006891,1.54791,-3.664169,
10:00:21.663,1,-1.948361,1.452149,-3.631196,
10:00:21.763,1,-1.951326,1.547736,-3.634082,
10:00:21.846,1,-1.957564,1.448939,-3.63766,
10:00:21.929,1,-1.957961,1.547669,-3.637976,
10:00:22.013,1,-1.950213,1.448046,-3.565429,
10:00:22.096,1,-2.000945,1.547308,-3.597321,
10:00:22.180,1,-2.001922,1.455946,-3.596871,
10:00:22.262,1,-2.003041,1.547402,-3.597346,
10:00:22.346,1,-2.007614,1.457369,-3.651248,
10:00:22.430,1,-1.898573,1.54652,-3.62563,
10:00:22.513,1,-1.901177,1.458752,-3.626141,
10:00:22.596,1,-1.955028,1.546726,-3.746809,
10:00:22.680,1,-1.904098,1.45969,-3.636757,
10:00:22.763,1,-1.957986,1.548072,-3.750046,
10:00:22.846,1,-1.912917,1.456878,-3.633399,
10:00:22.929,1,-1.914689,1.548697,-3.635427,
10:00:23.013,1,-1.953431,1.455744,-3.755925,
10:00:23.096,1,-1.954753,1.549498,-3.756071,
10:00:23.180,1,-1.917078,1.456311,-3.641887,
10:00:23.263,1,-1.962328,1.547914,-3.758188,
10:00:23.346,1,-1.956842,1.457199,-3.69953,
10:00:23.430,1,-1.917357,1.548057,-3.645053,
10:00:23.513,1,-1.916504,1.458259,-3.645805,
10:00:23.596,1,-1.949716,1.548369,-3.696542,
10:00:23.679,1,-1.963684,1.455225,-3.76163,
10:00:23.763,1,-1.953624,1.547995,-3.703454,
10:00:23.846,1,-1.949906,1.4532,-3.694951,
10:00:23.946,1,-1.964663,1.54526,-3.757728,
10:00:24.030,1,-1.956557,1.447857,-3.70428,
10:00:24.113,1,-1.955963,1.535542,-3.704057,
10:00:24.196,1,-1.956444,1.444945,-3.703536,
10:00:24.280,1,-1.956967,1.528037,-3.708259,
10:00:24.363,1,-1.957368,1.445774,-3.704272,
10:00:24.446,1,-1.957795,1.517693,-3.707572,
10:00:24.530,1,-1.958452,1.446597,-3.709007,
10:00:24.613,1,-1.963324,1.519369,-3.717856,
10:00:24.696,1,-1.96298,1.441908,-3.71788,
10:00:24.780,1,-1.963267,1.515794,-3.722514,
10:00:24.863,1,-1.962804,1.439411,-3.720969,
10:00:24.946,1,-1.962487,1.522073,-3.722086,
10:00:25.030,1,-1.962444,1.428337,-3.720779,
10:00:25.113,1,-1.961532,1.519813,-3.720971,
10:00:25.196,1,-1.959565,1.438128,-3.716714,
10:00:25.280,1,-1.955861,1.512342,-3.705214,
10:00:25.363,1,-1.95739,1.438509,-3.708115,
10:00:25.446,1,-1.960214,1.504369,-3.71753,
10:00:25.529,1,-1.970146,1.436424,-3.756352,
10:00:25.613,1,-1.975814,1.502434,-3.751025,
10:00:25.730,1,-1.928709,1.449377,-3.649892,
10:00:25.812,1,-1.943821,1.511341,-3.696154,
10:00:25.980,1,-1.932875,1.430813,-3.671323,
10:00:26.063,1,-1.938357,1.505131,-3.662092,
10:00:26.146,1,-1.933645,1.440653,-3.651914,
10:00:26.230,1,-1.933701,1.50093,-3.643108,
10:00:26.362,1,-1.940353,1.276673,-3.740429,
10:00:26.446,1,-1.947772,1.498695,-3.745724,
10:00:26.597,1,-1.957563,1.27749,-3.753834,
10:00:26.680,1,-1.931969,1.494268,-3.74258,
10:00:26.763,1,-1.931589,0.25126,-3.742397,
10:00:26.847,1,-1.931778,1.487039,-3.742744,
10:00:26.930,1,-1.933615,0.25126,-3.743848,
10:00:27.013,1,-1.938312,1.482262,-3.742328,
10:00:27.097,1,-1.94162,0.25126,-3.747076,
10:00:27.181,1,-1.942785,1.487051,-3.748271,
10:00:27.262,1,-1.945866,0.25126,-3.743895,
10:00:27.396,1,-1.949234,1.49449,-3.75006,
10:00:27.529,1,-1.955075,0.25126,-3.744584,
10:00:27.662,1,-1.960013,1.500358,-3.751739,
10:00:27.796,1,-1.975436,0.25126,-3.729964,
10:00:27.946,1,-1.889051,1.508588,-3.529039,
10:00:28.030,1,-1.947625,0.25126,-3.477295,
10:00:28.162,1,-2.055324,1.513312,-3.561964,
10:00:28.246,1,-2.08099,0.25126,-3.542793,
10:00:28.379,1,-2.137317,1.51484,-3.511424,
10:00:28.512,1,-2.149732,0.25126,-3.516687,
10:00:28.646,1,-2.15996,1.512192,-3.516716,
10:00:28.797,1,-2.183615,0.25126,-3.552943,
10:00:28.880,1,-2.237446,1.501274,-3.552511,
10:00:28.963,1,-2.235382,0.25126,-3.541928,
10:00:29.046,1,-2.232248,1.506045,-3.555126,
10:00:29.130,1,-2.232686,0.25126,-3.55803,
10:00:29.213,1,-2.240651,1.510485,-3.560416,
10:00:29.296,1,-2.19476,0.25126,-3.588568,
10:00:29.380,1,-2.200487,1.510597,-3.59376,
10:00:29.480,1,-2.204478,0.25126,-3.596932,
10:00:29.563,1,-2.212429,1.495778,-3.608835,
10:00:29.647,1,-2.21953,0.25126,-3.622831,
10:00:29.729,1,-2.229661,1.486646,-3.649072,
10:00:29.813,1,-2.233151,0.25126,-3.657128,
10:00:29.897,1,-2.242408,1.487921,-3.654895,
10:00:29.980,1,-2.228083,0.25126,-3.625504,
10:00:30.063,1,-2.225851,1.488815,-3.629467,
10:00:30.147,1,-2.222489,0.25126,-3.631179,
10:00:30.230,1,-2.218279,1.487105,-3.630545,
10:00:30.313,1,-2.213274,0.25126,-3.62795,
10:00:30.397,1,-2.21147,1.48591,-3.626984,
10:00:30.480,1,-2.210583,0.25126,-3.625951,
10:00:30.563,1,-2.209445,1.4805,-3.6251,
10:00:30.646,1,-2.209503,0.25126,-3.62551,
10:00:30.729,1,-2.208364,1.475012,-3.627677,
10:00:30.862,1,-2.207656,0.25126,-3.637683,
10:00:30.946,1,-2.208497,1.477356,-3.639393,
10:00:31.029,1,-2.210035,0.25126,-3.641324,
10:00:31.113,1,-2.212193,1.478363,-3.644073,
10:00:31.197,1,-2.219577,0.25126,-3.64548,
10:00:31.280,1,-2.222802,1.478168,-3.646026,
10:00:31.363,1,-2.22687,0.25126,-3.644528,
10:00:31.450,1,-2.228697,1.477701,-3.643196,
10:00:31.597,1,-2.229749,0.25126,-3.641982,
10:00:31.680,1,-2.227822,1.478248,-3.640994,
10:00:31.763,1,-2.227322,0.25126,-3.640246,
10:00:31.846,1,-2.227747,1.474548,-3.640059,
10:00:31.930,1,-2.226883,0.25126,-3.639434,
10:00:32.013,1,-2.226235,1.477312,-3.639063,
10:00:32.096,1,-2.227583,1.442857,-3.638915,
10:00:33.197,1,-2.228146,1.406038,-3.638588,
10:00:33.346,1,-2.221171,1.386387,-3.632071,
10:00:33.430,1,-2.220803,1.30831,-3.631974,
10:00:33.513,1,-2.219562,1.300714,-3.632028,
10:00:33.597,1,-2.21883,1.364403,-3.632193,
10:00:33.680,1,-2.218373,1.177383,-3.632005,
10:00:33.763,1,-2.21959,1.144806,-3.614072,
10:00:33.847,1,-2.219854,1.116874,-3.624037,
10:00:33.930,1,-2.218537,1.110104,-3.627023,
10:00:34.013,1,-2.190152,1.081649,-3.590387,
10:00:34.097,1,-2.185162,1.080362,-3.597238,
10:00:34.180,1,-2.178351,1.07441,-3.599669,
10:00:34.263,1,-2.178963,1.073935,-3.599916,
10:00:34.346,1,-2.183079,1.085611,-3.604145,
10:00:34.430,1,-2.185212,1.085027,-3.606489,
10:00:34.513,1,-2.18649,1.084327,-3.606285,
10:00:34.597,1,-2.185945,1.08266,-3.605598,
10:00:34.730,1,-2.18538,1.090219,-3.605173,
10:00:34.829,1,-2.18526,1.085426,-3.604308,
10:00:34.913,1,-2.185737,1.130997,-3.603419,
10:00:34.997,1,-2.186802,1.045127,-3.602075,
10:00:35.080,1,-2.190598,1.066712,-3.591241,
10:00:35.163,1,-2.187557,1.058645,-3.59709,
10:00:35.246,1,-2.188059,1.045674,-3.597677,
10:00:35.330,1,-2.187834,1.033125,-3.598077,
10:00:35.413,1,-2.188307,1.031119,-3.598691,
10:00:35.496,1,-2.189284,1.033844,-3.598947,
10:00:35.647,1,-2.187004,1.082296,-3.599632,
10:00:35.730,1,-2.185964,1.081397,-3.599458,
10:00:35.813,1,-2.18502,1.107962,-3.601322,
10:00:35.897,1,-2.184124,1.066987,-3.602111,
10:00:35.980,1,-2.184324,1.034823,-3.602109,
10:00:36.063,1,-2.183962,1.048089,-3.602085,
10:00:36.147,1,-2.184007,1.040679,-3.60212,
10:00:36.230,1,-2.183547,1.069534,-3.602369,
10:00:36.314,1,-2.183515,1.062727,-3.601783,
10:00:36.397,1,-2.182486,1.061172,-3.601549,
10:00:36.529,1,-2.182259,1.057787,-3.601498,
10:00:36.613,1,-2.182626,1.056554,-3.601627,
10:00:36.697,1,-2.183724,1.055664,-3.602569,
10:00:36.829,1,-2.185047,1.016136,-3.604146,
10:00:36.997,1,-2.185563,1.043663,-3.601246,
10:00:37.080,1,-2.185234,1.043109,-3.60119,
10:00:37.163,1,-2.179995,1.040345,-3.599805,
10:00:37.296,1,-2.166159,1.038324,-3.589214,
10:00:37.380,1,-2.159747,1.03641,-3.577452,
10:00:37.463,1,-2.140053,1.035394,-3.561963,
10:00:37.597,1,-2.126853,1.041428,-3.541247,
10:00:37.697,1,-2.123268,1.009953,-3.523816,
10:00:37.780,1,-2.115259,1.019886,-3.484378,
10:00:37.880,1,-2.110505,1.044195,-3.469972,
10:00:37.963,1,-2.10155,1.044436,-3.451187,
10:00:38.047,1,-2.093929,1.018939,-3.440112,
10:00:38.130,1,-2.080903,0.98487,-3.428414,
10:00:38.213,1,-2.086988,0.983604,-3.51481,
10:00:38.297,1,-2.093731,1.000519,-3.535492,
10:00:38.380,1,-2.102257,1.005228,-3.559291,
10:00:38.463,1,-2.12652,1.011266,-3.600124,
10:00:38.547,1,-2.094125,1.01113,-3.66286,
10:00:38.630,1,-2.149987,0.996107,-3.683062,
10:00:38.713,1,-2.139329,0.977648,-3.705108,
10:00:38.797,1,-2.126453,0.97788,-3.711314,
10:00:38.880,1,-2.125716,0.97786,-3.71218,
10:00:39.013,1,-2.108442,0.957493,-3.690659,
10:00:39.097,1,-2.105989,1.041387,-3.674208,
10:00:39.229,1,-2.121236,1.04142,-3.644053,
10:00:39.313,1,-2.135032,0.974958,-3.632218,
10:00:39.397,1,-2.147731,1.035516,-3.636957,
10:00:39.480,1,-2.150602,0.975306,-3.645948,
10:00:39.613,1,-2.152607,1.040638,-3.688781,
10:00:39.696,1,-2.151421,1.042347,-3.729857,
10:00:39.846,1,-2.221898,0.975851,-3.802638,
10:00:39.930,1,-2.224233,0.976793,-3.815727,
10:00:40.013,1,-2.228932,1.042733,-3.826333,
10:00:40.097,1,-2.187081,0.978335,-3.837971,
10:00:40.180,1,-2.208074,1.004952,-3.886057,
10:00:40.263,1,-2.209855,1.042955,-3.880405,
10:00:40.347,1,-2.203997,1.042696,-3.880655,
10:00:40.430,1,-2.21147,1.008389,-3.881577,
10:00:40.513,1,-2.217144,0.980168,-3.873398,
10:00:40.597,1,-2.218223,0.984032,-3.87288,
10:00:40.729,1,-2.219862,0.98899,-3.87106,
10:00:40.863,1,-2.224108,0.966691,-3.854885,
10:00:40.947,1,-2.224299,0.986036,-3.854197,
10:00:41.030,1,-2.228732,0.985875,-3.850078,
10:00:41.113,1,-2.229836,0.986145,-3.849239,
10:00:41.197,1,-2.232966,0.984221,-3.853541,
10:00:41.280,1,-2.233413,0.986731,-3.854852,
10:00:41.414,1,-2.234674,0.985097,-3.855348,
10:00:41.497,1,-2.23481,0.983992,-3.858051,
10:00:41.630,1,-2.235836,0.980819,-3.856236,
10:00:41.713,1,-2.236111,0.980761,-3.856174,
10:00:41.797,1,-2.237233,0.978946,-3.855155,
10:00:41.929,1,-2.243508,0.979571,-3.842282,
10:00:42.063,1,-2.242787,0.978862,-3.845185,
10:00:42.147,1,-2.244936,0.979382,-3.840835,
10:00:42.230,1,-2.242696,0.979209,-3.847245,
10:00:42.313,1,-2.242331,0.980898,-3.849323,
10:00:42.397,1,-2.244568,0.986758,-3.842141,
10:00:42.480,1,-2.24339,0.985301,-3.846032,
10:00:42.563,1,-2.243558,0.981273,-3.846163,
10:00:42.647,1,-2.243633,0.964754,-3.845413,
10:00:42.780,1,-2.242513,0.961971,-3.846933,
10:00:42.913,1,-2.242533,0.988502,-3.84632,
10:00:43.013,1,-2.242509,0.977343,-3.846043,
10:00:43.097,1,-2.24303,0.994896,-3.845948,
10:00:43.180,1,-2.243113,1.007955,-3.845792,
10:00:43.263,1,-2.243079,1.019179,-3.845925,
10:00:43.347,1,-2.242114,1.03155,-3.84765,
10:00:43.430,1,-2.244395,1.086196,-3.841549,
10:00:43.513,1,-2.243597,1.089988,-3.843901,
10:00:43.597,1,-2.242773,1.092448,-3.845256,
10:00:43.729,1,-2.242965,1.096708,-3.845519,
10:00:43.813,1,-2.235612,1.097289,-3.845491,
10:00:43.897,1,-2.220873,1.098197,-3.84304,
10:00:43.980,1,-2.220644,1.099783,-3.843551,
10:00:44.113,1,-2.220493,1.098285,-3.845681,
10:00:44.264,1,-2.222353,1.101621,-3.846905,
10:00:44.347,1,-2.220889,1.102176,-3.847134,
10:00:44.430,1,-2.220354,1.099466,-3.847642,
10:00:44.513,1,-2.223379,1.10191,-3.847652,
10:00:44.597,1,-2.22673,1.096599,-3.848563,
10:00:44.680,1,-2.22438,1.108138,-3.848574,
10:00:44.764,1,-2.223646,1.106967,-3.848885,
10:00:44.847,1,-2.225842,1.262461,-3.848819,
10:00:44.930,1,-2.227749,1.219196,-3.84862,
10:00:45.013,1,-2.229676,1.045766,-3.849017,
10:00:45.097,1,-2.229509,1.053988,-3.849497,
10:00:45.180,1,-2.230692,1.072644,-3.849672,
10:00:45.263,1,-2.231141,1.057472,-3.849804,
10:00:45.397,1,-2.232058,1.058217,-3.85001,
10:00:45.480,1,-2.232499,1.049946,-3.850199,
10:00:45.613,1,-2.233174,1.06429,-3.850731,
10:00:45.764,1,-2.233358,1.06775,-3.850887,
10:00:45.847,1,-2.232081,1.060807,-3.851025,
10:00:45.930,1,-2.23245,1.060953,-3.851377,
10:00:46.014,1,-2.232536,1.067699,-3.851418,
10:00:46.096,1,-2.233284,1.052247,-3.851787,
10:00:46.180,1,-2.234051,1.058417,-3.852621,
10:00:46.264,1,-2.234035,1.062606,-3.852594,
10:00:46.347,1,-2.234221,1.064082,-3.852557,
10:00:46.430,1,-2.234325,1.060545,-3.852713,
10:00:46.514,1,-2.23413,1.048195,-3.85257,
10:00:46.597,1,-2.233832,1.045543,-3.852766,
10:00:46.680,1,-2.233732,1.054219,-3.852751,
10:00:46.813,1,-2.233787,1.088938,-3.852403,
10:00:46.897,1,-2.233581,1.085686,-3.852174,
10:00:46.980,1,-2.233471,1.083596,-3.851728,
10:00:47.063,1,-2.234066,1.083914,-3.851186,
10:00:47.146,1,-2.234084,1.085167,-3.851136,
10:00:47.231,1,-2.234076,1.085504,-3.850911,
10:00:47.313,1,-2.234265,1.085785,-3.850888,
10:00:47.397,1,-2.234365,1.08611,-3.850933,
10:00:47.480,1,-2.234237,1.086156,-3.850548,
10:00:47.563,1,-2.234546,1.087404,-3.850395,
10:00:47.647,1,-2.234571,1.092997,-3.850448,
10:00:47.730,1,-2.234472,1.09202,-3.850094,
10:00:47.813,1,-2.234843,1.091066,-3.849816,
10:00:47.897,1,-2.234799,1.090401,-3.849914,
10:00:47.980,1,-2.234755,1.090581,-3.850212,
10:00:48.063,1,-2.234808,1.089124,-3.850239,
10:00:48.147,1,-2.234994,1.088324,-3.850506,
10:00:48.230,1,-2.234927,1.086778,-3.850571,
10:00:48.313,1,-2.235113,1.085426,-3.851209,
10:00:48.397,1,-2.235197,1.085069,-3.85117,
10:00:48.480,1,-2.234995,1.084568,-3.851052,
10:00:48.613,1,-2.234505,1.08437,-3.85168,
10:00:48.713,1,-2.233266,1.084109,-3.853927,
10:00:48.797,1,-2.233463,1.083635,-3.853439,
10:00:48.880,1,-2.233966,1.082406,-3.851127,
10:00:48.963,1,-2.234088,1.08194,-3.852234,
10:00:49.047,1,-2.233805,1.077416,-3.85213,
10:00:49.130,1,-2.234009,1.077266,-3.85094,
10:00:49.213,1,-2.232827,1.076861,-3.850662,
10:00:49.297,1,-2.232735,1.07651,-3.852469,
10:00:49.380,1,-2.233212,1.076339,-3.851368,
10:00:49.463,1,-2.233205,1.095745,-3.851427,
10:00:49.547,1,-2.233153,1.083889,-3.853024,
10:00:49.680,1,-2.233317,1.079953,-3.85512,
10:00:49.763,1,-2.233564,1.134421,-3.853786,
10:00:49.846,1,-2.233363,1.123601,-3.853758,
10:00:49.997,1,-2.233437,1.121008,-3.853149,
10:00:50.080,1,-2.233502,1.120507,-3.854208,
10:00:50.180,1,-2.233309,1.113715,-3.853974,
10:00:50.263,1,-2.233304,1.109796,-3.854224,
10:00:50.347,1,-2.234009,1.108879,-3.853385,
10:00:50.430,1,-2.233295,1.11018,-3.853707,
10:00:50.513,1,-2.233405,1.110965,-3.853066,
10:00:50.597,1,-2.233298,1.111582,-3.855665,
10:00:50.680,1,-2.233422,1.111828,-3.854166,
10:00:50.764,1,-2.233525,1.113376,-3.854065,
10:00:50.847,1,-2.233059,1.131279,-3.855187,
10:00:50.930,1,-2.232373,1.120877,-3.85489,
10:00:51.013,1,-2.232383,1.11953,-3.853827,
10:00:51.097,1,-2.232264,1.119265,-3.853476,
10:00:51.180,1,-2.232179,1.118476,-3.855349,
10:00:51.313,1,-2.233839,1.117793,-3.853154,
10:00:51.396,1,-2.233671,1.117106,-3.854746,
10:00:51.480,1,-2.23354,1.117682,-3.855805,
10:00:51.563,1,-2.23371,1.114163,-3.854108,
10:00:51.697,1,-2.232233,1.113049,-3.854121,
10:00:51.780,1,-2.233657,1.113164,-3.854049,
10:00:51.913,1,-2.234061,1.113228,-3.853011,
10:00:52.065,1,-2.233485,1.113259,-3.854227,
10:00:52.146,1,-2.233382,1.112957,-3.854222,
10:00:52.280,1,-2.233437,1.114063,-3.853936,
10:00:52.414,1,-2.232718,1.114606,-3.855832,
10:00:52.497,1,-2.232883,1.115029,-3.859268,
10:00:52.580,1,-2.232754,1.114731,-3.852832,
10:00:52.663,1,-2.233796,1.113947,-3.852984,
10:00:52.747,1,-2.232919,1.1113,-3.854649,
10:00:52.830,1,-2.231659,1.116051,-3.859213,
10:00:52.913,1,-2.23047,1.115502,-3.859509,
10:00:52.997,1,-2.231321,1.114965,-3.858665,
10:00:53.080,1,-2.232666,1.112589,-3.857067,
10:00:53.164,1,-2.232746,1.110609,-3.856441,
10:00:53.247,1,-2.232918,1.102544,-3.855673,
10:00:53.330,1,-2.233073,1.09545,-3.855524,
10:00:53.414,1,-2.232854,1.091378,-3.853203,
10:00:53.497,1,-2.233587,1.085627,-3.852365,
10:00:53.580,1,-2.234333,1.084416,-3.850857,
10:00:53.664,1,-2.234063,1.083499,-3.850802,
10:00:53.797,1,-2.234114,1.082428,-3.849807,
10:00:53.880,1,-2.233946,1.078564,-3.849511,
10:00:54.013,1,-2.234078,1.030152,-3.849043,
10:00:54.097,1,-2.234135,1.050635,-3.849156,
10:00:54.180,1,-2.235229,1.066094,-3.848611,
10:00:54.313,1,-2.235233,1.067632,-3.848714,
10:00:54.464,1,-2.235711,1.048094,-3.848377,
10:00:54.547,1,-2.234982,1.060379,-3.849559,
10:00:54.630,1,-2.234855,1.074832,-3.849977,
10:00:54.713,1,-2.235045,1.083472,-3.851138,
10:00:54.797,1,-2.235036,1.090406,-3.851292,
10:00:54.880,1,-2.235383,1.072519,-3.851917,
10:00:54.964,1,-2.235027,1.059926,-3.851851,
10:00:55.047,1,-2.23524,1.059203,-3.851785,
10:00:55.130,1,-2.23551,1.06853,-3.851765,
10:00:55.214,1,-2.234857,1.068348,-3.85166,
10:00:55.297,1,-2.234866,1.069057,-3.851537,
10:00:55.380,1,-2.234739,1.075071,-3.851686,
10:00:55.463,1,-2.235388,1.071987,-3.851488,
10:00:55.547,1,-2.235371,1.130634,-3.851792,
10:00:55.680,1,-2.235685,1.127735,-3.851893,
10:00:55.763,1,-2.235284,1.133227,-3.851873,
10:00:55.896,1,-2.235287,1.144309,-3.852046,
10:00:56.047,1,-2.234849,1.233501,-3.852084,
10:00:56.130,1,-2.234852,1.232817,-3.851868,
10:00:56.214,1,-2.234826,1.228586,-3.851911,
10:00:56.297,1,-2.234774,1.20953,-3.851917,
10:00:56.380,1,-2.234866,1.215912,-3.851941,
10:00:56.464,1,-2.234946,1.218274,-3.851649,
10:00:56.547,1,-2.23485,1.220143,-3.851764,
10:00:56.630,1,-2.234909,1.219334,-3.851764,
10:00:56.714,1,-2.234798,1.218769,-3.851807,
10:00:56.797,1,-2.234871,1.209913,-3.85189,
10:00:56.880,1,-2.234823,1.20982,-3.852018,
10:00:57.013,1,-2.234897,1.215284,-3.852136,
10:00:57.098,1,-2.234955,1.215485,-3.852323,
10:00:57.180,1,-2.235082,1.216137,-3.853017,
10:00:57.313,1,-2.235049,1.213863,-3.853486,
10:00:57.480,1,-2.235372,1.212378,-3.85353,
10:00:57.563,1,-2.234982,1.212448,-3.85328,
10:00:57.647,1,-2.23466,1.211591,-3.85331,
10:00:57.730,1,-2.234526,1.217824,-3.853137,
10:00:57.863,1,-2.234203,1.217526,-3.852842,
10:00:57.946,1,-2.234308,1.218652,-3.852785,
10:00:58.080,1,-2.234389,1.217856,-3.852637,
10:00:58.163,1,-2.234555,1.218049,-3.852914,
10:00:58.296,1,-2.234461,1.217676,-3.852845,
10:00:58.380,1,-2.234882,1.217846,-3.853085,
10:00:58.463,1,-2.235079,1.218532,-3.852166,
10:00:58.596,1,-2.235165,1.219109,-3.852294,
10:00:58.680,1,-2.235192,1.218792,-3.8524,
10:00:58.763,1,-2.235415,1.218956,-3.852806,
10:00:58.847,1,-2.235254,1.219073,-3.852826,
10:00:58.930,1,-2.234792,1.218584,-3.85234,
10:00:59.014,1,-2.235583,1.218771,-3.851595,
10:00:59.097,1,-2.23555,1.218746,-3.851916,
10:00:59.180,1,-2.235915,1.218056,-3.852667,
10:00:59.264,1,-2.235789,1.217604,-3.852729,
10:00:59.347,1,-2.235318,1.217088,-3.852247,
10:00:59.430,1,-2.235265,1.216638,-3.85236,
10:00:59.514,1,-2.235204,1.235526,-3.852199,
10:00:59.597,1,-2.235171,1.234643,-3.852568,
10:00:59.680,1,-2.235167,1.232527,-3.852629,
10:00:59.764,1,-2.235206,1.233072,-3.852604,
10:00:59.847,1,-2.23514,1.234492,-3.852526,
10:00:59.930,1,-2.234952,1.231514,-3.851935,
10:01:00.014,1,-2.234989,1.231198,-3.852176,
10:01:00.097,1,-2.235085,1.231101,-3.852257,
10:01:00.180,1,-2.235429,1.230308,-3.852394,
10:01:00.313,1,-2.235411,1.230409,-3.852454,
10:01:00.397,1,-2.235404,1.229973,-3.852379,
10:01:00.480,1,-2.235301,1.229251,-3.852332,
10:01:00.613,1,-2.23527,1.229705,-3.852414,
10:01:00.746,1,-2.235215,1.229882,-3.852419,
10:01:00.831,1,-2.235253,1.23076,-3.852481,
10:01:00.914,1,-2.235083,1.230803,-3.852938,
10:01:00.997,1,-2.235559,1.232247,-3.8532,
10:01:01.080,1,-2.235784,1.232567,-3.853412,
10:01:01.213,1,-2.235929,1.231439,-3.854279,
10:01:01.297,1,-2.235811,1.231964,-3.854302,
10:01:01.380,1,-2.235365,1.232112,-3.853967,
10:01:01.464,1,-2.235293,1.231988,-3.854084,
10:01:01.547,1,-2.235466,1.231946,-3.853944,
10:01:01.680,1,-2.235707,1.232028,-3.853984,
10:01:01.765,1,-2.23545,1.232016,-3.853685,
10:01:01.846,1,-2.235419,1.232861,-3.853762,
10:01:01.980,1,-2.236287,1.23319,-3.852578,
10:01:02.064,1,-2.236344,1.233269,-3.853,
10:01:02.196,1,-2.236503,1.234236,-3.853229,
10:01:02.330,1,-2.236349,1.234297,-3.852073,
10:01:02.463,1,-2.236529,1.234277,-3.85015,
10:01:02.596,1,-2.235667,1.234502,-3.849283,
10:01:02.746,1,-2.236439,1.23496,-3.848852,
10:01:02.881,1,-2.236876,1.235063,-3.847284,
10:01:02.963,1,-2.237048,1.23532,-3.847305,
10:01:03.047,1,-2.236906,1.235743,-3.847522,
10:01:03.180,1,-2.236913,1.235202,-3.846239,
10:01:03.263,1,-2.236534,1.235203,-3.845966,
10:01:03.397,1,-2.236229,1.235438,-3.846319,
10:01:03.480,1,-2.23612,1.23587,-3.847044,
10:01:03.613,1,-2.235583,1.235982,-3.845681,
10:01:03.697,1,-2.235457,1.235822,-3.845307,
10:01:03.780,1,-2.236292,1.235605,-3.845897,
10:01:03.932,1,-2.2266,1.235824,-3.890604,
10:01:04.013,1,-2.224556,1.234896,-3.906726,
10:01:04.096,1,-2.224969,1.235388,-3.904307,
10:01:04.229,1,-2.224205,1.235565,-3.902295,
10:01:04.380,1,-2.226827,1.236088,-3.879788,
10:01:04.464,1,-2.226537,1.236347,-3.882149,
10:01:04.547,1,-2.22783,1.236621,-3.874584,
10:01:04.680,1,-2.227417,1.236798,-3.873548,
10:01:04.763,1,-2.228268,1.237304,-3.867175,
10:01:04.847,1,-2.230058,1.237304,-3.863048,
10:01:04.980,1,-2.232414,1.237184,-3.858951,
10:01:05.063,1,-2.233166,1.237784,-3.858578,
10:01:05.197,1,-2.234422,1.236531,-3.855473,
10:01:05.280,1,-2.235543,1.236127,-3.856077,
10:01:05.364,1,-2.236641,1.237278,-3.854722,
10:01:05.447,1,-2.237095,1.238487,-3.854178,
10:01:05.530,1,-2.201635,1.238023,-3.911587,
10:01:05.663,1,-2.22945,1.237196,-3.931797,
10:01:05.746,1,-2.239058,1.236587,-3.952459,
10:01:05.880,1,-2.247553,1.23664,-3.966932,
10:01:05.963,1,-2.251909,1.238732,-3.971566,
10:01:06.096,1,-2.260146,1.238751,-3.977453,
10:01:06.181,1,-2.269654,1.238787,-3.978801,
10:01:06.263,1,-2.27679,1.239132,-3.978199,
10:01:06.396,1,-2.28223,1.239137,-3.977822,
10:01:06.530,1,-2.289675,1.238625,-3.978455,
10:01:06.697,1,-2.292998,1.238236,-3.977767,
10:01:06.780,1,-2.284909,1.238436,-3.971788,
10:01:06.913,1,-2.282269,1.238401,-3.969943,
10:01:07.064,1,-2.279203,1.238009,-3.970303,
10:01:07.147,1,-2.279585,1.239013,-3.970224,
10:01:07.230,1,-2.280151,1.238781,-3.969532,
10:01:07.314,1,-2.260759,1.238443,-3.960655,
10:01:07.397,1,-2.257346,1.237693,-3.957284,
10:01:07.480,1,-2.243995,1.238685,-3.947587,
10:01:07.564,1,-2.24033,1.238854,-3.945096,
10:01:07.647,1,-2.236718,1.238746,-3.937334,
10:01:07.730,1,-2.237316,1.238628,-3.93232,
10:01:07.814,1,-2.234155,1.238458,-3.929037,
10:01:07.897,1,-2.232634,1.238531,-3.928151,
10:01:07.981,1,-2.228647,1.238712,-3.925891,
10:01:08.113,1,-2.234468,1.239715,-3.914751,
10:01:08.197,1,-2.234502,1.239799,-3.914934,
10:01:08.280,1,-2.228468,1.240006,-3.928853,
10:01:08.413,1,-2.226765,1.240037,-3.938532,
10:01:08.564,1,-2.232142,1.239371,-3.939311,
10:01:08.647,1,-2.236827,1.23817,-3.935344,
10:01:08.730,1,-2.241542,1.239201,-3.921458,
10:01:08.814,1,-2.254826,1.238595,-3.902111,
10:01:08.897,1,-2.244515,1.238642,-3.894095,
10:01:08.980,1,-2.231502,1.238599,-3.895897,
10:01:09.064,1,-2.225214,1.239158,-3.893147,
10:01:09.147,1,-2.230645,1.239843,-3.882862,
10:01:09.230,1,-2.23186,1.237377,-3.874615,
10:01:09.314,1,-2.232967,1.238711,-3.870333,
10:01:09.397,1,-2.235444,1.237906,-3.870272,
10:01:09.480,1,-2.243614,1.239773,-3.86971,
10:01:09.564,1,-2.243858,1.240129,-3.880883,
10:01:09.697,1,-2.240966,1.240022,-3.882716,
10:01:09.780,1,-2.237703,1.239931,-3.882899,
10:01:09.864,1,-2.22596,1.239796,-3.881129,
10:01:09.947,1,-2.228491,1.23965,-3.876441,
10:01:10.030,1,-2.210118,1.239721,-3.875641,
10:01:10.163,1,-2.199843,1.238985,-3.877869,
10:01:10.246,1,-2.196618,1.238994,-3.879267,
10:01:10.380,1,-2.195548,1.238137,-3.880826,
10:01:10.463,1,-2.19511,1.237186,-3.881556,
10:01:10.547,1,-2.191842,1.234847,-3.884738,
10:01:10.630,1,-2.188585,1.234903,-3.889277,
10:01:10.780,1,-2.188292,1.233232,-3.893714,
10:01:10.863,1,-2.177125,1.233386,-3.890602,
10:01:10.947,1,-2.255934,1.236054,-3.873517,
10:01:11.030,1,-2.24801,1.236189,-3.872999,
10:01:11.114,1,-2.221525,1.236185,-3.894457,
10:01:11.197,1,-2.188437,1.236744,-3.894993,
10:01:11.280,1,-2.173607,1.236604,-3.895028,
10:01:11.414,1,-2.185795,1.236876,-3.875979,
10:01:11.497,1,-2.148389,1.237061,-3.890321,
10:01:11.581,1,-2.164294,1.23717,-3.898982,
10:01:11.664,1,-2.173079,1.237214,-3.905245,
10:01:11.797,1,-2.176347,1.236352,-3.911905,
10:01:11.881,1,-2.179121,1.23573,-3.913879,
10:01:11.964,1,-2.178294,1.235873,-3.92015,
10:01:12.097,1,-2.182775,1.235742,-3.919572,
10:01:12.180,1,-2.184327,1.235856,-3.918134,
10:01:12.264,1,-2.184386,1.23581,-3.916832,
10:01:12.397,1,-2.185527,1.23573,-3.912444,
10:01:12.480,1,-2.191058,1.235523,-3.905918,
10:01:12.564,1,-2.190625,1.235573,-3.905614,
10:01:12.647,1,-2.19106,1.235352,-3.905227,
10:01:12.780,1,-2.175753,1.235806,-3.915585,
10:01:12.930,1,-2.165443,1.235637,-3.919624,
10:01:13.063,1,-2.146334,1.235537,-3.918452,
10:01:13.146,1,-2.144495,1.235828,-3.918776,
10:01:13.230,1,-2.143213,1.235749,-3.919053,
10:01:13.314,1,-2.157842,1.235832,-3.922773,
10:01:13.397,1,-2.164487,1.235947,-3.919908,
10:01:13.480,1,-2.163164,1.235915,-3.921161,
10:01:13.564,1,-2.163322,1.235379,-3.921595,
10:01:13.647,1,-2.174331,1.235287,-3.915546,
10:01:13.731,1,-2.17614,1.23579,-3.915226,
10:01:13.814,1,-2.17146,1.236108,-3.918447,
10:01:13.897,1,-2.17331,1.236366,-3.917738,
10:01:13.980,1,-2.168678,1.235875,-3.920879,
10:01:14.064,1,-2.161597,1.235845,-3.923913,
10:01:14.197,1,-2.156365,1.235849,-3.925889,
10:01:14.280,1,-2.156484,1.235568,-3.926036,
10:01:14.364,1,-2.154493,1.235525,-3.926009,
10:01:14.497,1,-2.152462,1.235684,-3.926443,
10:01:14.580,1,-2.152419,1.235784,-3.926696,
10:01:14.664,1,-2.151233,1.235627,-3.925866,
10:01:14.747,1,-2.151795,1.235566,-3.925837,
10:01:14.830,1,-2.149226,1.235746,-3.925702,
10:01:14.913,1,-2.149227,1.235516,-3.925871,
10:01:14.997,1,-2.149441,1.235573,-3.925605,
10:01:15.080,1,-2.148397,1.236071,-3.925495,
10:01:15.164,1,-2.149729,1.23568,-3.925711,
10:01:15.247,1,-2.146348,1.236058,-3.924918,
10:01:15.330,1,-2.144851,1.23545,-3.924596,
10:01:15.414,1,-2.144044,1.235728,-3.924457,
10:01:15.496,1,-2.143499,1.235195,-3.924425,
10:01:15.581,1,-2.142587,1.234519,-3.92416,
10:01:15.663,1,-2.141602,1.234943,-3.923955,
10:01:15.747,1,-2.140886,1.235921,-3.923763,
10:01:15.830,1,-2.140245,1.236017,-3.923485,
10:01:15.914,1,-2.139475,1.235557,-3.923211,
10:01:15.997,1,-2.139228,1.235895,-3.923136,
10:01:16.081,1,-2.133913,1.235796,-3.919712,
10:01:16.164,1,-2.151433,1.236211,-3.923727,
10:01:16.297,1,-2.162427,1.236644,-3.922294,
10:01:16.380,1,-2.163953,1.23672,-3.922414,
10:01:16.513,1,-2.152392,1.236428,-3.922502,
10:01:16.596,1,-2.149255,1.236201,-3.922446,
10:01:16.730,1,-2.146754,1.236401,-3.922833,
10:01:16.881,1,-2.145873,1.236476,-3.923519,
10:01:16.964,1,-2.147647,1.236171,-3.924206,
10:01:17.047,1,-2.146522,1.236687,-3.924252,
10:01:17.130,1,-2.14637,1.236835,-3.924261,
10:01:17.214,1,-2.145897,1.23691,-3.924524,
10:01:17.297,1,-2.145834,1.237064,-3.924691,
10:01:17.380,1,-2.145634,1.236896,-3.924936,
10:01:17.463,1,-2.145345,1.236414,-3.925088,
10:01:17.547,1,-2.145285,1.236566,-3.925227,
10:01:17.631,1,-2.145671,1.235883,-3.925816,
10:01:17.714,1,-2.145633,1.235906,-3.925922,
10:01:17.797,1,-2.145384,1.236082,-3.926021,
10:01:17.880,1,-2.145502,1.235835,-3.926118,
10:01:17.964,1,-2.145547,1.235455,-3.92616,
10:01:18.097,1,-2.145877,1.235517,-3.926236,
10:01:18.180,1,-2.145644,1.235394,-3.926247,
10:01:18.347,1,-2.145797,1.235147,-3.926384,
10:01:18.430,1,-2.144516,1.234724,-3.925496,
10:01:18.563,1,-2.144691,1.234704,-3.926221,
10:01:18.646,1,-2.145661,1.234261,-3.927975,
10:01:18.780,1,-2.146841,1.234096,-3.93107,
10:01:18.864,1,-2.148553,1.234291,-3.932512,
10:01:18.996,1,-2.149453,1.232826,-3.935092,
10:01:19.130,1,-2.151527,1.232736,-3.937937,
10:01:19.280,1,-2.152009,1.23161,-3.938064,
10:01:19.364,1,-2.153405,1.23236,-3.939117,
10:01:19.447,1,-2.154037,1.232819,-3.939002,
10:01:19.531,1,-2.153047,1.232831,-3.939404,
10:01:19.614,1,-2.152366,1.232824,-3.939641,
10:01:19.697,1,-2.151067,1.231898,-3.939777,
10:01:19.780,1,-2.149279,1.23176,-3.939407,
10:01:19.864,1,-2.147954,1.230982,-3.938728,
10:01:19.947,1,-2.14666,1.231071,-3.937097,
10:01:20.031,1,-2.146148,1.230608,-3.936584,
10:01:20.114,1,-2.145633,1.230645,-3.935347,
10:01:20.197,1,-2.145078,1.233601,-3.934298,
10:01:20.281,1,-2.143931,1.243061,-3.931546,
10:01:20.431,1,-2.142003,1.252749,-3.928273,
10:01:20.513,1,-2.14059,1.251893,-3.926317,
10:01:20.647,1,-2.141656,1.25109,-3.923327,
10:01:20.781,1,-2.136783,1.242916,-3.920282,
10:01:20.863,1,-2.162945,1.244572,-3.914627,
10:01:20.947,1,-2.164489,1.242042,-3.913994,
10:01:21.031,1,-2.165353,1.240512,-3.913945,
10:01:21.114,1,-2.16023,1.238449,-3.915128,
10:01:21.197,1,-2.15997,1.239832,-3.914744,
10:01:21.281,1,-2.160375,1.238924,-3.914678,
10:01:21.364,1,-2.161,1.239581,-3.914399,
10:01:21.447,1,-2.161159,1.236896,-3.913147,
10:01:21.531,1,-2.159928,1.237573,-3.913013,
10:01:21.614,1,-2.167223,1.236399,-3.908727,
10:01:21.697,1,-2.167463,1.233298,-3.908796,
10:01:21.781,1,-2.167069,1.216375,-3.909675,
10:01:21.864,1,-2.16715,1.229503,-3.909594,
10:01:21.997,1,-2.168495,1.241129,-3.908419,
10:01:22.097,1,-2.167868,1.247364,-3.908976,
10:01:22.181,1,-2.168082,1.247689,-3.906978,
10:01:22.264,1,-2.166871,1.250664,-3.907809,
10:01:22.347,1,-2.165592,1.245961,-3.909167,
10:01:22.431,1,-2.163913,1.240003,-3.909709,
10:01:22.513,1,-2.163639,1.243176,-3.910062,
10:01:22.597,1,-2.163153,1.238593,-3.910636,
10:01:22.681,1,-2.163118,1.242309,-3.911763,
10:01:22.764,1,-2.162936,1.268901,-3.911798,
10:01:22.846,1,-2.162899,1.268375,-3.912416,
10:01:22.980,1,-2.162739,1.262557,-3.913191,
10:01:23.064,1,-2.162686,1.262,-3.913156,
10:01:23.197,1,-2.161357,1.261603,-3.914081,
10:01:23.280,1,-2.155157,1.21108,-3.917117,
10:01:23.413,1,-2.157471,1.213184,-3.917179,
10:01:23.497,1,-2.158306,1.212983,-3.917061,
10:01:23.581,1,-2.158423,1.214611,-3.917044,
10:01:23.664,1,-2.159562,1.21927,-3.917292,
10:01:23.747,1,-2.160005,1.223615,-3.917319,
10:01:23.831,1,-2.160612,1.224156,-3.916786,
10:01:23.964,1,-2.14993,1.228232,-3.921237,
10:01:24.047,1,-2.141831,1.232324,-3.921756,
10:01:24.130,1,-2.12877,1.226756,-3.920762,
10:01:24.264,1,-2.128424,1.226694,-3.92197,
10:01:24.346,1,-2.126991,1.228954,-3.922439,
10:01:24.481,1,-2.125114,1.23138,-3.922037,
10:01:24.564,1,-2.125215,1.231725,-3.922499,
10:01:24.647,1,-2.125323,1.231097,-3.923179,
10:01:24.732,1,-2.120487,1.224535,-3.921,
10:01:24.814,1,-2.121732,1.218599,-3.921319,
10:01:24.897,1,-2.12443,1.217601,-3.922272,
10:01:24.981,1,-2.122322,1.221578,-3.920465,
10:01:25.064,1,-2.119919,1.221339,-3.919018,
10:01:25.196,1,-2.117961,1.223764,-3.91615,
10:01:25.280,1,-2.118009,1.221201,-3.916348,
10:01:25.364,1,-2.118671,1.221784,-3.916528,
10:01:25.447,1,-2.117782,1.225293,-3.915928,
10:01:25.580,1,-2.119144,1.236897,-3.916667,
10:01:25.663,1,-2.117914,1.254592,-3.915952,
10:01:25.747,1,-2.117521,1.257548,-3.915719,
10:01:25.831,1,-2.117123,1.257931,-3.915573,
10:01:25.914,1,-2.115188,1.252766,-3.913114,
10:01:25.997,1,-2.114442,1.267132,-3.912559,
10:01:26.081,1,-2.158265,1.248,-3.911192,
10:01:26.164,1,-2.161178,1.24354,-3.910427,
10:01:26.247,1,-2.164527,1.242342,-3.908938,
10:01:26.331,1,-2.163852,1.241972,-3.910693,
10:01:26.414,1,-2.165433,1.242189,-3.908532,
10:01:26.497,1,-2.165626,1.240673,-3.907467,
10:01:26.581,1,-2.165812,1.240374,-3.905667,
10:01:26.664,1,-2.165901,1.241653,-3.905244,
10:01:26.747,1,-2.166997,1.242396,-3.903624,
10:01:26.831,1,-2.165976,1.257676,-3.903815,
10:01:26.914,1,-2.166015,1.253564,-3.903241,
10:01:26.997,1,-2.167342,1.270529,-3.900831,
10:01:27.081,1,-2.166667,1.273264,-3.900642,
10:01:27.163,1,-2.167265,1.274096,-3.900018,
10:01:27.247,1,-2.16733,1.261058,-3.900113,
10:01:27.330,1,-2.166927,1.250414,-3.900438,
10:01:27.414,1,-2.167587,1.256206,-3.900683,
10:01:27.497,1,-2.166342,1.260019,-3.902868,
10:01:27.581,1,-2.166795,1.259244,-3.904004,
10:01:27.664,1,-2.168497,1.25573,-3.903528,
10:01:27.747,1,-2.169514,1.252294,-3.903965,
10:01:27.831,1,-2.170123,1.248664,-3.904153,
10:01:27.914,1,-2.170434,1.248892,-3.904562,
10:01:27.997,1,-2.170394,1.248951,-3.905291,
10:01:28.081,1,-2.170284,1.248878,-3.905769,
10:01:28.213,1,-2.170819,1.249028,-3.905193,
10:01:28.347,1,-2.166812,1.247996,-3.907259,
10:01:28.480,1,-2.168186,1.248193,-3.906867,
10:01:28.613,1,-2.169016,1.245299,-3.908869,
10:01:28.764,1,-2.176692,1.242422,-3.907746,
10:01:28.847,1,-2.179527,1.239742,-3.908594,
10:01:28.931,1,-2.181416,1.239417,-3.908852,
10:01:29.014,1,-2.172354,1.239411,-3.915372,
10:01:29.097,1,-2.169099,1.246058,-3.917275,
10:01:29.180,1,-2.167972,1.245488,-3.91782,
10:01:29.264,1,-2.16628,1.24493,-3.920874,
10:01:29.347,1,-2.161269,1.245105,-3.92176,
10:01:29.431,1,-2.134361,1.246165,-3.919295,
10:01:29.513,1,-2.130347,1.246951,-3.919234,
10:01:29.647,1,-2.128354,1.247359,-3.919092,
10:01:29.780,1,-2.126981,1.247442,-3.919243,
10:01:29.913,1,-2.125202,1.247227,-3.919472,
10:01:30.064,1,-2.123811,1.245704,-3.919455,
10:01:30.147,1,-2.123083,1.244413,-3.919109,
10:01:30.231,1,-2.122838,1.244409,-3.919082,
10:01:30.314,1,-2.122619,1.24295,-3.918716,
10:01:30.397,1,-2.122257,1.240387,-3.918358,
10:01:30.480,1,-2.119958,1.24148,-3.916622,
10:01:30.564,1,-2.120245,1.242389,-3.916385,
10:01:30.647,1,-2.119144,1.242546,-3.915432,
10:01:30.730,1,-2.119275,1.241732,-3.915409,
10:01:30.864,1,-2.119572,1.240526,-3.915229,
10:01:30.947,1,-2.121043,1.240935,-3.915657,
10:01:31.080,1,-2.123011,1.238572,-3.917977,
10:01:31.181,1,-2.124804,1.239612,-3.919566,
10:01:31.264,1,-2.125538,1.239184,-3.920582,
10:01:31.348,1,-2.126362,1.238536,-3.921783,
10:01:31.431,1,-2.126477,1.238061,-3.921844,
10:01:31.514,1,-2.126591,1.238671,-3.921808,
10:01:31.597,1,-2.129954,1.238653,-3.921581,
10:01:31.680,1,-2.129185,1.238761,-3.922167,
10:01:31.780,1,-2.129063,1.238948,-3.922213,
10:01:31.864,1,-2.128476,1.239644,-3.922623,
10:01:31.947,1,-2.128563,1.239997,-3.92329,
10:01:32.031,1,-2.128438,1.240059,-3.923736,
10:01:32.114,1,-2.128952,1.23932,-3.924356,
10:01:32.197,1,-2.128958,1.245031,-3.924478,
10:01:32.281,1,-2.12895,1.244791,-3.924512,
10:01:32.364,1,-2.128111,1.244959,-3.924629,
10:01:32.497,1,-2.128701,1.242017,-3.926201,
10:01:32.581,1,-2.129517,1.241207,-3.926727,
10:01:32.664,1,-2.129465,1.240201,-3.927014,
10:01:32.797,1,-2.130295,1.239642,-3.928133,
10:01:32.881,1,-2.131025,1.23948,-3.928548,
10:01:32.964,1,-2.131326,1.238757,-3.928911,
10:01:33.130,1,-2.131174,1.238506,-3.929069,
10:01:33.214,1,-2.129942,1.238072,-3.928056,
10:01:33.297,1,-2.129062,1.237983,-3.927331,
10:01:33.380,1,-2.128396,1.237814,-3.927172,
10:01:33.463,1,-2.127732,1.237674,-3.926297,
10:01:33.547,1,-2.128469,1.237643,-3.926956,
10:01:33.631,1,-2.127255,1.237732,-3.926563,
10:01:33.714,1,-2.127689,1.237652,-3.927353,
10:01:33.797,1,-2.128042,1.237478,-3.927854,
10:01:33.881,1,-2.128925,1.237364,-3.928851,
10:01:33.964,1,-2.128701,1.237301,-3.928726,
10:01:34.047,1,-2.12863,1.237157,-3.928694,
10:01:34.131,1,-2.128705,1.237097,-3.928679,
10:01:34.214,1,-2.129634,1.236843,-3.929702,
10:01:34.297,1,-2.129597,1.235244,-3.929746,
10:01:34.381,1,-2.129589,1.235205,-3.929762,
10:01:34.464,1,-2.129642,1.233956,-3.929898,
10:01:34.597,1,-2.129631,1.232244,-3.929921,
10:01:34.781,1,-2.129512,1.231436,-3.929676,
10:01:34.864,1,-2.129527,1.231475,-3.929537,
10:01:34.947,1,-2.129475,1.232088,-3.929453,
10:01:35.031,1,-2.129913,1.231514,-3.929182,
10:01:35.114,1,-2.12987,1.232071,-3.928982,
10:01:35.197,1,-2.129789,1.231912,-3.928844,
10:01:35.281,1,-2.129716,1.231257,-3.928554,
10:01:35.364,1,-2.129804,1.230969,-3.928378,
10:01:35.497,1,-2.131063,1.230744,-3.92912,
10:01:35.581,1,-2.130374,1.230523,-3.928146,
10:01:35.664,1,-2.130138,1.230516,-3.927746,
10:01:35.747,1,-2.129839,1.230669,-3.927478,
10:01:35.830,1,-2.129698,1.231959,-3.927279,
10:01:35.964,1,-2.129374,1.233433,-3.926898,
10:01:36.047,1,-2.129726,1.234227,-3.927098,
10:01:36.197,1,-2.129966,1.235568,-3.92712,
10:01:36.281,1,-2.129864,1.237282,-3.926366,
10:01:36.364,1,-2.12926,1.23812,-3.926151,
10:01:36.447,1,-2.129358,1.239974,-3.92602,
10:01:36.531,1,-2.129313,1.240341,-3.926007,
10:01:36.614,1,-2.129081,1.247531,-3.925872,
10:01:36.698,1,-2.128915,1.247914,-3.925823,
10:01:36.781,1,-2.129517,1.248235,-3.926503,
10:01:36.864,1,-2.129271,1.248313,-3.926428,
10:01:36.997,1,-2.128665,1.248405,-3.92594,
10:01:37.147,1,-2.128718,1.247813,-3.926064,
10:01:37.231,1,-2.127791,1.24718,-3.925428,
10:01:37.314,1,-2.128197,1.246741,-3.925928,
10:01:37.398,1,-2.128451,1.246372,-3.925456,
10:01:37.481,1,-2.127292,1.247772,-3.924376,
10:01:37.564,1,-2.115806,1.248041,-3.91662,
10:01:37.648,1,-2.109208,1.249438,-3.91104,
10:01:37.731,1,-2.104383,1.249485,-3.905322,
10:01:37.814,1,-2.10218,1.250866,-3.903129,
10:01:37.898,1,-2.100965,1.250803,-3.901702,
10:01:37.981,1,-2.161811,1.252166,-3.89843,
10:01:38.064,1,-2.162785,1.252048,-3.897825,
10:01:38.197,1,-2.164394,1.250143,-3.898728,
10:01:38.281,1,-2.167475,1.249351,-3.898358,
10:01:38.364,1,-2.168756,1.248904,-3.898461,
10:01:38.497,1,-2.171851,1.247885,-3.89724,
10:01:38.581,1,-2.176145,1.2475,-3.89563,
10:01:38.664,1,-2.177404,1.247137,-3.895771,
10:01:38.748,1,-2.177605,1.24679,-3.895851,
10:01:38.830,1,-2.177876,1.246199,-3.895949,
10:01:38.914,1,-2.178631,1.246356,-3.895453,
10:01:38.997,1,-2.178988,1.246053,-3.895125,
10:01:39.080,1,-2.179174,1.245524,-3.895298,
10:01:39.164,1,-2.178934,1.246284,-3.895702,
10:01:39.248,1,-2.178916,1.246141,-3.895756,
10:01:39.330,1,-2.179147,1.246117,-3.895644,
10:01:39.415,1,-2.179259,1.246767,-3.8955,
10:01:39.497,1,-2.179333,1.2469,-3.895818,
10:01:39.581,1,-2.179102,1.247808,-3.895821,
10:01:39.664,1,-2.178657,1.245396,-3.89603,
10:01:39.748,1,-2.177673,1.245182,-3.896357,
10:01:39.831,1,-2.177064,1.24368,-3.896616,
10:01:39.914,1,-2.176187,1.243964,-3.896312,
10:01:39.998,1,-2.175437,1.243926,-3.896342,
10:01:40.080,1,-2.175051,1.243505,-3.896388,
10:01:40.230,1,-2.17283,1.243307,-3.895655,
10:01:40.314,1,-2.17187,1.243112,-3.895451,
10:01:40.397,1,-2.171485,1.242286,-3.895424,
10:01:40.481,1,-2.170693,1.243392,-3.89587,
10:01:40.564,1,-2.170695,1.244306,-3.895509,
10:01:40.648,1,-2.170533,1.244954,-3.895023,
10:01:40.731,1,-2.170459,1.244909,-3.895076,
10:01:40.814,1,-2.169854,1.246992,-3.895343,
10:01:40.898,1,-2.170379,1.24613,-3.894386,
10:01:40.981,1,-2.170755,1.246054,-3.89471,
10:01:41.064,1,-2.171172,1.245778,-3.894768,
10:01:41.148,1,-2.171526,1.245675,-3.894659,
10:01:41.231,1,-2.171633,1.245263,-3.894965,
10:01:41.364,1,-2.171582,1.245006,-3.89436,
10:01:41.447,1,-2.171273,1.244701,-3.894074,
10:01:41.530,1,-2.170899,1.245935,-3.894188,
10:01:41.613,1,-2.171173,1.245423,-3.894038,
10:01:41.764,1,-2.17106,1.253452,-3.89387,
10:01:41.847,1,-2.171185,1.253549,-3.893952,
10:01:41.948,1,-2.171119,1.253737,-3.893963,
10:01:42.030,1,-2.170978,1.254563,-3.894226,
10:01:42.114,1,-2.170943,1.253691,-3.894603,
10:01:42.198,1,-2.171163,1.253923,-3.8944,
10:01:42.281,1,-2.171325,1.254131,-3.894236,
10:01:42.364,1,-2.171281,1.254206,-3.894111,
10:01:42.447,1,-2.171262,1.256646,-3.89413,
10:01:42.531,1,-2.171465,1.257637,-3.894011,
10:01:42.614,1,-2.17114,1.257089,-3.894361,
10:01:42.697,1,-2.17149,1.259037,-3.894635,
10:01:42.780,1,-2.171594,1.259863,-3.895074,
10:01:42.864,1,-2.171604,1.260037,-3.895232,
10:01:42.947,1,-2.171507,1.259396,-3.895356,
10:01:43.031,1,-2.17157,1.258529,-3.895201,
10:01:43.114,1,-2.171731,1.258549,-3.895174,
10:01:43.197,1,-2.171542,1.257997,-3.895544,
10:01:43.281,1,-2.171099,1.257988,-3.896374,
10:01:43.364,1,-2.171398,1.257889,-3.897545,
10:01:43.447,1,-2.171239,1.258267,-3.898768,
10:01:43.530,1,-2.172265,1.257404,-3.898702,
10:01:43.614,1,-2.172015,1.256788,-3.901406,
10:01:43.698,1,-2.172242,1.256348,-3.901448,
10:01:43.781,1,-2.172463,1.254455,-3.901587,
10:01:43.864,1,-2.172502,1.25492,-3.90158,
10:01:43.947,1,-2.173295,1.254659,-3.903322,
10:01:44.031,1,-2.173413,1.253808,-3.904142,
10:01:44.114,1,-2.173238,1.250929,-3.905862,
10:01:44.198,1,-2.173618,1.251954,-3.906032,
10:01:44.281,1,-2.174615,1.25288,-3.906463,
10:01:44.364,1,-2.174262,1.25299,-3.905705,
10:01:44.447,1,-2.174716,1.24424,-3.90546,
10:01:44.581,1,-2.174156,1.240083,-3.903525,
10:01:44.680,1,-2.174174,1.238913,-3.902915,
10:01:44.764,1,-2.174549,1.244951,-3.902931,
10:01:44.848,1,-2.175022,1.245012,-3.900996,
10:01:44.931,1,-2.175009,1.246066,-3.900909,
10:01:45.014,1,-2.175058,1.244852,-3.901012,
10:01:45.098,1,-2.174905,1.245158,-3.901658,
10:01:45.181,1,-2.174655,1.244289,-3.90154,
10:01:45.297,1,-2.174586,1.243858,-3.90242,
10:01:45.381,1,-2.175475,1.243015,-3.902669,
10:01:45.464,1,-2.175978,1.242973,-3.90233,
10:01:45.547,1,-2.174535,1.242872,-3.90327,
10:01:45.631,1,-2.174142,1.242962,-3.90389,
10:01:45.714,1,-2.174183,1.243127,-3.904197,
10:01:45.798,1,-2.173643,1.243115,-3.905102,
10:01:45.881,1,-2.174077,1.243255,-3.903727,
10:01:45.964,1,-2.175009,1.243663,-3.901035,
10:01:46.047,1,-2.174931,1.243667,-3.900685,
10:01:46.131,1,-2.174506,1.243813,-3.900693,
10:01:46.214,1,-2.174373,1.2439,-3.901496,
10:01:46.297,1,-2.174084,1.242855,-3.902308,
10:01:46.381,1,-2.173854,1.242385,-3.902696,
10:01:46.464,1,-2.173957,1.241994,-3.903285,
10:01:46.548,1,-2.174383,1.241447,-3.903348,
10:01:46.630,1,-2.174804,1.238521,-3.902975,
10:01:46.714,1,-2.174943,1.237913,-3.903031,
10:01:46.798,1,-2.175028,1.237099,-3.902784,
10:01:46.880,1,-2.174535,1.236406,-3.903835,
10:01:46.964,1,-2.174674,1.236156,-3.903747,
10:01:47.048,1,-2.173806,1.235565,-3.904162,
10:01:47.131,1,-2.173306,1.234824,-3.905323,
10:01:47.215,1,-2.173311,1.234885,-3.905539,
10:01:47.297,1,-2.17406,1.234644,-3.905019,
10:01:47.381,1,-2.174146,1.234461,-3.905249,
10:01:47.464,1,-2.173442,1.234254,-3.905838,
10:01:47.547,1,-2.171501,1.234358,-3.906921,
10:01:47.630,1,-2.171478,1.236129,-3.907464,
10:01:47.781,1,-2.173217,1.2379,-3.906501,
10:01:47.864,1,-2.17332,1.23879,-3.906308,
10:01:47.948,1,-2.173813,1.240489,-3.90606,
10:01:48.031,1,-2.174181,1.241495,-3.905558,
10:01:48.114,1,-2.174205,1.241837,-3.905456,
10:01:48.198,1,-2.174126,1.241813,-3.905576,
10:01:48.281,1,-2.173928,1.241158,-3.905844,
10:01:48.364,1,-2.173409,1.240938,-3.906158,
10:01:48.448,1,-2.173324,1.240578,-3.905626,
10:01:48.531,1,-2.17315,1.239497,-3.906028,
10:01:48.614,1,-2.173301,1.240158,-3.906171,
10:01:48.698,1,-2.173556,1.238659,-3.905503,
10:01:48.781,1,-2.173627,1.238485,-3.905599,
10:01:48.864,1,-2.173487,1.238337,-3.905531,
10:01:48.997,1,-2.184452,1.238395,-3.898388,
10:01:49.081,1,-2.185791,1.237159,-3.896582,
10:01:49.164,1,-2.187182,1.235932,-3.894909,
10:01:49.297,1,-2.188422,1.235216,-3.894534,
10:01:49.464,1,-2.189623,1.235467,-3.89283,
10:01:49.547,1,-2.189747,1.235299,-3.893121,
10:01:49.680,1,-2.189837,1.234753,-3.892762,
10:01:49.813,1,-2.186355,1.23432,-3.895095,
10:01:49.947,1,-2.185428,1.234071,-3.895846,
10:01:50.080,1,-2.184863,1.23365,-3.895599,
10:01:50.164,1,-2.184418,1.233585,-3.895263,
10:01:50.247,1,-2.185898,1.233576,-3.894025,
10:01:50.331,1,-2.186584,1.233513,-3.893886,
10:01:50.414,1,-2.188236,1.233522,-3.892844,
10:01:50.498,1,-2.188408,1.233467,-3.892948,
10:01:50.581,1,-2.186199,1.233389,-3.894593,
10:01:50.664,1,-2.187741,1.23333,-3.893471,
10:01:50.748,1,-2.188024,1.235163,-3.893425,
10:01:50.830,1,-2.188261,1.234735,-3.894527,
10:01:50.964,1,-2.186089,1.234448,-3.89662,
10:01:51.047,1,-2.184901,1.234458,-3.897212,
10:01:51.214,1,-2.183754,1.234381,-3.897403,
10:01:51.297,1,-2.183116,1.234177,-3.897333,
10:01:51.430,1,-2.186054,1.234704,-3.895123,
10:01:51.581,1,-2.188072,1.23484,-3.894797,
10:01:51.681,1,-2.188682,1.235101,-3.894717,
10:01:51.764,1,-2.189397,1.234945,-3.894753,
10:01:51.848,1,-2.190056,1.234831,-3.893817,
10:01:51.931,1,-2.190152,1.234775,-3.894229,
10:01:52.014,1,-2.190567,1.234706,-3.892509,
10:01:52.098,1,-2.191065,1.234664,-3.893107,
10:01:52.181,1,-2.191394,1.235485,-3.893823,
10:01:52.265,1,-2.191239,1.235445,-3.894409,
10:01:52.348,1,-2.191014,1.235062,-3.894731,
10:01:52.431,1,-2.191019,1.235513,-3.895568,
10:01:52.514,1,-2.191608,1.23542,-3.894886,
10:01:52.598,1,-2.191302,1.236212,-3.895872,
10:01:52.681,1,-2.19161,1.237661,-3.895728,
10:01:52.764,1,-2.191336,1.239016,-3.89602,
10:01:52.848,1,-2.191356,1.242433,-3.896338,
10:01:52.930,1,-2.191345,1.244603,-3.896825,
10:01:53.064,1,-2.191785,1.246019,-3.896384,
10:01:53.147,1,-2.192063,1.246914,-3.896259,
10:01:53.280,1,-2.192527,1.24958,-3.896324,
10:01:53.414,1,-2.191529,1.250343,-3.89732,
10:01:53.498,1,-2.191658,1.250775,-3.897519,
10:01:53.581,1,-2.191784,1.256133,-3.897277,
10:01:53.664,1,-2.191701,1.259465,-3.897326,
10:01:53.747,1,-2.191717,1.254497,-3.897143,
10:01:53.898,1,-2.191688,1.249932,-3.897214,
10:01:53.981,1,-2.189348,1.246722,-3.898747,
10:01:54.064,1,-2.187435,1.246271,-3.899558,
10:01:54.148,1,-2.187905,1.246132,-3.896085,
10:01:54.231,1,-2.188373,1.246198,-3.89653,
10:01:54.314,1,-2.188942,1.246016,-3.896806,
10:01:54.398,1,-2.189282,1.246006,-3.896969,
10:01:54.481,1,-2.189267,1.246293,-3.898063,
10:01:54.564,1,-2.188985,1.246084,-3.898306,
10:01:54.648,1,-2.189386,1.246087,-3.89811,
10:01:54.731,1,-2.189668,1.24587,-3.898218,
10:01:54.864,1,-2.191294,1.245997,-3.896694,
10:01:54.947,1,-2.191034,1.246397,-3.897714,
10:01:55.031,1,-2.190739,1.246522,-3.89811,
10:01:55.164,1,-2.190932,1.24648,-3.898408,
10:01:55.247,1,-2.190934,1.246119,-3.898729,
10:01:55.382,1,-2.191138,1.245723,-3.898987,
10:01:55.464,1,-2.19145,1.245964,-3.898549,
10:01:55.597,1,-2.191105,1.246064,-3.899201,
10:01:55.681,1,-2.191025,1.246045,-3.899334,
10:01:55.764,1,-2.191005,1.247725,-3.899119,
10:01:55.897,1,-2.191576,1.248385,-3.899284,
10:01:55.981,1,-2.191563,1.248777,-3.899348,
10:01:56.064,1,-2.191603,1.249515,-3.899436,
10:01:56.197,1,-2.191432,1.249762,-3.899064,
10:01:56.347,1,-2.191524,1.250109,-3.899571,
10:01:56.431,1,-2.191407,1.249895,-3.899677,
10:01:56.514,1,-2.191238,1.249821,-3.899703,
10:01:56.598,1,-2.19115,1.249753,-3.899221,
10:01:56.681,1,-2.191058,1.250192,-3.89946,
10:01:56.764,1,-2.191195,1.249324,-3.899304,
10:01:56.848,1,-2.190981,1.248722,-3.899572,
10:01:56.931,1,-2.19135,1.248063,-3.899035,
10:01:57.014,1,-2.191634,1.247494,-3.898706,
10:01:57.098,1,-2.191326,1.248003,-3.899306,
10:01:57.181,1,-2.19105,1.247703,-3.899564,
10:01:57.265,1,-2.190929,1.247582,-3.899626,
10:01:57.397,1,-2.191163,1.247832,-3.899283,
10:01:57.530,1,-2.191147,1.247756,-3.89942,
10:01:57.664,1,-2.191244,1.248057,-3.899426,
10:01:57.748,1,-2.1913,1.248121,-3.899304,
10:01:57.831,1,-2.191204,1.248209,-3.899226,
10:01:57.914,1,-2.191103,1.248629,-3.899122,
10:01:57.998,1,-2.190759,1.248883,-3.899445,
10:01:58.081,1,-2.190823,1.249022,-3.89943,
10:01:58.165,1,-2.191226,1.248969,-3.899238,
10:01:58.297,1,-2.191031,1.249119,-3.9004,
10:01:58.381,1,-2.191418,1.249196,-3.899925,
10:01:58.464,1,-2.191545,1.248638,-3.899388,
10:01:58.614,1,-2.191366,1.248938,-3.899062,
10:01:58.714,1,-2.190254,1.248874,-3.900294,
10:01:58.847,1,-2.190461,1.249052,-3.900232,
10:01:58.930,1,-2.190778,1.249053,-3.899831,
10:01:59.014,1,-2.190945,1.248972,-3.899129,
10:01:59.098,1,-2.19069,1.248778,-3.89947,
10:01:59.181,1,-2.190697,1.248551,-3.899205,
10:01:59.264,1,-2.191013,1.248492,-3.899193,
10:01:59.348,1,-2.191045,1.248756,-3.899315,
10:01:59.431,1,-2.190954,1.249653,-3.899667,
10:01:59.514,1,-2.189316,1.250893,-3.901104,
10:01:59.647,1,-2.190067,1.250952,-3.900431,
10:01:59.748,1,-2.190247,1.251752,-3.899995,
10:01:59.881,1,-2.190413,1.251871,-3.899478,
10:01:59.964,1,-2.190262,1.251927,-3.899693,
10:02:00.097,1,-2.190116,1.251597,-3.899393,
10:02:00.230,1,-2.190694,1.251172,-3.898522,
10:02:00.364,1,-2.189858,1.251764,-3.899389,
10:02:00.448,1,-2.19025,1.252983,-3.899234,
10:02:00.531,1,-2.190347,1.253592,-3.898997,
10:02:00.614,1,-2.190388,1.253168,-3.899203,
10:02:00.698,1,-2.190391,1.253038,-3.899454,
10:02:00.781,1,-2.18995,1.252863,-3.899658,
10:02:00.898,1,-2.189891,1.253376,-3.899772,
10:02:00.980,1,-2.189544,1.25309,-3.900338,
10:02:01.064,1,-2.18933,1.252979,-3.900548,
10:02:01.148,1,-2.189298,1.251921,-3.900828,
10:02:01.231,1,-2.189543,1.251845,-3.900487,
10:02:01.314,1,-2.189775,1.251895,-3.900269,
10:02:01.398,1,-2.189713,1.252185,-3.90035,
10:02:01.481,1,-2.190169,1.252695,-3.899966,
10:02:01.564,1,-2.190036,1.252939,-3.900101,
10:02:01.648,1,-2.190075,1.253147,-3.900048,
10:02:01.731,1,-2.190101,1.253467,-3.899568,
10:02:01.814,1,-2.190212,1.253141,-3.899305,
10:02:01.898,1,-2.190238,1.253354,-3.89909,
10:02:01.981,1,-2.190284,1.253094,-3.899398,
10:02:02.064,1,-2.190273,1.254408,-3.898768,
10:02:02.197,1,-2.190222,1.254117,-3.898438,
10:02:02.281,1,-2.190292,1.252952,-3.898415,
10:02:02.364,1,-2.188909,1.253143,-3.900737,
10:02:02.497,1,-2.189151,1.253449,-3.900407,
10:02:02.648,1,-2.189358,1.253279,-3.900034,
10:02:02.731,1,-2.189331,1.252679,-3.899749,
10:02:02.814,1,-2.189799,1.253393,-3.898296,
10:02:02.898,1,-2.190011,1.253894,-3.897146,
10:02:02.981,1,-2.189697,1.253937,-3.896711,
10:02:03.064,1,-2.188863,1.254384,-3.897124,
10:02:03.148,1,-2.186545,1.25473,-3.898206,
10:02:03.231,1,-2.185372,1.255103,-3.897717,
10:02:03.314,1,-2.184229,1.254262,-3.897422,
10:02:03.398,1,-2.184246,1.253749,-3.896863,
10:02:03.480,1,-2.182309,1.253794,-3.897677,
10:02:03.614,1,-2.182043,1.254065,-3.897848,
10:02:03.747,1,-2.181186,1.254257,-3.89847,
10:02:03.831,1,-2.181175,1.254247,-3.898524,
10:02:03.914,1,-2.180171,1.253601,-3.89842,
10:02:03.998,1,-2.17909,1.253091,-3.89807,
10:02:04.081,1,-2.178324,1.25333,-3.896912,
10:02:04.164,1,-2.178794,1.252891,-3.892938,
10:02:04.297,1,-2.171924,1.253024,-3.887325,
10:02:04.430,1,-2.157999,1.253855,-3.87441,
10:02:04.564,1,-2.149252,1.254311,-3.854761,
10:02:04.697,1,-2.141009,1.2545,-3.839195,
10:02:04.848,1,-2.134698,1.254554,-3.820903,
10:02:04.981,1,-2.132866,1.254949,-3.802515,
10:02:05.064,1,-2.135153,1.254577,-3.795727,
10:02:05.214,1,-2.174762,1.254341,-3.780272,
10:02:05.298,1,-2.179346,1.254571,-3.780124,
10:02:05.381,1,-2.185214,1.254468,-3.782362,
10:02:05.464,1,-2.188806,1.254422,-3.785789,
10:02:05.548,1,-2.191556,1.254749,-3.795042,
10:02:05.631,1,-2.192879,1.250748,-3.799555,
10:02:05.714,1,-2.195349,1.250227,-3.807492,
10:02:05.798,1,-2.196556,1.250453,-3.813124,
10:02:05.881,1,-2.197624,1.250281,-3.822616,
10:02:05.965,1,-2.1993,1.250211,-3.831726,
10:02:06.097,1,-2.203355,1.249172,-3.838056,
10:02:06.230,1,-2.204628,1.249011,-3.844162,
10:02:06.364,1,-2.208285,1.246351,-3.842917,
10:02:06.497,1,-2.213758,1.245834,-3.836969,
10:02:06.647,1,-2.217575,1.245853,-3.825499,
10:02:06.780,1,-2.213641,1.246354,-3.805738,
10:02:06.914,1,-2.216193,1.247251,-3.786242,
10:02:07.064,1,-2.215161,1.247059,-3.768437,
10:02:07.197,1,-2.216466,1.247978,-3.752392,
10:02:07.331,1,-2.215022,1.247929,-3.7483,
10:02:07.464,1,-2.218488,1.246802,-3.744932,
10:02:07.597,1,-2.220271,1.247183,-3.742522,
10:02:07.730,1,-2.22189,1.246835,-3.740657,
10:02:07.864,1,-2.221551,1.245943,-3.740111,
10:02:07.997,1,-2.2207,1.244515,-3.739379,
10:02:08.130,1,-2.220003,1.244658,-3.739227,
10:02:08.214,1,-2.219682,1.2447,-3.739634,
10:02:08.298,1,-2.219641,1.244858,-3.739785,
10:02:08.381,1,-2.220733,1.247107,-3.73877,
10:02:08.464,1,-2.221692,1.246156,-3.738636,
10:02:08.548,1,-2.222798,1.245823,-3.738811,
10:02:08.631,1,-2.22483,1.245211,-3.738804,
10:02:08.714,1,-2.223826,1.24574,-3.737313,
10:02:08.798,1,-2.22221,1.244959,-3.73551,
10:02:08.881,1,-2.218067,1.247506,-3.735998,
10:02:08.964,1,-2.225942,1.249236,-3.730808,
10:02:09.097,1,-2.227852,1.250398,-3.734925,
10:02:09.230,1,-2.229543,1.250907,-3.738939,
10:02:09.364,1,-2.224751,1.251688,-3.748141,
10:02:09.497,1,-2.22283,1.251894,-3.750238,
10:02:09.630,1,-2.221283,1.252454,-3.74931,
10:02:09.715,1,-2.220158,1.251968,-3.748119,
10:02:09.798,1,-2.216807,1.252461,-3.744518,
10:02:09.881,1,-2.202422,1.252309,-3.730703,
10:02:09.965,1,-2.197644,1.252204,-3.727556,
10:02:10.048,1,-2.188585,1.251585,-3.728491,
10:02:10.131,1,-2.185079,1.251897,-3.727576,
10:02:10.215,1,-2.180182,1.251759,-3.728736,
10:02:10.298,1,-2.175548,1.251378,-3.729715,
10:02:10.381,1,-2.173803,1.25122,-3.730062,
10:02:10.464,1,-2.172746,1.250751,-3.72845,
10:02:10.597,1,-2.180402,1.251402,-3.706994,
10:02:10.681,1,-2.18436,1.251604,-3.690815,
10:02:10.765,1,-2.192369,1.251488,-3.668586,
10:02:10.897,1,-2.191265,1.251705,-3.656862,
10:02:11.031,1,-2.210057,1.251164,-3.630202,
10:02:11.164,1,-2.254968,1.250214,-3.590453,
10:02:11.248,1,-2.270076,1.250434,-3.577594,
10:02:11.331,1,-2.284238,1.25058,-3.569737,
10:02:11.415,1,-2.301701,1.251212,-3.567449,
10:02:11.497,1,-2.308367,1.251431,-3.57154,
10:02:11.581,1,-2.314242,1.250846,-3.574293,
10:02:11.664,1,-2.333641,1.251315,-3.588138,
10:02:11.797,1,-2.334188,1.251907,-3.593798,
10:02:11.949,1,-2.332707,1.252055,-3.600726,
10:02:12.031,1,-2.327967,1.251994,-3.603706,
10:02:12.115,1,-2.31113,1.251462,-3.617822,
10:02:12.198,1,-2.302899,1.251413,-3.61198,
10:02:12.281,1,-2.279417,1.251298,-3.59673,
10:02:12.365,1,-2.278164,1.251405,-3.592666,
10:02:12.448,1,-2.256835,1.251444,-3.610418,
10:02:12.531,1,-2.226227,1.252116,-3.619098,
10:02:12.615,1,-2.185735,1.251707,-3.618966,
10:02:12.698,1,-2.162956,1.25172,-3.625653,
10:02:12.781,1,-2.153755,1.251815,-3.615865,
10:02:12.865,1,-2.153844,1.251574,-3.614092,
10:02:12.997,1,-2.162298,1.251567,-3.612185,
10:02:13.130,1,-2.178747,1.251325,-3.607742,
10:02:13.264,1,-2.221014,1.251777,-3.607912,
10:02:13.347,1,-2.24209,1.25142,-3.638327,
10:02:13.497,1,-2.321834,1.251276,-3.623163,
10:02:13.630,1,-2.362172,1.251111,-3.626496,
10:02:13.714,1,-2.38881,1.251854,-3.631229,
10:02:13.847,1,-2.412247,1.251452,-3.630586,
10:02:13.930,1,-2.415612,1.251937,-3.629196,
10:02:14.064,1,-2.433832,1.251897,-3.618183,
10:02:14.165,1,-2.436329,1.252117,-3.617834,
10:02:14.248,1,-2.440618,1.252254,-3.621603,
10:02:14.331,1,-2.444294,1.25168,-3.625821,
10:02:14.415,1,-2.445709,1.251224,-3.629904,
10:02:14.498,1,-2.447239,1.251436,-3.632281,
10:02:14.581,1,-2.453822,1.251783,-3.64128,
10:02:14.665,1,-2.456662,1.251952,-3.645771,
10:02:14.797,1,-2.461304,1.252135,-3.654711,
10:02:14.930,1,-2.461787,1.252187,-3.661288,
10:02:15.064,1,-2.461007,1.252341,-3.665725,
10:02:15.214,1,-2.458653,1.252443,-3.679868,
10:02:15.348,1,-2.457411,1.252227,-3.685017,
10:02:15.431,1,-2.45717,1.2526,-3.686759,
10:02:15.514,1,-2.45692,1.252733,-3.688242,
10:02:15.647,1,-2.456945,1.251032,-3.68902,
10:02:15.730,1,-2.457036,1.251481,-3.689158,
10:02:15.864,1,-2.457281,1.252107,-3.689162,
10:02:15.948,1,-2.457581,1.252555,-3.689034,
10:02:16.081,1,-2.458101,1.251753,-3.688704,
10:02:16.165,1,-2.458314,1.251685,-3.688572,
10:02:16.297,1,-2.458822,1.251807,-3.688271,
10:02:16.381,1,-2.458956,1.252229,-3.688169,
10:02:16.465,1,-2.459179,1.251852,-3.688034,
10:02:16.597,1,-2.459364,1.252188,-3.687946,
10:02:16.748,1,-2.459409,1.252138,-3.687937,
10:02:16.831,1,-2.45926,1.252124,-3.68808,
10:02:16.964,1,-2.458597,1.251784,-3.688682,
10:02:17.097,1,-2.457495,1.250612,-3.689951,
10:02:17.181,1,-2.45649,1.250844,-3.691145,
10:02:17.314,1,-2.455192,1.250596,-3.692998,
10:02:17.398,1,-2.45463,1.251086,-3.693832,
10:02:17.481,1,-2.454211,1.251131,-3.694649,
10:02:17.565,1,-2.451954,1.251764,-3.700216,
10:02:17.648,1,-2.450104,1.252651,-3.703982,
10:02:17.731,1,-2.449537,1.252351,-3.70473,
10:02:17.864,1,-2.45018,1.252592,-3.702756,
10:02:17.947,1,-2.450451,1.253108,-3.701663,
10:02:18.081,1,-2.450824,1.252521,-3.700653,
10:02:18.164,1,-2.450956,1.252228,-3.700275,
10:02:18.248,1,-2.451038,1.252513,-3.700018,
10:02:18.331,1,-2.451286,1.252581,-3.699637,
10:02:18.415,1,-2.451315,1.251963,-3.699355,
10:02:18.498,1,-2.451283,1.252299,-3.699115,
10:02:18.581,1,-2.451289,1.25189,-3.698874,
10:02:18.665,1,-2.451335,1.25245,-3.698742,
10:02:18.748,1,-2.451368,1.25257,-3.698604,
10:02:18.831,1,-2.451371,1.25249,-3.698553,
10:02:18.915,1,-2.451356,1.25264,-3.698448,
10:02:18.998,1,-2.451361,1.252296,-3.698392,
10:02:19.081,1,-2.45132,1.252323,-3.69828,
10:02:19.165,1,-2.451259,1.251773,-3.69823,
10:02:19.297,1,-2.451167,1.250984,-3.69818,
10:02:19.431,1,-2.451051,1.250884,-3.698128,
10:02:19.564,1,-2.450871,1.250722,-3.698117,
10:02:19.648,1,-2.448874,1.252626,-3.699791,
10:02:19.731,1,-2.447724,1.252103,-3.700357,
10:02:19.815,1,-2.448025,1.251627,-3.699574,
10:02:19.898,1,-2.448193,1.250012,-3.699242,
10:02:19.981,1,-2.448427,1.249968,-3.698883,
10:02:20.065,1,-2.448497,1.250398,-3.69863,
10:02:20.197,1,-2.448674,1.250808,-3.698264,
10:02:20.331,1,-2.448889,1.251762,-3.697871,
10:02:20.464,1,-2.449106,1.252087,-3.697505,
10:02:20.548,1,-2.44922,1.25251,-3.697413,
10:02:20.631,1,-2.449354,1.251567,-3.69722,
10:02:20.715,1,-2.44945,1.250136,-3.697054,
10:02:20.798,1,-2.449572,1.249122,-3.696992,
10:02:20.881,1,-2.44973,1.248371,-3.696961,
10:02:20.965,1,-2.449838,1.247375,-3.696954,
10:02:21.049,1,-2.449951,1.245989,-3.696978,
10:02:21.131,1,-2.45005,1.245888,-3.697034,
10:02:21.264,1,-2.450123,1.245408,-3.697114,
10:02:21.431,1,-2.450145,1.245379,-3.697217,
10:02:21.514,1,-2.450169,1.24489,-3.697254,
10:02:21.648,1,-2.450167,1.244894,-3.697328,
10:02:21.731,1,-2.450173,1.245874,-3.697349,
10:02:21.864,1,-2.448855,1.246582,-3.699452,
10:02:21.948,1,-2.448957,1.244676,-3.699444,
10:02:22.081,1,-2.448104,1.239623,-3.701988,
10:02:22.165,1,-2.448457,1.224702,-3.701637,
10:02:22.297,1,-2.448097,1.21555,-3.702924,
10:02:22.432,1,-2.446955,1.209763,-3.705804,
10:02:22.515,1,-2.447217,1.207659,-3.705324,
10:02:22.598,1,-2.447235,1.206159,-3.705419,
10:02:22.681,1,-2.447275,1.197724,-3.705503,
10:02:22.765,1,-2.447243,1.198105,-3.705512,
10:02:22.848,1,-2.445854,1.200255,-3.708272,
10:02:22.981,1,-2.445594,1.202689,-3.708879,
10:02:23.132,1,-2.445783,1.206454,-3.708681,
10:02:23.215,1,-2.445371,1.207948,-3.711509,
10:02:23.298,1,-2.445539,1.208794,-3.711056,
10:02:23.381,1,-2.445781,1.208437,-3.710622,
10:02:23.464,1,-2.445898,1.207446,-3.710961,
10:02:23.548,1,-2.446092,1.208439,-3.711821,
10:02:23.632,1,-2.446439,1.207653,-3.712794,
10:02:23.715,1,-2.446694,1.207814,-3.713441,
10:02:23.798,1,-2.446905,1.208865,-3.713852,
10:02:23.881,1,-2.447183,1.213221,-3.714306,
10:02:23.965,1,-2.448237,1.211712,-3.717603,
10:02:24.097,1,-2.449506,1.20472,-3.720879,
10:02:24.231,1,-2.449947,1.200077,-3.722602,
10:02:24.364,1,-2.450359,1.195202,-3.723784,
10:02:24.497,1,-2.450565,1.188606,-3.7245,
10:02:24.648,1,-2.450158,1.19087,-3.722935,
10:02:24.781,1,-2.449763,1.19,-3.721107,
10:02:24.865,1,-2.449715,1.189583,-3.720637,
10:02:24.948,1,-2.449575,1.187715,-3.720025,
10:02:25.081,1,-2.4499,1.187346,-3.720548,
10:02:25.214,1,-2.449707,1.186635,-3.719896,
10:02:25.347,1,-2.449655,1.186851,-3.719446,
10:02:25.431,1,-2.449755,1.187577,-3.720996,
10:02:25.515,1,-2.45011,1.188395,-3.722253,
10:02:25.598,1,-2.449915,1.189066,-3.721423,
10:02:25.681,1,-2.449743,1.189332,-3.720638,
10:02:25.765,1,-2.449954,1.190232,-3.721499,
10:02:25.897,1,-2.449798,1.191255,-3.720386,
10:02:26.031,1,-2.449847,1.193418,-3.72093,
10:02:26.164,1,-2.449707,1.197556,-3.720015,
10:02:26.297,1,-2.449881,1.201462,-3.721177,
10:02:26.431,1,-2.449677,1.202868,-3.720362,
10:02:26.515,1,-2.449501,1.208074,-3.719917,
10:02:26.598,1,-2.449597,1.210403,-3.721331,
10:02:26.681,1,-2.450183,1.211925,-3.723772,
10:02:26.765,1,-2.450035,1.212104,-3.723189,
10:02:26.848,1,-2.450085,1.211074,-3.723335,
10:02:26.931,1,-2.450118,1.210435,-3.723406,
10:02:27.015,1,-2.450189,1.207839,-3.723497,
10:02:27.098,1,-2.450196,1.199643,-3.723566,
10:02:27.181,1,-2.450248,1.1976,-3.723656,
10:02:27.265,1,-2.450231,1.196916,-3.723712,
10:02:27.348,1,-2.450262,1.197674,-3.723814,
10:02:27.498,1,-2.450294,1.197384,-3.723923,
10:02:27.581,1,-2.450315,1.198629,-3.723993,
10:02:27.665,1,-2.450307,1.213127,-3.724058,
10:02:27.748,1,-2.450329,1.213792,-3.724103,
10:02:27.832,1,-2.450334,1.223543,-3.724148,
10:02:27.915,1,-2.450351,1.224876,-3.724178,
10:02:27.998,1,-2.450366,1.224849,-3.724164,
10:02:28.082,1,-2.450404,1.227214,-3.724134,
10:02:28.165,1,-2.450462,1.229353,-3.724106,
10:02:28.297,1,-2.450543,1.211699,-3.723959,
10:02:28.431,1,-2.450588,1.217534,-3.72351,
10:02:28.564,1,-2.450617,1.225813,-3.722726,
10:02:28.714,1,-2.450792,1.229997,-3.72138,
10:02:28.848,1,-2.451214,1.230735,-3.719722,
10:02:28.931,1,-2.451319,1.234925,-3.718728,
10:02:29.064,1,-2.45369,1.244238,-3.704529,
10:02:29.148,1,-2.453526,1.245858,-3.700737,
10:02:29.281,1,-2.454004,1.247941,-3.689816,
10:02:29.365,1,-2.454907,1.250497,-3.687185,
10:02:29.450,1,-2.456632,1.249626,-3.681384,
10:02:29.598,1,-2.462117,1.246177,-3.664714,
10:02:29.681,1,-2.466098,1.246334,-3.635646,
10:02:29.765,1,-2.467439,1.24899,-3.642918,
10:02:29.848,1,-2.470539,1.262684,-3.630697,
10:02:29.932,1,-2.473005,1.263676,-3.623282,
10:02:30.015,1,-2.475202,1.258797,-3.61675,
10:02:30.098,1,-2.474931,1.256274,-3.616205,
10:02:30.182,1,-2.475138,1.252204,-3.61273,
10:02:30.265,1,-2.475247,1.251416,-3.6093,
10:02:30.348,1,-2.475517,1.250877,-3.606469,
10:02:30.482,1,-2.47685,1.247552,-3.596734,
10:02:30.565,1,-2.540599,1.241062,-3.575547,
10:02:30.648,1,-2.543892,1.247191,-3.562989,
10:02:30.731,1,-2.54127,1.226824,-3.557177,
10:02:30.864,1,-2.542878,1.217175,-3.561562,
10:02:31.015,1,-2.543304,1.217193,-3.563114,
10:02:31.098,1,-2.544405,1.226253,-3.563785,
10:02:31.181,1,-2.545311,1.227988,-3.564505,
10:02:31.265,1,-2.545993,1.230832,-3.56722,
10:02:31.348,1,-2.545875,1.230811,-3.568516,
10:02:31.432,1,-2.547948,1.23183,-3.572157,
10:02:31.515,1,-2.548218,1.231065,-3.573264,
10:02:31.598,1,-2.552897,1.231162,-3.564348,
10:02:31.681,1,-2.555733,1.230878,-3.561762,
10:02:31.765,1,-2.559279,1.229623,-3.564885,
10:02:31.848,1,-2.559304,1.229239,-3.565346,
10:02:31.981,1,-2.558558,1.22917,-3.56716,
10:02:32.064,1,-2.558222,1.228181,-3.567661,
10:02:32.232,1,-2.55758,1.227947,-3.568355,
10:02:32.365,1,-2.557027,1.226101,-3.571968,
10:02:32.448,1,-2.556445,1.224776,-3.571682,
10:02:32.581,1,-2.554927,1.224635,-3.57167,
10:02:32.714,1,-2.553753,1.224851,-3.571592,
10:02:32.847,1,-2.552331,1.225062,-3.570404,
10:02:32.997,1,-2.551133,1.225119,-3.56967,
10:02:33.131,1,-2.550133,1.225224,-3.56943,
10:02:33.214,1,-2.540549,1.225388,-3.581397,
10:02:33.348,1,-2.531286,1.225447,-3.580648,
10:02:33.431,1,-2.528053,1.225429,-3.580589,
10:02:33.564,1,-2.517948,1.225312,-3.591204,
10:02:33.698,1,-2.512741,1.225264,-3.593118,
10:02:33.848,1,-2.510529,1.22518,-3.588337,
10:02:33.932,1,-2.511041,1.225149,-3.588534,
10:02:34.015,1,-2.511529,1.225111,-3.589648,
10:02:34.098,1,-2.517233,1.22497,-3.59306,
10:02:34.182,1,-2.521987,1.224564,-3.59344,
10:02:34.265,1,-2.522587,1.224068,-3.594277,
10:02:34.348,1,-2.523303,1.22342,-3.59649,
10:02:34.432,1,-2.51737,1.222842,-3.599626,
10:02:34.515,1,-2.509905,1.222496,-3.600728,
10:02:34.598,1,-2.506056,1.222243,-3.599624,
10:02:34.682,1,-2.501759,1.219025,-3.597404,
10:02:34.765,1,-2.5005,1.216683,-3.596522,
10:02:34.848,1,-2.499404,1.216361,-3.595557,
10:02:34.981,1,-2.499786,1.218005,-3.594468,
10:02:35.148,1,-2.499555,1.218826,-3.594887,
10:02:35.231,1,-2.499174,1.219545,-3.596031,
10:02:35.364,1,-2.500326,1.219775,-3.606038,
10:02:35.448,1,-2.498945,1.21994,-3.611162,
10:02:35.581,1,-2.495761,1.220185,-3.62206,
10:02:35.665,1,-2.494761,1.220155,-3.631538,
10:02:35.748,1,-2.492657,1.219977,-3.644829,
10:02:35.881,1,-2.491935,1.219889,-3.649965,
10:02:36.032,1,-2.492364,1.219818,-3.650966,
10:02:36.115,1,-2.492635,1.219792,-3.651256,
10:02:36.198,1,-2.492897,1.219771,-3.651332,
10:02:36.282,1,-2.493143,1.219677,-3.651196,
10:02:36.365,1,-2.493311,1.219621,-3.650996,
10:02:36.448,1,-2.495028,1.219544,-3.650174,
10:02:36.532,1,-2.497194,1.2195,-3.649296,
10:02:36.615,1,-2.499187,1.219283,-3.648305,
10:02:36.698,1,-2.499695,1.219223,-3.64806,
10:02:36.782,1,-2.500731,1.219231,-3.647698,
10:02:36.865,1,-2.501066,1.216946,-3.647689,
10:02:36.948,1,-2.500483,1.216057,-3.647792,
10:02:37.033,1,-2.499829,1.216884,-3.647926,
10:02:37.114,1,-2.499108,1.217157,-3.648089,
10:02:37.248,1,-2.498383,1.217439,-3.648312,
10:02:37.382,1,-2.497938,1.217593,-3.648448,
10:02:37.465,1,-2.497777,1.217855,-3.648493,
10:02:37.548,1,-2.497546,1.218247,-3.648546,
10:02:37.681,1,-2.498259,1.218526,-3.648284,
10:02:37.765,1,-2.49925,1.218678,-3.647858,
10:02:37.848,1,-2.500553,1.218926,-3.647367,
10:02:37.981,1,-2.502376,1.219187,-3.646521,
10:02:38.065,1,-2.502974,1.219382,-3.646196,
10:02:38.148,1,-2.503514,1.219514,-3.645675,
10:02:38.281,1,-2.50415,1.219607,-3.644989,
10:02:38.365,1,-2.504335,1.219699,-3.644677,
10:02:38.448,1,-2.504662,1.219818,-3.644241,
10:02:38.581,1,-2.505539,1.219861,-3.643487,
10:02:38.732,1,-2.505907,1.219921,-3.642677,
10:02:38.815,1,-2.505886,1.219961,-3.642218,
10:02:38.898,1,-2.50595,1.219995,-3.642016,
10:02:38.982,1,-2.505898,1.220013,-3.641739,
10:02:39.065,1,-2.505881,1.219282,-3.64167,
10:02:39.148,1,-2.505813,1.219368,-3.641703,
10:02:39.232,1,-2.505726,1.218416,-3.641755,
10:02:39.315,1,-2.505554,1.218678,-3.641907,
10:02:39.398,1,-2.503814,1.218183,-3.64289,
10:02:39.482,1,-2.502344,1.216141,-3.64347,
10:02:39.565,1,-2.500718,1.216475,-3.644078,
10:02:39.648,1,-2.499331,1.216636,-3.644662,
10:02:39.781,1,-2.497869,1.21675,-3.644987,
10:02:39.865,1,-2.497581,1.216746,-3.644952,
10:02:39.948,1,-2.49749,1.214796,-3.644917,
10:02:40.081,1,-2.497416,1.214972,-3.644813,
10:02:40.231,1,-2.497407,1.215625,-3.644604,
10:02:40.315,1,-2.497431,1.215265,-3.64447,
10:02:40.398,1,-2.497446,1.215534,-3.644422,
10:02:40.482,1,-2.497463,1.215771,-3.644389,
10:02:40.565,1,-2.497479,1.215751,-3.644361,
10:02:40.648,1,-2.497506,1.215813,-3.644313,
10:02:40.732,1,-2.497497,1.215789,-3.644291,
10:02:40.815,1,-2.497468,1.215817,-3.644257,
10:02:40.898,1,-2.497443,1.215798,-3.644235,
10:02:40.982,1,-2.497413,1.215727,-3.644248,
10:02:41.065,1,-2.497352,1.21451,-3.644294,
10:02:41.148,1,-2.497235,1.213392,-3.644361,
10:02:41.281,1,-2.496632,1.212553,-3.644603,
10:02:41.414,1,-2.496195,1.212005,-3.644977,
10:02:41.548,1,-2.495609,1.211501,-3.645757,
10:02:41.632,1,-2.495321,1.211921,-3.646107,
10:02:41.715,1,-2.495015,1.212304,-3.646658,
10:02:41.798,1,-2.494866,1.212431,-3.646963,
10:02:41.882,1,-2.494709,1.212591,-3.647217,
10:02:41.965,1,-2.494666,1.212562,-3.647384,
10:02:42.048,1,-2.494568,1.212965,-3.647595,
10:02:42.181,1,-2.494507,1.21307,-3.647793,
10:02:42.265,1,-2.494461,1.212877,-3.647894,
10:02:42.348,1,-2.494439,1.212386,-3.647976,
10:02:42.481,1,-2.494425,1.212565,-3.648115,
10:02:42.565,1,-2.494421,1.21277,-3.648137,
10:02:42.648,1,-2.494426,1.212523,-3.648202,
10:02:42.781,1,-2.49443,1.212906,-3.648236,
10:02:42.865,1,-2.494437,1.212924,-3.648247,
10:02:42.948,1,-2.494414,1.213026,-3.648289,
10:02:43.081,1,-2.494381,1.212668,-3.648298,
10:02:43.165,1,-2.494363,1.212873,-3.648299,
10:02:43.248,1,-2.494478,1.212969,-3.648212,
10:02:43.381,1,-2.494394,1.212659,-3.648173,
10:02:43.514,1,-2.494318,1.211938,-3.648147,
10:02:43.648,1,-2.494236,1.212158,-3.648093,
10:02:43.781,1,-2.494099,1.212252,-3.648065,
10:02:43.931,1,-2.494147,1.212256,-3.647891,
10:02:44.065,1,-2.494089,1.212311,-3.647955,
10:02:44.148,1,-2.494037,1.212341,-3.648017,
10:02:44.281,1,-2.49394,1.212373,-3.648102,
10:02:44.432,1,-2.493915,1.212358,-3.648137,
10:02:44.515,1,-2.493862,1.212391,-3.648169,
10:02:44.598,1,-2.493846,1.212428,-3.648167,
10:02:44.682,1,-2.493839,1.212455,-3.648168,
10:02:44.765,1,-2.493833,1.212485,-3.648157,
10:02:44.848,1,-2.493809,1.212511,-3.648134,
10:02:44.932,1,-2.493723,1.212549,-3.648074,
10:02:45.015,1,-2.493594,1.212599,-3.64801,
10:02:45.098,1,-2.493521,1.212587,-3.647951,
10:02:45.182,1,-2.493346,1.212602,-3.647862,
10:02:45.265,1,-2.49321,1.212588,-3.647795,
10:02:45.348,1,-2.493118,1.212715,-3.647726,
10:02:45.481,1,-2.493048,1.212942,-3.647689,
10:02:45.565,1,-2.493047,1.213348,-3.647698,
10:02:45.648,1,-2.493069,1.213745,-3.647767,
10:02:45.781,1,-2.4931,1.213839,-3.647931,
10:02:45.865,1,-2.49314,1.214218,-3.648005,
10:02:45.949,1,-2.493196,1.218665,-3.648057,
10:02:46.081,1,-2.493218,1.219534,-3.648098,
10:02:46.165,1,-2.493222,1.222257,-3.648076,
10:02:46.248,1,-2.493234,1.22318,-3.64803,
10:02:46.381,1,-2.493226,1.224723,-3.647857,
10:02:46.532,1,-2.493227,1.229017,-3.647536,
10:02:46.615,1,-2.493122,1.228046,-3.646963,
10:02:46.698,1,-2.493185,1.230908,-3.646414,
10:02:46.782,1,-2.493722,1.230553,-3.642422,
10:02:46.865,1,-2.493746,1.230842,-3.637692,
10:02:46.948,1,-2.483975,1.231074,-3.61383,
10:02:47.032,1,-2.455905,1.230991,-3.573583,
10:02:47.115,1,-2.408874,1.230891,-3.500968,
10:02:47.199,1,-2.374539,1.230683,-3.460072,
10:02:47.283,1,-2.272313,1.230482,-3.351417,
10:02:47.365,1,-2.24683,1.230105,-3.306274,
10:02:47.448,1,-2.228164,1.203107,-3.24616,
10:02:47.581,1,-2.264081,1.2007,-3.184533,
10:02:47.714,1,-2.277444,1.20213,-3.078234,
10:02:47.799,1,-2.280588,1.203845,-3.052609,
10:02:47.882,1,-2.317331,1.205035,-3.02974,
10:02:47.965,1,-2.356494,1.205724,-3.085808,
10:02:48.048,1,-2.360742,1.205944,-3.069403,
10:02:48.182,1,-2.351131,1.206148,-3.054252,
10:02:48.265,1,-2.340902,1.205784,-3.047102,
10:02:48.348,1,-2.316924,1.20674,-3.038327,
10:02:48.482,1,-2.278374,1.206714,-3.024168,
10:02:48.565,1,-2.261751,1.20573,-3.021081,
10:02:48.648,1,-2.233114,1.205884,-3.020144,
10:02:48.781,1,-2.218984,1.208375,-3.020533,
10:02:48.914,1,-2.214437,1.208302,-2.985662,
10:02:49.048,1,-2.215161,1.208194,-2.961681,
10:02:49.181,1,-2.23717,1.207915,-2.948925,
10:02:49.314,1,-2.250532,1.207817,-2.919197,
10:02:49.465,1,-2.278024,1.20939,-2.91859,
10:02:49.548,1,-2.288949,1.209388,-2.931036,
10:02:49.681,1,-2.311854,1.208977,-2.963996,
10:02:49.814,1,-2.335785,1.208826,-2.997439,
10:02:49.948,1,-2.353592,1.207794,-3.01956,
10:02:50.032,1,-2.359533,1.20692,-3.026534,
10:02:50.115,1,-2.367265,1.206481,-3.033188,
10:02:50.199,1,-2.376055,1.210665,-3.039404,
10:02:50.282,1,-2.38279,1.210978,-3.042202,
10:02:50.365,1,-2.386721,1.211447,-3.043413,
10:02:50.448,1,-2.399434,1.214492,-3.049878,
10:02:50.581,1,-2.414376,1.215124,-3.062107,
10:02:50.665,1,-2.415686,1.215847,-3.066236,
10:02:50.748,1,-2.417138,1.218216,-3.071212,
10:02:50.881,1,-2.416836,1.219372,-3.071665,
10:02:50.965,1,-2.415942,1.222885,-3.072921,
10:02:51.048,1,-2.414568,1.224371,-3.069507,
10:02:51.181,1,-2.411681,1.224581,-3.065078,
10:02:51.331,1,-2.406165,1.226068,-3.068418,
10:02:51.415,1,-2.39503,1.227002,-3.070135,
10:02:51.499,1,-2.380474,1.227834,-3.067459,
10:02:51.582,1,-2.378135,1.22749,-3.068542,
10:02:51.665,1,-2.37708,1.227559,-3.069072,
10:02:51.749,1,-2.375549,1.227423,-3.069656,
10:02:51.832,1,-2.37489,1.22729,-3.069933,
10:02:51.915,1,-2.371464,1.227207,-3.064465,
10:02:51.998,1,-2.370213,1.226481,-3.062913,
10:02:52.082,1,-2.368956,1.225477,-3.06246,
10:02:52.165,1,-2.374884,1.22335,-3.055533,
10:02:52.248,1,-2.372284,1.222459,-3.037292,
10:02:52.381,1,-2.37068,1.221644,-3.037178,
10:02:52.514,1,-2.367217,1.221371,-3.033364,
10:02:52.648,1,-2.366645,1.218889,-3.04908,
10:02:52.781,1,-2.365069,1.217311,-3.06223,
10:02:52.915,1,-2.36284,1.21694,-3.036199,
10:02:53.015,1,-2.347247,1.216888,-3.003677,
10:02:53.098,1,-2.341053,1.216797,-2.997995,
10:02:53.231,1,-2.323889,1.216708,-3.005449,
10:02:53.382,1,-2.317898,1.216718,-2.985444,
10:02:53.465,1,-2.313539,1.216577,-2.968814,
10:02:53.549,1,-2.310935,1.216552,-2.9386,
10:02:53.632,1,-2.314097,1.216325,-2.921343,
10:02:53.715,1,-2.317139,1.216213,-2.899643,
10:02:53.798,1,-2.322201,1.215997,-2.888455,
10:02:53.882,1,-2.32372,1.216041,-2.878563,
10:02:53.965,1,-2.322607,1.216257,-2.87745,
10:02:54.049,1,-2.327157,1.216429,-2.902482,
10:02:54.181,1,-2.326494,1.216399,-2.932297,
10:02:54.265,1,-2.321144,1.216559,-2.946918,
10:02:54.349,1,-2.316852,1.216645,-2.958841,
10:02:54.481,1,-2.302828,1.216706,-2.991208,
10:02:54.614,1,-2.298885,1.216802,-2.994356,
10:02:54.748,1,-2.300953,1.216996,-2.988895,
10:02:54.881,1,-2.302966,1.217187,-2.999801,
10:02:55.014,1,-2.299638,1.217673,-2.998383,
10:02:55.098,1,-2.299545,1.217697,-2.99637,
10:02:55.183,1,-2.300254,1.218156,-2.994658,
10:02:55.265,1,-2.301842,1.218594,-2.992221,
10:02:55.348,1,-2.304097,1.218831,-2.991054,
10:02:55.432,1,-2.304904,1.219049,-2.988232,
10:02:55.515,1,-2.307433,1.219398,-2.981845,
10:02:55.599,1,-2.308449,1.220267,-2.976354,
10:02:55.682,1,-2.308723,1.220674,-2.967168,
10:02:55.765,1,-2.309366,1.220829,-2.961912,
10:02:55.849,1,-2.309063,1.220891,-2.957548,
10:02:55.981,1,-2.314148,1.220684,-2.96839,
10:02:56.065,1,-2.316759,1.220624,-2.967184,
10:02:56.148,1,-2.320931,1.220646,-2.96442,
10:02:56.281,1,-2.325374,1.2205,-2.958771,
10:02:56.414,1,-2.338815,1.220178,-2.942754,
10:02:56.548,1,-2.354209,1.219465,-2.930902,
10:02:56.698,1,-2.375947,1.218701,-2.919183,
10:02:56.831,1,-2.405106,1.217814,-2.9093,
10:02:56.964,1,-2.432918,1.216894,-2.902757,
10:02:57.115,1,-2.449745,1.215717,-2.899081,
10:02:57.198,1,-2.462721,1.215351,-2.900491,
10:02:57.282,1,-2.472042,1.215243,-2.901926,
10:02:57.365,1,-2.482433,1.215154,-2.900739,
10:02:57.448,1,-2.487163,1.214992,-2.90042,
10:02:57.532,1,-2.488676,1.214833,-2.90079,
10:02:57.615,1,-2.491445,1.214746,-2.900553,
10:02:57.699,1,-2.492376,1.21472,-2.899696,
10:02:57.782,1,-2.493626,1.214659,-2.898832,
10:02:57.865,1,-2.494527,1.214575,-2.898595,
10:02:57.950,1,-2.491908,1.214501,-2.898571,
10:02:58.032,1,-2.489913,1.214429,-2.899089,
10:02:58.165,1,-2.486519,1.214378,-2.899706,
10:02:58.249,1,-2.482638,1.214343,-2.900671,
10:02:58.332,1,-2.479749,1.214312,-2.901087,
10:02:58.465,1,-2.474028,1.214122,-2.904919,
10:02:58.549,1,-2.471222,1.213493,-2.906737,
10:02:58.632,1,-2.46717,1.212933,-2.911041,
10:02:58.765,1,-2.462553,1.212487,-2.916344,
10:02:58.848,1,-2.458692,1.212352,-2.919171,
10:02:58.932,1,-2.454533,1.212079,-2.922397,
10:02:59.065,1,-2.448169,1.211908,-2.926531,
10:02:59.149,1,-2.439649,1.211782,-2.930653,
10:02:59.281,1,-2.420962,1.211771,-2.937462,
10:02:59.414,1,-2.388233,1.211714,-2.946437,
10:02:59.548,1,-2.342005,1.211714,-2.958616,
10:02:59.632,1,-2.314842,1.211665,-2.964244,
10:02:59.715,1,-2.269911,1.21165,-2.950853,
10:02:59.799,1,-2.257238,1.211714,-2.95039,
10:02:59.882,1,-2.233181,1.211719,-2.960052,
10:02:59.965,1,-2.216975,1.211736,-2.968432,
10:03:00.048,1,-2.200714,1.211716,-2.977163,
10:03:00.181,1,-2.176021,1.211698,-2.992325,
10:03:00.315,1,-2.161159,1.211734,-3.001797,
10:03:00.399,1,-2.154206,1.211708,-3.006734,
10:03:00.482,1,-2.142214,1.211702,-3.010622,
10:03:00.565,1,-2.137673,1.211616,-3.012838,
10:03:00.649,1,-2.131682,1.211607,-3.014598,
10:03:00.781,1,-2.127289,1.211645,-3.015072,
10:03:00.915,1,-2.125811,1.211623,-3.015481,
10:03:00.999,1,-2.125396,1.211731,-3.015472,
10:03:01.082,1,-2.124565,1.211439,-3.014748,
10:03:01.165,1,-2.124135,1.211527,-3.014336,
10:03:01.249,1,-2.124069,1.211626,-3.014014,
10:03:01.381,1,-2.120583,1.211758,-3.012154,
10:03:01.465,1,-2.119502,1.211798,-3.011817,
10:03:01.549,1,-2.117966,1.211868,-3.011567,
10:03:01.681,1,-2.115182,1.211873,-3.011394,
10:03:01.832,1,-2.112545,1.211881,-3.010647,
10:03:01.915,1,-2.109767,1.211871,-3.007581,
10:03:01.999,1,-2.108935,1.211849,-3.005208,
10:03:02.082,1,-2.104765,1.211836,-2.992309,
10:03:02.165,1,-2.1057,1.211818,-2.983264,
10:03:02.249,1,-2.109516,1.211791,-2.979749,
10:03:02.332,1,-2.115111,1.211684,-2.957727,
10:03:02.415,1,-2.122595,1.21165,-2.921555,
10:03:02.498,1,-2.126069,1.211651,-2.896831,
10:03:02.582,1,-2.150173,1.211652,-2.82665,
10:03:02.665,1,-2.155485,1.21166,-2.807218,
10:03:02.749,1,-2.171756,1.211709,-2.741893,
10:03:02.882,1,-2.17917,1.211878,-2.690633,
10:03:02.966,1,-2.178271,1.211956,-2.663504,
10:03:02.966,2,-3.022316,1.212008,-2.84329,
10:03:03.049,1,-2.178103,1.212074,-2.638975,
10:03:03.049,2,-3.027064,1.212071,-2.826869,
10:03:03.132,1,-2.178501,1.21213,-2.618533,
10:03:03.132,2,-3.024127,1.212381,-2.81721,
10:03:03.265,1,-2.178422,1.212806,-2.590972,
10:03:03.265,2,-3.010631,1.213541,-2.761131,
10:03:03.349,1,-2.171277,1.213851,-2.563747,
10:03:03.349,2,-3.004506,1.213974,-2.728141,
10:03:03.499,1,-2.158898,1.213647,-2.526508,
10:03:03.499,2,-3.008063,1.212408,-2.664688,
10:03:03.581,1,-2.136267,1.207804,-2.493756,
10:03:03.582,2,-3.007761,1.195743,-2.6196,
10:03:03.715,1,-2.101923,1.193822,-2.453148,
10:03:03.715,2,-3.006522,1.136494,-2.564587,
10:03:03.799,1,-2.084159,1.12664,-2.434316,
10:03:03.799,2,-3.005294,1.126567,-2.544085,
10:03:03.882,1,-2.050509,1.198415,-2.372656,
10:03:03.882,2,-3.00146,1.291445,-2.51601,
10:03:03.965,1,-2.046791,1.333742,-2.374232,
10:03:03.966,2,-2.993172,1.444392,-2.494785,
10:03:04.048,1,-2.028408,1.485351,-2.357474,
10:03:04.048,2,-2.980371,1.546206,-2.46649,
10:03:04.132,1,-2.015306,1.608908,-2.339855,
10:03:04.133,2,-2.96758,1.627618,-2.444764,
10:03:04.215,1,-1.999085,1.64533,-2.318358,
10:03:04.216,2,-2.947291,1.659784,-2.414209,
10:03:04.299,1,-1.995786,1.659268,-2.312567,
10:03:04.299,2,-2.924556,1.65725,-2.390695,
10:03:04.382,1,-1.984045,1.657517,-2.28306,
10:03:04.382,2,-2.891947,1.642002,-2.354885,
10:03:04.465,1,-1.982331,1.623106,-2.269749,
10:03:04.466,2,-2.873229,1.622959,-2.333852,
10:03:04.549,1,-1.983774,1.623787,-2.244588,
10:03:04.549,2,-2.849468,1.614113,-2.294012,
10:03:04.632,1,-1.988043,1.608306,-2.22551,
10:03:04.632,2,-2.834822,1.602805,-2.277582,
10:03:04.715,1,-1.995709,1.597572,-2.199365,
10:03:04.716,2,-2.824342,1.596058,-2.264729,
10:03:04.798,1,-2.009051,1.596487,-2.169216,
10:03:04.798,2,-2.814108,1.593267,-2.24765,
10:03:04.882,1,-2.030184,1.59314,-2.117017,
10:03:04.882,2,-2.810056,1.59427,-2.226504,
10:03:04.965,1,-2.050965,1.594235,-2.081238,
10:03:04.966,2,-2.808874,1.594974,-2.214829,
10:03:05.048,1,-2.078403,1.590967,-2.033797,
10:03:05.048,2,-2.809366,1.589322,-2.199709,
10:03:05.132,1,-2.087592,1.586668,-2.002252,
10:03:05.133,2,-2.811935,1.586294,-2.190969,
10:03:05.215,1,-2.09871,1.586304,-1.968005,
10:03:05.216,2,-2.815559,1.583238,-2.175652,
10:03:05.299,1,-2.106951,1.578195,-1.939055,
10:03:05.299,2,-2.819046,1.574872,-2.165723,
10:03:05.382,1,-2.112923,1.581054,-1.922908,
10:03:05.382,2,-2.82215,1.58575,-2.153377,
10:03:05.465,1,-2.118216,1.586193,-1.90554,
10:03:05.465,2,-2.819756,1.586307,-2.14213,
10:03:05.549,1,-2.122404,1.586722,-1.879922,
10:03:05.549,2,-2.81785,1.587599,-2.130974,
10:03:05.632,1,-2.119665,1.599405,-1.867048,
10:03:05.632,2,-2.816628,1.601673,-2.124742,
10:03:05.715,1,-2.112986,1.603149,-1.852431,
10:03:05.715,2,-2.817667,1.595017,-2.118517,
10:03:05.799,1,-2.110783,1.566917,-1.849147,
10:03:05.799,2,-2.819963,1.567422,-2.116201,
10:03:05.882,1,-2.098521,1.566323,-1.832363,
10:03:05.882,2,-2.823433,1.5702,-2.114534,
10:03:05.965,1,-2.089189,1.574714,-1.828104,
10:03:05.966,2,-2.824966,1.580394,-2.114884,
10:03:06.049,1,-2.07634,1.578912,-1.818426,
10:03:06.049,2,-2.82978,1.576311,-2.119525,
10:03:06.181,1,-2.057715,1.610544,-1.808533,
10:03:06.182,2,-2.836057,1.613498,-2.124855,
10:03:06.315,1,-2.03719,1.611589,-1.807623,
10:03:06.315,2,-2.837583,1.607527,-2.1307,
10:03:06.448,1,-2.022017,1.610401,-1.807001,
10:03:06.448,2,-2.840473,1.610242,-2.132979,
10:03:06.532,1,-2.014117,1.610589,-1.808226,
10:03:06.532,2,-2.841967,1.611611,-2.134091,
10:03:06.615,1,-2.008151,1.613021,-1.808836,training_touch
10:03:06.615,2,-2.839471,1.6076,-2.138209,training_touch
10:03:06.699,1,-2.000846,1.616032,-1.808173,training_touch
10:03:06.699,2,-2.839597,1.62016,-2.138124,training_touch
10:03:06.782,1,-1.992964,1.628942,-1.806351,training_touch
10:03:06.782,2,-2.839464,1.632345,-2.137271,training_touch
10:03:06.865,1,-1.98846,1.617775,-1.805804,training_touch
10:03:06.866,2,-2.838719,1.57764,-2.13721,training_touch
10:03:06.949,1,-1.98415,1.556238,-1.805857,training_touch
10:03:06.949,2,-2.837241,1.505543,-2.137564,training_touch
10:03:07.032,1,-1.980469,1.504302,-1.804324,training_touch
10:03:07.032,2,-2.837021,1.503416,-2.137121,training_touch
10:03:07.116,1,-1.975883,1.504188,-1.804689,training_touch
10:03:07.116,2,-2.836534,1.504963,-2.137005,training_touch
10:03:07.198,1,-1.970516,1.505187,-1.80568,training_touch
10:03:07.198,2,-2.836159,1.50569,-2.135925,training_touch
10:03:07.282,1,-1.968311,1.505715,-1.805381,training_touch
10:03:07.282,2,-2.835683,1.505008,-2.134588,training_touch
10:03:07.365,1,-1.966362,1.504987,-1.80641,training_touch
10:03:07.366,2,-2.835277,1.504193,-2.133174,training_touch
10:03:07.448,1,-1.964132,1.523576,-1.809237,training_touch
10:03:07.448,2,-2.835106,1.526,-2.131175,training_touch
10:03:07.532,1,-1.962986,1.531422,-1.810661,training_touch
10:03:07.532,2,-2.833802,1.537239,-2.131187,training_touch
10:03:07.615,1,-1.961707,1.541233,-1.812442,training_touch
10:03:07.615,2,-2.832243,1.542743,-2.129376,training_touch
10:03:07.699,1,-1.959119,1.544002,-1.813006,training_touch
10:03:07.699,2,-2.832436,1.545826,-2.128205,training_touch
10:03:07.781,1,-1.956245,1.546601,-1.815208,training_touch
10:03:07.782,2,-2.831169,1.544836,-2.127595,training_touch
10:03:07.915,1,-1.95186,1.54348,-1.815461,training_touch
10:03:07.915,2,-2.830247,1.543896,-2.125031,training_touch
10:03:07.999,1,-1.950098,1.54529,-1.81445,training_touch
10:03:07.999,2,-2.829729,1.545126,-2.126,training_touch
10:03:08.082,1,-1.946107,1.544511,-1.813754,training_touch
10:03:08.082,2,-2.828948,1.543496,-2.12603,training_touch
10:03:08.165,1,-1.943768,1.542959,-1.813021,training_touch
10:03:08.166,2,-2.828324,1.54202,-2.126704,training_touch
10:03:08.248,1,-1.940696,1.541306,-1.812346,training_touch
10:03:08.249,2,-2.828104,1.540776,-2.125981,training_touch
10:03:08.332,1,-1.93871,1.540382,-1.811675,training_touch
10:03:08.333,2,-2.82743,1.540055,-2.127553,training_touch
10:03:08.415,1,-1.935352,1.539718,-1.809639,training_touch
10:03:08.416,2,-2.827708,1.539841,-2.126633,training_touch
10:03:08.499,1,-1.93103,1.538791,-1.808538,training_touch
10:03:08.499,2,-2.82759,1.538712,-2.127599,training_touch
10:03:08.582,1,-1.921863,1.538569,-1.805898,training_touch
10:03:08.582,2,-2.827402,1.538248,-2.126973,training_touch
10:03:08.665,1,-1.919307,1.538172,-1.804716,training_touch
10:03:08.666,2,-2.827032,1.537401,-2.128419,training_touch
10:03:08.749,1,-1.914115,1.536893,-1.801446,training_touch
10:03:08.749,2,-2.827899,1.536653,-2.127176,training_touch
10:03:08.832,1,-1.91212,1.535994,-1.798804,training_touch
10:03:08.832,2,-2.827916,1.534858,-2.127634,training_touch
10:03:08.965,1,-1.909682,1.533822,-1.795677,training_touch
10:03:08.965,2,-2.827747,1.535048,-2.127973,training_touch
10:03:09.049,1,-1.907526,1.510679,-1.792649,training_touch
10:03:09.049,2,-2.827869,1.503281,-2.125294,training_touch
10:03:09.132,1,-1.90759,1.498297,-1.784838,training_touch
10:03:09.132,2,-2.828521,1.497843,-2.122579,training_touch
10:03:09.216,1,-1.904302,1.497916,-1.764387,training_touch
10:03:09.216,2,-2.828887,1.498257,-2.122149,training_touch
10:03:09.298,1,-1.902876,1.497848,-1.7383,training_touch
10:03:09.298,2,-2.829204,1.496431,-2.121443,training_touch
10:03:09.432,1,-1.911853,1.495886,-1.682491,training_touch
10:03:09.432,2,-2.829031,1.495488,-2.120575,training_touch
10:03:09.515,1,-1.920302,1.495617,-1.640733,training_touch
10:03:09.516,2,-2.829153,1.494462,-2.120256,training_touch
10:03:09.598,1,-1.933068,1.493292,-1.581592,training_touch
10:03:09.598,2,-2.829303,1.492994,-2.119511,training_touch
10:03:09.682,1,-1.951534,1.493798,-1.50012,training_touch
10:03:09.682,2,-2.82996,1.494544,-2.118978,training_touch
10:03:09.815,1,-1.96428,1.495007,-1.421639,training_touch
10:03:09.815,2,-2.830526,1.496694,-2.118638,training_touch
10:03:09.898,1,-1.966765,1.497276,-1.375714,training_touch
10:03:09.898,2,-2.83173,1.497977,-2.117999,training_touch
10:03:10.032,1,-1.97199,1.49865,-1.320305,training_touch
10:03:10.032,2,-2.837215,1.498607,-2.114342,training_touch
10:03:10.115,1,-1.963348,1.497857,-1.284321,training_touch
10:03:10.115,2,-2.842244,1.497155,-2.111613,training_touch
10:03:10.198,1,-1.960491,1.496136,-1.23006,training_touch
10:03:10.199,2,-2.853252,1.496289,-2.101786,training_touch
10:03:10.282,1,-1.94447,1.4959,-1.18217,training_touch
10:03:10.282,2,-2.863438,1.526209,-2.092014,training_touch
10:03:10.366,1,-1.925798,1.526539,-1.150487,training_touch
10:03:10.366,2,-2.872364,1.524579,-2.082507,training_touch
10:03:10.449,1,-1.89919,1.524345,-1.097195,training_touch
10:03:10.449,2,-2.883833,1.525866,-2.06663,training_touch
10:03:10.532,1,-1.892971,1.531538,-1.082265,training_touch
10:03:10.532,2,-2.889796,1.531201,-2.057838,training_touch
10:03:10.615,1,-1.868691,1.529443,-1.048222,training_touch
10:03:10.615,2,-2.89644,1.466433,-2.040665,training_touch
10:03:10.699,1,-1.8567,1.528817,-1.028206,training_touch
10:03:10.699,2,-2.900797,1.466636,-2.026163,training_touch
10:03:10.782,1,-1.850087,1.526017,-1.000168,training_touch
10:03:10.782,2,-2.903442,1.463969,-2.004492,training_touch
10:03:10.865,1,-1.848712,1.521768,-0.98868,training_touch
10:03:10.866,2,-2.902906,1.460799,-1.989579,training_touch
10:03:10.948,1,-1.842878,1.519784,-0.959773,training_touch
10:03:10.949,2,-2.902226,1.479046,-1.952542,training_touch
10:03:11.032,1,-1.84535,1.514104,-0.942098,training_touch
10:03:11.033,2,-2.897343,1.479593,-1.923732,training_touch
10:03:11.115,1,-1.84878,1.507278,-0.921038,training_touch
10:03:11.116,2,-2.892585,1.47713,-1.873805,training_touch
10:03:11.199,1,-1.851633,1.504413,-0.907418,training_touch
10:03:11.199,2,-2.887977,1.475614,-1.840894,training_touch
10:03:11.282,1,-1.854411,1.504553,-0.886349,training_touch
10:03:11.282,2,-2.887017,1.475144,-1.793463,training_touch
10:03:11.365,1,-1.858492,1.513252,-0.874059,training_touch
10:03:11.366,2,-2.88932,1.476507,-1.759866,training_touch
10:03:11.448,1,-1.860007,1.51266,-0.86664,training_touch
10:03:11.448,2,-2.902726,1.474761,-1.717187,training_touch
10:03:11.532,1,-1.861547,1.513627,-0.858823,training_touch
10:03:11.532,2,-2.914119,1.469385,-1.689069,training_touch
10:03:11.615,1,-1.861402,1.514713,-0.853498,training_touch
10:03:11.616,2,-2.934378,1.466442,-1.659805,training_touch
10:03:11.698,1,-1.863716,1.513346,-0.845601,training_touch
10:03:11.698,2,-2.967474,1.456171,-1.617994,training_touch
10:03:11.832,1,-1.866311,1.512803,-0.842166,training_touch
10:03:11.832,2,-3.039815,1.451983,-1.568052,training_touch
10:03:11.982,1,-1.869827,1.512169,-0.836719,training_touch
10:03:11.982,2,-3.138759,1.445898,-1.510386,training_touch
10:03:12.065,1,-1.873342,1.511751,-0.835426,training_touch
10:03:12.066,2,-3.210302,1.445794,-1.473829,training_touch
10:03:12.149,1,-1.873902,1.509379,-0.834863,training_touch
10:03:12.149,2,-3.277213,1.434241,-1.437556,training_touch
10:03:12.232,1,-1.873643,1.508829,-0.83428,training_touch
10:03:12.233,2,-3.314449,1.43552,-1.407313,training_touch
10:03:12.316,1,-1.874548,1.509546,-0.833438,training_touch
10:03:12.316,2,-3.359673,1.438025,-1.372866,training_touch
10:03:12.399,1,-1.874636,1.503652,-0.833165,training_touch
10:03:12.399,2,-3.392867,1.4416,-1.341834,training_touch
10:03:12.482,1,-1.876937,1.500567,-0.833612,training_touch
10:03:12.482,2,-3.432762,1.442267,-1.288903,training_touch
10:03:12.565,1,-1.877091,1.495968,-0.834105,training_touch
10:03:12.566,2,-3.458499,1.442911,-1.263793,training_touch
10:03:12.649,1,-1.877473,1.498176,-0.833978,training_touch
10:03:12.649,2,-3.508217,1.442294,-1.203204,training_touch
10:03:12.732,1,-1.878168,1.502957,-0.833751,training_touch
10:03:12.733,2,-3.543821,1.442212,-1.154697,training_touch
10:03:12.865,1,-1.881242,1.500084,-0.834539,training_touch
10:03:12.865,2,-3.595669,1.440597,-1.070869,training_touch
10:03:12.949,1,-1.881973,1.499791,-0.834533,training_touch
10:03:12.949,2,-3.612109,1.437016,-1.034815,training_touch
10:03:13.032,1,-1.882527,1.49881,-0.833951,training_touch
10:03:13.033,2,-3.653795,1.435699,-0.984584,training_touch
10:03:13.165,1,-1.882555,1.494482,-0.833525,training_touch
10:03:13.165,2,-3.697231,1.43581,-0.927851,training_touch
10:03:13.249,1,-1.882122,1.49621,-0.83301,training_touch
10:03:13.249,2,-3.712363,1.438278,-0.908528,training_touch
10:03:13.332,1,-1.883502,1.499467,-0.83094,training_touch
10:03:13.332,2,-3.771006,1.441267,-0.861471,training_touch
10:03:13.482,1,-1.882573,1.498834,-0.830495,training_touch
10:03:13.482,2,-3.841816,1.441193,-0.800895,training_touch
10:03:13.565,1,-1.882501,1.496501,-0.830074,training_touch
10:03:13.566,2,-3.892678,1.440492,-0.757,training_touch
10:03:13.649,1,-1.886335,1.492859,-0.830786,training_touch
10:03:13.649,2,-3.947194,1.437494,-0.71989,training_touch
10:03:13.732,1,-1.886026,1.490791,-0.829723,training_touch
10:03:13.732,2,-3.965167,1.437467,-0.710663,training_touch
10:03:13.815,1,-1.886746,1.492879,-0.829048,training_touch
10:03:13.816,2,-3.994823,1.437302,-0.68739,training_touch
10:03:13.899,1,-1.886423,1.496867,-0.828201,training_touch
10:03:13.899,2,-4.003464,1.435638,-0.67666,training_touch
10:03:13.982,1,-1.888126,1.497152,-0.828946,training_touch
10:03:13.982,2,-4.018598,1.437573,-0.667379,training_touch
10:03:14.066,1,-1.887763,1.492228,-0.828281,training_touch
10:03:14.066,2,-4.034046,1.437293,-0.658862,training_touch
10:03:14.149,1,-1.889794,1.494105,-0.828776,training_touch
10:03:14.149,2,-4.03621,1.43669,-0.649109,training_touch
10:03:14.281,1,-1.888102,1.491709,-0.8274,training_touch
10:03:14.282,2,-4.054179,1.436681,-0.650274,training_touch
10:03:14.366,1,-1.88796,1.491735,-0.827361,training_touch
10:03:14.366,2,-4.055402,1.436347,-0.645745,training_touch
10:03:14.448,1,-1.888057,1.490656,-0.827435,training_touch
10:03:14.449,2,-4.052109,1.435602,-0.645661,training_touch
10:03:14.532,1,-1.888594,1.489145,-0.828127,training_touch
10:03:14.532,2,-4.0539,1.435513,-0.64504,training_touch
10:03:14.615,1,-1.889778,1.488487,-0.827975,training_touch
10:03:14.616,2,-4.053636,1.434966,-0.643487,training_touch
10:03:14.699,1,-1.890605,1.489449,-0.82801,training_touch
10:03:14.699,2,-4.053451,1.434255,-0.643096,training_touch
10:03:14.782,1,-1.891262,1.488796,-0.827883,training_touch
10:03:14.782,2,-4.052373,1.434073,-0.642309,training_touch
10:03:14.865,1,-1.893385,1.489071,-0.828381,training_touch
10:03:14.866,2,-4.051343,1.432815,-0.640713,training_touch
10:03:14.948,1,-1.891323,1.488575,-0.828769,training_touch
10:03:14.949,2,-4.051683,1.431676,-0.641492,training_touch
10:03:15.032,1,-1.89035,1.488149,-0.829005,training_touch
10:03:15.033,2,-4.051089,1.431324,-0.641636,training_touch
10:03:15.115,1,-1.890839,1.4906,-0.827909,training_touch
10:03:15.115,2,-4.052881,1.430344,-0.6426,training_touch
10:03:15.199,1,-1.891271,1.492647,-0.828633,training_touch
10:03:15.199,2,-4.053534,1.43031,-0.642914,training_touch
10:03:15.282,1,-1.890059,1.492535,-0.828471,training_touch
10:03:15.282,2,-4.054008,1.42965,-0.643757,training_touch
10:03:15.365,1,-1.890666,1.491483,-0.829405,training_touch
10:03:15.366,2,-4.053926,1.429126,-0.642887,training_touch
10:03:15.448,1,-1.890491,1.492751,-0.829405,training_touch
10:03:15.448,2,-4.052097,1.42884,-0.642751,training_touch
10:03:15.532,1,-1.891049,1.494714,-0.829751,training_touch
10:03:15.533,2,-4.052305,1.42858,-0.642659,training_touch
10:03:15.615,1,-1.889789,1.493608,-0.829537,training_touch
10:03:15.615,2,-4.05002,1.428626,-0.641286,training_touch
10:03:15.699,1,-1.891095,1.494796,-0.829832,training_touch
10:03:15.699,2,-4.048941,1.428907,-0.640287,training_touch
10:03:15.782,1,-1.889993,1.494982,-0.830301,training_touch
10:03:15.782,2,-4.051091,1.429453,-0.639548,training_touch
10:03:15.866,1,-1.889189,1.491335,-0.830171,training_touch
10:03:15.866,2,-4.050956,1.429362,-0.639267,training_touch
10:03:15.949,1,-1.89013,1.49081,-0.830691,training_touch
10:03:15.949,2,-4.049876,1.429729,-0.637064,training_touch
10:03:16.032,1,-1.890033,1.485613,-0.831082,training_touch
10:03:16.032,2,-4.045676,1.429347,-0.639313,training_touch
10:03:16.116,1,-1.889697,1.482003,-0.831397,training_touch
10:03:16.116,2,-4.051386,1.429449,-0.633902,training_touch
10:03:16.198,1,-1.890567,1.48396,-0.831382,training_touch
10:03:16.199,2,-4.050156,1.42913,-0.636288,training_touch
10:03:16.282,1,-1.890994,1.482793,-0.831651,training_touch
10:03:16.282,2,-4.048716,1.42946,-0.6371,training_touch
10:03:16.416,1,-1.890199,1.485282,-0.832049,training_touch
10:03:16.416,2,-4.04626,1.428864,-0.636149,training_touch
10:03:16.565,1,-1.889205,1.486849,-0.831751,training_touch
10:03:16.565,2,-4.048422,1.428964,-0.636646,training_touch
10:03:16.649,1,-1.889553,1.485932,-0.833549,training_touch
10:03:16.649,2,-4.049105,1.429978,-0.634455,training_touch
10:03:16.732,1,-1.889564,1.486012,-0.833407,training_touch
10:03:16.733,2,-4.051166,1.429523,-0.636117,training_touch
10:03:16.849,1,-1.890424,1.487933,-0.833891,training_touch
10:03:16.849,2,-4.052107,1.428983,-0.636131,training_touch
10:03:16.932,1,-1.891412,1.486174,-0.83457,training_touch
10:03:16.932,2,-4.04929,1.428997,-0.637696,training_touch
10:03:17.032,1,-1.891724,1.484808,-0.834584,training_touch
10:03:17.033,2,-4.05025,1.428777,-0.637804,training_touch
10:03:17.115,1,-1.892129,1.483777,-0.834568,training_touch
10:03:17.115,2,-4.052371,1.429122,-0.638816,training_touch
10:03:17.199,1,-1.891243,1.479802,-0.837445,training_touch
10:03:17.199,2,-4.053681,1.429355,-0.640016,training_touch
10:03:17.282,1,-1.891908,1.470232,-0.836976,training_touch
10:03:17.282,2,-4.052171,1.429402,-0.638772,training_touch
10:03:17.365,1,-1.892214,1.478801,-0.836604,training_touch
10:03:17.365,2,-4.051639,1.429853,-0.637097,training_touch
10:03:17.448,1,-1.892814,1.486117,-0.836081,training_touch
10:03:17.449,2,-4.051807,1.430227,-0.635042,training_touch
10:03:17.532,1,-1.892982,1.487681,-0.836235,training_touch
10:03:17.533,2,-4.051375,1.430449,-0.631848,training_touch
10:03:17.615,1,-1.893055,1.481121,-0.836093,training_touch
10:03:17.616,2,-4.062025,1.432853,-0.638667,training_touch
10:03:17.748,1,-1.893765,1.482626,-0.83629,training_touch
10:03:17.748,2,-4.054487,1.435095,-0.636768,training_touch
10:03:17.832,1,-1.893995,1.47907,-0.83628,training_touch
10:03:17.833,2,-4.053144,1.437646,-0.633924,training_touch
10:03:17.931,1,-1.894572,1.472299,-0.836896,training_touch
10:03:17.932,2,-4.044714,1.438741,-0.631258,training_touch
10:03:18.016,1,-1.894614,1.462594,-0.836818,training_touch
10:03:18.016,2,-4.048231,1.439556,-0.633309,training_touch
10:03:18.099,1,-1.895167,1.459493,-0.83749,training_touch
10:03:18.099,2,-4.048541,1.438389,-0.636279,training_touch
10:03:18.199,1,-1.894955,1.467967,-0.837204,training_touch
10:03:18.199,2,-4.045105,1.436635,-0.639731,training_touch
10:03:18.282,1,-1.895976,1.474647,-0.836326,training_touch
10:03:18.282,2,-4.047241,1.434676,-0.655798,training_touch
10:03:18.365,1,-1.89653,1.475369,-0.835378,training_touch
10:03:18.366,2,-4.030515,1.434328,-0.658209,training_touch
10:03:18.448,1,-1.897966,1.477484,-0.83453,training_touch
10:03:18.449,2,-4.022189,1.436201,-0.675603,training_touch
10:03:18.532,1,-1.89809,1.473624,-0.834367,training_touch
10:03:18.533,2,-4.015995,1.43664,-0.68112,training_touch
10:03:18.615,1,-1.898821,1.468113,-0.834303,training_touch
10:03:18.616,2,-4.011593,1.434139,-0.732494,training_touch
10:03:18.699,1,-1.899205,1.468705,-0.836168,training_touch
10:03:18.699,2,-3.996014,1.432068,-0.749818,training_touch
10:03:18.782,1,-1.900106,1.468138,-0.836263,training_touch
10:03:18.782,2,-3.970694,1.431504,-0.793487,training_touch
10:03:18.866,1,-1.901461,1.469331,-0.836031,training_touch
10:03:18.866,2,-3.955678,1.432918,-0.816308,training_touch
10:03:18.949,1,-1.902174,1.471298,-0.836044,training_touch
10:03:18.949,2,-3.939996,1.438516,-0.862653,training_touch
10:03:19.032,1,-1.902212,1.468713,-0.836365,training_touch
10:03:19.033,2,-3.934984,1.443878,-0.889916,training_touch
10:03:19.132,1,-1.902492,1.470769,-0.836896,training_touch
10:03:19.132,2,-3.936189,1.44607,-0.91728,training_touch
10:03:19.215,1,-1.903098,1.470745,-0.837293,training_touch
10:03:19.215,2,-3.927606,1.445356,-0.940788,training_touch
10:03:19.300,1,-1.902758,1.469921,-0.833855,training_touch
10:03:19.300,2,-3.925903,1.439748,-0.954672,training_touch
10:03:19.382,1,-1.90694,1.469453,-0.83787,training_touch
10:03:19.382,2,-3.926294,1.434156,-0.967022,training_touch
10:03:19.465,1,-1.903366,1.469268,-0.835627,training_touch
10:03:19.466,2,-3.9265,1.422191,-0.966242,training_touch
10:03:19.549,1,-1.902473,1.467318,-0.833637,training_touch
10:03:19.549,2,-3.929525,1.417091,-0.965631,training_touch
10:03:19.632,1,-1.90212,1.465126,-0.831368,training_touch
10:03:19.632,2,-3.935251,1.426389,-0.962559,training_touch
10:03:19.765,1,-1.901863,1.466007,-0.832168,training_touch
10:03:19.765,2,-3.952919,1.424901,-0.94793,training_touch
10:03:19.916,1,-1.900616,1.466703,-0.831057,training_touch
10:03:19.916,2,-3.998157,1.426615,-0.90939,training_touch
10:03:19.998,1,-1.900436,1.466855,-0.830458,training_touch
10:03:19.999,2,-4.046702,1.422752,-0.866597,training_touch
10:03:20.082,1,-1.899623,1.466697,-0.831216,training_touch
10:03:20.082,2,-4.067867,1.421382,-0.84532,training_touch
10:03:20.165,1,-1.899041,1.466012,-0.830718,training_touch
10:03:20.165,2,-4.077369,1.417612,-0.821679,training_touch
10:03:20.249,1,-1.898897,1.465507,-0.830349,training_touch
10:03:20.249,2,-4.105111,1.417075,-0.793627,training_touch
10:03:20.332,1,-1.899787,1.46662,-0.829985,training_touch
10:03:20.333,2,-4.124125,1.399591,-0.773392,training_touch
10:03:20.415,1,-1.898389,1.468321,-0.829062,training_touch
10:03:20.415,2,-4.124131,1.395662,-0.767609,training_touch
10:03:20.499,1,-1.89814,1.468773,-0.829039,training_touch
10:03:20.499,2,-4.142381,1.412693,-0.757458,training_touch
10:03:20.582,1,-1.897537,1.469349,-0.828899,training_touch
10:03:20.583,2,-4.143097,1.408405,-0.74957,training_touch
10:03:20.666,1,-1.897773,1.46909,-0.829487,training_touch
10:03:20.666,2,-4.142217,1.401496,-0.749652,training_touch
10:03:20.782,1,-1.897511,1.469086,-0.830264,training_touch
10:03:20.782,2,-4.14206,1.420543,-0.747186,training_touch
10:03:20.865,1,-1.899933,1.469625,-0.831686,training_touch
10:03:20.865,2,-4.144522,1.416349,-0.742707,training_touch
10:03:20.948,1,-1.899242,1.468311,-0.831273,training_touch
10:03:20.948,2,-4.144015,1.418737,-0.729126,training_touch
10:03:21.049,1,-1.900183,1.468041,-0.831311,training_touch
10:03:21.050,2,-4.148646,1.418805,-0.738394,training_touch
10:03:21.132,1,-1.899349,1.468327,-0.830958,training_touch
10:03:21.132,2,-4.149645,1.415135,-0.739464,training_touch
10:03:21.265,1,-1.898741,1.468147,-0.829893,training_touch
10:03:21.265,2,-4.154344,1.412695,-0.734775,training_touch
10:03:21.416,1,-1.900677,1.468859,-0.828543,training_touch
10:03:21.416,2,-4.153771,1.402358,-0.733526,training_touch
10:03:21.498,1,-1.899928,1.46878,-0.82853,training_touch
10:03:21.498,2,-4.158541,1.394369,-0.733134,training_touch
10:03:21.631,1,-1.899784,1.469481,-0.829254,training_touch
10:03:21.632,2,-4.161624,1.393213,-0.735113,training_touch
10:03:21.716,1,-1.899926,1.469128,-0.829604,training_touch
10:03:21.716,2,-4.163615,1.391708,-0.730338,training_touch
10:03:21.798,1,-1.90025,1.468911,-0.829406,training_touch
10:03:21.798,2,-4.158631,1.39323,-0.72756,training_touch
10:03:21.898,1,-1.9005,1.467316,-0.829453,training_touch
10:03:21.898,2,-4.157073,1.399988,-0.726034,training_touch
10:03:21.982,1,-1.903976,1.467206,-0.832194,training_touch
10:03:21.982,2,-4.160538,1.393942,-0.727238,training_touch
10:03:22.065,1,-1.902485,1.467118,-0.830882,training_touch
10:03:22.065,2,-4.160003,1.394131,-0.724775,training_touch
10:03:22.148,1,-1.903433,1.467832,-0.830876,training_touch
10:03:22.148,2,-4.162738,1.405897,-0.720874,training_touch
10:03:22.232,1,-1.904408,1.46846,-0.829865,training_touch
10:03:22.232,2,-4.16028,1.405523,-0.720501,training_touch
10:03:22.315,1,-1.904219,1.468639,-0.830746,training_touch
10:03:22.315,2,-4.156117,1.407624,-0.720263,training_touch
10:03:22.416,1,-1.904066,1.468142,-0.831095,training_touch
10:03:22.416,2,-4.161755,1.408606,-0.719488,training_touch
10:03:22.498,1,-1.903732,1.468555,-0.830759,training_touch
10:03:22.498,2,-4.157886,1.406883,-0.720086,training_touch
10:03:22.582,1,-1.903027,1.467009,-0.830551,training_touch
10:03:22.582,2,-4.1594,1.404771,-0.720353,training_touch
10:03:22.665,1,-1.902534,1.466703,-0.830638,training_touch
10:03:22.665,2,-4.155524,1.407395,-0.719301,training_touch
10:03:22.749,1,-1.900312,1.467784,-0.829628,training_touch
10:03:22.749,2,-4.163731,1.406299,-0.722727,training_touch
10:03:22.832,1,-1.89966,1.467228,-0.826882,training_touch
10:03:22.832,2,-4.162478,1.406791,-0.720273,training_touch
10:03:22.915,1,-1.897186,1.468608,-0.827298,training_touch
10:03:22.915,2,-4.151671,1.407047,-0.724834,training_touch
10:03:22.999,1,-1.895682,1.468481,-0.82533,training_touch
10:03:22.999,2,-4.151863,1.405109,-0.724192,training_touch
10:03:23.082,1,-1.893519,1.467868,-0.827257,training_touch
10:03:23.082,2,-4.160433,1.405608,-0.721355,training_touch
10:03:23.166,1,-1.890196,1.46823,-0.826538,training_touch
10:03:23.166,2,-4.15082,1.405852,-0.721292,training_touch
10:03:23.249,1,-1.886043,1.468897,-0.82927,training_touch
10:03:23.249,2,-4.149578,1.405887,-0.727912,training_touch
10:03:23.332,1,-1.884535,1.469722,-0.829338,training_touch
10:03:23.332,2,-4.149993,1.40559,-0.732926,training_touch
10:03:23.416,1,-1.882549,1.470083,-0.830462,training_touch
10:03:23.416,2,-4.153625,1.405863,-0.738133,training_touch
10:03:23.515,1,-1.880079,1.469793,-0.83201,training_touch
10:03:23.516,2,-4.155407,1.406381,-0.74534,training_touch
10:03:23.599,1,-1.873269,1.46969,-0.830622,training_touch
10:03:23.599,2,-4.169208,1.406675,-0.749682,training_touch
10:03:23.682,1,-1.868786,1.468281,-0.830534,training_touch
10:03:23.682,2,-4.175356,1.40685,-0.756653,training_touch
10:03:23.765,1,-1.867499,1.468992,-0.829936,training_touch
10:03:23.765,2,-4.166483,1.409054,-0.760017,training_touch
10:03:23.849,1,-1.865521,1.468748,-0.830039,training_touch
10:03:23.849,2,-4.161627,1.407262,-0.768773,training_touch
10:03:23.932,1,-1.864157,1.469253,-0.829364,training_touch
10:03:23.932,2,-4.175366,1.406521,-0.796593,training_touch
10:03:24.015,1,-1.86284,1.468929,-0.8318,training_touch
10:03:24.015,2,-4.156904,1.410618,-0.800963,training_touch
10:03:24.099,1,-1.858945,1.468753,-0.830146,training_touch
10:03:24.099,2,-4.158138,1.413087,-0.819402,training_touch
10:03:24.182,1,-1.863382,1.469694,-0.829778,training_touch
10:03:24.182,2,-4.154997,1.411375,-0.823563,training_touch
10:03:24.266,1,-1.864999,1.469208,-0.828276,training_touch
10:03:24.266,2,-4.155562,1.41084,-0.823425,training_touch
10:03:24.349,1,-1.866122,1.468488,-0.826943,training_touch
10:03:24.349,2,-4.150508,1.411537,-0.820091,training_touch
10:03:24.432,1,-1.867372,1.467996,-0.826348,training_touch
10:03:24.433,2,-4.163423,1.410579,-0.819889,training_touch
10:03:24.515,1,-1.868627,1.467869,-0.825537,training_touch
10:03:24.516,2,-4.165274,1.408997,-0.81928,training_touch
10:03:24.598,1,-1.87299,1.467682,-0.823434,training_touch
10:03:24.598,2,-4.177212,1.408831,-0.805836,training_touch
10:03:24.682,1,-1.876191,1.46761,-0.820231,training_touch
10:03:24.682,2,-4.178335,1.407098,-0.796779,training_touch
10:03:24.765,1,-1.885945,1.463996,-0.817081,training_touch
10:03:24.765,2,-4.174268,1.406928,-0.790959,training_touch
10:03:24.849,1,-1.898468,1.464586,-0.810125,training_touch
10:03:24.849,2,-4.179027,1.406873,-0.783512,training_touch
10:03:24.932,1,-1.909724,1.464914,-0.80327,training_touch
10:03:24.932,2,-4.184442,1.41052,-0.788202,training_touch
10:03:25.015,1,-1.924398,1.465366,-0.794349,training_touch
10:03:25.015,2,-4.185135,1.412751,-0.775456,training_touch
10:03:25.099,1,-1.935476,1.465835,-0.793621,training_touch
10:03:25.099,2,-4.193258,1.413275,-0.782631,training_touch
10:03:25.182,1,-1.948908,1.465801,-0.774419,training_touch
10:03:25.182,2,-4.193912,1.414523,-0.77962,training_touch
10:03:25.266,1,-1.959428,1.465914,-0.768317,training_touch
10:03:25.266,2,-4.193901,1.415372,-0.778985,training_touch
10:03:25.348,1,-1.977497,1.466186,-0.770408,training_touch
10:03:25.349,2,-4.194385,1.413954,-0.774849,training_touch
10:03:25.432,1,-1.980828,1.466274,-0.754126,training_touch
10:03:25.433,2,-4.19107,1.410593,-0.765835,training_touch
10:03:25.515,1,-1.990585,1.466246,-0.750097,training_touch
10:03:25.515,2,-4.192012,1.411166,-0.769574,training_touch
10:03:25.648,1,-1.995146,1.46544,-0.74407,training_touch
10:03:25.648,2,-4.198137,1.411534,-0.771513,training_touch
10:03:25.799,1,-2.000478,1.464642,-0.740174,training_touch
10:03:25.799,2,-4.205426,1.406699,-0.776256,training_touch
10:03:25.882,1,-2.000762,1.465921,-0.739799,training_touch
10:03:25.882,2,-4.197667,1.390811,-0.772133,training_touch
10:03:25.965,1,-2.004484,1.467448,-0.739962,training_touch
10:03:25.966,2,-4.198638,1.387495,-0.771172,training_touch
10:03:26.048,1,-2.004905,1.468847,-0.73987,training_touch
10:03:26.049,2,-4.198843,1.420808,-0.76955,training_touch
10:03:26.132,1,-2.005062,1.468094,-0.741116,training_touch
10:03:26.132,2,-4.191777,1.419302,-0.760854,training_touch
10:03:26.215,1,-2.00519,1.468262,-0.742597,training_touch
10:03:26.216,2,-4.206645,1.418554,-0.772391,training_touch
10:03:26.299,1,-2.005012,1.464623,-0.746921,training_touch
10:03:26.299,2,-4.204658,1.414097,-0.769781,training_touch
10:03:26.382,1,-2.004564,1.467329,-0.750399,training_touch
10:03:26.382,2,-4.221809,1.402713,-0.768832,training_touch
10:03:26.465,1,-2.003811,1.468864,-0.755446,training_touch
10:03:26.465,2,-4.214476,1.402689,-0.762929,training_touch
10:03:26.549,1,-2.001484,1.46936,-0.759413,training_touch
10:03:26.549,2,-4.210996,1.391501,-0.751851,training_touch
10:03:26.632,1,-2.000905,1.469532,-0.759878,training_touch
10:03:26.633,2,-4.217964,1.393227,-0.750259,training_touch
10:03:26.716,1,-2.00055,1.468719,-0.761739,training_touch
10:03:26.716,2,-4.217971,1.384044,-0.747169,training_touch
10:03:26.798,1,-2.000203,1.466306,-0.764773,training_touch
10:03:26.799,2,-4.220166,1.387483,-0.747509,training_touch
10:03:26.882,1,-1.99926,1.469017,-0.767303,training_touch
10:03:26.883,2,-4.20925,1.393159,-0.73924,training_touch
10:03:26.965,1,-1.996917,1.457814,-0.768026,training_touch
10:03:26.965,2,-4.215723,1.3941,-0.742208,training_touch
10:03:27.049,1,-1.996807,1.462849,-0.767471,training_touch
10:03:27.050,2,-4.214019,1.393934,-0.741084,training_touch
10:03:27.132,1,-1.99572,1.466938,-0.769536,training_touch
10:03:27.132,2,-4.213462,1.392834,-0.738388,training_touch
10:03:27.265,1,-1.996836,1.468088,-0.768006,training_touch
10:03:27.265,2,-4.207041,1.392831,-0.728015,training_touch
10:03:27.349,1,-1.996844,1.466786,-0.766813,training_touch
10:03:27.350,2,-4.199886,1.388767,-0.724662,training_touch
10:03:27.432,1,-1.996664,1.466563,-0.765421,training_touch
10:03:27.432,2,-4.206632,1.391987,-0.72442,training_touch
10:03:27.515,1,-1.997716,1.466611,-0.762034,training_touch
10:03:27.516,2,-4.204845,1.388931,-0.720965,training_touch
10:03:27.598,1,-1.997782,1.465519,-0.761924,training_touch
10:03:27.599,2,-4.210197,1.391482,-0.723923,training_touch
10:03:27.682,1,-2.001179,1.466782,-0.76245,training_touch
10:03:27.682,2,-4.209946,1.39302,-0.725368,training_touch
10:03:27.765,1,-2.005782,1.467173,-0.764852,training_touch
10:03:27.766,2,-4.209819,1.387907,-0.725162,training_touch
10:03:27.848,1,-2.006498,1.464787,-0.762773,training_touch
10:03:27.849,2,-4.208863,1.399597,-0.728131,training_touch
10:03:27.932,1,-2.009286,1.466525,-0.7622,training_touch
10:03:27.933,2,-4.208117,1.394173,-0.72309,training_touch
10:03:28.015,1,-2.009222,1.466853,-0.760483,training_touch
10:03:28.015,2,-4.207826,1.396106,-0.71703,training_touch
10:03:28.099,1,-2.009398,1.467249,-0.759724,training_touch
10:03:28.099,2,-4.209854,1.394231,-0.721098,training_touch
10:03:28.183,1,-2.011908,1.466835,-0.761499,training_touch
10:03:28.183,2,-4.209141,1.394189,-0.725101,training_touch
10:03:28.265,1,-2.010889,1.466079,-0.760552,training_touch
10:03:28.266,2,-4.206026,1.393604,-0.719874,training_touch
10:03:28.349,1,-2.008437,1.462533,-0.760635,training_touch
10:03:28.349,2,-4.199656,1.383223,-0.710905,training_touch
10:03:28.432,1,-2.007571,1.463873,-0.75906,training_touch
10:03:28.432,2,-4.201144,1.379222,-0.71163,training_touch
10:03:28.515,1,-2.006383,1.465874,-0.759658,training_touch
10:03:28.515,2,-4.201298,1.374686,-0.716143,training_touch
10:03:28.599,1,-2.006619,1.465104,-0.759626,training_touch
10:03:28.600,2,-4.203796,1.374426,-0.714862,training_touch
10:03:28.682,1,-2.006484,1.466641,-0.757436,training_touch
10:03:28.682,2,-4.212968,1.378191,-0.723604,training_touch
10:03:28.766,1,-2.005916,1.464715,-0.757172,training_touch
10:03:28.766,2,-4.199108,1.380879,-0.717,training_touch
10:03:28.848,1,-2.003038,1.465603,-0.761406,training_touch
10:03:28.849,2,-4.20195,1.383606,-0.723882,training_touch
10:03:28.932,1,-2.004509,1.466593,-0.761841,training_touch
10:03:28.933,2,-4.210252,1.355291,-0.724433,training_touch
10:03:29.016,1,-2.004975,1.465592,-0.761801,training_touch
10:03:29.016,2,-4.218071,1.371522,-0.728004,training_touch
10:03:29.098,1,-2.005118,1.466605,-0.759508,training_touch
10:03:29.098,2,-4.210638,1.375751,-0.717798,training_touch
10:03:29.182,1,-2.005458,1.467101,-0.757783,training_touch
10:03:29.182,2,-4.208924,1.374729,-0.72939,training_touch
10:03:29.265,1,-2.005533,1.460829,-0.757346,training_touch
10:03:29.266,2,-4.207302,1.373371,-0.726741,training_touch
10:03:29.348,1,-2.000599,1.464597,-0.750967,training_touch
10:03:29.349,2,-4.207657,1.372113,-0.720846,training_touch
10:03:29.432,1,-2.001096,1.464861,-0.752755,training_touch
10:03:29.432,2,-4.196391,1.378259,-0.708667,training_touch
10:03:29.515,1,-2.004241,1.466471,-0.751719,training_touch
10:03:29.515,2,-4.189058,1.377031,-0.706299,training_touch
10:03:29.599,1,-2.004788,1.465507,-0.754742,training_touch
10:03:29.600,2,-4.209626,1.367945,-0.717146,training_touch
10:03:29.682,1,-2.004034,1.463856,-0.754582,training_touch
10:03:29.682,2,-4.20177,1.364785,-0.727168,training_touch
10:03:29.765,1,-2.003362,1.463811,-0.75478,training_touch
10:03:29.766,2,-4.202008,1.363718,-0.71892,training_touch
10:03:29.848,1,-2.003362,1.463244,-0.752671,training_touch
10:03:29.849,2,-4.196938,1.371224,-0.719067,training_touch
10:03:29.933,1,-2.003041,1.463503,-0.752388,training_touch
10:03:29.933,2,-4.188707,1.36842,-0.70808,training_touch
10:03:30.015,1,-2.001154,1.463109,-0.754118,training_touch
10:03:30.015,2,-4.207085,1.367949,-0.720507,training_touch
10:03:30.099,1,-1.997883,1.458531,-0.7494,training_touch
10:03:30.100,2,-4.206955,1.370072,-0.721308,training_touch
10:03:30.182,1,-2.000738,1.455064,-0.750585,training_touch
10:03:30.182,2,-4.200127,1.363087,-0.71189,training_touch
10:03:30.332,1,-1.997716,1.459726,-0.748608,training_touch
10:03:30.333,2,-4.191626,1.365084,-0.712953,training_touch
10:03:30.415,1,-1.997239,1.461349,-0.748407,training_touch
10:03:30.415,2,-4.19955,1.369734,-0.717908,training_touch
10:03:30.499,1,-1.99668,1.463175,-0.747451,training_touch
10:03:30.499,2,-4.20131,1.368524,-0.722667,training_touch
10:03:30.582,1,-1.996065,1.462933,-0.748889,training_touch
10:03:30.582,2,-4.198943,1.366338,-0.721858,training_touch
10:03:30.666,1,-1.995477,1.464839,-0.750223,training_touch
10:03:30.666,2,-4.191624,1.362047,-0.718186,training_touch
10:03:30.749,1,-1.995526,1.466359,-0.750907,training_touch
10:03:30.749,2,-4.191237,1.368826,-0.717376,training_touch
10:03:30.832,1,-1.993175,1.467712,-0.747628,training_touch
10:03:30.832,2,-4.191967,1.353985,-0.715232,training_touch
10:03:30.932,1,-1.994127,1.468701,-0.7481,training_touch
10:03:30.932,2,-4.193426,1.359839,-0.714624,training_touch
10:03:31.033,1,-1.993771,1.469459,-0.748061,training_touch
10:03:31.033,2,-4.195374,1.360372,-0.716586,training_touch
10:03:31.116,1,-1.993767,1.470756,-0.747936,training_touch
10:03:31.116,2,-4.196407,1.3545,-0.714129,training_touch
10:03:31.198,1,-1.994072,1.469403,-0.74775,training_touch
10:03:31.199,2,-4.195417,1.358316,-0.714844,training_touch
10:03:31.282,1,-1.993639,1.467344,-0.746107,training_touch
10:03:31.282,2,-4.195815,1.357332,-0.719166,training_touch
10:03:31.365,1,-1.993097,1.465198,-0.74476,training_touch
10:03:31.365,2,-4.192549,1.353689,-0.719552,training_touch
10:03:31.449,1,-1.993052,1.461596,-0.742767,training_touch
10:03:31.450,2,-4.186211,1.381969,-0.721042,training_touch
10:03:31.532,1,-1.994591,1.465966,-0.743391,training_touch
10:03:31.532,2,-4.187482,1.379511,-0.718967,training_touch
10:03:31.615,1,-1.992034,1.46975,-0.747442,training_touch
10:03:31.616,2,-4.186609,1.380418,-0.71151,training_touch
10:03:31.698,1,-1.992762,1.472236,-0.746824,training_touch
10:03:31.698,2,-4.187522,1.378921,-0.712184,training_touch
10:03:31.783,1,-1.992924,1.471831,-0.746926,training_touch
10:03:31.783,2,-4.188203,1.377109,-0.712654,training_touch
10:03:31.882,1,-1.994729,1.471493,-0.748265,training_touch
10:03:31.882,2,-4.188984,1.378126,-0.715229,training_touch
10:03:31.965,1,-1.995306,1.470408,-0.74653,training_touch
10:03:31.965,2,-4.189452,1.370427,-0.719732,training_touch
10:03:32.049,1,-1.994614,1.470184,-0.744336,training_touch
10:03:32.049,2,-4.186779,1.373407,-0.715589,training_touch
10:03:32.132,1,-1.994844,1.470825,-0.74578,training_touch
10:03:32.132,2,-4.187142,1.367252,-0.713738,training_touch
10:03:32.232,1,-1.996139,1.464338,-0.748875,training_touch
10:03:32.232,2,-4.182055,1.362744,-0.720659,training_touch
10:03:32.316,1,-1.996855,1.466,-0.747702,training_touch
10:03:32.316,2,-4.186499,1.364067,-0.718128,training_touch
10:03:32.399,1,-1.998253,1.461411,-0.748265,training_touch
10:03:32.399,2,-4.186238,1.359121,-0.719044,training_touch
10:03:32.482,1,-1.998641,1.452199,-0.748438,training_touch
10:03:32.482,2,-4.184181,1.371547,-0.718202,training_touch
10:03:32.565,1,-1.999868,1.45945,-0.748914,training_touch
10:03:32.566,2,-4.183311,1.372324,-0.718884,training_touch
10:03:32.648,1,-1.998137,1.460259,-0.752668,training_touch
10:03:32.649,2,-4.179989,1.370688,-0.722737,training_touch
10:03:32.732,1,-1.998178,1.440975,-0.752266,training_touch
10:03:32.732,2,-4.178965,1.363499,-0.721643,training_touch
10:03:32.832,1,-1.998337,1.453723,-0.752644,training_touch
10:03:32.833,2,-4.181156,1.355089,-0.72571,training_touch
10:03:32.916,1,-1.997711,1.454217,-0.753648,training_touch
10:03:32.916,2,-4.178535,1.351846,-0.739682,training_touch
10:03:32.999,1,-1.999307,1.458504,-0.75178,training_touch
10:03:33.000,2,-4.175033,1.360376,-0.747119,training_touch
10:03:33.082,1,-1.999725,1.46081,-0.752832,training_touch
10:03:33.082,2,-4.167853,1.37905,-0.763247,training_touch
10:03:33.165,1,-2.00044,1.460939,-0.753185,training_touch
10:03:33.166,2,-4.161683,1.362305,-0.774235,training_touch
10:03:33.249,1,-2.000068,1.460889,-0.751635,training_touch
10:03:33.250,2,-4.163478,1.368684,-0.792804,training_touch
10:03:33.332,1,-1.999701,1.460919,-0.750847,training_touch
10:03:33.332,2,-4.157566,1.368844,-0.804985,training_touch
10:03:33.415,1,-1.99871,1.461075,-0.750085,training_touch
10:03:33.415,2,-4.151737,1.352478,-0.82186,training_touch
10:03:33.516,1,-1.998125,1.459613,-0.750081,training_touch
10:03:33.516,2,-4.144413,1.363562,-0.837318,training_touch
10:03:33.598,1,-1.994829,1.458501,-0.746249,training_touch
10:03:33.599,2,-4.134921,1.365654,-0.863717,training_touch
10:03:33.682,1,-1.997329,1.459908,-0.750079,training_touch
10:03:33.682,2,-4.128289,1.364067,-0.873727,training_touch
10:03:33.765,1,-1.997672,1.460564,-0.749556,training_touch
10:03:33.765,2,-4.120555,1.3612,-0.898361,training_touch
10:03:33.849,1,-1.997683,1.461812,-0.749403,training_touch
10:03:33.849,2,-4.106586,1.362779,-0.917071,training_touch
10:03:33.932,1,-1.997182,1.461946,-0.750773,training_touch
10:03:33.933,2,-4.099105,1.365987,-0.928751,training_touch
10:03:34.015,1,-1.997732,1.461048,-0.752735,training_touch
10:03:34.015,2,-4.089852,1.365967,-0.9402,training_touch
10:03:34.099,1,-1.99661,1.461638,-0.753126,training_touch
10:03:34.100,2,-4.077684,1.364108,-0.942123,training_touch
10:03:34.182,1,-1.996878,1.462657,-0.754076,training_touch
10:03:34.182,2,-4.063362,1.357518,-0.950178,training_touch
10:03:34.265,1,-1.996307,1.463101,-0.755805,training_touch
10:03:34.266,2,-4.044998,1.357033,-0.95968,training_touch
10:03:34.348,1,-1.994986,1.462267,-0.757955,training_touch
10:03:34.349,2,-4.01714,1.355572,-0.95955,training_touch
10:03:34.432,1,-1.995713,1.459418,-0.76147,training_touch
10:03:34.433,2,-3.994058,1.355502,-0.965234,training_touch
10:03:34.515,1,-1.996284,1.458829,-0.764937,training_touch
10:03:34.515,2,-3.947784,1.351629,-0.973188,training_touch
10:03:34.599,1,-1.999692,1.458148,-0.765596,training_touch
10:03:34.600,2,-3.913806,1.350384,-0.973537,training_touch
10:03:34.682,1,-1.998104,1.45778,-0.776068,training_touch
10:03:34.682,2,-3.857881,1.354384,-0.978105,training_touch
10:03:34.766,1,-1.998987,1.456904,-0.782653,training_touch
10:03:34.766,2,-3.822289,1.346569,-0.981346,training_touch
10:03:34.849,1,-1.997431,1.456204,-0.787639,training_touch
10:03:34.849,2,-3.770693,1.352577,-0.988301,training_touch
10:03:34.933,1,-1.995726,1.454857,-0.790087,training_touch
10:03:34.933,2,-3.743558,1.354782,-0.990125,training_touch
10:03:35.016,1,-1.99006,1.451988,-0.805893,training_touch
10:03:35.016,2,-3.723131,1.354985,-0.995229,training_touch
10:03:35.099,1,-1.981524,1.455203,-0.819424,training_touch
10:03:35.099,2,-3.686481,1.349632,-1.005921,training_touch
10:03:35.182,1,-1.976299,1.454321,-0.832422,training_touch
10:03:35.182,2,-3.668101,1.34231,-1.01075,training_touch
10:03:35.265,1,-1.959386,1.455648,-0.859372,training_touch
10:03:35.265,2,-3.638419,1.348476,-1.026791,training_touch
10:03:35.349,1,-1.954961,1.454687,-0.862567,training_touch
10:03:35.349,2,-3.614249,1.354156,-1.048013,training_touch
10:03:35.433,1,-1.956839,1.450677,-0.862127,training_touch
10:03:35.433,2,-3.585372,1.357664,-1.079462,training_touch
10:03:35.515,1,-1.958894,1.449793,-0.863051,training_touch
10:03:35.516,2,-3.561864,1.359866,-1.112784,training_touch
10:03:35.599,1,-1.962381,1.448105,-0.860342,training_touch
10:03:35.599,2,-3.541983,1.35894,-1.137957,training_touch
10:03:35.682,1,-1.967366,1.448131,-0.852276,training_touch
10:03:35.683,2,-3.51385,1.357092,-1.184001,training_touch
10:03:35.766,1,-1.970648,1.447984,-0.847025,training_touch
10:03:35.766,2,-3.499391,1.346091,-1.211595,training_touch
10:03:35.849,1,-1.973977,1.447946,-0.840145,training_touch
10:03:35.850,2,-3.480856,1.347307,-1.249877,training_touch
10:03:35.932,1,-1.970504,1.449329,-0.829265,training_touch
10:03:35.932,2,-3.488998,1.349019,-1.290531,training_touch
10:03:36.016,1,-1.971483,1.450187,-0.822695,training_touch
10:03:36.016,2,-3.476351,1.346908,-1.307017,training_touch
10:03:36.099,1,-1.975711,1.443859,-0.817753,training_touch
10:03:36.099,2,-3.443482,1.348468,-1.317159,training_touch
10:03:36.183,1,-1.977757,1.443523,-0.808515,training_touch
10:03:36.183,2,-3.439785,1.354119,-1.327775,training_touch
10:03:36.282,1,-1.97823,1.4437,-0.804604,training_touch
10:03:36.282,2,-3.430671,1.355853,-1.337503,training_touch
10:03:36.366,1,-1.978152,1.443737,-0.798099,training_touch
10:03:36.366,2,-3.425329,1.350347,-1.348239,training_touch
10:03:36.449,1,-1.977893,1.444933,-0.794607,training_touch
10:03:36.449,2,-3.419871,1.354907,-1.356527,training_touch
10:03:36.533,1,-1.977433,1.44458,-0.795253,training_touch
10:03:36.533,2,-3.416737,1.356426,-1.360195,training_touch
10:03:36.615,1,-1.977149,1.448866,-0.793889,training_touch
10:03:36.616,2,-3.414415,1.356194,-1.36599,training_touch
10:03:36.699,1,-1.977338,1.44407,-0.794516,training_touch
10:03:36.700,2,-3.408067,1.323965,-1.367166,training_touch
10:03:36.782,1,-1.977701,1.441796,-0.7977,training_touch
10:03:36.782,2,-3.406269,1.316096,-1.371436,training_touch
10:03:36.866,1,-1.977809,1.439357,-0.79885,training_touch
10:03:36.866,2,-3.40675,1.342977,-1.373399,training_touch
10:03:36.949,1,-1.977781,1.439371,-0.799995,training_touch
10:03:36.949,2,-3.401913,1.349096,-1.375207,training_touch
10:03:37.033,1,-1.977757,1.438602,-0.800862,training_touch
10:03:37.033,2,-3.402111,1.34807,-1.376471,training_touch
10:03:37.116,1,-1.977279,1.438533,-0.805559,training_touch
10:03:37.116,2,-3.401778,1.355377,-1.377407,training_touch
10:03:37.199,1,-1.977074,1.439098,-0.807939,training_touch
10:03:37.200,2,-3.401716,1.331246,-1.373004,training_touch
10:03:37.282,1,-1.977951,1.438008,-0.810462,training_touch
10:03:37.282,2,-3.403662,1.344386,-1.359275,training_touch
10:03:37.383,1,-1.977494,1.443124,-0.809703,training_touch
10:03:37.383,2,-3.41198,1.346939,-1.348783,training_touch
10:03:37.465,1,-1.978041,1.439728,-0.811166,training_touch
10:03:37.466,2,-3.426564,1.354737,-1.332627,training_touch
10:03:37.549,1,-1.978357,1.444433,-0.811589,training_touch
10:03:37.549,2,-3.440603,1.349831,-1.314315,training_touch
10:03:37.633,1,-1.977746,1.444438,-0.812946,training_touch
10:03:37.633,2,-3.449718,1.352869,-1.300138,training_touch
10:03:37.716,1,-1.977742,1.446359,-0.814073,training_touch
10:03:37.716,2,-3.462964,1.354976,-1.277201,training_touch
10:03:37.799,1,-1.978191,1.445064,-0.815062,training_touch
10:03:37.799,2,-3.479493,1.351165,-1.253575,training_touch
10:03:37.882,1,-1.980621,1.444635,-0.815256,training_touch
10:03:37.882,2,-3.502266,1.352547,-1.228621,training_touch
10:03:37.965,1,-1.984939,1.444615,-0.822731,training_touch
10:03:37.966,2,-3.532056,1.353454,-1.2129,training_touch
10:03:38.049,1,-1.984657,1.449332,-0.817684,training_touch
10:03:38.049,2,-3.563322,1.353069,-1.190566,training_touch
10:03:38.132,1,-1.984088,1.446366,-0.819871,training_touch
10:03:38.132,2,-3.580679,1.353217,-1.179552,training_touch
10:03:38.215,1,-1.983258,1.445336,-0.82053,training_touch
10:03:38.216,2,-3.603958,1.353229,-1.162808,training_touch
10:03:38.299,1,-1.982495,1.443558,-0.820435,training_touch
10:03:38.299,2,-3.617863,1.353318,-1.151187,training_touch
10:03:38.382,1,-1.983821,1.444057,-0.821346,training_touch
10:03:38.383,2,-3.635282,1.355475,-1.134197,training_touch
10:03:38.465,1,-1.983377,1.444084,-0.821796,training_touch
10:03:38.466,2,-3.648104,1.35851,-1.122835,training_touch
10:03:38.549,1,-1.984052,1.444313,-0.823496,training_touch
10:03:38.549,2,-3.66421,1.357886,-1.108065,training_touch
10:03:38.632,1,-1.985126,1.446671,-0.821952,training_touch
10:03:38.632,2,-3.671933,1.321158,-1.096877,training_touch
10:03:38.716,1,-1.986721,1.447008,-0.820168,training_touch
10:03:38.716,2,-3.678446,1.352088,-1.08084,training_touch
10:03:38.799,1,-1.986295,1.440784,-0.819958,training_touch
10:03:38.800,2,-3.680199,1.352652,-1.075184,training_touch
10:03:38.882,1,-1.98689,1.442446,-0.818473,training_touch
10:03:38.882,2,-3.682451,1.353829,-1.05219,training_touch
10:03:38.966,1,-1.98731,1.441993,-0.817623,training_touch
10:03:38.966,2,-3.680014,1.356492,-1.036682,training_touch
10:03:39.049,1,-1.988334,1.441604,-0.816256,training_touch
10:03:39.049,2,-3.675227,1.361266,-1.010829,training_touch
10:03:39.133,1,-1.992313,1.444751,-0.819271,training_touch
10:03:39.133,2,-3.673739,1.358693,-0.989746,training_touch
10:03:39.216,1,-1.992683,1.448755,-0.816296,training_touch
10:03:39.216,2,-3.668809,1.359006,-0.983012,training_touch
10:03:39.298,1,-1.990182,1.446963,-0.811858,training_touch
10:03:39.299,2,-3.662708,1.354707,-0.959275,training_touch
10:03:39.382,1,-1.989074,1.446003,-0.808167,training_touch
10:03:39.382,2,-3.657125,1.342782,-0.943137,training_touch
10:03:39.466,1,-1.989915,1.447965,-0.808123,training_touch
10:03:39.466,2,-3.649841,1.3537,-0.933681,training_touch
10:03:39.549,1,-1.988802,1.450055,-0.811231,training_touch
10:03:39.549,2,-3.640298,1.353983,-0.90844,training_touch
10:03:39.633,1,-1.99081,1.449552,-0.808595,training_touch
10:03:39.633,2,-3.636714,1.354828,-0.898804,training_touch
10:03:39.716,1,-1.990857,1.448754,-0.80574,training_touch
10:03:39.716,2,-3.631437,1.354429,-0.88766,training_touch
10:03:39.799,1,-1.990393,1.44404,-0.806396,training_touch
10:03:39.799,2,-3.629948,1.347797,-0.88454,training_touch
10:03:39.882,1,-1.98349,1.446021,-0.814755,training_touch
10:03:39.883,2,-3.627687,1.346581,-0.8768,training_touch
10:03:39.966,1,-1.983047,1.445299,-0.81304,training_touch
10:03:39.966,2,-3.626269,1.34358,-0.871653,training_touch
10:03:40.049,1,-1.982212,1.44809,-0.813158,training_touch
10:03:40.049,2,-3.628103,1.343761,-0.865359,training_touch
10:03:40.132,1,-1.982111,1.454548,-0.813836,training_touch
10:03:40.132,2,-3.628606,1.351176,-0.864075,training_touch
10:03:40.216,1,-1.980824,1.452552,-0.815639,training_touch
10:03:40.216,2,-3.636964,1.366007,-0.856897,training_touch
10:03:40.299,1,-1.981004,1.448248,-0.817058,training_touch
10:03:40.299,2,-3.641511,1.365268,-0.855722,training_touch
10:03:40.382,1,-1.981313,1.449251,-0.818712,training_touch
10:03:40.383,2,-3.654946,1.361731,-0.853668,training_touch
10:03:40.466,1,-1.980033,1.449981,-0.821931,training_touch
10:03:40.466,2,-3.669532,1.363572,-0.852836,training_touch
10:03:40.549,1,-1.979614,1.448824,-0.81957,training_touch
10:03:40.550,2,-3.691788,1.365588,-0.853702,training_touch
10:03:40.633,1,-1.976043,1.447804,-0.818922,training_touch
10:03:40.633,2,-3.717875,1.367406,-0.858357,training_touch
10:03:40.765,1,-1.97076,1.452384,-0.812871,training_touch
10:03:40.765,2,-3.766477,1.367797,-0.864763,training_touch
10:03:40.916,1,-1.975628,1.446047,-0.807142,training_touch
10:03:40.916,2,-3.821293,1.369209,-0.882409,training_touch
10:03:40.999,1,-1.981206,1.446246,-0.802268,training_touch
10:03:40.999,2,-3.858068,1.369551,-0.895752,training_touch
10:03:41.082,1,-1.985421,1.448456,-0.796448,training_touch
10:03:41.082,2,-3.882999,1.378605,-0.910647,training_touch
10:03:41.166,1,-1.983945,1.440598,-0.792259,training_touch
10:03:41.167,2,-3.912573,1.373238,-0.924897,training_touch
10:03:41.249,1,-1.985875,1.443845,-0.787794,training_touch
10:03:41.250,2,-3.928457,1.379415,-0.932263,training_touch
10:03:41.332,1,-1.986388,1.444125,-0.78628,training_touch
10:03:41.332,2,-3.942702,1.386719,-0.940778,training_touch
10:03:41.416,1,-1.981188,1.443446,-0.791284,training_touch
10:03:41.416,2,-3.954514,1.382461,-0.9505,training_touch
10:03:41.499,1,-1.980184,1.443283,-0.79462,training_touch
10:03:41.499,2,-3.962159,1.382426,-0.955325,training_touch
10:03:41.615,1,-1.98005,1.443762,-0.797117,training_touch
10:03:41.616,2,-3.98095,1.374837,-0.965595,training_touch
10:03:41.699,1,-1.981146,1.448234,-0.795281,training_touch
10:03:41.699,2,-3.983886,1.37169,-0.966857,training_touch
10:03:41.782,1,-1.980593,1.447653,-0.796424,training_touch
10:03:41.782,2,-3.985729,1.36721,-0.968804,training_touch
10:03:41.865,1,-1.982719,1.455244,-0.800197,training_touch
10:03:41.866,2,-3.985674,1.372332,-0.968888,training_touch
10:03:41.949,1,-1.98132,1.453123,-0.799662,training_touch
10:03:41.949,2,-3.985454,1.372938,-0.969379,training_touch
10:03:42.032,1,-1.985684,1.449611,-0.79482,training_touch
10:03:42.032,2,-3.983857,1.380783,-0.969023,training_touch
10:03:42.116,1,-1.981939,1.452296,-0.796286,training_touch
10:03:42.116,2,-3.983106,1.384308,-0.969077,training_touch
10:03:42.199,1,-1.980867,1.451249,-0.797222,training_touch
10:03:42.199,2,-3.970101,1.381524,-0.963521,training_touch
10:03:42.282,1,-1.980963,1.457245,-0.796727,training_touch
10:03:42.282,2,-3.953762,1.384939,-0.957286,training_touch
10:03:42.366,1,-1.97989,1.460801,-0.796371,training_touch
10:03:42.366,2,-3.940099,1.38977,-0.950875,training_touch
10:03:42.449,1,-1.979989,1.462684,-0.797713,training_touch
10:03:42.449,2,-3.930344,1.387613,-0.944041,training_touch
10:03:42.533,1,-1.983138,1.463166,-0.795466,training_touch
10:03:42.533,2,-3.919347,1.387817,-0.939774,training_touch
10:03:42.615,1,-1.988698,1.461756,-0.79044,training_touch
10:03:42.616,2,-3.900582,1.390988,-0.93712,training_touch
10:03:42.699,1,-1.989651,1.461024,-0.790195,training_touch
10:03:42.700,2,-3.899438,1.393093,-0.936129,training_touch
10:03:42.782,1,-1.987817,1.460284,-0.792862,training_touch
10:03:42.782,2,-3.887555,1.393941,-0.931726,training_touch
10:03:42.866,1,-1.987368,1.461094,-0.793132,training_touch
10:03:42.866,2,-3.871938,1.392903,-0.925613,training_touch
10:03:42.949,1,-1.983169,1.462276,-0.794788,training_touch
10:03:42.949,2,-3.860069,1.397795,-0.922652,training_touch
10:03:43.033,1,-1.981639,1.459336,-0.795453,training_touch
10:03:43.033,2,-3.85669,1.400858,-0.921268,training_touch
10:03:43.116,1,-1.979633,1.455179,-0.796658,training_touch
10:03:43.116,2,-3.842753,1.385546,-0.91816,training_touch
10:03:43.199,1,-1.979556,1.445334,-0.797229,training_touch
10:03:43.200,2,-3.83799,1.383328,-0.917108,training_touch
10:03:43.282,1,-1.978338,1.451838,-0.796464,training_touch
10:03:43.282,2,-3.840298,1.383266,-0.918405,training_touch
10:03:43.366,1,-1.97965,1.449404,-0.795129,training_touch
10:03:43.366,2,-3.836027,1.391513,-0.914346,training_touch
10:03:43.449,1,-1.979509,1.450792,-0.794813,training_touch
10:03:43.449,2,-3.83594,1.392358,-0.912096,training_touch
10:03:43.532,1,-1.980066,1.454194,-0.796393,training_touch
10:03:43.532,2,-3.830959,1.40311,-0.89673,training_touch
10:03:43.615,1,-1.977533,1.453002,-0.795271,training_touch
10:03:43.616,2,-3.832779,1.40798,-0.885327,training_touch
10:03:43.699,1,-1.976781,1.454703,-0.795587,training_touch
10:03:43.700,2,-3.833066,1.415003,-0.87423,training_touch
10:03:43.882,1,-1.97665,1.452697,-0.794626,training_touch
10:03:43.882,2,-3.834212,1.413226,-0.833267,training_touch
10:03:43.983,1,-1.973777,1.452771,-0.79735,training_touch
10:03:43.983,2,-3.825923,1.413174,-0.783806,training_touch
10:03:44.098,1,-1.972737,1.452193,-0.797143,training_touch
10:03:44.099,2,-3.831094,1.411224,-0.762914,training_touch
10:03:44.182,1,-1.971884,1.450517,-0.797462,training_touch
10:03:44.182,2,-3.834199,1.410019,-0.742625,training_touch
10:03:44.265,1,-1.977105,1.449785,-0.793662,training_touch
10:03:44.266,2,-3.832076,1.411807,-0.737893,training_touch
10:03:44.349,1,-1.976546,1.450119,-0.79355,training_touch
10:03:44.349,2,-3.834642,1.407118,-0.722454,training_touch
10:03:44.433,1,-1.974181,1.449883,-0.794084,training_touch
10:03:44.433,2,-3.837886,1.406584,-0.714938,training_touch
10:03:44.515,1,-1.973137,1.450993,-0.794263,training_touch
10:03:44.515,2,-3.843784,1.407039,-0.710603,training_touch
10:03:44.599,1,-1.971122,1.452137,-0.794403,training_touch
10:03:44.599,2,-3.84636,1.405978,-0.710647,training_touch
10:03:44.682,1,-1.972348,1.453087,-0.793712,training_touch
10:03:44.682,2,-3.844863,1.410867,-0.70471,training_touch
10:03:44.766,1,-1.972465,1.452347,-0.793621,training_touch
10:03:44.766,2,-3.847612,1.41446,-0.696582,training_touch
10:03:44.849,1,-1.972274,1.451985,-0.794189,training_touch
10:03:44.849,2,-3.852262,1.415957,-0.698924,training_touch
10:03:44.933,1,-1.971878,1.452849,-0.794842,training_touch
10:03:44.933,2,-3.849854,1.417121,-0.692198,training_touch
10:03:45.116,1,-1.971803,1.451951,-0.795346,training_touch
10:03:45.116,2,-3.849761,1.417994,-0.69216,training_touch
10:03:45.216,1,-1.971001,1.45335,-0.79436,training_touch
10:03:45.216,2,-3.853683,1.417243,-0.688294,training_touch
10:03:45.299,1,-1.972634,1.454842,-0.794306,training_touch
10:03:45.299,2,-3.857457,1.421334,-0.685121,training_touch
10:03:45.382,1,-1.974273,1.453717,-0.79346,training_touch
10:03:45.382,2,-3.856945,1.419861,-0.682482,training_touch
10:03:45.466,1,-1.972202,1.437908,-0.793247,training_touch
10:03:45.466,2,-3.856177,1.415225,-0.679084,training_touch
10:03:45.549,1,-1.966558,1.450737,-0.795806,training_touch
10:03:45.549,2,-3.859005,1.407065,-0.680988,training_touch
10:03:45.632,1,-1.967651,1.447569,-0.79588,training_touch
10:03:45.633,2,-3.858965,1.399898,-0.681024,training_touch
10:03:45.716,1,-1.969153,1.449042,-0.795198,training_touch
10:03:45.716,2,-3.857845,1.396016,-0.680826,training_touch
10:03:45.799,1,-1.969294,1.453451,-0.795214,training_touch
10:03:45.799,2,-3.860726,1.394626,-0.681731,training_touch
10:03:45.882,1,-1.971078,1.455029,-0.794583,training_touch
10:03:45.882,2,-3.858951,1.396737,-0.680556,training_touch
10:03:45.966,1,-1.975783,1.455823,-0.793616,training_touch
10:03:45.966,2,-3.857942,1.400446,-0.680231,training_touch
10:03:46.049,1,-1.976036,1.454496,-0.793302,training_touch
10:03:46.049,2,-3.856981,1.402616,-0.67697,training_touch
10:03:46.133,1,-1.976473,1.454113,-0.793603,training_touch
10:03:46.133,2,-3.853029,1.412854,-0.674796,training_touch
10:03:46.215,1,-1.977032,1.460318,-0.793391,training_touch
10:03:46.215,2,-3.852852,1.419643,-0.667873,training_touch
10:03:46.315,1,-1.977719,1.459943,-0.793313,training_touch
10:03:46.315,2,-3.85565,1.41893,-0.668966,training_touch
10:03:46.399,1,-1.97937,1.45824,-0.793548,training_touch
10:03:46.399,2,-3.855877,1.419223,-0.671065,training_touch
10:03:46.482,1,-1.981174,1.457209,-0.794152,training_touch
10:03:46.483,2,-3.858098,1.414489,-0.675725,training_touch
10:03:46.566,1,-1.981089,1.452546,-0.794104,training_touch
10:03:46.567,2,-3.858253,1.412471,-0.675308,training_touch
10:03:46.649,1,-1.982035,1.446939,-0.793359,training_touch
10:03:46.649,2,-3.861305,1.412291,-0.678606,training_touch
10:03:46.734,1,-1.982056,1.450567,-0.793558,training_touch
10:03:46.734,2,-3.85998,1.412577,-0.675736,training_touch
10:03:46.815,1,-1.983039,1.45017,-0.792631,training_touch
10:03:46.816,2,-3.858207,1.413009,-0.675598,training_touch
10:03:46.899,1,-1.983881,1.449924,-0.792456,training_touch
10:03:46.900,2,-3.857981,1.415076,-0.67559,training_touch
10:03:46.982,1,-1.983783,1.449922,-0.793826,training_touch
10:03:46.982,2,-3.857251,1.419645,-0.675725,training_touch
10:03:47.065,1,-1.982483,1.446401,-0.793392,training_touch
10:03:47.066,2,-3.856586,1.411768,-0.675241,training_touch
10:03:47.149,1,-1.982969,1.449912,-0.793268,training_touch
10:03:47.150,2,-3.855639,1.41555,-0.67453,training_touch
10:03:47.232,1,-1.984308,1.451984,-0.792372,training_touch
10:03:47.233,2,-3.853748,1.420418,-0.674649,training_touch
10:03:47.333,1,-1.984315,1.453223,-0.79195,training_touch
10:03:47.333,2,-3.855143,1.420816,-0.674608,training_touch
10:03:47.415,1,-1.98633,1.445898,-0.79057,training_touch
10:03:47.415,2,-3.858662,1.419561,-0.674745,training_touch
10:03:47.499,1,-1.987298,1.446654,-0.79058,training_touch
10:03:47.500,2,-3.859535,1.42017,-0.675602,training_touch
10:03:47.582,1,-1.986826,1.447869,-0.790822,training_touch
10:03:47.583,2,-3.860063,1.425513,-0.676345,training_touch
10:03:47.666,1,-1.986861,1.451001,-0.78836,training_touch
10:03:47.666,2,-3.85852,1.425039,-0.675519,training_touch
10:03:47.749,1,-1.986143,1.454255,-0.788981,training_touch
10:03:47.749,2,-3.858441,1.42164,-0.675404,training_touch
10:03:47.833,1,-1.985751,1.455958,-0.787565,training_touch
10:03:47.833,2,-3.857058,1.420414,-0.673752,training_touch
10:03:47.916,1,-1.987273,1.451052,-0.78806,training_touch
10:03:47.916,2,-3.856701,1.425091,-0.673957,training_touch
10:03:48.049,1,-1.98891,1.449449,-0.787194,training_touch
10:03:48.050,2,-3.860234,1.423259,-0.675702,training_touch
10:03:48.149,1,-1.992142,1.444048,-0.786425,training_touch
10:03:48.150,2,-3.858111,1.42153,-0.675797,training_touch
10:03:48.266,1,-1.991835,1.441372,-0.785206,training_touch
10:03:48.266,2,-3.855667,1.418681,-0.675372,training_touch
10:03:48.349,1,-1.992709,1.45786,-0.783897,training_touch
10:03:48.349,2,-3.859532,1.420699,-0.677279,training_touch
10:03:48.499,1,-1.991306,1.457683,-0.78434,training_touch
10:03:48.500,2,-3.857278,1.410727,-0.673997,training_touch
10:03:48.582,1,-1.9902,1.460087,-0.787291,training_touch
10:03:48.582,2,-3.857262,1.407159,-0.674942,training_touch
10:03:48.666,1,-1.989711,1.460593,-0.788231,training_touch
10:03:48.666,2,-3.861407,1.415325,-0.677212,training_touch
10:03:48.749,1,-1.992839,1.46139,-0.787843,training_touch
10:03:48.749,2,-3.85957,1.40909,-0.678236,training_touch
10:03:48.833,1,-1.991278,1.461962,-0.789863,training_touch
10:03:48.833,2,-3.858281,1.409086,-0.676565,training_touch
10:03:48.915,1,-1.994611,1.461343,-0.788321,training_touch
10:03:48.916,2,-3.855815,1.403273,-0.678639,training_touch
10:03:49.033,1,-1.995001,1.461869,-0.788378,training_touch
10:03:49.033,2,-3.854963,1.401286,-0.679483,training_touch
10:03:49.116,1,-1.996689,1.46237,-0.78844,training_touch
10:03:49.116,2,-3.855719,1.403568,-0.66885,training_touch
10:03:49.199,1,-1.997905,1.460193,-0.789261,training_touch
10:03:49.199,2,-3.865638,1.403532,-0.662427,training_touch
10:03:49.282,1,-1.99891,1.461639,-0.789395,training_touch
10:03:49.282,2,-3.873925,1.408482,-0.658206,training_touch
10:03:49.366,1,-1.998691,1.462854,-0.790015,training_touch
10:03:49.366,2,-3.874275,1.409636,-0.652191,training_touch
10:03:49.449,1,-1.996621,1.461727,-0.791488,training_touch
10:03:49.449,2,-3.914344,1.409663,-0.751478,training_touch
10:03:49.532,1,-1.999077,1.463641,-0.791569,training_touch
10:03:49.532,2,-3.913071,1.409495,-0.744302,training_touch
10:03:49.615,1,-1.999063,1.461675,-0.791441,training_touch
10:03:49.616,2,-3.915478,1.409396,-0.740401,training_touch
10:03:49.699,1,-1.999306,1.463327,-0.791913,training_touch
10:03:49.699,2,-3.896069,1.409942,-0.75243,training_touch
10:03:49.782,1,-2.001236,1.464302,-0.795552,training_touch
10:03:49.782,2,-3.853555,1.407848,-0.760632,training_touch
10:03:49.866,1,-2.001666,1.464376,-0.79485,training_touch
10:03:49.866,2,-3.882958,1.406063,-0.687716,training_touch
10:03:49.949,1,-2.002506,1.464032,-0.793543,training_touch
10:03:49.949,2,-3.856948,1.407228,-0.758786,training_touch
10:03:50.033,1,-2.001957,1.46171,-0.793421,training_touch
10:03:50.033,2,-3.922475,1.393267,-0.713374,training_touch
10:03:50.115,1,-2.001704,1.462733,-0.793535,training_touch
10:03:50.116,2,-3.867383,1.391192,-0.717295,training_touch
10:03:50.199,1,-2.002807,1.463026,-0.79373,training_touch
10:03:50.200,2,-3.868116,1.403639,-0.716801,training_touch
10:03:50.282,1,-2.001389,1.463254,-0.794278,training_touch
10:03:50.282,2,-3.898869,1.405004,-0.724023,training_touch
10:03:50.366,1,-2.002698,1.463198,-0.793409,training_touch
10:03:50.366,2,-3.917193,1.40522,-0.719425,training_touch
10:03:50.449,1,-2.002905,1.462261,-0.793987,training_touch
10:03:50.449,2,-3.926385,1.404405,-0.728831,training_touch
10:03:50.533,1,-2.003132,1.463547,-0.793473,training_touch
10:03:50.533,2,-3.856595,1.40382,-0.709843,training_touch
10:03:50.616,1,-2.002089,1.463944,-0.793646,training_touch
10:03:50.616,2,-3.920948,1.405052,-0.725921,training_touch
10:03:50.699,1,-2.003109,1.463814,-0.793867,training_touch
10:03:50.700,2,-3.788559,1.406065,-0.706856,training_touch
10:03:50.782,1,-2.004893,1.463448,-0.794597,training_touch
10:03:50.782,2,-3.78508,1.404545,-0.720262,training_touch
10:03:50.865,1,-2.003662,1.46335,-0.795253,training_touch
10:03:50.866,2,-3.706833,1.40713,-0.745169,training_touch
10:03:50.949,1,-2.004267,1.463636,-0.794659,training_touch
10:03:50.949,2,-3.709029,1.408461,-0.744902,training_touch
10:03:51.032,1,-2.004712,1.46294,-0.795356,training_touch
10:03:51.033,2,-3.70147,1.409173,-0.750139,training_touch
10:03:51.115,1,-2.003087,1.460637,-0.795131,training_touch
10:03:51.116,2,-3.635571,1.406864,-0.725076,training_touch
10:03:51.199,1,-2.002503,1.462937,-0.796386,training_touch
10:03:51.199,2,-3.710041,1.400876,-0.741451,training_touch
10:03:51.299,1,-2.006291,1.463493,-0.795226,training_touch
10:03:51.300,2,-3.76052,1.39631,-0.732538,training_touch
10:03:51.382,1,-2.006276,1.463034,-0.796356,training_touch
10:03:51.382,2,-3.701805,1.390547,-0.743103,training_touch
10:03:51.465,1,-2.006863,1.464919,-0.796426,training_touch
10:03:51.465,2,-3.710628,1.395639,-0.734101,training_touch
10:03:51.549,1,-2.005023,1.464349,-0.793795,training_touch
10:03:51.549,2,-3.633195,1.399873,-0.725844,training_touch
10:03:51.632,1,-2.008765,1.465362,-0.791144,training_touch
10:03:51.632,2,-3.719428,1.397687,-0.737744,training_touch
10:03:51.716,1,-2.007682,1.465784,-0.791507,training_touch
10:03:51.716,2,-3.703094,1.394847,-0.724737,training_touch
10:03:51.799,1,-2.008337,1.463165,-0.792277,training_touch
10:03:51.799,2,-3.743732,1.395233,-0.646951,training_touch
10:03:51.883,1,-2.011602,1.461005,-0.795829,training_touch
10:03:51.883,2,-3.72454,1.3969,-0.646502,training_touch
10:03:51.965,1,-2.012162,1.462375,-0.795546,training_touch
10:03:51.966,2,-3.80254,1.3983,-0.617525,training_touch
10:03:52.049,1,-2.012467,1.462691,-0.794925,training_touch
10:03:52.050,2,-3.791658,1.398467,-0.641961,training_touch
10:03:52.132,1,-2.014616,1.464039,-0.794775,training_touch
10:03:52.132,2,-3.779225,1.397499,-0.662762,training_touch
10:03:52.216,1,-2.014683,1.464171,-0.794432,training_touch
10:03:52.216,2,-3.793973,1.396503,-0.670863,training_touch
10:03:52.299,1,-2.014573,1.46466,-0.795044,training_touch
10:03:52.300,2,-3.761033,1.396888,-0.699845,training_touch
10:03:52.382,1,-2.014771,1.463969,-0.795874,training_touch
10:03:52.382,2,-3.886833,1.394521,-0.645778,training_touch
10:03:52.466,1,-2.014788,1.463586,-0.795678,training_touch
10:03:52.467,2,-3.712886,1.395033,-0.733073,training_touch
10:03:52.549,1,-2.015611,1.465063,-0.794701,training_touch
10:03:52.549,2,-3.78915,1.390208,-0.715526,training_touch
10:03:52.633,1,-2.015799,1.464723,-0.794883,training_touch
10:03:52.633,2,-3.76901,1.388158,-0.775769,training_touch
10:03:52.716,1,-2.016015,1.46498,-0.795032,training_touch
10:03:52.716,2,-3.780255,1.388301,-0.806413,training_touch
10:03:52.849,1,-2.01571,1.465854,-0.794358,training_touch
10:03:52.849,2,-3.873014,1.385742,-0.817742,training_touch
10:03:52.933,1,-2.015763,1.466765,-0.794424,training_touch
10:03:52.933,2,-3.825905,1.382562,-0.836062,training_touch
10:03:53.015,1,-2.016523,1.466853,-0.793761,training_touch
10:03:53.016,2,-3.766008,1.383388,-0.83341,training_touch
10:03:53.133,1,-2.015954,1.467057,-0.793584,training_touch
10:03:53.133,2,-3.743614,1.383991,-0.846696,training_touch
10:03:53.215,1,-2.016244,1.467447,-0.794826,training_touch
10:03:53.215,2,-3.879047,1.385929,-0.821607,training_touch
10:03:53.349,1,-2.014796,1.466863,-0.795216,training_touch
10:03:53.349,2,-3.816585,1.38431,-0.887489,training_touch
10:03:53.433,1,-2.014868,1.467434,-0.794863,training_touch
10:03:53.433,2,-3.8142,1.384937,-0.893761,training_touch
10:03:53.516,1,-2.014692,1.467157,-0.79368,training_touch
10:03:53.517,2,-3.773129,1.387389,-0.863986,training_touch
10:03:53.599,1,-2.014607,1.467185,-0.793313,training_touch
10:03:53.599,2,-3.727421,1.383031,-0.842925,training_touch
10:03:53.683,1,-2.014363,1.467093,-0.794404,training_touch
10:03:53.683,2,-3.851577,1.383223,-0.910554,training_touch
10:03:53.766,1,-2.014489,1.465829,-0.79377,training_touch
10:03:53.766,2,-3.738857,1.387264,-0.829855,training_touch
10:03:53.849,1,-2.013982,1.463451,-0.794161,training_touch
10:03:53.849,2,-3.87383,1.386979,-0.890153,training_touch
10:03:53.933,1,-2.014748,1.463632,-0.792126,training_touch
10:03:53.933,2,-3.882284,1.384033,-0.887395,training_touch
10:03:54.016,1,-2.014052,1.463283,-0.792712,training_touch
10:03:54.016,2,-3.877995,1.388216,-0.88682,training_touch
10:03:54.099,1,-2.012652,1.46348,-0.793549,training_touch
10:03:54.100,2,-3.873847,1.385996,-0.886767,training_touch
10:03:54.182,1,-2.012046,1.463346,-0.793733,training_touch
10:03:54.183,2,-3.872008,1.385777,-0.886931,training_touch
10:03:54.265,1,-2.0117,1.462825,-0.793864,training_touch
10:03:54.266,2,-3.876074,1.385348,-0.887438,training_touch
10:03:54.399,1,-2.010674,1.466163,-0.792127,training_touch
10:03:54.399,2,-3.865478,1.385822,-0.881996,training_touch
10:03:54.483,1,-2.010584,1.461594,-0.792441,training_touch
10:03:54.483,2,-3.865896,1.387838,-0.87622,training_touch
10:03:54.566,1,-2.009236,1.453456,-0.793245,training_touch
10:03:54.566,2,-3.861777,1.387631,-0.865157,training_touch
10:03:54.650,1,-2.008449,1.45184,-0.794651,training_touch
10:03:54.650,2,-3.857068,1.387662,-0.851834,training_touch
10:03:54.733,1,-2.008051,1.453522,-0.795857,training_touch
10:03:54.733,2,-3.853174,1.38439,-0.835241,training_touch
10:03:54.816,1,-2.00774,1.453951,-0.79761,training_touch
10:03:54.816,2,-3.853131,1.383897,-0.820764,training_touch
10:03:54.899,1,-2.008894,1.451782,-0.798248,training_touch
10:03:54.899,2,-3.859653,1.386633,-0.810058,training_touch
10:03:54.982,1,-2.008911,1.448639,-0.799803,training_touch
10:03:54.983,2,-3.861041,1.386533,-0.793403,training_touch
10:03:55.066,1,-2.009026,1.443643,-0.799929,training_touch
10:03:55.066,2,-3.854264,1.386331,-0.774942,training_touch
10:03:55.149,1,-2.008691,1.444751,-0.799386,training_touch
10:03:55.149,2,-3.852781,1.386073,-0.756779,training_touch
10:03:55.233,1,-2.00854,1.442707,-0.799544,training_touch
10:03:55.233,2,-3.851269,1.386227,-0.752208,training_touch
10:03:55.316,1,-2.008653,1.443201,-0.799452,training_touch
10:03:55.316,2,-3.849129,1.386534,-0.740466,training_touch
10:03:55.399,1,-2.009311,1.441907,-0.799396,training_touch
10:03:55.399,2,-3.849996,1.386776,-0.729494,training_touch
10:03:55.482,1,-2.009497,1.442789,-0.800054,training_touch
10:03:55.482,2,-3.849206,1.388265,-0.727406,training_touch
10:03:55.566,1,-2.010342,1.446908,-0.799177,training_touch
10:03:55.567,2,-3.849049,1.389321,-0.725401,training_touch
10:03:55.649,1,-2.010524,1.448162,-0.798885,training_touch
10:03:55.649,2,-3.850025,1.385478,-0.719736,training_touch
10:03:55.733,1,-2.010758,1.448784,-0.797059,training_touch
10:03:55.733,2,-3.849158,1.388245,-0.70874,training_touch
10:03:55.816,1,-2.010686,1.451862,-0.794782,training_touch
10:03:55.816,2,-3.845017,1.38815,-0.709726,training_touch
10:03:55.899,1,-2.011173,1.452698,-0.794081,training_touch
10:03:55.899,2,-3.847179,1.386896,-0.711966,training_touch
10:03:56.083,1,-2.010385,1.453568,-0.79197,training_touch
10:03:56.083,2,-3.847915,1.388678,-0.709461,training_touch
10:03:56.182,1,-2.010643,1.455163,-0.787915,training_touch
10:03:56.183,2,-3.847752,1.385776,-0.70946,training_touch
10:03:56.266,1,-2.012189,1.452064,-0.784063,training_touch
10:03:56.266,2,-3.847512,1.384433,-0.70968,training_touch
10:03:56.349,1,-2.012414,1.455567,-0.777323,training_touch
10:03:56.349,2,-3.846547,1.381522,-0.709905,training_touch
10:03:56.433,1,-2.020039,1.455281,-0.784196,training_touch
10:03:56.433,2,-3.847189,1.381283,-0.708243,training_touch
10:03:56.516,1,-2.016794,1.451605,-0.758441,training_touch
10:03:56.516,2,-3.850499,1.376602,-0.701219,training_touch
10:03:56.599,1,-2.014597,1.451249,-0.759999,training_touch
10:03:56.600,2,-3.851001,1.382745,-0.702579,training_touch
10:03:56.682,1,-2.014573,1.452295,-0.760771,training_touch
10:03:56.683,2,-3.847388,1.381599,-0.703538,training_touch
10:03:56.766,1,-2.014085,1.452129,-0.765456,training_touch
10:03:56.766,2,-3.849352,1.377111,-0.705253,training_touch
10:03:56.849,1,-2.014657,1.446763,-0.762901,training_touch
10:03:56.850,2,-3.847169,1.235933,-0.705351,training_touch
10:03:56.933,1,-2.014614,1.4504,-0.761521,training_touch
10:03:56.933,2,-3.847512,1.261068,-0.704921,training_touch
10:03:57.016,1,-2.015253,1.450213,-0.761399,training_touch
10:03:57.016,2,-3.850393,1.270709,-0.708699,training_touch
10:03:57.100,1,-2.015769,1.449365,-0.760958,training_touch
10:03:57.100,2,-3.849815,1.269261,-0.714514,training_touch
10:03:57.182,1,-2.015736,1.450196,-0.761044,training_touch
10:03:57.182,2,-3.850755,1.249633,-0.71658,training_touch
10:03:57.265,1,-2.014173,1.449515,-0.762118,training_touch
10:03:57.266,2,-3.849702,1.392288,-0.719452,training_touch
10:03:57.350,1,-2.014631,1.449901,-0.7622,training_touch
10:03:57.350,2,-3.847927,1.215819,-0.728705,training_touch
10:03:57.433,1,-2.014553,1.449229,-0.762936,training_touch
10:03:57.433,2,-3.846029,1.24799,-0.740467,training_touch
10:03:57.516,1,-2.014185,1.449371,-0.763794,training_touch
10:03:57.516,2,-3.83725,1.349918,-0.768595,training_touch
10:03:57.649,1,-2.012487,1.450062,-0.766022,training_touch
10:03:57.649,2,-3.820341,1.349591,-0.822198,training_touch
10:03:57.733,1,-2.012107,1.450205,-0.768072,training_touch
10:03:57.733,2,-3.800212,1.284902,-0.851985,training_touch
10:03:57.816,1,-2.013166,1.45155,-0.771433,training_touch
10:03:57.816,2,-3.788502,1.264643,-0.888817,training_touch
10:03:57.900,1,-2.010116,1.453194,-0.77506,training_touch
10:03:57.900,2,-3.781557,1.250166,-0.932349,training_touch
10:03:57.982,1,-2.010581,1.45527,-0.778939,training_touch
10:03:57.982,2,-3.7726,1.348203,-0.957024,training_touch
10:03:58.066,1,-2.008296,1.455282,-0.788942,training_touch
10:03:58.066,2,-3.759715,1.25027,-0.986136,training_touch
10:03:58.149,1,-2.006181,1.45835,-0.796032,training_touch
10:03:58.149,2,-3.747719,1.527759,-1.016055,training_touch
10:03:58.233,1,-2.004212,1.460196,-0.799927,training_touch
10:03:58.233,2,-3.739777,1.518653,-1.029605,training_touch
10:03:58.316,1,-2.003103,1.459696,-0.802236,training_touch
10:03:58.316,2,-3.727432,1.445599,-1.046294,training_touch
10:03:58.399,1,-2.000701,1.459604,-0.809364,training_touch
10:03:58.400,2,-3.722799,1.44958,-1.053453,training_touch
10:03:58.483,1,-1.99898,1.460287,-0.816224,training_touch
10:03:58.483,2,-3.720804,1.509631,-1.057921,training_touch
10:03:58.566,1,-1.996183,1.459028,-0.819279,training_touch
10:03:58.567,2,-3.718095,1.589061,-1.056151,training_touch
10:03:58.650,1,-1.995553,1.457294,-0.821551,training_touch
10:03:58.650,2,-3.715806,1.511281,-1.049855,training_touch
10:03:58.733,1,-1.994669,1.458182,-0.823977,training_touch
10:03:58.733,2,-3.715548,1.381276,-1.042371,training_touch
10:03:58.816,1,-1.988577,1.456783,-0.839765,training_touch
10:03:58.816,2,-3.723635,1.526141,-1.026827,training_touch
10:03:58.900,1,-1.987908,1.457669,-0.843225,training_touch
10:03:58.900,2,-3.732975,1.5006,-1.012683,training_touch
10:03:58.983,1,-1.981837,1.455133,-0.852671,training_touch
10:03:58.983,2,-3.76011,1.596427,-0.983352,training_touch
10:03:59.066,1,-1.978852,1.455381,-0.860247,training_touch
10:03:59.067,2,-3.786197,1.524959,-0.948527,training_touch
10:03:59.149,1,-1.970829,1.454872,-0.864669,training_touch
10:03:59.150,2,-3.823276,1.600391,-0.914843,training_touch
10:03:59.233,1,-1.963972,1.455661,-0.866168,training_touch
10:03:59.233,2,-3.862497,1.487874,-0.891878,training_touch
10:03:59.316,1,-1.955308,1.451877,-0.870719,training_touch
10:03:59.317,2,-3.901327,1.584871,-0.856676,training_touch
10:03:59.400,1,-1.941532,1.45209,-0.877355,training_touch
10:03:59.401,2,-3.941231,1.570938,-0.837764,training_touch
10:03:59.482,1,-1.936911,1.453004,-0.876391,training_touch
10:03:59.482,2,-3.971054,1.502585,-0.810976,training_touch
10:03:59.566,1,-1.929729,1.451556,-0.87408,training_touch
10:03:59.566,2,-4.011313,1.426713,-0.781071,training_touch
10:03:59.649,1,-1.91454,1.451045,-0.862151,training_touch
10:03:59.649,2,-4.025257,1.421152,-0.768205,training_touch
10:03:59.733,1,-1.909503,1.452059,-0.85215,training_touch
10:03:59.733,2,-4.03915,1.494772,-0.760292,training_touch
10:03:59.816,1,-1.904269,1.450663,-0.814644,training_touch
10:03:59.816,2,-4.062349,1.48974,-0.747025,training_touch
10:03:59.899,1,-1.896773,1.450688,-0.806928,training_touch
10:03:59.900,2,-4.077212,1.560708,-0.73404,training_touch
10:03:59.982,1,-1.886075,1.450852,-0.775364,training_touch
10:03:59.982,2,-4.079827,1.332883,-0.732792,training_touch
10:04:00.066,1,-1.884995,1.450311,-0.752734,training_touch
10:04:00.066,2,-4.079531,1.525981,-0.731328,training_touch
10:04:00.149,1,-1.87851,1.451529,-0.724422,training_touch
10:04:00.150,2,-4.088566,1.530776,-0.725716,training_touch
10:04:00.233,1,-1.871903,1.453848,-0.713575,training_touch
10:04:00.233,2,-4.103942,1.567318,-0.717045,training_touch
10:04:00.316,1,-1.848479,1.453885,-0.686144,training_touch
10:04:00.316,2,-4.105642,1.525431,-0.719504,training_touch
10:04:00.400,1,-1.845953,1.454002,-0.681523,training_touch
10:04:00.400,2,-4.109207,1.546322,-0.718205,training_touch
10:04:00.482,1,-1.834476,1.452597,-0.67075,training_touch
10:04:00.483,2,-4.109373,1.562464,-0.718925,training_touch
10:04:00.566,1,-1.811479,1.456227,-0.652399,training_touch
10:04:00.567,2,-4.112991,1.528253,-0.717353,training_touch
10:04:00.650,1,-1.797583,1.456479,-0.64747,training_touch
10:04:00.650,2,-4.119077,1.527376,-0.722236,training_touch
10:04:00.733,1,-1.793716,1.455764,-0.643072,training_touch
10:04:00.733,2,-4.117086,1.521067,-0.720223,training_touch
10:04:00.816,1,-1.784019,1.454312,-0.642814,training_touch
10:04:00.816,2,-4.117807,1.579753,-0.717692,training_touch
10:04:00.949,1,-1.760797,1.454471,-0.631847,training_touch
10:04:00.949,2,-4.11667,1.569112,-0.717376,training_touch
10:04:01.033,1,-1.752455,1.453926,-0.628657,training_touch
10:04:01.033,2,-4.11574,1.638067,-0.715753,training_touch
10:04:01.116,1,-1.74902,1.453286,-0.629753,training_touch
10:04:01.117,2,-4.115938,1.628393,-0.715351,training_touch
10:04:01.199,1,-1.74458,1.450914,-0.630072,training_touch
10:04:01.200,2,-4.11702,1.398466,-0.714067,training_touch
10:04:01.282,1,-1.734826,1.453539,-0.632351,training_touch
10:04:01.282,2,-4.112669,1.412258,-0.717385,training_touch
10:04:01.366,1,-1.732487,1.454159,-0.628772,training_touch
10:04:01.366,2,-4.112826,1.410528,-0.716433,training_touch
10:04:01.449,1,-1.729164,1.45573,-0.627561,training_touch
10:04:01.449,2,-4.111644,1.404953,-0.714579,training_touch
10:04:01.533,1,-1.729971,1.455971,-0.624156,training_touch
10:04:01.533,2,-4.111528,1.403419,-0.713554,training_touch
10:04:01.616,1,-1.726263,1.456387,-0.625704,training_touch
10:04:01.616,2,-4.142145,1.408354,-0.734202,training_touch
10:04:01.699,1,-1.725451,1.457557,-0.625427,training_touch
10:04:01.699,2,-4.134394,1.404213,-0.715395,training_touch
10:04:01.783,1,-1.725093,1.457027,-0.625062,training_touch
10:04:01.783,2,-4.127976,1.409508,-0.709398,training_touch
10:04:01.899,1,-1.721147,1.457395,-0.625939,training_touch
10:04:01.899,2,-4.136913,1.409908,-0.70245,training_touch
10:04:01.982,1,-1.713058,1.45775,-0.621781,training_touch
10:04:01.983,2,-4.129641,1.405467,-0.707076,training_touch
10:04:02.066,1,-1.707093,1.456459,-0.621097,training_touch
10:04:02.067,2,-4.128116,1.402385,-0.706196,training_touch
10:04:02.149,1,-1.707261,1.454855,-0.620481,training_touch
10:04:02.150,2,-4.128638,1.404374,-0.705911,training_touch
10:04:02.233,1,-1.706475,1.456241,-0.619161,training_touch
10:04:02.233,2,-4.129735,1.409651,-0.71062,training_touch
10:04:02.316,1,-1.704021,1.454783,-0.618423,training_touch
10:04:02.316,2,-4.130341,1.398486,-0.708225,training_touch
10:04:02.466,1,-1.701668,1.454736,-0.616523,training_touch
10:04:02.467,2,-4.127087,1.403986,-0.711879,training_touch
10:04:02.549,1,-1.696372,1.455424,-0.609299,training_touch
10:04:02.549,2,-4.126674,1.406913,-0.71227,training_touch
10:04:02.633,1,-1.701704,1.455097,-0.610404,training_touch
10:04:02.633,2,-4.126204,1.403933,-0.716244,training_touch
10:04:03.032,1,-1.701949,1.454976,-0.613161,training_touch
10:04:03.032,2,-4.123515,1.405911,-0.719528,training_touch
10:04:03.149,1,-1.707173,1.455881,-0.616061,training_touch
10:04:03.149,2,-4.120089,1.404107,-0.734315,training_touch
10:04:03.232,1,-1.710744,1.457916,-0.614886,training_touch
10:04:03.232,2,-4.119395,1.405253,-0.737891,training_touch
10:04:03.315,1,-1.705348,1.456209,-0.614273,training_touch
10:04:03.316,2,-4.118371,1.405056,-0.745253,training_touch
10:04:03.399,1,-1.707958,1.456281,-0.614969,training_touch
10:04:03.399,2,-4.115236,1.410752,-0.753213,training_touch
10:04:03.499,1,-1.706068,1.450472,-0.61596,training_touch
10:04:03.500,2,-4.1105,1.407993,-0.767465,training_touch
10:04:03.600,1,-1.706131,1.448673,-0.617342,training_touch
10:04:03.601,2,-4.105579,1.402288,-0.783613,training_touch
10:04:03.700,1,-1.711404,1.448111,-0.62225,training_touch
10:04:03.700,2,-4.092545,1.404713,-0.811889,training_touch
10:04:03.800,1,-1.705754,1.453825,-0.624014,training_touch
10:04:03.800,2,-4.056938,1.40607,-0.834681,training_touch
10:04:03.882,1,-1.704495,1.455724,-0.624791,training_touch
10:04:03.882,2,-4.048844,1.40581,-0.849924,training_touch
10:04:03.966,1,-1.701654,1.455085,-0.625086,training_touch
10:04:03.967,2,-4.035973,1.406202,-0.87227,training_touch
10:04:04.049,1,-1.700311,1.456959,-0.627203,training_touch
10:04:04.049,2,-4.02932,1.405266,-0.90544,training_touch
10:04:04.132,1,-1.70006,1.431469,-0.627069,training_touch
10:04:04.132,2,-4.017619,1.406056,-0.926092,training_touch
10:04:04.233,1,-1.697417,1.467648,-0.632166,training_touch
10:04:04.233,2,-4.007016,1.413927,-0.944301,training_touch
10:04:04.333,1,-1.697983,1.466798,-0.633781,training_touch
10:04:04.333,2,-3.991754,1.41531,-0.980504,training_touch
10:04:04.433,1,-1.698423,1.463767,-0.633364,training_touch
10:04:04.433,2,-3.984431,1.409417,-1.00015,training_touch
10:04:04.533,1,-1.698084,1.45511,-0.633622,training_touch
10:04:04.533,2,-3.965621,1.414159,-1.030388,training_touch
10:04:04.615,1,-1.698036,1.459658,-0.63252,training_touch
10:04:04.616,2,-3.959575,1.411201,-1.043478,training_touch
10:04:04.699,1,-1.696435,1.457605,-0.632548,training_touch
10:04:04.699,2,-3.957461,1.412291,-1.049434,training_touch
10:04:04.782,1,-1.696473,1.457026,-0.631219,training_touch
10:04:04.782,2,-3.951409,1.412614,-1.064074,training_touch
10:04:04.866,1,-1.695479,1.458518,-0.630078,training_touch
10:04:04.866,2,-3.9481,1.411573,-1.069056,training_touch
10:04:04.949,1,-1.694056,1.459036,-0.629329,training_touch
10:04:04.949,2,-3.946105,1.413349,-1.076166,training_touch
10:04:05.249,1,-1.696103,1.454796,-0.627956,training_touch
10:04:05.249,2,-3.946677,1.410223,-1.078844,training_touch
10:04:05.349,1,-1.696137,1.455946,-0.626413,training_touch
10:04:05.349,2,-3.954776,1.398057,-1.1012,training_touch
10:04:05.432,1,-1.695259,1.453841,-0.62624,training_touch
10:04:05.433,2,-3.956433,1.390414,-1.103389,training_touch
10:04:05.515,1,-1.697606,1.45425,-0.626055,training_touch
10:04:05.516,2,-3.95982,1.385576,-1.106992,training_touch
10:04:05.600,1,-1.695916,1.45554,-0.626715,training_touch
10:04:05.600,2,-3.960975,1.393962,-1.108565,training_touch
10:04:05.682,1,-1.695167,1.456863,-0.626693,training_touch
10:04:05.683,2,-3.964951,1.401528,-1.11207,training_touch
10:04:05.766,1,-1.695545,1.458281,-0.626908,training_touch
10:04:05.767,2,-3.968511,1.400665,-1.115339,training_touch
10:04:05.849,1,-1.695902,1.462251,-0.62747,training_touch
10:04:05.850,2,-3.972549,1.380328,-1.116037,training_touch
10:04:05.933,1,-1.695777,1.462531,-0.628433,training_touch
10:04:05.933,2,-3.974123,1.395441,-1.115461,training_touch
10:04:06.016,1,-1.696047,1.465941,-0.62866,training_touch
10:04:06.016,2,-3.975958,1.383351,-1.116117,training_touch
10:04:06.099,1,-1.695827,1.464802,-0.628836,training_touch
10:04:06.099,2,-3.977572,1.381855,-1.113652,training_touch
10:04:06.183,1,-1.695686,1.464007,-0.628636,training_touch
10:04:06.183,2,-3.983913,1.383473,-1.109317,training_touch
10:04:06.266,1,-1.696166,1.463626,-0.627937,training_touch
10:04:06.266,2,-3.99564,1.395626,-1.093887,training_touch
10:04:06.350,1,-1.696823,1.466453,-0.626921,training_touch
10:04:06.350,2,-3.997532,1.385386,-1.084794,training_touch
10:04:06.432,1,-1.699163,1.465763,-0.626236,training_touch
10:04:06.433,2,-4.008589,1.384195,-1.052899,training_touch
10:04:06.516,1,-1.702926,1.466937,-0.624344,training_touch
10:04:06.517,2,-4.022702,1.383912,-1.027065,training_touch
10:04:06.600,1,-1.707054,1.465819,-0.625166,training_touch
10:04:06.600,2,-4.038122,1.388208,-0.991412,training_touch
10:04:06.683,1,-1.710077,1.464808,-0.626025,training_touch
10:04:06.683,2,-4.057914,1.400763,-0.971372,training_touch
10:04:06.766,1,-1.720361,1.454737,-0.626856,training_touch
10:04:06.766,2,-4.087545,1.411432,-0.924129,training_touch
10:04:06.849,1,-1.739356,1.45766,-0.623244,training_touch
10:04:06.849,2,-4.116003,1.406647,-0.881797,training_touch
10:04:06.933,1,-1.784297,1.460436,-0.628637,training_touch
10:04:06.933,2,-4.118061,1.404233,-0.859312,training_touch
10:04:07.016,1,-1.791394,1.45157,-0.631808,training_touch
10:04:07.016,2,-4.146975,1.392144,-0.815798,training_touch
10:04:07.100,1,-1.796051,1.451759,-0.641463,training_touch
10:04:07.100,2,-4.163572,1.395561,-0.788482,training_touch
10:04:07.183,1,-1.806296,1.450272,-0.645409,training_touch
10:04:07.183,2,-4.186321,1.396341,-0.759618,training_touch
10:04:07.266,1,-1.812121,1.445481,-0.65019,training_touch
10:04:07.267,2,-4.199495,1.390621,-0.741839,training_touch
10:04:07.349,1,-1.805272,1.449581,-0.652301,training_touch
10:04:07.349,2,-4.205032,1.386399,-0.726559,training_touch
10:04:07.433,1,-1.795194,1.449581,-0.654486,training_touch
10:04:07.433,2,-4.198147,1.387389,-0.713312,training_touch
10:04:07.516,1,-1.780605,1.449673,-0.679416,training_touch
10:04:07.516,2,-4.19708,1.38996,-0.707815,training_touch
10:04:07.600,1,-1.767454,1.446373,-0.680688,training_touch
10:04:07.601,2,-4.197011,1.394621,-0.707566,training_touch
10:04:07.682,1,-1.729785,1.442774,-0.702678,training_touch
10:04:07.683,2,-4.198684,1.387265,-0.701953,training_touch
10:04:07.766,1,-1.710204,1.433328,-0.716379,training_touch
10:04:07.767,2,-4.205135,1.396307,-0.69636,training_touch
10:04:07.850,1,-1.635075,1.432692,-0.744102,training_touch
10:04:07.850,2,-4.209262,1.396293,-0.692589,training_touch
10:04:07.933,1,-1.603631,1.431088,-0.768844,training_touch
10:04:07.933,2,-4.204189,1.398953,-0.688921,training_touch
10:04:08.016,1,-1.543678,1.43816,-0.783061,training_touch
10:04:08.017,2,-4.20486,1.39959,-0.686809,training_touch
10:04:08.116,1,-1.518518,1.43763,-0.797114,training_touch
10:04:08.117,2,-4.205204,1.399507,-0.684402,training_touch
10:04:08.199,1,-1.478402,1.435565,-0.811692,training_touch
10:04:08.199,2,-4.209129,1.40174,-0.685144,training_touch
10:04:08.283,1,-1.456919,1.435784,-0.816413,training_touch
10:04:08.283,2,-4.213323,1.401524,-0.687565,training_touch
10:04:08.366,1,-1.40831,1.437311,-0.830421,training_touch
10:04:08.366,2,-4.210057,1.401066,-0.688054,training_touch
10:04:08.450,1,-1.384328,1.438405,-0.829844,training_touch
10:04:08.450,2,-4.209169,1.402072,-0.687904,training_touch
10:04:08.533,1,-1.321526,1.445195,-0.813666,training_touch
10:04:08.533,2,-4.207407,1.402592,-0.687428,training_touch
10:04:08.617,1,-1.298636,1.441033,-0.784174,training_touch
10:04:08.617,2,-4.20518,1.402013,-0.686215,training_touch
10:04:08.699,1,-1.293886,1.406206,-0.767933,training_touch
10:04:08.700,2,-4.208441,1.410933,-0.690248,training_touch
10:04:08.782,1,-1.268957,1.430719,-0.78129,training_touch
10:04:08.782,2,-4.207963,1.406666,-0.691531,training_touch
10:04:08.866,1,-1.255001,1.444714,-0.786751,training_touch
10:04:08.866,2,-4.205204,1.402125,-0.694552,training_touch
10:04:08.949,1,-1.235513,1.445084,-0.761361,training_touch
10:04:08.949,2,-4.203969,1.402441,-0.694585,training_touch
10:04:09.032,1,-1.188685,1.447174,-0.765415,training_touch
10:04:09.033,2,-4.20468,1.399498,-0.699744,training_touch
10:04:09.116,1,-1.181775,1.442921,-0.763817,training_touch
10:04:09.116,2,-4.198989,1.399565,-0.699677,training_touch
10:04:09.199,1,-1.17817,1.43825,-0.758155,training_touch
10:04:09.200,2,-4.202488,1.396833,-0.702942,training_touch
10:04:09.283,1,-1.195863,1.438863,-0.777318,training_touch
10:04:09.283,2,-4.204141,1.398285,-0.703031,training_touch
10:04:09.366,1,-1.175289,1.440229,-0.741991,training_touch
10:04:09.366,2,-4.201156,1.397694,-0.703063,training_touch
10:04:09.449,1,-1.171086,1.446718,-0.769253,training_touch
10:04:09.449,2,-4.200882,1.398813,-0.698509,training_touch
10:04:09.533,1,-1.170985,1.441664,-0.761878,training_touch
10:04:09.533,2,-4.189778,1.384722,-0.69957,training_touch
10:04:09.616,1,-1.164475,1.442421,-0.746729,training_touch
10:04:09.616,2,-4.199672,1.383846,-0.70148,training_touch
10:04:09.716,1,-1.162433,1.442154,-0.743778,training_touch
10:04:09.716,2,-4.197966,1.382616,-0.698166,training_touch
10:04:09.799,1,-1.164357,1.440592,-0.750459,training_touch
10:04:09.799,2,-4.199331,1.377634,-0.698439,training_touch
10:04:09.882,1,-1.165197,1.441564,-0.75164,training_touch
10:04:09.883,2,-4.207515,1.379912,-0.699896,training_touch
10:04:09.966,1,-1.166997,1.437635,-0.750973,training_touch
10:04:09.966,2,-4.204805,1.380501,-0.698221,training_touch
10:04:10.049,1,-1.201,1.436062,-0.757794,training_touch
10:04:10.049,2,-4.201154,1.381628,-0.696489,training_touch
10:04:10.134,1,-1.214565,1.434043,-0.753939,training_touch
10:04:10.134,2,-4.199683,1.377009,-0.696214,training_touch
10:04:10.249,1,-1.195735,1.434953,-0.73022,training_touch
10:04:10.250,2,-4.197758,1.377108,-0.698149,training_touch
10:04:10.333,1,-1.218071,1.435501,-0.767023,training_touch
10:04:10.333,2,-4.202805,1.379989,-0.698262,training_touch
10:04:10.416,1,-1.216307,1.442696,-0.724054,training_touch
10:04:10.417,2,-4.201454,1.381715,-0.699605,training_touch
10:04:10.499,1,-1.232501,1.441069,-0.732139,training_touch
10:04:10.500,2,-4.200493,1.375677,-0.697744,training_touch
10:04:10.582,1,-1.248421,1.434829,-0.752997,training_touch
10:04:10.583,2,-4.195369,1.376108,-0.694508,training_touch
10:04:10.666,1,-1.27476,1.421449,-0.793937,training_touch
10:04:10.666,2,-4.19839,1.38461,-0.695989,training_touch
10:04:10.750,1,-1.275193,1.416211,-0.797562,training_touch
10:04:10.750,2,-4.192978,1.386887,-0.695064,training_touch
10:04:10.832,1,-1.28913,1.427914,-0.805084,training_touch
10:04:10.832,2,-4.19935,1.378369,-0.694962,training_touch
10:04:10.916,1,-1.306724,1.424624,-0.818649,training_touch
10:04:10.916,2,-4.201573,1.374654,-0.698881,training_touch
10:04:10.999,1,-1.325298,1.421766,-0.841207,training_touch
10:04:10.999,2,-4.187663,1.376274,-0.689557,training_touch
10:04:11.082,1,-1.330747,1.420161,-0.847993,training_touch
10:04:11.083,2,-4.195921,1.375786,-0.699848,training_touch
10:04:11.166,1,-1.340685,1.407805,-0.850884,training_touch
10:04:11.166,2,-4.198426,1.372365,-0.700688,training_touch
10:04:11.249,1,-1.352399,1.415044,-0.859738,training_touch
10:04:11.249,2,-4.203934,1.369265,-0.691912,training_touch
10:04:11.333,1,-1.360242,1.418755,-0.855962,training_touch
10:04:11.333,2,-4.198038,1.371989,-0.693074,training_touch
10:04:11.432,1,-1.372732,1.4242,-0.842501,training_touch
10:04:11.432,2,-4.200467,1.374464,-0.695965,training_touch
10:04:11.516,1,-1.396793,1.421384,-0.82532,training_touch
10:04:11.516,2,-4.203404,1.377284,-0.698986,training_touch
10:04:11.599,1,-1.406575,1.421827,-0.805497,training_touch
10:04:11.599,2,-4.190524,1.380614,-0.694125,training_touch
10:04:11.682,1,-1.4226,1.427542,-0.800395,training_touch
10:04:11.682,2,-4.186344,1.378906,-0.693529,training_touch
10:04:11.766,1,-1.423299,1.431265,-0.796566,training_touch
10:04:11.767,2,-4.193067,1.381862,-0.696808,training_touch
10:04:11.933,1,-1.423066,1.432965,-0.783912,training_touch
10:04:11.933,2,-4.19116,1.381348,-0.698303,training_touch
10:04:12.033,1,-1.429759,1.434361,-0.76789,training_touch
10:04:12.033,2,-4.192025,1.379671,-0.697237,training_touch
10:04:12.116,1,-1.432509,1.437824,-0.765526,training_touch
10:04:12.116,2,-4.188182,1.379807,-0.696406,training_touch
10:04:12.200,1,-1.433828,1.439037,-0.767969,training_touch
10:04:12.200,2,-4.183644,1.379856,-0.698429,training_touch
10:04:12.283,1,-1.438059,1.436883,-0.759935,training_touch
10:04:12.283,2,-4.195636,1.379963,-0.701352,training_touch
10:04:12.366,1,-1.439103,1.439496,-0.758689,training_touch
10:04:12.366,2,-4.195419,1.381313,-0.703584,training_touch
10:04:12.449,1,-1.440532,1.440676,-0.757455,training_touch
10:04:12.450,2,-4.194465,1.380652,-0.704523,training_touch
10:04:12.533,1,-1.440983,1.437441,-0.75679,training_touch
10:04:12.533,2,-4.191959,1.380872,-0.704149,training_touch
10:04:12.616,1,-1.442465,1.437266,-0.756133,training_touch
10:04:12.617,2,-4.171199,1.382948,-0.707177,training_touch
10:04:12.700,1,-1.443389,1.439298,-0.756938,training_touch
10:04:12.700,2,-4.159289,1.382548,-0.721496,training_touch
10:04:12.783,1,-1.448025,1.438474,-0.761983,training_touch
10:04:12.784,2,-4.124114,1.388437,-0.725034,training_touch
10:04:12.866,1,-1.451523,1.440441,-0.763564,training_touch
10:04:12.867,2,-4.115301,1.388311,-0.738725,training_touch
10:04:12.949,1,-1.451868,1.44264,-0.764627,training_touch
10:04:12.950,2,-4.079519,1.387097,-0.767231,training_touch
10:04:13.033,1,-1.453437,1.442877,-0.762209,training_touch
10:04:13.033,2,-4.041054,1.387366,-0.785237,training_touch
10:04:13.116,1,-1.455801,1.439332,-0.762596,training_touch
10:04:13.116,2,-3.984083,1.384187,-0.809725,training_touch
10:04:13.200,1,-1.456909,1.439738,-0.761439,training_touch
10:04:13.200,2,-3.938612,1.384282,-0.820644,training_touch
10:04:13.283,1,-1.45908,1.439429,-0.762019,training_touch
10:04:13.283,2,-3.923227,1.384486,-0.839922,training_touch
10:04:13.366,1,-1.462466,1.439731,-0.763778,training_touch
10:04:13.366,2,-3.884201,1.383064,-0.869102,training_touch
10:04:13.449,1,-1.465057,1.439575,-0.765414,training_touch
10:04:13.449,2,-3.863845,1.384886,-0.879065,training_touch
10:04:13.533,1,-1.465494,1.439999,-0.765013,training_touch
10:04:13.533,2,-3.846263,1.396133,-0.8877,training_touch
10:04:13.616,1,-1.466163,1.44144,-0.765633,training_touch
10:04:13.617,2,-3.805411,1.393635,-0.894624,training_touch
10:04:13.699,1,-1.467983,1.438796,-0.76521,training_touch
10:04:13.700,2,-3.785921,1.390263,-0.895233,training_touch
10:04:13.783,1,-1.469229,1.440249,-0.76754,training_touch
10:04:13.783,2,-3.770308,1.386782,-0.900359,training_touch
10:04:13.866,1,-1.469656,1.437008,-0.76769,training_touch
10:04:13.866,2,-3.765685,1.389727,-0.90073,training_touch
10:04:13.950,1,-1.475659,1.435425,-0.767931,training_touch
10:04:13.950,2,-3.749348,1.386892,-0.893075,training_touch
10:04:14.033,1,-1.483299,1.435916,-0.769519,training_touch
10:04:14.033,2,-3.735932,1.386663,-0.887774,training_touch
10:04:14.116,1,-1.481326,1.441152,-0.769488,training_touch
10:04:14.116,2,-3.7211,1.385322,-0.880889,training_touch
10:04:14.200,1,-1.480421,1.443728,-0.760651,training_touch
10:04:14.200,2,-3.707811,1.381259,-0.872869,training_touch
10:04:14.283,1,-1.481443,1.443037,-0.762154,training_touch
10:04:14.283,2,-3.692403,1.385548,-0.860398,training_touch
10:04:14.366,1,-1.482372,1.439065,-0.762786,training_touch
10:04:14.367,2,-3.675782,1.387487,-0.84638,training_touch
10:04:14.449,1,-1.485306,1.438438,-0.765636,training_touch
10:04:14.449,2,-3.652335,1.390689,-0.833038,training_touch
10:04:14.533,1,-1.487445,1.442719,-0.763826,training_touch
10:04:14.534,2,-3.619218,1.395109,-0.803985,training_touch
10:04:14.616,1,-1.488091,1.445052,-0.765718,training_touch
10:04:14.616,2,-3.604533,1.395158,-0.790896,training_touch
10:04:14.749,1,-1.488931,1.447221,-0.763726,training_touch
10:04:14.749,2,-3.579497,1.391992,-0.763431,training_touch
10:04:14.833,1,-1.489999,1.4416,-0.762937,training_touch
10:04:14.834,2,-3.577052,1.38949,-0.761772,training_touch
10:04:14.916,1,-1.491453,1.447935,-0.762679,training_touch
10:04:14.916,2,-3.578876,1.389332,-0.764922,training_touch
10:04:15.066,1,-1.492654,1.445327,-0.763012,training_touch
10:04:15.066,2,-3.572703,1.389697,-0.75924,training_touch
10:04:15.150,1,-1.492665,1.450764,-0.763077,training_touch
10:04:15.150,2,-3.551353,1.389307,-0.757121,training_touch
10:04:15.233,1,-1.494506,1.452496,-0.763175,training_touch
10:04:15.233,2,-3.54526,1.389842,-0.751966,training_touch
10:04:15.316,1,-1.495429,1.445583,-0.765686,training_touch
10:04:15.316,2,-3.533239,1.387495,-0.74659,training_touch
10:04:15.400,1,-1.494919,1.462114,-0.765147,training_touch
10:04:15.400,2,-3.528449,1.387568,-0.740175,training_touch
10:04:15.482,1,-1.495417,1.457897,-0.765206,training_touch
10:04:15.482,2,-3.525733,1.389789,-0.735331,training_touch
10:04:15.616,1,-1.497059,1.457459,-0.765316,training_touch
10:04:15.616,2,-3.524017,1.388045,-0.733252,training_touch
10:04:15.700,1,-1.4977,1.456444,-0.764752,training_touch
10:04:15.700,2,-3.529545,1.387971,-0.727659,training_touch
10:04:15.782,1,-1.497144,1.445166,-0.764313,training_touch
10:04:15.783,2,-3.52764,1.386814,-0.727855,training_touch
10:04:15.866,1,-1.496357,1.444638,-0.76406,training_touch
10:04:15.867,2,-3.527615,1.386987,-0.727501,training_touch
10:04:15.949,1,-1.497986,1.435115,-0.764825,training_touch
10:04:15.949,2,-3.529402,1.388527,-0.726448,training_touch
10:04:16.033,1,-1.497464,1.445745,-0.764761,training_touch
10:04:16.033,2,-3.529016,1.388797,-0.722063,training_touch
10:04:16.116,1,-1.497009,1.439826,-0.765395,training_touch
10:04:16.117,2,-3.533386,1.388972,-0.72174,training_touch
10:04:16.200,1,-1.497065,1.418289,-0.765269,training_touch
10:04:16.200,2,-3.534682,1.388195,-0.721186,training_touch
10:04:16.283,1,-1.497027,1.395902,-0.765612,training_touch
10:04:16.283,2,-3.540411,1.389586,-0.715024,training_touch
10:04:16.366,1,-1.496567,1.412794,-0.765033,training_touch
10:04:16.366,2,-3.551124,1.390007,-0.706655,training_touch
10:04:16.499,1,-1.496858,1.419961,-0.765304,training_touch
10:04:16.500,2,-3.568337,1.390911,-0.693949,training_touch
10:04:16.633,1,-1.497814,1.418308,-0.763198,training_touch
10:04:16.634,2,-3.603175,1.392088,-0.678784,training_touch
10:04:16.716,1,-1.498651,1.423423,-0.763719,training_touch
10:04:16.717,2,-3.631327,1.390407,-0.669492,training_touch
10:04:16.800,1,-1.498754,1.382617,-0.763237,training_touch
10:04:16.800,2,-3.645935,1.391444,-0.665419,training_touch
10:04:16.883,1,-1.498667,1.427879,-0.763803,training_touch
10:04:16.883,2,-3.664647,1.390583,-0.659389,training_touch
10:04:16.966,1,-1.500425,1.409322,-0.763354,training_touch
10:04:16.966,2,-3.686403,1.392117,-0.654329,training_touch
10:04:17.049,1,-1.50255,1.413234,-0.765025,training_touch
10:04:17.049,2,-3.703493,1.384117,-0.645353,training_touch
10:04:17.133,1,-1.502522,1.429899,-0.764986,training_touch
10:04:17.133,2,-3.716166,1.384496,-0.642686,training_touch
10:04:17.216,1,-1.499426,1.42961,-0.764308,training_touch
10:04:17.217,2,-3.73705,1.390169,-0.626496,training_touch
10:04:17.299,1,-1.502393,1.425267,-0.761153,training_touch
10:04:17.300,2,-3.764945,1.389878,-0.610953,training_touch
10:04:17.383,1,-1.499052,1.423487,-0.757629,training_touch
10:04:17.383,2,-3.821108,1.390127,-0.590874,training_touch
10:04:17.466,1,-1.498457,1.424482,-0.756283,training_touch
10:04:17.466,2,-3.819985,1.390806,-0.584151,training_touch
10:04:17.550,1,-1.498968,1.401205,-0.756171,training_touch
10:04:17.550,2,-3.852532,1.389209,-0.557346,training_touch
10:04:17.632,1,-1.498891,1.379913,-0.756489,training_touch
10:04:17.633,2,-3.904854,1.389741,-0.509549,training_touch
10:04:17.716,1,-1.497846,1.442125,-0.755354,training_touch
10:04:17.717,2,-3.925398,1.389057,-0.496427,training_touch
10:04:17.799,1,-1.497222,1.395844,-0.754765,training_touch
10:04:17.799,2,-3.986057,1.38955,-0.472169,training_touch
10:04:17.882,1,-1.496907,1.442672,-0.752956,training_touch
10:04:17.883,2,-4.003078,1.387195,-0.463053,training_touch
10:04:17.967,1,-1.496619,1.433345,-0.752465,training_touch
10:04:17.967,2,-4.03887,1.387939,-0.439317,training_touch
10:04:18.049,1,-1.497583,1.423725,-0.752819,training_touch
10:04:18.049,2,-4.06858,1.387721,-0.430429,training_touch
10:04:18.133,1,-1.49759,1.384119,-0.752863,training_touch
10:04:18.134,2,-4.092431,1.388466,-0.425064,training_touch
10:04:18.232,1,-1.497724,1.389123,-0.752576,training_touch
10:04:18.233,2,-4.113857,1.385026,-0.419417,training_touch
10:04:18.316,1,-1.497511,1.395791,-0.753719,training_touch
10:04:18.317,2,-4.121965,1.387882,-0.422112,training_touch
10:04:18.399,1,-1.497609,1.435316,-0.752531,training_touch
10:04:18.400,2,-4.155159,1.390698,-0.423963,training_touch
10:04:18.483,1,-1.498346,1.425429,-0.753747,training_touch
10:04:18.483,2,-4.175129,1.387236,-0.42087,training_touch
10:04:18.566,1,-1.497593,1.434676,-0.754486,training_touch
10:04:18.566,2,-4.174653,1.387143,-0.421199,training_touch
10:04:18.650,1,-1.499993,1.443284,-0.754711,training_touch
10:04:18.650,2,-4.182762,1.38635,-0.417563,training_touch
10:04:18.733,1,-1.499828,1.433933,-0.753435,training_touch
10:04:18.734,2,-4.182473,1.392172,-0.42115,training_touch
10:04:18.816,1,-1.500205,1.431873,-0.755299,training_touch
10:04:18.816,2,-4.184728,1.387303,-0.426961,training_touch
10:04:18.966,1,-1.49877,1.427717,-0.754298,training_touch
10:04:18.967,2,-4.189549,1.387404,-0.43244,training_touch
10:04:19.049,1,-1.500205,1.432636,-0.754347,training_touch
10:04:19.049,2,-4.190622,1.386471,-0.443973,training_touch
10:04:19.133,1,-1.49955,1.445788,-0.753956,training_touch
10:04:19.134,2,-4.190899,1.38142,-0.449109,training_touch
10:04:19.216,1,-1.499252,1.443118,-0.755913,training_touch
10:04:19.216,2,-4.188467,1.383979,-0.452533,training_touch
10:04:19.300,1,-1.496972,1.441703,-0.755554,training_touch
10:04:19.300,2,-4.189065,1.387695,-0.454172,training_touch
10:04:19.383,1,-1.497004,1.45173,-0.75932,training_touch
10:04:19.384,2,-4.190872,1.383897,-0.461471,training_touch
10:04:19.466,1,-1.495084,1.458908,-0.756981,training_touch
10:04:19.466,2,-4.190583,1.386669,-0.464882,training_touch
10:04:19.617,1,-1.494766,1.459687,-0.757638,training_touch
10:04:19.617,2,-4.20396,1.383794,-0.470883,training_touch
10:04:19.699,1,-1.494682,1.450005,-0.763875,training_touch
10:04:19.699,2,-4.217068,1.37968,-0.475853,training_touch
10:04:19.782,1,-1.494109,1.448162,-0.764743,training_touch
10:04:19.783,2,-4.220068,1.37956,-0.474108,training_touch
10:04:19.866,1,-1.494434,1.448304,-0.76289,training_touch
10:04:19.867,2,-4.231873,1.3828,-0.473324,training_touch
10:04:19.949,1,-1.495756,1.447793,-0.763357,training_touch
10:04:19.950,2,-4.240009,1.381624,-0.4754,training_touch
10:04:20.033,1,-1.49614,1.447372,-0.763558,training_touch
10:04:20.034,2,-4.249278,1.380194,-0.481194,training_touch
10:04:20.116,1,-1.49765,1.447656,-0.762948,training_touch
10:04:20.116,2,-4.256708,1.365297,-0.484529,training_touch
10:04:20.216,1,-1.495035,1.447301,-0.761965,training_touch
10:04:20.217,2,-4.259983,1.359606,-0.485382,training_touch
10:04:20.299,1,-1.494105,1.439437,-0.757738,training_touch
10:04:20.299,2,-4.266812,1.369469,-0.487059,training_touch
10:04:20.383,1,-1.492743,1.434816,-0.755082,training_touch
10:04:20.383,2,-4.265941,1.374191,-0.487722,training_touch
10:04:20.466,1,-1.492729,1.434605,-0.755133,training_touch
10:04:20.466,2,-4.26502,1.373592,-0.488505,training_touch
10:04:20.549,1,-1.488287,1.43952,-0.757216,training_touch
10:04:20.549,2,-4.261222,1.368488,-0.490088,training_touch
10:04:20.633,1,-1.486146,1.442439,-0.746812,training_touch
10:04:20.634,2,-4.260017,1.374299,-0.490153,training_touch
10:04:20.716,1,-1.48525,1.444503,-0.743948,training_touch
10:04:20.716,2,-4.257929,1.371588,-0.490257,training_touch
10:04:20.800,1,-1.485032,1.444064,-0.743293,training_touch
10:04:20.800,2,-4.254157,1.375234,-0.488944,training_touch
10:04:20.882,1,-1.484198,1.442006,-0.742512,training_touch
10:04:20.883,2,-4.253452,1.372661,-0.487878,training_touch
10:04:20.967,1,-1.484292,1.440059,-0.741303,training_touch
10:04:20.967,2,-4.253,1.375134,-0.487714,training_touch
10:04:21.049,1,-1.483966,1.443136,-0.74021,training_touch
10:04:21.049,2,-4.251203,1.377714,-0.486644,training_touch
10:04:21.133,1,-1.48286,1.440403,-0.742174,training_touch
10:04:21.134,2,-4.2503,1.379613,-0.486792,training_touch
10:04:21.216,1,-1.483695,1.440836,-0.743038,training_touch
10:04:21.216,2,-4.248642,1.372598,-0.485884,training_touch
10:04:21.366,1,-1.483838,1.43803,-0.741832,training_touch
10:04:21.367,2,-4.237702,1.367352,-0.483494,training_touch
10:04:21.467,1,-1.485945,1.437464,-0.738639,training_touch
10:04:21.467,2,-4.245851,1.367934,-0.481549,training_touch
10:04:21.549,1,-1.486651,1.433136,-0.738051,training_touch
10:04:21.549,2,-4.254063,1.369707,-0.48185,training_touch
10:04:21.633,1,-1.487877,1.432105,-0.738505,training_touch
10:04:21.633,2,-4.252651,1.364125,-0.483592,training_touch
10:04:21.716,1,-1.489806,1.436611,-0.740136,training_touch
10:04:21.716,2,-4.256257,1.366784,-0.480704,training_touch
10:04:21.800,1,-1.490467,1.444417,-0.741189,training_touch
10:04:21.800,2,-4.265609,1.369342,-0.478465,training_touch
10:04:21.883,1,-1.49174,1.444344,-0.742785,training_touch
10:04:21.883,2,-4.27233,1.368587,-0.473628,training_touch
10:04:21.966,1,-1.491402,1.442871,-0.742906,training_touch
10:04:21.966,2,-4.273492,1.374179,-0.470924,training_touch
10:04:22.050,1,-1.491716,1.438814,-0.742466,training_touch
10:04:22.050,2,-4.273524,1.375124,-0.468215,training_touch
10:04:22.149,1,-1.491891,1.440663,-0.742697,training_touch
10:04:22.149,2,-4.273202,1.381422,-0.45704,training_touch
10:04:22.233,1,-1.493096,1.436838,-0.743479,training_touch
10:04:22.233,2,-4.27353,1.380432,-0.451682,training_touch
10:04:22.316,1,-1.490789,1.438127,-0.746034,training_touch
10:04:22.316,2,-4.271193,1.380989,-0.454014,training_touch
10:04:22.399,1,-1.490604,1.439846,-0.746099,training_touch
10:04:22.400,2,-4.264194,1.37994,-0.45701,training_touch
10:04:22.482,1,-1.491412,1.438568,-0.746396,training_touch
10:04:22.483,2,-4.276472,1.374098,-0.459997,training_touch
10:04:22.567,1,-1.49194,1.437545,-0.743889,training_touch
10:04:22.567,2,-4.274507,1.376281,-0.51043,training_touch
10:04:22.649,1,-1.491566,1.438198,-0.742367,training_touch
10:04:22.650,2,-4.294285,1.380968,-0.455013,training_touch
10:04:22.733,1,-1.49139,1.438683,-0.742432,training_touch
10:04:22.734,2,-4.278654,1.390188,-0.456052,training_touch
10:04:22.816,1,-1.491046,1.435938,-0.745158,training_touch
10:04:22.816,2,-4.276341,1.379354,-0.449978,training_touch
10:04:22.900,1,-1.492665,1.436782,-0.751435,training_touch
10:04:22.900,2,-4.275428,1.380438,-0.454242,training_touch
10:04:22.983,1,-1.492263,1.436093,-0.750188,training_touch
10:04:22.983,2,-4.274189,1.380815,-0.453132,training_touch
10:04:23.067,1,-1.492181,1.434526,-0.749365,training_touch
10:04:23.067,2,-4.265769,1.384516,-0.453711,training_touch
10:04:23.149,1,-1.492553,1.432509,-0.748323,training_touch
10:04:23.149,2,-4.26972,1.383598,-0.461208,training_touch
10:04:23.233,1,-1.494086,1.433972,-0.750442,training_touch
10:04:23.234,2,-4.265201,1.389193,-0.473186,training_touch
10:04:23.316,1,-1.494053,1.435299,-0.75202,training_touch
10:04:23.316,2,-4.266164,1.388958,-0.473755,training_touch
10:04:23.400,1,-1.49323,1.434225,-0.752586,training_touch
10:04:23.400,2,-4.270956,1.391585,-0.482619,training_touch
10:04:23.482,1,-1.493206,1.439494,-0.752554,training_touch
10:04:23.483,2,-4.270049,1.394945,-0.483494,training_touch
10:04:23.616,1,-1.494035,1.437383,-0.751428,training_touch
10:04:23.616,2,-4.27241,1.391846,-0.488632,training_touch
10:04:23.750,1,-1.494186,1.437422,-0.75232,training_touch
10:04:23.750,2,-4.270135,1.391925,-0.496342,training_touch
10:04:23.900,1,-1.494078,1.436446,-0.752109,training_touch
10:04:23.900,2,-4.267481,1.395927,-0.493568,training_touch
10:04:23.982,1,-1.493421,1.436508,-0.753176,training_touch
10:04:23.982,2,-4.268289,1.403396,-0.492934,training_touch
10:04:24.116,1,-1.493917,1.435385,-0.755424,training_touch
10:04:24.116,2,-4.269682,1.408911,-0.491268,training_touch
10:04:24.200,1,-1.493879,1.435245,-0.75508,training_touch
10:04:24.200,2,-4.266802,1.412623,-0.491203,training_touch
10:04:24.283,1,-1.493676,1.433755,-0.756411,training_touch
10:04:24.283,2,-4.264383,1.412999,-0.490115,training_touch
10:04:24.366,1,-1.494204,1.43508,-0.756079,training_touch
10:04:24.366,2,-4.266362,1.413471,-0.489201,training_touch
10:04:24.483,1,-1.495139,1.431997,-0.753292,training_touch
10:04:24.483,2,-4.265592,1.414756,-0.488422,training_touch
10:04:24.566,1,-1.496326,1.432644,-0.75435,training_touch
10:04:24.566,2,-4.264452,1.414292,-0.485838,training_touch
10:04:24.650,1,-1.495878,1.432408,-0.754454,training_touch
10:04:24.650,2,-4.264495,1.412098,-0.484732,training_touch
10:04:24.733,1,-1.496442,1.43222,-0.755163,training_touch
10:04:24.733,2,-4.265844,1.411717,-0.4836,training_touch
10:04:24.817,1,-1.496066,1.43845,-0.755275,training_touch
10:04:24.817,2,-4.265889,1.406813,-0.483949,training_touch
10:04:24.900,1,-1.496853,1.431374,-0.753162,training_touch
10:04:24.900,2,-4.268695,1.411255,-0.483873,training_touch
10:04:24.983,1,-1.497751,1.438948,-0.754664,training_touch
10:04:24.983,2,-4.266447,1.407241,-0.481791,training_touch
10:04:25.200,1,-1.497009,1.439254,-0.755792,training_touch
10:04:25.200,2,-4.266292,1.403792,-0.481518,training_touch
10:04:25.299,1,-1.495421,1.43707,-0.751452,training_touch
10:04:25.300,2,-4.267484,1.404904,-0.480254,training_touch
10:04:25.383,1,-1.493199,1.436662,-0.744586,training_touch
10:04:25.383,2,-4.266873,1.425018,-0.480137,training_touch
10:04:25.466,1,-1.492663,1.4368,-0.742073,training_touch
10:04:25.467,2,-4.264915,1.413895,-0.48103,training_touch
10:04:25.549,1,-1.491827,1.43522,-0.741184,training_touch
10:04:25.550,2,-4.264712,1.408518,-0.48282,training_touch
10:04:25.633,1,-1.491586,1.438033,-0.741382,training_touch
10:04:25.634,2,-4.260972,1.416864,-0.482425,training_touch
10:04:25.716,1,-1.489735,1.441506,-0.744321,training_touch
10:04:25.716,2,-4.263117,1.421641,-0.484719,training_touch
10:04:25.867,1,-1.488194,1.44019,-0.749742,training_touch
10:04:25.867,2,-4.265892,1.427567,-0.487517,training_touch
10:04:25.949,1,-1.488475,1.440337,-0.75473,training_touch
10:04:25.949,2,-4.265023,1.428318,-0.489452,training_touch
10:04:26.033,1,-1.487661,1.441366,-0.757345,training_touch
10:04:26.033,2,-4.259777,1.437333,-0.493589,training_touch
10:04:26.116,1,-1.486806,1.440628,-0.763323,training_touch
10:04:26.116,2,-4.259007,1.429839,-0.493471,training_touch
10:04:26.200,1,-1.48509,1.443082,-0.770191,training_touch
10:04:26.200,2,-4.259786,1.426011,-0.49324,training_touch
10:04:26.283,1,-1.480769,1.441477,-0.777549,training_touch
10:04:26.283,2,-4.261534,1.428977,-0.495233,training_touch
10:04:26.367,1,-1.478081,1.440055,-0.783037,training_touch
10:04:26.367,2,-4.262588,1.429467,-0.496419,training_touch
10:04:26.449,1,-1.473825,1.43915,-0.789636,training_touch
10:04:26.449,2,-4.260429,1.432225,-0.495032,training_touch
10:04:26.600,1,-1.467922,1.441993,-0.800075,training_touch
10:04:26.600,2,-4.259512,1.429429,-0.493965,training_touch
10:04:26.683,1,-1.459697,1.440761,-0.811289,training_touch
10:04:26.683,2,-4.260232,1.428116,-0.494293,training_touch
10:04:26.766,1,-1.453195,1.442544,-0.821027,training_touch
10:04:26.767,2,-4.259578,1.42766,-0.493806,training_touch
10:04:26.849,1,-1.446342,1.437343,-0.840016,training_touch
10:04:26.849,2,-4.256819,1.42579,-0.492009,training_touch
10:04:26.933,1,-1.442498,1.437536,-0.848086,training_touch
10:04:26.934,2,-4.256705,1.424951,-0.491727,training_touch
10:04:27.016,1,-1.437875,1.436726,-0.857808,training_touch
10:04:27.016,2,-4.253592,1.422122,-0.491685,training_touch
10:04:27.100,1,-1.429406,1.43799,-0.869978,training_touch
10:04:27.100,2,-4.253205,1.422014,-0.491596,training_touch
10:04:27.182,1,-1.426354,1.437084,-0.884003,training_touch
10:04:27.183,2,-4.24797,1.422992,-0.487256,training_touch
10:04:27.267,1,-1.424963,1.441226,-0.889759,training_touch
10:04:27.267,2,-4.251628,1.423776,-0.488548,training_touch
10:04:27.349,1,-1.425223,1.442818,-0.899355,training_touch
10:04:27.349,2,-4.254931,1.413502,-0.488218,training_touch
10:04:27.433,1,-1.426231,1.438116,-0.902836,training_touch
10:04:27.434,2,-4.25226,1.405818,-0.488806,training_touch
10:04:27.516,1,-1.425876,1.437622,-0.91188,training_touch
10:04:27.516,2,-4.249311,1.409111,-0.492325,training_touch
10:04:27.666,1,-1.437895,1.439247,-0.916196,training_touch
10:04:27.666,2,-4.249596,1.411834,-0.490254,training_touch
10:04:27.750,1,-1.445801,1.438871,-0.919854,training_touch
10:04:27.750,2,-4.247221,1.416491,-0.488587,training_touch
10:04:27.833,1,-1.456894,1.43748,-0.922987,training_touch
10:04:27.833,2,-4.248188,1.416626,-0.49039,training_touch
10:04:27.917,1,-1.466647,1.435789,-0.923363,training_touch
10:04:27.917,2,-4.248686,1.41747,-0.490233,training_touch
10:04:27.999,1,-1.491714,1.436409,-0.926464,training_touch
10:04:27.999,2,-4.249909,1.415556,-0.489942,training_touch
10:04:28.083,1,-1.505502,1.436053,-0.927734,training_touch
10:04:28.083,2,-4.252083,1.411687,-0.489807,training_touch
10:04:28.166,1,-1.550898,1.439835,-0.931802,training_touch
10:04:28.166,2,-4.250439,1.409635,-0.49007,training_touch
10:04:28.250,1,-1.5785,1.439655,-0.936551,training_touch
10:04:28.250,2,-4.250174,1.409154,-0.490401,training_touch
10:04:28.333,1,-1.619624,1.43298,-0.938938,training_touch
10:04:28.333,2,-4.24641,1.409774,-0.494421,training_touch
10:04:28.417,1,-1.655564,1.434937,-0.947257,training_touch
10:04:28.417,2,-4.244392,1.412683,-0.492497,training_touch
10:04:28.500,1,-1.701229,1.438004,-0.957676,training_touch
10:04:28.500,2,-4.247884,1.412772,-0.4894,training_touch
10:04:28.583,1,-1.726117,1.437494,-0.965354,training_touch
10:04:28.583,2,-4.249613,1.410907,-0.489789,training_touch
10:04:28.666,1,-1.739217,1.437898,-0.97365,training_touch
10:04:28.666,2,-4.247715,1.410832,-0.488979,training_touch
10:04:28.750,1,-1.769029,1.438043,-0.986785,training_touch
10:04:28.750,2,-4.245485,1.411289,-0.48748,training_touch
10:04:28.832,1,-1.776238,1.438378,-0.992746,training_touch
10:04:28.833,2,-4.245352,1.413434,-0.487636,training_touch
10:04:28.916,1,-1.781055,1.435554,-0.998963,training_touch
10:04:28.916,2,-4.246972,1.415908,-0.487191,training_touch
10:04:28.999,1,-1.795985,1.433635,-1.019739,training_touch
10:04:28.999,2,-4.254012,1.416024,-0.486461,training_touch
10:04:29.083,1,-1.796518,1.433441,-1.031883,training_touch
10:04:29.084,2,-4.253971,1.412007,-0.485954,training_touch
10:04:29.166,1,-1.801827,1.4401,-1.055751,training_touch
10:04:29.166,2,-4.241989,1.405565,-0.485736,training_touch
10:04:29.250,1,-1.790716,1.442527,-1.077484,training_touch
10:04:29.250,2,-4.242653,1.40414,-0.48789,training_touch
10:04:29.333,1,-1.784967,1.442775,-1.096432,training_touch
10:04:29.333,2,-4.245885,1.405388,-0.486316,training_touch
10:04:29.417,1,-1.778829,1.441081,-1.122375,training_touch
10:04:29.417,2,-4.24497,1.40984,-0.484752,training_touch
10:04:29.499,1,-1.768006,1.442836,-1.152147,training_touch
10:04:29.499,2,-4.24363,1.421541,-0.482389,training_touch
10:04:29.583,1,-1.761757,1.441952,-1.163305,training_touch
10:04:29.584,2,-4.245353,1.427478,-0.483812,training_touch
10:04:29.666,1,-1.761787,1.442552,-1.172477,training_touch
10:04:29.666,2,-4.240685,1.427148,-0.485285,training_touch
10:04:29.817,1,-1.758952,1.442169,-1.192325,training_touch
10:04:29.817,2,-4.239758,1.430135,-0.486261,training_touch
10:04:29.899,1,-1.759676,1.441589,-1.208206,training_touch
10:04:29.899,2,-4.239995,1.438648,-0.484294,training_touch
10:04:29.983,1,-1.760499,1.439587,-1.210056,training_touch
10:04:29.983,2,-4.241331,1.439894,-0.485867,training_touch
10:04:30.066,1,-1.767397,1.437622,-1.220021,training_touch
10:04:30.066,2,-4.246732,1.439361,-0.483164,training_touch
10:04:30.149,1,-1.766219,1.439486,-1.221236,training_touch
10:04:30.149,2,-4.244676,1.441919,-0.48414,training_touch
10:04:30.233,1,-1.776658,1.438406,-1.228825,training_touch
10:04:30.233,2,-4.247812,1.433007,-0.483461,training_touch
10:04:30.317,1,-1.782648,1.44219,-1.230598,training_touch
10:04:30.317,2,-4.249151,1.274542,-0.481235,training_touch
10:04:30.399,1,-1.792545,1.444464,-1.233053,training_touch
10:04:30.400,2,-4.244275,1.419248,-0.483303,training_touch
10:04:30.483,1,-1.799164,1.445999,-1.23012,training_touch
10:04:30.483,2,-4.247464,1.419744,-0.482399,training_touch
10:04:30.600,1,-1.804044,1.446762,-1.231535,training_touch
10:04:30.600,2,-4.24529,1.424108,-0.48113,training_touch
10:04:30.683,1,-1.821349,1.439341,-1.234825,training_touch
10:04:30.683,2,-4.251599,1.427665,-0.48304,training_touch
10:04:30.766,1,-1.843737,1.441006,-1.229059,training_touch
10:04:30.766,2,-4.252796,1.427855,-0.48289,training_touch
10:04:30.849,1,-1.874433,1.442157,-1.229647,training_touch
10:04:30.849,2,-4.251442,1.426176,-0.480834,training_touch
10:04:30.933,1,-1.884481,1.444671,-1.227911,training_touch
10:04:30.933,2,-4.247269,1.422455,-0.4778,training_touch
10:04:31.016,1,-1.915877,1.443345,-1.229998,training_touch
10:04:31.016,2,-4.247641,1.422944,-0.478681,training_touch
10:04:31.099,1,-1.938085,1.441978,-1.222364,training_touch
10:04:31.099,2,-4.246771,1.433627,-0.477217,training_touch
10:04:31.183,1,-1.952677,1.442699,-1.220836,training_touch
10:04:31.183,2,-4.249147,1.407708,-0.478426,training_touch
10:04:31.266,1,-1.995367,1.444603,-1.213746,training_touch
10:04:31.266,2,-4.248826,1.414294,-0.478173,training_touch
10:04:31.349,1,-2.014655,1.446074,-1.21323,training_touch
10:04:31.350,2,-4.242121,1.416185,-0.478142,training_touch
10:04:31.433,1,-2.053262,1.444727,-1.210311,training_touch
10:04:31.433,2,-4.247624,1.410087,-0.481226,training_touch
10:04:31.516,1,-2.077735,1.444882,-1.205812,training_touch
10:04:31.516,2,-4.248142,1.41553,-0.480638,training_touch
10:04:31.599,1,-2.100472,1.444266,-1.200946,training_touch
10:04:31.600,2,-4.254374,1.416785,-0.474513,training_touch
10:04:31.683,1,-2.104297,1.44248,-1.193827,training_touch
10:04:31.683,2,-4.252436,1.410001,-0.476947,training_touch
10:04:31.766,1,-2.112035,1.442924,-1.17613,training_touch
10:04:31.767,2,-4.250862,1.415817,-0.480659,training_touch
10:04:31.850,1,-2.118013,1.440961,-1.156018,training_touch
10:04:31.850,2,-4.24988,1.419331,-0.481192,training_touch
10:04:31.933,1,-2.114826,1.44155,-1.126553,training_touch
10:04:31.933,2,-4.252228,1.416104,-0.480612,training_touch
10:04:32.032,1,-2.105426,1.445077,-1.091239,training_touch
10:04:32.033,2,-4.246963,1.415228,-0.483692,training_touch
10:04:32.117,1,-2.092373,1.44283,-1.065934,training_touch
10:04:32.117,2,-4.245823,1.408058,-0.478534,training_touch
10:04:32.199,1,-2.079476,1.442016,-1.030029,training_touch
10:04:32.199,2,-4.241929,1.40846,-0.474968,training_touch
10:04:32.332,1,-2.066538,1.441095,-0.984534,training_touch
10:04:32.333,2,-4.245945,1.408211,-0.475611,training_touch
10:04:32.417,1,-2.060989,1.441351,-0.96514,training_touch
10:04:32.417,2,-4.241662,1.407473,-0.473602,training_touch
10:04:32.499,1,-2.055305,1.444479,-0.938671,training_touch
10:04:32.499,2,-4.248584,1.410605,-0.474852,training_touch
10:04:32.583,1,-2.053214,1.441483,-0.91588,training_touch
10:04:32.584,2,-4.250329,1.409928,-0.476963,training_touch
10:04:32.666,1,-2.055739,1.439804,-0.898748,training_touch
10:04:32.666,2,-4.252607,1.408045,-0.479362,training_touch
10:04:32.799,1,-2.066714,1.436437,-0.825347,training_touch
10:04:32.799,2,-4.251363,1.409662,-0.478284,training_touch
10:04:32.883,1,-2.082829,1.442881,-0.813837,training_touch
10:04:32.884,2,-4.248998,1.40848,-0.481151,training_touch
10:04:32.966,1,-2.097109,1.44489,-0.787438,training_touch
10:04:32.966,2,-4.25109,1.409134,-0.477663,training_touch
10:04:33.117,1,-2.093666,1.446624,-0.758468,training_touch
10:04:33.117,2,-4.249815,1.406861,-0.476376,training_touch
10:04:33.199,1,-2.074952,1.447112,-0.722637,training_touch
10:04:33.199,2,-4.248422,1.409676,-0.477164,training_touch
10:04:33.333,1,-2.074727,1.448436,-0.721781,training_touch
10:04:33.333,2,-4.251605,1.406951,-0.477729,training_touch
10:04:33.416,1,-2.074821,1.46005,-0.717693,training_touch
10:04:33.416,2,-4.246579,1.409141,-0.476068,training_touch
10:04:33.500,1,-2.072712,1.462264,-0.713308,training_touch
10:04:33.500,2,-4.249528,1.409993,-0.472815,training_touch
10:04:33.583,1,-2.071073,1.463264,-0.724693,training_touch
10:04:33.583,2,-4.250951,1.414173,-0.475254,training_touch
10:04:33.667,1,-2.071061,1.466433,-0.72469,training_touch
10:04:33.667,2,-4.240328,1.414544,-0.474961,training_touch
10:04:33.750,1,-2.067791,1.469088,-0.717156,training_touch
10:04:33.750,2,-4.237014,1.414307,-0.472556,training_touch
10:04:33.883,1,-2.061454,1.470063,-0.696152,training_touch
10:04:33.883,2,-4.251084,1.414136,-0.470419,training_touch
10:04:33.967,1,-2.064107,1.467869,-0.710687,training_touch
10:04:33.967,2,-4.249288,1.412112,-0.471094,training_touch
10:04:34.049,1,-2.057183,1.468226,-0.676343,training_touch
10:04:34.050,2,-4.251682,1.414216,-0.47105,training_touch
10:04:34.134,1,-2.06093,1.466844,-0.676992,training_touch
10:04:34.134,2,-4.249869,1.412375,-0.473818,training_touch
10:04:34.216,1,-2.049283,1.468569,-0.682982,training_touch
10:04:34.217,2,-4.248109,1.412211,-0.47309,training_touch
10:04:34.300,1,-2.048522,1.471218,-0.679946,training_touch
10:04:34.301,2,-4.251371,1.410469,-0.474619,training_touch
10:04:34.383,1,-2.053164,1.467462,-0.677012,training_touch
10:04:34.383,2,-4.253481,1.410827,-0.478238,training_touch
10:04:34.467,1,-2.068952,1.468906,-0.715858,training_touch
10:04:34.467,2,-4.256033,1.410352,-0.480061,training_touch
10:04:34.549,1,-2.047857,1.474042,-0.684101,training_touch
10:04:34.550,2,-4.26002,1.413313,-0.486697,training_touch
10:04:34.683,1,-2.044351,1.476906,-0.683761,training_touch
10:04:34.683,2,-4.263562,1.413081,-0.498703,training_touch
10:04:34.816,1,-2.048359,1.476304,-0.68403,training_touch
10:04:34.816,2,-4.258307,1.41727,-0.524163,training_touch
10:04:34.900,1,-2.050345,1.47861,-0.689415,training_touch
10:04:34.901,2,-4.248459,1.414964,-0.528686,training_touch
10:04:34.983,1,-2.044452,1.478853,-0.717388,training_touch
10:04:34.983,2,-4.223684,1.410414,-0.547138,training_touch
10:04:35.066,1,-2.043166,1.479031,-0.68629,training_touch
10:04:35.067,2,-4.218435,1.41028,-0.580456,training_touch
10:04:35.150,1,-2.047332,1.481889,-0.687113,training_touch
10:04:35.150,2,-4.171254,1.412677,-0.61931,training_touch
10:04:35.233,1,-2.037507,1.480532,-0.702236,training_touch
10:04:35.234,2,-4.147807,1.412811,-0.642868,training_touch
10:04:35.316,1,-2.043668,1.472341,-0.687535,training_touch
10:04:35.316,2,-4.103015,1.414575,-0.678825,training_touch
10:04:35.400,1,-2.045757,1.464167,-0.686167,training_touch
10:04:35.400,2,-4.07318,1.414228,-0.696126,training_touch
10:04:35.483,1,-2.050281,1.462048,-0.693558,training_touch
10:04:35.483,2,-4.010255,1.414527,-0.726858,training_touch
10:04:35.566,1,-2.037197,1.458898,-0.689934,training_touch
10:04:35.566,2,-3.968242,1.411147,-0.7633,training_touch
10:04:35.649,1,-2.039829,1.459177,-0.692802,training_touch
10:04:35.650,2,-3.933237,1.41194,-0.801355,training_touch
10:04:35.733,1,-2.040564,1.456975,-0.693155,training_touch
10:04:35.733,2,-3.926456,1.410407,-0.814295,training_touch
10:04:35.816,1,-2.040826,1.454753,-0.691403,training_touch
10:04:35.816,2,-3.878367,1.411373,-0.822392,training_touch
10:04:35.900,1,-2.039276,1.461035,-0.692004,training_touch
10:04:35.900,2,-3.858879,1.414214,-0.829211,training_touch
10:04:35.983,1,-2.037085,1.458213,-0.68978,training_touch
10:04:35.983,2,-3.836628,1.413132,-0.827315,training_touch
10:04:36.067,1,-2.032819,1.451909,-0.687855,training_touch
10:04:36.067,2,-3.817138,1.409892,-0.834573,training_touch
10:04:36.149,1,-2.025788,1.454322,-0.690119,training_touch
10:04:36.150,2,-3.784866,1.40918,-0.833668,training_touch
10:04:36.233,1,-2.023635,1.460129,-0.688732,training_touch
10:04:36.234,2,-3.76125,1.41122,-0.826939,training_touch
10:04:36.316,1,-2.019111,1.46612,-0.687391,training_touch
10:04:36.316,2,-3.726342,1.417262,-0.826023,training_touch
10:04:36.400,1,-2.020946,1.466862,-0.688541,training_touch
10:04:36.400,2,-3.684194,1.419196,-0.813361,training_touch
10:04:36.483,1,-2.02021,1.46688,-0.689781,training_touch
10:04:36.483,2,-3.620127,1.417928,-0.80319,training_touch
10:04:36.567,1,-2.018169,1.466169,-0.690411,training_touch
10:04:36.567,2,-3.58903,1.408769,-0.795698,training_touch
10:04:36.650,1,-2.016458,1.47291,-0.692582,training_touch
10:04:36.650,2,-3.540813,1.40776,-0.785033,training_touch
10:04:36.733,1,-2.013713,1.470178,-0.694642,training_touch
10:04:36.734,2,-3.522003,1.410892,-0.789115,training_touch
10:04:36.816,1,-2.009879,1.473345,-0.693649,training_touch
10:04:36.817,2,-3.483413,1.408402,-0.790217,training_touch
10:04:36.900,1,-2.005613,1.475996,-0.695851,training_touch
10:04:36.900,2,-3.457235,1.411838,-0.785703,training_touch
10:04:36.983,1,-2.003,1.472767,-0.696483,training_touch
10:04:36.983,2,-3.444179,1.411322,-0.795652,training_touch
10:04:37.066,1,-2.004196,1.46633,-0.694706,training_touch
10:04:37.066,2,-3.418552,1.412565,-0.792178,training_touch
10:04:37.149,1,-2.002013,1.467134,-0.69539,training_touch
10:04:37.150,2,-3.383311,1.413166,-0.797963,training_touch
10:04:37.233,1,-2.000766,1.462342,-0.70087,training_touch
10:04:37.233,2,-3.376823,1.4156,-0.803957,training_touch
10:04:37.316,1,-2.001809,1.45647,-0.701522,training_touch
10:04:37.316,2,-3.337459,1.418228,-0.814587,training_touch
10:04:37.400,1,-2.001544,1.455572,-0.700735,training_touch
10:04:37.400,2,-3.325161,1.418089,-0.818231,training_touch
10:04:37.483,1,-2.00127,1.454924,-0.70042,training_touch
10:04:37.483,2,-3.319706,1.413075,-0.819321,training_touch
10:04:37.568,1,-2.001235,1.457557,-0.700374,training_touch
10:04:37.568,2,-3.31423,1.40467,-0.820035,training_touch
10:04:37.649,1,-2.000253,1.463991,-0.70093,training_touch
10:04:37.650,2,-3.301989,1.406068,-0.82044,training_touch
10:04:37.733,1,-2.001425,1.466741,-0.701224,training_touch
10:04:37.734,2,-3.299823,1.406804,-0.825029,training_touch
10:04:37.816,1,-2.001113,1.466846,-0.701205,training_touch
10:04:37.816,2,-3.286786,1.402581,-0.837366,training_touch
10:04:37.900,1,-1.99923,1.46991,-0.702569,training_touch
10:04:37.901,2,-3.285342,1.406317,-0.838089,training_touch
10:04:37.983,1,-2.00246,1.473733,-0.705886,training_touch
10:04:37.983,2,-3.277571,1.41063,-0.839912,training_touch
10:04:38.116,1,-2.002154,1.474224,-0.706323,training_touch
10:04:38.116,2,-3.27345,1.411287,-0.840738,training_touch
10:04:38.249,1,-2.005919,1.477716,-0.701295,training_touch
10:04:38.249,2,-3.273297,1.409178,-0.840032,training_touch
10:04:38.383,1,-2.009573,1.481596,-0.682044,training_touch
10:04:38.383,2,-3.279695,1.409717,-0.832943,training_touch
10:04:38.467,1,-2.004168,1.475142,-0.687813,training_touch
10:04:38.467,2,-3.282732,1.411206,-0.829547,training_touch
10:04:38.549,1,-2.004318,1.476139,-0.68141,training_touch
10:04:38.550,2,-3.298289,1.409027,-0.821251,training_touch
10:04:38.633,1,-1.989821,1.475433,-0.681605,training_touch
10:04:38.634,2,-3.303321,1.405958,-0.817394,training_touch
10:04:38.716,1,-1.963493,1.479215,-0.672072,training_touch
10:04:38.716,2,-3.333354,1.40452,-0.803297,training_touch
10:04:38.801,1,-1.922209,1.478673,-0.681362,training_touch
10:04:38.801,2,-3.334701,1.404724,-0.803236,training_touch
10:04:38.883,1,-1.896798,1.481192,-0.678278,training_touch
10:04:38.883,2,-3.349784,1.406129,-0.788924,training_touch
10:04:38.967,1,-1.880856,1.482984,-0.679411,training_touch
10:04:38.967,2,-3.359674,1.408654,-0.785883,training_touch
10:04:39.050,1,-1.860093,1.484229,-0.690468,training_touch
10:04:39.050,2,-3.371786,1.415106,-0.774477,training_touch
10:04:39.134,1,-1.854278,1.479939,-0.699084,training_touch
10:04:39.134,2,-3.381007,1.415914,-0.766773,training_touch
10:04:39.216,1,-1.843215,1.471852,-0.712428,training_touch
10:04:39.216,2,-3.394588,1.407627,-0.760139,training_touch
10:04:39.383,1,-1.826568,1.473856,-0.718693,training_touch
10:04:39.383,2,-3.394008,1.408738,-0.758845,training_touch
10:04:39.466,1,-1.825737,1.477103,-0.717281,training_touch
10:04:39.466,2,-3.39628,1.413064,-0.756338,training_touch
10:04:39.549,1,-1.815693,1.478618,-0.720392,training_touch
10:04:39.550,2,-3.393718,1.416403,-0.755913,training_touch
10:04:39.633,1,-1.813434,1.473022,-0.72077,training_touch
10:04:39.633,2,-3.396534,1.40667,-0.755509,training_touch
10:04:39.716,1,-1.81764,1.467808,-0.720344,training_touch
10:04:39.716,2,-3.396345,1.414292,-0.755549,training_touch
10:04:39.799,1,-1.818769,1.458161,-0.71971,training_touch
10:04:39.800,2,-3.396209,1.413103,-0.755348,training_touch
10:04:39.883,1,-1.82374,1.462381,-0.718213,training_touch
10:04:39.883,2,-3.395742,1.409879,-0.755499,training_touch
10:04:39.966,1,-1.820538,1.469852,-0.716918,training_touch
10:04:39.967,2,-3.395037,1.411025,-0.756185,training_touch
10:04:40.050,1,-1.822757,1.468408,-0.715133,training_touch
10:04:40.050,2,-3.394406,1.412799,-0.756184,training_touch
10:04:40.134,1,-1.825039,1.476267,-0.712608,training_touch
10:04:40.134,2,-3.397615,1.402051,-0.754102,training_touch
10:04:40.216,1,-1.824318,1.474428,-0.707857,training_touch
10:04:40.216,2,-3.391735,1.402657,-0.753562,training_touch
10:04:40.300,1,-1.824149,1.470094,-0.705751,training_touch
10:04:40.300,2,-3.393237,1.403696,-0.755495,training_touch
10:04:40.383,1,-1.823624,1.444879,-0.703569,training_touch
10:04:40.383,2,-3.394121,1.404918,-0.758319,training_touch
10:04:40.467,1,-1.823657,1.443506,-0.693415,training_touch
10:04:40.467,2,-3.393996,1.410317,-0.758836,training_touch
10:04:40.550,1,-1.828876,1.424354,-0.67892,training_touch
10:04:40.551,2,-3.395458,1.404984,-0.756025,training_touch
10:04:40.633,1,-1.829413,1.417711,-0.680411,training_touch
10:04:40.633,2,-3.395918,1.400651,-0.755817,training_touch
10:04:40.717,1,-1.831945,1.456092,-0.684441,training_touch
10:04:40.717,2,-3.394878,1.404439,-0.755112,training_touch
10:04:40.800,1,-1.840083,1.453752,-0.667928,training_touch
10:04:40.800,2,-3.394331,1.403118,-0.749223,training_touch
10:04:40.950,1,-1.84877,1.448158,-0.652823,training_touch
10:04:40.951,2,-3.396052,1.409183,-0.74807,training_touch
10:04:41.066,1,-1.85289,1.43266,-0.651566,training_touch
10:04:41.066,2,-3.396436,1.398308,-0.743471,training_touch
10:04:41.150,1,-1.846344,1.403305,-0.691518,training_touch
10:04:41.151,2,-3.397822,1.402973,-0.742138,training_touch
10:04:41.233,1,-1.845498,1.403286,-0.694555,training_touch
10:04:41.233,2,-3.400364,1.413954,-0.742884,training_touch
10:04:41.317,1,-1.845842,1.40947,-0.69502,training_touch
10:04:41.317,2,-3.404344,1.41618,-0.74152,training_touch
10:04:41.400,1,-1.845621,1.437215,-0.696974,training_touch
10:04:41.401,2,-3.405338,1.411832,-0.739656,training_touch
10:04:41.483,1,-1.863065,1.409556,-0.67471,training_touch
10:04:41.483,2,-3.404572,1.412051,-0.740374,training_touch
10:04:41.566,1,-1.882954,1.445336,-0.677384,training_touch
10:04:41.566,2,-3.402618,1.412822,-0.740529,training_touch
10:04:41.650,1,-1.890827,1.445069,-0.688979,training_touch
10:04:41.650,2,-3.403748,1.410646,-0.740895,training_touch
10:04:41.733,1,-1.893594,1.435325,-0.69179,training_touch
10:04:41.733,2,-3.400602,1.405108,-0.741884,training_touch
10:04:41.816,1,-1.896408,1.438133,-0.690433,training_touch
10:04:41.816,2,-3.398572,1.40621,-0.741994,training_touch
10:04:41.900,1,-1.896862,1.438702,-0.690871,training_touch
10:04:41.900,2,-3.398052,1.41116,-0.742406,training_touch
10:04:41.983,1,-1.907397,1.409473,-0.682056,training_touch
10:04:41.983,2,-3.398771,1.410418,-0.742358,training_touch
10:04:42.066,1,-1.917812,1.445557,-0.669202,training_touch
10:04:42.066,2,-3.391711,1.42093,-0.745244,training_touch
10:04:42.149,1,-1.937569,1.434225,-0.663576,training_touch
10:04:42.150,2,-3.383649,1.421427,-0.753221,training_touch
10:04:42.234,1,-1.922186,1.446574,-0.677598,training_touch
10:04:42.234,2,-3.38231,1.423756,-0.757971,training_touch
10:04:42.316,1,-1.918571,1.441991,-0.679668,training_touch
10:04:42.316,2,-3.369829,1.425128,-0.766063,training_touch
10:04:42.400,1,-1.931444,1.395456,-0.675039,training_touch
10:04:42.401,2,-3.364545,1.418868,-0.777396,training_touch
10:04:42.483,1,-1.907892,1.446577,-0.66698,training_touch
10:04:42.483,2,-3.357781,1.41179,-0.787253,training_touch
10:04:42.567,1,-1.90851,1.446934,-0.667252,training_touch
10:04:42.567,2,-3.339144,1.409293,-0.800867,training_touch
10:04:42.649,1,-1.919179,1.436745,-0.662991,training_touch
10:04:42.650,2,-3.335496,1.405581,-0.807376,training_touch
10:04:42.800,1,-1.91141,1.446122,-0.665117,training_touch
10:04:42.800,2,-3.326626,1.397197,-0.830143,training_touch
10:04:42.900,1,-1.907322,1.446705,-0.666469,training_touch
10:04:42.901,2,-3.315034,1.390371,-0.841775,training_touch
10:04:42.983,1,-1.901593,1.439944,-0.671866,training_touch
10:04:42.983,2,-3.31054,1.390766,-0.849987,training_touch
10:04:43.066,1,-1.900533,1.454445,-0.677629,training_touch
10:04:43.066,2,-3.290898,1.387081,-0.861745,training_touch
10:04:43.150,1,-1.917743,1.449869,-0.67335,training_touch
10:04:43.150,2,-3.28596,1.371021,-0.866072,training_touch
10:04:43.233,1,-1.914326,1.448545,-0.680253,training_touch
10:04:43.233,2,-3.277062,1.375726,-0.875884,training_touch
10:04:43.317,1,-1.900478,1.441427,-0.680639,training_touch
10:04:43.317,2,-3.248179,1.380579,-0.886595,training_touch
10:04:43.399,1,-1.894616,1.434965,-0.678877,training_touch
10:04:43.400,2,-3.245567,1.381328,-0.889456,training_touch
10:04:43.483,1,-1.903356,1.435242,-0.673644,training_touch
10:04:43.483,2,-3.237822,1.367644,-0.891952,training_touch
10:04:43.566,1,-1.902179,1.436551,-0.670288,training_touch
10:04:43.566,2,-3.234251,1.361641,-0.892808,training_touch
10:04:43.650,1,-1.895647,1.437348,-0.663271,training_touch
10:04:43.650,2,-3.233697,1.361433,-0.892374,training_touch
10:04:43.733,1,-1.891908,1.450355,-0.659713,training_touch
10:04:43.734,2,-3.243468,1.362991,-0.897384,training_touch
10:04:43.817,1,-1.88685,1.458365,-0.647352,training_touch
10:04:43.817,2,-3.233737,1.357784,-0.892905,training_touch
10:04:43.900,1,-1.886109,1.45909,-0.647617,training_touch
10:04:43.901,2,-3.232039,1.356607,-0.893169,training_touch
10:04:43.983,1,-1.882824,1.459533,-0.648395,training_touch
10:04:43.983,2,-3.228614,1.360718,-0.894596,training_touch
10:04:44.067,1,-1.876153,1.460739,-0.641194,training_touch
10:04:44.067,2,-3.227461,1.366201,-0.895905,training_touch
10:04:44.149,1,-1.862215,1.460504,-0.667523,training_touch
10:04:44.150,2,-3.235014,1.360175,-0.897975,training_touch
10:04:44.234,1,-1.854779,1.455486,-0.665719,training_touch
10:04:44.234,2,-3.242091,1.361582,-0.906176,training_touch
10:04:44.316,1,-1.852676,1.459257,-0.653373,training_touch
10:04:44.316,2,-3.242519,1.370351,-0.907481,training_touch
10:04:44.467,1,-1.841453,1.456691,-0.667523,training_touch
10:04:44.467,2,-3.247044,1.37375,-0.90374,training_touch
10:04:44.549,1,-1.841044,1.457235,-0.642944,training_touch
10:04:44.550,2,-3.267652,1.371897,-0.897562,training_touch
10:04:44.634,1,-1.837656,1.473354,-0.652697,training_touch
10:04:44.634,2,-3.269566,1.364547,-0.897533,training_touch
10:04:44.716,1,-1.840106,1.470169,-0.648321,training_touch
10:04:44.716,2,-3.273805,1.356589,-0.89408,training_touch
10:04:44.800,1,-1.840603,1.45604,-0.645139,training_touch
10:04:44.801,2,-3.274351,1.358217,-0.894039,training_touch
10:04:44.883,1,-1.837607,1.457889,-0.644248,training_touch
10:04:44.883,2,-3.236093,1.353598,-0.899709,training_touch
10:04:44.967,1,-1.831593,1.459289,-0.641488,training_touch
10:04:44.967,2,-3.227353,1.354831,-0.897467,training_touch
10:04:45.049,1,-1.829839,1.45967,-0.646483,training_touch
10:04:45.050,2,-3.233903,1.359358,-0.903328,training_touch
10:04:45.134,1,-1.830332,1.460753,-0.648891,training_touch
10:04:45.134,2,-3.225032,1.36305,-0.900099,training_touch
10:04:45.216,1,-1.829318,1.46205,-0.649693,training_touch
10:04:45.216,2,-3.219339,1.368776,-0.897905,training_touch
10:04:45.366,1,-1.825287,1.461479,-0.659289,training_touch
10:04:45.367,2,-3.216685,1.369516,-0.895921,training_touch
10:04:45.449,1,-1.820009,1.464262,-0.64833,training_touch
10:04:45.449,2,-3.216148,1.380617,-0.89622,training_touch
10:04:45.533,1,-1.820186,1.465362,-0.647809,training_touch
10:04:45.534,2,-3.215021,1.380974,-0.895117,training_touch
10:04:45.616,1,-1.819863,1.457895,-0.648635,training_touch
10:04:45.616,2,-3.214244,1.382076,-0.895006,training_touch
10:04:45.699,1,-1.816423,1.452197,-0.64548,training_touch
10:04:45.699,2,-3.213908,1.382402,-0.895843,training_touch
10:04:45.784,1,-1.816118,1.450973,-0.64682,training_touch
10:04:45.784,2,-3.213656,1.382116,-0.896291,training_touch
10:04:45.866,1,-1.817247,1.454466,-0.649665,training_touch
10:04:45.866,2,-3.215097,1.38388,-0.897025,training_touch
10:04:45.999,1,-1.81209,1.448381,-0.661036,training_touch
10:04:45.999,2,-3.217441,1.384369,-0.900309,training_touch
10:04:46.133,1,-1.81155,1.456941,-0.661151,training_touch
10:04:46.133,2,-3.218915,1.384978,-0.902515,training_touch
10:04:46.217,1,-1.813806,1.454623,-0.668232,training_touch
10:04:46.217,2,-3.220628,1.384157,-0.907569,training_touch
10:04:46.299,1,-1.811513,1.454232,-0.649364,training_touch
10:04:46.299,2,-3.240538,1.383621,-0.919299,training_touch
10:04:46.384,1,-1.811399,1.446315,-0.64864,training_touch
10:04:46.384,2,-3.235057,1.382495,-0.916922,training_touch
10:04:46.466,1,-1.810677,1.449589,-0.648604,training_touch
10:04:46.466,2,-3.229991,1.383113,-0.912349,training_touch
10:04:46.599,1,-1.810491,1.45605,-0.649717,training_touch
10:04:46.599,2,-3.226166,1.379063,-0.911328,training_touch
10:04:46.684,1,-1.8079,1.43199,-0.6449,training_touch
10:04:46.684,2,-3.223517,1.378621,-0.910523,training_touch
10:04:46.766,1,-1.809418,1.422567,-0.650202,training_touch
10:04:46.766,2,-3.223492,1.382233,-0.909838,training_touch
10:04:46.899,1,-1.825467,1.405332,-0.679915,training_touch
10:04:46.899,2,-3.22631,1.370533,-0.91122,training_touch
10:04:47.033,1,-1.809217,1.396216,-0.649271,training_touch
10:04:47.033,2,-3.225314,1.372754,-0.911588,training_touch
10:04:47.117,1,-1.808964,1.40199,-0.647655,training_touch
10:04:47.118,2,-3.225516,1.374057,-0.912191,training_touch
10:04:47.199,1,-1.804895,1.397758,-0.643064,training_touch
10:04:47.199,2,-3.225293,1.379566,-0.914332,training_touch
10:04:47.333,1,-1.80809,1.393302,-0.660665,training_touch
10:04:47.333,2,-3.221791,1.378342,-0.913998,training_touch
10:04:47.416,1,-1.804418,1.398478,-0.643341,training_touch
10:04:47.416,2,-3.220113,1.378233,-0.913386,training_touch
10:04:47.500,1,-1.801801,1.396877,-0.641088,training_touch
10:04:47.501,2,-3.219493,1.377311,-0.910121,training_touch
10:04:47.583,1,-1.801954,1.397708,-0.641718,training_touch
10:04:47.583,2,-3.219066,1.374547,-0.909476,training_touch
10:04:47.667,1,-1.80578,1.395342,-0.655843,training_touch
10:04:47.667,2,-3.216773,1.370849,-0.907168,training_touch
10:04:47.783,1,-1.805327,1.396257,-0.654068,training_touch
10:04:47.783,2,-3.217228,1.369875,-0.906934,training_touch
10:04:47.866,1,-1.804839,1.398591,-0.650666,training_touch
10:04:47.866,2,-3.21831,1.367467,-0.906294,training_touch
10:04:47.950,1,-1.804847,1.401348,-0.647805,training_touch
10:04:47.950,2,-3.218549,1.378487,-0.906911,training_touch
10:04:48.033,1,-1.805524,1.402033,-0.645236,training_touch
10:04:48.033,2,-3.220609,1.377856,-0.907223,training_touch
10:04:48.117,1,-1.806254,1.404286,-0.643634,training_touch
10:04:48.117,2,-3.222595,1.374698,-0.906962,training_touch
10:04:48.199,1,-1.806172,1.404813,-0.6426,training_touch
10:04:48.200,2,-3.224746,1.373647,-0.903534,training_touch
10:04:48.283,1,-1.809885,1.419894,-0.674571,training_touch
10:04:48.283,2,-3.226657,1.368634,-0.900824,training_touch
10:04:48.367,1,-1.808898,1.419454,-0.656604,training_touch
10:04:48.367,2,-3.225048,1.369665,-0.897851,training_touch
10:04:48.449,1,-1.805999,1.414932,-0.6393,training_touch
10:04:48.450,2,-3.227467,1.373035,-0.895759,training_touch
10:04:48.583,1,-1.814988,1.43182,-0.666949,training_touch
10:04:48.583,2,-3.225364,1.372658,-0.892965,training_touch
10:04:48.683,1,-1.807617,1.43959,-0.63094,training_touch
10:04:48.683,2,-3.224997,1.371089,-0.893089,training_touch
10:04:48.784,1,-1.805446,1.441879,-0.643596,training_touch
10:04:48.784,2,-3.224098,1.372708,-0.892588,training_touch
10:04:48.866,1,-1.804322,1.389237,-0.63658,training_touch
10:04:48.866,2,-3.223634,1.370213,-0.891916,training_touch
10:04:48.999,1,-1.80703,1.372892,-0.641133,training_touch
10:04:48.999,2,-3.223315,1.372438,-0.890755,training_touch
10:04:49.133,1,-1.804977,1.371032,-0.64298,training_touch
10:04:49.133,2,-3.223211,1.375331,-0.88958,training_touch
10:04:49.266,1,-1.795682,1.368375,-0.660313,training_touch
10:04:49.266,2,-3.224306,1.370743,-0.89286,training_touch
10:04:49.399,1,-1.805418,1.404227,-0.674017,training_touch
10:04:49.399,2,-3.224598,1.365938,-0.89264,training_touch
10:04:49.484,1,-1.815226,1.403791,-0.686539,training_touch
10:04:49.484,2,-3.224674,1.368471,-0.892526,training_touch
10:04:49.566,1,-1.797187,1.380584,-0.675811,training_touch
10:04:49.566,2,-3.22356,1.368562,-0.892512,training_touch
10:04:49.699,1,-1.82077,1.37065,-0.695995,training_touch
10:04:49.699,2,-3.224181,1.372134,-0.891831,training_touch
10:04:49.833,1,-1.837037,1.369129,-0.717335,training_touch
10:04:49.833,2,-3.222673,1.376848,-0.894173,training_touch
10:04:49.916,1,-1.856207,1.368121,-0.728649,training_touch
10:04:49.917,2,-3.222278,1.370573,-0.894735,training_touch
10:04:50.000,1,-1.888121,1.370174,-0.750309,training_touch
10:04:50.000,2,-3.225033,1.36589,-0.897781,training_touch
10:04:50.083,1,-1.940026,1.386331,-0.781753,training_touch
10:04:50.084,2,-3.247767,1.370523,-0.906606,training_touch
10:04:50.167,1,-1.949068,1.390401,-0.789228,training_touch
10:04:50.167,2,-3.246211,1.370007,-0.90527,training_touch
10:04:50.250,1,-1.965121,1.370199,-0.80165,training_touch
10:04:50.250,2,-3.247582,1.372544,-0.915598,training_touch
10:04:50.333,1,-1.986195,1.367119,-0.81654,training_touch
10:04:50.334,2,-3.245177,1.36938,-0.917897,training_touch
10:04:50.416,1,-1.996913,1.361591,-0.824921,training_touch
10:04:50.417,2,-3.241251,1.379291,-0.918847,training_touch
10:04:50.500,1,-1.997032,1.406499,-0.828102,training_touch
10:04:50.501,2,-3.248439,1.389158,-0.920337,training_touch
10:04:50.583,1,-2.013951,1.406214,-0.844046,training_touch
10:04:50.584,2,-3.252959,1.382109,-0.924924,training_touch
10:04:50.667,1,-2.017354,1.404772,-0.848046,training_touch
10:04:50.667,2,-3.255543,1.381026,-0.926135,training_touch
10:04:50.749,1,-2.020053,1.404563,-0.857193,training_touch
10:04:50.749,2,-3.275963,1.37732,-0.930368,training_touch
10:04:50.883,1,-2.02564,1.404934,-0.871103,training_touch
10:04:50.883,2,-3.301572,1.374667,-0.933457,training_touch
10:04:51.016,1,-2.011652,1.389142,-0.907852,training_touch
10:04:51.016,2,-3.329227,1.375993,-0.935703,training_touch
10:04:51.149,1,-2.001458,1.379806,-0.934925,training_touch
10:04:51.149,2,-3.369445,1.380099,-0.941696,training_touch
10:04:51.283,1,-1.999829,1.370622,-0.950961,training_touch
10:04:51.283,2,-3.416293,1.379013,-0.950507,training_touch
10:04:51.416,1,-1.994206,1.363411,-0.984742,training_touch
10:04:51.416,2,-3.451577,1.379149,-0.956976,training_touch
10:04:51.499,1,-1.988885,1.379225,-1.001663,training_touch
10:04:51.499,2,-3.475415,1.378682,-0.962658,training_touch
10:04:51.633,1,-1.973206,1.39065,-1.042304,training_touch
10:04:51.633,2,-3.504054,1.378438,-0.974026,training_touch
10:04:51.717,1,-1.975171,1.388036,-1.058167,training_touch
10:04:51.717,2,-3.523676,1.373988,-0.981248,training_touch
10:04:51.799,1,-1.971422,1.399332,-1.079161,training_touch
10:04:51.799,2,-3.541338,1.372131,-0.986606,training_touch
10:04:51.933,1,-1.949732,1.412511,-1.112376,training_touch
10:04:51.933,2,-3.551489,1.36739,-0.998807,training_touch
10:04:52.017,1,-1.941921,1.420137,-1.121947,training_touch
10:04:52.017,2,-3.555992,1.367087,-1.012997,training_touch
10:04:52.100,1,-1.928156,1.437727,-1.133408,training_touch
10:04:52.100,2,-3.570294,1.366743,-1.027254,training_touch
10:04:52.183,1,-1.908725,1.436547,-1.133676,training_touch
10:04:52.183,2,-3.588641,1.36738,-1.040865,training_touch
10:04:52.267,1,-1.889159,1.439523,-1.129447,training_touch
10:04:52.267,2,-3.57556,1.367919,-1.045553,training_touch
10:04:52.350,1,-1.849996,1.450846,-1.108658,training_touch
10:04:52.350,2,-3.5583,1.369609,-1.066472,training_touch
10:04:52.434,1,-1.80559,1.421178,-1.094892,training_touch
10:04:52.434,2,-3.551094,1.36982,-1.06991,training_touch
10:04:52.516,1,-1.771096,1.426331,-1.065885,training_touch
10:04:52.517,2,-3.525835,1.369045,-1.093905,training_touch
10:04:52.600,1,-1.736761,1.439458,-1.04684,training_touch
10:04:52.601,2,-3.505745,1.369503,-1.111577,training_touch
10:04:52.683,1,-1.705742,1.429248,-1.011168,training_touch
10:04:52.683,2,-3.472041,1.366469,-1.141661,training_touch
10:04:52.767,1,-1.697421,1.453269,-0.977756,training_touch
10:04:52.767,2,-3.448803,1.36599,-1.160752,training_touch
10:04:52.849,1,-1.663861,1.443171,-0.966805,training_touch
10:04:52.850,2,-3.422318,1.365915,-1.186373,training_touch
10:04:52.983,1,-1.610883,1.44761,-0.957824,training_touch
10:04:52.983,2,-3.382625,1.361431,-1.220433,training_touch
10:04:53.067,1,-1.580472,1.451611,-0.953146,training_touch
10:04:53.067,2,-3.362198,1.362275,-1.238644,training_touch
10:04:53.149,1,-1.533785,1.452802,-0.950647,training_touch
10:04:53.150,2,-3.330086,1.370963,-1.253006,training_touch
10:04:53.234,1,-1.452184,1.457114,-0.985873,training_touch
10:04:53.234,2,-3.313531,1.376259,-1.254989,training_touch
10:04:53.316,1,-1.39189,1.454611,-0.997792,training_touch
10:04:53.316,2,-3.282038,1.375959,-1.260744,training_touch
10:04:53.449,1,-1.285903,1.451061,-1.037141,training_touch
10:04:53.449,2,-3.230012,1.375002,-1.257763,training_touch
10:04:53.600,1,-1.178387,1.449108,-1.059579,training_touch
10:04:53.601,2,-3.15273,1.372871,-1.231459,training_touch
10:04:53.683,1,-1.128683,1.428742,-1.076857,training_touch
10:04:53.683,2,-3.102643,1.372744,-1.216547,training_touch
10:04:53.767,1,-1.08353,1.443492,-1.086097,training_touch
10:04:53.767,2,-3.061044,1.371769,-1.197438,training_touch
10:04:53.850,1,-1.031476,1.444367,-1.10172,training_touch
10:04:53.850,2,-2.992532,1.369669,-1.166839,training_touch
10:04:53.934,1,-1.001462,1.443983,-1.101148,training_touch
10:04:53.934,2,-2.960567,1.36982,-1.154141,training_touch
10:04:54.016,1,-0.955559,1.455322,-1.099874,training_touch
10:04:54.016,2,-2.898181,1.370175,-1.128573,training_touch
10:04:54.100,1,-0.928215,1.452223,-1.094567,training_touch
10:04:54.101,2,-2.88939,1.370404,-1.124768,training_touch
10:04:54.183,1,-0.887372,1.441799,-1.082495,training_touch
10:04:54.183,2,-2.856646,1.371628,-1.115601,training_touch
10:04:54.316,1,-0.806479,1.434349,-1.061492,training_touch
10:04:54.316,2,-2.78007,1.371622,-1.099847,training_touch
10:04:54.400,1,-0.772307,1.426385,-1.034955,training_touch
10:04:54.400,2,-2.736694,1.368536,-1.087453,training_touch
10:04:54.483,1,-0.745637,1.413501,-1.031986,training_touch
10:04:54.483,2,-2.631182,1.369081,-1.065474,training_touch
10:04:54.568,1,-0.721315,1.454642,-1.035151,training_touch
10:04:54.569,2,-2.57636,1.367581,-1.05912,training_touch
10:04:54.649,1,-0.675503,1.455147,-1.005613,training_touch
10:04:54.650,2,-2.510087,1.364756,-1.051884,training_touch
10:04:54.800,1,-0.649409,1.44949,-1.020113,training_touch
10:04:54.801,2,-2.371199,1.369341,-1.033473,training_touch
10:04:54.883,1,-0.607327,1.447926,-1.034978,training_touch
10:04:54.883,2,-2.342594,1.372063,-1.023459,training_touch
10:04:54.967,1,-0.567737,1.450018,-1.038935,training_touch
10:04:54.967,2,-2.279961,1.373808,-1.015268,training_touch
10:04:55.050,1,-0.535912,1.44529,-1.051143,training_touch
10:04:55.050,2,-2.188894,1.375307,-1.004426,training_touch
10:04:55.134,1,-0.525766,1.377075,-1.042455,training_touch
10:04:55.134,2,-2.162233,1.378058,-0.995536,training_touch
10:04:55.216,1,-0.516099,1.437235,-1.034635,training_touch
10:04:55.217,2,-2.096063,1.374905,-0.972077,training_touch
10:04:55.300,1,-0.504118,1.438736,-1.035899,training_touch
10:04:55.301,2,-2.055445,1.373528,-0.952377,training_touch
10:04:55.383,1,-0.498063,1.451874,-1.035994,training_touch
10:04:55.384,2,-2.04903,1.37035,-0.936526,training_touch
10:04:55.466,1,-0.491982,1.428714,-1.032976,training_touch
10:04:55.466,2,-1.983886,1.365273,-0.887774,training_touch
10:04:55.599,1,-0.468751,1.455277,-1.044849,training_touch
10:04:55.600,2,-1.902694,1.356279,-0.834168,training_touch
10:04:55.684,1,-0.465462,1.46378,-1.044873,training_touch
10:04:55.684,2,-1.848253,1.360874,-0.79318,training_touch
10:04:55.766,1,-0.458233,1.460556,-1.043594,training_touch
10:04:55.766,2,-1.802207,1.359963,-0.774828,training_touch
10:04:55.917,1,-0.453999,1.440859,-1.032681,training_touch
10:04:55.917,2,-1.736802,1.365467,-0.746204,training_touch
10:04:55.999,1,-0.455082,1.444617,-1.024734,training_touch
10:04:56.000,2,-1.690767,1.362512,-0.733618,training_touch
10:04:56.083,1,-0.438591,1.446853,-1.036653,training_touch
10:04:56.084,2,-1.656084,1.364374,-0.724602,training_touch
10:04:56.166,1,-0.444854,1.447917,-1.041177,training_touch
10:04:56.166,2,-1.594221,1.364803,-0.71651,training_touch
10:04:56.250,1,-0.438009,1.450826,-1.048151,training_touch
10:04:56.251,2,-1.554044,1.365386,-0.717678,training_touch
10:04:56.333,1,-0.450629,1.450688,-1.037501,training_touch
10:04:56.333,2,-1.500082,1.364883,-0.714988,training_touch
10:04:56.417,1,-0.455656,1.45136,-1.033088,training_touch
10:04:56.417,2,-1.469112,1.363514,-0.716745,training_touch
10:04:56.499,1,-0.451821,1.402425,-1.036418,training_touch
10:04:56.500,2,-1.412119,1.362253,-0.719694,training_touch
10:04:56.583,1,-0.456785,1.431038,-1.031102,training_touch
10:04:56.583,2,-1.385323,1.363687,-0.720921,training_touch
10:04:56.716,1,-0.471198,1.455991,-1.017436,training_touch
10:04:56.716,2,-1.348873,1.365368,-0.720428,training_touch
10:04:56.849,1,-0.476644,1.381726,-1.013959,training_touch
10:04:56.850,2,-1.32955,1.365225,-0.71146,training_touch
10:04:56.983,1,-0.486965,1.448932,-1.011037,training_touch
10:04:56.983,2,-1.319609,1.365411,-0.70034,training_touch
10:04:57.083,1,-0.471791,1.440475,-1.0312,training_touch
10:04:57.084,2,-1.294284,1.365404,-0.698717,training_touch
10:04:57.166,1,-0.46878,1.452983,-1.042803,training_touch
10:04:57.166,2,-1.273853,1.365605,-0.692563,training_touch
10:04:57.250,1,-0.467219,1.448404,-1.045743,training_touch
10:04:57.250,2,-1.267575,1.365624,-0.69985,training_touch
10:04:57.333,1,-0.467395,1.45476,-1.046613,training_touch
10:04:57.333,2,-1.27995,1.364709,-0.700432,training_touch
10:04:57.416,1,-0.472225,1.451047,-1.051711,training_touch
10:04:57.416,2,-1.280155,1.363264,-0.702213,training_touch
10:04:57.499,1,-0.472059,1.426058,-1.052182,training_touch
10:04:57.500,2,-1.279556,1.363019,-0.703234,training_touch
10:04:57.583,1,-0.481811,1.409957,-1.042537,training_touch
10:04:57.583,2,-1.277597,1.36367,-0.702676,training_touch
10:04:57.666,1,-0.492132,1.471095,-1.031219,training_touch
10:04:57.666,2,-1.276419,1.363738,-0.701824,training_touch
10:04:57.750,1,-0.495818,1.453018,-1.030344,training_touch
10:04:57.750,2,-1.277211,1.363359,-0.701206,training_touch
10:04:57.833,1,-0.502854,1.456933,-1.022245,training_touch
10:04:57.833,2,-1.275303,1.367143,-0.701515,training_touch
10:04:57.917,1,-0.501257,1.453647,-1.026108,training_touch
10:04:57.917,2,-1.277198,1.366668,-0.700422,training_touch
10:04:58.017,1,-0.506883,1.452113,-1.02686,training_touch
10:04:58.018,2,-1.282846,1.366276,-0.700277,training_touch
10:04:58.099,1,-0.514111,1.438997,-1.033392,training_touch
10:04:58.100,2,-1.283732,1.362804,-0.701268,training_touch
10:04:58.184,1,-0.51535,1.44918,-1.03714,training_touch
10:04:58.184,2,-1.285894,1.364881,-0.698493,training_touch
10:04:58.266,1,-0.523678,1.450294,-1.035691,training_touch
10:04:58.266,2,-1.291107,1.372188,-0.695251,training_touch
10:04:58.351,1,-0.527334,1.454091,-1.029338,training_touch
10:04:58.351,2,-1.293074,1.372448,-0.694668,training_touch
10:04:58.433,1,-0.532621,1.457497,-1.032171,training_touch
10:04:58.433,2,-1.29649,1.371529,-0.691606,training_touch
10:04:58.517,1,-0.537554,1.456186,-1.03352,training_touch
10:04:58.517,2,-1.296661,1.371021,-0.691561,training_touch
10:04:58.600,1,-0.537185,1.458647,-1.041077,training_touch
10:04:58.601,2,-1.297763,1.374648,-0.689209,training_touch
10:04:58.683,1,-0.54489,1.460383,-1.027868,training_touch
10:04:58.683,2,-1.296465,1.378024,-0.687779,training_touch
10:04:58.767,1,-0.546476,1.461198,-1.025117,training_touch
10:04:58.767,2,-1.29262,1.371635,-0.688646,training_touch
10:04:58.849,1,-0.556726,1.462621,-1.018546,training_touch
10:04:58.850,2,-1.287604,1.371087,-0.685871,training_touch
10:04:58.983,1,-0.554092,1.468703,-1.023879,training_touch
10:04:58.984,2,-1.284612,1.377758,-0.683988,training_touch
10:04:59.067,1,-0.555622,1.471935,-1.024097,training_touch
10:04:59.067,2,-1.283764,1.382786,-0.682403,training_touch
10:04:59.149,1,-0.555885,1.476768,-1.028312,training_touch
10:04:59.150,2,-1.281807,1.374722,-0.683058,training_touch
10:04:59.300,1,-0.560019,1.480804,-1.029525,training_touch
10:04:59.301,2,-1.282299,1.38178,-0.682143,training_touch
10:04:59.383,1,-0.560493,1.480161,-1.03123,training_touch
10:04:59.383,2,-1.280847,1.382721,-0.682686,training_touch
10:04:59.466,1,-0.561506,1.485117,-1.031082,training_touch
10:04:59.466,2,-1.280108,1.382329,-0.682774,training_touch
10:04:59.600,1,-0.562104,1.4772,-1.031438,training_touch
10:04:59.600,2,-1.267617,1.381145,-0.684122,training_touch
10:04:59.683,1,-0.559855,1.477067,-1.030613,training_touch
10:04:59.683,2,-1.26797,1.388195,-0.686163,training_touch
10:04:59.816,1,-0.555398,1.482928,-1.027697,training_touch
10:04:59.816,2,-1.273564,1.382804,-0.683985,training_touch
10:04:59.900,1,-0.555259,1.481099,-1.027862,training_touch
10:04:59.900,2,-1.270974,1.374086,-0.686495,training_touch
10:04:59.983,1,-0.555983,1.480847,-1.029397,training_touch
10:04:59.983,2,-1.271103,1.360742,-0.687383,training_touch
10:05:00.067,1,-0.555496,1.476446,-1.029145,training_touch
10:05:00.067,2,-1.266895,1.366624,-0.687853,training_touch
10:05:00.149,1,-0.553974,1.476751,-1.029858,training_touch
10:05:00.150,2,-1.264557,1.371614,-0.688489,training_touch
10:05:00.234,1,-0.549465,1.469539,-1.027326,training_touch
10:05:00.234,2,-1.26458,1.367,-0.686641,training_touch
10:05:00.316,1,-0.548246,1.461874,-1.020661,training_touch
10:05:00.316,2,-1.265517,1.370034,-0.683825,training_touch
10:05:00.401,1,-0.550813,1.462757,-1.018879,training_touch
10:05:00.401,2,-1.26606,1.370806,-0.68364,training_touch
10:05:00.483,1,-0.551244,1.458584,-1.01162,training_touch
10:05:00.483,2,-1.265597,1.368981,-0.683791,training_touch
10:05:00.616,1,-0.551016,1.467303,-1.015202,training_touch
10:05:00.616,2,-1.266562,1.367972,-0.684197,training_touch
10:05:00.700,1,-0.552513,1.470047,-1.020319,training_touch
10:05:00.701,2,-1.267147,1.361187,-0.682942,training_touch
10:05:00.783,1,-0.55687,1.469815,-1.019599,training_touch
10:05:00.783,2,-1.267816,1.363067,-0.682291,training_touch
10:05:00.916,1,-0.557482,1.468031,-1.016686,training_touch
10:05:00.916,2,-1.265284,1.368191,-0.682273,training_touch
10:05:01.000,1,-0.569722,1.464155,-1.011884,training_touch
10:05:01.001,2,-1.265293,1.365924,-0.682606,training_touch
10:05:01.083,1,-0.574362,1.462668,-1.011261,training_touch
10:05:01.083,2,-1.265606,1.373299,-0.682193,training_touch
10:05:01.167,1,-0.574585,1.453718,-1.011263,training_touch
10:05:01.167,2,-1.265407,1.375347,-0.682223,training_touch
10:05:01.249,1,-0.58625,1.446127,-1.005047,training_touch
10:05:01.250,2,-1.265476,1.366658,-0.682142,training_touch
10:05:01.383,1,-0.608037,1.446451,-0.997427,training_touch
10:05:01.383,2,-1.266612,1.360711,-0.680117,training_touch
10:05:01.533,1,-0.583517,1.460604,-0.955976,training_touch
10:05:01.534,2,-1.26748,1.347785,-0.680865,training_touch
10:05:01.616,1,-0.588744,1.455695,-0.954985,training_touch
10:05:01.617,2,-1.266693,1.353494,-0.680752,training_touch
10:05:01.700,1,-0.594345,1.461864,-0.960805,training_touch
10:05:01.700,2,-1.27022,1.360297,-0.679567,training_touch
10:05:01.783,1,-0.595817,1.445385,-0.960611,training_touch
10:05:01.783,2,-1.256886,1.363376,-0.686055,training_touch
10:05:01.866,1,-0.59906,1.446268,-0.961156,training_touch
10:05:01.866,2,-1.26182,1.369879,-0.683067,training_touch
10:05:02.000,1,-0.614343,1.439064,-0.963166,training_touch
10:05:02.000,2,-1.267708,1.371715,-0.678432,training_touch
10:05:02.133,1,-0.609531,1.435402,-0.963356,training_touch
10:05:02.133,2,-1.271,1.379892,-0.679077,training_touch
10:05:02.217,1,-0.607894,1.422546,-0.964002,training_touch
10:05:02.217,2,-1.270145,1.373192,-0.680262,training_touch
10:05:02.300,1,-0.604004,1.407731,-0.963999,training_touch
10:05:02.300,2,-1.26822,1.367494,-0.68241,training_touch
10:05:02.384,1,-0.604455,1.401889,-0.966809,training_touch
10:05:02.384,2,-1.268629,1.362337,-0.681089,training_touch
10:05:02.466,1,-0.603147,1.396372,-0.968468,training_touch
10:05:02.466,2,-1.270209,1.336576,-0.681065,training_touch
10:05:02.550,1,-0.601137,1.390926,-0.977357,training_touch
10:05:02.550,2,-1.270539,1.349345,-0.680524,training_touch
10:05:02.633,1,-0.595574,1.428557,-0.989337,training_touch
10:05:02.633,2,-1.270747,1.34524,-0.680408,training_touch
10:05:02.717,1,-0.59437,1.358155,-0.989478,training_touch
10:05:02.717,2,-1.270828,1.31966,-0.681533,training_touch
10:05:02.799,1,-0.592082,1.354245,-0.992609,training_touch
10:05:02.800,2,-1.279567,1.334733,-0.664267,training_touch
10:05:02.933,1,-0.593906,1.354125,-1.004933,training_touch
10:05:02.933,2,-1.274728,1.345259,-0.675521,training_touch
10:05:03.017,1,-0.593274,1.340474,-1.005724,training_touch
10:05:03.018,2,-1.26939,1.362169,-0.678657,training_touch
10:05:03.099,1,-0.593277,1.356219,-1.005524,training_touch
10:05:03.100,2,-1.270261,1.362793,-0.67952,training_touch
10:05:03.200,1,-0.588445,1.365689,-1.004451,training_touch
10:05:03.200,2,-1.271335,1.348614,-0.679611,training_touch
10:05:03.283,1,-0.570876,1.360516,-1.007072,training_touch
10:05:03.283,2,-1.270552,1.340507,-0.680072,training_touch
10:05:03.367,1,-0.581603,1.347933,-0.997015,training_touch
10:05:03.367,2,-1.272363,1.34258,-0.678281,training_touch
10:05:03.449,1,-0.563526,1.331202,-0.989099,training_touch
10:05:03.450,2,-1.272826,1.335267,-0.678601,training_touch
10:05:03.583,1,-0.56354,1.323198,-0.985073,training_touch
10:05:03.583,2,-1.27371,1.342672,-0.67863,training_touch
10:05:03.666,1,-0.56332,1.321719,-0.997612,training_touch
10:05:03.666,2,-1.274159,1.351497,-0.67854,training_touch
10:05:03.799,1,-0.565019,1.321124,-0.999757,training_touch
10:05:03.800,2,-1.283948,1.353472,-0.673642,training_touch
10:05:03.933,1,-0.565251,1.334492,-1.001752,training_touch
10:05:03.933,2,-1.283755,1.351626,-0.673348,training_touch
10:05:04.068,1,-0.57793,1.333864,-0.997457,training_touch
10:05:04.068,2,-1.292658,1.357406,-0.673377,training_touch
10:05:04.150,1,-0.579807,1.347111,-0.99651,training_touch
10:05:04.150,2,-1.293517,1.350338,-0.67414,training_touch
10:05:04.233,1,-0.576904,1.324725,-0.998846,training_touch
10:05:04.233,2,-1.295106,1.3584,-0.677747,training_touch
10:05:04.317,1,-0.569043,1.326723,-0.993068,training_touch
10:05:04.317,2,-1.295551,1.347111,-0.677778,training_touch
10:05:04.400,1,-0.5681,1.319612,-0.997998,training_touch
10:05:04.400,2,-1.299527,1.350937,-0.672852,training_touch
10:05:04.484,1,-0.551258,1.316547,-1.002574,training_touch
10:05:04.484,2,-1.301714,1.348785,-0.671652,training_touch
10:05:04.566,1,-0.545631,1.325688,-1.000881,training_touch
10:05:04.566,2,-1.308563,1.362988,-0.664157,training_touch
10:05:04.650,1,-0.541057,1.319626,-1.00341,training_touch
10:05:04.651,2,-1.310451,1.363225,-0.66115,training_touch
10:05:04.733,1,-0.523993,1.33403,-1.012916,training_touch
10:05:04.733,2,-1.313096,1.353116,-0.65638,training_touch
10:05:04.816,1,-0.520071,1.336894,-1.025853,training_touch
10:05:04.816,2,-1.313713,1.353234,-0.653675,training_touch
10:05:04.900,1,-0.522549,1.357457,-1.044286,training_touch
10:05:04.900,2,-1.322776,1.349405,-0.649609,training_touch
10:05:05.033,1,-0.514047,1.323507,-1.048739,training_touch
10:05:05.033,2,-1.36092,1.342834,-0.63571,training_touch
10:05:05.166,1,-0.492706,1.312969,-1.067025,training_touch
10:05:05.166,2,-1.372343,1.343541,-0.636255,training_touch
10:05:05.251,1,-0.455308,1.309468,-1.101149,training_touch
10:05:05.251,2,-1.373981,1.342505,-0.638987,training_touch
10:05:05.333,1,-0.45713,1.309011,-1.097841,training_touch
10:05:05.333,2,-1.389091,1.341139,-0.645498,training_touch
10:05:05.416,1,-0.453732,1.31921,-1.095109,training_touch
10:05:05.416,2,-1.389651,1.338879,-0.646353,training_touch
10:05:05.500,1,-0.452264,1.311684,-1.097082,training_touch
10:05:05.500,2,-1.390828,1.340127,-0.657134,training_touch
10:05:05.633,1,-0.450276,1.312856,-1.091152,training_touch
10:05:05.633,2,-1.397713,1.340629,-0.705835,training_touch
10:05:05.716,1,-0.448052,1.319059,-1.085385,training_touch
10:05:05.716,2,-1.39635,1.343738,-0.717778,training_touch
10:05:05.800,1,-0.457112,1.323741,-1.063442,training_touch
10:05:05.800,2,-1.397359,1.350542,-0.748948,training_touch
10:05:05.884,1,-0.44898,1.348844,-1.060738,training_touch
10:05:05.884,2,-1.3958,1.348187,-0.777295,training_touch
10:05:05.966,1,-0.454276,1.339071,-1.053604,training_touch
10:05:05.966,2,-1.408582,1.353843,-0.808622,training_touch
10:05:06.100,1,-0.467644,1.329326,-1.024591,training_touch
10:05:06.100,2,-1.427237,1.357742,-0.845817,training_touch
10:05:06.183,1,-0.465636,1.306952,-1.023093,training_touch
10:05:06.183,2,-1.443415,1.35726,-0.865221,training_touch
10:05:06.266,1,-0.473321,1.305778,-1.00812,training_touch
10:05:06.266,2,-1.456667,1.356981,-0.896298,training_touch
10:05:06.400,1,-0.473965,1.312766,-1.001658,training_touch
10:05:06.400,2,-1.47627,1.355224,-0.93255,training_touch
10:05:06.533,1,-0.476696,1.33483,-0.998016,training_touch
10:05:06.533,2,-1.503593,1.35484,-0.960237,training_touch
10:05:06.617,1,-0.477551,1.330658,-0.997857,training_touch
10:05:06.618,2,-1.513009,1.355886,-0.966992,training_touch
10:05:06.700,1,-0.48036,1.319896,-0.996285,training_touch
10:05:06.700,2,-1.52452,1.356733,-0.977957,training_touch
10:05:06.784,1,-0.482771,1.31266,-0.994559,training_touch
10:05:06.784,2,-1.521297,1.356741,-0.982736,training_touch
10:05:06.866,1,-0.492062,1.326223,-0.985208,training_touch
10:05:06.866,2,-1.518693,1.354944,-0.990433,training_touch
10:05:07.000,1,-0.496154,1.322263,-0.987154,training_touch
10:05:07.000,2,-1.551308,1.351115,-1.000967,training_touch
10:05:07.083,1,-0.499639,1.335965,-0.978676,training_touch
10:05:07.083,2,-1.564363,1.348951,-0.992964,training_touch
10:05:07.167,1,-0.501833,1.339947,-0.971048,training_touch
10:05:07.168,2,-1.545739,1.349556,-1.00117,training_touch
10:05:07.266,1,-0.501674,1.340487,-0.968036,training_touch
10:05:07.266,2,-1.535143,1.35033,-1.000888,training_touch
10:05:07.350,1,-0.503156,1.345045,-0.968391,training_touch
10:05:07.351,2,-1.544338,1.348071,-1.001261,training_touch
10:05:07.433,1,-0.505531,1.353017,-0.96991,training_touch
10:05:07.433,2,-1.557469,1.348325,-1.003974,training_touch
10:05:07.516,1,-0.506334,1.355015,-0.968432,training_touch
10:05:07.516,2,-1.565182,1.34757,-1.003558,training_touch
10:05:07.600,1,-0.509411,1.359886,-0.965153,training_touch
10:05:07.600,2,-1.566581,1.348837,-1.002138,training_touch
10:05:07.733,1,-0.509589,1.358659,-0.966559,training_touch
10:05:07.733,2,-1.562497,1.340241,-0.997829,training_touch
10:05:07.866,1,-0.511682,1.366341,-0.970409,training_touch
10:05:07.866,2,-1.546663,1.337009,-1.000588,training_touch
10:05:08.000,1,-0.514348,1.380812,-0.970434,training_touch
10:05:08.000,2,-1.568711,1.336638,-1.001371,training_touch
10:05:08.133,1,-0.518562,1.380453,-0.969559,training_touch
10:05:08.133,2,-1.568415,1.337393,-0.999674,training_touch
10:05:08.283,1,-0.519645,1.363712,-0.967327,training_touch
10:05:08.283,2,-1.57537,1.335359,-1.003591,training_touch
10:05:08.367,1,-0.520313,1.363362,-0.96801,training_touch
10:05:08.368,2,-1.568411,1.333013,-1.003135,training_touch
10:05:08.450,1,-0.518552,1.36038,-0.969446,training_touch
10:05:08.450,2,-1.56884,1.332431,-1.002909,training_touch
10:05:08.600,1,-0.520292,1.375187,-0.967686,training_touch
10:05:08.601,2,-1.570331,1.332685,-1.001477,training_touch
10:05:08.683,1,-0.516058,1.388402,-0.969192,training_touch
10:05:08.683,2,-1.575833,1.33781,-1.00244,training_touch
10:05:08.767,1,-0.515032,1.386069,-0.969765,training_touch
10:05:08.768,2,-1.557797,1.337918,-1.002994,training_touch
10:05:08.850,1,-0.513799,1.391391,-0.968553,training_touch
10:05:08.850,2,-1.548969,1.335731,-1.000761,training_touch
10:05:08.934,1,-0.515156,1.384944,-0.967753,training_touch
10:05:08.934,2,-1.568145,1.333138,-1.000323,training_touch
10:05:09.016,1,-0.516372,1.35853,-0.968962,training_touch
10:05:09.016,2,-1.580422,1.336871,-0.994489,training_touch
10:05:09.100,1,-0.518008,1.354967,-0.966491,training_touch
10:05:09.100,2,-1.580409,1.336542,-0.995662,training_touch
10:05:09.184,1,-0.519515,1.35542,-0.966062,training_touch
10:05:09.184,2,-1.574111,1.336434,-1.002344,training_touch
10:05:09.266,1,-0.517313,1.350866,-0.96676,training_touch
10:05:09.266,2,-1.568299,1.336818,-1.003509,training_touch
10:05:09.350,1,-0.515003,1.343998,-0.96912,training_touch
10:05:09.351,2,-1.552505,1.336522,-1.003483,training_touch
10:05:09.433,1,-0.513827,1.353625,-0.972248,training_touch
10:05:09.433,2,-1.567063,1.336549,-1.006912,training_touch
10:05:09.517,1,-0.51399,1.370623,-0.973365,training_touch
10:05:09.518,2,-1.569352,1.336968,-1.004929,training_touch
10:05:09.600,1,-0.518311,1.377602,-0.965924,training_touch
10:05:09.600,2,-1.566194,1.333842,-1.004339,training_touch
10:05:09.733,1,-0.517908,1.445404,-0.9629,training_touch
10:05:09.733,2,-1.566671,1.333992,-1.001597,training_touch
10:05:09.884,1,-0.516952,1.444522,-0.964526,training_touch
10:05:09.884,2,-1.574436,1.333324,-1.004746,training_touch
10:05:09.967,1,-0.516196,1.437824,-0.964362,training_touch
10:05:09.967,2,-1.552567,1.333964,-1.004344,training_touch
10:05:10.050,1,-0.51441,1.438959,-0.960839,training_touch
10:05:10.051,2,-1.555337,1.32752,-1.001824,training_touch
10:05:10.133,1,-0.511087,1.440536,-0.962945,training_touch
10:05:10.134,2,-1.573697,1.330231,-0.997744,training_touch
10:05:10.217,1,-0.510813,1.434339,-0.964558,training_touch
10:05:10.217,2,-1.575898,1.332423,-1.006672,training_touch
10:05:10.300,1,-0.509753,1.431998,-0.964468,training_touch
10:05:10.300,2,-1.570069,1.332859,-1.00221,training_touch
10:05:10.384,1,-0.51047,1.43269,-0.966545,training_touch
10:05:10.384,2,-1.55515,1.336681,-1.008367,training_touch
10:05:10.467,1,-0.51155,1.436291,-0.969234,training_touch
10:05:10.468,2,-1.573358,1.335827,-1.015706,training_touch
10:05:10.550,1,-0.513547,1.436658,-0.970437,training_touch
10:05:10.550,2,-1.580238,1.334138,-1.01428,training_touch
10:05:10.633,1,-0.51243,1.434787,-0.972191,training_touch
10:05:10.633,2,-1.613352,1.330756,-1.020088,training_touch
10:05:10.766,1,-0.512371,1.429099,-0.971634,training_touch
10:05:10.766,2,-1.665623,1.331227,-1.013569,training_touch
10:05:10.900,1,-0.510655,1.420134,-0.972921,training_touch
10:05:10.900,2,-1.720962,1.331248,-0.988077,training_touch
10:05:10.985,1,-0.509983,1.42347,-0.973743,training_touch
10:05:10.986,2,-1.750573,1.334173,-0.984011,training_touch
10:05:11.066,1,-0.512696,1.414912,-0.968201,training_touch
10:05:11.066,2,-1.798164,1.330745,-0.97546,training_touch
10:05:11.200,1,-0.509009,1.376709,-0.967798,training_touch
10:05:11.200,2,-1.859463,1.334922,-0.954997,training_touch
10:05:11.284,1,-0.509227,1.368166,-0.966758,training_touch
10:05:11.284,2,-1.88703,1.334299,-0.944562,training_touch
10:05:11.383,1,-0.50807,1.368082,-0.967755,training_touch
10:05:11.383,2,-1.934147,1.333395,-0.935983,training_touch
10:05:11.466,1,-0.507014,1.373781,-0.967373,training_touch
10:05:11.467,2,-1.991997,1.334057,-0.945469,training_touch
10:05:11.600,1,-0.510292,1.385889,-0.964913,training_touch
10:05:11.600,2,-2.047099,1.335109,-0.948146,training_touch
10:05:11.683,1,-0.50979,1.364785,-0.965044,training_touch
10:05:11.683,2,-2.093341,1.337583,-0.951492,training_touch
10:05:11.767,1,-0.509954,1.401886,-0.967877,training_touch
10:05:11.768,2,-2.153745,1.33798,-0.959374,training_touch
10:05:11.850,1,-0.50999,1.411687,-0.968803,training_touch
10:05:11.850,2,-2.187133,1.340956,-0.954231,training_touch
10:05:11.934,1,-0.510409,1.386659,-0.969473,training_touch
10:05:11.934,2,-2.254885,1.340919,-0.970053,training_touch
10:05:12.016,1,-0.511358,1.381656,-0.969851,training_touch
10:05:12.016,2,-2.303487,1.347203,-0.983799,training_touch
10:05:12.101,1,-0.512456,1.380081,-0.969432,training_touch
10:05:12.101,2,-2.327308,1.341918,-0.98627,training_touch
10:05:12.200,1,-0.511101,1.36006,-0.965234,training_touch
10:05:12.200,2,-2.386458,1.348606,-1.007212,training_touch
10:05:12.283,1,-0.511275,1.357262,-0.964054,training_touch
10:05:12.283,2,-2.422526,1.347704,-1.01221,training_touch
10:05:12.367,1,-0.511789,1.36504,-0.964148,training_touch
10:05:12.367,2,-2.450504,1.335635,-1.019078,training_touch
10:05:12.467,1,-0.51697,1.382875,-0.960297,training_touch
10:05:12.467,2,-2.563236,1.339223,-1.085742,training_touch
10:05:12.550,1,-0.530091,1.381051,-0.94033,training_touch
10:05:12.550,2,-2.521835,1.342688,-1.022712,training_touch
10:05:12.633,1,-0.557497,1.405849,-0.929361,training_touch
10:05:12.633,2,-2.54469,1.343274,-1.011798,training_touch
10:05:12.717,1,-0.553897,1.416268,-0.937029,training_touch
10:05:12.717,2,-2.547394,1.343659,-1.009693,training_touch
10:05:12.800,1,-0.557807,1.422956,-0.937116,training_touch
10:05:12.800,2,-2.578389,1.339916,-0.990428,training_touch
10:05:12.883,1,-0.573067,1.429366,-0.930814,training_touch
10:05:12.883,2,-2.592645,1.338616,-0.974523,training_touch
10:05:12.967,1,-0.588806,1.406229,-0.926152,training_touch
10:05:12.967,2,-2.604698,1.339,-0.947541,training_touch
10:05:13.050,1,-0.594601,1.371618,-0.929909,training_touch
10:05:13.050,2,-2.629535,1.338826,-0.909064,training_touch
10:05:13.201,1,-0.620294,1.366215,-0.92979,training_touch
10:05:13.201,2,-2.687603,1.33572,-0.855766,training_touch
10:05:13.284,1,-0.626234,1.351537,-0.932975,training_touch
10:05:13.284,2,-2.730471,1.324405,-0.812587,training_touch
10:05:13.367,1,-0.667809,1.336375,-0.936706,training_touch
10:05:13.367,2,-2.753903,1.325041,-0.799312,training_touch
10:05:13.450,1,-0.687139,1.338225,-0.920401,training_touch
10:05:13.450,2,-2.774803,1.320067,-0.780517,training_touch
10:05:13.533,1,-0.714495,1.355328,-0.934929,training_touch
10:05:13.533,2,-2.804204,1.320463,-0.763653,training_touch
10:05:13.617,1,-0.718922,1.350146,-0.943783,training_touch
10:05:13.617,2,-2.822815,1.3221,-0.749559,training_touch
10:05:13.700,1,-0.734119,1.335602,-0.948752,training_touch
10:05:13.700,2,-2.857315,1.337187,-0.730082,training_touch
10:05:13.783,1,-0.7765,1.341716,-0.962737,training_touch
10:05:13.784,2,-2.87565,1.337661,-0.721123,training_touch
10:05:13.867,1,-0.793781,1.345254,-0.973339,training_touch
10:05:13.867,2,-2.883176,1.342499,-0.718231,training_touch
10:05:13.950,1,-0.831315,1.349508,-0.976575,training_touch
10:05:13.950,2,-2.906696,1.354157,-0.714139,training_touch
10:05:14.034,1,-0.855993,1.293307,-0.983839,training_touch
10:05:14.034,2,-2.91471,1.348006,-0.707897,training_touch
10:05:14.116,1,-0.896287,1.322879,-0.99267,training_touch
10:05:14.116,2,-2.914244,1.347949,-0.70761,training_touch
10:05:14.201,1,-0.93034,1.332997,-0.989114,training_touch
10:05:14.201,2,-2.913987,1.348432,-0.708996,training_touch
10:05:14.367,1,-0.977081,1.364544,-0.980097,training_touch
10:05:14.367,2,-2.9162,1.336352,-0.712425,training_touch
10:05:14.450,1,-1.08545,1.346844,-0.960762,training_touch
10:05:14.450,2,-2.907677,1.32997,-0.714475,training_touch
10:05:14.601,1,-1.216897,1.341367,-0.924179,training_touch
10:05:14.601,2,-2.91086,1.318606,-0.713434,training_touch
10:05:14.683,1,-1.292761,1.340048,-0.920538,training_touch
10:05:14.684,2,-2.910824,1.317451,-0.713357,training_touch
10:05:14.767,1,-1.322526,1.340853,-0.911417,training_touch
10:05:14.768,2,-2.899873,1.322153,-0.713213,training_touch
10:05:14.850,1,-1.400984,1.337944,-0.918047,training_touch
10:05:14.850,2,-2.906778,1.323388,-0.713787,training_touch
10:05:14.934,1,-1.440296,1.330734,-0.925632,training_touch
10:05:14.934,2,-2.906392,1.322436,-0.713714,training_touch
10:05:15.016,1,-1.516709,1.331435,-0.939065,training_touch
10:05:15.016,2,-2.914585,1.31888,-0.708689,training_touch
10:05:15.101,1,-1.549411,1.361882,-0.949502,training_touch
10:05:15.101,2,-2.914729,1.319974,-0.708621,training_touch
10:05:15.184,1,-1.644249,1.357252,-0.98793,training_touch
10:05:15.184,2,-2.912525,1.316276,-0.708357,training_touch
10:05:15.267,1,-1.678276,1.367604,-0.997889,training_touch
10:05:15.268,2,-2.912156,1.314579,-0.707537,training_touch
10:05:15.366,1,-1.734733,1.365457,-1.018196,training_touch
10:05:15.367,2,-2.912949,1.313379,-0.706825,training_touch
10:05:15.450,1,-1.803862,1.35653,-1.04164,training_touch
10:05:15.450,2,-2.914331,1.312644,-0.70852,training_touch
10:05:15.534,1,-1.828995,1.359867,-1.043747,training_touch
10:05:15.534,2,-2.914294,1.309264,-0.709612,training_touch
10:05:15.616,1,-1.891724,1.362051,-1.05722,training_touch
10:05:15.616,2,-2.910596,1.31494,-0.71077,training_touch
10:05:15.750,1,-1.974308,1.364152,-1.097398,training_touch
10:05:15.750,2,-2.908617,1.318904,-0.710936,training_touch
10:05:15.883,1,-2.07675,1.359063,-1.131192,training_touch
10:05:15.883,2,-2.910662,1.315131,-0.711262,training_touch
10:05:16.017,1,-2.213198,1.351538,-1.181798,training_touch
10:05:16.017,2,-2.908712,1.321434,-0.712637,training_touch
10:05:16.100,1,-2.264725,1.34784,-1.205781,training_touch
10:05:16.100,2,-2.909819,1.320963,-0.713343,training_touch
10:05:16.184,1,-2.351206,1.357404,-1.241228,training_touch
10:05:16.184,2,-2.911421,1.314673,-0.716769,training_touch
10:05:16.267,1,-2.410539,1.352729,-1.258992,training_touch
10:05:16.267,2,-2.911762,1.317047,-0.716998,training_touch
10:05:16.350,1,-2.48534,1.349297,-1.299521,training_touch
10:05:16.350,2,-2.916473,1.315434,-0.71739,training_touch
10:05:16.433,1,-2.54419,1.34438,-1.302635,training_touch
10:05:16.433,2,-2.936618,1.317117,-0.819076,training_touch
10:05:16.517,1,-2.580737,1.353242,-1.330505,training_touch
10:05:16.517,2,-2.916837,1.312796,-0.801421,training_touch
10:05:16.601,1,-2.635874,1.350694,-1.353754,training_touch
10:05:16.601,2,-3.086713,1.311764,-0.629041,training_touch
10:05:16.683,1,-2.724666,1.356331,-1.377748,training_touch
10:05:16.767,1,-2.764387,1.317274,-1.39024,training_touch
10:05:16.851,1,-2.854421,1.352389,-1.412856,training_touch
10:05:16.934,1,-2.898412,1.318689,-1.420754,training_touch
10:05:17.017,1,-2.950435,1.348498,-1.418497,training_touch
10:05:17.101,1,-3.00333,1.318289,-1.415603,training_touch
10:05:17.184,1,-3.035321,1.348889,-1.415396,training_touch
10:05:17.267,1,-3.115877,1.317677,-1.391056,training_touch
10:05:17.401,1,-3.152728,1.351886,-1.31591,training_touch
10:05:17.500,1,-3.195276,1.311568,-1.263933,training_touch
10:05:17.584,1,-3.280287,1.349507,-1.198554,training_touch
10:05:17.667,1,-3.314581,1.319712,-1.143758,training_touch
10:05:17.750,1,-3.390943,1.348177,-1.062179,training_touch
10:05:17.834,1,-3.411656,1.317404,-1.014735,training_touch
10:05:17.966,1,-3.475626,1.336004,-0.962555,training_touch
10:05:18.100,1,-3.541497,1.311816,-0.88138,training_touch
10:05:18.184,1,-3.543038,1.333079,-0.885551,training_touch
10:05:18.267,1,-3.559755,1.312357,-0.879816,training_touch
10:05:18.351,1,-3.576077,1.346935,-0.86728,training_touch
10:05:18.434,1,-3.578029,1.31543,-0.861024,training_touch
10:05:18.517,1,-3.594534,1.350232,-0.850982,training_touch
10:05:18.601,1,-3.595985,1.315258,-0.849113,training_touch
10:05:18.684,1,-3.606476,1.343303,-0.843894,training_touch
10:05:18.767,1,-3.614381,1.309092,-0.840115,training_touch
10:05:18.901,1,-3.625622,1.34118,-0.834837,training_touch
10:05:18.983,1,-3.630824,1.314144,-0.832021,training_touch
10:05:19.067,1,-3.634989,1.35015,-0.830728,training_touch
10:05:19.151,1,-3.637431,1.314325,-0.82805,training_touch
10:05:19.234,1,-3.644719,1.363507,-0.830269,training_touch
10:05:19.317,1,-3.651421,1.323616,-0.827664,training_touch
10:05:19.400,1,-3.653645,1.366927,-0.829543,training_touch
10:05:19.483,1,-3.654347,1.338841,-0.82942,training_touch
10:05:19.567,1,-3.659958,1.373782,-0.828854,training_touch
10:05:19.651,1,-3.664844,1.34141,-0.827423,training_touch
10:05:19.734,1,-3.665629,1.368417,-0.828265,training_touch
10:05:19.817,1,-3.666545,1.346561,-0.826573,training_touch
10:05:19.901,1,-3.667668,1.36148,-0.826364,training_touch
10:05:19.983,1,-3.669308,1.344226,-0.828674,training_touch
10:05:20.067,1,-3.666905,1.343917,-0.845318,training_touch
10:05:20.150,1,-3.666489,1.347713,-0.850123,training_touch
10:05:20.234,1,-3.670039,1.341414,-0.852986,training_touch
10:05:20.316,1,-3.677068,1.335464,-0.86886,training_touch
10:05:20.450,1,-3.679286,1.339811,-0.879097,training_touch
10:05:20.601,1,-3.679078,1.341021,-0.889647,training_touch
10:05:20.684,1,-3.687062,1.335054,-0.907677,training_touch
10:05:20.767,1,-3.689887,1.347875,-0.913415,training_touch
10:05:20.851,1,-3.690446,1.333711,-0.914768,training_touch
10:05:20.934,1,-3.690998,1.347854,-0.915939,training_touch
10:05:21.017,1,-3.700252,1.347156,-0.913353,training_touch
10:05:21.101,1,-3.693812,1.328367,-0.88719,training_touch
10:05:21.233,1,-3.689925,1.350291,-0.874559,training_touch
10:05:21.366,1,-3.683051,1.311365,-0.856607,training_touch
10:05:21.500,1,-3.677304,1.349211,-0.83501,training_touch
10:05:21.651,1,-3.682761,1.314116,-0.833858,training_touch
10:05:21.734,1,-3.683325,1.346752,-0.833068,training_touch
10:05:21.816,1,-3.685047,1.311682,-0.830646,training_touch
10:05:21.951,1,-3.691919,1.336165,-0.828909,training_touch
10:05:22.033,1,-3.689975,1.325337,-0.815747,training_touch
10:05:22.167,1,-3.68611,1.335634,-0.811463,training_touch
10:05:22.250,1,-3.686122,1.330195,-0.810498,training_touch
10:05:22.383,1,-3.684312,1.334545,-0.8083,training_touch
10:05:22.516,1,-3.68732,1.325831,-0.812767,training_touch
10:05:22.600,1,-3.688922,1.330549,-0.815783,training_touch
10:05:22.733,1,-3.690842,1.324832,-0.816383,training_touch
10:05:22.866,1,-3.690607,1.331785,-0.811315,training_touch
10:05:23.000,1,-3.684845,1.330452,-0.800563,training_touch
10:05:23.084,1,-3.68441,1.331912,-0.798775,training_touch
10:05:23.167,1,-3.683549,1.348934,-0.798273,training_touch
10:05:23.251,1,-3.682629,1.332087,-0.796684,training_touch
10:05:23.334,1,-3.682451,1.336809,-0.796826,training_touch
10:05:23.417,1,-3.680483,1.33449,-0.79548,training_touch
10:05:23.501,1,-3.677659,1.333586,-0.793335,training_touch
10:05:23.584,1,-3.675691,1.348899,-0.791121,training_touch
10:05:23.667,1,-3.674474,1.3489,-0.789704,training_touch
10:05:23.750,1,-3.672307,1.351931,-0.788559,training_touch
10:05:23.834,1,-3.672119,1.352286,-0.788852,training_touch
10:05:23.916,1,-3.669411,1.351663,-0.785872,training_touch
10:05:24.050,1,-3.66991,1.359546,-0.788783,training_touch
10:05:24.184,1,-3.66957,1.351132,-0.786064,training_touch
10:05:24.267,1,-3.670558,1.275133,-0.7843,training_touch
10:05:24.351,1,-3.668055,1.372278,-0.782218,training_touch
10:05:24.434,1,-3.669297,1.354301,-0.783904,training_touch
10:05:24.516,1,-3.668738,1.352093,-0.784897,training_touch
10:05:24.650,1,-3.666131,1.361972,-0.778402,training_touch
10:05:24.817,1,-3.667816,1.353785,-0.780229,training_touch
10:05:24.900,1,-3.667973,1.361909,-0.780258,training_touch
10:05:25.033,1,-3.670652,1.352482,-0.780718,training_touch
10:05:25.033,2,-2.787773,1.358021,-1.000655,training_touch
10:05:25.116,1,-3.669806,1.354517,-0.780049,training_touch
10:05:25.117,2,-2.787725,1.365636,-1.007206,training_touch
10:05:25.250,1,-3.669689,1.353093,-0.776656,training_touch
10:05:25.250,2,-2.784975,1.363918,-1.025768,training_touch
10:05:25.383,1,-3.672995,1.353343,-0.777599,training_touch
10:05:25.383,2,-2.786942,1.363082,-1.028383,training_touch
10:05:25.467,1,-3.674619,1.374796,-0.77866,training_touch
10:05:25.468,2,-2.786262,1.353864,-1.029724,training_touch
10:05:25.550,1,-3.672611,1.38497,-0.77792,training_touch
10:05:25.550,2,-2.786237,1.359469,-1.03267,training_touch
10:05:25.683,1,-3.673894,1.342941,-0.776805,training_touch
10:05:25.683,2,-2.787755,1.34951,-1.029555,training_touch
10:05:25.816,1,-3.674711,1.337374,-0.773455,training_touch
10:05:25.817,2,-2.788228,1.348995,-1.030488,training_touch
10:05:25.967,1,-3.677001,1.350305,-0.774948,training_touch
10:05:25.968,2,-2.787465,1.349583,-1.03256,training_touch
10:05:26.050,1,-3.677524,1.363188,-0.777246,training_touch
10:05:26.050,2,-2.78802,1.34499,-1.033252,training_touch
10:05:26.134,1,-3.674828,1.409204,-0.775781,training_touch
10:05:26.134,2,-2.78843,1.337831,-1.033254,training_touch
10:05:26.217,1,-3.674998,1.418067,-0.776755,training_touch
10:05:26.217,2,-2.78881,1.334442,-1.032624,training_touch
10:05:26.300,1,-3.675283,1.415775,-0.779981,training_touch
10:05:26.301,2,-2.790555,1.329824,-1.035049,training_touch
10:05:26.384,1,-3.67756,1.428828,-0.777992,training_touch
10:05:26.384,2,-2.791546,1.341518,-1.034356,training_touch
10:05:26.467,1,-3.678374,1.44089,-0.7795,training_touch
10:05:26.467,2,-2.792117,1.342272,-1.034091,training_touch
10:05:26.550,1,-3.68171,1.440633,-0.784232,training_touch
10:05:26.551,2,-2.793775,1.33481,-1.033826,training_touch
10:05:26.634,1,-3.676369,1.438824,-0.783097,training_touch
10:05:26.635,2,-2.794436,1.332057,-1.033783,training_touch
10:05:26.717,1,-3.675516,1.438122,-0.782849,training_touch
10:05:26.717,2,-2.795578,1.333201,-1.033699,training_touch
10:05:26.801,1,-3.67502,1.42941,-0.781596,training_touch
10:05:26.801,2,-2.798012,1.345292,-1.036308,training_touch
10:05:26.883,1,-3.674033,1.417416,-0.783592,training_touch
10:05:26.883,2,-2.798005,1.341327,-1.036003,training_touch
10:05:27.016,1,-3.672716,1.42788,-0.786866,training_touch
10:05:27.017,2,-2.801071,1.338911,-1.036761,training_touch
10:05:27.101,1,-3.674024,1.443127,-0.787154,training_touch
10:05:27.101,2,-2.801898,1.345431,-1.035818,training_touch
10:05:27.183,1,-3.672354,1.447981,-0.787545,training_touch
10:05:27.183,2,-2.805323,1.333241,-1.036607,training_touch
10:05:27.317,1,-3.675761,1.452564,-0.789323,training_touch
10:05:27.317,2,-2.804987,1.333805,-1.035613,training_touch
10:05:27.401,1,-3.672165,1.457451,-0.789087,training_touch
10:05:27.401,2,-2.803726,1.334848,-1.033731,training_touch
10:05:27.483,1,-3.667954,1.459936,-0.78689,training_touch
10:05:27.483,2,-2.803011,1.33389,-1.033121,training_touch
10:05:27.569,1,-3.672199,1.431902,-0.786273,training_touch
10:05:27.569,2,-2.803683,1.336233,-1.03327,training_touch
10:05:27.650,1,-3.671507,1.436772,-0.785436,training_touch
10:05:27.650,2,-2.802996,1.334754,-1.0319,training_touch
10:05:27.783,1,-3.670503,1.457721,-0.786149,training_touch
10:05:27.783,2,-2.801739,1.334666,-1.028982,training_touch
10:05:27.917,1,-3.67213,1.469044,-0.786026,training_touch
10:05:27.917,2,-2.799591,1.33783,-1.026372,training_touch
10:05:28.050,1,-3.67322,1.47442,-0.789025,training_touch
10:05:28.050,2,-2.797612,1.336151,-1.025722,training_touch
10:05:28.134,1,-3.672215,1.485132,-0.785567,training_touch
10:05:28.135,2,-2.797163,1.335868,-1.02462,training_touch
10:05:28.217,1,-3.672267,1.47755,-0.785695,training_touch
10:05:28.217,2,-2.796684,1.335278,-1.023782,training_touch
10:05:28.301,1,-3.671748,1.475578,-0.785659,training_touch
10:05:28.301,2,-2.796036,1.331311,-1.023268,training_touch
10:05:28.383,1,-3.671879,1.4606,-0.784335,training_touch
10:05:28.383,2,-2.795884,1.333817,-1.022359,training_touch
10:05:28.468,1,-3.672355,1.452147,-0.784694,training_touch
10:05:28.468,2,-2.796153,1.333521,-1.022768,training_touch
10:05:28.550,1,-3.671148,1.4531,-0.783478,training_touch
10:05:28.550,2,-2.796113,1.332037,-1.021795,training_touch
10:05:28.683,1,-3.672905,1.463636,-0.7834,training_touch
10:05:28.683,2,-2.794412,1.332315,-1.020836,training_touch
10:05:28.767,1,-3.673365,1.469159,-0.784054,training_touch
10:05:28.768,2,-2.794484,1.331679,-1.021369,training_touch
10:05:28.850,1,-3.672849,1.492027,-0.783762,training_touch
10:05:28.850,2,-2.794385,0.780566,-1.022002,training_touch
10:05:28.983,1,-3.671485,1.493691,-0.78331,training_touch
10:05:28.983,2,-2.794028,0.60703,-1.02203,training_touch
10:05:29.117,1,-3.67167,1.497798,-0.782228,training_touch
10:05:29.117,2,-2.794761,0.55072,-1.02219,training_touch
10:05:29.250,1,-3.673526,1.487329,-0.780592,training_touch
10:05:29.250,2,-2.794762,1.148276,-1.021985,training_touch
10:05:29.334,1,-3.674625,1.481051,-0.782607,training_touch
10:05:29.335,2,-2.794685,1.656949,-1.021584,training_touch
10:05:29.417,1,-3.674183,1.463982,-0.782142,training_touch
10:05:29.417,2,-2.793417,1.656949,-1.019641,training_touch
10:05:29.550,1,-3.674223,1.467094,-0.788108,training_touch
10:05:29.550,2,-2.793827,1.656949,-1.019308,training_touch
10:05:29.683,1,-3.671948,1.47623,-0.787748,training_touch
10:05:29.684,2,-2.793587,1.656949,-1.018519,training_touch
10:05:29.768,1,-3.67124,1.492476,-0.787213,training_touch
10:05:29.768,2,-2.793781,1.656949,-1.017438,training_touch
10:05:29.850,1,-3.671175,1.490519,-0.788789,training_touch
10:05:29.850,2,-2.796366,1.656949,-1.015308,training_touch
10:05:29.934,1,-3.672674,1.497495,-0.792442,training_touch
10:05:29.935,2,-2.796342,1.656949,-1.015545,training_touch
10:05:30.017,1,-3.670657,1.501561,-0.79274,training_touch
10:05:30.017,2,-2.794147,1.656949,-1.01427,training_touch
10:05:30.101,1,-3.669635,1.485467,-0.793771,training_touch
10:05:30.101,2,-2.794152,1.656949,-1.014855,training_touch
10:05:30.183,1,-3.667796,1.459378,-0.793665,training_touch
10:05:30.183,2,-2.792942,1.656949,-1.014194,training_touch
10:05:30.317,1,-3.666779,1.442364,-0.79323,training_touch
10:05:30.317,2,-2.792254,1.656949,-1.004096,training_touch
10:05:30.401,1,-3.666244,1.454263,-0.79331,training_touch
10:05:30.401,2,-2.793117,1.656949,-0.99457,training_touch
10:05:30.483,1,-3.664819,1.460451,-0.792728,training_touch
10:05:30.483,2,-2.792501,1.656949,-0.956064,training_touch
10:05:30.567,1,-3.664501,1.476012,-0.792932,training_touch
10:05:30.568,2,-2.795298,1.656949,-0.921673,training_touch
10:05:30.650,1,-3.664964,1.467333,-0.793447,training_touch
10:05:30.650,2,-2.790808,1.656949,-0.902225,training_touch
10:05:30.734,1,-3.663577,1.459177,-0.79242,training_touch
10:05:30.735,2,-2.780326,1.656949,-0.867231,training_touch
10:05:30.817,1,-3.665134,1.460525,-0.7906,training_touch
10:05:30.817,2,-2.773127,1.656949,-0.841389,training_touch
10:05:30.950,1,-3.663351,1.465659,-0.784657,training_touch
10:05:30.950,2,-2.776844,1.656949,-0.814647,training_touch
10:05:31.083,1,-3.662689,1.464401,-0.779753,training_touch
10:05:31.083,2,-2.77049,1.656949,-0.799557,training_touch
10:05:31.217,1,-3.660574,1.463312,-0.777005,training_touch
10:05:31.217,2,-2.768204,1.656949,-0.7913,training_touch
10:05:31.301,1,-3.660264,1.462061,-0.774602,training_touch
10:05:31.301,2,-2.764681,1.656949,-0.789029,training_touch
10:05:31.400,1,-3.660253,1.459976,-0.773582,training_touch
10:05:31.400,2,-2.766841,1.656949,-0.791488,training_touch
10:05:31.484,1,-3.660355,1.460899,-0.767682,training_touch
10:05:31.484,2,-2.766872,1.656949,-0.794052,training_touch
10:05:31.568,1,-3.669287,1.460554,-0.775002,training_touch
10:05:31.568,2,-2.766837,1.656949,-0.802615,training_touch
10:05:31.650,1,-3.665721,1.460086,-0.763752,training_touch
10:05:31.650,2,-2.767818,1.656949,-0.816341,training_touch
10:05:31.733,1,-3.665577,1.457923,-0.762849,training_touch
10:05:31.733,2,-2.766485,1.656949,-0.827083,training_touch
10:05:31.867,1,-3.662029,1.457521,-0.757256,training_touch
10:05:31.867,2,-2.755655,1.455465,-0.844466,training_touch
10:05:32.000,1,-3.664114,1.453189,-0.759391,training_touch
10:05:32.000,2,-2.754337,1.456256,-0.86287,training_touch
10:05:32.085,1,-3.663259,1.455594,-0.758403,training_touch
10:05:32.086,2,-2.758802,1.454329,-0.864841,training_touch
10:05:32.167,1,-3.665263,1.459793,-0.752024,training_touch
10:05:32.167,2,-2.756177,1.457525,-0.866819,training_touch
10:05:32.251,1,-3.665895,1.457482,-0.753083,training_touch
10:05:32.251,2,-2.760269,1.457308,-0.867961,training_touch
10:05:32.333,1,-3.667059,1.458958,-0.750451,training_touch
10:05:32.333,2,-2.762244,1.456394,-0.865299,training_touch
10:05:32.418,1,-3.667275,1.457575,-0.750521,training_touch
10:05:32.418,2,-2.764907,1.458785,-0.858934,training_touch
10:05:32.500,1,-3.666546,1.469557,-0.743651,training_touch
10:05:32.500,2,-2.768898,1.480422,-0.846709,training_touch
10:05:32.584,1,-3.666849,1.486874,-0.742749,training_touch
10:05:32.584,2,-2.778261,1.485612,-0.837451,training_touch
10:05:32.667,1,-3.666046,1.485958,-0.739766,training_touch
10:05:32.667,2,-2.771235,1.484809,-0.828712,training_touch
10:05:32.800,1,-3.667502,1.484873,-0.727876,training_touch
10:05:32.800,2,-2.775538,1.480142,-0.819931,training_touch
10:05:32.884,1,-3.669203,1.492787,-0.726479,training_touch
10:05:32.885,2,-2.771348,1.494989,-0.818534,training_touch
10:05:32.967,1,-3.664433,1.495707,-0.71891,training_touch
10:05:32.967,2,-2.769772,1.495126,-0.817524,training_touch
10:05:33.100,1,-3.664658,1.48462,-0.717071,training_touch
10:05:33.100,2,-2.768735,1.483722,-0.816533,training_touch
10:05:33.184,1,-3.664813,1.483327,-0.721595,training_touch
10:05:33.184,2,-2.768307,1.484544,-0.816547,training_touch
10:05:33.267,1,-3.663064,1.492997,-0.720377,training_touch
10:05:33.267,2,-2.770565,1.496451,-0.818166,training_touch
10:05:33.350,1,-3.661819,1.497554,-0.718493,training_touch
10:05:33.350,2,-2.774399,1.502676,-0.818285,training_touch
10:05:33.483,1,-3.661501,1.493195,-0.717998,training_touch
10:05:33.483,2,-2.777019,1.488595,-0.813905,training_touch
10:05:33.568,1,-3.661758,1.487026,-0.718135,training_touch
10:05:33.568,2,-2.775717,1.488394,-0.812872,training_touch
10:05:33.650,1,-3.663388,1.497548,-0.718218,training_touch
10:05:33.650,2,-2.772891,1.497998,-0.813999,training_touch
10:05:33.783,1,-3.660884,1.495244,-0.720035,training_touch
10:05:33.783,2,-2.779811,1.493954,-0.816891,training_touch
10:05:33.917,1,-3.659848,1.491149,-0.722504,training_touch
10:05:33.917,2,-2.78167,1.489623,-0.822053,training_touch
10:05:34.000,1,-3.659935,1.490319,-0.72363,training_touch
10:05:34.000,2,-2.780359,1.491182,-0.823207,training_touch
10:05:34.133,1,-3.661371,1.488862,-0.727361,training_touch
10:05:34.133,2,-2.772595,1.485182,-0.830721,training_touch
10:05:34.267,1,-3.661989,1.484989,-0.729775,training_touch
10:05:34.267,2,-2.775427,1.481787,-0.847019,training_touch
10:05:34.351,1,-3.664306,1.472275,-0.728583,training_touch
10:05:34.351,2,-2.774395,1.478474,-0.854366,training_touch
10:05:34.433,1,-3.666275,1.475201,-0.719216,training_touch
10:05:34.433,2,-2.774387,1.477427,-0.866528,training_touch
10:05:34.567,1,-3.666801,1.472721,-0.69679,training_touch
10:05:34.567,2,-2.765749,1.471938,-0.905023,training_touch
10:05:34.684,1,-3.669724,1.479784,-0.685993,training_touch
10:05:34.684,2,-2.763996,1.4761,-0.918196,training_touch
10:05:34.767,1,-3.687647,1.475889,-0.685534,training_touch
10:05:34.767,2,-2.764199,1.472435,-0.932352,training_touch
10:05:34.900,1,-3.691562,1.398992,-0.677305,training_touch
10:05:34.900,2,-2.762787,1.47133,-0.969691,training_touch
10:05:35.033,1,-3.689594,1.396279,-0.666458,training_touch
10:05:35.033,2,-2.767443,1.472873,-0.981651,training_touch
10:05:35.167,1,-3.684284,1.39496,-0.664251,training_touch
10:05:35.167,2,-2.766571,1.469288,-1.006498,training_touch
10:05:35.267,1,-3.683373,1.389871,-0.661192,training_touch
10:05:35.267,2,-2.768548,1.469208,-1.011476,training_touch
10:05:35.350,1,-3.679514,1.390374,-0.653198,training_touch
10:05:35.350,2,-2.771623,1.472499,-1.027118,training_touch
10:05:35.434,1,-3.681695,1.390269,-0.651346,training_touch
10:05:35.435,2,-2.771924,1.480872,-1.028561,training_touch
10:05:35.517,1,-3.677357,1.389117,-0.645189,training_touch
10:05:35.517,2,-2.775583,1.476929,-1.034438,training_touch
10:05:35.600,1,-3.684906,1.38823,-0.636875,training_touch
10:05:35.601,2,-2.775172,1.474708,-1.034932,training_touch
10:05:35.684,1,-3.681176,1.388295,-0.638567,training_touch
10:05:35.684,2,-2.780988,1.471708,-1.040901,training_touch
10:05:35.768,1,-3.677875,1.388752,-0.641343,training_touch
10:05:35.768,2,-2.781649,1.475177,-1.043852,training_touch
10:05:35.850,1,-3.688959,1.387802,-0.650305,training_touch
10:05:35.850,2,-2.781624,1.481164,-1.04403,training_touch
10:05:35.934,1,-3.671661,1.387873,-0.652711,training_touch
10:05:35.935,2,-2.784361,1.484272,-1.044048,training_touch
10:05:36.017,1,-3.664695,1.388671,-0.660296,training_touch
10:05:36.017,2,-2.787425,1.475161,-1.045856,training_touch
10:05:36.101,1,-3.662354,1.38818,-0.665204,training_touch
10:05:36.101,2,-2.789029,1.470343,-1.04668,training_touch
10:05:36.183,1,-3.659649,1.388072,-0.678443,training_touch
10:05:36.183,2,-2.790902,1.46739,-1.046355,training_touch
10:05:36.317,1,-3.64338,1.388134,-0.703762,training_touch
10:05:36.317,2,-2.791095,1.478389,-1.044974,training_touch
10:05:36.450,1,-3.621574,1.387459,-0.7253,training_touch
10:05:36.450,2,-2.793989,1.467291,-1.043069,training_touch
10:05:36.583,1,-3.605782,1.386987,-0.739735,training_touch
10:05:36.583,2,-2.79258,1.46724,-1.041347,training_touch
10:05:36.667,1,-3.602698,1.386861,-0.762691,training_touch
10:05:36.669,2,-2.796534,1.469257,-1.036611,training_touch
10:05:36.750,1,-3.598062,1.386581,-0.762476,training_touch
10:05:36.750,2,-2.800292,1.473368,-1.030054,training_touch
10:05:36.834,1,-3.584251,1.385026,-0.752985,training_touch
10:05:36.835,2,-2.804135,1.470155,-1.026165,training_touch
10:05:36.917,1,-3.591543,1.384662,-0.75143,training_touch
10:05:36.917,2,-2.801531,1.47779,-1.025128,training_touch
10:05:37.001,1,-3.580541,1.384725,-0.748933,training_touch
10:05:37.001,2,-2.803407,1.468998,-1.022234,training_touch
10:05:37.083,1,-3.563082,1.385486,-0.728754,training_touch
10:05:37.083,2,-2.804963,1.475852,-1.018396,training_touch
10:05:37.217,1,-3.554185,1.385765,-0.707328,training_touch
10:05:37.217,2,-2.808863,1.485369,-1.014746,training_touch
10:05:37.301,1,-3.548073,1.386028,-0.703251,training_touch
10:05:37.301,2,-2.811991,1.475442,-1.012534,training_touch
10:05:37.383,1,-3.543393,1.386372,-0.706664,training_touch
10:05:37.383,2,-2.81371,1.471676,-1.012064,training_touch
10:05:37.468,1,-3.534455,1.387122,-0.6925,training_touch
10:05:37.468,2,-2.813075,1.479258,-1.011783,training_touch
10:05:37.550,1,-3.529489,1.386925,-0.678921,training_touch
10:05:37.550,2,-2.812694,1.479183,-1.011101,training_touch
10:05:37.701,1,-3.529026,1.385753,-0.679544,training_touch
10:05:37.701,2,-2.812583,1.471269,-1.012037,training_touch
10:05:37.783,1,-3.52538,1.386397,-0.674263,training_touch
10:05:37.784,2,-2.812571,1.475876,-1.012366,training_touch
10:05:37.868,1,-3.52609,1.386905,-0.672094,training_touch
10:05:37.868,2,-2.812214,1.472443,-1.011974,training_touch
10:05:37.950,1,-3.528749,1.386593,-0.67173,training_touch
10:05:37.950,2,-2.811731,1.47231,-1.012656,training_touch
10:05:38.034,1,-3.542817,1.38618,-0.689377,training_touch
10:05:38.035,2,-2.810774,1.476127,-1.012795,training_touch
10:05:38.117,1,-3.54038,1.387418,-0.686091,training_touch
10:05:38.117,2,-2.810791,1.473068,-1.01272,training_touch
10:05:38.201,1,-3.553927,1.387192,-0.705708,training_touch
10:05:38.201,2,-2.810553,1.472133,-1.012888,training_touch
10:05:38.283,1,-3.545563,1.386564,-0.690713,training_touch
10:05:38.283,2,-2.810306,1.473047,-1.012386,training_touch
10:05:38.368,1,-3.544925,1.386628,-0.6907,training_touch
10:05:38.368,2,-2.809672,1.470866,-1.010165,training_touch
10:05:38.450,1,-3.546427,1.38708,-0.697584,training_touch
10:05:38.450,2,-2.809101,1.473099,-1.0081,training_touch
10:05:38.601,1,-3.549186,1.386028,-0.70345,training_touch
10:05:38.601,2,-2.809847,1.473934,-1.005809,training_touch
10:05:38.683,1,-3.558162,1.386779,-0.701922,training_touch
10:05:38.683,2,-2.809842,1.469745,-1.004977,training_touch
10:05:38.817,1,-3.553802,1.385961,-0.699872,training_touch
10:05:38.817,2,-2.809789,1.47234,-1.005165,training_touch
10:05:38.901,1,-3.553195,1.385396,-0.700415,training_touch
10:05:38.901,2,-2.809677,1.469697,-1.005078,training_touch
10:05:38.984,1,-3.551788,1.385277,-0.697357,training_touch
10:05:38.984,2,-2.808354,1.469134,-1.005741,training_touch
10:05:39.067,1,-3.55254,1.385839,-0.696769,training_touch
10:05:39.068,2,-2.807738,1.470655,-1.006048,training_touch
10:05:39.151,1,-3.55238,1.385978,-0.69442,training_touch
10:05:39.151,2,-2.808015,1.47712,-1.006698,training_touch
10:05:39.233,1,-3.551715,1.385599,-0.689308,training_touch
10:05:39.234,2,-2.806034,1.47444,-1.006738,training_touch
10:05:39.318,1,-3.553217,1.385487,-0.688431,training_touch
10:05:39.319,2,-2.8055,1.474008,-1.006588,training_touch
10:05:39.400,1,-3.554634,1.386192,-0.691672,training_touch
10:05:39.400,2,-2.804515,1.472674,-1.009929,training_touch
10:05:39.484,1,-3.553019,1.385781,-0.689353,training_touch
10:05:39.485,2,-2.80468,1.470107,-1.009897,training_touch
10:05:39.583,1,-3.552633,1.384536,-0.686577,training_touch
10:05:39.584,2,-2.804402,1.472427,-1.009731,training_touch
10:05:39.667,1,-3.553438,1.38376,-0.685862,training_touch
10:05:39.667,2,-2.804411,1.47594,-1.009794,training_touch
10:05:39.750,1,-3.553206,1.38372,-0.685005,training_touch
10:05:39.750,2,-2.804697,1.477625,-1.009388,training_touch
10:05:39.833,1,-3.553925,1.384693,-0.685813,training_touch
10:05:39.833,2,-2.803912,1.474983,-1.010017,training_touch
10:05:39.918,1,-3.553513,1.381098,-0.688481,training_touch
10:05:39.918,2,-2.804129,1.483157,-1.00994,training_touch
10:05:40.000,1,-3.55444,1.379505,-0.68969,training_touch
10:05:40.000,2,-2.804885,1.481913,-1.008952,training_touch
10:05:40.133,1,-3.556182,1.384509,-0.68958,training_touch
10:05:40.133,2,-2.804618,1.482573,-1.007939,training_touch
10:05:40.219,1,-3.556696,1.379025,-0.690076,training_touch
10:05:40.219,2,-2.805222,1.478837,-1.007783,training_touch
10:05:40.300,1,-3.557361,1.381532,-0.690933,training_touch
10:05:40.300,2,-2.806227,1.474409,-1.005544,training_touch
10:05:40.384,1,-3.557765,1.372509,-0.693035,training_touch
10:05:40.385,2,-2.806362,1.47741,-1.005439,training_touch
10:05:40.467,1,-3.557635,1.383728,-0.693556,training_touch
10:05:40.467,2,-2.806611,1.485547,-1.004099,training_touch
10:05:40.618,1,-3.564584,1.384321,-0.684444,training_touch
10:05:40.618,2,-2.807386,1.480486,-1.003005,training_touch
10:05:40.700,1,-3.560616,1.385809,-0.685061,training_touch
10:05:40.700,2,-2.806741,1.484216,-1.000824,training_touch
10:05:40.783,1,-3.558788,1.384939,-0.684702,training_touch
10:05:40.784,2,-2.806303,1.485234,-1.000297,training_touch
10:05:40.884,1,-3.557133,1.382741,-0.685641,training_touch
10:05:40.885,2,-2.805386,1.48822,-0.998598,training_touch
10:05:40.967,1,-3.556213,1.378857,-0.680103,training_touch
10:05:40.967,2,-2.805212,1.473676,-0.997681,training_touch
10:05:41.068,1,-3.561844,1.375654,-0.6805,training_touch
10:05:41.068,2,-2.804818,1.479138,-0.997788,training_touch
10:05:41.150,1,-3.558328,1.379697,-0.677158,training_touch
10:05:41.150,2,-2.804517,1.476982,-0.998061,training_touch
10:05:41.283,1,-3.556774,1.374425,-0.677572,training_touch
10:05:41.284,2,-2.803553,1.48028,-0.996195,training_touch
10:05:41.368,1,-3.557523,1.375508,-0.677541,training_touch
10:05:41.368,2,-2.804584,1.475007,-0.995339,training_touch
10:05:41.450,1,-3.558865,1.374441,-0.677743,training_touch
10:05:41.450,2,-2.805503,1.474495,-0.993901,training_touch
10:05:41.583,1,-3.55279,1.375445,-0.670403,training_touch
10:05:41.583,2,-2.805748,1.476476,-0.992556,training_touch
10:05:41.668,1,-3.560493,1.378925,-0.674819,training_touch
10:05:41.668,2,-2.805211,1.473933,-0.991237,training_touch
10:05:41.750,1,-3.558376,1.380456,-0.676226,training_touch
10:05:41.750,2,-2.8055,1.475082,-0.992125,training_touch
10:05:41.900,1,-3.557655,1.376982,-0.676441,training_touch
10:05:41.901,2,-2.80593,1.474734,-0.989268,training_touch
10:05:42.001,1,-3.55964,1.376407,-0.678211,training_touch
10:05:42.001,2,-2.807563,1.475526,-0.988516,training_touch
10:05:42.101,1,-3.558812,1.374873,-0.67738,training_touch
10:05:42.101,2,-2.808763,1.472441,-0.986545,training_touch
10:05:42.183,1,-3.559242,1.373835,-0.678961,training_touch
10:05:42.184,2,-2.808983,1.471398,-0.98696,training_touch
10:05:42.334,1,-3.557996,1.367474,-0.67932,training_touch
10:05:42.335,2,-2.809178,1.469717,-0.987547,training_touch
10:05:42.417,1,-3.558427,1.355393,-0.67939,training_touch
10:05:42.417,2,-2.808984,1.466738,-0.986639,training_touch
10:05:42.534,1,-3.557414,1.369357,-0.67782,training_touch
10:05:42.534,2,-2.808263,1.473971,-0.98386,training_touch
10:05:42.617,1,-3.557215,1.36927,-0.678221,training_touch
10:05:42.617,2,-2.809604,1.471635,-0.98033,training_touch
10:05:42.701,1,-3.556898,1.364782,-0.679115,training_touch
10:05:42.701,2,-2.809396,1.467978,-0.98256,training_touch
10:05:42.783,1,-3.556948,1.364418,-0.67974,training_touch
10:05:42.783,2,-2.809079,1.468201,-0.981055,training_touch
10:05:42.868,1,-3.559654,1.359179,-0.683155,training_touch
10:05:42.868,2,-2.809461,1.4691,-0.982107,training_touch
10:05:42.950,1,-3.558995,1.35734,-0.684146,training_touch
10:05:42.950,2,-2.808027,1.469151,-0.983648,training_touch
10:05:43.102,1,-3.558628,1.356521,-0.688905,training_touch
10:05:43.102,2,-2.808955,1.46766,-0.986826,training_touch
10:05:43.183,1,-3.561294,1.354449,-0.695684,training_touch
10:05:43.184,2,-2.81043,1.463607,-0.987385,training_touch
10:05:43.269,1,-3.559273,1.361409,-0.699421,training_touch
10:05:43.269,2,-2.810612,1.467369,-0.987793,training_touch
10:05:43.350,1,-3.560609,1.362957,-0.708661,training_touch
10:05:43.350,2,-2.810959,1.476252,-0.988313,training_touch
10:05:43.483,1,-3.562027,1.382584,-0.717208,training_touch
10:05:43.484,2,-2.810417,1.47531,-0.990006,training_touch
10:05:43.567,1,-3.56631,1.38307,-0.721292,training_touch
10:05:43.567,2,-2.810283,1.4689,-0.990226,training_touch
10:05:43.700,1,-3.57938,1.38119,-0.737905,training_touch
10:05:43.700,2,-2.811252,1.471693,-0.990674,training_touch
10:05:43.784,1,-3.585961,1.387334,-0.751631,training_touch
10:05:43.785,2,-2.812698,1.467604,-0.990052,training_touch
10:05:43.867,1,-3.594725,1.387106,-0.774007,training_touch
10:05:43.867,2,-2.811829,1.46759,-0.990232,training_touch
10:05:44.000,1,-3.605873,1.390286,-0.796252,training_touch
10:05:44.000,2,-2.808191,1.485007,-0.990052,training_touch
10:05:44.133,1,-3.617897,1.383702,-0.815749,training_touch
10:05:44.134,2,-2.800646,1.486474,-0.996159,training_touch
10:05:44.284,1,-3.630084,1.386453,-0.828692,training_touch
10:05:44.284,2,-2.802603,1.480828,-1.01127,training_touch
10:05:44.368,1,-3.635897,1.386435,-0.835288,training_touch
10:05:44.369,2,-2.796418,1.47576,-1.017811,training_touch
10:05:44.450,1,-3.638386,1.382522,-0.836274,training_touch
10:05:44.450,2,-2.799666,1.479327,-1.027868,training_touch
10:05:44.601,1,-3.640317,1.385875,-0.838277,training_touch
10:05:44.601,2,-2.805438,1.47264,-1.038513,training_touch
10:05:44.684,1,-3.642983,1.387318,-0.840759,training_touch
10:05:44.684,2,-2.810132,1.472089,-1.043258,training_touch
10:05:44.768,1,-3.643428,1.387352,-0.841976,training_touch
10:05:44.769,2,-2.809506,1.473857,-1.04775,training_touch
10:05:44.850,1,-3.640045,1.384662,-0.841643,training_touch
10:05:44.850,2,-2.81579,1.470773,-1.05224,training_touch
10:05:44.983,1,-3.638895,1.384585,-0.8396,training_touch
10:05:44.984,2,-2.82006,1.460776,-1.05124,training_touch
10:05:45.069,1,-3.638262,1.381963,-0.838442,training_touch
10:05:45.069,2,-2.818701,1.472568,-1.053686,training_touch
10:05:45.150,1,-3.637297,1.381133,-0.833257,training_touch
10:05:45.150,2,-2.82085,1.469431,-1.058608,training_touch
10:05:45.283,1,-3.641544,1.379056,-0.824465,training_touch
10:05:45.284,2,-2.810634,1.467395,-1.062557,training_touch
10:05:45.367,1,-3.642997,1.380195,-0.824612,training_touch
10:05:45.367,2,-2.809265,1.475059,-1.061838,training_touch
10:05:45.450,1,-3.644011,1.379981,-0.820061,training_touch
10:05:45.450,2,-2.806973,1.473792,-1.060329,training_touch
10:05:45.534,1,-3.642664,1.379682,-0.818372,training_touch
10:05:45.535,2,-2.808037,1.458584,-1.062308,training_touch
10:05:45.617,1,-3.638759,1.379788,-0.810482,training_touch
10:05:45.617,2,-2.810201,1.458373,-1.063479,training_touch
10:05:45.768,1,-3.641643,1.378455,-0.807767,training_touch
10:05:45.769,2,-2.809635,1.462419,-1.062711,training_touch
10:05:45.867,1,-3.636505,1.378995,-0.802227,training_touch
10:05:45.867,2,-2.806619,1.470284,-1.060636,training_touch
10:05:46.000,1,-3.634156,1.3818,-0.801498,training_touch
10:05:46.000,2,-2.803436,1.501245,-1.057631,training_touch
10:05:46.133,1,-3.629489,1.382381,-0.80258,training_touch
10:05:46.134,2,-2.800933,1.499241,-1.057657,training_touch
10:05:46.267,1,-3.622443,1.377124,-0.802,training_touch
10:05:46.267,2,-2.794867,1.495478,-1.054256,training_touch
10:05:46.350,1,-3.619731,1.380174,-0.812139,training_touch
10:05:46.350,2,-2.793673,1.490486,-1.052197,training_touch
10:05:46.483,1,-3.616879,1.381803,-0.816553,training_touch
10:05:46.484,2,-2.792898,1.483975,-1.053013,training_touch
10:05:46.567,1,-3.616838,1.385307,-0.817147,training_touch
10:05:46.567,2,-2.796145,1.473311,-1.055229,training_touch
10:05:46.650,1,-3.622341,1.384444,-0.816662,training_touch
10:05:46.650,2,-2.793613,1.470768,-1.055459,training_touch
10:05:46.735,1,-3.623845,1.383385,-0.816074,training_touch
10:05:46.735,2,-2.795374,1.466799,-1.056833,training_touch
10:05:46.817,1,-3.626019,1.385655,-0.815249,training_touch
10:05:46.817,2,-2.795639,1.482411,-1.054803,training_touch
10:05:46.901,1,-3.622343,1.385323,-0.810596,training_touch
10:05:46.902,2,-2.796285,1.477343,-1.054765,training_touch
10:05:46.983,1,-3.620354,1.385059,-0.809189,training_touch
10:05:46.984,2,-2.799876,1.466416,-1.054021,training_touch
10:05:47.117,1,-3.621746,1.385583,-0.807508,training_touch
10:05:47.117,2,-2.799197,1.474108,-1.053616,training_touch
10:05:47.200,1,-3.621023,1.386498,-0.808177,training_touch
10:05:47.200,2,-2.797873,1.474789,-1.052283,training_touch
10:05:47.285,1,-3.621753,1.386455,-0.811134,training_touch
10:05:47.285,2,-2.800156,1.479469,-1.052087,training_touch
10:05:47.367,1,-3.623366,1.385342,-0.810922,training_touch
10:05:47.367,2,-2.799981,1.481715,-1.050279,training_touch
10:05:47.500,1,-3.625345,1.385511,-0.807244,training_touch
10:05:47.500,2,-2.802213,1.483658,-1.050615,training_touch
10:05:47.583,1,-3.625636,1.386109,-0.807776,training_touch
10:05:47.584,2,-2.803435,1.485892,-1.050668,training_touch
10:05:47.667,1,-3.625353,1.385342,-0.803612,training_touch
10:05:47.667,2,-2.800876,1.476761,-1.05036,training_touch
10:05:47.751,1,-3.626122,1.385399,-0.803561,training_touch
10:05:47.752,2,-2.802761,1.485464,-1.04916,training_touch
10:05:47.851,1,-3.626581,1.385312,-0.802844,training_touch
10:05:47.852,2,-2.803199,1.470729,-1.049212,training_touch
10:05:47.933,1,-3.626561,1.385093,-0.799286,training_touch
10:05:47.934,2,-2.805336,1.482903,-1.049915,training_touch
10:05:48.018,1,-3.627007,1.385018,-0.799078,training_touch
10:05:48.019,2,-2.802724,1.484464,-1.044272,training_touch
10:05:48.100,1,-3.629702,1.385073,-0.797783,training_touch
10:05:48.100,2,-2.802619,1.480196,-1.04728,training_touch
10:05:48.184,1,-3.627926,1.384823,-0.794958,training_touch
10:05:48.184,2,-2.801668,1.475536,-1.046034,training_touch
10:05:48.317,1,-3.628962,1.384956,-0.795588,training_touch
10:05:48.317,2,-2.799626,1.47633,-1.046536,training_touch
10:05:48.400,1,-3.628234,1.385217,-0.795496,training_touch
10:05:48.400,2,-2.797509,1.478413,-1.044646,training_touch
10:05:48.484,1,-3.628675,1.385011,-0.793366,training_touch
10:05:48.485,2,-2.796741,1.478579,-1.044299,training_touch
10:05:48.584,1,-3.6273,1.384831,-0.79127,training_touch
10:05:48.584,2,-2.797163,1.478416,-1.045629,training_touch
10:05:48.667,1,-3.636778,1.384343,-0.793671,training_touch
10:05:48.667,2,-2.797783,1.482092,-1.0465,training_touch
10:05:48.750,1,-3.632698,1.38479,-0.792112,training_touch
10:05:48.750,2,-2.798413,1.481726,-1.047235,training_touch
10:05:48.833,1,-3.628876,1.384484,-0.79053,training_touch
10:05:48.834,2,-2.796713,1.483413,-1.047,training_touch
10:05:48.918,1,-3.62751,1.383297,-0.788694,training_touch
10:05:48.918,2,-2.797517,1.478026,-1.047473,training_touch
10:05:49.000,1,-3.626386,1.383031,-0.7869,training_touch
10:05:49.000,2,-2.794237,1.475273,-1.0478,training_touch
10:05:49.133,1,-3.621921,1.379636,-0.783836,training_touch
10:05:49.134,2,-2.793956,1.47593,-1.047736,training_touch
10:05:49.217,1,-3.619512,1.379813,-0.782546,training_touch
10:05:49.217,2,-2.792031,1.478042,-1.047619,training_touch
10:05:49.300,1,-3.619022,1.380143,-0.780232,training_touch
10:05:49.300,2,-2.789458,1.477037,-1.048077,training_touch
10:05:49.385,1,-3.618566,1.380523,-0.779488,training_touch
10:05:49.385,2,-2.787186,1.477686,-1.048456,training_touch
10:05:49.467,1,-3.6183,1.381633,-0.77826,training_touch
10:05:49.467,2,-2.78965,1.478289,-1.049569,training_touch
10:05:49.600,1,-3.616535,1.382215,-0.78105,training_touch
10:05:49.600,2,-2.790034,1.474143,-1.050446,training_touch
10:05:49.684,1,-3.615892,1.382318,-0.779127,training_touch
10:05:49.684,2,-2.790462,1.47561,-1.050946,training_touch
10:05:49.769,1,-3.602332,1.382393,-0.770505,training_touch
10:05:49.769,2,-2.790643,1.475008,-1.050893,training_touch
10:05:49.850,1,-3.597613,1.384455,-0.762643,training_touch
10:05:49.850,2,-2.789384,1.476148,-1.050457,training_touch
10:05:50.000,1,-3.594487,1.384227,-0.7549,training_touch
10:05:50.001,2,-2.785286,1.476877,-1.050931,training_touch
10:05:50.084,1,-3.592725,1.384351,-0.749284,training_touch
10:05:50.084,2,-2.78593,1.474627,-1.050854,training_touch
10:05:50.167,1,-3.59235,1.384578,-0.747619,training_touch
10:05:50.167,2,-2.784699,1.472419,-1.049192,training_touch
10:05:50.250,1,-3.592731,1.384923,-0.736618,training_touch
10:05:50.250,2,-2.78502,1.473962,-1.049014,training_touch
10:05:50.384,1,-3.589665,1.384758,-0.727041,training_touch
10:05:50.384,2,-2.786408,1.476055,-1.047924,training_touch
10:05:50.467,1,-3.5915,1.384736,-0.724653,training_touch
10:05:50.467,2,-2.787002,1.47609,-1.048389,training_touch
10:05:50.550,1,-3.612755,1.385112,-0.726347,training_touch
10:05:50.550,2,-2.790428,1.472846,-1.049734,training_touch
10:05:50.684,1,-3.603682,1.385244,-0.721378,training_touch
10:05:50.684,2,-2.790516,1.477008,-1.049885,training_touch
10:05:50.767,1,-3.601304,1.385322,-0.718422,training_touch
10:05:50.767,2,-2.789398,1.471144,-1.04927,training_touch
10:05:50.850,1,-3.605527,1.385416,-0.716912,training_touch
10:05:50.850,2,-2.792621,1.473863,-1.051041,training_touch
10:05:50.984,1,-3.593108,1.385438,-0.711293,training_touch
10:05:50.984,2,-2.790884,1.473227,-1.048513,training_touch
10:05:51.068,1,-3.591374,1.376518,-0.710296,training_touch
10:05:51.069,2,-2.792349,1.474041,-1.048226,training_touch
10:05:51.150,1,-3.591053,1.374274,-0.709778,training_touch
10:05:51.150,2,-2.792453,1.475636,-1.047579,training_touch
10:05:51.284,1,-3.591157,1.370783,-0.707596,training_touch
10:05:51.284,2,-2.794049,1.472278,-1.047651,training_touch
10:05:51.367,1,-3.589988,1.370374,-0.709344,training_touch
10:05:51.367,2,-2.794407,1.475647,-1.047523,training_touch
10:05:51.468,1,-3.591107,1.370692,-0.710982,training_touch
10:05:51.468,2,-2.794239,1.474869,-1.048371,training_touch
10:05:51.550,1,-3.589757,1.369479,-0.712411,training_touch
10:05:51.550,2,-2.793732,1.474927,-1.049441,training_touch
10:05:51.634,1,-3.587803,1.368841,-0.712333,training_touch
10:05:51.635,2,-2.796721,1.474744,-1.052102,training_touch
10:05:51.717,1,-3.585343,1.368043,-0.715049,training_touch
10:05:51.717,2,-2.795743,1.476033,-1.051783,training_touch
10:05:51.850,1,-3.583614,1.368821,-0.714839,training_touch
10:05:51.850,2,-2.79699,1.475937,-1.053774,training_touch
10:05:51.935,1,-3.59734,1.368442,-0.720062,training_touch
10:05:51.935,2,-2.797115,1.474063,-1.054483,training_touch
10:05:52.017,1,-3.585,1.368422,-0.719553,training_touch
10:05:52.017,2,-2.797083,1.474281,-1.054636,training_touch
10:05:52.102,1,-3.579609,1.368805,-0.719364,training_touch
10:05:52.102,2,-2.797877,1.474791,-1.055531,training_touch
10:05:52.184,1,-3.578702,1.369725,-0.718331,training_touch
10:05:52.185,2,-2.798612,1.474503,-1.056672,training_touch
10:05:52.268,1,-3.578801,1.371769,-0.718627,training_touch
10:05:52.268,2,-2.796397,1.474761,-1.055376,training_touch
10:05:52.350,1,-3.577242,1.371185,-0.717441,training_touch
10:05:52.350,2,-2.796732,1.474674,-1.054264,training_touch
10:05:52.435,1,-3.5762,1.372075,-0.717057,training_touch
10:05:52.435,2,-2.795384,1.475336,-1.053679,training_touch
10:05:52.517,1,-3.576664,1.37733,-0.718434,training_touch
10:05:52.517,2,-2.795887,1.47908,-1.053016,training_touch
10:05:52.650,1,-3.577926,1.381656,-0.716946,training_touch
10:05:52.650,2,-2.797064,1.476063,-1.052833,training_touch
10:05:52.768,1,-3.577057,1.384528,-0.717941,training_touch
10:05:52.768,2,-2.796697,1.476077,-1.052244,training_touch
10:05:52.867,1,-3.580519,1.384984,-0.720634,training_touch
10:05:52.868,2,-2.794161,1.477649,-1.048828,training_touch
10:05:52.950,1,-3.578156,1.385477,-0.719903,training_touch
10:05:52.950,2,-2.793164,1.473214,-1.048828,training_touch
10:05:53.084,1,-3.609582,1.386288,-0.725502,training_touch
10:05:53.084,2,-2.796523,1.480287,-1.049267,training_touch
10:05:53.167,1,-3.582838,1.38586,-0.72511,training_touch
10:05:53.167,2,-2.796837,1.483615,-1.050096,training_touch
10:05:53.250,1,-3.580495,1.385924,-0.721711,training_touch
10:05:53.250,2,-2.796079,1.487836,-1.048316,training_touch
10:05:53.384,1,-3.582739,1.385154,-0.709733,training_touch
10:05:53.384,2,-2.79637,1.48801,-1.052452,training_touch
10:05:53.468,1,-3.572063,1.386189,-0.702846,training_touch
10:05:53.468,2,-2.796935,1.483793,-1.053603,training_touch
10:05:53.550,1,-3.571877,1.387926,-0.702081,training_touch
10:05:53.550,2,-2.796667,1.481588,-1.055329,training_touch
10:05:53.635,1,-3.570504,1.376607,-0.698184,training_touch
10:05:53.636,2,-2.794671,1.478779,-1.05463,training_touch
10:05:53.717,1,-3.572709,1.371431,-0.699103,training_touch
10:05:53.717,2,-2.797478,1.479497,-1.053087,training_touch
10:05:53.850,1,-3.572278,1.381676,-0.692875,training_touch
10:05:53.850,2,-2.799731,1.481718,-1.0551,training_touch
10:05:53.950,1,-3.57428,1.384539,-0.704911,training_touch
10:05:53.950,2,-2.799945,1.479337,-1.055568,training_touch
10:05:54.034,1,-3.574093,1.385634,-0.708687,training_touch
10:05:54.034,2,-2.795922,1.477795,-1.053926,training_touch
10:05:54.117,1,-3.578651,1.383003,-0.705328,training_touch
10:05:54.117,2,-2.793534,1.47779,-1.050456,training_touch
10:05:54.267,1,-3.56673,1.380501,-0.666583,training_touch
10:05:54.267,2,-2.796024,1.478264,-1.049257,training_touch
10:05:54.368,1,-3.565454,1.378869,-0.665341,training_touch
10:05:54.368,2,-2.798024,1.475876,-1.051385,training_touch
10:05:54.450,1,-3.557689,1.379759,-0.654179,training_touch
10:05:54.450,2,-2.791699,1.475623,-1.048122,training_touch
10:05:54.534,1,-3.547374,1.377244,-0.629626,training_touch
10:05:54.534,2,-2.787667,1.476159,-1.043582,training_touch
10:05:54.618,1,-3.547245,1.377259,-0.628583,training_touch
10:05:54.618,2,-2.792218,1.477254,-1.047186,training_touch
10:05:54.700,1,-3.54489,1.373862,-0.619096,training_touch
10:05:54.700,2,-2.787098,1.470546,-1.044315,training_touch
10:05:54.784,1,-3.545368,1.374968,-0.600482,training_touch
10:05:54.784,2,-2.786788,1.464834,-1.043087,training_touch
10:05:54.867,1,-3.54366,1.374422,-0.597322,training_touch
10:05:54.868,2,-2.784415,1.470974,-1.042676,training_touch
10:05:54.950,1,-3.544025,1.373207,-0.586846,training_touch
10:05:54.950,2,-2.786156,1.467498,-1.043547,training_touch
10:05:55.100,1,-3.542098,1.373441,-0.571761,training_touch
10:05:55.101,2,-2.78603,1.476118,-1.043198,training_touch
10:05:55.184,1,-3.538206,1.37311,-0.560589,training_touch
10:05:55.184,2,-2.784978,1.464786,-1.041302,training_touch
10:05:55.269,1,-3.539719,1.374153,-0.557769,training_touch
10:05:55.269,2,-2.782758,1.466782,-1.039189,training_touch
10:05:55.350,1,-3.531817,1.377132,-0.540779,training_touch
10:05:55.350,2,-2.782382,1.467153,-1.038909,training_touch
10:05:55.484,1,-3.527602,1.375444,-0.538685,training_touch
10:05:55.484,2,-2.785205,1.469327,-1.043334,training_touch
10:05:55.567,1,-3.527641,1.373194,-0.536321,training_touch
10:05:55.567,2,-2.782763,1.470261,-1.040743,training_touch
10:05:55.650,1,-3.525334,1.371728,-0.534126,training_touch
10:05:55.650,2,-2.783944,1.468664,-1.04391,training_touch
10:05:55.784,1,-3.525334,1.372475,-0.53574,training_touch
10:05:55.784,2,-2.787107,1.473096,-1.050242,training_touch
10:05:55.917,1,-3.530079,1.373908,-0.531662,training_touch
10:05:55.917,2,-2.781918,1.474851,-1.052752,training_touch
10:05:56.050,1,-3.544043,1.372833,-0.550241,training_touch
10:05:56.050,2,-2.77755,1.474567,-1.05914,training_touch
10:05:56.200,1,-3.546184,1.37098,-0.560076,training_touch
10:05:56.200,2,-2.767554,1.476329,-1.070453,training_touch
10:05:56.284,1,-3.549278,1.371263,-0.564182,training_touch
10:05:56.284,2,-2.759228,1.478305,-1.073219,training_touch
10:05:56.367,1,-3.554059,1.373691,-0.570311,training_touch
10:05:56.367,2,-2.758015,1.485911,-1.073095,training_touch
10:05:56.451,1,-3.564355,1.373096,-0.590854,training_touch
10:05:56.452,2,-2.762468,1.485001,-1.078215,training_touch
10:05:56.534,1,-3.565528,1.373458,-0.610639,training_touch
10:05:56.534,2,-2.762683,1.476175,-1.078477,training_touch
10:05:56.667,1,-3.571423,1.371243,-0.662247,training_touch
10:05:56.667,2,-2.748796,1.475729,-1.073017,training_touch
10:05:56.800,1,-3.568978,1.37141,-0.719691,training_touch
10:05:56.801,2,-2.734885,1.476401,-1.054411,training_touch
10:05:56.884,1,-3.566395,1.37317,-0.761247,training_touch
10:05:56.884,2,-2.738783,1.476032,-1.059157,training_touch
10:05:56.968,1,-3.556524,1.374566,-0.801044,training_touch
10:05:56.969,2,-2.720196,1.47552,-1.054251,training_touch
10:05:57.050,1,-3.549513,1.375896,-0.840693,training_touch
10:05:57.050,2,-2.702642,1.475517,-1.042415,training_touch
10:05:57.184,1,-3.541769,1.376125,-0.875216,training_touch
10:05:57.184,2,-2.68674,1.47612,-1.034094,training_touch
10:05:57.268,1,-3.531558,1.373318,-0.895038,training_touch
10:05:57.268,2,-2.653759,1.4755,-0.987523,training_touch
10:05:57.350,1,-3.52047,1.375439,-0.91584,training_touch
10:05:57.350,2,-2.638459,1.475444,-1.002272,training_touch
10:05:57.484,1,-3.486077,1.375424,-0.928221,training_touch
10:05:57.484,2,-2.63692,1.476412,-0.998898,training_touch
10:05:57.567,1,-3.471845,1.372325,-0.935479,training_touch
10:05:57.567,2,-2.629081,1.477302,-0.989832,training_touch
10:05:57.700,1,-3.418827,1.370873,-0.943425,training_touch
10:05:57.700,2,-2.602459,1.479075,-0.968463,training_touch
10:05:57.784,1,-3.385012,1.367845,-0.941411,training_touch
10:05:57.784,2,-2.581917,1.480171,-0.954303,training_touch
10:05:57.868,1,-3.337517,1.369121,-0.939995,training_touch
10:05:57.868,2,-2.57465,1.480705,-0.943653,training_touch
10:05:57.968,1,-3.290578,1.373053,-0.938858,training_touch
10:05:57.969,2,-2.545719,1.481508,-0.935058,training_touch
10:05:58.050,1,-3.247799,1.376114,-0.927123,training_touch
10:05:58.050,2,-2.555036,1.482593,-0.931844,training_touch
10:05:58.184,1,-3.206263,1.379431,-0.941876,training_touch
10:05:58.184,2,-2.544827,1.48282,-0.927583,training_touch
10:05:58.267,1,-3.184484,1.379643,-0.947309,training_touch
10:05:58.267,2,-2.499416,1.481507,-0.914745,training_touch
10:05:58.350,1,-3.150599,1.381061,-0.976918,training_touch
10:05:58.350,2,-2.512953,1.481221,-0.920191,training_touch
10:05:58.434,1,-3.127049,1.381304,-1.002966,training_touch
10:05:58.434,2,-2.501385,1.481467,-0.924405,training_touch
10:05:58.517,1,-3.090798,1.382102,-1.033284,training_touch
10:05:58.517,2,-2.471962,1.481549,-0.923325,training_touch
10:05:58.650,1,-3.036289,1.381421,-1.099163,training_touch
10:05:58.650,2,-2.438061,1.481945,-0.931648,training_touch
10:05:58.750,1,-3.004868,1.379482,-1.138568,training_touch
10:05:58.750,2,-2.425604,1.48002,-0.936011,training_touch
10:05:58.834,1,-2.954724,1.381148,-1.208002,training_touch
10:05:58.834,2,-2.372905,1.479313,-0.945581,training_touch
10:05:58.917,1,-2.927506,1.380335,-1.240295,training_touch
10:05:58.917,2,-2.339417,1.479767,-0.953503,training_touch
10:05:59.000,1,-2.906204,1.378892,-1.274268,training_touch
10:05:59.000,2,-2.310636,1.480068,-0.96385,training_touch
10:05:59.084,1,-2.880989,1.378291,-1.292385,training_touch
10:05:59.084,2,-2.288183,1.47861,-0.970655,training_touch
10:05:59.167,1,-2.849956,1.378386,-1.322341,training_touch
10:05:59.167,2,-2.267558,1.481161,-0.981044,training_touch
10:05:59.250,1,-2.834407,1.378236,-1.346755,training_touch
10:05:59.250,2,-2.25307,1.479462,-0.988667,training_touch
10:05:59.334,1,-2.802638,1.378222,-1.37542,training_touch
10:05:59.334,2,-2.219233,1.487046,-1.002857,training_touch
10:05:59.485,1,-2.752142,1.378309,-1.410902,training_touch
10:05:59.485,2,-2.199302,1.489221,-1.010892,training_touch
10:05:59.567,1,-2.707332,1.378081,-1.43466,training_touch
10:05:59.567,2,-2.180276,1.492014,-1.01625,training_touch
10:05:59.651,1,-2.669061,1.375597,-1.452633,training_touch
10:05:59.651,2,-2.172914,1.493003,-1.017978,training_touch
10:05:59.734,1,-2.607239,1.375587,-1.476361,training_touch
10:05:59.734,2,-2.137129,1.49298,-1.019726,training_touch
10:05:59.817,1,-2.56137,1.375892,-1.485747,training_touch
10:05:59.817,2,-2.133709,1.489572,-1.018394,training_touch
10:05:59.900,1,-2.496817,1.376155,-1.501294,training_touch
10:05:59.901,2,-2.123976,1.484832,-1.016908,training_touch
10:05:59.984,1,-2.469766,1.376308,-1.514999,training_touch
10:05:59.984,2,-2.119001,1.484959,-1.012967,training_touch
10:06:00.117,1,-2.394248,1.376064,-1.567422,training_touch
10:06:00.117,2,-2.105075,1.477359,-0.993679,training_touch
10:06:00.200,1,-2.360436,1.376158,-1.586595,training_touch
10:06:00.201,2,-2.101052,1.478169,-0.985934,training_touch
10:06:00.284,1,-2.324509,1.374616,-1.627307,training_touch
10:06:00.284,2,-2.108717,1.479872,-0.971758,training_touch
10:06:00.368,1,-2.287329,1.375429,-1.663479,training_touch
10:06:00.368,2,-2.019823,1.477665,-1.06868,training_touch
10:06:00.450,1,-2.240981,1.375803,-1.695089,training_touch
10:06:00.584,1,-2.223353,1.477083,-1.739407,training_touch
10:06:00.667,1,-2.205165,1.376545,-1.757571,training_touch
10:06:00.750,1,-2.152599,1.478469,-1.777382,training_touch
10:06:00.850,1,-2.1138,1.375586,-1.79271,training_touch
10:06:00.934,1,-2.115523,1.480149,-1.790487,training_touch
10:06:01.067,1,-2.123685,1.374419,-1.786201,training_touch
10:06:01.200,1,-2.093158,1.481371,-1.783667,training_touch
10:06:01.285,1,-2.074978,1.374579,-1.782516,training_touch
10:06:01.367,1,-2.044957,1.481463,-1.783449,training_touch
10:06:01.450,1,-2.001972,1.374821,-1.792031,training_touch
10:06:01.534,1,-1.97394,1.48042,-1.769862,training_touch
10:06:01.684,1,-1.908628,1.375482,-1.692853,training_touch
10:06:01.817,1,-1.839565,1.480834,-1.601119,training_touch
10:06:01.900,1,-1.804235,1.374616,-1.550571,training_touch
10:06:01.984,1,-1.784475,1.480979,-1.514681,training_touch
10:06:02.067,1,-1.737352,1.375348,-1.45725,training_touch
10:06:02.201,1,-1.688005,1.481622,-1.420105,training_touch
10:06:02.334,1,-1.622243,1.375403,-1.378205,training_touch
10:06:02.485,1,-1.540783,1.480274,-1.331182,training_touch
10:06:02.567,1,-1.481087,1.373773,-1.308289,training_touch
10:06:02.567,2,-2.065995,1.480107,-0.815006,training_touch
10:06:02.700,1,-1.397889,1.372823,-1.274241,training_touch
10:06:02.701,2,-2.067267,1.48169,-0.817307,training_touch
10:06:02.785,1,-1.373166,1.371756,-1.266152,training_touch
10:06:02.786,2,-2.068263,1.47798,-0.817648,training_touch
10:06:02.885,1,-1.338537,1.371431,-1.247985,training_touch
10:06:02.885,2,-2.068947,1.479778,-0.818023,training_touch
10:06:02.984,1,-1.293046,1.37215,-1.221851,training_touch
10:06:02.984,2,-2.06903,1.480172,-0.818065,training_touch
10:06:03.067,1,-1.271132,1.373544,-1.208412,training_touch
10:06:03.067,2,-2.069655,1.480632,-0.816596,training_touch
10:06:03.150,1,-1.250043,1.373857,-1.199632,training_touch
10:06:03.151,2,-2.069405,1.480252,-0.817367,training_touch
10:06:03.234,1,-1.229017,1.374577,-1.174443,training_touch
10:06:03.234,2,-2.070633,1.479946,-0.818509,training_touch
10:06:03.317,1,-1.212732,1.375546,-1.155641,training_touch
10:06:03.317,2,-2.070505,1.478708,-0.818925,training_touch
10:06:03.400,1,-1.197605,1.376995,-1.121618,training_touch
10:06:03.400,2,-2.070717,1.479388,-0.819465,training_touch
10:06:03.484,1,-1.190746,1.378615,-1.093786,training_touch
10:06:03.484,2,-2.070607,1.478057,-0.819285,training_touch
10:06:03.567,1,-1.183653,1.375957,-1.043616,training_touch
10:06:03.567,2,-2.071364,1.476869,-0.818762,training_touch
10:06:03.651,1,-1.178841,1.377887,-1.016609,training_touch
10:06:03.652,2,-2.070898,1.472829,-0.818076,training_touch
10:06:03.734,1,-1.17697,1.378584,-0.974136,training_touch
10:06:03.734,2,-2.071471,1.469449,-0.817261,training_touch
10:06:03.867,1,-1.170017,1.377808,-0.911218,training_touch
10:06:03.867,2,-2.071892,1.468411,-0.815984,training_touch
10:06:04.000,1,-1.169405,1.379051,-0.876028,training_touch
10:06:04.001,2,-2.072573,1.46149,-0.815721,training_touch
10:06:04.084,1,-1.166488,1.37722,-0.866415,training_touch
10:06:04.084,2,-2.073133,1.472055,-0.81602,training_touch
10:06:04.167,1,-1.16369,1.376783,-0.855562,training_touch
10:06:04.167,2,-2.073145,1.473054,-0.815675,training_touch
10:06:04.300,1,-1.15987,1.377145,-0.840766,training_touch
10:06:04.301,2,-2.073035,1.473599,-0.815133,training_touch
10:06:04.384,1,-1.154372,1.37679,-0.832233,training_touch
10:06:04.384,2,-2.073105,1.471129,-0.815097,training_touch
10:06:04.467,1,-1.152346,1.377627,-0.828228,training_touch
10:06:04.467,2,-2.075603,1.477751,-0.813642,training_touch
10:06:04.600,1,-1.146533,1.376348,-0.824668,training_touch
10:06:04.600,2,-2.074209,1.468244,-0.813916,training_touch
10:06:04.734,1,-1.144846,1.375443,-0.819135,training_touch
10:06:04.734,2,-2.072127,1.45021,-0.815748,training_touch
10:06:04.817,1,-1.144637,1.374021,-0.81895,training_touch
10:06:04.817,2,-2.073374,1.478832,-0.81553,training_touch
10:06:04.950,1,-1.142211,1.372762,-0.818084,training_touch
10:06:04.951,2,-2.07394,1.463704,-0.81195,training_touch
10:06:05.084,1,-1.140585,1.374849,-0.816874,training_touch
10:06:05.084,2,-2.068438,1.46596,-0.80154,training_touch
10:06:05.217,1,-1.140764,1.372982,-0.815168,training_touch
10:06:05.217,2,-2.050605,1.463427,-0.792824,training_touch
10:06:05.367,1,-1.138862,1.372316,-0.81137,training_touch
10:06:05.367,2,-2.001978,1.483543,-0.786163,training_touch
10:06:05.450,1,-1.138282,1.375571,-0.809495,training_touch
10:06:05.451,2,-1.97922,1.465038,-0.790583,training_touch
10:06:05.534,1,-1.137279,1.375317,-0.806912,training_touch
10:06:05.534,2,-1.961507,1.457905,-0.791026,training_touch
10:06:05.667,1,-1.135386,1.374969,-0.805291,training_touch
10:06:05.667,2,-1.939729,1.455413,-0.789246,training_touch
10:06:05.800,1,-1.13447,1.375898,-0.805048,training_touch
10:06:05.801,2,-1.917921,1.45563,-0.79079,training_touch
10:06:05.884,1,-1.134213,1.375771,-0.804939,training_touch
10:06:05.884,2,-1.911418,1.450056,-0.795431,training_touch
10:06:05.967,1,-1.133291,1.377845,-0.807097,training_touch
10:06:05.967,2,-1.912395,1.441871,-0.793632,training_touch
10:06:06.050,1,-1.133459,1.378241,-0.806343,training_touch
10:06:06.051,2,-1.908905,1.440244,-0.794125,training_touch
10:06:06.134,1,-1.134026,1.378974,-0.807455,training_touch
10:06:06.134,2,-1.909019,1.439747,-0.793432,training_touch
10:06:06.285,1,-1.134333,1.379385,-0.810052,training_touch
10:06:06.286,2,-1.908066,1.449601,-0.793027,training_touch
10:06:06.367,1,-1.134412,1.378832,-0.809062,training_touch
10:06:06.367,2,-1.909452,1.442569,-0.793082,training_touch
10:06:06.451,1,-1.134492,1.376851,-0.808247,training_touch
10:06:06.451,2,-1.907062,1.452403,-0.791518,training_touch
10:06:06.534,1,-1.134723,1.376695,-0.807463,training_touch
10:06:06.534,2,-1.907592,1.442527,-0.791683,training_touch
10:06:06.667,1,-1.135908,1.376567,-0.804234,training_touch
10:06:06.667,2,-1.906568,1.441091,-0.791352,training_touch
10:06:06.751,1,-1.136172,1.37512,-0.804371,training_touch
10:06:06.751,2,-1.900006,1.442936,-0.789897,training_touch
10:06:06.834,1,-1.136945,1.375379,-0.803563,training_touch
10:06:06.834,2,-1.89694,1.446793,-0.789427,training_touch
10:06:06.967,1,-1.137164,1.376114,-0.801454,training_touch
10:06:06.967,2,-1.900025,1.442635,-0.788751,training_touch
10:06:07.051,1,-1.137443,1.372155,-0.803788,training_touch
10:06:07.051,2,-1.901919,1.442717,-0.78867,training_touch
10:06:07.134,1,-1.137277,1.375737,-0.802378,training_touch
10:06:07.134,2,-1.901957,1.445647,-0.788994,training_touch
10:06:07.268,1,-1.137803,1.375842,-0.800934,training_touch
10:06:07.268,2,-1.896473,1.447703,-0.789154,training_touch
10:06:07.350,1,-1.137809,1.37902,-0.800019,training_touch
10:06:07.351,2,-1.895718,1.448079,-0.788676,training_touch
10:06:07.434,1,-1.139089,1.379022,-0.799482,training_touch
10:06:07.434,2,-1.894159,1.444315,-0.788128,training_touch
10:06:07.517,1,-1.13862,1.364693,-0.799789,training_touch
10:06:07.517,2,-1.892486,1.442424,-0.788216,training_touch
10:06:07.600,1,-1.138436,1.367772,-0.799639,training_touch
10:06:07.601,2,-1.889481,1.443882,-0.787931,training_touch
10:06:07.684,1,-1.138361,1.367676,-0.796815,training_touch
10:06:07.684,2,-1.887019,1.445334,-0.787897,training_touch
10:06:07.769,1,-1.138838,1.367936,-0.79894,training_touch
10:06:07.769,2,-1.876905,1.442952,-0.790026,training_touch
10:06:07.850,1,-1.141037,1.365443,-0.799641,training_touch
10:06:07.851,2,-1.877049,1.447991,-0.789803,training_touch
10:06:07.935,1,-1.140814,1.34735,-0.798155,training_touch
10:06:07.935,2,-1.877143,1.454215,-0.787878,training_touch
10:06:08.017,1,-1.137932,1.333014,-0.797534,training_touch
10:06:08.017,2,-1.875471,1.45292,-0.78699,training_touch
10:06:08.167,1,-1.137924,1.361939,-0.796035,training_touch
10:06:08.167,2,-1.872157,1.459366,-0.781961,training_touch
10:06:08.268,1,-1.138967,1.352919,-0.794842,training_touch
10:06:08.269,2,-1.869585,1.464071,-0.780094,training_touch
10:06:08.368,1,-1.139193,1.351614,-0.794756,training_touch
10:06:08.369,2,-1.869787,1.450969,-0.780291,training_touch
10:06:08.467,1,-1.138609,1.357292,-0.790211,training_touch
10:06:08.467,2,-1.866403,1.46087,-0.779406,training_touch
10:06:08.568,1,-1.139038,1.375556,-0.79397,training_touch
10:06:08.568,2,-1.863062,1.465714,-0.779137,training_touch
10:06:08.668,1,-1.139912,1.384128,-0.796126,training_touch
10:06:08.669,2,-1.865964,1.466978,-0.779583,training_touch
10:06:08.767,1,-1.140274,1.368838,-0.792774,training_touch
10:06:08.767,2,-1.863966,1.473155,-0.778416,training_touch
10:06:08.850,1,-1.140508,1.368526,-0.793196,training_touch
10:06:08.851,2,-1.864102,1.474625,-0.778322,training_touch
10:06:08.934,1,-1.141665,1.369375,-0.795059,training_touch
10:06:08.934,2,-1.865337,1.477499,-0.778248,training_touch
10:06:09.017,1,-1.143939,1.366577,-0.796289,training_touch
10:06:09.017,2,-1.86535,1.481979,-0.776894,training_touch
10:06:09.100,1,-1.143971,1.369876,-0.795051,training_touch
10:06:09.101,2,-1.868317,1.482968,-0.775565,training_touch
10:06:09.184,1,-1.14501,1.368073,-0.787025,training_touch
10:06:09.184,2,-1.868626,1.478987,-0.775284,training_touch
10:06:09.285,1,-1.144772,1.358781,-0.79265,training_touch
10:06:09.285,2,-1.870827,1.474882,-0.773329,training_touch
10:06:09.384,1,-1.148728,1.356329,-0.794122,training_touch
10:06:09.384,2,-1.871706,1.476528,-0.773192,training_touch
10:06:09.468,1,-1.151422,1.355091,-0.796132,training_touch
10:06:09.468,2,-1.87428,1.487912,-0.772445,training_touch
10:06:09.568,1,-1.149441,1.35333,-0.794768,training_touch
10:06:09.569,2,-1.877187,1.481317,-0.770753,training_touch
10:06:09.667,1,-1.148537,1.355517,-0.790703,training_touch
10:06:09.667,2,-1.879733,1.489971,-0.770808,training_touch
10:06:09.768,1,-1.149004,1.354695,-0.790415,training_touch
10:06:09.768,2,-1.8877,1.488264,-0.770966,training_touch
10:06:09.868,1,-1.146066,1.35438,-0.805765,training_touch
10:06:09.869,2,-1.892356,1.490076,-0.771239,training_touch
10:06:09.967,1,-1.152015,1.363682,-0.792076,training_touch
10:06:09.967,2,-1.899187,1.48228,-0.769181,training_touch
10:06:10.068,1,-1.151318,1.366084,-0.785486,training_touch
10:06:10.068,2,-1.900478,1.482481,-0.769125,training_touch
10:06:10.150,1,-1.151553,1.377306,-0.784316,training_touch
10:06:10.151,2,-1.9099,1.470654,-0.765932,training_touch
10:06:10.234,1,-1.152425,1.376019,-0.787931,training_touch
10:06:10.234,2,-1.913401,1.466569,-0.765034,training_touch
10:06:10.317,1,-1.152534,1.374447,-0.787819,training_touch
10:06:10.317,2,-1.917003,1.459319,-0.764644,training_touch
10:06:10.400,1,-1.154789,1.375105,-0.789105,training_touch
10:06:10.401,2,-1.922278,1.458779,-0.765432,training_touch
10:06:10.484,1,-1.152716,1.376264,-0.788044,training_touch
10:06:10.484,2,-1.922406,1.456148,-0.765383,training_touch
10:06:10.585,1,-1.152344,1.375487,-0.786022,training_touch
10:06:10.585,2,-1.924173,1.467472,-0.764178,training_touch
10:06:10.685,1,-1.153406,1.368262,-0.78786,training_touch
10:06:10.685,2,-1.92602,1.465815,-0.76485,training_touch
10:06:10.784,1,-1.153831,1.367221,-0.789385,training_touch
10:06:10.784,2,-1.932999,1.486705,-0.763621,training_touch
10:06:10.885,1,-1.157544,1.361401,-0.783495,training_touch
10:06:10.886,2,-1.932243,1.480726,-0.762119,training_touch
10:06:10.985,1,-1.163181,1.357442,-0.784392,training_touch
10:06:10.985,2,-1.932101,1.473897,-0.762785,training_touch
10:06:11.084,1,-1.159844,1.354975,-0.78469,training_touch
10:06:11.084,2,-1.935324,1.481392,-0.760989,training_touch
10:06:11.185,1,-1.158138,1.10093,-0.782343,training_touch
10:06:11.185,2,-1.937982,1.489539,-0.759778,training_touch
10:06:11.267,1,-1.158394,1.656949,-0.778436,training_touch
10:06:11.267,2,-1.942301,1.49487,-0.755913,training_touch
10:06:11.352,1,-1.156413,1.656949,-0.78318,training_touch
10:06:11.353,2,-1.943258,1.500753,-0.756138,training_touch
10:06:11.434,1,-1.156712,1.656949,-0.77752,training_touch
10:06:11.434,2,-1.944335,1.507854,-0.755888,training_touch
10:06:11.517,1,-1.155203,1.656949,-0.777707,training_touch
10:06:11.517,2,-1.946106,1.5119,-0.755524,training_touch
10:06:11.601,1,-1.155482,1.656949,-0.780663,training_touch
10:06:11.601,2,-1.947102,1.512263,-0.754734,training_touch
10:06:11.684,1,-1.154777,1.656949,-0.781471,training_touch
10:06:11.684,2,-1.947538,1.505028,-0.75315,training_touch
10:06:11.767,1,-1.156499,1.656949,-0.782504,training_touch
10:06:11.767,2,-1.946205,1.496081,-0.753238,training_touch
10:06:11.867,1,-1.157387,1.656949,-0.777845,training_touch
10:06:11.867,2,-1.946551,1.497532,-0.753203,training_touch
10:06:11.968,1,-1.155919,1.656949,-0.779789,training_touch
10:06:11.969,2,-1.94682,1.495938,-0.752518,training_touch
10:06:12.067,1,-1.160161,1.656949,-0.783094,training_touch
10:06:12.067,2,-1.943336,1.486543,-0.752896,training_touch
10:06:12.167,1,-1.161309,1.656949,-0.782691,training_touch
10:06:12.167,2,-1.942074,1.481581,-0.753743,training_touch
10:06:12.251,1,-1.161418,1.656949,-0.781698,training_touch
10:06:12.252,2,-1.941227,1.471993,-0.754033,training_touch
10:06:12.351,1,-1.162044,1.656949,-0.780944,training_touch
10:06:12.352,2,-1.94129,1.485047,-0.754563,training_touch
10:06:12.450,1,-1.161477,1.656949,-0.782625,training_touch
10:06:12.451,2,-1.940737,1.494249,-0.753364,training_touch
10:06:12.534,1,-1.162738,1.656949,-0.782468,training_touch
10:06:12.534,2,-1.940364,1.492344,-0.754088,training_touch
10:06:12.617,1,-1.163813,1.656949,-0.784087,training_touch
10:06:12.617,2,-1.940203,1.49296,-0.7549,training_touch
10:06:12.717,1,-1.164069,1.656949,-0.784328,training_touch
10:06:12.717,2,-1.936375,1.493891,-0.753612,training_touch
10:06:12.817,1,-1.164209,1.656949,-0.785991,training_touch
10:06:12.817,2,-1.933896,1.490809,-0.753719,training_touch
10:06:12.902,1,-1.164551,1.656949,-0.786527,training_touch
10:06:12.903,2,-1.932271,1.468834,-0.753015,training_touch
10:06:13.002,1,-1.164453,1.656949,-0.786144,training_touch
10:06:13.002,2,-1.932963,1.464504,-0.753028,training_touch
10:06:13.084,1,-1.165502,1.382091,-0.7875,training_touch
10:06:13.084,2,-1.932139,1.656949,-0.754152,training_touch
10:06:13.235,1,-1.166535,1.470524,-0.785241,training_touch
10:06:13.236,2,-1.932636,1.378003,-0.75495,training_touch
10:06:13.317,1,-1.165817,1.656949,-0.78737,training_touch
10:06:13.317,2,-1.935093,1.470124,-0.756372,training_touch
10:06:13.401,1,-1.165833,1.376448,-0.786954,training_touch
10:06:13.402,2,-1.935557,1.46795,-0.75639,training_touch
10:06:13.484,1,-1.167909,1.377293,-0.78722,training_touch
10:06:13.484,2,-1.935617,1.470835,-0.756786,training_touch
10:06:13.634,1,-1.169226,1.377228,-0.78783,training_touch
10:06:13.634,2,-1.935577,1.467886,-0.755336,training_touch
10:06:13.717,1,-1.16925,1.375242,-0.784832,training_touch
10:06:13.717,2,-1.9373,1.464649,-0.754906,training_touch
10:06:13.801,1,-1.168566,1.377204,-0.785392,training_touch
10:06:13.801,2,-1.937207,1.463188,-0.756662,training_touch
10:06:13.886,1,-1.168634,1.377448,-0.787177,training_touch
10:06:13.886,2,-1.937719,1.461023,-0.756178,training_touch
10:06:13.985,1,-1.167288,1.376107,-0.786945,training_touch
10:06:13.985,2,-1.937447,1.461009,-0.7565,training_touch
10:06:14.085,1,-1.164724,1.37428,-0.785149,training_touch
10:06:14.085,2,-1.937915,1.459459,-0.756681,training_touch
10:06:14.185,1,-1.163961,1.373616,-0.788346,training_touch
10:06:14.185,2,-1.937641,1.446707,-0.756834,training_touch
10:06:14.267,1,-1.164353,1.373276,-0.786827,training_touch
10:06:14.267,2,-1.937649,1.449245,-0.757035,training_touch
10:06:14.352,1,-1.165011,1.373305,-0.784836,training_touch
10:06:14.353,2,-1.937243,1.444692,-0.756681,training_touch
10:06:14.434,1,-1.166259,1.374013,-0.786207,training_touch
10:06:14.434,2,-1.937801,1.444553,-0.755911,training_touch
10:06:14.518,1,-1.166597,1.375592,-0.785874,training_touch
10:06:14.518,2,-1.936407,1.449155,-0.756085,training_touch
10:06:14.601,1,-1.168201,1.374635,-0.786447,training_touch
10:06:14.601,2,-1.935688,1.444794,-0.756454,training_touch
10:06:14.684,1,-1.168517,1.373652,-0.785819,training_touch
10:06:14.684,2,-1.935863,1.444452,-0.757208,training_touch
10:06:14.767,1,-1.168726,1.373941,-0.788035,training_touch
10:06:14.767,2,-1.936655,1.441409,-0.756706,training_touch
10:06:14.901,1,-1.169172,1.373996,-0.788072,training_touch
10:06:14.901,2,-1.935019,1.443771,-0.75778,training_touch
10:06:14.984,1,-1.169076,1.372297,-0.788027,training_touch
10:06:14.984,2,-1.935336,1.433,-0.757917,training_touch
10:06:15.067,1,-1.166977,1.375145,-0.790181,training_touch
10:06:15.067,2,-1.934875,1.430232,-0.758177,training_touch
10:06:15.151,1,-1.165537,1.376962,-0.791912,training_touch
10:06:15.152,2,-1.933393,1.432048,-0.759062,training_touch
10:06:15.234,1,-1.167372,1.374097,-0.792509,training_touch
10:06:15.234,2,-1.934162,1.431263,-0.758466,training_touch
10:06:15.367,1,-1.170979,1.373534,-0.806265,training_touch
10:06:15.367,2,-1.934433,1.433212,-0.757836,training_touch
10:06:15.451,1,-1.168692,1.370395,-0.808205,training_touch
10:06:15.451,2,-1.934805,1.433638,-0.757604,training_touch
10:06:15.534,1,-1.157223,1.370003,-0.828165,training_touch
10:06:15.534,2,-1.93561,1.432022,-0.757825,training_touch
10:06:15.617,1,-1.152415,1.366632,-0.840213,training_touch
10:06:15.617,2,-1.936133,1.435878,-0.758181,training_touch
10:06:15.701,1,-1.146615,1.361977,-0.854722,training_touch
10:06:15.702,2,-1.936467,1.436744,-0.758585,training_touch
10:06:15.784,1,-1.139675,1.358861,-0.874759,training_touch
10:06:15.784,2,-1.936728,1.437431,-0.758356,training_touch
10:06:15.867,1,-1.140056,1.355169,-0.88044,training_touch
10:06:15.867,2,-1.936786,1.438836,-0.758802,training_touch
10:06:15.951,1,-1.139418,1.356976,-0.890131,training_touch
10:06:15.951,2,-1.936426,1.438899,-0.758637,training_touch
10:06:16.084,1,-1.136884,1.359102,-0.89857,training_touch
10:06:16.084,2,-1.936782,1.438681,-0.75842,training_touch
10:06:16.167,1,-1.135407,1.35202,-0.898157,training_touch
10:06:16.167,2,-1.936802,1.436368,-0.758584,training_touch
10:06:16.250,1,-1.135279,1.353543,-0.898399,training_touch
10:06:16.251,2,-1.936143,1.435264,-0.758431,training_touch
10:06:16.335,1,-1.135908,1.352578,-0.898191,training_touch
10:06:16.335,2,-1.935899,1.435843,-0.75766,training_touch
10:06:16.417,1,-1.135799,1.355036,-0.897595,training_touch
10:06:16.417,2,-1.93679,1.431162,-0.756784,training_touch
10:06:16.567,1,-1.140936,1.360778,-0.8922,training_touch
10:06:16.567,2,-1.937257,1.431014,-0.757119,training_touch
10:06:16.651,1,-1.150296,1.361433,-0.887997,training_touch
10:06:16.651,2,-1.937427,1.431401,-0.757308,training_touch
10:06:16.735,1,-1.158602,1.36258,-0.883704,training_touch
10:06:16.735,2,-1.93734,1.431779,-0.75769,training_touch
10:06:16.817,1,-1.166217,1.364193,-0.880605,training_touch
10:06:16.817,2,-1.937421,1.436787,-0.757561,training_touch
10:06:16.902,1,-1.166747,1.366015,-0.880613,training_touch
10:06:16.902,2,-1.937399,1.435695,-0.757681,training_touch
10:06:16.984,1,-1.174817,1.368513,-0.878156,training_touch
10:06:16.984,2,-1.937791,1.43547,-0.756883,training_touch
10:06:17.067,1,-1.180245,1.365568,-0.872762,training_touch
10:06:17.067,2,-1.937357,1.437423,-0.757056,training_touch
10:06:17.151,1,-1.17941,1.366864,-0.872275,training_touch
10:06:17.151,2,-1.93718,1.433218,-0.757259,training_touch
10:06:17.284,1,-1.184196,1.366778,-0.864149,training_touch
10:06:17.285,2,-1.935326,1.433876,-0.757396,training_touch
10:06:17.369,1,-1.188527,1.367167,-0.856722,training_touch
10:06:17.369,2,-1.935428,1.432421,-0.7576,training_touch
10:06:17.467,1,-1.189753,1.365953,-0.855143,training_touch
10:06:17.467,2,-1.93556,1.433279,-0.75784,training_touch
10:06:17.551,1,-1.191276,1.366582,-0.848789,training_touch
10:06:17.551,2,-1.93463,1.432616,-0.758256,training_touch
10:06:17.634,1,-1.191451,1.366863,-0.848704,training_touch
10:06:17.634,2,-1.932287,1.429655,-0.759738,training_touch
10:06:17.717,1,-1.192106,1.368875,-0.84352,training_touch
10:06:17.717,2,-1.929761,1.430625,-0.758907,training_touch
10:06:17.801,1,-1.196492,1.369786,-0.83669,training_touch
10:06:17.801,2,-1.926984,1.4337,-0.760375,training_touch
10:06:17.884,1,-1.19895,1.367298,-0.833383,training_touch
10:06:17.884,2,-1.927586,1.432163,-0.761037,training_touch
10:06:17.985,1,-1.200952,1.348382,-0.829756,training_touch
10:06:17.985,2,-1.926328,1.425408,-0.761892,training_touch
10:06:18.085,1,-1.201438,1.350394,-0.826783,training_touch
10:06:18.085,2,-1.916645,1.425297,-0.762633,training_touch
10:06:18.185,1,-1.202325,1.35691,-0.821545,training_touch
10:06:18.185,2,-1.911633,1.425933,-0.763903,training_touch
10:06:18.285,1,-1.204776,1.358765,-0.81754,training_touch
10:06:18.285,2,-1.907547,1.426783,-0.764811,training_touch
10:06:18.385,1,-1.2042,1.360261,-0.812545,training_touch
10:06:18.385,2,-1.892506,1.426941,-0.765908,training_touch
10:06:18.485,1,-1.203594,1.357568,-0.812758,training_touch
10:06:18.485,2,-1.892345,1.426924,-0.766331,training_touch
10:06:18.584,1,-1.203254,1.35739,-0.812879,training_touch
10:06:18.585,2,-1.885086,1.435339,-0.764891,training_touch
10:06:18.685,1,-1.202251,1.362482,-0.812223,training_touch
10:06:18.685,2,-1.882827,1.428705,-0.763854,training_touch
10:06:18.785,1,-1.199853,1.358882,-0.813672,training_touch
10:06:18.785,2,-1.880364,1.42495,-0.763461,training_touch
10:06:18.885,1,-1.198258,1.360632,-0.811699,training_touch
10:06:18.885,2,-1.877726,1.430676,-0.763204,training_touch
10:06:18.985,1,-1.196744,1.359463,-0.813535,training_touch
10:06:18.985,2,-1.875135,1.429512,-0.762954,training_touch
10:06:19.067,1,-1.196228,1.359516,-0.811113,training_touch
10:06:19.067,2,-1.875291,1.426152,-0.763052,training_touch
10:06:19.151,1,-1.196005,1.359009,-0.8114,training_touch
10:06:19.152,2,-1.869942,1.421104,-0.764125,training_touch
10:06:19.234,1,-1.195508,1.360256,-0.810821,training_touch
10:06:19.234,2,-1.87083,1.421074,-0.764247,training_touch
10:06:19.319,1,-1.195202,1.364905,-0.811379,training_touch
10:06:19.319,2,-1.872551,1.42957,-0.764477,training_touch
10:06:19.401,1,-1.195458,1.365177,-0.814642,training_touch
10:06:19.401,2,-1.876221,1.420098,-0.763805,training_touch
10:06:19.484,1,-1.194869,1.369397,-0.81488,training_touch
10:06:19.484,2,-1.878309,1.416063,-0.762559,training_touch
10:06:19.567,1,-1.195183,1.361559,-0.813892,training_touch
10:06:19.567,2,-1.883922,1.412067,-0.761085,training_touch
10:06:19.652,1,-1.19538,1.360438,-0.811485,training_touch
10:06:19.652,2,-1.887422,1.419835,-0.76007,training_touch
10:06:19.734,1,-1.196284,1.363802,-0.812125,training_touch
10:06:19.734,2,-1.893805,1.426269,-0.758637,training_touch
10:06:19.867,1,-1.197938,1.364956,-0.811276,training_touch
10:06:19.867,2,-1.910274,1.426359,-0.759835,training_touch
10:06:20.001,1,-1.195724,1.365995,-0.814288,training_touch
10:06:20.001,2,-1.931391,1.414872,-0.760738,training_touch
10:06:20.134,1,-1.197169,1.367129,-0.812114,training_touch
10:06:20.134,2,-1.962628,1.426809,-0.768899,training_touch
10:06:20.267,1,-1.197619,1.367125,-0.813048,training_touch
10:06:20.267,2,-2.000418,1.431183,-0.770655,training_touch
10:06:20.351,1,-1.196956,1.367621,-0.812586,training_touch
10:06:20.352,2,-2.01139,1.434118,-0.774923,training_touch
10:06:20.434,1,-1.197093,1.369472,-0.813011,training_touch
10:06:20.434,2,-2.037819,1.429654,-0.774877,training_touch
10:06:20.518,1,-1.197162,1.370097,-0.813578,training_touch
10:06:20.518,2,-2.053305,1.42983,-0.775784,training_touch
10:06:20.601,1,-1.195966,1.370828,-0.816022,training_touch
10:06:20.601,2,-2.071811,1.426503,-0.782294,training_touch
10:06:20.686,1,-1.195763,1.36954,-0.816168,training_touch
10:06:20.686,2,-2.081191,1.431274,-0.785265,training_touch
10:06:20.767,1,-1.195931,1.3696,-0.819573,training_touch
10:06:20.767,2,-2.085758,1.432316,-0.784958,training_touch
10:06:20.852,1,-1.196473,1.371878,-0.81893,training_touch
10:06:20.852,2,-2.087224,1.431122,-0.785717,training_touch
10:06:20.934,1,-1.196249,1.371631,-0.819777,training_touch
10:06:20.934,2,-2.090339,1.429029,-0.78863,training_touch
10:06:21.017,1,-1.196254,1.372971,-0.819555,training_touch
10:06:21.018,2,-2.08649,1.430389,-0.786659,training_touch
10:06:21.101,1,-1.196152,1.374321,-0.817178,training_touch
10:06:21.101,2,-2.072742,1.426577,-0.781897,training_touch
10:06:21.184,1,-1.196585,1.375422,-0.816741,training_touch
10:06:21.184,2,-2.063494,1.427182,-0.764736,training_touch
10:06:21.284,1,-1.196783,1.376311,-0.815663,training_touch
10:06:21.284,2,-2.029475,1.433753,-0.749747,training_touch
10:06:21.367,1,-1.198137,1.377547,-0.811952,training_touch
10:06:21.367,2,-1.996806,1.436057,-0.723319,training_touch
10:06:21.451,1,-1.198954,1.37819,-0.810616,training_touch
10:06:21.451,2,-1.98105,1.427914,-0.71652,training_touch
10:06:21.534,1,-1.199933,1.377796,-0.808443,training_touch
10:06:21.534,2,-1.951098,1.43422,-0.699701,training_touch
10:06:21.617,1,-1.200345,1.378579,-0.807892,training_touch
10:06:21.617,2,-1.940526,1.430545,-0.689174,training_touch
10:06:21.702,1,-1.201397,1.378993,-0.80348,training_touch
10:06:21.702,2,-1.923937,1.428356,-0.676045,training_touch
10:06:21.784,1,-1.202524,1.378937,-0.801222,training_touch
10:06:21.784,2,-1.92122,1.427443,-0.660633,training_touch
10:06:21.868,1,-1.20351,1.379553,-0.801458,training_touch
10:06:21.869,2,-1.915713,1.426495,-0.661989,training_touch
10:06:21.968,1,-1.209736,1.379583,-0.794765,training_touch
10:06:21.969,2,-1.910059,1.433754,-0.658576,training_touch
10:06:22.068,1,-1.212789,1.37883,-0.789263,training_touch
10:06:22.069,2,-1.904761,1.431142,-0.657922,training_touch
10:06:22.168,1,-1.213268,1.37854,-0.787269,training_touch
10:06:22.169,2,-1.904601,1.424371,-0.656921,training_touch
10:06:22.267,1,-1.213012,1.378455,-0.787803,training_touch
10:06:22.267,2,-1.905448,1.425303,-0.656092,training_touch
10:06:22.351,1,-1.212402,1.377482,-0.789699,training_touch
10:06:22.351,2,-1.905079,1.425646,-0.656552,training_touch
10:06:22.434,1,-1.212466,1.377003,-0.789402,training_touch
10:06:22.434,2,-1.907006,1.430228,-0.658737,training_touch
10:06:22.517,1,-1.211974,1.376585,-0.790555,training_touch
10:06:22.518,2,-1.908133,1.428219,-0.658826,training_touch
10:06:22.618,1,-1.211039,1.375945,-0.791537,training_touch
10:06:22.618,2,-1.912933,1.429286,-0.658347,training_touch
10:06:22.718,1,-1.210554,1.375176,-0.792652,training_touch
10:06:22.719,2,-1.912791,1.428652,-0.658904,training_touch
10:06:22.818,1,-1.209791,1.374221,-0.793782,training_touch
10:06:22.819,2,-1.914767,1.429341,-0.660051,training_touch
10:06:22.917,1,-1.209869,1.374382,-0.79521,training_touch
10:06:22.918,2,-1.914475,1.428382,-0.665927,training_touch
10:06:23.017,1,-1.209573,1.374665,-0.795745,training_touch
10:06:23.018,2,-1.917204,1.429237,-0.667274,training_touch
10:06:23.101,1,-1.208313,1.375368,-0.799568,training_touch
10:06:23.101,2,-1.916711,1.429252,-0.662405,training_touch
10:06:23.185,1,-1.20685,1.375191,-0.80189,training_touch
10:06:23.185,2,-1.914425,1.428696,-0.667505,training_touch
10:06:23.285,1,-1.204458,1.375086,-0.807343,training_touch
10:06:23.285,2,-1.915303,1.429955,-0.669892,training_touch
10:06:23.384,1,-1.201889,1.374821,-0.811067,training_touch
10:06:23.385,2,-1.917839,1.428053,-0.669664,training_touch
10:06:23.485,1,-1.196793,1.373881,-0.821758,training_touch
10:06:23.485,2,-1.918969,1.428323,-0.668858,training_touch
10:06:23.567,1,-1.196418,1.373986,-0.821678,training_touch
10:06:23.568,2,-1.918738,1.427567,-0.670078,training_touch
10:06:23.651,1,-1.197778,1.374056,-0.826401,training_touch
10:06:23.651,2,-1.91975,1.429437,-0.669606,training_touch
10:06:23.734,1,-1.194099,1.374372,-0.830246,training_touch
10:06:23.734,2,-1.92075,1.433575,-0.666716,training_touch
10:06:23.817,1,-1.191141,1.373926,-0.833622,training_touch
10:06:23.817,2,-1.921715,1.43352,-0.665952,training_touch
10:06:23.901,1,-1.187221,1.373186,-0.835653,training_touch
10:06:23.901,2,-1.921276,1.431624,-0.667513,training_touch
10:06:23.984,1,-1.186972,1.373023,-0.836714,training_touch
10:06:23.984,2,-1.921985,1.431107,-0.66794,training_touch
10:06:24.085,1,-1.185876,1.372973,-0.838536,training_touch
10:06:24.085,2,-1.920588,1.438732,-0.668415,training_touch
10:06:24.185,1,-1.185893,1.373154,-0.84061,training_touch
10:06:24.185,2,-1.920091,1.428259,-0.666767,training_touch
10:06:24.284,1,-1.188591,1.372448,-0.839178,training_touch
10:06:24.284,2,-1.920807,1.428563,-0.664694,training_touch
10:06:24.386,1,-1.188275,1.372424,-0.840017,training_touch
10:06:24.386,2,-1.919705,1.428922,-0.665376,training_touch
10:06:24.484,1,-1.184198,1.372551,-0.84347,training_touch
10:06:24.484,2,-1.919274,1.428815,-0.664278,training_touch
10:06:24.567,1,-1.184977,1.372795,-0.843668,training_touch
10:06:24.568,2,-1.916027,1.429299,-0.663753,training_touch
10:06:24.668,1,-1.186539,1.37273,-0.843505,training_touch
10:06:24.669,2,-1.917554,1.426528,-0.661978,training_touch
10:06:24.767,1,-1.186239,1.372689,-0.843839,training_touch
10:06:24.768,2,-1.914248,1.427901,-0.662702,training_touch
10:06:24.868,1,-1.18628,1.372309,-0.842187,training_touch
10:06:24.869,2,-1.912549,1.42516,-0.659522,training_touch
10:06:24.968,1,-1.18658,1.372991,-0.840264,training_touch
10:06:24.969,2,-1.914536,1.426372,-0.660476,training_touch
10:06:25.067,1,-1.186751,1.372929,-0.838124,training_touch
10:06:25.068,2,-1.912306,1.426492,-0.658872,training_touch
10:06:25.151,1,-1.185347,1.372702,-0.837629,training_touch
10:06:25.152,2,-1.911272,1.425522,-0.65753,training_touch
10:06:25.234,1,-1.185352,1.372666,-0.835991,training_touch
10:06:25.234,2,-1.909671,1.424701,-0.655627,training_touch
10:06:25.317,1,-1.185494,1.372298,-0.834922,training_touch
10:06:25.317,2,-1.912188,1.429569,-0.655693,training_touch
10:06:25.402,1,-1.1853,1.372259,-0.832924,training_touch
10:06:25.402,2,-1.909998,1.435576,-0.656612,training_touch
10:06:25.502,1,-1.186409,1.372102,-0.83127,training_touch
10:06:25.502,2,-1.909251,1.433633,-0.653794,training_touch
10:06:25.584,1,-1.187695,1.372266,-0.829538,training_touch
10:06:25.584,2,-1.908241,1.440048,-0.656199,training_touch
10:06:25.734,1,-1.187006,1.372494,-0.82866,training_touch
10:06:25.734,2,-1.906187,1.442229,-0.659072,training_touch
10:06:25.818,1,-1.187507,1.372002,-0.827276,training_touch
10:06:25.818,2,-1.906087,1.444173,-0.653995,training_touch
10:06:25.901,1,-1.187531,1.371497,-0.827146,training_touch
10:06:25.901,2,-1.907571,1.445965,-0.655627,training_touch
10:06:25.985,1,-1.188358,1.371444,-0.826007,training_touch
10:06:25.985,2,-1.905234,1.444523,-0.657453,training_touch
10:06:26.085,1,-1.188314,1.370812,-0.826071,training_touch
10:06:26.085,2,-1.903977,1.442766,-0.65822,training_touch
10:06:26.167,1,-1.188396,1.370977,-0.8261,training_touch
10:06:26.168,2,-1.903894,1.449415,-0.661166,training_touch
10:06:26.268,1,-1.188673,1.370927,-0.826612,training_touch
10:06:26.269,2,-1.903135,1.452178,-0.663868,training_touch
10:06:26.368,1,-1.187733,1.370821,-0.827637,training_touch
10:06:26.369,2,-1.898053,1.452409,-0.661358,training_touch
10:06:26.469,1,-1.187468,1.371198,-0.828204,training_touch
10:06:26.470,2,-1.90005,1.452492,-0.658609,training_touch
10:06:26.569,1,-1.187406,1.371253,-0.828348,training_touch
10:06:26.569,2,-1.900772,1.453483,-0.655385,training_touch
10:06:26.668,1,-1.185361,1.371322,-0.829131,training_touch
10:06:26.669,2,-1.899261,1.452102,-0.653108,training_touch
10:06:26.768,1,-1.185629,1.371219,-0.829454,training_touch
10:06:26.769,2,-1.898203,1.452241,-0.652052,training_touch
10:06:26.869,1,-1.185221,1.371083,-0.82931,training_touch
10:06:26.870,2,-1.895777,1.450224,-0.649442,training_touch
10:06:26.968,1,-1.185061,1.37115,-0.829295,training_touch
10:06:26.969,2,-1.895958,1.446584,-0.650224,training_touch
10:06:27.067,1,-1.183205,1.371467,-0.829589,training_touch
10:06:27.068,2,-1.895389,1.441824,-0.648854,training_touch
10:06:27.151,1,-1.183517,1.371508,-0.829497,training_touch
10:06:27.151,2,-1.89508,1.43822,-0.647842,training_touch
10:06:27.252,1,-1.18495,1.371323,-0.82875,training_touch
10:06:27.252,2,-1.895091,1.444444,-0.647386,training_touch
10:06:27.335,1,-1.184203,1.371156,-0.828722,training_touch
10:06:27.335,2,-1.89467,1.442792,-0.646199,training_touch
10:06:27.435,1,-1.181439,1.370525,-0.828909,training_touch
10:06:27.435,2,-1.894866,1.442324,-0.645461,training_touch
10:06:27.534,1,-1.181638,1.371477,-0.828406,training_touch
10:06:27.534,2,-1.895235,1.446194,-0.646572,training_touch
10:06:27.618,1,-1.18068,1.371553,-0.827637,training_touch
10:06:27.618,2,-1.896504,1.444792,-0.645671,training_touch
10:06:27.718,1,-1.18233,1.371655,-0.827713,training_touch
10:06:27.718,2,-1.897658,1.445683,-0.645091,training_touch
10:06:27.818,1,-1.182231,1.371866,-0.827314,training_touch
10:06:27.819,2,-1.897983,1.440927,-0.648311,training_touch
10:06:27.918,1,-1.179763,1.370922,-0.827611,training_touch
10:06:27.919,2,-1.898332,1.441203,-0.647328,training_touch
10:06:28.018,1,-1.179582,1.369871,-0.82703,training_touch
10:06:28.018,2,-1.899267,1.442757,-0.644651,training_touch
10:06:28.118,1,-1.178954,1.369658,-0.827596,training_touch
10:06:28.119,2,-1.898095,1.443434,-0.64588,training_touch
10:06:28.218,1,-1.18003,1.369088,-0.826195,training_touch
10:06:28.218,2,-1.899211,1.444271,-0.645096,training_touch
10:06:28.318,1,-1.180886,1.368965,-0.825995,training_touch
10:06:28.318,2,-1.897239,1.444006,-0.645585,training_touch
10:06:28.418,1,-1.17998,1.370711,-0.826105,training_touch
10:06:28.419,2,-1.89873,1.445097,-0.646498,training_touch
10:06:28.501,1,-1.180459,1.375443,-0.827361,training_touch
10:06:28.501,2,-1.899058,1.443941,-0.646964,training_touch
10:06:28.586,1,-1.179879,1.374397,-0.827604,training_touch
10:06:28.587,2,-1.898028,1.446053,-0.645516,training_touch
10:06:28.685,1,-1.180977,1.366274,-0.827676,training_touch
10:06:28.685,2,-1.896929,1.446363,-0.647265,training_touch
10:06:28.768,1,-1.181294,1.367362,-0.827712,training_touch
10:06:28.768,2,-1.896259,1.445818,-0.646925,training_touch
10:06:28.868,1,-1.180998,1.367207,-0.8276,training_touch
10:06:28.869,2,-1.894842,1.444298,-0.647034,training_touch
10:06:28.969,1,-1.180232,1.367539,-0.828017,training_touch
10:06:28.969,2,-1.896222,1.444114,-0.647785,training_touch
10:06:29.068,1,-1.181206,1.366155,-0.827892,training_touch
10:06:29.069,2,-1.895294,1.443833,-0.648353,training_touch
10:06:29.151,1,-1.181368,1.365756,-0.827648,training_touch
10:06:29.151,2,-1.896241,1.440206,-0.647026,training_touch
10:06:29.236,1,-1.182936,1.364844,-0.827731,training_touch
10:06:29.236,2,-1.896135,1.443715,-0.647033,training_touch
10:06:29.336,1,-1.181274,1.361615,-0.828063,training_touch
10:06:29.336,2,-1.897059,1.443848,-0.645457,training_touch
10:06:29.434,1,-1.179077,1.361885,-0.828278,training_touch
10:06:29.435,2,-1.895594,1.445191,-0.647372,training_touch
10:06:29.518,1,-1.179449,1.361169,-0.826682,training_touch
10:06:29.518,2,-1.89524,1.445158,-0.647612,training_touch
10:06:29.601,1,-1.176987,1.361406,-0.826879,training_touch
10:06:29.601,2,-1.895514,1.439673,-0.647895,training_touch
10:06:29.684,1,-1.177235,1.363327,-0.826198,training_touch
10:06:29.684,2,-1.894107,1.440742,-0.64914,training_touch
10:06:29.785,1,-1.178843,1.364529,-0.825005,training_touch
10:06:29.785,2,-1.894691,1.440823,-0.650588,training_touch
10:06:29.886,1,-1.177924,1.368316,-0.824309,training_touch
10:06:29.887,2,-1.894737,1.44208,-0.652166,training_touch
10:06:29.985,1,-1.178774,1.371637,-0.824117,training_touch
10:06:29.985,2,-1.894282,1.440229,-0.652114,training_touch
10:06:30.067,1,-1.176472,1.374681,-0.82404,training_touch
10:06:30.068,2,-1.894939,1.441909,-0.652147,training_touch
10:06:30.151,1,-1.178185,1.38003,-0.823231,training_touch
10:06:30.151,2,-1.89383,1.436527,-0.65255,training_touch
10:06:30.251,1,-1.177896,1.377891,-0.822911,training_touch
10:06:30.252,2,-1.892867,1.441161,-0.652306,training_touch
10:06:30.334,1,-1.176534,1.368352,-0.823027,training_touch
10:06:30.334,2,-1.891603,1.443584,-0.654106,training_touch
10:06:30.435,1,-1.176589,1.367189,-0.821773,training_touch
10:06:30.436,2,-1.892294,1.444328,-0.651291,training_touch
10:06:30.535,1,-1.176793,1.366178,-0.821407,training_touch
10:06:30.535,2,-1.891484,1.445175,-0.653811,training_touch
10:06:30.618,1,-1.176536,1.370605,-0.822137,training_touch
10:06:30.618,2,-1.891257,1.444969,-0.654624,training_touch
10:06:30.702,1,-1.178169,1.370316,-0.821391,training_touch
10:06:30.702,2,-1.890972,1.444734,-0.654624,training_touch
10:06:30.784,1,-1.178463,1.367413,-0.821342,training_touch
10:06:30.784,2,-1.891585,1.446018,-0.654729,training_touch
10:06:30.868,1,-1.17863,1.36385,-0.821538,training_touch
10:06:30.868,2,-1.890392,1.443351,-0.650283,training_touch
10:06:30.951,1,-1.179302,1.366548,-0.82149,training_touch
10:06:30.951,2,-1.891492,1.44458,-0.650689,training_touch
10:06:31.037,1,-1.178198,1.366921,-0.82145,training_touch
10:06:31.037,2,-1.891257,1.441596,-0.650951,training_touch
10:06:31.134,1,-1.177592,1.366358,-0.822339,training_touch
10:06:31.134,2,-1.892262,1.444095,-0.651058,training_touch
10:06:31.235,1,-1.179332,1.366839,-0.822124,training_touch
10:06:31.236,2,-1.896193,1.447621,-0.652801,training_touch
10:06:31.318,1,-1.174765,1.363121,-0.820994,training_touch
10:06:31.318,2,-1.894582,1.446958,-0.651687,training_touch
10:06:31.401,1,-1.1763,1.359877,-0.821215,training_touch
10:06:31.401,2,-1.890939,1.446881,-0.652472,training_touch
10:06:31.484,1,-1.176884,1.353439,-0.821508,training_touch
10:06:31.484,2,-1.890685,1.447317,-0.652622,training_touch
10:06:31.585,1,-1.177959,1.353961,-0.821841,training_touch
10:06:31.586,2,-1.888326,1.4459,-0.652323,training_touch
10:06:31.686,1,-1.179155,1.354118,-0.822272,training_touch
10:06:31.687,2,-1.886302,1.445826,-0.654072,training_touch
10:06:31.785,1,-1.180152,1.356896,-0.822228,training_touch
10:06:31.785,2,-1.876571,1.446095,-0.656679,training_touch
10:06:31.918,1,-1.180821,1.361844,-0.822371,training_touch
10:06:31.918,2,-1.873353,1.446916,-0.655136,training_touch
10:06:32.001,1,-1.181711,1.356077,-0.822044,training_touch
10:06:32.001,2,-1.878632,1.447422,-0.653794,training_touch
10:06:32.085,1,-1.181812,1.358501,-0.822087,training_touch
10:06:32.085,2,-1.878467,1.447052,-0.652965,training_touch
10:06:32.168,1,-1.182662,1.356258,-0.823029,training_touch
10:06:32.168,2,-1.874251,1.444405,-0.655931,training_touch
10:06:32.251,1,-1.183032,1.355619,-0.822869,training_touch
10:06:32.251,2,-1.862589,1.447888,-0.656688,training_touch
10:06:32.353,1,-1.183073,1.35339,-0.823351,training_touch
10:06:32.354,2,-1.867915,1.446118,-0.654948,training_touch
10:06:32.453,1,-1.182804,1.355644,-0.823574,training_touch
10:06:32.453,2,-1.878133,1.446945,-0.650912,training_touch
10:06:32.552,1,-1.182581,1.361176,-0.824087,training_touch
10:06:32.552,2,-1.890758,1.446391,-0.648232,training_touch
10:06:32.634,1,-1.182522,1.362409,-0.824132,training_touch
10:06:32.634,2,-1.908157,1.447066,-0.649672,training_touch
10:06:32.718,1,-1.182405,1.361307,-0.824296,training_touch
10:06:32.718,2,-1.939004,1.448403,-0.649687,training_touch
10:06:32.801,1,-1.182813,1.361617,-0.824276,training_touch
10:06:32.801,2,-1.96596,1.448219,-0.644435,training_touch
10:06:32.884,1,-1.183223,1.36232,-0.823725,training_touch
10:06:32.884,2,-1.989601,1.44895,-0.643389,training_touch
10:06:32.968,1,-1.183977,1.362281,-0.824077,training_touch
10:06:32.970,2,-2.019883,1.448384,-0.646956,training_touch
10:06:33.069,1,-1.183119,1.363656,-0.824309,training_touch
10:06:33.069,2,-2.044077,1.448499,-0.645453,training_touch
10:06:33.201,1,-1.183701,1.362854,-0.824187,training_touch
10:06:33.202,2,-2.078635,1.448971,-0.644495,training_touch
10:06:33.302,1,-1.183899,1.360316,-0.825039,training_touch
10:06:33.302,2,-2.113804,1.44817,-0.634261,training_touch
10:06:33.384,1,-1.182871,1.363681,-0.824864,training_touch
10:06:33.384,2,-2.13998,1.448766,-0.637031,training_touch
10:06:33.468,1,-1.183164,1.359948,-0.824593,training_touch
10:06:33.469,2,-2.143097,1.448223,-0.637779,training_touch
10:06:33.568,1,-1.184198,1.358528,-0.824027,training_touch
10:06:33.569,2,-2.160423,1.448163,-0.636876,training_touch
10:06:33.651,1,-1.184571,1.360041,-0.82412,training_touch
10:06:33.651,2,-2.180308,1.443598,-0.631135,training_touch
10:06:33.735,1,-1.184235,1.360391,-0.824473,training_touch
10:06:33.735,2,-2.184492,1.444819,-0.628419,training_touch
10:06:33.834,1,-1.185234,1.359611,-0.824548,training_touch
10:06:33.834,2,-2.19122,1.437387,-0.629031,training_touch
10:06:33.918,1,-1.185554,1.35887,-0.824903,training_touch
10:06:33.918,2,-2.202184,1.436495,-0.623082,training_touch
10:06:34.001,1,-1.185463,1.358133,-0.825006,training_touch
10:06:34.003,2,-2.203044,1.436833,-0.623971,training_touch
10:06:34.084,1,-1.1857,1.360307,-0.825174,training_touch
10:06:34.084,2,-2.204897,1.438937,-0.626429,training_touch
10:06:34.169,1,-1.185701,1.35957,-0.825238,training_touch
10:06:34.169,2,-2.207689,1.439797,-0.625778,training_touch
10:06:34.251,1,-1.182558,1.358487,-0.825229,training_touch
10:06:34.251,2,-2.208093,1.440162,-0.624966,training_touch
10:06:34.351,1,-1.178376,1.358457,-0.828431,training_touch
10:06:34.351,2,-2.20282,1.439948,-0.623559,training_touch
10:06:34.451,1,-1.179278,1.359222,-0.826063,training_touch
10:06:34.452,2,-2.208749,1.436325,-0.622814,training_touch
10:06:34.552,1,-1.181608,1.355547,-0.825956,training_touch
10:06:34.552,2,-2.212118,1.434758,-0.625056,training_touch
10:06:34.651,1,-1.183242,1.354556,-0.825813,training_touch
10:06:34.651,2,-2.226861,1.438154,-0.621869,training_touch
10:06:34.752,1,-1.184055,1.356352,-0.825456,training_touch
10:06:34.752,2,-2.22714,1.437024,-0.62179,training_touch
10:06:34.852,1,-1.184579,1.358625,-0.825071,training_touch
10:06:34.852,2,-2.231036,1.434817,-0.624972,training_touch
10:06:34.951,1,-1.185239,1.359054,-0.8247,training_touch
10:06:34.951,2,-2.229009,1.437005,-0.62242,training_touch
10:06:35.053,1,-1.185197,1.358432,-0.824696,training_touch
10:06:35.053,2,-2.243,1.435947,-0.627764,training_touch
10:06:35.151,1,-1.184935,1.357851,-0.824293,training_touch
10:06:35.151,2,-2.24394,1.437047,-0.627364,training_touch
10:06:35.234,1,-1.18473,1.354334,-0.82455,training_touch
10:06:35.234,2,-2.241762,1.436532,-0.626319,training_touch
10:06:35.318,1,-1.185054,1.355266,-0.825544,training_touch
10:06:35.318,2,-2.241559,1.435434,-0.63147,training_touch
10:06:35.401,1,-1.185338,1.356424,-0.825991,training_touch
10:06:35.401,2,-2.243954,1.435929,-0.631196,training_touch
10:06:35.502,1,-1.185219,1.356202,-0.826317,training_touch
10:06:35.502,2,-2.243247,1.436491,-0.630889,training_touch
10:06:35.601,1,-1.184715,1.354982,-0.826948,training_touch
10:06:35.601,2,-2.240508,1.433197,-0.630534,training_touch
10:06:35.701,1,-1.184811,1.353551,-0.827151,training_touch
10:06:35.701,2,-2.239906,1.43437,-0.630035,training_touch
10:06:35.802,1,-1.1851,1.353877,-0.827078,training_touch
10:06:35.802,2,-2.244766,1.434002,-0.634205,training_touch
10:06:35.902,1,-1.184971,1.354224,-0.827543,training_touch
10:06:35.902,2,-2.249768,1.432318,-0.640663,training_touch
10:06:36.002,1,-1.185044,1.35414,-0.827438,training_touch
10:06:36.002,2,-2.25484,1.435185,-0.649755,training_touch
10:06:36.102,1,-1.185107,1.361422,-0.827486,training_touch
10:06:36.102,2,-2.259403,1.435237,-0.658353,training_touch
10:06:36.202,1,-1.185486,1.357332,-0.826974,training_touch
10:06:36.202,2,-2.265512,1.43427,-0.677944,training_touch
10:06:36.284,1,-1.185684,1.353256,-0.827262,training_touch
10:06:36.284,2,-2.266145,1.434549,-0.690777,training_touch
10:06:36.368,1,-1.185768,1.352611,-0.827221,training_touch
10:06:36.368,2,-2.26789,1.435285,-0.707869,training_touch
10:06:36.451,1,-1.185523,1.35272,-0.827074,training_touch
10:06:36.451,2,-2.267817,1.434061,-0.739258,training_touch
10:06:36.552,1,-1.185672,1.35176,-0.826553,training_touch
10:06:36.552,2,-2.270933,1.435557,-0.759603,training_touch
10:06:36.652,1,-1.185805,1.350679,-0.826376,training_touch
10:06:36.652,2,-2.288871,1.434116,-0.819902,training_touch
10:06:36.752,1,-1.185742,1.35075,-0.825508,training_touch
10:06:36.752,2,-2.294863,1.434501,-0.873008,training_touch
10:06:36.852,1,-1.184723,1.355015,-0.825596,training_touch
10:06:36.852,2,-2.306057,1.432371,-0.923948,training_touch
10:06:36.952,1,-1.184878,1.354865,-0.825689,training_touch
10:06:36.952,2,-2.324957,1.43424,-0.967724,training_touch
10:06:37.052,1,-1.184761,1.354124,-0.825886,training_touch
10:06:37.052,2,-2.34276,1.436192,-1.003068,training_touch
10:06:37.152,1,-1.184435,1.353343,-0.825818,training_touch
10:06:37.152,2,-2.360438,1.436066,-1.02383,training_touch
10:06:37.252,1,-1.185076,1.353017,-0.825879,training_touch
10:06:37.252,2,-2.391419,1.436767,-1.049684,training_touch
10:06:37.352,1,-1.184828,1.352169,-0.825869,training_touch
10:06:37.352,2,-2.419459,1.435879,-1.067594,training_touch
10:06:37.451,1,-1.184153,1.353892,-0.826185,training_touch
10:06:37.452,2,-2.467213,1.42819,-1.095969,training_touch
10:06:37.534,1,-1.184477,1.3558,-0.826329,training_touch
10:06:37.535,2,-2.509843,1.430288,-1.118154,training_touch
10:06:37.636,1,-1.18421,1.357008,-0.826287,training_touch
10:06:37.637,2,-2.580254,1.433773,-1.147528,training_touch
10:06:37.834,1,-1.184145,1.358879,-0.826177,training_touch
10:06:37.834,2,-2.606973,1.433678,-1.165363,training_touch
10:06:37.935,1,-1.182737,1.354964,-0.82597,training_touch
10:06:37.936,2,-2.672947,1.434104,-1.207648,training_touch
10:06:38.035,1,-1.18229,1.35616,-0.826255,training_touch
10:06:38.036,2,-2.693111,1.432502,-1.221581,training_touch
10:06:38.118,1,-1.178847,1.357332,-0.826184,training_touch
10:06:38.118,2,-2.721545,1.432292,-1.239642,training_touch
10:06:38.201,1,-1.178562,1.356729,-0.827003,training_touch
10:06:38.201,2,-2.733956,1.433752,-1.248116,training_touch
10:06:38.285,1,-1.175099,1.355623,-0.827283,training_touch
10:06:38.285,2,-2.741478,1.433638,-1.256869,training_touch
10:06:38.368,1,-1.175162,1.356556,-0.827447,training_touch
10:06:38.368,2,-2.75465,1.434803,-1.273339,training_touch
10:06:38.451,1,-1.172332,1.355847,-0.825904,training_touch
10:06:38.452,2,-2.759425,1.432498,-1.286792,training_touch
10:06:38.552,1,-1.170305,1.354827,-0.822975,training_touch
10:06:38.552,2,-2.760153,1.431734,-1.310908,training_touch
10:06:38.634,1,-1.166313,1.353855,-0.822362,training_touch
10:06:38.634,2,-2.761937,1.433482,-1.3333,training_touch
10:06:38.718,1,-1.164115,1.352111,-0.823587,training_touch
10:06:38.718,2,-2.764114,1.433177,-1.343778,training_touch
10:06:38.801,1,-1.16345,1.351782,-0.828086,training_touch
10:06:38.801,2,-2.767665,1.433541,-1.375849,training_touch
10:06:38.885,1,-1.163284,1.353132,-0.832816,training_touch
10:06:38.885,2,-2.772753,1.431864,-1.392954,training_touch
10:06:38.968,1,-1.162807,1.353582,-0.838442,training_touch
10:06:38.968,2,-2.778921,1.432064,-1.420584,training_touch
10:06:39.052,1,-1.161079,1.354173,-0.843636,training_touch
10:06:39.052,2,-2.786033,1.431495,-1.443242,training_touch
10:06:39.152,1,-1.161582,1.35397,-0.853139,training_touch
10:06:39.152,2,-2.80378,1.431454,-1.470208,training_touch
10:06:39.234,1,-1.160757,1.355411,-0.859539,training_touch
10:06:39.234,2,-2.806562,1.430496,-1.484922,training_touch
10:06:39.318,1,-1.160363,1.355297,-0.864168,training_touch
10:06:39.318,2,-2.806751,1.43098,-1.489395,training_touch
10:06:39.418,1,-1.155945,1.356803,-0.878313,training_touch
10:06:39.418,2,-2.810395,1.430874,-1.518269,training_touch
10:06:39.501,1,-1.151485,1.356737,-0.882524,training_touch
10:06:39.501,2,-2.821075,1.431523,-1.528667,training_touch
10:06:39.584,1,-1.146952,1.357778,-0.882385,training_touch
10:06:39.585,2,-2.822121,1.432377,-1.533354,training_touch
10:06:39.668,1,-1.148895,1.353766,-0.884888,training_touch
10:06:39.668,2,-2.822237,1.432935,-1.538982,training_touch
10:06:39.751,1,-1.148713,1.351329,-0.885495,training_touch
10:06:39.751,2,-2.818463,1.434651,-1.542401,training_touch
10:06:39.835,1,-1.147841,1.351993,-0.886454,training_touch
10:06:39.835,2,-2.815319,1.435638,-1.543622,training_touch
10:06:39.934,1,-1.147735,1.351916,-0.889119,training_touch
10:06:39.935,2,-2.810285,1.433628,-1.546336,training_touch
10:06:40.018,1,-1.146353,1.350798,-0.889317,training_touch
10:06:40.018,2,-2.809867,1.432668,-1.546408,training_touch
10:06:40.101,1,-1.144093,1.353414,-0.890118,training_touch
10:06:40.101,2,-2.811291,1.431785,-1.546462,training_touch
10:06:40.202,1,-1.141745,1.357012,-0.890724,training_touch
10:06:40.202,2,-2.810822,1.432736,-1.547333,training_touch
10:06:40.302,1,-1.138967,1.35761,-0.890479,training_touch
10:06:40.302,2,-2.809161,1.431525,-1.547077,training_touch
10:06:40.384,1,-1.134949,1.357862,-0.890082,training_touch
10:06:40.385,2,-2.804314,1.433455,-1.546181,training_touch
10:06:40.468,1,-1.134357,1.358199,-0.890771,training_touch
10:06:40.468,2,-2.803133,1.434194,-1.547357,training_touch
10:06:40.551,1,-1.134004,1.356126,-0.890909,training_touch
10:06:40.551,2,-2.798172,1.433803,-1.543827,training_touch
10:06:40.635,1,-1.13409,1.359305,-0.890912,training_touch
10:06:40.635,2,-2.796508,1.433337,-1.541798,training_touch
10:06:40.735,1,-1.134359,1.353613,-0.891888,training_touch
10:06:40.736,2,-2.795829,1.433311,-1.540679,training_touch
10:06:40.818,1,-1.134388,1.3523,-0.892675,training_touch
10:06:40.818,2,-2.790375,1.431348,-1.542211,training_touch
10:06:40.901,1,-1.134429,1.352892,-0.893017,training_touch
10:06:40.902,2,-2.788466,1.431132,-1.543978,training_touch
10:06:40.984,1,-1.134698,1.353205,-0.893166,training_touch
10:06:40.984,2,-2.786308,1.432026,-1.547773,training_touch
10:06:41.068,1,-1.135881,1.354627,-0.895909,training_touch
10:06:41.068,2,-2.788663,1.429959,-1.554335,training_touch
10:06:41.152,1,-1.135832,1.355916,-0.897781,training_touch
10:06:41.152,2,-2.788164,1.430681,-1.555566,training_touch
10:06:41.234,1,-1.137021,1.35603,-0.901498,training_touch
10:06:41.235,2,-2.800673,1.432091,-1.558406,training_touch
10:06:41.320,1,-1.137412,1.35718,-0.902527,training_touch
10:06:41.320,2,-2.812309,1.429058,-1.559709,training_touch
10:06:41.401,1,-1.138437,1.354577,-0.904886,training_touch
10:06:41.401,2,-2.812363,1.432543,-1.564798,training_touch
10:06:41.486,1,-1.139436,1.356234,-0.909559,training_touch
10:06:41.486,2,-2.816217,1.43207,-1.572838,training_touch
10:06:41.586,1,-1.13983,1.356398,-0.915726,training_touch
10:06:41.586,2,-2.816305,1.432527,-1.579074,training_touch
10:06:41.668,1,-1.139739,1.354878,-0.918515,training_touch
10:06:41.668,2,-2.810218,1.432514,-1.582046,training_touch
10:06:41.818,1,-1.139755,1.354289,-0.925258,training_touch
10:06:41.818,2,-2.806843,1.432934,-1.583151,training_touch
10:06:41.919,1,-1.139669,1.350911,-0.92725,training_touch
10:06:41.919,2,-2.806268,1.433104,-1.58376,training_touch
10:06:42.001,1,-1.142216,1.355423,-0.936815,training_touch
10:06:42.001,2,-2.805138,1.431712,-1.585066,training_touch
10:06:42.134,1,-1.147895,1.35501,-0.947129,training_touch
10:06:42.134,2,-2.810586,1.429483,-1.584607,training_touch
10:06:42.219,1,-1.152847,1.357601,-0.950072,training_touch
10:06:42.219,2,-2.80892,1.429987,-1.58647,training_touch
10:06:42.301,1,-1.179236,1.358191,-0.95829,training_touch
10:06:42.301,2,-2.813916,1.431201,-1.585026,training_touch
10:06:42.386,1,-1.189732,1.35603,-0.963734,training_touch
10:06:42.386,2,-2.813123,1.432118,-1.578169,training_touch
10:06:42.486,1,-1.233289,1.354997,-0.981293,training_touch
10:06:42.486,2,-2.815154,1.432367,-1.578171,training_touch
10:06:42.568,1,-1.283222,1.359019,-1.010608,training_touch
10:06:42.568,2,-2.809119,1.43314,-1.576776,training_touch
10:06:42.652,1,-1.291455,1.370556,-1.011494,training_touch
10:06:42.652,2,-2.808083,1.432257,-1.570519,training_touch
10:06:42.752,1,-1.34747,1.379188,-1.043266,training_touch
10:06:42.752,2,-2.812958,1.432149,-1.564084,training_touch
10:06:42.834,1,-1.397742,1.381098,-1.077161,training_touch
10:06:42.835,2,-2.826158,1.432084,-1.543368,training_touch
10:06:42.952,1,-1.446191,1.384572,-1.105591,training_touch
10:06:42.952,2,-2.819893,1.431661,-1.532043,training_touch
10:06:43.052,1,-1.512641,1.384907,-1.15076,training_touch
10:06:43.052,2,-2.82415,1.429465,-1.503944,training_touch
10:06:43.134,1,-1.570481,1.386583,-1.181426,training_touch
10:06:43.135,2,-2.838824,1.429532,-1.472849,training_touch
10:06:43.218,1,-1.582542,1.386238,-1.195796,training_touch
10:06:43.218,2,-2.849155,1.432073,-1.450075,training_touch
10:06:43.301,1,-1.639862,1.385484,-1.203844,training_touch
10:06:43.301,2,-2.895909,1.432463,-1.406092,training_touch
10:06:43.385,1,-1.648485,1.387869,-1.210239,training_touch
10:06:43.385,2,-2.92556,1.432739,-1.37647,training_touch
10:06:43.484,1,-1.681501,1.388683,-1.214867,training_touch
10:06:43.485,2,-2.979527,1.429779,-1.310874,training_touch
10:06:43.568,1,-1.71481,1.384509,-1.206102,training_touch
10:06:43.568,2,-3.046068,1.431015,-1.251314,training_touch
10:06:43.669,1,-1.736717,1.38275,-1.202508,training_touch
10:06:43.669,2,-3.090411,1.431197,-1.209644,training_touch
10:06:43.769,1,-1.789999,1.375675,-1.169967,training_touch
10:06:43.769,2,-3.150167,1.432309,-1.170392,training_touch
10:06:43.869,1,-1.845266,1.377402,-1.128665,training_touch
10:06:43.869,2,-3.203925,1.432077,-1.150954,training_touch
10:06:43.951,1,-1.887031,1.379253,-1.108634,training_touch
10:06:43.951,2,-3.217191,1.433303,-1.146262,training_touch
10:06:44.034,1,-1.918572,1.378033,-1.090748,training_touch
10:06:44.035,2,-3.222685,1.432985,-1.138993,training_touch
10:06:44.151,1,-1.951636,1.377235,-1.075147,training_touch
10:06:44.151,2,-3.236696,1.433441,-1.140028,training_touch
10:06:44.234,1,-1.98405,1.378776,-1.047084,training_touch
10:06:44.235,2,-3.253131,1.43348,-1.146893,training_touch
10:06:44.318,1,-1.993572,1.37874,-1.039732,training_touch
10:06:44.319,2,-3.262243,1.433882,-1.154692,training_touch
10:06:44.418,1,-2.068825,1.376254,-1.033578,training_touch
10:06:44.418,2,-3.278395,1.436193,-1.165533,training_touch
10:06:44.501,1,-2.101334,1.375833,-1.033675,training_touch
10:06:44.501,2,-3.280135,1.433768,-1.168242,training_touch
10:06:44.585,1,-2.14022,1.377804,-1.03368,training_touch
10:06:44.585,2,-3.284572,1.442123,-1.170679,training_touch
10:06:44.668,1,-2.220746,1.378616,-1.040457,training_touch
10:06:44.668,2,-3.292738,1.440211,-1.165041,training_touch
10:06:44.752,1,-2.256607,1.379048,-1.044367,training_touch
10:06:44.752,2,-3.316153,1.439243,-1.152117,training_touch
10:06:44.835,1,-2.314269,1.379415,-1.050722,training_touch
10:06:44.835,2,-3.344059,1.437691,-1.126143,training_touch
10:06:44.918,1,-2.345491,1.379434,-1.054126,training_touch
10:06:44.919,2,-3.358822,1.436886,-1.106987,training_touch
10:06:45.001,1,-2.399566,1.375389,-1.060905,training_touch
10:06:45.001,2,-3.391288,1.435475,-1.061396,training_touch
10:06:45.086,1,-2.409797,1.377308,-1.059052,training_touch
10:06:45.087,2,-3.406937,1.434806,-1.034195,training_touch
10:06:45.185,1,-2.432895,1.372088,-1.056574,training_touch
10:06:45.186,2,-3.437124,1.433786,-0.990333,training_touch
10:06:45.268,1,-2.456385,1.372298,-1.047683,training_touch
10:06:45.268,2,-3.453049,1.434043,-0.964897,training_touch
10:06:45.351,1,-2.465761,1.373888,-1.037622,training_touch
10:06:45.351,2,-3.469707,1.430948,-0.935616,training_touch
10:06:45.435,1,-2.476274,1.375031,-1.024129,training_touch
10:06:45.435,2,-3.487461,1.431534,-0.906223,training_touch
10:06:45.537,1,-2.492521,1.37422,-0.997647,training_touch
10:06:45.537,2,-3.500243,1.431306,-0.888748,training_touch
10:06:45.618,1,-2.499165,1.373144,-0.968764,training_touch
10:06:45.618,2,-3.50737,1.432049,-0.879323,training_touch
10:06:45.701,1,-2.495907,1.375316,-0.949952,training_touch
10:06:45.701,2,-3.510971,1.431864,-0.873815,training_touch
10:06:45.785,1,-2.499317,1.37418,-0.929122,training_touch
10:06:45.785,2,-3.52699,1.432039,-0.861702,training_touch
10:06:45.887,1,-2.50358,1.37285,-0.91515,training_touch
10:06:45.887,2,-3.525482,1.432392,-0.861222,training_touch
10:06:45.968,1,-2.509307,1.370485,-0.900648,training_touch
10:06:45.968,2,-3.524535,1.432571,-0.856311,training_touch
10:06:46.051,1,-2.517246,1.369865,-0.886024,training_touch
10:06:46.051,2,-3.524225,1.432463,-0.853082,training_touch
10:06:46.134,1,-2.532561,1.368723,-0.866469,training_touch
10:06:46.135,2,-3.524353,1.431569,-0.850925,training_touch
10:06:46.234,1,-2.54079,1.366946,-0.855246,training_touch
10:06:46.235,2,-3.524007,1.433251,-0.849996,training_touch
10:06:46.335,1,-2.580172,1.365775,-0.818813,training_touch
10:06:46.337,2,-3.524445,1.433264,-0.847485,training_touch
10:06:46.418,1,-2.628861,1.364586,-0.784071,training_touch
10:06:46.418,2,-3.528452,1.433917,-0.844001,training_touch
10:06:46.502,1,-2.637483,1.361732,-0.775857,training_touch
10:06:46.502,2,-3.52741,1.433212,-0.844054,training_touch
10:06:46.584,1,-2.668747,1.364345,-0.738119,training_touch
10:06:46.585,2,-3.527289,1.433474,-0.84391,training_touch
10:06:46.669,1,-2.678769,1.36427,-0.73524,training_touch
10:06:46.669,2,-3.526584,1.432689,-0.844181,training_touch
10:06:46.769,1,-2.687721,1.370031,-0.729871,training_touch
10:06:46.769,2,-3.526332,1.433739,-0.843438,training_touch
10:06:46.868,1,-2.692838,1.363485,-0.724293,training_touch
10:06:46.869,2,-3.530424,1.432539,-0.84146,training_touch
10:06:46.969,1,-2.698563,1.373161,-0.721301,training_touch
10:06:46.969,2,-3.548903,1.431975,-0.836807,training_touch
10:06:47.051,1,-2.698522,1.388498,-0.717886,training_touch
10:06:47.052,2,-3.556425,1.431698,-0.832113,training_touch
10:06:47.134,1,-2.699925,1.399886,-0.715779,training_touch
10:06:47.135,2,-3.556303,1.432073,-0.832586,training_touch
10:06:47.218,1,-2.701644,1.399876,-0.713155,training_touch
10:06:47.218,2,-3.547267,1.432207,-0.832464,training_touch
10:06:47.301,1,-2.701252,1.395171,-0.713101,training_touch
10:06:47.301,2,-3.529624,1.433277,-0.834754,training_touch
10:06:47.434,1,-2.69918,1.399028,-0.71356,training_touch
10:06:47.435,2,-3.523163,1.432509,-0.83667,training_touch
10:06:47.518,1,-2.697836,1.396517,-0.714829,training_touch
10:06:47.518,2,-3.523947,1.433665,-0.836839,training_touch
10:06:47.601,1,-2.695129,1.393962,-0.714143,training_touch
10:06:47.601,2,-3.523768,1.433507,-0.833769,training_touch
10:06:47.686,1,-2.688467,1.386639,-0.717377,training_touch
10:06:47.686,2,-3.52383,1.432702,-0.83497,training_touch
10:06:47.835,1,-2.678872,1.40152,-0.718427,training_touch
10:06:47.835,2,-3.518846,1.43211,-0.835528,training_touch
10:06:47.952,1,-2.673054,1.402091,-0.72134,training_touch
10:06:47.952,2,-3.534246,1.431218,-0.833622,training_touch
10:06:48.085,1,-2.668036,1.411332,-0.71599,training_touch
10:06:48.086,2,-3.523626,1.429614,-0.834002,training_touch
10:06:48.201,1,-2.668182,1.41278,-0.71673,training_touch
10:06:48.201,2,-3.521087,1.430253,-0.835032,training_touch
10:06:48.302,1,-2.665435,1.410437,-0.716302,training_touch
10:06:48.302,2,-3.527359,1.43061,-0.836604,training_touch
10:06:48.401,1,-2.663607,1.4088,-0.722441,training_touch
10:06:48.401,2,-3.526127,1.434113,-0.831764,training_touch
10:06:48.485,1,-2.661569,1.412379,-0.722974,training_touch
10:06:48.485,2,-3.523768,1.43806,-0.834911,training_touch
10:06:48.568,1,-2.654628,1.422627,-0.730694,training_touch
10:06:48.568,2,-3.523105,1.441844,-0.834909,training_touch
10:06:48.652,1,-2.652136,1.423675,-0.720538,training_touch
10:06:48.654,2,-3.52309,1.443005,-0.836162,training_touch
10:06:48.735,1,-2.650539,1.424695,-0.718594,training_touch
10:06:48.735,2,-3.524006,1.443083,-0.837335,training_touch
10:06:48.820,1,-2.649902,1.420966,-0.716979,training_touch
10:06:48.820,2,-3.523012,1.441982,-0.83734,training_touch
10:06:48.918,1,-2.649073,1.418661,-0.716468,training_touch
10:06:48.918,2,-3.522124,1.441661,-0.836929,training_touch
10:06:49.001,1,-2.646515,1.418478,-0.716171,training_touch
10:06:49.001,2,-3.518419,1.443454,-0.838402,training_touch
10:06:49.084,1,-2.645974,1.417799,-0.717055,training_touch
10:06:49.085,2,-3.517595,1.445391,-0.838657,training_touch
10:06:49.168,1,-2.644218,1.421056,-0.719137,training_touch
10:06:49.169,2,-3.516948,1.443269,-0.839175,training_touch
10:06:49.251,1,-2.643522,1.415811,-0.720508,training_touch
10:06:49.251,2,-3.515527,1.445291,-0.839006,training_touch
10:06:49.336,1,-2.642465,1.420085,-0.721452,training_touch
10:06:49.336,2,-3.532948,1.447571,-0.834288,training_touch
10:06:49.418,1,-2.635448,1.414768,-0.72375,training_touch
10:06:49.418,2,-3.541714,1.46016,-0.830828,training_touch
10:06:49.503,1,-2.635889,1.410941,-0.724847,training_touch
10:06:49.503,2,-3.546087,1.463126,-0.827691,training_touch
10:06:49.602,1,-2.636045,1.408268,-0.725817,training_touch
10:06:49.602,2,-3.541146,1.462561,-0.826642,training_touch
10:06:49.685,1,-2.631608,1.412517,-0.729984,training_touch
10:06:49.685,2,-3.54036,1.462689,-0.82321,training_touch
10:06:49.769,1,-2.629927,1.410571,-0.731259,training_touch
10:06:49.769,2,-3.541629,1.463872,-0.82265,training_touch
10:06:49.851,1,-2.628689,1.409316,-0.733166,training_touch
10:06:49.851,2,-3.545509,1.466498,-0.820501,training_touch
10:06:49.935,1,-2.623438,1.406696,-0.738128,training_touch
10:06:49.935,2,-3.545393,1.466246,-0.820735,training_touch
10:06:50.018,1,-2.62471,1.406275,-0.737044,training_touch
10:06:50.018,2,-3.544738,1.465662,-0.820347,training_touch
10:06:50.102,1,-2.624827,1.405635,-0.736971,training_touch
10:06:50.102,2,-3.545081,1.465428,-0.820171,training_touch
10:06:50.202,1,-2.625114,1.40516,-0.736947,training_touch
10:06:50.202,2,-3.543713,1.465957,-0.81937,training_touch
10:06:50.284,1,-2.625433,1.405164,-0.736863,training_touch
10:06:50.285,2,-3.544939,1.45254,-0.819268,training_touch
10:06:50.368,1,-2.625494,1.40533,-0.736723,training_touch
10:06:50.368,2,-3.544708,1.451596,-0.819899,training_touch
10:06:50.469,1,-2.626123,1.405201,-0.735573,training_touch
10:06:50.469,2,-3.542775,1.451096,-0.819349,training_touch
10:06:50.570,1,-2.625612,1.404422,-0.735575,training_touch
10:06:50.570,2,-3.544237,1.450914,-0.818743,training_touch
10:06:50.670,1,-2.625542,1.401573,-0.736026,training_touch
10:06:50.670,2,-3.544562,1.450944,-0.817863,training_touch
10:06:50.751,1,-2.624286,1.399881,-0.735921,training_touch
10:06:50.751,2,-3.551902,1.45053,-0.816062,training_touch
10:06:50.835,1,-2.623801,1.395653,-0.736386,training_touch
10:06:50.835,2,-3.548408,1.449885,-0.816535,training_touch
10:06:50.936,1,-2.621042,1.394623,-0.739031,training_touch
10:06:50.936,2,-3.550206,1.449537,-0.816208,training_touch
10:06:51.018,1,-2.621639,1.396602,-0.740042,training_touch
10:06:51.018,2,-3.553608,1.448567,-0.815529,training_touch
10:06:51.101,1,-2.620737,1.409753,-0.74217,training_touch
10:06:51.101,2,-3.557242,1.449561,-0.814784,training_touch
10:06:51.187,1,-2.621943,1.412772,-0.741518,training_touch
10:06:51.187,2,-3.556278,1.453282,-0.815555,training_touch
10:06:51.268,1,-2.621828,1.417139,-0.741363,training_touch
10:06:51.268,2,-3.556386,1.453495,-0.8162,training_touch
10:06:51.351,1,-2.62122,1.417056,-0.743064,training_touch
10:06:51.351,2,-3.555941,1.452515,-0.816338,training_touch
10:06:51.435,1,-2.622846,1.415201,-0.741514,training_touch
10:06:51.435,2,-3.554514,1.451423,-0.814545,training_touch
10:06:51.518,1,-2.624035,1.408457,-0.740664,training_touch
10:06:51.518,2,-3.555165,1.452208,-0.8148,training_touch
10:06:51.602,1,-2.624217,1.406295,-0.740579,training_touch
10:06:51.602,2,-3.55734,1.452931,-0.814212,training_touch
10:06:51.685,1,-2.625852,1.406373,-0.739416,training_touch
10:06:51.685,2,-3.567726,1.45422,-0.809779,training_touch
10:06:51.770,1,-2.626086,1.405524,-0.739206,training_touch
10:06:51.770,2,-3.561379,1.455699,-0.812913,training_touch
10:06:51.869,1,-2.627453,1.404335,-0.738625,training_touch
10:06:51.869,2,-3.559833,1.452094,-0.813722,training_touch
10:06:51.969,1,-2.627481,1.40307,-0.738873,training_touch
10:06:51.969,2,-3.554906,1.451284,-0.814677,training_touch
10:06:52.051,1,-2.628257,1.401942,-0.737832,training_touch
10:06:52.051,2,-3.540749,1.451443,-0.812894,training_touch
10:06:52.151,1,-2.628589,1.401225,-0.737882,training_touch
10:06:52.152,2,-3.552735,1.455699,-0.811024,training_touch
10:06:52.235,1,-2.629096,1.401554,-0.73748,training_touch
10:06:52.235,2,-3.55449,1.457153,-0.811195,training_touch
10:06:52.335,1,-2.629781,1.401799,-0.736478,training_touch
10:06:52.336,2,-3.555003,1.449165,-0.811088,training_touch
10:06:52.435,1,-2.630476,1.402149,-0.735953,training_touch
10:06:52.435,2,-3.561414,1.437998,-0.80996,training_touch
10:06:52.535,1,-2.631615,1.402086,-0.734356,training_touch
10:06:52.536,2,-3.555399,1.451298,-0.81283,training_touch
10:06:52.618,1,-2.632421,1.401279,-0.733466,training_touch
10:06:52.618,2,-3.561441,1.453321,-0.811421,training_touch
10:06:52.719,1,-2.632125,1.404786,-0.733496,training_touch
10:06:52.719,2,-3.557665,1.452419,-0.8131,training_touch
10:06:52.818,1,-2.632798,1.406208,-0.732875,training_touch
10:06:52.819,2,-3.554498,1.456397,-0.81333,training_touch
10:06:52.901,1,-2.633435,1.407061,-0.732502,training_touch
10:06:52.901,2,-3.55174,1.432767,-0.815401,training_touch
10:06:52.985,1,-2.634039,1.40867,-0.73205,training_touch
10:06:52.985,2,-3.551688,1.451726,-0.814639,training_touch
10:06:53.068,1,-2.633571,1.410596,-0.732231,training_touch
10:06:53.068,2,-3.553214,1.46793,-0.815879,training_touch
10:06:53.151,1,-2.633655,1.405437,-0.732276,training_touch
10:06:53.151,2,-3.544611,1.465599,-0.811775,training_touch
10:06:53.235,1,-2.634001,1.395987,-0.732364,training_touch
10:06:53.236,2,-3.545089,1.460484,-0.814276,training_touch
10:06:53.335,1,-2.634127,1.398213,-0.731602,training_touch
10:06:53.336,2,-3.545111,1.451209,-0.813284,training_touch
10:06:53.435,1,-2.634533,1.387647,-0.730749,training_touch
10:06:53.435,2,-3.54542,1.445906,-0.816093,training_touch
10:06:53.518,1,-2.634911,1.390297,-0.730178,training_touch
10:06:53.518,2,-3.554245,1.44549,-0.813345,training_touch
10:06:53.619,1,-2.63522,1.398526,-0.730186,training_touch
10:06:53.619,2,-3.543848,1.451061,-0.811122,training_touch
10:06:53.701,1,-2.636696,1.409865,-0.729448,training_touch
10:06:53.701,2,-3.552761,1.461843,-0.814561,training_touch
10:06:53.785,1,-2.638312,1.410943,-0.729757,training_touch
10:06:53.786,2,-3.555004,1.459649,-0.814525,training_touch
10:06:53.885,1,-2.639159,1.410893,-0.729106,training_touch
10:06:53.886,2,-3.542661,1.466781,-0.821932,training_touch
10:06:53.968,1,-2.638844,1.41236,-0.728254,training_touch
10:06:53.968,2,-3.54439,1.469117,-0.822352,training_touch
10:06:54.052,1,-2.639185,1.411988,-0.728474,training_touch
10:06:54.052,2,-3.547798,1.470643,-0.823362,training_touch
10:06:54.152,1,-2.639813,1.407988,-0.728709,training_touch
10:06:54.152,2,-3.552066,1.471236,-0.823336,training_touch
10:06:54.235,1,-2.640171,1.40527,-0.728503,training_touch
10:06:54.235,2,-3.552345,1.472433,-0.819207,training_touch
10:06:54.318,1,-2.640318,1.402666,-0.728361,training_touch
10:06:54.318,2,-3.548164,1.470513,-0.823185,training_touch
10:06:54.401,1,-2.64037,1.399684,-0.728383,training_touch
10:06:54.401,2,-3.557654,1.466737,-0.827104,training_touch
10:06:54.485,1,-2.64081,1.399374,-0.7285,training_touch
10:06:54.485,2,-3.55545,1.462632,-0.828748,training_touch
10:06:54.570,1,-2.640968,1.397669,-0.728495,training_touch
10:06:54.570,2,-3.526747,1.465801,-0.837923,training_touch
10:06:54.669,1,-2.641652,1.384047,-0.729325,training_touch
10:06:54.669,2,-3.541115,1.475462,-0.834889,training_touch
10:06:54.769,1,-2.641747,1.374642,-0.729512,training_touch
10:06:54.769,2,-3.526002,1.480649,-0.811614,training_touch
10:06:54.869,1,-2.642282,1.372471,-0.729628,training_touch
10:06:54.869,2,-3.540329,1.477543,-0.816609,training_touch
10:06:54.969,1,-2.642409,1.358762,-0.730014,training_touch
10:06:54.969,2,-3.539529,1.476459,-0.814654,training_touch
10:06:55.051,1,-2.644167,1.360727,-0.729665,training_touch
10:06:55.051,2,-3.538419,1.480803,-0.810744,training_touch
10:06:55.137,1,-2.644418,1.359019,-0.729825,training_touch
10:06:55.137,2,-3.53983,1.479742,-0.81053,training_touch
10:06:55.218,1,-2.644884,1.359741,-0.729356,training_touch
10:06:55.218,2,-3.531338,1.480016,-0.804844,training_touch
10:06:55.301,1,-2.644851,1.368222,-0.729185,training_touch
10:06:55.302,2,-3.531752,1.474705,-0.801071,training_touch
10:06:55.385,1,-2.645085,1.368677,-0.729247,training_touch
10:06:55.385,2,-3.567649,1.479228,-0.805584,training_touch
10:06:55.469,1,-2.645114,1.361803,-0.729564,training_touch
10:06:55.469,2,-3.561571,1.481524,-0.81081,training_touch
10:06:55.569,1,-2.646084,1.361337,-0.728219,training_touch
10:06:55.569,2,-3.541203,1.481755,-0.801285,training_touch
10:06:55.669,1,-2.645959,1.359354,-0.728362,training_touch
10:06:55.669,2,-3.559146,1.482187,-0.801129,training_touch
10:06:55.769,1,-2.64631,1.361353,-0.729398,training_touch
10:06:55.769,2,-3.545573,1.48084,-0.803613,training_touch
10:06:55.868,1,-2.645846,1.358423,-0.729642,training_touch
10:06:55.869,2,-3.557906,1.479358,-0.808597,training_touch
10:06:55.951,1,-2.646041,1.355036,-0.729631,training_touch
10:06:55.951,2,-3.555087,1.482738,-0.80958,training_touch
10:06:56.035,1,-2.645731,1.356025,-0.730036,training_touch
10:06:56.035,2,-3.531739,1.477719,-0.796356,training_touch
10:06:56.118,1,-2.645268,1.353464,-0.73034,training_touch
10:06:56.118,2,-3.551941,1.48039,-0.80356,training_touch
10:06:56.219,1,-2.645301,1.352526,-0.731579,training_touch
10:06:56.219,2,-3.557042,1.475292,-0.805326,training_touch
10:06:56.301,1,-2.644114,1.351561,-0.73033,training_touch
10:06:56.301,2,-3.562824,1.472022,-0.803559,training_touch
10:06:56.386,1,-2.642214,1.349798,-0.730715,training_touch
10:06:56.386,2,-3.559133,1.472085,-0.801265,training_touch
10:06:56.468,1,-2.639945,1.350064,-0.730712,training_touch
10:06:56.468,2,-3.569326,1.474025,-0.801286,training_touch
10:06:56.570,1,-2.636252,1.351032,-0.730855,training_touch
10:06:56.571,2,-3.550694,1.46563,-0.801688,training_touch
10:06:56.668,1,-2.634775,1.3503,-0.731796,training_touch
10:06:56.668,2,-3.555656,1.460362,-0.804226,training_touch
10:06:56.768,1,-2.632759,1.349088,-0.731477,training_touch
10:06:56.769,2,-3.573276,1.464582,-0.79717,training_touch
10:06:56.870,1,-2.629401,1.346999,-0.732015,training_touch
10:06:56.870,2,-3.555949,1.458958,-0.804839,training_touch
10:06:56.968,1,-2.62861,1.346782,-0.731809,training_touch
10:06:56.968,2,-3.541991,1.462444,-0.80048,training_touch
10:06:57.068,1,-2.628853,1.34534,-0.732056,training_touch
10:06:57.070,2,-3.56391,1.462642,-0.801621,training_touch
10:06:57.169,1,-2.628635,1.347597,-0.73229,training_touch
10:06:57.169,2,-3.576615,1.462689,-0.79292,training_touch
10:06:57.268,1,-2.628593,1.345372,-0.732187,training_touch
10:06:57.268,2,-3.553849,1.462437,-0.796513,training_touch
10:06:57.369,1,-2.629111,1.337483,-0.732281,training_touch
10:06:57.370,2,-3.552802,1.463166,-0.799227,training_touch
10:06:57.468,1,-2.628381,1.341251,-0.733247,training_touch
10:06:57.469,2,-3.561045,1.46276,-0.80033,training_touch
10:06:57.568,1,-2.628355,1.343068,-0.734042,training_touch
10:06:57.568,2,-3.553595,1.463031,-0.806108,training_touch
10:06:57.670,1,-2.627833,1.342178,-0.734845,training_touch
10:06:57.670,2,-3.553501,1.460289,-0.806162,training_touch
10:06:57.768,1,-2.626763,1.341913,-0.736774,training_touch
10:06:57.768,2,-3.526229,1.467029,-0.791836,training_touch
10:06:57.868,1,-2.627626,1.349831,-0.737036,training_touch
10:06:57.868,2,-3.556191,1.460773,-0.801627,training_touch
10:06:57.969,1,-2.626094,1.347862,-0.737364,training_touch
10:06:57.969,2,-3.555009,1.465176,-0.803593,training_touch
10:06:58.068,1,-2.626009,1.341628,-0.737753,training_touch
10:06:58.069,2,-3.561851,1.4648,-0.804278,training_touch
10:06:58.168,1,-2.626604,1.341137,-0.738634,training_touch
10:06:58.168,2,-3.569055,1.466521,-0.801907,training_touch
10:06:58.268,1,-2.626487,1.348187,-0.738962,training_touch
10:06:58.268,2,-3.521298,1.459904,-0.788684,training_touch
10:06:58.368,1,-2.627071,1.349056,-0.739219,training_touch
10:06:58.368,2,-3.527316,1.458906,-0.789235,training_touch
10:06:58.468,1,-2.625839,1.346248,-0.740193,training_touch
10:06:58.468,2,-3.546994,1.44128,-0.801747,training_touch
10:06:58.568,1,-2.625836,1.345187,-0.740341,training_touch
10:06:58.568,2,-3.548221,1.464298,-0.799445,training_touch
10:06:58.668,1,-2.625292,1.343029,-0.740844,training_touch
10:06:58.668,2,-3.552596,1.466259,-0.80092,training_touch
10:06:58.769,1,-2.624059,1.343147,-0.741606,training_touch
10:06:58.769,2,-3.529925,1.467485,-0.783835,training_touch
10:06:58.868,1,-2.623187,1.341836,-0.743679,training_touch
10:06:58.868,2,-3.526166,1.467145,-0.783442,training_touch
10:06:58.969,1,-2.622841,1.34041,-0.743391,training_touch
10:06:58.969,2,-3.520759,1.467818,-0.783283,training_touch
10:06:59.070,1,-2.622453,1.342213,-0.744144,training_touch
10:06:59.070,2,-3.559468,1.46587,-0.796614,training_touch
10:06:59.168,1,-2.622313,1.341677,-0.74555,training_touch
10:06:59.168,2,-3.569394,1.464165,-0.794753,training_touch
10:06:59.269,1,-2.62236,1.340793,-0.745478,training_touch
10:06:59.269,2,-3.572302,1.46454,-0.797369,training_touch
10:06:59.385,1,-2.62197,1.340339,-0.745395,training_touch
10:06:59.386,2,-3.568506,1.465538,-0.79704,training_touch
10:06:59.485,1,-2.621906,1.347906,-0.745282,training_touch
10:06:59.485,2,-3.558401,1.466674,-0.794623,training_touch
10:06:59.585,1,-2.622471,1.347683,-0.744305,training_touch
10:06:59.586,2,-3.562395,1.468061,-0.792258,training_touch
10:06:59.685,1,-2.623297,1.347669,-0.743816,training_touch
10:06:59.685,2,-3.556951,1.468273,-0.794008,training_touch
10:06:59.787,1,-2.623303,1.338118,-0.74257,training_touch
10:06:59.787,2,-3.555332,1.468012,-0.795526,training_touch
10:06:59.885,1,-2.624253,1.334108,-0.74169,training_touch
10:06:59.885,2,-3.555832,1.467789,-0.795117,training_touch
10:06:59.985,1,-2.624559,1.331771,-0.741551,training_touch
10:06:59.985,2,-3.567027,1.468568,-0.79704,training_touch
10:07:00.086,1,-2.6246,1.328718,-0.741657,training_touch
10:07:00.086,2,-3.545235,1.467109,-0.797093,training_touch
10:07:00.185,1,-2.625362,1.328733,-0.741457,training_touch
10:07:00.185,2,-3.561501,1.466955,-0.796875,training_touch
10:07:00.285,1,-2.625388,1.328718,-0.741502,training_touch
10:07:00.285,2,-3.563351,1.467469,-0.796964,training_touch
10:07:00.385,1,-2.625641,1.329026,-0.741605,training_touch
10:07:00.385,2,-3.55578,1.46797,-0.793049,training_touch
10:07:00.485,1,-2.625691,1.327809,-0.741827,training_touch
10:07:00.485,2,-3.550364,1.468171,-0.791001,training_touch
10:07:00.585,1,-2.62612,1.327508,-0.741054,training_touch
10:07:00.585,2,-3.568655,1.468321,-0.792439,training_touch
10:07:00.685,1,-2.626712,1.327139,-0.741079,training_touch
10:07:00.685,2,-3.563231,1.468169,-0.795841,training_touch
10:07:00.785,1,-2.62724,1.326497,-0.741853,training_touch
10:07:00.785,2,-3.564051,1.468765,-0.794687,training_touch
10:07:00.885,1,-2.627238,1.325899,-0.742248,training_touch
10:07:00.885,2,-3.562204,1.468695,-0.796407,training_touch
10:07:00.985,1,-2.627612,1.329567,-0.742121,training_touch
10:07:00.985,2,-3.566322,1.469292,-0.795683,training_touch
10:07:01.085,1,-2.627753,1.325246,-0.742345,training_touch
10:07:01.086,2,-3.562846,1.469955,-0.793665,training_touch
10:07:01.202,1,-2.62822,1.327612,-0.743879,training_touch
10:07:01.202,2,-3.565681,1.469975,-0.793682,training_touch
10:07:01.318,1,-2.628757,1.326945,-0.743634,training_touch
10:07:01.319,2,-3.565877,1.470256,-0.784626,training_touch
10:07:01.435,1,-2.626817,1.326898,-0.743329,training_touch
10:07:01.436,2,-3.570094,1.463698,-0.785534,training_touch
10:07:01.552,1,-2.627007,1.324198,-0.742704,training_touch
10:07:01.553,2,-3.566945,1.464756,-0.789545,training_touch
10:07:01.669,1,-2.62692,1.323041,-0.742977,training_touch
10:07:01.669,2,-3.558052,1.466227,-0.789815,training_touch
10:07:01.785,1,-2.626812,1.322308,-0.742344,training_touch
10:07:01.785,2,-3.540078,1.466613,-0.786623,training_touch
10:07:01.902,1,-2.626701,1.323316,-0.741353,training_touch
10:07:01.902,2,-3.546926,1.46718,-0.788124,training_touch
10:07:02.019,1,-2.627185,1.320266,-0.741552,training_touch
10:07:02.019,2,-3.557595,1.467548,-0.789196,training_touch
10:07:02.136,1,-2.628295,1.320118,-0.741565,training_touch
10:07:02.136,2,-3.552473,1.467928,-0.786707,training_touch
10:07:02.235,1,-2.62797,1.321339,-0.741351,training_touch
10:07:02.235,2,-3.541305,1.467709,-0.781961,training_touch
10:07:02.335,1,-2.627595,1.322881,-0.741423,training_touch
10:07:02.335,2,-3.51901,1.467914,-0.774679,training_touch
10:07:02.452,1,-2.626605,1.323027,-0.74144,training_touch
10:07:02.453,2,-3.513835,1.468235,-0.772941,training_touch
10:07:02.551,1,-2.626323,1.323755,-0.741221,training_touch
10:07:02.552,2,-3.517624,1.46863,-0.774082,training_touch
10:07:02.653,1,-2.626159,1.323019,-0.740869,training_touch
10:07:02.653,2,-3.535361,1.468487,-0.789184,training_touch
10:07:02.752,1,-2.626063,1.323019,-0.740218,training_touch
10:07:02.752,2,-3.544267,1.468683,-0.791776,training_touch
10:07:02.851,1,-2.625933,1.323607,-0.739913,training_touch
10:07:02.852,2,-3.54047,1.468312,-0.792021,training_touch
10:07:02.952,1,-2.6267,1.322544,-0.738844,training_touch
10:07:02.952,2,-3.540631,1.467665,-0.792939,training_touch
10:07:03.052,1,-2.630677,1.323639,-0.73606,training_touch
10:07:03.052,2,-3.534557,1.467658,-0.792275,training_touch
10:07:03.151,1,-2.632197,1.321334,-0.735585,training_touch
10:07:03.152,2,-3.538746,1.467129,-0.790005,training_touch
10:07:03.253,1,-2.636986,1.322026,-0.732283,training_touch
10:07:03.254,2,-3.546738,1.467669,-0.784817,training_touch
10:07:03.351,1,-2.637579,1.321237,-0.732879,training_touch
10:07:03.351,2,-3.538084,1.467165,-0.786033,training_touch
10:07:03.452,1,-2.638333,1.320679,-0.731883,training_touch
10:07:03.452,2,-3.513714,1.466972,-0.772433,training_touch
10:07:03.552,1,-2.652615,1.319424,-0.739134,training_touch
10:07:03.552,2,-3.529925,1.466778,-0.78688,training_touch
10:07:03.652,1,-2.653077,1.318172,-0.735703,training_touch
10:07:03.653,2,-3.533614,1.467071,-0.787475,training_touch
10:07:03.751,1,-2.653882,1.319526,-0.723295,training_touch
10:07:03.752,2,-3.534553,1.467783,-0.787448,training_touch
10:07:03.853,1,-2.654819,1.321948,-0.727177,training_touch
10:07:03.854,2,-3.532723,1.467721,-0.787091,training_touch
10:07:03.951,1,-2.655957,1.322583,-0.724981,training_touch
10:07:03.952,2,-3.535399,1.467662,-0.788034,training_touch
10:07:04.052,1,-2.657467,1.321644,-0.723205,training_touch
10:07:04.053,2,-3.537705,1.468309,-0.788277,training_touch
10:07:04.152,1,-2.658265,1.318322,-0.723009,training_touch
10:07:04.153,2,-3.528231,1.467786,-0.784299,training_touch
10:07:04.252,1,-2.658726,1.318999,-0.72285,training_touch
10:07:04.253,2,-3.529384,1.466986,-0.783976,training_touch
10:07:04.352,1,-2.659579,1.322227,-0.723951,training_touch
10:07:04.352,2,-3.534486,1.466727,-0.784153,training_touch
10:07:04.452,1,-2.662645,1.320857,-0.726184,training_touch
10:07:04.453,2,-3.527512,1.467449,-0.781618,training_touch
10:07:04.552,1,-2.663448,1.321411,-0.727181,training_touch
10:07:04.553,2,-3.535081,1.467408,-0.784833,training_touch
10:07:04.651,1,-2.664611,1.325932,-0.728038,training_touch
10:07:04.652,2,-3.531197,1.467839,-0.781029,training_touch
10:07:04.753,1,-2.664811,1.317435,-0.728069,training_touch
10:07:04.754,2,-3.51452,1.468586,-0.770373,training_touch
10:07:04.851,1,-2.665271,1.316539,-0.727834,training_touch
10:07:04.851,2,-3.505489,1.467972,-0.765693,training_touch
10:07:04.952,1,-2.665605,1.320839,-0.727842,training_touch
10:07:04.953,2,-3.504824,1.467915,-0.765631,training_touch
10:07:05.054,1,-2.666459,1.317161,-0.726846,training_touch
10:07:05.054,2,-3.500978,1.468382,-0.766044,training_touch
10:07:05.169,1,-2.66479,1.316912,-0.728625,training_touch
10:07:05.169,2,-3.500055,1.468436,-0.763498,training_touch
10:07:05.268,1,-2.662865,1.315785,-0.731387,training_touch
10:07:05.268,2,-3.497855,1.468207,-0.762415,training_touch
10:07:05.369,1,-2.660861,1.315502,-0.735466,training_touch
10:07:05.369,2,-3.500463,1.468387,-0.76309,training_touch
10:07:05.468,1,-2.658443,1.317319,-0.73546,training_touch
10:07:05.468,2,-3.49835,1.46809,-0.760306,training_touch
10:07:05.569,1,-2.657997,1.311172,-0.734542,training_touch
10:07:05.570,2,-3.497769,1.4685,-0.759132,training_touch
10:07:05.669,1,-2.657963,1.317632,-0.734577,training_touch
10:07:05.669,2,-3.494649,1.467598,-0.758332,training_touch
10:07:05.768,1,-2.657329,1.321151,-0.73491,training_touch
10:07:05.768,2,-3.493518,1.467329,-0.757521,training_touch
10:07:05.869,1,-2.655441,1.324434,-0.734781,training_touch
10:07:05.869,2,-3.489754,1.467677,-0.753599,training_touch
10:07:05.969,1,-2.65387,1.325735,-0.735607,training_touch
10:07:05.970,2,-3.490351,1.469174,-0.751533,training_touch
10:07:06.068,1,-2.652906,1.326067,-0.735991,training_touch
10:07:06.068,2,-3.488822,1.469206,-0.751664,training_touch
10:07:06.169,1,-2.650277,1.326209,-0.737698,training_touch
10:07:06.170,2,-3.490371,1.46881,-0.751814,training_touch
10:07:06.269,1,-2.648727,1.321506,-0.738394,training_touch
10:07:06.269,2,-3.488218,1.468899,-0.751994,training_touch
10:07:06.368,1,-2.647438,1.320944,-0.739508,training_touch
10:07:06.368,2,-3.487139,1.468813,-0.751269,training_touch
10:07:06.469,1,-2.645062,1.320262,-0.740802,training_touch
10:07:06.469,2,-3.484806,1.468834,-0.751792,training_touch
10:07:06.569,1,-2.638225,1.315876,-0.751776,training_touch
10:07:06.570,2,-3.484251,1.470632,-0.749467,training_touch
10:07:06.668,1,-2.63359,1.326037,-0.754925,training_touch
10:07:06.668,2,-3.473326,1.470646,-0.741364,training_touch
10:07:06.769,1,-2.631863,1.330171,-0.755892,training_touch
10:07:06.769,2,-3.457116,1.470457,-0.74126,training_touch
10:07:06.869,1,-2.629573,1.316075,-0.757587,training_touch
10:07:06.869,2,-3.426703,1.469121,-0.731094,training_touch
10:07:06.968,1,-2.628312,1.323773,-0.755291,training_touch
10:07:06.968,2,-3.403422,1.469267,-0.726795,training_touch
10:07:07.068,1,-2.625735,1.322221,-0.755427,training_touch
10:07:07.068,2,-3.363403,1.469478,-0.730323,training_touch
10:07:07.151,1,-2.624315,1.326862,-0.753186,training_touch
10:07:07.151,2,-3.34298,1.46873,-0.72603,training_touch
10:07:07.252,1,-2.623517,1.322411,-0.752211,training_touch
10:07:07.253,2,-3.335961,1.469009,-0.723144,training_touch
10:07:07.351,1,-2.619384,1.326577,-0.753683,training_touch
10:07:07.351,2,-3.325426,1.469358,-0.71553,training_touch
10:07:07.435,1,-2.618593,1.329675,-0.753438,training_touch
10:07:07.435,2,-3.323189,1.470121,-0.710412,training_touch
10:07:07.518,1,-2.618079,1.329987,-0.752405,training_touch
10:07:07.518,2,-3.322106,1.470534,-0.705068,training_touch
10:07:07.619,1,-2.617186,1.333321,-0.754064,training_touch
10:07:07.620,2,-3.323146,1.469168,-0.703076,training_touch
10:07:07.719,1,-2.617055,1.332192,-0.752544,training_touch
10:07:07.719,2,-3.325235,1.468429,-0.699903,training_touch
10:07:07.818,1,-2.615694,1.329957,-0.75297,training_touch
10:07:07.818,2,-3.324157,1.466802,-0.693969,training_touch
10:07:07.919,1,-2.61566,1.327614,-0.750659,training_touch
10:07:07.919,2,-3.325689,1.467319,-0.689527,training_touch
10:07:08.019,1,-2.612539,1.326705,-0.750561,training_touch
10:07:08.019,2,-3.326751,1.46838,-0.684732,training_touch
10:07:08.118,1,-2.613414,1.325388,-0.750606,training_touch
10:07:08.118,2,-3.325096,1.469054,-0.681495,training_touch
10:07:08.218,1,-2.613183,1.325314,-0.750169,training_touch
10:07:08.219,2,-3.324958,1.469243,-0.681614,training_touch
10:07:08.319,1,-2.613645,1.332058,-0.74974,training_touch
10:07:08.319,2,-3.322773,1.468307,-0.679375,training_touch
10:07:08.418,1,-2.61412,1.334672,-0.749891,training_touch
10:07:08.418,2,-3.321811,1.468627,-0.68136,training_touch
10:07:08.518,1,-2.614906,1.333502,-0.749466,training_touch
10:07:08.519,2,-3.319624,1.467614,-0.683724,training_touch
10:07:08.619,1,-2.616344,1.331254,-0.749109,training_touch
10:07:08.620,2,-3.319102,1.467663,-0.686222,training_touch
10:07:08.718,1,-2.616679,1.329837,-0.749457,training_touch
10:07:08.718,2,-3.3165,1.467888,-0.690817,training_touch
10:07:08.819,1,-2.61551,1.328889,-0.749315,training_touch
10:07:08.819,2,-3.312455,1.468466,-0.693741,training_touch
10:07:08.919,1,-2.615001,1.328176,-0.750603,training_touch
10:07:08.919,2,-3.312531,1.468541,-0.691274,training_touch
10:07:09.018,1,-2.615059,1.330693,-0.752877,training_touch
10:07:09.018,2,-3.311151,1.470829,-0.691995,training_touch
10:07:09.101,1,-2.615266,1.331847,-0.752882,training_touch
10:07:09.101,2,-3.311146,1.471708,-0.697173,training_touch
10:07:09.185,1,-2.615677,1.331059,-0.755461,training_touch
10:07:09.185,2,-3.306573,1.472087,-0.696146,training_touch
10:07:09.268,1,-2.616152,1.336333,-0.756761,training_touch
10:07:09.268,2,-3.335766,1.472277,-0.702548,training_touch
10:07:09.351,1,-2.616708,1.332033,-0.756766,training_touch
10:07:09.351,2,-3.315938,1.471701,-0.695753,training_touch
10:07:09.435,1,-2.616834,1.333998,-0.757456,training_touch
10:07:09.435,2,-3.30943,1.472536,-0.693574,training_touch
10:07:09.536,1,-2.616211,1.329087,-0.756415,training_touch
10:07:09.536,2,-3.323827,1.472448,-0.693554,training_touch
10:07:09.636,1,-2.617605,1.331382,-0.756771,training_touch
10:07:09.636,2,-3.316829,1.471925,-0.688821,training_touch
10:07:09.736,1,-2.618004,1.330892,-0.757609,training_touch
10:07:09.736,2,-3.316685,1.47056,-0.687832,training_touch
10:07:09.835,1,-2.618884,1.332778,-0.756808,training_touch
10:07:09.835,2,-3.318322,1.469133,-0.686944,training_touch
10:07:09.935,1,-2.619089,1.3314,-0.756549,training_touch
10:07:09.935,2,-3.319643,1.469827,-0.687582,training_touch
10:07:10.020,1,-2.61914,1.327367,-0.755755,training_touch
10:07:10.020,2,-3.320083,1.469838,-0.686597,training_touch
10:07:10.101,1,-2.619636,1.330189,-0.756042,training_touch
10:07:10.101,2,-3.321351,1.469685,-0.687261,training_touch
10:07:10.185,1,-2.620548,1.330372,-0.753599,training_touch
10:07:10.185,2,-3.319453,1.469622,-0.685957,training_touch
10:07:10.268,1,-2.620587,1.330132,-0.752123,training_touch
10:07:10.268,2,-3.33513,1.46955,-0.686432,training_touch
10:07:10.352,1,-2.618467,1.333348,-0.749822,training_touch
10:07:10.353,2,-3.328685,1.469605,-0.685112,training_touch
10:07:10.452,1,-2.620239,1.326509,-0.752168,training_touch
10:07:10.453,2,-3.334487,1.469587,-0.67959,training_touch
10:07:10.552,1,-2.616636,1.327052,-0.747174,training_touch
10:07:10.553,2,-3.335625,1.467917,-0.680908,training_touch
10:07:10.651,1,-2.613439,1.327398,-0.745242,training_touch
10:07:10.651,2,-3.324424,1.469458,-0.678356,training_touch
10:07:10.752,1,-2.611607,1.32807,-0.742828,training_touch
10:07:10.753,2,-3.341496,1.468542,-0.681338,training_touch
10:07:10.852,1,-2.610712,1.327365,-0.743725,training_touch
10:07:10.853,2,-3.345753,1.468772,-0.681956,training_touch
10:07:10.969,1,-2.608476,1.327296,-0.744963,training_touch
10:07:10.969,2,-3.331548,1.468642,-0.682125,training_touch
10:07:11.069,1,-2.602729,1.324863,-0.744592,training_touch
10:07:11.069,2,-3.324213,1.468209,-0.676758,training_touch
10:07:11.168,1,-2.600914,1.327277,-0.743188,training_touch
10:07:11.169,2,-3.325605,1.468245,-0.675359,training_touch
10:07:11.269,1,-2.598945,1.327123,-0.743269,training_touch
10:07:11.269,2,-3.331864,1.468802,-0.671926,training_touch
10:07:11.369,1,-2.597075,1.324148,-0.742792,training_touch
10:07:11.369,2,-3.350215,1.46778,-0.669461,training_touch
10:07:11.469,1,-2.598501,1.322293,-0.742419,training_touch
10:07:11.469,2,-3.358665,1.466831,-0.667824,training_touch
10:07:11.551,1,-2.599405,1.326615,-0.742281,training_touch
10:07:11.551,2,-3.36379,1.467311,-0.668745,training_touch
10:07:11.636,1,-2.599976,1.324323,-0.742661,training_touch
10:07:11.636,2,-3.364895,1.466996,-0.669342,training_touch
10:07:11.718,1,-2.60095,1.327561,-0.743347,training_touch
10:07:11.718,2,-3.368337,1.466702,-0.672642,training_touch
10:07:11.818,1,-2.595237,1.327798,-0.741228,training_touch
10:07:11.818,2,-3.374684,1.467262,-0.676782,training_touch
10:07:11.901,1,-2.601772,1.331535,-0.743871,training_touch
10:07:11.901,2,-3.393546,1.467235,-0.67881,training_touch
10:07:11.986,1,-2.603289,1.330125,-0.744972,training_touch
10:07:11.986,2,-3.392735,1.467036,-0.683593,training_touch
10:07:12.086,1,-2.602901,1.329016,-0.747863,training_touch
10:07:12.086,2,-3.399313,1.468186,-0.689187,training_touch
10:07:12.186,1,-2.602405,1.325444,-0.747717,training_touch
10:07:12.186,2,-3.413079,1.466944,-0.702312,training_touch
10:07:12.285,1,-2.603617,1.331735,-0.747493,training_touch
10:07:12.285,2,-3.430026,1.467547,-0.724416,training_touch
10:07:12.386,1,-2.603282,1.326857,-0.749476,training_touch
10:07:12.386,2,-3.461598,1.467795,-0.766966,training_touch
10:07:12.468,1,-2.603155,1.328401,-0.748326,training_touch
10:07:12.468,2,-3.482043,1.467413,-0.802856,training_touch
10:07:12.552,1,-2.601598,1.326664,-0.747742,training_touch
10:07:12.553,2,-3.497762,1.468159,-0.829064,training_touch
10:07:12.635,1,-2.601742,1.321965,-0.748298,training_touch
10:07:12.635,2,-3.530183,1.469291,-0.884366,training_touch
10:07:12.718,1,-2.601231,1.325029,-0.748575,training_touch
10:07:12.718,2,-3.55235,1.469438,-0.92513,training_touch
10:07:12.869,1,-2.592781,1.328264,-0.753979,training_touch
10:07:12.869,2,-3.580926,1.469638,-0.988886,training_touch
10:07:12.969,1,-2.577934,1.325569,-0.759516,training_touch
10:07:12.969,2,-3.597518,1.469362,-1.01231,training_touch
10:07:13.051,1,-2.574532,1.32552,-0.763747,training_touch
10:07:13.052,2,-3.615535,1.469026,-1.03481,training_touch
10:07:13.203,1,-2.560399,1.326219,-0.785557,training_touch
10:07:13.203,2,-3.623484,1.468752,-1.054957,training_touch
10:07:13.302,1,-2.562721,1.326472,-0.78733,training_touch
10:07:13.303,2,-3.626071,1.468557,-1.069999,training_touch
10:07:13.385,1,-2.561044,1.328042,-0.793525,training_touch
10:07:13.385,2,-3.623931,1.46746,-1.081116,training_touch
10:07:13.469,1,-2.561676,1.326158,-0.798555,training_touch
10:07:13.469,2,-3.618154,1.466329,-1.085435,training_touch
10:07:13.569,1,-2.561995,1.323955,-0.811509,training_touch
10:07:13.569,2,-3.601974,1.467118,-1.091165,training_touch
10:07:13.651,1,-2.57062,1.325341,-0.814992,training_touch
10:07:13.652,2,-3.583972,1.468061,-1.097821,training_touch
10:07:13.785,1,-2.574682,1.319764,-0.824634,training_touch
10:07:13.785,2,-3.551763,1.469113,-1.102672,training_touch
10:07:13.869,1,-2.574803,1.324191,-0.827198,training_touch
10:07:13.869,2,-3.526005,1.468763,-1.100653,training_touch
10:07:13.951,1,-2.566761,1.327344,-0.842223,training_touch
10:07:13.952,2,-3.507423,1.469622,-1.108296,training_touch
10:07:14.035,1,-2.569865,1.323988,-0.841525,training_touch
10:07:14.035,2,-3.49162,1.469552,-1.113947,training_touch
10:07:14.118,1,-2.571253,1.323108,-0.843087,training_touch
10:07:14.118,2,-3.469378,1.4544,-1.121592,training_touch
10:07:14.251,1,-2.572196,1.321872,-0.845935,training_touch
10:07:14.252,2,-3.435914,1.459239,-1.134771,training_touch
10:07:14.335,1,-2.573299,1.324464,-0.845558,training_touch
10:07:14.335,2,-3.422108,1.468054,-1.135519,training_touch
10:07:14.418,1,-2.573689,1.325694,-0.846007,training_touch
10:07:14.418,2,-3.404762,1.472024,-1.143891,training_touch
10:07:14.502,1,-2.575467,1.323362,-0.845614,training_touch
10:07:14.503,2,-3.393667,1.475192,-1.148008,training_touch
10:07:14.585,1,-2.575451,1.316942,-0.845128,training_touch
10:07:14.585,2,-3.379564,1.473492,-1.150746,training_touch
10:07:14.668,1,-2.574651,1.317371,-0.844104,training_touch
10:07:14.668,2,-3.368526,1.474716,-1.153301,training_touch
10:07:14.769,1,-2.573484,1.318041,-0.842212,training_touch
10:07:14.769,2,-3.349002,1.475279,-1.176284,training_touch
10:07:14.851,1,-2.570395,1.319599,-0.839405,training_touch
10:07:14.852,2,-3.334305,1.475664,-1.192792,training_touch
10:07:14.936,1,-2.569173,1.319212,-0.838248,training_touch
10:07:14.936,2,-3.328991,1.477213,-1.210193,training_touch
10:07:15.018,1,-2.565467,1.318238,-0.836949,training_touch
10:07:15.018,2,-3.318486,1.478042,-1.241598,training_touch
10:07:15.102,1,-2.552253,1.321623,-0.845765,training_touch
10:07:15.103,2,-3.313832,1.475637,-1.260506,training_touch
10:07:15.185,1,-2.53658,1.321734,-0.853236,training_touch
10:07:15.185,2,-3.307065,1.475953,-1.282144,training_touch
10:07:15.318,1,-2.519111,1.323667,-0.85664,training_touch
10:07:15.318,2,-3.29339,1.4754,-1.301294,training_touch
10:07:15.401,1,-2.524238,1.322961,-0.857386,training_touch
10:07:15.402,2,-3.287945,1.47548,-1.311274,training_touch
10:07:15.485,1,-2.53199,1.322418,-0.859406,training_touch
10:07:15.485,2,-3.282276,1.473414,-1.319464,training_touch
10:07:15.568,1,-2.539426,1.323806,-0.858863,training_touch
10:07:15.568,2,-3.272963,1.472603,-1.327856,training_touch
10:07:15.669,1,-2.544179,1.321723,-0.858705,training_touch
10:07:15.669,2,-3.257572,1.470097,-1.332009,training_touch
10:07:15.751,1,-2.562899,1.323581,-0.85782,training_touch
10:07:15.752,2,-3.246811,1.468727,-1.33033,training_touch
10:07:15.836,1,-2.580135,1.322194,-0.85106,training_touch
10:07:15.836,2,-3.256562,1.471843,-1.347576,training_touch
10:07:15.918,1,-2.612229,1.321767,-0.851909,training_touch
10:07:15.918,2,-3.240358,1.469137,-1.339826,training_touch
10:07:16.051,1,-2.649075,1.322684,-0.850064,training_touch
10:07:16.052,2,-3.246103,1.469053,-1.346515,training_touch
10:07:16.202,1,-2.690403,1.322455,-0.852189,training_touch
10:07:16.203,2,-3.245542,1.467338,-1.342815,training_touch
10:07:16.304,1,-2.713703,1.323579,-0.852405,training_touch
10:07:16.305,2,-3.251356,1.467874,-1.347884,training_touch
10:07:16.385,1,-2.731197,1.325786,-0.854146,training_touch
10:07:16.385,2,-3.257055,1.465559,-1.350551,training_touch
10:07:16.469,1,-2.74307,1.325462,-0.858614,training_touch
10:07:16.470,2,-3.269695,1.464821,-1.348579,training_touch
10:07:16.569,1,-2.752244,1.326143,-0.862266,training_touch
10:07:16.569,2,-3.271374,1.464791,-1.3494,training_touch
10:07:16.651,1,-2.756054,1.324665,-0.868439,training_touch
10:07:16.652,2,-3.265224,1.465354,-1.344296,training_touch
10:07:16.736,1,-2.762969,1.325253,-0.873816,training_touch
10:07:16.736,2,-3.266264,1.466441,-1.342451,training_touch
10:07:16.818,1,-2.768245,1.32528,-0.890113,training_touch
10:07:16.818,2,-3.266225,1.466094,-1.340689,training_touch
10:07:16.952,1,-2.769385,1.32617,-0.9183,training_touch
10:07:16.952,2,-3.2663,1.461359,-1.340368,training_touch
10:07:17.035,1,-2.771746,1.32766,-0.92252,training_touch
10:07:17.035,2,-3.267655,1.459168,-1.339072,training_touch
10:07:17.118,1,-2.762472,1.331995,-0.938859,training_touch
10:07:17.118,2,-3.269929,1.459638,-1.339172,training_touch
10:07:17.201,1,-2.768367,1.334374,-0.950762,training_touch
10:07:17.202,2,-3.277742,1.459389,-1.33956,training_touch
10:07:17.285,1,-2.766412,1.318134,-0.959465,training_touch
10:07:17.285,2,-3.282344,1.4627,-1.339777,training_touch
10:07:17.368,1,-2.760808,1.325989,-0.978177,training_touch
10:07:17.368,2,-3.286753,1.464592,-1.340789,training_touch
10:07:17.451,1,-2.757081,1.320634,-0.983619,training_touch
10:07:17.452,2,-3.287484,1.464639,-1.340817,training_touch
10:07:17.535,1,-2.750387,1.327983,-0.991239,training_touch
10:07:17.535,2,-3.288244,1.463205,-1.341644,training_touch
10:07:17.618,1,-2.747089,1.331548,-0.995667,training_touch
10:07:17.618,2,-3.289219,1.465601,-1.342399,training_touch
10:07:17.752,1,-2.737116,1.340385,-1.001724,training_touch
10:07:17.752,2,-3.288604,1.465342,-1.345768,training_touch
10:07:17.835,1,-2.734651,1.34175,-1.003411,training_touch
10:07:17.835,2,-3.28807,1.465503,-1.346772,training_touch
10:07:17.918,1,-2.73301,1.340383,-1.005713,training_touch
10:07:17.918,2,-3.287923,1.463592,-1.348473,training_touch
10:07:18.001,1,-2.729843,1.340518,-1.004255,training_touch
10:07:18.002,2,-3.28562,1.463603,-1.350808,training_touch
10:07:18.086,1,-2.717614,1.338918,-1.00916,training_touch
10:07:18.087,2,-3.285014,1.463773,-1.35454,training_touch
10:07:18.186,1,-2.713427,1.338095,-1.00955,training_touch
10:07:18.186,2,-3.284179,1.46572,-1.358407,training_touch
10:07:18.268,1,-2.686235,1.335654,-1.018527,training_touch
10:07:18.268,2,-3.288913,1.465415,-1.369664,training_touch
10:07:18.352,1,-2.683158,1.336941,-1.019614,training_touch
10:07:18.352,2,-3.302977,1.465341,-1.39133,training_touch
10:07:19.468,1,-2.681461,1.342703,-1.022013,training_touch
10:07:19.469,2,-3.302449,1.465303,-1.392946,training_touch
10:07:19.635,1,-2.665777,1.336545,-1.006566,training_touch
10:07:19.635,2,-3.727378,1.465597,-1.233547,training_touch
10:07:19.736,1,-2.665471,1.336125,-1.006942,training_touch
10:07:19.736,2,-3.740763,1.464568,-1.214634,training_touch
10:07:19.818,1,-2.670447,1.342708,-1.004634,training_touch
10:07:19.818,2,-3.74251,1.464967,-1.188975,training_touch
10:07:19.903,1,-2.669231,1.339468,-1.003687,training_touch
10:07:19.904,2,-3.743401,1.46676,-1.160346,training_touch
10:07:19.985,1,-2.669378,1.339531,-1.003697,training_touch
10:07:19.985,2,-3.72652,1.46715,-1.112118,training_touch
10:07:20.069,1,-2.667756,1.339202,-1.004108,training_touch
10:07:20.069,2,-3.711694,1.469767,-1.084315,training_touch
10:07:20.151,1,-2.665105,1.337143,-1.002984,training_touch
10:07:20.152,2,-3.68467,1.468505,-1.034522,training_touch
10:07:20.236,1,-2.664661,1.33744,-1.001959,training_touch
10:07:20.236,2,-3.670261,1.467553,-1.006812,training_touch
10:07:20.318,1,-2.668873,1.335556,-1.0032,training_touch
10:07:20.318,2,-3.658785,1.468996,-0.975918,training_touch
10:07:20.468,1,-2.676967,1.333947,-0.997239,training_touch
10:07:20.468,2,-3.649441,1.467944,-0.941702,training_touch
10:07:20.553,1,-2.684718,1.335271,-1.004338,training_touch
10:07:20.553,2,-3.646324,1.467573,-0.926303,training_touch
10:07:20.635,1,-2.667615,1.331574,-1.016159,training_touch
10:07:20.635,2,-3.64446,1.468243,-0.912764,training_touch
10:07:20.768,1,-2.653815,1.334296,-1.032371,training_touch
10:07:20.768,2,-3.649979,1.468629,-0.90396,training_touch
10:07:20.852,1,-2.649969,1.335904,-1.037583,training_touch
10:07:20.852,2,-3.652835,1.468533,-0.900991,training_touch
10:07:20.935,1,-2.646204,1.346725,-1.047237,training_touch
10:07:20.935,2,-3.663203,1.467588,-0.903665,training_touch
10:07:21.018,1,-2.642366,1.346923,-1.060264,training_touch
10:07:21.018,2,-3.670991,1.467421,-0.909892,training_touch
10:07:21.102,1,-2.633886,1.365309,-1.073,training_touch
10:07:21.102,2,-3.684979,1.466411,-0.918774,training_touch
10:07:21.185,1,-2.628428,1.366886,-1.087815,training_touch
10:07:21.185,2,-3.696641,1.46571,-0.931738,training_touch
10:07:21.318,1,-2.621507,1.362817,-1.113941,training_touch
10:07:21.318,2,-3.717466,1.463968,-0.9538,training_touch
10:07:21.452,1,-2.611342,1.35839,-1.132211,training_touch
10:07:21.452,2,-3.758922,1.463753,-0.989828,training_touch
10:07:21.536,1,-2.606055,1.356764,-1.136112,training_touch
10:07:21.537,2,-3.77647,1.462674,-1.007973,training_touch
10:07:21.636,1,-2.594735,1.352474,-1.138975,training_touch
10:07:21.636,2,-3.796219,1.462255,-1.02956,training_touch
10:07:21.718,1,-2.57791,1.359619,-1.13607,training_touch
10:07:21.718,2,-3.812361,1.462339,-1.044548,training_touch
10:07:21.802,1,-2.568072,1.356329,-1.1333,training_touch
10:07:21.802,2,-3.816527,1.462708,-1.056555,training_touch
10:07:21.885,1,-2.5345,1.363509,-1.114712,training_touch
10:07:21.885,2,-3.819607,1.474434,-1.071955,training_touch
10:07:21.969,1,-2.502291,1.366698,-1.105097,training_touch
10:07:21.970,2,-3.823397,1.47827,-1.091353,training_touch
10:07:22.051,1,-2.471016,1.368785,-1.089295,training_touch
10:07:22.052,2,-3.820566,1.480312,-1.120818,training_touch
10:07:22.136,1,-2.443342,1.366308,-1.072647,training_touch
10:07:22.137,2,-3.81084,1.481034,-1.13996,training_touch
10:07:22.218,1,-2.410206,1.356878,-1.058172,training_touch
10:07:22.218,2,-3.782997,1.480765,-1.169391,training_touch
10:07:22.352,1,-2.385818,1.357347,-1.019222,training_touch
10:07:22.352,2,-3.782669,1.478206,-1.185784,training_touch
10:07:22.436,1,-2.368926,1.350702,-0.996724,training_touch
10:07:22.436,2,-3.743513,1.476685,-1.22072,training_touch
10:07:22.518,1,-2.35735,1.347981,-0.999565,training_touch
10:07:22.518,2,-3.751261,1.476341,-1.235952,training_touch
10:07:22.652,1,-2.308315,1.349393,-0.977025,training_touch
10:07:22.652,2,-3.713867,1.47661,-1.288852,training_touch
10:07:22.736,1,-2.302615,1.350552,-0.976291,training_touch
10:07:22.736,2,-3.702399,1.476811,-1.305704,training_touch
10:07:22.818,1,-2.264589,1.348061,-0.976718,training_touch
10:07:22.818,2,-3.684798,1.477303,-1.325627,training_touch
10:07:22.902,1,-2.2443,1.350491,-1.012376,training_touch
10:07:22.903,2,-3.675342,1.477089,-1.342782,training_touch
10:07:22.985,1,-2.223702,1.352444,-1.035723,training_touch
10:07:22.985,2,-3.669844,1.478757,-1.361148,training_touch
10:07:23.068,1,-2.169087,1.353977,-1.022266,training_touch
10:07:23.068,2,-3.66434,1.480588,-1.3692,training_touch
10:07:23.153,1,-2.139415,1.355036,-1.043655,training_touch
10:07:23.153,2,-3.659719,1.481615,-1.372364,training_touch
10:07:23.235,1,-2.087596,1.354898,-1.114707,training_touch
10:07:23.235,2,-3.661995,1.481176,-1.391122,training_touch
10:07:23.320,1,-2.034315,1.35769,-1.16339,training_touch
10:07:23.320,2,-3.650987,1.480363,-1.390923,training_touch
10:07:23.401,1,-2.008873,1.349314,-1.195883,training_touch
10:07:23.402,2,-3.645676,1.481689,-1.397088,training_touch
10:07:23.486,1,-1.990262,1.351021,-1.214241,training_touch
10:07:23.486,2,-3.655657,1.482324,-1.418651,training_touch
10:07:23.568,1,-1.965879,1.357775,-1.235593,training_touch
10:07:23.568,2,-3.656637,1.48228,-1.420718,training_touch
10:07:23.702,1,-1.95148,1.358071,-1.257314,training_touch
10:07:23.702,2,-3.658088,1.481311,-1.428429,training_touch
10:07:23.835,1,-1.945455,1.353042,-1.283008,training_touch
10:07:23.835,2,-3.652367,1.480689,-1.425732,training_touch
10:07:23.968,1,-1.939351,1.353527,-1.261322,training_touch
10:07:23.968,2,-3.649326,1.480717,-1.423746,training_touch
10:07:24.052,1,-1.960943,1.354203,-1.304567,training_touch
10:07:24.052,2,-3.648937,1.480628,-1.424747,training_touch
10:07:24.136,1,-1.966973,1.352116,-1.316602,training_touch
10:07:24.136,2,-3.649039,1.482211,-1.425471,training_touch
10:07:24.218,1,-1.978343,1.362366,-1.325413,training_touch
10:07:24.218,2,-3.638902,1.478993,-1.41435,training_touch
10:07:24.303,1,-1.990409,1.363557,-1.335882,training_touch
10:07:24.303,2,-3.635044,1.477094,-1.411578,training_touch
10:07:24.385,1,-1.996724,1.36146,-1.348054,training_touch
10:07:24.385,2,-3.63335,1.479607,-1.411533,training_touch
10:07:24.518,1,-2.003081,1.361445,-1.377283,training_touch
10:07:24.518,2,-3.632659,1.479336,-1.410967,training_touch
10:07:24.651,1,-2.009832,1.360968,-1.398953,training_touch
10:07:24.652,2,-3.631121,1.479995,-1.409548,training_touch
10:07:24.785,1,-2.006431,1.359873,-1.423433,training_touch
10:07:24.785,2,-3.644421,1.480461,-1.419243,training_touch
10:07:24.918,1,-1.990099,1.359127,-1.439857,training_touch
10:07:24.918,2,-3.64926,1.480661,-1.424031,training_touch
10:07:25.052,1,-1.980761,1.358387,-1.457496,training_touch
10:07:25.052,2,-3.649108,1.480264,-1.426157,training_touch
10:07:25.137,1,-1.96204,1.352624,-1.48531,training_touch
10:07:25.137,2,-3.648818,1.480004,-1.424831,training_touch
10:07:25.218,1,-1.953755,1.345775,-1.498763,training_touch
10:07:25.218,2,-3.65174,1.479571,-1.431407,training_touch
10:07:25.352,1,-1.935608,1.345643,-1.525661,training_touch
10:07:25.352,2,-3.654687,1.479075,-1.434487,training_touch
10:07:25.435,1,-1.918729,1.34841,-1.539627,training_touch
10:07:25.435,2,-3.655139,1.478538,-1.427154,training_touch
10:07:25.518,1,-1.921701,1.3467,-1.547558,training_touch
10:07:25.518,2,-3.654914,1.478975,-1.42385,training_touch
10:07:25.618,1,-1.897704,1.347954,-1.562307,training_touch
10:07:25.618,2,-3.655778,1.479389,-1.41962,training_touch
10:07:25.702,1,-1.882493,1.351847,-1.573928,training_touch
10:07:25.702,2,-3.65533,1.477991,-1.426496,training_touch
10:07:25.835,1,-1.871713,1.34897,-1.577993,training_touch
10:07:25.835,2,-3.655706,1.477992,-1.43455,training_touch
10:07:25.968,1,-1.867604,1.353654,-1.579828,training_touch
10:07:25.968,2,-3.653832,1.47831,-1.437067,training_touch
10:07:26.118,1,-1.863288,1.356163,-1.581501,training_touch
10:07:26.118,2,-3.65943,1.478835,-1.438426,training_touch
10:07:26.202,1,-1.860788,1.356446,-1.582769,training_touch
10:07:26.202,2,-3.674855,1.479827,-1.443984,training_touch
10:07:26.285,1,-1.860661,1.357094,-1.584128,training_touch
10:07:26.285,2,-3.694763,1.480307,-1.448049,training_touch
10:07:26.368,1,-1.860946,1.366437,-1.58692,training_touch
10:07:26.368,2,-3.733261,1.480058,-1.444354,training_touch
10:07:26.453,1,-1.860109,1.372077,-1.585714,training_touch
10:07:26.453,2,-3.756891,1.480112,-1.446525,training_touch
10:07:26.535,1,-1.861295,1.372023,-1.590461,training_touch
10:07:26.535,2,-3.788103,1.480132,-1.447265,training_touch
10:07:26.620,1,-1.863679,1.380218,-1.599181,training_touch
10:07:26.620,2,-3.806391,1.48035,-1.4499,training_touch
10:07:26.702,1,-1.862986,1.3778,-1.604294,training_touch
10:07:26.702,2,-3.845132,1.482603,-1.454701,training_touch
10:07:26.853,1,-1.859703,1.374162,-1.593113,training_touch
10:07:26.854,2,-3.907399,1.487813,-1.466219,training_touch
10:07:26.935,1,-1.858716,1.38054,-1.591141,training_touch
10:07:26.935,2,-3.953125,1.487252,-1.474909,training_touch
10:07:27.019,1,-1.857489,1.385533,-1.589376,training_touch
10:07:27.020,2,-3.976659,1.486259,-1.477627,training_touch
10:07:27.102,1,-1.85852,1.384895,-1.591885,training_touch
10:07:27.102,2,-4.008289,1.487081,-1.483502,training_touch
10:07:27.235,1,-1.859169,1.384662,-1.592929,training_touch
10:07:27.235,2,-4.042887,1.489676,-1.489331,training_touch
10:07:27.336,1,-1.859415,1.380004,-1.593663,training_touch
10:07:27.336,2,-4.070199,1.488822,-1.492103,training_touch
10:07:27.418,1,-1.859577,1.382722,-1.595399,training_touch
10:07:27.418,2,-4.083295,1.490758,-1.495362,training_touch
10:07:27.502,1,-1.859947,1.385803,-1.596548,training_touch
10:07:27.502,2,-4.08653,1.488874,-1.495467,training_touch
10:07:27.585,1,-1.860293,1.384611,-1.597734,training_touch
10:07:27.585,2,-4.09414,1.491442,-1.49516,training_touch
10:07:27.668,1,-1.858881,1.391696,-1.595828,training_touch
10:07:27.669,2,-4.101702,1.489161,-1.493636,training_touch
10:07:27.752,1,-1.859199,1.395304,-1.596858,training_touch
10:07:27.752,2,-4.103403,1.487894,-1.494504,training_touch
10:07:27.835,1,-1.859361,1.391417,-1.598392,training_touch
10:07:27.835,2,-4.112972,1.489563,-1.492283,training_touch
10:07:27.918,1,-1.859387,1.391585,-1.599827,training_touch
10:07:27.918,2,-4.112937,1.487813,-1.491699,training_touch
10:07:28.002,1,-1.858507,1.397042,-1.600538,training_touch
10:07:28.002,2,-4.116334,1.488593,-1.491333,training_touch
10:07:28.085,1,-1.855666,1.396578,-1.599245,training_touch
10:07:28.085,2,-4.119935,1.486308,-1.489396,training_touch
10:07:28.168,1,-1.854951,1.396435,-1.598829,training_touch
10:07:28.168,2,-4.122595,1.484796,-1.486384,training_touch
10:07:28.302,1,-1.854568,1.392713,-1.600427,training_touch
10:07:28.302,2,-4.124761,1.489104,-1.485924,training_touch
10:07:28.385,1,-1.8529,1.390862,-1.600675,training_touch
10:07:28.385,2,-4.126564,1.491055,-1.486311,training_touch
10:07:28.468,1,-1.851784,1.396879,-1.600828,training_touch
10:07:28.468,2,-4.128403,1.490048,-1.485281,training_touch
10:07:28.553,1,-1.851273,1.399135,-1.600887,training_touch
10:07:28.553,2,-4.131394,1.492197,-1.481943,training_touch
10:07:28.635,1,-1.846277,1.399591,-1.600517,training_touch
10:07:28.635,2,-4.133524,1.490221,-1.478836,training_touch
10:07:28.718,1,-1.84573,1.402273,-1.60088,training_touch
10:07:28.718,2,-4.134472,1.492442,-1.47767,training_touch
10:07:28.802,1,-1.841722,1.402332,-1.599241,training_touch
10:07:28.802,2,-4.133943,1.489692,-1.476584,training_touch
10:07:28.885,1,-1.841519,1.404749,-1.601095,training_touch
10:07:28.885,2,-4.133208,1.488227,-1.476665,training_touch
10:07:28.968,1,-1.842685,1.404198,-1.602065,training_touch
10:07:28.968,2,-4.133393,1.488002,-1.473983,training_touch
10:07:29.053,1,-1.842741,1.404334,-1.602545,training_touch
10:07:29.053,2,-4.132616,1.489428,-1.473487,training_touch
10:07:29.135,1,-1.841889,1.406085,-1.605333,training_touch
10:07:29.135,2,-4.132924,1.490944,-1.473179,training_touch
10:07:29.218,1,-1.840813,1.404288,-1.606593,training_touch
10:07:29.219,2,-4.129686,1.490391,-1.474047,training_touch
10:07:29.302,1,-1.840263,1.40246,-1.608831,training_touch
10:07:29.302,2,-4.129807,1.48991,-1.474073,training_touch
10:07:29.385,1,-1.840814,1.397402,-1.609903,training_touch
10:07:29.385,2,-4.13043,1.489157,-1.473413,training_touch
10:07:29.468,1,-1.841446,1.392683,-1.610957,training_touch
10:07:29.468,2,-4.129913,1.490834,-1.473847,training_touch
10:07:29.553,1,-1.844162,1.390046,-1.610894,training_touch
10:07:29.554,2,-4.131007,1.491251,-1.473224,training_touch
10:07:29.635,1,-1.846829,1.392058,-1.611653,training_touch
10:07:29.635,2,-4.132646,1.49474,-1.472796,training_touch
10:07:29.718,1,-1.848371,1.396979,-1.611979,training_touch
10:07:29.719,2,-4.132547,1.493836,-1.473291,training_touch
10:07:29.802,1,-1.853889,1.399434,-1.61394,training_touch
10:07:29.802,2,-4.132719,1.492274,-1.472933,training_touch
10:07:29.886,1,-1.857101,1.401652,-1.614901,training_touch
10:07:29.886,2,-4.132532,1.489836,-1.472954,training_touch
10:07:29.968,1,-1.867544,1.397696,-1.612869,training_touch
10:07:29.968,2,-4.13292,1.483944,-1.473224,training_touch
10:07:30.052,1,-1.876339,1.400934,-1.614034,training_touch
10:07:30.052,2,-4.133041,1.475358,-1.473513,training_touch
10:07:30.136,1,-1.896389,1.397436,-1.612732,training_touch
10:07:30.137,2,-4.129887,1.474354,-1.474469,training_touch
10:07:30.218,1,-1.92499,1.394252,-1.612148,training_touch
10:07:30.218,2,-4.128845,1.474581,-1.475654,training_touch
10:07:30.352,1,-1.978794,1.392312,-1.622561,training_touch
10:07:30.352,2,-4.128835,1.474655,-1.474764,training_touch
10:07:30.485,1,-2.056194,1.38352,-1.623684,training_touch
10:07:30.485,2,-4.126565,1.473669,-1.475779,training_touch
10:07:30.568,1,-2.085011,1.385507,-1.63406,training_touch
10:07:30.568,2,-4.127439,1.472658,-1.475651,training_touch
10:07:30.702,1,-2.157222,1.384219,-1.635638,training_touch
10:07:30.702,2,-4.12423,1.471437,-1.47689,training_touch
10:07:30.785,1,-2.178184,1.389128,-1.638812,training_touch
10:07:30.785,2,-4.125167,1.469886,-1.477069,training_touch
10:07:30.868,1,-2.226552,1.391207,-1.634543,training_touch
10:07:30.868,2,-4.124388,1.470853,-1.477292,training_touch
10:07:30.952,1,-2.242136,1.390476,-1.630718,training_touch
10:07:30.952,2,-4.124222,1.471534,-1.477412,training_touch
10:07:31.035,1,-2.273917,1.388082,-1.623307,training_touch
10:07:31.035,2,-4.124383,1.47047,-1.477302,training_touch
10:07:31.119,1,-2.306071,1.385181,-1.607753,training_touch
10:07:31.120,2,-4.12447,1.468666,-1.476983,training_touch
10:07:31.202,1,-2.333683,1.38283,-1.587028,training_touch
10:07:31.202,2,-4.122311,1.467923,-1.477421,training_touch
10:07:31.335,1,-2.383096,1.382827,-1.531856,training_touch
10:07:31.335,2,-4.123468,1.468184,-1.477415,training_touch
10:07:31.468,1,-2.462791,1.370776,-1.443071,training_touch
10:07:31.468,2,-4.122411,1.467717,-1.478973,training_touch
10:07:31.552,1,-2.478801,1.370279,-1.41578,training_touch
10:07:31.552,2,-4.122445,1.468268,-1.479322,training_touch
10:07:31.637,1,-2.513303,1.378513,-1.354164,training_touch
10:07:31.637,2,-4.121256,1.467035,-1.480299,training_touch
10:07:31.718,1,-2.531387,1.387337,-1.286934,training_touch
10:07:31.718,2,-4.121341,1.464399,-1.48043,training_touch
10:07:31.852,1,-2.572596,1.381348,-1.211045,training_touch
10:07:31.852,2,-4.122227,1.464513,-1.48046,training_touch
10:07:31.936,1,-2.595691,1.387024,-1.182846,training_touch
10:07:31.936,2,-4.122588,1.461076,-1.480124,training_touch
10:07:32.018,1,-2.625702,1.392148,-1.13863,training_touch
10:07:32.018,2,-4.122625,1.461814,-1.480381,training_touch
10:07:32.152,1,-2.704241,1.393445,-1.059263,training_touch
10:07:32.152,2,-4.123589,1.45637,-1.480149,training_touch
10:07:32.285,1,-2.787492,1.393192,-0.990395,training_touch
10:07:32.285,2,-4.12306,1.448423,-1.480548,training_touch
10:07:32.368,1,-2.81169,1.388723,-0.971071,training_touch
10:07:32.368,2,-4.123334,1.445756,-1.480893,training_touch
10:07:32.452,1,-2.867981,1.385167,-0.922937,training_touch
10:07:32.452,2,-4.122423,1.457514,-1.480735,training_touch
10:07:32.535,1,-2.908905,1.385775,-0.901386,training_touch
10:07:32.536,2,-4.122305,1.464659,-1.480533,training_touch
10:07:32.636,1,-2.947669,1.371425,-0.888969,training_touch
10:07:32.637,2,-4.122199,1.469838,-1.481019,training_touch
10:07:32.718,1,-2.97835,1.362574,-0.868722,training_touch
10:07:32.719,2,-4.121838,1.47959,-1.48088,training_touch
10:07:32.803,1,-2.981237,1.370179,-0.867378,training_touch
10:07:32.803,2,-4.121446,1.47927,-1.481035,training_touch
10:07:32.885,1,-3.048361,1.371563,-0.824034,training_touch
10:07:32.885,2,-4.12103,1.475176,-1.478707,training_touch
10:07:33.018,1,-3.002975,1.381209,-0.839428,training_touch
10:07:33.018,2,-4.119593,1.47641,-1.47952,training_touch
10:07:33.103,1,-3.004266,1.388726,-0.837777,training_touch
10:07:33.103,2,-4.11611,1.478061,-1.480566,training_touch
10:07:33.185,1,-3.010407,1.388531,-0.844314,training_touch
10:07:33.185,2,-4.114787,1.476313,-1.479264,training_touch
10:07:33.318,1,-3.005942,1.388022,-0.847104,training_touch
10:07:33.318,2,-4.114466,1.463468,-1.47737,training_touch
10:07:33.452,1,-3.043096,1.388024,-0.823416,training_touch
10:07:33.452,2,-4.116093,1.464527,-1.476365,training_touch
10:07:33.585,1,-3.01611,1.386555,-0.824339,training_touch
10:07:33.585,2,-4.116904,1.480037,-1.476026,training_touch
10:07:33.668,1,-3.008687,1.383912,-0.832552,training_touch
10:07:33.669,2,-4.117283,1.481939,-1.475814,training_touch
10:07:33.752,1,-3.021561,1.386102,-0.829883,training_touch
10:07:33.752,2,-4.116674,1.438985,-1.478591,training_touch
10:07:33.836,1,-3.02991,1.382467,-0.827209,training_touch
10:07:33.837,2,-4.115887,1.440949,-1.478741,training_touch
10:07:33.918,1,-3.0626,1.383501,-0.782825,training_touch
10:07:33.919,2,-4.115341,1.448042,-1.479655,training_touch
10:07:34.003,1,-3.065734,1.380677,-0.779863,training_touch
10:07:34.003,2,-4.111574,1.4508,-1.484966,training_touch
10:07:34.085,1,-3.067998,1.377949,-0.778061,training_touch
10:07:34.085,2,-4.109633,1.452555,-1.489288,training_touch
10:07:34.236,1,-3.067783,1.37902,-0.778283,training_touch
10:07:34.236,2,-4.105258,1.458062,-1.4985,training_touch
10:07:34.336,1,-3.068327,1.375123,-0.777762,training_touch
10:07:34.336,2,-4.09363,1.45662,-1.515483,training_touch
10:07:34.418,1,-3.068595,1.375703,-0.777338,training_touch
10:07:34.418,2,-4.074088,1.489395,-1.533892,training_touch
10:07:34.569,1,-3.066907,1.375926,-0.789718,training_touch
10:07:34.569,2,-4.028936,1.475461,-1.573684,training_touch
10:07:34.669,1,-3.060204,1.376596,-0.792242,training_touch
10:07:34.670,2,-4.002117,1.476277,-1.60055,training_touch
10:07:34.752,1,-3.061941,1.373947,-0.786714,training_touch
10:07:34.752,2,-3.96014,1.480647,-1.638013,training_touch
10:07:34.919,1,-3.062316,1.376502,-0.784615,training_touch
10:07:34.919,2,-3.927758,1.482541,-1.681798,training_touch
10:07:35.019,1,-3.062729,1.379215,-0.784542,training_touch
10:07:35.020,2,-3.909242,1.484373,-1.709932,training_touch
10:07:35.102,1,-3.064265,1.379332,-0.784732,training_touch
10:07:35.102,2,-3.88693,1.486605,-1.734688,training_touch
10:07:35.202,1,-3.063354,1.378816,-0.786399,training_touch
10:07:35.202,2,-3.863628,1.486499,-1.759635,training_touch
10:07:35.285,1,-3.063164,1.378729,-0.786361,training_touch
10:07:35.285,2,-3.848658,1.480222,-1.773779,training_touch
10:07:35.418,1,-3.054682,1.376249,-0.790973,training_touch
10:07:35.418,2,-3.824358,1.488003,-1.798116,training_touch
10:07:35.502,1,-3.055897,1.373857,-0.789988,training_touch
10:07:35.502,2,-3.81526,1.491037,-1.805133,training_touch
10:07:35.585,1,-3.057806,1.375257,-0.788352,training_touch
10:07:35.585,2,-3.806259,1.493684,-1.807508,training_touch
10:07:35.668,1,-3.057516,1.375364,-0.787442,training_touch
10:07:35.669,2,-3.796716,1.494905,-1.818085,training_touch
10:07:35.753,1,-3.057642,1.374945,-0.787184,training_touch
10:07:35.753,2,-3.791298,1.491578,-1.828591,training_touch
10:07:35.835,1,-3.035989,1.37355,-0.794871,training_touch
10:07:35.835,2,-3.787969,1.49087,-1.836192,training_touch
10:07:35.968,1,-3.055403,1.368612,-0.789323,training_touch
10:07:35.968,2,-3.782527,1.485872,-1.852809,training_touch
10:07:36.102,1,-3.060068,1.367644,-0.788432,training_touch
10:07:36.102,2,-3.775788,1.488778,-1.864805,training_touch
10:07:36.253,1,-3.061153,1.368884,-0.787262,training_touch
10:07:36.253,2,-3.78602,1.490749,-1.870011,training_touch
10:07:36.335,1,-3.061706,1.379749,-0.78628,training_touch
10:07:36.335,2,-3.784946,1.490692,-1.877099,training_touch
10:07:36.468,1,-3.061955,1.390594,-0.786081,training_touch
10:07:36.469,2,-3.782558,1.490457,-1.884139,training_touch
10:07:36.552,1,-3.063209,1.387774,-0.784574,training_touch
10:07:36.553,2,-3.784513,1.48961,-1.886033,training_touch
10:07:36.635,1,-3.063518,1.387952,-0.784543,training_touch
10:07:36.635,2,-3.789095,1.488699,-1.88924,training_touch
10:07:36.720,1,-3.034133,1.396232,-0.79415,training_touch
10:07:36.721,2,-3.790187,1.487671,-1.891011,training_touch
10:07:36.802,1,-3.041442,1.391619,-0.806116,training_touch
10:07:36.802,2,-3.79083,1.485388,-1.892697,training_touch
10:07:36.885,1,-3.067391,1.398331,-0.777192,training_touch
10:07:36.885,2,-3.791615,1.486011,-1.895003,training_touch
10:07:36.968,1,-3.041638,1.397877,-0.788615,training_touch
10:07:36.969,2,-3.793985,1.481887,-1.896961,training_touch
10:07:37.052,1,-3.04407,1.395918,-0.784396,training_touch
10:07:37.052,2,-3.786845,1.475423,-1.889143,training_touch
10:07:37.135,1,-3.051595,1.404896,-0.782076,training_touch
10:07:37.135,2,-3.783908,1.474922,-1.885858,training_touch
10:07:37.218,1,-3.037838,1.400192,-0.786243,training_touch
10:07:37.219,2,-3.78591,1.480602,-1.890904,training_touch
10:07:37.302,1,-3.058008,1.416391,-0.780576,training_touch
10:07:37.302,2,-3.782323,1.482911,-1.885033,training_touch
10:07:37.386,1,-3.034555,1.418079,-0.792563,training_touch
10:07:37.387,2,-3.792938,1.48507,-1.896004,training_touch
10:07:37.468,1,-3.016654,1.416217,-0.837906,training_touch
10:07:37.469,2,-3.79781,1.483795,-1.899667,training_touch
10:07:37.553,1,-3.014745,1.414979,-0.837597,training_touch
10:07:37.553,2,-3.800561,1.4834,-1.901967,training_touch
10:07:37.635,1,-3.014683,1.413418,-0.836763,training_touch
10:07:37.635,2,-3.798332,1.483085,-1.902503,training_touch
10:07:37.718,1,-3.03004,1.413425,-0.828476,training_touch
10:07:37.719,2,-3.795292,1.482515,-1.89801,training_touch
10:07:37.804,1,-3.060814,1.41383,-0.808571,training_touch
10:07:37.804,2,-3.803553,1.482083,-1.905147,training_touch
10:07:37.886,1,-3.056625,1.414284,-0.816608,training_touch
10:07:37.886,2,-3.797633,1.481849,-1.900843,training_touch
10:07:38.018,1,-3.04825,1.413272,-0.803185,training_touch
10:07:38.019,2,-3.80473,1.483138,-1.904691,training_touch
10:07:38.152,1,-3.048104,1.410777,-0.800637,training_touch
10:07:38.152,2,-3.814897,1.482413,-1.909404,training_touch
10:07:38.236,1,-3.030413,1.41032,-0.794565,training_touch
10:07:38.237,2,-3.811734,1.482039,-1.910865,training_touch
10:07:38.318,1,-3.062982,1.406921,-0.779067,training_touch
10:07:38.319,2,-3.796248,1.481282,-1.896398,training_touch
10:07:38.452,1,-3.058746,1.40707,-0.779486,training_touch
10:07:38.452,2,-3.795775,1.481096,-1.898518,training_touch
10:07:38.536,1,-3.051725,1.406141,-0.781645,training_touch
10:07:38.537,2,-3.79292,1.484134,-1.897663,training_touch
10:07:38.618,1,-3.036065,1.405476,-0.795559,training_touch
10:07:38.618,2,-3.803646,1.485498,-1.907955,training_touch
10:07:38.770,1,-3.047457,1.404723,-0.776515,training_touch
10:07:38.770,2,-3.798148,1.483562,-1.898579,training_touch
10:07:38.852,1,-3.031244,1.404137,-0.786444,training_touch
10:07:38.852,2,-3.794558,1.483074,-1.894502,training_touch
10:07:38.936,1,-3.020699,1.401202,-0.834824,training_touch
10:07:38.937,2,-3.793771,1.483603,-1.896753,training_touch
10:07:39.018,1,-3.026548,1.400789,-0.846672,training_touch
10:07:39.019,2,-3.801582,1.483126,-1.906762,training_touch
10:07:39.152,1,-3.018653,1.401684,-0.858729,training_touch
10:07:39.152,2,-3.799887,1.48487,-1.905572,training_touch
10:07:39.235,1,-3.009068,1.40206,-0.885112,training_touch
10:07:39.235,2,-3.789388,1.48445,-1.886871,training_touch
10:07:39.318,1,-3.010284,1.402932,-0.893161,training_touch
10:07:39.319,2,-3.786342,1.48515,-1.886271,training_touch
10:07:39.402,1,-3.009807,1.403591,-0.905784,training_touch
10:07:39.402,2,-3.783963,1.485244,-1.882744,training_touch
10:07:39.485,1,-3.004018,1.402652,-0.905952,training_touch
10:07:39.485,2,-3.781023,1.484066,-1.883825,training_touch
10:07:39.618,1,-3.0126,1.40199,-0.93558,training_touch
10:07:39.619,2,-3.779283,1.483447,-1.913273,training_touch
10:07:39.752,1,-3.003867,1.402452,-0.92444,training_touch
10:07:39.752,2,-3.76932,1.48334,-1.922663,training_touch
10:07:39.835,1,-3.004561,1.401925,-0.923409,training_touch
10:07:39.835,2,-3.752646,1.483438,-1.911991,training_touch
10:07:39.918,1,-3.011173,1.402543,-0.93974,training_touch
10:07:39.919,2,-3.74579,1.484527,-1.905995,training_touch
10:07:40.052,1,-3.009878,1.402655,-0.928413,training_touch
10:07:40.052,2,-3.730488,1.484528,-1.907453,training_touch
10:07:40.153,1,-3.009864,1.403092,-0.927751,training_touch
10:07:40.153,2,-3.720562,1.484896,-1.906792,training_touch
10:07:40.235,1,-3.017406,1.403326,-0.92779,training_touch
10:07:40.235,2,-3.692017,1.484357,-1.901252,training_touch
10:07:40.319,1,-3.018927,1.403258,-0.927141,training_touch
10:07:40.320,2,-3.673015,1.484284,-1.898104,training_touch
10:07:40.402,1,-3.018679,1.403368,-0.911339,training_touch
10:07:40.402,2,-3.618722,1.484181,-1.88451,training_touch
10:07:40.487,1,-3.016392,1.403395,-0.909768,training_touch
10:07:40.487,2,-3.58643,1.483955,-1.877496,training_touch
10:07:40.568,1,-3.02118,1.403241,-0.90768,training_touch
10:07:40.569,2,-3.526238,1.486218,-1.86796,training_touch
10:07:40.652,1,-3.021046,1.403655,-0.907854,training_touch
10:07:40.652,2,-3.493095,1.488901,-1.862485,training_touch
10:07:40.735,1,-3.032868,1.403547,-0.929106,training_touch
10:07:40.735,2,-3.426316,1.491216,-1.847506,training_touch
10:07:40.819,1,-3.028549,1.403244,-0.913729,training_touch
10:07:40.820,2,-3.388139,1.491064,-1.843054,training_touch
10:07:40.902,1,-3.052513,1.40374,-0.929968,training_touch
10:07:40.902,2,-3.342289,1.49116,-1.835344,training_touch
10:07:40.986,1,-3.02667,1.403963,-0.891429,training_touch
10:07:40.987,2,-3.304927,1.492751,-1.829564,training_touch
10:07:41.068,1,-3.037319,1.403522,-0.900719,training_touch
10:07:41.069,2,-3.251972,1.489149,-1.828976,training_touch
10:07:41.152,1,-3.034522,1.403492,-0.901135,training_touch
10:07:41.152,2,-3.250187,1.489446,-1.829465,training_touch
10:07:41.237,1,-3.016902,1.402933,-0.918875,training_touch
10:07:41.237,2,-3.202792,1.487092,-1.821076,training_touch
10:07:41.336,1,-3.035892,1.403484,-0.968954,training_touch
10:07:41.336,2,-3.171717,1.485739,-1.823576,training_touch
10:07:41.418,1,-2.9714,1.403092,-0.972413,training_touch
10:07:41.419,2,-3.113642,1.488415,-1.823477,training_touch
10:07:41.502,1,-2.900029,1.40337,-0.994707,training_touch
10:07:41.502,2,-3.073298,1.487522,-1.824328,training_touch
10:07:41.585,1,-2.912932,1.402874,-0.968938,training_touch
10:07:41.585,2,-3.034782,1.488754,-1.827436,training_touch
10:07:41.668,1,-2.906754,1.401915,-0.962146,training_touch
10:07:41.669,2,-2.993911,1.487887,-1.838112,training_touch
10:07:41.753,1,-3.125177,1.402189,-0.917425,training_touch
10:07:41.753,2,-2.96094,1.479312,-1.845725,training_touch
10:07:41.835,1,-2.7462,1.403211,-1.389973,training_touch
10:07:41.835,2,-2.926427,1.466227,-1.855859,training_touch
10:07:41.920,1,-2.995868,1.402501,-1.734731,training_touch
10:07:41.921,2,-2.890622,1.459282,-1.86356,training_touch
10:07:42.002,2,-2.857452,1.401511,-1.873396,training_touch
10:07:42.153,1,-3.258471,1.457031,-0.870086,training_touch
10:07:42.153,2,-2.824147,1.401846,-1.884152,training_touch
10:07:42.235,1,-3.227107,1.46169,-0.880883,training_touch
10:07:42.235,2,-2.806389,1.402334,-1.892511,training_touch
10:07:42.318,1,-3.288226,1.467317,-0.898429,training_touch
10:07:42.319,2,-2.790971,1.402196,-1.900537,training_touch
10:07:42.402,1,-3.277956,1.477645,-0.867748,training_touch
10:07:42.402,2,-2.78833,1.401905,-1.904422,training_touch
10:07:42.535,1,-3.241495,1.47445,-0.921556,training_touch
10:07:42.535,2,-2.779431,1.401368,-1.910031,training_touch
10:07:42.619,1,-3.241914,1.471071,-0.915423,training_touch
10:07:42.619,2,-2.768887,1.401131,-1.915078,training_touch
10:07:42.702,1,-3.023866,1.47107,-0.97411,training_touch
10:07:42.702,2,-2.762182,1.401455,-1.920709,training_touch
10:07:42.835,1,-3.032417,1.44969,-0.891851,training_touch
10:07:42.835,2,-2.752734,1.401741,-1.925304,training_touch
10:07:42.919,1,-3.022281,1.445529,-0.875194,training_touch
10:07:42.920,2,-2.749773,1.401529,-1.927498,training_touch
10:07:43.002,1,-3.018764,1.452528,-0.867379,training_touch
10:07:43.002,2,-2.74337,1.40262,-1.929892,training_touch
10:07:43.086,1,-2.988536,1.446726,-0.870217,training_touch
10:07:43.087,2,-2.739511,1.401717,-1.931185,training_touch
10:07:43.168,1,-2.990426,1.411453,-0.872217,training_touch
10:07:43.169,2,-2.737784,1.402088,-1.93072,training_touch
10:07:43.320,1,-2.997566,1.405594,-0.870301,training_touch
10:07:43.320,2,-2.733281,1.402359,-1.931829,training_touch
10:07:43.402,1,-2.992567,1.406487,-0.849847,training_touch
10:07:43.402,2,-2.731343,1.402243,-1.93351,training_touch
10:07:43.485,1,-2.993715,1.388691,-0.846234,training_touch
10:07:43.485,2,-2.729571,1.401945,-1.934255,training_touch
10:07:43.568,1,-2.99666,1.39653,-0.842189,training_touch
10:07:43.569,2,-2.72663,1.40124,-1.935348,training_touch
10:07:43.654,1,-2.996041,1.39341,-0.842775,training_touch
10:07:43.654,2,-2.726472,1.402469,-1.935881,training_touch
10:07:43.735,1,-2.996306,1.354568,-0.840613,training_touch
10:07:43.735,2,-2.726025,1.401517,-1.936807,training_touch
10:07:43.869,1,-2.996954,1.324092,-0.834553,training_touch
10:07:43.869,2,-2.723725,1.400029,-1.939054,training_touch
10:07:43.952,1,-2.997183,1.315489,-0.835113,training_touch
10:07:43.952,2,-2.722251,1.399432,-1.940589,training_touch
10:07:44.035,1,-2.996537,1.332673,-0.835577,training_touch
10:07:44.035,2,-2.721601,1.399366,-1.941718,training_touch
10:07:44.119,1,-2.996556,1.308463,-0.836482,training_touch
10:07:44.120,2,-2.722277,1.399324,-1.941835,training_touch
10:07:44.202,1,-2.994567,1.309427,-0.840899,training_touch
10:07:44.202,2,-2.72178,1.4005,-1.943108,training_touch
10:07:44.286,1,-2.991484,1.304161,-0.841554,training_touch
10:07:44.287,2,-2.720839,1.400385,-1.944194,training_touch
10:07:44.369,1,-2.992322,1.369657,-0.840521,training_touch
10:07:44.369,2,-2.719919,1.400867,-1.945627,training_touch
10:07:44.502,1,-2.987951,1.373757,-0.847006,training_touch
10:07:44.502,2,-2.719164,1.405754,-1.94666,training_touch
10:07:44.635,1,-2.990556,1.376958,-0.84925,training_touch
10:07:44.635,2,-2.717105,1.400437,-1.948513,training_touch
10:07:44.719,1,-2.991381,1.377421,-0.849714,training_touch
10:07:44.719,2,-2.715703,1.40268,-1.949325,training_touch
10:07:44.852,1,-3.090341,1.377929,-0.884258,training_touch
10:07:44.852,2,-2.713966,1.404443,-1.951447,training_touch
10:07:44.936,1,-3.090023,1.379312,-0.88573,training_touch
10:07:44.937,2,-2.713573,1.403724,-1.95213,training_touch
10:07:45.018,1,-3.091362,1.346819,-0.877517,training_touch
10:07:45.019,2,-2.712899,1.415501,-1.952617,training_touch
10:07:45.103,1,-3.094905,1.357978,-0.879889,training_touch
10:07:45.105,2,-2.712087,1.410313,-1.95356,training_touch
10:07:45.185,1,-3.117306,1.371042,-0.893933,training_touch
10:07:45.185,2,-2.710389,1.412538,-1.955149,training_touch
10:07:45.318,1,-3.113533,1.376051,-0.904093,training_touch
10:07:45.319,2,-2.710778,1.428272,-1.955532,training_touch
10:07:45.452,1,-3.116483,1.376287,-0.909812,training_touch
10:07:45.452,2,-2.709924,1.427665,-1.955971,training_touch
10:07:45.585,1,-3.128963,1.379806,-0.911537,training_touch
10:07:45.585,2,-2.708422,1.42825,-1.95645,training_touch
10:07:45.718,1,-3.116745,1.380088,-0.930802,training_touch
10:07:45.719,2,-2.705007,1.426582,-1.956263,training_touch
10:07:45.802,1,-3.112827,1.381161,-0.9376,training_touch
10:07:45.802,2,-2.700281,1.419386,-1.955412,training_touch
10:07:45.885,1,-3.109369,1.381241,-0.941803,training_touch
10:07:45.885,2,-2.682252,1.414396,-1.957435,training_touch
10:07:45.969,1,-3.147224,1.381622,-0.953316,training_touch
10:07:45.969,2,-2.66886,1.412713,-1.963137,training_touch
10:07:46.052,1,-3.134254,1.381237,-0.956686,training_touch
10:07:46.052,2,-2.651182,1.414752,-1.967117,training_touch
10:07:46.135,1,-3.131363,1.383164,-0.943456,training_touch
10:07:46.135,2,-2.640673,1.409324,-1.967641,training_touch
10:07:46.219,1,-3.154569,1.380478,-0.947901,training_touch
10:07:46.219,2,-2.624596,1.405765,-1.9677,training_touch
10:07:46.303,1,-3.210674,1.384702,-0.949054,training_touch
10:07:46.303,2,-2.617032,1.407803,-1.965498,training_touch
10:07:46.385,1,-3.258519,1.384282,-0.955669,training_touch
10:07:46.385,2,-2.601714,1.403316,-1.959296,training_touch
10:07:46.518,1,-3.373544,1.384585,-0.973258,training_touch
10:07:46.519,2,-2.575203,1.404759,-1.947599,training_touch
10:07:46.602,1,-3.392108,1.383842,-0.971178,training_touch
10:07:46.602,2,-2.541006,1.399252,-1.928572,training_touch
10:07:46.685,1,-3.430799,1.383814,-0.982856,training_touch
10:07:46.685,2,-2.527076,1.40473,-1.918233,training_touch
10:07:46.769,1,-3.459999,1.383605,-0.986217,training_touch
10:07:46.769,2,-2.500073,1.408659,-1.902016,training_touch
10:07:46.852,1,-3.473534,1.383044,-0.982232,training_touch
10:07:46.852,2,-2.457749,1.408377,-1.893749,training_touch
10:07:46.937,1,-3.493228,1.383393,-0.986586,training_touch
10:07:46.937,2,-2.375603,1.404933,-1.855072,training_touch
10:07:47.018,1,-3.516555,1.388468,-0.997293,training_touch
10:07:47.019,2,-2.325994,1.403539,-1.839847,training_touch
10:07:47.152,1,-3.53722,1.344026,-1.010262,training_touch
10:07:47.152,2,-2.287357,1.400402,-1.8173,training_touch
10:07:47.236,1,-3.539628,1.394831,-1.01535,training_touch
10:07:47.237,2,-2.267154,1.398687,-1.796875,training_touch
10:07:47.318,1,-3.546438,1.39232,-1.036814,training_touch
10:07:47.319,2,-2.234583,1.396955,-1.776245,training_touch
10:07:47.452,1,-3.549031,1.391573,-1.056508,training_touch
10:07:47.452,2,-2.194485,1.396392,-1.740184,training_touch
10:07:47.537,1,-3.54659,1.388177,-1.068096,training_touch
10:07:47.537,2,-2.180773,1.395948,-1.744993,training_touch
10:07:47.618,1,-3.537842,1.391671,-1.098131,training_touch
10:07:47.619,2,-2.132047,1.394734,-1.7566,training_touch
10:07:47.752,1,-3.516812,1.383251,-1.134647,training_touch
10:07:47.752,2,-2.065495,1.396475,-1.745075,training_touch
10:07:47.836,1,-3.497892,1.391501,-1.16767,training_touch
10:07:47.836,2,-2.022647,1.402844,-1.740557,training_touch
10:07:47.919,1,-3.486747,1.315021,-1.183388,training_touch
10:07:47.919,2,-1.959853,1.403672,-1.740197,training_touch
10:07:48.004,1,-3.481246,1.291194,-1.198835,training_touch
10:07:48.004,2,-1.945362,1.40288,-1.739711,training_touch
10:07:48.085,1,-3.475046,1.299884,-1.21251,training_touch
10:07:48.085,2,-1.889906,1.403,-1.737268,training_touch
10:07:48.219,1,-3.475873,1.292683,-1.221621,training_touch
10:07:48.219,2,-1.838862,1.403773,-1.730527,training_touch
10:07:48.303,1,-3.478805,1.303754,-1.224083,training_touch
10:07:48.303,2,-1.821195,1.402329,-1.730672,training_touch
10:07:48.385,1,-3.48117,1.292023,-1.224733,training_touch
10:07:48.385,2,-1.793986,1.399215,-1.725294,training_touch
10:07:48.518,1,-3.491297,1.328784,-1.22609,training_touch
10:07:48.519,2,-1.765385,1.400789,-1.719948,training_touch
10:07:48.603,1,-3.495439,1.344516,-1.226014,training_touch
10:07:48.603,2,-1.756817,1.39887,-1.720394,training_touch
10:07:48.685,1,-3.503037,1.374506,-1.224377,training_touch
10:07:48.685,2,-1.737889,1.396114,-1.714719,training_touch
10:07:48.819,1,-3.509609,1.374648,-1.221724,training_touch
10:07:48.819,2,-1.727787,1.396355,-1.710294,training_touch
10:07:48.952,1,-3.516228,1.379928,-1.218824,training_touch
10:07:48.952,2,-1.719877,1.39184,-1.706258,training_touch
10:07:49.036,1,-3.517974,1.383428,-1.217628,training_touch
10:07:49.036,2,-1.709117,1.390868,-1.70367,training_touch
10:07:49.118,1,-3.52511,1.393801,-1.211702,training_touch
10:07:49.119,2,-1.696759,1.38738,-1.699794,training_touch
10:07:49.252,1,-3.529373,1.451834,-1.204056,training_touch
10:07:49.252,2,-1.687363,1.390413,-1.696344,training_touch
10:07:49.385,1,-3.53533,1.468227,-1.197415,training_touch
10:07:49.385,2,-1.682002,1.391069,-1.690135,training_touch
10:07:49.469,1,-3.538111,1.437907,-1.19438,training_touch
10:07:49.469,2,-1.677551,1.39128,-1.690814,training_touch
10:07:49.552,1,-3.536827,1.445149,-1.193541,training_touch
10:07:49.552,2,-1.677789,1.390253,-1.691341,training_touch
10:07:49.637,1,-3.536841,1.455339,-1.192714,training_touch
10:07:49.638,2,-1.673838,1.389548,-1.688852,training_touch
10:07:49.719,1,-3.53866,1.454655,-1.188519,training_touch
10:07:49.719,2,-1.669389,1.391033,-1.691904,training_touch
10:07:49.804,1,-3.539292,1.465334,-1.185356,training_touch
10:07:49.804,2,-1.667893,1.391996,-1.69203,training_touch
10:07:49.885,1,-3.540941,1.462433,-1.184703,training_touch
10:07:49.885,2,-1.656493,1.393523,-1.697579,training_touch
10:07:50.019,1,-3.541656,1.465697,-1.183866,training_touch
10:07:50.019,2,-1.638105,1.392412,-1.699115,training_touch
10:07:50.103,1,-3.541735,1.45297,-1.183676,training_touch
10:07:50.104,2,-1.636814,1.390959,-1.698777,training_touch
10:07:50.185,1,-3.541673,1.466145,-1.183711,training_touch
10:07:50.185,2,-1.632633,1.387968,-1.6958,training_touch
10:07:50.319,1,-3.542216,1.467592,-1.184626,training_touch
10:07:50.319,2,-1.614538,1.38985,-1.664887,training_touch
10:07:50.452,1,-3.542664,1.455688,-1.183077,training_touch
10:07:50.452,2,-1.58988,1.382844,-1.637111,training_touch
10:07:50.535,1,-3.542638,1.4639,-1.18393,training_touch
10:07:50.535,2,-1.579945,1.369425,-1.624842,training_touch
10:07:50.669,1,-3.541176,1.466299,-1.185279,training_touch
10:07:50.669,2,-1.566186,1.369053,-1.570199,training_touch
10:07:50.752,1,-3.540119,1.457927,-1.188735,training_touch
10:07:50.752,2,-1.5439,1.36607,-1.54863,training_touch
10:07:50.835,1,-3.538357,1.457687,-1.190685,training_touch
10:07:50.835,2,-1.524548,1.368098,-1.525729,training_touch
10:07:50.919,1,-3.537778,1.467217,-1.190993,training_touch
10:07:50.919,2,-1.511183,1.367825,-1.498878,training_touch
10:07:51.002,1,-3.534126,1.463086,-1.191553,training_touch
10:07:51.002,2,-1.49419,1.362344,-1.4626,training_touch
10:07:51.087,1,-3.53233,1.465154,-1.192265,training_touch
10:07:51.087,2,-1.483175,1.366273,-1.452231,training_touch
10:07:51.168,1,-3.526193,1.466222,-1.194003,training_touch
10:07:51.169,2,-1.472124,1.370688,-1.429038,training_touch
10:07:51.319,1,-3.521045,1.452193,-1.196951,training_touch
10:07:51.319,2,-1.464783,1.374928,-1.414014,training_touch
10:07:51.402,1,-3.517314,1.458511,-1.199258,training_touch
10:07:51.402,2,-1.455841,1.378191,-1.386812,training_touch
10:07:51.486,1,-3.516427,1.444235,-1.199634,training_touch
10:07:51.487,2,-1.453524,1.37988,-1.380227,training_touch
10:07:51.569,1,-3.512616,1.468275,-1.205633,training_touch
10:07:51.569,2,-1.451263,1.391036,-1.374695,training_touch
10:07:51.702,1,-3.507786,1.453387,-1.207642,training_touch
10:07:51.702,2,-1.448281,1.390967,-1.368259,training_touch
10:07:51.785,1,-3.50655,1.453007,-1.210092,training_touch
10:07:51.785,2,-1.448069,1.390323,-1.365911,training_touch
10:07:51.919,1,-3.499185,1.451275,-1.21147,training_touch
10:07:51.919,2,-1.443284,1.372125,-1.359889,training_touch
10:07:52.003,1,-3.491702,1.409283,-1.212513,training_touch
10:07:52.003,2,-1.441,1.37198,-1.355829,training_touch
10:07:52.085,1,-3.483425,1.41453,-1.215934,training_touch
10:07:52.085,2,-1.439972,1.367943,-1.354196,training_touch
10:07:52.170,1,-3.482503,1.295792,-1.215226,training_touch
10:07:52.170,2,-1.439035,1.367646,-1.352844,training_touch
10:07:52.252,1,-3.465197,1.219239,-1.21592,training_touch
10:07:52.252,2,-1.437186,1.375157,-1.35211,training_touch
10:07:52.335,1,-3.450366,1.21634,-1.217352,training_touch
10:07:52.335,2,-1.436038,1.388543,-1.350524,training_touch
10:07:52.419,1,-3.426508,0.305068,-1.220158,training_touch
10:07:52.419,2,-1.436836,1.391436,-1.349838,training_touch
10:07:52.552,1,-3.410156,1.236212,-1.213541,training_touch
10:07:52.552,2,-1.437147,1.394845,-1.347672,training_touch
10:07:52.635,1,-3.398057,0.570573,-1.205572,training_touch
10:07:52.635,2,-1.434014,1.399193,-1.349687,training_touch
10:07:52.719,1,-3.376814,1.586641,-1.173913,training_touch
10:07:52.719,2,-1.43483,1.404811,-1.349668,training_touch
10:07:52.820,1,-3.383272,0.955924,-1.143606,training_touch
10:07:52.820,2,-1.433773,1.40949,-1.347659,training_touch
10:07:52.902,1,-3.368819,1.435818,-1.111386,training_touch
10:07:52.902,2,-1.433234,1.41185,-1.347751,training_touch
10:07:53.036,1,-3.342845,1.517859,-1.030521,training_touch
10:07:53.036,2,-1.433886,1.408745,-1.348076,training_touch
10:07:53.119,1,-3.348984,1.468358,-1.003571,training_touch
10:07:53.119,2,-1.433053,1.408022,-1.348109,training_touch
10:07:53.202,1,-3.350396,1.386069,-0.938764,training_touch
10:07:53.202,2,-1.432908,1.401056,-1.346726,training_touch
10:07:53.285,1,-3.347921,1.383636,-0.895849,training_touch
10:07:53.286,2,-1.432359,1.397659,-1.34697,training_touch
10:07:53.369,1,-3.374634,1.615429,-0.898215,training_touch
10:07:53.369,2,-1.43163,1.397447,-1.345021,training_touch
10:07:53.453,1,-3.423873,1.713732,-0.908247,training_touch
10:07:53.453,2,-1.431455,1.396428,-1.345852,training_touch
10:07:53.553,1,-3.395928,1.720248,-0.890526,training_touch
10:07:53.553,2,-1.432342,1.396768,-1.348219,training_touch
10:07:53.635,1,-3.360153,1.720155,-0.868287,training_touch
10:07:53.635,2,-1.432188,1.396171,-1.348285,training_touch
10:07:53.769,1,-3.321007,1.723206,-0.845718,training_touch
10:07:53.769,2,-1.431301,1.398587,-1.348325,training_touch
10:07:53.919,1,-3.27575,1.720128,-0.856093,training_touch
10:07:53.919,2,-1.429375,1.39897,-1.349609,training_touch
10:07:54.052,1,-3.272866,1.721537,-0.873216,training_touch
10:07:54.052,2,-1.42628,1.401624,-1.349638,training_touch
10:07:54.135,1,-3.303106,1.718907,-0.881995,training_touch
10:07:54.135,2,-1.425123,1.402996,-1.350398,training_touch
10:07:54.220,1,-3.283745,1.720068,-0.845556,training_touch
10:07:54.220,2,-1.424447,1.402172,-1.350179,training_touch
10:07:54.320,1,-3.263243,1.724457,-0.872175,training_touch
10:07:54.320,2,-1.424087,1.402679,-1.350388,training_touch
10:07:54.402,1,-3.284286,1.723874,-0.887334,training_touch
10:07:54.402,2,-1.427434,1.402959,-1.354177,training_touch
10:07:54.486,1,-3.267061,1.723257,-0.856765,training_touch
10:07:54.487,2,-1.427619,1.402475,-1.354702,training_touch
10:07:54.569,1,-3.280705,1.723702,-0.874019,training_touch
10:07:54.569,2,-1.427865,1.402552,-1.356152,training_touch
10:07:54.652,1,-3.270822,1.722263,-0.861551,training_touch
10:07:54.652,2,-1.42599,1.403717,-1.355776,training_touch
10:07:54.735,1,-3.251596,1.71766,-0.868871,training_touch
10:07:54.735,2,-1.428089,1.402823,-1.356119,training_touch
10:07:54.820,1,-3.259459,1.717283,-0.845573,training_touch
10:07:54.821,2,-1.433281,1.403472,-1.355331,training_touch
10:07:54.920,1,-3.252946,1.715219,-0.840007,training_touch
10:07:54.920,2,-1.4357,1.403833,-1.354776,training_touch
10:07:55.002,1,-3.247875,1.716273,-0.84555,training_touch
10:07:55.002,2,-1.435766,1.403997,-1.353496,training_touch
10:07:55.135,1,-3.247016,1.718457,-0.841616,training_touch
10:07:55.135,2,-1.437802,1.403601,-1.352177,training_touch
10:07:55.219,1,-3.259578,1.718493,-0.849645,training_touch
10:07:55.219,2,-1.435842,1.402703,-1.348622,training_touch
10:07:55.302,1,-3.261697,1.718707,-0.872183,training_touch
10:07:55.302,2,-1.434942,1.402559,-1.348087,training_touch
10:07:55.385,1,-3.253526,1.719592,-0.852888,training_touch
10:07:55.385,2,-1.434363,1.40255,-1.347573,training_touch
10:07:55.469,1,-3.257528,1.592832,-0.857299,training_touch
10:07:55.469,2,-1.433737,1.403377,-1.347406,training_touch
10:07:55.552,1,-3.269321,1.588965,-0.850312,training_touch
10:07:55.552,2,-1.430253,1.403441,-1.345951,training_touch
10:07:55.635,1,-3.29284,1.589583,-0.877265,training_touch
10:07:55.636,2,-1.431733,1.404065,-1.347045,training_touch
10:07:55.719,1,-3.293117,1.589867,-0.871762,training_touch
10:07:55.719,2,-1.431629,1.405227,-1.345554,training_touch
10:07:55.804,1,-3.289211,1.573963,-0.870074,training_touch
10:07:55.804,2,-1.430647,1.404701,-1.344862,training_touch
10:07:55.885,1,-3.303649,1.565259,-0.874074,training_touch
10:07:55.885,2,-1.430842,1.404576,-1.342527,training_touch
10:07:56.019,1,-3.246721,1.560372,-0.849756,training_touch
10:07:56.019,2,-1.431057,1.405416,-1.340443,training_touch
10:07:56.102,1,-3.243401,1.559989,-0.85013,training_touch
10:07:56.102,2,-1.431367,1.405283,-1.33978,training_touch
10:07:56.185,1,-3.239636,1.547804,-0.845207,training_touch
10:07:56.186,2,-1.43079,1.40623,-1.338994,training_touch
10:07:56.269,1,-3.238629,1.533864,-0.847049,training_touch
10:07:56.269,2,-1.430505,1.408077,-1.338208,training_touch
10:07:56.352,1,-3.235315,1.536534,-0.837926,training_touch
10:07:56.352,2,-1.429972,1.404531,-1.335433,training_touch
10:07:56.485,1,-3.276908,1.460513,-0.836104,training_touch
10:07:56.485,2,-1.43074,1.410193,-1.333208,training_touch
10:07:56.569,1,-3.221165,1.468994,-0.837419,training_touch
10:07:56.569,2,-1.431156,1.411711,-1.332635,training_touch
10:07:56.652,1,-3.266772,1.522274,-0.841209,training_touch
10:07:56.652,2,-1.431906,1.408772,-1.330803,training_touch
10:07:56.737,1,-3.248598,1.522463,-0.84128,training_touch
10:07:56.737,2,-1.432545,1.405669,-1.329787,training_touch
10:07:56.819,1,-3.233654,1.501095,-0.820025,training_touch
10:07:56.819,2,-1.433037,1.407743,-1.329132,training_touch
10:07:56.902,1,-3.231128,1.501365,-0.833675,training_touch
10:07:56.902,2,-1.433203,1.404989,-1.329573,training_touch
10:07:56.985,1,-3.261998,1.472948,-0.844143,training_touch
10:07:56.985,2,-1.43492,1.392976,-1.329773,training_touch
10:07:57.069,1,-3.236616,1.477346,-0.841337,training_touch
10:07:57.069,2,-1.434444,1.386249,-1.330242,training_touch
10:07:57.153,1,-3.222455,1.477216,-0.839235,training_touch
10:07:57.153,2,-1.433798,1.383184,-1.329166,training_touch
10:07:57.253,1,-3.212494,1.48601,-0.81374,training_touch
10:07:57.253,2,-1.433941,1.366926,-1.329602,training_touch
10:07:57.353,1,-3.281724,1.491104,-0.871808,training_touch
10:07:57.353,2,-1.433772,1.369189,-1.329279,training_touch
10:07:57.435,1,-3.230141,1.49362,-0.83643,training_touch
10:07:57.435,2,-1.43327,1.38051,-1.329712,training_touch
10:07:57.569,1,-3.231661,1.491851,-0.830176,training_touch
10:07:57.569,2,-1.433198,1.382511,-1.329645,training_touch
10:07:57.719,1,-3.233893,1.489781,-0.825926,training_touch
10:07:57.720,2,-1.434792,1.382577,-1.328719,training_touch
10:07:57.820,1,-3.280073,1.48866,-0.84344,training_touch
10:07:57.820,2,-1.43487,1.382825,-1.328257,training_touch
10:07:57.920,1,-3.279985,1.485329,-0.846829,training_touch
10:07:57.920,2,-1.43662,1.382573,-1.327325,training_touch
10:07:58.002,1,-3.239814,1.485446,-0.829952,training_touch
10:07:58.002,2,-1.437151,1.382046,-1.326919,training_touch
10:07:58.086,1,-3.237627,1.48473,-0.829432,training_touch
10:07:58.086,2,-1.436936,1.388747,-1.326123,training_touch
10:07:58.185,1,-3.237238,1.487674,-0.832389,training_touch
10:07:58.186,2,-1.438137,1.394856,-1.32462,training_touch
10:07:58.269,1,-3.240194,1.492522,-0.834245,training_touch
10:07:58.269,2,-1.437796,1.396759,-1.324049,training_touch
10:07:58.352,1,-3.247133,1.488335,-0.826919,training_touch
10:07:58.352,2,-1.438104,1.397798,-1.323584,training_touch
10:07:58.536,1,-3.248478,1.495048,-0.833762,training_touch
10:07:58.537,2,-1.438733,1.403779,-1.322545,training_touch
10:07:58.619,1,-3.281528,1.497061,-0.844743,training_touch
10:07:58.619,2,-1.438497,1.402372,-1.322541,training_touch
10:07:58.702,1,-3.239078,1.501852,-0.837536,training_touch
10:07:58.702,2,-1.438266,1.405086,-1.322388,training_touch
10:07:58.803,1,-3.300942,1.502757,-0.856843,training_touch
10:07:58.803,2,-1.438609,1.412339,-1.322448,training_touch
10:07:58.885,1,-3.247729,1.504295,-0.829709,training_touch
10:07:58.885,2,-1.438105,1.413271,-1.322544,training_touch
10:07:59.019,1,-3.244733,1.504597,-0.832672,training_touch
10:07:59.019,2,-1.437702,1.407886,-1.32239,training_touch
10:07:59.103,1,-3.255825,1.498304,-0.838842,training_touch
10:07:59.103,2,-1.437101,1.406781,-1.322782,training_touch
10:07:59.185,1,-3.248923,1.498586,-0.843396,training_touch
10:07:59.185,2,-1.437113,1.400414,-1.322692,training_touch
10:07:59.338,1,-3.237243,1.498615,-0.844349,training_touch
10:07:59.339,2,-1.437221,1.400357,-1.320681,training_touch
10:07:59.419,1,-3.236717,1.496652,-0.833258,training_touch
10:07:59.419,2,-1.437068,1.400726,-1.320405,training_touch
10:07:59.519,1,-3.235478,1.496706,-0.837583,training_touch
10:07:59.520,2,-1.437535,1.396395,-1.319935,training_touch
10:07:59.620,1,-3.232743,1.495217,-0.84169,training_touch
10:07:59.620,2,-1.437949,1.398352,-1.319762,training_touch
10:07:59.702,1,-3.233523,1.495007,-0.84365,training_touch
10:07:59.702,2,-1.438001,1.393412,-1.318304,training_touch
10:07:59.853,1,-3.240529,1.49787,-0.843326,training_touch
10:07:59.853,2,-1.43646,1.389998,-1.317995,training_touch
10:07:59.935,1,-3.220303,1.499617,-0.849942,training_touch
10:07:59.935,2,-1.434837,1.395103,-1.314959,training_touch
10:08:00.020,1,-3.23622,1.501748,-0.839906,training_touch
10:08:00.020,2,-1.434434,1.395771,-1.311527,training_touch
10:08:00.120,1,-3.246371,1.49967,-0.842123,training_touch
10:08:00.120,2,-1.433356,1.396822,-1.307894,training_touch
10:08:00.220,1,-3.243475,1.499756,-0.848801,training_touch
10:08:00.220,2,-1.429671,1.3985,-1.298439,training_touch
10:08:00.302,1,-3.266937,1.497809,-0.866934,training_touch
10:08:00.302,2,-1.428568,1.394998,-1.292607,training_touch
10:08:00.453,1,-3.26077,1.499322,-0.89326,training_touch
10:08:00.455,2,-1.425602,1.39652,-1.285642,training_touch
10:08:00.535,1,-3.227858,1.498345,-0.867571,training_touch
10:08:00.536,2,-1.421098,1.395901,-1.280505,training_touch
10:08:00.619,1,-3.229343,1.498118,-0.875394,training_touch
10:08:00.619,2,-1.413829,1.398591,-1.269964,training_touch
10:08:00.719,1,-3.225585,1.498219,-0.881019,training_touch
10:08:00.720,2,-1.412773,1.399908,-1.258079,training_touch
10:08:00.820,1,-3.222554,1.496762,-0.868866,training_touch
10:08:00.820,2,-1.409955,1.399709,-1.24121,training_touch
10:08:00.920,1,-3.229833,1.496475,-0.868322,training_touch
10:08:00.920,2,-1.404813,1.404302,-1.216416,training_touch
10:08:01.019,1,-3.258337,1.497182,-0.884474,training_touch
10:08:01.020,2,-1.398426,1.40032,-1.208903,training_touch
10:08:01.120,1,-3.273197,1.49895,-0.905533,training_touch
10:08:01.120,2,-1.380531,1.399974,-1.172232,training_touch
10:08:01.202,1,-3.247551,1.498281,-0.852222,training_touch
10:08:01.202,2,-1.365077,1.399311,-1.125693,training_touch
10:08:01.352,1,-3.246743,1.491917,-0.850808,training_touch
10:08:01.352,2,-1.341633,1.40369,-1.073054,training_touch
10:08:01.435,1,-3.241848,1.489196,-0.850683,training_touch
10:08:01.436,2,-1.326222,1.404619,-1.045394,training_touch
10:08:01.586,1,-3.23903,1.489188,-0.834411,training_touch
10:08:01.587,2,-1.320741,1.400789,-0.991785,training_touch
10:08:01.669,1,-3.237817,1.488377,-0.854456,training_touch
10:08:01.669,2,-1.342259,1.404315,-0.994642,training_touch
10:08:01.820,1,-3.238965,1.488043,-0.850588,training_touch
10:08:01.820,2,-1.354318,1.402412,-0.98654,training_touch
10:08:01.919,1,-3.241142,1.490324,-0.8522,training_touch
10:08:01.920,2,-1.355832,1.398261,-0.964407,training_touch
10:08:02.020,1,-3.274338,1.489359,-0.83348,training_touch
10:08:02.020,2,-1.361896,1.396889,-0.950744,training_touch
10:08:02.102,1,-3.276077,1.486802,-0.858751,training_touch
10:08:02.102,2,-1.385436,1.400164,-0.96893,training_touch
10:08:02.252,1,-3.234995,1.487769,-0.840704,training_touch
10:08:02.253,2,-1.388679,1.397851,-0.936701,training_touch
10:08:02.353,1,-3.229162,1.489034,-0.846187,training_touch
10:08:02.355,2,-1.397813,1.398049,-0.964593,training_touch
10:08:02.453,1,-3.231078,1.485075,-0.843245,training_touch
10:08:02.454,2,-1.399396,1.397024,-0.962882,training_touch
10:08:02.535,1,-3.209391,1.484255,-0.846027,training_touch
10:08:02.536,2,-1.401119,1.397046,-0.954698,training_touch
10:08:02.619,1,-3.27281,1.486088,-0.873447,training_touch
10:08:02.619,2,-1.397022,1.394642,-0.961502,training_touch
10:08:02.702,1,-3.24525,1.486869,-0.844344,training_touch
10:08:02.703,2,-1.397701,1.393548,-0.962831,training_touch
10:08:02.802,1,-3.248014,1.485578,-0.83955,training_touch
10:08:02.803,2,-1.399229,1.394209,-0.96349,training_touch
10:08:02.919,1,-3.236015,1.483508,-0.839595,training_touch
10:08:02.919,2,-1.396894,1.394663,-0.976311,training_touch
10:08:03.019,1,-3.262254,1.472502,-0.846755,training_touch
10:08:03.020,2,-1.359336,1.394725,-0.945763,training_touch
10:08:03.119,1,-3.241992,1.472134,-0.862856,training_touch
10:08:03.120,2,-1.392497,1.394305,-0.960252,training_touch
10:08:03.221,1,-3.272511,1.47549,-0.865298,training_touch
10:08:03.221,2,-1.3961,1.393886,-0.970309,training_touch
10:08:03.302,1,-3.236712,1.476075,-0.868161,training_touch
10:08:03.302,2,-1.353992,1.394735,-0.962966,training_touch
10:08:03.452,1,-3.245635,1.472394,-0.859287,training_touch
10:08:03.452,2,-1.35181,1.390408,-0.966935,training_touch
10:08:03.602,1,-3.282591,1.470901,-0.865459,training_touch
10:08:03.602,2,-1.354959,1.390727,-0.978282,training_touch
10:08:03.688,1,-3.239019,1.46338,-0.855095,training_touch
10:08:03.688,2,-1.354173,1.390933,-0.976572,training_touch
10:08:03.769,1,-3.265461,1.456529,-0.832485,training_touch
10:08:03.769,2,-1.35811,1.39199,-0.976021,training_touch
10:08:03.855,1,-3.254771,1.447848,-0.85533,training_touch
10:08:03.855,2,-1.357548,1.39264,-0.973774,training_touch
10:08:03.953,1,-3.298179,1.451494,-0.84971,training_touch
10:08:03.953,2,-1.354626,1.392944,-0.96873,training_touch
10:08:04.035,1,-3.286442,1.454923,-0.785264,training_touch
10:08:04.036,2,-1.364036,1.393063,-0.968286,training_touch
10:08:04.186,1,-3.28025,1.439405,-0.78666,training_touch
10:08:04.186,2,-1.359365,1.393115,-0.965422,training_touch
10:08:04.288,1,-3.280914,1.440745,-0.803371,training_touch
10:08:04.288,2,-1.35956,1.393912,-0.964648,training_touch
10:08:04.369,1,-3.299735,1.385201,-0.793179,training_touch
10:08:04.369,2,-1.371343,1.394266,-0.969972,training_touch
10:08:04.520,1,-3.303731,1.380671,-0.791474,training_touch
10:08:04.522,2,-1.383113,1.394981,-0.969285,training_touch
10:08:04.602,1,-3.329661,1.38975,-0.809265,training_touch
10:08:04.602,2,-1.354609,1.394687,-0.946643,training_touch
10:08:04.736,1,-3.326424,1.380909,-0.808429,training_touch
10:08:04.736,2,-1.354164,1.393317,-0.949599,training_touch
10:08:04.886,1,-3.332296,1.312383,-0.802725,training_touch
10:08:04.886,2,-1.405557,1.392379,-0.977624,training_touch
10:08:05.036,1,-3.337049,1.266518,-0.800184,training_touch
10:08:05.036,2,-1.386203,1.392245,-0.966478,training_touch
10:08:05.186,1,-3.348169,1.252585,-0.803494,training_touch
10:08:05.186,2,-1.40412,1.391424,-0.981518,training_touch
10:08:05.335,1,-3.352795,1.244787,-0.795753,training_touch
10:08:05.336,2,-1.401988,1.391554,-0.98571,training_touch
10:08:05.486,1,-3.35561,1.195393,-0.795342,training_touch
10:08:05.486,2,-1.406389,1.392157,-0.966972,training_touch
10:08:05.636,1,-3.358662,1.201139,-0.788691,training_touch
10:08:05.636,2,-1.442908,1.391081,-0.971345,training_touch
10:08:05.786,1,-3.36185,1.095635,-0.784887,training_touch
10:08:05.786,2,-1.398371,1.390923,-0.95744,training_touch
10:08:05.953,1,-3.356998,1.138495,-0.772779,training_touch
10:08:05.954,2,-1.399743,1.392561,-0.941771,training_touch
10:08:06.119,1,-3.34012,1.062138,-0.776709,training_touch
10:08:06.120,2,-1.447304,1.392408,-0.959518,training_touch
10:08:06.269,1,-3.339371,1.096164,-0.78648,training_touch
10:08:06.269,2,-1.420989,1.392161,-0.932794,training_touch
10:08:06.436,1,-3.311892,1.09855,-0.809169,training_touch
10:08:06.437,2,-1.447926,1.392166,-0.958967,training_touch
10:08:06.603,1,-3.301048,1.093316,-0.83662,training_touch
10:08:06.603,2,-1.433144,1.39371,-0.954525,training_touch
10:08:06.752,1,-3.255997,1.092085,-0.861411,training_touch
10:08:06.752,2,-1.499079,1.394745,-0.956716,training_touch
10:08:06.903,1,-3.253645,1.098268,-0.878615,training_touch
10:08:06.903,2,-1.567801,1.39561,-0.967377,training_touch
10:08:07.002,1,-3.23451,1.097314,-0.891243,training_touch
10:08:07.003,2,-1.385719,1.396142,-0.959019,training_touch
10:08:07.120,1,-3.229994,1.111542,-0.899166,training_touch
10:08:07.120,2,-1.40956,1.395357,-0.926529,training_touch
10:08:07.269,1,-3.227775,1.100368,-0.900249,training_touch
10:08:07.269,2,-1.404181,1.395297,-0.938389,training_touch
10:08:07.371,1,-3.221838,1.096906,-0.906355,training_touch
10:08:07.372,2,-1.469271,1.394862,-0.94795,training_touch
10:08:07.470,1,-3.220301,1.069711,-0.905493,training_touch
10:08:07.470,2,-1.447643,1.393264,-0.960013,training_touch
10:08:07.552,1,-3.217654,1.170664,-0.904938,training_touch
10:08:07.552,2,-1.432989,1.39396,-0.960302,training_touch
10:08:07.636,1,-3.214739,1.192156,-0.901277,training_touch
10:08:07.637,2,-1.385492,1.3944,-0.898668,training_touch
10:08:07.786,1,-3.212203,1.194133,-0.898329,training_touch
10:08:07.786,2,-1.428328,1.394541,-0.93727,training_touch
10:08:07.936,1,-3.198593,1.190387,-0.89183,training_touch
10:08:07.936,2,-1.451357,1.394532,-0.956861,training_touch
10:08:08.086,1,-3.187106,1.13661,-0.872778,training_touch
10:08:08.086,2,-1.459057,1.3953,-0.958612,training_touch
10:08:08.236,1,-3.19508,1.140465,-0.858398,training_touch
10:08:08.236,2,-1.442852,1.395441,-0.955522,training_touch
10:08:08.353,1,-3.210813,1.142846,-0.81708,training_touch
10:08:08.353,2,-1.422709,1.395357,-0.949995,training_touch
10:08:08.503,1,-3.214582,1.142695,-0.804773,training_touch
10:08:08.504,2,-1.40532,1.395444,-0.945936,training_touch
10:08:08.602,1,-3.223487,1.140309,-0.792368,training_touch
10:08:08.602,2,-1.434662,1.396394,-0.94684,training_touch
10:08:08.686,1,-3.229933,1.187688,-0.78791,training_touch
10:08:08.686,2,-1.443884,1.396885,-0.947458,training_touch
10:08:08.786,1,-3.239332,1.108374,-0.779724,training_touch
10:08:08.787,2,-1.41151,1.396761,-0.954168,training_touch
10:08:08.936,1,-3.246075,1.182465,-0.775502,training_touch
10:08:08.937,2,-1.414143,1.397342,-0.952375,training_touch
10:08:09.054,1,-3.25167,1.119159,-0.771869,training_touch
10:08:09.055,2,-1.411694,1.397379,-0.937037,training_touch
10:08:09.153,1,-3.254398,1.177047,-0.771706,training_touch
10:08:09.153,2,-1.414026,1.39742,-0.945438,training_touch
10:08:09.253,1,-3.259159,1.095445,-0.771363,training_touch
10:08:09.254,2,-1.415081,1.397017,-0.946155,training_touch
10:08:09.355,1,-3.256325,1.135036,-0.771025,training_touch
10:08:09.355,2,-1.409493,1.393965,-0.955722,training_touch
10:08:09.436,1,-3.249148,1.128118,-0.770173,training_touch
10:08:09.436,2,-1.396316,1.391018,-0.960719,training_touch
10:08:09.519,1,-3.248611,1.132686,-0.770138,training_touch
10:08:09.520,2,-1.385012,1.389601,-0.977722,training_touch
10:08:09.602,1,-3.246622,1.093076,-0.770249,training_touch
10:08:09.603,2,-1.384266,1.388467,-0.973,training_touch
10:08:09.686,1,-3.245673,1.093545,-0.770147,training_touch
10:08:09.686,2,-1.394604,1.387114,-1.01752,training_touch
10:08:09.770,1,-3.245241,1.131555,-0.770281,training_touch
10:08:09.770,2,-1.394754,1.38685,-1.014949,training_touch
10:08:09.869,1,-3.246639,1.124627,-0.770283,training_touch
10:08:09.869,2,-1.320567,1.386497,-0.951562,training_touch
10:08:09.969,1,-3.246844,1.13275,-0.770369,training_touch
10:08:09.969,2,-1.319361,1.392784,-0.959847,training_touch
10:08:10.070,1,-3.247784,1.182876,-0.770247,training_touch
10:08:10.070,2,-1.340771,1.394357,-1.015135,training_touch
10:08:10.152,1,-3.251665,1.158734,-0.77081,training_touch
10:08:10.152,2,-1.35614,1.395444,-1.062071,training_touch
10:08:10.319,1,-3.252226,1.085896,-0.770367,training_touch
10:08:10.320,2,-1.379651,1.395616,-1.142906,training_touch
10:08:10.421,1,-3.25381,1.08992,-0.768185,training_touch
10:08:10.421,2,-1.401982,1.395994,-1.199374,training_touch
10:08:10.502,1,-3.253095,1.100831,-0.76838,training_touch
10:08:10.502,2,-1.408036,1.396968,-1.241876,training_touch
10:08:10.588,1,-3.252878,1.117815,-0.768507,training_touch
10:08:10.588,2,-1.408152,1.397417,-1.262072,training_touch
10:08:10.669,1,-3.251907,1.0944,-0.768935,training_touch
10:08:10.669,2,-1.404699,1.397348,-1.303373,training_touch
10:08:10.837,1,-3.252255,1.134997,-0.768933,training_touch
10:08:10.837,2,-1.393315,1.397814,-1.353365,training_touch
10:08:10.920,1,-3.250786,1.1821,-0.76972,training_touch
10:08:10.920,2,-1.383426,1.397599,-1.380059,training_touch
10:08:11.002,1,-3.257699,1.136435,-0.771211,training_touch
10:08:11.002,2,-1.377256,1.397504,-1.393316,training_touch
10:08:11.086,1,-3.261061,1.172548,-0.770562,training_touch
10:08:11.086,2,-1.363026,1.396578,-1.431173,training_touch
10:08:11.186,1,-3.266587,1.129965,-0.768438,training_touch
10:08:11.187,2,-1.340824,1.396461,-1.477443,training_touch
10:08:11.288,1,-3.268943,1.123161,-0.769113,training_touch
10:08:11.289,2,-1.320282,1.396806,-1.522997,training_touch
10:08:11.369,1,-3.267491,1.136837,-0.768776,training_touch
10:08:11.369,2,-1.299912,1.396788,-1.561959,training_touch
10:08:11.452,1,-3.269049,1.125054,-0.768255,training_touch
10:08:11.452,2,-1.292262,1.39684,-1.57865,training_touch
10:08:11.553,1,-3.264111,1.138461,-0.767952,training_touch
10:08:11.554,2,-1.276673,1.39718,-1.626806,training_touch
10:08:11.636,1,-3.25957,1.113203,-0.76862,training_touch
10:08:11.636,2,-1.265188,1.397302,-1.651026,training_touch
10:08:11.752,1,-3.260629,1.117175,-0.768284,training_touch
10:08:11.753,2,-1.267399,1.397178,-1.691324,training_touch
10:08:11.853,1,-3.260226,1.130391,-0.768652,training_touch
10:08:11.853,2,-1.258177,1.396605,-1.70988,training_touch
10:08:11.969,1,-3.262758,1.130937,-0.768594,training_touch
10:08:11.969,2,-1.248236,1.396798,-1.747136,training_touch
10:08:12.070,1,-3.262765,1.114623,-0.768587,training_touch
10:08:12.070,2,-1.241839,1.39626,-1.762109,training_touch
10:08:12.170,1,-3.267621,1.144012,-0.76949,training_touch
10:08:12.170,2,-1.240804,1.395653,-1.785639,training_touch
10:08:12.252,1,-3.26771,1.172937,-0.769064,training_touch
10:08:12.252,2,-1.24068,1.392538,-1.78959,training_touch
10:08:12.336,1,-3.267273,1.109995,-0.769197,training_touch
10:08:12.337,2,-1.240366,1.392656,-1.794311,training_touch
10:08:12.437,1,-3.269614,1.139749,-0.769734,training_touch
10:08:12.437,2,-1.239974,1.392959,-1.797213,training_touch
10:08:12.519,1,-3.270781,1.186889,-0.76886,training_touch
10:08:12.519,2,-1.238597,1.391586,-1.797912,training_touch
10:08:12.669,1,-3.271512,1.196596,-0.767691,training_touch
10:08:12.669,2,-1.236237,1.390702,-1.797997,training_touch
10:08:12.771,1,-3.272625,1.152355,-0.767963,training_touch
10:08:12.772,2,-1.241523,1.390301,-1.796324,training_touch
10:08:12.871,1,-3.271967,1.135159,-0.767723,training_touch
10:08:12.872,2,-1.241038,1.388257,-1.797522,training_touch
10:08:12.952,1,-3.271576,1.145407,-0.768066,training_touch
10:08:12.953,2,-1.240085,1.388068,-1.797014,training_touch
10:08:13.036,1,-3.271998,1.204268,-0.767799,training_touch
10:08:13.036,2,-1.238844,1.383408,-1.797707,training_touch
10:08:13.138,1,-3.268644,1.120385,-0.766536,training_touch
10:08:13.138,2,-1.244407,1.362023,-1.796105,training_touch
10:08:13.237,1,-3.26979,1.137886,-0.762869,training_touch
10:08:13.237,2,-1.24644,1.345919,-1.796066,training_touch
10:08:13.338,1,-3.267915,1.170692,-0.756885,training_touch
10:08:13.338,2,-1.246456,1.343434,-1.797561,training_touch
10:08:13.437,1,-3.269053,1.181497,-0.757343,training_touch
10:08:13.437,2,-1.247185,1.343907,-1.798701,training_touch
10:08:13.519,1,-3.270659,1.150305,-0.758602,training_touch
10:08:13.519,2,-1.247711,1.325615,-1.79857,training_touch
10:08:13.620,1,-3.270385,1.150803,-0.759548,training_touch
10:08:13.620,2,-1.247938,1.328222,-1.79866,training_touch
10:08:13.702,1,-3.270198,1.106411,-0.75931,training_touch
10:08:13.703,2,-1.246803,1.322971,-1.800699,training_touch
10:08:13.786,1,-3.269207,1.145673,-0.758422,training_touch
10:08:13.786,2,-1.247245,1.257674,-1.800832,training_touch
10:08:13.869,1,-3.269121,1.12931,-0.758354,training_touch
10:08:13.871,2,-1.245468,1.232306,-1.7994,training_touch
10:08:13.952,1,-3.269499,1.118321,-0.758426,training_touch
10:08:13.952,2,-1.24414,1.215125,-1.799276,training_touch
10:08:14.038,1,-3.271925,1.221892,-0.759029,training_touch
10:08:14.039,2,-1.243528,1.206135,-1.799903,training_touch
10:08:14.119,1,-3.272042,1.197661,-0.760182,training_touch
10:08:14.119,2,-1.243272,1.13967,-1.799429,training_touch
10:08:14.221,1,-3.271956,1.110436,-0.759902,training_touch
10:08:14.221,2,-1.242911,1.145383,-1.799537,training_touch
10:08:14.302,1,-3.272225,1.145636,-0.75955,training_touch
10:08:14.302,2,-1.242841,1.095154,-1.799225,training_touch
10:08:14.386,1,-3.272073,1.145059,-0.759412,training_touch
10:08:14.386,2,-1.240909,1.096737,-1.799222,training_touch
10:08:14.469,1,-3.272676,1.151667,-0.75937,training_touch
10:08:14.469,2,-1.238964,1.100064,-1.800234,training_touch
10:08:14.571,1,-3.27218,1.190816,-0.757851,training_touch
10:08:14.571,2,-1.238739,1.070094,-1.797309,training_touch
10:08:14.671,1,-3.271974,1.1144,-0.758266,training_touch
10:08:14.672,2,-1.237674,1.065804,-1.798201,training_touch
10:08:14.752,1,-3.272141,1.111586,-0.758169,training_touch
10:08:14.752,2,-1.237848,1.064532,-1.798511,training_touch
10:08:14.836,1,-3.271905,1.148269,-0.757966,training_touch
10:08:14.836,2,-1.235084,1.061047,-1.801315,training_touch
10:08:14.919,1,-3.272118,1.191788,-0.757941,training_touch
10:08:14.919,2,-1.234529,1.093186,-1.800937,training_touch
10:08:15.003,1,-3.271637,1.18544,-0.758149,training_touch
10:08:15.003,2,-1.234189,1.102403,-1.800876,training_touch
10:08:15.086,1,-3.272142,1.197297,-0.757874,training_touch
10:08:15.086,2,-1.233702,1.097495,-1.800328,training_touch
10:08:15.169,1,-3.272671,1.201829,-0.757816,training_touch
10:08:15.170,2,-1.234008,1.092177,-1.800038,training_touch
10:08:15.270,1,-3.27252,1.145881,-0.757794,training_touch
10:08:15.271,2,-1.234311,1.087673,-1.798594,training_touch
10:08:15.352,1,-3.271752,1.104391,-0.758592,training_touch
10:08:15.352,2,-1.2335,1.059634,-1.799,training_touch
10:08:15.437,1,-3.271427,1.188738,-0.756879,training_touch
10:08:15.437,2,-1.234202,1.057575,-1.796918,training_touch
10:08:15.537,1,-3.271793,1.238611,-0.75678,training_touch
10:08:15.537,2,-1.232442,1.05375,-1.79875,training_touch
10:08:15.619,1,-3.271698,1.193315,-0.75651,training_touch
10:08:15.619,2,-1.230153,1.053383,-1.794666,training_touch
10:08:15.720,1,-3.273326,1.24626,-0.757103,training_touch
10:08:15.720,2,-1.2277,1.051803,-1.787829,training_touch
10:08:15.837,1,-3.274123,1.290787,-0.758616,training_touch
10:08:15.837,2,-1.224221,1.050716,-1.771593,training_touch
10:08:15.937,1,-3.276078,1.294367,-0.759412,training_touch
10:08:15.937,2,-1.223618,1.048876,-1.754283,training_touch
10:08:16.019,1,-3.274556,1.321106,-0.758727,training_touch
10:08:16.020,2,-1.22381,1.048104,-1.743989,training_touch
10:08:16.102,1,-3.270146,1.366717,-0.758367,training_touch
10:08:16.103,2,-1.225053,1.045576,-1.710604,training_touch
10:08:16.188,1,-3.270092,1.385702,-0.758527,training_touch
10:08:16.188,2,-1.22803,1.040204,-1.685303,training_touch
10:08:16.269,1,-3.26857,1.397839,-0.758235,training_touch
10:08:16.269,2,-1.239628,1.053937,-1.645876,training_touch
10:08:16.353,1,-3.26873,1.406681,-0.758509,training_touch
10:08:16.353,2,-1.241574,1.051577,-1.615057,training_touch
10:08:16.454,1,-3.270157,1.428676,-0.758883,training_touch
10:08:16.454,2,-1.26586,1.04714,-1.548473,training_touch
10:08:16.553,1,-3.265791,1.433417,-0.754619,training_touch
10:08:16.554,2,-1.29743,1.058833,-1.49154,training_touch
10:08:16.636,1,-3.268881,1.433748,-0.751885,training_touch
10:08:16.636,2,-1.32261,1.049908,-1.425011,training_touch
10:08:16.720,1,-3.2751,1.449024,-0.754876,training_touch
10:08:16.720,2,-1.329499,1.049587,-1.40473,training_touch
10:08:16.802,1,-3.275409,1.451327,-0.753616,training_touch
10:08:16.803,2,-1.355054,1.077324,-1.337386,training_touch
10:08:16.887,1,-3.274791,1.453133,-0.753208,training_touch
10:08:16.888,2,-1.369551,1.081517,-1.305153,training_touch
10:08:16.969,1,-3.237167,1.454836,-0.748892,training_touch
10:08:16.969,2,-1.383699,1.079542,-1.262956,training_touch
10:08:17.137,1,-3.230881,1.455154,-0.747984,training_touch
10:08:17.137,2,-1.398044,1.092899,-1.200019,training_touch
10:08:17.237,1,-3.229102,1.449036,-0.750651,training_touch
10:08:17.237,2,-1.398797,1.075723,-1.155786,training_touch
10:08:17.319,1,-3.282177,1.453001,-0.771815,training_touch
10:08:17.319,2,-1.393298,1.089372,-1.090994,training_touch
10:08:17.403,1,-3.277046,1.461085,-0.77689,training_touch
10:08:17.404,2,-1.373322,1.081189,-1.055261,training_touch
10:08:17.505,1,-3.272996,1.475391,-0.782421,training_touch
10:08:17.505,2,-1.388967,1.082089,-1.027376,training_touch
10:08:17.586,1,-3.288481,1.462587,-0.784752,training_touch
10:08:17.586,2,-1.452991,1.075811,-0.999623,training_touch
10:08:17.669,1,-3.289539,1.48145,-0.785117,training_touch
10:08:17.669,2,-1.424372,1.041353,-0.978965,training_touch
10:08:17.754,1,-3.292629,1.483003,-0.788072,training_touch
10:08:17.755,2,-1.429581,1.07164,-0.983853,training_touch
10:08:17.836,1,-3.293533,1.484029,-0.795773,training_touch
10:08:17.836,2,-1.433165,1.077097,-0.991316,training_touch
10:08:17.919,1,-3.29429,1.484614,-0.811629,training_touch
10:08:17.919,2,-1.426088,1.076571,-0.975236,training_touch
10:08:18.003,1,-3.29189,1.47947,-0.818732,training_touch
10:08:18.003,2,-1.44245,1.07885,-0.95489,training_touch
10:08:18.103,1,-3.289233,1.478908,-0.819791,training_touch
10:08:18.104,2,-1.448279,1.079834,-0.958645,training_touch
10:08:18.203,1,-3.285175,1.477286,-0.827935,training_touch
10:08:18.204,2,-1.455849,1.083242,-0.965889,training_touch
10:08:18.286,1,-3.273505,1.476042,-0.837546,training_touch
10:08:18.286,2,-1.452831,1.109681,-0.965769,training_touch
10:08:18.369,1,-3.276723,1.474308,-0.841734,training_touch
10:08:18.369,2,-1.455613,1.076804,-0.966524,training_touch
10:08:18.519,1,-3.239947,1.457891,-0.867484,training_touch
10:08:18.519,2,-1.431011,1.084191,-0.959293,training_touch
10:08:18.602,1,-3.237887,1.439231,-0.870352,training_touch
10:08:18.603,2,-1.4278,1.084826,-0.954343,training_touch
10:08:18.687,1,-3.240859,1.431091,-0.873286,training_touch
10:08:18.688,2,-1.430585,1.086475,-0.942788,training_touch
10:08:18.787,1,-3.245678,1.413245,-0.868903,training_touch
10:08:18.787,2,-1.424135,1.053804,-0.964916,training_touch
10:08:18.869,1,-3.258458,1.402444,-0.884003,training_touch
10:08:18.869,2,-1.422487,1.037679,-0.98108,training_touch
10:08:18.953,1,-3.268003,1.389014,-0.882901,training_touch
10:08:18.954,2,-1.409262,1.061514,-0.975311,training_touch
10:08:19.053,1,-3.287963,1.383518,-0.877342,training_touch
10:08:19.053,2,-1.403767,1.067428,-1.011544,training_touch
10:08:19.136,1,-3.233,1.375177,-0.90036,training_touch
10:08:19.136,2,-1.400567,1.046498,-1.00658,training_touch
10:08:19.219,1,-3.23303,1.376837,-0.9005,training_touch
10:08:19.220,2,-1.412595,1.046049,-1.00189,training_touch
10:08:19.320,1,-3.234113,1.37573,-0.903581,training_touch
10:08:19.320,2,-1.424291,1.065579,-0.992006,training_touch
10:08:19.469,1,-3.233957,1.370673,-0.907603,training_touch
10:08:19.469,2,-1.406627,1.054253,-0.996762,training_touch
10:08:19.552,1,-3.234275,1.358345,-0.915898,training_touch
10:08:19.553,2,-1.349485,1.055092,-0.968839,training_touch
10:08:19.636,1,-3.247638,1.350842,-0.912043,training_touch
10:08:19.636,2,-1.382807,1.064163,-0.980371,training_touch
10:08:19.720,1,-3.241825,1.349888,-0.920732,training_touch
10:08:19.720,2,-1.391165,1.103643,-0.99133,training_touch
10:08:19.822,1,-3.273502,1.349786,-0.914791,training_touch
10:08:19.822,2,-1.4027,1.082194,-0.998582,training_touch
10:08:19.902,1,-3.279121,1.349207,-0.916356,training_touch
10:08:19.903,2,-1.401874,1.150388,-0.999026,training_touch
10:08:20.003,1,-3.245458,1.349443,-0.93802,training_touch
10:08:20.003,2,-1.402861,1.106838,-0.9983,training_touch
10:08:20.103,1,-3.250441,1.350271,-0.94191,training_touch
10:08:20.105,2,-1.410241,1.11347,-0.995872,training_touch
10:08:20.202,1,-3.262588,1.350979,-0.948648,training_touch
10:08:20.203,2,-1.410017,1.313697,-0.993434,training_touch
10:08:20.302,1,-3.301493,1.351052,-0.966193,training_touch
10:08:20.303,2,-1.408324,1.312919,-0.989044,training_touch
10:08:20.386,1,-3.32353,1.351523,-0.974237,training_touch
10:08:20.386,2,-1.411836,1.340684,-0.990914,training_touch
10:08:20.489,1,-3.361439,1.354802,-0.987175,training_touch
10:08:20.489,2,-1.412044,1.339904,-0.996979,training_touch
10:08:20.586,1,-3.396177,1.353802,-1.003386,training_touch
10:08:20.586,2,-1.415144,1.345401,-0.995637,training_touch
10:08:20.686,1,-3.420549,1.349215,-1.018591,training_touch
10:08:20.686,2,-1.418911,1.349202,-0.994253,training_touch
10:08:20.788,1,-3.44451,1.349924,-1.035626,training_touch
10:08:20.788,2,-1.418863,1.360777,-0.993032,training_touch
10:08:20.887,1,-3.459583,1.349939,-1.049482,training_touch
10:08:20.887,2,-1.41869,1.373004,-0.991852,training_touch
10:08:20.969,1,-3.488453,1.351089,-1.069568,training_touch
10:08:20.969,2,-1.416743,1.373061,-0.991583,training_touch
10:08:21.052,1,-3.496638,1.352108,-1.079115,training_touch
10:08:21.053,2,-1.419042,1.381171,-0.990916,training_touch
10:08:21.153,1,-3.504534,1.346575,-1.097615,training_touch
10:08:21.153,2,-1.420215,1.386521,-0.990655,training_touch
10:08:21.253,1,-3.510062,1.348527,-1.1175,training_touch
10:08:21.254,2,-1.411957,1.388451,-0.992286,training_touch
10:08:21.336,1,-3.498291,1.350602,-1.144598,training_touch
10:08:21.336,2,-1.412982,1.394595,-0.989109,training_touch
10:08:21.420,1,-3.488603,1.356424,-1.16624,training_touch
10:08:21.421,2,-1.415612,1.397178,-0.989094,training_touch
10:08:21.502,1,-3.482466,1.355068,-1.200341,training_touch
10:08:21.503,2,-1.421701,1.395793,-0.992303,training_touch
10:08:21.586,1,-3.476619,1.353801,-1.221383,training_touch
10:08:21.586,2,-1.423377,1.397214,-0.993947,training_touch
10:08:21.669,1,-3.469572,1.353496,-1.263548,training_touch
10:08:21.669,2,-1.418758,1.395381,-0.995367,training_touch
10:08:21.820,1,-3.485153,1.350773,-1.316427,training_touch
10:08:21.821,2,-1.41106,1.394204,-0.996781,training_touch
10:08:21.902,1,-3.458492,1.34898,-1.363098,training_touch
10:08:21.903,2,-1.413233,1.393559,-0.995312,training_touch
10:08:21.987,1,-3.494792,1.348848,-1.369536,training_touch
10:08:21.987,2,-1.411435,1.383462,-0.995328,training_touch
10:08:22.087,1,-3.500195,1.349522,-1.386833,training_touch
10:08:22.087,2,-1.404282,1.385912,-0.996515,training_touch
10:08:22.169,1,-3.485978,1.353544,-1.42208,training_touch
10:08:22.169,2,-1.406586,1.384208,-0.996344,training_touch
10:08:22.269,1,-3.455404,1.353196,-1.454467,training_touch
10:08:22.270,2,-1.41308,1.382343,-0.995113,training_touch
10:08:22.353,1,-3.489756,1.357219,-1.42823,training_touch
10:08:22.353,2,-1.410824,1.382108,-0.994827,training_touch
10:08:22.436,1,-3.490139,1.357198,-1.428756,training_touch
10:08:22.436,2,-1.410554,1.383146,-0.992326,training_touch
10:08:22.586,1,-3.493454,1.35668,-1.433627,training_touch
10:08:22.586,2,-1.407352,1.385388,-0.994446,training_touch
10:08:22.687,1,-3.495099,1.359878,-1.433205,training_touch
10:08:22.687,2,-1.396108,1.385166,-0.992436,training_touch
10:08:22.769,1,-3.49617,1.365021,-1.433134,training_touch
10:08:22.769,2,-1.40085,1.38322,-0.991543,training_touch
10:08:22.871,1,-3.497429,1.370262,-1.430916,training_touch
10:08:22.872,2,-1.402317,1.382754,-0.991994,training_touch
10:08:22.970,1,-3.481338,1.374809,-1.434017,training_touch
10:08:22.970,2,-1.410508,1.384201,-0.993775,training_touch
10:08:23.072,1,-3.477529,1.375981,-1.436479,training_touch
10:08:23.072,2,-1.410655,1.383504,-0.992939,training_touch
10:08:23.153,1,-3.477174,1.374515,-1.436684,training_touch
10:08:23.153,2,-1.409212,1.383636,-0.993904,training_touch
10:08:23.236,1,-3.478001,1.374333,-1.437742,training_touch
10:08:23.236,2,-1.410257,1.384155,-0.994264,training_touch
10:08:23.320,1,-3.494443,1.37651,-1.4313,training_touch
10:08:23.320,2,-1.40943,1.386457,-0.995328,training_touch
10:08:23.420,1,-3.498219,1.376656,-1.42995,training_touch
10:08:23.422,2,-1.41518,1.387007,-0.994228,training_touch
10:08:23.520,1,-3.500374,1.383576,-1.428271,training_touch
10:08:23.522,2,-1.412421,1.386174,-0.999853,training_touch
10:08:23.621,1,-3.500598,1.382085,-1.42872,training_touch
10:08:23.622,2,-1.420898,1.386286,-0.996277,training_touch
10:08:23.720,1,-3.499224,1.378499,-1.429273,training_touch
10:08:23.721,2,-1.417693,1.386337,-0.992011,training_touch
10:08:23.820,1,-3.499036,1.37624,-1.429205,training_touch
10:08:23.820,2,-1.420382,1.386487,-0.991124,training_touch
10:08:23.903,1,-3.499033,1.375849,-1.427123,training_touch
10:08:23.903,2,-1.420904,1.385331,-0.993352,training_touch
10:08:24.003,1,-3.498781,1.376686,-1.427272,training_touch
10:08:24.003,2,-1.421774,1.385208,-0.993656,training_touch
10:08:24.103,1,-3.498186,1.377286,-1.427704,training_touch
10:08:24.103,2,-1.415479,1.384268,-0.988076,training_touch
10:08:24.186,1,-3.49806,1.376985,-1.427955,training_touch
10:08:24.186,2,-1.42093,1.383795,-0.986529,training_touch
10:08:24.337,1,-3.498109,1.380207,-1.427765,training_touch
10:08:24.337,2,-1.432607,1.383452,-0.992683,training_touch
10:08:24.419,1,-3.497927,1.378909,-1.428796,training_touch
10:08:24.420,2,-1.428494,1.383554,-0.99025,training_touch
10:08:24.503,1,-3.497852,1.378182,-1.428952,training_touch
10:08:24.503,2,-1.421263,1.383553,-0.986741,training_touch
10:08:24.586,1,-3.497554,1.37783,-1.428781,training_touch
10:08:24.586,2,-1.413585,1.384098,-0.987528,training_touch
10:08:24.669,1,-3.497556,1.375333,-1.429206,training_touch
10:08:24.669,2,-1.414148,1.382862,-0.986524,training_touch
10:08:24.820,1,-3.497462,1.375808,-1.429337,training_touch
10:08:24.820,2,-1.431586,1.382082,-0.990933,training_touch
10:08:24.919,1,-3.497928,1.37892,-1.430106,training_touch
10:08:24.919,2,-1.434872,1.382221,-0.990411,training_touch
10:08:25.020,1,-3.498467,1.379971,-1.429275,training_touch
10:08:25.020,2,-1.424634,1.381712,-0.991049,training_touch
10:08:25.120,1,-3.497569,1.380639,-1.432089,training_touch
10:08:25.121,2,-1.412701,1.382375,-0.988304,training_touch
10:08:25.303,1,-3.498807,1.381578,-1.430393,training_touch
10:08:25.304,2,-1.435002,1.384345,-0.991451,training_touch
10:08:25.403,1,-3.499054,1.38215,-1.429428,training_touch
10:08:25.403,2,-1.422571,1.38444,-0.993636,training_touch
10:08:25.486,1,-3.498871,1.380957,-1.428002,training_touch
10:08:25.486,2,-1.420865,1.384974,-0.995472,training_touch
10:08:25.569,1,-3.499111,1.381302,-1.427423,training_touch
10:08:25.570,2,-1.408106,1.386289,-0.998253,training_touch
10:08:25.653,1,-3.49875,1.381762,-1.427109,training_touch
10:08:25.653,2,-1.412669,1.385501,-0.994645,training_touch
10:08:25.736,1,-3.499171,1.381473,-1.426515,training_touch
10:08:25.736,2,-1.416842,1.385565,-0.992396,training_touch
10:08:25.886,1,-3.499663,1.379396,-1.42614,training_touch
10:08:25.886,2,-1.404168,1.38607,-0.983953,training_touch
10:08:25.972,1,-3.499507,1.380726,-1.427845,training_touch
10:08:25.972,2,-1.403849,1.385643,-0.985316,training_touch
10:08:26.053,1,-3.499155,1.381353,-1.428484,training_touch
10:08:26.053,2,-1.403778,1.383172,-0.989697,training_touch
10:08:26.137,1,-3.498902,1.376898,-1.428661,training_touch
10:08:26.137,2,-1.403307,1.383199,-0.990399,training_touch
10:08:26.237,1,-3.499394,1.376253,-1.429832,training_touch
10:08:26.237,2,-1.400637,1.381995,-0.99269,training_touch
10:08:26.337,1,-3.5005,1.378225,-1.430761,training_touch
10:08:26.337,2,-1.406515,1.383457,-0.989525,training_touch
10:08:26.419,1,-3.500996,1.383967,-1.431071,training_touch
10:08:26.419,2,-1.415688,1.384168,-0.995388,training_touch
10:08:26.520,1,-3.500956,1.384675,-1.430843,training_touch
10:08:26.520,2,-1.418078,1.383141,-0.99626,training_touch
10:08:26.603,1,-3.500183,1.374145,-1.431389,training_touch
10:08:26.603,2,-1.425869,1.378511,-0.991615,training_touch
10:08:26.704,1,-3.500538,1.374135,-1.431265,training_touch
10:08:26.705,2,-1.41355,1.374832,-0.990227,training_touch
10:08:26.786,1,-3.500345,1.375246,-1.431203,training_touch
10:08:26.786,2,-1.403179,1.376719,-0.991428,training_touch
10:08:26.872,1,-3.501137,1.375222,-1.429771,training_touch
10:08:26.872,2,-1.414702,1.367318,-0.99256,training_touch
10:08:26.953,1,-3.500814,1.377034,-1.430162,training_touch
10:08:26.953,2,-1.412563,1.36788,-0.994828,training_touch
10:08:27.104,1,-3.501042,1.384699,-1.430878,training_touch
10:08:27.104,2,-1.423982,1.378484,-0.994861,training_touch
10:08:27.203,1,-3.502084,1.408352,-1.430007,training_touch
10:08:27.203,2,-1.426614,1.377558,-0.993727,training_touch
10:08:27.305,1,-3.502991,1.411437,-1.431378,training_touch
10:08:27.305,2,-1.425819,1.379519,-0.994601,training_touch
10:08:27.386,1,-3.503834,1.412725,-1.43332,training_touch
10:08:27.386,2,-1.419838,1.369098,-0.990649,training_touch
10:08:27.470,1,-3.503941,1.419677,-1.43312,training_touch
10:08:27.471,2,-1.422728,1.37252,-0.992838,training_touch
10:08:27.553,1,-3.503785,1.434124,-1.431906,training_touch
10:08:27.553,2,-1.425027,1.377993,-0.992813,training_touch
10:08:27.720,1,-3.504406,1.451591,-1.431441,training_touch
10:08:27.720,2,-1.424166,1.365244,-0.992668,training_touch
10:08:27.820,1,-3.505725,1.458203,-1.429837,training_touch
10:08:27.822,2,-1.432591,1.352225,-0.992634,training_touch
10:08:27.952,1,-3.505541,1.458858,-1.429753,training_touch
10:08:27.953,2,-1.435067,1.339121,-0.994224,training_touch
10:08:28.036,1,-3.505865,1.460995,-1.429489,training_touch
10:08:28.036,2,-1.425643,1.33758,-0.993545,training_touch
10:08:28.121,1,-3.50537,1.461417,-1.428532,training_touch
10:08:28.122,2,-1.430605,1.30528,-0.993202,training_touch
10:08:28.203,1,-3.506975,1.460844,-1.431765,training_touch
10:08:28.203,2,-1.430969,1.216982,-0.993496,training_touch
10:08:28.287,1,-3.507199,1.461466,-1.431274,training_touch
10:08:28.287,2,-1.426781,1.209774,-0.994197,training_touch
10:08:28.369,1,-3.507409,1.462102,-1.432986,training_touch
10:08:28.369,2,-1.424823,1.171954,-0.994828,training_touch
10:08:28.454,1,-3.508364,1.461115,-1.432907,training_touch
10:08:28.455,2,-1.426603,1.119567,-0.994048,training_touch
10:08:28.536,1,-3.50758,1.46363,-1.433886,training_touch
10:08:28.536,2,-1.435162,1.088631,-0.993873,training_touch
10:08:28.702,1,-3.511539,1.46295,-1.432786,training_touch
10:08:28.703,2,-1.415177,1.047535,-0.993555,training_touch
10:08:28.803,1,-3.508962,1.46331,-1.433275,training_touch
10:08:28.804,2,-1.410045,1.050456,-0.991525,training_touch
10:08:28.886,1,-3.507715,1.465803,-1.432814,training_touch
10:08:28.886,2,-1.413349,1.048157,-0.99445,training_touch
10:08:28.970,1,-3.50589,1.463505,-1.431927,training_touch
10:08:28.970,2,-1.414678,1.049382,-0.996083,training_touch
10:08:29.053,1,-3.506492,1.464273,-1.430479,training_touch
10:08:29.053,2,-1.42169,1.044698,-0.992551,training_touch
10:08:29.153,1,-3.505794,1.463397,-1.430055,training_touch
10:08:29.153,2,-1.425159,1.045568,-0.9951,training_touch
10:08:29.253,1,-3.505842,1.465613,-1.429942,training_touch
10:08:29.253,2,-1.426139,1.029426,-0.998,training_touch
10:08:29.353,1,-3.505742,1.467362,-1.429374,training_touch
10:08:29.355,2,-1.428053,1.04973,-0.995255,training_touch
10:08:29.436,1,-3.506497,1.469669,-1.428913,training_touch
10:08:29.436,2,-1.42111,1.035243,-0.995964,training_touch
10:08:29.520,1,-3.494059,1.464606,-1.429672,training_touch
10:08:29.520,2,-1.427883,1.045421,-0.996551,training_touch
10:08:29.621,1,-3.50391,1.463022,-1.433507,training_touch
10:08:29.622,2,-1.430854,1.029043,-0.996163,training_touch
10:08:29.703,1,-3.505803,1.465038,-1.431961,training_touch
10:08:29.703,2,-1.425182,1.054161,-0.994279,training_touch
10:08:29.787,1,-3.504627,1.456725,-1.431207,training_touch
10:08:29.787,2,-1.428559,1.0595,-0.993339,training_touch
10:08:29.869,1,-3.503948,1.456748,-1.430307,training_touch
10:08:29.869,2,-1.426955,1.085649,-0.993688,training_touch
10:08:29.955,1,-3.503954,1.455552,-1.429854,training_touch
10:08:29.955,2,-1.433007,1.100904,-0.991756,training_touch
10:08:30.036,1,-3.505519,1.456854,-1.430398,training_touch
10:08:30.036,2,-1.428575,1.089722,-0.993847,training_touch
10:08:30.169,1,-3.505621,1.46105,-1.430807,training_touch
10:08:30.169,2,-1.417022,1.113893,-0.997839,training_touch
10:08:30.255,1,-3.507313,1.461039,-1.429622,training_touch
10:08:30.255,2,-1.422647,1.099162,-0.999729,training_touch
10:08:30.336,1,-3.506937,1.462417,-1.430645,training_touch
10:08:30.336,2,-1.418489,1.094642,-0.99929,training_touch
10:08:30.436,1,-3.506714,1.466208,-1.431937,training_touch
10:08:30.436,2,-1.413432,1.086164,-0.99565,training_touch
10:08:30.519,1,-3.497128,1.465813,-1.432932,training_touch
10:08:30.519,2,-1.429484,1.08506,-0.997769,training_touch
10:08:30.605,1,-3.498401,1.462724,-1.432837,training_touch
10:08:30.606,2,-1.43196,1.088631,-0.999948,training_touch
10:08:30.686,1,-3.482489,1.463314,-1.438954,training_touch
10:08:30.686,2,-1.427301,1.090285,-0.99935,training_touch
10:08:30.772,1,-3.479845,1.466239,-1.439286,training_touch
10:08:30.772,2,-1.424061,1.08902,-1.000235,training_touch
10:08:30.853,1,-3.477077,1.471072,-1.444121,training_touch
10:08:30.853,2,-1.421971,1.092818,-1.002316,training_touch
10:08:30.937,1,-3.456693,1.471562,-1.451961,training_touch
10:08:30.937,2,-1.421781,1.092711,-1.000754,training_touch
10:08:31.038,1,-3.45278,1.473099,-1.460735,training_touch
10:08:31.039,2,-1.422418,1.089749,-1.000999,training_touch
10:08:31.119,1,-3.455604,1.477966,-1.475018,training_touch
10:08:31.119,2,-1.4229,1.088555,-1.000619,training_touch
10:08:31.203,1,-3.457218,1.478729,-1.480528,training_touch
10:08:31.203,2,-1.426459,1.091276,-0.998907,training_touch
10:08:31.286,1,-3.462859,1.483912,-1.488984,training_touch
10:08:31.286,2,-1.426153,1.094627,-0.998606,training_touch
10:08:31.369,1,-3.46869,1.483796,-1.494337,training_touch
10:08:31.369,2,-1.426983,1.097058,-0.998913,training_touch
10:08:31.455,1,-3.486941,1.488934,-1.503181,training_touch
10:08:31.455,2,-1.427441,1.096046,-0.999548,training_touch
10:08:31.536,1,-3.496261,1.488264,-1.506541,training_touch
10:08:31.536,2,-1.431197,1.097593,-1.000493,training_touch
10:08:31.720,1,-3.528507,1.489894,-1.513681,training_touch
10:08:31.720,2,-1.426222,1.096527,-0.997309,training_touch
10:08:31.820,1,-3.569377,1.492126,-1.519987,training_touch
10:08:31.820,2,-1.427638,1.084339,-0.996801,training_touch
10:08:31.920,1,-3.604024,1.492834,-1.527847,training_touch
10:08:31.920,2,-1.424842,1.087859,-0.99692,training_touch
10:08:32.022,1,-3.659089,1.488949,-1.53557,training_touch
10:08:32.022,2,-1.432903,1.089143,-1.00076,training_touch
10:08:32.103,1,-3.680761,1.483744,-1.541569,training_touch
10:08:32.103,2,-1.436345,1.094487,-1.000597,training_touch
10:08:32.237,1,-3.700632,1.486328,-1.54463,training_touch
10:08:32.237,2,-1.436418,1.093399,-1.000897,training_touch
10:08:32.403,1,-3.78003,1.497899,-1.564853,training_touch
10:08:32.404,2,-1.438375,1.091517,-1.001738,training_touch
10:08:32.570,1,-3.838909,1.494279,-1.575253,training_touch
10:08:32.570,2,-1.437322,1.090274,-1.003354,training_touch
10:08:32.737,1,-3.862744,1.490697,-1.579886,training_touch
10:08:32.737,2,-1.436365,1.090083,-1.004119,training_touch
10:08:32.903,1,-3.893226,1.491142,-1.585832,training_touch
10:08:32.903,2,-1.429973,1.090526,-1.000533,training_touch
10:08:33.053,1,-3.903775,1.490352,-1.59356,training_touch
10:08:33.053,2,-1.426388,1.087731,-1.001998,training_touch
10:08:33.153,1,-3.908616,1.48996,-1.59888,training_touch
10:08:33.153,2,-1.425062,1.088669,-1.002743,training_touch
10:08:33.304,1,-3.909186,1.494763,-1.602974,training_touch
10:08:33.304,2,-1.423479,1.091996,-1.0029,training_touch
10:08:33.420,1,-3.909441,1.485294,-1.613966,training_touch
10:08:33.421,2,-1.421047,1.090985,-1.000437,training_touch
10:08:33.570,1,-3.908433,1.483942,-1.614198,training_touch
10:08:33.570,2,-1.409229,1.090009,-0.997701,training_touch
10:08:33.669,1,-3.897662,1.482343,-1.614575,training_touch
10:08:33.669,2,-1.427398,1.088511,-0.991351,training_touch
10:08:33.803,1,-3.887112,1.481535,-1.617659,training_touch
10:08:33.804,2,-1.420668,1.085841,-0.995099,training_touch
10:08:33.953,1,-3.870679,1.480592,-1.617164,training_touch
10:08:33.953,2,-1.419579,1.088291,-0.994965,training_touch
10:08:34.053,1,-3.854906,1.481876,-1.611078,training_touch
10:08:34.053,2,-1.417292,1.088018,-0.997795,training_touch
10:08:34.203,1,-3.842131,1.483984,-1.606337,training_touch
10:08:34.204,2,-1.417439,1.088104,-0.997364,training_touch
10:08:34.353,1,-3.814409,1.480714,-1.600326,training_touch
10:08:34.353,2,-1.411757,1.089778,-0.999935,training_touch
10:08:34.504,1,-3.788014,1.480432,-1.59368,training_touch
10:08:34.504,2,-1.418201,1.090014,-1.004611,training_touch
10:08:34.670,1,-3.777106,1.480757,-1.587572,training_touch
10:08:34.671,2,-1.502035,1.089774,-1.011327,training_touch
10:08:34.837,1,-3.758447,1.483716,-1.576358,training_touch
10:08:34.837,2,-1.468183,1.089112,-1.021983,training_touch
10:08:34.986,1,-3.74723,1.484293,-1.567914,training_touch
10:08:34.986,2,-1.420023,1.084877,-1.001335,training_touch
10:08:35.137,1,-3.745282,1.483388,-1.564812,training_touch
10:08:35.137,2,-1.428509,1.071402,-0.993042,training_touch
10:08:35.286,1,-3.74393,1.48347,-1.558919,training_touch
10:08:35.286,2,-1.445333,1.072679,-0.971108,training_touch
10:08:35.369,1,-3.744787,1.483231,-1.55773,training_touch
10:08:35.369,2,-1.447794,1.074705,-0.998052,training_touch
10:08:35.454,1,-3.745506,1.484116,-1.55709,training_touch
10:08:35.455,2,-1.396903,1.076902,-1.006345,training_touch
10:08:35.536,1,-3.746319,1.485642,-1.554687,training_touch
10:08:35.536,2,-1.364615,1.07979,-0.96742,training_touch
10:08:35.620,1,-3.747037,1.485796,-1.555043,training_touch
10:08:35.620,2,-1.423801,1.080049,-0.976502,training_touch
10:08:35.703,1,-3.748826,1.485119,-1.55418,training_touch
10:08:35.703,2,-1.428003,1.072055,-0.978243,training_touch
10:08:35.786,1,-3.749485,1.485759,-1.554555,training_touch
10:08:35.787,2,-1.409449,1.072891,-0.97832,training_touch
10:08:35.869,1,-3.750867,1.486644,-1.556017,training_touch
10:08:35.869,2,-1.391304,1.076989,-0.972791,training_touch
10:08:35.955,1,-3.753391,1.486963,-1.555787,training_touch
10:08:35.955,2,-1.426553,1.076959,-0.973767,training_touch
10:08:36.055,1,-3.75478,1.487006,-1.559291,training_touch
10:08:36.055,2,-1.368393,1.073088,-0.932465,training_touch
10:08:36.170,1,-3.756165,1.4872,-1.56294,training_touch
10:08:36.171,2,-1.376575,1.071178,-0.93186,training_touch
10:08:36.286,1,-3.766586,1.487507,-1.57409,training_touch
10:08:36.286,2,-1.404234,1.072803,-0.911919,training_touch
10:08:36.388,1,-3.786155,1.4867,-1.590605,training_touch
10:08:36.389,2,-1.407591,1.078728,-0.918535,training_touch
10:08:36.487,1,-3.801205,1.486912,-1.600397,training_touch
10:08:36.487,2,-1.397581,1.082645,-0.922199,training_touch
10:08:36.586,1,-3.821441,1.486399,-1.613261,training_touch
10:08:36.586,2,-1.435937,1.081657,-0.970423,training_touch
10:08:36.671,1,-3.841635,1.484355,-1.626634,training_touch
10:08:36.671,2,-1.428589,1.085742,-0.965559,training_touch
10:08:36.753,1,-3.857715,1.483689,-1.639218,training_touch
10:08:36.753,2,-1.421637,1.084878,-0.973419,training_touch
10:08:36.837,1,-3.864863,1.483101,-1.644899,training_touch
10:08:36.837,2,-1.421768,1.078676,-0.972885,training_touch
10:08:36.986,1,-3.879245,1.485421,-1.655178,training_touch
10:08:36.986,2,-1.418625,1.07767,-0.97426,training_touch
10:08:37.069,1,-3.886705,1.484097,-1.670092,training_touch
10:08:37.069,2,-1.377238,1.072976,-0.969222,training_touch
10:08:37.155,1,-3.886839,1.483823,-1.675294,training_touch
10:08:37.155,2,-1.398382,1.081298,-0.967188,training_touch
10:08:37.236,1,-3.886582,1.484133,-1.692577,training_touch
10:08:37.236,2,-1.410193,1.084016,-0.967397,training_touch
10:08:37.320,1,-3.884319,1.483886,-1.713451,training_touch
10:08:37.321,2,-1.419371,1.071422,-0.965481,training_touch
10:08:37.403,1,-3.868981,1.483873,-1.738834,training_touch
10:08:37.403,2,-1.385784,1.065437,-0.960008,training_touch
10:08:37.486,1,-3.849257,1.483129,-1.758191,training_touch
10:08:37.486,2,-1.40428,1.062619,-0.966839,training_touch
10:08:37.569,1,-3.819821,1.482631,-1.791804,training_touch
10:08:37.569,2,-1.409337,1.061597,-0.966908,training_touch
10:08:37.653,1,-3.80075,1.480739,-1.804295,training_touch
10:08:37.653,2,-1.408653,1.057443,-0.964459,training_touch
10:08:37.736,1,-3.778266,1.479948,-1.830225,training_touch
10:08:37.736,2,-1.402178,1.065763,-0.94365,training_touch
10:08:37.819,1,-3.765825,1.483519,-1.851108,training_touch
10:08:37.819,2,-1.43211,1.069149,-0.955257,training_touch
10:08:37.903,1,-3.743593,1.483295,-1.875796,training_touch
10:08:37.903,2,-1.428799,1.071216,-0.963176,training_touch
10:08:37.986,1,-3.731878,1.482844,-1.889348,training_touch
10:08:37.986,2,-1.428994,1.076993,-0.965392,training_touch
10:08:38.070,1,-3.711897,1.482085,-1.910751,training_touch
10:08:38.070,2,-1.400025,1.076778,-0.950992,training_touch
10:08:38.153,1,-3.706231,1.482038,-1.918845,training_touch
10:08:38.153,2,-1.379997,1.076982,-0.961521,training_touch
10:08:38.237,1,-3.700402,1.482491,-1.928353,training_touch
10:08:38.237,2,-1.37767,1.080917,-0.923329,training_touch
10:08:38.337,1,-3.688244,1.482202,-1.939912,training_touch
10:08:38.337,2,-1.433199,1.081212,-0.919445,training_touch
10:08:38.419,1,-3.681953,1.48293,-1.946482,training_touch
10:08:38.419,2,-1.385493,1.08518,-0.918315,training_touch
10:08:38.504,1,-3.679082,1.484209,-1.952454,training_touch
10:08:38.504,2,-1.388072,1.085008,-0.925261,training_touch
10:08:38.586,1,-3.672667,1.483265,-1.958479,training_touch
10:08:38.586,2,-1.401811,1.085778,-0.930304,training_touch
10:08:38.669,1,-3.669753,1.484464,-1.961763,training_touch
10:08:38.669,2,-1.402526,1.089233,-0.935994,training_touch
10:08:38.753,1,-3.667272,1.483525,-1.964294,training_touch
10:08:38.753,2,-1.409731,1.092442,-0.941735,training_touch
10:08:38.836,1,-3.662236,1.483217,-1.968953,training_touch
10:08:38.836,2,-1.424888,1.092808,-0.953743,training_touch
10:08:38.922,1,-3.660456,1.482981,-1.972265,training_touch
10:08:38.922,2,-1.418929,1.091263,-0.943636,training_touch
10:08:39.020,1,-3.65834,1.484307,-1.977522,training_touch
10:08:39.021,2,-1.417845,1.092252,-0.94224,training_touch
10:08:39.103,1,-3.657847,1.484616,-1.980596,training_touch
10:08:39.103,2,-1.422471,1.089248,-0.94197,training_touch
10:08:39.186,1,-3.657363,1.484876,-1.982532,training_touch
10:08:39.186,2,-1.422119,1.082547,-0.94417,training_touch
10:08:39.337,1,-3.658669,1.485543,-1.987909,training_touch
10:08:39.337,2,-1.417832,1.084142,-0.941673,training_touch
10:08:39.419,1,-3.658871,1.484985,-1.99003,training_touch
10:08:39.419,2,-1.420161,1.084677,-0.952759,training_touch
10:08:39.519,1,-3.659761,1.484259,-1.992335,training_touch
10:08:39.519,2,-1.37161,1.083502,-0.964262,training_touch
10:08:39.620,1,-3.66223,1.48234,-1.996284,training_touch
10:08:39.621,2,-1.420313,1.078199,-0.972475,training_touch
10:08:39.720,1,-3.662856,1.48246,-1.997963,training_touch
10:08:39.720,2,-1.427412,1.081085,-0.976688,training_touch
10:08:39.803,1,-3.664686,1.481457,-1.999914,training_touch
10:08:39.803,2,-1.362607,1.082761,-0.915034,training_touch
10:08:39.919,1,-3.665063,1.485601,-2.000299,training_touch
10:08:39.919,2,-1.386218,1.076509,-0.910328,training_touch
10:08:40.020,1,-3.666172,1.486786,-2.001561,training_touch
10:08:40.020,2,-1.397701,1.072282,-0.972665,training_touch
10:08:40.120,1,-3.667403,1.486329,-2.001961,training_touch
10:08:40.120,2,-1.428404,1.074687,-0.979684,training_touch
10:08:40.220,1,-3.668314,1.483233,-2.002535,training_touch
10:08:40.221,2,-1.422839,1.079505,-0.948464,training_touch
10:08:40.303,1,-3.669077,1.484939,-2.002668,training_touch
10:08:40.303,2,-1.414588,1.083273,-0.927125,training_touch
10:08:40.386,1,-3.669476,1.484789,-2.002461,training_touch
10:08:40.386,2,-1.392179,1.089012,-0.906634,training_touch
10:08:40.469,1,-3.670742,1.484996,-2.00206,training_touch
10:08:40.469,2,-1.402625,1.086299,-0.941052,training_touch
10:08:40.553,1,-3.67167,1.485564,-2.002159,training_touch
10:08:40.553,2,-1.42433,1.085054,-0.940035,training_touch
10:08:40.636,1,-3.671657,1.487221,-2.002984,training_touch
10:08:40.637,2,-1.436148,1.081906,-0.958202,training_touch
10:08:40.721,1,-3.6717,1.488809,-2.002916,training_touch
10:08:40.721,2,-1.425415,1.08118,-0.967572,training_touch
10:08:40.803,1,-3.670012,1.485657,-2.001684,training_touch
10:08:40.803,2,-1.428578,1.081891,-1.017276,training_touch
10:08:40.888,1,-3.670583,1.484601,-2.001449,training_touch
10:08:40.889,2,-1.450526,1.077223,-1.060425,training_touch
10:08:40.969,1,-3.66938,1.48525,-1.998183,training_touch
10:08:40.969,2,-1.472277,1.079402,-1.093426,training_touch
10:08:41.055,1,-3.670175,1.485586,-1.998862,training_touch
10:08:41.056,2,-1.492134,1.079478,-1.12346,training_touch
10:08:41.153,1,-3.670521,1.485284,-1.999345,training_touch
10:08:41.154,2,-1.506725,1.086096,-1.152471,training_touch
10:08:41.236,1,-3.670236,1.483966,-2.000137,training_touch
10:08:41.236,2,-1.520933,1.086247,-1.185081,training_touch
10:08:41.320,1,-3.670205,1.484437,-2.000452,training_touch
10:08:41.320,2,-1.519609,1.073155,-1.208084,training_touch
10:08:41.403,1,-3.669771,1.485174,-2.001609,training_touch
10:08:41.403,2,-1.522664,1.079579,-1.241144,training_touch
10:08:41.486,1,-3.669044,1.484473,-2.000174,training_touch
10:08:41.486,2,-1.526437,1.072386,-1.271544,training_touch
10:08:41.570,1,-3.669433,1.483245,-2.000263,training_touch
10:08:41.571,2,-1.530614,1.067303,-1.325445,training_touch
10:08:41.653,1,-3.670088,1.485359,-2.002155,training_touch
10:08:41.653,2,-1.530914,1.080114,-1.382517,training_touch
10:08:41.820,1,-3.671202,1.485847,-2.003554,training_touch
10:08:41.821,2,-1.533924,1.083041,-1.459879,training_touch
10:08:41.903,1,-3.671183,1.486111,-2.003727,training_touch
10:08:41.903,2,-1.537445,1.086851,-1.518165,training_touch
10:08:42.004,1,-3.671308,1.487259,-2.006069,training_touch
10:08:42.004,2,-1.540294,1.087454,-1.575012,training_touch
10:08:42.104,1,-3.670782,1.488979,-2.00543,training_touch
10:08:42.104,2,-1.549481,1.085192,-1.615289,training_touch
10:08:42.186,1,-3.671123,1.490928,-2.007964,training_touch
10:08:42.186,2,-1.558116,1.091034,-1.648784,training_touch
10:08:42.269,1,-3.670298,1.494897,-2.00825,training_touch
10:08:42.270,2,-1.567588,1.086583,-1.670858,training_touch
10:08:42.353,1,-3.670002,1.494785,-2.008685,training_touch
10:08:42.353,2,-1.581827,1.087286,-1.685791,training_touch
10:08:42.436,1,-3.669164,1.496936,-2.009335,training_touch
10:08:42.436,2,-1.605822,1.088117,-1.702367,training_touch
10:08:42.520,1,-3.668602,1.499273,-2.009931,training_touch
10:08:42.520,2,-1.624657,1.08884,-1.71058,training_touch
10:08:42.603,1,-3.666679,1.499538,-2.011602,training_touch
10:08:42.603,2,-1.671238,1.088753,-1.719903,training_touch
10:08:42.688,1,-3.665213,1.497443,-2.013013,training_touch
10:08:42.689,2,-1.712145,1.085955,-1.732436,training_touch
10:08:42.787,1,-3.664702,1.496644,-2.01374,training_touch
10:08:42.787,2,-1.801492,1.085007,-1.739367,training_touch
10:08:42.869,1,-3.664053,1.492421,-2.014078,training_touch
10:08:42.870,2,-1.881451,1.087094,-1.726084,training_touch
10:08:42.953,1,-3.663793,1.496651,-2.013874,training_touch
10:08:42.953,2,-1.957732,1.07715,-1.737485,training_touch
10:08:43.036,1,-3.663833,1.498805,-2.01397,training_touch
10:08:43.036,2,-2.036292,1.071827,-1.761007,training_touch
10:08:43.120,1,-3.664366,1.498081,-2.013876,training_touch
10:08:43.120,2,-2.075009,1.076379,-1.769109,training_touch
10:08:43.203,1,-3.666193,1.503696,-2.013514,training_touch
10:08:43.203,2,-2.122923,1.077004,-1.783562,training_touch
10:08:43.289,1,-3.666997,1.505722,-2.013516,training_touch
10:08:43.289,2,-2.152787,1.077399,-1.803267,training_touch
10:08:43.369,1,-3.668231,1.496515,-2.012499,training_touch
10:08:43.369,2,-2.185483,1.078246,-1.825828,training_touch
10:08:43.537,1,-3.67014,1.494868,-2.010081,training_touch
10:08:43.537,2,-2.221195,1.077296,-1.869921,training_touch
10:08:43.637,1,-3.671065,1.497032,-2.008466,training_touch
10:08:43.638,2,-2.235623,1.075467,-1.903788,training_touch
10:08:43.737,1,-3.673681,1.502828,-2.004406,training_touch
10:08:43.737,2,-2.24158,1.075402,-1.939493,training_touch
10:08:43.819,1,-3.677179,1.502719,-1.999696,training_touch
10:08:43.820,2,-2.246071,1.076338,-1.977382,training_touch
10:08:43.903,1,-3.678387,1.503051,-1.998297,training_touch
10:08:43.903,2,-2.242803,1.079759,-2.003484,training_touch
10:08:43.986,1,-3.679073,1.501066,-1.996701,training_touch
10:08:43.986,2,-2.236173,1.080259,-2.036072,training_touch
10:08:44.070,1,-3.68284,1.497953,-1.990279,training_touch
10:08:44.070,2,-2.219813,1.083444,-2.084544,training_touch
10:08:44.153,1,-3.68715,1.497497,-1.980535,training_touch
10:08:44.153,2,-2.202985,1.088621,-2.135284,training_touch
10:08:44.237,1,-3.689102,1.499952,-1.974287,training_touch
10:08:44.237,2,-2.194317,1.100311,-2.162115,training_touch
10:08:44.337,1,-3.694749,1.498504,-1.959618,training_touch
10:08:44.337,2,-2.184989,1.096838,-2.202135,training_touch
10:08:44.419,1,-3.703131,1.497281,-1.942015,training_touch
10:08:44.420,2,-2.177077,1.095632,-2.230129,training_touch
10:08:44.503,1,-3.712515,1.499375,-1.924589,training_touch
10:08:44.503,2,-2.173236,1.093387,-2.240857,training_touch
10:08:44.586,1,-3.727188,1.496318,-1.894771,training_touch
10:08:44.586,2,-2.165146,1.093453,-2.259771,training_touch
10:08:44.687,1,-3.738232,1.490977,-1.868393,training_touch
10:08:44.687,2,-2.161326,1.092194,-2.267448,training_touch
10:08:44.769,1,-3.757359,1.493405,-1.831081,training_touch
10:08:44.769,2,-2.157371,1.086004,-2.277165,training_touch
10:08:44.853,1,-3.777861,1.494271,-1.796983,training_touch
10:08:44.853,2,-2.155823,1.077534,-2.280686,training_touch
10:08:44.936,1,-3.794757,1.495068,-1.775957,training_touch
10:08:44.936,2,-2.154684,1.06682,-2.283507,training_touch
10:08:45.020,1,-3.808577,1.496177,-1.756887,training_touch
10:08:45.020,2,-2.154249,1.084543,-2.285777,training_touch
10:08:45.103,1,-3.827718,1.496188,-1.736229,training_touch
10:08:45.103,2,-2.154056,1.097232,-2.287704,training_touch
10:08:45.204,1,-3.844583,1.495234,-1.70532,training_touch
10:08:45.204,2,-2.15414,1.126813,-2.288391,training_touch
10:08:45.286,1,-3.848102,1.496376,-1.681615,training_touch
10:08:45.286,2,-2.154541,1.105756,-2.287201,training_touch
10:08:45.388,1,-3.848182,1.496731,-1.669302,training_touch
10:08:45.388,2,-2.155661,1.094717,-2.287076,training_touch
10:08:45.487,1,-3.844065,1.501621,-1.64659,training_touch
10:08:45.487,2,-2.156599,1.13821,-2.284571,training_touch
10:08:45.569,1,-3.838751,1.501207,-1.624736,training_touch
10:08:45.570,2,-2.158386,1.135498,-2.283545,training_touch
10:08:45.655,1,-3.833704,1.501245,-1.609486,training_touch
10:08:45.655,2,-2.159417,1.136438,-2.281809,training_touch
10:08:45.753,1,-3.820806,1.500872,-1.589097,training_touch
10:08:45.754,2,-2.159829,1.143774,-2.280464,training_touch
10:08:45.836,1,-3.800398,1.500197,-1.567199,training_touch
10:08:45.836,2,-2.160356,1.140122,-2.280821,training_touch
10:08:45.938,1,-3.774984,1.507813,-1.543909,training_touch
10:08:45.939,2,-2.160601,1.141633,-2.28162,training_touch
10:08:46.037,1,-3.740945,1.504284,-1.516159,training_touch
10:08:46.037,2,-2.161272,1.185381,-2.281597,training_touch
10:08:46.137,1,-3.708731,1.503796,-1.488774,training_touch
10:08:46.137,2,-2.161386,1.189582,-2.280836,training_touch
10:08:46.237,1,-3.679128,1.501569,-1.471591,training_touch
10:08:46.237,2,-2.162709,1.191768,-2.278739,training_touch
10:08:46.337,1,-3.637091,1.502257,-1.452385,training_touch
10:08:46.337,2,-2.162375,1.191253,-2.276876,training_touch
10:08:46.437,1,-3.612023,1.502534,-1.437,training_touch
10:08:46.437,2,-2.161891,1.192928,-2.274436,training_touch
10:08:46.519,1,-3.59363,1.504209,-1.427069,training_touch
10:08:46.520,2,-2.160802,1.160083,-2.270257,training_touch
10:08:46.620,1,-3.584498,1.506562,-1.423099,training_touch
10:08:46.620,2,-2.160622,1.155702,-2.269908,training_touch
10:08:46.720,1,-3.572613,1.504689,-1.412441,training_touch
10:08:46.721,2,-2.160632,1.14262,-2.268558,training_touch
10:08:46.820,1,-3.56918,1.505277,-1.404154,training_touch
10:08:46.821,2,-2.160794,1.143029,-2.268059,training_touch
10:08:46.903,1,-3.564084,1.505874,-1.393743,training_touch
10:08:46.903,2,-2.160632,1.143457,-2.267979,training_touch
10:08:46.988,1,-3.563453,1.50872,-1.390607,training_touch
10:08:46.988,2,-2.160234,1.142272,-2.26823,training_touch
10:08:47.069,1,-3.558843,1.506699,-1.379773,training_touch
10:08:47.070,2,-2.16002,1.144341,-2.268206,training_touch
10:08:47.153,1,-3.559999,1.50887,-1.379599,training_touch
10:08:47.153,2,-2.160155,1.145677,-2.268186,training_touch
10:08:47.237,1,-3.564668,1.509077,-1.369937,training_touch
10:08:47.237,2,-2.159941,1.151911,-2.268406,training_touch
10:08:47.319,1,-3.56321,1.506699,-1.36035,training_touch
10:08:47.320,2,-2.159895,1.145953,-2.268367,training_touch
10:08:47.404,1,-3.561806,1.510447,-1.356759,training_touch
10:08:47.405,2,-2.159161,1.14494,-2.268461,training_touch
10:08:47.504,1,-3.560582,1.509644,-1.350802,training_touch
10:08:47.504,2,-2.158968,1.149239,-2.268453,training_touch
10:08:47.586,1,-3.56126,1.513542,-1.350101,training_touch
10:08:47.586,2,-2.158535,1.150814,-2.268997,training_touch
10:08:47.670,1,-3.558822,1.515891,-1.348569,training_touch
10:08:47.670,2,-2.15881,1.175048,-2.268807,training_touch
10:08:47.753,1,-3.559962,1.513049,-1.347848,training_touch
10:08:47.753,2,-2.158681,1.164076,-2.268921,training_touch
10:08:47.836,1,-3.559493,1.513932,-1.347689,training_touch
10:08:47.837,2,-2.158494,1.157008,-2.269001,training_touch
10:08:47.919,1,-3.559752,1.510964,-1.3498,training_touch
10:08:47.920,2,-2.158146,1.150106,-2.269363,training_touch
10:08:48.003,1,-3.560846,1.509497,-1.353031,training_touch
10:08:48.004,2,-2.155796,1.157513,-2.271082,training_touch
10:08:48.104,1,-3.572217,1.514042,-1.360496,training_touch
10:08:48.104,2,-2.153386,1.151369,-2.272287,training_touch
10:08:48.186,1,-3.595602,1.511211,-1.366363,training_touch
10:08:48.186,2,-2.151247,1.182289,-2.273025,training_touch
10:08:48.270,1,-3.600653,1.512673,-1.370584,training_touch
10:08:48.270,2,-2.148234,1.195778,-2.274058,training_touch
10:08:48.353,1,-3.624947,1.511699,-1.378416,training_touch
10:08:48.353,2,-2.143391,1.192992,-2.275346,training_touch
10:08:48.437,1,-3.646114,1.507862,-1.379526,training_touch
10:08:48.437,2,-2.140471,1.188772,-2.276735,training_touch
10:08:48.537,1,-3.682727,1.508128,-1.391476,training_touch
10:08:48.537,2,-2.138303,1.186192,-2.277336,training_touch
10:08:48.619,1,-3.712141,1.510087,-1.399828,training_touch
10:08:48.620,2,-2.136774,1.183258,-2.278399,training_touch
10:08:48.703,1,-3.754501,1.50841,-1.414857,training_touch
10:08:48.703,2,-2.136276,1.181337,-2.278932,training_touch
10:08:48.804,1,-3.786894,1.507139,-1.426037,training_touch
10:08:48.804,2,-2.136431,1.168189,-2.279302,training_touch
10:08:48.886,1,-3.827438,1.507166,-1.434529,training_touch
10:08:48.886,2,-2.136529,1.176507,-2.279621,training_touch
10:08:48.988,1,-3.855,1.505749,-1.44709,training_touch
10:08:48.989,2,-2.136907,1.179654,-2.28063,training_touch
10:08:49.087,1,-3.886827,1.507084,-1.460405,training_touch
10:08:49.088,2,-2.137688,1.181951,-2.281896,training_touch
10:08:49.169,1,-3.916246,1.508601,-1.466471,training_touch
10:08:49.170,2,-2.139757,1.183777,-2.283282,training_touch
10:08:49.253,1,-3.925253,1.505627,-1.472337,training_touch
10:08:49.253,2,-2.141324,1.185595,-2.28415,training_touch
10:08:49.336,1,-3.946053,1.505775,-1.483572,training_touch
10:08:49.336,2,-2.14217,1.167177,-2.284606,training_touch
10:08:49.420,1,-3.952962,1.505846,-1.487961,training_touch
10:08:49.420,2,-2.142772,1.144812,-2.284911,training_touch
10:08:49.504,1,-3.964968,1.506661,-1.496339,training_touch
10:08:49.504,2,-2.145362,1.139344,-2.285367,training_touch
10:08:49.586,1,-3.966878,1.508128,-1.498317,training_touch
10:08:49.586,2,-2.146401,1.140054,-2.285784,training_touch
10:08:49.670,1,-3.96899,1.508192,-1.497736,training_touch
10:08:49.671,2,-2.146649,1.201301,-2.285964,training_touch
10:08:49.753,1,-3.968629,1.508871,-1.498716,training_touch
10:08:49.753,2,-2.145473,1.196655,-2.286679,training_touch
10:08:49.904,1,-3.96917,1.507996,-1.500653,training_touch
10:08:49.904,2,-2.138017,1.145912,-2.288341,training_touch
10:08:49.986,1,-3.968353,1.507113,-1.502498,training_touch
10:08:49.986,2,-2.129329,1.146879,-2.289525,training_touch
10:08:50.087,1,-3.9687,1.506672,-1.504679,training_touch
10:08:50.087,2,-2.123647,1.181925,-2.290346,training_touch
10:08:50.169,1,-3.969144,1.506317,-1.504892,training_touch
10:08:50.170,2,-2.11531,1.211222,-2.288421,training_touch
10:08:50.253,1,-3.968354,1.506558,-1.505706,training_touch
10:08:50.253,2,-2.10174,1.243261,-2.2859,training_touch
10:08:50.336,1,-3.969199,1.507313,-1.507072,training_touch
10:08:50.336,2,-2.093391,1.234527,-2.283793,training_touch
10:08:50.419,1,-3.970313,1.507339,-1.507577,training_touch
10:08:50.420,2,-2.080442,1.26009,-2.276444,training_touch
10:08:50.503,1,-3.968233,1.50742,-1.507412,training_touch
10:08:50.503,2,-2.056164,1.276401,-2.265233,training_touch
10:08:50.587,1,-3.962574,1.507275,-1.506711,training_touch
10:08:50.587,2,-2.045544,1.295344,-2.257758,training_touch
10:08:50.670,1,-3.964516,1.516936,-1.508327,training_touch
10:08:50.670,2,-2.012495,1.344764,-2.234587,training_touch
10:08:50.753,1,-3.964897,1.517835,-1.507991,training_touch
10:08:50.753,2,-1.985913,1.373259,-2.215309,training_touch
10:08:50.836,1,-3.966695,1.518973,-1.508067,training_touch
10:08:50.836,2,-1.943416,1.394077,-2.189314,training_touch
10:08:50.920,1,-3.967611,1.519231,-1.508156,training_touch
10:08:50.920,2,-1.908879,1.408887,-2.165181,training_touch
10:08:51.003,1,-3.970857,1.518396,-1.508143,training_touch
10:08:51.003,2,-1.871378,1.425689,-2.135688,training_touch
10:08:51.089,1,-3.970607,1.518274,-1.508246,training_touch
10:08:51.089,2,-1.842095,1.438028,-2.11151,training_touch
10:08:51.187,1,-3.970146,1.517818,-1.508743,training_touch
10:08:51.187,2,-1.792726,1.444327,-2.078951,training_touch
10:08:51.269,1,-3.969071,1.517819,-1.509413,training_touch
10:08:51.270,2,-1.759694,1.448133,-2.056885,training_touch
10:08:51.353,1,-3.969275,1.517551,-1.509545,training_touch
10:08:51.353,2,-1.727987,1.453016,-2.039143,training_touch
10:08:51.436,1,-3.967837,1.517781,-1.511088,training_touch
10:08:51.436,2,-1.680758,1.455877,-2.017954,training_touch
10:08:51.520,1,-3.967449,1.519099,-1.511667,training_touch
10:08:51.520,2,-1.652651,1.452208,-2.004212,training_touch
10:08:51.603,1,-3.967914,1.520716,-1.513018,training_touch
10:08:51.603,2,-1.600807,1.448222,-1.981008,training_touch
10:08:51.704,1,-3.967542,1.520925,-1.51403,training_touch
10:08:51.704,2,-1.572617,1.44771,-1.969521,training_touch
10:08:51.804,1,-3.96758,1.520809,-1.515442,training_touch
10:08:51.804,2,-1.474239,1.451508,-1.940398,training_touch
10:08:51.886,1,-3.967511,1.521651,-1.516369,training_touch
10:08:51.886,2,-1.425314,1.453865,-1.928978,training_touch
10:08:51.987,1,-3.967303,1.521545,-1.517501,training_touch
10:08:51.987,2,-1.361528,1.457737,-1.916732,training_touch
10:08:52.087,1,-3.967666,1.521769,-1.517788,training_touch
10:08:52.088,2,-1.308915,1.466208,-1.902247,training_touch
10:08:52.169,1,-3.967845,1.521868,-1.519644,training_touch
10:08:52.170,2,-1.261841,1.469522,-1.886358,training_touch
10:08:52.253,1,-3.968767,1.521778,-1.520419,training_touch
10:08:52.253,2,-1.237981,1.470206,-1.878162,training_touch
10:08:52.336,1,-3.968301,1.522355,-1.524027,training_touch
10:08:52.336,2,-1.196965,1.47108,-1.86293,training_touch
10:08:52.420,1,-3.968657,1.522898,-1.523996,training_touch
10:08:52.421,2,-1.181459,1.469343,-1.849502,training_touch
10:08:52.519,1,-3.9677,1.522736,-1.523434,training_touch
10:08:52.520,2,-1.13922,1.464532,-1.815239,training_touch
10:08:52.620,1,-3.966618,1.522388,-1.525008,training_touch
10:08:52.620,2,-1.105314,1.400234,-1.793252,training_touch
10:08:52.721,1,-3.961016,1.52257,-1.526074,training_touch
10:08:52.721,2,-1.065797,1.383371,-1.737613,training_touch
10:08:52.803,1,-3.959173,1.522563,-1.526313,training_touch
10:08:52.803,2,-1.046508,1.379052,-1.699059,training_touch
10:08:52.888,1,-3.958991,1.521888,-1.526233,training_touch
10:08:52.889,2,-1.023548,1.390376,-1.660732,training_touch
10:08:52.987,1,-3.955975,1.52219,-1.525195,training_touch
10:08:52.988,2,-0.994115,1.402061,-1.617652,training_touch
10:08:53.070,1,-3.942593,1.522512,-1.526269,training_touch
10:08:53.070,2,-0.970196,1.410333,-1.585599,training_touch
10:08:53.153,1,-3.93217,1.522993,-1.522254,training_touch
10:08:53.153,2,-0.939694,1.412534,-1.556719,training_touch
10:08:53.236,1,-3.927267,1.523074,-1.520681,training_touch
10:08:53.237,2,-0.920913,1.415185,-1.530453,training_touch
10:08:53.337,1,-3.915643,1.52122,-1.516846,training_touch
10:08:53.337,2,-0.900644,1.42099,-1.502074,training_touch
10:08:53.420,1,-3.898054,1.521053,-1.511381,training_touch
10:08:53.420,2,-0.868091,1.420601,-1.483646,training_touch
10:08:53.520,1,-3.891993,1.521606,-1.507482,training_touch
10:08:53.521,2,-0.865619,1.420619,-1.480784,training_touch
10:08:53.603,1,-3.877142,1.522223,-1.500316,training_touch
10:08:53.603,2,-0.847543,1.420087,-1.467915,training_touch
10:08:53.686,1,-3.861453,1.521208,-1.493188,training_touch
10:08:53.686,2,-0.839902,1.420984,-1.4636,training_touch
10:08:53.770,1,-3.842389,1.520771,-1.482757,training_touch
10:08:53.770,2,-0.821016,1.418181,-1.458906,training_touch
10:08:53.853,1,-3.82818,1.520345,-1.472505,training_touch
10:08:53.853,2,-0.810693,1.417334,-1.457241,training_touch
10:08:53.954,1,-3.808703,1.522534,-1.460255,training_touch
10:08:53.954,2,-0.806875,1.418049,-1.454823,training_touch
10:08:54.054,1,-3.792581,1.523995,-1.45185,training_touch
10:08:54.054,2,-0.783325,1.416831,-1.447621,training_touch
10:08:54.136,1,-3.78031,1.522432,-1.442248,training_touch
10:08:54.136,2,-0.77879,1.412236,-1.445063,training_touch
10:08:54.221,1,-3.775915,1.5204,-1.442501,training_touch
10:08:54.221,2,-0.776649,1.408389,-1.4439,training_touch
10:08:54.321,1,-3.769974,1.523198,-1.439158,training_touch
10:08:54.321,2,-0.771153,1.408021,-1.444526,training_touch
10:08:54.403,1,-3.76466,1.522163,-1.431566,training_touch
10:08:54.403,2,-0.764195,1.408839,-1.443071,training_touch
10:08:54.504,1,-3.760554,1.528236,-1.429939,training_touch
10:08:54.504,2,-0.762395,1.408704,-1.443283,training_touch
10:08:54.604,1,-3.75694,1.529886,-1.425231,training_touch
10:08:54.604,2,-0.761515,1.409401,-1.44304,training_touch
10:08:54.704,1,-3.756231,1.524349,-1.422717,training_touch
10:08:54.704,2,-0.760141,1.407708,-1.44291,training_touch
10:08:54.803,1,-3.754419,1.518376,-1.418673,training_touch
10:08:54.804,2,-0.758588,1.407163,-1.442746,training_touch
10:08:54.886,1,-3.746902,1.517712,-1.412936,training_touch
10:08:54.886,2,-0.750204,1.406702,-1.438538,training_touch
10:08:54.970,1,-3.744291,1.515223,-1.411098,training_touch
10:08:54.970,2,-0.750361,1.406714,-1.438532,training_touch
10:08:55.070,1,-3.740444,1.512516,-1.408536,training_touch
10:08:55.071,2,-0.748478,1.406227,-1.437,training_touch
10:08:55.170,1,-3.734803,1.511595,-1.407208,training_touch
10:08:55.170,2,-0.741496,1.406454,-1.435441,training_touch
10:08:55.270,1,-3.733962,1.511388,-1.403063,training_touch
10:08:55.270,2,-0.740526,1.405853,-1.434023,training_touch
10:08:55.371,1,-3.728649,1.509955,-1.403363,training_touch
10:08:55.372,2,-0.736353,1.406403,-1.434714,training_touch
10:08:55.470,1,-3.724118,1.50825,-1.402349,training_touch
10:08:55.471,2,-0.734367,1.406826,-1.43667,training_touch
10:08:55.553,1,-3.716162,1.506631,-1.406993,training_touch
10:08:55.553,2,-0.734554,1.407202,-1.437419,training_touch
10:08:55.636,1,-3.71253,1.502576,-1.402134,training_touch
10:08:55.636,2,-0.734515,1.407982,-1.437564,training_touch
10:08:55.720,1,-3.705948,1.4988,-1.40393,training_touch
10:08:55.720,2,-0.731319,1.408398,-1.440161,training_touch
10:08:55.820,1,-3.701637,1.49419,-1.403469,training_touch
10:08:55.821,2,-0.731388,1.408583,-1.440532,training_touch
10:08:55.920,1,-3.691739,1.4931,-1.405025,training_touch
10:08:55.921,2,-0.730589,1.409068,-1.440037,training_touch
10:08:56.003,1,-3.6817,1.496675,-1.404211,training_touch
10:08:56.004,2,-0.732186,1.409646,-1.440388,training_touch
10:08:56.104,1,-3.677441,1.495641,-1.405084,training_touch
10:08:56.105,2,-0.732541,1.409972,-1.440955,training_touch
10:08:56.204,1,-3.667577,1.498317,-1.403658,training_touch
10:08:56.204,2,-0.734099,1.410098,-1.441341,training_touch
10:08:56.286,1,-3.653807,1.500165,-1.396622,training_touch
10:08:56.286,2,-0.734732,1.410599,-1.440689,training_touch
10:08:56.370,1,-3.646919,1.499545,-1.398615,training_touch
10:08:56.370,2,-0.728497,1.411345,-1.454678,training_touch
10:08:56.453,1,-3.641303,1.496804,-1.396719,training_touch
10:08:56.453,2,-0.729169,1.411279,-1.453361,training_touch
10:08:56.536,1,-3.631221,1.500635,-1.397192,training_touch
10:08:56.536,2,-0.731158,1.41139,-1.449628,training_touch
10:08:56.620,1,-3.625869,1.498393,-1.397952,training_touch
10:08:56.620,2,-0.730666,1.411113,-1.450973,training_touch
10:08:56.720,1,-3.619745,1.495093,-1.398125,training_touch
10:08:56.721,2,-0.73252,1.410988,-1.444617,training_touch
10:08:56.803,1,-3.618702,1.493488,-1.395561,training_touch
10:08:56.803,2,-0.728238,1.410299,-1.441277,training_touch
10:08:56.886,1,-3.615595,1.491083,-1.392842,training_touch
10:08:56.886,2,-0.721464,1.410283,-1.441018,training_touch
10:08:56.970,1,-3.614776,1.490337,-1.390522,training_touch
10:08:56.970,2,-0.721114,1.410231,-1.439574,training_touch
10:08:57.070,1,-3.614161,1.4965,-1.387404,training_touch
10:08:57.071,2,-0.720599,1.40992,-1.434936,training_touch
10:08:57.153,1,-3.628399,1.496737,-1.383716,training_touch
10:08:57.153,2,-0.707971,1.409945,-1.437366,training_touch
10:08:57.236,1,-3.633466,1.499361,-1.377459,training_touch
10:08:57.237,2,-0.699995,1.4101,-1.43829,training_touch
10:08:57.338,1,-3.64989,1.496154,-1.366124,training_touch
10:08:57.339,2,-0.682073,1.409982,-1.432539,training_touch
10:08:57.437,1,-3.682815,1.495884,-1.349591,training_touch
10:08:57.437,2,-0.672568,1.410008,-1.428958,training_touch
10:08:57.538,1,-3.69658,1.49054,-1.342413,training_touch
10:08:57.538,2,-0.664536,1.409633,-1.415473,training_touch
10:08:57.620,1,-3.727548,1.489997,-1.329265,training_touch
10:08:57.620,2,-0.656085,1.409534,-1.404452,training_touch
10:08:57.720,1,-3.760306,1.489809,-1.315403,training_touch
10:08:57.721,2,-0.653243,1.409273,-1.38657,training_touch
10:08:57.803,1,-3.817886,1.490215,-1.289936,training_touch
10:08:57.803,2,-0.652658,1.409444,-1.360055,training_touch
10:08:57.886,1,-3.836325,1.490141,-1.254808,training_touch
10:08:57.887,2,-0.653839,1.409413,-1.316492,training_touch
10:08:57.989,1,-3.890878,1.490535,-1.247118,training_touch
10:08:57.989,2,-0.650962,1.409505,-1.274925,training_touch
10:08:58.070,1,-3.906633,1.486843,-1.235057,training_touch
10:08:58.070,2,-0.652315,1.409472,-1.221223,training_touch
10:08:58.155,1,-3.941004,1.48973,-1.198572,training_touch
10:08:58.156,2,-0.654625,1.409289,-1.187225,training_touch
10:08:58.254,1,-3.964833,1.492202,-1.177293,training_touch
10:08:58.255,2,-0.656987,1.408611,-1.16055,training_touch
10:08:58.336,1,-3.980305,1.495643,-1.150171,training_touch
10:08:58.336,2,-0.662703,1.408279,-1.127167,training_touch
10:08:58.421,1,-3.981646,1.493082,-1.14853,training_touch
10:08:58.421,2,-0.660127,1.40714,-1.122009,training_touch
10:08:58.520,1,-3.991405,1.492598,-1.115972,training_touch
10:08:58.521,2,-0.664187,1.406658,-1.108577,training_touch
10:08:58.603,1,-4.003089,1.49463,-1.082827,training_touch
10:08:58.603,2,-0.665259,1.406465,-1.104304,training_touch
10:08:58.721,1,-3.994468,1.495783,-1.035137,training_touch
10:08:58.721,2,-0.675081,1.406699,-1.087243,training_touch
10:08:58.821,1,-3.992877,1.497875,-0.968014,training_touch
10:08:58.821,2,-0.68383,1.406662,-1.082108,training_touch
10:08:58.921,1,-3.989378,1.49601,-0.915249,training_touch
10:08:58.921,2,-0.690521,1.407077,-1.068851,training_touch
10:08:59.003,1,-3.959455,1.49395,-0.853778,training_touch
10:08:59.004,2,-0.697467,1.40757,-1.043734,training_touch
10:08:59.104,1,-3.958622,1.496121,-0.818788,training_touch
10:08:59.104,2,-0.693139,1.408201,-1.035508,training_touch
10:08:59.204,1,-3.953078,1.496364,-0.786698,training_touch
10:08:59.204,2,-0.68898,1.408992,-1.0165,training_touch
10:08:59.286,1,-3.961661,1.497653,-0.773473,training_touch
10:08:59.286,2,-0.689857,1.409385,-1.014823,training_touch
10:08:59.370,1,-3.959598,1.497372,-0.751064,training_touch
10:08:59.370,2,-0.693473,1.409721,-0.998448,training_touch
10:08:59.453,1,-3.950394,1.499034,-0.732863,training_touch
10:08:59.453,2,-0.689116,1.410874,-0.990108,training_touch
10:08:59.553,1,-3.957721,1.499289,-0.703906,training_touch
10:08:59.553,2,-0.693423,1.410952,-0.991843,training_touch
10:08:59.636,1,-3.960424,1.502411,-0.707163,training_touch
10:08:59.636,2,-0.688303,1.410812,-0.988487,training_touch
10:08:59.737,1,-3.973355,1.502619,-0.71919,training_touch
10:08:59.738,2,-0.687172,1.410783,-0.984329,training_touch
10:08:59.870,1,-3.967209,1.500978,-0.687231,training_touch
10:08:59.871,2,-0.683717,1.411068,-0.979823,training_touch
10:08:59.970,1,-3.971945,1.501887,-0.707773,training_touch
10:08:59.970,2,-0.680962,1.410077,-0.968404,training_touch
10:09:00.070,1,-3.970278,1.502499,-0.702836,training_touch
10:09:00.070,2,-0.680534,1.408867,-0.969527,training_touch
10:09:00.170,1,-3.976009,1.502148,-0.704526,training_touch
10:09:00.171,2,-0.682402,1.407131,-0.969634,training_touch
10:09:00.270,1,-3.978065,1.502355,-0.696727,training_touch
10:09:00.271,2,-0.68564,1.407272,-0.966769,training_touch
10:09:00.372,1,-3.973559,1.502717,-0.692308,training_touch
10:09:00.372,2,-0.687385,1.40701,-0.965002,training_touch
10:09:00.453,1,-3.972813,1.501961,-0.689048,training_touch
10:09:00.453,2,-0.686666,1.405409,-0.957886,training_touch
10:09:00.536,1,-3.976381,1.50123,-0.689833,training_touch
10:09:00.536,2,-0.687191,1.405375,-0.956683,training_touch
10:09:00.637,1,-3.975494,1.497913,-0.689874,training_touch
10:09:00.638,2,-0.686031,1.402383,-0.957051,training_touch
10:09:00.739,1,-3.985925,1.496249,-0.698855,training_touch
10:09:00.739,2,-0.688806,1.395286,-0.959776,training_touch
10:09:00.837,1,-3.985141,1.49669,-0.708151,training_touch
10:09:00.838,2,-0.688572,1.392676,-0.95816,training_touch
10:09:00.920,1,-3.987705,1.497864,-0.706796,training_touch
10:09:00.920,2,-0.689047,1.393848,-0.958743,training_touch
10:09:01.003,1,-3.998262,1.497742,-0.71457,training_touch
10:09:01.003,2,-0.689484,1.396668,-0.959888,training_touch
10:09:01.104,1,-4.025313,1.500716,-0.744893,training_touch
10:09:01.104,2,-0.68975,1.398672,-0.961805,training_touch
10:09:01.186,1,-4.067181,1.502547,-0.758989,training_touch
10:09:01.186,2,-0.686708,1.399422,-0.960176,training_touch
10:09:01.287,1,-4.081,1.502917,-0.750278,training_touch
10:09:01.288,2,-0.689843,1.396937,-0.959653,training_touch
10:09:01.387,1,-4.083812,1.504625,-0.820714,training_touch
10:09:01.388,2,-0.693455,1.392843,-0.962501,training_touch
10:09:01.470,1,-4.149927,1.503877,-0.786934,training_touch
10:09:01.470,2,-0.693561,1.39391,-0.96304,training_touch
10:09:01.553,1,-4.192929,1.501669,-0.801877,training_touch
10:09:01.553,2,-0.697011,1.394758,-0.96202,training_touch
10:09:01.687,1,-4.245583,1.502348,-0.821521,training_touch
10:09:01.687,2,-0.696931,1.394446,-0.961517,training_touch
10:09:01.789,1,-4.226116,1.501184,-0.84072,training_touch
10:09:01.789,2,-0.696813,1.39464,-0.965583,training_touch
10:09:01.870,1,-4.198422,1.500909,-0.847071,training_touch
10:09:01.870,2,-0.697124,1.388533,-0.964522,training_touch
10:09:01.953,1,-4.21255,1.498591,-0.913777,training_touch
10:09:01.953,2,-0.695279,1.378308,-0.964831,training_touch
10:09:02.036,1,-4.214761,1.49706,-0.874021,training_touch
10:09:02.036,2,-0.695777,1.390369,-0.964414,training_touch
10:09:02.120,1,-4.193322,1.497052,-0.888792,training_touch
10:09:02.120,2,-0.697074,1.400454,-0.964452,training_touch
10:09:02.221,1,-4.214659,1.497723,-0.931984,training_touch
10:09:02.221,2,-0.698127,1.401636,-0.964643,training_touch
10:09:02.303,1,-4.154751,1.500153,-0.955697,training_touch
10:09:02.303,2,-0.69646,1.404394,-0.964254,training_touch
10:09:02.386,1,-4.194922,1.499682,-0.965596,training_touch
10:09:02.386,2,-0.693251,1.403127,-0.964088,training_touch
10:09:02.487,1,-4.12695,1.501472,-0.999626,training_touch
10:09:02.488,2,-0.692683,1.404247,-0.96929,training_touch
10:09:02.587,1,-4.071269,1.50045,-0.947241,training_touch
10:09:02.588,2,-0.692836,1.399953,-0.97005,training_touch
10:09:02.687,1,-4.065523,1.498812,-0.960627,training_touch
10:09:02.688,2,-0.69129,1.397667,-0.968872,training_touch
10:09:02.787,1,-4.135289,1.49843,-1.058325,training_touch
10:09:02.788,2,-0.692962,1.392389,-0.973324,training_touch
10:09:02.887,1,-4.023655,1.498668,-1.006236,training_touch
10:09:02.887,2,-0.692831,1.389986,-0.973183,training_touch
10:09:02.987,1,-4.030875,1.498548,-1.000465,training_touch
10:09:02.987,2,-0.692796,1.386025,-0.973878,training_touch
10:09:03.070,1,-4.03078,1.498696,-1.008106,training_touch
10:09:03.070,2,-0.692936,1.392651,-0.974974,training_touch
10:09:03.154,1,-4.027443,1.499651,-1.010823,training_touch
10:09:03.154,2,-0.692021,1.390445,-0.975883,training_touch
10:09:03.254,1,-4.023416,1.500263,-1.018303,training_touch
10:09:03.254,2,-0.69281,1.39361,-0.97565,training_touch
10:09:03.354,1,-4.025894,1.503397,-1.025002,training_touch
10:09:03.354,2,-0.69077,1.392656,-0.976379,training_touch
10:09:03.454,1,-4.025176,1.504371,-1.023237,training_touch
10:09:03.454,2,-0.692248,1.392453,-0.979829,training_touch
10:09:03.554,1,-4.026463,1.502725,-1.021765,training_touch
10:09:03.554,2,-0.696962,1.394234,-0.978869,training_touch
10:09:03.654,1,-4.029653,1.502903,-1.021541,training_touch
10:09:03.654,2,-0.69701,1.397067,-0.98484,training_touch
10:09:03.753,1,-4.030781,1.501627,-1.02122,training_touch
10:09:03.754,2,-0.70391,1.396258,-0.993785,training_touch
10:09:03.854,1,-4.050747,1.500714,-1.016508,training_touch
10:09:03.854,2,-0.709436,1.396934,-1.008939,training_touch
10:09:03.954,1,-4.050797,1.499378,-1.015162,training_touch
10:09:03.954,2,-0.714054,1.396062,-1.032746,training_touch
10:09:04.053,1,-4.054289,1.497154,-1.013084,training_touch
10:09:04.053,2,-0.713604,1.389636,-1.071056,training_touch
10:09:04.136,1,-4.050088,1.496221,-1.008165,training_touch
10:09:04.137,2,-0.727598,1.389644,-1.121451,training_touch
10:09:04.220,1,-4.051179,1.500923,-1.007593,training_touch
10:09:04.220,2,-0.739464,1.391042,-1.158835,training_touch
10:09:04.321,1,-4.048679,1.498793,-1.008721,training_touch
10:09:04.321,2,-0.753986,1.391835,-1.218139,training_touch
10:09:04.420,1,-4.04959,1.500887,-1.004943,training_touch
10:09:04.421,2,-0.774568,1.390749,-1.270587,training_touch
10:09:04.520,1,-4.051517,1.4956,-1.005477,training_touch
10:09:04.520,2,-0.801141,1.389827,-1.344856,training_touch
10:09:04.620,1,-4.048743,1.495324,-1.003507,training_touch
10:09:04.621,2,-0.812667,1.38767,-1.383104,training_touch
10:09:04.721,1,-4.047528,1.501424,-0.988676,training_touch
10:09:04.721,2,-0.831321,1.386992,-1.401648,training_touch
10:09:04.820,1,-4.044367,1.501345,-0.960232,training_touch
10:09:04.821,2,-0.854548,1.386695,-1.418015,training_touch
10:09:04.921,1,-4.05103,1.502704,-0.908019,training_touch
10:09:04.921,2,-0.899115,1.387944,-1.447728,training_touch
10:09:05.003,1,-4.05252,1.502364,-0.883905,training_touch
10:09:05.003,2,-0.919139,1.388337,-1.466737,training_touch
10:09:05.086,1,-4.049724,1.50139,-0.852853,training_touch
10:09:05.087,2,-0.980792,1.3886,-1.50832,training_touch
10:09:05.187,1,-4.027742,1.500931,-0.779034,training_touch
10:09:05.188,2,-1.026545,1.389471,-1.52983,training_touch
10:09:05.287,1,-4.085829,1.501693,-0.828674,training_touch
10:09:05.287,2,-1.080506,1.389136,-1.567266,training_touch
10:09:05.370,1,-4.067673,1.504057,-0.721643,training_touch
10:09:05.370,2,-1.146114,1.389472,-1.613528,training_touch
10:09:05.455,1,-4.06142,1.503171,-0.703046,training_touch
10:09:05.455,2,-1.18455,1.386591,-1.640387,training_touch
10:09:05.554,1,-4.056669,1.496309,-0.711674,training_touch
10:09:05.554,2,-1.236725,1.386759,-1.680687,training_touch
10:09:05.654,1,-4.031589,1.490149,-0.699814,training_touch
10:09:05.654,2,-1.277128,1.388564,-1.721195,training_touch
10:09:05.754,1,-4.058877,1.490581,-0.734521,training_touch
10:09:05.754,2,-1.307412,1.391473,-1.754914,training_touch
10:09:05.870,1,-4.021203,1.485645,-0.68148,training_touch
10:09:05.870,2,-1.330899,1.392565,-1.785681,training_touch
10:09:05.971,1,-4.024275,1.488684,-0.69878,training_touch
10:09:05.971,2,-1.345882,1.3926,-1.844535,training_touch
10:09:06.070,1,-4.030028,1.485126,-0.70496,training_touch
10:09:06.070,2,-1.35523,1.392532,-1.886137,training_touch
10:09:06.153,1,-4.031875,1.487427,-0.708429,training_touch
10:09:06.153,2,-1.37018,1.392715,-1.944986,training_touch
10:09:06.238,1,-4.032394,1.484803,-0.709532,training_touch
10:09:06.238,2,-1.383358,1.390466,-1.985024,training_touch
10:09:06.320,1,-4.03357,1.48324,-0.710591,training_touch
10:09:06.320,2,-1.398681,1.389011,-2.031637,training_touch
10:09:06.404,1,-4.034094,1.48109,-0.711166,training_touch
10:09:06.404,2,-1.413342,1.388822,-2.046543,training_touch
10:09:06.503,1,-4.035288,1.481852,-0.715007,training_touch
10:09:06.504,2,-1.427528,1.38996,-2.088206,training_touch
10:09:06.604,1,-4.034118,1.482095,-0.711218,training_touch
10:09:06.604,2,-1.426293,1.389182,-2.133891,training_touch
10:09:06.704,1,-4.043081,1.482414,-0.729002,training_touch
10:09:06.704,2,-1.431743,1.378982,-2.151262,training_touch
10:09:06.804,1,-4.038778,1.483488,-0.723924,training_touch
10:09:06.804,2,-1.434157,1.379807,-2.162066,training_touch
10:09:06.904,1,-4.030841,1.48321,-0.712692,training_touch
10:09:06.904,2,-1.434519,1.379807,-2.167381,training_touch
10:09:07.004,1,-4.027673,1.480915,-0.710833,training_touch
10:09:07.004,2,-1.434414,1.375694,-2.167776,training_touch
10:09:07.104,1,-4.026786,1.472949,-0.710548,training_touch
10:09:07.104,2,-1.432739,1.380366,-2.165959,training_touch
10:09:07.204,1,-4.026421,1.471158,-0.713881,training_touch
10:09:07.204,2,-1.431337,1.383432,-2.164947,training_touch
10:09:07.304,1,-4.025431,1.474257,-0.716314,training_touch
10:09:07.304,2,-1.429245,1.385355,-2.163344,training_touch
10:09:07.404,1,-4.033147,1.474617,-0.728115,training_touch
10:09:07.404,2,-1.425638,1.387301,-2.159644,training_touch
10:09:07.486,1,-4.028082,1.474499,-0.725654,training_touch
10:09:07.487,2,-1.42374,1.392115,-2.154743,training_touch
10:09:07.570,1,-4.026221,1.477616,-0.723987,training_touch
10:09:07.570,2,-1.425134,1.391062,-2.145103,training_touch
10:09:07.671,1,-4.026398,1.4789,-0.719832,training_touch
10:09:07.671,2,-1.42701,1.392559,-2.136906,training_touch
10:09:07.770,1,-4.027335,1.477976,-0.717704,training_touch
10:09:07.770,2,-1.427862,1.39178,-2.133171,training_touch
10:09:07.853,1,-4.028834,1.482527,-0.716365,training_touch
10:09:07.853,2,-1.436743,1.387692,-2.121238,training_touch
10:09:07.937,1,-4.028722,1.480284,-0.714632,training_touch
10:09:07.937,2,-1.441681,1.386768,-2.117492,training_touch
10:09:08.020,1,-4.033991,1.485846,-0.689329,training_touch
10:09:08.020,2,-1.446082,1.383123,-2.115268,training_touch
10:09:08.104,1,-4.031347,1.475499,-0.706617,training_touch
10:09:08.104,2,-1.447291,1.381548,-2.114642,training_touch
10:09:08.204,1,-4.02263,1.469876,-0.733707,training_touch
10:09:08.204,2,-1.448379,1.375889,-2.114322,training_touch
10:09:08.304,1,-4.026404,1.468822,-0.714409,training_touch
10:09:08.304,2,-1.448548,1.361943,-2.114125,training_touch
10:09:08.404,1,-4.027971,1.477688,-0.715999,training_touch
10:09:08.404,2,-1.448773,1.35146,-2.114255,training_touch
10:09:08.504,1,-4.028929,1.46326,-0.715439,training_touch
10:09:08.504,2,-1.448102,1.350921,-2.11523,training_touch
10:09:08.604,1,-4.03804,1.475075,-0.725503,training_touch
10:09:08.604,2,-1.448214,1.345999,-2.115341,training_touch
10:09:08.686,1,-4.03814,1.476197,-0.724479,training_touch
10:09:08.687,2,-1.447697,1.341835,-2.115699,training_touch
10:09:08.770,1,-4.044753,1.475976,-0.688838,training_touch
10:09:08.770,2,-1.447807,1.348491,-2.115314,training_touch
10:09:08.870,1,-4.018821,1.467811,-0.768346,training_touch
10:09:08.871,2,-1.446797,1.349538,-2.115995,training_touch
10:09:08.970,1,-4.037676,1.465659,-0.698698,training_touch
10:09:08.971,2,-1.445723,1.354383,-2.116348,training_touch
10:09:09.070,1,-4.063784,1.47354,-0.778619,training_touch
10:09:09.071,2,-1.444933,1.356353,-2.116416,training_touch
10:09:09.153,1,-4.037647,1.439809,-0.714762,training_touch
10:09:09.153,2,-1.444551,1.358073,-2.1161,training_touch
10:09:09.237,1,-4.037631,1.441693,-0.715152,training_touch
10:09:09.237,2,-1.4445,1.355187,-2.116202,training_touch
10:09:09.337,1,-4.036855,1.428514,-0.716319,training_touch
10:09:09.337,2,-1.444977,1.356768,-2.115848,training_touch
10:09:09.438,1,-4.036505,1.448054,-0.714561,training_touch
10:09:09.438,2,-1.44479,1.368946,-2.116339,training_touch
10:09:09.537,1,-4.041959,1.453594,-0.700996,training_touch
10:09:09.537,2,-1.444102,1.367361,-2.120406,training_touch
10:09:09.620,1,-4.037252,1.447267,-0.717552,training_touch
10:09:09.620,2,-1.442646,1.369541,-2.125394,training_touch
10:09:09.703,1,-4.0354,1.444206,-0.719941,training_touch
10:09:09.703,2,-1.441865,1.364987,-2.127595,training_touch
10:09:09.786,1,-4.028236,1.455843,-0.955243,training_touch
10:09:09.786,2,-1.441693,1.364465,-2.130469,training_touch
10:09:09.870,1,-4.055558,1.452007,-0.880232,training_touch
10:09:09.870,2,-1.442019,1.368076,-2.131143,training_touch
10:09:09.987,1,-4.020536,1.461979,-0.817978,training_touch
10:09:09.988,2,-1.44292,1.363907,-2.132174,training_touch
10:09:10.087,1,-4.075133,1.462466,-1.002426,training_touch
10:09:10.087,2,-1.443263,1.364543,-2.133025,training_touch
10:09:10.187,1,-4.098574,1.443794,-1.005075,training_touch
10:09:10.187,2,-1.443146,1.363917,-2.133494,training_touch
10:09:10.270,1,-4.116467,1.475624,-0.992231,training_touch
10:09:10.270,2,-1.442993,1.363353,-2.134028,training_touch
10:09:10.371,1,-4.176164,1.448665,-1.001977,training_touch
10:09:10.371,2,-1.443015,1.363858,-2.13408,training_touch
10:09:10.472,1,-4.099574,1.448448,-0.995103,training_touch
10:09:10.472,2,-1.443317,1.363136,-2.133858,training_touch
10:09:10.553,1,-4.163943,1.433936,-1.019297,training_touch
10:09:10.553,2,-1.443249,1.362317,-2.131115,training_touch
10:09:10.636,1,-4.160955,1.433366,-1.016875,training_touch
10:09:10.637,2,-1.444435,1.359017,-2.127862,training_touch
10:09:10.720,1,-4.180437,1.433463,-1.009467,training_touch
10:09:10.720,2,-1.448916,1.357744,-2.122269,training_touch
10:09:10.803,1,-4.193554,1.436147,-1.009847,training_touch
10:09:10.804,2,-1.450929,1.360235,-2.12036,training_touch
10:09:10.887,1,-4.187116,1.439133,-1.002675,training_touch
10:09:10.888,2,-1.451459,1.359516,-2.119467,training_touch
10:09:10.987,1,-4.194737,1.440033,-1.000166,training_touch
10:09:10.987,2,-1.453548,1.359284,-2.117442,training_touch
10:09:11.087,1,-4.229276,1.435024,-1.008936,training_touch
10:09:11.088,2,-1.454184,1.356916,-2.116323,training_touch
10:09:11.187,1,-4.233373,1.443079,-1.013421,training_touch
10:09:11.188,2,-1.454355,1.358285,-2.116036,training_touch
10:09:11.287,1,-4.202329,1.445869,-1.00407,training_touch
10:09:11.287,2,-1.454181,1.357858,-2.115951,training_touch
10:09:11.387,1,-4.1998,1.43578,-0.998064,training_touch
10:09:11.387,2,-1.455027,1.35692,-2.116218,training_touch
10:09:11.487,1,-4.193835,1.399602,-0.997865,training_touch
10:09:11.488,2,-1.45444,1.356409,-2.120652,training_touch
10:09:11.587,1,-4.203231,1.406722,-0.98782,training_touch
10:09:11.587,2,-1.453394,1.360329,-2.125584,training_touch
10:09:11.687,1,-4.236833,1.424448,-0.989168,training_touch
10:09:11.687,2,-1.451483,1.359541,-2.129117,training_touch
10:09:11.787,1,-4.258245,1.301658,-1.008177,training_touch
10:09:11.788,2,-1.450625,1.356326,-2.133095,training_touch
10:09:11.887,1,-4.216763,1.419957,-0.981653,training_touch
10:09:11.887,2,-1.450453,1.357128,-2.136499,training_touch
10:09:11.987,1,-4.242794,1.431096,-0.976444,training_touch
10:09:11.987,2,-1.451005,1.355373,-2.138138,training_touch
10:09:12.087,1,-4.253948,1.38354,-0.983149,training_touch
10:09:12.088,2,-1.450188,1.357027,-2.141222,training_touch
10:09:12.187,1,-4.227203,1.39272,-0.983403,training_touch
10:09:12.187,2,-1.448586,1.352442,-2.1456,training_touch
10:09:12.287,1,-4.20471,1.435385,-0.959487,training_touch
10:09:12.288,2,-1.447886,1.354459,-2.148451,training_touch
10:09:12.387,1,-4.253967,1.258435,-0.966549,training_touch
10:09:12.388,2,-1.44665,1.355508,-2.151543,training_touch
10:09:12.487,1,-4.252408,1.416734,-0.966997,training_touch
10:09:12.487,2,-1.446044,1.35505,-2.152351,training_touch
10:09:12.587,1,-4.210092,1.419187,-0.920107,training_touch
10:09:12.587,2,-1.445246,1.355311,-2.154389,training_touch
10:09:12.687,1,-4.245468,1.379897,-0.961078,training_touch
10:09:12.688,2,-1.445013,1.355328,-2.155741,training_touch
10:09:12.787,1,-4.216477,1.427958,-0.979538,training_touch
10:09:12.787,2,-1.444575,1.356779,-2.158269,training_touch
10:09:12.887,1,-4.20855,1.390264,-0.972911,training_touch
10:09:12.888,2,-1.444427,1.358004,-2.159482,training_touch
10:09:12.987,1,-4.213437,1.419922,-0.977229,training_touch
10:09:12.988,2,-1.444057,1.354537,-2.159838,training_touch
10:09:13.087,1,-4.22151,1.434707,-0.980246,training_touch
10:09:13.087,2,-1.444081,1.354214,-2.160452,training_touch
10:09:13.187,1,-4.203345,1.459425,-0.968473,training_touch
10:09:13.188,2,-1.444043,1.356483,-2.160516,training_touch
10:09:13.287,1,-4.219447,1.384067,-0.979821,training_touch
10:09:13.288,2,-1.444637,1.352521,-2.160899,training_touch
10:09:13.387,1,-4.219886,1.4458,-0.97394,training_touch
10:09:13.387,2,-1.446083,1.352923,-2.160566,training_touch
10:09:13.504,1,-4.242312,1.459167,-0.949902,training_touch
10:09:13.505,2,-1.44573,1.353867,-2.159818,training_touch
10:09:13.603,1,-4.176811,1.454255,-0.901448,training_touch
10:09:13.603,2,-1.446758,1.355023,-2.158987,training_touch
10:09:13.704,1,-4.183863,1.452709,-0.933213,training_touch
10:09:13.704,2,-1.447384,1.35424,-2.15812,training_touch
10:09:13.787,1,-4.213783,1.460555,-0.967911,training_touch
10:09:13.787,2,-1.447013,1.354608,-2.157077,training_touch
10:09:13.887,1,-4.210582,1.472976,-0.962921,training_touch
10:09:13.888,2,-1.447293,1.355082,-2.156466,training_touch
10:09:13.987,1,-4.227525,1.473353,-0.965529,training_touch
10:09:13.988,2,-1.447205,1.351382,-2.156512,training_touch
10:09:14.087,1,-4.23575,1.473602,-0.962407,training_touch
10:09:14.087,2,-1.446818,1.352989,-2.156445,training_touch
10:09:14.187,1,-4.16666,1.476521,-0.940335,training_touch
10:09:14.188,2,-1.44653,1.360725,-2.156713,training_touch
10:09:14.287,1,-4.170665,1.476934,-0.945906,training_touch
10:09:14.287,2,-1.446362,1.360798,-2.156535,training_touch
10:09:14.387,1,-4.182179,1.469414,-0.958047,training_touch
10:09:14.388,2,-1.445797,1.362437,-2.156195,training_touch
10:09:14.488,1,-4.194282,1.46847,-1.005236,training_touch
10:09:14.488,2,-1.445107,1.367339,-2.157343,training_touch
10:09:14.587,1,-4.11759,1.46764,-0.868842,training_touch
10:09:14.587,2,-1.446484,1.381555,-2.157388,training_touch
10:09:14.687,1,-4.12603,1.475893,-0.828191,training_touch
10:09:14.687,2,-1.446503,1.385504,-2.157698,training_touch
10:09:14.787,1,-4.120812,1.478071,-0.826968,training_touch
10:09:14.788,2,-1.445921,1.388461,-2.158787,training_touch
10:09:14.887,1,-4.113812,1.479451,-0.789909,training_touch
10:09:14.887,2,-1.448994,1.384696,-2.160268,training_touch
10:09:14.987,1,-4.104183,1.481453,-0.797327,training_touch
10:09:14.987,2,-1.451163,1.386931,-2.160833,training_touch
10:09:15.087,1,-4.113698,1.482241,-0.744154,training_touch
10:09:15.088,2,-1.451811,1.360861,-2.161355,training_touch
10:09:15.187,1,-4.13132,1.48498,-0.746471,training_touch
10:09:15.187,2,-1.451628,1.392581,-2.162144,training_touch
10:09:15.287,1,-4.183454,1.484809,-0.75801,training_touch
10:09:15.287,2,-1.451343,1.381936,-2.162496,training_touch
10:09:15.388,1,-4.203182,1.490239,-0.783718,training_touch
10:09:15.388,2,-1.450617,1.37395,-2.162731,training_touch
10:09:15.487,1,-4.23985,1.496013,-0.699549,training_touch
10:09:15.487,2,-1.44958,1.377297,-2.163088,training_touch
10:09:15.587,1,-4.156369,1.482129,-0.62936,training_touch
10:09:15.588,2,-1.448485,1.378597,-2.163874,training_touch
10:09:15.687,1,-4.161978,1.478563,-0.687173,training_touch
10:09:15.688,2,-1.447081,1.374261,-2.164996,training_touch
10:09:15.787,1,-4.165849,1.462478,-0.692427,training_touch
10:09:15.787,2,-1.446324,1.374984,-2.165409,training_touch
10:09:15.887,1,-4.160626,1.466309,-0.635293,training_touch
10:09:15.888,2,-1.445883,1.378812,-2.164581,training_touch
10:09:15.987,1,-4.150188,1.446872,-0.689212,training_touch
10:09:15.988,2,-1.446303,1.37677,-2.161885,training_touch
10:09:16.087,1,-4.138009,1.464521,-0.629327,training_touch
10:09:16.087,2,-1.447716,1.388272,-2.158632,training_touch
10:09:16.187,1,-4.162281,1.456062,-0.694472,training_touch
10:09:16.187,2,-1.450381,1.394958,-2.153119,training_touch
10:09:16.288,1,-4.134644,1.466875,-0.645664,training_touch
10:09:16.288,2,-1.452728,1.403465,-2.145125,training_touch
10:09:16.387,1,-4.133799,1.479857,-0.668992,training_touch
10:09:16.387,2,-1.453757,1.400048,-2.142827,training_touch
10:09:16.487,1,-4.139277,1.463208,-0.650179,training_touch
10:09:16.487,2,-1.453902,1.398829,-2.142568,training_touch
10:09:16.637,1,-4.161687,1.470646,-0.721687,training_touch
10:09:16.637,2,-1.454679,1.396222,-2.141037,training_touch
10:09:16.736,1,-4.14097,1.474415,-0.651092,training_touch
10:09:16.737,2,-1.454289,1.392939,-2.141935,training_touch
10:09:16.839,1,-4.191517,1.475134,-0.695572,training_touch
10:09:16.839,2,-1.455068,1.398843,-2.141095,training_touch
10:09:16.937,1,-4.169158,1.476672,-0.63992,training_touch
10:09:16.938,2,-1.456169,1.400063,-2.139273,training_touch
10:09:17.037,1,-4.220934,1.479836,-0.723658,training_touch
10:09:17.037,2,-1.457555,1.400379,-2.137877,training_touch
10:09:17.138,1,-4.191916,1.480809,-0.699811,training_touch
10:09:17.138,2,-1.45826,1.394901,-2.136448,training_touch
10:09:17.237,1,-4.196991,1.479921,-0.71449,training_touch
10:09:17.237,2,-1.460353,1.397027,-2.134966,training_touch
10:09:17.337,1,-4.134264,1.483606,-0.671973,training_touch
10:09:17.338,2,-1.461372,1.399156,-2.134327,training_touch
10:09:17.437,1,-4.128308,1.477831,-0.665603,training_touch
10:09:17.438,2,-1.459939,1.399464,-2.13772,training_touch
10:09:17.537,1,-4.128673,1.478698,-0.66672,training_touch
10:09:17.537,2,-1.458729,1.397051,-2.139062,training_touch
10:09:17.637,1,-4.148055,1.49393,-0.669864,training_touch
10:09:17.638,2,-1.457885,1.394576,-2.140282,training_touch
10:09:17.737,1,-4.252993,1.490157,-0.714945,training_touch
10:09:17.738,2,-1.457202,1.394546,-2.141599,training_touch
10:09:17.870,1,-4.149851,1.487492,-0.651895,training_touch
10:09:17.871,2,-1.458684,1.39693,-2.140172,training_touch
10:09:17.971,1,-4.197267,1.489914,-0.712981,training_touch
10:09:17.972,2,-1.458619,1.396942,-2.140575,training_touch
10:09:18.071,1,-4.163899,1.489996,-0.648093,training_touch
10:09:18.071,2,-1.459017,1.397403,-2.140627,training_touch
10:09:18.171,1,-4.187474,1.484722,-0.687098,training_touch
10:09:18.171,2,-1.460202,1.39903,-2.139289,training_touch
10:09:18.270,1,-4.172142,1.484729,-0.645471,training_touch
10:09:18.271,2,-1.459068,1.400073,-2.140285,training_touch
10:09:18.370,1,-4.175707,1.488888,-0.669494,training_touch
10:09:18.370,2,-1.458946,1.40382,-2.140563,training_touch
10:09:18.453,1,-4.171772,1.491251,-0.652549,training_touch
10:09:18.453,2,-1.458415,1.405533,-2.141075,training_touch
10:09:18.537,1,-4.131385,1.492526,-0.788799,training_touch
10:09:18.537,2,-1.460183,1.406225,-2.138675,training_touch
10:09:18.620,1,-4.133511,1.492267,-0.736862,training_touch
10:09:18.620,2,-1.459718,1.409641,-2.139394,training_touch
10:09:18.704,1,-4.157887,1.492218,-0.641717,training_touch
10:09:18.704,2,-1.462049,1.409654,-2.136749,training_touch
10:09:18.804,1,-4.191094,1.494479,-0.704968,training_touch
10:09:18.805,2,-1.462635,1.408672,-2.13643,training_touch
10:09:18.904,1,-4.196247,1.493014,-0.72233,training_touch
10:09:18.905,2,-1.470579,1.407993,-2.127142,training_touch
10:09:19.004,1,-4.132859,1.469201,-0.70793,training_touch
10:09:19.004,2,-1.475797,1.407575,-2.11647,training_touch
10:09:19.104,1,-4.151155,1.486638,-0.663902,training_touch
10:09:19.105,2,-1.481694,1.407636,-2.09685,training_touch
10:09:19.204,1,-4.136924,1.481899,-0.669555,training_touch
10:09:19.205,2,-1.486492,1.407686,-2.066153,training_touch
10:09:19.304,1,-4.203125,1.480119,-0.736245,training_touch
10:09:19.304,2,-1.492031,1.40732,-2.031127,training_touch
10:09:19.404,1,-4.193943,1.481536,-0.712795,training_touch
10:09:19.404,2,-1.503285,1.407009,-1.979648,training_touch
10:09:19.504,1,-4.16722,1.48119,-0.647395,training_touch
10:09:19.504,2,-1.513233,1.406762,-1.940988,training_touch
10:09:19.604,1,-4.166126,1.48813,-0.649824,training_touch
10:09:19.604,2,-1.53261,1.406543,-1.917952,training_touch
10:09:19.704,1,-4.195013,1.418071,-0.711861,training_touch
10:09:19.705,2,-1.555672,1.406119,-1.90846,training_touch
10:09:19.804,1,-4.167009,1.471866,-0.657722,training_touch
10:09:19.805,2,-1.60527,1.405596,-1.90699,training_touch
10:09:19.904,1,-4.136658,1.483502,-0.678954,training_touch
10:09:19.904,2,-1.635023,1.405362,-1.916454,training_touch
10:09:20.004,1,-4.165116,1.476,-0.665837,training_touch
10:09:20.005,2,-1.679272,1.405336,-1.929779,training_touch
10:09:20.087,1,-4.163259,1.476348,-0.66156,training_touch
10:09:20.087,2,-1.717427,1.40534,-1.937184,training_touch
10:09:20.188,1,-4.161774,1.478856,-0.664526,training_touch
10:09:20.188,2,-1.739035,1.405116,-1.936167,training_touch
10:09:20.287,1,-4.188597,1.481296,-0.727601,training_touch
10:09:20.287,2,-1.819816,1.404802,-1.92544,training_touch
10:09:20.387,1,-4.161652,1.482666,-0.713581,training_touch
10:09:20.387,2,-1.88794,1.403452,-1.920957,training_touch
10:09:20.537,1,-4.168073,1.461721,-0.729682,training_touch
10:09:20.537,2,-1.967641,1.401429,-1.916649,training_touch
10:09:20.637,1,-4.140255,1.445838,-0.673533,training_touch
10:09:20.637,2,-2.154253,1.400511,-1.904716,training_touch
10:09:20.720,1,-4.148945,1.326471,-0.672897,training_touch
10:09:20.720,2,-2.213909,1.398707,-1.905136,training_touch
10:09:20.821,1,-4.159333,1.454894,-0.674117,training_touch
10:09:20.821,2,-2.290366,1.397757,-1.90204,training_touch
10:09:20.922,1,-4.152718,1.42582,-0.666938,training_touch
10:09:20.923,2,-2.365213,1.397496,-1.903965,training_touch
10:09:21.021,1,-4.164728,1.252268,-0.656222,training_touch
10:09:21.021,2,-2.40668,1.396909,-1.904991,training_touch
10:09:21.121,1,-4.162425,1.223587,-0.66093,training_touch
10:09:21.121,2,-2.447187,1.396658,-1.898743,training_touch
10:09:21.220,1,-4.142761,1.263292,-0.668787,training_touch
10:09:21.221,2,-2.487906,1.39649,-1.890651,training_touch
10:09:21.354,1,-4.12661,1.299006,-0.675083,training_touch
10:09:21.354,2,-2.545256,1.396475,-1.876338,training_touch
10:09:21.455,1,-4.190361,1.196921,-0.709532,training_touch
10:09:21.455,2,-2.593628,1.396857,-1.847145,training_touch
10:09:21.554,1,-4.137391,1.146716,-0.664313,training_touch
10:09:21.555,2,-2.643208,1.398289,-1.804944,training_touch
10:09:21.654,1,-4.127993,1.148483,-0.666016,training_touch
10:09:21.654,2,-2.679179,1.40074,-1.762874,training_touch
10:09:21.754,1,-4.128294,1.144877,-0.678971,training_touch
10:09:21.754,2,-2.713103,1.402544,-1.72317,training_touch
10:09:21.854,1,-4.114892,1.155401,-0.708381,training_touch
10:09:21.855,2,-2.748955,1.403932,-1.684841,training_touch
10:09:21.953,1,-4.121228,1.160773,-0.678693,training_touch
10:09:21.954,2,-2.794297,1.404207,-1.65581,training_touch
10:09:22.054,1,-4.149477,1.146244,-0.674741,training_touch
10:09:22.054,2,-2.821645,1.405086,-1.633742,training_touch
10:09:22.154,1,-4.119826,1.127964,-0.68176,training_touch
10:09:22.155,2,-2.84131,1.405574,-1.618452,training_touch
10:09:22.254,1,-4.111787,1.11862,-0.68755,training_touch
10:09:22.254,2,-2.870237,1.405468,-1.60404,training_touch
10:09:22.354,1,-4.075945,1.13308,-0.701574,training_touch
10:09:22.354,2,-2.89419,1.40543,-1.596957,training_touch
10:09:22.454,1,-4.081143,1.145731,-0.711371,training_touch
10:09:22.455,2,-2.915893,1.405274,-1.596459,training_touch
10:09:22.554,1,-4.079512,1.148341,-0.736259,training_touch
10:09:22.555,2,-2.937366,1.404918,-1.596406,training_touch
10:09:22.654,1,-4.026945,1.148139,-0.801816,training_touch
10:09:22.654,2,-2.950987,1.403391,-1.597544,training_touch
10:09:22.754,1,-3.977628,1.115636,-0.843821,training_touch
10:09:22.755,2,-2.960947,1.40194,-1.602092,training_touch
10:09:22.855,1,-3.960634,1.103581,-0.88469,training_touch
10:09:22.855,2,-2.967068,1.399994,-1.607489,training_touch
10:09:22.937,1,-3.926725,1.158706,-0.925023,training_touch
10:09:22.937,2,-2.967197,1.398502,-1.609029,training_touch
10:09:23.021,1,-3.855588,1.111419,-0.975909,training_touch
10:09:23.022,2,-2.961807,1.397939,-1.610865,training_touch
10:09:23.121,1,-3.845553,1.109261,-0.993057,training_touch
10:09:23.121,2,-2.950939,1.397065,-1.612025,training_touch
10:09:23.221,1,-3.838187,1.141146,-1.023063,training_touch
10:09:23.221,2,-2.937851,1.394302,-1.613779,training_touch
10:09:23.322,1,-3.827812,1.149473,-1.030254,training_touch
10:09:23.322,2,-2.927588,1.392584,-1.609346,training_touch
10:09:23.420,1,-3.81716,1.100837,-1.040557,training_touch
10:09:23.421,2,-2.916902,1.391573,-1.608927,training_touch
10:09:23.522,1,-3.817245,1.108086,-1.060898,training_touch
10:09:23.523,2,-2.913997,1.391296,-1.609587,training_touch
10:09:23.620,1,-3.815516,1.13917,-1.060853,training_touch
10:09:23.620,2,-2.91226,1.391433,-1.610346,training_touch
10:09:23.721,1,-3.822906,1.105675,-1.073835,training_touch
10:09:23.721,2,-2.910799,1.391305,-1.610577,training_touch
10:09:23.821,1,-3.815997,1.124459,-1.07127,training_touch
10:09:23.821,2,-2.909801,1.390964,-1.611083,training_touch
10:09:23.922,1,-3.809828,1.124363,-1.068365,training_touch
10:09:23.922,2,-2.90957,1.391316,-1.611506,training_touch
10:09:24.021,1,-3.808082,1.125229,-1.065596,training_touch
10:09:24.021,2,-2.909476,1.391746,-1.612309,training_touch
10:09:24.121,1,-3.81311,1.112254,-1.071676,training_touch
10:09:24.122,2,-2.910443,1.391896,-1.612709,training_touch
10:09:24.220,1,-3.813506,1.116988,-1.070327,training_touch
10:09:24.221,2,-2.912447,1.391915,-1.613154,training_touch
10:09:24.320,1,-3.816952,1.115495,-1.071573,training_touch
10:09:24.321,2,-2.913463,1.391874,-1.613804,training_touch
10:09:24.421,1,-3.817812,1.108755,-1.072419,training_touch
10:09:24.421,2,-2.915689,1.391034,-1.614971,training_touch
10:09:24.522,1,-3.818184,1.106201,-1.072504,training_touch
10:09:24.522,2,-2.919225,1.39152,-1.617307,training_touch
10:09:24.620,1,-3.818868,1.143932,-1.073483,training_touch
10:09:24.621,2,-2.923476,1.392078,-1.619062,training_touch
10:09:24.721,1,-3.819198,1.154418,-1.073844,training_touch
10:09:24.721,2,-2.929983,1.392108,-1.623706,training_touch
10:09:24.822,1,-3.819821,1.12709,-1.075376,training_touch
10:09:24.822,2,-2.934518,1.392467,-1.625993,training_touch
10:09:24.920,1,-3.819743,1.130506,-1.076846,training_touch
10:09:24.921,2,-2.938829,1.392651,-1.629264,training_touch
10:09:25.021,1,-3.819922,1.112389,-1.078633,training_touch
10:09:25.021,2,-2.940087,1.392344,-1.636068,training_touch
10:09:25.122,1,-3.819287,1.112156,-1.079996,training_touch
10:09:25.122,2,-2.932229,1.39242,-1.636165,training_touch
10:09:25.221,1,-3.818668,1.172481,-1.081384,training_touch
10:09:25.221,2,-2.92326,1.39227,-1.635944,training_touch
10:09:25.321,1,-3.816452,1.198148,-1.082013,training_touch
10:09:25.321,2,-2.903905,1.392317,-1.640014,training_touch
10:09:25.403,1,-3.815263,1.176807,-1.084625,training_touch
10:09:25.404,2,-2.867802,1.391735,-1.642091,training_touch
10:09:25.504,1,-3.815161,1.192171,-1.085293,training_touch
10:09:25.505,2,-2.836923,1.387214,-1.644933,training_touch
10:09:25.603,1,-3.811369,1.431878,-1.088226,training_touch
10:09:25.604,2,-2.755563,1.383923,-1.645327,training_touch
10:09:25.705,1,-3.810255,1.487272,-1.089577,training_touch
10:09:25.706,2,-2.689722,1.383325,-1.653409,training_touch
10:09:25.804,1,-3.809621,1.463714,-1.090396,training_touch
10:09:25.805,2,-2.632791,1.383115,-1.661586,training_touch
10:09:25.904,1,-3.808815,1.488352,-1.091385,training_touch
10:09:25.904,2,-2.575896,1.389946,-1.680575,training_touch
10:09:26.004,1,-3.807221,1.476454,-1.0999,training_touch
10:09:26.005,2,-2.543192,1.392302,-1.691518,training_touch
10:09:26.104,1,-3.808055,1.496159,-1.100035,training_touch
10:09:26.105,2,-2.517377,1.393684,-1.698747,training_touch
10:09:26.204,1,-3.809673,1.492224,-1.104406,training_touch
10:09:26.204,2,-2.478371,1.394069,-1.718397,training_touch
10:09:26.304,1,-3.810703,1.442101,-1.112169,training_touch
10:09:26.305,2,-2.461441,1.394352,-1.72488,training_touch
10:09:26.404,1,-3.81941,1.333757,-1.125097,training_touch
10:09:26.405,2,-2.455196,1.394776,-1.728914,training_touch
10:09:26.504,1,-3.839873,1.453473,-1.142913,training_touch
10:09:26.504,2,-2.452309,1.39475,-1.730183,training_touch
10:09:26.604,1,-3.882708,1.520973,-1.164182,training_touch
10:09:26.604,2,-2.449262,1.396079,-1.731644,training_touch
10:09:26.704,1,-3.919955,1.472993,-1.180249,training_touch
10:09:26.705,2,-2.447258,1.396941,-1.732004,training_touch
10:09:26.804,1,-3.969679,1.480837,-1.19974,training_touch
10:09:26.804,2,-2.440194,1.400039,-1.736241,training_touch
10:09:26.904,1,-4.00782,1.498599,-1.217347,training_touch
10:09:26.905,2,-2.437957,1.395545,-1.740037,training_touch
10:09:27.004,1,-4.04804,1.48532,-1.230765,training_touch
10:09:27.005,2,-2.439161,1.393451,-1.740315,training_touch
10:09:27.121,1,-4.079127,1.503147,-1.244731,training_touch
10:09:27.121,2,-2.443334,1.393833,-1.74064,training_touch
10:09:27.222,1,-4.100061,1.486656,-1.258231,training_touch
10:09:27.222,2,-2.444617,1.395635,-1.749753,training_touch
10:09:27.320,1,-4.120289,1.502456,-1.270695,training_touch
10:09:27.321,2,-2.44557,1.398981,-1.752796,training_touch
10:09:27.421,1,-4.130653,1.491234,-1.282259,training_touch
10:09:27.421,2,-2.44572,1.398659,-1.753397,training_touch
10:09:27.520,1,-4.141291,1.504078,-1.299517,training_touch
10:09:27.520,2,-2.445287,1.398089,-1.755394,training_touch
10:09:27.621,1,-4.144206,1.484868,-1.308625,training_touch
10:09:27.622,2,-2.443912,1.397968,-1.760186,training_touch
10:09:27.721,1,-4.147197,1.501161,-1.332516,training_touch
10:09:27.721,2,-2.441893,1.397415,-1.763638,training_touch
10:09:27.821,1,-4.159047,1.480779,-1.362446,training_touch
10:09:27.822,2,-2.430399,1.398963,-1.767279,training_touch
10:09:27.921,1,-4.160178,1.48459,-1.37749,training_touch
10:09:27.921,2,-2.408468,1.400919,-1.770031,training_touch
10:09:28.021,1,-4.166731,1.484035,-1.398162,training_touch
10:09:28.021,2,-2.37767,1.401836,-1.778303,training_touch
10:09:28.122,1,-4.168862,1.483134,-1.429886,training_touch
10:09:28.122,2,-2.3265,1.40217,-1.786851,training_touch
10:09:28.221,1,-4.162951,1.478738,-1.461269,training_touch
10:09:28.221,2,-2.26439,1.401814,-1.797959,training_touch
10:09:28.321,1,-4.161705,1.500777,-1.495888,training_touch
10:09:28.321,2,-2.207299,1.401631,-1.81196,training_touch
10:09:28.420,1,-4.16703,1.51247,-1.530848,training_touch
10:09:28.420,2,-2.153512,1.398294,-1.824724,training_touch
10:09:28.503,1,-4.171105,1.51717,-1.562468,training_touch
10:09:28.504,2,-2.106685,1.39682,-1.844254,training_touch
10:09:28.587,1,-4.175954,1.505473,-1.586442,training_touch
10:09:28.587,2,-2.089127,1.396301,-1.852475,training_touch
10:09:28.687,1,-4.178183,1.446589,-1.606309,training_touch
10:09:28.688,2,-2.045885,1.396643,-1.871828,training_touch
10:09:28.787,1,-4.180905,1.500942,-1.622426,training_touch
10:09:28.788,2,-2.021039,1.398444,-1.885881,training_touch
10:09:28.887,1,-4.182436,1.481257,-1.63634,training_touch
10:09:28.888,2,-2.001208,1.397836,-1.893672,training_touch
10:09:28.987,1,-4.181938,1.503642,-1.649566,training_touch
10:09:28.988,2,-1.988099,1.39744,-1.898002,training_touch
10:09:29.087,1,-4.178975,1.49164,-1.656072,training_touch
10:09:29.088,2,-1.978347,1.397821,-1.900767,training_touch
10:09:29.188,1,-4.176426,1.49508,-1.660622,training_touch
10:09:29.188,2,-1.971,1.397505,-1.90387,training_touch
10:09:29.287,1,-4.173564,1.482191,-1.66296,training_touch
10:09:29.288,2,-1.963974,1.397349,-1.906519,training_touch
10:09:29.387,1,-4.170062,1.502321,-1.667639,training_touch
10:09:29.388,2,-1.960633,1.397074,-1.908479,training_touch
10:09:29.488,1,-4.169624,1.330731,-1.665809,training_touch
10:09:29.488,2,-1.953005,1.398945,-1.914339,training_touch
10:09:29.587,1,-4.166306,1.315856,-1.66944,training_touch
10:09:29.587,2,-1.952957,1.398317,-1.91658,training_touch
10:09:29.687,1,-4.165974,1.492559,-1.671259,training_touch
10:09:29.688,2,-1.948343,1.398409,-1.921252,training_touch
10:09:29.770,1,-4.165778,1.482979,-1.672072,training_touch
10:09:29.770,2,-1.944719,1.398539,-1.925738,training_touch
10:09:29.871,1,-4.165415,1.479285,-1.672006,training_touch
10:09:29.871,2,-1.941078,1.400937,-1.928904,training_touch
10:09:29.970,1,-4.165347,1.496214,-1.670408,training_touch
10:09:29.970,2,-1.93774,1.405571,-1.932167,training_touch
10:09:30.070,1,-4.164692,1.500954,-1.671075,training_touch
10:09:30.070,2,-1.935019,1.4066,-1.934229,training_touch
10:09:30.171,1,-4.162971,1.507967,-1.67118,training_touch
10:09:30.171,2,-1.931406,1.405417,-1.935291,training_touch
10:09:30.270,1,-4.161129,1.482988,-1.671204,training_touch
10:09:30.271,2,-1.928151,1.403501,-1.937091,training_touch
10:09:30.370,1,-4.159243,1.490481,-1.672607,training_touch
10:09:30.371,2,-1.925929,1.403627,-1.937948,training_touch
10:09:30.471,1,-4.158188,1.506575,-1.673562,training_touch
10:09:30.471,2,-1.924239,1.407643,-1.938598,training_touch
10:09:30.571,1,-4.15611,1.505547,-1.677258,training_touch
10:09:30.571,2,-1.922681,1.408123,-1.937747,training_touch
10:09:30.670,1,-4.153842,1.481567,-1.679677,training_touch
10:09:30.671,2,-1.921411,1.413748,-1.936387,training_touch
10:09:30.771,1,-4.151722,1.499339,-1.682437,training_touch
10:09:30.771,2,-1.920692,1.40917,-1.933893,training_touch
10:09:30.871,1,-4.150356,1.488714,-1.683114,training_touch
10:09:30.872,2,-1.920399,1.410201,-1.933217,training_touch
10:09:30.970,1,-4.147233,1.496637,-1.683841,training_touch
10:09:30.971,2,-1.920493,1.410339,-1.932575,training_touch
10:09:31.071,1,-4.145473,1.497145,-1.684691,training_touch
10:09:31.072,2,-1.921196,1.414518,-1.930871,training_touch
10:09:31.171,1,-4.143246,1.498701,-1.681121,training_touch
10:09:31.172,2,-1.922744,1.418888,-1.928632,training_touch
10:09:31.271,1,-4.142642,1.467781,-1.67999,training_touch
10:09:31.271,2,-1.924001,1.426096,-1.927051,training_touch
10:09:31.371,1,-4.142807,1.491367,-1.677106,training_touch
10:09:31.371,2,-1.925107,1.424548,-1.925971,training_touch
10:09:31.470,1,-4.142596,1.474317,-1.668391,training_touch
10:09:31.470,2,-1.926367,1.419386,-1.924931,training_touch
10:09:31.553,1,-4.142316,1.48958,-1.659431,training_touch
10:09:31.554,2,-1.926961,1.410293,-1.924518,training_touch
10:09:31.654,1,-4.140671,1.491499,-1.644755,training_touch
10:09:31.654,2,-1.928726,1.42036,-1.923643,training_touch
10:09:31.754,1,-4.137849,1.483576,-1.621475,training_touch
10:09:31.754,2,-1.930297,1.429555,-1.923567,training_touch
10:09:31.855,1,-4.132068,1.492782,-1.596065,training_touch
10:09:31.855,2,-1.93218,1.433389,-1.924571,training_touch
10:09:31.954,1,-4.131451,1.502023,-1.571707,training_touch
10:09:31.954,2,-1.933143,1.440552,-1.924604,training_touch
10:09:32.054,1,-4.126767,1.496436,-1.540976,training_touch
10:09:32.055,2,-1.935124,1.440447,-1.926536,training_touch
10:09:32.155,1,-4.124307,1.495698,-1.508342,training_touch
10:09:32.155,2,-1.93645,1.442877,-1.927436,training_touch
10:09:32.254,1,-4.122902,1.502897,-1.481624,training_touch
10:09:32.254,2,-1.9379,1.437099,-1.929528,training_touch
10:09:32.354,1,-4.122119,1.470691,-1.462199,training_touch
10:09:32.355,2,-1.938349,1.42685,-1.9301,training_touch
10:09:32.454,1,-4.121238,1.505319,-1.443565,training_touch
10:09:32.454,2,-1.938116,1.418086,-1.93108,training_touch
10:09:32.554,1,-4.121683,1.514894,-1.427463,training_touch
10:09:32.554,2,-1.938282,1.421607,-1.932093,training_touch
10:09:32.654,1,-4.124051,1.508598,-1.409591,training_touch
10:09:32.655,2,-1.939007,1.430693,-1.93258,training_touch
10:09:32.755,1,-4.125797,1.491655,-1.400187,training_touch
10:09:32.755,2,-1.939505,1.423809,-1.933719,training_touch
10:09:32.854,1,-4.128221,1.521224,-1.397039,training_touch
10:09:32.854,2,-1.940763,1.430269,-1.934492,training_touch
10:09:32.954,1,-4.130311,1.511472,-1.388601,training_touch
10:09:32.955,2,-1.940626,1.433856,-1.935108,training_touch
10:09:33.054,1,-4.130754,1.510108,-1.384766,training_touch
10:09:33.054,2,-1.94065,1.429494,-1.935155,training_touch
10:09:33.154,1,-4.13923,1.51347,-1.398222,training_touch
10:09:33.154,2,-1.941178,1.436514,-1.935683,training_touch
10:09:33.254,1,-4.145367,1.499246,-1.397893,training_touch
10:09:33.255,2,-1.941538,1.435361,-1.936744,training_touch
10:09:33.355,1,-4.141915,1.491707,-1.37755,training_touch
10:09:33.355,2,-1.941754,1.436455,-1.93736,training_touch
10:09:33.453,1,-4.143818,1.494553,-1.37061,training_touch
10:09:33.454,2,-1.941761,1.439225,-1.936985,training_touch
10:09:33.554,1,-4.144819,1.505449,-1.366201,training_touch
10:09:33.555,2,-1.940685,1.440645,-1.937794,training_touch
10:09:33.654,1,-4.167683,1.504281,-1.362475,training_touch
10:09:33.654,2,-1.940621,1.444341,-1.93832,training_touch
10:09:33.754,1,-4.200446,1.500452,-1.356448,training_touch
10:09:33.754,2,-1.940597,1.444518,-1.938528,training_touch
10:09:33.837,1,-4.2033,1.502705,-1.356331,training_touch
10:09:33.837,2,-1.940754,1.443517,-1.938673,training_touch
10:09:33.920,1,-4.203498,1.508093,-1.355594,training_touch
10:09:33.920,2,-1.940425,1.443503,-1.93859,training_touch
10:09:34.021,1,-4.204598,1.514806,-1.355753,training_touch
10:09:34.022,2,-1.939575,1.442163,-1.938462,training_touch
10:09:34.120,1,-4.202982,1.518969,-1.35394,training_touch
10:09:34.121,2,-1.939608,1.439773,-1.938279,training_touch
10:09:34.221,1,-4.17413,1.516645,-1.345167,training_touch
10:09:34.221,2,-1.940164,1.437734,-1.939479,training_touch
10:09:34.321,1,-4.141186,1.514234,-1.341349,training_touch
10:09:34.321,2,-1.940364,1.437502,-1.939199,training_touch
10:09:34.421,1,-4.147378,1.512913,-1.341484,training_touch
10:09:34.421,2,-1.940738,1.437221,-1.940423,training_touch
10:09:34.520,1,-4.133025,1.516407,-1.331244,training_touch
10:09:34.521,2,-1.940616,1.436633,-1.940828,training_touch
10:09:34.621,1,-4.128957,1.519812,-1.321787,training_touch
10:09:34.621,2,-1.940237,1.436927,-1.941489,training_touch
10:09:34.722,1,-4.121668,1.521883,-1.311842,training_touch
10:09:34.722,2,-1.94026,1.436643,-1.941854,training_touch
10:09:34.820,1,-4.114879,1.523107,-1.298958,training_touch
10:09:34.821,2,-1.939548,1.43654,-1.941011,training_touch
10:09:34.921,1,-4.104353,1.521684,-1.285563,training_touch
10:09:34.921,2,-1.938828,1.435875,-1.941057,training_touch
10:09:35.022,1,-4.100445,1.515615,-1.301911,training_touch
10:09:35.022,2,-1.938972,1.435364,-1.940774,training_touch
10:09:35.120,1,-4.084669,1.517512,-1.297655,training_touch
10:09:35.121,2,-1.938106,1.434716,-1.93996,training_touch
10:09:35.221,1,-4.047364,1.519743,-1.284537,training_touch
10:09:35.221,2,-1.93741,1.434599,-1.939699,training_touch
10:09:35.321,1,-4.008474,1.520961,-1.265299,training_touch
10:09:35.321,2,-1.937384,1.434214,-1.938222,training_touch
10:09:35.420,1,-3.964516,1.521548,-1.258077,training_touch
10:09:35.421,2,-1.937478,1.433239,-1.937929,training_touch
10:09:35.521,1,-3.91862,1.519993,-1.242401,training_touch
10:09:35.521,2,-1.938136,1.433496,-1.937344,training_touch
10:09:35.621,1,-3.854676,1.519459,-1.237998,training_touch
10:09:35.621,2,-1.939192,1.432977,-1.936698,training_touch
10:09:35.721,1,-3.793594,1.518647,-1.220704,training_touch
10:09:35.721,2,-1.93948,1.433667,-1.936838,training_touch
10:09:35.821,1,-3.72695,1.517028,-1.201491,training_touch
10:09:35.821,2,-1.940423,1.4347,-1.937531,training_touch
10:09:35.920,1,-3.689535,1.5159,-1.190331,training_touch
10:09:35.921,2,-1.941018,1.440997,-1.9377,training_touch
10:09:36.005,1,-3.656102,1.515484,-1.167219,training_touch
10:09:36.005,2,-1.941135,1.442053,-1.938145,training_touch
10:09:36.104,1,-3.616572,1.513701,-1.139162,training_touch
10:09:36.105,2,-1.94095,1.440533,-1.93918,training_touch
10:09:36.204,1,-3.593191,1.512957,-1.093031,training_touch
10:09:36.205,2,-1.940924,1.437787,-1.93937,training_touch
10:09:36.287,1,-3.588327,1.512813,-1.083625,training_touch
10:09:36.288,2,-1.94114,1.433711,-1.939451,training_touch
10:09:36.388,1,-3.56109,1.51247,-1.016594,training_touch
10:09:36.388,2,-1.941022,1.430782,-1.939507,training_touch
10:09:36.487,1,-3.528303,1.512081,-0.980642,training_touch
10:09:36.488,2,-1.940802,1.423208,-1.939525,training_touch
10:09:36.587,1,-3.523743,1.511924,-0.932775,training_touch
10:09:36.588,2,-1.94089,1.420999,-1.939469,training_touch
10:09:36.670,1,-3.516861,1.511466,-0.898341,training_touch
10:09:36.670,2,-1.940918,1.42084,-1.939212,training_touch
10:09:36.754,1,-3.49182,1.512367,-0.885296,training_touch
10:09:36.754,2,-1.941306,1.425126,-1.939459,training_touch
10:09:36.854,1,-3.475992,1.513219,-0.853552,training_touch
10:09:36.855,2,-1.94154,1.42703,-1.939037,training_touch
10:09:36.954,1,-3.46836,1.511432,-0.848228,training_touch
10:09:36.954,2,-1.939101,1.430791,-1.938023,training_touch
10:09:37.054,1,-3.460668,1.511914,-0.849799,training_touch
10:09:37.054,2,-1.9345,1.424983,-1.931154,training_touch
10:09:37.154,1,-3.420603,1.510094,-0.825936,training_touch
10:09:37.155,2,-1.92878,1.425502,-1.919488,training_touch
10:09:37.254,1,-3.420073,1.510438,-0.837223,training_touch
10:09:37.254,2,-1.911196,1.425588,-1.894515,training_touch
10:09:37.354,1,-3.403932,1.511795,-0.83517,training_touch
10:09:37.354,2,-1.897158,1.42759,-1.860649,training_touch
10:09:37.437,1,-3.397205,1.507928,-0.841321,training_touch
10:09:37.437,2,-1.884162,1.428471,-1.812786,training_touch
10:09:37.520,1,-3.392175,1.503916,-0.830167,training_touch
10:09:37.520,2,-1.884599,1.428642,-1.746069,training_touch
10:09:37.604,1,-3.38519,1.499729,-0.812169,training_touch
10:09:37.604,2,-1.884221,1.426569,-1.697272,training_touch
10:09:37.704,1,-3.387768,1.495583,-0.811514,training_touch
10:09:37.705,2,-1.889039,1.425141,-1.586347,training_touch
10:09:37.787,1,-3.407275,1.504338,-0.827705,training_touch
10:09:37.787,2,-1.904502,1.425721,-1.529721,training_touch
10:09:37.888,1,-3.401525,1.510128,-0.821034,training_touch
10:09:37.888,2,-1.901957,1.425775,-1.447825,training_touch
10:09:37.987,1,-3.398854,1.511964,-0.810507,training_touch
10:09:37.987,2,-1.895656,1.423431,-1.387799,training_touch
10:09:38.087,1,-3.41406,1.516376,-0.814974,training_touch
10:09:38.088,2,-1.880146,1.422673,-1.308909,training_touch
10:09:38.188,1,-3.3969,1.518592,-0.786231,training_touch
10:09:38.188,2,-1.867957,1.422493,-1.270756,training_touch
10:09:38.287,1,-3.400858,1.512813,-0.772803,training_touch
10:09:38.288,2,-1.859176,1.423002,-1.188396,training_touch
10:09:38.388,1,-3.406808,1.514782,-0.766332,training_touch
10:09:38.388,2,-1.833594,1.421803,-1.137102,training_touch
10:09:38.488,1,-3.418735,1.512624,-0.800287,training_touch
10:09:38.488,2,-1.809058,1.41828,-1.073509,training_touch
10:09:38.587,1,-3.414954,1.511776,-0.782551,training_touch
10:09:38.587,2,-1.787739,1.414981,-1.017633,training_touch
10:09:38.687,1,-3.407195,1.514432,-0.775573,training_touch
10:09:38.688,2,-1.770442,1.410317,-0.966602,training_touch
10:09:38.770,1,-3.40721,1.515548,-0.777185,training_touch
10:09:38.770,2,-1.76118,1.403474,-0.924407,training_touch
10:09:38.854,1,-3.407122,1.51993,-0.773493,training_touch
10:09:38.854,2,-1.75583,1.399296,-0.902823,training_touch
10:09:39.020,1,-3.400012,1.522634,-0.770869,training_touch
10:09:39.020,2,-1.753705,1.386344,-0.867965,training_touch
10:09:39.137,1,-3.401919,1.525142,-0.769135,training_touch
10:09:39.137,2,-1.753902,1.384928,-0.834567,training_touch
10:09:39.254,1,-3.404881,1.527879,-0.778495,training_touch
10:09:39.255,2,-1.755193,1.385796,-0.822106,training_touch
10:09:39.388,1,-3.39709,1.528904,-0.765294,training_touch
10:09:39.388,2,-1.755804,1.39296,-0.810067,training_touch
10:09:39.504,1,-3.394713,1.520795,-0.788982,training_touch
10:09:39.505,2,-1.76061,1.39306,-0.80182,training_touch
10:09:39.604,1,-3.398454,1.522695,-0.784312,training_touch
10:09:39.605,2,-1.762579,1.396006,-0.800092,training_touch
10:09:39.704,1,-3.398307,1.522646,-0.783556,training_touch
10:09:39.704,2,-1.76316,1.395471,-0.79953,training_touch
10:09:39.806,1,-3.39799,1.522695,-0.789195,training_touch
10:09:39.806,2,-1.764111,1.397791,-0.799278,training_touch
10:09:39.921,1,-3.41122,1.521498,-0.780716,training_touch
10:09:39.921,2,-1.778902,1.400441,-0.790953,training_touch
10:09:40.023,1,-3.408018,1.522592,-0.78501,training_touch
10:09:40.023,2,-1.781743,1.40134,-0.790342,training_touch
10:09:40.137,1,-3.39837,1.522096,-0.831005,training_touch
10:09:40.138,2,-1.784804,1.404045,-0.790302,training_touch
10:09:40.237,1,-3.378812,1.522047,-0.863549,training_touch
10:09:40.237,2,-1.795095,1.404043,-0.789032,training_touch
10:09:40.338,1,-3.359758,1.523707,-0.883701,training_touch
10:09:40.338,2,-1.796989,1.404162,-0.788659,training_touch
10:09:40.437,1,-3.342095,1.524722,-0.945306,training_touch
10:09:40.437,2,-1.806085,1.406252,-0.787904,training_touch
10:09:40.538,1,-3.352706,1.523498,-0.943017,training_touch
10:09:40.538,2,-1.807304,1.403857,-0.787064,training_touch
10:09:40.637,1,-3.325033,1.523889,-0.985297,training_touch
10:09:40.637,2,-1.814596,1.403031,-0.785552,training_touch
10:09:40.720,1,-3.317652,1.524546,-0.966986,training_touch
10:09:40.720,2,-1.816493,1.402898,-0.785975,training_touch
10:09:40.821,1,-3.322999,1.524567,-0.964229,training_touch
10:09:40.821,2,-1.819155,1.402707,-0.786375,training_touch
10:09:40.923,1,-3.334743,1.523981,-0.974067,training_touch
10:09:40.923,2,-1.822981,1.401295,-0.78336,training_touch
10:09:41.020,1,-3.344574,1.525492,-0.987551,training_touch
10:09:41.020,2,-1.826209,1.400123,-0.784156,training_touch
10:09:41.139,1,-3.338568,1.524926,-1.035045,training_touch
10:09:41.139,2,-1.827751,1.40088,-0.785173,training_touch
10:09:41.254,1,-3.368137,1.525566,-1.090667,training_touch
10:09:41.255,2,-1.830115,1.400214,-0.787077,training_touch
10:09:41.354,1,-3.374399,1.524545,-1.105534,training_touch
10:09:41.355,2,-1.832298,1.399721,-0.78691,training_touch
10:09:41.454,1,-3.382747,1.524889,-1.08677,training_touch
10:09:41.454,2,-1.832973,1.399643,-0.78682,training_touch
10:09:41.554,1,-3.441395,1.527612,-1.134197,training_touch
10:09:41.554,2,-1.833742,1.398168,-0.784639,training_touch
10:09:41.654,1,-3.468757,1.528442,-1.117619,training_touch
10:09:41.655,2,-1.834552,1.397267,-0.78501,training_touch
10:09:41.754,1,-3.490598,1.529968,-1.141281,training_touch
10:09:41.754,2,-1.835014,1.396056,-0.785236,training_touch
10:09:41.854,1,-3.495939,1.530156,-1.155713,training_touch
10:09:41.854,2,-1.835474,1.396137,-0.784772,training_touch
10:09:41.937,1,-3.496537,1.529363,-1.170165,training_touch
10:09:41.937,2,-1.835713,1.396126,-0.784258,training_touch
10:09:42.021,1,-3.507123,1.529813,-1.207743,training_touch
10:09:42.021,2,-1.835978,1.3958,-0.783406,training_touch
10:09:42.121,1,-3.524393,1.527373,-1.201706,training_touch
10:09:42.121,2,-1.836061,1.396157,-0.784272,training_touch
10:09:42.222,1,-3.522945,1.527618,-1.207842,training_touch
10:09:42.222,2,-1.837176,1.396669,-0.785059,training_touch
10:09:42.321,1,-3.532526,1.525956,-1.212979,training_touch
10:09:42.321,2,-1.837023,1.396961,-0.785273,training_touch
10:09:42.421,1,-3.525951,1.524553,-1.213979,training_touch
10:09:42.422,2,-1.83764,1.397368,-0.785813,training_touch
10:09:42.520,1,-3.53148,1.522299,-1.222665,training_touch
10:09:42.521,2,-1.837672,1.397749,-0.787553,training_touch
10:09:42.621,1,-3.531535,1.521801,-1.226322,training_touch
10:09:42.622,2,-1.838047,1.397936,-0.787723,training_touch
10:09:42.722,1,-3.533923,1.518077,-1.228597,training_touch
10:09:42.723,2,-1.838825,1.398092,-0.78866,training_touch
10:09:42.822,1,-3.535087,1.519768,-1.229605,training_touch
10:09:42.822,2,-1.84222,1.3983,-0.789214,training_touch
10:09:42.920,1,-3.536365,1.523518,-1.230163,training_touch
10:09:42.921,2,-1.841241,1.398598,-0.787897,training_touch
10:09:43.021,1,-3.535718,1.519838,-1.230912,training_touch
10:09:43.021,2,-1.83959,1.398631,-0.786324,training_touch
10:09:43.121,1,-3.540365,1.523953,-1.232183,training_touch
10:09:43.121,2,-1.839373,1.398692,-0.786806,training_touch
10:09:43.221,1,-3.542212,1.526215,-1.233975,training_touch
10:09:43.221,2,-1.839588,1.397809,-0.786846,training_touch
10:09:43.321,1,-3.53993,1.525531,-1.254384,training_touch
10:09:43.322,2,-1.838991,1.397658,-0.786163,training_touch
10:09:43.422,1,-3.539788,1.526767,-1.259043,training_touch
10:09:43.422,2,-1.838485,1.397779,-0.786522,training_touch
10:09:43.521,1,-3.544142,1.524712,-1.254334,training_touch
10:09:43.521,2,-1.838899,1.397943,-0.786309,training_touch
10:09:43.621,1,-3.543863,1.522587,-1.254674,training_touch
10:09:43.621,2,-1.83924,1.397594,-0.787626,training_touch
10:09:43.720,1,-3.546514,1.526096,-1.253265,training_touch
10:09:43.720,2,-1.839388,1.397987,-0.787029,training_touch
10:09:43.821,1,-3.546204,1.526896,-1.252628,training_touch
10:09:43.821,2,-1.839287,1.39758,-0.787142,training_touch
10:09:43.921,1,-3.545038,1.527467,-1.262578,training_touch
10:09:43.922,2,-1.83926,1.397285,-0.788816,training_touch
10:09:44.022,1,-3.545409,1.527265,-1.257291,training_touch
10:09:44.022,2,-1.839656,1.397572,-0.789066,training_touch
10:09:44.120,1,-3.545077,1.526663,-1.254697,training_touch
10:09:44.121,2,-1.839277,1.397281,-0.788651,training_touch
10:09:44.222,1,-3.543322,1.530086,-1.251707,training_touch
10:09:44.222,2,-1.839233,1.397672,-0.7875,training_touch
10:09:44.322,1,-3.540727,1.5329,-1.249892,training_touch
10:09:44.322,2,-1.839335,1.397727,-0.788106,training_touch
10:09:44.420,1,-3.540442,1.531488,-1.24793,training_touch
10:09:44.421,2,-1.839608,1.397634,-0.786564,training_touch
10:09:44.520,1,-3.541124,1.530324,-1.247286,training_touch
10:09:44.521,2,-1.839347,1.397945,-0.78643,training_touch
10:09:44.604,1,-3.540762,1.528565,-1.24558,training_touch
10:09:44.604,2,-1.838868,1.398114,-0.787308,training_touch
10:09:44.705,1,-3.539518,1.525507,-1.247779,training_touch
10:09:44.705,2,-1.839137,1.398342,-0.787339,training_touch
10:09:44.804,1,-3.538424,1.524076,-1.245389,training_touch
10:09:44.804,2,-1.839163,1.398645,-0.786695,training_touch
10:09:44.904,1,-3.536718,1.523446,-1.249859,training_touch
10:09:44.905,2,-1.839047,1.398608,-0.787066,training_touch
10:09:45.004,1,-3.53677,1.522899,-1.251185,training_touch
10:09:45.005,2,-1.839371,1.399162,-0.786944,training_touch
10:09:45.104,1,-3.537561,1.523677,-1.250053,training_touch
10:09:45.104,2,-1.839233,1.399336,-0.787243,training_touch
10:09:45.206,1,-3.536401,1.526345,-1.243314,training_touch
10:09:45.206,2,-1.839652,1.399094,-0.785313,training_touch
10:09:45.304,1,-3.535288,1.525697,-1.239373,training_touch
10:09:45.304,2,-1.839047,1.39919,-0.785126,training_touch
10:09:45.405,1,-3.534067,1.525291,-1.237154,training_touch
10:09:45.405,2,-1.838056,1.399257,-0.784612,training_touch
10:09:45.504,1,-3.530131,1.526892,-1.229013,training_touch
10:09:45.505,2,-1.837202,1.399521,-0.78775,training_touch
10:09:45.605,1,-3.52116,1.524754,-1.201978,training_touch
10:09:45.605,2,-1.83837,1.399112,-0.787572,training_touch
10:09:45.704,1,-3.511195,1.5196,-1.191238,training_touch
10:09:45.704,2,-1.843814,1.398955,-0.796187,training_touch
10:09:45.805,1,-3.508361,1.516881,-1.183813,training_touch
10:09:45.805,2,-1.850262,1.398568,-0.803446,training_touch
10:09:45.887,1,-3.505051,1.516682,-1.175624,training_touch
10:09:45.887,2,-1.855842,1.398268,-0.813876,training_touch
10:09:45.988,1,-3.487577,1.513171,-1.15298,training_touch
10:09:45.988,2,-1.858092,1.398409,-0.838393,training_touch
10:09:46.088,1,-3.477525,1.511463,-1.146846,training_touch
10:09:46.088,2,-1.860349,1.398744,-0.874766,training_touch
10:09:46.188,1,-3.477179,1.503673,-1.130062,training_touch
10:09:46.189,2,-1.849404,1.398386,-0.904448,training_touch
10:09:46.288,1,-3.465207,1.50428,-1.113786,training_touch
10:09:46.288,2,-1.849394,1.398843,-0.958056,training_touch
10:09:46.387,1,-3.454036,1.500219,-1.104665,training_touch
10:09:46.387,2,-1.835775,1.398816,-1.021377,training_touch
10:09:46.488,1,-3.438686,1.508558,-1.09717,training_touch
10:09:46.488,2,-1.822735,1.398848,-1.079586,training_touch
10:09:46.588,1,-3.436555,1.51192,-1.091365,training_touch
10:09:46.588,2,-1.815252,1.398953,-1.119228,training_touch
10:09:46.687,1,-3.422468,1.519401,-1.10736,training_touch
10:09:46.687,2,-1.806234,1.398867,-1.166337,training_touch
10:09:46.788,1,-3.412954,1.504746,-1.070309,training_touch
10:09:46.788,2,-1.806059,1.398365,-1.200837,training_touch
10:09:46.888,1,-3.409798,1.514527,-1.065614,training_touch
10:09:46.888,2,-1.808887,1.398262,-1.230468,training_touch
10:09:46.988,1,-3.399725,1.517915,-1.06497,training_touch
10:09:46.988,2,-1.812675,1.398295,-1.250435,training_touch
10:09:47.088,1,-3.396941,1.509912,-1.064259,training_touch
10:09:47.088,2,-1.813068,1.398214,-1.257976,training_touch
10:09:47.188,1,-3.39733,1.502047,-1.06346,training_touch
10:09:47.188,2,-1.816561,1.398403,-1.272987,training_touch
10:09:47.287,1,-3.397737,1.502968,-1.062649,training_touch
10:09:47.288,2,-1.817718,1.398131,-1.277228,training_touch
10:09:47.388,1,-3.408828,1.50483,-1.064022,training_touch
10:09:47.388,2,-1.819644,1.398421,-1.278324,training_touch
10:09:47.488,1,-3.417646,1.496125,-1.06343,training_touch
10:09:47.488,2,-1.82037,1.398207,-1.27963,training_touch
10:09:47.587,1,-3.424463,1.494102,-1.06349,training_touch
10:09:47.587,2,-1.823475,1.398133,-1.282758,training_touch
10:09:47.688,1,-3.426442,1.483539,-1.06381,training_touch
10:09:47.688,2,-1.829496,1.397953,-1.284331,training_touch
10:09:47.770,1,-3.435752,1.480687,-1.069072,training_touch
10:09:47.770,2,-1.831589,1.397804,-1.282792,training_touch
10:09:47.854,1,-3.440376,1.486394,-1.068722,training_touch
10:09:47.854,2,-1.83531,1.397716,-1.284712,training_touch
10:09:47.937,1,-3.44388,1.48692,-1.066858,training_touch
10:09:47.939,2,-1.839596,1.397485,-1.283609,training_touch
10:09:48.038,1,-3.447382,1.481802,-1.070196,training_touch
10:09:48.038,2,-1.841905,1.397378,-1.279007,training_touch
10:09:48.139,1,-3.460582,1.483113,-1.066511,training_touch
10:09:48.139,2,-1.846297,1.398341,-1.27732,training_touch
10:09:48.237,1,-3.464214,1.482,-1.065303,training_touch
10:09:48.237,2,-1.844807,1.401243,-1.277909,training_touch
10:09:48.338,1,-3.465017,1.480822,-1.065691,training_touch
10:09:48.338,2,-1.84988,1.401241,-1.279045,training_touch
10:09:48.437,1,-3.467903,1.476875,-1.069534,training_touch
10:09:48.439,2,-1.850202,1.396636,-1.279339,training_touch
10:09:48.537,1,-3.473715,1.477306,-1.069843,training_touch
10:09:48.538,2,-1.859931,1.395179,-1.282903,training_touch
10:09:48.638,1,-3.47271,1.495681,-1.070581,training_touch
10:09:48.638,2,-1.861909,1.390823,-1.285069,training_touch
10:09:48.738,1,-3.488807,1.491764,-1.060794,training_touch
10:09:48.738,2,-1.865303,1.386559,-1.287135,training_touch
10:09:48.837,1,-3.484564,1.477651,-1.065592,training_touch
10:09:48.837,2,-1.86534,1.390259,-1.28908,training_touch
10:09:48.920,1,-3.478828,1.479083,-1.072855,training_touch
10:09:48.920,2,-1.867998,1.391529,-1.290634,training_touch
10:09:49.005,1,-3.477325,1.482541,-1.074995,training_touch
10:09:49.005,2,-1.869633,1.397581,-1.29075,training_touch
10:09:49.104,1,-3.476551,1.45689,-1.076027,training_touch
10:09:49.105,2,-1.87386,1.410892,-1.293812,training_touch
10:09:49.205,1,-3.485218,1.486368,-1.072908,training_touch
10:09:49.205,2,-1.877281,1.400139,-1.297618,training_touch
10:09:49.304,1,-3.483605,1.501011,-1.075665,training_touch
10:09:49.304,2,-1.878708,1.38514,-1.301507,training_touch
10:09:49.404,1,-3.483449,1.509912,-1.076875,training_touch
10:09:49.405,2,-1.882342,1.383047,-1.309361,training_touch
10:09:49.505,1,-3.483455,1.477679,-1.077499,training_touch
10:09:49.505,2,-1.885752,1.379122,-1.320841,training_touch
10:09:49.604,1,-3.478141,1.490563,-1.075973,training_touch
10:09:49.604,2,-1.888914,1.37791,-1.33133,training_touch
10:09:49.704,1,-3.475791,1.492365,-1.07754,training_touch
10:09:49.705,2,-1.895721,1.383776,-1.354939,training_touch
10:09:49.805,1,-3.498744,1.490762,-1.086716,training_touch
10:09:49.805,2,-1.899307,1.387713,-1.385433,training_touch
10:09:49.904,1,-3.517928,1.494342,-1.125662,training_touch
10:09:49.904,2,-1.90062,1.387107,-1.430612,training_touch
10:09:50.005,1,-3.488657,1.497639,-1.118177,training_touch
10:09:50.005,2,-1.89189,1.393017,-1.476452,training_touch
10:09:50.105,1,-3.485987,1.50184,-1.117976,training_touch
10:09:50.105,2,-1.880641,1.387904,-1.553585,training_touch
10:09:50.204,1,-3.480095,1.498558,-1.13562,training_touch
10:09:50.204,2,-1.877754,1.388794,-1.601385,training_touch
10:09:50.304,1,-3.523252,1.511623,-1.129912,training_touch
10:09:50.305,2,-1.873484,1.386949,-1.667074,training_touch
10:09:50.405,1,-3.493802,1.496604,-1.13845,training_touch
10:09:50.405,2,-1.857865,1.383374,-1.727245,training_touch
10:09:50.521,1,-3.479193,1.498836,-1.131542,training_touch
10:09:50.522,2,-1.858278,1.383569,-1.762231,training_touch
10:09:50.622,1,-3.489787,1.490941,-1.138619,training_touch
10:09:50.623,2,-1.856733,1.383274,-1.790341,training_touch
10:09:50.721,1,-3.488164,1.486093,-1.119319,training_touch
10:09:50.721,2,-1.855516,1.383329,-1.806274,training_touch
10:09:50.804,1,-3.477218,1.511223,-1.129532,training_touch
10:09:50.804,2,-1.854124,1.385672,-1.81473,training_touch
10:09:50.888,1,-3.476216,1.498681,-1.133513,training_touch
10:09:50.888,2,-1.852821,1.387169,-1.822002,training_touch
10:09:50.987,1,-3.476334,1.477019,-1.135089,training_touch
10:09:50.987,2,-1.853417,1.388228,-1.825466,training_touch
10:09:51.088,1,-3.476025,1.489786,-1.134953,training_touch
10:09:51.089,2,-1.853077,1.388574,-1.828801,training_touch
10:09:51.188,1,-3.514769,1.507654,-1.174046,training_touch
10:09:51.188,2,-1.852715,1.389141,-1.830281,training_touch
10:09:51.288,1,-3.483964,1.480463,-1.160386,training_touch
10:09:51.288,2,-1.848827,1.389256,-1.838911,training_touch
10:09:51.388,1,-3.483269,1.494153,-1.148713,training_touch
10:09:51.388,2,-1.845791,1.389864,-1.846989,training_touch
10:09:51.487,1,-3.487649,1.473764,-1.148349,training_touch
10:09:51.488,2,-1.844143,1.388387,-1.852263,training_touch
10:09:51.588,1,-3.493437,1.497781,-1.154905,training_touch
10:09:51.588,2,-1.841777,1.389003,-1.8628,training_touch
10:09:51.688,1,-3.494687,1.527117,-1.154047,training_touch
10:09:51.688,2,-1.841501,1.390237,-1.86878,training_touch
10:09:51.787,1,-3.493229,1.529685,-1.153812,training_touch
10:09:51.787,2,-1.842899,1.391774,-1.870227,training_touch
10:09:51.888,1,-3.493043,1.527899,-1.150417,training_touch
10:09:51.888,2,-1.849894,1.391878,-1.87042,training_touch
10:09:51.988,1,-3.502809,1.503091,-1.157133,training_touch
10:09:51.988,2,-1.851131,1.391268,-1.8731,training_touch
10:09:52.087,1,-3.496493,1.481963,-1.168012,training_touch
10:09:52.088,2,-1.853368,1.392026,-1.876467,training_touch
10:09:52.188,1,-3.495709,1.484141,-1.140675,training_touch
10:09:52.188,2,-1.853607,1.391851,-1.878438,training_touch
10:09:52.288,1,-3.486871,1.494808,-1.17416,training_touch
10:09:52.288,2,-1.85407,1.391391,-1.878572,training_touch
10:09:52.389,1,-3.474889,1.490982,-1.198347,training_touch
10:09:52.389,2,-1.854657,1.390918,-1.876943,training_touch
10:09:52.488,1,-3.464617,1.532081,-1.200912,training_touch
10:09:52.488,2,-1.855567,1.390037,-1.876339,training_touch
10:09:52.588,1,-3.460735,1.539779,-1.170121,training_touch
10:09:52.588,2,-1.855784,1.390792,-1.876045,training_touch
10:09:52.688,1,-3.442871,1.53917,-1.182578,training_touch
10:09:52.688,2,-1.855634,1.390992,-1.87596,training_touch
10:09:52.788,1,-3.454348,1.537833,-1.153141,training_touch
10:09:52.788,2,-1.856147,1.390731,-1.876061,training_touch
10:09:52.888,1,-3.451639,1.508074,-1.093754,training_touch
10:09:52.888,2,-1.859977,1.390218,-1.875412,training_touch
10:09:52.987,1,-3.457243,1.530715,-1.096739,training_touch
10:09:52.987,2,-1.862591,1.391328,-1.874861,training_touch
10:09:53.088,1,-3.458291,1.538404,-1.096387,training_touch
10:09:53.088,2,-1.864737,1.391534,-1.873647,training_touch
10:09:53.188,1,-3.460214,1.53629,-1.093159,training_touch
10:09:53.188,2,-1.868732,1.39122,-1.872786,training_touch
10:09:53.288,1,-3.457749,1.5311,-1.089772,training_touch
10:09:53.288,2,-1.869471,1.391547,-1.872343,training_touch
10:09:53.388,1,-3.448822,1.535506,-1.084194,training_touch
10:09:53.388,2,-1.870556,1.391298,-1.872206,training_touch
10:09:53.488,1,-3.443406,1.531657,-1.121119,training_touch
10:09:53.488,2,-1.869954,1.390508,-1.873327,training_touch
10:09:53.587,1,-3.462302,1.528829,-1.091167,training_touch
10:09:53.587,2,-1.870683,1.390544,-1.875156,training_touch
10:09:53.688,1,-3.451941,1.534357,-1.080303,training_touch
10:09:53.688,2,-1.872056,1.390127,-1.877755,training_touch
10:09:53.788,1,-3.448108,1.536037,-1.081941,training_touch
10:09:53.788,2,-1.873528,1.390336,-1.880806,training_touch
10:09:53.889,1,-3.446317,1.536293,-1.08102,training_touch
10:09:53.889,2,-1.874634,1.390584,-1.882677,training_touch
10:09:53.988,1,-3.442413,1.538726,-1.076446,training_touch
10:09:53.988,2,-1.874526,1.390088,-1.884456,training_touch
10:09:54.088,1,-3.423487,1.538034,-1.069395,training_touch
10:09:54.088,2,-1.879158,1.39044,-1.884352,training_touch
10:09:54.188,1,-3.391658,1.521671,-1.062679,training_touch
10:09:54.188,2,-1.882277,1.390579,-1.883239,training_touch
10:09:54.288,1,-3.374188,1.518165,-1.052776,training_touch
10:09:54.288,2,-1.88591,1.391036,-1.882457,training_touch
10:09:54.370,1,-3.359385,1.528259,-1.041666,training_touch
10:09:54.371,2,-1.891687,1.390057,-1.880065,training_touch
10:09:54.454,1,-3.352436,1.528654,-1.034418,training_touch
10:09:54.454,2,-1.89354,1.3908,-1.879597,training_touch
10:09:54.556,1,-3.339215,1.531508,-1.007615,training_touch
10:09:54.556,2,-1.8966,1.390139,-1.878921,training_touch
10:09:54.655,1,-3.338655,1.531596,-0.994231,training_touch
10:09:54.656,2,-1.899674,1.390913,-1.877546,training_touch
10:09:54.754,1,-3.341512,1.52151,-0.957428,training_touch
10:09:54.754,2,-1.90076,1.391019,-1.877505,training_touch
10:09:54.855,1,-3.350477,1.524907,-0.912982,training_touch
10:09:54.855,2,-1.902708,1.391045,-1.877088,training_touch
10:09:54.954,1,-3.370647,1.519691,-0.849158,training_touch
10:09:54.954,2,-1.901332,1.39142,-1.878275,training_touch
10:09:55.054,1,-3.380284,1.520213,-0.824823,training_touch
10:09:55.054,2,-1.902124,1.391915,-1.878303,training_touch
10:09:55.155,1,-3.391793,1.52211,-0.778783,training_touch
10:09:55.155,2,-1.903695,1.392253,-1.878961,training_touch
10:09:55.255,1,-3.399762,1.52435,-0.760185,training_touch
10:09:55.255,2,-1.904298,1.391382,-1.878889,training_touch
10:09:55.354,1,-3.400138,1.5226,-0.731414,training_touch
10:09:55.354,2,-1.903587,1.391336,-1.879578,training_touch
10:09:55.437,1,-3.408217,1.524349,-0.724074,training_touch
10:09:55.437,2,-1.903535,1.388517,-1.879531,training_touch
10:09:55.520,1,-3.40655,1.521616,-0.71732,training_touch
10:09:55.521,2,-1.903185,1.390144,-1.879272,training_touch
10:09:55.621,1,-3.407493,1.523518,-0.703969,training_touch
10:09:55.623,2,-1.903715,1.389385,-1.879524,training_touch
10:09:55.720,1,-3.41172,1.519791,-0.693791,training_touch
10:09:55.721,2,-1.903507,1.390192,-1.879841,training_touch
10:09:55.821,1,-3.412844,1.518289,-0.685788,training_touch
10:09:55.821,2,-1.903905,1.389369,-1.880155,training_touch
10:09:55.921,1,-3.413999,1.521106,-0.681426,training_touch
10:09:55.922,2,-1.904628,1.389576,-1.880654,training_touch
10:09:56.021,1,-3.413416,1.525271,-0.681806,training_touch
10:09:56.021,2,-1.905043,1.391437,-1.881089,training_touch
10:09:56.121,1,-3.412564,1.523092,-0.683135,training_touch
10:09:56.121,2,-1.905871,1.391082,-1.880901,training_touch
10:09:56.222,1,-3.411502,1.522061,-0.681672,training_touch
10:09:56.223,2,-1.905048,1.390209,-1.880657,training_touch
10:09:56.321,1,-3.410799,1.52338,-0.681864,training_touch
10:09:56.321,2,-1.903973,1.387861,-1.881514,training_touch
10:09:56.421,1,-3.410791,1.524096,-0.680386,training_touch
10:09:56.421,2,-1.902985,1.388218,-1.881426,training_touch
10:09:56.522,1,-3.421154,1.519223,-0.691909,training_touch
10:09:56.522,2,-1.90041,1.391355,-1.88126,training_touch
10:09:56.622,1,-3.418003,1.52474,-0.687544,training_touch
10:09:56.622,2,-1.900855,1.394778,-1.8816,training_touch
10:09:56.721,1,-3.414779,1.527533,-0.68463,training_touch
10:09:56.721,2,-1.90038,1.401448,-1.881576,training_touch
10:09:56.821,1,-3.414797,1.527388,-0.680879,training_touch
10:09:56.822,2,-1.899237,1.399689,-1.881614,training_touch
10:09:56.921,1,-3.414211,1.517399,-0.679477,training_touch
10:09:56.922,2,-1.899467,1.398732,-1.881427,training_touch
10:09:57.021,1,-3.412797,1.524104,-0.679862,training_touch
10:09:57.021,2,-1.89941,1.39867,-1.881427,training_touch
10:09:57.121,1,-3.41243,1.51999,-0.678911,training_touch
10:09:57.122,2,-1.899486,1.399902,-1.881541,training_touch
10:09:57.222,1,-3.413325,1.517426,-0.678052,training_touch
10:09:57.222,2,-1.899341,1.397949,-1.881604,training_touch
10:09:57.321,1,-3.412581,1.516062,-0.676787,training_touch
10:09:57.321,2,-1.900119,1.392096,-1.881139,training_touch
10:09:57.421,1,-3.413316,1.51755,-0.676548,training_touch
10:09:57.422,2,-1.900077,1.388672,-1.881121,training_touch
10:09:57.522,1,-3.41327,1.500468,-0.67558,training_touch
10:09:57.522,2,-1.89942,1.394792,-1.880714,training_touch
10:09:57.621,1,-3.413388,1.516401,-0.676582,training_touch
10:09:57.621,2,-1.899029,1.403355,-1.880581,training_touch
10:09:57.721,1,-3.412846,1.518863,-0.676544,training_touch
10:09:57.722,2,-1.897336,1.408649,-1.880536,training_touch
10:09:57.822,1,-3.41228,1.518923,-0.675775,training_touch
10:09:57.822,2,-1.897031,1.405343,-1.880123,training_touch
10:09:57.921,1,-3.412472,1.518863,-0.675124,training_touch
10:09:57.921,2,-1.896723,1.404302,-1.879449,training_touch
10:09:58.021,1,-3.412174,1.519456,-0.674654,training_touch
10:09:58.022,2,-1.895698,1.403114,-1.878963,training_touch
10:09:58.121,1,-3.411266,1.521751,-0.674502,training_touch
10:09:58.121,2,-1.894284,1.400435,-1.879279,training_touch
10:09:58.221,1,-3.410422,1.524442,-0.674075,training_touch
10:09:58.221,2,-1.893608,1.403634,-1.879484,training_touch
10:09:58.322,1,-3.414922,1.530584,-0.66988,training_touch
10:09:58.322,2,-1.893357,1.403956,-1.879075,training_touch
10:09:58.422,1,-3.416211,1.533004,-0.669121,training_touch
10:09:58.422,2,-1.892988,1.405076,-1.879201,training_touch
10:09:58.521,1,-3.416415,1.53336,-0.668828,training_touch
10:09:58.521,2,-1.893242,1.406521,-1.878926,training_touch
10:09:58.621,1,-3.41675,1.531423,-0.668502,training_touch
10:09:58.622,2,-1.893347,1.407746,-1.878796,training_touch
10:09:58.721,1,-3.417111,1.529525,-0.669225,training_touch
10:09:58.722,2,-1.893679,1.406924,-1.878371,training_touch
10:09:58.821,1,-3.410471,1.52836,-0.67215,training_touch
10:09:58.821,2,-1.893938,1.407389,-1.87832,training_touch
10:09:58.904,1,-3.406726,1.524006,-0.675444,training_touch
10:09:58.904,2,-1.894017,1.411854,-1.878442,training_touch
10:09:58.988,1,-3.400322,1.536052,-0.671644,training_touch
10:09:58.988,2,-1.893929,1.405138,-1.87867,training_touch
10:09:59.088,1,-3.401349,1.537338,-0.668654,training_touch
10:09:59.088,2,-1.895182,1.401736,-1.879046,training_touch
10:09:59.188,1,-3.40342,1.536274,-0.684004,training_touch
10:09:59.188,2,-1.896105,1.402444,-1.878686,training_touch
10:09:59.287,1,-3.403198,1.529887,-0.73371,training_touch
10:09:59.287,2,-1.896104,1.401042,-1.878739,training_touch
10:09:59.388,1,-3.407324,1.527947,-0.707408,training_touch
10:09:59.388,2,-1.897529,1.398595,-1.878458,training_touch
10:09:59.488,1,-3.405876,1.525236,-0.707304,training_touch
10:09:59.488,2,-1.89767,1.396322,-1.877878,training_touch
10:09:59.587,1,-3.403988,1.518769,-0.707163,training_touch
10:09:59.587,2,-1.899933,1.395641,-1.877661,training_touch
10:09:59.688,1,-3.404445,1.520972,-0.707368,training_touch
10:09:59.688,2,-1.900908,1.398247,-1.877461,training_touch
10:09:59.788,1,-3.403062,1.528229,-0.705032,training_touch
10:09:59.788,2,-1.901026,1.397862,-1.877408,training_touch
10:09:59.887,1,-3.402703,1.530843,-0.70549,training_touch
10:09:59.888,2,-1.901468,1.398084,-1.877203,training_touch
10:09:59.989,1,-3.403625,1.533817,-0.705461,training_touch
10:09:59.990,2,-1.903345,1.398894,-1.875908,training_touch
10:10:00.087,1,-3.421866,1.530179,-0.708514,training_touch
10:10:00.087,2,-1.903947,1.400592,-1.875647,training_touch
10:10:00.188,1,-3.41063,1.530628,-0.693863,training_touch
10:10:00.189,2,-1.903114,1.400794,-1.876198,training_touch
10:10:00.288,1,-3.413138,1.533237,-0.714157,training_touch
10:10:00.289,2,-1.903275,1.402383,-1.876328,training_touch
10:10:00.388,1,-3.416895,1.532896,-0.71518,training_touch
10:10:00.388,2,-1.904906,1.40053,-1.875114,training_touch
10:10:00.488,1,-3.419829,1.531984,-0.723247,training_touch
10:10:00.488,2,-1.904692,1.399538,-1.875228,training_touch
10:10:00.588,1,-3.421192,1.5339,-0.725747,training_touch
10:10:00.588,2,-1.903267,1.399238,-1.875701,training_touch
10:10:00.688,1,-3.44611,1.519839,-0.762732,training_touch
10:10:00.688,2,-1.903685,1.395369,-1.876442,training_touch
10:10:00.787,1,-3.434501,1.48784,-0.769178,training_touch
10:10:00.787,2,-1.902392,1.393142,-1.876799,training_touch
10:10:00.889,1,-3.4167,1.51731,-0.809739,training_touch
10:10:00.890,2,-1.901387,1.397386,-1.876882,training_touch
10:10:00.987,1,-3.41815,1.519746,-0.84369,training_touch
10:10:00.987,2,-1.900947,1.393343,-1.876632,training_touch
10:10:01.088,1,-3.424669,1.502011,-0.917611,training_touch
10:10:01.088,2,-1.900559,1.393148,-1.876123,training_touch
10:10:01.188,1,-3.398044,1.502858,-0.911897,training_touch
10:10:01.188,2,-1.89945,1.391547,-1.876654,training_touch
10:10:01.288,1,-3.385518,1.516002,-0.917723,training_touch
10:10:01.288,2,-1.897071,1.388934,-1.876952,training_touch
10:10:01.388,1,-3.399415,1.530806,-0.918847,training_touch
10:10:01.388,2,-1.896429,1.390084,-1.877111,training_touch
10:10:01.488,1,-3.38978,1.523622,-0.992868,training_touch
10:10:01.490,2,-1.896266,1.393385,-1.877331,training_touch
10:10:01.587,1,-3.391103,1.545859,-1.002679,training_touch
10:10:01.587,2,-1.896215,1.390222,-1.877546,training_touch
10:10:01.687,1,-3.400677,1.536977,-1.002007,training_touch
10:10:01.688,2,-1.896278,1.390023,-1.877798,training_touch
10:10:01.788,1,-3.390212,1.536319,-1.026715,training_touch
10:10:01.788,2,-1.896231,1.390588,-1.877886,training_touch
10:10:01.887,1,-3.413635,1.536243,-0.98015,training_touch
10:10:01.888,2,-1.89562,1.389961,-1.878094,training_touch
10:10:01.987,1,-3.403446,1.535362,-0.996276,training_touch
10:10:01.988,2,-1.895617,1.390353,-1.878304,training_touch
10:10:02.089,1,-3.403427,1.526292,-0.991059,training_touch
10:10:02.089,2,-1.895183,1.390448,-1.878148,training_touch
10:10:02.188,1,-3.393261,1.528133,-1.029223,training_touch
10:10:02.188,2,-1.896029,1.390821,-1.878361,training_touch
10:10:02.287,1,-3.390886,1.529289,-1.040013,training_touch
10:10:02.287,2,-1.896354,1.39018,-1.880195,training_touch
10:10:02.371,1,-3.390274,1.536708,-1.043165,training_touch
10:10:02.371,2,-1.895863,1.388754,-1.880424,training_touch
10:10:02.471,1,-3.390953,1.543466,-1.04359,training_touch
10:10:02.471,2,-1.895665,1.389027,-1.880595,training_touch
10:10:02.572,1,-3.381926,1.543247,-1.061678,training_touch
10:10:02.572,2,-1.897031,1.390637,-1.882551,training_touch
10:10:02.671,1,-3.402866,1.538602,-1.015098,training_touch
10:10:02.671,2,-1.897255,1.391577,-1.884356,training_touch
10:10:02.771,1,-3.400111,1.534432,-1.043251,training_touch
10:10:02.771,2,-1.89929,1.39497,-1.886819,training_touch
10:10:02.871,1,-3.395511,1.529468,-1.046449,training_touch
10:10:02.872,2,-1.899388,1.395487,-1.888939,training_touch
10:10:02.971,1,-3.395055,1.516306,-1.030193,training_touch
10:10:02.971,2,-1.899436,1.397276,-1.889883,training_touch
10:10:03.071,1,-3.412897,1.526994,-1.037198,training_touch
10:10:03.071,2,-1.898777,1.398449,-1.89005,training_touch
10:10:03.172,1,-3.413097,1.490909,-1.030159,training_touch
10:10:03.172,2,-1.897351,1.399437,-1.89003,training_touch
10:10:03.271,1,-3.420172,1.472432,-1.03162,training_touch
10:10:03.271,2,-1.897479,1.400143,-1.89056,training_touch
10:10:03.371,1,-3.436754,1.460946,-1.011977,training_touch
10:10:03.371,2,-1.897153,1.400081,-1.889983,training_touch
10:10:03.488,1,-3.429441,1.484249,-1.036356,training_touch
10:10:03.488,2,-1.898066,1.400327,-1.889507,training_touch
10:10:03.588,1,-3.452319,1.459053,-0.974624,training_touch
10:10:03.589,2,-1.898037,1.400385,-1.890015,training_touch
10:10:03.688,1,-3.42558,1.484849,-1.042255,training_touch
10:10:03.689,2,-1.8982,1.400502,-1.890121,training_touch
10:10:03.787,1,-3.424212,1.525106,-1.040406,training_touch
10:10:03.787,2,-1.897926,1.400298,-1.889537,training_touch
10:10:03.890,1,-3.428545,1.524116,-1.042625,training_touch
10:10:03.890,2,-1.897525,1.40038,-1.888923,training_touch
10:10:03.987,1,-3.429803,1.523749,-1.043578,training_touch
10:10:03.987,2,-1.897871,1.399586,-1.889397,training_touch
10:10:04.088,1,-3.405969,1.525266,-1.025268,training_touch
10:10:04.088,2,-1.897716,1.398468,-1.889331,training_touch
10:10:04.190,1,-3.420033,1.52547,-1.035191,training_touch
10:10:04.190,2,-1.897501,1.397845,-1.889098,training_touch
10:10:04.287,1,-3.425343,1.530134,-1.041831,training_touch
10:10:04.287,2,-1.897628,1.397441,-1.888892,training_touch
10:10:04.388,1,-3.428371,1.494453,-1.045315,training_touch
10:10:04.389,2,-1.898482,1.397512,-1.888579,training_touch
10:10:04.488,1,-3.454615,1.532228,-0.991394,training_touch
10:10:04.488,2,-1.901736,1.398217,-1.8891,training_touch
10:10:04.587,1,-3.454211,1.530587,-0.988742,training_touch
10:10:04.588,2,-1.901417,1.399103,-1.888488,training_touch
10:10:04.688,1,-3.4485,1.537095,-1.06317,training_touch
10:10:04.688,2,-1.900993,1.400751,-1.889073,training_touch
10:10:04.788,1,-3.45884,1.5404,-0.995739,training_touch
10:10:04.788,2,-1.901207,1.400877,-1.889605,training_touch
10:10:04.888,1,-3.445101,1.534958,-1.072152,training_touch
10:10:04.889,2,-1.901912,1.402032,-1.889842,training_touch
10:10:04.988,1,-3.442846,1.530107,-1.072692,training_touch
10:10:04.988,2,-1.90082,1.400147,-1.889363,training_touch
10:10:05.088,1,-3.441976,1.52181,-1.074014,training_touch
10:10:05.088,2,-1.901237,1.401231,-1.889313,training_touch
10:10:05.188,1,-3.43927,1.518629,-1.065051,training_touch
10:10:05.188,2,-1.900548,1.402655,-1.888601,training_touch
10:10:05.287,1,-3.430809,1.512043,-1.04318,training_touch
10:10:05.287,2,-1.901721,1.402138,-1.889175,training_touch
10:10:05.388,1,-3.428654,1.509488,-1.018287,training_touch
10:10:05.388,2,-1.900901,1.402188,-1.889026,training_touch
10:10:05.488,1,-3.425318,1.510648,-1.011205,training_touch
10:10:05.489,2,-1.901577,1.401634,-1.889735,training_touch
10:10:05.587,1,-3.425852,1.510478,-1.015127,training_touch
10:10:05.587,2,-1.901998,1.400942,-1.890215,training_touch
10:10:05.688,1,-3.412498,1.504648,-1.000243,training_touch
10:10:05.688,2,-1.902088,1.400091,-1.891133,training_touch
10:10:05.788,1,-3.398301,1.501265,-0.973523,training_touch
10:10:05.788,2,-1.900765,1.399485,-1.889634,training_touch
10:10:05.887,1,-3.389262,1.49501,-0.966333,training_touch
10:10:05.888,2,-1.900775,1.400472,-1.890648,training_touch
10:10:05.988,1,-3.388383,1.494664,-0.955105,training_touch
10:10:05.989,2,-1.900673,1.399849,-1.890519,training_touch
10:10:06.088,1,-3.389546,1.498889,-0.926043,training_touch
10:10:06.088,2,-1.901921,1.400028,-1.891245,training_touch
10:10:06.188,1,-3.384993,1.493064,-0.91104,training_touch
10:10:06.188,2,-1.901865,1.399956,-1.891393,training_touch
10:10:06.290,1,-3.383053,1.484605,-0.870463,training_touch
10:10:06.290,2,-1.902348,1.398474,-1.891306,training_touch
10:10:06.387,1,-3.389835,1.481383,-0.831912,training_touch
10:10:06.387,2,-1.900191,1.398085,-1.889114,training_touch
10:10:06.487,1,-3.398338,1.487954,-0.782837,training_touch
10:10:06.488,2,-1.901425,1.397769,-1.889931,training_touch
10:10:06.588,1,-3.403132,1.487603,-0.758512,training_touch
10:10:06.588,2,-1.900209,1.397586,-1.890395,training_touch
10:10:06.688,1,-3.404845,1.486728,-0.743004,training_touch
10:10:06.688,2,-1.898175,1.397593,-1.894237,training_touch
10:10:06.787,1,-3.403453,1.488347,-0.713166,training_touch
10:10:06.787,2,-1.893915,1.397264,-1.898332,training_touch
10:10:06.888,1,-3.419924,1.489122,-0.721641,training_touch
10:10:06.888,2,-1.890938,1.397033,-1.902186,training_touch
10:10:06.987,1,-3.415001,1.488623,-0.709364,training_touch
10:10:06.988,2,-1.892084,1.397336,-1.908866,training_touch
10:10:07.088,1,-3.40803,1.488768,-0.695211,training_touch
10:10:07.088,2,-1.882664,1.39679,-1.913436,training_touch
10:10:07.188,1,-3.403447,1.489837,-0.694589,training_touch
10:10:07.188,2,-1.883017,1.396196,-1.913128,training_touch
10:10:07.288,1,-3.385654,1.490497,-0.693385,training_touch
10:10:07.288,2,-1.881539,1.396025,-1.914004,training_touch
10:10:07.387,1,-3.38311,1.491632,-0.695578,training_touch
10:10:07.387,2,-1.87263,1.396481,-1.913059,training_touch
10:10:07.488,1,-3.377069,1.48596,-0.699206,training_touch
10:10:07.488,2,-1.865976,1.396077,-1.906934,training_touch
10:10:07.587,1,-3.361865,1.491159,-0.702034,training_touch
10:10:07.588,2,-1.86636,1.39786,-1.909297,training_touch
10:10:07.688,1,-3.35683,1.492333,-0.703051,training_touch
10:10:07.688,2,-1.864531,1.397647,-1.906817,training_touch
10:10:07.788,1,-3.343842,1.49286,-0.70416,training_touch
10:10:07.788,2,-1.865758,1.397513,-1.905925,training_touch
10:10:07.888,1,-3.33772,1.492329,-0.705728,training_touch
10:10:07.888,2,-1.86599,1.397017,-1.903478,training_touch
10:10:07.988,1,-3.335349,1.493274,-0.705225,training_touch
10:10:07.988,2,-1.866204,1.396949,-1.900039,training_touch
10:10:08.090,1,-3.33179,1.493788,-0.703136,training_touch
10:10:08.090,2,-1.866388,1.396562,-1.897535,training_touch
10:10:08.205,1,-3.325124,1.493362,-0.705078,training_touch
10:10:08.205,2,-1.867195,1.396738,-1.889501,training_touch
10:10:08.305,1,-3.315438,1.493209,-0.706462,training_touch
10:10:08.305,2,-1.868149,1.396426,-1.886759,training_touch
10:10:08.404,1,-3.312637,1.492016,-0.70767,training_touch
10:10:08.405,2,-1.880595,1.396355,-1.889639,training_touch
10:10:08.504,1,-3.31025,1.493041,-0.708303,training_touch
10:10:08.504,2,-1.893553,1.396108,-1.89283,training_touch
10:10:08.606,1,-3.29969,1.492341,-0.711185,training_touch
10:10:08.607,2,-1.898436,1.396256,-1.891988,training_touch
10:10:08.704,1,-3.287956,1.493146,-0.715521,training_touch
10:10:08.704,2,-1.900163,1.39647,-1.891672,training_touch
10:10:08.787,1,-3.285394,1.492256,-0.713856,training_touch
10:10:08.787,2,-1.902081,1.396442,-1.891483,training_touch
10:10:08.888,1,-3.290469,1.493515,-0.711444,training_touch
10:10:08.888,2,-1.901469,1.396404,-1.889238,training_touch
10:10:08.988,1,-3.290988,1.492593,-0.710565,training_touch
10:10:08.988,2,-1.901447,1.396547,-1.889156,training_touch
10:10:09.087,1,-3.29367,1.491417,-0.708948,training_touch
10:10:09.088,2,-1.901741,1.397539,-1.888039,training_touch
10:10:09.188,1,-3.293608,1.490418,-0.708581,training_touch
10:10:09.188,2,-1.901636,1.397912,-1.887414,training_touch
10:10:09.288,1,-3.294471,1.498649,-0.707701,training_touch
10:10:09.288,2,-1.901796,1.398089,-1.884747,training_touch
10:10:09.387,1,-3.294492,1.500829,-0.707255,training_touch
10:10:09.387,2,-1.901692,1.398048,-1.883071,training_touch
10:10:09.487,1,-3.289828,1.501432,-0.707926,training_touch
10:10:09.488,2,-1.903729,1.398026,-1.879781,training_touch
10:10:09.589,1,-3.286611,1.501669,-0.707565,training_touch
10:10:09.590,2,-1.904517,1.397984,-1.878215,training_touch
10:10:09.705,1,-3.283753,1.500359,-0.708242,training_touch
10:10:09.705,2,-1.90595,1.397943,-1.876069,training_touch
10:10:09.805,1,-3.281377,1.489667,-0.70813,training_touch
10:10:09.807,2,-1.908373,1.397514,-1.874904,training_touch
10:10:09.904,1,-3.280435,1.484425,-0.707621,training_touch
10:10:09.904,2,-1.907537,1.397374,-1.874381,training_touch
10:10:09.987,1,-3.27881,1.483026,-0.70727,training_touch
10:10:09.988,2,-1.906881,1.397582,-1.873601,training_touch
10:10:10.088,1,-3.275876,1.486408,-0.707754,training_touch
10:10:10.089,2,-1.904805,1.397378,-1.874835,training_touch
10:10:10.188,1,-3.276126,1.47643,-0.707176,training_touch
10:10:10.190,2,-1.907172,1.397438,-1.875891,training_touch
10:10:10.287,1,-3.272721,1.431601,-0.706948,training_touch
10:10:10.288,2,-1.907427,1.397035,-1.875299,training_touch
10:10:10.388,1,-3.273863,1.460341,-0.70591,training_touch
10:10:10.388,2,-1.908531,1.396688,-1.873888,training_touch
10:10:10.490,1,-3.268354,1.466222,-0.705546,training_touch
10:10:10.490,2,-1.909495,1.397143,-1.872837,training_touch
10:10:10.605,1,-3.263234,1.4657,-0.702001,training_touch
10:10:10.605,2,-1.913091,1.396496,-1.871332,training_touch
10:10:10.705,1,-3.26271,1.465241,-0.701926,training_touch
10:10:10.707,2,-1.914884,1.396451,-1.871579,training_touch
10:10:10.804,1,-3.258702,1.46578,-0.699407,training_touch
10:10:10.804,2,-1.915259,1.396241,-1.871141,training_touch
10:10:10.905,1,-3.253107,1.465696,-0.700138,training_touch
10:10:10.905,2,-1.911534,1.396362,-1.871692,training_touch
10:10:11.006,1,-3.250499,1.466108,-0.702556,training_touch
10:10:11.007,2,-1.908938,1.39681,-1.871937,training_touch
10:10:11.104,1,-3.24745,1.437897,-0.70366,training_touch
10:10:11.104,2,-1.913076,1.396627,-1.87079,training_touch
10:10:11.204,1,-3.245359,1.464652,-0.705096,training_touch
10:10:11.205,2,-1.913221,1.396354,-1.870225,training_touch
10:10:11.305,1,-3.242005,1.468102,-0.706742,training_touch
10:10:11.306,2,-1.913839,1.396148,-1.869919,training_touch
10:10:11.404,1,-3.237823,1.471915,-0.711073,training_touch
10:10:11.404,2,-1.916191,1.396191,-1.868279,training_touch
10:10:11.505,1,-3.237351,1.465251,-0.712029,training_touch
10:10:11.505,2,-1.915604,1.396128,-1.86803,training_touch
10:10:11.605,1,-3.234666,1.466813,-0.713774,training_touch
10:10:11.605,2,-1.91518,1.395571,-1.869873,training_touch
10:10:11.704,1,-3.231566,1.451196,-0.714698,training_touch
10:10:11.704,2,-1.915023,1.395935,-1.870933,training_touch
10:10:11.804,1,-3.227537,1.470303,-0.715916,training_touch
10:10:11.804,2,-1.916917,1.396083,-1.870802,training_touch
10:10:11.906,1,-3.223174,1.474735,-0.717902,training_touch
10:10:11.907,2,-1.917002,1.39608,-1.871896,training_touch
10:10:12.004,1,-3.218911,1.469768,-0.722793,training_touch
10:10:12.004,2,-1.916943,1.395856,-1.874133,training_touch
10:10:12.105,1,-3.218061,1.43342,-0.72319,training_touch
10:10:12.105,2,-1.917448,1.395763,-1.874475,training_touch
10:10:12.206,1,-3.217377,1.47441,-0.724351,training_touch
10:10:12.207,2,-1.917322,1.396255,-1.87459,training_touch
10:10:12.304,1,-3.213675,1.483265,-0.729522,training_touch
10:10:12.304,2,-1.913949,1.396567,-1.875379,training_touch
10:10:12.405,1,-3.211298,1.530052,-0.730651,training_touch
10:10:12.405,2,-1.911699,1.396536,-1.874658,training_touch
10:10:12.506,1,-3.212091,1.478226,-0.731478,training_touch
10:10:12.506,2,-1.911673,1.396642,-1.874746,training_touch
10:10:12.604,1,-3.213173,1.482717,-0.732626,training_touch
10:10:12.604,2,-1.914603,1.396854,-1.875419,training_touch
10:10:12.705,1,-3.210614,1.493721,-0.732751,training_touch
10:10:12.705,2,-1.914737,1.396956,-1.875302,training_touch
10:10:12.806,1,-3.209336,1.465878,-0.731855,training_touch
10:10:12.807,2,-1.91492,1.39683,-1.874993,training_touch
10:10:12.904,1,-3.205244,1.511091,-0.730056,training_touch
10:10:12.904,2,-1.912358,1.397039,-1.874982,training_touch
10:10:13.004,1,-3.205403,1.511483,-0.730201,training_touch
10:10:13.005,2,-1.914348,1.396868,-1.874886,training_touch
10:10:13.106,1,-3.20558,1.522893,-0.729165,training_touch
10:10:13.107,2,-1.91577,1.396153,-1.875653,training_touch
10:10:13.204,1,-3.203225,1.472524,-0.729901,training_touch
10:10:13.204,2,-1.915578,1.3947,-1.87542,training_touch
10:10:13.305,1,-3.202968,1.468415,-0.731736,training_touch
10:10:13.305,2,-1.916936,1.394371,-1.875297,training_touch
10:10:13.406,1,-3.200598,1.468017,-0.734025,training_touch
10:10:13.407,2,-1.917719,1.393876,-1.875714,training_touch
10:10:13.504,1,-3.198414,1.468989,-0.737542,training_touch
10:10:13.504,2,-1.916631,1.3932,-1.879252,training_touch
10:10:13.605,1,-3.199165,1.439612,-0.737646,training_touch
10:10:13.605,2,-1.917698,1.392169,-1.879539,training_touch
10:10:13.705,1,-3.198835,1.487396,-0.738534,training_touch
10:10:13.705,2,-1.91522,1.391127,-1.879103,training_touch
10:10:13.804,1,-3.201512,1.466964,-0.740775,training_touch
10:10:13.804,2,-1.916277,1.389707,-1.878856,training_touch
10:10:13.905,1,-3.203151,1.45886,-0.739535,training_touch
10:10:13.905,2,-1.914586,1.38918,-1.879681,training_touch
10:10:14.006,1,-3.202774,1.470579,-0.742957,training_touch
10:10:14.007,2,-1.913182,1.389094,-1.879273,training_touch
10:10:14.104,1,-3.203906,1.463202,-0.74631,training_touch
10:10:14.104,2,-1.912826,1.389099,-1.878926,training_touch
10:10:14.204,1,-3.204916,1.473987,-0.746315,training_touch
10:10:14.205,2,-1.914243,1.388661,-1.879327,training_touch
10:10:14.305,1,-3.207537,1.4747,-0.752508,training_touch
10:10:14.305,2,-1.911625,1.388462,-1.879382,training_touch
10:10:14.404,1,-3.208729,1.486439,-0.755085,training_touch
10:10:14.404,2,-1.91227,1.388918,-1.881427,training_touch
10:10:14.505,1,-3.209026,1.480328,-0.757349,training_touch
10:10:14.505,2,-1.911722,1.388537,-1.88284,training_touch
10:10:14.606,1,-3.209406,1.51584,-0.761126,training_touch
10:10:14.607,2,-1.909469,1.388894,-1.883947,training_touch
10:10:14.704,1,-3.210258,1.463124,-0.759307,training_touch
10:10:14.704,2,-1.910116,1.389283,-1.884873,training_touch
10:10:14.787,1,-3.210403,1.463252,-0.759165,training_touch
10:10:14.788,2,-1.910523,1.389853,-1.884829,training_touch
10:10:14.888,1,-3.211107,1.46335,-0.75924,training_touch
10:10:14.888,2,-1.910477,1.389929,-1.885483,training_touch
10:10:14.990,1,-3.211237,1.462991,-0.759045,training_touch
10:10:14.990,2,-1.910372,1.389291,-1.885785,training_touch
10:10:15.088,1,-3.210033,1.465622,-0.760637,training_touch
10:10:15.088,2,-1.90897,1.38877,-1.88505,training_touch
10:10:15.188,1,-3.21073,1.465107,-0.758926,training_touch
10:10:15.188,2,-1.908524,1.388911,-1.884995,training_touch
10:10:15.288,1,-3.211663,1.462439,-0.761704,training_touch
10:10:15.288,2,-1.907531,1.389432,-1.884746,training_touch
10:10:15.388,1,-3.210812,1.461944,-0.757763,training_touch
10:10:15.388,2,-1.907406,1.388956,-1.885051,training_touch
10:10:15.487,1,-3.21043,1.531446,-0.75699,training_touch
10:10:15.488,2,-1.9081,1.388732,-1.885181,training_touch
10:10:15.588,1,-3.210184,1.528457,-0.754795,training_touch
10:10:15.589,2,-1.907788,1.389077,-1.885094,training_touch
10:10:15.688,1,-3.212542,1.465228,-0.752057,training_touch
10:10:15.689,2,-1.907059,1.388713,-1.885458,training_touch
10:10:15.787,1,-3.215201,1.526505,-0.75246,training_touch
10:10:15.787,2,-1.905123,1.38904,-1.887381,training_touch
10:10:15.888,1,-3.214182,1.470873,-0.752211,training_touch
10:10:15.889,2,-1.898019,1.388514,-1.888979,training_touch
10:10:15.988,1,-3.211821,1.468185,-0.752251,training_touch
10:10:15.989,2,-1.895267,1.388626,-1.88763,training_touch
10:10:16.087,1,-3.210122,1.465648,-0.751515,training_touch
10:10:16.088,2,-1.88951,1.388355,-1.881503,training_touch
10:10:16.188,1,-3.212393,1.475102,-0.750132,training_touch
10:10:16.188,2,-1.880477,1.388221,-1.870341,training_touch
10:10:16.289,1,-3.213383,1.487575,-0.749456,training_touch
10:10:16.289,2,-1.876226,1.387903,-1.853541,training_touch
10:10:16.388,1,-3.211977,1.511405,-0.748937,training_touch
10:10:16.388,2,-1.87196,1.387751,-1.832535,training_touch
10:10:16.490,1,-3.213351,1.51441,-0.747721,training_touch
10:10:16.490,2,-1.866482,1.387046,-1.798735,training_touch
10:10:16.605,1,-3.212711,1.499406,-0.74741,training_touch
10:10:16.605,2,-1.843842,1.386957,-1.74509,training_touch
10:10:16.705,1,-3.211361,1.507389,-0.747564,training_touch
10:10:16.705,2,-1.832558,1.38652,-1.686718,training_touch
10:10:16.804,1,-3.210335,1.508989,-0.748138,training_touch
10:10:16.805,2,-1.825531,1.386643,-1.628925,training_touch
10:10:16.904,1,-3.21401,1.503359,-0.749048,training_touch
10:10:16.904,2,-1.815595,1.385616,-1.57118,training_touch
10:10:17.004,1,-3.213564,1.511213,-0.747054,training_touch
10:10:17.005,2,-1.804436,1.387314,-1.514194,training_touch
10:10:17.105,1,-3.216468,1.513442,-0.74612,training_touch
10:10:17.106,2,-1.791277,1.38803,-1.472904,training_touch
10:10:17.205,1,-3.220831,1.510577,-0.74342,training_touch
10:10:17.205,2,-1.775658,1.387805,-1.441022,training_touch
10:10:17.305,1,-3.222915,1.49741,-0.74018,training_touch
10:10:17.305,2,-1.751217,1.38771,-1.400649,training_touch
10:10:17.421,1,-3.223325,1.500061,-0.740174,training_touch
10:10:17.421,2,-1.719871,1.388085,-1.367192,training_touch
10:10:17.521,1,-3.221755,1.503945,-0.741919,training_touch
10:10:17.521,2,-1.684074,1.387644,-1.32727,training_touch
10:10:17.622,1,-3.225727,1.498586,-0.74128,training_touch
10:10:17.622,2,-1.645979,1.387368,-1.295572,training_touch
10:10:17.721,1,-3.22684,1.500881,-0.740692,training_touch
10:10:17.721,2,-1.613255,1.387314,-1.259177,training_touch
10:10:17.823,1,-3.230562,1.502592,-0.739406,training_touch
10:10:17.823,2,-1.585559,1.387694,-1.232925,training_touch
10:10:17.921,1,-3.230987,1.484257,-0.735431,training_touch
10:10:17.923,2,-1.565851,1.386724,-1.211933,training_touch
10:10:18.021,1,-3.234904,1.488041,-0.732202,training_touch
10:10:18.021,2,-1.55389,1.386336,-1.197289,training_touch
10:10:18.121,1,-3.239339,1.491157,-0.727564,training_touch
10:10:18.122,2,-1.544035,1.388388,-1.18031,training_touch
10:10:18.222,1,-3.241314,1.490772,-0.725408,training_touch
10:10:18.223,2,-1.540409,1.395214,-1.172902,training_touch
10:10:18.321,1,-3.242786,1.490962,-0.723564,training_touch
10:10:18.321,2,-1.537461,1.399827,-1.159943,training_touch
10:10:18.438,1,-3.246509,1.491743,-0.71867,training_touch
10:10:18.439,2,-1.53617,1.397636,-1.151635,training_touch
10:10:18.537,1,-3.250264,1.492168,-0.719007,training_touch
10:10:18.538,2,-1.535545,1.397849,-1.146174,training_touch
10:10:18.638,1,-3.256204,1.490551,-0.71533,training_touch
10:10:18.638,2,-1.534945,1.397161,-1.141986,training_touch
10:10:18.738,1,-3.262478,1.491367,-0.71283,training_touch
10:10:18.739,2,-1.534529,1.396596,-1.141061,training_touch
10:10:18.837,1,-3.261855,1.490087,-0.713832,training_touch
10:10:18.838,2,-1.533611,1.395896,-1.141022,training_touch
10:10:18.937,1,-3.264681,1.494822,-0.711065,training_touch
10:10:18.938,2,-1.532922,1.394239,-1.137943,training_touch
10:10:19.038,1,-3.267726,1.490124,-0.711918,training_touch
10:10:19.039,2,-1.532623,1.395943,-1.136688,training_touch
10:10:19.137,1,-3.269187,1.489882,-0.711939,training_touch
10:10:19.138,2,-1.53471,1.396618,-1.133934,training_touch
10:10:19.238,1,-3.270498,1.492647,-0.711182,training_touch
10:10:19.238,2,-1.538009,1.402055,-1.13208,training_touch
10:10:19.338,1,-3.270793,1.490458,-0.711167,training_touch
10:10:19.339,2,-1.543164,1.404061,-1.129803,training_touch
10:10:19.437,1,-3.271704,1.490884,-0.70982,training_touch
10:10:19.438,2,-1.550591,1.404959,-1.126285,training_touch
10:10:19.538,1,-3.27247,1.489841,-0.709686,training_touch
10:10:19.539,2,-1.556245,1.40325,-1.123712,training_touch
10:10:19.637,1,-3.272131,1.487232,-0.709376,training_touch
10:10:19.638,2,-1.562401,1.406252,-1.121233,training_touch
10:10:19.737,1,-3.271954,1.487279,-0.709419,training_touch
10:10:19.738,2,-1.568883,1.405262,-1.118943,training_touch
10:10:19.838,1,-3.275063,1.495172,-0.709114,training_touch
10:10:19.838,2,-1.573838,1.405649,-1.115265,training_touch
10:10:19.938,1,-3.27553,1.500918,-0.708773,training_touch
10:10:19.938,2,-1.576753,1.402186,-1.112483,training_touch
10:10:20.038,1,-3.275724,1.501302,-0.709008,training_touch
10:10:20.038,2,-1.579749,1.400482,-1.109671,training_touch
10:10:20.140,1,-3.275125,1.500453,-0.707988,training_touch
10:10:20.140,2,-1.583122,1.39988,-1.107667,training_touch
10:10:20.237,1,-3.276004,1.496711,-0.708348,training_touch
10:10:20.238,2,-1.584471,1.39977,-1.106323,training_touch
10:10:20.337,1,-3.279053,1.498984,-0.706461,training_touch
10:10:20.338,2,-1.586529,1.399527,-1.104144,training_touch
10:10:20.438,1,-3.277681,1.499139,-0.70649,training_touch
10:10:20.439,2,-1.587208,1.398669,-1.103327,training_touch
10:10:20.538,1,-3.277759,1.49816,-0.707219,training_touch
10:10:20.538,2,-1.587734,1.396715,-1.102993,training_touch
10:10:20.637,1,-3.277067,1.500003,-0.707696,training_touch
10:10:20.638,2,-1.58935,1.395957,-1.102812,training_touch
10:10:20.738,1,-3.275559,1.500481,-0.707951,training_touch
10:10:20.738,2,-1.590394,1.395769,-1.101974,training_touch
10:10:20.821,1,-3.275626,1.500836,-0.708013,training_touch
10:10:20.821,2,-1.590804,1.397189,-1.101243,training_touch
10:10:20.922,1,-3.275202,1.499848,-0.708732,training_touch
10:10:20.922,2,-1.591302,1.401765,-1.100309,training_touch
10:10:21.021,1,-3.274558,1.498698,-0.709392,training_touch
10:10:21.021,2,-1.591926,1.400604,-1.100406,training_touch
10:10:21.122,1,-3.273927,1.500337,-0.709713,training_touch
10:10:21.122,2,-1.592602,1.398552,-1.100175,training_touch
10:10:21.221,1,-3.274446,1.500948,-0.709486,training_touch
10:10:21.221,2,-1.592962,1.396892,-1.099954,training_touch
10:10:21.321,1,-3.27451,1.50065,-0.709437,training_touch
10:10:21.322,2,-1.593162,1.396499,-1.09987,training_touch
10:10:21.421,1,-3.274263,1.501109,-0.709816,training_touch
10:10:21.421,2,-1.593624,1.399105,-1.100395,training_touch
10:10:21.521,1,-3.27452,1.497596,-0.710156,training_touch
10:10:21.521,2,-1.594215,1.40096,-1.101518,training_touch
10:10:21.621,1,-3.275132,1.500389,-0.709163,training_touch
10:10:21.621,2,-1.594457,1.403632,-1.101182,training_touch
10:10:21.722,1,-3.276732,1.499947,-0.707273,training_touch
10:10:21.722,2,-1.594331,1.406309,-1.101125,training_touch
10:10:21.821,1,-3.277025,1.499094,-0.706432,training_touch
10:10:21.821,2,-1.593923,1.406205,-1.101776,training_touch
10:10:21.939,1,-3.277657,1.496042,-0.707132,training_touch
10:10:21.939,2,-1.594359,1.403519,-1.101862,training_touch
10:10:22.037,1,-3.277511,1.49787,-0.710194,training_touch
10:10:22.038,2,-1.594154,1.400062,-1.101779,training_touch
10:10:22.138,1,-3.278137,1.495467,-0.709086,training_touch
10:10:22.138,2,-1.59434,1.402668,-1.10288,training_touch
10:10:22.238,1,-3.27765,1.494313,-0.7102,training_touch
10:10:22.239,2,-1.593753,1.403314,-1.102514,training_touch
10:10:22.338,1,-3.274746,1.491601,-0.712495,training_touch
10:10:22.338,2,-1.593366,1.401877,-1.102764,training_touch
10:10:22.438,1,-3.268582,1.491284,-0.713988,training_touch
10:10:22.438,2,-1.593711,1.402548,-1.101893,training_touch
10:10:22.538,1,-3.268535,1.491928,-0.720594,training_touch
10:10:22.539,2,-1.593198,1.40345,-1.101611,training_touch
10:10:22.639,1,-3.266159,1.491983,-0.731176,training_touch
10:10:22.639,2,-1.593036,1.401662,-1.101424,training_touch
10:10:22.738,1,-3.264825,1.493291,-0.742916,training_touch
10:10:22.738,2,-1.591611,1.405074,-1.101375,training_touch
10:10:22.838,1,-3.250696,1.491386,-0.772498,training_touch
10:10:22.839,2,-1.589772,1.404976,-1.101601,training_touch
10:10:22.938,1,-3.251465,1.488294,-0.791369,training_touch
10:10:22.938,2,-1.586903,1.405388,-1.104277,training_touch
10:10:23.038,1,-3.25716,1.483847,-0.821169,training_touch
10:10:23.038,2,-1.584146,1.402716,-1.10866,training_touch
10:10:23.138,1,-3.285288,1.486203,-0.861629,training_touch
10:10:23.139,2,-1.58071,1.40402,-1.110124,training_touch
10:10:23.238,1,-3.322722,1.485946,-0.888531,training_touch
10:10:23.239,2,-1.576558,1.404797,-1.113337,training_touch
10:10:23.338,1,-3.365113,1.481779,-0.911691,training_touch
10:10:23.338,2,-1.571705,1.406419,-1.114719,training_touch
10:10:23.445,1,-3.419137,1.48927,-0.941005,training_touch
10:10:23.446,2,-1.563209,1.406959,-1.114631,training_touch
10:10:23.538,1,-3.463436,1.489256,-0.965964,training_touch
10:10:23.538,2,-1.549881,1.406231,-1.117054,training_touch
10:10:23.638,1,-3.50223,1.487585,-0.987128,training_touch
10:10:23.638,2,-1.539809,1.408208,-1.115535,training_touch
10:10:23.738,1,-3.547732,1.48718,-1.014996,training_touch
10:10:23.739,2,-1.512418,1.408402,-1.110675,training_touch
10:10:23.838,1,-3.572598,1.490007,-1.036515,training_touch
10:10:23.838,2,-1.498959,1.407332,-1.098362,training_touch
10:10:23.938,1,-3.596142,1.490806,-1.064466,training_touch
10:10:23.938,2,-1.481323,1.406327,-1.073153,training_touch
10:10:24.021,1,-3.664015,1.493178,-1.09312,training_touch
10:10:24.021,2,-1.471322,1.406254,-1.037309,training_touch
10:10:24.104,1,-3.675905,1.494765,-1.10578,training_touch
10:10:24.104,2,-1.452115,1.407233,-1.003582,training_touch
10:10:24.205,1,-3.687042,1.496498,-1.136703,training_touch
10:10:24.206,2,-1.450007,1.403432,-0.99104,training_touch
10:10:24.304,1,-3.656557,1.495807,-1.225721,training_touch
10:10:24.305,2,-1.441333,1.398152,-0.955018,training_touch
10:10:24.405,1,-3.668331,1.495043,-1.274742,training_touch
10:10:24.406,2,-1.445113,1.397441,-0.935221,training_touch
10:10:24.507,1,-3.67596,1.495006,-1.333775,training_touch
10:10:24.507,2,-1.44305,1.396512,-0.908571,training_touch
10:10:24.606,1,-3.693784,1.495776,-1.395342,training_touch
10:10:24.606,2,-1.443158,1.395335,-0.902856,training_touch
10:10:24.704,1,-3.696975,1.496021,-1.428478,training_touch
10:10:24.705,2,-1.442853,1.395063,-0.892679,training_touch
10:10:24.807,1,-3.705608,1.496645,-1.456719,training_touch
10:10:24.807,2,-1.443277,1.396262,-0.885014,training_touch
10:10:24.906,1,-3.708834,1.497175,-1.479392,training_touch
10:10:24.906,2,-1.441133,1.395073,-0.881253,training_touch
10:10:25.071,1,-3.709934,1.503164,-1.49301,training_touch
10:10:25.071,2,-1.441943,1.397602,-0.880125,training_touch
10:10:25.173,1,-3.719484,1.506317,-1.506555,training_touch
10:10:25.173,2,-1.443261,1.399825,-0.873147,training_touch
10:10:25.272,1,-3.724404,1.506049,-1.512848,training_touch
10:10:25.272,2,-1.44252,1.399909,-0.874694,training_touch
10:10:25.372,1,-3.728042,1.505126,-1.513321,training_touch
10:10:25.372,2,-1.44303,1.402913,-0.874946,training_touch
10:10:25.471,1,-3.730091,1.499987,-1.519461,training_touch
10:10:25.471,2,-1.443039,1.398656,-0.875938,training_touch
10:10:25.572,1,-3.733732,1.492762,-1.523753,training_touch
10:10:25.572,2,-1.442197,1.397581,-0.877095,training_touch
10:10:25.654,1,-3.739932,1.488805,-1.527511,training_touch
10:10:25.654,2,-1.441722,1.395095,-0.878923,training_touch
10:10:25.756,1,-3.743261,1.487486,-1.527672,training_touch
10:10:25.757,2,-1.443091,1.392472,-0.883458,training_touch
10:10:25.855,1,-3.74334,1.486761,-1.530133,training_touch
10:10:25.856,2,-1.442621,1.391099,-0.887581,training_touch
10:10:25.937,1,-3.745192,1.486775,-1.529748,training_touch
10:10:25.938,2,-1.441524,1.390621,-0.903913,training_touch
10:10:26.021,1,-3.745623,1.486313,-1.530802,training_touch
10:10:26.021,2,-1.442499,1.390416,-0.913445,training_touch
10:10:26.104,1,-3.74711,1.486939,-1.532075,training_touch
10:10:26.104,2,-1.441827,1.39022,-0.950507,training_touch
10:10:26.189,1,-3.753223,1.487673,-1.533419,training_touch
10:10:26.189,2,-1.441257,1.390079,-0.980797,training_touch
10:10:26.288,1,-3.756611,1.487177,-1.535568,training_touch
10:10:26.289,2,-1.439969,1.389975,-1.03815,training_touch
10:10:26.390,1,-3.758297,1.489696,-1.53574,training_touch
10:10:26.391,2,-1.441766,1.390098,-1.09103,training_touch
10:10:26.490,1,-3.762006,1.49045,-1.536253,training_touch
10:10:26.490,2,-1.438915,1.389811,-1.145364,training_touch
10:10:26.588,1,-3.766694,1.487774,-1.540559,training_touch
10:10:26.588,2,-1.440633,1.389763,-1.180483,training_touch
10:10:26.671,1,-3.766622,1.490719,-1.537878,training_touch
10:10:26.671,2,-1.446648,1.389476,-1.225011,training_touch
10:10:26.756,1,-3.76627,1.48851,-1.536259,training_touch
10:10:26.757,2,-1.449978,1.388125,-1.236271,training_touch
10:10:26.837,1,-3.765905,1.488797,-1.537516,training_touch
10:10:26.838,2,-1.452385,1.388024,-1.264027,training_touch
10:10:26.921,1,-3.766919,1.490604,-1.542397,training_touch
10:10:26.921,2,-1.455959,1.388525,-1.281617,training_touch
10:10:27.004,1,-3.765627,1.489987,-1.543417,training_touch
10:10:27.004,2,-1.457221,1.382731,-1.290557,training_touch
10:10:27.090,1,-3.763243,1.489607,-1.541405,training_touch
10:10:27.090,2,-1.463356,1.377996,-1.294832,training_touch
10:10:27.188,1,-3.761902,1.486385,-1.541053,training_touch
10:10:27.188,2,-1.462187,1.375013,-1.303972,training_touch
10:10:27.271,1,-3.761187,1.487314,-1.541872,training_touch
10:10:27.271,2,-1.465212,1.373042,-1.310714,training_touch
10:10:27.372,1,-3.760412,1.487907,-1.541468,training_touch
10:10:27.372,2,-1.465457,1.369211,-1.311783,training_touch
10:10:27.472,1,-3.758911,1.487039,-1.537327,training_touch
10:10:27.472,2,-1.467858,1.367865,-1.314344,training_touch
10:10:27.572,1,-3.757668,1.486449,-1.536749,training_touch
10:10:27.572,2,-1.469537,1.362545,-1.314744,training_touch
10:10:27.654,1,-3.756183,1.487838,-1.535099,training_touch
10:10:27.654,2,-1.471602,1.361149,-1.317226,training_touch
10:10:27.738,1,-3.7557,1.486834,-1.535246,training_touch
10:10:27.738,2,-1.472394,1.363594,-1.319135,training_touch
10:10:27.821,1,-3.755059,1.49014,-1.534038,training_touch
10:10:27.821,2,-1.473243,1.362038,-1.319914,training_touch
10:10:27.904,1,-3.754472,1.488697,-1.533709,training_touch
10:10:27.905,2,-1.473625,1.3628,-1.32259,training_touch
10:10:28.005,1,-3.754484,1.49265,-1.53154,training_touch
10:10:28.006,2,-1.472398,1.367202,-1.32278,training_touch
10:10:28.105,1,-3.754354,1.493889,-1.528619,training_touch
10:10:28.106,2,-1.471057,1.372072,-1.323989,training_touch
10:10:28.206,1,-3.751369,1.494066,-1.527611,training_touch
10:10:28.207,2,-1.472623,1.369524,-1.328761,training_touch
10:10:28.305,1,-3.753087,1.488516,-1.528326,training_touch
10:10:28.306,2,-1.473579,1.372495,-1.331075,training_touch
10:10:28.405,1,-3.754583,1.489484,-1.525293,training_touch
10:10:28.405,2,-1.473806,1.372237,-1.33232,training_touch
10:10:28.507,1,-3.754824,1.489742,-1.525745,training_touch
10:10:28.507,2,-1.475005,1.37442,-1.33281,training_touch
10:10:28.605,1,-3.757563,1.490479,-1.529994,training_touch
10:10:28.605,2,-1.477407,1.378326,-1.330928,training_touch
10:10:28.688,1,-3.751692,1.493944,-1.523467,training_touch
10:10:28.688,2,-1.475876,1.378912,-1.332055,training_touch
10:10:28.788,1,-3.750248,1.495841,-1.522085,training_touch
10:10:28.789,2,-1.474971,1.378517,-1.332261,training_touch
10:10:28.888,1,-3.749999,1.4978,-1.520807,training_touch
10:10:28.889,2,-1.471896,1.380634,-1.334387,training_touch
10:10:28.988,1,-3.74867,1.496547,-1.521867,training_touch
10:10:28.989,2,-1.471197,1.380608,-1.33459,training_touch
10:10:29.088,1,-3.748395,1.497135,-1.520574,training_touch
10:10:29.089,2,-1.470215,1.381332,-1.334628,training_touch
10:10:29.188,1,-3.74649,1.499285,-1.51894,training_touch
10:10:29.189,2,-1.469137,1.382146,-1.334749,training_touch
10:10:29.288,1,-3.745641,1.497266,-1.515712,training_touch
10:10:29.289,2,-1.468601,1.381685,-1.334234,training_touch
10:10:29.371,1,-3.745071,1.5007,-1.509568,training_touch
10:10:29.371,2,-1.468042,1.382648,-1.333883,training_touch
10:10:29.471,1,-3.744945,1.503907,-1.508091,training_touch
10:10:29.472,2,-1.467384,1.38307,-1.333756,training_touch
10:10:29.571,1,-3.747368,1.50147,-1.47911,training_touch
10:10:29.572,2,-1.466984,1.38283,-1.333479,training_touch
10:10:29.672,1,-3.755262,1.502307,-1.446932,training_touch
10:10:29.672,2,-1.466794,1.384048,-1.333771,training_touch
10:10:29.754,1,-3.758282,1.498572,-1.413276,training_touch
10:10:29.754,2,-1.465768,1.385702,-1.334489,training_touch
10:10:29.838,1,-3.760891,1.499689,-1.40424,training_touch
10:10:29.838,2,-1.464628,1.388777,-1.335966,training_touch
10:10:29.921,1,-3.768012,1.498505,-1.372803,training_touch
10:10:29.921,2,-1.46581,1.388983,-1.338601,training_touch
10:10:30.004,1,-3.805972,1.498184,-1.332452,training_touch
10:10:30.004,2,-1.46525,1.391108,-1.340041,training_touch
10:10:30.105,1,-3.78276,1.499296,-1.279163,training_touch
10:10:30.106,2,-1.465484,1.394642,-1.339119,training_touch
10:10:30.206,1,-3.81999,1.499395,-1.28671,training_touch
10:10:30.207,2,-1.46682,1.395654,-1.337457,training_touch
10:10:30.306,1,-3.822519,1.499748,-1.273462,training_touch
10:10:30.307,2,-1.467668,1.397869,-1.336064,training_touch
10:10:30.405,1,-3.80918,1.500828,-1.204213,training_touch
10:10:30.406,2,-1.468917,1.39734,-1.335461,training_touch
10:10:30.488,1,-3.81763,1.500181,-1.204429,training_touch
10:10:30.488,2,-1.469367,1.398328,-1.335246,training_touch
10:10:30.571,1,-3.826681,1.499767,-1.197878,training_touch
10:10:30.571,2,-1.469643,1.39952,-1.334663,training_touch
10:10:30.654,1,-3.83274,1.50093,-1.200866,training_touch
10:10:30.654,2,-1.471221,1.399698,-1.33275,training_touch
10:10:30.737,1,-3.85521,1.50064,-1.221089,training_touch
10:10:30.738,2,-1.471531,1.400193,-1.333429,training_touch
10:10:30.823,1,-3.88041,1.502807,-1.274255,training_touch
10:10:30.823,2,-1.472401,1.400746,-1.334185,training_touch
10:10:30.904,1,-3.844169,1.502921,-1.246209,training_touch
10:10:30.904,2,-1.472758,1.401035,-1.33449,training_touch
10:10:30.990,1,-3.842725,1.503234,-1.201207,training_touch
10:10:30.990,2,-1.473659,1.401359,-1.333611,training_touch
10:10:31.088,1,-3.851019,1.500897,-1.211161,training_touch
10:10:31.089,2,-1.473263,1.401291,-1.333322,training_touch
10:10:31.188,1,-3.828995,1.502047,-1.189033,training_touch
10:10:31.189,2,-1.472759,1.401093,-1.332578,training_touch
10:10:31.271,1,-3.829619,1.502458,-1.193201,training_touch
10:10:31.271,2,-1.47292,1.401282,-1.332437,training_touch
10:10:31.372,1,-3.831535,1.501879,-1.189527,training_touch
10:10:31.372,2,-1.472392,1.401301,-1.332451,training_touch
10:10:31.471,1,-3.838571,1.502707,-1.186154,training_touch
10:10:31.471,2,-1.470684,1.401837,-1.333395,training_touch
10:10:31.554,1,-3.844347,1.502883,-1.187726,training_touch
10:10:31.554,2,-1.470109,1.402057,-1.333744,training_touch
10:10:31.655,1,-3.844913,1.504565,-1.184713,training_touch
10:10:31.655,2,-1.470169,1.40207,-1.334355,training_touch
10:10:31.755,1,-3.845179,1.502087,-1.181879,training_touch
10:10:31.755,2,-1.469732,1.402018,-1.334559,training_touch
10:10:31.855,1,-3.848067,1.500849,-1.185935,training_touch
10:10:31.855,2,-1.467617,1.401943,-1.335168,training_touch
10:10:31.954,1,-3.849746,1.500924,-1.19044,training_touch
10:10:31.955,2,-1.467444,1.401895,-1.335231,training_touch
10:10:32.038,1,-3.84647,1.500371,-1.189341,training_touch
10:10:32.038,2,-1.468148,1.401346,-1.334549,training_touch
10:10:32.139,1,-3.8439,1.501433,-1.187724,training_touch
10:10:32.139,2,-1.467597,1.401406,-1.338813,training_touch
10:10:32.238,1,-3.855591,1.501817,-1.190727,training_touch
10:10:32.239,2,-1.468344,1.401562,-1.343393,training_touch
10:10:32.338,1,-3.848132,1.504309,-1.217227,training_touch
10:10:32.338,2,-1.471907,1.40122,-1.343255,training_touch
10:10:32.421,1,-3.841501,1.503494,-1.204254,training_touch
10:10:32.421,2,-1.483204,1.401277,-1.354057,training_touch
10:10:32.504,1,-3.845244,1.498441,-1.202698,training_touch
10:10:32.504,2,-1.500484,1.401279,-1.360695,training_touch
10:10:32.607,1,-3.837505,1.497824,-1.191965,training_touch
10:10:32.607,2,-1.52326,1.400883,-1.364737,training_touch
10:10:32.706,1,-3.836632,1.495874,-1.189079,training_touch
10:10:32.707,2,-1.558151,1.400986,-1.359316,training_touch
10:10:32.805,1,-3.83147,1.497854,-1.188405,training_touch
10:10:32.806,2,-1.634454,1.400743,-1.348977,training_touch
10:10:32.905,1,-3.836183,1.500177,-1.18403,training_touch
10:10:32.905,2,-1.693301,1.400848,-1.352899,training_touch
10:10:33.005,1,-3.835059,1.504971,-1.186652,training_touch
10:10:33.007,2,-1.751036,1.400371,-1.353472,training_touch
10:10:33.105,1,-3.831807,1.502684,-1.176089,training_touch
10:10:33.105,2,-1.788726,1.400266,-1.355704,training_touch
10:10:33.188,1,-3.828356,1.498885,-1.174017,training_touch
10:10:33.188,2,-1.839725,1.400573,-1.362174,training_touch
10:10:33.271,1,-3.83114,1.505285,-1.179641,training_touch
10:10:33.271,2,-1.845368,1.399661,-1.364938,training_touch
10:10:33.372,1,-3.825847,1.503247,-1.181987,training_touch
10:10:33.372,2,-1.869046,1.398552,-1.375176,training_touch
10:10:33.471,1,-3.823318,1.502622,-1.182579,training_touch
10:10:33.471,2,-1.898111,1.396701,-1.394155,training_touch
10:10:33.572,1,-3.823074,1.496372,-1.184765,training_touch
10:10:33.572,2,-1.917939,1.395959,-1.410514,training_touch
10:10:33.672,1,-3.822941,1.499422,-1.181796,training_touch
10:10:33.672,2,-1.932699,1.394364,-1.449353,training_touch
10:10:33.754,1,-3.822052,1.493357,-1.180544,training_touch
10:10:33.754,2,-1.933345,1.392567,-1.466704,training_touch
10:10:33.857,1,-3.822265,1.50203,-1.179105,training_touch
10:10:33.857,2,-1.937747,1.38759,-1.490839,training_touch
10:10:33.955,1,-3.815742,1.502314,-1.177186,training_touch
10:10:33.956,2,-1.93746,1.383925,-1.519049,training_touch
10:10:34.038,1,-3.815836,1.503406,-1.176219,training_touch
10:10:34.038,2,-1.940254,1.382721,-1.540234,training_touch
10:10:34.123,1,-3.814671,1.515902,-1.175989,training_touch
10:10:34.123,2,-1.948708,1.3753,-1.551826,training_touch
10:10:34.222,1,-3.813599,1.512298,-1.175298,training_touch
10:10:34.222,2,-1.983918,1.375028,-1.570971,training_touch
10:10:34.304,1,-3.810424,1.506462,-1.172456,training_touch
10:10:34.304,2,-2.021961,1.371925,-1.588238,training_touch
10:10:34.388,1,-3.800312,1.510452,-1.16415,training_touch
10:10:34.388,2,-2.063315,1.365517,-1.600058,training_touch
10:10:34.471,1,-3.788973,1.510925,-1.164064,training_touch
10:10:34.471,2,-2.119314,1.373936,-1.620475,training_touch
10:10:34.554,1,-3.78009,1.518921,-1.161366,training_touch
10:10:34.554,2,-2.163797,1.376501,-1.634305,training_touch
10:10:34.638,1,-3.761796,1.533727,-1.159361,training_touch
10:10:34.638,2,-2.23164,1.374184,-1.655188,training_touch
10:10:34.722,1,-3.738667,1.530277,-1.157695,training_touch
10:10:34.722,2,-2.275501,1.369382,-1.672054,training_touch
10:10:34.821,1,-3.707723,1.52577,-1.15285,training_touch
10:10:34.822,2,-2.316665,1.368405,-1.683402,training_touch
10:10:34.904,1,-3.675861,1.509073,-1.145297,training_touch
10:10:34.905,2,-2.366145,1.36796,-1.685976,training_touch
10:10:35.005,1,-3.633932,1.516216,-1.138547,training_touch
10:10:35.006,2,-2.381531,1.37123,-1.683146,training_touch
10:10:35.104,1,-3.544673,1.51371,-1.1216,training_touch
10:10:35.104,2,-2.423393,1.373877,-1.664665,training_touch
10:10:35.188,1,-3.491229,1.517256,-1.115693,training_touch
10:10:35.190,2,-2.448547,1.370899,-1.643946,training_touch
10:10:35.288,1,-3.419326,1.515487,-1.108563,training_touch
10:10:35.289,2,-2.476267,1.371748,-1.610594,training_touch
10:10:35.389,1,-3.352484,1.519492,-1.107425,training_touch
10:10:35.389,2,-2.490606,1.368965,-1.578104,training_touch
10:10:35.488,1,-3.301598,1.518386,-1.102979,training_touch
10:10:35.488,2,-2.520056,1.369679,-1.540846,training_touch
10:10:35.589,1,-3.248174,1.518977,-1.085746,training_touch
10:10:35.589,2,-2.551429,1.370113,-1.518972,training_touch
10:10:35.689,1,-3.199095,1.521716,-1.072028,training_touch
10:10:35.689,2,-2.591051,1.368842,-1.499145,training_touch
10:10:35.771,1,-3.145878,1.52573,-1.050444,training_touch
10:10:35.771,2,-2.655861,1.368153,-1.478245,training_touch
10:10:35.872,1,-3.117352,1.516433,-1.032667,training_touch
10:10:35.872,2,-2.730777,1.368256,-1.470011,training_touch
10:10:35.972,1,-3.041573,1.515225,-0.890501,training_touch
10:10:35.972,2,-2.824335,1.370487,-1.464313,training_touch
10:10:36.072,1,-3.025287,1.521534,-0.894703,training_touch
10:10:36.072,2,-2.900983,1.369776,-1.473256,training_touch
10:10:36.154,1,-2.766106,1.522984,-1.101584,training_touch
10:10:36.155,2,-2.970557,1.370728,-1.467818,training_touch
10:10:36.255,1,-2.847445,1.522791,-0.838419,training_touch
10:10:36.256,2,-3.012349,1.372376,-1.462203,training_touch
10:10:36.356,1,-2.786507,1.522503,-0.853471,training_touch
10:10:36.356,2,-3.06211,1.376552,-1.449525,training_touch
10:10:36.455,1,-2.730916,1.511928,-0.851131,training_touch
10:10:36.455,2,-3.099556,1.378243,-1.426107,training_touch
10:10:36.538,1,-2.696205,1.516284,-0.847836,training_touch
10:10:36.538,2,-3.154632,1.379456,-1.404154,training_touch
10:10:36.621,1,-2.659974,1.522239,-0.829907,training_touch
10:10:36.621,2,-3.184979,1.377111,-1.377048,training_touch
10:10:36.722,1,-2.566505,1.520191,-0.834886,training_touch
10:10:36.723,2,-3.224805,1.381382,-1.32552,training_touch
10:10:36.823,1,-2.46508,1.516165,-0.833912,training_touch
10:10:36.823,2,-3.248414,1.38541,-1.263829,training_touch
10:10:36.904,1,-2.405039,1.51723,-0.840566,training_touch
10:10:36.904,2,-3.285955,1.387321,-1.208229,training_touch
10:10:36.988,1,-2.37868,1.510007,-0.84215,training_touch
10:10:36.988,2,-3.315909,1.388031,-1.17755,training_touch
10:10:37.088,1,-2.301791,1.514493,-0.844498,training_touch
10:10:37.089,2,-3.347795,1.392683,-1.141154,training_touch
10:10:37.189,1,-2.300687,1.514272,-0.834952,training_touch
10:10:37.189,2,-3.382828,1.393901,-1.097148,training_touch
10:10:37.271,1,-2.271914,1.511826,-0.825152,training_touch
10:10:37.271,2,-3.420037,1.393809,-1.053235,training_touch
10:10:37.354,1,-2.252604,1.51307,-0.825029,training_touch
10:10:37.354,2,-3.45506,1.394944,-1.011346,training_touch
10:10:37.455,1,-2.230763,1.515304,-0.823306,training_touch
10:10:37.456,2,-3.495046,1.394407,-0.969483,training_touch
10:10:37.556,1,-2.219453,1.512939,-0.8182,training_touch
10:10:37.557,2,-3.546764,1.391714,-0.919114,training_touch
10:10:37.655,1,-2.212339,1.51303,-0.815573,training_touch
10:10:37.655,2,-3.584206,1.390788,-0.87599,training_touch
10:10:37.738,1,-2.200621,1.518759,-0.811921,training_touch
10:10:37.738,2,-3.608247,1.387982,-0.846586,training_touch
10:10:37.838,1,-2.193658,1.517605,-0.8083,training_touch
10:10:37.839,2,-3.622756,1.387152,-0.830047,training_touch
10:10:37.972,1,-2.190455,1.516168,-0.806937,training_touch
10:10:37.972,2,-3.635028,1.38739,-0.80045,training_touch
10:10:38.071,1,-2.174905,1.516126,-0.801706,training_touch
10:10:38.071,2,-3.653135,1.386506,-0.784433,training_touch
10:10:38.172,1,-2.169422,1.515189,-0.800056,training_touch
10:10:38.172,2,-3.657775,1.386684,-0.776122,training_touch
10:10:38.288,1,-2.186069,1.515649,-0.791514,training_touch
10:10:38.288,2,-3.653162,1.386796,-0.763559,training_touch
10:10:38.389,1,-2.188113,1.520695,-0.793039,training_touch
10:10:38.389,2,-3.654263,1.386537,-0.761448,training_touch
10:10:38.489,1,-2.182054,1.529459,-0.797517,training_touch
10:10:38.489,2,-3.653293,1.38575,-0.756234,training_touch
10:10:38.588,1,-2.180141,1.526,-0.799799,training_touch
10:10:38.588,2,-3.6533,1.384465,-0.754445,training_touch
10:10:38.704,1,-2.179309,1.521232,-0.799664,training_touch
10:10:38.705,2,-3.652974,1.383308,-0.749257,training_touch
10:10:38.788,1,-2.178748,1.515868,-0.799872,training_touch
10:10:38.788,2,-3.646005,1.382687,-0.750205,training_touch
10:10:38.889,1,-2.171225,1.511017,-0.800751,training_touch
10:10:38.889,2,-3.645709,1.380689,-0.747479,training_touch
10:10:38.989,1,-2.173098,1.508627,-0.802127,training_touch
10:10:38.989,2,-3.643513,1.380931,-0.749253,training_touch
10:10:39.088,1,-2.171365,1.51407,-0.803227,training_touch
10:10:39.089,2,-3.637918,1.381146,-0.748442,training_touch
10:10:39.188,1,-2.175213,1.514505,-0.801349,training_touch
10:10:39.189,2,-3.636456,1.381643,-0.747951,training_touch
10:10:39.289,1,-2.175241,1.514879,-0.800579,training_touch
10:10:39.289,2,-3.636097,1.382033,-0.747659,training_touch
10:10:39.371,1,-2.184731,1.513475,-0.792204,training_touch
10:10:39.371,2,-3.633726,1.383157,-0.746232,training_touch
10:10:39.454,1,-2.182636,1.512317,-0.79442,training_touch
10:10:39.455,2,-3.633305,1.383722,-0.745772,training_touch
10:10:39.555,1,-2.181605,1.516571,-0.797983,training_touch
10:10:39.556,2,-3.632217,1.383801,-0.744875,training_touch
10:10:39.656,1,-2.181476,1.51976,-0.802121,training_touch
10:10:39.656,2,-3.632418,1.383808,-0.743656,training_touch
10:10:39.755,1,-2.185542,1.522822,-0.804593,training_touch
10:10:39.755,2,-3.632585,1.384068,-0.742506,training_touch
10:10:39.838,1,-2.183727,1.523795,-0.806097,training_touch
10:10:39.838,2,-3.631643,1.384096,-0.739871,training_touch
10:10:39.921,1,-2.184575,1.534489,-0.803625,training_touch
10:10:39.921,2,-3.631732,1.384432,-0.740627,training_touch
10:10:40.024,1,-2.190259,1.543999,-0.802175,training_touch
10:10:40.024,2,-3.631018,1.384813,-0.739593,training_touch
10:10:40.121,1,-2.189817,1.529678,-0.805983,training_touch
10:10:40.121,2,-3.630165,1.383778,-0.738935,training_touch
10:10:40.204,1,-2.191925,1.528074,-0.803113,training_touch
10:10:40.205,2,-3.623566,1.384208,-0.736993,training_touch
10:10:40.288,1,-2.191769,1.517756,-0.80531,training_touch
10:10:40.288,2,-3.624425,1.382519,-0.737419,training_touch
10:10:40.388,1,-2.189058,1.516206,-0.807053,training_touch
10:10:40.388,2,-3.623281,1.383688,-0.737158,training_touch
10:10:40.471,1,-2.191199,1.516138,-0.80708,training_touch
10:10:40.471,2,-3.620794,1.38319,-0.736648,training_touch
10:10:40.572,1,-2.194267,1.533205,-0.79881,training_touch
10:10:40.572,2,-3.618998,1.383303,-0.737288,training_touch
10:10:40.672,1,-2.192354,1.504511,-0.792188,training_touch
10:10:40.672,2,-3.618159,1.383474,-0.737436,training_touch
10:10:40.771,1,-2.192599,1.534982,-0.792711,training_touch
10:10:40.772,2,-3.616633,1.382851,-0.737089,training_touch
10:10:40.872,1,-2.193205,1.530949,-0.79072,training_touch
10:10:40.872,2,-3.615827,1.382662,-0.736661,training_touch
10:10:40.972,1,-2.191693,1.525023,-0.789142,training_touch
10:10:40.972,2,-3.616485,1.381634,-0.735747,training_touch
10:10:41.071,1,-2.190303,1.524175,-0.78805,training_touch
10:10:41.072,2,-3.617115,1.381911,-0.735808,training_touch
10:10:41.172,1,-2.191102,1.526469,-0.787784,training_touch
10:10:41.172,2,-3.617227,1.381433,-0.734828,training_touch
10:10:41.273,1,-2.191938,1.437022,-0.78795,training_touch
10:10:41.274,2,-3.616582,1.381263,-0.734985,training_touch
10:10:41.372,1,-2.195037,1.479572,-0.786259,training_touch
10:10:41.372,2,-3.615727,1.379933,-0.735856,training_touch
10:10:41.472,1,-2.188887,1.502516,-0.794693,training_touch
10:10:41.472,2,-3.616744,1.379949,-0.734746,training_touch
10:10:41.572,1,-2.184927,1.50688,-0.79809,training_touch
10:10:41.573,2,-3.61775,1.379249,-0.734899,training_touch
10:10:41.672,1,-2.183127,1.502581,-0.799097,training_touch
10:10:41.672,2,-3.615531,1.3801,-0.734142,training_touch
10:10:41.754,1,-2.183676,1.498256,-0.798471,training_touch
10:10:41.755,2,-3.616472,1.380429,-0.733297,training_touch
10:10:41.838,1,-2.183969,1.500542,-0.798161,training_touch
10:10:41.838,2,-3.617643,1.380648,-0.73381,training_touch
10:10:41.921,1,-2.183154,1.505091,-0.797528,training_touch
10:10:41.921,2,-3.617334,1.379909,-0.733889,training_touch
10:10:42.005,1,-2.183451,1.513541,-0.797349,training_touch
10:10:42.005,2,-3.617159,1.380062,-0.734417,training_touch
10:10:42.105,1,-2.183054,1.514677,-0.797123,training_touch
10:10:42.106,2,-3.618278,1.379734,-0.734897,training_touch
10:10:42.205,1,-2.181481,1.515302,-0.797434,training_touch
10:10:42.206,2,-3.618878,1.380378,-0.734331,training_touch
10:10:42.307,1,-2.179139,1.519735,-0.794816,training_touch
10:10:42.307,2,-3.618828,1.377475,-0.734655,training_touch
10:10:42.405,1,-2.175755,1.519893,-0.79318,training_touch
10:10:42.406,2,-3.618865,1.378716,-0.735763,training_touch
10:10:42.488,1,-2.159031,1.521837,-0.794385,training_touch
10:10:42.488,2,-3.617186,1.382233,-0.736431,training_touch
10:10:42.573,1,-2.156921,1.521678,-0.795356,training_touch
10:10:42.573,2,-3.618962,1.385425,-0.736875,training_touch
10:10:42.672,1,-2.13366,1.532216,-0.801103,training_touch
10:10:42.673,2,-3.619033,1.385199,-0.737588,training_touch
10:10:42.772,1,-2.126155,1.500814,-0.804816,training_touch
10:10:42.772,2,-3.619211,1.386609,-0.73787,training_touch
10:10:42.872,1,-2.115764,1.508306,-0.808871,training_touch
10:10:42.872,2,-3.619323,1.387632,-0.738834,training_touch
10:10:42.972,1,-2.104513,1.508631,-0.811144,training_touch
10:10:42.972,2,-3.618904,1.389426,-0.739089,training_touch
10:10:43.072,1,-2.088067,1.511067,-0.813001,training_touch
10:10:43.072,2,-3.619465,1.386429,-0.740152,training_touch
10:10:43.172,1,-2.066232,1.514775,-0.806503,training_touch
10:10:43.172,2,-3.618904,1.385598,-0.742291,training_touch
10:10:43.272,1,-2.046841,1.506807,-0.798484,training_touch
10:10:43.272,2,-3.618004,1.395318,-0.745845,training_touch
10:10:43.372,1,-2.020883,1.512066,-0.777454,training_touch
10:10:43.372,2,-3.620483,1.400961,-0.750369,training_touch
10:10:43.472,1,-2.000158,1.512027,-0.763664,training_touch
10:10:43.472,2,-3.618538,1.403963,-0.747957,training_touch
10:10:43.572,1,-1.959206,1.526546,-0.722122,training_touch
10:10:43.572,2,-3.620859,1.390512,-0.749681,training_touch
10:10:43.672,1,-1.94493,1.51947,-0.693972,training_touch
10:10:43.672,2,-3.62914,1.394619,-0.757235,training_touch
10:10:43.773,1,-1.993076,1.520452,-0.729823,training_touch
10:10:43.773,2,-3.637858,1.396835,-0.762791,training_touch
10:10:43.872,1,-1.988991,1.516528,-0.710754,training_touch
10:10:43.872,2,-3.642425,1.403834,-0.768227,training_touch
10:10:43.954,1,-1.932156,1.514384,-0.728176,training_touch
10:10:43.955,2,-3.634879,1.409445,-0.776778,training_touch
10:10:44.038,1,-1.883634,1.512129,-0.736783,training_touch
10:10:44.038,2,-3.639812,1.413802,-0.785627,training_touch
10:10:44.121,1,-1.807723,1.512745,-0.717751,training_touch
10:10:44.121,2,-3.639983,1.410859,-0.792593,training_touch
10:10:44.205,1,-1.806468,1.513009,-0.748625,training_touch
10:10:44.205,2,-3.642969,1.415722,-0.806296,training_touch
10:10:44.305,1,-1.779454,1.513818,-0.762991,training_touch
10:10:44.306,2,-3.635453,1.419577,-0.82729,training_touch
10:10:44.406,1,-1.703507,1.514487,-0.79847,training_touch
10:10:44.406,2,-3.629405,1.422708,-0.869337,training_touch
10:10:44.505,1,-1.657673,1.513695,-0.837244,training_touch
10:10:44.505,2,-3.611444,1.424576,-0.919538,training_touch
10:10:44.588,1,-1.648201,1.513274,-0.839742,training_touch
10:10:44.588,2,-3.580902,1.426124,-0.966093,training_touch
10:10:44.673,1,-1.634319,1.512162,-0.853787,training_touch
10:10:44.673,2,-3.558494,1.426075,-1.017811,training_touch
10:10:44.772,1,-1.581654,1.512884,-0.896849,training_touch
10:10:44.772,2,-3.539949,1.425911,-1.083932,training_touch
10:10:44.854,1,-1.565501,1.517078,-0.889196,training_touch
10:10:44.855,2,-3.526756,1.419708,-1.121611,training_touch
10:10:44.955,1,-1.562219,1.514967,-0.894041,training_touch
10:10:44.956,2,-3.520763,1.412523,-1.14564,training_touch
10:10:45.055,1,-1.567167,1.516301,-0.908965,training_touch
10:10:45.055,2,-3.505259,1.410224,-1.165907,training_touch
10:10:45.138,1,-1.566766,1.515962,-0.921883,training_touch
10:10:45.138,2,-3.50217,1.411543,-1.188657,training_touch
10:10:45.221,1,-1.564108,1.511922,-0.94406,training_touch
10:10:45.221,2,-3.500248,1.416315,-1.197581,training_touch
10:10:45.304,1,-1.569313,1.516286,-0.968962,training_touch
10:10:45.305,2,-3.499207,1.422194,-1.208755,training_touch
10:10:45.388,1,-1.570677,1.521171,-0.975362,training_touch
10:10:45.388,2,-3.501218,1.426546,-1.219561,training_touch
10:10:45.489,1,-1.596541,1.524092,-1.009961,training_touch
10:10:45.489,2,-3.501806,1.428621,-1.231846,training_touch
10:10:45.589,1,-1.620933,1.520425,-1.04679,training_touch
10:10:45.589,2,-3.505213,1.429887,-1.239517,training_touch
10:10:45.671,1,-1.64118,1.520805,-1.07385,training_touch
10:10:45.671,2,-3.505718,1.41806,-1.246918,training_touch
10:10:45.772,1,-1.662604,1.528772,-1.11322,training_touch
10:10:45.772,2,-3.506568,1.418165,-1.249233,training_touch
10:10:45.872,1,-1.674824,1.521356,-1.143901,training_touch
10:10:45.872,2,-3.505702,1.415288,-1.255467,training_touch
10:10:45.954,1,-1.686395,1.523513,-1.158651,training_touch
10:10:45.955,2,-3.504371,1.41229,-1.25943,training_touch
10:10:46.038,1,-1.687185,1.527354,-1.187817,training_touch
10:10:46.038,2,-3.504293,1.413999,-1.259622,training_touch
10:10:46.121,1,-1.687983,1.522357,-1.200666,training_touch
10:10:46.121,2,-3.505443,1.414962,-1.268107,training_touch
10:10:46.221,1,-1.679156,1.519779,-1.219193,training_touch
10:10:46.222,2,-3.506942,1.411307,-1.270047,training_touch
10:10:46.304,1,-1.667916,1.51896,-1.248042,training_touch
10:10:46.304,2,-3.506791,1.404264,-1.272342,training_touch
10:10:46.405,1,-1.655651,0.421714,-1.264335,training_touch
10:10:46.406,2,-3.506315,1.411556,-1.274455,training_touch
10:10:46.504,1,-1.628171,0.261005,-1.307519,training_touch
10:10:46.505,2,-3.506052,1.423975,-1.276719,training_touch
10:10:46.588,1,-1.615333,1.670283,-1.322618,training_touch
10:10:46.589,2,-3.508913,1.431547,-1.282781,training_touch
10:10:46.689,1,-1.593108,1.620021,-1.346785,training_touch
10:10:46.689,2,-3.510642,1.431229,-1.28097,training_touch
10:10:46.789,1,-1.577406,1.519102,-1.373041,training_touch
10:10:46.789,2,-3.509144,1.439203,-1.280088,training_touch
10:10:46.871,1,-1.562777,1.49431,-1.391125,training_touch
10:10:46.871,2,-3.510247,1.440137,-1.279954,training_touch
10:10:46.954,1,-1.555547,1.499032,-1.403789,training_touch
10:10:46.955,2,-3.511118,1.426945,-1.278361,training_touch
10:10:47.057,1,-1.551346,1.491121,-1.414614,training_touch
10:10:47.057,2,-3.516589,1.421669,-1.28554,training_touch
10:10:47.156,1,-1.548879,1.490045,-1.424429,training_touch
10:10:47.156,2,-3.515918,1.405918,-1.282467,training_touch
10:10:47.255,1,-1.551645,1.490968,-1.435223,training_touch
10:10:47.256,2,-3.518249,1.402512,-1.28263,training_touch
10:10:47.338,1,-1.561026,1.495557,-1.446562,training_touch
10:10:47.338,2,-3.527046,1.394802,-1.2841,training_touch
10:10:47.440,1,-1.570537,1.487926,-1.451868,training_touch
10:10:47.441,2,-3.527999,1.398482,-1.28328,training_touch
10:10:47.539,1,-1.598783,1.489293,-1.471638,training_touch
10:10:47.539,2,-3.52825,1.40436,-1.282469,training_touch
10:10:47.638,1,-1.623656,1.498141,-1.487965,training_touch
10:10:47.639,2,-3.534036,1.401757,-1.28599,training_touch
10:10:47.721,1,-1.64603,1.50054,-1.499432,training_touch
10:10:47.721,2,-3.535907,1.398981,-1.289545,training_touch
10:10:47.804,1,-1.654741,1.500411,-1.504785,training_touch
10:10:47.805,2,-3.521972,1.392289,-1.283237,training_touch
10:10:47.889,1,-1.67543,1.503669,-1.516736,training_touch
10:10:47.889,2,-3.521894,1.390139,-1.282776,training_touch
10:10:47.971,1,-1.694359,1.504781,-1.52725,training_touch
10:10:47.971,2,-3.527882,1.389908,-1.287374,training_touch
10:10:48.054,1,-1.705207,1.502622,-1.536112,training_touch
10:10:48.055,2,-3.527858,1.387528,-1.286155,training_touch
10:10:48.138,1,-1.719407,1.504616,-1.55016,training_touch
10:10:48.138,2,-3.52693,1.390472,-1.283886,training_touch
10:10:48.238,1,-1.732367,1.504016,-1.563319,training_touch
10:10:48.238,2,-3.532008,1.393446,-1.290101,training_touch
10:10:48.339,1,-1.75377,1.505103,-1.584857,training_touch
10:10:48.340,2,-3.515016,1.389529,-1.277934,training_touch
10:10:48.439,1,-1.765871,1.50214,-1.599577,training_touch
10:10:48.439,2,-3.515382,1.387615,-1.277247,training_touch
10:10:48.539,1,-1.777711,1.500906,-1.612468,training_touch
10:10:48.539,2,-3.523087,1.387257,-1.28775,training_touch
10:10:48.621,1,-1.791477,1.502106,-1.626492,training_touch
10:10:48.621,2,-3.531749,1.386672,-1.298113,training_touch
10:10:48.704,1,-1.79793,1.500823,-1.634152,training_touch
10:10:48.705,2,-3.523425,1.386798,-1.292872,training_touch
10:10:48.805,1,-1.803555,1.503983,-1.639576,training_touch
10:10:48.806,2,-3.513031,1.385609,-1.281337,training_touch
10:10:48.904,1,-1.815566,1.504913,-1.6503,training_touch
10:10:48.905,2,-3.514436,1.392909,-1.283904,training_touch
10:10:48.989,1,-1.817805,1.503245,-1.653695,training_touch
10:10:48.990,2,-3.513303,1.400362,-1.283608,training_touch
10:10:49.089,1,-1.821869,1.501272,-1.66026,training_touch
10:10:49.089,2,-3.514826,1.385591,-1.281391,training_touch
10:10:49.189,1,-1.824099,1.504338,-1.663347,training_touch
10:10:49.189,2,-3.511245,1.385186,-1.277702,training_touch
10:10:49.289,1,-1.825691,1.505609,-1.668569,training_touch
10:10:49.289,2,-3.510803,1.384978,-1.277717,training_touch
10:10:49.389,1,-1.828284,1.506132,-1.671382,training_touch
10:10:49.389,2,-3.50899,1.383398,-1.274169,training_touch
10:10:49.489,1,-1.833522,1.501489,-1.677007,training_touch
10:10:49.489,2,-3.512924,1.382079,-1.276831,training_touch
10:10:49.571,1,-1.838387,1.499734,-1.680452,training_touch
10:10:49.571,2,-3.52675,1.382268,-1.287535,training_touch
10:10:49.654,1,-1.845697,1.498634,-1.682366,training_touch
10:10:49.655,2,-3.525741,1.380203,-1.28461,training_touch
10:10:49.738,1,-1.845832,1.500371,-1.684236,training_touch
10:10:49.738,2,-3.518502,1.379993,-1.276749,training_touch
10:10:49.821,1,-1.847113,1.503907,-1.685734,training_touch
10:10:49.821,2,-3.516333,1.375001,-1.273356,training_touch
10:10:49.904,1,-1.846179,1.502972,-1.691391,training_touch
10:10:49.905,2,-3.513769,1.373153,-1.269065,training_touch
10:10:50.005,1,-1.842666,1.502415,-1.696471,training_touch
10:10:50.007,2,-3.512369,1.373152,-1.266158,training_touch
10:10:50.106,1,-1.84175,1.502946,-1.699443,training_touch
10:10:50.106,2,-3.511348,1.37274,-1.262873,training_touch
10:10:50.205,1,-1.839354,1.503489,-1.701425,training_touch
10:10:50.206,2,-3.511841,1.373624,-1.259434,training_touch
10:10:50.288,1,-1.838575,1.500797,-1.702957,training_touch
10:10:50.288,2,-3.512505,1.371484,-1.258223,training_touch
10:10:50.372,1,-1.838564,1.501547,-1.703464,training_touch
10:10:50.372,2,-3.518354,1.371072,-1.262862,training_touch
10:10:50.454,1,-1.849036,1.503296,-1.70359,training_touch
10:10:50.455,2,-3.516312,1.372368,-1.259502,training_touch
10:10:50.538,1,-1.845103,1.502881,-1.704019,training_touch
10:10:50.538,2,-3.515576,1.374697,-1.258724,training_touch
10:10:50.621,1,-1.841983,1.504197,-1.704087,training_touch
10:10:50.621,2,-3.512693,1.37549,-1.250698,training_touch
10:10:50.705,1,-1.840735,1.503116,-1.703827,training_touch
10:10:50.705,2,-3.512394,1.379186,-1.249612,training_touch
10:10:50.788,1,-1.844261,1.500868,-1.701522,training_touch
10:10:50.788,2,-3.513266,1.380024,-1.250386,training_touch
10:10:50.871,1,-1.844556,1.501143,-1.701161,training_touch
10:10:50.872,2,-3.513774,1.379278,-1.251047,training_touch
10:10:50.954,1,-1.845335,1.501535,-1.698415,training_touch
10:10:50.955,2,-3.514806,1.381697,-1.250896,training_touch
10:10:51.040,1,-1.845884,1.502289,-1.696559,training_touch
10:10:51.040,2,-3.515573,1.381151,-1.250757,training_touch
10:10:51.139,1,-1.844978,1.500615,-1.693587,training_touch
10:10:51.139,2,-3.515827,1.378476,-1.251194,training_touch
10:10:51.221,1,-1.843534,1.500111,-1.689546,training_touch
10:10:51.221,2,-3.516755,1.377794,-1.253322,training_touch
10:10:51.306,1,-1.841971,1.499423,-1.687262,training_touch
10:10:51.307,2,-3.528516,1.377679,-1.259952,training_touch
10:10:51.405,1,-1.840789,1.499448,-1.684884,training_touch
10:10:51.406,2,-3.531944,1.377557,-1.260006,training_touch
10:10:51.488,1,-1.838257,1.486164,-1.683966,training_touch
10:10:51.488,2,-3.533553,1.380228,-1.26033,training_touch
10:10:51.572,1,-1.837716,1.484088,-1.68302,training_touch
10:10:51.573,2,-3.532155,1.381565,-1.260901,training_touch
10:10:51.655,1,-1.836151,1.481854,-1.682157,training_touch
10:10:51.655,2,-3.53004,1.384433,-1.258568,training_touch
10:10:51.738,1,-1.83602,1.482285,-1.680249,training_touch
10:10:51.738,2,-3.518642,1.387415,-1.252844,training_touch
10:10:51.821,1,-1.834428,1.481462,-1.678379,training_touch
10:10:51.821,2,-3.520965,1.385947,-1.2541,training_touch
10:10:51.905,1,-1.833378,1.481677,-1.677749,training_touch
10:10:51.906,2,-3.509962,1.382822,-1.248205,training_touch
10:10:52.005,1,-1.834961,1.482347,-1.675233,training_touch
10:10:52.005,2,-3.509759,1.385162,-1.246101,training_touch
10:10:52.088,1,-1.834999,1.48201,-1.67486,training_touch
10:10:52.088,2,-3.509183,1.386019,-1.248092,training_touch
10:10:52.171,1,-1.835225,1.481059,-1.675413,training_touch
10:10:52.171,2,-3.509352,1.384345,-1.247721,training_touch
10:10:52.272,1,-1.835516,1.479314,-1.676149,training_touch
10:10:52.273,2,-3.507998,1.380413,-1.247066,training_touch
10:10:52.354,1,-1.835197,1.471084,-1.677377,training_touch
10:10:52.355,2,-3.506204,1.381114,-1.247997,training_touch
10:10:52.438,1,-1.835243,1.465998,-1.677578,training_touch
10:10:52.438,2,-3.505108,1.380603,-1.248382,training_touch
10:10:52.521,1,-1.834851,1.463418,-1.678271,training_touch
10:10:52.521,2,-3.503925,1.381618,-1.249525,training_touch
10:10:52.605,1,-1.833605,1.461542,-1.678183,training_touch
10:10:52.605,2,-3.504542,1.380727,-1.250684,training_touch
10:10:52.707,1,-1.833508,1.46281,-1.678394,training_touch
10:10:52.707,2,-3.506788,1.379902,-1.253604,training_touch
10:10:52.806,1,-1.832135,1.461678,-1.678255,training_touch
10:10:52.806,2,-3.506763,1.379188,-1.25257,training_touch
10:10:52.888,1,-1.830833,1.461623,-1.678004,training_touch
10:10:52.888,2,-3.505754,1.376934,-1.252264,training_touch
10:10:52.972,1,-1.830533,1.462849,-1.678398,training_touch
10:10:52.973,2,-3.505839,1.377928,-1.251788,training_touch
10:10:53.072,1,-1.829752,1.464359,-1.678293,training_touch
10:10:53.073,2,-3.511624,1.377917,-1.257786,training_touch
10:10:53.172,1,-1.828805,1.453551,-1.677215,training_touch
10:10:53.172,2,-3.508181,1.377151,-1.254707,training_touch
10:10:53.254,1,-1.826489,1.456799,-1.674354,training_touch
10:10:53.255,2,-3.503556,1.375616,-1.249505,training_touch
10:10:53.355,1,-1.825413,1.471641,-1.671675,training_touch
10:10:53.356,2,-3.502349,1.374351,-1.248845,training_touch
10:10:53.455,1,-1.824228,1.470651,-1.666019,training_touch
10:10:53.455,2,-3.501362,1.380092,-1.244857,training_touch
10:10:53.555,1,-1.824083,1.470758,-1.66309,training_touch
10:10:53.556,2,-3.500923,1.379855,-1.2387,training_touch
10:10:53.638,1,-1.823576,1.488776,-1.66256,training_touch
10:10:53.638,2,-3.502233,1.377709,-1.226164,training_touch
10:10:53.721,1,-1.823804,1.395106,-1.664232,training_touch
10:10:53.721,2,-3.504349,1.378046,-1.216651,training_touch
10:10:53.805,1,-1.824626,1.347167,-1.664363,training_touch
10:10:53.805,2,-3.505588,1.384097,-1.191235,training_touch
10:10:53.888,1,-1.825532,1.352938,-1.66449,training_touch
10:10:53.888,2,-3.509219,1.385249,-1.15338,training_touch
10:10:53.972,1,-1.826041,1.423911,-1.664535,training_touch
10:10:53.972,2,-3.510241,1.381227,-1.116542,training_touch
10:10:54.072,1,-1.827958,1.474254,-1.664514,training_touch
10:10:54.073,2,-3.515068,1.388925,-1.072774,training_touch
10:10:54.155,1,-1.830232,1.423441,-1.663502,training_touch
10:10:54.155,2,-3.519541,1.393752,-1.029906,training_touch
10:10:54.239,1,-1.832819,1.407623,-1.664449,training_touch
10:10:54.240,2,-3.527335,1.38958,-0.971856,training_touch
10:10:54.321,1,-1.83548,1.427405,-1.665023,training_touch
10:10:54.321,2,-3.524275,1.382761,-0.938226,training_touch
10:10:54.422,1,-1.837092,1.431533,-1.664914,training_touch
10:10:54.422,2,-3.531781,1.384594,-0.916414,training_touch
10:10:54.504,1,-1.839119,1.450732,-1.66329,training_touch
10:10:54.505,2,-3.539531,1.380435,-0.886885,training_touch
10:10:54.589,1,-1.844283,1.451562,-1.661708,training_touch
10:10:54.589,2,-3.542376,1.381804,-0.877172,training_touch
10:10:54.689,1,-1.848218,1.438597,-1.65962,training_touch
10:10:54.690,2,-3.535386,1.363498,-0.845027,training_touch
10:10:54.789,1,-1.853123,1.476217,-1.655408,training_touch
10:10:54.789,2,-3.538127,1.374093,-0.842692,training_touch
10:10:54.889,1,-1.85501,1.479465,-1.652814,training_touch
10:10:54.889,2,-3.54165,1.380822,-0.837709,training_touch
10:10:54.988,1,-1.857446,1.480157,-1.649227,training_touch
10:10:54.988,2,-3.543713,1.387437,-0.836706,training_touch
10:10:55.071,1,-1.859809,1.485269,-1.647767,training_touch
10:10:55.071,2,-3.544574,1.385164,-0.831308,training_touch
10:10:55.155,1,-1.861967,1.485424,-1.645562,training_touch
10:10:55.155,2,-3.543419,1.384833,-0.832776,training_touch
10:10:55.238,1,-1.861319,1.47847,-1.643411,training_touch
10:10:55.238,2,-3.542488,1.379809,-0.835834,training_touch
10:10:55.323,1,-1.856098,1.481066,-1.648307,training_touch
10:10:55.323,2,-3.540009,1.3797,-0.837135,training_touch
10:10:55.422,1,-1.850897,1.483637,-1.65278,training_touch
10:10:55.423,2,-3.535215,1.374664,-0.837318,training_touch
10:10:55.522,1,-1.84486,1.48726,-1.662046,training_touch
10:10:55.522,2,-3.545076,1.377717,-0.84316,training_touch
10:10:55.605,1,-1.839864,1.487464,-1.669613,training_touch
10:10:55.605,2,-3.540543,1.372047,-0.844873,training_touch
10:10:55.688,1,-1.83629,1.490322,-1.697151,training_touch
10:10:55.688,2,-3.532858,1.370606,-0.837319,training_touch
10:10:55.790,1,-1.834285,1.491996,-1.725288,training_touch
10:10:55.790,2,-3.540547,1.367238,-0.842834,training_touch
10:10:55.890,1,-1.831244,1.491565,-1.765511,training_touch
10:10:55.890,2,-3.545563,1.361332,-0.84182,training_touch
10:10:55.989,1,-1.824937,1.496513,-1.809106,training_touch
10:10:55.989,2,-3.547139,1.360902,-0.838211,training_touch
10:10:56.089,1,-1.823762,1.497029,-1.859162,training_touch
10:10:56.089,2,-3.551867,1.368803,-0.8336,training_touch
10:10:56.171,1,-1.814823,1.501503,-1.921362,training_touch
10:10:56.172,2,-3.556578,1.374063,-0.832219,training_touch
10:10:56.254,1,-1.817174,1.500992,-1.99325,
10:10:56.255,2,-3.55438,1.376331,-0.832043,
10:10:56.338,1,-1.821665,1.504755,-2.035105,
10:10:56.338,2,-3.555922,1.378137,-0.831305,
10:10:56.421,1,-1.822628,1.501761,-2.086734,
10:10:56.421,2,-3.556132,1.376573,-0.832702,
10:10:56.505,1,-1.824556,1.5032,-2.124835,
10:10:56.505,2,-3.562574,1.37227,-0.831137,
10:10:56.606,1,-1.830648,1.504974,-2.164098,
10:10:56.606,2,-3.561386,1.381448,-0.831043,
10:10:56.707,1,-1.843267,1.508238,-2.191425,
10:10:56.707,2,-3.552061,1.385286,-0.826538,
10:10:56.788,1,-1.844277,1.512604,-2.210061,
10:10:56.788,2,-3.548762,1.39136,-0.831632,
10:10:56.872,1,-1.836693,1.511888,-2.212412,
10:10:56.872,2,-3.551569,1.392524,-0.832892,
10:10:56.972,1,-1.828806,1.512058,-2.230818,
10:10:56.973,2,-3.552482,1.38569,-0.835603,
10:10:57.072,1,-1.819277,1.514794,-2.275188,
10:10:57.072,2,-3.550977,1.37485,-0.833907,
10:10:57.155,1,-1.815481,1.514423,-2.315241,
10:10:57.155,2,-3.551511,1.375362,-0.839304,
10:10:57.255,1,-1.803823,1.515534,-2.345877,
10:10:57.255,2,-3.554221,1.375528,-0.841656,
10:10:57.355,1,-1.786974,1.516856,-2.39208,
10:10:57.356,2,-3.540798,1.3762,-0.841909,
10:10:57.438,1,-1.776929,1.517936,-2.435633,
10:10:57.438,2,-3.538582,1.374807,-0.848585,
10:10:57.521,1,-1.773609,1.516647,-2.465033,
10:10:57.522,2,-3.535364,1.37524,-0.85603,
10:10:57.604,1,-1.776284,1.520273,-2.512273,
10:10:57.605,2,-3.537527,1.37556,-0.878339,
10:10:57.688,1,-1.781726,1.519252,-2.541656,
10:10:57.688,2,-3.529742,1.376087,-0.884821,
10:10:57.771,1,-1.794126,1.518997,-2.594184,
10:10:57.771,2,-3.53942,1.377216,-0.896488,
10:10:57.855,1,-1.806655,1.518285,-2.636817,
10:10:57.855,2,-3.542755,1.376376,-0.894428,
10:10:57.938,1,-1.830435,1.519325,-2.703441,
10:10:57.938,2,-3.541801,1.376442,-0.885149,
10:10:58.021,1,-1.872622,1.517567,-2.784867,
10:10:58.021,2,-3.544289,1.378979,-0.883366,
10:10:58.107,1,-1.906141,1.514218,-2.841461,
10:10:58.107,2,-3.540822,1.373156,-0.871593,
10:10:58.205,1,-1.960572,1.517565,-2.911536,
10:10:58.206,2,-3.546867,1.377335,-0.866869,
10:10:58.305,1,-2.005481,1.520351,-2.968372,
10:10:58.305,2,-3.536798,1.381017,-0.857171,
10:10:58.438,1,-2.039863,1.520321,-3.016067,
10:10:58.438,2,-3.544322,1.376078,-0.861891,
10:10:58.521,1,-2.069954,1.519139,-3.055201,
10:10:58.521,2,-3.551254,1.376572,-0.864905,
10:10:58.624,1,-2.08309,1.519838,-3.087816,
10:10:58.624,2,-3.543775,1.374824,-0.857618,
10:10:58.723,1,-2.085678,1.51898,-3.115556,
10:10:58.723,2,-3.54154,1.379967,-0.857105,
10:10:58.805,1,-2.078282,1.518351,-3.143118,
10:10:58.805,2,-3.540676,1.378123,-0.858865,
10:10:58.889,1,-2.066196,1.515387,-3.161973,
10:10:58.889,2,-3.545255,1.379964,-0.868095,
10:10:58.989,1,-2.045481,1.511905,-3.199936,
10:10:58.989,2,-3.539944,1.381835,-0.876937,
10:10:59.089,1,-2.012781,1.510826,-3.246645,
10:10:59.089,2,-3.543759,1.383246,-0.892481,
10:10:59.189,1,-1.960179,1.507228,-3.297094,
10:10:59.189,2,-3.544047,1.384291,-0.9171,
10:10:59.289,1,-1.906598,1.504448,-3.344301,
10:10:59.289,2,-3.546362,1.382668,-0.962377,
10:10:59.371,1,-1.87889,1.502154,-3.386605,
10:10:59.371,2,-3.547234,1.380464,-1.014644,
10:10:59.455,1,-1.867131,1.500693,-3.412708,
10:10:59.455,2,-3.545933,1.374468,-1.048735,
10:10:59.538,1,-1.855562,1.506763,-3.436618,
10:10:59.538,2,-3.554585,1.375932,-1.104299,
10:10:59.621,1,-1.847423,1.512215,-3.460955,
10:10:59.622,2,-3.563601,1.3797,-1.150477,
10:10:59.704,1,-1.846572,1.512617,-3.485369,
10:10:59.705,2,-3.580689,1.375975,-1.203149,
10:10:59.788,1,-1.846273,1.512883,-3.498524,
10:10:59.788,2,-3.591215,1.376063,-1.242913,
10:10:59.889,1,-1.830711,1.512114,-3.510564,
10:10:59.889,2,-3.601817,1.378047,-1.316185,
10:10:59.971,1,-1.82261,1.512048,-3.487926,
10:10:59.971,2,-3.610191,1.379047,-1.398669,
10:11:00.055,1,-1.832409,1.512242,-3.505156,
10:11:00.055,2,-3.621628,1.381071,-1.462942,
10:11:00.155,1,-1.864935,1.511837,-3.587093,
10:11:00.155,2,-3.635085,1.381735,-1.58198,
10:11:00.257,1,-1.908732,1.511758,-3.634451,
10:11:00.257,2,-3.669057,1.384153,-1.67882,
10:11:00.355,1,-1.952498,1.514976,-3.637267,
10:11:00.356,2,-3.707044,1.386528,-1.782559,
10:11:00.438,1,-2.017002,1.51455,-3.680878,
10:11:00.438,2,-3.742853,1.385292,-1.858079,
10:11:00.521,1,-2.064056,1.513882,-3.711989,
10:11:00.522,2,-3.773483,1.386836,-1.906675,
10:11:00.605,1,-2.150562,1.51384,-3.736137,
10:11:00.605,2,-3.834876,1.38661,-2.00014,
10:11:00.688,1,-2.166913,1.5153,-3.761673,
10:11:00.688,2,-3.881458,1.382261,-2.061144,
10:11:00.771,1,-2.191905,1.515333,-3.74938,
10:11:00.772,2,-3.987209,1.381835,-2.163109,
10:11:00.855,1,-2.198835,1.515373,-3.747684,
10:11:00.855,2,-4.063116,1.380556,-2.254383,
10:11:00.940,1,-2.259543,1.51572,-3.74182,
10:11:00.941,2,-4.115858,1.379799,-2.302163,
10:11:01.039,1,-2.262972,1.516124,-3.723231,
10:11:01.039,2,-4.139633,1.380408,-2.364389,
10:11:01.121,1,-2.295825,1.516067,-3.694501,
10:11:01.121,2,-4.108127,1.379398,-2.431958,
10:11:01.206,1,-2.352772,1.516675,-3.654383,
10:11:01.206,2,-4.134811,1.38635,-2.445617,
10:11:01.288,1,-2.402567,1.517342,-3.558727,
10:11:01.373,1,-2.43428,1.386317,-3.496048,
10:11:01.472,1,-2.536191,1.517927,-3.448511,
10:11:01.555,1,-2.598966,1.387565,-3.388035,
10:11:01.638,1,-2.567196,1.517825,-3.325896,
10:11:01.740,1,-2.567735,1.389179,-3.303913,
10:11:01.821,1,-2.598808,1.517257,-3.249577,
10:11:01.905,1,-2.60204,1.390027,-3.234406,
10:11:01.988,1,-2.606156,1.518348,-3.224461,
10:11:02.090,1,-2.611521,1.377955,-3.21563,
10:11:02.189,1,-2.612022,1.516153,-3.214227,
10:11:02.289,1,-2.60577,1.379354,-3.220216,
10:11:02.371,1,-2.592069,1.515525,-3.242535,
10:11:02.457,1,-2.586865,1.382261,-3.264537,
10:11:02.538,1,-2.557064,1.505007,-3.306335,
10:11:02.621,1,-2.528162,1.381266,-3.331191,
10:11:02.707,1,-2.503095,1.501864,-3.387723,
10:11:02.788,1,-2.472771,1.376442,-3.427497,
10:11:02.938,1,-2.406407,1.501557,-3.445804,
10:11:03.039,1,-2.390661,1.37533,-3.470153,
10:11:03.121,1,-2.421439,1.500798,-3.582927,
10:11:03.288,1,-2.408872,1.374934,-3.603503,
10:11:03.374,1,-2.391654,1.50257,-3.625818,
10:11:03.473,1,-2.372022,1.375324,-3.646249,
10:11:03.555,1,-2.359873,1.503214,-3.660581,
10:11:03.705,1,-2.342671,1.375444,-3.676101,
10:11:03.788,1,-2.332449,1.503918,-3.686164,
10:11:03.871,1,-2.317228,1.374293,-3.705031,
10:11:03.955,1,-2.313825,1.505057,-3.718982,
10:11:04.038,1,-2.383507,1.374867,-3.763435,
10:11:04.123,1,-2.38446,1.507,-3.766379,
10:11:04.205,1,-2.388965,1.375173,-3.774351,
10:11:04.288,1,-2.39132,1.507351,-3.777085,
10:11:04.371,1,-2.395823,1.376104,-3.77886,
10:11:04.455,1,-2.398371,1.508256,-3.780009,
10:11:04.538,1,-2.401484,1.375281,-3.780204,
10:11:04.621,1,-2.403803,1.508878,-3.780662,
10:11:04.706,1,-2.404456,1.375324,-3.781067,
10:11:04.788,1,-2.40564,1.508857,-3.781303,
10:11:04.939,1,-2.407022,1.376446,-3.780042,
10:11:05.021,1,-2.332501,1.510106,-3.745802,
10:11:05.105,1,-2.329322,1.378423,-3.742422,
10:11:05.191,1,-2.319332,1.511011,-3.739964,
10:11:05.271,1,-2.22681,1.37514,-3.714585,
10:11:05.355,1,-2.226892,1.512322,-3.714987,
10:11:05.438,1,-2.227027,1.37488,-3.715021,
10:11:05.588,1,-2.228753,1.512012,-3.714733,
10:11:05.689,1,-2.228047,1.37609,-3.714113,
10:11:05.789,1,-2.228546,1.513204,-3.714332,
10:11:05.871,1,-2.226722,1.378696,-3.71346,
10:11:05.955,1,-2.225418,1.511378,-3.712911,
10:11:06.038,1,-2.224972,1.376311,-3.71267,
10:11:06.188,1,-2.224018,1.508931,-3.712104,
10:11:06.289,1,-2.223401,1.371748,-3.712022,
10:11:06.389,1,-2.22301,1.508542,-3.711913,
10:11:06.471,1,-2.222794,1.373317,-3.711763,
10:11:06.623,1,-2.222797,1.508306,-3.711633,
10:11:06.705,1,-2.224301,1.374823,-3.710445,
10:11:06.806,1,-2.309929,1.508083,-3.738338,
10:11:06.906,1,-2.308177,1.371673,-3.73812,
10:11:06.988,1,-2.307762,1.508583,-3.737418,
10:11:07.073,1,-2.307489,1.370713,-3.737377,
10:11:07.155,1,-2.223692,1.509676,-3.706182,
10:11:07.239,1,-2.223795,1.372644,-3.706199,
10:11:07.321,1,-2.226834,1.508263,-3.708624,
10:11:07.471,1,-2.227073,1.380873,-3.708601,
10:11:07.555,1,-2.311575,1.508184,-3.73383,
10:11:07.655,1,-2.311966,1.386321,-3.733494,
10:11:07.738,1,-2.312945,1.508158,-3.733269,
10:11:07.840,1,-2.311907,1.37998,-3.737914,
10:11:07.939,1,-2.22585,1.50823,-3.70555,
10:11:08.021,1,-2.225977,1.389845,-3.705814,
10:11:08.105,1,-2.226054,1.506256,-3.705906,
10:11:08.188,1,-2.225979,1.392089,-3.705777,
10:11:08.271,1,-2.225981,1.507454,-3.705775,
10:11:08.372,1,-2.225836,1.394597,-3.705471,
10:11:08.472,1,-2.225587,1.508541,-3.705246,
10:11:08.555,1,-2.225501,1.396116,-3.705184,
10:11:08.638,1,-2.225621,1.507589,-3.706003,
10:11:08.739,1,-2.225562,1.398669,-3.706252,
10:11:08.839,1,-2.22554,1.505738,-3.706577,
10:11:08.921,1,-2.225593,1.398637,-3.706714,
10:11:09.005,1,-2.225544,1.505097,-3.706713,
10:11:09.106,1,-2.225379,1.39749,-3.706571,
10:11:09.188,1,-2.225291,1.506717,-3.706141,
10:11:09.272,1,-2.225602,1.396693,-3.705642,
10:11:09.355,1,-2.312838,1.508878,-3.731367,
10:11:09.455,1,-2.312047,1.396053,-3.730902,
10:11:09.538,1,-2.31035,1.507577,-3.730265,
10:11:09.640,1,-2.307714,1.395202,-3.729574,
10:11:09.739,1,-2.229249,1.509498,-3.702099,
10:11:09.821,1,-2.228755,1.393923,-3.702153,
10:11:09.906,1,-2.228403,1.50937,-3.702347,
10:11:09.988,1,-2.228092,1.37666,-3.70262,
10:11:10.074,1,-2.227802,1.513184,-3.70272,
10:11:10.172,1,-2.227499,1.367284,-3.703095,
10:11:10.255,1,-2.227097,1.511877,-3.703233,
10:11:10.338,1,-2.227049,1.362316,-3.703316,
10:11:10.422,1,-2.227219,1.512048,-3.703485,
10:11:10.521,1,-2.227199,1.360171,-3.703739,
10:11:10.624,1,-2.227061,1.510515,-3.703744,
10:11:10.722,1,-2.227057,1.365991,-3.703969,
10:11:10.805,1,-2.226923,1.507101,-3.704011,
10:11:10.889,1,-2.226838,1.366095,-3.704098,
10:11:10.989,1,-2.22654,1.504282,-3.704389,
10:11:11.072,1,-2.226503,1.370386,-3.704498,
10:11:11.155,1,-2.226436,1.514253,-3.704613,
10:11:11.255,1,-2.225957,1.366554,-3.704602,
10:11:11.357,1,-2.225733,1.519878,-3.704739,
10:11:11.455,1,-2.225571,1.364068,-3.704996,
10:11:11.538,1,-2.225373,1.519313,-3.705018,
10:11:11.622,1,-2.225205,1.363079,-3.704935,
10:11:11.722,1,-2.22508,1.521786,-3.704946,
10:11:11.805,1,-2.225027,1.361412,-3.704983,
10:11:11.906,1,-2.225054,1.522385,-3.705024,
10:11:12.006,1,-2.225045,1.364061,-3.704904,
10:11:12.088,1,-2.224909,1.516142,-3.704715,
10:11:12.173,1,-2.224965,1.365948,-3.704843,
10:11:12.255,1,-2.225191,1.509055,-3.70526,
10:11:12.405,1,-2.225066,1.362667,-3.70524,
10:11:12.490,1,-2.224822,1.505245,-3.70503,
10:11:12.571,1,-2.224663,1.361643,-3.705037,
10:11:12.672,1,-2.224599,1.500849,-3.705013,
10:11:12.774,1,-2.224503,1.364797,-3.705113,
10:11:12.872,1,-2.22446,1.495606,-3.70521,
10:11:12.955,1,-2.224091,1.368633,-3.704992,
10:11:13.038,1,-2.223997,1.491738,-3.705009,
10:11:13.124,1,-2.223655,1.365057,-3.704851,
10:11:13.205,1,-2.223739,1.487182,-3.705378,
10:11:13.288,1,-2.223439,1.370982,-3.705114,
10:11:13.372,1,-2.223225,1.482268,-3.705104,
10:11:13.472,1,-2.223276,1.380927,-3.705481,
10:11:13.555,1,-2.223012,1.482902,-3.705876,
10:11:13.656,1,-2.22276,1.382686,-3.706276,
10:11:13.738,1,-2.222185,1.483017,-3.706617,
10:11:13.840,1,-2.22175,1.38328,-3.70669,
10:11:13.921,1,-2.221385,1.483863,-3.707136,
10:11:14.089,1,-2.22105,1.386118,-3.707495,
10:11:14.189,1,-2.220931,1.485139,-3.707862,
10:11:14.289,1,-2.220958,1.387502,-3.708226,
10:11:14.372,1,-2.221225,1.487892,-3.709435,
10:11:14.472,1,-2.221422,1.373939,-3.710406,
10:11:14.555,1,-2.220808,1.489799,-3.709894,
10:11:14.657,1,-2.220927,1.373767,-3.710345,
10:11:14.756,1,-2.22074,1.485016,-3.710337,
10:11:14.838,1,-2.22091,1.373846,-3.710529,
10:11:14.922,1,-2.22093,1.475798,-3.710539,
10:11:15.022,1,-2.221286,1.379845,-3.710556,
10:11:15.105,1,-2.221519,1.463645,-3.710711,
10:11:15.206,1,-2.221533,1.377352,-3.710493,
10:11:15.306,1,-2.221637,1.469369,-3.710471,
10:11:15.388,1,-2.221649,1.377965,-3.710244,
10:11:15.474,1,-2.221673,1.491935,-3.71024,
10:11:15.572,1,-2.221739,1.37641,-3.710158,
10:11:15.655,1,-2.22181,1.50531,-3.710004,
10:11:15.738,1,-2.221847,1.375234,-3.709981,
10:11:15.824,1,-2.221939,1.512971,-3.709515,
10:11:15.905,1,-2.222141,1.37588,-3.709218,
10:11:15.988,1,-2.22226,1.514998,-3.708816,
10:11:16.072,1,-2.222215,1.38039,-3.708735,
10:11:16.155,1,-2.222239,1.516584,-3.708701,
10:11:16.256,1,-2.2223,1.3814,-3.708337,
10:11:16.338,1,-2.222214,1.516798,-3.708145,
10:11:16.423,1,-2.222204,1.38402,-3.708085,
10:11:22.855,1,-2.232102,1.515371,-3.709055,
10:11:22.938,1,-2.232097,1.385156,-3.709042,
10:11:23.022,1,-2.232063,1.514247,-3.708919,
10:11:23.105,1,-2.232082,1.38625,-3.708872,
10:11:23.188,1,-2.231991,1.510885,-3.70861,
10:11:23.272,1,-2.232036,1.375889,-3.708608,
10:11:23.355,1,-2.232135,1.504376,-3.708675,
10:11:23.438,1,-2.232164,1.36907,-3.708682,
10:11:23.522,1,-2.232261,1.502593,-3.708732,
10:11:23.605,1,-2.232436,1.373235,-3.708888,
10:11:23.688,1,-2.232503,1.503783,-3.708869,
10:11:23.772,1,-2.232577,1.367369,-3.70889,
10:11:23.855,1,-2.232626,1.503786,-3.70886,
10:11:23.938,1,-2.232678,1.369303,-3.708858,
10:11:24.024,1,-2.23297,1.503274,-3.709045,
10:11:24.105,1,-2.233158,1.368946,-3.709203,
10:11:24.188,1,-2.233361,1.501725,-3.709422,
10:11:24.272,1,-2.233468,1.368799,-3.709529,
10:11:24.355,1,-2.233683,1.500794,-3.709813,
10:11:24.438,1,-2.233747,1.365996,-3.709902,
10:11:24.522,1,-2.233973,1.496811,-3.710141,
10:11:24.605,1,-2.234185,1.365763,-3.710288,
10:11:24.688,1,-2.313031,1.491729,-3.734853,
10:11:24.772,1,-2.31165,1.365926,-3.73347,
10:11:24.855,1,-2.308588,1.476243,-3.731622,
10:11:24.938,1,-2.30767,1.356251,-3.730918,
10:11:25.022,1,-2.307117,1.434485,-3.730096,
10:11:25.105,1,-2.306927,1.354747,-3.729902,
10:11:25.188,1,-2.306543,1.423143,-3.729655,
10:11:25.272,1,-2.307048,1.356868,-3.729919,
10:11:25.355,1,-2.307224,1.415041,-3.730154,
10:11:25.438,1,-2.307273,1.371487,-3.730318,
10:11:25.522,1,-2.307439,1.396779,-3.730674,
10:11:25.605,1,-2.235738,1.378524,-3.709018,
10:11:25.688,1,-2.311851,1.346722,-3.733766,
10:11:25.772,1,-2.311613,1.389623,-3.733673,
10:11:25.855,1,-2.310894,1.275203,-3.733467,
10:11:25.938,1,-2.312577,1.394641,-3.73446,
10:11:26.022,1,-2.3089,1.219134,-3.731491,
10:11:26.105,1,-2.308804,1.388541,-3.731619,
10:11:26.188,1,-2.308874,1.176966,-3.731772,
10:11:26.272,1,-2.308785,1.379513,-3.731884,
10:11:26.355,1,-2.235491,1.176049,-3.706319,
10:11:26.438,1,-2.31031,1.384459,-3.732433,
10:11:26.522,1,-2.2361,1.198607,-3.706627,
10:11:26.605,1,-2.2361,1.401033,-3.706646,
10:11:26.688,1,-2.236067,1.191136,-3.706652,
10:11:26.772,1,-2.236063,1.418912,-3.706769,
10:11:26.855,1,-2.235956,1.212806,-3.706792,
10:11:26.938,1,-2.235914,1.436107,-3.706835,
10:11:27.022,1,-2.235893,1.193314,-3.707088,
10:11:27.105,1,-2.23587,1.452334,-3.707263,
10:11:27.188,1,-2.235722,1.177693,-3.707316,
10:11:27.272,1,-2.235685,1.419323,-3.707365,
10:11:27.355,1,-2.23554,1.148594,-3.707405,
10:11:27.438,1,-2.235596,1.375615,-3.707708,
10:11:27.522,1,-2.235529,1.125503,-3.707782,
10:11:27.605,1,-2.235634,1.6069,-3.708057,
10:11:27.688,1,-2.235943,1.11385,-3.708509,
10:11:27.772,1,-2.23611,1.6069,-3.708777,
10:11:27.855,1,-2.239373,1.115374,-3.711565,
10:11:27.938,1,-2.342489,1.6069,-3.734666,
10:11:28.022,1,-2.348873,1.133121,-3.73449,
10:11:28.105,1,-2.353525,1.6069,-3.730654,
10:11:28.188,1,-2.307853,1.123299,-3.759314,
10:11:28.272,1,-2.286402,1.6069,-3.75187,
10:11:28.355,1,-2.295356,1.105656,-3.751099,
10:11:28.438,1,-2.296386,1.6069,-3.748822,
10:11:28.522,1,-2.301884,1.107541,-3.747652,
10:11:28.605,1,-2.304237,1.6069,-3.747501,
10:11:28.688,1,-2.345743,1.103407,-3.777527,
10:11:28.772,1,-2.347684,1.6069,-3.776817,
10:11:28.855,1,-2.320109,1.10019,-3.753541,
10:11:28.938,1,-2.321034,1.6069,-3.751645,
10:11:29.022,1,-2.319705,1.096162,-3.748804,
10:11:29.105,1,-2.324415,1.6069,-3.750424,
10:11:29.188,1,-2.327283,1.090496,-3.751757,
10:11:29.272,1,-2.326627,1.6069,-3.750526,
10:11:29.355,1,-2.332277,1.08133,-3.756198,
10:11:29.438,1,-2.328481,1.6069,-3.753737,
10:11:29.522,1,-2.319243,1.069709,-3.749064,
10:11:29.605,1,-2.316107,1.6069,-3.746065,
10:11:29.688,1,-2.297855,1.072114,-3.715238,
10:11:29.772,1,-2.318632,1.6069,-3.704117,
10:11:29.855,1,-2.319553,1.072672,-3.702198,
10:11:29.938,1,-2.317533,1.6069,-3.700557,
10:11:30.022,1,-2.306399,1.080984,-3.69709,
10:11:30.105,1,-2.299138,1.6069,-3.698127,
10:11:30.188,1,-2.283523,1.085803,-3.6981,
10:11:30.272,1,-2.218034,1.6069,-3.6881,
10:11:30.355,1,-2.219269,1.090789,-3.688211,
10:11:30.438,1,-2.219007,1.6069,-3.688514,
10:11:30.522,1,-2.217361,1.101228,-3.689904,
10:11:30.605,1,-2.216193,1.6069,-3.691176,
10:11:30.688,1,-2.214785,1.113083,-3.693073,
10:11:30.772,1,-2.213955,1.6069,-3.693534,
10:11:30.855,1,-2.212635,1.057724,-3.693779,
10:11:30.938,1,-2.212024,1.6069,-3.694539,
10:11:31.022,1,-2.285493,1.064098,-3.719638,
10:11:31.105,1,-2.209521,1.6069,-3.699726,
10:11:31.188,1,-2.210009,1.067541,-3.699604,
10:11:31.272,1,-2.209918,1.6069,-3.699612,
10:11:31.355,1,-2.209446,1.068692,-3.699694,
10:11:31.438,1,-2.208617,1.6069,-3.699906,
10:11:31.522,1,-2.207341,1.069589,-3.700109,
10:11:31.605,1,-2.206555,1.6069,-3.700234,
10:11:31.689,1,-2.20532,1.067286,-3.700998,
10:11:31.772,1,-2.204767,1.6069,-3.700897,
10:11:31.855,1,-2.204422,1.063492,-3.701325,
10:11:31.938,1,-2.203946,1.6069,-3.701277,
10:11:32.022,1,-2.20308,1.058761,-3.700916,
10:11:32.105,1,-2.202511,1.055159,-3.700643,
10:11:32.188,1,-2.201884,1.073087,-3.70082,
10:11:32.272,1,-2.201423,1.073689,-3.700883,
10:11:32.355,1,-2.200968,1.075587,-3.701057,
10:11:32.438,1,-2.200542,1.076052,-3.700842,
10:11:32.522,1,-2.200166,1.075696,-3.700669,
10:11:32.605,1,-2.200129,1.074419,-3.700543,
10:11:32.688,1,-2.200402,1.071955,-3.698975,
10:11:32.772,1,-2.202158,1.069881,-3.69642,
10:11:32.855,1,-2.248943,1.068282,-3.699697,
10:11:32.938,1,-2.261203,1.067153,-3.699964,
10:11:33.022,1,-2.2665,1.066641,-3.696583,
10:11:33.105,1,-2.271115,1.045619,-3.695985,
10:11:33.189,1,-2.275143,1.045612,-3.696826,
10:11:33.272,1,-2.246126,1.045947,-3.695435,
10:11:33.355,1,-2.272741,1.015211,-3.709347,
10:11:33.439,1,-2.223573,1.014337,-3.704565,
10:11:33.522,1,-2.211903,1.013839,-3.706783,
10:11:33.605,1,-2.201947,1.013082,-3.707642,
10:11:33.689,1,-2.191723,1.012503,-3.707406,
10:11:33.772,1,-2.186613,1.011323,-3.706909,
10:11:33.855,1,-2.182233,1.010919,-3.705162,
10:11:33.938,1,-2.181233,1.010647,-3.703962,
10:11:34.022,1,-2.181065,1.010777,-3.7015,
10:11:34.105,1,-2.181505,1.01099,-3.700845,
10:11:34.188,1,-2.182045,1.010774,-3.700864,
10:11:34.272,1,-2.183571,1.010244,-3.703311,
10:11:34.355,1,-2.183432,1.009834,-3.703911,
10:11:34.439,1,-2.185234,1.009462,-3.707353,
10:11:34.522,1,-2.187397,1.008178,-3.708004,
10:11:34.605,1,-2.189647,1.035555,-3.707379,
10:11:34.689,1,-2.193612,1.035604,-3.706868,
10:11:34.772,1,-2.194834,1.034959,-3.706525,
10:11:34.855,1,-2.196292,1.034908,-3.706244,
10:11:34.938,1,-2.197055,1.011304,-3.705869,
10:11:35.022,1,-2.197286,1.011428,-3.704629,
10:11:35.105,1,-2.197986,1.012298,-3.704775,
10:11:35.189,1,-2.197801,1.012353,-3.704065,
10:11:35.272,1,-2.197797,1.036358,-3.703811,
10:11:35.355,1,-2.19862,1.036132,-3.704007,
10:11:35.439,1,-2.199401,1.033832,-3.704454,
10:11:35.522,1,-2.200793,1.030944,-3.705179,
10:11:35.605,1,-2.202514,1.009135,-3.706079,
10:11:35.688,1,-2.205493,1.00888,-3.706926,
10:11:35.772,1,-2.206659,1.008629,-3.706409,
10:11:35.855,1,-2.20743,1.008487,-3.706122,
10:11:35.938,1,-2.297988,1.008412,-3.727914,
10:11:36.022,1,-2.20511,1.00827,-3.699723,
10:11:36.105,1,-2.205097,1.008176,-3.699563,
10:11:36.188,1,-2.205068,1.008065,-3.699291,
10:11:36.272,1,-2.20503,1.007119,-3.699151,
10:11:36.355,1,-2.205086,1.006641,-3.699846,
10:11:36.439,1,-2.205061,1.006066,-3.70053,
10:11:36.522,1,-2.204549,1.005841,-3.70124,
10:11:36.605,1,-2.204305,1.005754,-3.70219,
10:11:36.689,1,-2.204099,1.005697,-3.703201,
10:11:36.772,1,-2.203994,1.005823,-3.703644,
10:11:36.855,1,-2.204029,1.006268,-3.7042,
10:11:36.938,1,-2.204184,1.028935,-3.70437,
10:11:37.022,1,-2.204553,1.028727,-3.704223,
10:11:37.105,1,-2.204756,1.028297,-3.703428,
10:11:37.188,1,-2.204657,1.027541,-3.702348,
10:11:37.272,1,-2.204718,1.007778,-3.701994,
10:11:37.355,1,-2.204814,1.007624,-3.701789,
10:11:37.439,1,-2.204962,1.007412,-3.701764,
10:11:37.522,1,-2.205009,1.007411,-3.7014,
10:11:37.605,1,-2.205279,1.007406,-3.701591,
10:11:37.689,1,-2.205242,1.007323,-3.70095,
10:11:37.772,1,-2.205292,1.007424,-3.700541,
10:11:37.855,1,-2.206199,1.00744,-3.700674,
10:11:37.939,1,-2.206588,1.007699,-3.700748,
10:11:38.022,1,-2.207,1.007639,-3.70066,
10:11:38.105,1,-2.207325,1.007788,-3.700594,
10:11:38.189,1,-2.207673,1.007803,-3.700472,
10:11:38.272,1,-2.207783,1.007813,-3.700477,
10:11:38.355,1,-2.207933,1.007744,-3.700398,
10:11:38.439,1,-2.208063,1.00752,-3.700496,
10:11:38.522,1,-2.208165,1.007606,-3.700409,
10:11:38.605,1,-2.20823,1.007559,-3.700378,
10:11:38.689,1,-2.208325,1.007429,-3.700412,
10:11:38.772,1,-2.208398,1.007225,-3.700439,
10:11:38.855,1,-2.208691,1.006984,-3.700622,
10:11:38.939,1,-2.208889,1.006687,-3.700757,
10:11:39.022,1,-2.209263,1.006548,-3.701078,
10:11:39.105,1,-2.209501,1.006429,-3.701333,
10:11:39.189,1,-2.210017,1.006341,-3.701646,
10:11:39.272,1,-2.21044,1.00631,-3.701899,
10:11:39.355,1,-2.210758,1.006363,-3.702075,
10:11:39.438,1,-2.211329,1.006441,-3.702903,
10:11:39.522,1,-2.211322,1.006345,-3.702819,
10:11:39.605,1,-2.211251,1.006246,-3.702616,
10:11:39.688,1,-2.211147,1.005979,-3.702311,
10:11:39.772,1,-2.210945,1.005852,-3.702058,
10:11:39.855,1,-2.210247,1.005703,-3.701272,
10:11:39.939,1,-2.209711,1.005668,-3.700865,
10:11:40.022,1,-2.209151,1.005503,-3.700953,
10:11:40.105,1,-2.209006,1.005393,-3.700914,
10:11:40.188,1,-2.208684,1.005191,-3.701122,
10:11:40.272,1,-2.208441,1.005152,-3.700936,
10:11:40.355,1,-2.208334,1.005209,-3.70086,
10:11:40.439,1,-2.208159,1.005033,-3.700671,
10:11:40.522,1,-2.207931,1.005098,-3.700283,
10:11:40.605,1,-2.207906,1.005032,-3.700276,
10:11:40.689,1,-2.207782,1.005095,-3.700081,
10:11:40.772,1,-2.207777,1.004907,-3.70005,
10:11:40.855,1,-2.207733,1.00466,-3.699947,
10:11:40.938,1,-2.207781,1.004124,-3.699828,
10:11:41.022,1,-2.207852,1.003793,-3.699678,
10:11:41.105,1,-2.207949,1.00351,-3.69966,
10:11:41.189,1,-2.208088,1.003356,-3.699563,
10:11:41.272,1,-2.2082,1.003301,-3.699522,
10:11:41.355,1,-2.208265,1.003897,-3.699259,
10:11:41.438,1,-2.208253,1.003956,-3.699069,
10:11:41.522,1,-2.208401,1.003874,-3.698742,
10:11:41.605,1,-2.208441,1.004264,-3.698645,
10:11:41.689,1,-2.208514,1.00425,-3.698267,
10:11:41.772,1,-2.208687,1.004152,-3.698206,
10:11:41.855,1,-2.209063,1.004165,-3.698348,
10:11:41.939,1,-2.209111,1.004174,-3.698282,
10:11:42.022,1,-2.209243,1.004449,-3.698052,
10:11:42.105,1,-2.209368,1.00434,-3.697972,
10:11:42.189,1,-2.210388,1.00441,-3.698913,
10:11:42.272,1,-2.210635,1.0044,-3.698912,
10:11:42.355,1,-2.21083,1.004458,-3.698606,
10:11:42.439,1,-2.210817,1.00443,-3.698456,
10:11:42.522,1,-2.210885,1.004424,-3.698336,
10:11:42.605,1,-2.210858,1.004504,-3.69816,
10:11:42.689,1,-2.210777,1.004528,-3.697751,
10:11:42.772,1,-2.210734,1.005014,-3.697508,
10:11:42.855,1,-2.210725,1.00536,-3.69736,
10:11:42.939,1,-2.210645,1.005822,-3.697225,
10:11:43.022,1,-2.210764,1.005667,-3.697387,
10:11:43.105,1,-2.211325,1.005652,-3.698261,
10:11:43.189,1,-2.211265,1.00582,-3.697852,
10:11:43.272,1,-2.211284,1.00577,-3.697795,
10:11:43.355,1,-2.211496,1.005736,-3.698034,
10:11:43.439,1,-2.211531,1.010209,-3.698085,
10:11:43.522,1,-2.211742,1.01017,-3.698205,
10:11:43.605,1,-2.211863,1.010119,-3.698264,
10:11:43.689,1,-2.211912,1.010116,-3.69826,
10:11:43.772,1,-2.211933,1.010002,-3.698236,
10:11:43.855,1,-2.212221,1.010044,-3.698481,
10:11:43.939,1,-2.212366,1.010102,-3.698611,
10:11:44.022,1,-2.212785,1.010122,-3.69892,
10:11:44.105,1,-2.213143,1.010169,-3.699056,
10:11:44.189,1,-2.300632,1.010189,-3.720634,
10:11:44.272,1,-2.300678,1.010241,-3.720436,
10:11:44.355,1,-2.297329,1.010279,-3.71716,
10:11:44.439,1,-2.294167,1.010313,-3.7151,
10:11:44.522,1,-2.22197,1.010342,-3.691857,
10:11:44.605,1,-2.22187,1.010437,-3.691889,
10:11:44.689,1,-2.221338,1.010524,-3.692594,
10:11:44.772,1,-2.220929,1.010626,-3.693309,
10:11:44.855,1,-2.220068,1.010697,-3.694158,
10:11:44.939,1,-2.21924,1.010876,-3.694424,
10:11:45.022,1,-2.218188,1.011005,-3.694827,
10:11:45.105,1,-2.217803,1.011173,-3.694926,
10:11:45.189,1,-2.217447,1.011214,-3.694888,
10:11:45.272,1,-2.217436,1.030632,-3.694849,
10:11:45.355,1,-2.217433,1.031074,-3.694916,
10:11:45.439,1,-2.217378,1.03208,-3.694945,
10:11:45.522,1,-2.217242,1.032459,-3.695021,
10:11:45.605,1,-2.217157,1.032539,-3.695033,
10:11:45.689,1,-2.217021,1.032501,-3.694971,
10:11:45.772,1,-2.21692,1.032413,-3.69497,
10:11:45.855,1,-2.216695,1.032302,-3.694749,
10:11:45.939,1,-2.216631,1.032317,-3.694726,
10:11:46.022,1,-2.21659,1.032345,-3.694733,
10:11:46.105,1,-2.216503,1.032525,-3.694707,
10:11:46.189,1,-2.216308,1.012517,-3.694675,
10:11:46.272,1,-2.215974,1.03168,-3.694546,
10:11:46.355,1,-2.215605,1.031843,-3.694449,
10:11:46.439,1,-2.215372,1.031862,-3.694399,
10:11:46.522,1,-2.215098,1.031711,-3.694285,
10:11:46.605,1,-2.215038,1.032158,-3.694237,
10:11:46.689,1,-2.214936,1.032069,-3.694192,
10:11:46.772,1,-2.214886,1.032034,-3.694156,
10:11:46.855,1,-2.214855,1.031799,-3.69413,
10:11:46.939,1,-2.214798,1.010819,-3.694008,
10:11:47.022,1,-2.214787,1.030821,-3.693922,
10:11:47.105,1,-2.214743,1.011812,-3.693843,
10:11:47.189,1,-2.214575,1.011799,-3.693582,
10:11:47.272,1,-2.214526,1.01179,-3.693373,
10:11:47.355,1,-2.214602,1.011671,-3.693104,
10:11:47.439,1,-2.214564,1.011525,-3.692734,
10:11:47.522,1,-2.214795,1.011454,-3.692567,
10:11:47.605,1,-2.215,1.011267,-3.692437,
10:11:47.689,1,-2.215393,1.01116,-3.691919,
10:11:47.772,1,-2.215665,1.011139,-3.691212,
10:11:47.855,1,-2.216105,1.011112,-3.690738,
10:11:47.939,1,-2.216498,1.011038,-3.690584,
10:11:48.022,1,-2.217195,1.011091,-3.690386,
10:11:48.105,1,-2.217927,1.011121,-3.690252,
10:11:48.189,1,-2.218852,1.011176,-3.690202,
10:11:48.272,1,-2.219623,1.011147,-3.690018,
10:11:48.355,1,-2.286287,1.011355,-3.710108,
10:11:48.439,1,-2.285875,1.013101,-3.709791,
10:11:48.522,1,-2.285259,1.02259,-3.709355,
10:11:48.605,1,-2.223483,1.020957,-3.689641,
10:11:48.689,1,-2.287261,1.021285,-3.706858,
10:11:48.772,1,-2.287148,1.071098,-3.706784,
10:11:48.855,1,-2.287106,1.050975,-3.70657,
10:11:48.939,1,-2.286853,1.055922,-3.706368,
10:11:49.022,1,-2.286651,1.045947,-3.70616,
10:11:49.105,1,-2.287062,1.037377,-3.706342,
10:11:49.189,1,-2.287387,1.036324,-3.70655,
10:11:49.272,1,-2.287545,1.065463,-3.706652,
10:11:49.355,1,-2.224342,1.067155,-3.68886,
10:11:49.439,1,-2.290389,1.030505,-3.707138,
10:11:49.522,1,-2.290261,1.031741,-3.706986,
10:11:49.605,1,-2.29009,1.038291,-3.707025,
10:11:49.689,1,-2.290227,1.044579,-3.707022,
10:11:49.772,1,-2.224072,1.044352,-3.689806,
10:11:49.855,1,-2.289126,1.042371,-3.706935,
10:11:49.939,1,-2.2891,1.051277,-3.706782,
10:11:50.022,1,-2.287778,1.056147,-3.704682,
10:11:50.105,1,-2.287895,1.052414,-3.704783,
10:11:50.189,1,-2.287814,1.051826,-3.704798,
10:11:50.272,1,-2.287636,1.055247,-3.704946,
10:11:50.355,1,-2.28759,1.042707,-3.706186,
10:11:50.439,1,-2.286974,1.040903,-3.705996,
10:11:50.522,1,-2.286961,1.040746,-3.70603,
10:11:50.605,1,-2.286954,1.040599,-3.70607,
10:11:50.689,1,-2.286555,1.040806,-3.705843,
10:11:50.772,1,-2.285804,1.040666,-3.705666,
10:11:50.855,1,-2.285571,1.03157,-3.706023,
10:11:50.939,1,-2.285577,1.031612,-3.705943,
10:11:51.022,1,-2.282551,1.031645,-3.706065,
10:11:51.105,1,-2.224605,1.031707,-3.690215,
10:11:51.189,1,-2.288582,1.031604,-3.707433,
10:11:51.272,1,-2.223417,1.032236,-3.688478,
10:11:51.355,1,-2.283981,1.032146,-3.706242,
10:11:51.439,1,-2.224586,1.032323,-3.689152,
10:11:51.522,1,-2.224535,1.032306,-3.689088,
10:11:51.605,1,-2.224629,1.046986,-3.688679,
10:11:51.689,1,-2.285715,1.03164,-3.706803,
10:11:51.772,1,-2.285534,1.032878,-3.706684,
10:11:51.855,1,-2.224625,1.032682,-3.690112,
10:11:51.939,1,-2.224621,1.032039,-3.690072,
10:11:52.022,1,-2.224598,1.030502,-3.689997,
10:11:52.105,1,-2.224609,1.029467,-3.689919,
10:11:52.189,1,-2.224935,1.028937,-3.689591,
10:11:52.272,1,-2.224514,1.027152,-3.68904,
10:11:52.355,1,-2.285779,1.026827,-3.707681,
10:11:52.439,1,-2.224509,1.026013,-3.691002,
10:11:52.522,1,-2.286939,1.025621,-3.706959,
10:11:52.605,1,-2.224059,1.025126,-3.689517,
10:11:52.689,1,-2.288493,1.024699,-3.708115,
10:11:52.772,1,-2.223905,1.023842,-3.68965,
10:11:52.855,1,-2.28821,1.023309,-3.707208,
10:11:52.939,1,-2.223814,1.022737,-3.689412,
10:11:53.022,1,-2.288829,1.022527,-3.708957,
10:11:53.105,1,-2.224184,1.022104,-3.688649,
10:11:53.189,1,-2.286357,1.021922,-3.706313,
10:11:53.272,1,-2.287044,1.022394,-3.706586,
10:11:53.355,1,-2.287401,1.024108,-3.706866,
10:11:53.439,1,-2.287375,1.037598,-3.706945,
10:11:53.522,1,-2.291065,1.038152,-3.70893,
10:11:53.605,1,-2.290236,1.038373,-3.708444,
10:11:53.689,1,-2.289863,1.037948,-3.707567,
10:11:53.772,1,-2.224281,1.037418,-3.689273,
10:11:53.855,1,-2.288411,1.035042,-3.708067,
10:11:53.939,1,-2.288106,1.03754,-3.707856,
10:11:54.022,1,-2.289979,1.03483,-3.707748,
10:11:54.105,1,-2.288525,1.031814,-3.706865,
10:11:54.189,1,-2.22443,1.027821,-3.688631,
10:11:54.272,1,-2.288594,1.02419,-3.707428,
10:11:54.355,1,-2.222739,1.02265,-3.68625,
10:11:54.439,1,-2.28601,1.021483,-3.706353,
10:11:54.522,1,-2.286781,1.021203,-3.705598,
10:11:54.605,1,-2.286409,1.021484,-3.706193,
10:11:54.689,1,-2.286814,1.02179,-3.706471,
10:11:54.772,1,-2.287267,1.022246,-3.706616,
10:11:54.855,1,-2.223975,1.022506,-3.688817,
10:11:54.939,1,-2.282404,1.022605,-3.705592,
10:11:55.022,1,-2.224655,1.021296,-3.690567,
10:11:55.105,1,-2.223452,1.022555,-3.688658,
10:11:55.189,1,-2.281761,1.024157,-3.7066,
10:11:55.272,1,-2.224123,1.026113,-3.688849,
10:11:55.355,1,-2.224807,1.026174,-3.688132,
10:11:55.439,1,-2.287847,1.025163,-3.706739,
10:11:55.522,1,-2.287742,1.024873,-3.706658,
10:11:55.605,1,-2.283916,1.02366,-3.703886,
10:11:55.689,1,-2.224135,1.02334,-3.688001,
10:11:55.772,1,-2.224136,1.023022,-3.687986,
10:11:55.855,1,-2.282339,1.022994,-3.703214,
10:11:55.939,1,-2.28895,1.023262,-3.706996,
10:11:56.022,1,-2.287153,1.023729,-3.706236,
10:11:56.105,1,-2.287106,1.024647,-3.706287,
10:11:56.189,1,-2.22398,1.025753,-3.688012,
10:11:56.272,1,-2.287749,1.026714,-3.707263,
10:11:56.355,1,-2.223644,1.027705,-3.68833,
10:11:56.439,1,-2.284948,1.028069,-3.708156,
10:11:56.522,1,-2.2829,1.050649,-3.706026,
10:11:56.605,1,-2.283977,1.028264,-3.706929,
10:11:56.689,1,-2.286907,1.028099,-3.706638,
10:11:56.772,1,-2.224047,1.027999,-3.688179,
10:11:56.855,1,-2.223635,1.027955,-3.687301,
10:11:56.939,1,-2.22426,1.027014,-3.68928,
10:11:57.022,1,-2.287666,1.026583,-3.707023,
10:11:57.106,1,-2.287127,1.026474,-3.706867,
10:11:57.189,1,-2.286429,1.025547,-3.706971,
10:11:57.272,1,-2.286309,1.024818,-3.706849,
10:11:57.355,1,-2.22347,1.024703,-3.688024,
10:11:57.439,1,-2.282476,1.024258,-3.707876,
10:11:57.522,1,-2.223333,1.024179,-3.687665,
10:11:57.605,1,-2.285052,1.024703,-3.707454,
10:11:57.689,1,-2.288707,1.025554,-3.707171,
10:11:57.772,1,-2.27987,1.026368,-3.706917,
10:11:57.855,1,-2.287673,1.026668,-3.706017,
10:11:57.939,1,-2.287637,1.026901,-3.706001,
10:11:58.022,1,-2.225071,1.026972,-3.687833,
10:11:58.106,1,-2.225062,1.027283,-3.687873,
10:11:58.189,1,-2.285852,1.027187,-3.704918,
10:11:58.272,1,-2.224613,1.027664,-3.688469,
10:11:58.355,1,-2.284771,1.027987,-3.704147,
10:11:58.439,1,-2.28487,1.028806,-3.704261,
10:11:58.522,1,-2.223637,1.028836,-3.686911,
10:11:58.606,1,-2.223687,1.028979,-3.686958,
10:11:58.689,1,-2.288986,1.029093,-3.706166,
10:11:58.772,1,-2.28061,1.029189,-3.704365,
10:11:58.856,1,-2.22556,1.029171,-3.687792,
10:11:58.939,1,-2.28574,1.029287,-3.704377,
10:11:59.022,1,-2.224278,1.029253,-3.687757,
10:11:59.106,1,-2.285738,1.029318,-3.706852,
10:11:59.188,1,-2.285926,1.029428,-3.706829,
10:11:59.272,1,-2.286278,1.029507,-3.706851,
10:11:59.355,1,-2.28625,1.029551,-3.706715,
10:11:59.439,1,-2.286472,1.029619,-3.706695,
10:11:59.522,1,-2.28657,1.029749,-3.706763,
10:11:59.606,1,-2.286559,1.02998,-3.706794,
10:11:59.689,1,-2.286614,1.030111,-3.706618,
10:11:59.772,1,-2.286719,1.030601,-3.706724,
10:11:59.855,1,-2.28674,1.030848,-3.706783,
10:11:59.939,1,-2.285704,1.031008,-3.706587,
10:12:00.022,1,-2.287298,1.030499,-3.706912,
10:12:00.106,1,-2.285627,1.030545,-3.706195,
10:12:00.189,1,-2.224205,1.03059,-3.690563,
10:12:00.272,1,-2.224611,1.030689,-3.690197,
10:12:00.355,1,-2.226813,1.030677,-3.691386,
10:12:00.439,1,-2.223303,1.030423,-3.687557,
10:12:00.522,1,-2.284883,1.030111,-3.708198,
10:12:00.606,1,-2.224891,1.02849,-3.690188,
10:12:00.689,1,-2.289759,1.028331,-3.706082,
10:12:00.772,1,-2.287042,1.027551,-3.707402,
10:12:00.856,1,-2.286852,1.027556,-3.707384,
10:12:00.939,1,-2.224948,1.02747,-3.690867,
10:12:01.022,1,-2.224193,1.027483,-3.689911,
10:12:01.105,1,-2.287548,1.027693,-3.706592,
10:12:01.189,1,-2.281846,1.027675,-3.702797,
10:12:01.272,1,-2.285637,1.027617,-3.705685,
10:12:01.356,1,-2.224971,1.027624,-3.68882,
10:12:01.439,1,-2.224518,1.027542,-3.687708,
10:12:01.522,1,-2.28778,1.027717,-3.706974,
10:12:01.606,1,-2.223891,1.027835,-3.687244,
10:12:01.689,1,-2.22398,1.027912,-3.687392,
10:12:01.778,1,-2.22405,1.028085,-3.687487,
10:12:01.872,1,-2.227779,1.028126,-3.687901,
10:12:01.956,1,-2.227368,1.028347,-3.687884,
10:12:02.039,1,-2.279114,1.028451,-3.702015,
10:12:02.122,1,-2.226175,1.028604,-3.689357,
10:12:02.206,1,-2.279227,1.028648,-3.702754,
10:12:02.289,1,-2.284546,1.028904,-3.703548,
10:12:02.372,1,-2.224383,1.028965,-3.687557,
10:12:02.456,1,-2.224974,1.02881,-3.687925,
10:12:02.539,1,-2.224959,1.028832,-3.68789,
10:12:02.622,1,-2.224184,1.028965,-3.686979,
10:12:02.706,1,-2.285796,1.029059,-3.704417,
10:12:02.789,1,-2.232193,1.02845,-3.691258,
10:12:02.872,1,-2.230343,1.028418,-3.690353,
10:12:02.956,1,-2.228846,1.028463,-3.689374,
10:12:03.039,1,-2.228099,1.028524,-3.688984,
10:12:03.122,1,-2.227671,1.028513,-3.689039,
10:12:03.206,1,-2.278302,1.028555,-3.703275,
10:12:03.289,1,-2.225466,1.028799,-3.688827,
10:12:03.372,1,-2.225484,1.028921,-3.688949,
10:12:03.455,1,-2.225512,1.029003,-3.690907,
10:12:03.539,1,-2.225493,1.028982,-3.690837,
10:12:03.622,1,-2.225463,1.028812,-3.690688,
10:12:03.706,1,-2.282735,1.028136,-3.70627,
10:12:03.789,1,-2.224845,1.02846,-3.688845,
10:12:03.872,1,-2.22483,1.028511,-3.688777,
10:12:03.956,1,-2.224842,1.028627,-3.688752,
10:12:04.039,1,-2.277262,1.028693,-3.702862,
10:12:04.122,1,-2.226677,1.029076,-3.686632,
10:12:04.206,1,-2.22654,1.029182,-3.686577,
10:12:04.289,1,-2.22636,1.029408,-3.68643,
10:12:04.372,1,-2.229299,1.029616,-3.689349,
10:12:04.456,1,-2.228372,1.029791,-3.688715,
10:12:04.539,1,-2.227624,1.029847,-3.688095,
10:12:04.622,1,-2.227108,1.03017,-3.687821,
10:12:04.706,1,-2.229459,1.030477,-3.690065,
10:12:04.789,1,-2.22867,1.047423,-3.689735,
10:12:04.872,1,-2.228117,1.047427,-3.689317,
10:12:04.956,1,-2.22587,1.04639,-3.688459,
10:12:05.039,1,-2.225818,1.045606,-3.688367,
10:12:05.122,1,-2.225767,1.031811,-3.688316,
10:12:05.206,1,-2.283448,1.031738,-3.704237,
10:12:05.289,1,-2.224762,1.03132,-3.686703,
10:12:05.372,1,-2.224803,1.030711,-3.686805,
10:12:05.456,1,-2.224868,1.029941,-3.686965,
10:12:05.539,1,-2.22482,1.029599,-3.686957,
10:12:05.622,1,-2.224845,1.028707,-3.687265,
10:12:05.706,1,-2.22482,1.028441,-3.687398,
10:12:05.789,1,-2.22466,1.028122,-3.687504,
10:12:05.872,1,-2.22458,1.028033,-3.687648,
10:12:05.956,1,-2.224477,1.02792,-3.687684,
10:12:06.039,1,-2.224465,1.027879,-3.687674,
10:12:06.122,1,-2.224449,1.027836,-3.687678,
10:12:06.206,1,-2.22446,1.027769,-3.687657,
10:12:06.289,1,-2.224516,1.027828,-3.687687,
10:12:06.372,1,-2.224617,1.027775,-3.687681,
10:12:06.456,1,-2.224714,1.027827,-3.687589,
10:12:06.539,1,-2.224796,1.027824,-3.687483,
10:12:06.622,1,-2.224878,1.027843,-3.687453,
10:12:06.706,1,-2.224932,1.027897,-3.687481,
10:12:06.789,1,-2.225023,1.028007,-3.687701,
10:12:06.872,1,-2.228303,1.028255,-3.690519,
10:12:06.956,1,-2.227405,1.028559,-3.689892,
10:12:07.039,1,-2.221199,1.028735,-3.687012,
10:12:07.122,1,-2.220536,1.028868,-3.686566,
10:12:07.206,1,-2.220031,1.02896,-3.687026,
10:12:07.289,1,-2.218709,1.029027,-3.68666,
10:12:07.372,1,-2.32998,1.029037,-3.705963,
10:12:07.456,1,-2.234274,1.028999,-3.691635,
10:12:07.539,1,-2.322995,1.02902,-3.700356,
10:12:07.622,1,-2.325265,1.028972,-3.700022,
10:12:07.706,1,-2.32548,1.028923,-3.700022,
10:12:07.789,1,-2.326735,1.028903,-3.700779,
10:12:07.872,1,-2.330841,1.028817,-3.702706,
10:12:07.956,1,-2.334395,1.02867,-3.704098,
10:12:08.039,1,-2.338355,1.028582,-3.705329,
10:12:08.122,1,-2.339188,1.028403,-3.70563,
10:12:08.206,1,-2.341124,1.028427,-3.706487,
10:12:08.289,1,-2.34444,1.028508,-3.706367,
10:12:08.372,1,-2.344744,1.028556,-3.706726,
10:12:08.456,1,-2.345076,1.028512,-3.706904,
10:12:08.539,1,-2.345175,1.028528,-3.707082,
10:12:08.622,1,-2.345625,1.028514,-3.70752,
10:12:08.706,1,-2.346532,1.028636,-3.708122,
10:12:08.789,1,-2.347172,1.02871,-3.708424,
10:12:08.872,1,-2.413483,1.028872,-3.725174,
10:12:08.956,1,-2.353967,1.040127,-3.712662,
10:12:09.039,1,-2.352795,1.040218,-3.712063,
10:12:09.122,1,-2.359791,1.040145,-3.713848,
10:12:09.206,1,-2.383147,1.03018,-3.721351,
10:12:09.289,1,-2.356365,1.042054,-3.715774,
10:12:09.372,1,-2.387927,1.042052,-3.722822,
10:12:09.456,1,-2.391039,1.041978,-3.724156,
10:12:09.539,1,-2.391796,1.04167,-3.724489,
10:12:09.622,1,-2.35114,1.041538,-3.716829,
10:12:09.706,1,-2.386754,1.041536,-3.725195,
10:12:09.789,1,-2.388615,1.041527,-3.724768,
10:12:09.872,1,-2.388549,1.041432,-3.724789,
10:12:09.956,1,-2.370319,1.031178,-3.71963,
10:12:10.039,1,-2.383343,1.042428,-3.72318,
10:12:10.122,1,-2.390358,1.042318,-3.723509,
10:12:10.206,1,-2.402206,1.042184,-3.725311,
10:12:10.289,1,-2.375444,1.042187,-3.719298,
10:12:10.372,1,-2.374321,1.029669,-3.719971,
10:12:10.456,1,-2.389579,1.042804,-3.722946,
10:12:10.539,1,-2.389417,1.042608,-3.722927,
10:12:10.622,1,-2.373437,1.041652,-3.719078,
10:12:10.706,1,-2.374634,1.041605,-3.719728,
10:12:10.789,1,-2.379507,1.041489,-3.718787,
10:12:10.872,1,-2.427691,1.04124,-3.726981,
10:12:10.956,1,-2.397223,1.040222,-3.724148,
10:12:11.039,1,-2.397396,1.040106,-3.724185,
10:12:11.122,1,-2.39755,1.040127,-3.724289,
10:12:11.206,1,-2.38276,1.040211,-3.721418,
10:12:11.289,1,-2.381207,1.040136,-3.721127,
10:12:11.372,1,-2.362917,1.039941,-3.716937,
10:12:11.456,1,-2.360339,1.041216,-3.715878,
10:12:11.539,1,-2.360142,1.041184,-3.715743,
10:12:11.622,1,-2.359805,1.039604,-3.715129,
10:12:11.706,1,-2.375114,1.030244,-3.717752,
10:12:11.789,1,-2.375619,1.040096,-3.71775,
10:12:11.872,1,-2.362691,1.030818,-3.71466,
10:12:11.956,1,-2.413724,1.038637,-3.722849,
10:12:12.039,1,-2.354812,1.030407,-3.711997,
10:12:12.122,1,-2.423597,1.030426,-3.725086,
10:12:12.206,1,-2.392773,1.031917,-3.720457,
10:12:12.289,1,-2.379205,1.040137,-3.717415,
10:12:12.372,1,-2.378214,1.039968,-3.717397,
10:12:12.456,1,-2.382812,1.028776,-3.718622,
10:12:12.539,1,-2.371083,1.028826,-3.716492,
10:12:12.622,1,-2.376419,1.028933,-3.719009,
10:12:12.706,1,-2.376647,1.029092,-3.719677,
10:12:12.789,1,-2.399164,1.030246,-3.723944,
10:12:12.872,1,-2.405252,1.030753,-3.724471,
10:12:12.956,1,-2.344483,1.039052,-3.711055,
10:12:13.039,1,-2.227753,1.02911,-3.690116,
10:12:13.122,1,-2.227911,1.039758,-3.689835,
10:12:13.206,1,-2.318437,1.03064,-3.700125,
10:12:13.289,1,-2.316985,1.039293,-3.699553,
10:12:13.372,1,-2.314567,1.030027,-3.698807,
10:12:13.456,1,-2.306983,1.039561,-3.697983,
10:12:13.539,1,-2.306559,1.029352,-3.698687,
10:12:13.622,1,-2.307894,1.040039,-3.70282,
10:12:13.706,1,-2.308763,1.029793,-3.706654,
10:12:13.789,1,-2.311941,1.038516,-3.712773,
10:12:13.872,1,-2.312772,1.038687,-3.715894,
10:12:13.956,1,-2.312475,1.038778,-3.717105,
10:12:14.039,1,-2.310903,1.038717,-3.71748,
10:12:14.122,1,-2.262873,1.040353,-3.714936,
10:12:14.206,1,-2.296725,1.040074,-3.70884,
10:12:14.289,1,-2.308433,1.039106,-3.698627,
10:12:14.372,1,-2.317601,1.029572,-3.686666,
10:12:14.456,1,-2.338742,1.038778,-3.664372,
10:12:14.539,1,-2.355817,1.038726,-3.64779,
10:12:14.622,1,-2.383303,1.039872,-3.608,
10:12:14.706,1,-2.39054,1.039888,-3.580633,
10:12:14.789,1,-2.39146,1.030179,-3.540778,
10:12:14.872,1,-2.39046,1.040035,-3.516858,
10:12:14.956,1,-2.382122,1.029532,-3.506431,
10:12:15.039,1,-2.380278,1.038238,-3.500977,
10:12:15.122,1,-2.364796,1.039427,-3.462725,
10:12:15.206,1,-2.375889,1.03742,-3.461098,
10:12:15.289,1,-2.376556,1.037788,-3.44169,
10:12:15.372,1,-2.386958,1.038066,-3.426724,
10:12:15.456,1,-2.395946,1.029289,-3.40717,
10:12:15.539,1,-2.403981,1.037836,-3.393926,
10:12:15.622,1,-2.411583,1.028485,-3.379282,
10:12:15.706,1,-2.42331,1.028831,-3.371813,
10:12:15.789,1,-2.424195,1.038318,-3.358606,
10:12:15.872,1,-2.418426,1.029258,-3.347921,
10:12:15.956,1,-2.405427,1.029453,-3.330389,
10:12:16.039,1,-2.384191,1.038463,-3.310829,
10:12:16.122,1,-2.371663,1.038522,-3.301405,
10:12:16.206,1,-2.362836,1.039025,-3.298638,
10:12:16.289,1,-2.355851,1.028999,-3.297836,
10:12:16.372,1,-2.354211,1.029057,-3.298879,
10:12:16.456,1,-2.354428,1.038359,-3.301513,
10:12:16.539,1,-2.356285,1.040345,-3.306436,
10:12:16.623,1,-2.371932,1.038898,-3.31761,
10:12:16.706,1,-2.381233,1.038964,-3.324735,
10:12:16.789,1,-2.388761,1.030447,-3.334514,
10:12:16.872,1,-2.392402,1.038915,-3.342105,
10:12:16.956,1,-2.397857,1.029555,-3.349374,
10:12:17.039,1,-2.399944,1.037881,-3.355016,
10:12:17.122,1,-2.400691,1.03746,-3.365749,
10:12:17.206,1,-2.400405,1.037972,-3.374965,
10:12:17.289,1,-2.399124,1.038896,-3.379467,
10:12:17.372,1,-2.39858,1.029926,-3.381435,
10:12:17.456,1,-2.398545,1.029114,-3.385531,
10:12:17.539,1,-2.398721,1.029705,-3.387184,
10:12:17.622,1,-2.398642,1.039239,-3.389695,
10:12:17.706,1,-2.397086,1.038964,-3.394509,
10:12:17.789,1,-2.396072,1.038757,-3.398261,
10:12:17.872,1,-2.395643,1.038657,-3.4003,
10:12:17.956,1,-2.395261,1.028358,-3.403692,
10:12:18.039,1,-2.394975,1.0363,-3.405626,
10:12:18.122,1,-2.395161,1.029522,-3.408477,
10:12:18.206,1,-2.395243,1.037512,-3.410154,
10:12:18.289,1,-2.395487,1.038791,-3.41234,
10:12:18.373,1,-2.395847,1.036412,-3.413983,
10:12:18.456,1,-2.396491,1.038799,-3.41616,
10:12:18.546,1,-2.396882,1.038794,-3.41705,
10:12:18.639,1,-2.397613,1.028258,-3.418592,
10:12:18.722,1,-2.398667,1.028276,-3.419684,
10:12:18.806,1,-2.399486,1.038456,-3.420322,
10:12:18.889,1,-2.400253,1.028735,-3.420999,
10:12:18.973,1,-2.401465,1.038093,-3.421585,
10:12:19.056,1,-2.403595,1.03801,-3.423029,
10:12:19.139,1,-2.406126,1.02868,-3.424153,
10:12:19.222,1,-2.409544,1.028734,-3.425929,
10:12:19.306,1,-2.412674,1.038427,-3.427116,
10:12:19.389,1,-2.416722,1.038827,-3.429447,
10:12:19.473,1,-2.418796,1.028762,-3.430221,
10:12:19.556,1,-2.422263,1.037599,-3.431867,
10:12:19.639,1,-2.424005,1.029158,-3.432627,
10:12:19.723,1,-2.426514,1.038008,-3.434,
10:12:19.806,1,-2.428276,1.038074,-3.434699,
10:12:19.889,1,-2.429846,1.0382,-3.435641,
10:12:19.972,1,-2.430532,1.038275,-3.435953,
10:12:20.056,1,-2.431213,1.038318,-3.43649,
10:12:20.139,1,-2.431854,1.038385,-3.43697,
10:12:20.222,1,-2.432371,1.038358,-3.437355,
10:12:20.306,1,-2.432642,1.037534,-3.4377,
10:12:20.389,1,-2.432807,1.037772,-3.437867,
10:12:20.472,1,-2.432854,1.03781,-3.438042,
10:12:20.556,1,-2.433075,1.038018,-3.438353,
10:12:20.639,1,-2.433077,1.038266,-3.438906,
10:12:20.723,1,-2.432591,1.038482,-3.439296,
10:12:20.806,1,-2.432019,1.028245,-3.439759,
10:12:20.889,1,-2.430107,1.029821,-3.440681,
10:12:20.973,1,-2.427699,1.029673,-3.441671,
10:12:21.056,1,-2.424453,1.028221,-3.442267,
10:12:21.139,1,-2.422177,1.036448,-3.442534,
10:12:21.223,1,-2.419303,1.029474,-3.44277,
10:12:21.306,1,-2.418022,1.038676,-3.442633,
10:12:21.389,1,-2.416591,1.038126,-3.442929,
10:12:21.473,1,-2.416019,1.038001,-3.44314,
10:12:21.556,1,-2.415288,1.027779,-3.443095,
10:12:21.639,1,-2.415135,1.028632,-3.443061,
10:12:21.722,1,-2.415116,1.038598,-3.443222,
10:12:21.806,1,-2.415112,1.040599,-3.443368,
10:12:21.889,1,-2.415178,1.037794,-3.443539,
10:12:21.973,1,-2.415119,1.029588,-3.443664,
10:12:22.056,1,-2.414808,1.029787,-3.443738,
10:12:22.139,1,-2.41473,1.036771,-3.443778,
10:12:22.223,1,-2.414346,1.02889,-3.444046,
10:12:22.306,1,-2.414277,1.028843,-3.444101,
10:12:22.389,1,-2.414052,1.028895,-3.44438,
10:12:22.473,1,-2.413867,1.03009,-3.444744,
10:12:22.556,1,-2.413795,1.030003,-3.445485,
10:12:22.639,1,-2.413803,1.038215,-3.445986,
10:12:22.723,1,-2.4138,1.028996,-3.447812,
10:12:22.806,1,-2.414121,1.038513,-3.448897,
10:12:22.889,1,-2.414737,1.037581,-3.44988,
10:12:22.973,1,-2.415031,1.029231,-3.450778,
10:12:23.056,1,-2.415519,1.028741,-3.452072,
10:12:23.139,1,-2.416066,1.028761,-3.452416,
10:12:23.223,1,-2.416673,1.02866,-3.45333,
10:12:23.306,1,-2.417169,1.036733,-3.453619,
10:12:23.389,1,-2.417807,1.030247,-3.45403,
10:12:23.473,1,-2.418209,1.030121,-3.454171,
10:12:23.556,1,-2.419214,1.030012,-3.454412,
10:12:23.639,1,-2.419861,1.030053,-3.454596,
10:12:23.722,1,-2.420537,1.029972,-3.455115,
10:12:23.806,1,-2.416971,1.038947,-3.444395,
10:12:23.889,1,-2.414901,1.030256,-3.438464,
10:12:23.973,1,-2.41812,1.030181,-3.432251,
10:12:24.056,1,-2.420306,1.029438,-3.429173,
10:12:24.139,1,-2.420939,1.029413,-3.428037,
10:12:24.223,1,-2.423765,1.029427,-3.428998,
10:12:24.306,1,-2.424748,1.037342,-3.429254,
10:12:24.389,1,-2.427087,1.029304,-3.430559,
10:12:24.473,1,-2.428031,1.029319,-3.430714,
10:12:24.556,1,-2.428651,1.029284,-3.428704,
10:12:24.639,1,-2.430297,1.037967,-3.427508,
10:12:24.723,1,-2.432829,1.029682,-3.424383,
10:12:24.806,1,-2.436247,1.029609,-3.410049,
10:12:24.889,1,-2.437059,1.029569,-3.412647,
10:12:24.972,1,-2.436844,1.029687,-3.414996,
10:12:25.056,1,-2.436414,1.02959,-3.410753,
10:12:25.139,1,-2.435266,1.029651,-3.414135,
10:12:25.222,1,-2.430845,1.029571,-3.417364,
10:12:25.306,1,-2.427332,1.02949,-3.420659,
10:12:25.389,1,-2.407976,1.029331,-3.396689,
10:12:25.473,1,-2.401367,1.029283,-3.391614,
10:12:25.556,1,-2.377075,1.028366,-3.38101,
10:12:25.639,1,-2.357667,1.028392,-3.37963,
10:12:25.723,1,-2.318548,1.028408,-3.388361,
10:12:25.806,1,-2.290817,1.037315,-3.410971,
10:12:25.889,1,-2.257909,1.0297,-3.420882,
10:12:25.973,1,-2.232572,1.029611,-3.42608,
10:12:26.056,1,-2.194937,1.029518,-3.434641,
10:12:26.139,1,-2.174133,1.029477,-3.43905,
10:12:26.223,1,-2.142268,1.02927,-3.450013,
10:12:26.306,1,-2.127585,1.029156,-3.46552,
10:12:26.389,1,-2.112994,1.029027,-3.47907,
10:12:26.473,1,-2.104565,1.028914,-3.485387,
10:12:26.556,1,-2.094142,1.028763,-3.490589,
10:12:26.639,1,-2.087483,1.028765,-3.493914,
10:12:26.723,1,-2.082137,1.028752,-3.496724,
10:12:26.806,1,-2.080386,1.028754,-3.498467,
10:12:26.889,1,-2.0798,1.028725,-3.499611,
10:12:26.973,1,-2.080035,1.028782,-3.500607,
10:12:27.056,1,-2.082572,1.028857,-3.502595,
10:12:27.139,1,-2.087617,1.029022,-3.503932,
10:12:27.223,1,-2.098994,1.029099,-3.50198,
10:12:27.306,1,-2.108571,1.029117,-3.497689,
10:12:27.389,1,-2.121813,1.02907,-3.492842,
10:12:27.473,1,-2.131343,1.02972,-3.487579,
10:12:27.556,1,-2.148047,1.029907,-3.470209,
10:12:27.639,1,-2.161259,1.029654,-3.454419,
10:12:27.722,1,-2.171884,1.029305,-3.449065,
10:12:27.806,1,-2.184022,1.028697,-3.441025,
10:12:27.889,1,-2.208163,1.028122,-3.45191,
10:12:27.973,1,-2.228563,1.050063,-3.437486,
10:12:28.056,1,-2.240635,1.024088,-3.434418,
10:12:28.139,1,-2.248324,1.042151,-3.429786,
10:12:28.223,1,-2.258022,1.040464,-3.424029,
10:12:28.306,1,-2.263492,1.040511,-3.418834,
10:12:28.389,1,-2.269636,1.040619,-3.415613,
10:12:28.473,1,-2.273375,1.041371,-3.413623,
10:12:28.556,1,-2.278518,1.041944,-3.411748,
10:12:28.639,1,-2.280205,1.04208,-3.411663,
10:12:28.723,1,-2.280221,1.042429,-3.418197,
10:12:28.806,1,-2.276091,1.042704,-3.42745,
10:12:28.889,1,-2.271607,1.041274,-3.421189,
10:12:28.973,1,-2.262954,1.041751,-3.423397,
10:12:29.056,1,-2.234764,1.041933,-3.427387,
10:12:29.139,1,-2.207738,1.041971,-3.443471,
10:12:29.223,1,-2.188862,1.042087,-3.444439,
10:12:29.306,1,-2.163638,1.042229,-3.452911,
10:12:29.389,1,-2.145028,1.042503,-3.437824,
10:12:29.473,1,-2.136794,1.064423,-3.431934,
10:12:29.556,1,-2.119338,1.042251,-3.426773,
10:12:29.639,1,-2.109604,1.041922,-3.42821,
10:12:29.723,1,-2.090871,1.042076,-3.43555,
10:12:29.806,1,-2.079227,1.043229,-3.444689,
10:12:29.889,1,-2.058264,1.041036,-3.457581,
10:12:29.973,1,-2.046938,1.046245,-3.464258,
10:12:30.056,1,-2.023275,1.04665,-3.472594,
10:12:30.139,1,-2.004822,1.046475,-3.501594,
10:12:30.223,1,-1.993402,1.041497,-3.504004,
10:12:30.306,1,-1.986373,1.046609,-3.505098,
10:12:30.389,1,-1.970317,1.048665,-3.501294,
10:12:30.473,1,-1.954013,1.048314,-3.513062,
10:12:30.556,1,-1.94409,1.0458,-3.522188,
10:12:30.639,1,-1.935896,1.048031,-3.516326,
10:12:30.723,1,-1.926148,1.049863,-3.513376,
10:12:30.806,1,-1.918139,1.055404,-3.504624,
10:12:30.889,1,-1.910292,1.046558,-3.505545,
10:12:30.973,1,-1.908393,1.04571,-3.502704,
10:12:31.056,1,-1.905794,1.050238,-3.498399,
10:12:31.139,1,-1.905705,1.049936,-3.498694,
10:12:31.223,1,-1.905946,1.044891,-3.500361,
10:12:31.306,1,-1.906969,1.044312,-3.498442,
10:12:31.389,1,-1.909114,1.04516,-3.505034,
10:12:31.473,1,-1.90938,1.076245,-3.501863,
10:12:31.556,1,-1.911068,1.049446,-3.523191,
10:12:31.639,1,-1.91387,1.049311,-3.51873,
10:12:31.723,1,-1.910131,1.049208,-3.487203,
10:12:31.806,1,-1.909741,1.044889,-3.479745,
10:12:31.889,1,-1.909769,1.04509,-3.478909,
10:12:31.973,1,-1.909735,1.043182,-3.47872,
10:12:32.056,1,-1.909445,1.042549,-3.477575,
10:12:32.139,1,-1.90948,1.042539,-3.477609,
10:12:32.223,1,-1.90988,1.042983,-3.477811,
10:12:32.306,1,-1.91123,1.045822,-3.475757,
10:12:32.389,1,-1.918579,1.046558,-3.475153,
10:12:32.473,1,-1.925627,1.045345,-3.47299,
10:12:32.556,1,-1.942435,1.063158,-3.470014,
10:12:32.639,1,-1.956578,1.04389,-3.473164,
10:12:32.723,1,-1.960365,1.078331,-3.471629,
10:12:32.806,1,-1.969866,1.053976,-3.467096,
10:12:32.889,1,-1.992202,1.04904,-3.456813,
10:12:32.973,1,-2.00469,1.048533,-3.453341,
10:12:33.056,1,-2.023713,1.049263,-3.448096,
10:12:33.139,1,-2.035506,1.047451,-3.442497,
10:12:33.223,1,-2.047572,1.048891,-3.443117,
10:12:33.306,1,-2.057949,1.049135,-3.442098,
10:12:33.389,1,-2.081576,1.059433,-3.425409,
10:12:33.473,1,-2.09474,1.061827,-3.414968,
10:12:33.556,1,-2.115473,1.042869,-3.394499,
10:12:33.639,1,-2.12276,1.02467,-3.385249,
10:12:33.723,1,-2.124653,1.025177,-3.376491,
10:12:33.806,1,-2.124469,1.03831,-3.374024,
10:12:33.889,1,-2.124108,1.038496,-3.373631,
10:12:33.973,1,-2.123112,1.038721,-3.377831,
10:12:34.056,1,-2.118877,1.036277,-3.393202,
10:12:34.139,1,-2.116354,1.035623,-3.405191,
10:12:34.223,1,-2.117004,1.034737,-3.404614,
10:12:34.306,1,-2.087015,1.033569,-3.428749,
10:12:34.389,1,-2.08676,1.033325,-3.43796,
10:12:34.473,1,-2.093197,1.032921,-3.448286,
10:12:34.556,1,-2.101436,1.031886,-3.45659,
10:12:34.639,1,-2.103326,1.030385,-3.457966,
10:12:34.723,1,-2.103777,1.016642,-3.458366,
10:12:34.806,1,-2.099316,1.02226,-3.455934,
10:12:34.889,1,-2.070279,1.025905,-3.435007,
10:12:34.973,1,-2.049409,1.03004,-3.415018,
10:12:35.056,1,-2.016501,1.04354,-3.377629,
10:12:35.139,1,-1.992166,1.055137,-3.328984,
10:12:35.223,1,-1.972983,1.07583,-3.262966,
10:12:35.306,1,-1.971748,1.085464,-3.232728,
10:12:35.389,1,-1.977983,1.095015,-3.183297,
10:12:35.473,1,-1.987659,1.096925,-3.152204,
10:12:35.556,1,-2.019011,1.069354,-3.114699,
10:12:35.639,1,-1.99009,1.063159,-3.139314,
10:12:35.723,1,-2.01316,1.053437,-3.147845,
10:12:35.806,1,-2.031012,1.051599,-3.148143,
10:12:35.890,1,-2.137565,1.04041,-3.267859,
10:12:35.973,1,-2.15219,1.03762,-3.279612,
10:12:36.056,1,-2.171487,1.032621,-3.261505,
10:12:36.139,1,-2.182738,1.030795,-3.242259,
10:12:36.223,1,-2.193747,1.028274,-3.2198,
10:12:36.306,1,-2.198636,1.029532,-3.204368,
10:12:36.390,1,-2.200266,1.042882,-3.19735,
10:12:36.473,1,-2.195321,1.055525,-3.193046,
10:12:36.557,1,-2.191023,1.05907,-3.189745,
10:12:36.640,1,-2.180746,1.060344,-3.196435,
10:12:36.723,1,-2.159612,1.059204,-3.21663,
10:12:36.807,1,-2.155711,1.061255,-3.221169,
10:12:36.890,1,-2.159656,1.064581,-3.247862,
10:12:36.973,1,-2.170274,1.067659,-3.254947,
10:12:37.057,1,-2.176578,1.071823,-3.272761,
10:12:37.140,1,-2.183144,1.072075,-3.270807,
10:12:37.223,1,-2.169804,1.074614,-3.272024,
10:12:37.307,1,-2.16654,1.077869,-3.271715,
10:12:37.390,1,-2.13324,1.081385,-3.298414,
10:12:37.473,1,-2.136813,1.083449,-3.293033,
10:12:37.557,1,-2.136997,1.083638,-3.285792,
10:12:37.640,1,-2.111014,1.083209,-3.265764,
10:12:37.723,1,-2.097779,1.082712,-3.260135,
10:12:37.806,1,-2.090383,1.082505,-3.256899,
10:12:37.889,1,-2.079314,1.08237,-3.250859,
10:12:37.973,1,-2.07665,1.082134,-3.250055,
10:12:38.056,1,-2.079263,1.082074,-3.253327,
10:12:38.140,1,-2.083268,1.082401,-3.251703,
10:12:38.223,1,-2.082058,1.082756,-3.24651,
10:12:38.306,1,-2.083183,1.083157,-3.246892,
10:12:38.390,1,-2.070516,1.083419,-3.244873,
10:12:38.473,1,-2.068463,1.08349,-3.239804,
10:12:38.556,1,-2.065644,1.083566,-3.2353,
10:12:38.640,1,-2.0671,1.083471,-3.234647,
10:12:38.723,1,-2.065951,1.083422,-3.225758,
10:12:38.806,1,-2.066979,1.083228,-3.224114,
10:12:38.890,1,-2.071439,1.083115,-3.220033,
10:12:38.973,1,-2.077939,1.083151,-3.221992,
10:12:39.056,1,-2.081833,1.083169,-3.225939,
10:12:39.140,1,-2.086874,1.083146,-3.224172,
10:12:39.223,1,-2.094514,1.08313,-3.223771,
10:12:39.306,1,-2.102397,1.083143,-3.221555,
10:12:39.389,1,-2.12095,1.083168,-3.218,
10:12:39.473,1,-2.126707,1.083195,-3.22157,
10:12:39.556,1,-2.139314,1.083145,-3.212974,
10:12:39.639,1,-2.164701,1.083126,-3.214019,
10:12:39.723,1,-2.156046,1.083123,-3.220471,
10:12:39.806,1,-2.154796,1.08284,-3.238722,
10:12:39.890,1,-2.146328,1.082632,-3.267704,
10:12:39.973,1,-2.138075,1.082211,-3.296067,
10:12:40.056,1,-2.128504,1.08135,-3.333274,
10:12:40.139,1,-2.122998,1.080496,-3.352813,
10:12:40.223,1,-2.112199,1.079929,-3.371693,
10:12:40.306,1,-2.111699,1.078991,-3.390383,
10:12:40.390,1,-2.11086,1.078552,-3.401853,
10:12:40.473,2,-3.766513,1.077918,-2.364296,
10:12:40.473,1,-2.108955,1.077658,-3.407698,
10:12:40.556,2,-3.754394,1.077505,-2.370808,
10:12:40.557,1,-2.108471,1.077491,-3.407938,
10:12:40.639,2,-3.738179,1.077409,-2.380076,
10:12:40.640,1,-2.108642,1.077373,-3.406064,
10:12:40.723,2,-3.714977,1.077294,-2.406085,
10:12:40.723,1,-2.115006,1.077191,-3.401276,
10:12:40.806,2,-3.688499,1.077034,-2.441799,
10:12:40.807,1,-2.122331,1.076978,-3.396055,
10:12:40.890,2,-3.66534,1.076758,-2.489276,
10:12:40.890,1,-2.131166,1.076741,-3.386808,
10:12:40.973,2,-3.649972,1.076601,-2.522399,
10:12:40.973,1,-2.140442,1.076444,-3.378942,
10:12:41.056,2,-3.630802,1.076247,-2.584078,
10:12:41.057,1,-2.153797,1.076023,-3.366612,
10:12:41.139,2,-3.619351,1.075346,-2.622259,
10:12:41.140,1,-2.16058,1.075007,-3.360269,
10:12:41.223,2,-3.608899,1.07446,-2.668491,
10:12:41.223,1,-2.17036,1.074015,-3.351017,
10:12:41.306,2,-3.603871,1.073535,-2.68526,
10:12:41.307,1,-2.174245,1.073107,-3.347262,
10:12:41.390,2,-3.583121,1.072437,-2.725677,
10:12:41.390,1,-2.181921,1.072003,-3.342028,
10:12:41.473,2,-3.574526,1.071613,-2.741157,
10:12:41.473,1,-2.185129,1.071244,-3.339608,
10:12:41.556,2,-3.571644,1.070537,-2.75192,
10:12:41.557,1,-2.188667,1.070389,-3.337743,
10:12:41.639,2,-3.572559,1.070084,-2.763665,
10:12:41.640,1,-2.192433,1.073417,-3.337717,
10:12:41.723,2,-3.573837,1.075414,-2.76863,
10:12:41.723,1,-2.195515,1.07515,-3.337766,
10:12:41.806,2,-3.573353,1.074879,-2.771022,
10:12:41.807,1,-2.196106,1.07437,-3.337939,
10:12:41.890,2,-3.57074,1.073339,-2.77542,
10:12:41.890,1,-2.198067,1.072751,-3.338655,
10:12:41.973,2,-3.567477,1.071921,-2.778539,
10:12:41.973,1,-2.198974,1.071584,-3.339498,
10:12:42.056,2,-3.563797,1.07163,-2.781351,
10:12:42.057,1,-2.200812,1.071966,-3.340956,
10:12:42.139,2,-3.561844,1.072983,-2.782742,
10:12:42.140,1,-2.202347,1.078012,-3.343184,
10:12:42.223,2,-3.559347,1.075358,-2.784303,
10:12:42.223,1,-2.202378,1.073725,-3.347426,
10:12:42.306,2,-3.559053,1.074433,-2.784337,
10:12:42.307,1,-2.202519,1.072644,-3.350058,
10:12:42.389,2,-3.55919,1.070301,-2.783992,
10:12:42.390,1,-2.203611,1.069534,-3.353428,
10:12:42.473,2,-3.559251,1.080029,-2.781926,
10:12:42.473,1,-2.204604,1.082941,-3.355655,
10:12:42.556,2,-3.559842,1.089142,-2.779675,
10:12:42.556,1,-2.205581,1.093089,-3.359069,
10:12:42.640,2,-3.559369,1.100402,-2.77776,
10:12:42.640,1,-2.206044,1.092846,-3.361188,
10:12:42.723,2,-3.559675,1.087816,-2.776112,
10:12:42.723,1,-2.206284,1.084741,-3.364023,
10:12:42.806,2,-3.560924,1.080578,-2.774433,
10:12:42.807,1,-2.206371,1.079005,-3.365862,
10:12:42.890,2,-3.561489,1.07415,-2.772064,
10:12:42.890,1,-2.213699,1.070334,-3.364863,
10:12:42.973,2,-3.564822,1.066714,-2.770173,
10:12:42.973,1,-2.220989,1.064533,-3.363597,
10:12:43.056,2,-3.570906,1.062635,-2.768123,
10:12:43.057,1,-2.230598,1.06258,-3.356344,
10:12:43.140,2,-3.574175,1.06224,-2.767179,
10:12:43.140,1,-2.239005,1.062178,-3.351058,
10:12:43.223,2,-3.5781,1.062323,-2.761552,
10:12:43.223,1,-2.255009,1.062589,-3.344845,
10:12:43.306,2,-3.578724,1.063316,-2.748336,
10:12:43.307,1,-2.26203,1.063065,-3.338833,
10:12:43.390,2,-3.581062,1.06226,-2.718562,
10:12:43.390,1,-2.273278,1.062075,-3.325143,
10:12:43.473,2,-3.582982,1.06137,-2.70535,
10:12:43.473,1,-2.277886,1.061556,-3.314841,
10:12:43.556,2,-3.584202,1.066384,-2.684792,
10:12:43.557,1,-2.282289,1.069363,-3.293938,
10:12:43.639,2,-3.586993,1.074732,-2.655951,
10:12:43.640,1,-2.280797,1.07824,-3.28598,
10:12:43.723,2,-3.596261,1.0734,-2.599688,
10:12:43.723,1,-2.274934,1.072873,-3.239948,
10:12:43.806,2,-3.607242,1.072468,-2.550458,
10:12:43.807,1,-2.265132,1.073642,-3.209913,
10:12:43.889,2,-3.6266,1.074495,-2.465886,
10:12:43.890,1,-2.241589,1.07576,-3.165992,
10:12:43.973,2,-3.64387,1.076475,-2.410994,
10:12:43.973,1,-2.215884,1.077109,-3.127424,
10:12:44.056,2,-3.659301,1.077579,-2.32557,
10:12:44.056,1,-2.171678,1.077534,-3.058839,
10:12:44.140,2,-3.66233,1.075557,-2.262139,
10:12:44.140,1,-2.138763,1.074778,-3.009088,
10:12:44.223,2,-3.667893,1.076462,-2.177274,
10:12:44.223,1,-2.073628,1.075556,-2.901464,
10:12:44.306,2,-3.671098,1.069531,-2.108302,
10:12:44.307,1,-2.046946,1.065999,-2.841468,
10:12:44.389,2,-3.662398,1.061667,-2.011693,
10:12:44.390,1,-2.021128,1.057026,-2.779061,
10:12:44.473,2,-3.653048,1.053264,-1.936054,
10:12:44.473,1,-2.003241,1.051096,-2.735073,
10:12:44.556,2,-3.638294,1.051336,-1.790202,
10:12:44.556,1,-1.971257,1.050539,-2.640298,
10:12:44.640,2,-3.631525,1.050739,-1.687353,
10:12:44.640,1,-1.955371,1.051326,-2.592073,
10:12:44.723,2,-3.618969,1.051608,-1.586346,
10:12:44.723,1,-1.935599,1.047422,-2.504446,
10:12:44.806,2,-3.608884,1.041404,-1.509721,
10:12:44.807,1,-1.91642,1.03804,-2.436114,
10:12:44.890,2,-3.601812,1.040646,-1.405582,
10:12:44.890,1,-1.891293,1.040861,-2.316316,
10:12:44.973,2,-3.605911,1.043101,-1.347539,
10:12:44.973,1,-1.873822,1.043618,-2.251807,
10:12:45.056,2,-3.61039,1.049499,-1.234553,
10:12:45.057,1,-1.839729,1.049836,-2.154587,
10:12:45.139,2,-3.614006,1.05112,-1.160207,
10:12:45.140,1,-1.821337,1.050611,-2.094681,
10:12:45.223,2,-3.621994,1.050858,-1.044358,
10:12:45.223,1,-1.781685,1.052009,-1.994622,
10:12:45.306,2,-3.622995,1.05078,-1.002054,
10:12:45.307,1,-1.75259,1.050161,-1.927967,
10:12:45.390,2,-3.616495,1.050325,-0.908095,
10:12:45.390,1,-1.716567,1.050368,-1.818337,
10:12:45.473,2,-3.612721,1.050218,-0.868568,
10:12:45.473,1,-1.659711,1.049965,-1.712967,
10:12:45.556,2,-3.598795,1.049196,-0.806353,
10:12:45.557,1,-1.606867,1.053362,-1.597565,
10:12:45.640,2,-3.600003,1.058581,-0.772507,
10:12:45.640,1,-1.57377,1.061613,-1.521874,
10:12:45.723,2,-3.574922,1.061236,-0.71744,
10:12:45.723,1,-1.534524,1.060979,-1.416909,
10:12:45.806,2,-3.570771,1.061278,-0.701177,
10:12:45.807,1,-1.509489,1.061257,-1.353758,
10:12:45.890,2,-3.56435,1.061187,-0.671933,
10:12:45.890,1,-1.481489,1.062786,-1.27294,
10:12:45.973,2,-3.558523,1.061297,-0.649921,
10:12:45.973,1,-1.466691,1.061073,-1.225302,
10:12:46.056,2,-3.559959,1.060359,-0.638266,
10:12:46.057,1,-1.443529,1.056186,-1.1461,
10:12:46.140,2,-3.577611,1.05945,-0.618115,
10:12:46.140,1,-1.422989,1.060801,-1.087002,
10:12:46.223,2,-3.58597,1.064335,-0.607756,
10:12:46.223,1,-1.400406,1.063508,-1.015011,
10:12:46.306,2,-3.596269,1.06059,-0.605378,
10:12:46.307,1,-1.38854,1.060657,-0.974723,
10:12:46.390,2,-3.606132,1.063517,-0.600146,
10:12:46.390,1,-1.365833,1.066363,-0.927496,
10:12:46.473,2,-3.618295,1.072063,-0.600045,
10:12:46.473,1,-1.353474,1.0729,-0.90529,
10:12:46.556,2,-3.626216,1.079531,-0.601364,
10:12:46.556,1,-1.335387,1.083033,-0.873123,
10:12:46.640,2,-3.639099,1.086699,-0.602991,
10:12:46.640,1,-1.327595,1.087612,-0.862698,
10:12:46.723,2,-3.65231,1.08821,-0.603702,
10:12:46.723,1,-1.30685,1.088635,-0.837046,
10:12:46.806,2,-3.648269,1.088444,-0.602044,
10:12:46.807,1,-1.294353,1.088452,-0.826793,
10:12:46.890,2,-3.654381,1.088173,-0.60471,
10:12:46.890,1,-1.280201,1.07452,-0.810734,
10:12:46.973,2,-3.65742,1.072245,-0.603597,
10:12:46.973,1,-1.275452,1.070516,-0.808364,
10:12:47.056,2,-3.6583,1.069845,-0.605968,
10:12:47.057,1,-1.271159,1.06962,-0.805198,
10:12:47.140,2,-3.659561,1.069783,-0.603947,
10:12:47.140,1,-1.261496,1.070961,-0.800187,
10:12:47.223,2,-3.659374,1.071339,-0.602992,
10:12:47.223,1,-1.252689,1.069149,-0.798233,
10:12:47.306,2,-3.663384,1.068363,-0.59837,
10:12:47.307,1,-1.245371,1.069352,-0.79543,
10:12:47.390,2,-3.665046,1.075456,-0.596796,
10:12:47.390,1,-1.227645,1.079371,-0.798966,
10:12:47.473,2,-3.667343,1.09536,-0.595383,
10:12:47.473,1,-1.219786,1.112253,-0.796428,
10:12:47.556,2,-3.669509,1.148905,-0.593663,
10:12:47.557,1,-1.204465,1.190539,-0.803006,
10:12:47.640,2,-3.670482,1.247812,-0.594251,
10:12:47.640,1,-1.190317,1.280845,-0.809488,
10:12:47.723,2,-3.669163,1.367681,-0.592152,
10:12:47.723,1,-1.18154,1.400658,-0.813959,
10:12:47.806,2,-3.668671,1.441379,-0.594554,
10:12:47.807,1,-1.174123,1.463959,-0.81778,
10:12:47.890,2,-3.669192,1.493587,-0.593767,
10:12:47.890,1,-1.159862,1.485741,-0.823455,
10:12:47.973,2,-3.672099,1.492197,-0.588409,
10:12:47.973,1,-1.159625,1.512469,-0.82383,
10:12:48.056,2,-3.674646,1.488288,-0.589345,
10:12:48.057,1,-1.159563,1.524421,-0.825399,
10:12:48.140,2,-3.677828,1.48714,-0.587728,
10:12:48.140,1,-1.159607,1.530717,-0.826156,
10:12:48.223,2,-3.679923,1.495831,-0.581933,
10:12:48.223,1,-1.157329,1.535788,-0.823856,
10:12:48.306,2,-3.681723,1.496822,-0.579832,
10:12:48.307,1,-1.169121,1.534096,-0.826516,
10:12:48.390,2,-3.684588,1.451305,-0.576436,
10:12:48.390,1,-1.183444,1.560388,-0.814082,
10:12:48.473,2,-3.68671,1.443869,-0.575428,
10:12:48.473,1,-1.227747,1.559079,-0.876446,
10:12:48.556,2,-3.691636,1.421932,-0.572747,
10:12:48.557,1,-1.199353,1.544365,-0.789148,
10:12:48.640,2,-3.691647,1.418449,-0.590665,
10:12:48.640,1,-1.263532,1.536359,-0.826556,
10:12:48.723,2,-3.696322,1.268387,-0.571965,
10:12:48.723,1,-1.274186,1.509176,-0.844047,
10:12:48.807,2,-3.702775,1.260148,-0.658282,
10:12:48.807,1,-1.271439,1.510807,-0.837025,
10:12:51.473,2,-3.082029,1.112572,-1.375527,
10:12:51.474,1,-1.5082,1.515761,-1.353654,
10:12:51.589,2,-3.026126,1.112572,-1.632863,
10:12:51.590,1,-1.588251,1.509554,-1.504856,
10:12:51.723,2,-3.00822,1.112572,-1.765741,
10:12:51.723,1,-1.607115,1.501308,-1.566531,
10:12:51.823,2,-3.010706,1.112572,-1.827537,
10:12:51.823,1,-1.618595,1.505513,-1.60562,
10:12:51.990,2,-3.012115,1.112572,-1.874891,
10:12:51.990,1,-1.629574,1.506664,-1.661833,
10:12:52.123,2,-3.065689,1.112572,-1.946884,
10:12:52.123,1,-1.629943,1.512569,-1.75198,
10:12:52.256,2,-3.090843,1.514932,-1.969527,
10:12:52.256,1,-1.62237,1.515944,-1.819667,
10:12:52.390,2,-3.133937,1.514379,-2.001495,
10:12:52.390,1,-1.61148,1.513619,-1.882962,
10:12:52.523,2,-3.1845,1.507796,-2.042295,
10:12:52.523,1,-1.60077,1.504947,-1.931114,
10:12:52.657,2,-3.233963,1.501861,-2.085673,
10:12:52.657,1,-1.599205,1.500764,-1.94389,
10:12:52.790,2,-3.270488,1.492167,-2.118882,
10:12:52.790,1,-1.595354,1.491176,-1.960827,
10:12:52.923,2,-3.299454,1.491434,-2.151642,
10:12:52.923,1,-1.589673,1.49169,-1.982588,
10:12:53.056,2,-3.316286,1.494806,-2.164559,
10:12:53.056,1,-1.588695,1.494578,-1.985815,
10:12:53.207,2,-3.332263,1.492364,-2.175159,
10:12:53.207,1,-1.587176,1.489469,-1.988491,
10:12:53.290,2,-3.336828,1.48548,-2.179926,
10:12:53.290,1,-1.586156,1.484835,-1.98901,
10:12:53.374,2,-3.338404,1.484916,-2.182508,
10:12:53.374,1,-1.585926,1.486175,-1.988448,
10:12:53.456,2,-3.33843,1.495521,-2.191801,
10:12:53.456,1,-1.58531,1.503031,-1.987291,
10:12:53.540,2,-3.336055,1.550558,-2.200358,
10:12:53.540,1,-1.585235,1.561913,-1.987568,
10:12:53.623,2,-3.326913,1.553329,-2.209665,
10:12:53.623,1,-1.585307,1.563258,-1.985885,
10:12:53.706,2,-3.318937,1.566386,-2.215558,
10:12:53.706,1,-1.585465,1.563068,-1.984586,
10:12:53.859,2,-3.290295,1.565313,-2.230948,
10:12:53.859,1,-1.586871,1.56826,-1.983702,
10:12:53.940,2,-3.263828,1.56958,-2.244444,
10:12:53.940,1,-1.588724,1.567299,-1.982273,
10:12:54.090,2,-3.195487,1.566612,-2.279601,
10:12:54.090,1,-1.590684,1.447909,-1.982378,
10:12:54.241,2,-3.141558,1.566667,-2.309355,
10:12:54.241,1,-1.594618,1.444103,-1.984712,
10:12:54.323,2,-3.110171,1.566655,-2.331872,
10:12:54.323,1,-1.596035,1.440684,-1.983644,
10:12:54.407,2,-3.095923,1.56675,-2.341445,
10:12:54.409,1,-1.59825,1.437549,-1.984724,
10:12:54.507,2,-3.061444,1.565994,-2.361414,
10:12:54.507,1,-1.602335,1.443916,-1.987388,
10:12:54.607,2,-3.032008,1.565608,-2.377126,
10:12:54.608,1,-1.607751,1.442829,-1.989936,
10:12:54.690,2,-3.005016,1.565647,-2.39145,
10:12:54.690,1,-1.610593,1.443686,-1.992484,
10:12:54.773,2,-2.992222,1.565587,-2.400167,
10:12:54.773,1,-1.612105,1.449829,-1.995205,
10:12:54.857,2,-2.978893,1.56644,-2.411799,
10:12:54.857,1,-1.613603,1.448687,-1.998592,
10:12:54.940,2,-2.974196,1.566967,-2.416588,
10:12:54.940,1,-1.616281,1.448049,-2.00357,
10:12:55.023,2,-2.96884,1.567632,-2.422609,
10:12:55.023,1,-1.618857,1.446954,-2.010872,
10:12:55.108,2,-2.966376,1.568199,-2.423888,
10:12:55.108,1,-1.623942,1.447566,-2.020966,
10:12:55.190,2,-2.963285,1.569088,-2.425312,
10:12:55.190,1,-1.62965,1.452047,-2.028157,
10:12:55.274,2,-2.962537,1.568206,-2.425904,
10:12:55.274,1,-1.6381,1.458652,-2.03751,
10:12:55.356,2,-2.961767,1.567326,-2.425209,
10:12:55.357,1,-1.651019,1.469312,-2.045372,
10:12:55.451,2,-2.961588,1.568231,-2.424516,
10:12:55.451,1,-1.66207,1.472335,-2.051304,
10:12:55.607,2,-2.960374,1.569041,-2.415194,
10:12:55.607,1,-1.70213,1.470449,-2.065387,
10:12:55.690,2,-2.96036,1.569247,-2.414913,
10:12:55.690,1,-1.719303,1.467696,-2.07339,
10:12:55.773,2,-2.956612,1.569268,-2.404059,
10:12:55.773,1,-1.744415,1.466631,-2.08527,
10:12:55.923,2,-2.954424,1.569245,-2.398144,
10:12:55.923,1,-1.774744,1.465769,-2.102727,
10:12:56.007,2,-2.952851,1.569045,-2.394319,
10:12:56.008,1,-1.782494,1.465237,-2.108902,
10:12:56.090,2,-2.950869,1.569069,-2.389833,
10:12:56.090,1,-1.792766,1.465863,-2.117464,
10:12:56.174,2,-2.949707,1.568527,-2.388746,
10:12:56.174,1,-1.796839,1.465817,-2.120686,
10:12:56.256,2,-2.947445,1.568272,-2.385945,
10:12:56.257,1,-1.798603,1.465388,-2.125449,
10:12:56.342,2,-2.948714,1.568084,-2.384685,
10:12:56.342,1,-1.797594,1.463213,-2.129584,
10:12:56.423,2,-2.948478,1.567727,-2.38202,
10:12:56.423,1,-1.78905,1.461164,-2.137139,
10:12:56.507,2,-2.949212,1.567909,-2.380095,
10:12:56.508,1,-1.779169,1.460366,-2.143676,
10:12:56.590,2,-2.948588,1.568294,-2.378921,
10:12:56.590,1,-1.76486,1.461015,-2.153515,
10:12:56.723,2,-2.947425,1.568431,-2.378853,
10:12:56.724,1,-1.737091,1.461324,-2.167872,
10:12:56.856,2,-2.9471,1.568565,-2.377774,
10:12:56.857,1,-1.707771,1.461854,-2.183134,
10:12:57.006,2,-2.950456,1.569977,-2.381421,
10:12:57.006,1,-1.679782,1.461103,-2.198636,
10:12:57.090,2,-2.949609,1.571037,-2.380948,
10:12:57.090,1,-1.66618,1.458414,-2.207739,
10:12:57.173,2,-2.952293,1.571145,-2.38416,
10:12:57.173,1,-1.648591,1.45828,-2.21743,
10:12:57.324,2,-2.956219,1.57062,-2.389615,
10:12:57.324,1,-1.622543,1.457783,-2.233247,
10:12:57.406,2,-2.957442,1.57137,-2.391126,
10:12:57.407,1,-1.616493,1.46353,-2.236515,
10:12:57.507,2,-2.958719,1.56912,-2.392613,
10:12:57.507,1,-1.606329,1.483543,-2.240499,
10:12:57.608,2,-2.958989,1.564834,-2.392641,
10:12:57.609,1,-1.598572,1.481019,-2.243276,
10:12:57.690,2,-2.959973,1.562528,-2.393652,
10:12:57.690,1,-1.591779,1.478571,-2.245363,
10:12:57.790,2,-2.960181,1.55803,-2.393519,
10:12:57.791,1,-1.588881,1.474234,-2.246481,
10:12:57.873,2,-2.960911,1.55779,-2.393166,
10:12:57.873,1,-1.584755,1.470106,-2.247028,
10:12:57.956,2,-2.963398,1.551469,-2.393428,
10:12:57.957,1,-1.581847,1.465991,-2.247565,
10:12:58.107,2,-2.966107,1.546558,-2.394086,
10:12:58.108,1,-1.579763,1.46918,-2.247434,
10:12:58.190,2,-2.967905,1.5397,-2.393726,
10:12:58.190,1,-1.58025,1.468368,-2.247264,
10:12:58.274,2,-2.96839,1.530994,-2.393629,
10:12:58.274,1,-1.580757,1.474261,-2.247239,
10:12:58.357,2,-2.969186,1.52733,-2.392667,
10:12:58.357,1,-1.581754,1.477329,-2.246934,
10:12:58.442,2,-2.970215,1.530195,-2.392212,
10:12:58.442,1,-1.582885,1.466343,-2.246544,
10:12:58.523,2,-2.970741,1.547102,-2.391829,
10:12:58.523,1,-1.584665,1.45533,-2.246475,
10:12:58.607,2,-2.971396,1.552511,-2.391458,
10:12:58.607,1,-1.585692,1.429508,-2.246673,
10:12:58.690,2,-2.972134,1.562068,-2.389776,
10:12:58.690,1,-1.587048,1.420856,-2.247137,
10:12:58.773,2,-2.972003,1.559119,-2.388907,
10:12:58.773,1,-1.588326,1.417551,-2.247584,
10:12:58.857,2,-2.972287,1.550754,-2.387697,
10:12:58.857,1,-1.589863,1.382814,-2.248187,
10:12:58.940,2,-2.972516,1.541222,-2.387676,
10:12:58.940,1,-1.590758,1.402711,-2.248403,
10:12:59.024,2,-2.972742,1.528724,-2.385969,
10:12:59.024,1,-1.591772,1.405228,-2.248964,
10:12:59.106,2,-2.973241,1.519165,-2.384296,
10:12:59.107,1,-1.593566,1.404025,-2.249669,
10:12:59.190,2,-2.97372,1.521743,-2.38317,
10:12:59.191,1,-1.595012,1.38562,-2.250131,
10:12:59.290,2,-2.973531,1.524361,-2.381955,
10:12:59.291,1,-1.595656,1.382138,-2.250577,
10:12:59.373,2,-2.973382,1.529503,-2.380868,
10:12:59.373,1,-1.596756,1.384043,-2.251053,
10:12:59.523,2,-2.973365,1.528829,-2.379234,
10:12:59.523,1,-1.598381,1.393951,-2.252084,
10:12:59.607,2,-2.973303,1.525954,-2.378786,
10:12:59.608,1,-1.59957,1.400389,-2.252349,
10:12:59.690,2,-2.973653,1.518757,-2.378276,
10:12:59.690,1,-1.601497,1.397688,-2.253312,
10:12:59.774,2,-2.97357,1.470229,-2.377577,
10:12:59.774,1,-1.60178,1.399634,-2.253321,
10:12:59.857,2,-2.974138,1.485366,-2.377735,
10:12:59.857,1,-1.602017,1.400482,-2.253407,
10:12:59.941,2,-2.974508,1.490445,-2.378077,
10:12:59.941,1,-1.602228,1.398629,-2.253529,
10:13:00.023,2,-2.975317,1.492975,-2.379017,
10:13:00.023,1,-1.602299,1.395406,-2.255321,
10:13:00.107,2,-2.975782,1.493036,-2.379618,
10:13:00.109,1,-1.602373,1.391239,-2.255337,
10:13:00.190,2,-2.976423,1.493677,-2.380573,
10:13:00.190,1,-1.602632,1.395939,-2.256201,
10:13:00.356,2,-2.976145,1.48244,-2.382547,
10:13:00.357,1,-1.602503,1.390575,-2.257906,
10:13:00.440,2,-2.975409,1.487182,-2.384143,
10:13:00.440,1,-1.602104,1.395443,-2.258083,
10:13:00.525,2,-2.973479,1.47535,-2.385783,
10:13:00.526,1,-1.60206,1.393967,-2.258756,
10:13:00.607,2,-2.972476,1.471225,-2.386539,
10:13:00.607,1,-1.600763,1.405106,-2.25916,
10:13:00.690,2,-2.971466,1.477658,-2.387187,
10:13:00.690,1,-1.600286,1.399783,-2.259198,
10:13:00.773,2,-2.970521,1.487378,-2.387764,
10:13:00.773,1,-1.600092,1.401694,-2.258971,
10:13:00.907,2,-2.969815,1.495213,-2.387567,
10:13:00.907,1,-1.599231,1.408408,-2.259725,
10:13:00.990,2,-2.969681,1.492927,-2.38612,
10:13:00.990,1,-1.599069,1.408536,-2.259514,
10:13:01.123,2,-2.971288,1.493614,-2.384493,
10:13:01.123,1,-1.598173,1.405709,-2.259516,
10:13:01.207,2,-2.971519,1.488552,-2.383099,
10:13:01.208,1,-1.597654,1.406971,-2.259485,
10:13:01.307,2,-2.971543,1.485129,-2.382138,
10:13:01.307,1,-1.59751,1.410203,-2.258939,
10:13:01.390,2,-2.97014,1.488459,-2.382719,
10:13:01.390,1,-1.596938,1.407285,-2.258928,
10:13:01.524,2,-2.969819,1.489044,-2.384002,
10:13:01.524,1,-1.596498,1.40858,-2.258442,
10:13:01.607,2,-2.970066,1.485396,-2.384267,
10:13:01.607,1,-1.596319,1.402687,-2.258266,
10:13:01.690,2,-2.970098,1.473622,-2.384517,
10:13:01.690,1,-1.595835,1.403813,-2.259562,
10:13:01.824,2,-2.970283,1.469163,-2.384346,
10:13:01.824,1,-1.595103,1.403765,-2.260881,
10:13:01.906,2,-2.970317,1.468823,-2.384494,
10:13:01.907,1,-1.594713,1.405371,-2.261945,
10:13:01.990,2,-2.970509,1.468775,-2.385281,
10:13:01.991,1,-1.594324,1.404775,-2.264174,
10:13:02.073,2,-2.967343,1.464224,-2.38398,
10:13:02.073,1,-1.593549,1.403866,-2.264495,
10:13:02.240,2,-2.965525,1.469492,-2.385845,
10:13:02.240,1,-1.592243,1.403796,-2.264979,
10:13:02.342,2,-2.965045,1.464172,-2.386298,
10:13:02.342,1,-1.59146,1.403541,-2.265779,
10:13:02.441,2,-2.964781,1.463018,-2.386401,
10:13:02.441,1,-1.589933,1.40419,-2.266011,
10:13:02.523,2,-2.963569,1.459426,-2.387653,
10:13:02.523,1,-1.58902,1.402471,-2.267431,
10:13:02.607,2,-2.963802,1.463743,-2.387428,
10:13:02.607,1,-1.58862,1.400151,-2.268241,
10:13:02.709,2,-2.963377,1.465094,-2.388683,
10:13:02.709,1,-1.587471,1.395906,-2.26861,
10:13:02.790,2,-2.962692,1.465108,-2.387691,
10:13:02.790,1,-1.587302,1.393602,-2.268048,
10:13:02.957,2,-2.961831,1.465829,-2.386708,
10:13:02.958,1,-1.585041,1.39064,-2.268606,
10:13:03.040,2,-2.960332,1.464806,-2.385169,
10:13:03.040,1,-1.583829,1.383862,-2.268426,
10:13:03.124,2,-2.960626,1.465983,-2.385681,
10:13:03.124,1,-1.583623,1.385618,-2.268581,
10:13:03.224,2,-2.960451,1.455035,-2.383803,
10:13:03.224,1,-1.584105,1.386197,-2.267359,
10:13:03.306,2,-2.960364,1.449884,-2.383802,
10:13:03.307,1,-1.584315,1.385561,-2.266449,
10:13:03.390,2,-2.958737,1.311636,-2.38587,
10:13:03.390,1,-1.584376,1.383346,-2.266261,
10:13:03.473,2,-2.957934,1.461361,-2.38647,
10:13:03.473,1,-1.584927,1.401291,-2.264952,
10:13:03.606,2,-2.959633,1.358556,-2.385694,
10:13:03.607,1,-1.585357,1.411176,-2.264195,
10:13:03.740,2,-2.96029,1.307184,-2.387349,
10:13:03.740,1,-1.585494,1.362726,-2.263778,
10:13:03.823,2,-2.961956,1.325544,-2.386639,
10:13:03.823,1,-1.584933,1.389965,-2.264305,
10:13:03.906,2,-2.96219,1.488028,-2.387159,
10:13:03.907,1,-1.585129,1.390272,-2.26408,
10:13:03.990,2,-2.962692,1.494636,-2.387669,
10:13:03.990,1,-1.585181,1.409738,-2.264498,
10:13:04.123,2,-2.963492,1.509964,-2.387667,
10:13:04.123,1,-1.585822,1.423149,-2.263809,
10:13:04.206,2,-2.964063,1.509491,-2.387696,
10:13:04.207,1,-1.586196,1.425538,-2.263522,
10:13:04.290,2,-2.96415,1.51467,-2.388156,
10:13:04.290,1,-1.586653,1.428554,-2.263286,
10:13:04.373,2,-2.964364,1.51143,-2.38753,
10:13:04.373,1,-1.587154,1.438009,-2.263227,
10:13:04.456,2,-2.96481,1.50738,-2.385849,
10:13:04.457,1,-1.587851,1.443723,-2.26311,
10:13:04.540,2,-2.964182,1.510249,-2.386619,
10:13:04.540,1,-1.588162,1.443036,-2.263183,
10:13:04.624,2,-2.963881,1.517568,-2.387472,
10:13:04.625,1,-1.588918,1.436824,-2.263348,
10:13:04.706,2,-2.963098,1.517847,-2.388262,
10:13:04.707,1,-1.589531,1.431307,-2.266497,
10:13:04.840,2,-2.963398,1.517297,-2.387819,
10:13:04.840,1,-1.590241,1.439805,-2.26803,
10:13:04.924,2,-2.963989,1.515999,-2.386613,
10:13:04.924,1,-1.590915,1.440703,-2.266945,
10:13:05.006,2,-2.964441,1.516696,-2.38604,
10:13:05.007,1,-1.59159,1.44019,-2.26713,
10:13:05.140,2,-2.964014,1.516282,-2.385909,
10:13:05.140,1,-1.592858,1.436594,-2.266583,
10:13:05.273,2,-2.96393,1.516047,-2.385229,
10:13:05.273,1,-1.59364,1.43583,-2.265956,
10:13:05.356,2,-2.965471,1.515826,-2.382556,
10:13:05.357,1,-1.593959,1.432612,-2.266632,
10:13:05.440,2,-2.965263,1.515553,-2.382628,
10:13:05.440,1,-1.594663,1.431983,-2.265929,
10:13:05.524,2,-2.965092,1.515089,-2.382752,
10:13:05.524,1,-1.595113,1.430044,-2.265304,
10:13:05.606,2,-2.96479,1.514866,-2.382827,
10:13:05.607,1,-1.595661,1.430199,-2.264552,
10:13:05.690,2,-2.964689,1.515275,-2.381598,
10:13:05.690,1,-1.595865,1.428811,-2.264741,
10:13:05.773,2,-2.962539,1.514278,-2.384488,
10:13:05.773,1,-1.59618,1.429545,-2.264235,
10:13:05.857,2,-2.96266,1.512779,-2.383693,
10:13:05.857,1,-1.596366,1.436381,-2.263598,
10:13:05.941,2,-2.963762,1.513146,-2.382203,
10:13:05.941,1,-1.59653,1.443929,-2.263537,
10:13:06.023,2,-2.962309,1.513077,-2.382464,
10:13:06.023,1,-1.59668,1.443528,-2.263117,
10:13:06.156,2,-2.962459,1.51337,-2.382124,
10:13:06.157,1,-1.597227,1.442894,-2.262131,
10:13:06.241,2,-2.961438,1.513866,-2.382451,
10:13:06.241,1,-1.597204,1.442994,-2.262455,
10:13:06.323,2,-2.961431,1.514932,-2.382862,
10:13:06.323,1,-1.597388,1.446127,-2.261574,
10:13:06.456,2,-2.961674,1.515675,-2.381684,
10:13:06.457,1,-1.597702,1.449361,-2.260846,
10:13:06.541,2,-2.962053,1.517445,-2.381162,
10:13:06.541,1,-1.597601,1.450669,-2.260473,
10:13:06.623,2,-2.962452,1.51907,-2.380462,
10:13:06.623,1,-1.59769,1.451267,-2.260198,
10:13:06.706,2,-2.963483,1.520755,-2.377861,
10:13:06.707,1,-1.597422,1.452344,-2.259953,
10:13:06.790,2,-2.963765,1.522693,-2.378574,
10:13:06.790,1,-1.597094,1.453796,-2.259382,
10:13:06.873,2,-2.963453,1.521862,-2.377332,
10:13:06.873,1,-1.596839,1.453376,-2.259102,
10:13:06.956,2,-2.964184,1.521224,-2.375507,
10:13:06.957,1,-1.596305,1.451753,-2.258586,
10:13:07.040,2,-2.964532,1.522767,-2.376274,
10:13:07.040,1,-1.596008,1.451889,-2.258515,
10:13:07.123,2,-2.965452,1.524217,-2.375059,
10:13:07.123,1,-1.594995,1.451426,-2.258174,
10:13:07.206,2,-2.965892,1.525067,-2.374442,
10:13:07.207,1,-1.594499,1.451283,-2.258216,
10:13:07.290,2,-2.967187,1.52667,-2.372757,
10:13:07.290,1,-1.592831,1.454766,-2.258475,
10:13:07.423,2,-2.968153,1.528923,-2.372647,
10:13:07.423,1,-1.587444,1.454767,-2.260927,
10:13:07.506,2,-2.968507,1.530948,-2.372926,
10:13:07.507,1,-1.58378,1.4532,-2.261754,
10:13:07.590,2,-2.969039,1.533144,-2.372962,
10:13:07.590,1,-1.57717,1.450175,-2.263856,
10:13:07.723,2,-2.969592,1.535503,-2.373613,
10:13:07.724,1,-1.573811,1.451941,-2.265637,
10:13:07.856,2,-2.970249,1.53527,-2.373112,
10:13:07.857,1,-1.565543,1.45141,-2.268739,
10:13:07.941,2,-2.97069,1.536254,-2.372804,
10:13:07.942,1,-1.562906,1.449542,-2.270224,
10:13:08.023,2,-2.972394,1.536118,-2.371533,
10:13:08.023,1,-1.560614,1.447123,-2.272297,
10:13:08.173,2,-2.973161,1.535949,-2.370788,
10:13:08.173,1,-1.558619,1.445969,-2.273711,
10:13:08.306,2,-2.973402,1.536358,-2.371328,
10:13:08.307,1,-1.556623,1.444847,-2.27545,
10:13:08.390,2,-2.973266,1.535879,-2.371247,
10:13:08.390,1,-1.555702,1.445261,-2.276314,
10:13:08.473,2,-2.972785,1.53493,-2.372375,
10:13:08.473,1,-1.555316,1.444393,-2.277178,
10:13:08.556,2,-2.97228,1.534067,-2.372827,
10:13:08.557,1,-1.554954,1.443406,-2.277448,
10:13:08.640,2,-2.971836,1.534621,-2.373106,
10:13:08.640,1,-1.554468,1.443784,-2.278078,
10:13:08.773,2,-2.970036,1.53466,-2.374633,
10:13:08.773,1,-1.555023,1.450064,-2.279064,
10:13:08.906,2,-2.968619,1.534578,-2.377032,
10:13:08.907,1,-1.55519,1.449634,-2.279444,
10:13:09.040,2,-2.966757,1.53428,-2.378947,
10:13:09.040,1,-1.556094,1.449773,-2.279434,
10:13:09.123,2,-2.966492,1.534632,-2.379421,
10:13:09.123,1,-1.556381,1.450856,-2.279477,
10:13:09.206,2,-2.964334,1.532752,-2.381921,
10:13:09.207,1,-1.557281,1.451608,-2.279872,
10:13:09.340,2,-2.963825,1.531736,-2.382994,
10:13:09.340,1,-1.557653,1.454244,-2.279433,
10:13:09.473,2,-2.963719,1.532336,-2.383756,
10:13:09.473,1,-1.558509,1.455069,-2.279789,
10:13:09.607,2,-2.963102,1.530986,-2.385059,
10:13:09.607,1,-1.558351,1.45616,-2.279888,
10:13:09.691,2,-2.96268,1.530593,-2.385259,
10:13:09.691,1,-1.558353,1.456523,-2.279905,
10:13:09.773,2,-2.962098,1.530219,-2.385927,
10:13:09.773,1,-1.558113,1.457096,-2.279669,
10:13:09.857,2,-2.962265,1.530944,-2.385856,
10:13:09.857,1,-1.558043,1.456912,-2.279823,
10:13:09.940,2,-2.9623,1.531158,-2.385939,
10:13:09.940,1,-1.557985,1.456847,-2.279752,
10:13:10.040,2,-2.962131,1.53085,-2.386075,
10:13:10.040,1,-1.557799,1.457003,-2.279211,
10:13:10.123,2,-2.962167,1.530428,-2.385912,
10:13:10.123,1,-1.557841,1.457613,-2.278852,
10:13:10.207,2,-2.962249,1.530205,-2.385819,
10:13:10.209,1,-1.558125,1.45796,-2.278335,
10:13:10.290,2,-2.962263,1.530018,-2.38582,
10:13:10.290,1,-1.558393,1.457256,-2.27827,
10:13:10.390,2,-2.961998,1.529849,-2.385765,
10:13:10.390,1,-1.558558,1.457416,-2.278129,
10:13:10.473,2,-2.961324,1.52943,-2.386356,
10:13:10.473,1,-1.558993,1.457226,-2.278311,
10:13:10.557,2,-2.961791,1.529455,-2.386448,
10:13:10.557,1,-1.559325,1.457441,-2.278421,
10:13:10.640,2,-2.962265,1.529255,-2.386647,
10:13:10.640,1,-1.559446,1.457649,-2.278444,
10:13:10.807,2,-2.963121,1.529418,-2.385419,
10:13:10.807,1,-1.560939,1.457401,-2.278636,
10:13:10.907,2,-2.964107,1.529548,-2.385802,
10:13:10.908,1,-1.561672,1.456814,-2.279376,
10:13:11.007,2,-2.964603,1.529501,-2.385538,
10:13:11.008,1,-1.562351,1.456841,-2.279967,
10:13:11.108,2,-2.965342,1.529369,-2.385905,
10:13:11.108,1,-1.562696,1.45588,-2.280605,
10:13:11.190,2,-2.967091,1.529451,-2.386693,
10:13:11.190,1,-1.563534,1.455897,-2.282403,
10:13:11.307,2,-2.968536,1.529698,-2.386992,
10:13:11.307,1,-1.56409,1.456185,-2.283741,
10:13:11.407,2,-2.970234,1.529756,-2.388169,
10:13:11.408,1,-1.564607,1.456389,-2.286997,
10:13:11.490,2,-2.971867,1.529834,-2.38911,
10:13:11.490,1,-1.564591,1.456016,-2.289493,
10:13:11.640,2,-2.973154,1.529572,-2.390041,
10:13:11.640,1,-1.562855,1.455878,-2.293824,
10:13:11.725,2,-2.973503,1.529117,-2.390358,
10:13:11.726,1,-1.562055,1.455966,-2.295547,
10:13:11.807,2,-2.973561,1.528448,-2.39075,
10:13:11.807,1,-1.56074,1.456011,-2.29799,
10:13:11.892,2,-2.974444,1.528465,-2.391506,
10:13:11.892,1,-1.559406,1.454932,-2.301807,
10:13:11.991,2,-2.97426,1.528525,-2.391827,
10:13:11.991,1,-1.558131,1.454784,-2.305843,
10:13:12.091,2,-2.975005,1.528426,-2.392658,
10:13:12.091,1,-1.556295,1.454276,-2.309289,
10:13:12.173,2,-2.975834,1.528354,-2.393801,
10:13:12.173,1,-1.554981,1.452695,-2.311377,
10:13:12.258,2,-2.97636,1.528334,-2.393951,
10:13:12.258,1,-1.554323,1.452174,-2.313088,
10:13:12.340,2,-2.97801,1.528096,-2.394087,
10:13:12.340,1,-1.553907,1.451566,-2.315691,
10:13:12.424,2,-2.979099,1.528994,-2.394025,
10:13:12.425,1,-1.553685,1.452844,-2.316517,
10:13:12.507,2,-2.983266,1.529972,-2.392864,
10:13:12.507,1,-1.553058,1.452215,-2.318111,
10:13:12.591,2,-2.98459,1.530366,-2.392464,
10:13:12.592,1,-1.553196,1.453073,-2.319322,
10:13:12.673,2,-2.985779,1.530731,-2.391474,
10:13:12.674,1,-1.553507,1.453691,-2.321488,
10:13:12.824,2,-2.986985,1.530915,-2.390954,
10:13:12.824,1,-1.553917,1.454324,-2.321864,
10:13:12.924,2,-2.987823,1.531197,-2.390875,
10:13:12.925,1,-1.555661,1.454894,-2.321714,
10:13:13.024,2,-2.988202,1.531169,-2.390656,
10:13:13.025,1,-1.556837,1.455106,-2.321764,
10:13:13.123,2,-2.98822,1.531083,-2.390761,
10:13:13.123,1,-1.558661,1.455232,-2.320958,
10:13:13.207,2,-2.988093,1.529571,-2.391362,
10:13:13.208,1,-1.559655,1.45525,-2.321113,
10:13:13.307,2,-2.988284,1.528594,-2.391946,
10:13:13.307,1,-1.56006,1.455477,-2.320878,
10:13:13.407,2,-2.988163,1.528182,-2.392129,
10:13:13.408,1,-1.56121,1.455674,-2.320941,
10:13:13.490,2,-2.988024,1.527803,-2.392191,
10:13:13.490,1,-1.561427,1.454733,-2.320571,
10:13:13.574,2,-2.987833,1.527368,-2.392499,
10:13:13.575,1,-1.562055,1.4547,-2.320824,
10:13:13.674,2,-2.987843,1.527209,-2.393475,
10:13:13.675,1,-1.562551,1.454971,-2.320701,
10:13:13.757,2,-2.984063,1.526287,-2.392733,
10:13:13.757,1,-1.562186,1.454691,-2.320528,
10:13:13.857,2,-2.981605,1.526498,-2.392989,
10:13:13.857,1,-1.561333,1.45303,-2.320045,
10:13:13.940,2,-2.981433,1.526025,-2.395103,
10:13:13.940,1,-1.561384,1.451547,-2.319962,
10:13:14.041,2,-2.983709,1.525508,-2.40144,
10:13:14.041,1,-1.560849,1.449076,-2.32007,
10:13:14.141,2,-2.983677,1.525477,-2.401825,
10:13:14.141,1,-1.560186,1.446062,-2.319629,
10:13:14.223,2,-2.977502,1.52608,-2.396414,
10:13:14.223,1,-1.558952,1.444906,-2.319045,
10:13:14.308,2,-2.976314,1.526388,-2.394571,
10:13:14.308,1,-1.558535,1.444379,-2.318435,
10:13:14.390,2,-2.975717,1.526539,-2.393878,
10:13:14.390,1,-1.557879,1.444571,-2.317663,
10:13:14.473,2,-2.976449,1.525898,-2.394126,
10:13:14.474,1,-1.557765,1.444744,-2.317426,
10:13:14.557,2,-2.976474,1.525436,-2.394039,
10:13:14.558,1,-1.5573,1.445578,-2.316914,
10:13:14.640,2,-2.975919,1.525905,-2.392463,
10:13:14.640,1,-1.556788,1.448832,-2.316151,
10:13:14.724,2,-2.975899,1.525613,-2.392074,
10:13:14.725,1,-1.556463,1.448527,-2.315682,
10:13:14.824,2,-2.972418,1.526439,-2.388713,
10:13:14.825,1,-1.556084,1.448283,-2.31497,
10:13:14.925,2,-2.971672,1.526474,-2.386669,
10:13:14.926,1,-1.555867,1.450317,-2.314339,
10:13:15.007,2,-2.969939,1.525723,-2.383833,
10:13:15.007,1,-1.555622,1.452388,-2.313598,
10:13:15.090,2,-2.967863,1.525892,-2.380697,
10:13:15.090,1,-1.555194,1.453261,-2.312493,
10:13:15.173,2,-2.967178,1.525815,-2.376994,
10:13:15.173,1,-1.554987,1.451243,-2.312379,
10:13:15.258,2,-2.968599,1.525799,-2.376883,
10:13:15.258,1,-1.554684,1.450806,-2.31191,
10:13:15.358,2,-2.969027,1.525718,-2.376663,
10:13:15.359,1,-1.5545,1.453268,-2.31125,
10:13:15.440,2,-2.966047,1.525575,-2.374975,
10:13:15.440,1,-1.554377,1.451616,-2.310998,
10:13:15.523,2,-2.964863,1.525707,-2.373996,
10:13:15.523,1,-1.554071,1.452409,-2.310539,
10:13:15.624,2,-2.964535,1.525761,-2.373605,
10:13:15.625,1,-1.553823,1.451872,-2.310713,
10:13:15.724,2,-2.964367,1.525743,-2.37275,
10:13:15.724,1,-1.553731,1.450912,-2.310809,
10:13:15.824,2,-2.964698,1.525621,-2.372614,
10:13:15.824,1,-1.553575,1.45093,-2.310275,
10:13:15.907,2,-2.966015,1.525609,-2.37254,
10:13:15.907,1,-1.553096,1.450766,-2.309938,
10:13:16.007,2,-2.968193,1.525728,-2.372524,
10:13:16.008,1,-1.552829,1.450213,-2.308782,
10:13:16.108,2,-2.96933,1.525814,-2.372622,
10:13:16.108,1,-1.552145,1.450434,-2.308065,
10:13:16.190,2,-2.970012,1.525936,-2.372659,
10:13:16.190,1,-1.5518,1.452303,-2.308288,
10:13:16.340,2,-2.970043,1.526072,-2.372676,
10:13:16.340,1,-1.550374,1.451561,-2.308104,
10:13:16.491,2,-2.968796,1.526109,-2.372111,
10:13:16.492,1,-1.547246,1.451253,-2.306296,
10:13:16.573,2,-2.967609,1.526032,-2.371783,
10:13:16.574,1,-1.546232,1.45016,-2.306437,
10:13:16.658,2,-2.966254,1.525584,-2.371111,
10:13:16.658,1,-1.544747,1.450256,-2.306628,
10:13:16.740,2,-2.966735,1.525577,-2.370995,
10:13:16.740,1,-1.541214,1.450144,-2.307029,
10:13:16.908,2,-2.967842,1.525817,-2.371266,
10:13:16.908,1,-1.536884,1.449556,-2.306497,
10:13:17.007,2,-2.968241,1.526259,-2.371265,
10:13:17.009,1,-1.536233,1.449188,-2.307322,
10:13:17.090,2,-2.968411,1.526751,-2.371569,
10:13:17.090,1,-1.5359,1.449956,-2.30753,
10:13:17.242,2,-2.969585,1.527064,-2.372363,
10:13:17.242,1,-1.535227,1.45128,-2.307351,
10:13:17.323,2,-2.967981,1.526706,-2.370349,
10:13:17.324,1,-1.53563,1.451166,-2.308582,
10:13:17.407,2,-2.962014,1.526905,-2.369682,
10:13:17.407,1,-1.535694,1.450666,-2.308911,
10:13:17.490,2,-2.950968,1.527034,-2.375668,
10:13:17.490,1,-1.535905,1.450525,-2.309149,
10:13:17.573,2,-2.940334,1.52704,-2.382229,
10:13:17.573,1,-1.535995,1.451559,-2.309213,
10:13:17.657,2,-2.930813,1.527206,-2.389591,
10:13:17.657,1,-1.535976,1.448774,-2.309435,
10:13:17.757,2,-2.927939,1.527293,-2.392041,
10:13:17.757,1,-1.535837,1.44866,-2.309745,
10:13:17.840,2,-2.927294,1.527309,-2.394124,
10:13:17.840,1,-1.535471,1.45129,-2.310357,
10:13:17.941,2,-2.92666,1.526917,-2.39498,
10:13:17.941,1,-1.535508,1.451372,-2.31057,
10:13:18.041,2,-2.927761,1.526933,-2.396269,
10:13:18.041,1,-1.53525,1.452828,-2.311701,
10:13:18.123,2,-2.929185,1.52712,-2.395753,
10:13:18.124,1,-1.534769,1.451671,-2.312298,
10:13:18.208,2,-2.930091,1.527157,-2.39616,
10:13:18.208,1,-1.534893,1.451884,-2.312792,
10:13:18.290,2,-2.932047,1.527219,-2.395221,
10:13:18.290,1,-1.533958,1.451954,-2.31309,
10:13:18.374,2,-2.933311,1.527273,-2.394547,
10:13:18.375,1,-1.53357,1.451669,-2.313608,
10:13:18.457,2,-2.936616,1.527066,-2.394816,
10:13:18.457,1,-1.532351,1.451536,-2.313599,
10:13:18.607,2,-2.944526,1.526894,-2.392665,
10:13:18.607,1,-1.528526,1.45311,-2.311979,
10:13:18.707,2,-2.958803,1.526946,-2.39191,
10:13:18.708,1,-1.527323,1.452668,-2.311608,
10:13:18.790,2,-2.956633,1.526774,-2.391173,
10:13:18.790,1,-1.527355,1.452071,-2.311602,
10:13:18.874,2,-2.956844,1.526869,-2.391162,
10:13:18.874,1,-1.526697,1.452402,-2.311308,
10:13:18.957,2,-2.957044,1.526813,-2.390459,
10:13:18.957,1,-1.525393,1.451938,-2.30998,
10:13:19.040,2,-2.960661,1.526582,-2.3892,
10:13:19.040,1,-1.524771,1.452396,-2.309324,
10:13:19.124,2,-2.963992,1.526608,-2.387223,
10:13:19.124,1,-1.523906,1.452275,-2.308802,
10:13:19.224,2,-2.966894,1.52644,-2.384368,
10:13:19.225,1,-1.522524,1.452585,-2.307632,
10:13:19.324,2,-2.964563,1.526426,-2.38325,
10:13:19.325,1,-1.521866,1.452464,-2.306581,
10:13:19.407,2,-2.961849,1.526135,-2.382103,
10:13:19.407,1,-1.521311,1.452509,-2.305146,
10:13:19.491,2,-2.961289,1.526124,-2.381231,
10:13:19.491,1,-1.521006,1.452633,-2.303821,
10:13:19.574,2,-2.969366,1.5268,-2.379312,
10:13:19.574,1,-1.521193,1.45293,-2.303292,
10:13:19.658,2,-2.972328,1.526637,-2.378279,
10:13:19.658,1,-1.521449,1.453375,-2.302997,
10:13:19.740,2,-2.971068,1.527166,-2.379339,
10:13:19.740,1,-1.521479,1.453394,-2.302991,
10:13:19.824,2,-2.969763,1.526861,-2.379173,
10:13:19.825,1,-1.522202,1.453638,-2.30372,
10:13:19.907,2,-2.96881,1.526557,-2.378732,
10:13:19.907,1,-1.524134,1.453882,-2.30541,
10:13:19.990,2,-2.968039,1.526568,-2.37763,
10:13:19.990,1,-1.52557,1.454223,-2.307237,
10:13:20.091,2,-2.965353,1.5264,-2.376702,
10:13:20.091,1,-1.526596,1.454373,-2.310194,
10:13:20.174,2,-2.96497,1.526322,-2.376401,
10:13:20.174,1,-1.529722,1.454228,-2.318818,
10:13:20.257,2,-2.964632,1.526292,-2.374905,
10:13:20.258,1,-1.531189,1.45418,-2.323665,
10:13:20.340,2,-2.966087,1.52641,-2.37459,
10:13:20.340,1,-1.532364,1.453991,-2.332975,
10:13:20.424,2,-2.967179,1.526555,-2.373732,
10:13:20.425,1,-1.53322,1.453059,-2.33818,
10:13:20.524,2,-2.966393,1.526862,-2.375218,
10:13:20.525,1,-1.536946,1.451258,-2.34413,
10:13:20.607,2,-2.967158,1.52714,-2.375587,
10:13:20.607,1,-1.545526,1.449751,-2.351983,
10:13:20.691,2,-2.968507,1.527175,-2.375613,
10:13:20.691,1,-1.549972,1.449485,-2.3556,
10:13:20.774,2,-2.969038,1.527157,-2.377168,
10:13:20.774,1,-1.560604,1.446758,-2.364368,
10:13:20.858,2,-2.969068,1.526992,-2.378788,
10:13:20.858,1,-1.570722,1.448211,-2.371859,
10:13:20.940,2,-2.969893,1.527134,-2.380493,
10:13:20.940,1,-1.585413,1.44979,-2.382051,
10:13:21.024,2,-2.972209,1.527294,-2.380965,
10:13:21.025,1,-1.597231,1.450943,-2.389442,
10:13:21.124,2,-2.975523,1.527156,-2.38104,
10:13:21.124,1,-1.616184,1.450399,-2.400018,
10:13:21.207,2,-2.977606,1.527222,-2.380905,
10:13:21.207,1,-1.633223,1.449865,-2.413851,
10:13:21.291,2,-2.977995,1.527272,-2.381768,
10:13:21.291,1,-1.643532,1.450386,-2.42042,
10:13:21.373,2,-2.975733,1.527112,-2.382822,
10:13:21.373,1,-1.655019,1.45082,-2.430322,
10:13:21.524,2,-2.976203,1.527132,-2.382666,
10:13:21.525,1,-1.664203,1.450603,-2.443034,
10:13:21.624,2,-2.976216,1.527259,-2.382871,
10:13:21.625,1,-1.666493,1.451273,-2.448722,
10:13:21.725,2,-2.975604,1.527403,-2.383164,
10:13:21.726,1,-1.66606,1.451627,-2.450454,
10:13:21.807,2,-2.975227,1.527206,-2.384454,
10:13:21.807,1,-1.663509,1.451709,-2.453763,
10:13:21.890,2,-2.975001,1.527088,-2.385538,
10:13:21.890,1,-1.659252,1.451262,-2.455478,
10:13:21.974,2,-2.973959,1.527261,-2.386507,
10:13:21.974,1,-1.657539,1.449831,-2.45564,
10:13:22.074,2,-2.97636,1.527224,-2.387472,
10:13:22.074,1,-1.65332,1.449567,-2.458096,
10:13:22.174,2,-2.97901,1.527106,-2.388854,
10:13:22.174,1,-1.652919,1.449295,-2.457737,
10:13:22.274,2,-2.978564,1.527053,-2.39251,
10:13:22.275,1,-1.653049,1.451758,-2.459357,
10:13:22.374,2,-2.977261,1.526636,-2.395781,
10:13:22.375,1,-1.654602,1.450984,-2.461289,
10:13:22.474,2,-2.980184,1.526676,-2.399953,
10:13:22.474,1,-1.658776,1.451198,-2.462457,
10:13:22.574,2,-2.981596,1.526669,-2.400464,
10:13:22.575,1,-1.662663,1.450068,-2.463827,
10:13:22.657,2,-2.982184,1.526507,-2.400917,
10:13:22.657,1,-1.666745,1.449883,-2.467922,
10:13:22.824,2,-2.987977,1.526586,-2.400063,
10:13:22.826,1,-1.669813,1.450537,-2.469624,
10:13:22.925,2,-2.981179,1.526883,-2.390554,
10:13:22.925,1,-1.673049,1.450956,-2.471814,
10:13:23.024,2,-2.979159,1.526772,-2.386558,
10:13:23.025,1,-1.675164,1.451643,-2.473974,
10:13:23.125,2,-2.9801,1.526471,-2.383678,
10:13:23.126,1,-1.677127,1.452433,-2.475616,
10:13:23.224,2,-2.976492,1.526485,-2.380637,
10:13:23.225,1,-1.67915,1.452867,-2.477907,
10:13:23.325,2,-2.974187,1.526441,-2.377571,
10:13:23.326,1,-1.679903,1.453355,-2.478673,
10:13:23.424,2,-2.985151,1.526374,-2.378168,
10:13:23.426,1,-1.681326,1.454091,-2.479901,
10:13:23.524,2,-2.970887,1.528672,-2.359351,
10:13:23.524,1,-1.682001,1.45442,-2.480743,
10:13:23.624,2,-2.968822,1.529458,-2.355855,
10:13:23.624,1,-1.682337,1.455214,-2.481417,
10:13:23.724,2,-2.971549,1.530587,-2.352479,
10:13:23.725,1,-1.682613,1.455097,-2.481678,
10:13:23.807,2,-2.973517,1.529983,-2.357493,
10:13:23.807,1,-1.682813,1.454853,-2.481545,
10:13:23.890,2,-2.9726,1.528467,-2.3577,
10:13:23.890,1,-1.682803,1.45588,-2.481599,
10:13:23.992,2,-2.972497,1.528085,-2.357933,
10:13:23.992,1,-1.683434,1.456152,-2.481751,
10:13:24.092,2,-2.972684,1.527018,-2.358965,
10:13:24.093,1,-1.683978,1.45816,-2.481935,
10:13:24.173,2,-2.971587,1.527916,-2.360772,
10:13:24.174,1,-1.684354,1.459004,-2.482144,
10:13:24.257,2,-2.946552,1.528345,-2.351725,
10:13:24.257,1,-1.684641,1.459426,-2.481984,
10:13:24.341,2,-2.918318,1.528655,-2.353636,
10:13:24.341,1,-1.684632,1.459788,-2.481204,
10:13:24.424,2,-2.886168,1.529454,-2.360751,
10:13:24.424,1,-1.684926,1.460124,-2.480419,
10:13:24.507,2,-2.861919,1.527932,-2.364738,
10:13:24.507,1,-1.685573,1.460409,-2.480439,
10:13:24.590,2,-2.838804,1.527433,-2.398123,
10:13:24.590,1,-1.685735,1.46046,-2.479935,
10:13:24.674,2,-2.810234,1.526673,-2.414703,
10:13:24.675,1,-1.685621,1.460387,-2.479707,
10:13:24.757,2,-2.762703,1.526116,-2.433451,
10:13:24.757,1,-1.685049,1.460297,-2.479036,
10:13:24.925,2,-2.710983,1.5261,-2.458711,
10:13:24.926,1,-1.685236,1.460211,-2.47918,
10:13:25.025,2,-2.675521,1.526911,-2.475193,
10:13:25.026,1,-1.685341,1.460974,-2.479282,
10:13:25.107,2,-2.651624,1.52754,-2.489823,
10:13:25.107,1,-1.68562,1.461466,-2.479884,
10:13:25.191,2,-2.635748,1.527744,-2.496131,
10:13:25.192,1,-1.685687,1.461532,-2.480203,
10:13:25.273,2,-2.618712,1.528091,-2.504859,
10:13:25.274,1,-1.686108,1.460691,-2.481198,
10:13:25.423,2,-2.602415,1.528085,-2.513155,
10:13:25.424,1,-1.686406,1.458512,-2.482014,
10:13:25.507,2,-2.596901,1.527927,-2.517418,
10:13:25.507,1,-1.685554,1.453196,-2.481911,
10:13:25.608,2,-2.592696,1.527116,-2.521938,
10:13:25.609,1,-1.685788,1.451696,-2.483437,
10:13:25.708,2,-2.58793,1.526258,-2.523256,
10:13:25.708,1,-1.685978,1.453003,-2.484328,
10:13:25.790,2,-2.58149,1.525846,-2.523565,
10:13:25.790,1,-1.685734,1.456236,-2.484658,
10:13:25.874,2,-2.575963,1.526169,-2.523329,
10:13:25.875,1,-1.685643,1.458114,-2.484758,
10:13:25.957,2,-2.573002,1.526065,-2.523527,
10:13:25.957,1,-1.685517,1.458128,-2.485215,
10:13:26.107,2,-2.567107,1.525893,-2.523207,
10:13:26.107,1,-1.685069,1.458174,-2.485663,
10:13:26.190,2,-2.562418,1.525925,-2.521512,
10:13:26.190,1,-1.684762,1.458028,-2.485457,
10:13:26.274,2,-2.5591,1.525921,-2.519897,
10:13:26.274,1,-1.684353,1.458025,-2.485161,
10:13:26.357,2,-2.559884,1.525958,-2.51785,
10:13:26.357,1,-1.683226,1.457633,-2.484093,
10:13:26.441,2,-2.558666,1.525941,-2.516543,
10:13:26.441,1,-1.682387,1.457085,-2.483042,
10:13:26.541,2,-2.557278,1.526088,-2.515551,
10:13:26.541,1,-1.681548,1.457253,-2.482511,
10:13:26.623,2,-2.555301,1.526502,-2.513636,
10:13:26.624,1,-1.680819,1.457792,-2.481183,
10:13:26.707,2,-2.553659,1.52733,-2.512545,
10:13:26.707,1,-1.680069,1.457919,-2.479994,
10:13:26.808,2,-2.549935,1.528111,-2.510637,
10:13:26.808,1,-1.679619,1.452056,-2.478351,
10:13:26.890,2,-2.545343,1.528355,-2.509263,
10:13:26.890,1,-1.678889,1.444456,-2.476451,
10:13:26.973,2,-2.545149,1.528602,-2.509084,guided_exp
10:13:26.974,1,-1.677926,1.441698,-2.473939,guided_exp
10:13:27.107,2,-2.542985,1.529143,-2.50909,guided_exp
10:13:27.108,1,-1.676295,1.439923,-2.471208,guided_exp
10:13:27.208,2,-2.541715,1.529306,-2.509417,guided_exp
10:13:27.209,1,-1.675578,1.439808,-2.469913,guided_exp
10:13:27.309,2,-2.537084,1.528916,-2.509989,guided_exp
10:13:27.309,1,-1.675081,1.43911,-2.468367,guided_exp
10:13:27.390,2,-2.535131,1.529003,-2.509986,guided_exp
10:13:27.390,1,-1.673517,1.438702,-2.466035,guided_exp
10:13:27.474,2,-2.535038,1.529199,-2.510181,guided_exp
10:13:27.474,1,-1.672781,1.437956,-2.464471,guided_exp
10:13:27.574,2,-2.534093,1.529177,-2.510846,guided_exp
10:13:27.574,1,-1.672063,1.437492,-2.46293,guided_exp
10:13:27.674,2,-2.533656,1.528987,-2.510955,guided_exp
10:13:27.675,1,-1.671412,1.437614,-2.461736,guided_exp
10:13:27.776,2,-2.533109,1.527424,-2.511289,guided_exp
10:13:27.776,1,-1.670459,1.43808,-2.460289,guided_exp
10:13:27.857,2,-2.532418,1.526594,-2.512016,guided_exp
10:13:27.857,1,-1.66999,1.438315,-2.46024,guided_exp
10:13:27.942,2,-2.532491,1.525742,-2.512304,guided_exp
10:13:27.943,1,-1.66977,1.438212,-2.459997,guided_exp
10:13:28.041,2,-2.532157,1.525502,-2.512179,guided_exp
10:13:28.043,1,-1.669185,1.437616,-2.460016,guided_exp
10:13:28.142,2,-2.531684,1.524949,-2.513309,guided_exp
10:13:28.143,1,-1.668577,1.4385,-2.459577,guided_exp
10:13:28.241,2,-2.530985,1.524159,-2.512644,guided_exp
10:13:28.241,1,-1.66708,1.435842,-2.458211,guided_exp
10:13:28.341,2,-2.530052,1.524522,-2.512458,guided_exp
10:13:28.341,1,-1.665518,1.433933,-2.456861,guided_exp
10:13:28.423,2,-2.530558,1.524766,-2.512111,guided_exp
10:13:28.424,1,-1.664174,1.433735,-2.455776,guided_exp
10:13:28.508,2,-2.529924,1.526018,-2.512048,guided_exp
10:13:28.508,1,-1.663425,1.434096,-2.455523,guided_exp
10:13:28.607,2,-2.532227,1.526577,-2.51136,guided_exp
10:13:28.608,1,-1.662079,1.43429,-2.454464,guided_exp
10:13:28.708,2,-2.532804,1.526197,-2.511058,guided_exp
10:13:28.708,1,-1.660583,1.4359,-2.453049,guided_exp
10:13:28.808,2,-2.532331,1.528025,-2.509617,guided_exp
10:13:28.808,1,-1.658085,1.440678,-2.450313,guided_exp
10:13:28.890,2,-2.533718,1.527914,-2.508667,guided_exp
10:13:28.890,1,-1.656866,1.450447,-2.448946,guided_exp
10:13:28.974,2,-2.534568,1.527789,-2.507665,guided_exp
10:13:28.975,1,-1.655839,1.459742,-2.447125,guided_exp
10:13:29.074,2,-2.534761,1.52812,-2.506262,guided_exp
10:13:29.074,1,-1.654673,1.460527,-2.446143,guided_exp
10:13:29.174,2,-2.536467,1.528121,-2.504251,guided_exp
10:13:29.175,1,-1.65303,1.460628,-2.44503,guided_exp
10:13:29.257,2,-2.53599,1.528197,-2.502813,guided_exp
10:13:29.257,1,-1.652447,1.461172,-2.444618,guided_exp
10:13:29.342,2,-2.535884,1.528132,-2.50248,guided_exp
10:13:29.342,1,-1.652152,1.461564,-2.444302,guided_exp
10:13:29.446,2,-2.538183,1.528376,-2.500839,guided_exp
10:13:29.446,1,-1.65137,1.461678,-2.44259,guided_exp
10:13:29.541,2,-2.538434,1.528121,-2.500364,guided_exp
10:13:29.541,1,-1.650538,1.460508,-2.440812,guided_exp
10:13:29.642,2,-2.537358,1.52795,-2.499878,guided_exp
10:13:29.643,1,-1.650309,1.460689,-2.440494,guided_exp
10:13:29.741,2,-2.53503,1.527667,-2.499776,guided_exp
10:13:29.741,1,-1.650146,1.460386,-2.440456,guided_exp
10:13:29.841,2,-2.534754,1.527662,-2.49932,guided_exp
10:13:29.843,1,-1.650045,1.460694,-2.440359,guided_exp
10:13:29.924,2,-2.534402,1.52719,-2.497911,guided_exp
10:13:29.924,1,-1.649914,1.460712,-2.440283,guided_exp
10:13:30.008,2,-2.534965,1.527356,-2.497321,guided_exp
10:13:30.008,1,-1.649707,1.460984,-2.440379,guided_exp
10:13:30.108,2,-2.533434,1.527091,-2.495763,guided_exp
10:13:30.108,1,-1.649663,1.461223,-2.440592,guided_exp
10:13:30.208,2,-2.529225,1.525124,-2.492476,guided_exp
10:13:30.208,1,-1.64988,1.452069,-2.440727,guided_exp
10:13:30.308,2,-2.531219,1.525549,-2.493121,guided_exp
10:13:30.308,1,-1.650299,1.456261,-2.44091,guided_exp
10:13:30.407,2,-2.533251,1.525444,-2.493604,guided_exp
10:13:30.408,1,-1.65109,1.456763,-2.441564,guided_exp
10:13:30.508,2,-2.535482,1.525307,-2.493398,guided_exp
10:13:30.508,1,-1.651678,1.45724,-2.442017,guided_exp
10:13:30.608,2,-2.536909,1.525116,-2.491462,guided_exp
10:13:30.608,1,-1.653274,1.456515,-2.443786,guided_exp
10:13:30.709,2,-2.536407,1.524779,-2.491047,guided_exp
10:13:30.709,1,-1.655172,1.454569,-2.445435,guided_exp
10:13:30.808,2,-2.536466,1.523889,-2.48966,guided_exp
10:13:30.808,1,-1.655974,1.455472,-2.445905,guided_exp
10:13:30.908,2,-2.535702,1.523645,-2.490181,guided_exp
10:13:30.908,1,-1.657999,1.458284,-2.446485,guided_exp
10:13:31.007,2,-2.535294,1.523428,-2.48803,guided_exp
10:13:31.008,1,-1.660279,1.459207,-2.447279,guided_exp
10:13:31.108,2,-2.53457,1.523333,-2.485982,guided_exp
10:13:31.108,1,-1.660523,1.458985,-2.446591,guided_exp
10:13:31.190,2,-2.534325,1.52365,-2.482725,guided_exp
10:13:31.190,1,-1.662271,1.4552,-2.446154,guided_exp
10:13:31.340,2,-2.535067,1.523426,-2.480212,guided_exp
10:13:31.340,1,-1.667675,1.452686,-2.445958,guided_exp
10:13:31.509,2,-2.53308,1.523322,-2.473847,guided_exp
10:13:31.509,1,-1.671469,1.44686,-2.444477,guided_exp
10:13:31.590,2,-2.532623,1.522737,-2.471845,guided_exp
10:13:31.590,1,-1.670985,1.444817,-2.443419,guided_exp
10:13:31.674,2,-2.532491,1.523128,-2.471024,guided_exp
10:13:31.675,1,-1.669592,1.443367,-2.443483,guided_exp
10:13:31.757,2,-2.531961,1.523177,-2.471092,guided_exp
10:13:31.757,1,-1.664497,1.442063,-2.442691,guided_exp
10:13:31.890,2,-2.530841,1.523896,-2.4735,guided_exp
10:13:31.890,1,-1.638621,1.440598,-2.440984,guided_exp
10:13:31.990,2,-2.530433,1.524242,-2.474908,guided_exp
10:13:31.990,1,-1.625816,1.439502,-2.441139,guided_exp
10:13:32.074,2,-2.528933,1.526756,-2.477134,guided_exp
10:13:32.074,1,-1.604405,1.438965,-2.442409,guided_exp
10:13:32.157,2,-2.526703,1.528153,-2.479582,guided_exp
10:13:32.158,1,-1.588206,1.438502,-2.44396,guided_exp
10:13:32.240,2,-2.525329,1.529255,-2.483163,guided_exp
10:13:32.240,1,-1.573752,1.437379,-2.448217,guided_exp
10:13:32.391,2,-2.515079,1.529792,-2.49148,guided_exp
10:13:32.391,1,-1.545737,1.43745,-2.453534,guided_exp
10:13:32.491,2,-2.513927,1.530189,-2.49354,guided_exp
10:13:32.492,1,-1.537493,1.437295,-2.454693,guided_exp
10:13:32.590,2,-2.508217,1.529927,-2.499995,guided_exp
10:13:32.590,1,-1.523122,1.437105,-2.457877,guided_exp
10:13:32.674,2,-2.508261,1.530458,-2.500587,guided_exp
10:13:32.674,1,-1.520146,1.437341,-2.459243,guided_exp
10:13:32.774,2,-2.508898,1.530199,-2.501085,guided_exp
10:13:32.776,1,-1.516729,1.437368,-2.460854,guided_exp
10:13:32.857,2,-2.51509,1.529053,-2.499066,guided_exp
10:13:32.857,1,-1.51566,1.438113,-2.461068,guided_exp
10:13:33.007,2,-2.528909,1.52986,-2.489098,guided_exp
10:13:33.007,1,-1.516001,1.438337,-2.461289,guided_exp
10:13:33.108,2,-2.541535,1.53342,-2.478173,guided_exp
10:13:33.108,1,-1.518998,1.438889,-2.460761,guided_exp
10:13:33.208,2,-2.561573,1.537113,-2.461624,guided_exp
10:13:33.208,1,-1.51955,1.439113,-2.460919,guided_exp
10:13:33.309,2,-2.57089,1.539603,-2.447671,guided_exp
10:13:33.309,1,-1.522472,1.440177,-2.45954,guided_exp
10:13:33.390,2,-2.572385,1.540599,-2.43753,guided_exp
10:13:33.390,1,-1.525396,1.441251,-2.457285,guided_exp
10:13:33.475,2,-2.573006,1.540867,-2.43211,guided_exp
10:13:33.475,1,-1.526931,1.442169,-2.457525,guided_exp
10:13:33.557,2,-2.574489,1.5402,-2.425263,guided_exp
10:13:33.557,1,-1.528232,1.44284,-2.456506,guided_exp
10:13:33.707,2,-2.573503,1.541073,-2.423593,guided_exp
10:13:33.707,1,-1.529803,1.44285,-2.454853,guided_exp
10:13:33.790,2,-2.57061,1.54087,-2.421547,guided_exp
10:13:33.790,1,-1.530935,1.442901,-2.45345,guided_exp
10:13:33.874,2,-2.566234,1.541211,-2.41932,guided_exp
10:13:33.874,1,-1.531972,1.443118,-2.453239,guided_exp
10:13:33.957,2,-2.56254,1.541334,-2.418935,guided_exp
10:13:33.958,1,-1.532261,1.443368,-2.452864,guided_exp
10:13:34.058,2,-2.542615,1.541173,-2.418576,guided_exp
10:13:34.058,1,-1.533287,1.443977,-2.451205,guided_exp
10:13:34.140,2,-2.526129,1.540841,-2.42128,guided_exp
10:13:34.140,1,-1.533671,1.444137,-2.450707,guided_exp
10:13:34.224,2,-2.512679,1.540493,-2.420656,guided_exp
10:13:34.225,1,-1.533931,1.445572,-2.449986,guided_exp
10:13:34.324,2,-2.489608,1.539918,-2.418833,guided_exp
10:13:34.325,1,-1.534043,1.44642,-2.449568,guided_exp
10:13:34.407,2,-2.4717,1.53959,-2.419393,guided_exp
10:13:34.407,1,-1.534175,1.44567,-2.449312,guided_exp
10:13:34.491,2,-2.462655,1.53887,-2.419366,guided_exp
10:13:34.493,1,-1.534291,1.443839,-2.449095,guided_exp
10:13:34.591,2,-2.453512,1.538012,-2.419715,guided_exp
10:13:34.593,1,-1.53428,1.442351,-2.448869,guided_exp
10:13:34.674,2,-2.440123,1.53825,-2.419801,guided_exp
10:13:34.674,1,-1.533997,1.402616,-2.448713,guided_exp
10:13:34.757,2,-2.427495,1.539194,-2.420009,guided_exp
10:13:34.757,1,-1.533897,1.439921,-2.449123,guided_exp
10:13:34.840,2,-2.423419,1.539475,-2.4215,guided_exp
10:13:34.841,1,-1.533069,1.441812,-2.449842,guided_exp
10:13:34.924,2,-2.41788,1.539861,-2.42293,guided_exp
10:13:34.925,1,-1.5325,1.442357,-2.450463,guided_exp
10:13:35.007,2,-2.416972,1.539484,-2.4233,guided_exp
10:13:35.007,1,-1.531757,1.442453,-2.450896,guided_exp
10:13:35.090,2,-2.41487,1.538372,-2.426404,guided_exp
10:13:35.091,1,-1.531425,1.442223,-2.45186,guided_exp
10:13:35.174,2,-2.414895,1.538127,-2.426723,guided_exp
10:13:35.174,1,-1.531538,1.441778,-2.452603,guided_exp
10:13:35.275,2,-2.414926,1.537184,-2.42767,guided_exp
10:13:35.275,1,-1.531196,1.446893,-2.453698,guided_exp
10:13:35.357,2,-2.41557,1.536759,-2.428416,guided_exp
10:13:35.357,1,-1.531217,1.448458,-2.454517,guided_exp
10:13:35.507,2,-2.415671,1.536364,-2.42887,guided_exp
10:13:35.507,1,-1.530827,1.448682,-2.455052,guided_exp
10:13:35.590,2,-2.41575,1.536272,-2.428784,guided_exp
10:13:35.591,1,-1.530808,1.445952,-2.455308,guided_exp
10:13:35.691,2,-2.415368,1.536917,-2.428412,guided_exp
10:13:35.692,1,-1.531385,1.4445,-2.456316,guided_exp
10:13:35.791,2,-2.414551,1.536901,-2.427497,guided_exp
10:13:35.791,1,-1.530947,1.442235,-2.456086,guided_exp
10:13:35.890,2,-2.413993,1.536728,-2.425317,guided_exp
10:13:35.890,1,-1.530255,1.44169,-2.455842,guided_exp
10:13:35.991,2,-2.413834,1.5362,-2.424563,guided_exp
10:13:35.993,1,-1.529765,1.439432,-2.455048,guided_exp
10:13:36.091,2,-2.413742,1.535794,-2.424046,guided_exp
10:13:36.092,1,-1.52899,1.44149,-2.454086,guided_exp
10:13:36.174,2,-2.41382,1.535573,-2.423546,guided_exp
10:13:36.174,1,-1.526895,1.437905,-2.453381,guided_exp
10:13:36.257,2,-2.413831,1.535925,-2.423233,guided_exp
10:13:36.257,1,-1.526597,1.435719,-2.451796,guided_exp
10:13:36.357,2,-2.413912,1.535851,-2.423078,guided_exp
10:13:36.357,1,-1.525173,1.436717,-2.45083,guided_exp
10:13:36.458,2,-2.414036,1.534812,-2.422903,guided_exp
10:13:36.458,1,-1.523437,1.432403,-2.450082,guided_exp
10:13:36.540,2,-2.41419,1.534317,-2.422602,guided_exp
10:13:36.541,1,-1.521375,1.433482,-2.448696,guided_exp
10:13:36.625,2,-2.414638,1.534087,-2.422173,guided_exp
10:13:36.625,1,-1.519469,1.438885,-2.448184,guided_exp
10:13:36.726,2,-2.4149,1.533854,-2.42218,guided_exp
10:13:36.726,1,-1.517244,1.438804,-2.447045,guided_exp
10:13:36.807,2,-2.415311,1.533416,-2.422124,guided_exp
10:13:36.807,1,-1.515884,1.43931,-2.446603,guided_exp
10:13:36.891,2,-2.415496,1.533185,-2.422069,guided_exp
10:13:36.892,1,-1.51325,1.437913,-2.44674,guided_exp
10:13:36.974,2,-2.415926,1.532967,-2.422,guided_exp
10:13:36.974,1,-1.511358,1.437224,-2.447113,guided_exp
10:13:37.126,2,-2.415999,1.532896,-2.422151,guided_exp
10:13:37.126,1,-1.508573,1.43441,-2.447774,guided_exp
10:13:37.207,2,-2.416292,1.532493,-2.422277,guided_exp
10:13:37.207,1,-1.508011,1.433439,-2.447839,guided_exp
10:13:37.290,2,-2.416578,1.532493,-2.422309,guided_exp
10:13:37.290,1,-1.508741,1.432371,-2.446779,guided_exp
10:13:37.374,2,-2.41671,1.532891,-2.422571,guided_exp
10:13:37.374,1,-1.510575,1.43022,-2.444528,guided_exp
10:13:37.474,2,-2.416856,1.532851,-2.422155,guided_exp
10:13:37.474,1,-1.521086,1.428625,-2.439529,guided_exp
10:13:37.557,2,-2.416323,1.532966,-2.42302,guided_exp
10:13:37.557,1,-1.533899,1.426103,-2.43286,guided_exp
10:13:37.641,2,-2.416485,1.533295,-2.423378,guided_exp
10:13:37.641,1,-1.545821,1.424857,-2.426152,guided_exp
10:13:37.741,2,-2.417129,1.533462,-2.423794,guided_exp
10:13:37.741,1,-1.561188,1.424419,-2.419422,guided_exp
10:13:37.841,2,-2.41738,1.53372,-2.424114,guided_exp
10:13:37.842,1,-1.603906,1.423807,-2.401,guided_exp
10:13:37.924,2,-2.419802,1.533908,-2.423572,guided_exp
10:13:37.924,1,-1.633068,1.422695,-2.389236,guided_exp
10:13:38.008,2,-2.422824,1.534103,-2.42263,guided_exp
10:13:38.008,1,-1.653279,1.422968,-2.377056,guided_exp
10:13:38.109,2,-2.423451,1.534226,-2.423275,guided_exp
10:13:38.109,1,-1.680271,1.42298,-2.368865,guided_exp
10:13:38.190,2,-2.425665,1.534713,-2.424018,guided_exp
10:13:38.191,1,-1.702575,1.422462,-2.359631,guided_exp
10:13:38.291,2,-2.435098,1.534728,-2.422091,guided_exp
10:13:38.291,1,-1.716807,1.421936,-2.354353,guided_exp
10:13:38.391,2,-2.442234,1.534784,-2.420672,guided_exp
10:13:38.392,1,-1.73338,1.421643,-2.347442,guided_exp
10:13:38.474,2,-2.454591,1.534756,-2.41838,guided_exp
10:13:38.474,1,-1.746025,1.421178,-2.342499,guided_exp
10:13:38.558,2,-2.463095,1.53509,-2.417265,guided_exp
10:13:38.558,1,-1.752968,1.419881,-2.33901,guided_exp
10:13:38.658,2,-2.47823,1.535229,-2.413039,guided_exp
10:13:38.658,1,-1.764278,1.419279,-2.33352,guided_exp
10:13:38.740,2,-2.491332,1.53487,-2.412148,guided_exp
10:13:38.741,1,-1.775253,1.419388,-2.330188,guided_exp
10:13:38.824,2,-2.501889,1.535147,-2.409817,guided_exp
10:13:38.824,1,-1.782201,1.419375,-2.328014,guided_exp
10:13:38.924,2,-2.51926,1.535107,-2.409816,guided_exp
10:13:38.925,1,-1.794319,1.419098,-2.325218,guided_exp
10:13:39.007,2,-2.534012,1.534968,-2.409582,guided_exp
10:13:39.007,1,-1.80745,1.418464,-2.321561,guided_exp
10:13:39.107,2,-2.555086,1.53416,-2.406216,guided_exp
10:13:39.108,1,-1.822849,1.418666,-2.317902,guided_exp
10:13:39.209,2,-2.568556,1.534014,-2.400864,guided_exp
10:13:39.209,1,-1.835503,1.418794,-2.314021,guided_exp
10:13:39.309,2,-2.579462,1.53403,-2.394723,guided_exp
10:13:39.309,1,-1.849524,1.418554,-2.301267,guided_exp
10:13:39.390,2,-2.599271,1.533703,-2.37689,guided_exp
10:13:39.391,1,-1.861755,1.418694,-2.288033,guided_exp
10:13:39.474,2,-2.608053,1.533483,-2.360444,guided_exp
10:13:39.474,1,-1.866903,1.418993,-2.276562,guided_exp
10:13:39.557,2,-2.617782,1.533513,-2.330637,guided_exp
10:13:39.557,1,-1.872305,1.419124,-2.249546,guided_exp
10:13:39.640,2,-2.625992,1.533167,-2.311072,guided_exp
10:13:39.640,1,-1.878205,1.419309,-2.233351,guided_exp
10:13:39.725,2,-2.633061,1.53293,-2.283727,guided_exp
10:13:39.725,1,-1.881539,1.419285,-2.206667,guided_exp
10:13:39.807,2,-2.64438,1.532887,-2.226633,guided_exp
10:13:39.807,1,-1.882831,1.41921,-2.148746,guided_exp
10:13:39.891,2,-2.657276,1.532931,-2.182229,guided_exp
10:13:39.892,1,-1.885499,1.418571,-2.115743,guided_exp
10:13:39.974,2,-2.682362,1.532675,-2.108423,guided_exp
10:13:39.974,1,-1.885867,1.417697,-2.062504,guided_exp
10:13:40.058,2,-2.682602,1.532941,-2.063674,guided_exp
10:13:40.058,1,-1.885187,1.417192,-2.032883,guided_exp
10:13:40.140,2,-2.705118,1.53322,-1.996411,guided_exp
10:13:40.141,1,-1.890563,1.416761,-1.98891,guided_exp
10:13:40.224,2,-2.71646,1.533488,-1.960871,guided_exp
10:13:40.225,1,-1.896879,1.417284,-1.961277,guided_exp
10:13:40.307,2,-2.737045,1.533001,-1.911652,guided_exp
10:13:40.308,1,-1.908264,1.417246,-1.939518,guided_exp
10:13:40.390,2,-2.76065,1.533012,-1.866334,guided_exp
10:13:40.391,1,-1.924408,1.417251,-1.899816,guided_exp
10:13:40.474,2,-2.774959,1.531539,-1.839219,guided_exp
10:13:40.474,1,-1.931804,1.417336,-1.886473,guided_exp
10:13:40.641,2,-2.811468,1.530369,-1.780701,guided_exp
10:13:40.642,1,-1.970694,1.417815,-1.849089,guided_exp
10:13:40.741,2,-2.853766,1.529817,-1.711893,guided_exp
10:13:40.742,1,-2.025135,1.41781,-1.824925,guided_exp
10:13:40.841,2,-2.8995,1.530389,-1.651725,guided_exp
10:13:40.841,1,-2.064999,1.418162,-1.808073,guided_exp
10:13:40.940,2,-2.937259,1.531236,-1.59917,guided_exp
10:13:40.941,1,-2.09143,1.418211,-1.797005,guided_exp
10:13:41.041,2,-2.97931,1.531477,-1.54483,guided_exp
10:13:41.042,1,-2.123579,1.418282,-1.787783,guided_exp
10:13:41.141,2,-3.016268,1.531635,-1.49125,guided_exp
10:13:41.142,1,-2.145622,1.418562,-1.779298,guided_exp
10:13:41.224,2,-3.031817,1.531577,-1.479676,guided_exp
10:13:41.224,1,-2.158783,1.418684,-1.772453,guided_exp
10:13:41.308,2,-3.051574,1.531445,-1.428745,guided_exp
10:13:41.308,1,-2.166891,1.418231,-1.765371,guided_exp
10:13:41.408,2,-3.061195,1.531324,-1.420248,guided_exp
10:13:41.408,1,-2.170913,1.418103,-1.759593,guided_exp
10:13:41.508,2,-3.068056,1.531305,-1.403641,guided_exp
10:13:41.508,1,-2.174991,1.418861,-1.752158,guided_exp
10:13:41.608,2,-3.074547,1.531414,-1.393796,guided_exp
10:13:41.608,1,-2.175437,1.418924,-1.744464,guided_exp
10:13:41.709,2,-3.078383,1.531383,-1.391051,guided_exp
10:13:41.710,1,-2.175395,1.419107,-1.739503,guided_exp
10:13:41.809,2,-3.083163,1.531208,-1.390627,guided_exp
10:13:41.810,1,-2.176757,1.419619,-1.729415,guided_exp
10:13:41.908,2,-3.095384,1.531127,-1.388056,guided_exp
10:13:41.908,1,-2.176027,1.421619,-1.724411,guided_exp
10:13:41.990,2,-3.106395,1.531104,-1.386466,guided_exp
10:13:41.990,1,-2.175087,1.421,-1.719906,guided_exp
10:13:42.075,2,-3.118637,1.531308,-1.383481,guided_exp
10:13:42.076,1,-2.175268,1.421434,-1.71702,guided_exp
10:13:42.174,2,-3.135327,1.531456,-1.380071,guided_exp
10:13:42.175,1,-2.174761,1.42136,-1.716497,guided_exp
10:13:42.257,2,-3.156473,1.531618,-1.378038,guided_exp
10:13:42.257,1,-2.174651,1.421656,-1.714694,guided_exp
10:13:42.340,2,-3.180412,1.53214,-1.373988,guided_exp
10:13:42.341,1,-2.17469,1.42172,-1.715563,guided_exp
10:13:42.424,2,-3.206446,1.532714,-1.374437,guided_exp
10:13:42.425,1,-2.17511,1.421803,-1.714368,guided_exp
10:13:42.507,2,-3.225992,1.532918,-1.371145,guided_exp
10:13:42.507,1,-2.174863,1.422511,-1.712472,guided_exp
10:13:42.609,2,-3.264916,1.532836,-1.367712,guided_exp
10:13:42.609,1,-2.174812,1.424414,-1.714776,guided_exp
10:13:42.690,2,-3.303158,1.532018,-1.367164,guided_exp
10:13:42.690,1,-2.175524,1.425173,-1.714318,guided_exp
10:13:42.774,2,-3.317858,1.531918,-1.365501,guided_exp
10:13:42.774,1,-2.176137,1.426155,-1.714898,guided_exp
10:13:42.874,2,-3.354663,1.531542,-1.363532,guided_exp
10:13:42.874,1,-2.177607,1.428045,-1.714355,guided_exp
10:13:42.957,2,-3.38405,1.530234,-1.361047,guided_exp
10:13:42.957,1,-2.179466,1.430344,-1.714789,guided_exp
10:13:43.041,2,-3.417608,1.530589,-1.364517,guided_exp
10:13:43.041,1,-2.180952,1.430315,-1.713336,guided_exp
10:13:43.190,2,-3.480793,1.532026,-1.362946,guided_exp
10:13:43.190,1,-2.184694,1.430804,-1.713343,guided_exp
10:13:43.274,2,-3.51025,1.531992,-1.364221,guided_exp
10:13:43.274,1,-2.185145,1.43091,-1.715169,guided_exp
10:13:43.374,2,-3.565734,1.533004,-1.365077,guided_exp
10:13:43.374,1,-2.187336,1.431237,-1.71465,guided_exp
10:13:43.474,2,-3.636789,1.537149,-1.366857,guided_exp
10:13:43.474,1,-2.190153,1.432325,-1.715286,guided_exp
10:13:43.557,2,-3.705941,1.540578,-1.361951,guided_exp
10:13:43.557,1,-2.195889,1.432819,-1.719304,guided_exp
10:13:43.640,2,-3.779121,1.541613,-1.358728,guided_exp
10:13:43.641,1,-2.19851,1.433257,-1.721106,guided_exp
10:13:43.741,2,-3.843004,1.542163,-1.356844,guided_exp
10:13:43.742,1,-2.203341,1.435444,-1.722769,guided_exp
10:13:43.841,2,-3.895876,1.542002,-1.346009,guided_exp
10:13:43.841,1,-2.207042,1.440745,-1.723593,guided_exp
10:13:43.924,2,-3.942669,1.541323,-1.329759,guided_exp
10:13:43.924,1,-2.210062,1.441524,-1.724818,guided_exp
10:13:44.008,2,-3.966056,1.541273,-1.318083,guided_exp
10:13:44.008,1,-2.211853,1.444866,-1.725072,guided_exp
10:13:44.108,2,-4.011209,1.541393,-1.285235,guided_exp
10:13:44.108,1,-2.215218,1.445415,-1.724895,guided_exp
10:13:44.208,2,-4.03478,1.540961,-1.254909,guided_exp
10:13:44.208,1,-2.218785,1.446946,-1.726302,guided_exp
10:13:44.308,2,-4.056617,1.540531,-1.214255,guided_exp
10:13:44.308,1,-2.222245,1.449755,-1.725109,guided_exp
10:13:44.408,2,-4.070085,1.540485,-1.16042,guided_exp
10:13:44.408,1,-2.225314,1.454216,-1.725326,guided_exp
10:13:44.508,2,-4.084654,1.540492,-1.103186,guided_exp
10:13:44.508,1,-2.227201,1.457612,-1.723193,guided_exp
10:13:44.608,2,-4.102635,1.540585,-1.066561,guided_exp
10:13:44.608,1,-2.22919,1.460229,-1.723362,guided_exp
10:13:44.708,2,-4.116874,1.54056,-1.03116,guided_exp
10:13:44.708,1,-2.231185,1.462225,-1.721421,guided_exp
10:13:44.790,2,-4.123941,1.541015,-1.009111,guided_exp
10:13:44.791,1,-2.232002,1.458135,-1.721736,guided_exp
10:13:44.874,2,-4.133655,1.540675,-0.980146,guided_exp
10:13:44.875,1,-2.23377,1.457254,-1.721823,guided_exp
10:13:44.974,2,-4.150221,1.540373,-0.96253,guided_exp
10:13:44.974,1,-2.232885,1.457332,-1.721727,guided_exp
10:13:45.074,2,-4.157813,1.540466,-0.961462,guided_exp
10:13:45.075,1,-2.233404,1.456576,-1.720952,guided_exp
10:13:45.176,2,-4.161846,1.540592,-0.946837,guided_exp
10:13:45.176,1,-2.234525,1.455888,-1.721846,guided_exp
10:13:45.257,2,-4.166948,1.540927,-0.941999,guided_exp
10:13:45.257,1,-2.233192,1.450409,-1.719783,guided_exp
10:13:45.341,2,-4.170394,1.540695,-0.936208,guided_exp
10:13:45.342,1,-2.231095,1.44793,-1.720616,guided_exp
10:13:45.424,2,-4.174169,1.540834,-0.933724,guided_exp
10:13:45.424,1,-2.231796,1.445026,-1.720373,guided_exp
10:13:45.508,2,-4.180676,1.540849,-0.935149,guided_exp
10:13:45.508,1,-2.232366,1.443468,-1.71995,guided_exp
10:13:45.590,2,-4.181941,1.541023,-0.935121,guided_exp
10:13:45.591,1,-2.233266,1.442664,-1.720575,guided_exp
10:13:45.724,2,-4.184035,1.541156,-0.936531,guided_exp
10:13:45.724,1,-2.235396,1.441114,-1.724114,guided_exp
10:13:45.824,2,-4.184349,1.541323,-0.937163,guided_exp
10:13:45.825,1,-2.237735,1.441245,-1.725763,guided_exp
10:13:45.925,2,-4.183717,1.541235,-0.938371,guided_exp
10:13:45.925,1,-2.242069,1.441682,-1.727609,guided_exp
10:13:46.026,2,-4.18198,1.541252,-0.942238,guided_exp
10:13:46.026,1,-2.244231,1.441771,-1.727958,guided_exp
10:13:46.125,2,-4.177708,1.541247,-0.961538,guided_exp
10:13:46.125,1,-2.244207,1.445297,-1.727562,guided_exp
10:13:46.207,2,-4.178059,1.541321,-0.97942,guided_exp
10:13:46.207,1,-2.244538,1.444925,-1.728786,guided_exp
10:13:46.290,2,-4.186006,1.541215,-1.01365,guided_exp
10:13:46.291,1,-2.243746,1.444318,-1.727796,guided_exp
10:13:46.374,2,-4.179258,1.54105,-1.030383,guided_exp
10:13:46.374,1,-2.242966,1.445254,-1.726541,guided_exp
10:13:46.457,2,-4.172089,1.541046,-1.061778,guided_exp
10:13:46.458,1,-2.239522,1.446095,-1.725307,guided_exp
10:13:46.540,2,-4.173116,1.54123,-1.114099,guided_exp
10:13:46.541,1,-2.232978,1.447257,-1.72126,guided_exp
10:13:46.624,2,-4.158136,1.541141,-1.144975,guided_exp
10:13:46.624,1,-2.231273,1.447667,-1.721064,guided_exp
10:13:46.707,2,-4.143497,1.540749,-1.174398,guided_exp
10:13:46.707,1,-2.231046,1.448179,-1.72076,guided_exp
10:13:46.809,2,-4.129374,1.540789,-1.213526,guided_exp
10:13:46.809,1,-2.232227,1.448646,-1.720147,guided_exp
10:13:46.909,2,-4.097252,1.540785,-1.250172,guided_exp
10:13:46.910,1,-2.240606,1.448983,-1.722313,guided_exp
10:13:47.008,2,-4.05126,1.541025,-1.291592,guided_exp
10:13:47.008,1,-2.256984,1.449045,-1.725852,guided_exp
10:13:47.109,2,-3.966988,1.540958,-1.344362,guided_exp
10:13:47.110,1,-2.285662,1.449093,-1.739272,guided_exp
10:13:47.190,2,-3.909282,1.540639,-1.395156,guided_exp
10:13:47.191,1,-2.32403,1.448219,-1.751346,guided_exp
10:13:47.275,2,-3.877976,1.54079,-1.430855,guided_exp
10:13:47.276,1,-2.354967,1.447551,-1.768138,guided_exp
10:13:47.357,2,-3.840115,1.540792,-1.466851,guided_exp
10:13:47.357,1,-2.40018,1.447097,-1.792445,guided_exp
10:13:47.508,2,-3.796569,1.541006,-1.49931,guided_exp
10:13:47.508,1,-2.444446,1.446506,-1.814029,guided_exp
10:13:47.609,2,-3.767489,1.541181,-1.524998,guided_exp
10:13:47.610,1,-2.460871,1.446034,-1.824796,guided_exp
10:13:47.708,2,-3.753165,1.541182,-1.539881,guided_exp
10:13:47.708,1,-2.472079,1.445897,-1.833505,guided_exp
10:13:47.808,2,-3.743982,1.541399,-1.557444,guided_exp
10:13:47.808,1,-2.476735,1.445834,-1.836031,guided_exp
10:13:47.909,2,-3.737354,1.541422,-1.568971,guided_exp
10:13:47.910,1,-2.482405,1.445895,-1.83787,guided_exp
10:13:48.008,2,-3.733787,1.541022,-1.577164,guided_exp
10:13:48.008,1,-2.483471,1.44595,-1.838529,guided_exp
10:13:48.126,2,-3.72806,1.540656,-1.58488,guided_exp
10:13:48.126,1,-2.483275,1.446045,-1.838497,guided_exp
10:13:48.224,2,-3.726586,1.540444,-1.592942,guided_exp
10:13:48.224,1,-2.481155,1.446018,-1.835633,guided_exp
10:13:48.325,2,-3.725699,1.540066,-1.597901,guided_exp
10:13:48.325,1,-2.47956,1.445963,-1.834139,guided_exp
10:13:48.408,2,-3.726178,1.539796,-1.59999,guided_exp
10:13:48.408,1,-2.477069,1.445991,-1.831991,guided_exp
10:13:48.507,2,-3.728213,1.539499,-1.603799,guided_exp
10:13:48.507,1,-2.475333,1.445982,-1.83003,guided_exp
10:13:48.608,2,-3.731733,1.539282,-1.608023,guided_exp
10:13:48.608,1,-2.468836,1.445991,-1.826098,guided_exp
10:13:48.708,2,-3.732889,1.538374,-1.608935,guided_exp
10:13:48.708,1,-2.466712,1.446014,-1.824447,guided_exp
10:13:48.807,2,-3.738107,1.537646,-1.612871,guided_exp
10:13:48.808,1,-2.463309,1.446085,-1.82369,guided_exp
10:13:48.907,2,-3.742841,1.536932,-1.616532,guided_exp
10:13:48.907,1,-2.462876,1.446182,-1.823708,guided_exp
10:13:49.008,2,-3.74577,1.535409,-1.619044,guided_exp
10:13:49.008,1,-2.461748,1.446223,-1.823968,guided_exp
10:13:49.091,2,-3.744314,1.533578,-1.61838,guided_exp
10:13:49.091,1,-2.461707,1.446268,-1.823777,guided_exp
10:13:49.174,2,-3.738979,1.53352,-1.616236,guided_exp
10:13:49.174,1,-2.462072,1.446285,-1.824157,guided_exp
10:13:49.257,2,-3.736275,1.533485,-1.615729,guided_exp
10:13:49.257,1,-2.462533,1.446493,-1.824921,guided_exp
10:13:49.358,2,-3.733735,1.531822,-1.615117,guided_exp
10:13:49.358,1,-2.462693,1.446686,-1.825639,guided_exp
10:13:49.474,2,-3.729661,1.53127,-1.613083,guided_exp
10:13:49.474,1,-2.462465,1.447202,-1.826429,guided_exp
10:13:49.574,2,-3.730079,1.533173,-1.606571,guided_exp
10:13:49.575,1,-2.462603,1.447258,-1.827385,guided_exp
10:13:49.674,2,-3.733741,1.533112,-1.596565,guided_exp
10:13:49.674,1,-2.462762,1.447195,-1.829025,guided_exp
10:13:49.774,2,-3.736626,1.536308,-1.593231,guided_exp
10:13:49.774,1,-2.46297,1.44707,-1.832903,guided_exp
10:13:49.875,2,-3.740583,1.53652,-1.590428,guided_exp
10:13:49.875,1,-2.464008,1.448995,-1.835593,guided_exp
10:13:49.974,2,-3.740808,1.536786,-1.577008,guided_exp
10:13:49.974,1,-2.466431,1.449518,-1.839153,guided_exp
10:13:50.074,2,-3.74083,1.537622,-1.559464,guided_exp
10:13:50.075,1,-2.469105,1.451584,-1.843199,guided_exp
10:13:50.175,2,-3.746913,1.538588,-1.53251,guided_exp
10:13:50.175,1,-2.471345,1.451899,-1.844719,guided_exp
10:13:50.274,2,-3.762362,1.538011,-1.505352,guided_exp
10:13:50.274,1,-2.477957,1.45182,-1.852307,guided_exp
10:13:50.357,2,-3.781786,1.537147,-1.454054,guided_exp
10:13:50.357,1,-2.481121,1.451563,-1.854527,guided_exp
10:13:50.441,2,-3.797143,1.537361,-1.410369,guided_exp
10:13:50.441,1,-2.483293,1.451098,-1.854933,guided_exp
10:13:50.524,2,-3.823988,1.538047,-1.361892,guided_exp
10:13:50.524,1,-2.487487,1.45162,-1.856744,guided_exp
10:13:50.674,2,-3.889487,1.537452,-1.299435,guided_exp
10:13:50.674,1,-2.492532,1.451259,-1.859003,guided_exp
10:13:50.757,2,-3.920945,1.536333,-1.254489,guided_exp
10:13:50.757,1,-2.495442,1.451365,-1.860444,guided_exp
10:13:50.841,2,-3.931375,1.53546,-1.226436,guided_exp
10:13:50.841,1,-2.498163,1.451153,-1.860675,guided_exp
10:13:50.924,2,-3.951793,1.535573,-1.188161,guided_exp
10:13:50.924,1,-2.505365,1.449792,-1.863093,guided_exp
10:13:51.008,2,-3.960632,1.53323,-1.177827,guided_exp
10:13:51.008,1,-2.507432,1.449168,-1.864125,guided_exp
10:13:51.108,2,-3.977215,1.534633,-1.154433,guided_exp
10:13:51.108,1,-2.514049,1.447579,-1.865761,guided_exp
10:13:51.190,2,-3.983618,1.535271,-1.13407,guided_exp
10:13:51.191,1,-2.522717,1.444805,-1.867377,guided_exp
10:13:51.274,2,-3.990673,1.535099,-1.124628,guided_exp
10:13:51.274,1,-2.528326,1.442453,-1.866621,guided_exp
10:13:51.375,2,-3.994102,1.531909,-1.11316,guided_exp
10:13:51.375,1,-2.536952,1.433804,-1.865558,guided_exp
10:13:51.474,2,-3.997484,1.528826,-1.106738,guided_exp
10:13:51.474,1,-2.546955,1.426966,-1.866333,guided_exp
10:13:51.557,2,-3.998205,1.525073,-1.099786,guided_exp
10:13:51.557,1,-2.553715,1.42465,-1.866493,guided_exp
10:13:51.641,2,-3.998487,1.524239,-1.099927,guided_exp
10:13:51.641,1,-2.557697,1.424053,-1.866183,guided_exp
10:13:51.741,2,-3.99725,1.525384,-1.101642,guided_exp
10:13:51.742,1,-2.562395,1.424848,-1.865449,guided_exp
10:13:51.841,2,-3.996543,1.524779,-1.101557,guided_exp
10:13:51.842,1,-2.565885,1.427993,-1.866196,guided_exp
10:13:51.941,2,-3.992778,1.527695,-1.10229,guided_exp
10:13:51.942,1,-2.570023,1.424455,-1.86774,guided_exp
10:13:52.041,2,-3.99143,1.530088,-1.105377,guided_exp
10:13:52.042,1,-2.571921,1.424952,-1.868877,guided_exp
10:13:52.141,2,-3.989065,1.527045,-1.107133,guided_exp
10:13:52.142,1,-2.575963,1.426328,-1.869027,guided_exp
10:13:52.240,2,-3.989229,1.526428,-1.107551,guided_exp
10:13:52.241,1,-2.576332,1.424215,-1.868706,guided_exp
10:13:52.325,2,-3.988201,1.526329,-1.103617,guided_exp
10:13:52.325,1,-2.576843,1.421061,-1.868653,guided_exp
10:13:52.425,2,-3.990405,1.518117,-1.102925,guided_exp
10:13:52.425,1,-2.577325,1.416735,-1.867914,guided_exp
10:13:52.525,2,-3.992079,1.513807,-1.105312,guided_exp
10:13:52.525,1,-2.578084,1.422051,-1.866398,guided_exp
10:13:52.608,2,-3.993854,1.513595,-1.107836,guided_exp
10:13:52.608,1,-2.578542,1.423997,-1.866822,guided_exp
10:13:52.691,2,-3.996074,1.521531,-1.110249,guided_exp
10:13:52.691,1,-2.57874,1.43154,-1.865234,guided_exp
10:13:52.791,2,-3.997477,1.51905,-1.109443,guided_exp
10:13:52.792,1,-2.578754,1.432281,-1.864497,guided_exp
10:13:52.891,2,-3.998428,1.52078,-1.112354,guided_exp
10:13:52.892,1,-2.578152,1.422574,-1.862594,guided_exp
10:13:52.974,2,-3.997477,1.520653,-1.113456,guided_exp
10:13:52.974,1,-2.578467,1.440088,-1.861856,guided_exp
10:13:53.058,2,-3.998414,1.523296,-1.115687,guided_exp
10:13:53.058,1,-2.578981,1.430427,-1.862452,guided_exp
10:13:53.158,2,-3.999154,1.522222,-1.115758,guided_exp
10:13:53.158,1,-2.579041,1.429013,-1.860989,guided_exp
10:13:53.258,2,-4.001084,1.525524,-1.115453,guided_exp
10:13:53.258,1,-2.579589,1.423556,-1.86044,guided_exp
10:13:53.340,2,-4.000641,1.524194,-1.114509,guided_exp
10:13:53.341,1,-2.579115,1.423813,-1.859625,guided_exp
10:13:53.492,2,-4.002337,1.522827,-1.115744,guided_exp
10:13:53.493,1,-2.579162,1.423778,-1.85782,guided_exp
10:13:53.574,2,-4.001694,1.522892,-1.116671,guided_exp
10:13:53.574,1,-2.578519,1.422864,-1.855718,guided_exp
10:13:53.674,2,-4.002198,1.520665,-1.117088,guided_exp
10:13:53.674,1,-2.578813,1.42061,-1.855075,guided_exp
10:13:53.757,2,-4.001884,1.519573,-1.113007,guided_exp
10:13:53.757,1,-2.578869,1.425527,-1.855097,guided_exp
10:13:53.841,2,-4.001149,1.519891,-1.11234,guided_exp
10:13:53.841,1,-2.578782,1.424522,-1.855562,guided_exp
10:13:53.924,2,-4.002986,1.518954,-1.11586,guided_exp
10:13:53.924,1,-2.578398,1.415711,-1.854559,guided_exp
10:13:54.025,2,-4.000583,1.518394,-1.113908,guided_exp
10:13:54.025,1,-2.577661,1.418261,-1.854308,guided_exp
10:13:54.125,2,-4.000363,1.518335,-1.114331,guided_exp
10:13:54.125,1,-2.576775,1.412647,-1.853038,guided_exp
10:13:54.224,2,-4.000679,1.517609,-1.114919,guided_exp
10:13:54.224,1,-2.574567,1.413731,-1.853066,guided_exp
10:13:54.307,2,-4.00102,1.519498,-1.118197,guided_exp
10:13:54.308,1,-2.57231,1.419387,-1.852898,guided_exp
10:13:54.408,2,-3.999473,1.519442,-1.118227,guided_exp
10:13:54.408,1,-2.571354,1.420914,-1.853153,guided_exp
10:13:54.508,2,-3.997922,1.519699,-1.11736,guided_exp
10:13:54.508,1,-2.569771,1.420701,-1.851822,guided_exp
10:13:54.608,2,-3.997254,1.516678,-1.116933,guided_exp
10:13:54.608,1,-2.569253,1.415647,-1.852515,guided_exp
10:13:54.708,2,-3.998113,1.517144,-1.11919,guided_exp
10:13:54.708,1,-2.568638,1.414607,-1.852417,guided_exp
10:13:54.808,2,-3.996897,1.516791,-1.1242,guided_exp
10:13:54.809,1,-2.568055,1.417643,-1.851862,guided_exp
10:13:54.907,2,-3.995098,1.517674,-1.129836,guided_exp
10:13:54.907,1,-2.567052,1.425394,-1.852068,guided_exp
10:13:54.990,2,-3.995037,1.518013,-1.131516,guided_exp
10:13:54.991,1,-2.565574,1.42759,-1.852135,guided_exp
10:13:55.074,2,-3.994043,1.51819,-1.132192,guided_exp
10:13:55.074,1,-2.565429,1.426872,-1.852474,guided_exp
10:13:55.158,2,-3.990202,1.518412,-1.134354,guided_exp
10:13:55.158,1,-2.564006,1.420351,-1.852814,guided_exp
10:13:55.257,2,-3.996938,1.518447,-1.133062,guided_exp
10:13:55.257,1,-2.562641,1.410147,-1.854565,guided_exp
10:13:55.341,2,-3.99571,1.517611,-1.133707,guided_exp
10:13:55.341,1,-2.562113,1.418904,-1.855074,guided_exp
10:13:55.452,2,-4.005857,1.517778,-1.134106,guided_exp
10:13:55.452,1,-2.561185,1.429505,-1.856241,guided_exp
10:13:55.540,2,-4.00039,1.519017,-1.133837,guided_exp
10:13:55.541,1,-2.559668,1.436022,-1.856913,guided_exp
10:13:55.624,2,-3.997244,1.519372,-1.136731,guided_exp
10:13:55.624,1,-2.558837,1.44053,-1.857496,guided_exp
10:13:55.724,2,-3.997212,1.518288,-1.135678,guided_exp
10:13:55.724,1,-2.556915,1.442994,-1.858048,guided_exp
10:13:55.825,2,-3.996799,1.518372,-1.135204,guided_exp
10:13:55.825,1,-2.556399,1.440552,-1.858505,guided_exp
10:13:55.924,2,-3.994527,1.520574,-1.135994,guided_exp
10:13:55.924,1,-2.555405,1.435273,-1.858977,guided_exp
10:13:56.074,2,-3.993165,1.519475,-1.135976,guided_exp
10:13:56.074,1,-2.554766,1.424116,-1.86066,guided_exp
10:13:56.157,2,-3.990943,1.519615,-1.139533,guided_exp
10:13:56.157,1,-2.553643,1.417961,-1.862717,guided_exp
10:13:56.258,2,-3.990439,1.517114,-1.14325,guided_exp
10:13:56.258,1,-2.553006,1.425265,-1.864363,guided_exp
10:13:56.358,2,-3.983619,1.518088,-1.150054,guided_exp
10:13:56.358,1,-2.55234,1.42793,-1.86546,guided_exp
10:13:56.457,2,-3.981278,1.518478,-1.1699,guided_exp
10:13:56.457,1,-2.552723,1.427412,-1.866529,guided_exp
10:13:56.541,2,-3.990129,1.518703,-1.18308,guided_exp
10:13:56.541,1,-2.552141,1.430494,-1.867134,guided_exp
10:13:56.641,2,-3.945417,1.518175,-1.206706,guided_exp
10:13:56.642,1,-2.552323,1.431032,-1.867777,guided_exp
10:13:56.741,2,-3.928543,1.517375,-1.230102,guided_exp
10:13:56.741,1,-2.551811,1.428894,-1.869746,guided_exp
10:13:56.841,2,-3.920712,1.516731,-1.249754,guided_exp
10:13:56.841,1,-2.55141,1.431403,-1.870384,guided_exp
10:13:56.941,2,-3.908589,1.515662,-1.270095,guided_exp
10:13:56.942,1,-2.551635,1.435447,-1.870982,guided_exp
10:13:57.041,2,-3.896395,1.51255,-1.295312,guided_exp
10:13:57.041,1,-2.551085,1.435085,-1.871827,guided_exp
10:13:57.141,2,-3.888953,1.513617,-1.316764,guided_exp
10:13:57.141,1,-2.553607,1.434652,-1.87244,guided_exp
10:13:57.241,2,-3.885356,1.513648,-1.333431,guided_exp
10:13:57.242,1,-2.560076,1.432024,-1.87335,guided_exp
10:13:57.341,2,-3.877445,1.514525,-1.348045,guided_exp
10:13:57.342,1,-2.56485,1.429253,-1.871997,guided_exp
10:13:57.424,2,-3.871149,1.515626,-1.355571,guided_exp
10:13:57.424,1,-2.578442,1.428707,-1.868899,guided_exp
10:13:57.574,2,-3.853679,1.516113,-1.352793,guided_exp
10:13:57.574,1,-2.593085,1.430276,-1.853058,guided_exp
10:13:57.675,2,-3.852117,1.514775,-1.345595,guided_exp
10:13:57.675,1,-2.607588,1.431209,-1.835127,guided_exp
10:13:57.774,2,-3.858538,1.514811,-1.338482,guided_exp
10:13:57.774,1,-2.620658,1.431267,-1.80572,guided_exp
10:13:57.857,2,-3.859541,1.515323,-1.283189,guided_exp
10:13:57.857,1,-2.644836,1.431719,-1.757635,guided_exp
10:13:57.941,2,-3.860988,1.51588,-1.262431,guided_exp
10:13:57.941,1,-2.649204,1.42552,-1.716635,guided_exp
10:13:58.025,2,-3.879895,1.517494,-1.229605,guided_exp
10:13:58.025,1,-2.668497,1.420256,-1.674507,guided_exp
10:13:58.124,2,-3.881212,1.516255,-1.136291,guided_exp
10:13:58.125,1,-2.693246,1.414262,-1.603348,guided_exp
10:13:58.227,2,-3.905247,1.516483,-1.06602,guided_exp
10:13:58.227,1,-2.716431,1.411718,-1.50298,guided_exp
10:13:58.307,2,-3.907915,1.517611,-0.999609,guided_exp
10:13:58.308,1,-2.726181,1.403932,-1.472349,guided_exp
10:13:58.391,2,-3.920911,1.518968,-0.975818,guided_exp
10:13:58.391,1,-2.736014,1.403642,-1.439743,guided_exp
10:13:58.491,2,-3.927685,1.523794,-0.936437,guided_exp
10:13:58.492,1,-2.758703,1.392355,-1.402895,guided_exp
10:13:58.593,2,-3.930522,1.52509,-0.90269,guided_exp
10:13:58.593,1,-2.778813,1.403832,-1.378073,guided_exp
10:13:58.691,2,-3.933362,1.525088,-0.869212,guided_exp
10:13:58.692,1,-2.805949,1.390926,-1.366563,guided_exp
10:13:58.791,2,-3.931643,1.523157,-0.838087,guided_exp
10:13:58.791,1,-2.829835,1.393771,-1.352782,guided_exp
10:13:58.891,2,-3.932572,1.518384,-0.830775,guided_exp
10:13:58.891,1,-2.836603,1.376284,-1.352968,guided_exp
10:13:58.991,2,-3.932362,1.521604,-0.825072,guided_exp
10:13:58.991,1,-2.851882,1.372419,-1.351599,guided_exp
10:13:59.091,2,-3.927633,1.519319,-0.812802,guided_exp
10:13:59.091,1,-2.85802,1.369577,-1.349254,guided_exp
10:13:59.192,2,-3.934829,1.519358,-0.817064,guided_exp
10:13:59.193,1,-2.860042,1.366611,-1.348647,guided_exp
10:13:59.291,2,-3.932584,1.519432,-0.819016,guided_exp
10:13:59.292,1,-2.861299,1.367528,-1.345891,guided_exp
10:13:59.392,2,-3.930961,1.521957,-0.81823,guided_exp
10:13:59.392,1,-2.859176,1.372591,-1.343469,guided_exp
10:13:59.491,2,-3.932294,1.527277,-0.818478,guided_exp
10:13:59.492,1,-2.85299,1.375332,-1.338442,guided_exp
10:13:59.574,2,-3.931139,1.526637,-0.81683,guided_exp
10:13:59.574,1,-2.846625,1.373684,-1.332867,guided_exp
10:13:59.658,2,-3.928763,1.527879,-0.813617,guided_exp
10:13:59.658,1,-2.842203,1.373427,-1.327795,guided_exp
10:13:59.757,2,-3.933171,1.527812,-0.812471,guided_exp
10:13:59.758,1,-2.835174,1.371237,-1.3281,guided_exp
10:13:59.841,2,-3.932975,1.529299,-0.813017,guided_exp
10:13:59.841,1,-2.832773,1.370162,-1.324488,guided_exp
10:13:59.941,2,-3.933121,1.528675,-0.813107,guided_exp
10:13:59.942,1,-2.830828,1.369644,-1.324673,guided_exp
10:14:00.041,2,-3.937153,1.528464,-0.813128,guided_exp
10:14:00.042,1,-2.827782,1.370787,-1.321862,guided_exp
10:14:00.124,2,-3.941915,1.53219,-0.815181,guided_exp
10:14:00.124,1,-2.826498,1.370173,-1.321957,guided_exp
10:14:00.274,2,-3.942681,1.532158,-0.8121,guided_exp
10:14:00.274,1,-2.8242,1.369946,-1.319836,guided_exp
10:14:00.375,2,-3.942694,1.532352,-0.816416,guided_exp
10:14:00.375,1,-2.824005,1.369336,-1.319402,guided_exp
10:14:00.457,2,-3.940406,1.531337,-0.810826,guided_exp
10:14:00.457,1,-2.82333,1.368147,-1.319823,guided_exp
10:14:00.626,2,-3.946439,1.530333,-0.814196,guided_exp
10:14:00.627,1,-2.822975,1.368381,-1.315415,guided_exp
10:14:00.707,2,-3.944119,1.53073,-0.812549,guided_exp
10:14:00.708,1,-2.82298,1.367961,-1.315829,guided_exp
10:14:00.791,2,-3.945384,1.529852,-0.816819,guided_exp
10:14:00.791,1,-2.825924,1.371791,-1.318264,guided_exp
10:14:00.892,2,-3.943416,1.529509,-0.811199,guided_exp
10:14:00.892,1,-2.826392,1.374018,-1.318131,guided_exp
10:14:01.008,2,-3.942645,1.529339,-0.810406,guided_exp
10:14:01.008,1,-2.825153,1.374093,-1.315599,guided_exp
10:14:01.108,2,-3.941747,1.530132,-0.813116,guided_exp
10:14:01.108,1,-2.82541,1.371793,-1.315323,guided_exp
10:14:01.207,2,-3.939979,1.530416,-0.810221,guided_exp
10:14:01.208,1,-2.82555,1.373447,-1.313895,guided_exp
10:14:01.308,2,-3.941571,1.530073,-0.813908,guided_exp
10:14:01.308,1,-2.825908,1.371404,-1.314105,guided_exp
10:14:01.408,2,-3.939967,1.529993,-0.812412,guided_exp
10:14:01.409,1,-2.825212,1.375762,-1.314246,guided_exp
10:14:01.508,2,-3.940206,1.530678,-0.810711,guided_exp
10:14:01.509,1,-2.824471,1.376516,-1.313734,guided_exp
10:14:01.608,2,-3.939649,1.531104,-0.811803,guided_exp
10:14:01.610,1,-2.824804,1.381591,-1.314207,guided_exp
10:14:01.708,2,-3.939373,1.532328,-0.812186,guided_exp
10:14:01.709,1,-2.823436,1.380491,-1.31329,guided_exp
10:14:01.808,2,-3.939436,1.53482,-0.812088,guided_exp
10:14:01.809,1,-2.823032,1.377824,-1.312207,guided_exp
10:14:01.891,2,-3.940682,1.534605,-0.812666,guided_exp
10:14:01.891,1,-2.822676,1.378108,-1.312766,guided_exp
10:14:01.992,2,-3.941924,1.533917,-0.814722,guided_exp
10:14:01.992,1,-2.823131,1.386204,-1.313332,guided_exp
10:14:02.091,2,-3.938551,1.53311,-0.811816,guided_exp
10:14:02.092,1,-2.821172,1.391006,-1.31138,guided_exp
10:14:02.191,2,-3.939227,1.533327,-0.811432,guided_exp
10:14:02.191,1,-2.821372,1.386708,-1.310643,guided_exp
10:14:02.291,2,-3.941523,1.53342,-0.811747,guided_exp
10:14:02.291,1,-2.821234,1.381546,-1.310312,guided_exp
10:14:02.374,2,-3.942579,1.534471,-0.814966,guided_exp
10:14:02.374,1,-2.819591,1.385608,-1.310728,guided_exp
10:14:02.475,2,-3.942257,1.53374,-0.815356,guided_exp
10:14:02.475,1,-2.819937,1.379236,-1.311255,guided_exp
10:14:02.575,2,-3.94186,1.532727,-0.814231,guided_exp
10:14:02.575,1,-2.819961,1.370542,-1.311245,guided_exp
10:14:02.674,2,-3.94228,1.531531,-0.814662,guided_exp
10:14:02.674,1,-2.819874,1.373422,-1.310908,guided_exp
10:14:02.775,2,-3.941397,1.530489,-0.814598,guided_exp
10:14:02.775,1,-2.819379,1.380759,-1.310383,guided_exp
10:14:02.875,2,-3.94342,1.530852,-0.820081,guided_exp
10:14:02.875,1,-2.818557,1.391167,-1.309743,guided_exp
10:14:02.974,2,-3.942894,1.531358,-0.806364,guided_exp
10:14:02.974,1,-2.818693,1.387537,-1.312059,guided_exp
10:14:03.075,2,-3.940383,1.531008,-0.807672,guided_exp
10:14:03.075,1,-2.818597,1.380985,-1.311614,guided_exp
10:14:03.174,2,-3.93845,1.529991,-0.807892,guided_exp
10:14:03.174,1,-2.818511,1.380008,-1.312321,guided_exp
10:14:03.275,2,-3.941487,1.52941,-0.810383,guided_exp
10:14:03.276,1,-2.820028,1.378961,-1.313531,guided_exp
10:14:03.375,2,-3.938859,1.529266,-0.812178,guided_exp
10:14:03.375,1,-2.819969,1.375586,-1.313628,guided_exp
10:14:03.474,2,-3.937903,1.528854,-0.813836,guided_exp
10:14:03.474,1,-2.819217,1.377916,-1.313273,guided_exp
10:14:03.574,2,-3.937314,1.528463,-0.807965,guided_exp
10:14:03.575,1,-2.819155,1.37761,-1.313419,guided_exp
10:14:03.675,2,-3.935831,1.528562,-0.805903,guided_exp
10:14:03.675,1,-2.818939,1.377585,-1.313254,guided_exp
10:14:03.774,2,-3.938212,1.528896,-0.808488,guided_exp
10:14:03.774,1,-2.818425,1.376622,-1.313375,guided_exp
10:14:03.874,2,-3.938123,1.529349,-0.811551,guided_exp
10:14:03.875,1,-2.817927,1.376688,-1.313624,guided_exp
10:14:03.975,2,-3.937682,1.529113,-0.813736,guided_exp
10:14:03.975,1,-2.817158,1.381865,-1.313138,guided_exp
10:14:04.075,2,-3.937114,1.529701,-0.813448,guided_exp
10:14:04.075,1,-2.817004,1.377193,-1.312767,guided_exp
10:14:04.175,2,-3.935415,1.528725,-0.815648,guided_exp
10:14:04.175,1,-2.815717,1.378853,-1.312802,guided_exp
10:14:04.275,2,-3.936991,1.527799,-0.816987,guided_exp
10:14:04.275,1,-2.814957,1.378772,-1.312625,guided_exp
10:14:04.374,2,-3.938175,1.528067,-0.81946,guided_exp
10:14:04.374,1,-2.814491,1.381168,-1.312859,guided_exp
10:14:04.474,2,-3.93982,1.526968,-0.822661,guided_exp
10:14:04.474,1,-2.813971,1.380157,-1.313956,guided_exp
10:14:04.575,2,-3.936521,1.526784,-0.824203,guided_exp
10:14:04.575,1,-2.813865,1.380912,-1.315253,guided_exp
10:14:04.674,2,-3.93946,1.528188,-0.826495,guided_exp
10:14:04.674,1,-2.813291,1.37965,-1.316097,guided_exp
10:14:04.758,2,-3.938706,1.527102,-0.824129,guided_exp
10:14:04.758,1,-2.813198,1.377748,-1.316239,guided_exp
10:14:04.857,2,-3.939228,1.527231,-0.82722,guided_exp
10:14:04.858,1,-2.814157,1.377937,-1.316295,guided_exp
10:14:04.958,2,-3.938783,1.526847,-0.82678,guided_exp
10:14:04.958,1,-2.813961,1.377629,-1.317037,guided_exp
10:14:05.058,2,-3.938852,1.52622,-0.825024,guided_exp
10:14:05.059,1,-2.813842,1.378206,-1.317635,guided_exp
10:14:05.157,2,-3.940827,1.525632,-0.827366,guided_exp
10:14:05.158,1,-2.814211,1.379035,-1.318475,guided_exp
10:14:05.241,2,-3.936348,1.524711,-0.823844,guided_exp
10:14:05.241,1,-2.81394,1.379858,-1.318541,guided_exp
10:14:05.324,2,-3.936601,1.525381,-0.828121,guided_exp
10:14:05.324,1,-2.814456,1.379185,-1.319296,guided_exp
10:14:05.408,2,-3.935258,1.526026,-0.832372,guided_exp
10:14:05.408,1,-2.814671,1.379808,-1.320038,guided_exp
10:14:05.508,2,-3.930614,1.526586,-0.863663,guided_exp
10:14:05.508,1,-2.815221,1.376534,-1.320467,guided_exp
10:14:05.608,2,-3.923335,1.526936,-0.888593,guided_exp
10:14:05.609,1,-2.816628,1.377231,-1.319916,guided_exp
10:14:05.708,2,-3.912206,1.526692,-0.953155,guided_exp
10:14:05.709,1,-2.817219,1.378321,-1.319425,guided_exp
10:14:05.808,2,-3.900125,1.526199,-1.009498,guided_exp
10:14:05.809,1,-2.817445,1.378945,-1.32097,guided_exp
10:14:05.891,2,-3.892554,1.526388,-1.049297,guided_exp
10:14:05.891,1,-2.815724,1.378504,-1.320289,guided_exp
10:14:05.974,2,-3.885789,1.525788,-1.072544,guided_exp
10:14:05.974,1,-2.811012,1.37682,-1.316003,guided_exp
10:14:06.075,2,-3.880447,1.525667,-1.097189,guided_exp
10:14:06.075,1,-2.803614,1.377582,-1.311848,guided_exp
10:14:06.175,2,-3.881566,1.525657,-1.118522,guided_exp
10:14:06.175,1,-2.788046,1.377721,-1.309969,guided_exp
10:14:06.274,2,-3.879033,1.527117,-1.125796,guided_exp
10:14:06.274,1,-2.785929,1.378278,-1.313067,guided_exp
10:14:06.357,2,-3.87771,1.526829,-1.13204,guided_exp
10:14:06.358,1,-2.778705,1.382243,-1.308803,guided_exp
10:14:06.441,2,-3.878356,1.52597,-1.125893,guided_exp
10:14:06.441,1,-2.775457,1.387269,-1.306284,guided_exp
10:14:06.525,2,-3.878375,1.526608,-1.125843,guided_exp
10:14:06.525,1,-2.773476,1.388407,-1.305335,guided_exp
10:14:06.626,2,-3.879477,1.527949,-1.123516,guided_exp
10:14:06.627,1,-2.772756,1.390442,-1.306423,guided_exp
10:14:06.725,2,-3.879387,1.527339,-1.117435,guided_exp
10:14:06.725,1,-2.770613,1.39015,-1.305064,guided_exp
10:14:06.824,2,-3.878573,1.527301,-1.112809,guided_exp
10:14:06.824,1,-2.773441,1.385758,-1.315945,guided_exp
10:14:06.925,2,-3.878713,1.527181,-1.100841,guided_exp
10:14:06.925,1,-2.7741,1.384475,-1.317806,guided_exp
10:14:07.025,2,-3.88159,1.526801,-1.080009,guided_exp
10:14:07.025,1,-2.76933,1.384034,-1.309452,guided_exp
10:14:07.125,2,-3.877905,1.526926,-1.019479,guided_exp
10:14:07.125,1,-2.76869,1.38421,-1.307907,guided_exp
10:14:07.225,2,-3.886161,1.527367,-0.949162,guided_exp
10:14:07.225,1,-2.764738,1.382206,-1.303894,guided_exp
10:14:07.325,2,-3.889717,1.527356,-0.925094,guided_exp
10:14:07.325,1,-2.765938,1.385688,-1.30648,guided_exp
10:14:07.407,2,-3.899816,1.526803,-0.878875,guided_exp
10:14:07.408,1,-2.769434,1.385497,-1.313714,guided_exp
10:14:07.491,2,-3.89826,1.52764,-0.858612,guided_exp
10:14:07.491,1,-2.769754,1.388072,-1.316821,guided_exp
10:14:07.575,2,-3.900478,1.526972,-0.833719,guided_exp
10:14:07.575,1,-2.768222,1.384254,-1.311979,guided_exp
10:14:07.674,2,-3.901153,1.52705,-0.819544,guided_exp
10:14:07.674,1,-2.772461,1.378211,-1.318185,guided_exp
10:14:07.775,2,-3.902469,1.526845,-0.806641,guided_exp
10:14:07.775,1,-2.773002,1.38021,-1.316651,guided_exp
10:14:07.875,2,-3.901457,1.526963,-0.797945,guided_exp
10:14:07.875,1,-2.775029,1.382653,-1.319582,guided_exp
10:14:07.957,2,-3.907342,1.527659,-0.789863,guided_exp
10:14:07.957,1,-2.767739,1.380664,-1.310641,guided_exp
10:14:08.041,2,-3.90443,1.528396,-0.793859,guided_exp
10:14:08.042,1,-2.767561,1.378851,-1.310573,guided_exp
10:14:08.141,2,-3.898899,1.528061,-0.785877,guided_exp
10:14:08.141,1,-2.766287,1.376111,-1.305622,guided_exp
10:14:08.241,2,-3.899481,1.526604,-0.791115,guided_exp
10:14:08.241,1,-2.765077,1.376307,-1.302146,guided_exp
10:14:08.341,2,-3.896087,1.52732,-0.790791,guided_exp
10:14:08.341,1,-2.765345,1.378045,-1.301259,guided_exp
10:14:08.441,2,-3.896851,1.528123,-0.793636,guided_exp
10:14:08.441,1,-2.767745,1.37656,-1.3045,guided_exp
10:14:08.541,2,-3.899412,1.528279,-0.796623,guided_exp
10:14:08.541,1,-2.768504,1.380718,-1.30251,guided_exp
10:14:08.641,2,-3.897877,1.528373,-0.79822,guided_exp
10:14:08.641,1,-2.768095,1.382047,-1.300653,guided_exp
10:14:08.741,2,-3.897394,1.529,-0.789383,guided_exp
10:14:08.742,1,-2.767987,1.3815,-1.298998,guided_exp
10:14:08.841,2,-3.891323,1.527914,-0.783572,guided_exp
10:14:08.841,1,-2.772996,1.387138,-1.304277,guided_exp
10:14:08.943,2,-3.895573,1.527707,-0.7972,guided_exp
10:14:08.943,1,-2.770715,1.386417,-1.304321,guided_exp
10:14:09.041,2,-3.899375,1.528508,-0.796847,guided_exp
10:14:09.041,1,-2.769618,1.385877,-1.300427,guided_exp
10:14:09.141,2,-3.900145,1.528618,-0.796001,guided_exp
10:14:09.141,1,-2.76895,1.38808,-1.299729,guided_exp
10:14:09.241,2,-3.897737,1.529303,-0.797501,guided_exp
10:14:09.242,1,-2.769622,1.384211,-1.299428,guided_exp
10:14:09.358,2,-3.886414,1.528472,-0.782575,guided_exp
10:14:09.358,1,-2.770199,1.38124,-1.299345,guided_exp
10:14:09.474,2,-3.892978,1.5278,-0.794099,guided_exp
10:14:09.474,1,-2.772679,1.379144,-1.301747,guided_exp
10:14:09.557,2,-3.893783,1.527537,-0.794213,guided_exp
10:14:09.558,1,-2.779096,1.387996,-1.303189,guided_exp
10:14:09.642,2,-3.897055,1.527908,-0.794778,guided_exp
10:14:09.642,1,-2.779746,1.390331,-1.302793,guided_exp
10:14:09.724,2,-3.888262,1.53014,-0.790739,guided_exp
10:14:09.724,1,-2.784703,1.388958,-1.302197,guided_exp
10:14:09.808,2,-3.904299,1.52545,-0.793824,guided_exp
10:14:09.808,1,-2.789233,1.391493,-1.302769,guided_exp
10:14:09.907,2,-3.904426,1.519884,-0.797496,guided_exp
10:14:09.908,1,-2.796036,1.389353,-1.306152,guided_exp
10:14:10.008,2,-3.898041,1.520007,-0.792504,guided_exp
10:14:10.009,1,-2.799783,1.381159,-1.304798,guided_exp
10:14:10.108,2,-3.897379,1.508664,-0.792303,guided_exp
10:14:10.108,1,-2.80421,1.36514,-1.304952,guided_exp
10:14:10.208,2,-3.905654,1.50704,-0.799638,guided_exp
10:14:10.208,1,-2.806646,1.367909,-1.304785,guided_exp
10:14:10.308,2,-3.906636,1.519358,-0.801241,guided_exp
10:14:10.309,1,-2.810557,1.381758,-1.303594,guided_exp
10:14:10.408,2,-3.903943,1.512774,-0.803997,guided_exp
10:14:10.409,1,-2.812129,1.359732,-1.301557,guided_exp
10:14:10.508,2,-3.904951,1.503978,-0.802295,guided_exp
10:14:10.508,1,-2.814109,1.360988,-1.298605,guided_exp
10:14:10.608,2,-3.9045,1.511937,-0.801232,guided_exp
10:14:10.609,1,-2.815745,1.369953,-1.298322,guided_exp
10:14:10.708,2,-3.908089,1.512274,-0.801414,guided_exp
10:14:10.709,1,-2.817688,1.384699,-1.297003,guided_exp
10:14:10.808,2,-3.906475,1.50942,-0.793747,guided_exp
10:14:10.808,1,-2.818556,1.386323,-1.295697,guided_exp
10:14:10.908,2,-3.906942,1.515207,-0.791866,guided_exp
10:14:10.909,1,-2.818484,1.383193,-1.296438,guided_exp
10:14:10.991,2,-3.905203,1.514167,-0.804479,guided_exp
10:14:10.991,1,-2.8171,1.382286,-1.293974,guided_exp
10:14:11.074,2,-3.903292,1.513476,-0.803943,guided_exp
10:14:11.074,1,-2.817213,1.384308,-1.292924,guided_exp
10:14:11.175,2,-3.893909,1.514621,-0.789077,guided_exp
10:14:11.175,1,-2.816747,1.382041,-1.293141,guided_exp
10:14:11.274,2,-3.903899,1.512637,-0.793308,guided_exp
10:14:11.275,1,-2.816798,1.376557,-1.29052,guided_exp
10:14:11.374,2,-3.905563,1.513917,-0.796628,guided_exp
10:14:11.374,1,-2.816389,1.379415,-1.287704,guided_exp
10:14:11.457,2,-3.907507,1.512883,-0.800411,guided_exp
10:14:11.458,1,-2.816007,1.375773,-1.285228,guided_exp
10:14:11.541,2,-3.902302,1.513163,-0.802491,guided_exp
10:14:11.541,1,-2.815694,1.379402,-1.283322,guided_exp
10:14:11.641,2,-3.904494,1.513848,-0.792609,guided_exp
10:14:11.642,1,-2.814051,1.383833,-1.277964,guided_exp
10:14:11.741,2,-3.902129,1.516343,-0.794743,guided_exp
10:14:11.741,1,-2.81273,1.38363,-1.278015,guided_exp
10:14:11.824,2,-3.906014,1.511264,-0.794855,guided_exp
10:14:11.824,1,-2.811001,1.383149,-1.277481,guided_exp
10:14:11.925,2,-3.913278,1.516052,-0.799852,guided_exp
10:14:11.925,1,-2.809885,1.383321,-1.275988,guided_exp
10:14:12.025,2,-3.920131,1.51227,-0.793585,guided_exp
10:14:12.025,1,-2.808219,1.384641,-1.275362,guided_exp
10:14:12.125,2,-3.911854,1.513235,-0.787932,guided_exp
10:14:12.125,1,-2.807476,1.38162,-1.276579,guided_exp
10:14:12.224,2,-3.910414,1.513717,-0.784246,guided_exp
10:14:12.225,1,-2.806409,1.382684,-1.279237,guided_exp
10:14:12.324,2,-3.911528,1.514282,-0.782909,guided_exp
10:14:12.324,1,-2.806402,1.376726,-1.280559,guided_exp
10:14:12.425,2,-3.913532,1.513742,-0.78705,guided_exp
10:14:12.425,1,-2.807842,1.383656,-1.284346,guided_exp
10:14:12.524,2,-3.912418,1.513672,-0.788135,guided_exp
10:14:12.524,1,-2.80697,1.382563,-1.286514,guided_exp
10:14:12.625,2,-3.909995,1.518879,-0.786842,guided_exp
10:14:12.625,1,-2.806942,1.382,-1.288928,guided_exp
10:14:12.724,2,-3.909867,1.517527,-0.784264,guided_exp
10:14:12.725,1,-2.806204,1.379364,-1.289895,guided_exp
10:14:12.824,2,-3.912233,1.513031,-0.783458,guided_exp
10:14:12.825,1,-2.805908,1.383997,-1.290783,guided_exp
10:14:12.925,2,-3.902789,1.511923,-0.784416,guided_exp
10:14:12.925,1,-2.804764,1.389107,-1.289502,guided_exp
10:14:13.025,2,-3.907065,1.513794,-0.785812,guided_exp
10:14:13.025,1,-2.803342,1.386525,-1.287484,guided_exp
10:14:13.125,2,-3.913893,1.512941,-0.786043,guided_exp
10:14:13.125,1,-2.801033,1.391671,-1.28225,guided_exp
10:14:13.224,2,-3.913711,1.515608,-0.788127,guided_exp
10:14:13.225,1,-2.800867,1.388488,-1.274127,guided_exp
10:14:13.325,2,-3.913412,1.512492,-0.788309,guided_exp
10:14:13.325,1,-2.804106,1.389875,-1.262588,guided_exp
10:14:13.424,2,-3.906855,1.513971,-0.78213,guided_exp
10:14:13.424,1,-2.813882,1.389253,-1.246094,guided_exp
10:14:13.525,2,-3.91255,1.513721,-0.783216,guided_exp
10:14:13.525,1,-2.835806,1.387244,-1.21404,guided_exp
10:14:13.625,2,-3.914268,1.513982,-0.783758,guided_exp
10:14:13.625,1,-2.864322,1.388801,-1.184135,guided_exp
10:14:13.724,2,-3.914545,1.513294,-0.782713,guided_exp
10:14:13.724,1,-2.903339,1.386245,-1.149867,guided_exp
10:14:13.825,2,-3.917876,1.512394,-0.78238,guided_exp
10:14:13.825,1,-2.936321,1.385156,-1.122022,guided_exp
10:14:13.925,2,-3.914308,1.512122,-0.779638,guided_exp
10:14:13.925,1,-2.990381,1.382526,-1.088984,guided_exp
10:14:14.024,2,-3.914123,1.51189,-0.783104,guided_exp
10:14:14.025,1,-3.040621,1.392671,-1.051443,guided_exp
10:14:14.108,2,-3.913995,1.514584,-0.783342,guided_exp
10:14:14.108,1,-3.096132,1.383702,-1.01737,guided_exp
10:14:14.191,2,-3.911495,1.514551,-0.781804,guided_exp
10:14:14.191,1,-3.118948,1.38215,-0.998563,guided_exp
10:14:14.324,2,-3.906874,1.514468,-0.779957,guided_exp
10:14:14.324,1,-3.15438,1.376691,-0.963361,guided_exp
10:14:14.426,2,-3.907999,1.512397,-0.777471,guided_exp
10:14:14.427,1,-3.171162,1.381499,-0.945848,guided_exp
10:14:14.525,2,-3.903814,1.512548,-0.779321,guided_exp
10:14:14.525,1,-3.19718,1.379901,-0.899897,guided_exp
10:14:14.625,2,-3.912939,1.512865,-0.781887,guided_exp
10:14:14.625,1,-3.205005,1.380391,-0.877644,guided_exp
10:14:14.725,2,-3.908929,1.512694,-0.780941,guided_exp
10:14:14.725,1,-3.205475,1.380262,-0.826986,guided_exp
10:14:14.824,2,-3.91159,1.513211,-0.785819,guided_exp
10:14:14.825,1,-3.204197,1.376642,-0.803707,guided_exp
10:14:14.925,2,-3.908074,1.514243,-0.78424,guided_exp
10:14:14.925,1,-3.200987,1.382594,-0.794082,guided_exp
10:14:15.025,2,-3.909692,1.513563,-0.792905,guided_exp
10:14:15.025,1,-3.194745,1.387735,-0.778402,guided_exp
10:14:15.125,2,-3.901813,1.513332,-0.798868,guided_exp
10:14:15.126,1,-3.193081,1.389301,-0.774169,guided_exp
10:14:15.225,2,-3.900002,1.513332,-0.818481,guided_exp
10:14:15.225,1,-3.191875,1.38056,-0.771959,guided_exp
10:14:15.325,2,-3.894857,1.513364,-0.862833,guided_exp
10:14:15.327,1,-3.189884,1.38211,-0.774112,guided_exp
10:14:15.424,2,-3.887942,1.514184,-0.933943,guided_exp
10:14:15.425,1,-3.184443,1.382886,-0.802621,guided_exp
10:14:15.524,2,-3.88662,1.513116,-1.00191,guided_exp
10:14:15.524,1,-3.178069,1.387442,-0.836455,guided_exp
10:14:15.625,2,-3.892019,1.514137,-1.084448,guided_exp
10:14:15.625,1,-3.175937,1.391965,-0.85718,guided_exp
10:14:15.725,2,-3.889715,1.513952,-1.163093,guided_exp
10:14:15.725,1,-3.174654,1.386882,-0.894549,guided_exp
10:14:15.825,2,-3.883051,1.514024,-1.235987,guided_exp
10:14:15.825,1,-3.169575,1.385208,-0.920211,guided_exp
10:14:15.925,2,-3.87587,1.513288,-1.284896,guided_exp
10:14:15.925,1,-3.157815,1.387545,-0.946015,guided_exp
10:14:16.024,2,-3.860733,1.513102,-1.321673,guided_exp
10:14:16.025,1,-3.138994,1.389499,-0.969393,guided_exp
10:14:16.142,2,-3.843153,1.513316,-1.350852,guided_exp
10:14:16.142,1,-3.124799,1.389589,-0.987922,guided_exp
10:14:16.242,2,-3.792561,1.512838,-1.409095,guided_exp
10:14:16.242,1,-3.093329,1.390452,-1.012566,guided_exp
10:14:16.341,2,-3.740164,1.513254,-1.441883,guided_exp
10:14:16.341,1,-3.051303,1.386895,-1.03776,guided_exp
10:14:16.424,2,-3.656428,1.512355,-1.488933,guided_exp
10:14:16.425,1,-3.009092,1.384375,-1.0621,guided_exp
10:14:16.525,2,-3.588551,1.514299,-1.525285,guided_exp
10:14:16.526,1,-2.974831,1.389164,-1.077855,guided_exp
10:14:16.625,2,-3.491124,1.512897,-1.565968,guided_exp
10:14:16.625,1,-2.944136,1.382701,-1.099924,guided_exp
10:14:16.724,2,-3.371487,1.512272,-1.614642,guided_exp
10:14:16.724,1,-2.904504,1.380192,-1.123223,guided_exp
10:14:16.825,2,-3.324405,1.513263,-1.631616,guided_exp
10:14:16.827,1,-2.880508,1.382641,-1.136353,guided_exp
10:14:16.925,2,-3.233251,1.513434,-1.677625,guided_exp
10:14:16.925,1,-2.871637,1.384382,-1.145482,guided_exp
10:14:17.008,2,-3.177455,1.514874,-1.718809,guided_exp
10:14:17.008,1,-2.844539,1.382051,-1.161294,guided_exp
10:14:17.157,2,-3.031304,1.514158,-1.776211,guided_exp
10:14:17.158,1,-2.819413,1.376824,-1.181227,guided_exp
10:14:17.241,2,-2.964548,1.512956,-1.810267,guided_exp
10:14:17.241,1,-2.788639,1.382646,-1.191514,guided_exp
10:14:17.343,2,-2.860588,1.513627,-1.859047,guided_exp
10:14:17.343,1,-2.726068,1.383771,-1.382816,guided_exp
10:14:17.424,2,-2.762241,1.513787,-1.891916,guided_exp
10:14:17.592,2,-2.664575,1.384353,-1.918011,guided_exp
10:14:17.593,1,-2.975108,1.514887,-1.012384,guided_exp
10:14:17.674,2,-2.597434,1.381303,-1.911241,guided_exp
10:14:17.674,1,-2.933825,1.516484,-1.046861,guided_exp
10:14:17.758,2,-2.513049,1.384531,-1.923638,guided_exp
10:14:17.758,1,-2.941647,1.515566,-1.117673,guided_exp
10:14:17.858,2,-2.442645,1.376687,-1.920005,guided_exp
10:14:17.859,1,-2.921523,1.515569,-1.115691,guided_exp
10:14:17.941,2,-2.395414,1.364145,-1.913131,guided_exp
10:14:17.941,1,-2.921399,1.515886,-1.114753,guided_exp
10:14:18.110,2,-2.251086,1.381695,-1.873523,guided_exp
10:14:18.110,1,-2.927802,1.516767,-1.103307,guided_exp
10:14:18.208,2,-2.18849,1.38567,-1.854348,guided_exp
10:14:18.208,1,-2.93281,1.516351,-1.101637,guided_exp
10:14:18.308,2,-2.114455,1.388562,-1.836281,guided_exp
10:14:18.308,1,-2.934309,1.51878,-1.102123,guided_exp
10:14:18.409,2,-2.10532,1.390744,-1.830246,guided_exp
10:14:18.409,1,-2.931761,1.519132,-1.110079,guided_exp
10:14:18.491,2,-2.047786,1.389734,-1.830944,guided_exp
10:14:18.491,1,-2.927003,1.514583,-1.13001,guided_exp
10:14:18.575,2,-1.989901,1.381964,-1.821037,guided_exp
10:14:18.575,1,-2.920187,1.517424,-1.147908,guided_exp
10:14:18.677,2,-1.977128,1.381373,-1.821405,guided_exp
10:14:18.677,1,-2.925863,1.518767,-1.150142,guided_exp
10:14:18.758,2,-1.931542,1.381484,-1.833172,guided_exp
10:14:18.758,1,-2.900457,1.520101,-1.196604,guided_exp
10:14:18.843,2,-1.90619,1.383893,-1.838835,guided_exp
10:14:18.843,1,-2.871202,1.519352,-1.235031,guided_exp
10:14:18.924,2,-1.848965,1.383087,-1.857806,guided_exp
10:14:18.924,1,-2.835486,1.518669,-1.283866,guided_exp
10:14:19.008,2,-1.813556,1.382568,-1.872764,guided_exp
10:14:19.009,1,-2.821241,1.509268,-1.309468,guided_exp
10:14:19.091,2,-1.760055,1.382657,-1.90539,guided_exp
10:14:19.092,1,-2.802741,1.507675,-1.34151,guided_exp
10:14:19.174,2,-1.735422,1.380186,-1.929876,guided_exp
10:14:19.174,1,-2.795065,1.512051,-1.348961,guided_exp
10:14:19.258,2,-1.713109,1.376355,-1.947075,guided_exp
10:14:19.260,1,-2.784913,1.512542,-1.359803,guided_exp
10:14:19.358,2,-1.658563,1.378249,-1.98427,guided_exp
10:14:19.359,1,-2.772157,1.516728,-1.376178,guided_exp
10:14:19.458,2,-1.633621,1.378439,-2.002971,guided_exp
10:14:19.458,1,-2.754957,1.515246,-1.392817,guided_exp
10:14:19.558,2,-1.621185,1.391225,-2.012183,guided_exp
10:14:19.558,1,-2.724406,1.512459,-1.409258,guided_exp
10:14:19.641,2,-1.607244,1.390224,-2.016776,guided_exp
10:14:19.641,1,-2.718706,1.510895,-1.412497,guided_exp
10:14:19.724,2,-1.598435,1.387672,-2.018418,guided_exp
10:14:19.724,1,-2.718022,1.511751,-1.412962,guided_exp
10:14:19.808,2,-1.594907,1.39068,-2.016446,guided_exp
10:14:19.808,1,-2.715526,1.509065,-1.413121,guided_exp
10:14:19.908,2,-1.591661,1.389695,-2.011328,guided_exp
10:14:19.909,1,-2.715166,1.509477,-1.413579,guided_exp
10:14:20.010,2,-1.590389,1.394216,-2.009186,guided_exp
10:14:20.010,1,-2.715858,1.507552,-1.415422,guided_exp
10:14:20.091,2,-1.588126,1.389965,-2.010896,guided_exp
10:14:20.091,1,-2.722812,1.51435,-1.421571,guided_exp
10:14:20.175,2,-1.586483,1.386898,-2.011724,guided_exp
10:14:20.176,1,-2.756563,1.514937,-1.409451,guided_exp
10:14:20.257,2,-1.585511,1.386409,-2.013731,guided_exp
10:14:20.258,1,-2.764441,1.518783,-1.406119,guided_exp
10:14:20.408,2,-1.584167,1.391575,-2.011909,guided_exp
10:14:20.408,1,-2.773037,1.519225,-1.410387,guided_exp
10:14:20.491,2,-1.584233,1.383972,-2.011876,guided_exp
10:14:20.491,1,-2.774714,1.518882,-1.411867,guided_exp
10:14:20.574,2,-1.585286,1.380785,-2.008876,guided_exp
10:14:20.574,1,-2.776529,1.517141,-1.414129,guided_exp
10:14:20.658,2,-1.586196,1.381205,-2.006969,guided_exp
10:14:20.658,1,-2.778636,1.517069,-1.415685,guided_exp
10:14:20.741,2,-1.586987,1.379713,-2.006433,guided_exp
10:14:20.741,1,-2.783283,1.517978,-1.419852,guided_exp
10:14:20.826,2,-1.588023,1.377617,-2.006833,guided_exp
10:14:20.827,1,-2.785752,1.519697,-1.422164,guided_exp
10:14:20.907,2,-1.589948,1.374572,-2.007013,guided_exp
10:14:20.908,1,-2.786516,1.51673,-1.422555,guided_exp
10:14:21.058,2,-1.602021,1.374698,-2.005022,guided_exp
10:14:21.058,1,-2.790629,1.516478,-1.425568,guided_exp
10:14:21.141,2,-1.60641,1.374912,-2.005628,guided_exp
10:14:21.141,1,-2.791238,1.52164,-1.425992,guided_exp
10:14:21.242,2,-1.613387,1.374506,-2.005299,guided_exp
10:14:21.243,1,-2.792706,1.522406,-1.42669,guided_exp
10:14:21.342,2,-1.618818,1.378366,-2.001419,guided_exp
10:14:21.342,1,-2.792966,1.523139,-1.426217,guided_exp
10:14:21.441,2,-1.624542,1.385197,-1.994663,guided_exp
10:14:21.441,1,-2.793284,1.523867,-1.426055,guided_exp
10:14:21.542,2,-1.627919,1.372392,-1.990428,guided_exp
10:14:21.542,1,-2.793354,1.522543,-1.42648,guided_exp
10:14:21.624,2,-1.632264,1.376858,-1.987886,guided_exp
10:14:21.624,1,-2.793521,1.526313,-1.429176,guided_exp
10:14:21.758,2,-1.635081,1.377402,-1.986681,guided_exp
10:14:21.758,1,-2.79385,1.526936,-1.430272,guided_exp
10:14:21.925,2,-1.637512,1.377224,-1.986711,guided_exp
10:14:21.925,1,-2.793201,1.527789,-1.430666,guided_exp
10:14:22.025,2,-1.639672,1.374093,-1.988453,guided_exp
10:14:22.025,1,-2.79226,1.529563,-1.430262,guided_exp
10:14:22.125,2,-1.64027,1.374611,-1.98911,guided_exp
10:14:22.125,1,-2.790412,1.527253,-1.431294,guided_exp
10:14:22.208,2,-1.641492,1.382198,-1.990939,guided_exp
10:14:22.208,1,-2.790095,1.526772,-1.431289,guided_exp
10:14:22.310,2,-1.641404,1.381876,-1.992552,guided_exp
10:14:22.310,1,-2.786974,1.5248,-1.427453,guided_exp
10:14:22.408,2,-1.641557,1.379278,-1.995836,guided_exp
10:14:22.409,1,-2.786306,1.52101,-1.427287,guided_exp
10:14:22.508,2,-1.640574,1.372842,-1.99913,guided_exp
10:14:22.509,1,-2.784897,1.520962,-1.426534,guided_exp
10:14:22.591,2,-1.639255,1.369762,-2.002953,guided_exp
10:14:22.591,1,-2.784599,1.523513,-1.426656,guided_exp
10:14:22.675,2,-1.638878,1.370518,-2.004533,guided_exp
10:14:22.675,1,-2.784324,1.518976,-1.426864,guided_exp
10:14:22.758,2,-1.637944,1.369983,-2.007691,guided_exp
10:14:22.758,1,-2.783754,1.517068,-1.426838,guided_exp
10:14:22.841,2,-1.636837,1.372565,-2.009876,guided_exp
10:14:22.841,1,-2.783959,1.517836,-1.426593,guided_exp
10:14:22.924,2,-1.634295,1.382962,-2.009956,guided_exp
10:14:22.924,1,-2.784539,1.518583,-1.425825,guided_exp
10:14:23.009,2,-1.633315,1.384482,-2.008686,guided_exp
10:14:23.009,1,-2.784442,1.515706,-1.425677,guided_exp
10:14:23.108,2,-1.631628,1.37343,-2.0087,guided_exp
10:14:23.110,1,-2.784978,1.515943,-1.425285,guided_exp
10:14:23.191,2,-1.629149,1.373502,-2.009575,guided_exp
10:14:23.191,1,-2.78569,1.516277,-1.424701,guided_exp
10:14:23.274,2,-1.627066,1.379587,-2.01103,guided_exp
10:14:23.274,1,-2.786553,1.514164,-1.425024,guided_exp
10:14:23.374,2,-1.625053,1.373388,-2.012289,guided_exp
10:14:23.374,1,-2.786661,1.51622,-1.424698,guided_exp
10:14:23.475,2,-1.62365,1.375748,-2.012975,guided_exp
10:14:23.475,1,-2.787167,1.516703,-1.425018,guided_exp
10:14:23.558,2,-1.621418,1.373745,-2.013781,guided_exp
10:14:23.558,1,-2.783953,1.514965,-1.428824,guided_exp
10:14:23.643,2,-1.615299,1.372631,-2.019524,guided_exp
10:14:23.644,1,-2.755119,1.51668,-1.448414,guided_exp
10:14:23.724,2,-1.614645,1.379419,-2.018436,guided_exp
10:14:23.724,1,-2.754359,1.519792,-1.450391,guided_exp
10:14:23.874,2,-1.608862,1.376214,-2.020999,guided_exp
10:14:23.874,1,-2.752488,1.517292,-1.455525,guided_exp
10:14:23.958,2,-1.606138,1.377344,-2.022697,guided_exp
10:14:23.958,1,-2.749179,1.516727,-1.460823,guided_exp
10:14:24.041,2,-1.605636,1.368138,-2.023052,guided_exp
10:14:24.041,1,-2.748264,1.517295,-1.465785,guided_exp
10:14:24.141,2,-1.605134,1.378824,-2.02346,guided_exp
10:14:24.141,1,-2.743173,1.517151,-1.481192,guided_exp
10:14:24.242,2,-1.604662,1.387641,-2.02361,guided_exp
10:14:24.242,1,-2.75762,1.517293,-1.495117,guided_exp
10:14:24.342,2,-1.604316,1.391861,-2.024268,guided_exp
10:14:24.342,1,-2.771916,1.513228,-1.503501,guided_exp
10:14:24.441,2,-1.604255,1.395185,-2.02502,guided_exp
10:14:24.441,1,-2.792503,1.514229,-1.532731,guided_exp
10:14:24.543,2,-1.604132,1.395228,-2.025078,guided_exp
10:14:24.544,1,-2.81268,1.515406,-1.546909,guided_exp
10:14:24.642,2,-1.603742,1.391957,-2.024864,guided_exp
10:14:24.642,1,-2.840782,1.516367,-1.574027,guided_exp
10:14:24.724,2,-1.603575,1.389567,-2.024562,guided_exp
10:14:24.724,1,-2.873431,1.513743,-1.601261,guided_exp
10:14:24.808,2,-1.60379,1.389316,-2.023817,guided_exp
10:14:24.809,1,-2.893781,1.515732,-1.619447,guided_exp
10:14:24.908,2,-1.603862,1.393109,-2.023399,guided_exp
10:14:24.909,1,-2.919155,1.51601,-1.641454,guided_exp
10:14:25.008,2,-1.603486,1.376919,-2.022641,guided_exp
10:14:25.009,1,-2.939929,1.517917,-1.667147,guided_exp
10:14:25.108,2,-1.603473,1.378584,-2.021038,guided_exp
10:14:25.109,1,-2.950745,1.517862,-1.684115,guided_exp
10:14:25.208,2,-1.604907,1.385997,-2.018153,guided_exp
10:14:25.208,1,-2.961794,1.516555,-1.707261,guided_exp
10:14:25.291,2,-1.605767,1.381517,-2.017217,guided_exp
10:14:25.291,1,-2.961137,1.513732,-1.725236,guided_exp
10:14:25.375,2,-1.606315,1.381801,-2.016881,guided_exp
10:14:25.376,1,-2.958903,1.511965,-1.740575,guided_exp
10:14:25.458,2,-1.607117,1.383785,-2.016306,guided_exp
10:14:25.458,1,-2.948724,1.508434,-1.770651,guided_exp
10:14:25.543,2,-1.607749,1.383339,-2.015991,guided_exp
10:14:25.544,1,-2.941233,1.50825,-1.776978,guided_exp
10:14:25.624,2,-1.608319,1.388093,-2.015444,guided_exp
10:14:25.625,1,-2.922455,1.500813,-1.792638,guided_exp
10:14:25.708,2,-1.609253,1.389531,-2.014844,guided_exp
10:14:25.708,1,-2.913065,1.491818,-1.806274,guided_exp
10:14:25.792,2,-1.609452,1.384413,-2.014959,guided_exp
10:14:25.792,1,-2.906626,1.488502,-1.815327,guided_exp
10:14:25.892,2,-1.609861,1.392408,-2.015027,guided_exp
10:14:25.892,1,-2.893033,1.481533,-1.830994,guided_exp
10:14:25.992,2,-1.611082,1.38983,-2.015312,guided_exp
10:14:25.992,1,-2.878554,1.49413,-1.848719,guided_exp
10:14:26.093,2,-1.611862,1.390139,-2.015767,guided_exp
10:14:26.093,1,-2.874853,1.501708,-1.853312,guided_exp
10:14:26.174,2,-1.613297,1.384476,-2.016655,guided_exp
10:14:26.174,1,-2.866954,1.499015,-1.857691,guided_exp
10:14:26.259,2,-1.614737,1.391589,-2.016939,guided_exp
10:14:26.260,1,-2.865573,1.505433,-1.858925,guided_exp
10:14:26.360,2,-1.620049,1.395745,-2.016509,guided_exp
10:14:26.360,1,-2.854819,1.506577,-1.867473,guided_exp
10:14:26.441,2,-1.627117,1.385509,-2.013362,guided_exp
10:14:26.441,1,-2.854857,1.507368,-1.867814,guided_exp
10:14:26.525,2,-1.631067,1.387582,-2.011781,guided_exp
10:14:26.525,1,-2.855236,1.491873,-1.867864,guided_exp
10:14:26.624,2,-1.63983,1.384366,-2.007398,guided_exp
10:14:26.625,1,-2.855365,1.497757,-1.86773,guided_exp
10:14:26.725,2,-1.645602,1.381453,-2.005233,guided_exp
10:14:26.726,1,-2.855883,1.50027,-1.867807,guided_exp
10:14:26.825,2,-1.658074,1.38184,-2.004724,guided_exp
10:14:26.825,1,-2.856245,1.496363,-1.868452,guided_exp
10:14:26.924,2,-1.670386,1.391583,-2.007019,guided_exp
10:14:26.924,1,-2.856612,1.495822,-1.871005,guided_exp
10:14:27.008,2,-1.674812,1.385381,-2.010151,guided_exp
10:14:27.008,1,-2.856652,1.494201,-1.872713,guided_exp
10:14:27.158,2,-1.688214,1.390876,-2.020467,guided_exp
10:14:27.159,1,-2.856628,1.493962,-1.874566,guided_exp
10:14:27.241,2,-1.692204,1.398402,-2.027058,guided_exp
10:14:27.241,1,-2.856313,1.492285,-1.875025,guided_exp
10:14:27.325,2,-1.69638,1.397699,-2.03349,guided_exp
10:14:27.326,1,-2.856326,1.496092,-1.875533,guided_exp
10:14:27.408,2,-1.704182,1.38432,-2.050959,guided_exp
10:14:27.408,1,-2.856647,1.496825,-1.876455,guided_exp
10:14:27.491,2,-1.70748,1.380027,-2.061364,guided_exp
10:14:27.492,1,-2.856871,1.496526,-1.877075,guided_exp
10:14:27.574,2,-1.712423,1.37026,-2.087144,guided_exp
10:14:27.574,1,-2.857913,1.508936,-1.8793,guided_exp
10:14:27.658,2,-1.715053,1.369989,-2.112067,guided_exp
10:14:27.658,1,-2.857931,1.516324,-1.878786,guided_exp
10:14:27.760,2,-1.717148,1.381317,-2.13494,guided_exp
10:14:27.760,1,-2.858122,1.512513,-1.878927,guided_exp
10:14:27.841,2,-1.722233,1.387319,-2.160618,guided_exp
10:14:27.841,1,-2.858247,1.511146,-1.879097,guided_exp
10:14:28.008,2,-1.728927,1.383718,-2.196954,guided_exp
10:14:28.009,1,-2.858215,1.511862,-1.879301,guided_exp
10:14:28.109,2,-1.736846,1.370931,-2.208896,guided_exp
10:14:28.109,1,-2.858246,1.510232,-1.879279,guided_exp
10:14:28.208,2,-1.743676,1.357754,-2.217381,guided_exp
10:14:28.209,1,-2.858396,1.512404,-1.879296,guided_exp
10:14:28.309,2,-1.760079,1.346381,-2.225544,guided_exp
10:14:28.310,1,-2.858578,1.515887,-1.87919,guided_exp
10:14:28.409,2,-1.774308,1.345079,-2.230599,guided_exp
10:14:28.409,1,-2.858731,1.517591,-1.878806,guided_exp
10:14:28.508,2,-1.789246,1.361072,-2.230118,guided_exp
10:14:28.508,1,-2.858781,1.516433,-1.878081,guided_exp
10:14:28.608,2,-1.813683,1.384283,-2.225185,guided_exp
10:14:28.609,1,-2.858845,1.519933,-1.878029,guided_exp
10:14:28.709,2,-1.848036,1.392161,-2.216111,guided_exp
10:14:28.710,1,-2.858854,1.526575,-1.877868,guided_exp
10:14:28.808,2,-1.886277,1.401426,-2.205755,guided_exp
10:14:28.809,1,-2.858871,1.526435,-1.877451,guided_exp
10:14:28.909,2,-1.926501,1.403342,-2.194378,guided_exp
10:14:28.909,1,-2.858771,1.5252,-1.876818,guided_exp
10:14:29.008,2,-1.968155,1.380651,-2.184481,guided_exp
10:14:29.010,1,-2.85875,1.512093,-1.876319,guided_exp
10:14:29.109,2,-2.00924,1.378929,-2.174251,guided_exp
10:14:29.109,1,-2.858626,1.495835,-1.876017,guided_exp
10:14:29.191,2,-2.050197,1.387706,-2.167886,guided_exp
10:14:29.191,1,-2.858485,1.274189,-1.875452,guided_exp
10:14:29.275,2,-2.074585,1.401829,-2.160418,guided_exp
10:14:29.275,1,-2.857759,1.313795,-1.874562,guided_exp
10:14:29.374,2,-2.103277,1.41118,-2.157218,guided_exp
10:14:29.375,1,-2.852003,0.797791,-1.873333,guided_exp
10:14:29.477,2,-2.126781,1.39778,-2.155438,guided_exp
10:14:29.477,1,-2.846719,1.543309,-1.872628,guided_exp
10:14:29.575,2,-2.147055,1.397097,-2.155786,guided_exp
10:14:29.575,1,-2.841756,1.536518,-1.873987,guided_exp
10:14:29.658,2,-2.157909,1.405178,-2.154791,guided_exp
10:14:29.658,1,-2.839676,1.53817,-1.873748,guided_exp
10:14:29.741,2,-2.165293,1.398381,-2.155602,guided_exp
10:14:29.741,1,-2.836632,1.538668,-1.874409,guided_exp
10:14:29.825,2,-2.16753,1.399038,-2.155567,guided_exp
10:14:29.826,1,-2.83337,1.538721,-1.875588,guided_exp
10:14:29.924,2,-2.172306,1.423036,-2.155067,guided_exp
10:14:29.925,1,-2.831495,1.537478,-1.876485,guided_exp
10:14:30.008,2,-2.173211,1.408596,-2.155059,guided_exp
10:14:30.008,1,-2.832043,1.539762,-1.876409,guided_exp
10:14:30.108,2,-2.17345,1.413996,-2.155215,guided_exp
10:14:30.109,1,-2.830745,1.540064,-1.877283,guided_exp
10:14:30.209,2,-2.171809,1.420723,-2.155424,guided_exp
10:14:30.210,1,-2.830188,1.541623,-1.877753,guided_exp
10:14:30.308,2,-2.16954,1.426666,-2.15633,guided_exp
10:14:30.308,1,-2.830247,1.538046,-1.877747,guided_exp
10:14:30.391,2,-2.16598,1.426889,-2.157812,guided_exp
10:14:30.391,1,-2.830622,1.528598,-1.877316,guided_exp
10:14:30.474,2,-2.163229,1.418873,-2.158627,guided_exp
10:14:30.475,1,-2.830814,1.52013,-1.877301,guided_exp
10:14:30.558,2,-2.160264,1.41481,-2.15962,guided_exp
10:14:30.558,1,-2.831564,1.521213,-1.877792,guided_exp
10:14:30.642,2,-2.158978,1.411115,-2.160401,guided_exp
10:14:30.642,1,-2.831852,1.519067,-1.877895,guided_exp
10:14:30.741,2,-2.155506,1.416447,-2.161172,guided_exp
10:14:30.741,1,-2.832377,1.523982,-1.878699,guided_exp
10:14:30.824,2,-2.150699,1.425001,-2.162947,guided_exp
10:14:30.825,1,-2.83257,1.528956,-1.87864,guided_exp
10:14:30.909,2,-2.149297,1.420193,-2.163448,guided_exp
10:14:30.909,1,-2.832042,1.527076,-1.878812,guided_exp
10:14:30.991,2,-2.145338,1.419709,-2.163848,guided_exp
10:14:30.991,1,-2.831458,1.525034,-1.878574,guided_exp
10:14:31.092,2,-2.142791,1.413237,-2.164052,guided_exp
10:14:31.092,1,-2.831735,1.519918,-1.878232,guided_exp
10:14:31.193,2,-2.138475,1.41984,-2.162904,guided_exp
10:14:31.194,1,-2.832978,1.518434,-1.877769,guided_exp
10:14:31.274,2,-2.133656,1.42074,-2.161541,guided_exp
10:14:31.275,1,-2.833048,1.526191,-1.877901,guided_exp
10:14:31.358,2,-2.131244,1.42157,-2.160815,guided_exp
10:14:31.359,1,-2.833213,1.527214,-1.877955,guided_exp
10:14:31.459,2,-2.127574,1.419291,-2.160787,guided_exp
10:14:31.459,1,-2.833685,1.52652,-1.878083,guided_exp
10:14:31.541,2,-2.121573,1.417818,-2.160647,guided_exp
10:14:31.541,1,-2.834515,1.527656,-1.87865,guided_exp
10:14:31.625,2,-2.118334,1.41554,-2.161439,guided_exp
10:14:31.626,1,-2.83513,1.526922,-1.878799,guided_exp
10:14:31.708,2,-2.114578,1.414515,-2.161468,guided_exp
10:14:31.708,1,-2.835377,1.526517,-1.878725,guided_exp
10:14:31.793,2,-2.109032,1.412896,-2.161706,guided_exp
10:14:31.794,1,-2.835617,1.525811,-1.878893,guided_exp
10:14:31.874,2,-2.1034,1.413051,-2.16324,guided_exp
10:14:31.875,1,-2.835858,1.521493,-1.879161,guided_exp
10:14:31.959,2,-2.097627,1.414347,-2.164659,guided_exp
10:14:31.959,1,-2.835978,1.521917,-1.879332,guided_exp
10:14:32.041,2,-2.085549,1.41599,-2.166344,guided_exp
10:14:32.041,1,-2.835941,1.522818,-1.879717,guided_exp
10:14:32.175,2,-2.070024,1.415974,-2.169387,guided_exp
10:14:32.175,1,-2.835739,1.522663,-1.881071,guided_exp
10:14:32.258,2,-2.058802,1.424976,-2.171215,guided_exp
10:14:32.259,1,-2.835574,1.522007,-1.881176,guided_exp
10:14:32.358,2,-2.050815,1.427696,-2.173278,guided_exp
10:14:32.359,1,-2.835201,1.522111,-1.882242,guided_exp
10:14:32.441,2,-2.035097,1.428227,-2.176331,guided_exp
10:14:32.441,1,-2.834893,1.523095,-1.882855,guided_exp
10:14:32.525,2,-2.025969,1.42828,-2.179133,guided_exp
10:14:32.526,1,-2.834004,1.523267,-1.884487,guided_exp
10:14:32.608,2,-2.013777,1.429494,-2.180908,guided_exp
10:14:32.608,1,-2.831002,1.52311,-1.885976,guided_exp
10:14:32.691,2,-2.004357,1.429896,-2.181979,guided_exp
10:14:32.691,1,-2.830518,1.523789,-1.886,guided_exp
10:14:32.775,2,-1.991314,1.427293,-2.18323,guided_exp
10:14:32.775,1,-2.829666,1.524398,-1.886147,guided_exp
10:14:32.875,2,-1.980962,1.425663,-2.18572,guided_exp
10:14:32.875,1,-2.828906,1.52501,-1.886311,guided_exp
10:14:32.958,2,-1.969462,1.426536,-2.186941,guided_exp
10:14:32.959,1,-2.828167,1.524977,-1.886279,guided_exp
10:14:33.042,2,-1.963213,1.428794,-2.188102,guided_exp
10:14:33.042,1,-2.827553,1.525153,-1.886079,guided_exp
10:14:33.141,2,-1.953445,1.431328,-2.191217,guided_exp
10:14:33.141,1,-2.827315,1.525359,-1.886264,guided_exp
10:14:33.242,2,-1.946708,1.43237,-2.191453,guided_exp
10:14:33.244,1,-2.826446,1.525856,-1.886188,guided_exp
10:14:33.324,2,-1.938796,1.433272,-2.192718,guided_exp
10:14:33.325,1,-2.824906,1.5264,-1.886904,guided_exp
10:14:33.492,2,-1.930063,1.433932,-2.193549,guided_exp
10:14:33.492,1,-2.824835,1.526552,-1.887294,guided_exp
10:14:33.574,2,-1.924119,1.433943,-2.194031,guided_exp
10:14:33.575,1,-2.824897,1.52615,-1.885675,guided_exp
10:14:33.676,2,-1.91946,1.434108,-2.194666,guided_exp
10:14:33.677,1,-2.825817,1.524796,-1.885713,guided_exp
10:14:33.758,2,-1.915049,1.433548,-2.194504,guided_exp
10:14:33.758,1,-2.825634,1.523913,-1.885574,guided_exp
10:14:33.842,2,-1.91247,1.433092,-2.195159,guided_exp
10:14:33.843,1,-2.825864,1.523485,-1.886134,guided_exp
10:14:33.925,2,-1.907869,1.431529,-2.194659,guided_exp
10:14:33.925,1,-2.82642,1.523979,-1.886472,guided_exp
10:14:34.009,2,-1.906483,1.430387,-2.194414,guided_exp
10:14:34.009,1,-2.826313,1.52378,-1.886659,guided_exp
10:14:34.091,2,-1.902083,1.42947,-2.194201,guided_exp
10:14:34.091,1,-2.825653,1.524363,-1.887363,guided_exp
10:14:34.175,2,-1.900436,1.42891,-2.194136,guided_exp
10:14:34.175,1,-2.825252,1.523925,-1.887897,guided_exp
10:14:34.258,2,-1.8983,1.427673,-2.194073,guided_exp
10:14:34.258,1,-2.825048,1.524145,-1.887934,guided_exp
10:14:34.408,2,-1.896461,1.427374,-2.194236,guided_exp
10:14:34.408,1,-2.824951,1.524518,-1.887486,guided_exp
10:14:34.493,2,-1.895423,1.427443,-2.194297,guided_exp
10:14:34.494,1,-2.824606,1.52515,-1.887889,guided_exp
10:14:34.593,2,-1.891686,1.427207,-2.194262,guided_exp
10:14:34.593,1,-2.824165,1.525151,-1.887897,guided_exp
10:14:34.675,2,-1.890479,1.426481,-2.194433,guided_exp
10:14:34.675,1,-2.823555,1.525385,-1.887907,guided_exp
10:14:34.774,2,-1.88929,1.425404,-2.194792,guided_exp
10:14:34.775,1,-2.823571,1.525406,-1.887782,guided_exp
10:14:34.858,2,-1.889437,1.424539,-2.194766,guided_exp
10:14:34.858,1,-2.823532,1.525013,-1.888931,guided_exp
10:14:35.010,2,-1.888761,1.423223,-2.193018,guided_exp
10:14:35.011,1,-2.824077,1.524923,-1.887457,guided_exp
10:14:35.109,2,-1.886972,1.421294,-2.191808,guided_exp
10:14:35.109,1,-2.823796,1.524628,-1.887435,guided_exp
10:14:35.191,2,-1.88276,1.419839,-2.190382,guided_exp
10:14:35.191,1,-2.824091,1.524886,-1.887086,guided_exp
10:14:35.274,2,-1.876808,1.416158,-2.188302,guided_exp
10:14:35.275,1,-2.824157,1.529073,-1.887057,guided_exp
10:14:35.359,2,-1.872847,1.415868,-2.188614,guided_exp
10:14:35.359,1,-2.824159,1.528258,-1.88705,guided_exp
10:14:35.458,2,-1.860734,1.413807,-2.188127,guided_exp
10:14:35.458,1,-2.824226,1.528269,-1.88737,guided_exp
10:14:35.541,2,-1.845121,1.412682,-2.187248,guided_exp
10:14:35.541,1,-2.824037,1.528478,-1.887226,guided_exp
10:14:35.624,2,-1.829172,1.412383,-2.186423,guided_exp
10:14:35.625,1,-2.823949,1.525261,-1.886937,guided_exp
10:14:35.708,2,-1.814438,1.412275,-2.180556,guided_exp
10:14:35.708,1,-2.823638,1.511334,-1.887107,guided_exp
10:14:35.809,2,-1.793615,1.411882,-2.171748,guided_exp
10:14:35.809,1,-2.822909,1.513712,-1.88799,guided_exp
10:14:35.909,2,-1.766924,1.411395,-2.155565,guided_exp
10:14:35.909,1,-2.822527,1.510844,-1.888198,guided_exp
10:14:35.991,2,-1.734879,1.411007,-2.135359,guided_exp
10:14:35.991,1,-2.822156,1.529674,-1.887947,guided_exp
10:14:36.075,2,-1.70361,1.410993,-2.115423,guided_exp
10:14:36.075,1,-2.821679,1.525645,-1.888074,guided_exp
10:14:36.158,2,-1.653111,1.410887,-2.088769,guided_exp
10:14:36.158,1,-2.816359,1.528825,-1.890695,guided_exp
10:14:36.242,2,-1.623475,1.410575,-2.058917,guided_exp
10:14:36.242,1,-2.814977,1.531949,-1.890655,guided_exp
10:14:36.324,2,-1.577099,1.410623,-2.02222,guided_exp
10:14:36.325,1,-2.813959,1.534998,-1.890458,guided_exp
10:14:36.492,2,-1.506565,1.410598,-1.969018,guided_exp
10:14:36.493,1,-2.809713,1.538687,-1.889756,guided_exp
10:14:36.608,2,-1.453352,1.410509,-1.935356,guided_exp
10:14:36.608,1,-2.807628,1.538314,-1.887405,guided_exp
10:14:36.709,2,-1.377064,1.410641,-1.902342,guided_exp
10:14:36.709,1,-2.800891,1.543007,-1.886081,guided_exp
10:14:36.809,2,-1.310781,1.410509,-1.871902,guided_exp
10:14:36.809,1,-2.796815,1.542758,-1.883089,guided_exp
10:14:36.891,2,-1.243633,1.410827,-1.850928,guided_exp
10:14:36.891,1,-2.791009,1.543918,-1.882975,guided_exp
10:14:36.976,2,-1.170047,1.410691,-1.835372,guided_exp
10:14:36.976,1,-2.789746,1.544422,-1.882952,guided_exp
10:14:37.076,2,-1.107701,1.410615,-1.824316,guided_exp
10:14:37.076,1,-2.762072,1.541498,-1.889754,guided_exp
10:14:37.158,2,-1.036827,1.411436,-1.82206,guided_exp
10:14:37.158,1,-2.737964,1.545063,-1.893898,guided_exp
10:14:37.258,2,-0.995501,1.411324,-1.809604,guided_exp
10:14:37.258,1,-2.723657,1.549364,-1.896583,guided_exp
10:14:37.360,2,-0.934895,1.411109,-1.772779,guided_exp
10:14:37.360,1,-2.708833,1.548871,-1.899935,guided_exp
10:14:37.459,2,-0.890081,1.411544,-1.761552,guided_exp
10:14:37.459,1,-2.683944,1.548406,-1.892323,guided_exp
10:14:37.541,2,-0.833752,1.411581,-1.7247,guided_exp
10:14:37.541,1,-2.661713,1.551735,-1.879232,guided_exp
10:14:37.625,2,-0.798133,1.411595,-1.6892,guided_exp
10:14:37.626,1,-2.642865,1.549024,-1.865326,guided_exp
10:14:37.708,2,-0.758188,1.412552,-1.630859,guided_exp
10:14:37.708,1,-2.601823,1.547709,-1.840839,guided_exp
10:14:37.858,2,-0.69917,1.414179,-1.536143,guided_exp
10:14:37.858,1,-2.53063,1.548761,-1.790554,guided_exp
10:14:37.941,2,-0.674447,1.415013,-1.502878,guided_exp
10:14:37.942,1,-2.496293,1.548508,-1.765711,guided_exp
10:14:38.043,2,-0.639493,1.417387,-1.457618,guided_exp
10:14:38.044,1,-2.445192,1.546539,-1.734537,guided_exp
10:14:38.124,2,-0.627187,1.421852,-1.442648,guided_exp
10:14:38.125,1,-2.424691,1.545814,-1.69694,guided_exp
10:14:38.258,2,-0.583995,1.423211,-1.391604,guided_exp
10:14:38.258,1,-2.396792,1.545691,-1.644723,guided_exp
10:14:38.343,2,-0.580565,1.425446,-1.385646,guided_exp
10:14:38.343,1,-2.373805,1.545584,-1.635206,guided_exp
10:14:38.443,2,-0.554223,1.425991,-1.347291,guided_exp
10:14:38.444,1,-2.333098,1.54563,-1.621686,guided_exp
10:14:38.524,2,-0.524559,1.428173,-1.32773,guided_exp
10:14:38.525,1,-2.289374,1.545251,-1.607455,guided_exp
10:14:38.611,2,-0.482616,1.429248,-1.303432,guided_exp
10:14:38.611,1,-2.252957,1.543401,-1.605334,guided_exp
10:14:38.691,2,-0.468729,1.429478,-1.279863,guided_exp
10:14:38.691,1,-2.148248,1.543319,-1.637261,guided_exp
10:14:38.775,2,-0.45999,1.431033,-1.262575,guided_exp
10:14:38.777,1,-2.091759,1.543367,-1.64243,guided_exp
10:14:38.877,2,-0.446277,1.430776,-1.318105,guided_exp
10:14:38.877,1,-2.029396,1.543304,-1.649953,guided_exp
10:14:38.958,2,-0.441034,1.430345,-1.270249,guided_exp
10:14:38.958,1,-1.976177,1.543534,-1.659689,guided_exp
10:14:39.042,2,-0.446424,1.428756,-1.272761,guided_exp
10:14:39.042,1,-1.949871,1.543138,-1.667317,guided_exp
10:14:39.124,2,-0.446907,1.428966,-1.333642,guided_exp
10:14:39.125,1,-1.935399,1.542696,-1.666191,guided_exp
10:14:39.275,2,-0.464937,1.428098,-1.28419,guided_exp
10:14:39.275,1,-1.887068,1.541316,-1.669572,guided_exp
10:14:39.358,2,-0.482603,1.430126,-1.298981,guided_exp
10:14:39.358,1,-1.869605,1.541819,-1.668686,guided_exp
10:14:39.446,2,-0.533873,1.430163,-1.336748,guided_exp
10:14:39.446,1,-1.855196,1.541873,-1.667383,guided_exp
10:14:39.525,2,-0.551753,1.430753,-1.349505,guided_exp
10:14:39.525,1,-1.839885,1.541916,-1.666591,guided_exp
10:14:39.625,2,-0.579258,1.434099,-1.36709,guided_exp
10:14:39.626,1,-1.833948,1.542688,-1.664795,guided_exp
10:14:39.727,2,-0.645955,1.438198,-1.404494,guided_exp
10:14:39.727,1,-1.827653,1.5426,-1.663917,guided_exp
10:14:39.808,2,-0.692539,1.439803,-1.451242,guided_exp
10:14:39.808,1,-1.824065,1.542388,-1.661761,guided_exp
10:14:39.891,2,-0.722217,1.440064,-1.476292,guided_exp
10:14:39.892,1,-1.822236,1.542206,-1.66084,guided_exp
10:14:39.975,2,-0.755041,1.440512,-1.516089,guided_exp
10:14:39.975,1,-1.821271,1.542368,-1.660274,guided_exp
10:14:40.058,2,-0.770355,1.439517,-1.548028,guided_exp
10:14:40.058,1,-1.821268,1.543223,-1.660184,guided_exp
10:14:40.141,2,-0.79043,1.439296,-1.600684,guided_exp
10:14:40.142,1,-1.82162,1.543096,-1.65945,guided_exp
10:14:40.225,2,-0.797266,1.436563,-1.621621,guided_exp
10:14:40.226,1,-1.821559,1.543089,-1.659667,guided_exp
10:14:40.325,2,-0.808613,1.431606,-1.66875,guided_exp
10:14:40.326,1,-1.821719,1.542766,-1.659414,guided_exp
10:14:40.408,2,-0.81218,1.430441,-1.721777,guided_exp
10:14:40.408,1,-1.82194,1.544021,-1.65913,guided_exp
10:14:40.491,2,-0.816126,1.430886,-1.762724,guided_exp
10:14:40.492,1,-1.821702,1.543844,-1.658397,guided_exp
10:14:40.575,2,-0.82371,1.430668,-1.834584,guided_exp
10:14:40.575,1,-1.821385,1.543834,-1.657205,guided_exp
10:14:40.675,2,-0.819581,1.431757,-1.938711,guided_exp
10:14:40.676,1,-1.820028,1.543617,-1.654651,guided_exp
10:14:40.775,2,-0.834936,1.433498,-2.002582,guided_exp
10:14:40.775,1,-1.818925,1.543903,-1.652143,guided_exp
10:14:40.858,2,-0.847977,1.433672,-2.049725,guided_exp
10:14:40.858,1,-1.817934,1.546801,-1.650006,guided_exp
10:14:40.941,2,-0.851478,1.432649,-2.088931,guided_exp
10:14:40.942,1,-1.817518,1.547963,-1.64933,guided_exp
10:14:41.025,2,-0.856474,1.430186,-2.116789,guided_exp
10:14:41.025,1,-1.817929,1.54759,-1.648239,guided_exp
10:14:41.108,2,-0.861755,1.428373,-2.127689,guided_exp
10:14:41.108,1,-1.817465,1.548556,-1.647457,guided_exp
10:14:41.191,2,-0.870319,1.426744,-2.150468,guided_exp
10:14:41.191,1,-1.81596,1.548702,-1.643812,guided_exp
10:14:41.275,2,-0.872852,1.425837,-2.157534,guided_exp
10:14:41.275,1,-1.812993,1.54872,-1.635701,guided_exp
10:14:41.358,2,-0.873877,1.425184,-2.158359,guided_exp
10:14:41.358,1,-1.812929,1.548793,-1.635363,guided_exp
10:14:41.445,2,-0.87548,1.424717,-2.165988,guided_exp
10:14:41.445,1,-1.812787,1.549411,-1.634308,guided_exp
10:14:41.541,2,-0.876347,1.42422,-2.16821,guided_exp
10:14:41.542,1,-1.811767,1.550426,-1.631549,guided_exp
10:14:41.625,2,-0.876447,1.424359,-2.169422,guided_exp
10:14:41.625,1,-1.81122,1.550519,-1.629793,guided_exp
10:14:41.708,2,-0.874073,1.424239,-2.170056,guided_exp
10:14:41.708,1,-1.810984,1.550601,-1.629233,guided_exp
10:14:41.858,2,-0.870351,1.424712,-2.170041,guided_exp
10:14:41.858,1,-1.810819,1.55133,-1.627945,guided_exp
10:14:41.942,2,-0.868806,1.42483,-2.169997,guided_exp
10:14:41.942,1,-1.810507,1.551308,-1.626792,guided_exp
10:14:42.025,2,-0.866364,1.424918,-2.169007,guided_exp
10:14:42.025,1,-1.810455,1.551101,-1.626599,guided_exp
10:14:42.192,2,-0.867334,1.424777,-2.173873,guided_exp
10:14:42.194,1,-1.810945,1.551137,-1.625713,guided_exp
10:14:42.293,2,-0.867822,1.425115,-2.176092,guided_exp
10:14:42.293,1,-1.810913,1.550244,-1.625557,guided_exp
10:14:42.375,2,-0.867545,1.425301,-2.177375,guided_exp
10:14:42.375,1,-1.811175,1.548748,-1.625144,guided_exp
10:14:42.460,2,-0.867348,1.425038,-2.177472,guided_exp
10:14:42.460,1,-1.811009,1.54678,-1.625034,guided_exp
10:14:42.541,2,-0.866549,1.424528,-2.178263,guided_exp
10:14:42.541,1,-1.811028,1.544287,-1.62463,guided_exp
10:14:42.691,2,-0.866571,1.424664,-2.17869,guided_exp
10:14:42.691,1,-1.811713,1.547129,-1.624793,guided_exp
10:14:42.775,2,-0.866337,1.425374,-2.178869,guided_exp
10:14:42.776,1,-1.812109,1.550062,-1.624782,guided_exp
10:14:42.875,2,-0.867741,1.426328,-2.17921,guided_exp
10:14:42.875,1,-1.812531,1.550965,-1.624344,guided_exp
10:14:42.977,2,-0.866999,1.426372,-2.17945,guided_exp
10:14:42.977,1,-1.813311,1.552238,-1.624258,guided_exp
10:14:43.092,2,-0.865569,1.42735,-2.176236,guided_exp
10:14:43.092,1,-1.813598,1.552586,-1.623976,guided_exp
10:14:43.174,2,-0.865478,1.427542,-2.17342,guided_exp
10:14:43.175,1,-1.813887,1.553544,-1.624244,guided_exp
10:14:43.258,2,-0.866366,1.426698,-2.171954,guided_exp
10:14:43.258,1,-1.81413,1.553823,-1.624042,guided_exp
10:14:43.341,2,-0.866523,1.426441,-2.170938,guided_exp
10:14:43.342,1,-1.814404,1.554621,-1.624209,guided_exp
10:14:43.446,2,-0.866027,1.426864,-2.17142,guided_exp
10:14:43.446,1,-1.815048,1.554389,-1.624467,guided_exp
10:14:43.525,2,-0.864436,1.426486,-2.167682,guided_exp
10:14:43.525,1,-1.815199,1.554814,-1.624389,guided_exp
10:14:43.608,2,-0.864712,1.427295,-2.167208,guided_exp
10:14:43.608,1,-1.815174,1.554957,-1.625208,guided_exp
10:14:43.758,2,-0.861844,1.428943,-2.166243,guided_exp
10:14:43.758,1,-1.815175,1.554866,-1.626342,guided_exp
10:14:43.841,2,-0.861613,1.428961,-2.166409,guided_exp
10:14:43.841,1,-1.815121,1.554032,-1.626619,guided_exp
10:14:43.925,2,-0.863005,1.428381,-2.167686,guided_exp
10:14:43.926,1,-1.815065,1.553963,-1.627584,guided_exp
10:14:44.008,2,-0.863055,1.429006,-2.16851,guided_exp
10:14:44.008,1,-1.815537,1.55423,-1.629202,guided_exp
10:14:44.092,2,-0.862603,1.428238,-2.16961,guided_exp
10:14:44.092,1,-1.815171,1.553656,-1.630236,guided_exp
10:14:44.192,2,-0.861934,1.426334,-2.169605,guided_exp
10:14:44.192,1,-1.814625,1.552296,-1.631599,guided_exp
10:14:44.292,2,-0.860785,1.425547,-2.172556,guided_exp
10:14:44.292,1,-1.814404,1.547701,-1.632915,guided_exp
10:14:44.375,2,-0.86066,1.42446,-2.173891,guided_exp
10:14:44.375,1,-1.814299,1.545423,-1.635944,guided_exp
10:14:44.458,2,-0.859769,1.422139,-2.175854,guided_exp
10:14:44.458,1,-1.814156,1.544148,-1.636118,guided_exp
10:14:44.541,2,-0.859873,1.422379,-2.17833,guided_exp
10:14:44.541,1,-1.813375,1.542922,-1.636434,guided_exp
10:14:44.675,2,-0.862691,1.422059,-2.186067,guided_exp
10:14:44.675,1,-1.811735,1.542148,-1.63772,guided_exp
10:14:44.758,2,-0.864674,1.421723,-2.190276,guided_exp
10:14:44.758,1,-1.809934,1.541799,-1.638153,guided_exp
10:14:44.842,2,-0.865321,1.420755,-2.191945,guided_exp
10:14:44.842,1,-1.809997,1.542748,-1.6379,guided_exp
10:14:44.925,2,-0.863975,1.420894,-2.197849,guided_exp
10:14:44.925,1,-1.810202,1.54224,-1.637026,guided_exp
10:14:45.091,2,-0.864303,1.420477,-2.20473,guided_exp
10:14:45.091,1,-1.810863,1.541301,-1.637131,guided_exp
10:14:45.193,2,-0.86514,1.420705,-2.204787,guided_exp
10:14:45.194,1,-1.811205,1.542993,-1.639169,guided_exp
10:14:45.292,2,-0.866778,1.420888,-2.208397,guided_exp
10:14:45.292,1,-1.81134,1.548239,-1.639332,guided_exp
10:14:45.392,2,-0.865866,1.420473,-2.214034,guided_exp
10:14:45.393,1,-1.812152,1.548939,-1.639943,guided_exp
10:14:45.492,2,-0.86916,1.420318,-2.218995,guided_exp
10:14:45.492,1,-1.812129,1.549607,-1.640895,guided_exp
10:14:45.575,2,-0.875096,1.41971,-2.229905,guided_exp
10:14:45.575,1,-1.812505,1.54999,-1.641897,guided_exp
10:14:45.658,2,-0.876361,1.419451,-2.232998,guided_exp
10:14:45.658,1,-1.810675,1.551151,-1.642576,guided_exp
10:14:45.825,2,-0.876839,1.419205,-2.236853,guided_exp
10:14:45.825,1,-1.810028,1.551339,-1.643609,guided_exp
10:14:45.908,2,-0.876197,1.418585,-2.239569,guided_exp
10:14:45.908,1,-1.810046,1.55165,-1.643788,guided_exp
10:14:46.010,2,-0.875852,1.418471,-2.241067,guided_exp
10:14:46.010,1,-1.809983,1.551251,-1.644318,guided_exp
10:14:46.109,2,-0.874965,1.418193,-2.242804,guided_exp
10:14:46.109,1,-1.809445,1.552302,-1.645675,guided_exp
10:14:46.191,2,-0.874254,1.41759,-2.244267,guided_exp
10:14:46.191,1,-1.807287,1.552248,-1.649246,guided_exp
10:14:46.275,2,-0.874223,1.417297,-2.245045,guided_exp
10:14:46.276,1,-1.806812,1.55251,-1.649549,guided_exp
10:14:46.376,2,-0.874429,1.417769,-2.246174,guided_exp
10:14:46.376,1,-1.807062,1.552565,-1.649657,guided_exp
10:14:46.458,2,-0.876649,1.417565,-2.250341,guided_exp
10:14:46.458,1,-1.803761,1.551941,-1.65328,guided_exp
10:14:46.541,2,-0.879727,1.417962,-2.25323,guided_exp
10:14:46.541,1,-1.799215,1.552114,-1.654449,guided_exp
10:14:46.625,2,-0.883822,1.418104,-2.255033,guided_exp
10:14:46.625,1,-1.797877,1.549367,-1.655348,guided_exp
10:14:46.710,2,-0.88727,1.417441,-2.251799,guided_exp
10:14:46.710,1,-1.797465,1.550828,-1.655482,guided_exp
10:14:46.791,2,-0.893894,1.417331,-2.240902,guided_exp
10:14:46.792,1,-1.797869,1.551174,-1.655376,guided_exp
10:14:46.875,2,-0.904735,1.416612,-2.244099,guided_exp
10:14:46.876,1,-1.801233,1.552527,-1.65371,guided_exp
10:14:46.975,2,-0.930597,1.416422,-2.244945,guided_exp
10:14:46.975,1,-1.809354,1.552224,-1.652849,guided_exp
10:14:47.075,2,-0.962525,1.41496,-2.233914,guided_exp
10:14:47.075,1,-1.815762,1.552234,-1.652859,guided_exp
10:14:47.158,2,-1.008194,1.413778,-2.230576,guided_exp
10:14:47.158,1,-1.826605,1.551832,-1.654207,guided_exp
10:14:47.325,2,-1.071967,1.411947,-2.226317,guided_exp
10:14:47.325,1,-1.848472,1.551785,-1.657784,guided_exp
10:14:47.408,2,-1.12092,1.411787,-2.231231,guided_exp
10:14:47.408,1,-1.882158,1.551574,-1.666137,guided_exp
10:14:47.509,2,-1.161761,1.412008,-2.239416,guided_exp
10:14:47.509,1,-1.933219,1.552019,-1.679694,guided_exp
10:14:47.610,2,-1.201255,1.412115,-2.24364,guided_exp
10:14:47.611,1,-1.986823,1.551958,-1.708142,guided_exp
10:14:47.691,2,-1.238995,1.404958,-2.247692,guided_exp
10:14:47.691,1,-2.035714,1.551619,-1.714144,guided_exp
10:14:47.776,2,-1.260813,1.393544,-2.247002,guided_exp
10:14:47.776,1,-2.10006,1.551789,-1.720874,guided_exp
10:14:47.876,2,-1.291109,1.387932,-2.240681,guided_exp
10:14:47.876,1,-2.179868,1.551373,-1.766526,guided_exp
10:14:47.958,2,-1.321384,1.386829,-2.235659,guided_exp
10:14:47.958,1,-2.235983,1.550011,-1.787824,guided_exp
10:14:48.042,2,-1.342129,1.388575,-2.228011,guided_exp
10:14:48.043,1,-2.262525,1.549626,-1.773786,guided_exp
10:14:48.141,2,-1.365074,1.389449,-2.214782,guided_exp
10:14:48.141,1,-2.297956,1.550136,-1.808947,guided_exp
10:14:48.242,2,-1.391368,1.389218,-2.196697,guided_exp
10:14:48.243,1,-2.337188,1.547354,-1.832467,guided_exp
10:14:48.342,2,-1.41931,1.395555,-2.168341,guided_exp
10:14:48.342,1,-2.38286,1.5493,-1.869151,guided_exp
10:14:48.425,2,-1.452284,1.393121,-2.13328,guided_exp
10:14:48.425,1,-2.41297,1.549907,-1.893571,guided_exp
10:14:48.509,2,-1.477283,1.383978,-2.111617,guided_exp
10:14:48.509,1,-2.441485,1.550419,-1.922804,guided_exp
10:14:48.610,2,-1.51007,1.377412,-2.081098,guided_exp
10:14:48.611,1,-2.476555,1.550464,-1.955365,guided_exp
10:14:48.691,2,-1.545683,1.380112,-2.052774,guided_exp
10:14:48.691,1,-2.519996,1.549045,-2.007334,guided_exp
10:14:48.775,2,-1.558276,1.377616,-2.0444,guided_exp
10:14:48.775,1,-2.533175,1.542971,-2.023057,guided_exp
10:14:48.858,2,-1.594079,1.388073,-2.021974,guided_exp
10:14:48.858,1,-2.556789,1.541217,-2.043719,guided_exp
10:14:49.009,2,-1.643079,1.387904,-2.009586,guided_exp
10:14:49.009,1,-2.601608,1.545062,-2.06378,guided_exp
10:14:49.110,2,-1.674786,1.384968,-2.008635,guided_exp
10:14:49.111,1,-2.645477,1.5457,-2.075214,guided_exp
10:14:49.191,2,-1.73334,1.386241,-2.015253,guided_exp
10:14:49.191,1,-2.692111,1.545617,-2.082326,guided_exp
10:14:49.276,2,-1.770062,1.383155,-2.028448,guided_exp
10:14:49.276,1,-2.729961,1.545946,-2.086659,guided_exp
10:14:49.375,2,-1.831826,1.379944,-2.047038,guided_exp
10:14:49.376,1,-2.78597,1.543946,-2.096679,guided_exp
10:14:49.492,2,-1.89063,1.37451,-2.063545,guided_exp
10:14:49.493,1,-2.837263,1.541627,-2.103773,guided_exp
10:14:49.592,2,-1.939861,1.381924,-2.08221,guided_exp
10:14:49.592,1,-2.878486,1.530026,-2.111442,guided_exp
10:14:49.692,2,-2.007385,1.399288,-2.096158,guided_exp
10:14:49.692,1,-2.923913,1.53451,-2.121414,guided_exp
10:14:49.775,2,-2.0325,1.391661,-2.106599,guided_exp
10:14:49.775,1,-2.936353,1.536937,-2.122794,guided_exp
10:14:49.876,2,-2.065323,1.381038,-2.114873,guided_exp
10:14:49.876,1,-2.960833,1.523528,-2.129713,guided_exp
10:14:49.975,2,-2.089692,1.38757,-2.116522,guided_exp
10:14:49.975,1,-2.977647,1.525412,-2.134588,guided_exp
10:14:50.075,2,-2.113067,1.385335,-2.114459,guided_exp
10:14:50.075,1,-2.987006,1.528838,-2.137673,guided_exp
10:14:50.175,2,-2.134642,1.390202,-2.109076,guided_exp
10:14:50.176,1,-2.99454,1.529211,-2.13988,guided_exp
10:14:50.275,2,-2.153717,1.38235,-2.098865,guided_exp
10:14:50.275,1,-3.000145,1.526273,-2.142031,guided_exp
10:14:50.358,2,-2.171686,1.345701,-2.08485,guided_exp
10:14:50.358,1,-3.003964,1.520401,-2.143531,guided_exp
10:14:50.459,2,-2.18405,1.385325,-2.069226,guided_exp
10:14:50.459,1,-3.004964,1.521216,-2.145151,guided_exp
10:14:50.559,2,-2.202269,1.376897,-2.036005,guided_exp
10:14:50.559,1,-3.008197,1.524158,-2.1487,guided_exp
10:14:50.658,2,-2.217506,1.323345,-2.007396,guided_exp
10:14:50.659,1,-3.008968,1.532554,-2.152192,guided_exp
10:14:50.758,2,-2.232058,1.394158,-1.982141,guided_exp
10:14:50.758,1,-3.00925,1.530502,-2.156752,guided_exp
10:14:50.842,2,-2.240985,1.380037,-1.964214,guided_exp
10:14:50.842,1,-3.009048,1.520947,-2.158383,guided_exp
10:14:50.942,2,-2.257448,1.320242,-1.941515,guided_exp
10:14:50.943,1,-3.008804,1.51689,-2.160041,guided_exp
10:14:51.042,2,-2.272107,1.385156,-1.926549,guided_exp
10:14:51.043,1,-3.007669,1.513064,-2.161655,guided_exp
10:14:51.142,2,-2.285253,1.381058,-1.916309,guided_exp
10:14:51.142,1,-3.005997,1.511115,-2.163068,guided_exp
10:14:51.242,2,-2.298827,1.416898,-1.908487,guided_exp
10:14:51.242,1,-3.005253,1.510565,-2.164096,guided_exp
10:14:51.342,2,-2.313722,1.416743,-1.906907,guided_exp
10:14:51.343,1,-3.004611,1.510431,-2.164612,guided_exp
10:14:51.425,2,-2.326788,1.410127,-1.90958,guided_exp
10:14:51.425,1,-3.003503,1.50569,-2.165146,guided_exp
10:14:51.508,2,-2.337697,1.397823,-1.911923,guided_exp
10:14:51.509,1,-3.003479,1.506561,-2.165247,guided_exp
10:14:51.608,2,-2.347026,1.408445,-1.91513,guided_exp
10:14:51.608,1,-3.002939,1.50523,-2.165171,guided_exp
10:14:51.709,2,-2.356664,1.423791,-1.919139,guided_exp
10:14:51.709,1,-3.002706,1.505839,-2.165743,guided_exp
10:14:51.809,2,-2.362054,1.425685,-1.92102,guided_exp
10:14:51.809,1,-3.002659,1.506042,-2.165282,guided_exp
10:14:51.908,2,-2.369598,1.423514,-1.924071,guided_exp
10:14:51.908,1,-3.002239,1.506314,-2.164827,guided_exp
10:14:52.009,2,-2.373377,1.424351,-1.926632,guided_exp
10:14:52.009,1,-3.002231,1.505441,-2.164735,guided_exp
10:14:52.109,2,-2.37697,1.423009,-1.929263,guided_exp
10:14:52.109,1,-3.00227,1.505867,-2.164732,guided_exp
10:14:52.208,2,-2.378001,1.425356,-1.929511,guided_exp
10:14:52.208,1,-3.002296,1.507142,-2.164752,guided_exp
10:14:52.309,2,-2.378712,1.425993,-1.9296,guided_exp
10:14:52.309,1,-3.002376,1.50669,-2.16319,guided_exp
10:14:52.409,2,-2.379364,1.425252,-1.929355,guided_exp
10:14:52.409,1,-3.002477,1.50696,-2.163318,guided_exp
10:14:52.510,2,-2.379558,1.414664,-1.929321,guided_exp
10:14:52.510,1,-3.002773,1.50534,-2.164343,guided_exp
10:14:52.610,2,-2.379634,1.409782,-1.928845,guided_exp
10:14:52.610,1,-3.003271,1.506335,-2.165564,guided_exp
10:14:52.709,2,-2.379081,1.402245,-1.928086,guided_exp
10:14:52.709,1,-3.004292,1.504838,-2.168577,guided_exp
10:14:52.808,2,-2.378721,1.392693,-1.926889,guided_exp
10:14:52.809,1,-3.004529,1.505719,-2.170075,guided_exp
10:14:52.909,2,-2.377669,1.394859,-1.927177,guided_exp
10:14:52.909,1,-3.004998,1.506217,-2.171067,guided_exp
10:14:53.009,2,-2.374945,1.403029,-1.931003,guided_exp
10:14:53.009,1,-3.005335,1.504388,-2.173959,guided_exp
10:14:53.109,2,-2.37433,1.40404,-1.935986,guided_exp
10:14:53.109,1,-3.005854,1.505051,-2.175537,guided_exp
10:14:53.209,2,-2.374106,1.402713,-1.945757,guided_exp
10:14:53.209,1,-3.005689,1.504594,-2.17622,guided_exp
10:14:53.310,2,-2.372246,1.405058,-1.956732,guided_exp
10:14:53.310,1,-3.005945,1.507415,-2.176502,guided_exp
10:14:53.409,2,-2.366293,1.406993,-1.968917,guided_exp
10:14:53.409,1,-3.005469,1.50656,-2.176729,guided_exp
10:14:53.526,2,-2.345558,1.421242,-1.981943,guided_exp
10:14:53.526,1,-3.004628,1.506156,-2.177128,guided_exp
10:14:53.608,2,-2.312248,1.423252,-1.994443,guided_exp
10:14:53.609,1,-3.00316,1.508294,-2.177061,guided_exp
10:14:53.692,2,-2.285576,1.425406,-2.001785,guided_exp
10:14:53.692,1,-3.000539,1.508196,-2.176501,guided_exp
10:14:53.793,2,-2.232878,1.427017,-2.012443,guided_exp
10:14:53.794,1,-2.994981,1.507306,-2.175703,guided_exp
10:14:53.894,2,-2.168412,1.427107,-2.029478,guided_exp
10:14:53.894,1,-2.986761,1.506252,-2.173017,guided_exp
10:14:53.992,2,-2.058772,1.427873,-2.047276,guided_exp
10:14:53.992,1,-2.977787,1.506521,-2.168595,guided_exp
10:14:54.092,2,-2.01233,1.428069,-2.056104,guided_exp
10:14:54.092,1,-2.969084,1.507317,-2.164464,guided_exp
10:14:54.192,2,-1.928563,1.423416,-2.069155,guided_exp
10:14:54.193,1,-2.951431,1.506696,-2.160658,guided_exp
10:14:54.292,2,-1.896396,1.421762,-2.072006,guided_exp
10:14:54.292,1,-2.939908,1.506501,-2.156562,guided_exp
10:14:54.392,2,-1.846639,1.419785,-2.069658,guided_exp
10:14:54.392,1,-2.923205,1.505738,-2.150526,guided_exp
10:14:54.492,2,-1.790428,1.419403,-2.058087,guided_exp
10:14:54.492,1,-2.90715,1.505562,-2.144545,guided_exp
10:14:54.575,2,-1.767255,1.418402,-2.050037,guided_exp
10:14:54.575,1,-2.892575,1.506285,-2.139433,guided_exp
10:14:54.658,2,-1.730331,1.416193,-2.026107,guided_exp
10:14:54.658,1,-2.878975,1.507238,-2.132578,guided_exp
10:14:54.760,2,-1.699154,1.416375,-2.003514,guided_exp
10:14:54.761,1,-2.870449,1.506587,-2.130192,guided_exp
10:14:54.841,2,-1.652324,1.415845,-1.966239,guided_exp
10:14:54.842,1,-2.865349,1.506619,-2.127372,guided_exp
10:14:54.927,2,-1.614266,1.416172,-1.929703,guided_exp
10:14:54.927,1,-2.857224,1.506052,-2.124647,guided_exp
10:14:55.008,2,-1.554774,1.417659,-1.870614,guided_exp
10:14:55.008,1,-2.849042,1.505863,-2.121717,guided_exp
10:14:55.092,2,-1.5203,1.418884,-1.834335,guided_exp
10:14:55.093,1,-2.846455,1.506296,-2.12126,guided_exp
10:14:55.193,2,-1.460275,1.416435,-1.773043,guided_exp
10:14:55.194,1,-2.842361,1.505994,-2.120805,guided_exp
10:14:55.292,2,-1.411339,1.416492,-1.739294,guided_exp
10:14:55.293,1,-2.837557,1.506945,-2.119889,guided_exp
10:14:55.375,2,-1.348659,1.416584,-1.689345,guided_exp
10:14:55.375,1,-2.835233,1.506619,-2.119853,guided_exp
10:14:55.475,2,-1.293442,1.418564,-1.641258,guided_exp
10:14:55.477,1,-2.832872,1.507648,-2.120884,guided_exp
10:14:55.575,2,-1.234732,1.417948,-1.599024,guided_exp
10:14:55.575,1,-2.832266,1.508128,-2.121311,guided_exp
10:14:55.677,2,-1.179954,1.417192,-1.566605,guided_exp
10:14:55.677,1,-2.831782,1.509751,-2.123685,guided_exp
10:14:55.758,2,-1.132843,1.416238,-1.537174,guided_exp
10:14:55.758,1,-2.834952,1.509491,-2.125465,guided_exp
10:14:55.841,2,-1.107371,1.414608,-1.523496,guided_exp
10:14:55.842,1,-2.834824,1.507938,-2.126133,guided_exp
10:14:55.942,2,-1.073027,1.414455,-1.503922,guided_exp
10:14:55.943,1,-2.838328,1.507029,-2.127382,guided_exp
10:14:56.025,2,-1.055964,1.415222,-1.496702,guided_exp
10:14:56.025,1,-2.842159,1.508364,-2.128906,guided_exp
10:14:56.108,2,-1.030248,1.415659,-1.484303,guided_exp
10:14:56.109,1,-2.842451,1.508119,-2.129612,guided_exp
10:14:56.210,2,-1.020255,1.414519,-1.482021,guided_exp
10:14:56.211,1,-2.844247,1.505191,-2.130473,guided_exp
10:14:56.310,2,-1.006515,1.414857,-1.478947,guided_exp
10:14:56.311,1,-2.846342,1.503486,-2.131195,guided_exp
10:14:56.409,2,-0.999649,1.415802,-1.479127,guided_exp
10:14:56.409,1,-2.848044,1.503372,-2.131454,guided_exp
10:14:56.509,2,-0.99391,1.416732,-1.478541,guided_exp
10:14:56.509,1,-2.849681,1.502105,-2.131883,guided_exp
10:14:56.610,2,-0.988801,1.417832,-1.477668,guided_exp
10:14:56.610,1,-2.850497,1.5041,-2.132388,guided_exp
10:14:56.709,2,-0.984645,1.418818,-1.478945,guided_exp
10:14:56.709,1,-2.851233,1.505423,-2.133311,guided_exp
10:14:56.792,2,-0.981942,1.41903,-1.480645,guided_exp
10:14:56.792,1,-2.852871,1.502022,-2.133159,guided_exp
10:14:56.875,2,-0.979928,1.418148,-1.483125,guided_exp
10:14:56.875,1,-2.854212,1.500462,-2.133615,guided_exp
10:14:56.958,2,-0.97894,1.416905,-1.483709,guided_exp
10:14:56.958,1,-2.854775,1.498269,-2.133299,guided_exp
10:14:57.058,2,-0.978626,1.416656,-1.485055,guided_exp
10:14:57.059,1,-2.855814,1.496648,-2.133259,guided_exp
10:14:57.142,2,-0.977982,1.41468,-1.485021,guided_exp
10:14:57.142,1,-2.858327,1.496702,-2.132986,guided_exp
10:14:57.225,2,-0.97662,1.415689,-1.485717,guided_exp
10:14:57.225,1,-2.860545,1.496484,-2.133089,guided_exp
10:14:57.310,2,-0.976237,1.413106,-1.487934,guided_exp
10:14:57.311,1,-2.861774,1.500404,-2.133476,guided_exp
10:14:57.391,2,-0.976083,1.417014,-1.488967,guided_exp
10:14:57.392,1,-2.8635,1.501302,-2.134117,guided_exp
10:14:57.475,2,-0.975875,1.420621,-1.488451,guided_exp
10:14:57.475,1,-2.86548,1.501471,-2.134674,guided_exp
10:14:57.558,2,-0.976302,1.423098,-1.489457,guided_exp
10:14:57.558,1,-2.866617,1.500555,-2.134754,guided_exp
10:14:57.641,2,-0.975682,1.423973,-1.489732,guided_exp
10:14:57.642,1,-2.86941,1.499701,-2.136398,guided_exp
10:14:57.725,2,-0.974769,1.423953,-1.49007,guided_exp
10:14:57.725,1,-2.871029,1.499752,-2.136618,guided_exp
10:14:57.843,2,-0.974249,1.424241,-1.490816,guided_exp
10:14:57.844,1,-2.874974,1.499577,-2.137642,guided_exp
10:14:57.942,2,-0.973054,1.424171,-1.490737,guided_exp
10:14:57.942,1,-2.878523,1.498599,-2.138607,guided_exp
10:14:58.042,2,-0.972007,1.42421,-1.490305,guided_exp
10:14:58.042,1,-2.880803,1.498933,-2.139594,guided_exp
10:14:58.142,2,-0.97174,1.423552,-1.491324,guided_exp
10:14:58.143,1,-2.882509,1.498679,-2.141436,guided_exp
10:14:58.225,2,-0.97178,1.424518,-1.490819,guided_exp
10:14:58.225,1,-2.883958,1.499947,-2.14156,guided_exp
10:14:58.310,2,-0.971545,1.425418,-1.491135,guided_exp
10:14:58.311,1,-2.884788,1.499018,-2.141873,guided_exp
10:14:58.410,2,-0.972323,1.433811,-1.49028,guided_exp
10:14:58.410,1,-2.884966,1.498087,-2.141924,guided_exp
10:14:58.509,2,-0.972571,1.440059,-1.488779,guided_exp
10:14:58.509,1,-2.884623,1.497712,-2.141009,guided_exp
10:14:58.591,2,-0.980216,1.454628,-1.48704,guided_exp
10:14:58.592,1,-2.884405,1.497756,-2.140475,guided_exp
10:14:58.676,2,-0.987387,1.456641,-1.486239,guided_exp
10:14:58.676,1,-2.884113,1.498351,-2.139691,guided_exp
10:14:58.776,2,-1.010246,1.467281,-1.491448,guided_exp
10:14:58.776,1,-2.883587,1.495365,-2.139935,guided_exp
10:14:58.875,2,-1.041263,1.476938,-1.505123,guided_exp
10:14:58.876,1,-2.881897,1.497062,-2.13876,guided_exp
10:14:58.958,2,-1.096161,1.484756,-1.530836,guided_exp
10:14:58.958,1,-2.880726,1.505609,-2.13823,guided_exp
10:14:59.043,2,-1.13751,1.491986,-1.550901,guided_exp
10:14:59.044,1,-2.878315,1.512801,-2.136665,guided_exp
10:14:59.143,2,-1.203539,1.492528,-1.593845,guided_exp
10:14:59.144,1,-2.877372,1.516978,-2.136863,guided_exp
10:14:59.225,2,-1.268723,1.494016,-1.633798,guided_exp
10:14:59.225,1,-2.876836,1.517074,-2.136551,guided_exp
10:14:59.309,2,-1.310639,1.496144,-1.659685,guided_exp
10:14:59.309,1,-2.876823,1.505464,-2.136841,guided_exp
10:14:59.408,2,-1.368081,1.495361,-1.698076,guided_exp
10:14:59.408,1,-2.875659,1.508818,-2.136302,guided_exp
10:14:59.492,2,-1.409433,1.49636,-1.718793,guided_exp
10:14:59.492,1,-2.875224,1.511955,-2.136018,guided_exp
10:14:59.594,2,-1.456399,1.503508,-1.746232,guided_exp
10:14:59.594,1,-2.874988,1.495895,-2.136195,guided_exp
10:14:59.693,2,-1.506487,1.504051,-1.773513,guided_exp
10:14:59.693,1,-2.875109,1.495154,-2.136602,guided_exp
10:14:59.792,2,-1.544822,1.499877,-1.780326,guided_exp
10:14:59.792,1,-2.874839,1.514701,-2.136973,guided_exp
10:14:59.894,2,-1.59073,1.495141,-1.786015,guided_exp
10:14:59.894,1,-2.875944,1.517888,-2.139017,guided_exp
10:14:59.992,2,-1.659662,1.490091,-1.789322,guided_exp
10:14:59.992,1,-2.876604,1.518243,-2.139832,guided_exp
10:15:00.092,2,-1.700495,1.483059,-1.784842,guided_exp
10:15:00.092,1,-2.87787,1.520393,-2.141141,guided_exp
10:15:00.175,2,-1.754307,1.482374,-1.783265,guided_exp
10:15:00.175,1,-2.880557,1.528481,-2.142857,guided_exp
10:15:00.275,2,-1.808588,1.487801,-1.780636,guided_exp
10:15:00.276,1,-2.885514,1.53625,-2.146365,guided_exp
10:15:00.358,2,-1.843201,1.491277,-1.782879,guided_exp
10:15:00.358,1,-2.88809,1.534758,-2.149202,guided_exp
10:15:00.442,2,-1.862501,1.49045,-1.790033,guided_exp
10:15:00.442,1,-2.890549,1.535632,-2.150826,guided_exp
10:15:00.542,2,-1.896997,1.49097,-1.796249,guided_exp
10:15:00.543,1,-2.894424,1.542184,-2.153123,guided_exp
10:15:00.625,2,-1.923844,1.489451,-1.805153,guided_exp
10:15:00.625,1,-2.899363,1.549173,-2.156155,guided_exp
10:15:00.710,2,-1.947089,1.487144,-1.812822,guided_exp
10:15:00.710,1,-2.902409,1.556361,-2.157366,guided_exp
10:15:00.810,2,-1.972694,1.48661,-1.826278,guided_exp
10:15:00.810,1,-2.907746,1.556003,-2.161048,guided_exp
10:15:00.891,2,-2.005277,1.477691,-1.844775,guided_exp
10:15:00.892,1,-2.913587,1.555404,-2.161894,guided_exp
10:15:00.977,2,-2.018567,1.47403,-1.855511,guided_exp
10:15:00.978,1,-2.917047,1.553946,-2.163601,guided_exp
10:15:01.058,2,-2.042595,1.474138,-1.875099,guided_exp
10:15:01.058,1,-2.92459,1.554152,-2.168126,guided_exp
10:15:01.144,2,-2.059831,1.48279,-1.886412,guided_exp
10:15:01.144,1,-2.926001,1.552738,-2.168733,guided_exp
10:15:01.243,2,-2.077473,1.486075,-1.898805,guided_exp
10:15:01.243,1,-2.932968,1.554053,-2.170888,guided_exp
10:15:01.325,2,-2.094033,1.491145,-1.912076,guided_exp
10:15:01.325,1,-2.936887,1.555723,-2.171845,guided_exp
10:15:01.409,2,-2.105699,1.494344,-1.923018,guided_exp
10:15:01.410,1,-2.941352,1.556756,-2.173634,guided_exp
10:15:01.509,2,-2.11258,1.493841,-1.931525,guided_exp
10:15:01.509,1,-2.946136,1.556676,-2.175384,guided_exp
10:15:01.591,2,-2.119829,1.493999,-1.937213,guided_exp
10:15:01.592,1,-2.951021,1.555443,-2.175769,guided_exp
10:15:01.692,2,-2.12642,1.494513,-1.9438,guided_exp
10:15:01.693,1,-2.956263,1.555371,-2.177609,guided_exp
10:15:01.775,2,-2.131742,1.496126,-1.95034,guided_exp
10:15:01.775,1,-2.961001,1.555523,-2.176963,guided_exp
10:15:01.858,2,-2.137417,1.494658,-1.95657,guided_exp
10:15:01.858,1,-2.964556,1.555015,-2.176897,guided_exp
10:15:01.942,2,-2.139758,1.491031,-1.958662,guided_exp
10:15:01.942,1,-2.967577,1.555755,-2.177317,guided_exp
10:15:02.075,2,-2.144739,1.490194,-1.964035,guided_exp
10:15:02.076,1,-2.971969,1.55542,-2.175009,guided_exp
10:15:02.177,2,-2.149054,1.489212,-1.967744,guided_exp
10:15:02.177,1,-2.973585,1.555666,-2.174638,guided_exp
10:15:02.277,2,-2.154132,1.486557,-1.971669,guided_exp
10:15:02.277,1,-2.980603,1.555291,-2.170808,guided_exp
10:15:02.358,2,-2.156785,1.485349,-1.974542,guided_exp
10:15:02.358,1,-2.984938,1.554295,-2.168451,guided_exp
10:15:02.441,2,-2.157361,1.486009,-1.975718,guided_exp
10:15:02.442,1,-2.987212,1.553835,-2.167189,guided_exp
10:15:02.575,2,-2.158395,1.485878,-1.97608,guided_exp
10:15:02.575,1,-2.991035,1.554885,-2.165005,guided_exp
10:15:02.658,2,-2.160259,1.484783,-1.97701,guided_exp
10:15:02.658,1,-2.992179,1.554519,-2.164354,guided_exp
10:15:02.742,2,-2.160683,1.48588,-1.977025,guided_exp
10:15:02.742,1,-2.992804,1.554039,-2.164318,guided_exp
10:15:02.825,2,-2.163661,1.48574,-1.975723,guided_exp
10:15:02.825,1,-2.995391,1.553922,-2.164094,guided_exp
10:15:02.909,2,-2.165193,1.48629,-1.97465,guided_exp
10:15:02.909,1,-2.996859,1.553869,-2.164155,guided_exp
10:15:03.009,2,-2.167902,1.486463,-1.974903,guided_exp
10:15:03.009,1,-2.999252,1.553863,-2.164868,guided_exp
10:15:03.109,2,-2.169544,1.4859,-1.974755,guided_exp
10:15:03.110,1,-3.001768,1.554126,-2.167184,guided_exp
10:15:03.209,2,-2.171094,1.486247,-1.974701,guided_exp
10:15:03.209,1,-3.002459,1.554399,-2.167791,guided_exp
10:15:03.309,2,-2.172865,1.486229,-1.974476,guided_exp
10:15:03.309,1,-3.004156,1.553869,-2.170028,guided_exp
10:15:03.391,2,-2.174778,1.486389,-1.974756,guided_exp
10:15:03.392,1,-3.004935,1.554081,-2.171797,guided_exp
10:15:03.492,2,-2.176318,1.486418,-1.975168,guided_exp
10:15:03.493,1,-3.005021,1.553717,-2.174141,guided_exp
10:15:03.575,2,-2.177501,1.486167,-1.974959,guided_exp
10:15:03.576,1,-3.005605,1.553678,-2.175488,guided_exp
10:15:03.676,2,-2.180826,1.486584,-1.973643,guided_exp
10:15:03.677,1,-3.005709,1.553317,-2.177552,guided_exp
10:15:03.758,2,-2.182567,1.486674,-1.973329,guided_exp
10:15:03.758,1,-3.005554,1.553256,-2.178769,guided_exp
10:15:03.842,2,-2.183851,1.486841,-1.973541,guided_exp
10:15:03.843,1,-3.004341,1.553207,-2.181576,guided_exp
10:15:03.943,2,-2.185875,1.48729,-1.973853,guided_exp
10:15:03.944,1,-3.003517,1.553188,-2.182047,guided_exp
10:15:04.025,2,-2.187973,1.488314,-1.974249,guided_exp
10:15:04.025,1,-3.00193,1.552831,-2.18154,guided_exp
10:15:04.108,2,-2.189606,1.489089,-1.975432,guided_exp
10:15:04.108,1,-3.001076,1.552372,-2.180842,guided_exp
10:15:04.192,2,-2.191001,1.489682,-1.976229,guided_exp
10:15:04.192,1,-2.998209,1.551657,-2.179791,guided_exp
10:15:04.292,2,-2.192099,1.490058,-1.976518,guided_exp
10:15:04.293,1,-2.996903,1.551906,-2.178873,guided_exp
10:15:04.375,2,-2.192808,1.490437,-1.977313,guided_exp
10:15:04.375,1,-2.994363,1.55218,-2.17759,guided_exp
10:15:04.476,2,-2.194966,1.491614,-1.979381,guided_exp
10:15:04.476,1,-2.991094,1.551798,-2.175322,guided_exp
10:15:04.558,2,-2.19678,1.493751,-1.980665,guided_exp
10:15:04.558,1,-2.986437,1.55229,-2.169176,guided_exp
10:15:04.642,2,-2.198492,1.497263,-1.981128,guided_exp
10:15:04.642,1,-2.983819,1.552687,-2.16581,guided_exp
10:15:04.742,2,-2.199502,1.500688,-1.981581,guided_exp
10:15:04.743,1,-2.978134,1.552922,-2.157365,guided_exp
10:15:04.825,2,-2.201075,1.50103,-1.9824,guided_exp
10:15:04.825,1,-2.973347,1.553335,-2.151996,guided_exp
10:15:04.910,2,-2.201705,1.501311,-1.982624,guided_exp
10:15:04.911,1,-2.967463,1.553078,-2.13885,guided_exp
10:15:05.010,2,-2.202843,1.498587,-1.98367,guided_exp
10:15:05.010,1,-2.964085,1.553188,-2.13274,guided_exp
10:15:05.109,2,-2.203327,1.497237,-1.98378,guided_exp
10:15:05.109,1,-2.959917,1.553363,-2.126204,guided_exp
10:15:05.210,2,-2.203831,1.491754,-1.983815,guided_exp
10:15:05.210,1,-2.955274,1.552715,-2.116633,guided_exp
10:15:05.309,2,-2.204121,1.485587,-1.983895,guided_exp
10:15:05.311,1,-2.952489,1.553627,-2.112374,guided_exp
10:15:05.409,2,-2.204661,1.479647,-1.984328,guided_exp
10:15:05.409,1,-2.950854,1.554431,-2.108835,guided_exp
10:15:05.509,2,-2.205117,1.476623,-1.98407,guided_exp
10:15:05.510,1,-2.949627,1.556086,-2.105291,guided_exp
10:15:05.609,2,-2.205797,1.476077,-1.984852,guided_exp
10:15:05.609,1,-2.949659,1.556769,-2.101263,guided_exp
10:15:05.709,2,-2.207021,1.475049,-1.986075,guided_exp
10:15:05.709,1,-2.951634,1.556858,-2.1004,guided_exp
10:15:05.792,2,-2.207574,1.477984,-1.986236,guided_exp
10:15:05.792,1,-2.953267,1.558959,-2.100252,guided_exp
10:15:05.894,2,-2.208467,1.474539,-1.986781,guided_exp
10:15:05.894,1,-2.955754,1.558403,-2.101087,guided_exp
10:15:05.992,2,-2.211198,1.468855,-1.989785,guided_exp
10:15:05.993,1,-2.964229,1.558311,-2.106787,guided_exp
10:15:06.092,2,-2.21377,1.462609,-1.991879,guided_exp
10:15:06.093,1,-2.969749,1.559267,-2.112424,guided_exp
10:15:06.193,2,-2.216478,1.457119,-1.99429,guided_exp
10:15:06.194,1,-2.978009,1.55822,-2.11822,guided_exp
10:15:06.292,2,-2.221258,1.454988,-1.996552,guided_exp
10:15:06.293,1,-2.994961,1.557889,-2.129947,guided_exp
10:15:06.392,2,-2.225815,1.458697,-2.000212,guided_exp
10:15:06.393,1,-3.002099,1.55995,-2.140603,guided_exp
10:15:06.475,2,-2.231701,1.458988,-2.004232,guided_exp
10:15:06.475,1,-3.021133,1.559979,-2.160632,guided_exp
10:15:06.558,2,-2.233718,1.460941,-2.006826,guided_exp
10:15:06.558,1,-3.02918,1.559337,-2.174632,guided_exp
10:15:06.659,2,-2.236371,1.468726,-2.008133,guided_exp
10:15:06.660,1,-3.045065,1.559733,-2.201418,guided_exp
10:15:06.759,2,-2.244759,1.471344,-2.009646,guided_exp
10:15:06.759,1,-3.07063,1.559254,-2.238195,guided_exp
10:15:06.860,2,-2.250145,1.471547,-2.009778,guided_exp
10:15:06.860,1,-3.081544,1.55987,-2.258972,guided_exp
10:15:06.959,2,-2.263922,1.467263,-2.005903,guided_exp
10:15:06.959,1,-3.100878,1.558925,-2.300201,guided_exp
10:15:07.042,2,-2.276481,1.467819,-2.002742,guided_exp
10:15:07.042,1,-3.114405,1.559248,-2.322229,guided_exp
10:15:07.125,2,-2.296565,1.468145,-1.996932,guided_exp
10:15:07.125,1,-3.127019,1.558425,-2.344692,guided_exp
10:15:07.208,2,-2.310931,1.469312,-1.991107,guided_exp
10:15:07.209,1,-3.134555,1.558991,-2.355789,guided_exp
10:15:07.292,2,-2.3269,1.464924,-1.986687,guided_exp
10:15:07.292,1,-3.151116,1.558688,-2.369055,guided_exp
10:15:07.392,2,-2.359507,1.46442,-1.976164,guided_exp
10:15:07.393,1,-3.176699,1.55857,-2.384032,guided_exp
10:15:07.475,2,-2.38929,1.462076,-1.967908,guided_exp
10:15:07.476,1,-3.211541,1.557616,-2.393599,guided_exp
10:15:07.576,2,-2.424261,1.462525,-1.956646,guided_exp
10:15:07.576,1,-3.253774,1.557861,-2.398745,guided_exp
10:15:07.676,2,-2.46451,1.461027,-1.94514,guided_exp
10:15:07.676,1,-3.30788,1.558316,-2.39609,guided_exp
10:15:07.776,2,-2.50028,1.459366,-1.933038,guided_exp
10:15:07.777,1,-3.373394,1.558078,-2.389097,guided_exp
10:15:07.877,2,-2.534769,1.458642,-1.925504,guided_exp
10:15:07.878,1,-3.444231,1.558327,-2.378482,guided_exp
10:15:07.975,2,-2.56818,1.459054,-1.920517,guided_exp
10:15:07.975,1,-3.506968,1.558214,-2.367525,guided_exp
10:15:08.075,2,-2.60497,1.459313,-1.917767,guided_exp
10:15:08.076,1,-3.555979,1.558052,-2.353698,guided_exp
10:15:08.175,2,-2.637387,1.460342,-1.919509,guided_exp
10:15:08.175,1,-3.598722,1.558253,-2.335603,guided_exp
10:15:08.275,2,-2.66924,1.460303,-1.927754,guided_exp
10:15:08.275,1,-3.632546,1.558644,-2.317705,guided_exp
10:15:08.375,2,-2.710931,1.459979,-1.933611,guided_exp
10:15:08.376,1,-3.660279,1.558594,-2.300683,guided_exp
10:15:08.477,2,-2.751553,1.460292,-1.944084,guided_exp
10:15:08.478,1,-3.691674,1.558458,-2.268243,guided_exp
10:15:08.575,2,-2.809041,1.460649,-1.968307,guided_exp
10:15:08.575,1,-3.714428,1.559232,-2.227884,guided_exp
10:15:08.676,2,-2.861587,1.460661,-1.989753,guided_exp
10:15:08.677,1,-3.733316,1.558836,-2.175123,guided_exp
10:15:08.777,2,-2.921597,1.460702,-2.01713,guided_exp
10:15:08.777,1,-3.749727,1.559187,-2.13227,guided_exp
10:15:08.858,2,-2.973983,1.460769,-2.038922,guided_exp
10:15:08.858,1,-3.768142,1.559027,-2.076743,guided_exp
10:15:09.009,2,-3.027433,1.460393,-2.062589,guided_exp
10:15:09.010,1,-3.778269,1.558876,-2.040373,guided_exp
10:15:09.109,2,-3.064582,1.460172,-2.074696,guided_exp
10:15:09.110,1,-3.793826,1.558674,-2.009845,guided_exp
10:15:09.208,2,-3.100035,1.459619,-2.0851,guided_exp
10:15:09.208,1,-3.806722,1.558014,-1.992394,guided_exp
10:15:09.308,2,-3.126958,1.459589,-2.090235,guided_exp
10:15:09.309,1,-3.823911,1.558549,-1.96967,guided_exp
10:15:09.409,2,-3.156196,1.460714,-2.091897,guided_exp
10:15:09.409,1,-3.842924,1.559791,-1.950514,guided_exp
10:15:09.509,2,-3.184369,1.460471,-2.089822,guided_exp
10:15:09.511,1,-3.865791,1.559523,-1.931669,guided_exp
10:15:09.608,2,-3.214028,1.460561,-2.083626,guided_exp
10:15:09.609,1,-3.88985,1.559546,-1.913491,guided_exp
10:15:09.708,2,-3.236547,1.460809,-2.068452,guided_exp
10:15:09.709,1,-3.932419,1.559402,-1.892862,guided_exp
10:15:09.792,2,-3.270343,1.460655,-2.043953,guided_exp
10:15:09.792,1,-3.982567,1.55873,-1.863127,guided_exp
10:15:09.875,2,-3.29682,1.459959,-2.015106,guided_exp
10:15:09.876,1,-4.017815,1.559402,-1.841278,guided_exp
10:15:09.977,2,-3.335534,1.45995,-1.967579,guided_exp
10:15:09.978,1,-4.060618,1.559917,-1.822587,guided_exp
10:15:10.075,2,-3.384132,1.459826,-1.90646,guided_exp
10:15:10.075,1,-4.105863,1.559959,-1.789013,guided_exp
10:15:10.176,2,-3.425031,1.461984,-1.85372,guided_exp
10:15:10.176,1,-4.139942,1.560071,-1.789096,guided_exp
10:15:10.275,2,-3.470118,1.4649,-1.793798,guided_exp
10:15:10.275,1,-4.169667,1.560062,-1.77326,guided_exp
10:15:10.359,2,-3.509912,1.467661,-1.747486,guided_exp
10:15:10.359,1,-4.199639,1.560412,-1.75914,guided_exp
10:15:10.458,2,-3.536586,1.47015,-1.71235,guided_exp
10:15:10.458,1,-4.216578,1.560088,-1.749252,guided_exp
10:15:10.560,2,-3.558402,1.472801,-1.688944,guided_exp
10:15:10.561,1,-4.220307,1.559772,-1.746063,guided_exp
10:15:10.677,2,-3.601695,1.469634,-1.631021,guided_exp
10:15:10.677,1,-4.250756,1.559683,-1.711898,guided_exp
10:15:10.776,2,-3.628085,1.467257,-1.600016,guided_exp
10:15:10.776,1,-4.266197,1.558968,-1.679615,guided_exp
10:15:10.875,2,-3.67194,1.469074,-1.558116,guided_exp
10:15:10.875,1,-4.282269,1.559054,-1.647417,guided_exp
10:15:10.959,2,-3.705769,1.4699,-1.529221,guided_exp
10:15:10.960,1,-4.29153,1.559096,-1.628813,guided_exp
10:15:11.058,2,-3.752774,1.476181,-1.487429,guided_exp
10:15:11.059,1,-4.308853,1.559236,-1.576498,guided_exp
10:15:11.158,2,-3.775237,1.478943,-1.468814,guided_exp
10:15:11.158,1,-4.311347,1.559388,-1.570492,guided_exp
10:15:11.242,2,-3.801185,1.476493,-1.432718,guided_exp
10:15:11.242,1,-4.319758,1.559325,-1.556354,guided_exp
10:15:11.325,2,-3.809697,1.474577,-1.426241,guided_exp
10:15:11.325,1,-4.333577,1.559341,-1.541468,guided_exp
10:15:11.426,2,-3.82469,1.473451,-1.40611,guided_exp
10:15:11.426,1,-4.351102,1.559293,-1.528014,guided_exp
10:15:11.508,2,-3.832532,1.464868,-1.388168,guided_exp
10:15:11.508,1,-4.378052,1.55931,-1.523459,guided_exp
10:15:11.658,2,-3.833884,1.460372,-1.369755,guided_exp
10:15:11.659,1,-4.437678,1.559818,-1.521015,guided_exp
10:15:11.742,2,-3.834494,1.453282,-1.363208,guided_exp
10:15:11.742,1,-4.45786,1.560215,-1.520367,guided_exp
10:15:11.842,2,-3.839311,1.453948,-1.352623,guided_exp
10:15:11.842,1,-4.482266,1.560445,-1.524611,guided_exp
10:15:11.943,2,-3.837947,1.463494,-1.349593,guided_exp
10:15:11.943,1,-4.489471,1.560736,-1.522764,guided_exp
10:15:12.043,2,-3.839932,1.470057,-1.341993,guided_exp
10:15:12.043,1,-4.502446,1.560653,-1.524958,guided_exp
10:15:12.142,2,-3.837471,1.459661,-1.339596,guided_exp
10:15:12.142,1,-4.510658,1.559731,-1.520722,guided_exp
10:15:12.242,2,-3.838165,1.461544,-1.336958,guided_exp
10:15:12.243,1,-4.514331,1.559191,-1.521324,guided_exp
10:15:12.342,2,-3.836818,1.469412,-1.329578,guided_exp
10:15:12.343,1,-4.517345,1.559339,-1.51889,guided_exp
10:15:12.442,2,-3.83481,1.472392,-1.327707,guided_exp
10:15:12.442,1,-4.516567,1.558969,-1.519061,guided_exp
10:15:12.542,2,-3.834881,1.47469,-1.321413,guided_exp
10:15:12.543,1,-4.516601,1.559406,-1.515033,guided_exp
10:15:12.642,2,-3.835545,1.475719,-1.320669,guided_exp
10:15:12.643,1,-4.513313,1.558983,-1.514373,guided_exp
10:15:12.742,2,-3.83583,1.480325,-1.319647,guided_exp
10:15:12.742,1,-4.511042,1.559799,-1.509436,guided_exp
10:15:12.842,2,-3.836663,1.483728,-1.318095,guided_exp
10:15:12.843,1,-4.510193,1.559189,-1.503834,guided_exp
10:15:12.944,2,-3.836172,1.485842,-1.315987,guided_exp
10:15:12.944,1,-4.510135,1.556834,-1.497069,guided_exp
10:15:13.044,2,-3.834715,1.486499,-1.313998,guided_exp
10:15:13.044,1,-4.509839,1.556618,-1.492102,guided_exp
10:15:13.142,2,-3.835225,1.484667,-1.313631,guided_exp
10:15:13.143,1,-4.509409,1.555627,-1.492526,guided_exp
10:15:13.242,2,-3.834097,1.4832,-1.312316,guided_exp
10:15:13.243,1,-4.509551,1.556569,-1.490835,guided_exp
10:15:13.342,2,-3.832405,1.481584,-1.313655,guided_exp
10:15:13.342,1,-4.507918,1.556271,-1.482824,guided_exp
10:15:13.442,2,-3.829711,1.481261,-1.313307,guided_exp
10:15:13.444,1,-4.50919,1.556475,-1.481602,guided_exp
10:15:13.543,2,-3.828907,1.480449,-1.313266,guided_exp
10:15:13.543,1,-4.511151,1.556803,-1.478536,guided_exp
10:15:13.642,2,-3.828191,1.481896,-1.31279,guided_exp
10:15:13.642,1,-4.51195,1.55629,-1.479357,guided_exp
10:15:13.725,2,-3.827656,1.482022,-1.313877,guided_exp
10:15:13.725,1,-4.509595,1.557002,-1.479323,guided_exp
10:15:13.809,2,-3.828009,1.483954,-1.314045,guided_exp
10:15:13.809,1,-4.509142,1.556803,-1.478673,guided_exp
10:15:13.909,2,-3.827748,1.484561,-1.31406,guided_exp
10:15:13.910,1,-4.510106,1.555632,-1.475603,guided_exp
10:15:14.009,2,-3.828312,1.485737,-1.313497,guided_exp
10:15:14.011,1,-4.512515,1.556136,-1.475748,guided_exp
10:15:14.109,2,-3.828723,1.48633,-1.314035,guided_exp
10:15:14.110,1,-4.511845,1.555485,-1.475843,guided_exp
10:15:14.209,2,-3.829397,1.487506,-1.314218,guided_exp
10:15:14.209,1,-4.511838,1.555091,-1.477037,guided_exp
10:15:14.309,2,-3.829735,1.487603,-1.314482,guided_exp
10:15:14.309,1,-4.512598,1.554848,-1.478311,guided_exp
10:15:14.409,2,-3.830942,1.488245,-1.315099,guided_exp
10:15:14.409,1,-4.51351,1.553706,-1.480107,guided_exp
10:15:14.509,2,-3.832644,1.488874,-1.314765,guided_exp
10:15:14.510,1,-4.51403,1.554697,-1.481168,guided_exp
10:15:14.592,2,-3.833086,1.489383,-1.315699,guided_exp
10:15:14.592,1,-4.514014,1.554308,-1.482408,guided_exp
10:15:14.676,2,-3.833798,1.48951,-1.316244,guided_exp
10:15:14.676,1,-4.513944,1.553786,-1.47577,guided_exp
10:15:14.776,2,-3.835777,1.490627,-1.316886,guided_exp
10:15:14.776,1,-4.513036,1.553692,-1.472045,guided_exp
10:15:14.876,2,-3.837173,1.490611,-1.316926,guided_exp
10:15:14.876,1,-4.512457,1.55389,-1.470263,guided_exp
10:15:14.976,2,-3.838501,1.49026,-1.317265,guided_exp
10:15:14.976,1,-4.512927,1.553909,-1.473164,guided_exp
10:15:15.075,2,-3.838684,1.49022,-1.317118,guided_exp
10:15:15.075,1,-4.510602,1.553354,-1.471065,guided_exp
10:15:15.159,2,-3.839106,1.489831,-1.316545,guided_exp
10:15:15.160,1,-4.510523,1.554107,-1.471221,guided_exp
10:15:15.260,2,-3.840424,1.48984,-1.315946,guided_exp
10:15:15.261,1,-4.50835,1.554349,-1.466385,guided_exp
10:15:15.359,2,-3.839933,1.48951,-1.316347,guided_exp
10:15:15.359,1,-4.504171,1.554649,-1.462496,guided_exp
10:15:15.459,2,-3.838058,1.489684,-1.317122,guided_exp
10:15:15.459,1,-4.497795,1.554633,-1.453397,guided_exp
10:15:15.559,2,-3.837621,1.489699,-1.316532,guided_exp
10:15:15.559,1,-4.497078,1.554789,-1.451865,guided_exp
10:15:15.658,2,-3.835889,1.489727,-1.31668,guided_exp
10:15:15.659,1,-4.491885,1.554851,-1.441333,guided_exp
10:15:15.761,2,-3.834867,1.489844,-1.315231,guided_exp
10:15:15.761,1,-4.490705,1.554547,-1.441591,guided_exp
10:15:15.860,2,-3.833935,1.489983,-1.315966,guided_exp
10:15:15.861,1,-4.489073,1.553536,-1.441355,guided_exp
10:15:15.959,2,-3.833475,1.489621,-1.316115,guided_exp
10:15:15.961,1,-4.47692,1.553477,-1.428137,guided_exp
10:15:16.059,2,-3.832743,1.488676,-1.316572,guided_exp
10:15:16.059,1,-4.470881,1.554542,-1.424328,guided_exp
10:15:16.143,2,-3.831219,1.488467,-1.316016,guided_exp
10:15:16.143,1,-4.470236,1.554949,-1.423169,guided_exp
10:15:16.225,2,-3.829967,1.488624,-1.316294,guided_exp
10:15:16.225,1,-4.469928,1.555318,-1.422404,guided_exp
10:15:16.311,2,-3.828607,1.488273,-1.316541,guided_exp
10:15:16.311,1,-4.469375,1.555318,-1.422401,guided_exp
10:15:16.411,2,-3.82439,1.488309,-1.316713,guided_exp
10:15:16.411,1,-4.467576,1.555653,-1.422502,guided_exp
10:15:16.492,2,-3.818492,1.48824,-1.320727,guided_exp
10:15:16.492,1,-4.466005,1.555222,-1.421504,guided_exp
10:15:16.576,2,-3.81354,1.488119,-1.325732,guided_exp
10:15:16.576,1,-4.464652,1.555578,-1.420934,guided_exp
10:15:16.676,2,-3.80987,1.487981,-1.339884,guided_exp
10:15:16.676,1,-4.463213,1.554686,-1.420149,guided_exp
10:15:16.777,2,-3.808781,1.488432,-1.345864,guided_exp
10:15:16.778,1,-4.463268,1.554964,-1.419973,guided_exp
10:15:16.876,2,-3.809929,1.487791,-1.35535,guided_exp
10:15:16.876,1,-4.461018,1.554463,-1.419019,guided_exp
10:15:16.975,2,-3.806868,1.487483,-1.360678,guided_exp
10:15:16.975,1,-4.460665,1.556979,-1.418716,guided_exp
10:15:17.076,2,-3.806455,1.487428,-1.3694,guided_exp
10:15:17.076,1,-4.460706,1.557067,-1.41903,guided_exp
10:15:17.176,2,-3.805839,1.487359,-1.372531,guided_exp
10:15:17.176,1,-4.462277,1.556781,-1.418865,guided_exp
10:15:17.276,2,-3.802156,1.487584,-1.37378,guided_exp
10:15:17.276,1,-4.460675,1.556138,-1.417463,guided_exp
10:15:17.358,2,-3.797339,1.487267,-1.372955,guided_exp
10:15:17.359,1,-4.459186,1.555628,-1.418156,guided_exp
10:15:17.459,2,-3.792953,1.486742,-1.371698,guided_exp
10:15:17.459,1,-4.45925,1.555142,-1.417614,guided_exp
10:15:17.559,2,-3.790374,1.486569,-1.371729,guided_exp
10:15:17.560,1,-4.459892,1.554689,-1.418131,guided_exp
10:15:17.659,2,-3.78782,1.486622,-1.372018,guided_exp
10:15:17.659,1,-4.459862,1.556008,-1.417975,guided_exp
10:15:17.760,2,-3.782829,1.486719,-1.369389,guided_exp
10:15:17.761,1,-4.459335,1.556638,-1.415974,guided_exp
10:15:17.842,2,-3.780654,1.486618,-1.366893,guided_exp
10:15:17.842,1,-4.456633,1.556173,-1.417469,guided_exp
10:15:17.925,2,-3.782007,1.486727,-1.365833,guided_exp
10:15:17.926,1,-4.455695,1.556336,-1.417022,guided_exp
10:15:18.026,2,-3.783185,1.486938,-1.360858,guided_exp
10:15:18.026,1,-4.456997,1.557091,-1.416455,guided_exp
10:15:18.108,2,-3.783255,1.484858,-1.360651,guided_exp
10:15:18.109,1,-4.45414,1.557737,-1.414647,guided_exp
10:15:18.194,2,-3.783051,1.484803,-1.358817,guided_exp
10:15:18.194,1,-4.454582,1.558627,-1.414834,guided_exp
10:15:18.293,2,-3.783706,1.484014,-1.357189,guided_exp
10:15:18.293,1,-4.456126,1.559558,-1.414223,guided_exp
10:15:18.392,2,-3.78457,1.483465,-1.353669,guided_exp
10:15:18.393,1,-4.457338,1.560154,-1.414148,guided_exp
10:15:18.493,2,-3.786085,1.483232,-1.352336,guided_exp
10:15:18.493,1,-4.459163,1.559787,-1.414557,guided_exp
10:15:18.593,2,-3.787284,1.482431,-1.350129,guided_exp
10:15:18.593,1,-4.459446,1.55822,-1.414534,guided_exp
10:15:18.692,2,-3.789992,1.482054,-1.34782,guided_exp
10:15:18.693,1,-4.460126,1.555937,-1.41423,guided_exp
10:15:18.793,2,-3.791324,1.479322,-1.342927,guided_exp
10:15:18.793,1,-4.462287,1.558302,-1.41474,guided_exp
10:15:18.892,2,-3.791271,1.478649,-1.341529,guided_exp
10:15:18.893,1,-4.462669,1.555898,-1.414772,guided_exp
10:15:18.992,2,-3.791758,1.476187,-1.339618,guided_exp
10:15:18.993,1,-4.463306,1.553543,-1.415501,guided_exp
10:15:19.092,2,-3.792651,1.474629,-1.335022,guided_exp
10:15:19.093,1,-4.463548,1.558224,-1.419237,guided_exp
10:15:19.194,2,-3.79053,1.472853,-1.332909,guided_exp
10:15:19.194,1,-4.464606,1.56051,-1.422435,guided_exp
10:15:19.292,2,-3.789339,1.470163,-1.33027,guided_exp
10:15:19.292,1,-4.470429,1.563726,-1.4227,guided_exp
10:15:19.393,2,-3.789853,1.470238,-1.329551,guided_exp
10:15:19.393,1,-4.469775,1.568179,-1.425353,guided_exp
10:15:19.492,2,-3.79019,1.465593,-1.327475,guided_exp
10:15:19.493,1,-4.470485,1.56719,-1.427521,guided_exp
10:15:19.593,2,-3.790133,1.465294,-1.324913,guided_exp
10:15:19.593,1,-4.472601,1.566092,-1.428772,guided_exp
10:15:19.694,2,-3.790071,1.468498,-1.323039,guided_exp
10:15:19.694,1,-4.473159,1.563046,-1.427556,guided_exp
10:15:19.793,2,-3.791899,1.473942,-1.32068,guided_exp
10:15:19.793,1,-4.475135,1.564948,-1.427659,guided_exp
10:15:19.892,2,-3.793412,1.475475,-1.32063,guided_exp
10:15:19.892,1,-4.478173,1.56137,-1.428942,guided_exp
10:15:19.994,2,-3.793724,1.476734,-1.320627,guided_exp
10:15:19.994,1,-4.478958,1.558943,-1.429695,guided_exp
10:15:20.092,2,-3.795893,1.484253,-1.318857,guided_exp
10:15:20.092,1,-4.479319,1.563277,-1.430079,guided_exp
10:15:20.192,2,-3.796191,1.487606,-1.318633,guided_exp
10:15:20.192,1,-4.480712,1.566362,-1.429678,guided_exp
10:15:20.293,2,-3.797221,1.486114,-1.31933,guided_exp
10:15:20.293,1,-4.481702,1.568242,-1.429049,guided_exp
10:15:20.393,2,-3.798588,1.487961,-1.318721,guided_exp
10:15:20.393,1,-4.481772,1.569529,-1.428928,guided_exp
10:15:20.493,2,-3.799193,1.488174,-1.31901,guided_exp
10:15:20.493,1,-4.481759,1.56761,-1.429012,guided_exp
10:15:20.575,2,-3.802866,1.486331,-1.3203,guided_exp
10:15:20.575,1,-4.481955,1.56663,-1.429143,guided_exp
10:15:20.658,2,-3.803574,1.490165,-1.320809,guided_exp
10:15:20.659,1,-4.482719,1.557882,-1.431017,guided_exp
10:15:20.742,2,-3.805417,1.497384,-1.320696,guided_exp
10:15:20.742,1,-4.483304,1.549325,-1.431439,guided_exp
10:15:20.825,2,-3.808229,1.50623,-1.323926,guided_exp
10:15:20.825,1,-4.484716,1.54609,-1.432213,guided_exp
10:15:20.909,2,-3.808878,1.511169,-1.326031,guided_exp
10:15:20.911,1,-4.486525,1.555539,-1.433557,guided_exp
10:15:20.992,2,-3.811011,1.516858,-1.328136,guided_exp
10:15:20.992,1,-4.487618,1.554154,-1.434409,guided_exp
10:15:21.076,2,-3.812667,1.518783,-1.329188,guided_exp
10:15:21.076,1,-4.489771,1.553668,-1.436198,guided_exp
10:15:21.176,2,-3.814057,1.518889,-1.330479,guided_exp
10:15:21.176,1,-4.491871,1.556748,-1.437143,guided_exp
10:15:21.258,2,-3.814969,1.518639,-1.330727,guided_exp
10:15:21.259,1,-4.49413,1.556245,-1.438985,guided_exp
10:15:21.342,2,-3.816139,1.518645,-1.330617,guided_exp
10:15:21.342,1,-4.494524,1.55206,-1.439577,guided_exp
10:15:21.444,2,-3.819309,1.517079,-1.330582,guided_exp
10:15:21.444,1,-4.496445,1.551974,-1.444146,guided_exp
10:15:21.543,2,-3.824098,1.51503,-1.330194,guided_exp
10:15:21.543,1,-4.496275,1.549021,-1.444933,guided_exp
10:15:21.643,2,-3.827611,1.512081,-1.331271,guided_exp
10:15:21.643,1,-4.495905,1.530861,-1.444705,guided_exp
10:15:21.725,2,-3.830349,1.507017,-1.331564,guided_exp
10:15:21.725,1,-4.495781,1.535559,-1.445612,guided_exp
10:15:21.877,2,-3.834185,1.500626,-1.332078,guided_exp
10:15:21.877,1,-4.497167,1.539784,-1.450415,guided_exp
10:15:21.976,2,-3.835606,1.493534,-1.332711,guided_exp
10:15:21.976,1,-4.496498,1.540467,-1.451401,guided_exp
10:15:22.076,2,-3.835972,1.498276,-1.332638,guided_exp
10:15:22.076,1,-4.495521,1.549873,-1.451832,guided_exp
10:15:22.176,2,-3.836277,1.499501,-1.332421,guided_exp
10:15:22.176,1,-4.49534,1.547134,-1.451469,guided_exp
10:15:22.276,2,-3.83738,1.505887,-1.331648,guided_exp
10:15:22.277,1,-4.495237,1.546358,-1.451324,guided_exp
10:15:22.376,2,-3.839582,1.503144,-1.330211,guided_exp
10:15:22.376,1,-4.49438,1.548983,-1.45343,guided_exp
10:15:22.476,2,-3.839704,1.508914,-1.330022,guided_exp
10:15:22.476,1,-4.495586,1.545868,-1.453646,guided_exp
10:15:22.576,2,-3.840201,1.513036,-1.330074,guided_exp
10:15:22.578,1,-4.496989,1.542961,-1.456724,guided_exp
10:15:22.676,2,-3.839646,1.506121,-1.329758,guided_exp
10:15:22.676,1,-4.496421,1.54271,-1.454312,guided_exp
10:15:22.758,2,-3.83956,1.501491,-1.329064,guided_exp
10:15:22.759,1,-4.496232,1.53932,-1.454568,guided_exp
10:15:22.842,2,-3.839647,1.487936,-1.327077,guided_exp
10:15:22.842,1,-4.496861,1.535121,-1.456641,guided_exp
10:15:22.925,2,-3.838394,1.500102,-1.326186,guided_exp
10:15:22.925,1,-4.497534,1.53414,-1.454295,guided_exp
10:15:23.009,2,-3.83835,1.504163,-1.326105,guided_exp
10:15:23.010,1,-4.497442,1.544668,-1.453996,guided_exp
10:15:23.092,2,-3.837441,1.504799,-1.326129,guided_exp
10:15:23.092,1,-4.497848,1.543723,-1.45512,guided_exp
10:15:23.242,2,-3.838653,1.5064,-1.325632,guided_exp
10:15:23.242,1,-4.502515,1.540171,-1.462497,guided_exp
10:15:23.325,2,-3.84029,1.5083,-1.325139,guided_exp
10:15:23.325,1,-4.501979,1.542539,-1.464051,guided_exp
10:15:23.409,2,-3.84039,1.508373,-1.325078,guided_exp
10:15:23.409,1,-4.503135,1.548405,-1.465003,guided_exp
10:15:23.509,2,-3.841754,1.509795,-1.325621,guided_exp
10:15:23.509,1,-4.503129,1.549068,-1.466329,guided_exp
10:15:23.592,2,-3.8433,1.507738,-1.32536,guided_exp
10:15:23.592,1,-4.503743,1.543232,-1.467561,guided_exp
10:15:23.676,2,-3.844226,1.507125,-1.325543,guided_exp
10:15:23.676,1,-4.508052,1.543803,-1.464234,guided_exp
10:15:23.776,2,-3.844452,1.50687,-1.32546,guided_exp
10:15:23.776,1,-4.506882,1.536026,-1.469116,guided_exp
10:15:23.876,2,-3.845028,1.505933,-1.32565,guided_exp
10:15:23.877,1,-4.507042,1.533167,-1.470391,guided_exp
10:15:23.958,2,-3.845516,1.506152,-1.325455,guided_exp
10:15:23.959,1,-4.511547,1.526915,-1.469682,guided_exp
10:15:24.042,2,-3.845951,1.505522,-1.325648,guided_exp
10:15:24.042,1,-4.510446,1.530651,-1.470358,guided_exp
10:15:24.142,2,-3.845851,1.505155,-1.325267,guided_exp
10:15:24.142,1,-4.510194,1.529152,-1.470717,guided_exp
10:15:24.243,2,-3.845099,1.505418,-1.325161,guided_exp
10:15:24.243,1,-4.512103,1.528334,-1.471706,guided_exp
10:15:24.343,2,-3.844193,1.503615,-1.323791,guided_exp
10:15:24.343,1,-4.512543,1.528305,-1.473674,guided_exp
10:15:24.425,2,-3.843251,1.502998,-1.321194,guided_exp
10:15:24.425,1,-4.512755,1.529408,-1.473735,guided_exp
10:15:24.559,2,-3.84124,1.503073,-1.319097,guided_exp
10:15:24.559,1,-4.51791,1.528751,-1.477157,guided_exp
10:15:24.643,2,-3.840174,1.502587,-1.317798,guided_exp
10:15:24.643,1,-4.517609,1.529187,-1.477485,guided_exp
10:15:24.725,2,-3.837847,1.502161,-1.317047,guided_exp
10:15:24.725,1,-4.517555,1.52969,-1.476983,guided_exp
10:15:24.811,2,-3.837419,1.501674,-1.316241,guided_exp
10:15:24.811,1,-4.517798,1.528463,-1.476337,guided_exp
10:15:24.909,2,-3.837448,1.501162,-1.316004,guided_exp
10:15:24.909,1,-4.518206,1.530122,-1.475943,guided_exp
10:15:24.992,2,-3.835533,1.500758,-1.315241,guided_exp
10:15:24.992,1,-4.52068,1.529641,-1.47727,guided_exp
10:15:25.076,2,-3.835721,1.500761,-1.31498,guided_exp
10:15:25.076,1,-4.520138,1.529862,-1.477033,guided_exp
10:15:25.158,2,-3.835986,1.50014,-1.31461,guided_exp
10:15:25.159,1,-4.520033,1.534891,-1.476828,guided_exp
10:15:25.242,2,-3.838095,1.498983,-1.314281,guided_exp
10:15:25.242,1,-4.520365,1.534088,-1.476725,guided_exp
10:15:25.327,2,-3.837901,1.498741,-1.314214,guided_exp
10:15:25.328,1,-4.520769,1.534874,-1.476773,guided_exp
10:15:25.426,2,-3.837199,1.497888,-1.313379,guided_exp
10:15:25.426,1,-4.523145,1.532962,-1.475924,guided_exp
10:15:25.526,2,-3.838664,1.497822,-1.313264,guided_exp
10:15:25.526,1,-4.523875,1.531393,-1.475585,guided_exp
10:15:25.625,2,-3.83847,1.498021,-1.312489,guided_exp
10:15:25.626,1,-4.524184,1.530926,-1.476037,guided_exp
10:15:25.725,2,-3.836677,1.497222,-1.312479,guided_exp
10:15:25.726,1,-4.523778,1.533835,-1.476389,guided_exp
10:15:25.826,2,-3.837797,1.497321,-1.312788,guided_exp
10:15:25.826,1,-4.525543,1.533665,-1.476734,guided_exp
10:15:25.908,2,-3.837786,1.497877,-1.312691,guided_exp
10:15:25.909,1,-4.525212,1.532725,-1.476176,guided_exp
10:15:25.994,2,-3.838242,1.497308,-1.312246,guided_exp
10:15:25.994,1,-4.524743,1.53324,-1.476599,guided_exp
10:15:26.093,2,-3.837875,1.497343,-1.312682,guided_exp
10:15:26.094,1,-4.523921,1.532971,-1.476388,guided_exp
10:15:26.193,2,-3.837573,1.497812,-1.313268,guided_exp
10:15:26.193,1,-4.527043,1.531578,-1.476686,guided_exp
10:15:26.275,2,-3.838173,1.498241,-1.313838,guided_exp
10:15:26.275,1,-4.528766,1.532594,-1.476766,guided_exp
10:15:26.359,2,-3.839146,1.497639,-1.31379,guided_exp
10:15:26.359,1,-4.529061,1.532387,-1.476481,guided_exp
10:15:26.442,2,-3.839038,1.498503,-1.314231,guided_exp
10:15:26.442,1,-4.528217,1.534268,-1.47722,guided_exp
10:15:26.525,2,-3.838317,1.498315,-1.314398,guided_exp
10:15:26.525,1,-4.526584,1.539229,-1.478529,guided_exp
10:15:26.609,2,-3.838972,1.498046,-1.312563,guided_exp
10:15:26.610,1,-4.526149,1.539244,-1.478799,guided_exp
10:15:26.692,2,-3.838072,1.497874,-1.314003,guided_exp
10:15:26.692,1,-4.527012,1.539204,-1.4799,guided_exp
10:15:26.776,2,-3.838337,1.498008,-1.314685,guided_exp
10:15:26.777,1,-4.526958,1.538934,-1.479687,guided_exp
10:15:26.876,2,-3.837759,1.497831,-1.316356,guided_exp
10:15:26.876,1,-4.526116,1.539033,-1.479327,guided_exp
10:15:26.958,2,-3.838381,1.498214,-1.317406,guided_exp
10:15:26.959,1,-4.526179,1.5401,-1.479495,guided_exp
10:15:27.042,2,-3.838004,1.497737,-1.317514,guided_exp
10:15:27.043,1,-4.526132,1.543589,-1.478658,guided_exp
10:15:27.125,2,-3.839123,1.497657,-1.318057,guided_exp
10:15:27.125,1,-4.529836,1.546466,-1.478493,guided_exp
10:15:27.209,2,-3.838596,1.497383,-1.318186,guided_exp
10:15:27.210,1,-4.529335,1.546425,-1.478268,guided_exp
10:15:27.309,2,-3.839268,1.495879,-1.317884,guided_exp
10:15:27.311,1,-4.529565,1.548291,-1.478076,guided_exp
10:15:27.392,2,-3.837715,1.496748,-1.319467,guided_exp
10:15:27.392,1,-4.525954,1.547303,-1.478229,guided_exp
10:15:27.493,2,-3.837852,1.496109,-1.319934,guided_exp
10:15:27.493,1,-4.526229,1.546494,-1.479485,guided_exp
10:15:27.593,2,-3.837995,1.495788,-1.320309,guided_exp
10:15:27.593,1,-4.527995,1.543421,-1.488018,guided_exp
10:15:27.676,2,-3.837475,1.495136,-1.320565,guided_exp
10:15:27.676,1,-4.53002,1.543138,-1.491666,guided_exp
10:15:27.759,2,-3.838297,1.494584,-1.321144,guided_exp
10:15:27.759,1,-4.538149,1.542105,-1.50001,guided_exp
10:15:27.842,2,-3.838895,1.49459,-1.322331,guided_exp
10:15:27.842,1,-4.543833,1.540514,-1.503114,guided_exp
10:15:27.927,2,-3.839015,1.494011,-1.323874,guided_exp
10:15:27.928,1,-4.552457,1.54025,-1.5066,guided_exp
10:15:28.027,2,-3.839851,1.494325,-1.329671,guided_exp
10:15:28.028,1,-4.560273,1.536939,-1.507688,guided_exp
10:15:28.125,2,-3.841365,1.495179,-1.340782,guided_exp
10:15:28.126,1,-4.562713,1.536373,-1.509607,guided_exp
10:15:28.226,2,-3.831732,1.496218,-1.361009,guided_exp
10:15:28.226,1,-4.566942,1.537184,-1.508989,guided_exp
10:15:28.326,2,-3.823514,1.495906,-1.380847,guided_exp
10:15:28.326,1,-4.566454,1.538049,-1.509376,guided_exp
10:15:28.425,2,-3.800682,1.49743,-1.415154,guided_exp
10:15:28.425,1,-4.56831,1.537803,-1.511252,guided_exp
10:15:28.509,2,-3.785141,1.500189,-1.445811,guided_exp
10:15:28.509,1,-4.570658,1.538003,-1.511003,guided_exp
10:15:28.611,2,-3.758984,1.501312,-1.485351,guided_exp
10:15:28.611,1,-4.57599,1.538391,-1.51357,guided_exp
10:15:28.709,2,-3.718595,1.500497,-1.562455,guided_exp
10:15:28.709,1,-4.580698,1.538327,-1.521626,guided_exp
10:15:28.792,2,-3.658586,1.499293,-1.651507,guided_exp
10:15:28.792,1,-4.582274,1.538988,-1.525867,guided_exp
10:15:28.876,2,-3.628829,1.49703,-1.695971,guided_exp
10:15:28.876,1,-4.584365,1.539427,-1.532283,guided_exp
10:15:28.976,2,-3.581851,1.495262,-1.79778,guided_exp
10:15:28.977,1,-4.587277,1.539363,-1.542905,guided_exp
10:15:29.076,2,-3.553355,1.495858,-1.856412,guided_exp
10:15:29.076,1,-4.589416,1.539512,-1.558376,guided_exp
10:15:29.176,2,-3.52694,1.495261,-1.90317,guided_exp
10:15:29.176,1,-4.58095,1.539374,-1.593058,guided_exp
10:15:29.275,2,-3.503924,1.494942,-1.937269,guided_exp
10:15:29.276,1,-4.566948,1.539448,-1.622966,guided_exp
10:15:29.376,2,-3.484387,1.495431,-1.963122,guided_exp
10:15:29.376,1,-4.555693,1.540405,-1.662044,guided_exp
10:15:29.493,2,-3.439229,1.494804,-1.999728,guided_exp
10:15:29.493,1,-4.498543,1.53952,-1.703626,guided_exp
10:15:29.593,2,-3.415294,1.495026,-2.008088,guided_exp
10:15:29.593,1,-4.448168,1.538938,-1.75485,guided_exp
10:15:29.692,2,-3.38054,1.494622,-2.015254,guided_exp
10:15:29.693,1,-4.401332,1.539535,-1.822975,guided_exp
10:15:29.792,2,-3.293115,1.49462,-2.036973,guided_exp
10:15:29.792,1,-4.371441,1.540107,-1.889228,guided_exp
10:15:29.893,2,-3.24059,1.494254,-2.050141,guided_exp
10:15:29.893,1,-4.368252,1.539955,-1.912798,guided_exp
10:15:29.993,2,-3.167189,1.493495,-2.064851,guided_exp
10:15:29.994,1,-4.347444,1.539765,-1.917512,guided_exp
10:15:30.093,2,-3.11158,1.491878,-2.080853,guided_exp
10:15:30.093,1,-4.34386,1.539736,-1.942178,guided_exp
10:15:30.193,2,-3.053297,1.491923,-2.099324,guided_exp
10:15:30.193,1,-4.318035,1.539689,-1.944428,guided_exp
10:15:30.293,2,-3.022919,1.491656,-2.108027,guided_exp
10:15:30.293,1,-4.299769,1.539791,-1.948846,guided_exp
10:15:30.375,2,-2.989191,1.491491,-2.125707,guided_exp
10:15:30.375,1,-4.234156,1.53983,-1.942534,guided_exp
10:15:30.459,2,-2.965385,1.49151,-2.13842,guided_exp
10:15:30.460,1,-4.21411,1.540661,-1.943854,guided_exp
10:15:30.559,2,-2.903738,1.491097,-2.165309,guided_exp
10:15:30.559,1,-4.141614,1.54098,-1.939892,guided_exp
10:15:30.659,2,-2.8759,1.491411,-2.180512,guided_exp
10:15:30.659,1,-4.104399,1.541004,-1.944154,guided_exp
10:15:30.759,2,-2.816682,1.491456,-2.2146,guided_exp
10:15:30.761,1,-4.055114,1.541732,-1.937132,guided_exp
10:15:30.860,2,-2.749095,1.490592,-2.262217,guided_exp
10:15:30.860,1,-4.009715,1.542594,-1.95176,guided_exp
10:15:30.959,2,-2.678936,1.490101,-2.300637,guided_exp
10:15:30.959,1,-3.964399,1.546793,-1.964434,guided_exp
10:15:31.059,2,-2.622412,1.489764,-2.34339,guided_exp
10:15:31.060,1,-3.913034,1.544868,-1.982657,guided_exp
10:15:31.142,2,-2.563377,1.489449,-2.371832,guided_exp
10:15:31.142,1,-3.849935,1.545012,-2.005007,guided_exp
10:15:31.227,2,-2.521577,1.489332,-2.384408,guided_exp
10:15:31.227,1,-3.810398,1.545275,-2.022675,guided_exp
10:15:31.309,2,-2.493543,1.489222,-2.391071,guided_exp
10:15:31.309,1,-3.73659,1.544287,-2.070838,guided_exp
10:15:31.477,2,-2.422477,1.49021,-2.397255,guided_exp
10:15:31.478,1,-3.63761,1.544115,-2.110561,guided_exp
10:15:31.576,2,-2.368181,1.490969,-2.395592,guided_exp
10:15:31.577,1,-3.587813,1.545067,-2.121496,guided_exp
10:15:31.659,2,-2.31487,1.491269,-2.387095,guided_exp
10:15:31.659,1,-3.540589,1.545359,-2.127908,guided_exp
10:15:31.744,2,-2.276678,1.491179,-2.379761,guided_exp
10:15:31.744,1,-3.514477,1.54466,-2.128468,guided_exp
10:15:31.825,2,-2.216839,1.491481,-2.363914,guided_exp
10:15:31.825,1,-3.478178,1.544233,-2.160055,guided_exp
10:15:31.909,2,-2.178378,1.492078,-2.352753,guided_exp
10:15:31.910,1,-3.456535,1.544826,-2.155676,guided_exp
10:15:31.992,2,-2.120684,1.492112,-2.336267,guided_exp
10:15:31.992,1,-3.410395,1.544547,-2.140959,guided_exp
10:15:32.076,2,-2.087558,1.492291,-2.332021,guided_exp
10:15:32.076,1,-3.357175,1.544045,-2.098402,guided_exp
10:15:32.176,2,-2.040523,1.493478,-2.320449,guided_exp
10:15:32.176,1,-3.313362,1.54334,-2.076059,guided_exp
10:15:32.259,2,-1.98253,1.494034,-2.314471,guided_exp
10:15:32.259,1,-3.262554,1.543534,-2.039518,guided_exp
10:15:32.343,2,-1.943032,1.493257,-2.313789,guided_exp
10:15:32.343,1,-3.237398,1.543638,-2.026867,guided_exp
10:15:32.425,2,-1.887141,1.492818,-2.320864,guided_exp
10:15:32.426,1,-3.217051,1.544294,-2.010624,guided_exp
10:15:32.509,2,-1.841754,1.492876,-2.326885,guided_exp
10:15:32.510,1,-3.224884,1.545008,-1.986008,guided_exp
10:15:32.592,2,-1.779847,1.492926,-2.340207,guided_exp
10:15:32.592,1,-3.190846,1.544936,-1.964274,guided_exp
10:15:32.743,2,-1.706122,1.493462,-2.364218,guided_exp
10:15:32.743,1,-3.155431,1.545649,-1.957584,guided_exp
10:15:32.825,2,-1.665276,1.494164,-2.377282,guided_exp
10:15:32.826,1,-3.090429,1.545882,-1.975975,guided_exp
10:15:32.926,2,-1.635695,1.494336,-2.384928,guided_exp
10:15:32.926,1,-3.060074,1.545744,-1.99097,guided_exp
10:15:33.009,2,-1.605423,1.494179,-2.390337,guided_exp
10:15:33.009,1,-3.015714,1.54602,-2.014035,guided_exp
10:15:33.092,2,-1.581284,1.494546,-2.394269,guided_exp
10:15:33.092,1,-2.956409,1.54217,-2.051773,guided_exp
10:15:33.225,2,-1.557612,1.495381,-2.394398,guided_exp
10:15:33.225,1,-2.922258,1.542951,-2.078031,guided_exp
10:15:33.309,2,-1.548548,1.496478,-2.393458,guided_exp
10:15:33.309,1,-2.906415,1.542331,-2.088853,guided_exp
10:15:33.392,2,-1.536494,1.496586,-2.390285,guided_exp
10:15:33.392,1,-2.882843,1.541795,-2.104325,guided_exp
10:15:33.475,2,-1.5302,1.495377,-2.388663,guided_exp
10:15:33.476,1,-2.870415,1.540327,-2.113756,guided_exp
10:15:33.559,2,-1.525358,1.495146,-2.38781,guided_exp
10:15:33.559,1,-2.855268,1.540634,-2.122067,guided_exp
10:15:33.659,2,-1.521964,1.495327,-2.387108,guided_exp
10:15:33.660,1,-2.85106,1.539745,-2.125414,guided_exp
10:15:33.759,2,-1.519469,1.495511,-2.388301,guided_exp
10:15:33.759,1,-2.845652,1.539876,-2.129805,guided_exp
10:15:33.859,2,-1.51882,1.495862,-2.388842,guided_exp
10:15:33.859,1,-2.841558,1.53965,-2.13187,guided_exp
10:15:33.959,2,-1.517244,1.495511,-2.389064,guided_exp
10:15:33.960,1,-2.831366,1.538873,-2.13743,guided_exp
10:15:34.061,2,-1.516793,1.495701,-2.389056,guided_exp
10:15:34.061,1,-2.827677,1.538986,-2.140763,guided_exp
10:15:34.142,2,-1.516115,1.495873,-2.389459,guided_exp
10:15:34.142,1,-2.824581,1.53851,-2.143568,guided_exp
10:15:34.227,2,-1.516042,1.495742,-2.389373,guided_exp
10:15:34.227,1,-2.823323,1.538552,-2.145327,guided_exp
10:15:34.309,2,-1.515665,1.495899,-2.389163,guided_exp
10:15:34.309,1,-2.822264,1.538526,-2.147242,guided_exp
10:15:34.394,2,-1.516156,1.495213,-2.388911,guided_exp
10:15:34.395,1,-2.824778,1.540371,-2.146672,guided_exp
10:15:34.494,2,-1.516264,1.496285,-2.388628,guided_exp
10:15:34.495,1,-2.824573,1.539675,-2.14916,guided_exp
10:15:34.593,2,-1.51599,1.496185,-2.388219,guided_exp
10:15:34.593,1,-2.824456,1.539506,-2.150932,guided_exp
10:15:34.675,2,-1.516622,1.495714,-2.388116,guided_exp
10:15:34.675,1,-2.826764,1.539231,-2.151997,guided_exp
10:15:34.759,2,-1.517244,1.495143,-2.388305,guided_exp
10:15:34.759,1,-2.828429,1.537426,-2.154384,guided_exp
10:15:34.859,2,-1.518142,1.494551,-2.386175,guided_exp
10:15:34.859,1,-2.830371,1.536914,-2.157351,guided_exp
10:15:34.960,2,-1.518307,1.494689,-2.386049,guided_exp
10:15:34.961,1,-2.83167,1.536549,-2.159947,guided_exp
10:15:35.059,2,-1.518757,1.495211,-2.385575,guided_exp
10:15:35.060,1,-2.833413,1.536673,-2.162425,guided_exp
10:15:35.159,2,-1.520194,1.494986,-2.385269,guided_exp
10:15:35.159,1,-2.834516,1.535563,-2.165754,guided_exp
10:15:36.092,2,-1.521438,1.495336,-2.385385,guided_exp
10:15:36.092,1,-2.834957,1.539678,-2.168309,guided_exp
10:15:36.326,2,-1.534426,1.494901,-2.386812,guided_exp
10:15:36.327,1,-2.847156,1.536439,-2.169729,guided_exp
10:15:36.425,2,-1.53363,1.494637,-2.386879,guided_exp
10:15:36.425,1,-2.848249,1.535993,-2.168713,guided_exp
10:15:36.509,2,-1.533396,1.494494,-2.387087,guided_exp
10:15:36.509,1,-2.848631,1.537474,-2.168434,guided_exp
10:15:36.592,2,-1.532116,1.494272,-2.386936,guided_exp
10:15:36.592,1,-2.848065,1.536087,-2.167111,guided_exp
10:15:36.742,2,-1.531806,1.494583,-2.387257,guided_exp
10:15:36.742,1,-2.845865,1.535812,-2.165333,guided_exp
10:15:36.876,2,-1.53156,1.494152,-2.387764,guided_exp
10:15:36.876,1,-2.844141,1.535286,-2.163766,guided_exp
10:15:36.959,2,-1.531284,1.493917,-2.388947,guided_exp
10:15:36.959,1,-2.842627,1.534692,-2.162597,guided_exp
10:15:37.042,2,-1.530996,1.494329,-2.390687,guided_exp
10:15:37.042,1,-2.84221,1.534668,-2.16188,guided_exp
10:15:37.176,2,-1.530063,1.49242,-2.393277,guided_exp
10:15:37.176,1,-2.841523,1.533795,-2.161216,guided_exp
10:15:37.259,2,-1.529458,1.491504,-2.394785,guided_exp
10:15:37.259,1,-2.841704,1.532372,-2.160272,guided_exp
10:15:37.342,2,-1.528642,1.491253,-2.396566,guided_exp
10:15:37.343,1,-2.841635,1.532833,-2.160219,guided_exp
10:15:37.447,2,-1.527707,1.491372,-2.399484,guided_exp
10:15:37.447,1,-2.841718,1.533392,-2.159919,guided_exp
10:15:37.525,2,-1.526219,1.492233,-2.400782,guided_exp
10:15:37.526,1,-2.841795,1.533303,-2.159444,guided_exp
10:15:37.611,2,-1.524776,1.491147,-2.40216,guided_exp
10:15:37.611,1,-2.842034,1.53071,-2.15945,guided_exp
10:15:37.692,2,-1.521914,1.491228,-2.403777,guided_exp
10:15:37.692,1,-2.842404,1.530596,-2.15878,guided_exp
10:15:37.842,2,-1.510907,1.49217,-2.407709,guided_exp
10:15:37.842,1,-2.843589,1.531082,-2.158276,guided_exp
10:15:37.992,2,-1.486354,1.492374,-2.414833,guided_exp
10:15:37.992,1,-2.844518,1.531224,-2.158089,guided_exp
10:15:38.076,2,-1.475704,1.492066,-2.416385,guided_exp
10:15:38.077,1,-2.844439,1.530744,-2.158211,guided_exp
10:15:38.159,2,-1.458651,1.491831,-2.41457,guided_exp
10:15:38.159,1,-2.845154,1.53117,-2.158286,guided_exp
10:15:38.242,2,-1.446397,1.492756,-2.410345,guided_exp
10:15:38.242,1,-2.845149,1.531758,-2.15818,guided_exp
10:15:38.344,2,-1.426306,1.492917,-2.403603,guided_exp
10:15:38.344,1,-2.844676,1.531037,-2.158192,guided_exp
10:15:38.426,2,-1.390955,1.493537,-2.383112,guided_exp
10:15:38.426,1,-2.843651,1.53121,-2.15785,guided_exp
10:15:38.509,2,-1.366591,1.493219,-2.364802,guided_exp
10:15:38.510,1,-2.841569,1.529483,-2.157746,guided_exp
10:15:38.592,2,-1.323594,1.4924,-2.332104,guided_exp
10:15:38.592,1,-2.839963,1.530833,-2.157306,guided_exp
10:15:38.743,2,-1.263297,1.49342,-2.275573,guided_exp
10:15:38.743,1,-2.833897,1.53224,-2.159254,guided_exp
10:15:38.842,2,-1.217381,1.493153,-2.230577,guided_exp
10:15:38.842,1,-2.825555,1.532499,-2.159835,guided_exp
10:15:38.943,2,-1.174437,1.493019,-2.193937,guided_exp
10:15:38.943,1,-2.816616,1.53254,-2.161527,guided_exp
10:15:39.026,2,-1.134082,1.492412,-2.167036,guided_exp
10:15:39.026,1,-2.807565,1.532038,-2.163486,guided_exp
10:15:39.111,2,-1.108919,1.49245,-2.160855,guided_exp
10:15:39.111,1,-2.799401,1.53243,-2.164445,guided_exp
10:15:39.209,2,-1.080328,1.492426,-2.150151,guided_exp
10:15:39.210,1,-2.787687,1.532389,-2.160852,guided_exp
10:15:39.309,2,-1.024289,1.492243,-2.141988,guided_exp
10:15:39.309,1,-2.771389,1.531669,-2.148664,guided_exp
10:15:39.392,2,-0.975389,1.492147,-2.134571,guided_exp
10:15:39.392,1,-2.75759,1.531502,-2.127142,guided_exp
10:15:39.493,2,-0.924931,1.49203,-2.14628,guided_exp
10:15:39.493,1,-2.747349,1.531863,-2.106211,guided_exp
10:15:39.575,2,-0.861519,1.492253,-2.131084,guided_exp
10:15:39.576,1,-2.729349,1.532206,-2.070929,guided_exp
10:15:39.659,2,-0.825083,1.492093,-2.125613,guided_exp
10:15:39.660,1,-2.717071,1.532299,-2.036647,guided_exp
10:15:39.761,2,-0.775037,1.491144,-2.111164,guided_exp
10:15:39.761,1,-2.695938,1.532023,-1.993716,guided_exp
10:15:39.842,2,-0.739493,1.490996,-2.077587,guided_exp
10:15:39.842,1,-2.678115,1.534006,-1.937332,guided_exp
10:15:39.992,2,-0.675237,1.491999,-2.039724,guided_exp
10:15:39.992,1,-2.655449,1.534638,-1.86208,guided_exp
10:15:40.076,2,-0.636756,1.492273,-2.021035,guided_exp
10:15:40.076,1,-2.64228,1.53467,-1.83927,guided_exp
10:15:40.177,2,-0.604559,1.491229,-1.990825,guided_exp
10:15:40.178,1,-2.62471,1.536164,-1.807239,guided_exp
10:15:40.277,2,-0.552227,1.48947,-1.928335,guided_exp
10:15:40.278,1,-2.612911,1.536253,-1.787391,guided_exp
10:15:40.376,2,-0.529309,1.490341,-1.890071,guided_exp
10:15:40.376,1,-2.59164,1.535245,-1.760012,guided_exp
10:15:40.476,2,-0.504651,1.491291,-1.848279,guided_exp
10:15:40.477,1,-2.572386,1.528392,-1.750154,guided_exp
10:15:40.578,2,-0.49084,1.492846,-1.833111,guided_exp
10:15:40.578,1,-2.554724,1.52693,-1.740803,guided_exp
10:15:40.659,2,-0.476815,1.493896,-1.810218,guided_exp
10:15:40.659,1,-2.516499,1.523132,-1.731545,guided_exp
10:15:40.743,2,-0.476481,1.494902,-1.806919,guided_exp
10:15:40.743,1,-2.491022,1.523405,-1.728961,guided_exp
10:15:40.825,2,-0.456043,1.495662,-1.785468,guided_exp
10:15:40.826,1,-2.440788,1.518567,-1.726334,guided_exp
10:15:40.975,2,-0.444139,1.498,-1.763338,guided_exp
10:15:40.976,1,-2.380885,1.518567,-1.731522,guided_exp
10:15:41.059,2,-0.414261,1.502934,-1.756368,guided_exp
10:15:41.059,1,-2.348024,1.517843,-1.73459,guided_exp
10:15:41.159,2,-0.456275,1.505711,-1.745547,guided_exp
10:15:41.159,1,-2.282511,1.519816,-1.735264,guided_exp
10:15:41.242,2,-0.420383,1.503147,-1.741579,guided_exp
10:15:41.242,1,-2.250372,1.520957,-1.744184,guided_exp
10:15:41.325,2,-0.447987,1.509449,-1.710247,guided_exp
10:15:41.326,1,-2.211689,1.520955,-1.74428,guided_exp
10:15:41.476,2,-0.446859,1.503184,-1.71656,guided_exp
10:15:41.477,1,-2.142731,1.523016,-1.745279,guided_exp
10:15:41.559,2,-0.418489,1.499832,-1.728104,guided_exp
10:15:41.559,1,-2.103092,1.529138,-1.731535,guided_exp
10:15:41.643,2,-0.431604,1.497806,-1.712405,guided_exp
10:15:41.643,1,-2.073992,1.529435,-1.721252,guided_exp
10:15:41.742,2,-0.430874,1.488155,-1.698899,guided_exp
10:15:41.742,1,-2.027089,1.529004,-1.691776,guided_exp
10:15:41.843,2,-0.428506,1.490355,-1.691597,guided_exp
10:15:41.843,1,-1.966728,1.533273,-1.64513,guided_exp
10:15:41.926,2,-0.425993,1.478903,-1.68525,guided_exp
10:15:41.926,1,-1.910584,1.540234,-1.605549,guided_exp
10:15:42.009,2,-0.419621,1.470349,-1.673286,guided_exp
10:15:42.009,1,-1.85297,1.537555,-1.56912,guided_exp
10:15:42.094,2,-0.388197,1.471828,-1.747839,guided_exp
10:15:42.095,1,-1.822972,1.530327,-1.544745,guided_exp
10:15:42.175,2,-0.418463,1.470502,-1.679989,guided_exp
10:15:42.176,1,-1.771333,1.534679,-1.515231,guided_exp
10:15:42.259,2,-0.404101,1.470027,-1.734855,guided_exp
10:15:42.259,1,-1.71044,1.531045,-1.478666,guided_exp
10:15:42.359,2,-0.417661,1.484528,-1.664756,guided_exp
10:15:42.360,1,-1.672165,1.527748,-1.46095,guided_exp
10:15:42.460,2,-0.418391,1.484531,-1.666037,guided_exp
10:15:42.460,1,-1.582161,1.518462,-1.435907,guided_exp
10:15:42.559,2,-0.417753,1.45657,-1.662222,guided_exp
10:15:42.559,1,-1.516984,1.537621,-1.436161,guided_exp
10:15:42.642,2,-0.415783,1.443183,-1.663973,guided_exp
10:15:42.642,1,-1.472067,1.52214,-1.439196,guided_exp
10:15:42.810,2,-0.414425,1.454881,-1.678228,guided_exp
10:15:42.810,1,-1.353406,1.523019,-1.440782,guided_exp
10:15:42.892,2,-0.397373,1.467779,-1.734454,guided_exp
10:15:42.892,1,-1.293194,1.516936,-1.430368,guided_exp
10:15:43.042,2,-0.419558,1.471194,-1.683462,guided_exp
10:15:43.042,1,-1.204507,1.515826,-1.406582,guided_exp
10:15:43.143,2,-0.417802,1.475242,-1.669252,guided_exp
10:15:43.144,1,-1.159418,1.506974,-1.384079,guided_exp
10:15:43.225,2,-0.390399,1.484364,-1.739279,guided_exp
10:15:43.226,1,-1.097954,1.517181,-1.34371,guided_exp
10:15:43.394,2,-0.420193,1.487495,-1.668723,guided_exp
10:15:43.395,1,-1.017138,1.513784,-1.284893,guided_exp
10:15:43.493,2,-0.413825,1.483773,-1.682075,guided_exp
10:15:43.493,1,-0.966169,1.506486,-1.212633,guided_exp
10:15:43.575,2,-0.416375,1.481715,-1.681593,guided_exp
10:15:43.576,1,-0.922175,1.515805,-1.147219,guided_exp
10:15:43.709,2,-0.395503,1.47915,-1.73156,guided_exp
10:15:43.709,1,-0.859396,1.518642,-1.060764,guided_exp
10:15:43.793,2,-0.373953,1.476241,-1.749456,guided_exp
10:15:43.793,1,-0.830125,1.512171,-1.038884,guided_exp
10:15:43.875,2,-0.429869,1.478994,-1.695195,guided_exp
10:15:43.876,1,-0.784092,1.523887,-0.997868,guided_exp
10:15:44.030,2,-0.430445,1.489504,-1.68615,guided_exp
10:15:44.030,1,-0.710521,1.531608,-0.936223,guided_exp
10:15:44.126,2,-0.421508,1.502983,-1.670715,guided_exp
10:15:44.126,1,-0.61133,1.542393,-0.920392,guided_exp
10:15:44.225,2,-0.423503,1.504223,-1.700602,guided_exp
10:15:44.226,1,-0.589387,1.543125,-0.846259,guided_exp
10:15:44.325,2,-0.386265,1.505194,-1.724676,guided_exp
10:15:44.326,1,-0.549353,1.547521,-0.84114,guided_exp
10:15:44.426,2,-0.393058,1.507455,-1.743456,guided_exp
10:15:44.426,1,-0.488193,1.548876,-0.820023,guided_exp
10:15:44.510,2,-0.392098,1.50557,-1.742777,guided_exp
10:15:44.510,1,-0.466537,1.543414,-0.79137,guided_exp
10:15:44.609,2,-0.405365,1.497101,-1.731355,guided_exp
10:15:44.610,1,-0.458951,1.545615,-0.78393,guided_exp
10:15:44.709,2,-0.434706,1.490739,-1.690177,guided_exp
10:15:44.709,1,-0.427529,1.547395,-0.757664,guided_exp
10:15:44.810,2,-0.373531,1.487334,-1.729961,guided_exp
10:15:44.810,1,-0.446851,1.548034,-0.689563,guided_exp
10:15:44.909,2,-0.431421,1.492639,-1.691283,guided_exp
10:15:44.909,1,-0.430089,1.535194,-0.707965,guided_exp
10:15:45.293,2,-0.379751,1.49858,-1.72931,guided_exp
10:15:45.294,1,-0.417039,1.533686,-0.703748,guided_exp
10:15:45.445,2,-0.428596,1.499989,-1.682272,guided_exp
10:15:45.445,1,-0.501804,1.528341,-0.701652,guided_exp
10:15:45.526,2,-0.429245,1.496974,-1.682597,guided_exp
10:15:45.526,1,-0.530701,1.532089,-0.730061,guided_exp
10:15:45.609,2,-0.389309,1.487558,-1.738095,guided_exp
10:15:45.609,1,-0.537259,1.530187,-0.753708,guided_exp
10:15:45.776,2,-0.429634,1.479858,-1.695937,guided_exp
10:15:45.777,1,-0.652122,1.534679,-0.771861,guided_exp
10:15:45.876,2,-0.386703,1.470473,-1.747349,guided_exp
10:15:45.877,1,-0.762863,1.53189,-0.796399,guided_exp
10:15:45.959,2,-0.383435,1.466376,-1.743371,guided_exp
10:15:45.960,1,-0.809283,1.529092,-0.789116,guided_exp
10:15:46.042,2,-0.395071,1.464105,-1.713227,guided_exp
10:15:46.042,1,-0.857223,1.531118,-0.813817,guided_exp
10:15:46.126,2,-0.394674,1.466279,-1.765902,guided_exp
10:15:46.126,1,-0.889032,1.531046,-0.840061,guided_exp
10:15:46.226,2,-0.360669,1.472318,-1.711785,guided_exp
10:15:46.227,1,-0.957675,1.538131,-0.877323,guided_exp
10:15:46.326,2,-0.437494,1.473134,-1.711502,guided_exp
10:15:46.326,1,-1.036617,1.546739,-0.889059,guided_exp
10:15:46.409,2,-0.45753,1.473228,-1.831723,guided_exp
10:15:46.409,1,-1.097973,1.555793,-0.910692,guided_exp
10:15:46.559,2,-0.50531,1.472035,-1.855227,guided_exp
10:15:46.559,1,-1.21774,1.560521,-0.973714,guided_exp
10:15:46.642,2,-0.539721,1.471017,-1.91332,guided_exp
10:15:46.642,1,-1.254626,1.547181,-0.997484,guided_exp
10:15:46.726,2,-0.493124,1.469095,-1.88752,guided_exp
10:15:46.726,1,-1.297967,1.550347,-1.009128,guided_exp
10:15:46.809,2,-0.690787,1.46881,-2.086622,guided_exp
10:15:46.809,1,-1.326908,1.553772,-1.021257,guided_exp
10:15:46.910,2,-0.741284,1.468356,-2.125393,guided_exp
10:15:46.910,1,-1.43322,1.554027,-1.050707,guided_exp
10:15:46.992,2,-0.745539,1.468372,-2.138873,guided_exp
10:15:46.992,1,-1.50915,1.55426,-1.072552,guided_exp
10:15:47.076,2,-0.767829,1.468854,-2.149156,guided_exp
10:15:47.077,1,-1.568408,1.553792,-1.089072,guided_exp
10:15:47.176,2,-0.771799,1.46918,-2.133397,guided_exp
10:15:47.178,1,-1.68135,1.551922,-1.103662,guided_exp
10:15:47.259,2,-0.792053,1.468803,-2.149039,guided_exp
10:15:47.259,1,-1.783144,1.550965,-1.119976,guided_exp
10:15:47.343,2,-0.810133,1.468843,-2.15363,guided_exp
10:15:47.343,1,-1.806263,1.551331,-1.124461,guided_exp
10:15:47.425,2,-0.841437,1.468809,-2.163276,guided_exp
10:15:47.426,1,-1.898458,1.55192,-1.144924,guided_exp
10:15:47.510,2,-0.862906,1.468804,-2.165831,guided_exp
10:15:47.510,1,-1.956457,1.551214,-1.167187,guided_exp
10:15:47.609,2,-0.90375,1.468953,-2.154756,guided_exp
10:15:47.610,1,-1.995704,1.549776,-1.178973,guided_exp
10:15:47.709,2,-0.955271,1.468876,-2.135836,guided_exp
10:15:47.709,1,-2.122213,1.54857,-1.226772,guided_exp
10:15:47.792,2,-1.01972,1.468895,-2.107993,guided_exp
10:15:47.792,1,-2.175538,1.549081,-1.245054,guided_exp
10:15:47.942,2,-1.070491,1.468612,-2.093822,guided_exp
10:15:47.942,1,-2.291252,1.549544,-1.291179,guided_exp
10:15:48.026,2,-1.104205,1.468572,-2.082079,guided_exp
10:15:48.027,1,-2.340084,1.549158,-1.32203,guided_exp
10:15:48.109,2,-1.136961,1.467958,-2.072715,guided_exp
10:15:48.109,1,-2.414686,1.549035,-1.354004,guided_exp
10:15:48.259,2,-1.210863,1.467439,-2.064514,guided_exp
10:15:48.259,1,-2.532493,1.547856,-1.400944,guided_exp
10:15:48.342,2,-1.239756,1.466937,-2.068062,guided_exp
10:15:48.342,1,-2.565596,1.546804,-1.405859,guided_exp
10:15:48.425,2,-1.291471,1.466245,-2.075563,guided_exp
10:15:48.426,1,-2.649282,1.54751,-1.418606,guided_exp
10:15:48.509,2,-1.32935,1.46626,-2.086497,guided_exp
10:15:48.509,1,-2.710074,1.546322,-1.42956,guided_exp
10:15:48.593,2,-1.376899,1.466303,-2.103735,guided_exp
10:15:48.593,1,-2.759574,1.547102,-1.437802,guided_exp
10:15:48.692,2,-1.454581,1.466531,-2.128005,guided_exp
10:15:48.692,1,-2.869902,1.549813,-1.459066,guided_exp
10:15:48.776,2,-1.48715,1.466852,-2.135128,guided_exp
10:15:48.776,1,-2.922922,1.548462,-1.460373,guided_exp
10:15:48.876,2,-1.525234,1.469181,-2.149772,guided_exp
10:15:48.877,1,-2.989564,1.545339,-1.46581,guided_exp
10:15:48.976,2,-1.563977,1.469129,-2.164372,guided_exp
10:15:48.977,1,-3.033923,1.545045,-1.478388,guided_exp
10:15:49.077,2,-1.597402,1.468967,-2.174024,guided_exp
10:15:49.078,1,-3.061465,1.545183,-1.48429,guided_exp
10:15:49.176,2,-1.615461,1.468866,-2.145743,guided_exp
10:15:49.177,1,-3.076579,1.545308,-1.485395,guided_exp
10:15:49.259,2,-1.63746,1.468886,-2.1488,guided_exp
10:15:49.260,1,-3.098673,1.545901,-1.489432,guided_exp
10:15:49.342,2,-1.650593,1.468817,-2.151287,guided_exp
10:15:49.342,1,-3.108171,1.546092,-1.492802,guided_exp
10:15:49.426,2,-1.655858,1.468446,-2.152227,guided_exp
10:15:49.427,1,-3.112941,1.546807,-1.49327,guided_exp
10:15:49.526,2,-1.671198,1.46849,-2.151996,guided_exp
10:15:49.526,1,-3.114887,1.546587,-1.500278,guided_exp
10:15:49.610,2,-1.674854,1.467643,-2.152389,guided_exp
10:15:49.610,1,-3.119315,1.547004,-1.50206,guided_exp
10:15:49.692,2,-1.684614,1.466835,-2.149125,guided_exp
10:15:49.692,1,-3.117938,1.547675,-1.503914,guided_exp
10:15:49.776,2,-1.685754,1.465575,-2.148309,guided_exp
10:15:49.777,1,-3.121307,1.547481,-1.508033,guided_exp
10:15:49.878,2,-1.689256,1.464761,-2.146515,guided_exp
10:15:49.878,1,-3.125233,1.547544,-1.508681,guided_exp
10:15:49.959,2,-1.692439,1.464342,-2.147679,guided_exp
10:15:49.959,1,-3.126747,1.54763,-1.509729,guided_exp
10:15:50.043,2,-1.694259,1.464084,-2.146077,guided_exp
10:15:50.043,1,-3.127855,1.5474,-1.51047,guided_exp
10:15:50.143,2,-1.69838,1.46383,-2.143628,guided_exp
10:15:50.144,1,-3.132521,1.54808,-1.51538,guided_exp
10:15:50.226,2,-1.701345,1.464039,-2.141349,guided_exp
10:15:50.226,1,-3.13482,1.54877,-1.52087,guided_exp
10:15:50.309,2,-1.703123,1.464116,-2.139872,guided_exp
10:15:50.310,1,-3.135551,1.548901,-1.524108,guided_exp
10:15:50.409,2,-1.703555,1.464977,-2.137551,guided_exp
10:15:50.409,1,-3.13399,1.549066,-1.528006,guided_exp
10:15:50.492,2,-1.703741,1.465158,-2.134798,guided_exp
10:15:50.492,1,-3.126285,1.54917,-1.527387,guided_exp
10:15:50.676,2,-1.705034,1.46606,-2.130782,guided_exp
10:15:50.677,1,-3.113218,1.549316,-1.535586,guided_exp
10:15:50.776,2,-1.705653,1.464368,-2.127812,guided_exp
10:15:50.776,1,-3.086775,1.549342,-1.554668,guided_exp
10:15:50.860,2,-1.70554,1.460844,-2.126875,guided_exp
10:15:50.860,1,-3.060766,1.549705,-1.573412,guided_exp
10:15:50.959,2,-1.706865,1.456494,-2.124032,guided_exp
10:15:50.959,1,-3.014829,1.550095,-1.607635,guided_exp
10:15:51.060,2,-1.706215,1.451325,-2.122097,guided_exp
10:15:51.060,1,-2.996049,1.550083,-1.621486,guided_exp
10:15:51.161,2,-1.706136,1.455892,-2.121811,guided_exp
10:15:51.162,1,-2.973172,1.550266,-1.639718,guided_exp
10:15:51.242,2,-1.7066,1.462884,-2.121387,guided_exp
10:15:51.242,1,-2.950443,1.551041,-1.661516,guided_exp
10:15:51.328,2,-1.706294,1.46419,-2.120341,guided_exp
10:15:51.328,1,-2.945849,1.550075,-1.666657,guided_exp
10:15:51.426,2,-1.707465,1.463136,-2.118939,guided_exp
10:15:51.427,1,-2.928429,1.548917,-1.692508,guided_exp
10:15:51.526,2,-1.709327,1.460742,-2.116896,guided_exp
10:15:51.526,1,-2.918314,1.548841,-1.707439,guided_exp
10:15:51.609,2,-1.709594,1.453063,-2.115916,guided_exp
10:15:51.609,1,-2.913182,1.553442,-1.711551,guided_exp
10:15:51.693,2,-1.710284,1.438783,-2.115345,guided_exp
10:15:51.693,1,-2.907293,1.552656,-1.717647,guided_exp
10:15:51.793,2,-1.709945,1.425908,-2.114619,guided_exp
10:15:51.794,1,-2.898179,1.553981,-1.732989,guided_exp
10:15:51.876,2,-1.708894,1.41495,-2.113617,guided_exp
10:15:51.876,1,-2.894932,1.551691,-1.74134,guided_exp
10:15:51.959,2,-1.708026,1.420252,-2.112452,guided_exp
10:15:51.960,1,-2.892824,1.545444,-1.745682,guided_exp
10:15:52.061,2,-1.707517,1.416242,-2.111305,guided_exp
10:15:52.061,1,-2.890567,1.544985,-1.757185,guided_exp
10:15:52.142,2,-1.707275,1.395203,-2.110731,guided_exp
10:15:52.142,1,-2.88807,1.540464,-1.765909,guided_exp
10:15:52.226,2,-1.707311,1.368438,-2.10932,guided_exp
10:15:52.227,1,-2.885086,1.545809,-1.772064,guided_exp
10:15:52.309,2,-1.70697,1.361894,-2.108528,guided_exp
10:15:52.309,1,-2.88075,1.538471,-1.776745,guided_exp
10:15:52.459,2,-1.705187,1.356308,-2.10424,guided_exp
10:15:52.459,1,-2.875163,1.540757,-1.782077,guided_exp
10:15:52.560,2,-1.704868,1.335943,-2.103448,guided_exp
10:15:52.560,1,-2.866951,1.53969,-1.788263,guided_exp
10:15:52.661,2,-1.703774,1.365408,-2.101342,guided_exp
10:15:52.661,1,-2.843864,1.539671,-1.796232,guided_exp
10:15:52.742,2,-1.703875,1.364045,-2.101392,guided_exp
10:15:52.742,1,-2.82939,1.543531,-1.803488,guided_exp
10:15:52.876,2,-1.703382,1.370124,-2.10107,guided_exp
10:15:52.876,1,-2.813463,1.537304,-1.81041,guided_exp
10:15:52.976,2,-1.702885,1.372051,-2.101175,guided_exp
10:15:52.977,1,-2.797483,1.53754,-1.81356,guided_exp
10:15:53.076,2,-1.700306,1.371445,-2.100799,guided_exp
10:15:53.077,1,-2.781771,1.530975,-1.813371,guided_exp
10:15:53.178,2,-1.696221,1.372649,-2.100458,guided_exp
10:15:53.178,1,-2.764483,1.532743,-1.808065,guided_exp
10:15:53.276,2,-1.691929,1.375501,-2.099907,guided_exp
10:15:53.277,1,-2.735546,1.525447,-1.795879,guided_exp
10:15:53.376,2,-1.690444,1.359377,-2.099815,guided_exp
10:15:53.377,1,-2.705535,1.519647,-1.778045,guided_exp
10:15:53.478,2,-1.687381,1.361975,-2.100119,guided_exp
10:15:53.478,1,-2.664186,1.521876,-1.750183,guided_exp
10:15:53.576,2,-1.682802,1.265994,-2.100449,guided_exp
10:15:53.577,1,-2.630151,1.523923,-1.730517,guided_exp
10:15:53.676,2,-1.678565,1.23038,-2.100005,guided_exp
10:15:53.677,1,-2.593638,1.525701,-1.709251,guided_exp
10:15:53.778,2,-1.673266,1.264173,-2.100473,guided_exp
10:15:53.778,1,-2.56494,1.529947,-1.679851,guided_exp
10:15:53.877,2,-1.669919,1.26034,-2.100775,guided_exp
10:15:53.877,1,-2.543624,1.52448,-1.649784,guided_exp
10:15:53.976,2,-1.661221,1.265849,-2.101769,guided_exp
10:15:53.977,1,-2.515033,1.521678,-1.632435,guided_exp
10:15:54.077,2,-1.642948,1.265358,-2.101958,guided_exp
10:15:54.077,1,-2.486747,1.515735,-1.629827,guided_exp
10:15:54.176,2,-1.618549,1.265286,-2.101517,guided_exp
10:15:54.176,1,-2.455047,1.505584,-1.633461,guided_exp
10:15:54.278,2,-1.575713,1.265914,-2.099086,guided_exp
10:15:54.278,1,-2.418344,1.505233,-1.650625,guided_exp
10:15:54.376,2,-1.531554,1.263738,-2.098258,guided_exp
10:15:54.377,1,-2.365253,1.513374,-1.685805,guided_exp
10:15:54.459,2,-1.467375,1.258634,-2.097006,guided_exp
10:15:54.459,1,-2.329208,1.515683,-1.712248,guided_exp
10:15:54.543,2,-1.424159,1.223063,-2.093495,guided_exp
10:15:54.545,1,-2.309391,1.509353,-1.727359,guided_exp
10:15:54.643,2,-1.361492,1.265811,-2.09083,guided_exp
10:15:54.643,1,-2.259566,1.513922,-1.763725,guided_exp
10:15:54.742,2,-1.304649,1.232236,-2.092072,guided_exp
10:15:54.743,1,-2.243438,1.516125,-1.774015,guided_exp
10:15:54.845,2,-1.268956,1.263796,-2.082345,guided_exp
10:15:54.845,1,-2.224678,1.514885,-1.786993,guided_exp
10:15:54.926,2,-1.237321,1.257886,-2.064873,guided_exp
10:15:54.926,1,-2.212921,1.510482,-1.793608,guided_exp
10:15:55.010,2,-1.217254,1.254694,-2.054629,guided_exp
10:15:55.010,1,-2.20513,1.501295,-1.799463,guided_exp
10:15:55.110,2,-1.187854,1.255941,-2.017431,guided_exp
10:15:55.110,1,-2.195801,1.496833,-1.802095,guided_exp
10:15:55.192,2,-1.133935,1.265878,-1.985048,guided_exp
10:15:55.192,1,-2.18634,1.505438,-1.806108,guided_exp
10:15:55.277,2,-1.106734,1.217067,-1.962547,guided_exp
10:15:55.277,1,-2.181364,1.502822,-1.809364,guided_exp
10:15:55.359,2,-1.033007,1.265189,-1.8956,guided_exp
10:15:55.359,1,-2.175663,1.502934,-1.811859,guided_exp
10:15:55.446,2,-1.031257,1.25131,-1.882673,guided_exp
10:15:55.446,1,-2.170034,1.489664,-1.813586,guided_exp
10:15:55.526,2,-0.995016,1.259013,-1.822383,guided_exp
10:15:55.527,1,-2.161897,1.482785,-1.815945,guided_exp
10:15:55.610,2,-0.972746,1.257944,-1.798589,guided_exp
10:15:55.610,1,-2.153094,1.469085,-1.819984,guided_exp
10:15:55.710,2,-0.932085,1.259235,-1.761499,guided_exp
10:15:55.710,1,-2.14045,1.470105,-1.823568,guided_exp
10:15:55.810,2,-0.911956,1.25841,-1.766459,guided_exp
10:15:55.810,1,-2.122922,1.455617,-1.824042,guided_exp
10:15:55.910,2,-0.834618,1.217824,-1.74095,guided_exp
10:15:55.910,1,-2.109738,1.475431,-1.81762,guided_exp
10:15:55.992,2,-0.755628,1.222865,-1.712298,guided_exp
10:15:55.992,1,-2.096574,1.467318,-1.804787,guided_exp
10:15:56.159,2,-0.663164,1.248334,-1.65848,guided_exp
10:15:56.160,1,-2.067671,1.462859,-1.776899,guided_exp
10:15:56.242,2,-0.645098,1.264808,-1.67191,guided_exp
10:15:56.242,1,-2.031915,1.423683,-1.741567,guided_exp
10:15:56.326,2,-0.596056,1.257865,-1.679724,guided_exp
10:15:56.326,1,-2.002472,1.340048,-1.718533,guided_exp
10:15:56.409,2,-0.574749,1.257786,-1.666028,guided_exp
10:15:56.409,1,-1.978605,1.315497,-1.693422,guided_exp
10:15:56.493,2,-0.572152,1.203805,-1.662265,guided_exp
10:15:56.493,1,-1.964734,1.347825,-1.679986,guided_exp
10:15:56.576,2,-0.57196,1.259922,-1.656753,guided_exp
10:15:56.576,1,-1.946441,1.344609,-1.665355,guided_exp
10:15:56.726,2,-0.543592,1.271493,-1.635338,guided_exp
10:15:56.726,1,-1.900001,1.322482,-1.641088,guided_exp
10:15:56.842,2,-0.541299,1.270923,-1.638707,guided_exp
10:15:56.842,1,-1.870212,1.320748,-1.644452,guided_exp
10:15:56.926,2,-0.502509,1.261989,-1.647681,guided_exp
10:15:56.926,1,-1.821006,1.314641,-1.674141,guided_exp
10:15:57.009,2,-0.506059,1.224403,-1.643779,guided_exp
10:15:57.009,1,-1.805354,1.311161,-1.685004,guided_exp
10:15:57.092,2,-0.512434,1.263884,-1.641886,guided_exp
10:15:57.092,1,-1.78397,1.322299,-1.700384,guided_exp
10:15:57.176,2,-0.516789,1.2196,-1.642565,guided_exp
10:15:57.176,1,-1.76325,1.300181,-1.71995,guided_exp
10:15:57.259,2,-0.5041,1.249999,-1.639897,guided_exp
10:15:57.259,1,-1.747257,1.341811,-1.730557,guided_exp
10:15:57.342,2,-0.553191,1.254205,-1.688936,guided_exp
10:15:57.342,1,-1.732323,1.371629,-1.743503,guided_exp
10:15:57.447,2,-0.556862,1.168631,-1.688341,guided_exp
10:15:57.447,1,-1.725977,1.326853,-1.752248,guided_exp
10:15:57.543,2,-0.557437,1.258512,-1.685841,guided_exp
10:15:57.544,1,-1.716146,1.371343,-1.766295,guided_exp
10:15:57.626,2,-0.553873,1.262365,-1.685003,guided_exp
10:15:57.626,1,-1.709471,1.361575,-1.772127,guided_exp
10:15:57.710,2,-0.538927,1.208536,-1.683487,guided_exp
10:15:57.710,1,-1.706279,1.432914,-1.774762,guided_exp
10:15:57.792,2,-0.526351,1.302112,-1.704402,guided_exp
10:15:57.792,1,-1.70087,1.430226,-1.776861,guided_exp
10:15:57.959,2,-0.520291,1.203721,-1.686207,guided_exp
10:15:57.960,1,-1.698719,1.431528,-1.780247,guided_exp
10:15:58.061,2,-0.516375,1.391159,-1.686239,guided_exp
10:15:58.062,1,-1.697572,1.455088,-1.781858,guided_exp
10:15:58.142,2,-0.528173,1.287661,-1.684881,guided_exp
10:15:58.142,1,-1.6962,1.472708,-1.782777,guided_exp
10:15:58.276,2,-0.52942,1.21828,-1.683998,guided_exp
10:15:58.276,1,-1.695443,1.488591,-1.783879,guided_exp
10:15:58.376,2,-0.538393,1.239836,-1.680924,guided_exp
10:15:58.377,1,-1.694744,1.472645,-1.784362,guided_exp
10:15:58.459,2,-0.54346,1.243544,-1.679218,guided_exp
10:15:58.459,1,-1.694405,1.482996,-1.784185,guided_exp
10:15:58.542,2,-0.533607,1.444669,-1.701084,guided_exp
10:15:58.542,1,-1.693362,1.487396,-1.783829,guided_exp
10:15:58.626,2,-0.509323,1.231099,-1.745064,guided_exp
10:15:58.626,1,-1.693357,1.489371,-1.783653,guided_exp
10:15:58.710,2,-0.541448,1.281452,-1.720747,guided_exp
10:15:58.710,1,-1.693233,1.486651,-1.783473,guided_exp
10:15:58.792,2,-0.533977,1.38349,-1.720329,guided_exp
10:15:58.792,1,-1.693304,1.474788,-1.783011,guided_exp
10:15:58.876,2,-0.537345,1.385265,-1.71666,guided_exp
10:15:58.877,1,-1.694005,1.470135,-1.782361,guided_exp
10:15:58.959,2,-0.530591,1.431194,-1.719874,guided_exp
10:15:58.959,1,-1.695697,1.488161,-1.780002,guided_exp
10:15:59.043,2,-0.527982,1.431469,-1.722677,guided_exp
10:15:59.043,1,-1.696266,1.484826,-1.77708,guided_exp
10:15:59.126,2,-0.528014,1.432677,-1.721966,guided_exp
10:15:59.126,1,-1.696937,1.488202,-1.773577,guided_exp
10:15:59.210,2,-0.508199,1.437642,-1.739643,guided_exp
10:15:59.210,1,-1.697662,1.506833,-1.770496,guided_exp
10:15:59.292,2,-0.525297,1.43844,-1.728895,guided_exp
10:15:59.293,1,-1.699275,1.509404,-1.768706,guided_exp
10:15:59.377,2,-0.528941,1.436819,-1.727137,guided_exp
10:15:59.377,1,-1.701239,1.513294,-1.767952,guided_exp
10:15:59.478,2,-0.527183,1.43525,-1.728177,guided_exp
10:15:59.478,1,-1.703215,1.50205,-1.767204,guided_exp
10:15:59.559,2,-0.548591,1.452174,-1.720332,guided_exp
10:15:59.559,1,-1.705233,1.507381,-1.766517,guided_exp
10:15:59.643,2,-0.534342,1.458441,-1.724748,guided_exp
10:15:59.643,1,-1.706342,1.498433,-1.766559,guided_exp
10:15:59.726,2,-0.528215,1.464881,-1.728448,guided_exp
10:15:59.726,1,-1.709911,1.500427,-1.765443,guided_exp
10:15:59.860,2,-0.531884,1.468074,-1.729893,guided_exp
10:15:59.860,1,-1.714721,1.518952,-1.763519,guided_exp
10:15:59.943,2,-0.53278,1.469631,-1.732013,guided_exp
10:15:59.943,1,-1.717454,1.535372,-1.760761,guided_exp
10:16:00.043,2,-0.518673,1.467489,-1.748653,guided_exp
10:16:00.043,1,-1.73305,1.532734,-1.770601,guided_exp
10:16:00.126,2,-0.523275,1.466441,-1.744768,guided_exp
10:16:00.126,1,-1.732036,1.540188,-1.760938,guided_exp
10:16:00.210,2,-0.525135,1.463546,-1.744306,guided_exp
10:16:00.210,1,-1.731529,1.535646,-1.755376,guided_exp
10:16:00.309,2,-0.525828,1.463696,-1.746322,guided_exp
10:16:00.309,1,-1.731148,1.530071,-1.754804,guided_exp
10:16:00.392,2,-0.522335,1.4698,-1.747392,guided_exp
10:16:00.392,1,-1.730708,1.511963,-1.754241,guided_exp
10:16:00.559,2,-0.518668,1.477064,-1.749271,guided_exp
10:16:00.560,1,-1.730593,1.5151,-1.754664,guided_exp
10:16:00.660,2,-0.531767,1.477317,-1.743444,guided_exp
10:16:00.660,1,-1.730247,1.521186,-1.754801,guided_exp
10:16:00.742,2,-0.528879,1.479772,-1.743903,guided_exp
10:16:00.743,1,-1.730004,1.532074,-1.755267,guided_exp
10:16:00.844,2,-0.528383,1.483566,-1.744042,guided_exp
10:16:00.845,1,-1.72973,1.536453,-1.756131,guided_exp
10:16:00.926,2,-0.527178,1.474789,-1.736399,guided_exp
10:16:00.926,1,-1.728708,1.540219,-1.757617,guided_exp
10:16:01.010,2,-0.526591,1.467594,-1.736543,guided_exp
10:16:01.010,1,-1.728395,1.536238,-1.758525,guided_exp
10:16:01.092,2,-0.519604,1.461923,-1.73672,guided_exp
10:16:01.093,1,-1.727141,1.538681,-1.760428,guided_exp
10:16:01.260,2,-0.51482,1.461473,-1.725642,guided_exp
10:16:01.260,1,-1.725411,1.538459,-1.764294,guided_exp
10:16:01.342,2,-0.502539,1.443081,-1.712066,guided_exp
10:16:01.342,1,-1.724866,1.525002,-1.766927,guided_exp
10:16:01.426,2,-0.484676,1.44197,-1.694831,guided_exp
10:16:01.426,1,-1.723331,1.520951,-1.771941,guided_exp
10:16:01.509,2,-0.492711,1.427649,-1.658617,guided_exp
10:16:01.509,1,-1.722651,1.521903,-1.774257,guided_exp
10:16:01.593,2,-0.479097,1.425821,-1.65302,guided_exp
10:16:01.593,1,-1.722365,1.523839,-1.776683,guided_exp
10:16:01.676,2,-0.467117,1.422108,-1.596186,guided_exp
10:16:01.676,1,-1.721793,1.522019,-1.777728,guided_exp
10:16:01.826,2,-0.449326,1.421495,-1.519135,guided_exp
10:16:01.827,1,-1.721153,1.521655,-1.779038,guided_exp
10:16:01.909,2,-0.446136,1.420579,-1.502661,guided_exp
10:16:01.909,1,-1.721007,1.523445,-1.7813,guided_exp
10:16:02.059,2,-0.419692,1.420267,-1.455241,guided_exp
10:16:02.059,1,-1.718777,1.524742,-1.785416,guided_exp
10:16:02.143,2,-0.412174,1.420183,-1.43672,guided_exp
10:16:02.143,1,-1.71861,1.52568,-1.786017,guided_exp
10:16:02.226,2,-0.397551,1.420009,-1.423509,guided_exp
10:16:02.226,1,-1.718172,1.52377,-1.786203,guided_exp
10:16:02.326,2,-0.391375,1.419095,-1.412037,guided_exp
10:16:02.326,1,-1.718195,1.523903,-1.786158,guided_exp
10:16:02.427,2,-0.37374,1.418991,-1.404846,guided_exp
10:16:02.427,1,-1.718206,1.526229,-1.786048,guided_exp
10:16:02.526,2,-0.367661,1.418624,-1.392882,guided_exp
10:16:02.526,1,-1.718572,1.52994,-1.786105,guided_exp
10:16:02.626,2,-0.354663,1.417835,-1.387729,guided_exp
10:16:02.626,1,-1.71852,1.531453,-1.785608,guided_exp
10:16:02.727,2,-0.341307,1.417488,-1.380638,guided_exp
10:16:02.727,1,-1.718433,1.533208,-1.784441,guided_exp
10:16:02.809,2,-0.334124,1.416598,-1.375573,guided_exp
10:16:02.809,1,-1.718696,1.53776,-1.783775,guided_exp
10:16:02.959,2,-0.336802,1.416154,-1.369319,guided_exp
10:16:02.959,1,-1.717798,1.535874,-1.780529,guided_exp
10:16:03.043,2,-0.337724,1.416044,-1.367431,guided_exp
10:16:03.044,1,-1.717862,1.538179,-1.779687,guided_exp
10:16:03.126,2,-0.338138,1.41568,-1.364221,guided_exp
10:16:03.126,1,-1.717754,1.541201,-1.777504,guided_exp
10:16:03.209,2,-0.333932,1.415775,-1.363737,guided_exp
10:16:03.209,1,-1.717781,1.538345,-1.776485,guided_exp
10:16:03.343,2,-0.331653,1.415478,-1.363979,guided_exp
10:16:03.343,1,-1.717155,1.54027,-1.773342,guided_exp
10:16:03.461,2,-0.328851,1.415921,-1.364441,guided_exp
10:16:03.461,1,-1.716174,1.537842,-1.770715,guided_exp
10:16:03.559,2,-0.327697,1.415646,-1.364845,guided_exp
10:16:03.559,1,-1.713306,1.536371,-1.762116,guided_exp
10:16:03.660,2,-0.328763,1.415554,-1.36476,guided_exp
10:16:03.660,1,-1.715022,1.535645,-1.763497,guided_exp
10:16:03.761,2,-0.326641,1.415375,-1.364765,guided_exp
10:16:03.761,1,-1.713758,1.532294,-1.759407,guided_exp
10:16:03.859,2,-0.323029,1.415327,-1.36749,guided_exp
10:16:03.859,1,-1.714148,1.530044,-1.758675,guided_exp
10:16:03.959,2,-0.322345,1.415097,-1.367878,guided_exp
10:16:03.960,1,-1.713333,1.529903,-1.75737,guided_exp
10:16:04.042,2,-0.326657,1.415336,-1.365017,guided_exp
10:16:04.043,1,-1.713486,1.527272,-1.755983,guided_exp
10:16:04.126,2,-0.327244,1.415156,-1.36471,guided_exp
10:16:04.126,1,-1.713714,1.526931,-1.755563,guided_exp
10:16:04.210,2,-0.32852,1.414865,-1.364345,guided_exp
10:16:04.210,1,-1.715035,1.524999,-1.757264,guided_exp
10:16:04.292,2,-0.330236,1.414841,-1.36409,guided_exp
10:16:04.293,1,-1.716104,1.523314,-1.762576,guided_exp
10:16:04.376,2,-0.329858,1.416091,-1.364245,guided_exp
10:16:04.376,1,-1.716379,1.524948,-1.765273,guided_exp
10:16:04.460,2,-0.330609,1.416171,-1.365242,guided_exp
10:16:04.460,1,-1.716687,1.524979,-1.766436,guided_exp
10:16:04.542,2,-0.323381,1.415857,-1.369457,guided_exp
10:16:04.543,1,-1.716983,1.522473,-1.767206,guided_exp
10:16:04.642,2,-0.320678,1.415599,-1.370489,guided_exp
10:16:04.643,1,-1.71707,1.538382,-1.769227,guided_exp
10:16:04.743,2,-0.322909,1.415289,-1.369626,guided_exp
10:16:04.745,1,-1.717478,1.543037,-1.77135,guided_exp
10:16:04.826,2,-0.326015,1.41545,-1.367698,guided_exp
10:16:04.826,1,-1.718122,1.542002,-1.773438,guided_exp
10:16:04.911,2,-0.325409,1.414876,-1.366381,guided_exp
10:16:04.912,1,-1.71876,1.540189,-1.774927,guided_exp
10:16:04.992,2,-0.327544,1.415485,-1.3645,guided_exp
10:16:04.993,1,-1.719182,1.539112,-1.77743,guided_exp
10:16:05.078,2,-0.327633,1.416098,-1.364289,guided_exp
10:16:05.078,1,-1.719198,1.536301,-1.778821,guided_exp
10:16:05.177,2,-0.328397,1.416095,-1.363261,guided_exp
10:16:05.177,1,-1.719769,1.531489,-1.781585,guided_exp
10:16:05.276,2,-0.328038,1.416141,-1.361343,guided_exp
10:16:05.276,1,-1.719829,1.52981,-1.783143,guided_exp
10:16:05.377,2,-0.323502,1.416664,-1.357144,guided_exp
10:16:05.377,1,-1.719998,1.530272,-1.784809,guided_exp
10:16:05.459,2,-0.30435,1.416834,-1.372892,guided_exp
10:16:05.459,1,-1.720067,1.533676,-1.786857,guided_exp
10:16:05.542,2,-0.30438,1.418274,-1.373205,guided_exp
10:16:05.543,1,-1.719714,1.532163,-1.788034,guided_exp
10:16:05.626,2,-0.316668,1.418483,-1.368632,guided_exp
10:16:05.626,1,-1.718711,1.521594,-1.793584,guided_exp
10:16:05.776,2,-0.31799,1.421682,-1.363749,guided_exp
10:16:05.776,1,-1.717658,1.517613,-1.800049,guided_exp
10:16:05.860,2,-0.319806,1.423366,-1.359744,guided_exp
10:16:05.860,1,-1.716689,1.518616,-1.801732,guided_exp
10:16:05.942,2,-0.320563,1.419509,-1.358258,guided_exp
10:16:05.943,1,-1.716127,1.517136,-1.803564,guided_exp
10:16:06.028,2,-0.320502,1.416803,-1.361787,guided_exp
10:16:06.028,1,-1.715102,1.513754,-1.803949,guided_exp
10:16:06.109,2,-0.316654,1.414142,-1.368321,guided_exp
10:16:06.109,1,-1.713843,1.523633,-1.806876,guided_exp
10:16:06.195,2,-0.306058,1.406434,-1.363326,guided_exp
10:16:06.195,1,-1.713897,1.521067,-1.808892,guided_exp
10:16:06.276,2,-0.312297,1.40688,-1.359433,guided_exp
10:16:06.276,1,-1.712786,1.525073,-1.812703,guided_exp
10:16:06.360,2,-0.312623,1.403183,-1.358404,guided_exp
10:16:06.362,1,-1.712231,1.511937,-1.812871,guided_exp
10:16:06.442,2,-0.316261,1.399649,-1.364555,guided_exp
10:16:06.443,1,-1.711442,1.515156,-1.813536,guided_exp
10:16:06.526,2,-0.317224,1.398397,-1.365234,guided_exp
10:16:06.526,1,-1.711132,1.514486,-1.814263,guided_exp
10:16:06.609,2,-0.318085,1.394522,-1.363578,guided_exp
10:16:06.609,1,-1.710136,1.516318,-1.815339,guided_exp
10:16:06.759,2,-0.323695,1.392486,-1.361281,guided_exp
10:16:06.759,1,-1.708902,1.514627,-1.817289,guided_exp
10:16:06.843,2,-0.324095,1.385149,-1.361188,guided_exp
10:16:06.844,1,-1.709284,1.514811,-1.818314,guided_exp
10:16:06.926,2,-0.323466,1.373229,-1.360961,guided_exp
10:16:06.926,1,-1.708807,1.51512,-1.819154,guided_exp
10:16:07.010,2,-0.323737,1.368728,-1.361123,guided_exp
10:16:07.010,1,-1.707522,1.514199,-1.819428,guided_exp
10:16:07.092,2,-0.32501,1.373875,-1.361196,guided_exp
10:16:07.093,1,-1.706457,1.513475,-1.819717,guided_exp
10:16:07.178,2,-0.325191,1.375853,-1.361019,guided_exp
10:16:07.179,1,-1.705325,1.514549,-1.819165,guided_exp
10:16:07.259,2,-0.325098,1.379409,-1.359592,guided_exp
10:16:07.259,1,-1.702923,1.514801,-1.815871,guided_exp
10:16:07.343,2,-0.321953,1.381892,-1.361629,guided_exp
10:16:07.343,1,-1.702893,1.518927,-1.815742,guided_exp
10:16:07.426,2,-0.31886,1.385198,-1.364112,guided_exp
10:16:07.426,1,-1.702493,1.51733,-1.815555,guided_exp
10:16:07.509,2,-0.318808,1.377999,-1.364514,guided_exp
10:16:07.509,1,-1.701603,1.517476,-1.814864,guided_exp
10:16:07.592,2,-0.319083,1.369164,-1.36492,guided_exp
10:16:07.593,1,-1.701125,1.51758,-1.813101,guided_exp
10:16:07.742,2,-0.310683,1.374052,-1.372512,guided_exp
10:16:07.743,1,-1.701143,1.512647,-1.81192,guided_exp
10:16:07.826,2,-0.315442,1.402778,-1.370162,guided_exp
10:16:07.827,1,-1.703133,1.502269,-1.807122,guided_exp
10:16:07.909,2,-0.317498,1.389743,-1.370531,guided_exp
10:16:07.909,1,-1.707013,1.49846,-1.804147,guided_exp
10:16:08.077,2,-0.315399,1.386949,-1.361206,guided_exp
10:16:08.077,1,-1.709141,1.504234,-1.806253,guided_exp
10:16:08.177,2,-0.318081,1.392529,-1.364269,guided_exp
10:16:08.178,1,-1.710487,1.506463,-1.803778,guided_exp
10:16:08.259,2,-0.319278,1.388221,-1.367348,guided_exp
10:16:08.259,1,-1.712315,1.495631,-1.811899,guided_exp
10:16:08.343,2,-0.318261,1.386276,-1.370313,guided_exp
10:16:08.343,1,-1.715428,1.511592,-1.808421,guided_exp
10:16:08.427,2,-0.318479,1.392178,-1.370384,guided_exp
10:16:08.427,1,-1.719492,1.520533,-1.804011,guided_exp
10:16:08.509,2,-0.317286,1.392163,-1.371767,guided_exp
10:16:08.509,1,-1.721697,1.521161,-1.804897,guided_exp
10:16:08.593,2,-0.312922,1.389121,-1.376672,guided_exp
10:16:08.594,1,-1.72404,1.509214,-1.802131,guided_exp
10:16:08.676,2,-0.314069,1.390002,-1.375145,guided_exp
10:16:08.676,1,-1.727583,1.507643,-1.794833,guided_exp
10:16:08.760,2,-0.316915,1.392826,-1.373275,guided_exp
10:16:08.761,1,-1.728081,1.505725,-1.793108,guided_exp
10:16:08.842,2,-0.314346,1.390638,-1.375014,guided_exp
10:16:08.843,1,-1.728637,1.505545,-1.790452,guided_exp
10:16:08.976,2,-0.310645,1.389953,-1.378016,guided_exp
10:16:08.977,1,-1.731016,1.509786,-1.784019,guided_exp
10:16:09.060,2,-0.309348,1.337218,-1.379612,guided_exp
10:16:09.060,1,-1.732167,1.508741,-1.780787,guided_exp
10:16:09.143,2,-0.30691,1.334984,-1.381914,guided_exp
10:16:09.143,1,-1.733388,1.509312,-1.778384,guided_exp
10:16:09.226,2,-0.307677,1.334882,-1.382736,guided_exp
10:16:09.226,1,-1.732887,1.505223,-1.778435,guided_exp
10:16:09.310,2,-0.306774,1.334411,-1.383812,guided_exp
10:16:09.310,1,-1.734801,1.505207,-1.775181,guided_exp
10:16:09.392,2,-0.306379,1.331109,-1.385824,guided_exp
10:16:09.393,1,-1.736046,1.505145,-1.771325,guided_exp
10:16:09.476,2,-0.307371,1.27876,-1.38611,guided_exp
10:16:09.478,1,-1.735265,1.507148,-1.771311,guided_exp
10:16:09.559,2,-0.309047,1.341828,-1.385522,guided_exp
10:16:09.559,1,-1.7342,1.504318,-1.769983,guided_exp
10:16:09.642,2,-0.311341,1.345082,-1.385072,guided_exp
10:16:09.643,1,-1.733772,1.503218,-1.770105,guided_exp
10:16:09.727,2,-0.311367,1.355088,-1.385029,guided_exp
10:16:09.727,1,-1.733167,1.502712,-1.769627,guided_exp
10:16:09.809,2,-0.311906,1.349699,-1.384596,guided_exp
10:16:09.809,1,-1.731876,1.500887,-1.769465,guided_exp
10:16:09.960,2,-0.313903,1.350871,-1.383929,guided_exp
10:16:09.962,1,-1.730216,1.500346,-1.770222,guided_exp
10:16:10.060,2,-0.312537,1.348939,-1.383576,guided_exp
10:16:10.060,1,-1.728333,1.500542,-1.770567,guided_exp
10:16:10.143,2,-0.312425,1.360827,-1.383471,guided_exp
10:16:10.143,1,-1.727889,1.500826,-1.771258,guided_exp
10:16:10.227,2,-0.315273,1.304189,-1.38219,guided_exp
10:16:10.227,1,-1.726714,1.500989,-1.772816,guided_exp
10:16:10.309,2,-0.318677,1.35864,-1.378253,guided_exp
10:16:10.309,1,-1.726085,1.500968,-1.772906,guided_exp
10:16:10.460,2,-0.325865,1.380346,-1.374359,guided_exp
10:16:10.460,1,-1.723403,1.500958,-1.77692,guided_exp
10:16:10.543,2,-0.327659,1.371785,-1.372558,guided_exp
10:16:10.543,1,-1.723043,1.501052,-1.777372,guided_exp
10:16:10.643,2,-0.321361,1.378569,-1.374866,guided_exp
10:16:10.643,1,-1.721423,1.501876,-1.777217,guided_exp
10:16:10.743,2,-0.320147,1.381202,-1.375597,guided_exp
10:16:10.744,1,-1.721067,1.502711,-1.776755,guided_exp
10:16:10.826,2,-0.31729,1.383083,-1.370412,guided_exp
10:16:10.826,1,-1.719476,1.50461,-1.775973,guided_exp
10:16:10.959,2,-0.31748,1.394246,-1.365839,guided_exp
10:16:10.960,1,-1.718803,1.506216,-1.775487,guided_exp
10:16:11.059,2,-0.319842,1.388004,-1.367615,guided_exp
10:16:11.059,1,-1.718555,1.506807,-1.775597,guided_exp
10:16:11.143,2,-0.324627,1.386914,-1.369794,guided_exp
10:16:11.143,1,-1.718438,1.506538,-1.77549,guided_exp
10:16:11.226,2,-0.326266,1.395437,-1.370524,guided_exp
10:16:11.226,1,-1.717883,1.507047,-1.775053,guided_exp
10:16:11.309,2,-0.323698,1.370337,-1.372947,guided_exp
10:16:11.309,1,-1.717463,1.506897,-1.774795,guided_exp
10:16:11.392,2,-0.326005,1.377204,-1.372133,guided_exp
10:16:11.393,1,-1.716871,1.507125,-1.774544,guided_exp
10:16:11.543,2,-0.324209,1.386618,-1.374672,guided_exp
10:16:11.543,1,-1.716077,1.507915,-1.773806,guided_exp
10:16:11.643,2,-0.324497,1.384549,-1.374749,guided_exp
10:16:11.644,1,-1.715309,1.507632,-1.773867,guided_exp
10:16:11.743,2,-0.32514,1.38321,-1.375008,guided_exp
10:16:11.744,1,-1.714316,1.50851,-1.773707,guided_exp
10:16:11.843,2,-0.321415,1.391583,-1.378632,guided_exp
10:16:11.843,1,-1.713665,1.487865,-1.773666,guided_exp
10:16:11.926,2,-0.311316,1.389846,-1.384699,guided_exp
10:16:11.926,1,-1.712856,1.500612,-1.773059,guided_exp
10:16:12.093,2,-0.311309,1.388067,-1.383278,guided_exp
10:16:12.093,1,-1.711172,1.506569,-1.771035,guided_exp
10:16:12.176,2,-0.311357,1.385345,-1.384108,guided_exp
10:16:12.176,1,-1.710108,1.507463,-1.770839,guided_exp
10:16:12.277,2,-0.310979,1.395447,-1.384172,guided_exp
10:16:12.278,1,-1.709313,1.508366,-1.770504,guided_exp
10:16:12.378,2,-0.314211,1.396901,-1.382941,guided_exp
10:16:12.378,1,-1.708858,1.508392,-1.770419,guided_exp
10:16:12.459,2,-0.313477,1.388769,-1.382684,guided_exp
10:16:12.459,1,-1.708558,1.508693,-1.770447,guided_exp
10:16:12.543,2,-0.309874,1.387432,-1.383346,guided_exp
10:16:12.544,1,-1.708455,1.508885,-1.770648,guided_exp
10:16:12.626,2,-0.310972,1.385148,-1.383313,guided_exp
10:16:12.626,1,-1.708025,1.508881,-1.771046,guided_exp
10:16:12.711,2,-0.308665,1.391629,-1.382911,guided_exp
10:16:12.712,1,-1.707583,1.509178,-1.770852,guided_exp
10:16:12.793,2,-0.307924,1.382871,-1.383245,guided_exp
10:16:12.793,1,-1.707028,1.509717,-1.771022,guided_exp
10:16:12.877,2,-0.308195,1.382583,-1.383032,guided_exp
10:16:12.877,1,-1.70674,1.511108,-1.771273,guided_exp
10:16:12.978,2,-0.311947,1.387959,-1.381895,guided_exp
10:16:12.978,1,-1.705639,1.510932,-1.772609,guided_exp
10:16:13.077,2,-0.328999,1.378663,-1.377523,guided_exp
10:16:13.077,1,-1.705439,1.510017,-1.773666,guided_exp
10:16:13.159,2,-0.332883,1.389259,-1.377709,guided_exp
10:16:13.159,1,-1.705047,1.509246,-1.774008,guided_exp
10:16:13.259,2,-0.33578,1.354857,-1.377577,guided_exp
10:16:13.260,1,-1.704234,1.509055,-1.774288,guided_exp
10:16:13.343,2,-0.342315,1.344811,-1.378655,guided_exp
10:16:13.343,1,-1.703762,1.507121,-1.774491,guided_exp
10:16:13.426,2,-0.347126,1.365088,-1.392144,guided_exp
10:16:13.426,1,-1.702809,1.507164,-1.774757,guided_exp
10:16:13.560,2,-0.366061,1.347329,-1.395435,guided_exp
10:16:13.560,1,-1.701551,1.506374,-1.775832,guided_exp
10:16:13.643,2,-0.368612,1.334139,-1.397815,guided_exp
10:16:13.643,1,-1.69966,1.505941,-1.778007,guided_exp
10:16:13.726,2,-0.373621,1.316203,-1.401506,guided_exp
10:16:13.726,1,-1.698696,1.504766,-1.77899,guided_exp
10:16:13.810,2,-0.378129,1.332421,-1.410752,guided_exp
10:16:13.810,1,-1.698717,1.504152,-1.778747,guided_exp
10:16:13.910,2,-0.377614,1.313702,-1.433018,guided_exp
10:16:13.910,1,-1.698245,1.503856,-1.780035,guided_exp
10:16:13.993,2,-0.391348,1.310081,-1.451839,guided_exp
10:16:13.993,1,-1.696714,1.503837,-1.781289,guided_exp
10:16:14.143,2,-0.396967,1.308692,-1.482816,guided_exp
10:16:14.143,1,-1.695945,1.503561,-1.782573,guided_exp
10:16:14.243,2,-0.399821,1.304874,-1.521839,guided_exp
10:16:14.245,1,-1.696918,1.503341,-1.782647,guided_exp
10:16:14.343,2,-0.412605,1.306594,-1.578249,guided_exp
10:16:14.344,1,-1.696098,1.503852,-1.784291,guided_exp
10:16:14.426,2,-0.421602,1.305019,-1.639136,guided_exp
10:16:14.426,1,-1.694007,1.504379,-1.788813,guided_exp
10:16:14.510,2,-0.445084,1.304724,-1.669467,guided_exp
10:16:14.511,1,-1.692563,1.504166,-1.789339,guided_exp
10:16:14.593,2,-0.467785,1.305024,-1.695531,guided_exp
10:16:14.593,1,-1.692357,1.504993,-1.789288,guided_exp
10:16:14.743,2,-0.500127,1.308597,-1.735976,guided_exp
10:16:14.743,1,-1.692052,1.504236,-1.788899,guided_exp
10:16:14.827,2,-0.502202,1.309468,-1.738456,guided_exp
10:16:14.827,1,-1.693551,1.504634,-1.786995,guided_exp
10:16:14.909,2,-0.451995,1.307612,-1.70737,guided_exp
10:16:14.909,1,-1.694798,1.504598,-1.7862,guided_exp
10:16:14.993,2,-0.577634,1.305884,-1.887515,guided_exp
10:16:14.994,1,-1.697261,1.504812,-1.784727,guided_exp
10:16:15.076,2,-0.590252,1.304724,-1.864496,guided_exp
10:16:15.076,1,-1.704126,1.505064,-1.78244,guided_exp
10:16:15.226,2,-0.679801,1.305415,-1.94286,guided_exp
10:16:15.226,1,-1.721224,1.505152,-1.780287,guided_exp
10:16:15.327,2,-0.684005,1.306237,-1.906851,guided_exp
10:16:15.327,1,-1.766075,1.50373,-1.767755,guided_exp
10:16:15.409,2,-0.742261,1.304972,-2.011596,guided_exp
10:16:15.409,1,-1.809618,1.504995,-1.754206,guided_exp
10:16:15.493,2,-0.7658,1.304152,-2.039599,guided_exp
10:16:15.493,1,-1.84894,1.503536,-1.74523,guided_exp
10:16:15.577,2,-0.794508,1.301964,-2.082068,guided_exp
10:16:15.577,1,-1.9045,1.503855,-1.740778,guided_exp
10:16:15.676,2,-0.82053,1.304726,-2.120195,guided_exp
10:16:15.676,1,-1.955967,1.504365,-1.729584,guided_exp
10:16:15.777,2,-0.839628,1.304542,-2.160094,guided_exp
10:16:15.777,1,-1.996996,1.504326,-1.724406,guided_exp
10:16:15.859,2,-0.870431,1.306716,-2.209693,guided_exp
10:16:15.859,1,-2.031665,1.505161,-1.724338,guided_exp
10:16:15.943,2,-0.884484,1.306082,-2.239581,guided_exp
10:16:15.943,1,-2.045217,1.504993,-1.728327,guided_exp
10:16:16.026,2,-0.906985,1.305706,-2.296397,guided_exp
10:16:16.026,1,-2.072447,1.504999,-1.734871,guided_exp
10:16:16.127,2,-0.921689,1.305738,-2.32931,guided_exp
10:16:16.127,1,-2.080769,1.505402,-1.740714,guided_exp
10:16:16.227,2,-0.946376,1.302054,-2.385017,guided_exp
10:16:16.227,1,-2.101477,1.505718,-1.760711,guided_exp
10:16:16.309,2,-0.977445,1.300405,-2.427635,guided_exp
10:16:16.309,1,-2.117678,1.505833,-1.790293,guided_exp
10:16:16.393,2,-0.989841,1.298563,-2.444316,guided_exp
10:16:16.395,1,-2.129669,1.506435,-1.821574,guided_exp
10:16:16.476,2,-1.008714,1.300009,-2.470084,guided_exp
10:16:16.476,1,-2.135671,1.506823,-1.867106,guided_exp
10:16:16.560,2,-1.017003,1.304843,-2.479939,guided_exp
10:16:16.560,1,-2.130772,1.507529,-1.894292,guided_exp
10:16:16.660,2,-1.032957,1.30692,-2.495752,guided_exp
10:16:16.660,1,-2.128126,1.507088,-1.950224,guided_exp
10:16:16.760,2,-1.045266,1.306864,-2.495569,guided_exp
10:16:16.761,1,-2.131695,1.50717,-1.982828,guided_exp
10:16:16.860,2,-1.073212,1.308967,-2.486545,guided_exp
10:16:16.860,1,-2.139697,1.506229,-2.039674,guided_exp
10:16:16.943,2,-1.08985,1.312844,-2.485022,guided_exp
10:16:16.943,1,-2.143528,1.506362,-2.05816,guided_exp
10:16:17.026,2,-1.111999,1.310893,-2.481325,guided_exp
10:16:17.026,1,-2.15332,1.506609,-2.073841,guided_exp
10:16:17.109,2,-1.153471,1.294632,-2.479641,guided_exp
10:16:17.109,1,-2.162162,1.506112,-2.086792,guided_exp
10:16:17.259,2,-1.22795,1.288891,-2.475965,guided_exp
10:16:17.259,1,-2.192081,1.505262,-2.111649,guided_exp
10:16:17.360,2,-1.250093,1.296368,-2.476354,guided_exp
10:16:17.361,1,-2.203227,1.503867,-2.123368,guided_exp
10:16:17.459,2,-1.278365,1.299376,-2.476191,guided_exp
10:16:17.459,1,-2.224907,1.504149,-2.131215,guided_exp
10:16:17.560,2,-1.296632,1.301381,-2.478066,guided_exp
10:16:17.560,1,-2.251582,1.504431,-2.141084,guided_exp
10:16:17.660,2,-1.310792,1.301414,-2.479283,guided_exp
10:16:17.660,1,-2.281999,1.504441,-2.15084,guided_exp
10:16:17.760,2,-1.331689,1.30424,-2.48339,guided_exp
10:16:17.760,1,-2.324745,1.506441,-2.162175,guided_exp
10:16:17.843,2,-1.339247,1.296448,-2.485418,guided_exp
10:16:17.843,1,-2.348363,1.506684,-2.168974,guided_exp
10:16:17.926,2,-1.351722,1.297531,-2.489195,guided_exp
10:16:17.926,1,-2.390177,1.506142,-2.182467,guided_exp
10:16:18.027,2,-1.356786,1.299185,-2.491548,guided_exp
10:16:18.027,1,-2.402607,1.507778,-2.185227,guided_exp
10:16:18.127,2,-1.363605,1.299802,-2.493172,guided_exp
10:16:18.127,1,-2.430312,1.507918,-2.194604,guided_exp
10:16:18.226,2,-1.370954,1.302917,-2.493208,guided_exp
10:16:18.227,1,-2.453113,1.508765,-2.200937,guided_exp
10:16:18.327,2,-1.382151,1.304468,-2.494037,guided_exp
10:16:18.327,1,-2.473918,1.508843,-2.206382,guided_exp
10:16:18.426,2,-1.389041,1.30523,-2.495448,guided_exp
10:16:18.426,1,-2.481364,1.50776,-2.209099,guided_exp
10:16:18.509,2,-1.392763,1.311831,-2.495601,guided_exp
10:16:18.509,1,-2.48218,1.506235,-2.208981,guided_exp
10:16:18.593,2,-1.399353,1.312313,-2.496139,guided_exp
10:16:18.593,1,-2.481089,1.504482,-2.207411,guided_exp
10:16:18.677,2,-1.405598,1.315779,-2.496427,guided_exp
10:16:18.677,1,-2.473254,1.50385,-2.201265,guided_exp
10:16:18.777,2,-1.409926,1.316026,-2.496983,guided_exp
10:16:18.777,1,-2.454794,1.504997,-2.188023,guided_exp
10:16:18.877,2,-1.415313,1.316274,-2.496552,guided_exp
10:16:18.877,1,-2.427826,1.504997,-2.173456,guided_exp
10:16:18.978,2,-1.425839,1.315912,-2.492661,guided_exp
10:16:18.979,1,-2.398306,1.50519,-2.157903,guided_exp
10:16:19.077,2,-1.426806,1.315601,-2.491722,guided_exp
10:16:19.077,1,-2.370558,1.506652,-2.147025,guided_exp
10:16:19.178,2,-1.432599,1.313607,-2.492818,guided_exp
10:16:19.178,1,-2.342526,1.504123,-2.134887,guided_exp
10:16:19.278,2,-1.434589,1.312258,-2.493091,guided_exp
10:16:19.279,1,-2.327469,1.501775,-2.13189,guided_exp
10:16:19.377,2,-1.43645,1.312301,-2.49333,guided_exp
10:16:19.377,1,-2.310667,1.502371,-2.126266,guided_exp
10:16:19.476,2,-1.440691,1.311982,-2.491179,guided_exp
10:16:19.476,1,-2.298783,1.503628,-2.122326,guided_exp
10:16:19.560,2,-1.441502,1.308687,-2.491034,guided_exp
10:16:19.561,1,-2.292517,1.503746,-2.118373,guided_exp
10:16:19.660,2,-1.443004,1.311111,-2.491446,guided_exp
10:16:19.661,1,-2.287394,1.504697,-2.112488,guided_exp
10:16:19.760,2,-1.443002,1.313398,-2.491178,guided_exp
10:16:19.760,1,-2.288213,1.504334,-2.106657,guided_exp
10:16:19.860,2,-1.442194,1.30757,-2.490947,guided_exp
10:16:19.860,1,-2.312146,1.500077,-2.090352,guided_exp
10:16:19.962,2,-1.441858,1.309413,-2.490182,guided_exp
10:16:19.962,1,-2.332125,1.504835,-2.082039,guided_exp
10:16:20.060,2,-1.441602,1.314864,-2.488219,guided_exp
10:16:20.060,1,-2.396892,1.495567,-2.059378,guided_exp
10:16:20.160,2,-1.441179,1.316784,-2.48779,guided_exp
10:16:20.161,1,-2.462668,1.495961,-2.040301,guided_exp
10:16:20.243,2,-1.441249,1.31547,-2.487127,guided_exp
10:16:20.243,1,-2.502837,1.498016,-2.028576,guided_exp
10:16:20.326,2,-1.44126,1.31438,-2.485248,guided_exp
10:16:20.326,1,-2.56198,1.493375,-2.006234,guided_exp
10:16:20.409,2,-1.442571,1.310958,-2.484716,guided_exp
10:16:20.409,1,-2.588122,1.495523,-1.995967,guided_exp
10:16:20.510,2,-1.447342,1.308095,-2.483378,guided_exp
10:16:20.510,1,-2.627322,1.501554,-1.972329,guided_exp
10:16:20.610,2,-1.463811,1.307431,-2.479117,guided_exp
10:16:20.611,1,-2.664803,1.503358,-1.943157,guided_exp
10:16:20.709,2,-1.473918,1.306726,-2.473897,guided_exp
10:16:20.710,1,-2.698737,1.505815,-1.899821,guided_exp
10:16:20.810,2,-1.482647,1.300503,-2.467782,guided_exp
10:16:20.811,1,-2.728549,1.510229,-1.845658,guided_exp
10:16:20.910,2,-1.494079,1.298943,-2.453527,guided_exp
10:16:20.910,1,-2.763369,1.511078,-1.779686,guided_exp
10:16:21.009,2,-1.504377,1.293882,-2.435696,guided_exp
10:16:21.009,1,-2.797604,1.511881,-1.69286,guided_exp
10:16:21.093,2,-1.535177,1.295804,-2.402186,guided_exp
10:16:21.093,1,-2.817834,1.511094,-1.615035,guided_exp
10:16:21.193,2,-1.556158,1.296519,-2.378017,guided_exp
10:16:21.194,1,-2.837353,1.511871,-1.563804,guided_exp
10:16:21.293,2,-1.589876,1.296954,-2.338204,guided_exp
10:16:21.294,1,-2.86119,1.512157,-1.508225,guided_exp
10:16:21.393,2,-1.639772,1.295956,-2.273523,guided_exp
10:16:21.393,1,-2.906423,1.512263,-1.436979,guided_exp
10:16:21.476,2,-1.669573,1.295678,-2.233908,guided_exp
10:16:21.476,1,-2.914799,1.512231,-1.408163,guided_exp
10:16:21.577,2,-1.710477,1.296964,-2.186579,guided_exp
10:16:21.577,1,-2.952546,1.512053,-1.379157,guided_exp
10:16:21.677,2,-1.76189,1.296953,-2.142918,guided_exp
10:16:21.677,1,-2.968631,1.512155,-1.363306,guided_exp
10:16:21.776,2,-1.808524,1.296144,-2.108727,guided_exp
10:16:21.776,1,-3.007396,1.512113,-1.341091,guided_exp
10:16:21.877,2,-1.862297,1.296474,-2.076343,guided_exp
10:16:21.877,1,-3.038629,1.511844,-1.326513,guided_exp
10:16:21.977,2,-1.923309,1.2967,-2.045787,guided_exp
10:16:21.977,1,-3.057546,1.512265,-1.321149,guided_exp
10:16:22.076,2,-2.001741,1.29499,-2.018852,guided_exp
10:16:22.076,1,-3.076785,1.512056,-1.31549,guided_exp
10:16:22.159,2,-2.079874,1.29579,-1.990703,guided_exp
10:16:22.160,1,-3.087689,1.511773,-1.31219,guided_exp
10:16:22.260,2,-2.143422,1.299961,-1.975109,guided_exp
10:16:22.260,1,-3.093887,1.511744,-1.310514,guided_exp
10:16:22.360,2,-2.173041,1.305003,-1.969112,guided_exp
10:16:22.362,1,-3.098684,1.511665,-1.308791,guided_exp
10:16:22.460,2,-2.205869,1.306647,-1.954095,guided_exp
10:16:22.460,1,-3.098843,1.511604,-1.309155,guided_exp
10:16:22.560,2,-2.234529,1.304478,-1.93576,guided_exp
10:16:22.560,1,-3.090004,1.511813,-1.308577,guided_exp
10:16:22.660,2,-2.246707,1.304982,-1.928624,guided_exp
10:16:22.661,1,-3.080646,1.512169,-1.304784,guided_exp
10:16:22.760,2,-2.261103,1.304033,-1.923894,guided_exp
10:16:22.760,1,-3.052252,1.512825,-1.302603,guided_exp
10:16:22.860,2,-2.270179,1.30102,-1.912426,guided_exp
10:16:22.860,1,-3.010522,1.512587,-1.30684,guided_exp
10:16:22.943,2,-2.272319,1.301886,-1.909643,guided_exp
10:16:22.943,1,-2.978834,1.51249,-1.303716,guided_exp
10:16:23.026,2,-2.272936,1.304557,-1.907132,guided_exp
10:16:23.026,1,-2.913571,1.5121,-1.308281,guided_exp
10:16:23.127,2,-2.27221,1.305663,-1.905553,guided_exp
10:16:23.127,1,-2.851785,1.511999,-1.311216,guided_exp
10:16:23.226,2,-2.271324,1.303959,-1.905341,guided_exp
10:16:23.226,1,-2.795486,1.512012,-1.309281,guided_exp
10:16:23.327,2,-2.267722,1.305136,-1.90279,guided_exp
10:16:23.327,1,-2.769881,1.512259,-1.309455,guided_exp
10:16:23.427,2,-2.26405,1.305623,-1.905223,guided_exp
10:16:23.427,1,-2.704901,1.512753,-1.322889,guided_exp
10:16:23.526,2,-2.262038,1.304632,-1.905981,guided_exp
10:16:23.526,1,-2.682211,1.512816,-1.323786,guided_exp
10:16:23.610,2,-2.26059,1.305334,-1.906404,guided_exp
10:16:23.610,1,-2.662492,1.512753,-1.326995,guided_exp
10:16:23.709,2,-2.259172,1.304547,-1.907341,guided_exp
10:16:23.709,1,-2.669572,1.512863,-1.28078,guided_exp
10:16:23.793,2,-2.256921,1.302003,-1.908573,guided_exp
10:16:23.793,1,-2.618266,1.513454,-1.297093,guided_exp
10:16:23.876,2,-2.255799,1.301546,-1.909781,guided_exp
10:16:23.876,1,-2.605783,1.513677,-1.267793,guided_exp
10:16:23.960,2,-2.251306,1.300664,-1.911616,guided_exp
10:16:23.961,1,-2.686237,1.513506,-1.303978,guided_exp
10:16:24.060,2,-2.246791,1.299607,-1.913915,guided_exp
10:16:24.061,1,-2.579495,1.513259,-1.347315,guided_exp
10:16:24.162,2,-2.232111,1.299433,-1.91745,guided_exp
10:16:24.162,1,-2.661483,1.513284,-1.258573,guided_exp
10:16:24.261,2,-2.206321,1.30005,-1.91968,guided_exp
10:16:24.261,1,-2.522487,1.51315,-1.217155,guided_exp
10:16:24.343,2,-2.185108,1.297025,-1.920337,guided_exp
10:16:24.343,1,-2.602211,1.512731,-1.22649,guided_exp
10:16:24.426,2,-2.13078,1.297767,-1.927662,guided_exp
10:16:24.426,1,-2.580653,1.512733,-1.236781,guided_exp
10:16:24.559,2,-2.086401,1.295396,-1.939411,guided_exp
10:16:24.559,1,-2.517191,1.51309,-1.298409,guided_exp
10:16:24.677,2,-2.067692,1.296419,-1.946413,guided_exp
10:16:24.677,1,-2.501675,1.513565,-1.278102,guided_exp
10:16:24.776,2,-2.012249,1.296462,-1.963604,guided_exp
10:16:24.776,1,-2.33158,1.513455,-1.278446,guided_exp
10:16:24.860,2,-1.996263,1.298776,-1.972546,guided_exp
10:16:24.860,1,-2.425585,1.513041,-1.327418,guided_exp
10:16:24.960,2,-1.963901,1.303535,-1.983425,guided_exp
10:16:24.961,1,-2.264614,1.512363,-1.307657,guided_exp
10:16:25.060,2,-1.952724,1.308353,-1.99257,guided_exp
10:16:25.060,1,-2.372345,1.512225,-1.391666,guided_exp
10:16:25.162,2,-1.935863,1.315353,-2.000323,guided_exp
10:16:25.162,1,-2.273497,1.512755,-1.308785,guided_exp
10:16:25.243,2,-1.926248,1.322118,-2.003394,guided_exp
10:16:25.243,1,-2.367628,1.512577,-1.371433,guided_exp
10:16:25.326,2,-1.919524,1.324042,-2.00833,guided_exp
10:16:25.326,1,-2.34332,1.51259,-1.423064,guided_exp
10:16:25.427,2,-1.918343,1.324059,-2.011981,guided_exp
10:16:25.427,1,-2.239097,1.511656,-1.357235,guided_exp
10:16:25.527,2,-1.926595,1.325022,-2.016648,guided_exp
10:16:25.527,1,-2.354692,1.511373,-1.419093,guided_exp
10:16:25.626,2,-1.943045,1.322593,-2.032528,guided_exp
10:16:25.626,1,-2.354453,1.510722,-1.400754,guided_exp
10:16:25.709,2,-1.949562,1.318355,-2.033731,guided_exp
10:16:25.709,1,-2.175955,1.510692,-1.334658,guided_exp
10:16:25.793,2,-1.971281,1.313277,-2.038848,guided_exp
10:16:25.793,1,-2.356743,1.509049,-1.396984,guided_exp
10:16:25.877,2,-2.016273,1.313642,-2.050407,guided_exp
10:16:25.877,1,-2.321321,1.508978,-1.432601,guided_exp
10:16:25.959,2,-2.065321,1.319531,-2.062164,guided_exp
10:16:25.960,1,-2.368661,1.508639,-1.382196,guided_exp
10:16:26.043,2,-2.116094,1.331439,-2.074249,guided_exp
10:16:26.044,1,-2.505199,1.508826,-1.324817,guided_exp
10:16:26.145,2,-2.194863,1.314888,-2.091362,guided_exp
10:16:26.146,1,-2.53789,1.50854,-1.28971,guided_exp
10:16:26.226,2,-2.268771,1.313285,-2.104536,guided_exp
10:16:26.309,2,-2.339698,1.505944,-2.119641,guided_exp
10:16:26.310,1,-2.15937,1.312453,-1.678119,guided_exp
10:16:26.410,2,-2.406453,1.505707,-2.127904,guided_exp
10:16:26.410,1,-2.077469,1.236584,-1.29072,guided_exp
10:16:26.510,2,-2.474611,1.50617,-2.129245,guided_exp
10:16:26.511,1,-2.094123,1.206136,-1.303319,guided_exp
10:16:26.610,2,-2.534966,1.506779,-2.122959,guided_exp
10:16:26.611,1,-2.162162,1.382496,-1.297182,guided_exp
10:16:26.693,2,-2.585621,1.507291,-2.108263,guided_exp
10:16:26.693,1,-2.122213,1.456738,-1.401351,guided_exp
10:16:26.776,2,-2.628334,1.507014,-2.094676,guided_exp
10:16:26.776,1,-2.124981,1.278228,-1.401964,guided_exp
10:16:26.860,2,-2.687433,1.506849,-2.060137,guided_exp
10:16:26.860,1,-2.155562,1.374472,-1.398559,guided_exp
10:16:26.960,2,-2.729722,1.510248,-2.028984,guided_exp
10:16:26.960,1,-2.177506,1.382782,-1.391614,guided_exp
10:16:27.060,2,-2.807707,1.513387,-1.977114,guided_exp
10:16:27.061,1,-2.2283,1.459751,-1.361992,guided_exp
10:16:27.143,2,-2.840578,1.516429,-1.955143,guided_exp
10:16:27.143,1,-2.246917,1.428526,-1.361137,guided_exp
10:16:27.276,2,-2.917157,1.513476,-1.920219,guided_exp
10:16:27.276,1,-2.29531,1.43132,-1.338732,guided_exp
10:16:27.360,2,-2.95418,1.514253,-1.905973,guided_exp
10:16:27.361,1,-2.319304,1.435006,-1.328363,guided_exp
10:16:27.460,2,-3.004068,1.514996,-1.892047,guided_exp
10:16:27.461,1,-2.358855,1.438779,-1.299183,guided_exp
10:16:27.560,2,-3.059397,1.516419,-1.882255,guided_exp
10:16:27.561,1,-2.409965,1.439379,-1.272979,guided_exp
10:16:27.660,2,-3.122808,1.518426,-1.879754,guided_exp
10:16:27.660,1,-2.464551,1.427911,-1.233475,guided_exp
10:16:27.743,2,-3.166978,1.521607,-1.881732,guided_exp
10:16:27.743,1,-2.495998,1.425656,-1.214256,guided_exp
10:16:27.844,2,-3.206355,1.523846,-1.88415,guided_exp
10:16:27.844,1,-2.53303,1.426008,-1.188585,guided_exp
10:16:27.926,2,-3.239293,1.521198,-1.886668,guided_exp
10:16:27.926,1,-2.566427,1.426415,-1.158448,guided_exp
10:16:28.010,2,-3.255352,1.525052,-1.887322,guided_exp
10:16:28.011,1,-2.579629,1.421283,-1.141567,guided_exp
10:16:28.093,2,-3.275759,1.522642,-1.888672,guided_exp
10:16:28.093,1,-2.606165,1.417926,-1.0917,guided_exp
10:16:28.243,2,-3.297276,1.51841,-1.891727,guided_exp
10:16:28.243,1,-2.625771,1.419534,-1.025961,guided_exp
10:16:28.327,2,-3.30566,1.513672,-1.893058,guided_exp
10:16:28.327,1,-2.634754,1.42595,-0.988794,guided_exp
10:16:28.426,2,-3.316412,1.516068,-1.891471,guided_exp
10:16:28.426,1,-2.645321,1.429747,-0.916483,guided_exp
10:16:28.509,2,-3.321348,1.525393,-1.890892,guided_exp
10:16:28.509,1,-2.652094,1.433084,-0.881416,guided_exp
10:16:28.660,2,-3.326999,1.526349,-1.886075,guided_exp
10:16:28.660,1,-2.680668,1.437419,-0.811234,guided_exp
10:16:28.760,2,-3.328552,1.528409,-1.88184,guided_exp
10:16:28.760,1,-2.700222,1.452045,-0.786252,guided_exp
10:16:28.878,2,-3.329135,1.527203,-1.880219,guided_exp
10:16:28.878,1,-2.714909,1.453557,-0.76943,guided_exp
10:16:28.977,2,-3.328084,1.528452,-1.878023,guided_exp
10:16:28.977,1,-2.750791,1.45545,-0.734493,guided_exp
10:16:29.077,2,-3.326541,1.535809,-1.875069,guided_exp
10:16:29.078,1,-2.760229,1.448497,-0.726509,guided_exp
10:16:29.178,2,-3.324296,1.533292,-1.872651,guided_exp
10:16:29.179,1,-2.769284,1.449553,-0.717089,guided_exp
10:16:29.278,2,-3.322889,1.537964,-1.87183,guided_exp
10:16:29.278,1,-2.787249,1.450319,-0.701183,guided_exp
10:16:29.378,2,-3.321085,1.538702,-1.871117,guided_exp
10:16:29.379,1,-2.794942,1.450896,-0.68947,guided_exp
10:16:29.477,2,-3.319459,1.542553,-1.870544,guided_exp
10:16:29.477,1,-2.795934,1.449971,-0.687488,guided_exp
10:16:29.559,2,-3.317234,1.54347,-1.870992,guided_exp
10:16:29.560,1,-2.796661,1.448425,-0.684929,guided_exp
10:16:29.643,2,-3.314708,1.544318,-1.870347,guided_exp
10:16:29.643,1,-2.797243,1.447441,-0.684129,guided_exp
10:16:29.727,2,-3.311951,1.547087,-1.869189,guided_exp
10:16:29.727,1,-2.797073,1.446392,-0.683411,guided_exp
10:16:29.809,2,-3.308301,1.548928,-1.867534,guided_exp
10:16:29.810,1,-2.796547,1.445059,-0.683218,guided_exp
10:16:29.943,2,-3.304983,1.54248,-1.865991,guided_exp
10:16:29.943,1,-2.79521,1.445123,-0.682027,guided_exp
10:16:30.043,2,-3.302769,1.546891,-1.865117,guided_exp
10:16:30.044,1,-2.794609,1.445077,-0.681833,guided_exp
10:16:30.126,2,-3.301082,1.547566,-1.86483,guided_exp
10:16:30.126,1,-2.794038,1.444424,-0.681708,guided_exp
10:16:30.277,2,-3.300326,1.547167,-1.864566,guided_exp
10:16:30.277,1,-2.792531,1.443653,-0.682774,guided_exp
10:16:30.378,2,-3.299128,1.548008,-1.86409,guided_exp
10:16:30.379,1,-2.790842,1.443322,-0.682134,guided_exp
10:16:30.477,2,-3.297848,1.548263,-1.863607,guided_exp
10:16:30.477,1,-2.790683,1.443185,-0.683715,guided_exp
10:16:30.577,2,-3.296649,1.548388,-1.863078,guided_exp
10:16:30.577,1,-2.789901,1.443791,-0.683803,guided_exp
10:16:30.677,2,-3.295612,1.548839,-1.862479,guided_exp
10:16:30.677,1,-2.790071,1.443734,-0.684761,guided_exp
10:16:30.777,2,-3.294771,1.5494,-1.862334,guided_exp
10:16:30.777,1,-2.789246,1.443896,-0.685284,guided_exp
10:16:30.877,2,-3.293684,1.547967,-1.862298,guided_exp
10:16:30.877,1,-2.788981,1.443816,-0.685252,guided_exp
10:16:30.977,2,-3.29262,1.54613,-1.861875,guided_exp
10:16:30.978,1,-2.788934,1.429478,-0.685251,guided_exp
10:16:31.077,2,-3.291788,1.549367,-1.861211,guided_exp
10:16:31.077,1,-2.78908,1.428133,-0.685162,guided_exp
10:16:31.193,2,-3.290155,1.549895,-1.860052,guided_exp
10:16:31.194,1,-2.789667,1.427691,-0.684966,guided_exp
10:16:31.293,2,-3.288721,1.551386,-1.859488,guided_exp
10:16:31.294,1,-2.789178,1.42716,-0.682654,guided_exp
10:16:31.393,2,-3.287694,1.548662,-1.859314,guided_exp
10:16:31.394,1,-2.789463,1.426657,-0.682331,guided_exp
10:16:31.494,2,-3.28729,1.551543,-1.85861,guided_exp
10:16:31.495,1,-2.790184,1.415432,-0.681179,guided_exp
10:16:31.593,2,-3.286931,1.550057,-1.858301,guided_exp
10:16:31.594,1,-2.79045,1.413384,-0.681132,guided_exp
10:16:31.694,2,-3.286662,1.549144,-1.858086,guided_exp
10:16:31.694,1,-2.791889,1.411339,-0.680659,guided_exp
10:16:31.793,2,-3.2867,1.549953,-1.857908,guided_exp
10:16:31.795,1,-2.792514,1.409897,-0.67907,guided_exp
10:16:31.876,2,-3.286265,1.550372,-1.857277,guided_exp
10:16:31.876,1,-2.793305,1.40894,-0.678893,guided_exp
10:16:32.044,2,-3.285768,1.548859,-1.854826,guided_exp
10:16:32.044,1,-2.793582,1.408232,-0.675816,guided_exp
10:16:32.144,2,-3.28478,1.545843,-1.853883,guided_exp
10:16:32.145,1,-2.793895,1.406759,-0.675435,guided_exp
10:16:32.244,2,-3.284068,1.539403,-1.853133,guided_exp
10:16:32.245,1,-2.794242,1.406448,-0.675083,guided_exp
10:16:32.344,2,-3.283826,1.532493,-1.851809,guided_exp
10:16:32.344,1,-2.794745,1.406281,-0.673888,guided_exp
10:16:32.443,2,-3.283368,1.5299,-1.850536,guided_exp
10:16:32.443,1,-2.794778,1.406103,-0.673819,guided_exp
10:16:32.543,2,-3.283084,1.533948,-1.84921,guided_exp
10:16:32.544,1,-2.795114,1.406628,-0.671345,guided_exp
10:16:32.643,2,-3.283067,1.530925,-1.847076,guided_exp
10:16:32.643,1,-2.79514,1.408523,-0.671053,guided_exp
10:16:32.726,2,-3.282695,1.53703,-1.846723,guided_exp
10:16:32.727,1,-2.795503,1.410923,-0.670775,guided_exp
10:16:32.826,2,-3.282536,1.537111,-1.846218,guided_exp
10:16:32.826,1,-2.795635,1.414687,-0.672085,guided_exp
10:16:32.926,2,-3.282042,1.536091,-1.845236,guided_exp
10:16:32.926,1,-2.795636,1.415684,-0.672083,guided_exp
10:16:33.010,2,-3.281829,1.529729,-1.844931,guided_exp
10:16:33.010,1,-2.795454,1.415237,-0.671978,guided_exp
10:16:33.127,2,-3.281819,1.522669,-1.844653,guided_exp
10:16:33.127,1,-2.793165,1.4139,-0.670234,guided_exp
10:16:33.227,2,-3.28199,1.524634,-1.844281,guided_exp
10:16:33.227,1,-2.793068,1.410498,-0.670535,guided_exp
10:16:33.327,2,-3.282127,1.52531,-1.843962,guided_exp
10:16:33.327,1,-2.793064,1.407397,-0.670113,guided_exp
10:16:33.428,2,-3.282306,1.533002,-1.844134,guided_exp
10:16:33.429,1,-2.793506,1.407496,-0.670391,guided_exp
10:16:33.527,2,-3.282491,1.532024,-1.844364,guided_exp
10:16:33.527,1,-2.793058,1.414079,-0.670394,guided_exp
10:16:33.627,2,-3.282509,1.531772,-1.844571,guided_exp
10:16:33.627,1,-2.793599,1.420363,-0.670258,guided_exp
10:16:33.744,2,-3.282449,1.534099,-1.844616,guided_exp
10:16:33.744,1,-2.793235,1.424899,-0.67061,guided_exp
10:16:33.843,2,-3.282449,1.532302,-1.84463,guided_exp
10:16:33.843,1,-2.793288,1.427709,-0.67044,guided_exp
10:16:33.943,2,-3.282727,1.534529,-1.844843,guided_exp
10:16:33.944,1,-2.791733,1.436003,-0.667602,guided_exp
10:16:34.043,2,-3.282869,1.527307,-1.845309,guided_exp
10:16:34.044,1,-2.792297,1.431407,-0.667653,guided_exp
10:16:34.144,2,-3.282926,1.531763,-1.845497,guided_exp
10:16:34.144,1,-2.792635,1.421513,-0.667449,guided_exp
10:16:34.244,2,-3.283174,1.531029,-1.845551,guided_exp
10:16:34.245,1,-2.793423,1.407121,-0.667294,guided_exp
10:16:34.346,2,-3.283218,1.525619,-1.845178,guided_exp
10:16:34.346,1,-2.795245,1.413747,-0.667079,guided_exp
10:16:34.444,2,-3.283474,1.516727,-1.845317,guided_exp
10:16:34.444,1,-2.796129,1.423099,-0.666639,guided_exp
10:16:34.543,2,-3.283878,1.517784,-1.845215,guided_exp
10:16:34.544,1,-2.797354,1.422136,-0.66651,guided_exp
10:16:34.643,2,-3.283963,1.51604,-1.84511,guided_exp
10:16:34.644,1,-2.797228,1.423243,-0.663394,guided_exp
10:16:34.744,2,-3.28394,1.514647,-1.845329,guided_exp
10:16:34.744,1,-2.798986,1.428455,-0.661143,guided_exp
10:16:34.843,2,-3.283919,1.508269,-1.845003,guided_exp
10:16:34.843,1,-2.799682,1.428682,-0.661919,guided_exp
10:16:34.926,2,-3.283867,1.507526,-1.845074,guided_exp
10:16:34.927,1,-2.799714,1.428045,-0.662278,guided_exp
10:16:35.026,2,-3.283897,1.506385,-1.845851,guided_exp
10:16:35.026,1,-2.800994,1.428804,-0.661084,guided_exp
10:16:35.110,2,-3.283213,1.501951,-1.845791,guided_exp
10:16:35.110,1,-2.801336,1.427465,-0.658177,guided_exp
10:16:35.210,2,-3.282549,1.499584,-1.846881,guided_exp
10:16:35.211,1,-2.802077,1.427369,-0.655938,guided_exp
10:16:35.310,2,-3.281947,1.493873,-1.848152,guided_exp
10:16:35.311,1,-2.802824,1.426956,-0.654893,guided_exp
10:16:35.409,2,-3.282006,1.488975,-1.85018,guided_exp
10:16:35.410,1,-2.804148,1.426321,-0.655461,guided_exp
10:16:35.510,2,-3.282661,1.496682,-1.852686,guided_exp
10:16:35.510,1,-2.804929,1.426784,-0.657174,guided_exp
10:16:35.610,2,-3.282603,1.494163,-1.859347,guided_exp
10:16:35.610,1,-2.806567,1.425799,-0.657917,guided_exp
10:16:35.693,2,-3.279881,1.500165,-1.865495,guided_exp
10:16:35.693,1,-2.801455,1.426508,-0.661437,guided_exp
10:16:35.793,2,-3.277193,1.497187,-1.869105,guided_exp
10:16:35.793,1,-2.797976,1.427049,-0.66533,guided_exp
10:16:35.893,2,-3.244999,1.49876,-1.882566,guided_exp
10:16:35.893,1,-2.777841,1.426932,-0.680326,guided_exp
10:16:35.995,2,-3.230507,1.493267,-1.886822,guided_exp
10:16:35.995,1,-2.78094,1.426556,-0.680745,guided_exp
10:16:36.093,2,-3.164049,1.464912,-1.906094,guided_exp
10:16:36.093,1,-2.773969,1.426174,-0.691899,guided_exp
10:16:36.194,2,-3.058973,1.515736,-1.928431,guided_exp
10:16:36.194,1,-2.779801,1.427242,-0.70013,guided_exp
10:16:36.310,2,-2.969506,1.449031,-1.956588,guided_exp
10:16:36.310,1,-2.758854,1.427873,-0.720353,guided_exp
10:16:36.410,2,-2.88882,1.441561,-1.980317,guided_exp
10:16:36.410,1,-2.731562,1.428137,-0.708009,guided_exp
10:16:36.510,2,-2.818805,1.457322,-2.000049,guided_exp
10:16:36.510,1,-2.691331,1.428491,-1.250419,guided_exp
10:16:36.610,2,-2.738055,1.486816,-2.013291,guided_exp
10:16:36.710,2,-2.686731,1.425049,-2.015238,guided_exp
10:16:36.810,2,-2.614642,1.449433,-2.011878,guided_exp
10:16:36.893,2,-2.566403,1.418895,-2.007821,guided_exp
10:16:36.976,2,-2.496207,1.446741,-1.997542,guided_exp
10:16:37.060,2,-2.40377,1.419743,-1.970546,guided_exp
10:16:37.143,2,-2.367636,1.376375,-1.959083,guided_exp
10:16:37.227,2,-2.327938,1.419856,-1.949599,guided_exp
10:16:37.328,2,-2.282073,1.435691,-1.933844,guided_exp
10:16:37.409,2,-2.233331,1.421603,-1.911837,guided_exp
10:16:37.494,2,-2.19054,1.517032,-1.915025,guided_exp
10:16:37.576,2,-2.150973,1.419291,-1.912412,guided_exp
10:16:37.726,2,-2.099309,1.426933,-1.907848,guided_exp
10:16:37.810,2,-2.088093,1.419009,-1.908538,guided_exp
10:16:37.893,2,-2.066353,1.513735,-1.910581,guided_exp
10:16:37.976,2,-2.061487,1.416755,-1.912553,guided_exp
10:16:38.144,2,-2.040159,1.384512,-1.916719,guided_exp
10:16:38.244,2,-2.038872,1.417827,-1.916483,guided_exp
10:16:38.326,2,-2.037394,1.510335,-1.916561,guided_exp
10:16:38.460,2,-2.036439,1.419952,-1.917598,guided_exp
10:16:38.543,2,-2.036466,1.428577,-1.917565,guided_exp
10:16:38.626,2,-2.038945,1.421995,-1.918388,guided_exp
10:16:38.710,2,-2.04012,1.361373,-1.918979,guided_exp
10:16:38.793,2,-2.042985,1.42283,-1.920178,guided_exp
10:16:38.894,2,-2.046541,1.529976,-1.921357,guided_exp
10:16:38.995,2,-2.04849,1.425676,-1.922462,guided_exp
10:16:39.076,2,-2.049887,1.364213,-1.924105,guided_exp
10:16:39.226,2,-2.05019,1.42712,-1.927553,guided_exp
10:16:39.226,1,-3.415963,1.448873,-1.410782,guided_exp
10:16:39.310,2,-2.047973,1.427946,-1.930329,guided_exp
10:16:39.310,1,-3.41474,1.504644,-1.429534,guided_exp
10:16:39.411,2,-2.043718,1.428427,-1.936395,guided_exp
10:16:39.411,1,-3.410798,1.436061,-1.45558,guided_exp
10:16:39.510,2,-2.035874,1.427598,-1.944829,guided_exp
10:16:39.510,1,-3.407922,1.432079,-1.475524,guided_exp
10:16:39.610,2,-2.028104,1.433273,-1.95157,guided_exp
10:16:39.610,1,-3.408113,1.429915,-1.489802,guided_exp
10:16:39.710,2,-2.022236,1.425896,-1.956385,guided_exp
10:16:39.711,1,-3.402195,1.254141,-1.499304,guided_exp
10:16:39.811,2,-2.006137,1.421525,-1.967932,guided_exp
10:16:39.811,1,-3.399503,1.310303,-1.504994,guided_exp
10:16:39.910,2,-1.996973,1.42035,-1.974115,guided_exp
10:16:39.910,1,-3.397236,1.501038,-1.510199,guided_exp
10:16:40.010,2,-1.98686,1.422047,-1.981132,guided_exp
10:16:40.011,1,-3.392613,1.554372,-1.513561,guided_exp
10:16:40.110,2,-1.9754,1.428933,-1.988133,guided_exp
10:16:40.111,1,-3.390685,1.558675,-1.514993,guided_exp
10:16:40.193,2,-1.96996,1.436769,-1.992096,guided_exp
10:16:40.193,1,-3.388602,1.519492,-1.518021,guided_exp
10:16:40.277,2,-1.964641,1.436318,-1.994573,guided_exp
10:16:40.277,1,-3.388623,1.511355,-1.518813,guided_exp
10:16:40.377,2,-1.956558,1.43138,-2.00054,guided_exp
10:16:40.377,1,-3.389719,1.51219,-1.519574,guided_exp
10:16:40.460,2,-1.952934,1.424416,-2.003252,guided_exp
10:16:40.460,1,-3.38986,1.514314,-1.520162,guided_exp
10:16:40.544,2,-1.951079,1.416801,-2.005955,guided_exp
10:16:40.544,1,-3.390865,1.507214,-1.520857,guided_exp
10:16:40.643,2,-1.946952,1.418529,-2.011353,guided_exp
10:16:40.644,1,-3.392657,1.506822,-1.521663,guided_exp
10:16:40.744,2,-1.944791,1.423914,-2.013713,guided_exp
10:16:40.744,1,-3.394041,1.503448,-1.52184,guided_exp
10:16:40.845,2,-1.942744,1.427658,-2.018097,guided_exp
10:16:40.846,1,-3.39578,1.507187,-1.522306,guided_exp
10:16:40.944,2,-1.939587,1.431834,-2.0221,guided_exp
10:16:40.945,1,-3.398162,1.524815,-1.520243,guided_exp
10:16:41.026,2,-1.935862,1.430865,-2.02506,guided_exp
10:16:41.026,1,-3.400403,1.51785,-1.520541,guided_exp
10:16:41.110,2,-1.93391,1.428665,-2.026667,guided_exp
10:16:41.111,1,-3.40225,1.504922,-1.52121,guided_exp
10:16:41.210,2,-1.93119,1.426451,-2.028353,guided_exp
10:16:41.211,1,-3.405311,1.505792,-1.520671,guided_exp
10:16:41.312,2,-1.930132,1.425501,-2.029703,guided_exp
10:16:41.312,1,-3.406969,1.511403,-1.521136,guided_exp
10:16:41.412,2,-1.928715,1.430053,-2.030979,guided_exp
10:16:41.412,1,-3.408782,1.511043,-1.520932,guided_exp
10:16:41.510,2,-1.923185,1.43254,-2.033097,guided_exp
10:16:41.511,1,-3.409577,1.511246,-1.520225,guided_exp
10:16:41.610,2,-1.925205,1.436142,-2.033521,guided_exp
10:16:41.612,1,-3.411593,1.513206,-1.519162,guided_exp
10:16:41.693,2,-1.922924,1.438573,-2.034275,guided_exp
10:16:41.693,1,-3.413259,1.510319,-1.517889,guided_exp
10:16:41.777,2,-1.921634,1.439969,-2.034596,guided_exp
10:16:41.778,1,-3.413341,1.515281,-1.51524,guided_exp
10:16:41.877,2,-1.918934,1.440505,-2.036838,guided_exp
10:16:41.877,1,-3.41377,1.504183,-1.513753,guided_exp
10:16:41.977,2,-1.920861,1.439928,-2.037636,guided_exp
10:16:41.977,1,-3.41529,1.504398,-1.510509,guided_exp
10:16:42.078,2,-1.923267,1.439804,-2.03881,guided_exp
10:16:42.079,1,-3.415483,1.506524,-1.508604,guided_exp
10:16:42.178,2,-1.925698,1.439288,-2.041607,guided_exp
10:16:42.178,1,-3.416547,1.504169,-1.505134,guided_exp
10:16:42.260,2,-1.926674,1.437874,-2.043207,guided_exp
10:16:42.260,1,-3.416492,1.504594,-1.501423,guided_exp
10:16:42.360,2,-1.927749,1.437759,-2.042373,guided_exp
10:16:42.362,1,-3.417265,1.506177,-1.499869,guided_exp
10:16:42.460,2,-1.924615,1.437615,-2.049227,guided_exp
10:16:42.460,1,-3.416499,1.504396,-1.496666,guided_exp
10:16:42.560,2,-1.923569,1.436672,-2.05051,guided_exp
10:16:42.560,1,-3.415528,1.500957,-1.491189,guided_exp
10:16:42.660,2,-1.920358,1.436357,-2.054463,guided_exp
10:16:42.661,1,-3.414986,1.501444,-1.490096,guided_exp
10:16:42.762,2,-1.919895,1.43641,-2.060786,guided_exp
10:16:42.762,1,-3.414709,1.501238,-1.4884,guided_exp
10:16:42.861,2,-1.926296,1.436514,-2.068503,guided_exp
10:16:42.861,1,-3.414671,1.499317,-1.487,guided_exp
10:16:42.943,2,-1.933074,1.436426,-2.073276,guided_exp
10:16:42.943,1,-3.412118,1.50161,-1.482769,guided_exp
10:16:43.026,2,-1.948071,1.436526,-2.074811,guided_exp
10:16:43.026,1,-3.410619,1.500575,-1.480724,guided_exp
10:16:43.110,2,-1.956481,1.435738,-2.075702,guided_exp
10:16:43.110,1,-3.41124,1.499402,-1.480714,guided_exp
10:16:43.193,2,-1.978558,1.436237,-2.073623,guided_exp
10:16:43.193,1,-3.411791,1.499792,-1.481451,guided_exp
10:16:43.276,2,-2.015717,1.436269,-2.067142,guided_exp
10:16:43.276,1,-3.412582,1.4997,-1.481209,guided_exp
10:16:43.360,2,-2.046124,1.43626,-2.063996,guided_exp
10:16:43.361,1,-3.410907,1.497817,-1.481733,guided_exp
10:16:43.460,2,-2.122408,1.436941,-2.05641,guided_exp
10:16:43.460,1,-3.411935,1.498707,-1.482406,guided_exp
10:16:43.560,2,-2.162891,1.437309,-2.054565,guided_exp
10:16:43.561,1,-3.412951,1.498152,-1.485291,guided_exp
10:16:43.643,2,-2.234795,1.437206,-2.055207,guided_exp
10:16:43.643,1,-3.413734,1.498005,-1.487217,guided_exp
10:16:43.726,2,-2.292909,1.436523,-2.057736,guided_exp
10:16:43.726,1,-3.414236,1.497619,-1.490431,guided_exp
10:16:43.827,2,-2.314838,1.436468,-2.058604,guided_exp
10:16:43.828,1,-3.414884,1.497978,-1.492223,guided_exp
10:16:43.929,2,-2.347411,1.436123,-2.064663,guided_exp
10:16:43.929,1,-3.415381,1.497903,-1.494291,guided_exp
10:16:44.010,2,-2.366749,1.435341,-2.06801,guided_exp
10:16:44.010,1,-3.41445,1.498514,-1.497619,guided_exp
10:16:44.094,2,-2.377721,1.435054,-2.06845,guided_exp
10:16:44.094,1,-3.415182,1.498884,-1.498633,guided_exp
10:16:44.176,2,-2.39418,1.435248,-2.069063,guided_exp
10:16:44.176,1,-3.415595,1.498601,-1.502074,guided_exp
10:16:44.261,2,-2.405444,1.434953,-2.06855,guided_exp
10:16:44.261,1,-3.415961,1.498759,-1.503245,guided_exp
10:16:44.361,2,-2.412914,1.434909,-2.068658,guided_exp
10:16:44.361,1,-3.415438,1.498175,-1.504427,guided_exp
10:16:44.460,2,-2.418831,1.435044,-2.069516,guided_exp
10:16:44.461,1,-3.414807,1.498287,-1.506198,guided_exp
10:16:44.543,2,-2.423821,1.434951,-2.068507,guided_exp
10:16:44.544,1,-3.409241,1.497607,-1.504511,guided_exp
10:16:44.626,2,-2.426396,1.435289,-2.06806,guided_exp
10:16:44.626,1,-3.406325,1.498371,-1.495278,guided_exp
10:16:44.710,2,-2.427329,1.43477,-2.068095,guided_exp
10:16:44.710,1,-3.404625,1.498961,-1.476829,guided_exp
10:16:44.793,2,-2.429676,1.434396,-2.067874,guided_exp
10:16:44.793,1,-3.400991,1.499896,-1.435471,guided_exp
10:16:44.876,2,-2.428298,1.434566,-2.067019,guided_exp
10:16:44.877,1,-3.396756,1.50035,-1.394819,guided_exp
10:16:44.977,2,-2.429178,1.434799,-2.065985,guided_exp
10:16:44.978,1,-3.421434,1.500593,-1.309566,guided_exp
10:16:45.078,2,-2.428158,1.434813,-2.064136,guided_exp
10:16:45.079,1,-3.429801,1.500826,-1.220676,guided_exp
10:16:45.160,2,-2.431059,1.435216,-2.062144,guided_exp
10:16:45.160,1,-3.422713,1.500228,-1.121371,guided_exp
10:16:45.244,2,-2.431451,1.434768,-2.060612,guided_exp
10:16:45.244,1,-3.427751,1.501562,-1.05741,guided_exp
10:16:45.344,2,-2.431658,1.435141,-2.059026,guided_exp
10:16:45.344,1,-3.429427,1.501875,-1.000875,guided_exp
10:16:45.445,2,-2.428874,1.434625,-2.057046,guided_exp
10:16:45.446,1,-3.438873,1.501479,-0.972235,guided_exp
10:16:45.544,2,-2.429397,1.434811,-2.054952,guided_exp
10:16:45.544,1,-3.429449,1.501741,-0.922794,guided_exp
10:16:45.643,2,-2.429838,1.434698,-2.053509,guided_exp
10:16:45.643,1,-3.425337,1.501752,-0.909352,guided_exp
10:16:45.745,2,-2.430299,1.434626,-2.052391,guided_exp
10:16:45.746,1,-3.423542,1.501934,-0.892368,guided_exp
10:16:45.844,2,-2.430419,1.434454,-2.051624,guided_exp
10:16:45.844,1,-3.419005,1.502265,-0.868486,guided_exp
10:16:45.944,2,-2.430371,1.434711,-2.051172,guided_exp
10:16:45.944,1,-3.418791,1.5021,-0.863705,guided_exp
10:16:46.043,2,-2.430459,1.43468,-2.050787,guided_exp
10:16:46.044,1,-3.414701,1.501648,-0.853919,guided_exp
10:16:46.126,2,-2.430534,1.434823,-2.050167,guided_exp
10:16:46.126,1,-3.415715,1.501173,-0.850813,guided_exp
10:16:46.229,2,-2.430481,1.435066,-2.050151,guided_exp
10:16:46.229,1,-3.415448,1.501101,-0.849931,guided_exp
10:16:46.327,2,-2.430283,1.434978,-2.049904,guided_exp
10:16:46.328,1,-3.416802,1.500248,-0.84513,guided_exp
10:16:46.426,2,-2.429915,1.43502,-2.049137,guided_exp
10:16:46.426,1,-3.416097,1.500845,-0.840115,guided_exp
10:16:46.510,2,-2.429701,1.434758,-2.048784,guided_exp
10:16:46.510,1,-3.415832,1.501078,-0.840191,guided_exp
10:16:46.610,2,-2.429218,1.434519,-2.048102,guided_exp
10:16:46.611,1,-3.417435,1.501084,-0.842626,guided_exp
10:16:46.710,2,-2.428776,1.434321,-2.047694,guided_exp
10:16:46.711,1,-3.418666,1.500483,-0.842629,guided_exp
10:16:46.810,2,-2.428548,1.434327,-2.047491,guided_exp
10:16:46.810,1,-3.418582,1.499694,-0.842709,guided_exp
10:16:46.910,2,-2.428566,1.434402,-2.047172,guided_exp
10:16:46.911,1,-3.421345,1.500123,-0.845944,guided_exp
10:16:47.011,2,-2.428542,1.434356,-2.046934,guided_exp
10:16:47.011,1,-3.419777,1.5004,-0.843496,guided_exp
10:16:47.093,2,-2.428916,1.434444,-2.046866,guided_exp
10:16:47.093,1,-3.422939,1.500533,-0.844206,guided_exp
10:16:47.177,2,-2.428644,1.434686,-2.047006,guided_exp
10:16:47.178,1,-3.427156,1.500816,-0.847913,guided_exp
10:16:47.260,2,-2.428825,1.434523,-2.047174,guided_exp
10:16:47.260,1,-3.423517,1.501198,-0.848471,guided_exp
10:16:47.344,2,-2.429242,1.434583,-2.046913,guided_exp
10:16:47.344,1,-3.422194,1.501613,-0.848291,guided_exp
10:16:47.444,2,-2.429318,1.434475,-2.04724,guided_exp
10:16:47.444,1,-3.42342,1.501306,-0.846138,guided_exp
10:16:47.544,2,-2.42957,1.434442,-2.047349,guided_exp
10:16:47.544,1,-3.423683,1.501032,-0.846072,guided_exp
10:16:47.644,2,-2.431019,1.434807,-2.046871,guided_exp
10:16:47.644,1,-3.424798,1.500944,-0.844883,guided_exp
10:16:47.744,2,-2.431833,1.434891,-2.047318,guided_exp
10:16:47.744,1,-3.42444,1.501315,-0.843872,guided_exp
10:16:47.843,2,-2.432082,1.435016,-2.047764,guided_exp
10:16:47.844,1,-3.427081,1.500774,-0.844109,guided_exp
10:16:47.944,2,-2.432511,1.435104,-2.047705,guided_exp
10:16:47.944,1,-3.42793,1.501319,-0.839259,guided_exp
10:16:48.043,2,-2.432713,1.435112,-2.04808,guided_exp
10:16:48.043,1,-3.426977,1.50128,-0.839045,guided_exp
10:16:48.144,2,-2.432805,1.434986,-2.048326,guided_exp
10:16:48.144,1,-3.426584,1.498819,-0.840734,guided_exp
10:16:48.244,2,-2.432833,1.435296,-2.048414,guided_exp
10:16:48.244,1,-3.425683,1.500093,-0.84071,guided_exp
10:16:48.344,2,-2.432756,1.435431,-2.048834,guided_exp
10:16:48.344,1,-3.428444,1.500258,-0.845352,guided_exp
10:16:48.443,2,-2.43245,1.435652,-2.049075,guided_exp
10:16:48.444,1,-3.424655,1.501162,-0.84313,guided_exp
10:16:48.544,2,-2.43204,1.435621,-2.049281,guided_exp
10:16:48.544,1,-3.427822,1.498603,-0.844117,guided_exp
10:16:48.644,2,-2.431487,1.437413,-2.049782,guided_exp
10:16:48.644,1,-3.434781,1.496635,-0.851412,guided_exp
10:16:48.743,2,-2.431459,1.440969,-2.049965,guided_exp
10:16:48.744,1,-3.434615,1.504009,-0.846875,guided_exp
10:16:48.826,2,-2.431592,1.443635,-2.049984,guided_exp
10:16:48.826,1,-3.438549,1.505853,-0.847188,guided_exp
10:16:48.910,2,-2.43148,1.442624,-2.04989,guided_exp
10:16:48.910,1,-3.438574,1.50771,-0.846495,guided_exp
10:16:48.993,2,-2.43115,1.443094,-2.049887,guided_exp
10:16:48.993,1,-3.438861,1.507988,-0.846495,guided_exp
10:16:49.094,2,-2.431211,1.438003,-2.050116,guided_exp
10:16:49.094,1,-3.441418,1.507538,-0.847598,guided_exp
10:16:49.193,2,-2.431469,1.429306,-2.050345,guided_exp
10:16:49.193,1,-3.441724,1.50121,-0.84767,guided_exp
10:16:49.276,2,-2.431318,1.418775,-2.050297,guided_exp
10:16:49.276,1,-3.443235,1.499729,-0.849226,guided_exp
10:16:49.426,2,-2.431966,1.413278,-2.05049,guided_exp
10:16:49.427,1,-3.444068,1.505111,-0.851699,guided_exp
10:16:49.510,2,-2.43197,1.410795,-2.05053,guided_exp
10:16:49.510,1,-3.444604,1.543497,-0.852349,guided_exp
10:16:49.610,2,-2.432129,1.417529,-2.050914,guided_exp
10:16:49.611,1,-3.446454,0.39876,-0.855728,guided_exp
10:16:49.710,2,-2.431908,1.41532,-2.051446,guided_exp
10:16:49.711,1,-3.447075,1.480349,-0.856434,guided_exp
10:16:49.810,2,-2.431785,1.412027,-2.051602,guided_exp
10:16:49.810,1,-3.450053,1.480349,-0.854545,guided_exp
10:16:49.910,2,-2.431001,1.420331,-2.052426,guided_exp
10:16:49.911,1,-3.451448,1.480349,-0.854378,guided_exp
10:16:50.010,2,-2.430577,1.417495,-2.053725,guided_exp
10:16:50.010,1,-3.451829,1.480349,-0.85429,guided_exp
10:16:50.110,2,-2.430422,1.405486,-2.053636,guided_exp
10:16:50.110,1,-3.45311,1.480349,-0.85405,guided_exp
10:16:50.226,2,-2.429782,1.409061,-2.054175,guided_exp
10:16:50.227,1,-3.455239,1.480349,-0.85143,guided_exp
10:16:50.326,2,-2.429859,1.421542,-2.054365,guided_exp
10:16:50.327,1,-3.455593,1.480349,-0.849437,guided_exp
10:16:50.427,2,-2.429386,1.426999,-2.054554,guided_exp
10:16:50.428,1,-3.455433,1.480349,-0.849057,guided_exp
10:16:50.527,2,-2.429582,1.431483,-2.055236,guided_exp
10:16:50.527,1,-3.462972,1.480349,-0.853379,guided_exp
10:16:50.626,2,-2.429483,1.432299,-2.055287,guided_exp
10:16:50.627,1,-3.465322,1.480349,-0.855564,guided_exp
10:16:50.710,2,-2.429461,1.435526,-2.0554,guided_exp
10:16:50.710,1,-3.466095,1.480349,-0.853793,guided_exp
10:16:50.793,2,-2.429044,1.431226,-2.056026,guided_exp
10:16:50.793,1,-3.467868,1.480349,-0.857569,guided_exp
10:16:50.894,2,-2.429338,1.426006,-2.057262,guided_exp
10:16:50.894,1,-3.468981,1.480349,-0.859957,guided_exp
10:16:50.993,2,-2.429663,1.425828,-2.057772,guided_exp
10:16:50.993,1,-3.468025,1.480349,-0.861578,guided_exp
10:16:51.076,2,-2.429752,1.433282,-2.058757,guided_exp
10:16:51.077,1,-3.468873,1.480349,-0.863278,guided_exp
10:16:51.160,2,-2.430724,1.434677,-2.058962,guided_exp
10:16:51.160,1,-3.467173,1.480349,-0.86336,guided_exp
10:16:51.243,2,-2.430668,1.436324,-2.059048,guided_exp
10:16:51.243,1,-3.468258,1.480349,-0.868722,guided_exp
10:16:51.327,2,-2.430658,1.436721,-2.059464,guided_exp
10:16:51.328,1,-3.468895,1.480349,-0.873403,guided_exp
10:16:51.427,2,-2.430865,1.436807,-2.059922,guided_exp
10:16:51.431,1,-3.467771,1.480349,-0.879498,guided_exp
10:16:51.527,2,-2.430683,1.427166,-2.059995,guided_exp
10:16:51.527,1,-3.466549,1.480349,-0.883648,guided_exp
10:16:51.627,2,-2.430615,1.427242,-2.061299,guided_exp
10:16:51.628,1,-3.468675,1.480349,-0.883968,guided_exp
10:16:51.727,2,-2.429923,1.427387,-2.06207,guided_exp
10:16:51.728,1,-3.469467,1.480349,-0.887473,guided_exp
10:16:51.827,2,-2.428329,1.427691,-2.064822,guided_exp
10:16:51.828,1,-3.469715,1.480349,-0.888026,guided_exp
10:16:51.927,2,-2.426808,1.425572,-2.064372,guided_exp
10:16:51.928,1,-3.472115,1.480349,-0.889552,guided_exp
10:16:52.026,2,-2.425641,1.427343,-2.065959,guided_exp
10:16:52.026,1,-3.471249,1.480349,-0.888848,guided_exp
10:16:52.110,2,-2.425209,1.426652,-2.065945,guided_exp
10:16:52.110,1,-3.471476,1.480349,-0.890352,guided_exp
10:16:52.193,2,-2.425293,1.42633,-2.065747,guided_exp
10:16:52.193,1,-3.470262,1.480349,-0.900015,guided_exp
10:16:52.276,2,-2.424877,1.427496,-2.066812,guided_exp
10:16:52.277,1,-3.467916,1.527521,-0.908109,guided_exp
10:16:52.362,2,-2.425186,1.427998,-2.06692,guided_exp
10:16:52.363,1,-3.465455,1.53067,-0.911276,guided_exp
10:16:52.460,2,-2.42548,1.425402,-2.065129,guided_exp
10:16:52.460,1,-3.464818,1.529637,-0.917672,guided_exp
10:16:52.560,2,-2.422066,1.422747,-2.065958,guided_exp
10:16:52.561,1,-3.462471,1.531104,-0.921225,guided_exp
10:16:52.660,2,-2.413039,1.420276,-2.07159,guided_exp
10:16:52.661,1,-3.459786,1.531878,-0.925682,guided_exp
10:16:52.761,2,-2.393397,1.418873,-2.078088,guided_exp
10:16:52.761,1,-3.458766,1.531033,-0.927033,guided_exp
10:16:52.861,2,-2.357913,1.418883,-2.089893,guided_exp
10:16:52.861,1,-3.456066,1.530425,-0.933021,guided_exp
10:16:52.961,2,-2.326872,1.4163,-2.100194,guided_exp
10:16:52.961,1,-3.456483,1.531466,-0.933681,guided_exp
10:16:53.061,2,-2.273062,1.415163,-2.11833,guided_exp
10:16:53.061,1,-3.454058,1.530315,-0.932281,guided_exp
10:16:53.143,2,-2.199949,1.413898,-2.151784,guided_exp
10:16:53.143,1,-3.453606,1.529831,-0.933612,guided_exp
10:16:53.226,2,-2.116242,1.413822,-2.189027,guided_exp
10:16:53.227,1,-3.451874,1.527486,-0.933139,guided_exp
10:16:53.310,2,-2.062088,1.414197,-2.214985,guided_exp
10:16:53.310,1,-3.452521,1.527349,-0.932093,guided_exp
10:16:53.410,2,-1.974376,1.413032,-2.24873,guided_exp
10:16:53.411,1,-3.451982,1.527465,-0.934142,guided_exp
10:16:53.510,2,-1.921487,1.412306,-2.263149,guided_exp
10:16:53.511,1,-3.453491,1.527474,-0.93919,guided_exp
10:16:53.593,2,-1.873644,1.41157,-2.275044,guided_exp
10:16:53.593,1,-3.453358,1.528107,-0.942573,guided_exp
10:16:53.679,2,-1.833559,1.410428,-2.279248,guided_exp
10:16:53.679,1,-3.455097,1.528034,-0.953856,guided_exp
10:16:53.777,2,-1.78115,1.41024,-2.277918,guided_exp
10:16:53.778,1,-3.444359,1.528154,-0.974819,guided_exp
10:16:53.860,2,-1.724584,1.409461,-2.275481,guided_exp
10:16:53.860,1,-3.439107,1.526805,-1.007327,guided_exp
10:16:53.944,2,-1.689839,1.40836,-2.269665,guided_exp
10:16:53.944,1,-3.430415,1.527497,-1.03579,guided_exp
10:16:54.044,2,-1.626719,1.407344,-2.25485,guided_exp
10:16:54.045,1,-3.42773,1.527371,-1.072651,guided_exp
10:16:54.126,2,-1.577779,1.406861,-2.237766,guided_exp
10:16:54.127,1,-3.426068,1.527163,-1.098597,guided_exp
10:16:54.210,2,-1.549181,1.406289,-2.228495,guided_exp
10:16:54.210,1,-3.43353,1.527904,-1.126162,guided_exp
10:16:54.293,2,-1.512232,1.406542,-2.218468,guided_exp
10:16:54.293,1,-3.430063,1.526653,-1.148286,guided_exp
10:16:54.377,2,-1.486374,1.406461,-2.213848,guided_exp
10:16:54.377,1,-3.438709,1.527045,-1.179548,guided_exp
10:16:54.477,2,-1.457109,1.406217,-2.212886,guided_exp
10:16:54.478,1,-3.434898,1.5272,-1.172917,guided_exp
10:16:54.579,2,-1.430413,1.406003,-2.215681,guided_exp
10:16:54.580,1,-3.434008,1.527523,-1.172407,guided_exp
10:16:54.677,2,-1.405905,1.405677,-2.217285,guided_exp
10:16:54.678,1,-3.432596,1.527855,-1.175499,guided_exp
10:16:54.777,2,-1.383752,1.40548,-2.221301,guided_exp
10:16:54.777,1,-3.432763,1.528335,-1.182319,guided_exp
10:16:54.877,2,-1.365566,1.405919,-2.226346,guided_exp
10:16:54.878,1,-3.431467,1.52871,-1.183872,guided_exp
10:16:54.977,2,-1.351377,1.406726,-2.229495,guided_exp
10:16:54.977,1,-3.432185,1.528794,-1.191556,guided_exp
10:16:55.077,2,-1.338502,1.407756,-2.232324,guided_exp
10:16:55.078,1,-3.431727,1.528717,-1.19076,guided_exp
10:16:55.160,2,-1.330199,1.41048,-2.235436,guided_exp
10:16:55.160,1,-3.428546,1.530255,-1.186957,guided_exp
10:16:55.244,2,-1.325039,1.41169,-2.236552,guided_exp
10:16:55.244,1,-3.425813,1.530369,-1.183126,guided_exp
10:16:55.344,2,-1.317954,1.412167,-2.237786,guided_exp
10:16:55.344,1,-3.428479,1.530545,-1.193278,guided_exp
10:16:55.445,2,-1.315412,1.414884,-2.237837,guided_exp
10:16:55.446,1,-3.430599,1.530403,-1.195513,guided_exp
10:16:55.544,2,-1.312856,1.417135,-2.238286,guided_exp
10:16:55.544,1,-3.431372,1.530017,-1.202108,guided_exp
10:16:55.626,2,-1.310702,1.418892,-2.239169,guided_exp
10:16:55.627,1,-3.430468,1.529241,-1.201696,guided_exp
10:16:55.710,2,-1.309854,1.42044,-2.239117,guided_exp
10:16:55.710,1,-3.430465,1.529432,-1.201759,guided_exp
10:16:55.810,2,-1.308698,1.419924,-2.239258,guided_exp
10:16:55.811,1,-3.428155,1.529427,-1.199338,guided_exp
10:16:55.911,2,-1.307182,1.419555,-2.24046,guided_exp
10:16:55.911,1,-3.429054,1.529446,-1.199224,guided_exp
10:16:56.010,2,-1.306293,1.41815,-2.241156,guided_exp
10:16:56.010,1,-3.427052,1.529634,-1.195274,guided_exp
10:16:56.110,2,-1.304691,1.417283,-2.242233,guided_exp
10:16:56.110,1,-3.432871,1.529679,-1.199908,guided_exp
10:16:56.211,2,-1.303835,1.419149,-2.242762,guided_exp
10:16:56.211,1,-3.432831,1.529632,-1.19999,guided_exp
10:16:56.310,2,-1.302489,1.419136,-2.24429,guided_exp
10:16:56.310,1,-3.432325,1.529813,-1.200228,guided_exp
10:16:56.412,2,-1.302037,1.416767,-2.245109,guided_exp
10:16:56.413,1,-3.433841,1.529324,-1.199771,guided_exp
10:16:56.512,2,-1.301676,1.415553,-2.245833,guided_exp
10:16:56.513,1,-3.435417,1.529707,-1.20035,guided_exp
10:16:56.610,2,-1.30093,1.413584,-2.246962,guided_exp
10:16:56.611,1,-3.435089,1.529157,-1.199909,guided_exp
10:16:56.710,2,-1.300055,1.416853,-2.246856,guided_exp
10:16:56.710,1,-3.436915,1.529283,-1.199958,guided_exp
10:16:56.793,2,-1.298103,1.41359,-2.247965,guided_exp
10:16:56.793,1,-3.437713,1.528994,-1.198582,guided_exp
10:16:56.894,2,-1.298231,1.415157,-2.247897,guided_exp
10:16:56.894,1,-3.43924,1.52953,-1.200521,guided_exp
10:16:56.994,2,-1.297278,1.417242,-2.247445,guided_exp
10:16:56.994,1,-3.444536,1.529609,-1.200395,guided_exp
10:16:57.093,2,-1.297169,1.416178,-2.248129,guided_exp
10:16:57.093,1,-3.445611,1.528782,-1.201045,guided_exp
10:16:57.176,2,-1.296948,1.415122,-2.247937,guided_exp
10:16:57.177,1,-3.444221,1.528659,-1.19988,guided_exp
10:16:57.326,2,-1.297087,1.414106,-2.248398,guided_exp
10:16:57.327,1,-3.44202,1.528553,-1.198921,guided_exp
10:16:57.411,2,-1.296987,1.412431,-2.248499,guided_exp
10:16:57.411,1,-3.442421,1.528794,-1.199395,guided_exp
10:16:57.627,2,-1.297205,1.411565,-2.248802,guided_exp
10:16:57.627,1,-3.44047,1.529498,-1.197306,guided_exp
10:16:57.744,2,-1.29769,1.410377,-2.249331,guided_exp
10:16:57.744,1,-3.443614,1.529748,-1.199315,guided_exp
10:16:57.844,2,-1.297746,1.409009,-2.249254,guided_exp
10:16:57.844,1,-3.441394,1.527099,-1.194922,guided_exp
10:16:57.944,2,-1.297734,1.408286,-2.249134,guided_exp
10:16:57.944,1,-3.440433,1.52551,-1.194089,guided_exp
10:16:58.044,2,-1.29815,1.408066,-2.248696,guided_exp
10:16:58.044,1,-3.440664,1.519976,-1.193661,guided_exp
10:16:58.127,2,-1.297657,1.408085,-2.248354,guided_exp
10:16:58.127,1,-3.441125,1.508114,-1.195215,guided_exp
10:16:58.227,2,-1.297578,1.408912,-2.248811,guided_exp
10:16:58.228,1,-3.439073,1.494711,-1.193035,guided_exp
10:16:58.327,2,-1.296456,1.408684,-2.24823,guided_exp
10:16:58.328,1,-3.437895,1.468327,-1.191992,guided_exp
10:16:58.427,2,-1.296467,1.40808,-2.24871,guided_exp
10:16:58.427,1,-3.436312,1.468001,-1.192065,guided_exp
10:16:58.510,2,-1.299125,1.408281,-2.251115,guided_exp
10:16:58.510,1,-3.437517,1.477666,-1.193693,guided_exp
10:16:58.594,2,-1.308382,1.408092,-2.256336,guided_exp
10:16:58.594,1,-3.435533,1.486507,-1.191952,guided_exp
10:16:58.694,2,-1.325222,1.408227,-2.262912,guided_exp
10:16:58.694,1,-3.434174,1.491858,-1.190925,guided_exp
10:16:58.776,2,-1.368111,1.408737,-2.268637,guided_exp
10:16:58.777,1,-3.436842,1.479983,-1.195753,guided_exp
10:16:58.944,2,-1.463801,1.408886,-2.273992,guided_exp
10:16:58.944,1,-3.435544,1.480124,-1.194837,guided_exp
10:16:59.044,2,-1.547775,1.408868,-2.278858,guided_exp
10:16:59.044,1,-3.435318,1.479559,-1.195447,guided_exp
10:16:59.144,2,-1.626916,1.409114,-2.277217,guided_exp
10:16:59.144,1,-3.436185,1.475747,-1.197548,guided_exp
10:16:59.244,2,-1.693121,1.409016,-2.279747,guided_exp
10:16:59.244,1,-3.437855,1.481976,-1.198841,guided_exp
10:16:59.344,2,-1.754133,1.409184,-2.27884,guided_exp
10:16:59.346,1,-3.436954,1.473331,-1.197916,guided_exp
10:16:59.446,2,-1.820932,1.408937,-2.275267,guided_exp
10:16:59.446,1,-3.434484,1.481613,-1.194323,guided_exp
10:16:59.544,2,-1.861565,1.408644,-2.269692,guided_exp
10:16:59.544,1,-3.435509,1.482419,-1.194039,guided_exp
10:16:59.645,2,-1.904584,1.408312,-2.259178,guided_exp
10:16:59.645,1,-3.435499,1.479924,-1.194154,guided_exp
10:16:59.744,2,-1.94549,1.408115,-2.240957,guided_exp
10:16:59.744,1,-3.434323,1.476248,-1.192562,guided_exp
10:16:59.826,2,-1.987358,1.407996,-2.217507,guided_exp
10:16:59.827,1,-3.436237,1.47518,-1.192796,guided_exp
10:16:59.910,2,-2.021672,1.407926,-2.190192,guided_exp
10:16:59.910,1,-3.436991,1.474867,-1.191566,guided_exp
10:16:59.993,2,-2.064645,1.408248,-2.152516,guided_exp
10:16:59.993,1,-3.438357,1.469037,-1.191385,guided_exp
10:17:00.077,2,-2.090554,1.408853,-2.127076,guided_exp
10:17:00.077,1,-3.438562,1.469223,-1.190909,guided_exp
10:17:00.161,2,-2.116004,1.409056,-2.096304,guided_exp
10:17:00.161,1,-3.438946,1.470098,-1.188921,guided_exp
10:17:00.260,2,-2.177034,1.408679,-2.054437,guided_exp
10:17:00.260,1,-3.436283,1.464242,-1.186113,guided_exp
10:17:00.343,2,-2.195437,1.408675,-2.041231,guided_exp
10:17:00.343,1,-3.436307,1.465905,-1.185523,guided_exp
10:17:00.444,2,-2.242165,1.408649,-2.014159,guided_exp
10:17:00.446,1,-3.434453,1.469612,-1.181527,guided_exp
10:17:00.544,2,-2.28409,1.408918,-1.995634,guided_exp
10:17:00.544,1,-3.433386,1.466395,-1.180558,guided_exp
10:17:00.644,2,-2.338167,1.409839,-1.977748,guided_exp
10:17:00.644,1,-3.431849,1.468605,-1.179835,guided_exp
10:17:00.726,2,-2.391814,1.410132,-1.960726,guided_exp
10:17:00.727,1,-3.432457,1.468641,-1.180834,guided_exp
10:17:00.811,2,-2.435457,1.410819,-1.948518,guided_exp
10:17:00.811,1,-3.433042,1.469349,-1.181163,guided_exp
10:17:00.893,2,-2.496387,1.410859,-1.936145,guided_exp
10:17:00.893,1,-3.431612,1.469404,-1.180191,guided_exp
10:17:00.977,2,-2.526275,1.41068,-1.932397,guided_exp
10:17:00.977,1,-3.430735,1.469644,-1.179215,guided_exp
10:17:01.060,2,-2.574904,1.410451,-1.929031,guided_exp
10:17:01.060,1,-3.43134,1.47096,-1.182134,guided_exp
10:17:01.144,2,-2.596687,1.409657,-1.924992,guided_exp
10:17:01.144,1,-3.430933,1.469904,-1.182616,guided_exp
10:17:01.244,2,-2.624965,1.409724,-1.91788,guided_exp
10:17:01.244,1,-3.43036,1.470501,-1.182099,guided_exp
10:17:01.344,2,-2.642087,1.408824,-1.913747,guided_exp
10:17:01.344,1,-3.429827,1.470727,-1.183052,guided_exp
10:17:01.447,2,-2.652696,1.408838,-1.907371,guided_exp
10:17:01.448,1,-3.428769,1.469568,-1.18307,guided_exp
10:17:01.544,2,-2.657949,1.409027,-1.903904,guided_exp
10:17:01.544,1,-3.428505,1.47345,-1.184105,guided_exp
10:17:01.644,2,-2.65996,1.409557,-1.901384,guided_exp
10:17:01.644,1,-3.428728,1.476934,-1.184559,guided_exp
10:17:01.744,2,-2.661704,1.409883,-1.898953,guided_exp
10:17:01.744,1,-3.428105,1.482833,-1.184509,guided_exp
10:17:01.844,2,-2.663374,1.410025,-1.89669,guided_exp
10:17:01.845,1,-3.429863,1.48783,-1.187435,guided_exp
10:17:01.944,2,-2.663597,1.410261,-1.894752,guided_exp
10:17:01.944,1,-3.429291,1.486053,-1.187262,guided_exp
10:17:02.044,2,-2.664467,1.410412,-1.891962,guided_exp
10:17:02.044,1,-3.424002,1.490432,-1.179974,guided_exp
10:17:02.144,2,-2.6663,1.410696,-1.890953,guided_exp
10:17:02.144,1,-3.426817,1.490876,-1.184812,guided_exp
10:17:02.244,2,-2.670203,1.410881,-1.886932,guided_exp
10:17:02.244,1,-3.427887,1.491229,-1.185988,guided_exp
10:17:02.344,2,-2.66988,1.411143,-1.886493,guided_exp
10:17:02.345,1,-3.42831,1.491711,-1.186401,guided_exp
10:17:02.444,2,-2.669428,1.411171,-1.885762,guided_exp
10:17:02.444,1,-3.427337,1.491638,-1.185555,guided_exp
10:17:02.527,2,-2.667711,1.411086,-1.885145,guided_exp
10:17:02.527,1,-3.427749,1.491256,-1.185114,guided_exp
10:17:02.611,2,-2.666895,1.411178,-1.884456,guided_exp
10:17:02.611,1,-3.427543,1.491609,-1.183664,guided_exp
10:17:02.710,2,-2.666069,1.411089,-1.883755,guided_exp
10:17:02.711,1,-3.429445,1.489795,-1.182663,guided_exp
10:17:02.811,2,-2.665522,1.411163,-1.883258,guided_exp
10:17:02.811,1,-3.431289,1.490382,-1.182874,guided_exp
10:17:02.911,2,-2.663022,1.410982,-1.882123,guided_exp
10:17:02.911,1,-3.430901,1.489128,-1.181822,guided_exp
10:17:03.010,2,-2.662521,1.410892,-1.878675,guided_exp
10:17:03.010,1,-3.431594,1.487028,-1.181545,guided_exp
10:17:03.093,2,-2.663285,1.411092,-1.877447,guided_exp
10:17:03.093,1,-3.434459,1.490094,-1.184874,guided_exp
10:17:03.227,2,-2.664766,1.411119,-1.876449,guided_exp
10:17:03.227,1,-3.434835,1.490091,-1.183754,guided_exp
10:17:03.329,2,-2.664988,1.411035,-1.875572,guided_exp
10:17:03.329,1,-3.434886,1.489768,-1.182926,guided_exp
10:17:03.427,2,-2.665219,1.410978,-1.873562,guided_exp
10:17:03.428,1,-3.437871,1.490734,-1.186789,guided_exp
10:17:03.527,2,-2.663496,1.410777,-1.870011,guided_exp
10:17:03.528,1,-3.441473,1.491519,-1.189411,guided_exp
10:17:03.627,2,-2.658852,1.410734,-1.86469,guided_exp
10:17:03.627,1,-3.443411,1.491563,-1.192066,guided_exp
10:17:03.711,2,-2.658303,1.410603,-1.864598,guided_exp
10:17:03.711,1,-3.446725,1.491614,-1.198253,guided_exp
10:17:03.793,2,-2.658619,1.410334,-1.865029,guided_exp
10:17:03.793,1,-3.456504,1.490743,-1.20763,guided_exp
10:17:03.877,2,-2.659171,1.41045,-1.864966,guided_exp
10:17:03.878,1,-3.471538,1.49038,-1.221596,guided_exp
10:17:03.960,2,-2.659523,1.410472,-1.865017,guided_exp
10:17:03.960,1,-3.49314,1.493792,-1.231334,guided_exp
10:17:04.044,2,-2.659912,1.410314,-1.86493,guided_exp
10:17:04.046,1,-3.507624,1.490844,-1.23913,guided_exp
10:17:04.145,2,-2.660797,1.410271,-1.864895,guided_exp
10:17:04.146,1,-3.562321,1.489772,-1.253984,guided_exp
10:17:04.226,2,-2.661185,1.410206,-1.864783,guided_exp
10:17:04.227,1,-3.597097,1.490713,-1.264051,guided_exp
10:17:04.312,2,-2.661404,1.410496,-1.864758,guided_exp
10:17:04.312,1,-3.62962,1.489619,-1.264639,guided_exp
10:17:04.393,2,-2.662545,1.410405,-1.86449,guided_exp
10:17:04.393,1,-3.705314,1.489837,-1.274311,guided_exp
10:17:04.543,2,-2.665219,1.410479,-1.864044,guided_exp
10:17:04.543,1,-3.786456,1.489888,-1.28235,guided_exp
10:17:04.627,2,-2.66605,1.410512,-1.863952,guided_exp
10:17:04.627,1,-3.882216,1.490336,-1.29248,guided_exp
10:17:04.712,2,-2.666978,1.409761,-1.86442,guided_exp
10:17:04.712,1,-3.904369,1.488137,-1.294945,guided_exp
10:17:04.793,2,-2.667082,1.409571,-1.864448,guided_exp
10:17:04.793,1,-3.95827,1.485838,-1.300455,guided_exp
10:17:04.877,2,-2.666838,1.409282,-1.864485,guided_exp
10:17:04.877,1,-3.99339,1.488636,-1.30716,guided_exp
10:17:04.961,2,-2.666852,1.408588,-1.865125,guided_exp
10:17:04.961,1,-4.027125,1.48882,-1.332386,guided_exp
10:17:05.043,2,-2.666189,1.408792,-1.866173,guided_exp
10:17:05.043,1,-4.069804,1.488898,-1.34868,guided_exp
10:17:05.127,2,-2.665795,1.409346,-1.86741,guided_exp
10:17:05.128,1,-4.095617,1.488631,-1.36284,guided_exp
10:17:05.210,2,-2.665222,1.408805,-1.86968,guided_exp
10:17:05.210,1,-4.134781,1.487828,-1.375192,guided_exp
10:17:05.294,2,-2.664897,1.408598,-1.871548,guided_exp
10:17:05.294,1,-4.167241,1.4865,-1.395803,guided_exp
10:17:05.394,2,-2.66494,1.408414,-1.875093,guided_exp
10:17:05.394,1,-4.207645,1.489852,-1.410206,guided_exp
10:17:05.477,2,-2.664049,1.408489,-1.877534,guided_exp
10:17:05.477,1,-4.238005,1.488335,-1.424983,guided_exp
10:17:05.561,2,-2.663089,1.408839,-1.878454,guided_exp
10:17:05.561,1,-4.270846,1.487357,-1.438697,guided_exp
10:17:05.661,2,-2.66129,1.408936,-1.879741,guided_exp
10:17:05.661,1,-4.291516,1.484907,-1.43161,guided_exp
10:17:05.762,2,-2.659761,1.410106,-1.880771,guided_exp
10:17:05.763,1,-4.328446,1.485849,-1.430199,guided_exp
10:17:05.862,2,-2.658739,1.412126,-1.882367,guided_exp
10:17:05.863,1,-4.360101,1.490032,-1.424077,guided_exp
10:17:05.960,2,-2.656797,1.411954,-1.88517,guided_exp
10:17:05.960,1,-4.431989,1.490259,-1.381723,guided_exp
10:17:06.043,2,-2.655389,1.405429,-1.886297,guided_exp
10:17:06.043,1,-4.48171,1.488781,-1.361409,guided_exp
10:17:06.127,2,-2.654508,1.400589,-1.888891,guided_exp
10:17:06.127,1,-4.52835,1.490972,-1.318872,guided_exp
10:17:06.227,2,-2.654517,1.389165,-1.889841,guided_exp
10:17:06.227,1,-4.582851,1.491745,-1.285501,guided_exp
10:17:06.310,2,-2.655084,1.380946,-1.890386,guided_exp
10:17:06.310,1,-4.611468,1.492963,-1.259402,guided_exp
10:17:06.393,2,-2.654649,1.375214,-1.890876,guided_exp
10:17:06.393,1,-4.641389,1.493305,-1.242257,guided_exp
10:17:06.477,2,-2.654466,1.380355,-1.891494,guided_exp
10:17:06.477,1,-4.653725,1.492864,-1.22107,guided_exp
10:17:06.561,2,-2.653927,1.391163,-1.891852,guided_exp
10:17:06.561,1,-4.671236,1.493461,-1.198896,guided_exp
10:17:06.643,2,-2.653771,1.40108,-1.891858,guided_exp
10:17:06.643,1,-4.684444,1.493271,-1.193907,guided_exp
10:17:06.727,2,-2.653524,1.412401,-1.891518,guided_exp
10:17:06.727,1,-4.684899,1.495997,-1.18088,guided_exp
10:17:06.810,2,-2.65364,1.417081,-1.89101,guided_exp
10:17:06.810,1,-4.685054,1.496735,-1.16873,guided_exp
10:17:06.893,2,-2.653156,1.415331,-1.889845,guided_exp
10:17:06.893,1,-4.67237,1.503068,-1.13145,guided_exp
10:17:06.977,2,-2.652908,1.40274,-1.889096,guided_exp
10:17:06.978,1,-4.669707,1.506465,-1.121723,guided_exp
10:17:07.077,2,-2.653724,1.401848,-1.887488,guided_exp
10:17:07.077,1,-4.663969,1.511948,-1.098235,guided_exp
10:17:07.177,2,-2.653875,1.406868,-1.886359,guided_exp
10:17:07.178,1,-4.655219,1.515438,-1.081785,guided_exp
10:17:07.277,2,-2.654227,1.413723,-1.885691,guided_exp
10:17:07.278,1,-4.646536,1.509904,-1.048947,guided_exp
10:17:07.360,2,-2.655046,1.413686,-1.884927,guided_exp
10:17:07.360,1,-4.64649,1.508287,-1.041943,guided_exp
10:17:07.445,2,-2.655544,1.417923,-1.88431,guided_exp
10:17:07.446,1,-4.64891,1.508752,-1.030466,guided_exp
10:17:07.544,2,-2.656626,1.413065,-1.883731,guided_exp
10:17:07.544,1,-4.653479,1.505829,-1.021705,guided_exp
10:17:07.644,2,-2.657506,1.410581,-1.883269,guided_exp
10:17:07.644,1,-4.665369,1.506757,-0.999264,guided_exp
10:17:07.745,2,-2.658401,1.409057,-1.883774,guided_exp
10:17:07.746,1,-4.671942,1.506595,-1.002571,guided_exp
10:17:07.844,2,-2.659213,1.408968,-1.883948,guided_exp
10:17:07.845,1,-4.679201,1.505559,-0.978235,guided_exp
10:17:07.927,2,-2.661102,1.409028,-1.882901,guided_exp
10:17:07.927,1,-4.688868,1.505228,-0.974782,guided_exp
10:17:08.027,2,-2.661901,1.408351,-1.88326,guided_exp
10:17:08.027,1,-4.691935,1.507287,-0.961839,guided_exp
10:17:08.127,2,-2.662212,1.408655,-1.883317,guided_exp
10:17:08.128,1,-4.684978,1.507552,-0.955752,guided_exp
10:17:08.227,2,-2.663525,1.408582,-1.883402,guided_exp
10:17:08.227,1,-4.682645,1.508167,-0.955235,guided_exp
10:17:08.327,2,-2.663937,1.407117,-1.883332,guided_exp
10:17:08.327,1,-4.700004,1.509452,-0.961199,guided_exp
10:17:08.427,2,-2.665174,1.406629,-1.884549,guided_exp
10:17:08.427,1,-4.686243,1.510715,-0.956875,guided_exp
10:17:08.510,2,-2.666143,1.405869,-1.883815,guided_exp
10:17:08.510,1,-4.688292,1.511873,-0.962669,guided_exp
10:17:08.611,2,-2.665821,1.405829,-1.883776,guided_exp
10:17:08.611,1,-4.683819,1.510603,-0.969077,guided_exp
10:17:08.710,2,-2.665634,1.406435,-1.882969,guided_exp
10:17:08.710,1,-4.670152,1.511351,-0.970976,guided_exp
10:17:08.793,2,-2.66605,1.406645,-1.883092,guided_exp
10:17:08.793,1,-4.666805,1.511605,-0.971317,guided_exp
10:17:08.877,2,-2.665671,1.406489,-1.882777,guided_exp
10:17:08.877,1,-4.66119,1.511662,-0.994375,guided_exp
10:17:08.960,2,-2.665287,1.40658,-1.880824,guided_exp
10:17:08.960,1,-4.652445,1.512375,-0.994183,guided_exp
10:17:09.044,2,-2.664865,1.406518,-1.879267,guided_exp
10:17:09.045,1,-4.651171,1.512933,-0.988165,guided_exp
10:17:09.144,2,-2.664515,1.405673,-1.878821,guided_exp
10:17:09.144,1,-4.648434,1.513772,-0.992398,guided_exp
10:17:09.244,2,-2.663433,1.404985,-1.877871,guided_exp
10:17:09.245,1,-4.647564,1.515276,-0.998388,guided_exp
10:17:09.327,2,-2.663343,1.404768,-1.877149,guided_exp
10:17:09.327,1,-4.643172,1.514701,-0.99796,guided_exp
10:17:09.412,2,-2.663388,1.405292,-1.876275,guided_exp
10:17:09.413,1,-4.642243,1.513779,-1.000079,guided_exp
10:17:09.511,2,-2.663315,1.404921,-1.876189,guided_exp
10:17:09.511,1,-4.639666,1.514135,-0.99928,guided_exp
10:17:09.610,2,-2.663337,1.404769,-1.874577,guided_exp
10:17:09.610,1,-4.639977,1.514103,-1.00459,guided_exp
10:17:09.693,2,-2.663757,1.40393,-1.874798,guided_exp
10:17:09.693,1,-4.638089,1.513828,-1.000995,guided_exp
10:17:09.778,2,-2.66377,1.404769,-1.874762,guided_exp
10:17:09.778,1,-4.638298,1.512652,-0.99989,guided_exp
10:17:09.878,2,-2.664301,1.405564,-1.873529,guided_exp
10:17:09.878,1,-4.63835,1.513123,-1.002084,guided_exp
10:17:09.960,2,-2.664223,1.405331,-1.873479,guided_exp
10:17:09.960,1,-4.639244,1.51254,-1.002002,guided_exp
10:17:10.046,2,-2.664852,1.406397,-1.873118,guided_exp
10:17:10.046,1,-4.639635,1.507605,-1.002844,guided_exp
10:17:10.144,2,-2.664771,1.406113,-1.873448,guided_exp
10:17:10.146,1,-4.638684,1.509687,-0.99906,guided_exp
10:17:10.244,2,-2.665539,1.406684,-1.872129,guided_exp
10:17:10.245,1,-4.638907,1.510253,-0.999411,guided_exp
10:17:10.344,2,-2.665387,1.406201,-1.872362,guided_exp
10:17:10.345,1,-4.636791,1.511739,-0.999322,guided_exp
10:17:10.446,2,-2.665327,1.406329,-1.872742,guided_exp
10:17:10.446,1,-4.638821,1.512016,-1.003491,guided_exp
10:17:10.527,2,-2.665876,1.406085,-1.871972,guided_exp
10:17:10.527,1,-4.640417,1.512508,-1.002355,guided_exp
10:17:10.611,2,-2.665999,1.406008,-1.871837,guided_exp
10:17:10.611,1,-4.641618,1.513331,-1.003597,guided_exp
10:17:10.693,2,-2.666081,1.405787,-1.871549,guided_exp
10:17:10.693,1,-4.641173,1.514306,-1.001454,guided_exp
10:17:10.862,2,-2.665862,1.405742,-1.870711,guided_exp
10:17:10.863,1,-4.645535,1.514449,-1.001428,guided_exp
10:17:10.961,2,-2.665885,1.405257,-1.87122,guided_exp
10:17:10.961,1,-4.650863,1.514879,-0.999481,guided_exp
10:17:11.043,2,-2.665637,1.405904,-1.871888,guided_exp
10:17:11.043,1,-4.660461,1.513039,-0.99526,guided_exp
10:17:11.128,2,-2.665864,1.406928,-1.871805,guided_exp
10:17:11.128,1,-4.662874,1.513318,-0.994617,guided_exp
10:17:11.228,2,-2.666099,1.412955,-1.871856,guided_exp
10:17:11.228,1,-4.684922,1.513663,-0.983753,guided_exp
10:17:11.310,2,-2.665348,1.425624,-1.871941,guided_exp
10:17:11.310,1,-4.701316,1.513673,-0.978616,guided_exp
10:17:11.393,2,-2.664807,1.430919,-1.872392,guided_exp
10:17:11.394,1,-4.70185,1.513813,-0.98016,guided_exp
10:17:11.494,2,-2.664693,1.432957,-1.872439,guided_exp
10:17:11.494,1,-4.701289,1.513629,-0.980281,guided_exp
10:17:11.577,2,-2.66398,1.434971,-1.872759,guided_exp
10:17:11.577,1,-4.699548,1.514295,-0.982622,guided_exp
10:17:11.678,2,-2.663526,1.434691,-1.873055,guided_exp
10:17:11.678,1,-4.689124,1.513648,-0.999429,guided_exp
10:17:11.778,2,-2.66266,1.421654,-1.874656,guided_exp
10:17:11.778,1,-4.670575,1.513284,-1.00843,guided_exp
10:17:11.860,2,-2.662108,1.413505,-1.875755,guided_exp
10:17:11.860,1,-4.635711,1.513399,-1.020718,guided_exp
10:17:11.944,2,-2.661565,1.417241,-1.875745,guided_exp
10:17:11.944,1,-4.600621,1.514048,-1.046812,guided_exp
10:17:12.027,2,-2.661318,1.419839,-1.875901,guided_exp
10:17:12.027,1,-4.556455,1.514802,-1.08619,guided_exp
10:17:12.111,2,-2.661597,1.425876,-1.87605,guided_exp
10:17:12.111,1,-4.525178,1.51447,-1.113341,guided_exp
10:17:12.210,2,-2.661433,1.43023,-1.876871,guided_exp
10:17:12.210,1,-4.47958,1.514261,-1.157394,guided_exp
10:17:12.310,2,-2.661398,1.431006,-1.876938,guided_exp
10:17:12.310,1,-4.44725,1.513649,-1.197686,guided_exp
10:17:12.412,2,-2.661403,1.434459,-1.877424,guided_exp
10:17:12.413,1,-4.418342,1.514166,-1.225226,guided_exp
10:17:12.511,2,-2.661316,1.431287,-1.878336,guided_exp
10:17:12.511,1,-4.392796,1.512191,-1.240805,guided_exp
10:17:12.593,2,-2.660906,1.429715,-1.878948,guided_exp
10:17:12.594,1,-4.366267,1.511009,-1.25513,guided_exp
10:17:12.677,2,-2.660828,1.424188,-1.8797,guided_exp
10:17:12.677,1,-4.343602,1.510885,-1.261637,guided_exp
10:17:12.760,2,-2.660989,1.42639,-1.880706,guided_exp
10:17:12.760,1,-4.304168,1.511929,-1.264361,guided_exp
10:17:12.844,2,-2.660727,1.431055,-1.880926,guided_exp
10:17:12.844,1,-4.28263,1.512105,-1.270402,guided_exp
10:17:12.944,2,-2.659883,1.430603,-1.883838,guided_exp
10:17:12.944,1,-4.223835,1.513243,-1.268809,guided_exp
10:17:13.044,2,-2.659582,1.433149,-1.884115,guided_exp
10:17:13.045,1,-4.163293,1.513395,-1.258301,guided_exp
10:17:13.144,2,-2.659252,1.431293,-1.885451,guided_exp
10:17:13.144,1,-4.110666,1.513436,-1.238501,guided_exp
10:17:13.244,2,-2.658082,1.428097,-1.886497,guided_exp
10:17:13.245,1,-4.066073,1.515737,-1.221355,guided_exp
10:17:13.327,2,-2.658308,1.427656,-1.888178,guided_exp
10:17:13.327,1,-4.018861,1.514873,-1.240008,guided_exp
10:17:13.410,2,-2.657948,1.417429,-1.888289,guided_exp
10:17:13.410,1,-4.002599,1.515369,-1.253444,guided_exp
10:17:13.529,2,-2.657272,1.417193,-1.888729,guided_exp
10:17:13.530,1,-3.963803,1.516131,-1.264024,guided_exp
10:17:13.629,2,-2.657538,1.417426,-1.889368,guided_exp
10:17:13.629,1,-3.930951,1.51614,-1.289275,guided_exp
10:17:13.710,2,-2.65669,1.425969,-1.889597,guided_exp
10:17:13.710,1,-3.895434,1.517244,-1.32502,guided_exp
10:17:13.793,2,-2.656693,1.429774,-1.889157,guided_exp
10:17:13.794,1,-3.869773,1.518523,-1.34983,guided_exp
10:17:13.894,2,-2.655683,1.434099,-1.890241,guided_exp
10:17:13.894,1,-3.844915,1.519466,-1.404647,guided_exp
10:17:13.977,2,-2.655097,1.435074,-1.890077,guided_exp
10:17:13.977,1,-3.833106,1.519053,-1.437166,guided_exp
10:17:14.077,2,-2.653731,1.436858,-1.890479,guided_exp
10:17:14.078,1,-3.826985,1.518606,-1.466569,guided_exp
10:17:14.179,2,-2.653931,1.437443,-1.889736,guided_exp
10:17:14.179,1,-3.822835,1.518431,-1.495408,guided_exp
10:17:14.260,2,-2.653639,1.437089,-1.890987,guided_exp
10:17:14.260,1,-3.825459,1.51853,-1.504788,guided_exp
10:17:14.344,2,-2.652873,1.434509,-1.890981,guided_exp
10:17:14.344,1,-3.831017,1.518613,-1.509467,guided_exp
10:17:14.444,2,-2.652902,1.431815,-1.889936,guided_exp
10:17:14.444,1,-3.847586,1.518794,-1.512084,guided_exp
10:17:14.527,2,-2.653407,1.429976,-1.889396,guided_exp
10:17:14.528,1,-3.865889,1.518547,-1.515777,guided_exp
10:17:14.610,2,-2.653434,1.430285,-1.889307,guided_exp
10:17:14.610,1,-3.871846,1.516733,-1.517135,guided_exp
10:17:14.711,2,-2.65373,1.429226,-1.888399,guided_exp
10:17:14.712,1,-3.887153,1.516777,-1.518736,guided_exp
10:17:14.811,2,-2.65388,1.427828,-1.888842,guided_exp
10:17:14.812,1,-3.902959,1.517828,-1.514845,guided_exp
10:17:14.910,2,-2.653634,1.427102,-1.888421,guided_exp
10:17:14.910,1,-3.913059,1.519412,-1.51548,guided_exp
10:17:14.993,2,-2.653581,1.42608,-1.888527,guided_exp
10:17:14.994,1,-3.925834,1.519638,-1.513456,guided_exp
10:17:15.077,2,-2.653865,1.424941,-1.889477,guided_exp
10:17:15.077,1,-3.93124,1.519333,-1.511989,guided_exp
10:17:15.160,2,-2.653964,1.424141,-1.888185,guided_exp
10:17:15.161,1,-3.939933,1.52016,-1.511834,guided_exp
10:17:15.260,2,-2.65431,1.423566,-1.887398,guided_exp
10:17:15.260,1,-3.945983,1.52042,-1.512212,guided_exp
10:17:15.362,2,-2.65479,1.423595,-1.887418,guided_exp
10:17:15.363,1,-3.952547,1.520863,-1.512813,guided_exp
10:17:15.478,2,-2.654778,1.423638,-1.887741,guided_exp
10:17:15.478,1,-3.95537,1.520272,-1.513038,guided_exp
10:17:15.560,2,-2.655007,1.42376,-1.887734,guided_exp
10:17:15.560,1,-3.956899,1.519302,-1.515722,guided_exp
10:17:15.643,2,-2.654921,1.425348,-1.886955,guided_exp
10:17:15.644,1,-3.958373,1.519844,-1.51559,guided_exp
10:17:15.727,2,-2.655288,1.424851,-1.886749,guided_exp
10:17:15.727,1,-3.961992,1.520746,-1.515568,guided_exp
10:17:15.827,2,-2.65513,1.425253,-1.886603,guided_exp
10:17:15.828,1,-3.963974,1.519809,-1.515262,guided_exp
10:17:15.910,2,-2.65567,1.4254,-1.886694,guided_exp
10:17:15.910,1,-3.965352,1.520757,-1.51427,guided_exp
10:17:15.993,2,-2.654986,1.425939,-1.887146,guided_exp
10:17:15.994,1,-3.969969,1.520408,-1.512795,guided_exp
10:17:16.077,2,-2.654868,1.426658,-1.886529,guided_exp
10:17:16.077,1,-3.969179,1.519312,-1.512828,guided_exp
10:17:16.178,2,-2.655019,1.427717,-1.885998,guided_exp
10:17:16.178,1,-3.972166,1.519737,-1.51243,guided_exp
10:17:16.260,2,-2.655153,1.429131,-1.886053,guided_exp
10:17:16.260,1,-3.97347,1.522859,-1.51162,guided_exp
10:17:16.345,2,-2.655539,1.429286,-1.885376,guided_exp
10:17:16.346,1,-3.978119,1.524982,-1.511734,guided_exp
10:17:16.445,2,-2.656212,1.429441,-1.886373,guided_exp
10:17:16.446,1,-3.977272,1.527482,-1.511706,guided_exp
10:17:16.527,2,-2.657144,1.429744,-1.886238,guided_exp
10:17:16.527,1,-3.976659,1.528928,-1.512641,guided_exp
10:17:16.611,2,-2.657791,1.4306,-1.886643,guided_exp
10:17:16.611,1,-3.974268,1.526176,-1.512978,guided_exp
10:17:16.711,2,-2.658618,1.431135,-1.886572,guided_exp
10:17:16.711,1,-3.973977,1.517189,-1.512478,guided_exp
10:17:16.810,2,-2.659251,1.432036,-1.885625,guided_exp
10:17:16.810,1,-3.98009,1.50473,-1.513709,guided_exp
10:17:16.893,2,-2.659736,1.432461,-1.884912,guided_exp
10:17:16.894,1,-3.980009,1.505492,-1.51459,guided_exp
10:17:16.994,2,-2.660275,1.432844,-1.88413,guided_exp
10:17:16.994,1,-3.984089,1.509288,-1.517534,guided_exp
10:17:17.093,2,-2.660568,1.433218,-1.882794,guided_exp
10:17:17.094,1,-3.987502,1.502206,-1.519164,guided_exp
10:17:17.177,2,-2.6607,1.433489,-1.882342,guided_exp
10:17:17.177,1,-3.988554,1.504235,-1.519558,guided_exp
10:17:17.277,2,-2.660457,1.433461,-1.881217,guided_exp
10:17:17.277,1,-3.990482,1.50149,-1.523949,guided_exp
10:17:17.377,2,-2.660767,1.433363,-1.880375,guided_exp
10:17:17.377,1,-3.990679,1.509918,-1.52527,guided_exp
10:17:17.461,2,-2.660764,1.433342,-1.878773,guided_exp
10:17:17.461,1,-3.990835,1.521428,-1.525715,guided_exp
10:17:17.560,2,-2.659363,1.433204,-1.87763,guided_exp
10:17:17.560,1,-3.992305,1.518251,-1.530606,guided_exp
10:17:17.644,2,-2.659091,1.433235,-1.877068,guided_exp
10:17:17.646,1,-3.99188,1.51404,-1.533261,guided_exp
10:17:17.745,2,-2.658549,1.432753,-1.874557,guided_exp
10:17:17.745,1,-3.992931,1.517642,-1.533543,guided_exp
10:17:17.844,2,-2.657309,1.432943,-1.871753,guided_exp
10:17:17.846,1,-3.995268,1.524266,-1.536049,guided_exp
10:17:17.944,2,-2.655869,1.433204,-1.870383,guided_exp
10:17:17.945,1,-3.994611,1.523796,-1.537828,guided_exp
10:17:18.044,2,-2.653812,1.432945,-1.868604,guided_exp
10:17:18.044,1,-3.99589,1.51711,-1.539062,guided_exp
10:17:18.144,2,-2.652198,1.432537,-1.867845,guided_exp
10:17:18.145,1,-3.996633,1.519166,-1.539714,guided_exp
10:17:18.245,2,-2.650883,1.431747,-1.867739,guided_exp
10:17:18.246,1,-3.99674,1.52383,-1.540618,guided_exp
10:17:18.344,2,-2.649267,1.432248,-1.86882,guided_exp
10:17:18.345,1,-3.995805,1.520293,-1.540419,guided_exp
10:17:18.444,2,-2.645437,1.432662,-1.868956,guided_exp
10:17:18.445,1,-3.9942,1.527533,-1.539357,guided_exp
10:17:18.546,2,-2.645011,1.432392,-1.869194,guided_exp
10:17:18.546,1,-3.993458,1.531281,-1.540305,guided_exp
10:17:18.644,2,-2.643347,1.432643,-1.869009,guided_exp
10:17:18.644,1,-3.991621,1.521363,-1.541185,guided_exp
10:17:18.744,2,-2.64124,1.432368,-1.869006,guided_exp
10:17:18.745,1,-3.991468,1.524566,-1.538785,guided_exp
10:17:18.844,2,-2.640472,1.432837,-1.869123,guided_exp
10:17:18.845,1,-3.990348,1.51698,-1.538551,guided_exp
10:17:18.944,2,-2.639497,1.433695,-1.86952,guided_exp
10:17:18.944,1,-3.985637,1.51174,-1.537026,guided_exp
10:17:19.044,2,-2.638599,1.433227,-1.869398,guided_exp
10:17:19.045,1,-3.978458,1.507195,-1.532434,guided_exp
10:17:19.144,2,-2.636718,1.432407,-1.867634,guided_exp
10:17:19.145,1,-3.971322,1.509058,-1.529534,guided_exp
10:17:19.244,2,-2.636211,1.432783,-1.866959,guided_exp
10:17:19.245,1,-3.966014,1.513096,-1.527157,guided_exp
10:17:19.344,2,-2.635263,1.432545,-1.865663,guided_exp
10:17:19.344,1,-3.957118,1.520206,-1.524719,guided_exp
10:17:19.427,2,-2.634494,1.432748,-1.864252,guided_exp
10:17:19.427,1,-3.951948,1.5241,-1.52366,guided_exp
10:17:19.528,2,-2.634189,1.432486,-1.863333,guided_exp
10:17:19.528,1,-3.951333,1.499422,-1.523423,guided_exp
10:17:19.627,2,-2.634003,1.432042,-1.863017,guided_exp
10:17:19.628,1,-3.947576,1.506825,-1.523583,guided_exp
10:17:19.727,2,-2.63385,1.431065,-1.862875,guided_exp
10:17:19.727,1,-3.940945,1.507878,-1.524401,guided_exp
10:17:19.810,2,-2.634178,1.431091,-1.862904,guided_exp
10:17:19.811,1,-3.940417,1.510246,-1.524819,guided_exp
10:17:19.894,2,-2.635876,1.431105,-1.864723,guided_exp
10:17:19.894,1,-3.939739,1.509679,-1.526074,guided_exp
10:17:19.994,2,-2.636925,1.430195,-1.865491,guided_exp
10:17:19.995,1,-3.936406,1.507953,-1.52761,guided_exp
10:17:20.094,2,-2.63794,1.430454,-1.866674,guided_exp
10:17:20.095,1,-3.933606,1.514873,-1.529616,guided_exp
10:17:20.177,2,-2.638435,1.430345,-1.865619,guided_exp
10:17:20.177,1,-3.930065,1.516752,-1.532015,guided_exp
10:17:20.261,2,-2.638393,1.43051,-1.865588,guided_exp
10:17:20.261,1,-3.928747,1.51895,-1.534931,guided_exp
10:17:20.361,2,-2.638489,1.430459,-1.865657,guided_exp
10:17:20.361,1,-3.925981,1.520215,-1.532773,guided_exp
10:17:20.461,2,-2.636841,1.430017,-1.865446,guided_exp
10:17:20.461,1,-3.920865,1.522567,-1.533594,guided_exp
10:17:20.560,2,-2.637151,1.430037,-1.865442,guided_exp
10:17:20.560,1,-3.918215,1.520875,-1.529628,guided_exp
10:17:20.643,2,-2.637265,1.430186,-1.865463,guided_exp
10:17:20.644,1,-3.918979,1.516039,-1.531858,guided_exp
10:17:20.727,2,-2.637262,1.430213,-1.865581,guided_exp
10:17:20.727,1,-3.917201,1.516789,-1.530285,guided_exp
10:17:20.811,2,-2.63702,1.430908,-1.865774,guided_exp
10:17:20.811,1,-3.915706,1.511416,-1.531706,guided_exp
10:17:20.911,2,-2.63695,1.430249,-1.865653,guided_exp
10:17:20.911,1,-3.915722,1.514713,-1.531244,guided_exp
10:17:21.010,2,-2.63541,1.429774,-1.8653,guided_exp
10:17:21.010,1,-3.911348,1.503876,-1.5305,guided_exp
10:17:21.111,2,-2.635031,1.430383,-1.865198,guided_exp
10:17:21.111,1,-3.911899,1.510095,-1.531817,guided_exp
10:17:21.212,2,-2.635464,1.430492,-1.86621,guided_exp
10:17:21.213,1,-3.912315,1.514367,-1.531284,guided_exp
10:17:21.311,2,-2.635435,1.430586,-1.866413,guided_exp
10:17:21.311,1,-3.912621,1.51946,-1.531817,guided_exp
10:17:21.411,2,-2.635145,1.431497,-1.866808,guided_exp
10:17:21.411,1,-3.913077,1.516954,-1.533123,guided_exp
10:17:21.512,2,-2.636186,1.431336,-1.870818,guided_exp
10:17:21.513,1,-3.911789,1.512543,-1.533888,guided_exp
10:17:21.594,2,-2.63706,1.430936,-1.873569,guided_exp
10:17:21.594,1,-3.913983,1.50497,-1.533353,guided_exp
10:17:21.677,2,-2.636865,1.43033,-1.876143,guided_exp
10:17:21.677,1,-3.910628,1.503313,-1.533378,guided_exp
10:17:21.779,2,-2.636994,1.429981,-1.875894,guided_exp
10:17:21.779,1,-3.911709,1.50583,-1.530593,guided_exp
10:17:21.860,2,-2.637607,1.430705,-1.875736,guided_exp
10:17:21.860,1,-3.913187,1.508217,-1.530472,guided_exp
10:17:21.944,2,-2.638169,1.430686,-1.876945,guided_exp
10:17:21.944,1,-3.915231,1.501736,-1.533877,guided_exp
10:17:22.044,2,-2.63813,1.430913,-1.876874,guided_exp
10:17:22.045,1,-3.915643,1.500593,-1.535263,guided_exp
10:17:22.144,2,-2.638202,1.429995,-1.877014,guided_exp
10:17:22.145,1,-3.914658,1.503391,-1.535532,guided_exp
10:17:22.244,2,-2.63844,1.430387,-1.877708,guided_exp
10:17:22.245,1,-3.915089,1.502836,-1.53635,guided_exp
10:17:22.327,2,-2.638195,1.430695,-1.878049,guided_exp
10:17:22.327,1,-3.914536,1.503842,-1.535683,guided_exp
10:17:22.478,2,-2.637025,1.430087,-1.882831,guided_exp
10:17:22.479,1,-3.913591,1.508554,-1.536043,guided_exp
10:17:22.578,2,-2.636938,1.430602,-1.881513,guided_exp
10:17:22.578,1,-3.915147,1.49983,-1.538517,guided_exp
10:17:22.660,2,-2.636809,1.430148,-1.881193,guided_exp
10:17:22.660,1,-3.915601,1.499218,-1.538499,guided_exp
10:17:22.744,2,-2.636824,1.429815,-1.880508,guided_exp
10:17:22.745,1,-3.916219,1.497162,-1.540099,guided_exp
10:17:22.844,2,-2.636356,1.429858,-1.880277,guided_exp
10:17:22.845,1,-3.916101,1.498376,-1.540623,guided_exp
10:17:22.927,2,-2.636138,1.429735,-1.879973,guided_exp
10:17:22.927,1,-3.913659,1.493169,-1.540198,guided_exp
10:17:23.010,2,-2.636143,1.430296,-1.879927,guided_exp
10:17:23.010,1,-3.913924,1.496177,-1.540488,guided_exp
10:17:23.094,2,-2.635887,1.430097,-1.880609,guided_exp
10:17:23.094,1,-3.910728,1.494068,-1.539433,guided_exp
10:17:23.194,2,-2.637531,1.430323,-1.88098,guided_exp
10:17:23.194,1,-3.906314,1.494056,-1.541804,guided_exp
10:17:23.294,2,-2.637967,1.430024,-1.880783,guided_exp
10:17:23.295,1,-3.902359,1.499093,-1.539924,guided_exp
10:17:23.394,2,-2.638709,1.429579,-1.879924,guided_exp
10:17:23.395,1,-3.901118,1.494135,-1.539904,guided_exp
10:17:23.477,2,-2.639134,1.430193,-1.879673,guided_exp
10:17:23.477,1,-3.895195,1.493987,-1.542059,guided_exp
10:17:23.560,2,-2.640078,1.430603,-1.88043,guided_exp
10:17:23.561,1,-3.894605,1.494976,-1.541652,guided_exp
10:17:23.643,2,-2.641478,1.431251,-1.881562,guided_exp
10:17:23.644,1,-3.891716,1.494868,-1.542677,guided_exp
10:17:23.794,2,-2.649377,1.430874,-1.885616,guided_exp
10:17:23.794,1,-3.885591,1.496811,-1.544596,guided_exp
10:17:23.894,2,-2.651592,1.430863,-1.888691,guided_exp
10:17:23.896,1,-3.882249,1.497213,-1.545308,guided_exp
10:17:23.994,2,-2.656009,1.430294,-1.898232,guided_exp
10:17:23.995,1,-3.879625,1.49619,-1.544692,guided_exp
10:17:24.094,2,-2.659315,1.430489,-1.902702,guided_exp
10:17:24.094,1,-3.876542,1.496109,-1.546081,guided_exp
10:17:24.196,2,-2.659874,1.430774,-1.904053,guided_exp
10:17:24.196,1,-3.876046,1.496957,-1.544589,guided_exp
10:17:24.296,2,-2.660607,1.430419,-1.905149,guided_exp
10:17:24.296,1,-3.876264,1.49612,-1.544471,guided_exp
10:17:24.377,2,-2.661975,1.429684,-1.906237,guided_exp
10:17:24.377,1,-3.876516,1.495788,-1.544775,guided_exp
10:17:24.527,2,-2.662542,1.429588,-1.907106,guided_exp
10:17:24.528,1,-3.876587,1.496032,-1.546638,guided_exp
10:17:24.629,2,-2.663101,1.429808,-1.910439,guided_exp
10:17:24.630,1,-3.876936,1.495292,-1.548986,guided_exp
10:17:24.727,2,-2.661486,1.4298,-1.917074,guided_exp
10:17:24.728,1,-3.87515,1.493747,-1.548184,guided_exp
10:17:24.828,2,-2.652222,1.429056,-1.915265,guided_exp
10:17:24.829,1,-3.873137,1.491158,-1.546959,guided_exp
10:17:24.927,2,-2.635025,1.428013,-1.914533,guided_exp
10:17:24.927,1,-3.872545,1.495282,-1.546667,guided_exp
10:17:25.010,2,-2.595298,1.427966,-1.907827,guided_exp
10:17:25.010,1,-3.872636,1.493661,-1.547646,guided_exp
10:17:25.094,2,-2.54374,1.427873,-1.902452,guided_exp
10:17:25.095,1,-3.872823,1.498424,-1.546653,guided_exp
10:17:25.177,2,-2.49727,1.428282,-1.89218,guided_exp
10:17:25.177,1,-3.872564,1.503791,-1.545798,guided_exp
10:17:25.310,2,-2.395961,1.428502,-1.880381,guided_exp
10:17:25.310,1,-3.872439,1.512163,-1.548229,guided_exp
10:17:25.394,2,-2.324687,1.428408,-1.872282,guided_exp
10:17:25.395,1,-3.873435,1.51679,-1.546549,guided_exp
10:17:25.494,2,-2.248293,1.428014,-1.868401,guided_exp
10:17:25.495,1,-3.873017,1.502553,-1.544388,guided_exp
10:17:25.596,2,-2.175032,1.427569,-1.875418,guided_exp
10:17:25.596,1,-3.87183,1.498063,-1.543781,guided_exp
10:17:25.677,2,-2.105449,1.427407,-1.891455,guided_exp
10:17:25.677,1,-3.872279,1.491767,-1.542652,guided_exp
10:17:25.760,2,-2.054492,1.426589,-1.903975,guided_exp
10:17:25.760,1,-3.87278,1.486401,-1.541994,guided_exp
10:17:25.861,2,-2.007017,1.425809,-1.920972,guided_exp
10:17:25.861,1,-3.872681,1.483622,-1.542119,guided_exp
10:17:25.961,2,-1.910041,1.425942,-1.952392,guided_exp
10:17:25.961,1,-3.872024,1.48274,-1.541507,guided_exp
10:17:26.060,2,-1.837137,1.426542,-1.970504,guided_exp
10:17:26.060,1,-3.87298,1.478345,-1.538953,guided_exp
10:17:26.161,2,-1.761954,1.427022,-1.987839,guided_exp
10:17:26.161,1,-3.871911,1.481733,-1.53903,guided_exp
10:17:26.261,2,-1.714118,1.42763,-1.994642,guided_exp
10:17:26.263,1,-3.871118,1.483151,-1.539357,guided_exp
10:17:26.344,2,-1.650744,1.427787,-2.011657,guided_exp
10:17:26.344,1,-3.869988,1.497122,-1.539653,guided_exp
10:17:26.428,2,-1.619947,1.428747,-2.017103,guided_exp
10:17:26.428,1,-3.866746,1.501027,-1.543002,guided_exp
10:17:26.528,2,-1.569443,1.429199,-2.014631,guided_exp
10:17:26.528,1,-3.864631,1.498677,-1.5421,guided_exp
10:17:26.627,2,-1.497978,1.429229,-1.993374,guided_exp
10:17:26.628,1,-3.858188,1.502958,-1.541971,guided_exp
10:17:26.710,2,-1.452055,1.428787,-1.96636,guided_exp
10:17:26.710,1,-3.853333,1.512696,-1.545086,guided_exp
10:17:26.811,2,-1.387807,1.428984,-1.933652,guided_exp
10:17:26.811,1,-3.84742,1.525843,-1.54818,guided_exp
10:17:26.911,2,-1.331077,1.428242,-1.915544,guided_exp
10:17:26.911,1,-3.841667,1.529142,-1.549721,guided_exp
10:17:27.010,2,-1.234437,1.427723,-1.838151,guided_exp
10:17:27.010,1,-3.826883,1.535526,-1.554176,guided_exp
10:17:27.111,2,-1.154222,1.427734,-1.750927,guided_exp
10:17:27.113,1,-3.818802,1.540661,-1.557125,guided_exp
10:17:27.211,2,-1.106386,1.427306,-1.749248,guided_exp
10:17:27.211,1,-3.809255,1.544322,-1.562138,guided_exp
10:17:27.294,2,-1.056417,1.42696,-1.723547,guided_exp
10:17:27.294,1,-3.800154,1.539223,-1.567072,guided_exp
10:17:27.379,2,-0.990654,1.426638,-1.666713,guided_exp
10:17:27.380,1,-3.794611,1.534142,-1.570317,guided_exp
10:17:27.460,2,-0.968003,1.427825,-1.652415,guided_exp
10:17:27.460,1,-3.783772,1.530607,-1.573368,guided_exp
10:17:27.544,2,-0.958557,1.427414,-1.64535,guided_exp
10:17:27.545,1,-3.780129,1.525223,-1.574686,guided_exp
10:17:27.644,2,-0.937261,1.426696,-1.631502,guided_exp
10:17:27.644,1,-3.763759,1.52391,-1.58425,guided_exp
10:17:27.744,2,-0.927735,1.426775,-1.624885,guided_exp
10:17:27.745,1,-3.754215,1.524503,-1.591286,guided_exp
10:17:27.827,2,-0.927541,1.426357,-1.622365,guided_exp
10:17:27.827,1,-3.735032,1.525588,-1.601511,guided_exp
10:17:27.910,2,-0.92889,1.426225,-1.620963,guided_exp
10:17:27.911,1,-3.724926,1.528374,-1.601443,guided_exp
10:17:28.011,2,-0.926385,1.426428,-1.618317,guided_exp
10:17:28.011,1,-3.70839,1.52842,-1.604872,guided_exp
10:17:28.111,2,-0.922595,1.426563,-1.612991,guided_exp
10:17:28.112,1,-3.694457,1.533396,-1.606829,guided_exp
10:17:28.210,2,-0.918781,1.425468,-1.609833,guided_exp
10:17:28.210,1,-3.676779,1.53227,-1.606924,guided_exp
10:17:28.294,2,-0.907188,1.425852,-1.598062,guided_exp
10:17:28.294,1,-3.65012,1.530973,-1.598581,guided_exp
10:17:28.445,2,-0.909943,1.426099,-1.598718,guided_exp
10:17:28.445,1,-3.605237,1.533165,-1.578602,guided_exp
10:17:28.545,2,-0.908101,1.426329,-1.596373,guided_exp
10:17:28.545,1,-3.560843,1.531744,-1.55082,guided_exp
10:17:28.644,2,-0.904777,1.425917,-1.591887,guided_exp
10:17:28.646,1,-3.505805,1.533927,-1.5285,guided_exp
10:17:28.744,2,-0.90905,1.425931,-1.592919,guided_exp
10:17:28.745,1,-3.449502,1.532542,-1.485204,guided_exp
10:17:28.844,2,-0.91228,1.42624,-1.593068,guided_exp
10:17:28.844,1,-3.400553,1.531294,-1.470119,guided_exp
10:17:28.944,2,-0.911179,1.425726,-1.59205,guided_exp
10:17:28.945,1,-3.359755,1.532513,-1.462553,guided_exp
10:17:29.044,2,-0.901307,1.426413,-1.587727,guided_exp
10:17:29.045,1,-3.314453,1.53318,-1.444563,guided_exp
10:17:29.144,2,-0.899544,1.426062,-1.585127,guided_exp
10:17:29.144,1,-3.26509,1.533788,-1.448337,guided_exp
10:17:29.246,2,-0.899852,1.426343,-1.585797,guided_exp
10:17:29.246,1,-3.223077,1.534344,-1.452679,guided_exp
10:17:29.346,2,-0.900653,1.426275,-1.587654,guided_exp
10:17:29.346,1,-3.179372,1.53323,-1.46231,guided_exp
10:17:29.427,2,-0.898584,1.426301,-1.589857,guided_exp
10:17:29.427,1,-3.113029,1.528495,-1.483451,guided_exp
10:17:29.511,2,-0.898866,1.426913,-1.591174,guided_exp
10:17:29.511,1,-3.063662,1.530193,-1.505182,guided_exp
10:17:29.611,2,-0.89966,1.428362,-1.594243,guided_exp
10:17:29.612,1,-2.99239,1.52647,-1.5538,guided_exp
10:17:29.710,2,-0.900458,1.427955,-1.596584,guided_exp
10:17:29.711,1,-2.922712,1.52771,-1.578899,guided_exp
10:17:29.794,2,-0.898871,1.428096,-1.600969,guided_exp
10:17:29.794,1,-2.848017,1.529185,-1.589098,guided_exp
10:17:29.961,2,-0.894063,1.428423,-1.603015,guided_exp
10:17:29.961,1,-2.84421,1.530623,-1.605803,guided_exp
10:17:30.044,2,-0.893015,1.428829,-1.604325,guided_exp
10:17:30.044,1,-2.823646,1.531516,-1.618559,guided_exp
10:17:30.144,2,-0.887805,1.428689,-1.609625,guided_exp
10:17:30.145,1,-2.75747,1.527339,-1.630325,guided_exp
10:17:30.246,2,-0.885174,1.428642,-1.614044,guided_exp
10:17:30.246,1,-2.707368,1.528036,-1.615255,guided_exp
10:17:30.344,2,-0.883111,1.428148,-1.616478,guided_exp
10:17:30.345,1,-2.66605,1.528542,-1.604253,guided_exp
10:17:30.427,2,-0.881227,1.428181,-1.61895,guided_exp
10:17:30.427,1,-2.574527,1.52583,-1.607554,guided_exp
10:17:30.510,2,-0.879257,1.427827,-1.619188,guided_exp
10:17:30.510,1,-2.521229,1.527579,-1.589061,guided_exp
10:17:30.594,2,-0.883893,1.4275,-1.618795,guided_exp
10:17:30.594,1,-2.49379,1.525449,-1.580192,guided_exp
10:17:30.694,2,-0.884586,1.427763,-1.618817,guided_exp
10:17:30.694,1,-2.444373,1.525143,-1.558224,guided_exp
10:17:30.795,2,-0.885428,1.427752,-1.618773,guided_exp
10:17:30.795,1,-2.395212,1.524724,-1.53646,guided_exp
10:17:30.877,2,-0.887195,1.427473,-1.616411,guided_exp
10:17:30.877,1,-2.404858,1.523517,-1.516158,guided_exp
10:17:31.011,2,-0.883999,1.42757,-1.618926,guided_exp
10:17:31.012,1,-2.361941,1.521246,-1.509741,guided_exp
10:17:31.094,2,-0.885035,1.428568,-1.619095,guided_exp
10:17:31.094,1,-2.326919,1.523024,-1.522889,guided_exp
10:17:31.244,2,-0.885327,1.429134,-1.620784,guided_exp
10:17:31.244,1,-2.279532,1.522063,-1.541068,guided_exp
10:17:31.327,2,-0.885681,1.429015,-1.621057,guided_exp
10:17:31.327,1,-2.237127,1.52557,-1.5746,guided_exp
10:17:31.410,2,-0.884724,1.429348,-1.622907,guided_exp
10:17:31.410,1,-2.224948,1.524594,-1.585768,guided_exp
10:17:31.494,2,-0.884347,1.429125,-1.624669,guided_exp
10:17:31.494,1,-2.145368,1.524,-1.666685,guided_exp
10:17:31.577,2,-0.884697,1.42867,-1.624428,guided_exp
10:17:31.577,1,-2.115797,1.525373,-1.689383,guided_exp
10:17:31.660,2,-0.886252,1.426471,-1.625414,guided_exp
10:17:31.660,1,-2.107018,1.525211,-1.709457,guided_exp
10:17:31.744,2,-0.885685,1.426148,-1.624976,guided_exp
10:17:31.745,1,-2.097622,1.5246,-1.73053,guided_exp
10:17:31.844,2,-0.883141,1.426064,-1.624186,guided_exp
10:17:31.845,1,-2.098241,1.52589,-1.765389,guided_exp
10:17:31.944,2,-0.884225,1.425366,-1.624911,guided_exp
10:17:31.945,1,-2.096378,1.525217,-1.768495,guided_exp
10:17:32.046,2,-0.884978,1.424916,-1.625643,guided_exp
10:17:32.046,1,-2.087668,1.528224,-1.776791,guided_exp
10:17:32.127,2,-0.884319,1.424948,-1.625951,guided_exp
10:17:32.127,1,-2.086673,1.527799,-1.77846,guided_exp
10:17:32.211,2,-0.884137,1.425991,-1.626188,guided_exp
10:17:32.211,1,-2.086475,1.528567,-1.780679,guided_exp
10:17:32.294,2,-0.883743,1.426314,-1.626097,guided_exp
10:17:32.294,1,-2.085845,1.530429,-1.783021,guided_exp
10:17:32.379,2,-0.883742,1.42667,-1.626221,guided_exp
10:17:32.380,1,-2.086102,1.529955,-1.785014,guided_exp
10:17:32.460,2,-0.882726,1.426752,-1.625438,guided_exp
10:17:32.461,1,-2.085764,1.530742,-1.787404,guided_exp
10:17:32.544,2,-0.882495,1.426995,-1.624996,guided_exp
10:17:32.545,1,-2.086091,1.528354,-1.787818,guided_exp
10:17:32.644,2,-0.882838,1.427216,-1.625015,guided_exp
10:17:32.645,1,-2.087997,1.529953,-1.7908,guided_exp
10:17:32.745,2,-0.881409,1.427194,-1.625108,guided_exp
10:17:32.746,1,-2.093208,1.530115,-1.795731,guided_exp
10:17:32.827,2,-0.880915,1.427403,-1.625542,guided_exp
10:17:32.827,1,-2.094035,1.528745,-1.796985,guided_exp
10:17:32.927,2,-0.880177,1.427003,-1.625197,guided_exp
10:17:32.928,1,-2.094847,1.528586,-1.796452,guided_exp
10:17:33.010,2,-0.879976,1.427099,-1.625572,guided_exp
10:17:33.010,1,-2.093115,1.529839,-1.802198,guided_exp
10:17:33.094,2,-0.880758,1.426545,-1.625279,guided_exp
10:17:33.094,1,-2.090893,1.52963,-1.803121,guided_exp
10:17:33.177,2,-0.879439,1.42681,-1.624948,guided_exp
10:17:33.177,1,-2.075867,1.531227,-1.800312,guided_exp
10:17:33.260,2,-0.871273,1.426917,-1.624664,guided_exp
10:17:33.260,1,-2.072531,1.531007,-1.799262,guided_exp
10:17:33.344,2,-0.871838,1.426482,-1.624228,guided_exp
10:17:33.344,1,-2.069345,1.530984,-1.799958,guided_exp
10:17:33.444,2,-0.872516,1.426577,-1.623734,guided_exp
10:17:33.445,1,-2.068164,1.529199,-1.80036,guided_exp
10:17:33.546,2,-0.873995,1.426371,-1.622791,guided_exp
10:17:33.546,1,-2.068169,1.529723,-1.799331,guided_exp
10:17:33.627,2,-0.874844,1.426227,-1.622286,guided_exp
10:17:33.627,1,-2.069577,1.529419,-1.800652,guided_exp
10:17:33.760,2,-0.877132,1.426297,-1.622039,guided_exp
10:17:33.761,1,-2.073044,1.532837,-1.79964,guided_exp
10:17:33.844,2,-0.878054,1.42621,-1.622099,guided_exp
10:17:33.844,1,-2.074878,1.526628,-1.799551,guided_exp
10:17:33.928,2,-0.877639,1.426431,-1.622111,guided_exp
10:17:33.928,1,-2.074689,1.52613,-1.800451,guided_exp
10:17:34.010,2,-0.878098,1.426362,-1.622739,guided_exp
10:17:34.010,1,-2.075799,1.526975,-1.800562,guided_exp
10:17:34.160,2,-0.87802,1.426487,-1.623275,guided_exp
10:17:34.160,1,-2.076013,1.528125,-1.800622,guided_exp
10:17:34.244,2,-0.878164,1.426804,-1.623698,guided_exp
10:17:34.244,1,-2.075243,1.528527,-1.800475,guided_exp
10:17:34.345,2,-0.879329,1.427095,-1.624628,guided_exp
10:17:34.345,1,-2.074383,1.527094,-1.800596,guided_exp
10:17:34.445,2,-0.881702,1.426502,-1.6266,guided_exp
10:17:34.445,1,-2.077892,1.529351,-1.800458,guided_exp
10:17:34.527,2,-0.884993,1.426577,-1.631287,guided_exp
10:17:34.527,1,-2.082237,1.528184,-1.799547,guided_exp
10:17:34.610,2,-0.886438,1.426618,-1.637937,guided_exp
10:17:34.611,1,-2.083197,1.526728,-1.799384,guided_exp
10:17:34.694,2,-0.897502,1.425091,-1.64197,guided_exp
10:17:34.695,1,-2.083505,1.526508,-1.798616,guided_exp
10:17:34.777,2,-0.926077,1.42573,-1.665805,guided_exp
10:17:34.777,1,-2.092394,1.525066,-1.801284,guided_exp
10:17:34.861,2,-0.942818,1.425823,-1.680858,guided_exp
10:17:34.861,1,-2.104052,1.52694,-1.810263,guided_exp
10:17:34.944,2,-0.965288,1.426589,-1.707088,guided_exp
10:17:34.944,1,-2.095037,1.530443,-1.805299,guided_exp
10:17:35.111,2,-1.076748,1.427278,-1.78245,guided_exp
10:17:35.112,1,-2.099313,1.530797,-1.804335,guided_exp
10:17:35.211,2,-1.131417,1.42736,-1.828395,guided_exp
10:17:35.212,1,-2.112901,1.524318,-1.808163,guided_exp
10:17:35.294,2,-1.194403,1.427433,-1.876786,guided_exp
10:17:35.294,1,-2.111651,1.52273,-1.806167,guided_exp
10:17:35.395,2,-1.224021,1.427673,-1.904552,guided_exp
10:17:35.395,1,-2.112091,1.524161,-1.80477,guided_exp
10:17:35.494,2,-1.266567,1.427979,-1.939477,guided_exp
10:17:35.494,1,-2.136959,1.524498,-1.838659,guided_exp
10:17:35.596,2,-1.299237,1.428631,-1.970982,guided_exp
10:17:35.596,1,-2.133043,1.525265,-1.821809,guided_exp
10:17:35.677,2,-1.319183,1.42865,-1.987736,guided_exp
10:17:35.677,1,-2.143416,1.528668,-1.82283,guided_exp
10:17:35.811,2,-1.342709,1.429033,-2.009962,guided_exp
10:17:35.811,1,-2.133122,1.525893,-1.803461,guided_exp
10:17:35.911,2,-1.351267,1.429335,-2.020579,guided_exp
10:17:35.912,1,-2.13282,1.525619,-1.802849,guided_exp
10:17:35.994,2,-1.366794,1.428948,-2.028499,guided_exp
10:17:35.994,1,-2.133218,1.523389,-1.800244,guided_exp
10:17:36.094,2,-1.376252,1.429157,-2.03217,guided_exp
10:17:36.094,1,-2.133549,1.523658,-1.797897,guided_exp
10:17:36.177,2,-1.378957,1.429412,-2.033472,guided_exp
10:17:36.177,1,-2.13508,1.523068,-1.798825,guided_exp
10:17:36.261,2,-1.378465,1.430276,-2.034024,guided_exp
10:17:36.261,1,-2.136084,1.522186,-1.797532,guided_exp
10:17:36.344,2,-1.379272,1.430331,-2.035345,guided_exp
10:17:36.344,1,-2.137134,1.524938,-1.797853,guided_exp
10:17:36.427,2,-1.379563,1.431527,-2.036061,guided_exp
10:17:36.427,1,-2.138417,1.522443,-1.799271,guided_exp
10:17:36.528,2,-1.379643,1.431892,-2.036319,guided_exp
10:17:36.528,1,-2.139842,1.524503,-1.801266,guided_exp
10:17:36.628,2,-1.378882,1.432012,-2.037677,guided_exp
10:17:36.628,1,-2.138386,1.524618,-1.80205,guided_exp
10:17:36.727,2,-1.378065,1.432302,-2.037131,guided_exp
10:17:36.727,1,-2.139651,1.526022,-1.804212,guided_exp
10:17:36.810,2,-1.377924,1.432686,-2.037063,guided_exp
10:17:36.810,1,-2.139655,1.524167,-1.805484,guided_exp
10:17:36.895,2,-1.377329,1.432802,-2.037152,guided_exp
10:17:36.895,1,-2.139553,1.52128,-1.807248,guided_exp
10:17:36.994,2,-1.375949,1.434425,-2.038425,guided_exp
10:17:36.995,1,-2.13869,1.521079,-1.807263,guided_exp
10:17:37.094,2,-1.372405,1.435849,-2.039123,guided_exp
10:17:37.095,1,-2.137105,1.520362,-1.808027,guided_exp
10:17:37.194,2,-1.36818,1.437874,-2.036584,guided_exp
10:17:37.194,1,-2.135503,1.521911,-1.80917,guided_exp
10:17:37.294,2,-1.369047,1.440445,-2.03712,guided_exp
10:17:37.294,1,-2.134699,1.522247,-1.811732,guided_exp
10:17:37.396,2,-1.369785,1.441,-2.036354,guided_exp
10:17:37.396,1,-2.135642,1.520519,-1.810919,guided_exp
10:17:37.495,2,-1.370275,1.441586,-2.037984,guided_exp
10:17:37.495,1,-2.134676,1.52047,-1.811444,guided_exp
10:17:37.594,2,-1.370482,1.441425,-2.038779,guided_exp
10:17:37.594,1,-2.133121,1.520571,-1.813147,guided_exp
10:17:37.694,2,-1.369878,1.440971,-2.039049,guided_exp
10:17:37.695,1,-2.131324,1.518231,-1.813302,guided_exp
10:17:37.795,2,-1.368579,1.440591,-2.03951,guided_exp
10:17:37.795,1,-2.131588,1.515984,-1.812932,guided_exp
10:17:37.894,2,-1.36652,1.437346,-2.037775,guided_exp
10:17:37.894,1,-2.131217,1.516739,-1.811955,guided_exp
10:17:37.977,2,-1.365432,1.435947,-2.038321,guided_exp
10:17:37.977,1,-2.130051,1.519012,-1.810914,guided_exp
10:17:38.078,2,-1.365438,1.435028,-2.042199,guided_exp
10:17:38.078,1,-2.128651,1.519167,-1.811001,guided_exp
10:17:38.160,2,-1.364707,1.43444,-2.046996,guided_exp
10:17:38.161,1,-2.126788,1.517271,-1.810871,guided_exp
10:17:38.244,2,-1.365633,1.43174,-2.051343,guided_exp
10:17:38.245,1,-2.126267,1.517658,-1.810632,guided_exp
10:17:38.346,2,-1.366232,1.428989,-2.055399,guided_exp
10:17:38.346,1,-2.124104,1.517954,-1.81171,guided_exp
10:17:38.445,2,-1.361732,1.409809,-2.063392,guided_exp
10:17:38.445,1,-2.123031,1.513524,-1.811932,guided_exp
10:17:38.546,2,-1.346417,1.398746,-2.072517,guided_exp
10:17:38.546,1,-2.120995,1.515498,-1.811973,guided_exp
10:17:38.646,2,-1.327554,1.40347,-2.08012,guided_exp
10:17:38.646,1,-2.119694,1.516268,-1.812271,guided_exp
10:17:38.744,2,-1.298909,1.406975,-2.090645,guided_exp
10:17:38.745,1,-2.114701,1.517684,-1.812783,guided_exp
10:17:38.845,2,-1.253729,1.4064,-2.108724,guided_exp
10:17:38.845,1,-2.114616,1.516487,-1.812327,guided_exp
10:17:38.945,2,-1.220699,1.412849,-2.124265,guided_exp
10:17:38.945,1,-2.114068,1.516417,-1.810999,guided_exp
10:17:39.044,2,-1.186074,1.412475,-2.134756,guided_exp
10:17:39.044,1,-2.112922,1.513447,-1.810056,guided_exp
10:17:39.145,2,-1.141676,1.411896,-2.154095,guided_exp
10:17:39.145,1,-2.113741,1.516335,-1.809615,guided_exp
10:17:39.227,2,-1.102252,1.406443,-2.174663,guided_exp
10:17:39.228,1,-2.112801,1.519096,-1.809046,guided_exp
10:17:39.310,2,-1.084518,1.397483,-2.183988,guided_exp
10:17:39.311,1,-2.111302,1.518176,-1.809215,guided_exp
10:17:39.411,2,-1.06869,1.405959,-2.193722,guided_exp
10:17:39.412,1,-2.109951,1.516283,-1.80898,guided_exp
10:17:39.510,2,-1.050088,1.411846,-2.203761,guided_exp
10:17:39.511,1,-2.10713,1.516223,-1.809193,guided_exp
10:17:39.594,2,-1.044154,1.413901,-2.207651,guided_exp
10:17:39.594,1,-2.103013,1.512511,-1.808192,guided_exp
10:17:39.677,2,-1.035371,1.416692,-2.213617,guided_exp
10:17:39.677,1,-2.099815,1.513449,-1.808839,guided_exp
10:17:39.760,2,-1.034651,1.418487,-2.21966,guided_exp
10:17:39.761,1,-2.097842,1.512776,-1.809479,guided_exp
10:17:39.930,2,-1.039969,1.407874,-2.227748,guided_exp
10:17:39.930,1,-2.09566,1.510328,-1.809306,guided_exp
10:17:40.028,2,-1.049747,1.40547,-2.232539,guided_exp
10:17:40.028,1,-2.095618,1.508702,-1.808091,guided_exp
10:17:40.111,2,-1.06255,1.381482,-2.240694,guided_exp
10:17:40.111,1,-2.10149,1.505864,-1.808551,guided_exp
10:17:40.194,2,-1.071636,1.385736,-2.241112,guided_exp
10:17:40.195,1,-2.10637,1.509969,-1.808541,guided_exp
10:17:40.277,2,-1.10265,1.412338,-2.243224,guided_exp
10:17:40.277,1,-2.111629,1.511753,-1.809662,guided_exp
10:17:40.427,2,-1.180658,1.405267,-2.250696,guided_exp
10:17:40.427,1,-2.119053,1.513948,-1.818825,guided_exp
10:17:40.510,2,-1.210566,1.405729,-2.258012,guided_exp
10:17:40.511,1,-2.136373,1.516455,-1.827326,guided_exp
10:17:40.611,2,-1.26627,1.404419,-2.267072,guided_exp
10:17:40.611,1,-2.153177,1.520302,-1.829496,guided_exp
10:17:40.694,2,-1.327869,1.39578,-2.282127,guided_exp
10:17:40.694,1,-2.197779,1.518086,-1.831225,guided_exp
10:17:40.828,2,-1.384981,1.395018,-2.293375,guided_exp
10:17:40.828,1,-2.254746,1.515811,-1.831292,guided_exp
10:17:40.910,2,-1.408708,1.387104,-2.298064,guided_exp
10:17:40.911,1,-2.295319,1.511718,-1.838489,guided_exp
10:17:40.994,2,-1.450193,1.394337,-2.308462,guided_exp
10:17:40.994,1,-2.371982,1.513189,-1.841404,guided_exp
10:17:41.077,2,-1.467562,1.391137,-2.313886,guided_exp
10:17:41.077,1,-2.425244,1.524493,-1.840668,guided_exp
10:17:41.161,2,-1.492083,1.390721,-2.317171,guided_exp
10:17:41.162,1,-2.504152,1.524636,-1.846388,guided_exp
10:17:41.244,2,-1.511483,1.391499,-2.316256,guided_exp
10:17:41.244,1,-2.540689,1.521163,-1.852772,guided_exp
10:17:41.328,2,-1.528447,1.394525,-2.317507,guided_exp
10:17:41.328,1,-2.575803,1.518738,-1.857173,guided_exp
10:17:41.428,2,-1.554662,1.393939,-2.314395,guided_exp
10:17:41.428,1,-2.623273,1.516107,-1.867251,guided_exp
10:17:41.528,2,-1.587091,1.39374,-2.309521,guided_exp
10:17:41.528,1,-2.66716,1.507738,-1.887555,guided_exp
10:17:41.628,2,-1.616904,1.393634,-2.301162,guided_exp
10:17:41.628,1,-2.727931,1.507807,-1.918708,guided_exp
10:17:41.711,2,-1.648273,1.393671,-2.289327,guided_exp
10:17:41.711,1,-2.746424,1.501436,-1.9337,guided_exp
10:17:41.811,2,-1.687907,1.392807,-2.27072,guided_exp
10:17:41.812,1,-2.789444,1.503588,-1.962066,guided_exp
10:17:41.894,2,-1.743862,1.392709,-2.246832,guided_exp
10:17:41.894,1,-2.817531,1.494642,-1.998735,guided_exp
10:17:41.978,2,-1.767223,1.388311,-2.236692,guided_exp
10:17:41.978,1,-2.834637,1.491897,-2.023615,guided_exp
10:17:42.078,2,-1.819599,1.388596,-2.211968,guided_exp
10:17:42.078,1,-2.85531,1.485376,-2.050506,guided_exp
10:17:42.177,2,-1.850542,1.389543,-2.196803,guided_exp
10:17:42.177,1,-2.870934,1.482928,-2.071363,guided_exp
10:17:42.278,2,-1.895826,1.390035,-2.17801,guided_exp
10:17:42.278,1,-2.887306,1.499117,-2.086332,guided_exp
10:17:42.379,2,-1.933757,1.391331,-2.164202,guided_exp
10:17:42.380,1,-2.9114,1.495838,-2.096797,guided_exp
10:17:42.460,2,-1.972329,1.389184,-2.155335,guided_exp
10:17:42.461,1,-2.949903,1.499571,-2.10532,guided_exp
10:17:42.610,2,-2.025749,1.388394,-2.148982,guided_exp
10:17:42.611,1,-3.013993,1.498385,-2.102202,guided_exp
10:17:42.694,2,-2.071958,1.388119,-2.146351,guided_exp
10:17:42.694,1,-3.061016,1.498687,-2.095858,guided_exp
10:17:42.777,2,-2.109869,1.38897,-2.146504,guided_exp
10:17:42.777,1,-3.089007,1.497244,-2.090348,guided_exp
10:17:42.878,2,-2.163198,1.387993,-2.15183,guided_exp
10:17:42.878,1,-3.137437,1.506058,-2.086598,guided_exp
10:17:42.978,2,-2.215431,1.387213,-2.160546,guided_exp
10:17:42.978,1,-3.184567,1.515856,-2.085341,guided_exp
10:17:43.060,2,-2.263199,1.38741,-2.169393,guided_exp
10:17:43.061,1,-3.219594,1.508404,-2.083305,guided_exp
10:17:43.210,2,-2.317794,1.388767,-2.183005,guided_exp
10:17:43.211,1,-3.248643,1.506436,-2.084817,guided_exp
10:17:43.294,2,-2.347049,1.387542,-2.192303,guided_exp
10:17:43.294,1,-3.268182,1.507303,-2.084806,guided_exp
10:17:43.395,2,-2.361706,1.387145,-2.195865,guided_exp
10:17:43.395,1,-3.286897,1.509364,-2.085306,guided_exp
10:17:43.495,2,-2.383165,1.386403,-2.202897,guided_exp
10:17:43.495,1,-3.301337,1.503574,-2.085438,guided_exp
10:17:43.594,2,-2.398335,1.387561,-2.207551,guided_exp
10:17:43.594,1,-3.311687,1.501199,-2.084945,guided_exp
10:17:43.695,2,-2.404165,1.388185,-2.209849,guided_exp
10:17:43.695,1,-3.318861,1.495364,-2.082829,guided_exp
10:17:43.795,2,-2.411938,1.389976,-2.21273,guided_exp
10:17:43.795,1,-3.32645,1.498324,-2.081839,guided_exp
10:17:43.894,2,-2.418823,1.390013,-2.214394,guided_exp
10:17:43.894,1,-3.332607,1.51126,-2.081021,guided_exp
10:17:43.994,2,-2.425284,1.390265,-2.216037,guided_exp
10:17:43.995,1,-3.338623,1.509822,-2.080912,guided_exp
10:17:44.094,2,-2.428196,1.390483,-2.216706,guided_exp
10:17:44.094,1,-3.340859,1.50134,-2.080621,guided_exp
10:17:44.194,2,-2.429338,1.389837,-2.21687,guided_exp
10:17:44.194,1,-3.343957,1.50197,-2.079815,guided_exp
10:17:44.295,2,-2.43073,1.389385,-2.21794,guided_exp
10:17:44.295,1,-3.346066,1.499704,-2.080682,guided_exp
10:17:44.395,2,-2.431241,1.389391,-2.218292,guided_exp
10:17:44.395,1,-3.347672,1.506895,-2.080731,guided_exp
10:17:44.494,2,-2.431822,1.388904,-2.218895,guided_exp
10:17:44.494,1,-3.35206,1.509295,-2.082208,guided_exp
10:17:44.595,2,-2.431846,1.38709,-2.219575,guided_exp
10:17:44.595,1,-3.352828,1.508671,-2.082282,guided_exp
10:17:44.695,2,-2.431548,1.386494,-2.220843,guided_exp
10:17:44.695,1,-3.353484,1.526566,-2.083824,guided_exp
10:17:44.777,2,-2.431114,1.386432,-2.221983,guided_exp
10:17:44.777,1,-3.351517,1.5253,-2.085398,guided_exp
10:17:44.928,2,-2.42268,1.38562,-2.22201,guided_exp
10:17:44.928,1,-3.353401,1.528069,-2.08845,guided_exp
10:17:45.029,2,-2.415435,1.385142,-2.221306,guided_exp
10:17:45.030,1,-3.355304,1.525053,-2.091266,guided_exp
10:17:45.128,2,-2.40155,1.385655,-2.22105,guided_exp
10:17:45.129,1,-3.355602,1.493801,-2.093194,guided_exp
10:17:45.210,2,-2.379175,1.385917,-2.221987,guided_exp
10:17:45.211,1,-3.355715,1.492671,-2.094479,guided_exp
10:17:45.294,2,-2.350713,1.385911,-2.222928,guided_exp
10:17:45.294,1,-3.354297,1.493102,-2.096888,guided_exp
10:17:45.394,2,-2.312468,1.386099,-2.228882,guided_exp
10:17:45.394,1,-3.352466,1.492601,-2.099369,guided_exp
10:17:45.495,2,-2.284891,1.386148,-2.235925,guided_exp
10:17:45.495,1,-3.352785,1.492071,-2.101399,guided_exp
10:17:45.595,2,-2.243677,1.386126,-2.246998,guided_exp
10:17:45.595,1,-3.349918,1.492451,-2.10414,guided_exp
10:17:45.694,2,-2.177283,1.38607,-2.262892,guided_exp
10:17:45.694,1,-3.347601,1.492233,-2.106673,guided_exp
10:17:45.777,2,-2.147255,1.386188,-2.272243,guided_exp
10:17:45.777,1,-3.345292,1.493856,-2.10845,guided_exp
10:17:45.861,2,-2.111447,1.386239,-2.28238,guided_exp
10:17:45.861,1,-3.343318,1.494064,-2.109862,guided_exp
10:17:45.944,2,-2.063243,1.387482,-2.300315,guided_exp
10:17:45.944,1,-3.339714,1.492752,-2.112323,guided_exp
10:17:46.027,2,-2.022065,1.390236,-2.313932,guided_exp
10:17:46.027,1,-3.338021,1.493858,-2.113642,guided_exp
10:17:46.128,2,-1.998695,1.39249,-2.324884,guided_exp
10:17:46.128,1,-3.336452,1.494091,-2.11474,guided_exp
10:17:46.228,2,-1.953349,1.39315,-2.341749,guided_exp
10:17:46.228,1,-3.334973,1.494496,-2.114919,guided_exp
10:17:46.310,2,-1.936567,1.393646,-2.351493,guided_exp
10:17:46.311,1,-3.334382,1.497186,-2.115539,guided_exp
10:17:46.396,2,-1.924023,1.393748,-2.358455,guided_exp
10:17:46.396,1,-3.333764,1.498044,-2.115743,guided_exp
10:17:46.495,2,-1.900939,1.394168,-2.370969,guided_exp
10:17:46.495,1,-3.332827,1.507277,-2.114894,guided_exp
10:17:46.594,2,-1.891017,1.396194,-2.376787,guided_exp
10:17:46.594,1,-3.332506,1.510052,-2.115368,guided_exp
10:17:46.677,2,-1.877177,1.395966,-2.383671,guided_exp
10:17:46.678,1,-3.333021,1.510679,-2.11613,guided_exp
10:17:46.778,2,-1.865809,1.395441,-2.391023,guided_exp
10:17:46.778,1,-3.334371,1.510364,-2.118507,guided_exp
10:17:46.860,2,-1.85905,1.395339,-2.397237,guided_exp
10:17:46.861,1,-3.334644,1.510613,-2.120234,guided_exp
10:17:47.029,2,-1.846134,1.395276,-2.403556,guided_exp
10:17:47.030,1,-3.336876,1.510199,-2.124143,guided_exp
10:17:47.128,2,-1.83022,1.394936,-2.405208,guided_exp
10:17:47.128,1,-3.338872,1.509774,-2.126044,guided_exp
10:17:47.228,2,-1.807944,1.395068,-2.406339,guided_exp
10:17:47.228,1,-3.340869,1.512,-2.128302,guided_exp
10:17:47.310,2,-1.781274,1.395088,-2.407459,guided_exp
10:17:47.311,1,-3.341979,1.513262,-2.129526,guided_exp
10:17:47.394,2,-1.753301,1.394625,-2.406573,guided_exp
10:17:47.394,1,-3.342561,1.514907,-2.132617,guided_exp
10:17:47.494,2,-1.729317,1.394306,-2.402288,guided_exp
10:17:47.494,1,-3.342792,1.513099,-2.132946,guided_exp
10:17:47.595,2,-1.698884,1.394283,-2.400664,guided_exp
10:17:47.596,1,-3.344593,1.514236,-2.134467,guided_exp
10:17:47.695,2,-1.650435,1.394357,-2.396004,guided_exp
10:17:47.695,1,-3.346277,1.514868,-2.135802,guided_exp
10:17:47.794,2,-1.614813,1.396101,-2.389658,guided_exp
10:17:47.794,1,-3.347569,1.512511,-2.137595,guided_exp
10:17:47.896,2,-1.577853,1.400191,-2.383999,guided_exp
10:17:47.896,1,-3.34758,1.514507,-2.138801,guided_exp
10:17:47.995,2,-1.544012,1.402339,-2.379663,guided_exp
10:17:47.995,1,-3.348037,1.514446,-2.139596,guided_exp
10:17:48.094,2,-1.51685,1.401574,-2.371932,guided_exp
10:17:48.094,1,-3.346315,1.514683,-2.141151,guided_exp
10:17:48.177,2,-1.502654,1.405896,-2.36722,guided_exp
10:17:48.177,1,-3.346615,1.50959,-2.141727,guided_exp
10:17:48.278,2,-1.489318,1.40694,-2.362889,guided_exp
10:17:48.278,1,-3.345969,1.501236,-2.142303,guided_exp
10:17:48.378,2,-1.475542,1.407789,-2.356782,guided_exp
10:17:48.378,1,-3.345031,1.505905,-2.143367,guided_exp
10:17:48.477,2,-1.464509,1.404588,-2.350041,guided_exp
10:17:48.478,1,-3.34364,1.506333,-2.14347,guided_exp
10:17:48.578,2,-1.450837,1.406581,-2.341352,guided_exp
10:17:48.578,1,-3.340829,1.499944,-2.143517,guided_exp
10:17:48.679,2,-1.443321,1.401289,-2.335782,guided_exp
10:17:48.680,1,-3.336658,1.501939,-2.143932,guided_exp
10:17:48.761,2,-1.418509,1.399182,-2.336638,guided_exp
10:17:48.761,1,-3.326651,1.503861,-2.143253,guided_exp
10:17:48.945,2,-1.392584,1.403408,-2.336084,guided_exp
10:17:48.945,1,-3.307083,1.462439,-2.142906,guided_exp
10:17:49.045,2,-1.322429,1.404898,-2.342081,guided_exp
10:17:49.045,1,-3.27868,1.477765,-2.146386,guided_exp
10:17:49.145,2,-1.263261,1.403134,-2.350683,guided_exp
10:17:49.145,1,-3.243821,1.469483,-2.147772,guided_exp
10:17:49.244,2,-1.196232,1.405051,-2.358627,guided_exp
10:17:49.244,1,-3.192314,1.489911,-2.155175,guided_exp
10:17:49.345,2,-1.132683,1.406034,-2.373235,guided_exp
10:17:49.345,1,-3.141831,1.489319,-2.163809,guided_exp
10:17:49.445,2,-1.074555,1.403004,-2.379371,guided_exp
10:17:49.445,1,-3.082566,1.490947,-2.173561,guided_exp
10:17:49.594,2,-1.036642,1.402572,-2.383149,guided_exp
10:17:49.594,1,-3.005839,1.492965,-2.188505,guided_exp
10:17:49.677,2,-0.998542,1.402734,-2.383526,guided_exp
10:17:49.677,1,-2.959859,1.493501,-2.202074,guided_exp
10:17:49.827,2,-0.968809,1.403672,-2.380002,guided_exp
10:17:49.827,1,-2.90125,1.495859,-2.21117,guided_exp
10:17:49.911,2,-0.948589,1.403416,-2.370975,guided_exp
10:17:49.911,1,-2.867526,1.496887,-2.214733,guided_exp
10:17:49.994,2,-0.932446,1.403386,-2.359816,guided_exp
10:17:49.995,1,-2.837827,1.498217,-2.211763,guided_exp
10:17:50.077,2,-0.923191,1.403078,-2.349406,guided_exp
10:17:50.078,1,-2.809126,1.497801,-2.210096,guided_exp
10:17:50.178,2,-0.901672,1.402302,-2.322809,guided_exp
10:17:50.178,1,-2.773014,1.501192,-2.200896,guided_exp
10:17:50.261,2,-0.878764,1.40186,-2.286614,guided_exp
10:17:50.261,1,-2.732362,1.499425,-2.182358,guided_exp
10:17:50.344,2,-0.860088,1.401617,-2.253237,guided_exp
10:17:50.344,1,-2.691482,1.498319,-2.168001,guided_exp
10:17:50.427,2,-0.84093,1.401289,-2.203976,guided_exp
10:17:50.427,1,-2.654365,1.49659,-2.140282,guided_exp
10:17:50.511,2,-0.80821,1.401026,-2.182416,guided_exp
10:17:50.511,1,-2.623173,1.497022,-2.121945,guided_exp
10:17:50.594,2,-0.767507,1.3996,-2.116742,guided_exp
10:17:50.594,1,-2.568251,1.497761,-2.088756,guided_exp
10:17:50.695,2,-0.777764,1.398377,-2.063441,guided_exp
10:17:50.696,1,-2.537111,1.499213,-2.066333,guided_exp
10:17:50.777,2,-0.749823,1.399624,-2.085418,guided_exp
10:17:50.777,1,-2.505367,1.501504,-2.0276,guided_exp
10:17:50.945,2,-0.717556,1.399358,-1.982236,guided_exp
10:17:50.946,1,-2.419783,1.50338,-2.006371,guided_exp
10:17:51.045,2,-0.710937,1.400673,-1.980827,guided_exp
10:17:51.045,1,-2.364729,1.506251,-1.996993,guided_exp
10:17:51.145,2,-0.693396,1.401132,-1.968282,guided_exp
10:17:51.145,1,-2.301383,1.504001,-1.992206,guided_exp
10:17:51.245,2,-0.725064,1.401867,-1.976379,guided_exp
10:17:51.245,1,-2.228558,1.502262,-1.997997,guided_exp
10:17:51.344,2,-0.715764,1.402561,-1.984193,guided_exp
10:17:51.344,1,-2.167208,1.501077,-2.004753,guided_exp
10:17:51.445,2,-0.699351,1.403893,-1.972696,guided_exp
10:17:51.446,1,-2.10902,1.500423,-2.006205,guided_exp
10:17:51.527,2,-0.678985,1.404068,-1.979734,guided_exp
10:17:51.528,1,-2.061817,1.502069,-2.011156,guided_exp
10:17:51.611,2,-0.693398,1.40405,-1.974505,guided_exp
10:17:51.611,1,-2.033283,1.501906,-2.012342,guided_exp
10:17:51.711,2,-0.676966,1.407309,-1.972938,guided_exp
10:17:51.712,1,-2.010508,1.503386,-2.01214,guided_exp
10:17:51.812,2,-0.669567,1.409572,-1.981308,guided_exp
10:17:51.812,1,-1.982521,1.503581,-2.014024,guided_exp
10:17:51.894,2,-0.666034,1.411228,-1.977254,guided_exp
10:17:51.894,1,-1.962461,1.502577,-2.01612,guided_exp
10:17:51.977,2,-0.650617,1.413889,-1.983694,guided_exp
10:17:51.977,1,-1.953767,1.502072,-2.016818,guided_exp
10:17:52.078,2,-0.6479,1.413655,-1.98109,guided_exp
10:17:52.078,1,-1.947665,1.500842,-2.018479,guided_exp
10:17:52.161,2,-0.64797,1.412975,-1.974029,guided_exp
10:17:52.161,1,-1.943013,1.500238,-2.019633,guided_exp
10:17:52.244,2,-0.653176,1.415501,-1.978981,guided_exp
10:17:52.244,1,-1.937259,1.500954,-2.022469,guided_exp
10:17:52.345,2,-0.64492,1.414325,-1.969599,guided_exp
10:17:52.345,1,-1.929265,1.50103,-2.027652,guided_exp
10:17:52.446,2,-0.647799,1.413734,-1.982057,guided_exp
10:17:52.446,1,-1.925645,1.500658,-2.030434,guided_exp
10:17:52.544,2,-0.641873,1.416809,-1.981219,guided_exp
10:17:52.545,1,-1.924407,1.50001,-2.03347,guided_exp
10:17:52.645,2,-0.705234,1.417495,-2.021064,guided_exp
10:17:52.645,1,-1.923284,1.497661,-2.035115,guided_exp
10:17:52.745,2,-0.622185,1.41407,-2.000417,guided_exp
10:17:52.745,1,-1.922337,1.49719,-2.036306,guided_exp
10:17:52.827,2,-0.626521,1.415321,-1.97016,guided_exp
10:17:52.828,1,-1.92181,1.496061,-2.038012,guided_exp
10:17:52.911,2,-0.625798,1.410106,-1.97475,guided_exp
10:17:52.912,1,-1.922228,1.495474,-2.037556,guided_exp
10:17:53.012,2,-0.659992,1.409648,-1.986615,guided_exp
10:17:53.013,1,-1.923545,1.494215,-2.036748,guided_exp
10:17:53.094,2,-0.648695,1.407286,-1.995923,guided_exp
10:17:53.094,1,-1.92414,1.494646,-2.036511,guided_exp
10:17:53.177,2,-0.642767,1.405592,-2.008045,guided_exp
10:17:53.177,1,-1.924919,1.493847,-2.03614,guided_exp
10:17:53.261,2,-0.664568,1.403011,-2.015984,guided_exp
10:17:53.261,1,-1.926689,1.493538,-2.035153,guided_exp
10:17:53.344,2,-0.629894,1.404227,-1.963248,guided_exp
10:17:53.344,1,-1.927695,1.493621,-2.034573,guided_exp
10:17:53.428,2,-0.655305,1.404625,-2.030059,guided_exp
10:17:53.428,1,-1.929074,1.494866,-2.033735,guided_exp
10:17:53.528,2,-0.698012,1.407987,-2.068139,guided_exp
10:17:53.529,1,-1.932131,1.493795,-2.032154,guided_exp
10:17:53.628,2,-0.679473,1.412539,-2.04078,guided_exp
10:17:53.628,1,-1.939508,1.494037,-2.030287,guided_exp
10:17:53.711,2,-0.675768,1.419565,-2.041523,guided_exp
10:17:53.711,1,-1.94297,1.494639,-2.029436,guided_exp
10:17:53.813,2,-0.675916,1.424707,-2.049019,guided_exp
10:17:53.813,1,-1.958527,1.502867,-2.032705,guided_exp
10:17:53.911,2,-0.678044,1.422826,-2.047169,guided_exp
10:17:53.912,1,-1.971068,1.501336,-2.033301,guided_exp
10:17:54.011,2,-0.678908,1.419874,-2.049681,guided_exp
10:17:54.011,1,-1.993039,1.503781,-2.035807,guided_exp
10:17:54.094,2,-0.68249,1.418444,-2.061678,guided_exp
10:17:54.094,1,-2.005044,1.516058,-2.035579,guided_exp
10:17:54.196,2,-0.620655,1.417261,-1.984626,guided_exp
10:17:54.197,1,-2.014271,1.515777,-2.037639,guided_exp
10:17:54.295,2,-0.68194,1.417042,-2.055986,guided_exp
10:17:54.295,1,-2.025928,1.50824,-2.038438,guided_exp
10:17:54.394,2,-0.683037,1.420007,-2.057066,guided_exp
10:17:54.394,1,-2.040409,1.507562,-2.039042,guided_exp
10:17:54.477,2,-0.7203,1.42036,-2.081138,guided_exp
10:17:54.477,1,-2.044573,1.504813,-2.040064,guided_exp
10:17:54.561,2,-0.71334,1.419746,-2.08239,guided_exp
10:17:54.561,1,-2.055043,1.507009,-2.041478,guided_exp
10:17:54.644,2,-0.692907,1.420184,-2.061232,guided_exp
10:17:54.645,1,-2.061434,1.502922,-2.042367,guided_exp
10:17:54.745,2,-0.71916,1.420184,-2.073206,guided_exp
10:17:54.745,1,-2.070436,1.514436,-2.044368,guided_exp
10:17:54.844,2,-0.685781,1.419798,-2.064395,guided_exp
10:17:54.844,1,-2.07786,1.523469,-2.045913,guided_exp
10:17:54.928,2,-0.677576,1.418688,-2.052316,guided_exp
10:17:54.928,1,-2.083351,1.527519,-2.045918,guided_exp
10:17:55.028,2,-0.700169,1.41843,-2.055944,guided_exp
10:17:55.029,1,-2.094001,1.527448,-2.046537,guided_exp
10:17:55.128,2,-0.686708,1.41914,-2.048112,guided_exp
10:17:55.128,1,-2.111039,1.531352,-2.047868,guided_exp
10:17:55.211,2,-0.685043,1.420348,-2.048485,guided_exp
10:17:55.211,1,-2.117717,1.535155,-2.048741,guided_exp
10:17:55.312,2,-0.686019,1.422631,-2.046991,guided_exp
10:17:55.312,1,-2.13181,1.53331,-2.049684,guided_exp
10:17:55.411,2,-0.68558,1.426704,-2.047621,guided_exp
10:17:55.412,1,-2.143643,1.531159,-2.051922,guided_exp
10:17:55.511,2,-0.680867,1.434565,-2.049566,guided_exp
10:17:55.511,1,-2.153315,1.535205,-2.052157,guided_exp
10:17:55.611,2,-0.682029,1.439014,-2.053621,guided_exp
10:17:55.612,1,-2.160199,1.540649,-2.052911,guided_exp
10:17:55.711,2,-0.681896,1.43712,-2.055885,guided_exp
10:17:55.711,1,-2.167583,1.545927,-2.053746,guided_exp
10:17:55.811,2,-0.682868,1.433514,-2.060056,guided_exp
10:17:55.812,1,-2.170362,1.550459,-2.053491,guided_exp
10:17:55.911,2,-0.683544,1.43327,-2.061841,guided_exp
10:17:55.912,1,-2.17244,1.550044,-2.052736,guided_exp
10:17:56.011,2,-0.682433,1.431242,-2.062622,guided_exp
10:17:56.011,1,-2.173537,1.547874,-2.052239,guided_exp
10:17:56.111,2,-0.678345,1.425285,-2.063795,guided_exp
10:17:56.111,1,-2.173987,1.542877,-2.051812,guided_exp
10:17:56.212,2,-0.678214,1.420762,-2.066888,guided_exp
10:17:56.212,1,-2.172789,1.54276,-2.050562,guided_exp
10:17:56.312,2,-0.675555,1.41837,-2.067114,guided_exp
10:17:56.312,1,-2.1715,1.540764,-2.048721,guided_exp
10:17:56.411,2,-0.675717,1.420043,-2.067456,guided_exp
10:17:56.411,1,-2.171547,1.534869,-2.047977,guided_exp
10:17:56.512,2,-0.674867,1.423503,-2.066381,guided_exp
10:17:56.512,1,-2.170551,1.539077,-2.045772,guided_exp
10:17:56.611,2,-0.672226,1.42541,-2.067125,guided_exp
10:17:56.611,1,-2.169423,1.537268,-2.044731,guided_exp
10:17:56.711,2,-0.658501,1.424649,-2.060053,guided_exp
10:17:56.712,1,-2.168915,1.53618,-2.043901,guided_exp
10:17:56.813,2,-0.672292,1.424181,-2.058819,guided_exp
10:17:56.813,1,-2.168026,1.537795,-2.043139,guided_exp
10:17:56.894,2,-0.680488,1.422987,-2.051698,guided_exp
10:17:56.894,1,-2.1678,1.537896,-2.04354,guided_exp
10:17:56.978,2,-0.679873,1.422408,-2.053955,guided_exp
10:17:56.978,1,-2.167667,1.536856,-2.043481,guided_exp
10:17:57.061,2,-0.663891,1.422049,-2.052249,guided_exp
10:17:57.061,1,-2.167699,1.537402,-2.043302,guided_exp
10:17:57.145,2,-0.665227,1.421461,-2.046269,guided_exp
10:17:57.145,1,-2.168923,1.537839,-2.042534,guided_exp
10:17:57.246,2,-0.675284,1.420065,-2.039236,guided_exp
10:17:57.247,1,-2.171849,1.538197,-2.043487,guided_exp
10:17:57.345,2,-0.664231,1.419765,-2.039061,guided_exp
10:17:57.347,1,-2.177055,1.537298,-2.043992,guided_exp
10:17:57.446,2,-0.66473,1.419626,-2.034291,guided_exp
10:17:57.446,1,-2.183827,1.537106,-2.044626,guided_exp
10:17:57.528,2,-0.662095,1.419594,-2.026537,guided_exp
10:17:57.528,1,-2.19194,1.537903,-2.044736,guided_exp
10:17:57.611,2,-0.658147,1.419498,-2.028322,guided_exp
10:17:57.611,1,-2.199698,1.53704,-2.045683,guided_exp
10:17:57.712,2,-0.655818,1.419428,-2.027305,guided_exp
10:17:57.712,1,-2.210697,1.537347,-2.049073,guided_exp
10:17:57.811,2,-0.658438,1.419333,-2.036322,guided_exp
10:17:57.812,1,-2.226588,1.536121,-2.050621,guided_exp
10:17:57.911,2,-0.660705,1.419455,-2.037645,guided_exp
10:17:57.911,1,-2.240581,1.536075,-2.052651,guided_exp
10:17:57.994,2,-0.658822,1.419795,-2.043525,guided_exp
10:17:57.994,1,-2.25545,1.535676,-2.055932,guided_exp
10:17:58.095,2,-0.660906,1.419997,-2.044942,guided_exp
10:17:58.097,1,-2.263004,1.535678,-2.058684,guided_exp
10:17:58.195,2,-0.663262,1.420851,-2.049373,guided_exp
10:17:58.195,1,-2.276454,1.535822,-2.06119,guided_exp
10:17:58.294,2,-0.640047,1.420195,-2.037343,guided_exp
10:17:58.294,1,-2.290522,1.535326,-2.063114,guided_exp
10:17:58.378,2,-0.647885,1.419501,-2.037307,guided_exp
10:17:58.378,1,-2.302574,1.535737,-2.066188,guided_exp
10:17:58.478,2,-0.671878,1.415603,-2.047565,guided_exp
10:17:58.479,1,-2.310859,1.535457,-2.067096,guided_exp
10:17:58.578,2,-0.663573,1.415511,-2.050397,guided_exp
10:17:58.579,1,-2.321395,1.536143,-2.070021,guided_exp
10:17:58.677,2,-0.674708,1.414819,-2.06355,guided_exp
10:17:58.678,1,-2.328105,1.535213,-2.072085,guided_exp
10:17:58.778,2,-0.661653,1.411223,-2.037835,guided_exp
10:17:58.780,1,-2.335919,1.536013,-2.074259,guided_exp
10:17:58.861,2,-0.660291,1.413675,-2.045422,guided_exp
10:17:58.861,1,-2.343854,1.535554,-2.077998,guided_exp
10:17:59.011,2,-0.658789,1.417813,-2.048076,guided_exp
10:17:59.011,1,-2.355644,1.534822,-2.086014,guided_exp
10:17:59.094,2,-0.657331,1.417624,-2.049832,guided_exp
10:17:59.094,1,-2.361793,1.536475,-2.09051,guided_exp
10:17:59.194,2,-0.656254,1.420809,-2.050653,guided_exp
10:17:59.194,1,-2.372363,1.536407,-2.098882,guided_exp
10:17:59.295,2,-0.655099,1.421087,-2.050574,guided_exp
10:17:59.295,1,-2.382596,1.536121,-2.108233,guided_exp
10:17:59.377,2,-0.673022,1.422922,-2.066627,guided_exp
10:17:59.377,1,-2.387559,1.536318,-2.116707,guided_exp
10:17:59.463,2,-0.643543,1.426676,-2.036047,guided_exp
10:17:59.463,1,-2.390553,1.536076,-2.123561,guided_exp
10:17:59.561,2,-0.661292,1.4331,-2.050222,guided_exp
10:17:59.561,1,-2.397985,1.53645,-2.14777,guided_exp
10:17:59.661,2,-0.66106,1.432981,-2.045695,guided_exp
10:17:59.661,1,-2.401294,1.535899,-2.168822,guided_exp
10:17:59.762,2,-0.657674,1.430987,-2.039125,guided_exp
10:17:59.762,1,-2.400917,1.536531,-2.184955,guided_exp
10:17:59.861,2,-0.65905,1.427594,-2.040362,guided_exp
10:17:59.862,1,-2.402856,1.536315,-2.215474,guided_exp
10:17:59.961,2,-0.653884,1.425102,-2.038677,guided_exp
10:17:59.961,1,-2.406365,1.536196,-2.255689,guided_exp
10:18:00.044,2,-0.654566,1.421882,-2.039321,guided_exp
10:18:00.044,1,-2.407603,1.536616,-2.269065,guided_exp
10:18:00.145,2,-0.655394,1.416653,-2.039178,guided_exp
10:18:00.145,1,-2.404585,1.537251,-2.290096,guided_exp
10:18:00.246,2,-0.65355,1.41214,-2.036949,guided_exp
10:18:00.246,1,-2.401418,1.53786,-2.302507,guided_exp
10:18:00.344,2,-0.652194,1.408658,-2.036384,guided_exp
10:18:00.344,1,-2.400389,1.537979,-2.317733,guided_exp
10:18:00.445,2,-0.653202,1.403233,-2.03622,guided_exp
10:18:00.445,1,-2.397627,1.537827,-2.32189,guided_exp
10:18:00.545,2,-0.651945,1.400802,-2.032628,guided_exp
10:18:00.545,1,-2.40031,1.537856,-2.326651,guided_exp
10:18:00.645,2,-0.646851,1.393607,-2.018577,guided_exp
10:18:00.645,1,-2.401303,1.537832,-2.329016,guided_exp
10:18:00.727,2,-0.656361,1.392054,-2.009458,guided_exp
10:18:00.728,1,-2.403812,1.537571,-2.331661,guided_exp
10:18:00.811,2,-0.65281,1.39058,-2.006945,guided_exp
10:18:00.811,1,-2.404878,1.537798,-2.332046,guided_exp
10:18:00.894,2,-0.634991,1.391501,-1.98915,guided_exp
10:18:00.894,1,-2.408979,1.538265,-2.334333,guided_exp
10:18:01.044,2,-0.619342,1.398623,-1.955231,guided_exp
10:18:01.045,1,-2.412206,1.538584,-2.336211,guided_exp
10:18:01.128,2,-0.604625,1.404402,-1.93024,guided_exp
10:18:01.129,1,-2.412326,1.538583,-2.335994,guided_exp
10:18:01.229,2,-0.600062,1.406457,-1.912204,guided_exp
10:18:01.230,1,-2.412766,1.538748,-2.335424,guided_exp
10:18:01.328,2,-0.588933,1.407786,-1.873557,guided_exp
10:18:01.329,1,-2.412664,1.539032,-2.334782,guided_exp
10:18:01.428,2,-0.582578,1.413496,-1.837569,guided_exp
10:18:01.428,1,-2.412734,1.538288,-2.334234,guided_exp
10:18:01.528,2,-0.55009,1.415613,-1.761324,guided_exp
10:18:01.529,1,-2.412852,1.538671,-2.333869,guided_exp
10:18:01.611,2,-0.554831,1.416856,-1.724665,guided_exp
10:18:01.611,1,-2.412455,1.538832,-2.332537,guided_exp
10:18:01.696,2,-0.546407,1.416658,-1.693132,guided_exp
10:18:01.697,1,-2.412177,1.538832,-2.331853,guided_exp
10:18:01.795,2,-0.532939,1.417396,-1.651588,guided_exp
10:18:01.795,1,-2.411735,1.539172,-2.330477,guided_exp
10:18:01.894,2,-0.516596,1.419051,-1.610212,guided_exp
10:18:01.894,1,-2.410839,1.539382,-2.329253,guided_exp
10:18:01.995,2,-0.519895,1.415032,-1.601107,guided_exp
10:18:01.995,1,-2.410995,1.540008,-2.329158,guided_exp
10:18:02.095,2,-0.513771,1.418918,-1.558737,guided_exp
10:18:02.095,1,-2.41103,1.542217,-2.328486,guided_exp
10:18:02.194,2,-0.505882,1.419798,-1.555115,guided_exp
10:18:02.194,1,-2.41023,1.54329,-2.328225,guided_exp
10:18:02.277,2,-0.512321,1.411293,-1.542335,guided_exp
10:18:02.278,1,-2.40937,1.540212,-2.328339,guided_exp
10:18:02.361,2,-0.519277,1.408919,-1.521358,guided_exp
10:18:02.361,1,-2.40611,1.540448,-2.329612,guided_exp
10:18:02.444,2,-0.516505,1.412139,-1.525356,guided_exp
10:18:02.444,1,-2.398481,1.53722,-2.331618,guided_exp
10:18:02.545,2,-0.519815,1.417842,-1.528123,guided_exp
10:18:02.545,1,-2.377585,1.540578,-2.339271,guided_exp
10:18:02.645,2,-0.509284,1.419234,-1.53072,guided_exp
10:18:02.645,1,-2.355861,1.53532,-2.344119,guided_exp
10:18:02.744,2,-0.527491,1.414454,-1.523021,guided_exp
10:18:02.744,1,-2.335397,1.537746,-2.346113,guided_exp
10:18:02.827,2,-0.520103,1.41089,-1.523352,guided_exp
10:18:02.828,1,-2.315469,1.545484,-2.345301,guided_exp
10:18:02.930,2,-0.517591,1.400526,-1.521705,guided_exp
10:18:02.930,1,-2.303569,1.54817,-2.341272,guided_exp
10:18:03.028,2,-0.517162,1.39436,-1.500906,guided_exp
10:18:03.029,1,-2.263628,1.552181,-2.326672,guided_exp
10:18:03.111,2,-0.518102,1.384304,-1.495686,guided_exp
10:18:03.111,1,-2.231464,1.559211,-2.307787,guided_exp
10:18:03.196,2,-0.520513,1.380022,-1.493178,guided_exp
10:18:03.196,1,-2.221646,1.55712,-2.301472,guided_exp
10:18:03.295,2,-0.524392,1.374042,-1.493465,guided_exp
10:18:03.295,1,-2.17378,1.553363,-2.271668,guided_exp
10:18:03.377,2,-0.524984,1.365519,-1.490998,guided_exp
10:18:03.378,1,-2.127146,1.549064,-2.246451,guided_exp
10:18:03.461,2,-0.523201,1.36274,-1.493218,guided_exp
10:18:03.461,1,-2.099179,1.540564,-2.228399,guided_exp
10:18:03.545,2,-0.523404,1.346065,-1.494124,guided_exp
10:18:03.545,1,-2.067029,1.538288,-2.200998,guided_exp
10:18:03.627,2,-0.519827,1.344434,-1.502851,guided_exp
10:18:03.628,1,-2.01101,1.539639,-2.181127,guided_exp
10:18:03.712,2,-0.509435,1.347055,-1.510613,guided_exp
10:18:03.712,1,-1.980713,1.541219,-2.171993,guided_exp
10:18:03.811,2,-0.513749,1.328269,-1.507794,guided_exp
10:18:03.811,1,-1.939683,1.539072,-2.164602,guided_exp
10:18:03.895,2,-0.510637,1.212753,-1.503672,guided_exp
10:18:03.895,1,-1.89214,1.526254,-2.163265,guided_exp
10:18:03.977,2,-0.515201,1.328237,-1.498913,guided_exp
10:18:03.978,1,-1.855207,1.529355,-2.171042,guided_exp
10:18:04.062,2,-0.51468,1.324381,-1.494591,guided_exp
10:18:04.062,1,-1.816033,1.520648,-2.172372,guided_exp
10:18:04.144,2,-0.517837,1.32207,-1.494876,guided_exp
10:18:04.144,1,-1.764141,1.516079,-2.186035,guided_exp
10:18:04.228,2,-0.514987,1.302164,-1.497684,guided_exp
10:18:04.229,1,-1.704214,1.510332,-2.202799,guided_exp
10:18:04.328,2,-0.513931,1.295312,-1.498107,guided_exp
10:18:04.329,1,-1.659047,1.509329,-2.223466,guided_exp
10:18:04.428,2,-0.512366,1.300104,-1.494934,guided_exp
10:18:04.429,1,-1.603834,1.516179,-2.243878,guided_exp
10:18:04.511,2,-0.510873,1.336116,-1.494697,guided_exp
10:18:04.511,1,-1.583444,1.519048,-2.249953,guided_exp
10:18:04.594,2,-0.511023,1.337595,-1.495739,guided_exp
10:18:04.594,1,-1.560953,1.523336,-2.256687,guided_exp
10:18:04.677,2,-0.511266,1.336323,-1.496485,guided_exp
10:18:04.678,1,-1.541494,1.521371,-2.262158,guided_exp
10:18:04.778,2,-0.507063,1.328322,-1.499071,guided_exp
10:18:04.779,1,-1.523602,1.518877,-2.268662,guided_exp
10:18:04.878,2,-0.498404,1.331912,-1.506647,guided_exp
10:18:04.879,1,-1.513073,1.518656,-2.272328,guided_exp
10:18:04.977,2,-0.499519,1.324268,-1.518636,guided_exp
10:18:04.977,1,-1.503684,1.51813,-2.275499,guided_exp
10:18:05.061,2,-0.500188,1.327054,-1.538929,guided_exp
10:18:05.061,1,-1.500834,1.516691,-2.276345,guided_exp
10:18:05.162,2,-0.504958,1.32947,-1.537243,guided_exp
10:18:05.162,1,-1.498693,1.515919,-2.27686,guided_exp
10:18:05.262,2,-0.501674,1.323756,-1.535907,guided_exp
10:18:05.262,1,-1.497149,1.514462,-2.276934,guided_exp
10:18:05.361,2,-0.50147,1.323403,-1.537262,guided_exp
10:18:05.361,1,-1.496337,1.512113,-2.276578,guided_exp
10:18:05.462,2,-0.50195,1.318888,-1.539742,guided_exp
10:18:05.462,1,-1.496021,1.510278,-2.276193,guided_exp
10:18:05.561,2,-0.528836,1.323177,-1.544794,guided_exp
10:18:05.561,1,-1.495758,1.509411,-2.274954,guided_exp
10:18:05.661,2,-0.49943,1.091641,-1.529226,guided_exp
10:18:05.661,1,-1.495894,1.508965,-2.269834,guided_exp
10:18:05.744,2,-0.513621,1.31739,-1.507288,guided_exp
10:18:05.744,1,-1.495906,1.509462,-2.269154,guided_exp
10:18:05.911,2,-0.543364,1.347355,-1.558631,guided_exp
10:18:05.911,1,-1.495177,1.508299,-2.265189,guided_exp
10:18:06.011,2,-0.559069,1.345445,-1.60112,guided_exp
10:18:06.012,1,-1.495309,1.508566,-2.259797,guided_exp
10:18:06.094,2,-0.588037,1.309688,-1.658862,guided_exp
10:18:06.094,1,-1.495113,1.509775,-2.259984,guided_exp
10:18:06.178,2,-0.609045,1.320691,-1.699382,guided_exp
10:18:06.178,1,-1.495205,1.510466,-2.259708,guided_exp
10:18:06.278,2,-0.634801,1.323459,-1.76059,guided_exp
10:18:06.279,1,-1.495068,1.510702,-2.259394,guided_exp
10:18:06.378,2,-0.666465,1.153055,-1.813534,guided_exp
10:18:06.379,1,-1.495108,1.510767,-2.259182,guided_exp
10:18:06.478,2,-0.687739,1.351249,-1.864597,guided_exp
10:18:06.478,1,-1.494907,1.511274,-2.258342,guided_exp
10:18:06.578,2,-0.707946,1.368017,-1.909898,guided_exp
10:18:06.579,1,-1.495084,1.511308,-2.258767,guided_exp
10:18:06.678,2,-0.721976,1.214569,-1.945844,guided_exp
10:18:06.678,1,-1.494907,1.512128,-2.259956,guided_exp
10:18:06.778,2,-0.726853,1.353692,-1.972253,guided_exp
10:18:06.778,1,-1.49495,1.513407,-2.261346,guided_exp
10:18:06.861,2,-0.725275,1.357523,-1.990822,guided_exp
10:18:06.861,1,-1.495052,1.513968,-2.263228,guided_exp
10:18:06.944,2,-0.722995,1.351358,-2.014105,guided_exp
10:18:06.945,1,-1.495245,1.513051,-2.263415,guided_exp
10:18:07.045,2,-0.714693,1.352253,-2.045834,guided_exp
10:18:07.045,1,-1.496323,1.517435,-2.264789,guided_exp
10:18:07.145,2,-0.764954,1.352074,-2.141119,guided_exp
10:18:07.145,1,-1.49823,1.520962,-2.265856,guided_exp
10:18:07.244,2,-0.764659,1.370349,-2.157407,guided_exp
10:18:07.244,1,-1.49882,1.522483,-2.267816,guided_exp
10:18:07.345,2,-0.76519,1.427598,-2.174834,guided_exp
10:18:07.346,1,-1.500099,1.521456,-2.270687,guided_exp
10:18:07.445,2,-0.750573,1.36438,-2.233895,guided_exp
10:18:07.445,1,-1.500338,1.524642,-2.272287,guided_exp
10:18:07.528,2,-0.768159,1.364747,-2.242605,guided_exp
10:18:07.528,1,-1.501203,1.526702,-2.274458,guided_exp
10:18:07.628,2,-0.771918,1.241058,-2.255972,guided_exp
10:18:07.628,1,-1.501247,1.526331,-2.275398,guided_exp
10:18:07.711,2,-0.749894,1.208418,-2.283577,guided_exp
10:18:07.711,1,-1.501759,1.525906,-2.277023,guided_exp
10:18:07.794,2,-0.729099,1.374804,-2.331802,guided_exp
10:18:07.794,1,-1.501543,1.527758,-2.278611,guided_exp
10:18:07.895,2,-0.749118,1.221111,-2.314487,guided_exp
10:18:07.895,1,-1.501155,1.52785,-2.278869,guided_exp
10:18:07.995,2,-0.754761,1.380157,-2.316842,guided_exp
10:18:07.995,1,-1.501001,1.528533,-2.280537,guided_exp
10:18:08.095,2,-0.741876,1.384796,-2.313456,guided_exp
10:18:08.095,1,-1.500754,1.529293,-2.28301,guided_exp
10:18:08.178,2,-0.782171,1.384342,-2.31382,guided_exp
10:18:08.178,1,-1.50019,1.527802,-2.284956,guided_exp
10:18:08.311,2,-0.782171,1.394148,-2.31382,guided_exp
10:18:08.311,1,-1.499117,1.525363,-2.287173,guided_exp
10:18:08.394,2,-0.782171,1.399558,-2.31382,guided_exp
10:18:08.394,1,-1.49795,1.523583,-2.287976,guided_exp
10:18:08.545,2,-0.782171,1.398495,-2.31382,guided_exp
10:18:08.545,1,-1.496451,1.524301,-2.28983,guided_exp
10:18:08.645,2,-0.782171,1.40094,-2.31382,guided_exp
10:18:08.645,1,-1.49579,1.523226,-2.290855,guided_exp
10:18:08.728,2,-0.782171,1.399537,-2.31382,guided_exp
10:18:08.728,1,-1.494647,1.525488,-2.290232,guided_exp
10:18:08.812,2,-0.782171,1.393499,-2.31382,guided_exp
10:18:08.812,1,-1.49439,1.526543,-2.290452,guided_exp
10:18:08.894,2,-0.782171,1.393581,-2.31382,guided_exp
10:18:08.894,1,-1.493827,1.525491,-2.290424,guided_exp
10:18:09.028,2,-0.782171,1.392856,-2.31382,guided_exp
10:18:09.028,1,-1.491923,1.525175,-2.289764,guided_exp
10:18:09.161,2,-0.782171,1.393518,-2.31382,guided_exp
10:18:09.161,1,-1.491115,1.525761,-2.289169,guided_exp
10:18:09.245,2,-0.782171,1.397296,-2.31382,guided_exp
10:18:09.245,1,-1.490824,1.525937,-2.28901,guided_exp
10:18:09.344,2,-0.782171,1.403271,-2.31382,guided_exp
10:18:09.345,1,-1.490738,1.525505,-2.287664,guided_exp
10:18:09.446,2,-0.782171,1.392265,-2.31382,guided_exp
10:18:09.446,1,-1.490541,1.525804,-2.286571,guided_exp
10:18:09.546,2,-0.782171,1.396097,-2.31382,guided_exp
10:18:09.546,1,-1.49089,1.525309,-2.285663,guided_exp
10:18:09.628,2,-0.782171,1.39719,-2.31382,guided_exp
10:18:09.628,1,-1.491173,1.524811,-2.284674,guided_exp
10:18:09.711,2,-0.782171,1.395469,-2.31382,guided_exp
10:18:09.711,1,-1.491283,1.525337,-2.284651,guided_exp
10:18:09.794,2,-0.782171,1.397961,-2.31382,guided_exp
10:18:09.794,1,-1.490717,1.525698,-2.282799,guided_exp
10:18:09.878,2,-0.782171,1.406712,-2.31382,guided_exp
10:18:09.879,1,-1.490989,1.525673,-2.281971,guided_exp
10:18:09.978,2,-0.782171,1.387977,-2.31382,guided_exp
10:18:09.979,1,-1.490844,1.525274,-2.281581,guided_exp
10:18:10.078,2,-0.782171,1.385703,-2.31382,guided_exp
10:18:10.078,1,-1.491011,1.524786,-2.281093,guided_exp
10:18:10.178,2,-0.782171,1.381901,-2.31382,guided_exp
10:18:10.179,1,-1.490878,1.524644,-2.280243,guided_exp
10:18:10.279,2,-0.782171,1.399131,-2.31382,guided_exp
10:18:10.279,1,-1.490888,1.524467,-2.279325,guided_exp
10:18:10.378,2,-0.782171,1.399901,-2.31382,guided_exp
10:18:10.378,1,-1.490887,1.524588,-2.278619,guided_exp
10:18:10.461,2,-0.782171,1.377665,-2.31382,guided_exp
10:18:10.461,1,-1.490122,1.523834,-2.277759,guided_exp
10:18:10.562,2,-0.782171,1.383159,-2.31382,guided_exp
10:18:10.563,1,-1.489939,1.523989,-2.277324,guided_exp
10:18:10.662,2,-0.782171,1.388704,-2.31382,guided_exp
10:18:10.662,1,-1.4897,1.523518,-2.276283,guided_exp
10:18:10.744,1,-1.489711,1.393415,-2.275599,guided_exp
10:18:10.828,1,-1.48997,1.524054,-2.275298,guided_exp
10:18:10.911,1,-1.489567,1.396796,-2.273948,guided_exp
10:18:10.994,1,-1.489002,1.524617,-2.273502,guided_exp
10:18:11.078,1,-1.489173,1.394068,-2.272924,guided_exp
10:18:11.178,1,-1.489237,1.52355,-2.272824,guided_exp
10:18:11.278,1,-1.489048,1.406213,-2.272588,guided_exp
10:18:11.378,1,-1.488785,1.522925,-2.272661,guided_exp
10:18:11.478,1,-1.487939,1.401352,-2.272914,guided_exp
10:18:11.561,1,-1.488202,1.522418,-2.272973,guided_exp
10:18:11.661,1,-1.48803,1.397896,-2.273124,guided_exp
10:18:11.762,1,-1.488005,1.520531,-2.273363,guided_exp
10:18:11.844,1,-1.488005,1.395026,-2.274349,guided_exp
10:18:11.928,1,-1.4883,1.518437,-2.274319,guided_exp
10:18:12.011,1,-1.488647,1.391974,-2.274527,guided_exp
10:18:12.113,1,-1.488209,1.516782,-2.274982,guided_exp
10:18:12.194,1,-1.487947,1.425257,-2.276173,guided_exp
10:18:12.278,1,-1.488236,1.51571,-2.276288,guided_exp
10:18:12.361,1,-1.488121,1.417248,-2.277317,guided_exp
10:18:12.511,1,-1.487945,1.513998,-2.279063,guided_exp
10:18:12.594,1,-1.486881,1.370328,-2.280436,guided_exp
10:18:12.695,1,-1.486412,1.514041,-2.281541,guided_exp
10:18:12.795,1,-1.485401,1.398291,-2.283204,guided_exp
10:18:12.896,1,-1.484695,1.513398,-2.28462,guided_exp
10:18:12.978,1,-1.484141,1.257215,-2.286561,guided_exp
10:18:13.061,1,-1.483798,1.512755,-2.28715,guided_exp
10:18:13.144,1,-1.482394,1.399904,-2.288195,guided_exp
10:18:13.144,2,-0.619979,1.51261,-1.823043,guided_exp
10:18:13.228,1,-1.481444,1.404603,-2.289089,guided_exp
10:18:13.229,2,-0.612433,1.513689,-1.793464,guided_exp
10:18:13.328,1,-1.479172,1.40416,-2.290129,guided_exp
10:18:13.329,2,-0.603947,1.515167,-1.777154,guided_exp
10:18:13.428,1,-1.477368,1.405223,-2.291521,guided_exp
10:18:13.428,2,-0.589752,1.515372,-1.751549,guided_exp
10:18:13.528,1,-1.476914,1.406472,-2.292544,guided_exp
10:18:13.529,2,-0.588614,1.517159,-1.744212,guided_exp
10:18:13.628,1,-1.475544,1.408576,-2.293715,guided_exp
10:18:13.629,2,-0.555629,1.520595,-1.748725,guided_exp
10:18:13.728,1,-1.473727,1.362171,-2.294742,guided_exp
10:18:13.729,2,-0.556004,1.522102,-1.74129,guided_exp
10:18:13.828,1,-1.472723,1.409417,-2.295749,guided_exp
10:18:13.828,2,-0.555966,1.523666,-1.737234,guided_exp
10:18:13.928,1,-1.47229,1.380129,-2.296757,guided_exp
10:18:13.928,2,-0.555971,1.523888,-1.736401,guided_exp
10:18:14.011,1,-1.471709,1.385567,-2.296901,guided_exp
10:18:14.011,2,-0.555706,1.524079,-1.73628,guided_exp
10:18:14.111,1,-1.469621,1.401457,-2.296839,guided_exp
10:18:14.112,2,-0.556334,1.522816,-1.738058,guided_exp
10:18:14.194,1,-1.469229,1.399162,-2.296902,guided_exp
10:18:14.194,2,-0.555905,1.525213,-1.747041,guided_exp
10:18:14.278,1,-1.468722,1.399692,-2.296521,guided_exp
10:18:14.278,2,-0.561059,1.528227,-1.760233,guided_exp
10:18:14.378,1,-1.468045,1.397988,-2.294129,guided_exp
10:18:14.379,2,-0.5838,1.530464,-1.821906,guided_exp
10:18:14.478,1,-1.465389,1.397341,-2.289051,guided_exp
10:18:14.478,2,-0.569618,1.533016,-1.844231,guided_exp
10:18:14.578,1,-1.46415,1.395378,-2.282416,guided_exp
10:18:14.578,2,-0.581204,1.536626,-1.863803,guided_exp
10:18:14.679,1,-1.463444,1.395662,-2.273197,guided_exp
10:18:14.679,2,-0.577606,1.535196,-1.923285,guided_exp
10:18:14.778,1,-1.465362,1.392747,-2.253154,guided_exp
10:18:14.779,2,-0.612603,1.53603,-1.971334,guided_exp
10:18:14.878,1,-1.465463,1.396476,-2.227929,guided_exp
10:18:14.878,2,-0.651857,1.535272,-2.127598,guided_exp
10:18:14.961,1,-1.468978,1.411331,-2.208036,guided_exp
10:18:14.961,2,-0.722574,1.53516,-2.170185,guided_exp
10:18:15.044,1,-1.471722,1.390236,-2.179224,guided_exp
10:18:15.044,2,-0.723014,1.534196,-2.175835,guided_exp
10:18:15.212,1,-1.485747,1.393707,-2.107931,guided_exp
10:18:15.212,2,-0.723014,1.535075,-2.175835,guided_exp
10:18:15.295,1,-1.493605,1.407558,-2.063039,guided_exp
10:18:15.295,2,-0.723014,1.534404,-2.175835,guided_exp
10:18:15.378,1,-1.495957,1.414956,-2.026147,guided_exp
10:18:15.378,2,-0.723014,1.533862,-2.175835,guided_exp
10:18:15.461,1,-1.500315,1.418191,-1.984186,guided_exp
10:18:15.462,2,-0.723014,1.533841,-2.175835,guided_exp
10:18:15.544,1,-1.504612,1.414214,-1.979808,guided_exp
10:18:15.545,2,-0.723014,1.533189,-2.175835,guided_exp
10:18:15.628,1,-1.511307,1.414353,-1.941133,guided_exp
10:18:15.628,2,-0.723014,1.53231,-2.175835,guided_exp
10:18:15.778,1,-1.510068,1.406021,-1.92766,guided_exp
10:18:15.778,2,-0.723014,1.531976,-2.175835,guided_exp
10:18:15.880,1,-1.512545,1.427375,-1.920022,guided_exp
10:18:15.880,2,-0.723014,1.531849,-2.175835,guided_exp
10:18:15.979,1,-1.512386,1.42102,-1.912847,guided_exp
10:18:15.979,2,-0.723014,1.531293,-2.175835,guided_exp
10:18:16.078,1,-1.514122,1.420304,-1.904481,guided_exp
10:18:16.078,2,-0.723014,1.531464,-2.175835,guided_exp
10:18:16.178,1,-1.513726,1.419766,-1.902322,guided_exp
10:18:16.179,2,-0.723014,1.530884,-2.175835,guided_exp
10:18:16.278,1,-1.512451,1.418591,-1.897535,guided_exp
10:18:16.279,2,-0.723014,1.530364,-2.175835,guided_exp
10:18:16.378,1,-1.511251,1.412569,-1.895109,guided_exp
10:18:16.378,2,-0.723014,1.530413,-2.175835,guided_exp
10:18:16.480,1,-1.509733,1.422208,-1.893534,guided_exp
10:18:16.480,2,-0.723014,1.530253,-2.175835,guided_exp
10:18:16.561,1,-1.508798,1.419753,-1.891838,guided_exp
10:18:16.561,2,-0.723014,1.530043,-2.175835,guided_exp
10:18:16.645,1,-1.507663,1.418238,-1.891614,guided_exp
10:18:16.645,2,-0.723014,1.530146,-2.175835,guided_exp
10:18:16.728,1,-1.504984,1.418041,-1.891042,guided_exp
10:18:16.728,2,-0.723014,1.530251,-2.175835,guided_exp
10:18:16.811,1,-1.504014,1.415202,-1.891019,guided_exp
10:18:16.812,2,-0.723014,1.52959,-2.175835,guided_exp
10:18:16.894,1,-1.502317,1.384968,-1.891762,guided_exp
10:18:16.895,2,-0.723014,1.528882,-2.175835,guided_exp
10:18:16.978,1,-1.5014,1.364236,-1.891798,guided_exp
10:18:16.978,2,-0.723014,1.526114,-2.175835,guided_exp
10:18:17.111,1,-1.497576,1.368499,-1.89205,guided_exp
10:18:17.112,2,-0.723014,1.527437,-2.175835,guided_exp
10:18:17.194,1,-1.493701,1.36163,-1.89026,guided_exp
10:18:17.194,2,-0.723014,1.523812,-2.175835,guided_exp
10:18:17.278,1,-1.492379,1.364078,-1.890855,guided_exp
10:18:17.278,2,-0.723014,1.519175,-2.175835,guided_exp
10:18:17.361,1,-1.490692,1.390694,-1.891443,guided_exp
10:18:17.362,2,-0.723014,1.516652,-2.175835,guided_exp
10:18:17.444,1,-1.489947,1.395909,-1.891517,guided_exp
10:18:17.444,2,-0.723014,1.525332,-2.175835,guided_exp
10:18:17.612,1,-1.488771,1.397465,-1.891385,guided_exp
10:18:17.712,1,-1.48833,1.526501,-1.892996,guided_exp
10:18:17.794,1,-1.487822,1.396598,-1.893086,guided_exp
10:18:17.928,1,-1.486789,1.524588,-1.894268,guided_exp
10:18:18.011,1,-1.485758,1.395235,-1.894031,guided_exp
10:18:18.094,1,-1.486838,1.527726,-1.895921,guided_exp
10:18:18.178,1,-1.487501,1.395317,-1.896425,guided_exp
10:18:18.261,1,-1.487607,1.529647,-1.89729,guided_exp
10:18:18.344,1,-1.487896,1.39544,-1.897717,guided_exp
10:18:18.428,1,-1.488684,1.523265,-1.897861,guided_exp
10:18:18.528,1,-1.489783,1.39017,-1.897305,guided_exp
10:18:18.629,1,-1.490486,1.519568,-1.897038,guided_exp
10:18:18.711,1,-1.491453,1.384972,-1.896143,guided_exp
10:18:18.795,1,-1.49188,1.520895,-1.896147,guided_exp
10:18:18.896,1,-1.492605,1.385345,-1.896013,guided_exp
10:18:18.978,1,-1.49274,1.51879,-1.895967,guided_exp
10:18:19.078,1,-1.492804,1.390549,-1.896058,guided_exp
10:18:19.178,1,-1.492409,1.510998,-1.896136,guided_exp
10:18:19.261,1,-1.492388,1.394411,-1.89597,guided_exp
10:18:19.394,1,-1.492399,1.493615,-1.895465,guided_exp
10:18:19.478,1,-1.492399,1.398678,-1.895263,guided_exp
10:18:19.579,2,-0.900633,1.502019,-2.434513,guided_exp
10:18:19.579,1,-1.490974,1.398343,-1.893517,guided_exp
10:18:19.678,2,-0.914687,1.503747,-2.439134,guided_exp
10:18:19.678,1,-1.488629,1.39985,-1.890331,guided_exp
10:18:19.779,2,-0.949868,1.50548,-2.448343,guided_exp
10:18:19.779,1,-1.487399,1.401818,-1.889576,guided_exp
10:18:19.878,2,-0.958548,1.508941,-2.454996,guided_exp
10:18:19.879,1,-1.486245,1.4069,-1.890553,guided_exp
10:18:19.978,2,-0.979436,1.508921,-2.458976,guided_exp
10:18:19.978,1,-1.484398,1.408448,-1.891839,guided_exp
10:18:20.078,2,-0.990959,1.508203,-2.462074,guided_exp
10:18:20.079,1,-1.484186,1.408533,-1.892889,guided_exp
10:18:20.179,2,-0.976126,1.510034,-2.436605,guided_exp
10:18:20.179,1,-1.483871,1.409375,-1.892981,guided_exp
10:18:20.278,2,-0.974057,1.506959,-2.438574,guided_exp
10:18:20.278,1,-1.483658,1.414153,-1.892605,guided_exp
10:18:20.362,2,-0.97252,1.506104,-2.438564,guided_exp
10:18:20.362,1,-1.484286,1.397378,-1.893638,guided_exp
10:18:20.462,2,-0.971064,1.503775,-2.437801,guided_exp
10:18:20.462,1,-1.482889,1.386764,-1.894245,guided_exp
10:18:20.561,2,-0.967,1.502607,-2.439067,guided_exp
10:18:20.561,1,-1.483759,1.362841,-1.895854,guided_exp
10:18:20.662,2,-0.962802,1.501892,-2.440212,guided_exp
10:18:20.662,1,-1.483659,1.361649,-1.895953,guided_exp
10:18:20.744,2,-0.959149,1.501369,-2.440346,guided_exp
10:18:20.745,1,-1.485238,1.366732,-1.897264,guided_exp
10:18:20.828,2,-0.955402,1.500952,-2.441015,guided_exp
10:18:20.828,1,-1.485982,1.371031,-1.898032,guided_exp
10:18:20.928,2,-0.952267,1.500679,-2.441043,guided_exp
10:18:20.930,1,-1.48614,1.377653,-1.898011,guided_exp
10:18:21.030,2,-0.946859,1.500628,-2.442648,guided_exp
10:18:21.030,1,-1.4866,1.388268,-1.897908,guided_exp
10:18:21.128,2,-0.940942,1.500799,-2.441499,guided_exp
10:18:21.129,1,-1.487097,1.437756,-1.898268,guided_exp
10:18:21.229,2,-0.936083,1.501966,-2.438728,guided_exp
10:18:21.229,1,-1.488337,1.449996,-1.898076,guided_exp
10:18:21.311,2,-0.932969,1.501927,-2.437417,guided_exp
10:18:21.312,1,-1.48865,1.46921,-1.89793,guided_exp
10:18:21.412,2,-0.934513,1.503225,-2.435714,guided_exp
10:18:21.412,1,-1.4894,1.467086,-1.897739,guided_exp
10:18:21.512,2,-0.932122,1.503034,-2.436632,guided_exp
10:18:21.512,1,-1.490321,1.461438,-1.897274,guided_exp
10:18:21.612,2,-0.932483,1.502927,-2.435507,guided_exp
10:18:21.612,1,-1.490941,1.453585,-1.89707,guided_exp
10:18:21.712,2,-0.93271,1.503022,-2.435684,guided_exp
10:18:21.712,1,-1.491116,1.457193,-1.896776,guided_exp
10:18:21.812,2,-0.931073,1.503743,-2.436343,guided_exp
10:18:21.812,1,-1.491656,1.45857,-1.896566,guided_exp
10:18:21.911,2,-0.929294,1.503895,-2.438131,guided_exp
10:18:21.912,1,-1.491829,1.464419,-1.896551,guided_exp
10:18:21.994,2,-0.912795,1.504533,-2.422521,guided_exp
10:18:21.995,1,-1.492162,1.471359,-1.896643,guided_exp
10:18:22.078,2,-0.897542,1.504428,-2.413993,guided_exp
10:18:22.078,1,-1.492207,1.470657,-1.897196,guided_exp
10:18:22.161,2,-0.895862,1.503927,-2.41172,guided_exp
10:18:22.161,1,-1.492093,1.472375,-1.898201,guided_exp
10:18:22.312,2,-0.910535,1.503566,-2.427068,guided_exp
10:18:22.312,1,-1.491706,1.471144,-1.898893,guided_exp
10:18:22.412,2,-0.909988,1.5034,-2.427049,guided_exp
10:18:22.412,1,-1.491452,1.467498,-1.899939,guided_exp
10:18:22.511,2,-0.90782,1.503443,-2.428138,guided_exp
10:18:22.511,1,-1.491171,1.454693,-1.901214,guided_exp
10:18:22.594,2,-0.89518,1.503199,-2.401961,guided_exp
10:18:22.595,1,-1.491577,1.39836,-1.902616,guided_exp
10:18:22.695,2,-0.901933,1.503409,-2.413192,guided_exp
10:18:22.696,1,-1.492185,1.380643,-1.903498,guided_exp
10:18:22.795,2,-0.91169,1.503596,-2.427794,guided_exp
10:18:22.795,1,-1.492691,1.362836,-1.904293,guided_exp
10:18:22.894,2,-0.916996,1.502931,-2.435912,guided_exp
10:18:22.894,1,-1.493288,1.320132,-1.905773,guided_exp
10:18:22.978,2,-0.901992,1.50366,-2.410902,guided_exp
10:18:22.978,1,-1.493219,1.232738,-1.906483,guided_exp
10:18:23.079,2,-0.918696,1.503916,-2.427393,guided_exp
10:18:23.079,1,-1.493692,1.248959,-1.90803,guided_exp
10:18:23.179,2,-0.920974,1.504276,-2.433445,guided_exp
10:18:23.179,1,-1.493638,1.260246,-1.908755,guided_exp
10:18:23.278,2,-0.922541,1.503934,-2.437421,guided_exp
10:18:23.278,1,-1.49401,1.223699,-1.909149,guided_exp
10:18:23.378,2,-0.918255,1.504073,-2.438497,guided_exp
10:18:23.379,1,-1.494457,1.245011,-1.910086,guided_exp
10:18:23.479,2,-0.92044,1.504215,-2.43847,guided_exp
10:18:23.479,1,-1.495432,1.253987,-1.910558,guided_exp
10:18:23.578,2,-0.921759,1.504199,-2.43808,guided_exp
10:18:23.579,1,-1.497604,1.322149,-1.911851,guided_exp
10:18:23.679,2,-0.923832,1.503886,-2.437863,guided_exp
10:18:23.679,1,-1.501986,1.228507,-1.916645,guided_exp
10:18:23.778,2,-0.909051,1.50315,-2.424274,guided_exp
10:18:23.779,1,-1.507637,1.228507,-1.921935,guided_exp
10:18:23.878,2,-0.905665,1.502028,-2.419706,guided_exp
10:18:23.878,1,-1.511323,1.228507,-1.926686,guided_exp
10:18:23.978,2,-0.921325,1.501858,-2.44001,guided_exp
10:18:23.979,1,-1.516158,1.228507,-1.933565,guided_exp
10:18:24.078,2,-0.919763,1.502081,-2.444867,guided_exp
10:18:24.078,1,-1.530865,1.228507,-1.951207,guided_exp
10:18:24.161,2,-0.878026,1.501,-2.416213,guided_exp
10:18:24.161,1,-1.554591,1.228507,-1.994962,guided_exp
10:18:24.245,2,-0.878907,1.500569,-2.416514,guided_exp
10:18:24.245,1,-1.553576,1.228507,-1.996009,guided_exp
10:18:24.345,2,-0.879944,1.500107,-2.417289,guided_exp
10:18:24.345,1,-1.565713,1.228507,-2.025083,guided_exp
10:18:24.445,2,-0.912305,1.500099,-2.452843,guided_exp
10:18:24.446,1,-1.575364,1.228507,-2.065744,guided_exp
10:18:24.528,2,-0.915199,1.500513,-2.455704,guided_exp
10:18:24.528,1,-1.585317,1.228507,-2.101491,guided_exp
10:18:24.694,2,-0.918191,1.500326,-2.457182,guided_exp
10:18:24.696,1,-1.599151,1.228507,-2.130571,guided_exp
10:18:24.795,2,-0.920861,1.50046,-2.458426,guided_exp
10:18:24.796,1,-1.615399,1.228507,-2.16237,guided_exp
10:18:24.878,2,-0.919419,1.500158,-2.458407,guided_exp
10:18:24.878,1,-1.630482,1.228507,-2.181064,guided_exp
10:18:24.961,2,-0.898605,1.500227,-2.417295,guided_exp
10:18:24.961,1,-1.648607,1.228507,-2.196612,guided_exp
10:18:25.045,2,-0.897329,1.500501,-2.416153,guided_exp
10:18:25.045,1,-1.662859,1.228507,-2.203566,guided_exp
10:18:25.147,2,-0.905485,1.500203,-2.46299,guided_exp
10:18:25.147,1,-1.688329,1.228507,-2.213061,guided_exp
10:18:25.245,2,-0.903208,1.500013,-2.430884,guided_exp
10:18:25.245,1,-1.719118,1.228507,-2.225947,guided_exp
10:18:25.345,2,-0.904454,1.500325,-2.431068,guided_exp
10:18:25.346,1,-1.763169,1.228507,-2.236932,guided_exp
10:18:25.428,2,-0.909068,1.500491,-2.433819,guided_exp
10:18:25.429,1,-1.820248,1.228507,-2.246064,guided_exp
10:18:25.561,2,-0.930488,1.500737,-2.451893,guided_exp
10:18:25.561,1,-1.904705,1.228507,-2.259579,guided_exp
10:18:25.729,2,-0.96943,1.500793,-2.477392,guided_exp
10:18:25.730,1,-1.984074,1.228507,-2.274232,guided_exp
10:18:25.828,2,-1.022958,1.500572,-2.485349,guided_exp
10:18:25.828,1,-2.05164,1.228507,-2.294057,guided_exp
10:18:25.928,2,-1.07418,1.500689,-2.488496,guided_exp
10:18:25.928,1,-2.090601,1.228507,-2.314408,guided_exp
10:18:26.029,2,-1.095057,1.500664,-2.491611,guided_exp
10:18:26.029,1,-2.109418,1.228507,-2.32703,guided_exp
10:18:26.130,2,-1.126066,1.50074,-2.499134,guided_exp
10:18:26.130,1,-2.1378,1.228507,-2.349024,guided_exp
10:18:26.228,2,-1.180126,1.500874,-2.515527,guided_exp
10:18:26.228,1,-2.170041,1.228507,-2.380349,guided_exp
10:18:26.329,2,-1.201647,1.500898,-2.520619,guided_exp
10:18:26.329,1,-2.190262,1.500895,-2.406376,guided_exp
10:18:26.429,2,-1.211823,1.500471,-2.523536,guided_exp
10:18:26.429,1,-2.202605,1.499822,-2.424491,guided_exp
10:18:26.528,2,-1.222105,1.500148,-2.525577,guided_exp
10:18:26.528,1,-2.217874,1.499843,-2.468321,guided_exp
10:18:26.630,2,-1.225572,1.499743,-2.52638,guided_exp
10:18:26.630,1,-2.223538,1.500304,-2.483432,guided_exp
10:18:26.728,2,-1.2283,1.50044,-2.526833,guided_exp
10:18:26.728,1,-2.22509,1.500504,-2.520751,guided_exp
10:18:26.828,2,-1.228573,1.500256,-2.526785,guided_exp
10:18:26.828,1,-2.229117,1.500405,-2.536035,guided_exp
10:18:26.928,2,-1.228817,1.500084,-2.527292,guided_exp
10:18:26.929,1,-2.233896,1.499755,-2.547591,guided_exp
10:18:27.011,2,-1.228108,1.499709,-2.528217,guided_exp
10:18:27.011,1,-2.235652,1.499607,-2.55296,guided_exp
10:18:27.095,2,-1.226925,1.499948,-2.529316,guided_exp
10:18:27.095,1,-2.237675,1.499891,-2.555294,guided_exp
10:18:27.195,2,-1.225412,1.499973,-2.531508,guided_exp
10:18:27.195,1,-2.240975,1.500091,-2.557713,guided_exp
10:18:27.295,2,-1.223647,1.499933,-2.533008,guided_exp
10:18:27.295,1,-2.242321,1.500208,-2.558421,guided_exp
10:18:27.413,2,-1.220534,1.500455,-2.535949,guided_exp
10:18:27.414,1,-2.245704,1.50011,-2.556805,guided_exp
10:18:27.511,2,-1.217593,1.500079,-2.536547,guided_exp
10:18:27.511,1,-2.251019,1.500183,-2.555023,guided_exp
10:18:27.712,2,-1.21794,1.499721,-2.53557,guided_exp
10:18:27.712,1,-2.254471,1.499882,-2.553608,guided_exp
10:18:27.828,2,-1.214569,1.341274,-2.533681,guided_exp
10:18:27.828,1,-2.259399,1.499688,-2.556062,guided_exp
10:18:27.912,2,-1.214642,1.366206,-2.532829,guided_exp
10:18:27.912,1,-2.259755,1.500122,-2.556547,guided_exp
10:18:27.994,2,-1.215258,1.359115,-2.530231,guided_exp
10:18:27.995,1,-2.259866,1.500358,-2.557111,guided_exp
10:18:28.095,2,-1.211663,1.354024,-2.529332,guided_exp
10:18:28.096,1,-2.260116,1.499598,-2.5575,guided_exp
10:18:28.978,2,-1.21045,1.356113,-2.527749,guided_exp
10:18:28.978,1,-2.260041,1.499501,-2.55764,guided_exp
10:18:29.246,2,-1.254536,1.381244,-2.516426,guided_exp
10:18:29.246,1,-2.252103,1.499668,-2.555323,guided_exp
10:18:29.361,2,-1.260303,1.378651,-2.517821,guided_exp
10:18:29.361,1,-2.251719,1.500002,-2.556341,guided_exp
10:18:29.444,2,-1.260301,1.380413,-2.518927,guided_exp
10:18:29.445,1,-2.250725,1.49948,-2.555957,guided_exp
10:18:29.597,2,-1.25617,1.381035,-2.521704,guided_exp
10:18:29.597,1,-2.250782,1.499609,-2.555873,guided_exp
10:18:29.697,2,-1.253766,1.381911,-2.522187,guided_exp
10:18:29.697,1,-2.251738,1.500182,-2.555996,guided_exp
10:18:29.778,2,-1.251807,1.382564,-2.523067,guided_exp
10:18:29.778,1,-2.252639,1.500429,-2.556824,guided_exp
10:18:29.861,2,-1.250146,1.384392,-2.523076,guided_exp
10:18:29.861,1,-2.253645,1.500772,-2.557259,guided_exp
10:18:29.945,2,-1.247534,1.382321,-2.523958,guided_exp
10:18:29.945,1,-2.254659,1.50116,-2.557673,guided_exp
10:18:30.045,2,-1.241535,1.357257,-2.522899,guided_exp
10:18:30.045,1,-2.257176,1.502068,-2.558349,guided_exp
10:18:30.128,2,-1.235923,1.362346,-2.522128,guided_exp
10:18:30.128,1,-2.259649,1.501909,-2.559189,guided_exp
10:18:30.230,2,-1.232327,1.373673,-2.522364,guided_exp
10:18:30.230,1,-2.260925,1.500773,-2.560079,guided_exp
10:18:30.329,2,-1.224917,1.391907,-2.522171,guided_exp
10:18:30.329,1,-2.261791,1.500449,-2.560355,guided_exp
10:18:30.411,2,-1.220259,1.359906,-2.52135,guided_exp
10:18:30.411,1,-2.26329,1.499923,-2.561269,guided_exp
10:18:30.495,2,-1.215027,1.193432,-2.520805,guided_exp
10:18:30.496,1,-2.264121,1.496778,-2.561529,guided_exp
10:18:30.578,2,-1.213266,1.265869,-2.519799,guided_exp
10:18:30.578,1,-2.264988,1.49472,-2.561801,guided_exp
10:18:30.662,2,-1.210011,1.261292,-2.518733,guided_exp
10:18:30.662,1,-2.265985,1.493275,-2.561935,guided_exp
10:18:30.745,2,-1.206247,1.261292,-2.517955,guided_exp
10:18:30.745,1,-2.267163,1.492537,-2.560861,guided_exp
10:18:30.912,2,-1.202542,1.261292,-2.51649,guided_exp
10:18:30.912,1,-2.269102,1.495031,-2.560118,guided_exp
10:18:31.013,2,-1.200506,1.261292,-2.516018,guided_exp
10:18:31.014,1,-2.269962,1.498941,-2.557945,guided_exp
10:18:31.112,2,-1.198869,1.261292,-2.515685,guided_exp
10:18:31.113,1,-2.270141,1.499181,-2.557018,guided_exp
10:18:31.195,2,-1.197657,1.261292,-2.515508,guided_exp
10:18:31.195,1,-2.269884,1.501716,-2.554784,guided_exp
10:18:31.312,2,-1.19671,1.261292,-2.515329,guided_exp
10:18:31.312,1,-2.26996,1.50252,-2.553598,guided_exp
10:18:31.412,2,-1.196139,1.261292,-2.514778,guided_exp
10:18:31.412,1,-2.269575,1.493626,-2.550876,guided_exp
10:18:31.512,2,-1.196166,1.261292,-2.514881,guided_exp
10:18:31.512,1,-2.269735,1.491229,-2.550491,guided_exp
10:18:31.612,2,-1.196106,1.261292,-2.514271,guided_exp
10:18:31.612,1,-2.270388,1.489382,-2.550019,guided_exp
10:18:31.713,2,-1.196345,1.261292,-2.513904,guided_exp
10:18:31.714,1,-2.271825,1.486796,-2.548299,guided_exp
10:18:31.794,2,-1.197004,1.261292,-2.51331,guided_exp
10:18:31.795,1,-2.273003,1.486464,-2.547219,guided_exp
10:18:31.878,2,-1.197791,1.261292,-2.513022,guided_exp
10:18:31.878,1,-2.274062,1.485521,-2.547144,guided_exp
10:18:31.961,2,-1.198552,1.261292,-2.51241,guided_exp
10:18:31.961,1,-2.275114,1.485273,-2.546844,guided_exp
10:18:32.044,2,-1.198977,1.261292,-2.511906,guided_exp
10:18:32.045,1,-2.275938,1.485822,-2.54652,guided_exp
10:18:32.128,2,-1.199732,1.261292,-2.511602,guided_exp
10:18:32.128,1,-2.27711,1.48535,-2.54634,guided_exp
10:18:32.212,2,-1.200793,1.261292,-2.511601,guided_exp
10:18:32.212,1,-2.278074,1.484729,-2.546112,guided_exp
10:18:32.312,2,-1.201803,1.261292,-2.511694,guided_exp
10:18:32.312,1,-2.27918,1.484249,-2.545599,guided_exp
10:18:32.413,2,-1.205021,1.261292,-2.512101,guided_exp
10:18:32.413,1,-2.280077,1.483682,-2.544646,guided_exp
10:18:32.495,2,-1.207038,1.261292,-2.51196,guided_exp
10:18:32.495,1,-2.28089,1.483836,-2.544141,guided_exp
10:18:32.578,2,-1.208727,1.261292,-2.512389,guided_exp
10:18:32.578,1,-2.281756,1.483299,-2.543432,guided_exp
10:18:32.679,2,-1.209099,1.261292,-2.512191,guided_exp
10:18:32.679,1,-2.28218,1.48358,-2.542731,guided_exp
10:18:32.778,2,-1.210026,1.261292,-2.511615,guided_exp
10:18:32.779,1,-2.28226,1.483609,-2.542649,guided_exp
10:18:32.878,2,-1.211255,1.261292,-2.511493,guided_exp
10:18:32.878,1,-2.282435,1.483616,-2.5424,guided_exp
10:18:32.979,2,-1.211948,1.261292,-2.511214,guided_exp
10:18:32.979,1,-2.282263,1.483073,-2.541923,guided_exp
10:18:33.061,2,-1.214702,1.261292,-2.510777,guided_exp
10:18:33.061,1,-2.282006,1.484452,-2.541114,guided_exp
10:18:33.211,2,-1.216786,1.48511,-2.510751,guided_exp
10:18:33.211,1,-2.282044,1.484311,-2.540147,guided_exp
10:18:33.295,2,-1.217681,1.484907,-2.510855,guided_exp
10:18:33.295,1,-2.281689,1.482808,-2.539803,guided_exp
10:18:33.395,2,-1.218349,1.485085,-2.510363,guided_exp
10:18:33.395,1,-2.281599,1.485564,-2.539957,guided_exp
10:18:33.495,2,-1.220333,1.485886,-2.510351,guided_exp
10:18:33.496,1,-2.281426,1.486339,-2.539342,guided_exp
10:18:33.596,2,-1.221185,1.486597,-2.510234,guided_exp
10:18:33.597,1,-2.281375,1.487517,-2.538844,guided_exp
10:18:33.678,2,-1.221457,1.487729,-2.509656,guided_exp
10:18:33.678,1,-2.281589,1.488563,-2.538669,guided_exp
10:18:33.778,2,-1.221906,1.488643,-2.509133,guided_exp
10:18:33.778,1,-2.281437,1.488768,-2.538789,guided_exp
10:18:33.879,2,-1.222458,1.488844,-2.508831,guided_exp
10:18:33.879,1,-2.281534,1.488702,-2.538371,guided_exp
10:18:33.980,2,-1.223526,1.488434,-2.508845,guided_exp
10:18:33.980,1,-2.28172,1.488152,-2.537991,guided_exp
10:18:34.061,2,-1.224202,1.488027,-2.509045,guided_exp
10:18:34.061,1,-2.281777,1.488206,-2.537768,guided_exp
10:18:34.145,2,-1.224549,1.356099,-2.508863,guided_exp
10:18:34.146,1,-2.281767,1.484475,-2.537841,guided_exp
10:18:34.228,2,-1.225245,1.356805,-2.508439,guided_exp
10:18:34.228,1,-2.281934,1.481782,-2.537794,guided_exp
10:18:34.312,2,-1.225537,1.364308,-2.507843,guided_exp
10:18:34.312,1,-2.281833,1.480613,-2.538244,guided_exp
10:18:34.411,2,-1.226136,1.361602,-2.506905,guided_exp
10:18:34.412,1,-2.281844,1.479401,-2.538269,guided_exp
10:18:34.512,2,-1.22708,1.370138,-2.505031,guided_exp
10:18:34.512,1,-2.281535,1.478746,-2.539221,guided_exp
10:18:34.612,2,-1.227553,1.374259,-2.504848,guided_exp
10:18:34.612,1,-2.281878,1.478428,-2.539633,guided_exp
10:18:34.713,2,-1.227946,1.453931,-2.503479,guided_exp
10:18:34.714,1,-2.281918,1.478387,-2.539308,guided_exp
10:18:34.812,2,-1.228045,1.458511,-2.502966,guided_exp
10:18:34.814,1,-2.281988,1.478649,-2.539683,guided_exp
10:18:34.912,2,-1.228249,1.459669,-2.501816,guided_exp
10:18:34.912,1,-2.282034,1.478236,-2.539663,guided_exp
10:18:35.012,2,-1.228044,1.458643,-2.500576,guided_exp
10:18:35.012,1,-2.282263,1.478817,-2.540002,guided_exp
10:18:35.112,2,-1.228059,1.457958,-2.500428,guided_exp
10:18:35.112,1,-2.282585,1.48182,-2.540629,guided_exp
10:18:35.212,2,-1.22803,1.454516,-2.501747,guided_exp
10:18:35.213,1,-2.282549,1.480781,-2.540879,guided_exp
10:18:35.313,2,-1.228065,1.451387,-2.502164,guided_exp
10:18:35.313,1,-2.282763,1.483816,-2.542422,guided_exp
10:18:35.395,2,-1.227761,1.449313,-2.502872,guided_exp
10:18:35.395,1,-2.28258,1.485138,-2.542937,guided_exp
10:18:35.478,2,-1.227693,1.448153,-2.503157,guided_exp
10:18:35.478,1,-2.282509,1.485695,-2.543382,guided_exp
10:18:35.562,2,-1.227404,1.445508,-2.503952,guided_exp
10:18:35.562,1,-2.282033,1.486551,-2.54352,guided_exp
10:18:35.645,2,-1.227173,1.444804,-2.504321,guided_exp
10:18:35.646,1,-2.280963,1.487135,-2.544381,guided_exp
10:18:35.728,2,-1.226664,1.44269,-2.504554,guided_exp
10:18:35.728,1,-2.280101,1.48742,-2.545001,guided_exp
10:18:35.812,2,-1.226604,1.439463,-2.505217,guided_exp
10:18:35.812,1,-2.279452,1.487472,-2.545476,guided_exp
10:18:35.912,2,-1.226082,1.438733,-2.505811,guided_exp
10:18:35.912,1,-2.27884,1.487966,-2.545248,guided_exp
10:18:36.012,2,-1.225519,1.436275,-2.506998,guided_exp
10:18:36.012,1,-2.278183,1.488012,-2.545083,guided_exp
10:18:36.112,2,-1.225155,1.436686,-2.507539,guided_exp
10:18:36.112,1,-2.276378,1.488167,-2.54513,guided_exp
10:18:36.212,2,-1.225087,1.436425,-2.508233,guided_exp
10:18:36.212,1,-2.275709,1.488424,-2.545163,guided_exp
10:18:36.313,2,-1.22521,1.434968,-2.50952,guided_exp
10:18:36.314,1,-2.275609,1.488295,-2.54479,guided_exp
10:18:36.412,2,-1.225261,1.43116,-2.510013,guided_exp
10:18:36.412,1,-2.27458,1.488301,-2.545324,guided_exp
10:18:36.512,2,-1.225519,1.425132,-2.51047,guided_exp
10:18:36.512,1,-2.274918,1.488369,-2.54464,guided_exp
10:18:36.612,2,-1.225969,1.424185,-2.510303,guided_exp
10:18:36.612,1,-2.273829,1.488284,-2.544957,guided_exp
10:18:36.712,2,-1.226757,1.423569,-2.50911,guided_exp
10:18:36.712,1,-2.273711,1.488357,-2.545475,guided_exp
10:18:36.812,2,-1.226999,1.424818,-2.508454,guided_exp
10:18:36.812,1,-2.274036,1.488754,-2.544303,guided_exp
10:18:36.895,2,-1.226994,1.427467,-2.507924,guided_exp
10:18:36.895,1,-2.273524,1.488983,-2.54332,guided_exp
10:18:36.978,2,-1.226522,1.428023,-2.507298,guided_exp
10:18:36.978,1,-2.273471,1.488892,-2.543117,guided_exp
10:18:37.078,2,-1.226148,1.423222,-2.506975,guided_exp
10:18:37.078,1,-2.272753,1.489063,-2.542868,guided_exp
10:18:37.178,2,-1.225801,1.420347,-2.506099,guided_exp
10:18:37.179,1,-2.272634,1.489272,-2.542641,guided_exp
10:18:37.262,2,-1.225672,1.426646,-2.506077,guided_exp
10:18:37.262,1,-2.272095,1.489389,-2.542864,guided_exp
10:18:37.345,2,-1.225345,1.425189,-2.505519,guided_exp
10:18:37.345,1,-2.271873,1.48892,-2.543302,guided_exp
10:18:37.447,2,-1.225256,1.419054,-2.505703,guided_exp
10:18:37.447,1,-2.271439,1.489276,-2.543174,guided_exp
10:18:37.545,2,-1.224398,1.427151,-2.504624,guided_exp
10:18:37.545,1,-2.271016,1.489095,-2.542996,guided_exp
10:18:37.645,2,-1.224329,1.431216,-2.504854,guided_exp
10:18:37.646,1,-2.270113,1.489038,-2.542624,guided_exp
10:18:37.745,2,-1.224234,1.431618,-2.505426,guided_exp
10:18:37.746,1,-2.270118,1.489108,-2.54302,guided_exp
10:18:37.828,2,-1.224127,1.428942,-2.505557,guided_exp
10:18:37.828,1,-2.270084,1.489356,-2.543013,guided_exp
10:18:37.978,2,-1.222875,1.433475,-2.505377,guided_exp
10:18:37.978,1,-2.269662,1.490259,-2.542731,guided_exp
10:18:38.080,2,-1.222518,1.435082,-2.504932,guided_exp
10:18:38.081,1,-2.269671,1.490983,-2.542641,guided_exp
10:18:38.179,2,-1.221183,1.435941,-2.503014,guided_exp
10:18:38.179,1,-2.270036,1.487705,-2.542661,guided_exp
10:18:38.278,2,-1.221093,1.435416,-2.5029,guided_exp
10:18:38.278,1,-2.26938,1.488068,-2.543605,guided_exp
10:18:38.379,2,-1.220885,1.429794,-2.502421,guided_exp
10:18:38.379,1,-2.270054,1.488458,-2.543138,guided_exp
10:18:38.478,2,-1.220946,1.430393,-2.503234,guided_exp
10:18:38.479,1,-2.270088,1.489081,-2.543494,guided_exp
10:18:38.578,2,-1.221113,1.442761,-2.504359,guided_exp
10:18:38.578,1,-2.272078,1.486717,-2.545282,guided_exp
10:18:38.695,2,-1.221801,1.464099,-2.505289,guided_exp
10:18:38.695,1,-2.273403,1.470034,-2.545758,guided_exp
10:18:38.778,2,-1.221865,1.464153,-2.50569,guided_exp
10:18:38.778,1,-2.273252,1.475166,-2.546975,guided_exp
10:18:38.878,2,-1.223223,1.464075,-2.506885,guided_exp
10:18:38.878,1,-2.275732,1.487874,-2.547481,guided_exp
10:18:38.979,2,-1.223511,1.442658,-2.507314,guided_exp
10:18:38.979,1,-2.277506,1.497246,-2.549328,guided_exp
10:18:39.080,2,-1.224114,1.441454,-2.50808,guided_exp
10:18:39.081,1,-2.279797,1.498552,-2.550433,guided_exp
10:18:39.161,2,-1.224962,1.441786,-2.507846,guided_exp
10:18:39.161,1,-2.28202,1.498163,-2.55272,guided_exp
10:18:39.311,2,-1.228771,1.440029,-2.509736,guided_exp
10:18:39.312,1,-2.285779,1.505262,-2.555992,guided_exp
10:18:39.395,2,-1.233599,1.439036,-2.509505,guided_exp
10:18:39.395,1,-2.287974,1.512076,-2.557848,guided_exp
10:18:39.496,2,-1.245267,1.473005,-2.510558,guided_exp
10:18:39.496,1,-2.293554,1.514633,-2.557153,guided_exp
10:18:39.595,2,-1.259645,1.472254,-2.513834,guided_exp
10:18:39.595,1,-2.302551,1.517223,-2.547286,guided_exp
10:18:39.695,2,-1.274877,1.43723,-2.521647,guided_exp
10:18:39.695,1,-2.334293,1.51964,-2.526598,guided_exp
10:18:39.778,2,-1.279747,1.450312,-2.522978,guided_exp
10:18:39.778,1,-2.355108,1.522524,-2.513008,guided_exp
10:18:39.879,2,-1.288876,1.448628,-2.524632,guided_exp
10:18:39.879,1,-2.390433,1.521564,-2.483909,guided_exp
10:18:39.979,2,-1.298762,1.441479,-2.528148,guided_exp
10:18:39.979,1,-2.431425,1.520385,-2.457685,guided_exp
10:18:40.080,2,-1.306811,1.431844,-2.531757,guided_exp
10:18:40.080,1,-2.476995,1.521136,-2.430501,guided_exp
10:18:40.178,2,-1.310933,1.449031,-2.532414,guided_exp
10:18:40.179,1,-2.513841,1.518864,-2.410309,guided_exp
10:18:40.278,2,-1.318323,1.446244,-2.528009,guided_exp
10:18:40.278,1,-2.545426,1.520067,-2.392994,guided_exp
10:18:40.378,2,-1.323368,1.436483,-2.526549,guided_exp
10:18:40.378,1,-2.565563,1.527129,-2.381386,guided_exp
10:18:40.479,2,-1.332231,1.439332,-2.523173,guided_exp
10:18:40.481,1,-2.585012,1.532448,-2.369736,guided_exp
10:18:40.561,2,-1.346138,1.440782,-2.514629,guided_exp
10:18:40.561,1,-2.599773,1.535257,-2.361668,guided_exp
10:18:40.712,2,-1.363981,1.450233,-2.503509,guided_exp
10:18:40.712,1,-2.608461,1.53511,-2.352409,guided_exp
10:18:40.812,2,-1.383482,1.455459,-2.48655,guided_exp
10:18:40.812,1,-2.612993,1.534495,-2.341417,guided_exp
10:18:40.912,2,-1.405574,1.458638,-2.473633,guided_exp
10:18:40.912,1,-2.613671,1.535231,-2.333464,guided_exp
10:18:41.012,2,-1.436539,1.460221,-2.458582,guided_exp
10:18:41.012,1,-2.609179,1.539506,-2.319993,guided_exp
10:18:41.112,2,-1.468815,1.459932,-2.443344,guided_exp
10:18:41.112,1,-2.601716,1.542916,-2.305794,guided_exp
10:18:41.212,2,-1.504625,1.460044,-2.42695,guided_exp
10:18:41.212,1,-2.595587,1.551189,-2.296112,guided_exp
10:18:41.314,2,-1.5415,1.460315,-2.411884,guided_exp
10:18:41.314,1,-2.585298,1.552074,-2.283188,guided_exp
10:18:41.412,2,-1.579191,1.460435,-2.39872,guided_exp
10:18:41.414,1,-2.576348,1.551232,-2.269686,guided_exp
10:18:41.512,2,-1.616001,1.460252,-2.386424,guided_exp
10:18:41.512,1,-2.565609,1.55022,-2.256218,guided_exp
10:18:41.611,2,-1.648786,1.46013,-2.373327,guided_exp
10:18:41.611,1,-2.562292,1.549578,-2.249904,guided_exp
10:18:41.713,2,-1.672675,1.459059,-2.369398,guided_exp
10:18:41.713,1,-2.553042,1.549998,-2.241011,guided_exp
10:18:41.813,2,-1.69142,1.458185,-2.365144,guided_exp
10:18:41.813,1,-2.549005,1.549241,-2.233656,guided_exp
10:18:41.912,2,-1.714985,1.45661,-2.362531,guided_exp
10:18:41.912,1,-2.546173,1.550014,-2.229472,guided_exp
10:18:42.012,2,-1.736991,1.455793,-2.360735,guided_exp
10:18:42.013,1,-2.539294,1.549729,-2.217102,guided_exp
10:18:42.112,2,-1.757627,1.455833,-2.366281,guided_exp
10:18:42.112,1,-2.537794,1.549573,-2.214513,guided_exp
10:18:42.211,2,-1.784554,1.455494,-2.376519,guided_exp
10:18:42.212,1,-2.536381,1.546315,-2.210891,guided_exp
10:18:42.312,2,-1.813733,1.455345,-2.389837,guided_exp
10:18:42.313,1,-2.533826,1.546071,-2.204916,guided_exp
10:18:42.412,2,-1.843139,1.455503,-2.406501,guided_exp
10:18:42.412,1,-2.531185,1.545724,-2.200989,guided_exp
10:18:42.511,2,-1.870214,1.455906,-2.419281,guided_exp
10:18:42.512,1,-2.529747,1.545105,-2.199256,guided_exp
10:18:42.595,2,-1.90201,1.455994,-2.435789,guided_exp
10:18:42.595,1,-2.527898,1.545006,-2.196807,guided_exp
10:18:42.678,2,-1.919592,1.457208,-2.445891,guided_exp
10:18:42.678,1,-2.525443,1.544552,-2.194818,guided_exp
10:18:42.761,2,-1.93603,1.456758,-2.456347,guided_exp
10:18:42.761,1,-2.520565,1.543892,-2.19043,guided_exp
10:18:42.845,2,-1.945746,1.456815,-2.462185,guided_exp
10:18:42.845,1,-2.517517,1.544087,-2.190017,guided_exp
10:18:42.928,2,-1.954211,1.456787,-2.465897,guided_exp
10:18:42.928,1,-2.512829,1.543968,-2.189006,guided_exp
10:18:43.011,2,-1.963398,1.456692,-2.4592,guided_exp
10:18:43.011,1,-2.510312,1.543687,-2.188121,guided_exp
10:18:43.095,2,-1.970998,1.457005,-2.469999,guided_exp
10:18:43.095,1,-2.507363,1.542987,-2.187675,guided_exp
10:18:43.196,2,-1.972418,1.45716,-2.4734,guided_exp
10:18:43.196,1,-2.506407,1.542763,-2.187448,guided_exp
10:18:43.295,2,-1.971387,1.456861,-2.46677,guided_exp
10:18:43.296,1,-2.505738,1.542699,-2.188045,guided_exp
10:18:43.395,2,-1.968093,1.458184,-2.458241,guided_exp
10:18:43.395,1,-2.508862,1.541854,-2.188592,guided_exp
10:18:43.478,2,-1.964093,1.457697,-2.453194,guided_exp
10:18:43.479,1,-2.521324,1.540835,-2.189477,guided_exp
10:18:43.578,2,-1.96238,1.457923,-2.44965,guided_exp
10:18:43.578,1,-2.544467,1.540666,-2.191667,guided_exp
10:18:43.678,2,-1.958903,1.457042,-2.445545,guided_exp
10:18:43.678,1,-2.583081,1.540565,-2.195962,guided_exp
10:18:43.779,2,-1.957538,1.455796,-2.443404,guided_exp
10:18:43.779,1,-2.636346,1.54035,-2.200468,guided_exp
10:18:43.878,2,-1.957207,1.455035,-2.442069,guided_exp
10:18:43.879,1,-2.703694,1.539871,-2.208841,guided_exp
10:18:43.978,2,-1.956305,1.454986,-2.44155,guided_exp
10:18:43.978,1,-2.771874,1.539841,-2.21485,guided_exp
10:18:44.061,2,-1.954882,1.454517,-2.441016,guided_exp
10:18:44.061,1,-2.830947,1.539673,-2.221072,guided_exp
10:18:44.145,2,-1.953924,1.454578,-2.441469,guided_exp
10:18:44.145,1,-2.86862,1.540022,-2.224088,guided_exp
10:18:44.245,2,-1.952223,1.454642,-2.442809,guided_exp
10:18:44.245,1,-2.911922,1.53936,-2.221566,guided_exp
10:18:44.345,2,-1.952522,1.454034,-2.44629,guided_exp
10:18:44.345,1,-2.953866,1.539879,-2.217196,guided_exp
10:18:44.445,2,-1.96102,1.453859,-2.44668,guided_exp
10:18:44.445,1,-2.999652,1.539828,-2.207202,guided_exp
10:18:44.528,2,-1.994547,1.453533,-2.443609,guided_exp
10:18:44.528,1,-3.047893,1.540591,-2.188922,guided_exp
10:18:44.629,2,-2.035542,1.453004,-2.445855,guided_exp
10:18:44.629,1,-3.098824,1.540465,-2.162163,guided_exp
10:18:44.729,2,-2.09497,1.452746,-2.442567,guided_exp
10:18:44.729,1,-3.149191,1.540905,-2.126488,guided_exp
10:18:44.828,2,-2.169043,1.452532,-2.441649,guided_exp
10:18:44.828,1,-3.198685,1.540697,-2.087393,guided_exp
10:18:44.929,2,-2.221876,1.452757,-2.440377,guided_exp
10:18:44.930,1,-3.223065,1.540037,-2.055882,guided_exp
10:18:45.029,2,-2.298983,1.452575,-2.440075,guided_exp
10:18:45.029,1,-3.25561,1.53953,-2.021077,guided_exp
10:18:45.128,2,-2.386167,1.452448,-2.435172,guided_exp
10:18:45.128,1,-3.310793,1.539094,-1.976933,guided_exp
10:18:45.211,2,-2.418863,1.45224,-2.430928,guided_exp
10:18:45.212,1,-3.342887,1.538397,-1.958969,guided_exp
10:18:45.312,2,-2.478542,1.452349,-2.421512,guided_exp
10:18:45.312,1,-3.397892,1.537846,-1.936249,guided_exp
10:18:45.412,2,-2.532821,1.452395,-2.411472,guided_exp
10:18:45.413,1,-3.452527,1.537811,-1.917675,guided_exp
10:18:45.511,2,-2.584991,1.452372,-2.387277,guided_exp
10:18:45.512,1,-3.523418,1.53803,-1.905218,guided_exp
10:18:45.613,2,-2.634466,1.452012,-2.353792,guided_exp
10:18:45.613,1,-3.603368,1.538101,-1.896316,guided_exp
10:18:45.712,2,-2.683895,1.452066,-2.304909,guided_exp
10:18:45.712,1,-3.669588,1.538253,-1.888869,guided_exp
10:18:45.795,2,-2.740383,1.452768,-2.252123,guided_exp
10:18:45.795,1,-3.724932,1.538667,-1.887296,guided_exp
10:18:45.878,2,-2.777459,1.453169,-2.220385,guided_exp
10:18:45.878,1,-3.750822,1.538763,-1.886347,guided_exp
10:18:45.962,2,-2.837146,1.453692,-2.181265,guided_exp
10:18:45.962,1,-3.781281,1.538437,-1.880748,guided_exp
10:18:46.045,2,-2.869477,1.453431,-2.156545,guided_exp
10:18:46.045,1,-3.797182,1.538304,-1.876472,guided_exp
10:18:46.129,2,-2.899726,1.453232,-2.14015,guided_exp
10:18:46.129,1,-3.808465,1.538242,-1.873561,guided_exp
10:18:46.228,2,-2.970839,1.453275,-2.105756,guided_exp
10:18:46.228,1,-3.821496,1.53812,-1.872775,guided_exp
10:18:46.312,2,-2.998738,1.453131,-2.095829,guided_exp
10:18:46.312,1,-3.827389,1.537951,-1.873269,guided_exp
10:18:46.412,2,-3.054655,1.454257,-2.07733,guided_exp
10:18:46.412,1,-3.837548,1.538253,-1.872397,guided_exp
10:18:46.512,2,-3.098583,1.454777,-2.066941,guided_exp
10:18:46.512,1,-3.842668,1.538328,-1.873526,guided_exp
10:18:46.595,2,-3.136497,1.454959,-2.056675,guided_exp
10:18:46.595,1,-3.848278,1.53825,-1.875889,guided_exp
10:18:46.678,2,-3.157757,1.4549,-2.05394,guided_exp
10:18:46.678,1,-3.847805,1.538003,-1.879336,guided_exp
10:18:46.778,2,-3.183646,1.454978,-2.052666,guided_exp
10:18:46.779,1,-3.849693,1.538109,-1.879862,guided_exp
10:18:46.895,2,-3.201106,1.455162,-2.051567,guided_exp
10:18:46.896,1,-3.849737,1.538349,-1.882417,guided_exp
10:18:46.995,2,-3.21154,1.455538,-2.051177,guided_exp
10:18:46.995,1,-3.850805,1.538035,-1.88501,guided_exp
10:18:47.096,2,-3.213653,1.455561,-2.051857,guided_exp
10:18:47.096,1,-3.849799,1.538184,-1.886303,guided_exp
10:18:47.195,2,-3.216277,1.455972,-2.052539,guided_exp
10:18:47.195,1,-3.850874,1.538304,-1.886919,guided_exp
10:18:47.296,2,-3.216702,1.456267,-2.053072,guided_exp
10:18:47.297,1,-3.851355,1.538073,-1.889569,guided_exp
10:18:47.395,2,-3.215629,1.456923,-2.054428,guided_exp
10:18:47.395,1,-3.852284,1.538086,-1.891893,guided_exp
10:18:47.495,2,-3.214887,1.457097,-2.055344,guided_exp
10:18:47.495,1,-3.852559,1.538037,-1.891928,guided_exp
10:18:47.578,2,-3.213471,1.457379,-2.056328,guided_exp
10:18:47.578,1,-3.853875,1.537973,-1.891437,guided_exp
10:18:47.661,2,-3.212402,1.457679,-2.057358,guided_exp
10:18:47.662,1,-3.855426,1.537852,-1.892798,guided_exp
10:18:47.762,2,-3.212221,1.457834,-2.057698,guided_exp
10:18:47.762,1,-3.85557,1.537901,-1.892401,guided_exp
10:18:47.862,2,-3.212602,1.458246,-2.05871,guided_exp
10:18:47.862,1,-3.855265,1.537982,-1.892911,guided_exp
10:18:47.961,2,-3.212648,1.458525,-2.058503,guided_exp
10:18:47.962,1,-3.854894,1.537474,-1.893044,guided_exp
10:18:48.062,2,-3.213218,1.458671,-2.058302,guided_exp
10:18:48.063,1,-3.854871,1.537809,-1.892068,guided_exp
10:18:48.162,2,-3.213864,1.458876,-2.058447,guided_exp
10:18:48.162,1,-3.854684,1.537682,-1.891217,guided_exp
10:18:48.262,2,-3.213962,1.458932,-2.058087,guided_exp
10:18:48.262,1,-3.854393,1.537717,-1.890885,guided_exp
10:18:48.362,2,-3.214402,1.458814,-2.056939,guided_exp
10:18:48.362,1,-3.854325,1.537543,-1.889723,guided_exp
10:18:48.462,2,-3.214828,1.458414,-2.056177,guided_exp
10:18:48.462,1,-3.85406,1.537202,-1.88614,guided_exp
10:18:48.562,2,-3.215147,1.458331,-2.054908,guided_exp
10:18:48.562,1,-3.854634,1.537411,-1.88389,guided_exp
10:18:48.662,2,-3.215142,1.458123,-2.05448,guided_exp
10:18:48.663,1,-3.854477,1.536779,-1.880017,guided_exp
10:18:48.762,2,-3.214589,1.458024,-2.053862,guided_exp
10:18:48.762,1,-3.855179,1.536785,-1.880192,guided_exp
10:18:48.862,2,-3.214203,1.458114,-2.053637,guided_exp
10:18:48.862,1,-3.854897,1.536606,-1.880304,guided_exp
10:18:48.962,2,-3.212419,1.458105,-2.053698,guided_exp
10:18:48.962,1,-3.855644,1.536598,-1.881823,guided_exp
10:18:49.062,2,-3.211835,1.458205,-2.05331,guided_exp
10:18:49.063,1,-3.855238,1.536719,-1.881149,guided_exp
10:18:49.161,2,-3.210082,1.458354,-2.053719,guided_exp
10:18:49.162,1,-3.855176,1.537053,-1.884456,guided_exp
10:18:49.245,2,-3.209186,1.458277,-2.053741,guided_exp
10:18:49.246,1,-3.855016,1.537793,-1.884542,guided_exp
10:18:49.345,2,-3.208333,1.458243,-2.054022,guided_exp
10:18:49.345,1,-3.85574,1.538079,-1.886477,guided_exp
10:18:49.462,2,-3.207226,1.458096,-2.054586,guided_exp
10:18:49.463,1,-3.85589,1.537989,-1.888666,guided_exp
10:18:49.564,2,-3.206559,1.457896,-2.054848,guided_exp
10:18:49.564,1,-3.85614,1.539073,-1.891195,guided_exp
10:18:49.662,2,-3.204744,1.457543,-2.055771,guided_exp
10:18:49.662,1,-3.857095,1.539244,-1.897976,guided_exp
10:18:49.761,2,-3.204017,1.457082,-2.056075,guided_exp
10:18:49.762,1,-3.858053,1.539353,-1.896141,guided_exp
10:18:49.862,2,-3.203227,1.45702,-2.056211,guided_exp
10:18:49.863,1,-3.857583,1.539587,-1.896131,guided_exp
10:18:49.962,2,-3.202554,1.457041,-2.05738,guided_exp
10:18:49.962,1,-3.857101,1.539753,-1.900294,guided_exp
10:18:50.062,2,-3.201421,1.45705,-2.058747,guided_exp
10:18:50.062,1,-3.857785,1.540167,-1.900215,guided_exp
10:18:50.162,2,-3.200811,1.456995,-2.060316,guided_exp
10:18:50.163,1,-3.856781,1.539538,-1.899154,guided_exp
10:18:50.262,2,-3.198397,1.457143,-2.065788,guided_exp
10:18:50.263,1,-3.856515,1.539577,-1.897737,guided_exp
10:18:50.362,2,-3.195591,1.457176,-2.077049,guided_exp
10:18:50.364,1,-3.855027,1.539979,-1.897714,guided_exp
10:18:50.462,2,-3.190372,1.45715,-2.088075,guided_exp
10:18:50.462,1,-3.851928,1.539738,-1.898538,guided_exp
10:18:50.562,2,-3.173726,1.456865,-2.105334,guided_exp
10:18:50.562,1,-3.849505,1.539812,-1.894371,guided_exp
10:18:50.661,2,-3.130952,1.457088,-2.137072,guided_exp
10:18:50.662,1,-3.840905,1.539913,-1.887251,guided_exp
10:18:50.745,2,-3.108497,1.457061,-2.150731,guided_exp
10:18:50.745,1,-3.831283,1.539638,-1.882264,guided_exp
10:18:50.845,2,-3.061724,1.45717,-2.18085,guided_exp
10:18:50.846,1,-3.816663,1.539112,-1.877644,guided_exp
10:18:50.945,2,-3.002139,1.457096,-2.215428,guided_exp
10:18:50.945,1,-3.791141,1.539098,-1.872974,guided_exp
10:18:51.028,2,-2.932441,1.45718,-2.256459,guided_exp
10:18:51.028,1,-3.769421,1.539299,-1.871245,guided_exp
10:18:51.129,2,-2.886567,1.457034,-2.281767,guided_exp
10:18:51.129,1,-3.751057,1.539526,-1.870256,guided_exp
10:18:51.228,2,-2.80921,1.456927,-2.327562,guided_exp
10:18:51.229,1,-3.726515,1.53901,-1.871632,guided_exp
10:18:51.328,2,-2.780243,1.456845,-2.341473,guided_exp
10:18:51.328,1,-3.710812,1.538983,-1.869223,guided_exp
10:18:51.429,2,-2.756415,1.456726,-2.35596,guided_exp
10:18:51.429,1,-3.698722,1.539269,-1.871011,guided_exp
10:18:51.529,2,-2.717829,1.456687,-2.380012,guided_exp
10:18:51.529,1,-3.681354,1.539441,-1.868801,guided_exp
10:18:51.628,2,-2.7007,1.45728,-2.392614,guided_exp
10:18:51.628,1,-3.654023,1.539166,-1.864256,guided_exp
10:18:51.728,2,-2.694543,1.457396,-2.398467,guided_exp
10:18:51.729,1,-3.642552,1.53924,-1.864022,guided_exp
10:18:51.828,2,-2.683602,1.457615,-2.407808,guided_exp
10:18:51.829,1,-3.627717,1.539272,-1.864273,guided_exp
10:18:51.928,2,-2.681588,1.457336,-2.410269,guided_exp
10:18:51.928,1,-3.623983,1.539487,-1.864531,guided_exp
10:18:52.030,2,-2.678599,1.457461,-2.416858,guided_exp
10:18:52.031,1,-3.615643,1.538423,-1.863519,guided_exp
10:18:52.129,2,-2.679256,1.457213,-2.423595,guided_exp
10:18:52.129,1,-3.610727,1.538357,-1.862309,guided_exp
10:18:52.228,2,-2.679362,1.45723,-2.429423,guided_exp
10:18:52.229,1,-3.602872,1.538884,-1.861004,guided_exp
10:18:52.329,2,-2.679931,1.457205,-2.43439,guided_exp
10:18:52.329,1,-3.602284,1.538771,-1.860477,guided_exp
10:18:52.430,2,-2.679911,1.457247,-2.439166,guided_exp
10:18:52.431,1,-3.593736,1.53837,-1.860856,guided_exp
10:18:52.528,2,-2.677465,1.457154,-2.44445,guided_exp
10:18:52.528,1,-3.591862,1.538433,-1.860662,guided_exp
10:18:52.629,2,-2.676499,1.45732,-2.445162,guided_exp
10:18:52.629,1,-3.58893,1.538269,-1.86065,guided_exp
10:18:52.730,2,-2.675043,1.457475,-2.444272,guided_exp
10:18:52.731,1,-3.586428,1.538969,-1.861134,guided_exp
10:18:52.829,2,-2.673148,1.457926,-2.443203,guided_exp
10:18:52.829,1,-3.586458,1.538308,-1.862258,guided_exp
10:18:52.929,2,-2.671985,1.459721,-2.442163,guided_exp
10:18:52.929,1,-3.586251,1.538156,-1.865477,guided_exp
10:18:53.028,2,-2.670389,1.460237,-2.442556,guided_exp
10:18:53.028,1,-3.586205,1.541176,-1.867748,guided_exp
10:18:53.129,2,-2.669607,1.488775,-2.441209,guided_exp
10:18:53.129,1,-3.587079,1.538609,-1.868765,guided_exp
10:18:53.228,2,-2.663436,1.492168,-2.440813,guided_exp
10:18:53.228,1,-3.587543,1.5355,-1.87523,guided_exp
10:18:53.329,2,-2.659983,1.496367,-2.439301,guided_exp
10:18:53.329,1,-3.587434,1.540091,-1.877011,guided_exp
10:18:53.429,2,-2.657223,1.496142,-2.43857,guided_exp
10:18:53.429,1,-3.587837,1.540312,-1.880507,guided_exp
10:18:53.528,2,-2.655666,1.493592,-2.438743,guided_exp
10:18:53.528,1,-3.585941,1.539233,-1.886655,guided_exp
10:18:53.696,2,-2.654758,1.491807,-2.438594,guided_exp
10:18:53.696,1,-3.586134,1.540978,-1.89082,guided_exp
10:18:53.795,2,-2.653554,1.476971,-2.438416,guided_exp
10:18:53.796,1,-3.584499,1.54464,-1.895031,guided_exp
10:18:53.896,2,-2.651314,1.473273,-2.437751,guided_exp
10:18:53.896,1,-3.584004,1.546949,-1.898877,guided_exp
10:18:53.995,2,-2.650651,1.469497,-2.437601,guided_exp
10:18:53.995,1,-3.581921,1.546961,-1.904842,guided_exp
10:18:54.095,2,-2.64974,1.455748,-2.437135,guided_exp
10:18:54.095,1,-3.583437,1.546411,-1.910293,guided_exp
10:18:54.178,2,-2.649343,1.450745,-2.437353,guided_exp
10:18:54.178,1,-3.583695,1.547255,-1.913582,guided_exp
10:18:54.279,2,-2.648487,1.439849,-2.437863,guided_exp
10:18:54.279,1,-3.583188,1.549568,-1.91654,guided_exp
10:18:54.379,2,-2.64945,1.427623,-2.43813,guided_exp
10:18:54.379,1,-3.584302,1.549586,-1.918422,guided_exp
10:18:54.478,2,-2.650183,1.424949,-2.438381,guided_exp
10:18:54.478,1,-3.590054,1.54945,-1.921002,guided_exp
10:18:54.561,2,-2.651687,1.423228,-2.439244,guided_exp
10:18:54.562,1,-3.594206,1.550364,-1.920093,guided_exp
10:18:54.645,2,-2.653869,1.427288,-2.43993,guided_exp
10:18:54.646,1,-3.60628,1.550217,-1.918653,guided_exp
10:18:54.745,2,-2.662158,1.435336,-2.442774,guided_exp
10:18:54.745,1,-3.618226,1.549132,-1.91973,guided_exp
10:18:54.845,2,-2.673121,1.441885,-2.44321,guided_exp
10:18:54.846,1,-3.639214,1.54791,-1.91669,guided_exp
10:18:54.945,2,-2.689837,1.445779,-2.44396,guided_exp
10:18:54.945,1,-3.669361,1.547829,-1.912898,guided_exp
10:18:55.046,2,-2.71228,1.449082,-2.445805,guided_exp
10:18:55.046,1,-3.716125,1.548019,-1.911376,guided_exp
10:18:55.145,2,-2.739772,1.450368,-2.446754,guided_exp
10:18:55.145,1,-3.758863,1.545574,-1.900894,guided_exp
10:18:55.245,2,-2.76797,1.448611,-2.449763,guided_exp
10:18:55.245,1,-3.802972,1.545218,-1.897638,guided_exp
10:18:55.345,2,-2.799678,1.448098,-2.451123,guided_exp
10:18:55.345,1,-3.847106,1.54343,-1.896503,guided_exp
10:18:55.445,2,-2.837023,1.450171,-2.453777,guided_exp
10:18:55.445,1,-3.889923,1.544937,-1.89139,guided_exp
10:18:55.545,2,-2.869115,1.450069,-2.457427,guided_exp
10:18:55.545,1,-3.927719,1.544378,-1.891465,guided_exp
10:18:55.647,2,-2.899743,1.450242,-2.460618,guided_exp
10:18:55.647,1,-3.946947,1.544915,-1.889434,guided_exp
10:18:55.762,2,-2.923471,1.450741,-2.464732,guided_exp
10:18:55.763,1,-3.964087,1.545198,-1.881183,guided_exp
10:18:55.878,2,-2.946378,1.451972,-2.469248,guided_exp
10:18:55.878,1,-3.975281,1.544972,-1.881553,guided_exp
10:18:55.978,2,-2.958343,1.451728,-2.469829,guided_exp
10:18:55.978,1,-3.98635,1.544561,-1.877532,guided_exp
10:18:56.062,2,-2.96803,1.451299,-2.471389,guided_exp
10:18:56.062,1,-3.992035,1.543864,-1.880165,guided_exp
10:18:56.162,2,-2.973767,1.45226,-2.4721,guided_exp
10:18:56.162,1,-3.996936,1.543676,-1.876072,guided_exp
10:18:56.262,2,-2.977153,1.453554,-2.471858,guided_exp
10:18:56.262,1,-4.0006,1.543945,-1.873097,guided_exp
10:18:56.362,2,-2.983614,1.454502,-2.470894,guided_exp
10:18:56.362,1,-4.006554,1.543523,-1.870816,guided_exp
10:18:56.445,2,-2.986451,1.454865,-2.471239,guided_exp
10:18:56.445,1,-4.00851,1.542755,-1.869682,guided_exp
10:18:56.546,2,-2.987846,1.445912,-2.471437,guided_exp
10:18:56.546,1,-4.01002,1.54171,-1.868186,guided_exp
10:18:56.645,2,-2.989839,1.440303,-2.470966,guided_exp
10:18:56.646,1,-4.00915,1.541357,-1.863791,guided_exp
10:18:56.745,2,-2.990798,1.438285,-2.47103,guided_exp
10:18:56.746,1,-4.009522,1.541221,-1.859519,guided_exp
10:18:56.846,2,-2.99229,1.436564,-2.470646,guided_exp
10:18:56.846,1,-4.011788,1.540121,-1.856592,guided_exp
10:18:56.945,2,-2.993372,1.435071,-2.470908,guided_exp
10:18:56.945,1,-4.010996,1.539127,-1.85592,guided_exp
10:18:57.045,2,-2.993828,1.433795,-2.471092,guided_exp
10:18:57.045,1,-4.010137,1.539164,-1.855461,guided_exp
10:18:57.146,2,-2.994774,1.433165,-2.471414,guided_exp
10:18:57.146,1,-4.008732,1.539299,-1.857836,guided_exp
10:18:57.246,2,-2.995166,1.432902,-2.471619,guided_exp
10:18:57.246,1,-4.009163,1.537694,-1.855274,guided_exp
10:18:57.345,2,-2.995402,1.43272,-2.471853,guided_exp
10:18:57.345,1,-4.008806,1.533349,-1.854727,guided_exp
10:18:57.428,2,-2.995814,1.432746,-2.471903,guided_exp
10:18:57.428,1,-4.009698,1.526966,-1.855317,guided_exp
10:18:57.529,2,-2.996155,1.432778,-2.471861,guided_exp
10:18:57.529,1,-4.0087,1.529139,-1.855408,guided_exp
10:18:57.628,2,-2.996702,1.433264,-2.47204,guided_exp
10:18:57.628,1,-4.010562,1.531926,-1.858367,guided_exp
10:18:57.729,2,-2.997027,1.433672,-2.472108,guided_exp
10:18:57.729,1,-4.010287,1.535298,-1.858297,guided_exp
10:18:57.828,2,-2.997335,1.434464,-2.472158,guided_exp
10:18:57.828,1,-4.011614,1.53438,-1.859909,guided_exp
10:18:57.929,2,-2.997618,1.435637,-2.472109,guided_exp
10:18:57.929,1,-4.010785,1.536714,-1.859345,guided_exp
10:18:58.028,2,-2.99764,1.436092,-2.472203,guided_exp
10:18:58.028,1,-4.01149,1.532814,-1.864763,guided_exp
10:18:58.112,2,-2.997422,1.436607,-2.47157,guided_exp
10:18:58.112,1,-4.010713,1.53479,-1.865077,guided_exp
10:18:58.212,2,-2.997245,1.430563,-2.471435,guided_exp
10:18:58.213,1,-4.009852,1.530849,-1.863789,guided_exp
10:18:58.312,2,-2.996562,1.422015,-2.471549,guided_exp
10:18:58.312,1,-4.009681,1.5115,-1.869068,guided_exp
10:18:58.412,2,-2.995773,1.415726,-2.471177,guided_exp
10:18:58.412,1,-4.006852,1.526153,-1.868598,guided_exp
10:18:58.512,2,-2.995278,1.416673,-2.471193,guided_exp
10:18:58.512,1,-4.006302,1.531153,-1.872984,guided_exp
10:18:58.612,2,-2.994316,1.425341,-2.471143,guided_exp
10:18:58.613,1,-4.001306,1.532348,-1.87579,guided_exp
10:18:58.712,2,-2.993252,1.433552,-2.471465,guided_exp
10:18:58.712,1,-3.993785,1.528813,-1.879212,guided_exp
10:18:58.812,2,-2.991902,1.437033,-2.471968,guided_exp
10:18:58.812,1,-3.983526,1.526612,-1.886745,guided_exp
10:18:58.895,2,-2.991479,1.440503,-2.472324,guided_exp
10:18:58.895,1,-3.975906,1.52553,-1.891156,guided_exp
10:18:58.978,2,-2.990691,1.431036,-2.472876,guided_exp
10:18:58.978,1,-3.967207,1.526278,-1.902226,guided_exp
10:18:59.096,2,-2.989658,1.426419,-2.473353,guided_exp
10:18:59.096,1,-3.963981,1.523046,-1.906095,guided_exp
10:18:59.195,2,-2.988522,1.41931,-2.47387,guided_exp
10:18:59.196,1,-3.963224,1.522024,-1.905398,guided_exp
10:18:59.295,2,-2.987927,1.41448,-2.47432,guided_exp
10:18:59.295,1,-3.948863,1.528192,-1.910012,guided_exp
10:18:59.395,2,-2.986755,1.420619,-2.474624,guided_exp
10:18:59.395,1,-3.943591,1.531014,-1.912019,guided_exp
10:18:59.495,2,-2.985925,1.425129,-2.475208,guided_exp
10:18:59.496,1,-3.937766,1.530425,-1.917456,guided_exp
10:18:59.595,2,-2.984833,1.424236,-2.475769,guided_exp
10:18:59.595,1,-3.928489,1.528364,-1.921051,guided_exp
10:18:59.696,2,-2.98389,1.426817,-2.476054,guided_exp
10:18:59.696,1,-3.926117,1.533395,-1.923612,guided_exp
10:18:59.795,2,-2.982405,1.426822,-2.476648,guided_exp
10:18:59.795,1,-3.919843,1.533107,-1.926394,guided_exp
10:18:59.878,2,-2.981191,1.431031,-2.477022,guided_exp
10:18:59.878,1,-3.914754,1.53124,-1.930265,guided_exp
10:18:59.979,2,-2.980487,1.428877,-2.47762,guided_exp
10:18:59.979,1,-3.908946,1.529763,-1.932494,guided_exp
10:19:00.078,2,-2.979387,1.430344,-2.478096,guided_exp
10:19:00.078,1,-3.902491,1.529115,-1.935615,guided_exp
10:19:00.178,2,-2.978507,1.436124,-2.478337,guided_exp
10:19:00.178,1,-3.897185,1.527657,-1.939074,guided_exp
10:19:00.280,2,-2.977457,1.443938,-2.478503,guided_exp
10:19:00.281,1,-3.888449,1.52634,-1.945391,guided_exp
10:19:00.378,2,-2.976842,1.446864,-2.478599,guided_exp
10:19:00.378,1,-3.883464,1.523481,-1.947814,guided_exp
10:19:00.462,2,-2.975987,1.447894,-2.478801,guided_exp
10:19:00.462,1,-3.876158,1.524626,-1.953145,guided_exp
10:19:00.562,2,-2.975516,1.447331,-2.479035,guided_exp
10:19:00.562,1,-3.874755,1.525384,-1.952182,guided_exp
10:19:00.662,2,-2.974155,1.446947,-2.4798,guided_exp
10:19:00.662,1,-3.870302,1.524797,-1.954784,guided_exp
10:19:00.762,2,-2.973708,1.446945,-2.480443,guided_exp
10:19:00.762,1,-3.866054,1.523191,-1.957781,guided_exp
10:19:00.862,2,-2.972382,1.446941,-2.481829,guided_exp
10:19:00.862,1,-3.862235,1.525448,-1.960168,guided_exp
10:19:00.945,2,-2.971481,1.447098,-2.482357,guided_exp
10:19:00.945,1,-3.860637,1.52363,-1.961155,guided_exp
10:19:01.028,2,-2.969366,1.447322,-2.484681,guided_exp
10:19:01.028,1,-3.85957,1.522275,-1.960681,guided_exp
10:19:01.129,2,-2.964553,1.447499,-2.488538,guided_exp
10:19:01.130,1,-3.859962,1.522517,-1.959535,guided_exp
10:19:01.228,2,-2.954391,1.447791,-2.495673,guided_exp
10:19:01.228,1,-3.861379,1.523771,-1.957402,guided_exp
10:19:01.312,2,-2.942231,1.447713,-2.500691,guided_exp
10:19:01.312,1,-3.861153,1.522691,-1.956728,guided_exp
10:19:01.395,2,-2.918841,1.447478,-2.511161,guided_exp
10:19:01.395,1,-3.861682,1.522969,-1.956957,guided_exp
10:19:01.495,2,-2.89327,1.447009,-2.520269,guided_exp
10:19:01.495,1,-3.860219,1.52212,-1.957768,guided_exp
10:19:01.612,2,-2.844972,1.446962,-2.537787,guided_exp
10:19:01.612,1,-3.85933,1.521518,-1.95668,guided_exp
10:19:01.712,2,-2.802408,1.446748,-2.553989,guided_exp
10:19:01.712,1,-3.857862,1.522767,-1.955933,guided_exp
10:19:01.831,2,-2.758026,1.446378,-2.575267,guided_exp
10:19:01.831,1,-3.858191,1.52048,-1.957212,guided_exp
10:19:01.928,2,-2.696431,1.446393,-2.601929,guided_exp
10:19:01.928,1,-3.858362,1.521258,-1.957809,guided_exp
10:19:02.012,2,-2.655621,1.446019,-2.613158,guided_exp
10:19:02.012,1,-3.857493,1.519886,-1.957213,guided_exp
10:19:02.129,2,-2.608277,1.445575,-2.632305,guided_exp
10:19:02.129,1,-3.858663,1.521768,-1.956804,guided_exp
10:19:02.247,2,-2.549555,1.445287,-2.657351,guided_exp
10:19:02.248,1,-3.85785,1.522647,-1.959751,guided_exp
10:19:02.345,2,-2.521807,1.445238,-2.669424,guided_exp
10:19:02.345,1,-3.8587,1.523941,-1.961256,guided_exp
10:19:02.447,2,-2.487139,1.445107,-2.682179,guided_exp
10:19:02.448,1,-3.858881,1.523707,-1.963893,guided_exp
10:19:02.546,2,-2.461638,1.444914,-2.687149,guided_exp
10:19:02.546,1,-3.858577,1.523721,-1.96299,guided_exp
10:19:02.645,2,-2.440818,1.444513,-2.689374,guided_exp
10:19:02.645,1,-3.854922,1.522346,-1.965935,guided_exp
10:19:02.745,2,-2.422372,1.444167,-2.688178,guided_exp
10:19:02.745,1,-3.853729,1.523086,-1.967307,guided_exp
10:19:02.845,2,-2.401932,1.443885,-2.683832,guided_exp
10:19:02.845,1,-3.853615,1.522585,-1.966133,guided_exp
10:19:02.928,2,-2.374523,1.443844,-2.673879,guided_exp
10:19:02.928,1,-3.852893,1.523787,-1.964915,guided_exp
10:19:03.012,2,-2.349471,1.443812,-2.658163,guided_exp
10:19:03.013,1,-3.851027,1.524206,-1.964346,guided_exp
10:19:03.112,2,-2.308097,1.443899,-2.634396,guided_exp
10:19:03.112,1,-3.848817,1.522767,-1.963484,guided_exp
10:19:03.212,2,-2.261859,1.443899,-2.608973,guided_exp
10:19:03.212,1,-3.84609,1.522068,-1.96266,guided_exp
10:19:03.312,2,-2.22363,1.443507,-2.581564,guided_exp
10:19:03.312,1,-3.840758,1.518474,-1.960761,guided_exp
10:19:03.396,2,-2.186132,1.443413,-2.559502,guided_exp
10:19:03.396,1,-3.835542,1.521835,-1.961368,guided_exp
10:19:03.495,2,-2.166402,1.443301,-2.550628,guided_exp
10:19:03.496,1,-3.834271,1.523775,-1.961169,guided_exp
10:19:03.578,2,-2.137617,1.443269,-2.534481,guided_exp
10:19:03.578,1,-3.824461,1.522398,-1.962987,guided_exp
10:19:03.662,2,-2.122958,1.443674,-2.526778,guided_exp
10:19:03.662,1,-3.819144,1.525077,-1.965277,guided_exp
10:19:03.745,2,-2.101316,1.444419,-2.514357,guided_exp
10:19:03.745,1,-3.808639,1.527037,-1.970346,guided_exp
10:19:03.829,2,-2.087383,1.447536,-2.505595,guided_exp
10:19:03.829,1,-3.795341,1.528623,-1.974679,guided_exp
10:19:03.928,2,-2.057929,1.450673,-2.494829,guided_exp
10:19:03.928,1,-3.782577,1.530129,-1.980991,guided_exp
10:19:04.012,2,-2.03038,1.450851,-2.493861,guided_exp
10:19:04.013,1,-3.77445,1.527296,-1.986493,guided_exp
10:19:04.112,2,-2.003166,1.451493,-2.489354,guided_exp
10:19:04.113,1,-3.766486,1.532574,-1.990665,guided_exp
10:19:04.214,2,-1.970193,1.447124,-2.488018,guided_exp
10:19:04.214,1,-3.755051,1.533372,-1.999634,guided_exp
10:19:04.312,2,-1.927386,1.444628,-2.485705,guided_exp
10:19:04.313,1,-3.7423,1.534179,-2.008077,guided_exp
10:19:04.412,2,-1.881249,1.441097,-2.486437,guided_exp
10:19:04.413,1,-3.733519,1.534808,-2.01339,guided_exp
10:19:04.513,2,-1.833961,1.433814,-2.486665,guided_exp
10:19:04.513,1,-3.69907,1.535134,-2.02743,guided_exp
10:19:04.612,2,-1.786616,1.42493,-2.488395,guided_exp
10:19:04.613,1,-3.686018,1.540467,-2.032409,guided_exp
10:19:04.695,2,-1.741277,1.419284,-2.489066,guided_exp
10:19:04.695,1,-3.667708,1.54163,-2.036883,guided_exp
10:19:04.779,2,-1.715225,1.423615,-2.493907,guided_exp
10:19:04.779,1,-3.657974,1.539979,-2.040446,guided_exp
10:19:04.879,2,-1.67839,1.429713,-2.498557,guided_exp
10:19:04.879,1,-3.64157,1.538478,-2.039421,guided_exp
10:19:04.978,2,-1.642914,1.432687,-2.503266,guided_exp
10:19:04.978,1,-3.62531,1.533622,-2.039273,guided_exp
10:19:05.078,2,-1.614391,1.432835,-2.507267,guided_exp
10:19:05.079,1,-3.608127,1.533863,-2.031588,guided_exp
10:19:05.179,2,-1.593812,1.427761,-2.509994,guided_exp
10:19:05.179,1,-3.585826,1.535391,-2.018958,guided_exp
10:19:05.278,2,-1.575805,1.425931,-2.514987,guided_exp
10:19:05.278,1,-3.557706,1.534513,-1.998361,guided_exp
10:19:05.379,2,-1.562085,1.422782,-2.518936,guided_exp
10:19:05.381,1,-3.527022,1.532899,-1.979159,guided_exp
10:19:05.479,2,-1.556328,1.422594,-2.521362,guided_exp
10:19:05.479,1,-3.489031,1.532354,-1.952462,guided_exp
10:19:05.581,2,-1.543942,1.421641,-2.527352,guided_exp
10:19:05.581,1,-3.448417,1.531757,-1.924222,guided_exp
10:19:05.679,2,-1.534922,1.420235,-2.531282,guided_exp
10:19:05.680,1,-3.417246,1.533223,-1.903331,guided_exp
10:19:05.781,2,-1.530646,1.420651,-2.532381,guided_exp
10:19:05.781,1,-3.372726,1.53203,-1.862907,guided_exp
10:19:05.862,2,-1.527195,1.42121,-2.533459,guided_exp
10:19:05.862,1,-3.346694,1.531752,-1.846327,guided_exp
10:19:05.945,2,-1.525092,1.421058,-2.533697,guided_exp
10:19:05.946,1,-3.332219,1.530619,-1.839297,guided_exp
10:19:06.028,2,-1.521562,1.422059,-2.533788,guided_exp
10:19:06.028,1,-3.322577,1.529468,-1.833712,guided_exp
10:19:06.112,2,-1.519283,1.421985,-2.53396,guided_exp
10:19:06.113,1,-3.322449,1.529325,-1.83034,guided_exp
10:19:06.212,2,-1.514888,1.422219,-2.533088,guided_exp
10:19:06.212,1,-3.314099,1.530145,-1.831178,guided_exp
10:19:06.295,2,-1.512835,1.422321,-2.53258,guided_exp
10:19:06.295,1,-3.292413,1.530055,-1.84436,guided_exp
10:19:06.378,2,-1.511723,1.422912,-2.532036,guided_exp
10:19:06.378,1,-3.279209,1.528947,-1.855337,guided_exp
10:19:06.478,2,-1.510602,1.422595,-2.530939,guided_exp
10:19:06.479,1,-3.258964,1.528521,-1.880359,guided_exp
10:19:06.579,2,-1.509175,1.422574,-2.5295,guided_exp
10:19:06.580,1,-3.23567,1.528569,-1.911588,guided_exp
10:19:06.679,2,-1.507561,1.421782,-2.528325,guided_exp
10:19:06.679,1,-3.214514,1.52825,-1.942317,guided_exp
10:19:06.781,2,-1.502494,1.421173,-2.526946,guided_exp
10:19:06.781,1,-3.164116,1.528637,-1.988612,guided_exp
10:19:06.881,2,-1.499959,1.420283,-2.525251,guided_exp
10:19:06.881,1,-3.148769,1.527777,-2.007096,guided_exp
10:19:06.978,2,-1.498626,1.419544,-2.522549,guided_exp
10:19:06.979,1,-3.137559,1.52741,-2.023163,guided_exp
10:19:07.078,2,-1.497755,1.418843,-2.520599,guided_exp
10:19:07.079,1,-3.12985,1.526971,-2.037472,guided_exp
10:19:07.179,2,-1.498263,1.418822,-2.518035,guided_exp
10:19:07.179,1,-3.124617,1.526041,-2.048442,guided_exp
10:19:07.279,2,-1.499375,1.419506,-2.515024,guided_exp
10:19:07.280,1,-3.121154,1.526539,-2.053684,guided_exp
10:19:07.378,2,-1.501309,1.419323,-2.513338,guided_exp
10:19:07.379,1,-3.117666,1.525055,-2.058606,guided_exp
10:19:07.496,2,-1.503487,1.419011,-2.511754,guided_exp
10:19:07.496,1,-3.116326,1.525098,-2.061857,guided_exp
10:19:07.578,2,-1.50653,1.419177,-2.509706,guided_exp
10:19:07.578,1,-3.114408,1.523877,-2.06473,guided_exp
10:19:07.662,2,-1.507746,1.419411,-2.509192,guided_exp
10:19:07.662,1,-3.113496,1.526131,-2.066362,guided_exp
10:19:07.762,2,-1.511295,1.419831,-2.508744,guided_exp
10:19:07.762,1,-3.113394,1.526746,-2.066889,guided_exp
10:19:07.862,2,-1.51543,1.419254,-2.509857,guided_exp
10:19:07.863,1,-3.11253,1.526431,-2.068623,guided_exp
10:19:07.945,2,-1.51727,1.419853,-2.509922,guided_exp
10:19:07.945,1,-3.112413,1.528587,-2.06813,guided_exp
10:19:08.029,2,-1.519391,1.420733,-2.510422,guided_exp
10:19:08.030,1,-3.112174,1.531938,-2.067726,guided_exp
10:19:08.112,2,-1.521975,1.422633,-2.511598,guided_exp
10:19:08.112,1,-3.112155,1.532827,-2.066456,guided_exp
10:19:08.279,2,-1.523982,1.426756,-2.513041,guided_exp
10:19:08.279,1,-3.111573,1.532273,-2.065557,guided_exp
10:19:08.379,2,-1.524668,1.429987,-2.513461,guided_exp
10:19:08.380,1,-3.112856,1.531018,-2.064327,guided_exp
10:19:08.479,2,-1.525071,1.432829,-2.513135,guided_exp
10:19:08.479,1,-3.113303,1.522795,-2.063517,guided_exp
10:19:08.579,2,-1.526492,1.438315,-2.511193,guided_exp
10:19:08.579,1,-3.113158,1.52946,-2.063368,guided_exp
10:19:08.679,2,-1.528082,1.442171,-2.5089,guided_exp
10:19:08.679,1,-3.113075,1.53375,-2.063628,guided_exp
10:19:08.778,2,-1.530024,1.444719,-2.507547,guided_exp
10:19:08.779,1,-3.11265,1.528221,-2.064094,guided_exp
10:19:08.879,2,-1.533996,1.448004,-2.506179,guided_exp
10:19:08.879,1,-3.112537,1.524691,-2.065038,guided_exp
10:19:08.979,2,-1.536954,1.449123,-2.505511,guided_exp
10:19:08.979,1,-3.111393,1.521765,-2.066899,guided_exp
10:19:09.062,2,-1.541524,1.450419,-2.504224,guided_exp
10:19:09.062,1,-3.111039,1.518356,-2.069148,guided_exp
10:19:09.162,2,-1.54726,1.450098,-2.502176,guided_exp
10:19:09.162,1,-3.111295,1.522829,-2.070171,guided_exp
10:19:09.262,2,-1.560369,1.445333,-2.497418,guided_exp
10:19:09.262,1,-3.110697,1.515037,-2.071126,guided_exp
10:19:09.362,2,-1.576882,1.443984,-2.489856,guided_exp
10:19:09.363,1,-3.111223,1.516012,-2.071972,guided_exp
10:19:09.462,2,-1.598669,1.443123,-2.479617,guided_exp
10:19:09.462,1,-3.11066,1.510902,-2.073334,guided_exp
10:19:09.545,2,-1.624607,1.441342,-2.467425,guided_exp
10:19:09.545,1,-3.110814,1.514284,-2.073612,guided_exp
10:19:09.629,2,-1.661304,1.440905,-2.451745,guided_exp
10:19:09.629,1,-3.110254,1.516204,-2.07534,guided_exp
10:19:09.729,2,-1.703951,1.440454,-2.436198,guided_exp
10:19:09.729,1,-3.109316,1.513859,-2.075834,guided_exp
10:19:09.831,2,-1.729229,1.440391,-2.4273,guided_exp
10:19:09.831,1,-3.109143,1.515136,-2.075744,guided_exp
10:19:09.912,2,-1.775366,1.440336,-2.413818,guided_exp
10:19:09.912,1,-3.109227,1.513561,-2.07559,guided_exp
10:19:10.079,2,-1.851441,1.439931,-2.394979,guided_exp
10:19:10.079,1,-3.109266,1.516768,-2.075605,guided_exp
10:19:10.179,2,-1.887657,1.439547,-2.388544,guided_exp
10:19:10.180,1,-3.108751,1.518245,-2.075892,guided_exp
10:19:10.262,2,-1.92007,1.439312,-2.383095,guided_exp
10:19:10.262,1,-3.108627,1.517998,-2.076042,guided_exp
10:19:10.347,2,-1.936501,1.438934,-2.381031,guided_exp
10:19:10.348,1,-3.108629,1.518072,-2.07587,guided_exp
10:19:10.428,2,-1.960728,1.438779,-2.377356,guided_exp
10:19:10.429,1,-3.108586,1.519565,-2.075985,guided_exp
10:19:10.595,2,-1.988325,1.438891,-2.372229,guided_exp
10:19:10.595,1,-3.109031,1.51572,-2.075627,guided_exp
10:19:10.678,2,-2.005809,1.438811,-2.369791,guided_exp
10:19:10.679,1,-3.109491,1.519525,-2.075659,guided_exp
10:19:10.762,2,-2.013268,1.438773,-2.368257,guided_exp
10:19:10.762,1,-3.109042,1.519067,-2.076633,guided_exp
10:19:10.865,2,-2.022046,1.43879,-2.366951,guided_exp
10:19:10.865,1,-3.109133,1.518629,-2.076695,guided_exp
10:19:10.945,2,-2.031689,1.438761,-2.364564,guided_exp
10:19:10.945,1,-3.109838,1.519334,-2.075776,guided_exp
10:19:11.095,2,-2.038774,1.438555,-2.357216,guided_exp
10:19:11.096,1,-3.110728,1.517602,-2.075353,guided_exp
10:19:11.178,2,-2.040612,1.438517,-2.344205,guided_exp
10:19:11.179,1,-3.110422,1.517384,-2.074854,guided_exp
10:19:11.262,2,-2.037948,1.43842,-2.323736,guided_exp
10:19:11.262,1,-3.110842,1.516464,-2.074913,guided_exp
10:19:11.345,2,-2.035898,1.438365,-2.310397,guided_exp
10:19:11.345,1,-3.110621,1.517322,-2.074995,guided_exp
10:19:11.450,2,-2.031132,1.438211,-2.28336,guided_exp
10:19:11.450,1,-3.110619,1.516254,-2.074371,guided_exp
10:19:11.645,2,-2.020073,1.437989,-2.241938,guided_exp
10:19:11.646,1,-3.110699,1.520475,-2.07374,guided_exp
10:19:11.728,2,-2.018607,1.437852,-2.219151,guided_exp
10:19:11.729,1,-3.110622,1.523972,-2.073545,guided_exp
10:19:11.812,2,-2.01702,1.437747,-2.201732,guided_exp
10:19:11.812,1,-3.110233,1.524549,-2.07356,guided_exp
10:19:11.896,2,-2.016109,1.437415,-2.193763,guided_exp
10:19:11.896,1,-3.110389,1.530722,-2.073496,guided_exp
10:19:11.996,2,-2.017224,1.437454,-2.175825,guided_exp
10:19:11.997,1,-3.110261,1.527693,-2.073446,guided_exp
10:19:12.097,2,-2.020145,1.437349,-2.163425,guided_exp
10:19:12.098,1,-3.110009,1.529248,-2.07308,guided_exp
10:19:12.196,2,-2.0243,1.437331,-2.154011,guided_exp
10:19:12.196,1,-3.109819,1.530144,-2.072628,guided_exp
10:19:12.297,2,-2.031375,1.437329,-2.143312,guided_exp
10:19:12.298,1,-3.108791,1.529865,-2.073222,guided_exp
10:19:12.378,2,-2.039628,1.437077,-2.13411,guided_exp
10:19:12.379,1,-3.108025,1.532045,-2.072704,guided_exp
10:19:12.462,2,-2.046826,1.437082,-2.127823,guided_exp
10:19:12.462,1,-3.10785,1.525084,-2.072561,guided_exp
10:19:12.545,2,-2.061002,1.436984,-2.120251,guided_exp
10:19:12.545,1,-3.107507,1.525455,-2.07261,guided_exp
10:19:12.645,2,-2.069332,1.436841,-2.115781,guided_exp
10:19:12.645,1,-3.106289,1.527437,-2.072743,guided_exp
10:19:12.746,2,-2.077778,1.437158,-2.110875,guided_exp
10:19:12.746,1,-3.106137,1.533456,-2.072526,guided_exp
10:19:12.848,2,-2.084249,1.437191,-2.106841,guided_exp
10:19:12.848,1,-3.105961,1.536575,-2.072208,guided_exp
10:19:12.928,2,-2.089579,1.436981,-2.103924,guided_exp
10:19:12.929,1,-3.105387,1.532214,-2.072027,guided_exp
10:19:13.012,2,-2.092536,1.436976,-2.102157,guided_exp
10:19:13.012,1,-3.105106,1.533859,-2.07202,guided_exp
10:19:13.095,2,-2.095496,1.43687,-2.100781,guided_exp
10:19:13.095,1,-3.104537,1.532017,-2.071946,guided_exp
10:19:13.179,2,-2.096722,1.437035,-2.099572,guided_exp
10:19:13.180,1,-3.10372,1.531421,-2.072084,guided_exp
10:19:13.281,2,-2.098333,1.437097,-2.097839,guided_exp
10:19:13.281,1,-3.103276,1.531634,-2.071644,guided_exp
10:19:13.362,2,-2.099732,1.43732,-2.09684,guided_exp
10:19:13.362,1,-3.102541,1.531911,-2.07156,guided_exp
10:19:13.446,2,-2.10054,1.437406,-2.09598,guided_exp
10:19:13.446,1,-3.102658,1.534106,-2.069955,guided_exp
10:19:13.528,2,-2.101401,1.437384,-2.095395,guided_exp
10:19:13.529,1,-3.099883,1.534804,-2.070335,guided_exp
10:19:13.613,2,-2.10164,1.437319,-2.094452,guided_exp
10:19:13.613,1,-3.100117,1.535944,-2.069339,guided_exp
10:19:13.695,2,-2.102113,1.437232,-2.093968,guided_exp
10:19:13.695,1,-3.09966,1.535123,-2.068273,guided_exp
10:19:13.779,2,-2.102059,1.437279,-2.093473,guided_exp
10:19:13.780,1,-3.0989,1.533952,-2.067443,guided_exp
10:19:13.862,2,-2.101803,1.437199,-2.093307,guided_exp
10:19:13.862,1,-3.098612,1.535882,-2.06597,guided_exp
10:19:13.946,2,-2.101689,1.436958,-2.093377,guided_exp
10:19:13.946,1,-3.09757,1.537166,-2.0654,guided_exp
10:19:14.028,2,-2.101611,1.436912,-2.093335,guided_exp
10:19:14.029,1,-3.096033,1.536621,-2.063645,guided_exp
10:19:14.212,2,-2.10113,1.436809,-2.093272,guided_exp
10:19:14.212,1,-3.096831,1.536561,-2.060874,guided_exp
10:19:14.312,2,-2.100366,1.437283,-2.093883,guided_exp
10:19:14.312,1,-3.09891,1.53586,-2.057198,guided_exp
10:19:14.395,2,-2.099195,1.438728,-2.09559,guided_exp
10:19:14.395,1,-3.101204,1.535719,-2.055594,guided_exp
10:19:14.496,2,-2.099108,1.442519,-2.097221,guided_exp
10:19:14.496,1,-3.103002,1.536243,-2.054691,guided_exp
10:19:14.596,2,-2.096252,1.445332,-2.100161,guided_exp
10:19:14.596,1,-3.105804,1.537153,-2.052192,guided_exp
10:19:14.695,2,-2.095253,1.445781,-2.102283,guided_exp
10:19:14.696,1,-3.107668,1.538398,-2.049437,guided_exp
10:19:14.796,2,-2.097197,1.444809,-2.102044,guided_exp
10:19:14.796,1,-3.110399,1.53773,-2.046413,guided_exp
10:19:14.896,2,-2.0979,1.440713,-2.101983,guided_exp
10:19:14.896,1,-3.110868,1.536933,-2.045839,guided_exp
10:19:14.998,2,-2.098436,1.443427,-2.101661,guided_exp
10:19:14.998,1,-3.111,1.53755,-2.045772,guided_exp
10:19:15.078,2,-2.098213,1.443185,-2.101146,guided_exp
10:19:15.079,1,-3.111151,1.53832,-2.045776,guided_exp
10:19:15.162,2,-2.097821,1.438117,-2.100569,guided_exp
10:19:15.162,1,-3.111086,1.536057,-2.045388,guided_exp
10:19:15.262,2,-2.097378,1.435807,-2.099671,guided_exp
10:19:15.262,1,-3.110146,1.535782,-2.04523,guided_exp
10:19:15.362,2,-2.097629,1.435131,-2.098597,guided_exp
10:19:15.362,1,-3.111222,1.537331,-2.044636,guided_exp
10:19:15.445,2,-2.097059,1.431802,-2.098579,guided_exp
10:19:15.445,1,-3.109237,1.53794,-2.044458,guided_exp
10:19:15.529,2,-2.096979,1.428144,-2.098962,guided_exp
10:19:15.530,1,-3.11081,1.53708,-2.044339,guided_exp
10:19:15.629,2,-2.099306,1.427217,-2.099842,guided_exp
10:19:15.630,1,-3.110837,1.534877,-2.04438,guided_exp
10:19:15.712,2,-2.102357,1.425935,-2.101371,guided_exp
10:19:15.712,1,-3.111374,1.535768,-2.044057,guided_exp
10:19:15.796,2,-2.103946,1.425404,-2.101966,guided_exp
10:19:15.796,1,-3.111565,1.53807,-2.044294,guided_exp
10:19:15.896,2,-2.106426,1.415984,-2.103135,guided_exp
10:19:15.896,1,-3.111859,1.535744,-2.04389,guided_exp
10:19:15.979,2,-2.107224,1.421062,-2.103429,guided_exp
10:19:15.979,1,-3.112534,1.535744,-2.043669,guided_exp
10:19:16.062,2,-2.107545,1.417489,-2.103374,guided_exp
10:19:16.062,1,-3.112965,1.537083,-2.043426,guided_exp
10:19:16.145,2,-2.108377,1.417105,-2.103266,guided_exp
10:19:16.145,1,-3.113583,1.538529,-2.043667,guided_exp
10:19:16.296,2,-2.109313,1.423189,-2.103618,guided_exp
10:19:16.296,1,-3.114893,1.540715,-2.043578,guided_exp
10:19:16.396,2,-2.110069,1.428863,-2.103984,guided_exp
10:19:16.396,1,-3.115706,1.541083,-2.043434,guided_exp
10:19:16.497,2,-2.110619,1.432998,-2.105089,guided_exp
10:19:16.498,1,-3.117352,1.54067,-2.043497,guided_exp
10:19:16.578,2,-2.111062,1.436956,-2.105773,guided_exp
10:19:16.579,1,-3.117921,1.541757,-2.044151,guided_exp
10:19:16.662,2,-2.111138,1.442507,-2.10613,guided_exp
10:19:16.662,1,-3.117695,1.542016,-2.046244,guided_exp
10:19:16.762,2,-2.110971,1.444164,-2.106148,guided_exp
10:19:16.762,1,-3.117501,1.542256,-2.04921,guided_exp
10:19:16.862,2,-2.110273,1.449148,-2.106505,guided_exp
10:19:16.862,1,-3.117593,1.543714,-2.052622,guided_exp
10:19:16.962,2,-2.10986,1.448975,-2.106489,guided_exp
10:19:16.962,1,-3.11738,1.541908,-2.053107,guided_exp
10:19:17.062,2,-2.109042,1.446846,-2.10706,guided_exp
10:19:17.062,1,-3.116553,1.541293,-2.055314,guided_exp
10:19:17.145,2,-2.10867,1.444841,-2.107533,guided_exp
10:19:17.145,1,-3.115708,1.541125,-2.057412,guided_exp
10:19:17.246,2,-2.108435,1.440965,-2.108709,guided_exp
10:19:17.246,1,-3.115267,1.540562,-2.058939,guided_exp
10:19:17.345,2,-2.108543,1.434154,-2.108999,guided_exp
10:19:17.345,1,-3.114109,1.539081,-2.060172,guided_exp
10:19:17.446,2,-2.107039,1.429202,-2.110219,guided_exp
10:19:17.446,1,-3.113448,1.536103,-2.062548,guided_exp
10:19:17.546,2,-2.107778,1.426484,-2.111014,guided_exp
10:19:17.546,1,-3.111397,1.535264,-2.064776,guided_exp
10:19:17.628,2,-2.106853,1.420706,-2.111443,guided_exp
10:19:17.628,1,-3.111339,1.534707,-2.065759,guided_exp
10:19:17.762,2,-2.108529,1.419397,-2.111841,guided_exp
10:19:17.762,1,-3.111743,1.534899,-2.066371,guided_exp
10:19:17.846,2,-2.109545,1.419674,-2.112131,guided_exp
10:19:17.847,1,-3.112019,1.540317,-2.06619,guided_exp
10:19:17.928,2,-2.111394,1.41903,-2.113109,guided_exp
10:19:17.929,1,-3.11189,1.542145,-2.066405,guided_exp
10:19:18.095,2,-2.112997,1.420038,-2.112668,guided_exp
10:19:18.095,1,-3.112791,1.538638,-2.066259,guided_exp
10:19:18.178,2,-2.115468,1.41954,-2.11265,guided_exp
10:19:18.179,1,-3.113554,1.539785,-2.06607,guided_exp
10:19:18.262,2,-2.118061,1.420449,-2.112461,guided_exp
10:19:18.262,1,-3.11455,1.538554,-2.062937,guided_exp
10:19:18.363,2,-2.119413,1.423332,-2.112829,guided_exp
10:19:18.363,1,-3.114658,1.54054,-2.063374,guided_exp
10:19:18.463,2,-2.121492,1.424872,-2.112405,guided_exp
10:19:18.463,1,-3.115256,1.539783,-2.062427,guided_exp
10:19:18.562,2,-2.124429,1.425766,-2.111122,guided_exp
10:19:18.562,1,-3.116628,1.536605,-2.05951,guided_exp
10:19:18.645,2,-2.125971,1.425313,-2.110319,guided_exp
10:19:18.645,1,-3.116953,1.535055,-2.059325,guided_exp
10:19:18.746,2,-2.127746,1.42501,-2.10859,guided_exp
10:19:18.746,1,-3.118108,1.526383,-2.058826,guided_exp
10:19:18.846,2,-2.129107,1.424844,-2.107454,guided_exp
10:19:18.846,1,-3.11815,1.52646,-2.058041,guided_exp
10:19:18.945,2,-2.130003,1.423676,-2.106322,guided_exp
10:19:18.945,1,-3.118799,1.527241,-2.056485,guided_exp
10:19:19.046,2,-2.131214,1.423761,-2.104689,guided_exp
10:19:19.046,1,-3.121705,1.527668,-2.05432,guided_exp
10:19:19.146,2,-2.132099,1.423784,-2.103922,guided_exp
10:19:19.146,1,-3.122149,1.534089,-2.054467,guided_exp
10:19:19.245,2,-2.132735,1.423461,-2.103435,guided_exp
10:19:19.245,1,-3.125358,1.533108,-2.054419,guided_exp
10:19:19.329,2,-2.133596,1.423066,-2.102684,guided_exp
10:19:19.329,1,-3.126082,1.531601,-2.05484,guided_exp
10:19:19.429,2,-2.134489,1.422264,-2.101783,guided_exp
10:19:19.430,1,-3.126831,1.528872,-2.054313,guided_exp
10:19:19.529,2,-2.134603,1.421488,-2.101687,guided_exp
10:19:19.530,1,-3.127518,1.528313,-2.054367,guided_exp
10:19:19.629,2,-2.134719,1.420422,-2.100652,guided_exp
10:19:19.629,1,-3.130396,1.528012,-2.053298,guided_exp
10:19:19.729,2,-2.134614,1.42046,-2.100547,guided_exp
10:19:19.730,1,-3.129951,1.531525,-2.053276,guided_exp
10:19:19.828,2,-2.134108,1.420302,-2.100815,guided_exp
10:19:19.829,1,-3.128104,1.529972,-2.052703,guided_exp
10:19:19.913,2,-2.134396,1.420705,-2.100604,guided_exp
10:19:19.913,1,-3.128101,1.533382,-2.052311,guided_exp
10:19:20.012,2,-2.134996,1.420706,-2.100592,guided_exp
10:19:20.012,1,-3.128115,1.534078,-2.051159,guided_exp
10:19:20.113,2,-2.135458,1.420831,-2.100912,guided_exp
10:19:20.113,1,-3.127069,1.52972,-2.050939,guided_exp
10:19:20.213,2,-2.135974,1.421011,-2.101088,guided_exp
10:19:20.213,1,-3.125395,1.533585,-2.050636,guided_exp
10:19:20.313,2,-2.13658,1.420559,-2.101146,guided_exp
10:19:20.313,1,-3.124271,1.534924,-2.050804,guided_exp
10:19:20.412,2,-2.136874,1.420593,-2.101645,guided_exp
10:19:20.412,1,-3.123055,1.533958,-2.050114,guided_exp
10:19:20.545,2,-2.137128,1.420379,-2.101962,guided_exp
10:19:20.545,1,-3.121501,1.535219,-2.049383,guided_exp
10:19:20.695,2,-2.136647,1.420493,-2.103628,guided_exp
10:19:20.695,1,-3.120257,1.531782,-2.049968,guided_exp
10:19:20.796,2,-2.137057,1.420614,-2.104363,guided_exp
10:19:20.796,1,-3.121235,1.531125,-2.050744,guided_exp
10:19:20.878,2,-2.137027,1.420595,-2.105439,guided_exp
10:19:20.879,1,-3.120004,1.532433,-2.050719,guided_exp
10:19:20.963,2,-2.13644,1.421205,-2.106655,guided_exp
10:19:20.963,1,-3.117766,1.531408,-2.051104,guided_exp
10:19:21.063,2,-2.136358,1.42091,-2.108437,guided_exp
10:19:21.063,1,-3.11692,1.529729,-2.050482,guided_exp
10:19:21.163,2,-2.135758,1.421565,-2.109094,guided_exp
10:19:21.163,1,-3.115451,1.529998,-2.051962,guided_exp
10:19:21.262,2,-2.134138,1.422184,-2.110275,guided_exp
10:19:21.262,1,-3.114234,1.529169,-2.053383,guided_exp
10:19:21.346,2,-2.133142,1.422147,-2.111553,guided_exp
10:19:21.346,1,-3.113182,1.531239,-2.054451,guided_exp
10:19:21.446,2,-2.131884,1.421945,-2.111825,guided_exp
10:19:21.446,1,-3.112434,1.532228,-2.054465,guided_exp
10:19:21.545,2,-2.130883,1.421798,-2.111925,guided_exp
10:19:21.545,1,-3.112301,1.532589,-2.055725,guided_exp
10:19:21.628,2,-2.129602,1.421039,-2.112127,guided_exp
10:19:21.629,1,-3.111202,1.532988,-2.056003,guided_exp
10:19:21.779,2,-2.127913,1.420285,-2.112509,guided_exp
10:19:21.779,1,-3.111683,1.533385,-2.057669,guided_exp
10:19:21.879,2,-2.126652,1.419974,-2.112959,guided_exp
10:19:21.880,1,-3.110228,1.533322,-2.057487,guided_exp
10:19:21.978,2,-2.125513,1.41967,-2.113184,guided_exp
10:19:21.979,1,-3.108841,1.533182,-2.058133,guided_exp
10:19:22.079,2,-2.125187,1.419839,-2.113498,guided_exp
10:19:22.079,1,-3.1087,1.53314,-2.057943,guided_exp
10:19:22.179,2,-2.124679,1.419611,-2.113328,guided_exp
10:19:22.180,1,-3.108785,1.53265,-2.057471,guided_exp
10:19:22.279,2,-2.12321,1.420289,-2.114303,guided_exp
10:19:22.280,1,-3.108253,1.532561,-2.057003,guided_exp
10:19:22.379,2,-2.122565,1.421795,-2.114861,guided_exp
10:19:22.379,1,-3.108053,1.532301,-2.05567,guided_exp
10:19:22.480,2,-2.121313,1.42245,-2.11482,guided_exp
10:19:22.480,1,-3.107511,1.532135,-2.05677,guided_exp
10:19:22.562,2,-2.120591,1.423519,-2.114838,guided_exp
10:19:22.562,1,-3.107428,1.531367,-2.057444,guided_exp
10:19:22.714,2,-2.119007,1.424775,-2.114341,guided_exp
10:19:22.715,1,-3.107461,1.531435,-2.057366,guided_exp
10:19:22.795,2,-2.118258,1.426284,-2.114449,guided_exp
10:19:22.795,1,-3.106663,1.531398,-2.057435,guided_exp
10:19:22.878,2,-2.117963,1.425796,-2.114369,guided_exp
10:19:22.879,1,-3.107289,1.531036,-2.058107,guided_exp
10:19:22.962,2,-2.117608,1.424976,-2.114388,guided_exp
10:19:22.962,1,-3.107796,1.531066,-2.057214,guided_exp
10:19:23.095,2,-2.116873,1.423003,-2.114348,guided_exp
10:19:23.095,1,-3.107044,1.530854,-2.057485,guided_exp
10:19:23.246,2,-2.116294,1.419938,-2.114336,guided_exp
10:19:23.246,1,-3.107514,1.53043,-2.057631,guided_exp
10:19:23.328,2,-2.115817,1.418331,-2.113938,guided_exp
10:19:23.329,1,-3.107149,1.530283,-2.057345,guided_exp
10:19:23.496,2,-2.114819,1.418907,-2.113034,guided_exp
10:19:23.496,1,-3.107372,1.530346,-2.056951,guided_exp
10:19:23.578,2,-2.114613,1.418564,-2.112634,guided_exp
10:19:23.579,1,-3.107,1.530443,-2.057214,guided_exp
10:19:23.662,2,-2.114198,1.421561,-2.111982,guided_exp
10:19:23.662,1,-3.106249,1.530676,-2.057108,guided_exp
10:19:23.763,2,-2.113484,1.422459,-2.11106,guided_exp
10:19:23.763,1,-3.105705,1.53123,-2.057042,guided_exp
10:19:23.845,2,-2.112953,1.424032,-2.110806,guided_exp
10:19:23.845,1,-3.105029,1.531216,-2.057527,guided_exp
10:19:23.995,2,-2.112216,1.423385,-2.110382,guided_exp
10:19:23.995,1,-3.103596,1.531287,-2.057172,guided_exp
10:19:24.078,2,-2.111871,1.422651,-2.110807,guided_exp
10:19:24.079,1,-3.102106,1.531568,-2.058176,guided_exp
10:19:24.162,2,-2.111624,1.423181,-2.111025,guided_exp
10:19:24.163,1,-3.100241,1.532037,-2.057962,guided_exp
10:19:24.262,2,-2.11143,1.426096,-2.111037,guided_exp
10:19:24.262,1,-3.099368,1.532069,-2.058884,guided_exp
10:19:24.363,2,-2.111273,1.427545,-2.111078,guided_exp
10:19:24.363,1,-3.098951,1.532218,-2.057932,guided_exp
10:19:24.445,2,-2.111304,1.429438,-2.110919,guided_exp
10:19:24.445,1,-3.097994,1.532275,-2.057781,guided_exp
10:19:24.613,2,-2.111106,1.431715,-2.111276,guided_exp
10:19:24.614,1,-3.098501,1.532186,-2.056799,guided_exp
10:19:24.713,2,-2.111117,1.434431,-2.110929,guided_exp
10:19:24.713,1,-3.099046,1.532138,-2.05496,guided_exp
10:19:24.813,2,-2.111161,1.434889,-2.11078,guided_exp
10:19:24.813,1,-3.097695,1.532758,-2.055065,guided_exp
10:19:24.913,2,-2.111418,1.433725,-2.110622,guided_exp
10:19:24.913,1,-3.098106,1.532608,-2.054739,guided_exp
10:19:25.013,2,-2.11299,1.432377,-2.109887,guided_exp
10:19:25.013,1,-3.098454,1.532745,-2.054937,guided_exp
10:19:25.095,2,-2.11644,1.432054,-2.107434,guided_exp
10:19:25.095,1,-3.098342,1.533339,-2.054414,guided_exp
10:19:25.228,2,-2.123212,1.431089,-2.104564,guided_exp
10:19:25.229,1,-3.097583,1.533075,-2.054331,guided_exp
10:19:25.312,2,-2.125729,1.432673,-2.102559,guided_exp
10:19:25.313,1,-3.097953,1.532912,-2.05424,guided_exp
10:19:25.412,2,-2.129141,1.433002,-2.100786,guided_exp
10:19:25.413,1,-3.097785,1.532564,-2.054362,guided_exp
10:19:25.513,2,-2.132692,1.433421,-2.099419,guided_exp
10:19:25.513,1,-3.098179,1.532418,-2.054681,guided_exp
10:19:25.612,2,-2.135034,1.431051,-2.098835,guided_exp
10:19:25.612,1,-3.097855,1.532323,-2.055124,guided_exp
10:19:25.762,2,-2.137771,1.430379,-2.098404,guided_exp
10:19:25.762,1,-3.09747,1.532872,-2.055738,guided_exp
10:19:25.845,2,-2.138118,1.430782,-2.098174,guided_exp
10:19:25.845,1,-3.097086,1.532356,-2.055996,guided_exp
10:19:25.996,2,-2.138957,1.430418,-2.097269,guided_exp
10:19:25.997,1,-3.097588,1.532424,-2.055979,guided_exp
10:19:26.078,2,-2.139265,1.43008,-2.096043,guided_exp
10:19:26.079,1,-3.098311,1.533024,-2.05604,guided_exp
10:19:26.229,2,-2.139391,1.42922,-2.094394,guided_exp
10:19:26.229,1,-3.098606,1.533035,-2.054125,guided_exp
10:19:26.312,2,-2.139319,1.426373,-2.093257,guided_exp
10:19:26.312,1,-3.098604,1.532388,-2.053339,guided_exp
10:19:26.480,2,-2.138985,1.425307,-2.091626,guided_exp
10:19:26.480,1,-3.098665,1.531668,-2.053237,guided_exp
10:19:26.562,2,-2.138834,1.425337,-2.090908,guided_exp
10:19:26.562,1,-3.098806,1.531638,-2.052802,guided_exp
10:19:26.713,2,-2.138635,1.424731,-2.089802,guided_exp
10:19:26.713,1,-3.098558,1.531653,-2.052865,guided_exp
10:19:26.813,2,-2.138614,1.424116,-2.089249,guided_exp
10:19:26.813,1,-3.098888,1.531582,-2.052722,guided_exp
10:19:26.895,2,-2.138353,1.423775,-2.088527,guided_exp
10:19:26.895,1,-3.098914,1.531526,-2.052411,guided_exp
10:19:27.045,2,-2.138047,1.42334,-2.087635,guided_exp
10:19:27.046,1,-3.099795,1.531373,-2.052421,guided_exp
10:19:27.146,2,-2.137639,1.423858,-2.087889,guided_exp
10:19:27.146,1,-3.100132,1.531265,-2.052362,guided_exp
10:19:27.264,2,-2.137302,1.424042,-2.087376,guided_exp
10:19:27.264,1,-3.101429,1.530943,-2.052553,guided_exp
10:19:27.345,2,-2.137265,1.424358,-2.087293,guided_exp
10:19:27.345,1,-3.102411,1.530985,-2.053298,guided_exp
10:19:27.429,2,-2.136979,1.424246,-2.087037,guided_exp
10:19:27.429,1,-3.102011,1.531345,-2.052435,guided_exp
10:19:27.529,2,-2.136553,1.42433,-2.08672,guided_exp
10:19:27.530,1,-3.102308,1.531311,-2.052555,guided_exp
10:19:27.612,2,-2.136328,1.424628,-2.086516,guided_exp
10:19:27.612,1,-3.10281,1.53115,-2.053733,guided_exp
10:19:27.745,2,-2.136239,1.424628,-2.086291,guided_exp
10:19:27.745,1,-3.102542,1.531228,-2.053968,guided_exp
10:19:27.895,2,-2.135973,1.42503,-2.086039,guided_exp
10:19:27.895,1,-3.101848,1.530593,-2.055446,guided_exp
10:19:27.996,2,-2.13557,1.425336,-2.086148,guided_exp
10:19:27.996,1,-3.100332,1.530465,-2.055013,guided_exp
10:19:28.095,2,-2.135213,1.425437,-2.0863,guided_exp
10:19:28.095,1,-3.099352,1.530792,-2.055576,guided_exp
10:19:28.246,2,-2.134399,1.425381,-2.086736,guided_exp
10:19:28.246,1,-3.096793,1.532185,-2.055685,guided_exp
10:19:28.346,2,-2.134189,1.4259,-2.08684,guided_exp
10:19:28.346,1,-3.096299,1.532615,-2.055917,guided_exp
10:19:28.446,2,-2.134071,1.426372,-2.086938,guided_exp
10:19:28.447,1,-3.096678,1.532827,-2.055434,guided_exp
10:19:28.529,2,-2.133959,1.426469,-2.08681,guided_exp
10:19:28.529,1,-3.094657,1.532612,-2.055443,guided_exp
10:19:28.612,2,-2.133943,1.42664,-2.086898,guided_exp
10:19:28.612,1,-3.094251,1.531681,-2.055537,guided_exp
10:19:28.714,2,-2.134301,1.426074,-2.086959,guided_exp
10:19:28.715,1,-3.094149,1.532425,-2.055295,guided_exp
10:19:28.795,2,-2.134715,1.425938,-2.086428,guided_exp
10:19:28.795,1,-3.094557,1.533539,-2.054459,guided_exp
10:19:28.879,2,-2.135095,1.425752,-2.08605,guided_exp
10:19:28.880,1,-3.094678,1.534939,-2.0541,guided_exp
10:19:28.962,2,-2.135277,1.426113,-2.085682,guided_exp
10:19:28.962,1,-3.095533,1.534918,-2.053741,guided_exp
10:19:29.045,2,-2.135832,1.425758,-2.085402,guided_exp
10:19:29.045,1,-3.095839,1.53486,-2.053556,guided_exp
10:19:29.128,2,-2.136602,1.425574,-2.084503,guided_exp
10:19:29.129,1,-3.09818,1.534528,-2.051739,guided_exp
10:19:29.213,2,-2.136773,1.42513,-2.084252,guided_exp
10:19:29.213,1,-3.100084,1.534827,-2.051167,guided_exp
10:19:29.295,2,-2.136913,1.425022,-2.084091,guided_exp
10:19:29.295,1,-3.101533,1.534516,-2.050436,guided_exp
10:19:29.428,2,-2.137225,1.424648,-2.083674,guided_exp
10:19:29.429,1,-3.103814,1.533221,-2.049749,guided_exp
10:19:29.513,2,-2.137211,1.42413,-2.083608,guided_exp
10:19:29.513,1,-3.104322,1.532369,-2.049286,guided_exp
10:19:29.613,2,-2.137105,1.423914,-2.08318,guided_exp
10:19:29.613,1,-3.105115,1.53247,-2.048657,guided_exp
10:19:29.695,2,-2.137035,1.424067,-2.083056,guided_exp
10:19:29.695,1,-3.105721,1.532578,-2.048228,guided_exp
10:19:29.779,2,-2.13705,1.424241,-2.083041,guided_exp
10:19:29.780,1,-3.106392,1.532997,-2.047543,guided_exp
10:19:29.862,2,-2.137233,1.424559,-2.0837,guided_exp
10:19:29.862,1,-3.106727,1.532549,-2.047337,guided_exp
10:19:29.945,2,-2.137352,1.42432,-2.083658,guided_exp
10:19:29.945,1,-3.107626,1.533362,-2.046608,guided_exp
10:19:30.029,2,-2.137399,1.424219,-2.083596,guided_exp
10:19:30.029,1,-3.108605,1.532914,-2.045277,guided_exp
10:19:30.113,2,-2.137715,1.424099,-2.083545,guided_exp
10:19:30.113,1,-3.109158,1.533193,-2.044931,guided_exp
10:19:30.213,2,-2.138108,1.423877,-2.083849,guided_exp
10:19:30.214,1,-3.109591,1.533182,-2.04497,guided_exp
10:19:30.295,2,-2.138417,1.423961,-2.083919,guided_exp
10:19:30.295,1,-3.109342,1.532851,-2.044492,guided_exp
10:19:30.379,2,-2.138749,1.423722,-2.084168,guided_exp
10:19:30.379,1,-3.109534,1.532428,-2.044706,guided_exp
10:19:30.462,2,-2.13893,1.423263,-2.084203,guided_exp
10:19:30.462,1,-3.109933,1.531709,-2.044796,guided_exp
10:19:30.546,2,-2.1399,1.42313,-2.084394,guided_exp
10:19:30.547,1,-3.109953,1.532733,-2.045059,guided_exp
10:19:30.629,2,-2.147836,1.422695,-2.085432,guided_exp
10:19:30.629,1,-3.110014,1.532808,-2.045487,guided_exp
10:19:30.762,2,-2.158125,1.422383,-2.076964,guided_exp
10:19:30.762,1,-3.109948,1.531594,-2.045904,guided_exp
10:19:30.845,2,-2.163971,1.422375,-2.064559,guided_exp
10:19:30.845,1,-3.109946,1.530124,-2.046066,guided_exp
10:19:30.929,2,-2.169976,1.422202,-2.021636,guided_exp
10:19:30.929,1,-3.10999,1.531379,-2.04726,guided_exp
10:19:31.013,2,-2.169477,1.422528,-2.001054,guided_exp
10:19:31.013,1,-3.110242,1.531659,-2.047367,guided_exp
10:19:31.162,2,-2.169832,1.422842,-1.863228,guided_exp
10:19:31.162,1,-3.109192,1.531595,-2.05005,guided_exp
10:19:31.263,2,-2.157148,1.422983,-1.741836,guided_exp
10:19:31.263,1,-3.109526,1.531794,-2.05138,guided_exp
10:19:31.363,2,-2.136549,1.423116,-1.597588,guided_exp
10:19:31.363,1,-3.109062,1.532052,-2.05299,guided_exp
10:19:31.462,2,-2.123626,1.423149,-1.425921,guided_exp
10:19:31.462,1,-3.108033,1.531318,-2.055447,guided_exp
10:19:31.545,2,-2.123547,1.423158,-1.347881,guided_exp
10:19:31.545,1,-3.107801,1.531202,-2.056464,guided_exp
10:19:31.629,2,-2.129789,1.423141,-1.257221,guided_exp
10:19:31.629,1,-3.107075,1.531577,-2.057019,guided_exp
10:19:31.712,2,-2.136051,1.423355,-1.181576,guided_exp
10:19:31.712,1,-3.106596,1.53137,-2.057865,guided_exp
10:19:31.812,2,-2.14729,1.422819,-1.103458,guided_exp
10:19:31.812,1,-3.105355,1.532056,-2.060324,guided_exp
10:19:31.895,2,-2.16257,1.422451,-1.009975,guided_exp
10:19:31.895,1,-3.104286,1.532032,-2.061037,guided_exp
10:19:31.979,2,-2.173249,1.422385,-0.956077,guided_exp
10:19:31.979,1,-3.102863,1.531709,-2.061968,guided_exp
10:19:32.062,2,-2.179437,1.422652,-0.886066,guided_exp
10:19:32.062,1,-3.102525,1.53175,-2.063001,guided_exp
10:19:32.147,2,-2.181183,1.422793,-0.872868,guided_exp
10:19:32.147,1,-3.10217,1.532541,-2.063903,guided_exp
10:19:32.229,2,-2.187489,1.422495,-0.823637,guided_exp
10:19:32.229,1,-3.101575,1.533514,-2.06423,guided_exp
10:19:32.313,2,-2.188351,1.422263,-0.796361,guided_exp
10:19:32.313,1,-3.101521,1.533483,-2.06428,guided_exp
10:19:32.413,2,-2.185243,1.422018,-0.783366,guided_exp
10:19:32.413,1,-3.101268,1.533304,-2.064641,guided_exp
10:19:32.495,2,-2.181537,1.421287,-0.76851,guided_exp
10:19:32.495,1,-3.101081,1.533448,-2.064423,guided_exp
10:19:32.579,2,-2.180581,1.421486,-0.766797,guided_exp
10:19:32.580,1,-3.101036,1.533489,-2.063189,guided_exp
10:19:32.662,2,-2.179097,1.420968,-0.759765,guided_exp
10:19:32.662,1,-3.100953,1.533305,-2.062895,guided_exp
10:19:32.746,2,-2.178763,1.421055,-0.76095,guided_exp
10:19:32.746,1,-3.100648,1.534489,-2.062866,guided_exp
10:19:32.845,2,-2.175666,1.420863,-0.758384,guided_exp
10:19:32.845,1,-3.100585,1.536343,-2.063014,guided_exp
10:19:32.929,2,-2.174724,1.420358,-0.757274,guided_exp
10:19:32.929,1,-3.100838,1.535491,-2.062743,guided_exp
10:19:33.012,2,-2.170148,1.42025,-0.753993,guided_exp
10:19:33.012,1,-3.100972,1.535253,-2.06201,guided_exp
10:19:33.095,2,-2.166699,1.420395,-0.756523,guided_exp
10:19:33.095,1,-3.101009,1.533866,-2.062617,guided_exp
10:19:33.179,2,-2.164542,1.420128,-0.757726,guided_exp
10:19:33.179,1,-3.100956,1.533755,-2.063395,guided_exp
10:19:33.312,2,-2.162379,1.41982,-0.758327,guided_exp
10:19:33.312,1,-3.101787,1.533516,-2.064557,guided_exp
10:19:33.395,2,-2.16105,1.420059,-0.75909,guided_exp
10:19:33.395,1,-3.101482,1.534614,-2.064755,guided_exp
10:19:33.479,2,-2.16033,1.42004,-0.762499,guided_exp
10:19:33.479,1,-3.102142,1.534322,-2.066864,guided_exp
10:19:33.562,2,-2.161839,1.419781,-0.762078,guided_exp
10:19:33.562,1,-3.10231,1.534567,-2.068024,guided_exp
10:19:33.646,2,-2.161096,1.42014,-0.762089,guided_exp
10:19:33.647,1,-3.103124,1.534786,-2.068964,guided_exp
10:19:33.729,2,-2.16537,1.420327,-0.764064,guided_exp
10:19:33.729,1,-3.104469,1.533797,-2.070633,guided_exp
10:19:33.812,2,-2.16604,1.420373,-0.762591,guided_exp
10:19:33.812,1,-3.105043,1.533368,-2.071294,guided_exp
10:19:33.895,2,-2.166623,1.420798,-0.761081,guided_exp
10:19:33.895,1,-3.105514,1.533654,-2.071838,guided_exp
10:19:33.979,2,-2.164668,1.420795,-0.763489,guided_exp
10:19:33.979,1,-3.105765,1.534337,-2.072718,guided_exp
10:19:34.062,2,-2.163672,1.420597,-0.761336,guided_exp
10:19:34.062,1,-3.106425,1.533989,-2.07414,guided_exp
10:19:34.146,2,-2.163173,1.420879,-0.76237,guided_exp
10:19:34.147,1,-3.10615,1.533007,-2.074391,guided_exp
10:19:34.247,2,-2.165516,1.420894,-0.763375,guided_exp
10:19:34.247,1,-3.106696,1.533784,-2.075379,guided_exp
10:19:34.329,2,-2.16726,1.420871,-0.765092,guided_exp
10:19:34.329,1,-3.106675,1.532313,-2.075507,guided_exp
10:19:34.413,2,-2.166343,1.420737,-0.766156,guided_exp
10:19:34.413,1,-3.106749,1.532452,-2.075657,guided_exp
10:19:34.513,2,-2.153458,1.420763,-0.772576,guided_exp
10:19:34.513,1,-3.107059,1.533114,-2.075922,guided_exp
10:19:34.612,2,-2.137268,1.419727,-0.796133,guided_exp
10:19:34.612,1,-3.106834,1.533647,-2.076006,guided_exp
10:19:34.697,2,-2.113716,1.419559,-0.831457,guided_exp
10:19:34.697,1,-3.107007,1.532908,-2.076711,guided_exp
10:19:34.798,2,-2.085437,1.419569,-0.877713,guided_exp
10:19:34.798,1,-3.107353,1.532611,-2.076549,guided_exp
10:19:34.896,2,-2.059413,1.419088,-0.939947,guided_exp
10:19:34.896,1,-3.107546,1.532939,-2.076518,guided_exp
10:19:34.979,2,-2.032615,1.41951,-1.009029,guided_exp
10:19:34.979,1,-3.107452,1.533215,-2.076483,guided_exp
10:19:35.063,2,-2.019112,1.419826,-1.058182,guided_exp
10:19:35.063,1,-3.107417,1.532915,-2.076684,guided_exp
10:19:35.145,2,-2.00578,1.419812,-1.122564,guided_exp
10:19:35.145,1,-3.106581,1.534892,-2.077229,guided_exp
10:19:35.279,2,-2.004174,1.42026,-1.21755,guided_exp
10:19:35.279,1,-3.105749,1.532619,-2.077755,guided_exp
10:19:35.430,2,-2.021512,1.420458,-1.320331,guided_exp
10:19:35.431,1,-3.105916,1.533225,-2.077405,guided_exp
10:19:35.512,2,-2.040214,1.420606,-1.425808,guided_exp
10:19:35.512,1,-3.106026,1.533721,-2.077089,guided_exp
10:19:35.662,2,-2.072764,1.420536,-1.552762,guided_exp
10:19:35.662,1,-3.105386,1.534434,-2.075975,guided_exp
10:19:35.795,2,-2.114613,1.420643,-1.711197,guided_exp
10:19:35.795,1,-3.10551,1.534006,-2.073899,guided_exp
10:19:35.880,2,-2.122654,1.421001,-1.751891,guided_exp
10:19:35.880,1,-3.105149,1.533691,-2.073783,guided_exp
10:19:35.962,2,-2.129882,1.421161,-1.798168,guided_exp
10:19:35.962,1,-3.105365,1.533648,-2.072717,guided_exp
10:19:36.046,2,-2.123884,1.421482,-1.823278,guided_exp
10:19:36.046,1,-3.104775,1.533508,-2.071641,guided_exp
10:19:36.145,2,-2.116193,1.421376,-1.856045,guided_exp
10:19:36.146,1,-3.104699,1.533252,-2.071205,guided_exp
10:19:36.229,2,-2.11422,1.421631,-1.884184,guided_exp
10:19:36.229,1,-3.105077,1.534125,-2.070777,guided_exp
10:19:36.312,2,-2.110799,1.421936,-1.897378,guided_exp
10:19:36.312,1,-3.105378,1.534501,-2.070553,guided_exp
10:19:36.395,2,-2.107114,1.422266,-1.904763,guided_exp
10:19:36.396,1,-3.105451,1.534455,-2.070312,guided_exp
10:19:36.479,2,-2.101985,1.422478,-1.910755,guided_exp
10:19:36.479,1,-3.1059,1.533793,-2.069564,guided_exp
10:19:36.562,2,-2.099201,1.422353,-1.91443,guided_exp
10:19:36.562,1,-3.105985,1.533982,-2.068812,guided_exp
10:19:36.662,2,-2.095561,1.422371,-1.917753,guided_exp
10:19:36.662,1,-3.106732,1.533333,-2.067682,guided_exp
10:19:36.747,2,-2.093965,1.422696,-1.919623,guided_exp
10:19:36.747,1,-3.106703,1.533053,-2.067315,guided_exp
10:19:36.847,2,-2.092254,1.423045,-1.920221,guided_exp
10:19:36.847,1,-3.107035,1.534082,-2.067236,guided_exp
10:19:36.946,2,-2.08879,1.422982,-1.922684,guided_exp
10:19:36.947,1,-3.107622,1.533998,-2.067015,guided_exp
10:19:37.029,2,-2.088324,1.422783,-1.923781,guided_exp
10:19:37.029,1,-3.108648,1.534881,-2.066281,guided_exp
10:19:37.113,2,-2.086994,1.422653,-1.928337,guided_exp
10:19:37.113,1,-3.108837,1.535158,-2.065849,guided_exp
10:19:37.195,2,-2.089757,1.422479,-1.933155,guided_exp
10:19:37.195,1,-3.109358,1.535194,-2.065516,guided_exp
10:19:37.279,2,-2.091656,1.422049,-1.946129,guided_exp
10:19:37.279,1,-3.10965,1.534117,-2.065775,guided_exp
10:19:37.362,2,-2.09802,1.422019,-1.968081,guided_exp
10:19:37.362,1,-3.109986,1.53357,-2.066075,guided_exp
10:19:37.446,2,-2.103785,1.421619,-1.983526,guided_exp
10:19:37.447,1,-3.109972,1.533592,-2.066074,guided_exp
10:19:37.547,2,-2.106829,1.421881,-2.002688,guided_exp
10:19:37.547,1,-3.110788,1.532743,-2.065354,guided_exp
10:19:37.629,2,-2.108306,1.422039,-2.019696,guided_exp
10:19:37.629,1,-3.11094,1.532796,-2.065079,guided_exp
10:19:37.713,2,-2.104542,1.422046,-2.035346,guided_exp
10:19:37.713,1,-3.111357,1.533889,-2.065098,guided_exp
10:19:37.813,2,-2.096584,1.421829,-2.061783,guided_exp
10:19:37.814,1,-3.111407,1.534421,-2.065347,guided_exp
10:19:37.912,2,-2.085626,1.421929,-2.080295,guided_exp
10:19:37.912,1,-3.111939,1.53534,-2.063713,guided_exp
10:19:37.996,2,-2.06767,1.422035,-2.106186,guided_exp
10:19:37.996,1,-3.112671,1.534334,-2.062944,guided_exp
10:19:38.098,2,-2.053819,1.422107,-2.12432,guided_exp
10:19:38.098,1,-3.112376,1.534689,-2.059934,guided_exp
10:19:38.198,2,-2.037764,1.422346,-2.153288,guided_exp
10:19:38.198,1,-3.111793,1.534398,-2.059819,guided_exp
10:19:38.295,2,-2.020793,1.422711,-2.186729,guided_exp
10:19:38.295,1,-3.112455,1.534668,-2.056939,guided_exp
10:19:38.429,2,-2.012022,1.423224,-2.200573,guided_exp
10:19:38.429,1,-3.111717,1.535023,-2.054875,guided_exp
10:19:38.513,2,-2.011128,1.423391,-2.20229,guided_exp
10:19:38.513,1,-3.11189,1.534831,-2.055347,guided_exp
10:19:38.612,2,-2.011933,1.423611,-2.199148,guided_exp
10:19:38.613,1,-3.111592,1.534822,-2.05727,guided_exp
10:19:38.713,2,-2.018881,1.42361,-2.174544,guided_exp
10:19:38.713,1,-3.113273,1.534899,-2.048452,guided_exp
10:19:38.813,2,-2.030787,1.423341,-2.131504,guided_exp
10:19:38.813,1,-3.11361,1.534054,-2.046467,guided_exp
10:19:38.913,2,-2.061698,1.423083,-2.057203,guided_exp
10:19:38.913,1,-3.114846,1.534376,-2.042861,guided_exp
10:19:39.013,2,-2.095943,1.422821,-1.96301,guided_exp
10:19:39.013,1,-3.115098,1.534854,-2.040399,guided_exp
10:19:39.113,2,-2.132498,1.422878,-1.863376,guided_exp
10:19:39.113,1,-3.11545,1.534779,-2.039271,guided_exp
10:19:39.195,2,-2.160235,1.422917,-1.773609,guided_exp
10:19:39.195,1,-3.115464,1.534554,-2.037671,guided_exp
10:19:39.345,2,-2.177883,1.422546,-1.639149,guided_exp
10:19:39.346,1,-3.115035,1.534933,-2.03728,guided_exp
10:19:39.446,2,-2.182622,1.422717,-1.524433,guided_exp
10:19:39.447,1,-3.114876,1.53522,-2.036874,guided_exp
10:19:39.546,2,-2.184212,1.42341,-1.398655,guided_exp
10:19:39.547,1,-3.11486,1.535438,-2.036198,guided_exp
10:19:39.645,2,-2.157673,1.423521,-1.271948,guided_exp
10:19:39.646,1,-3.115029,1.535311,-2.035596,guided_exp
10:19:39.746,2,-2.138052,1.42354,-1.145606,guided_exp
10:19:39.747,1,-3.114453,1.535359,-2.033769,guided_exp
10:19:39.846,2,-2.116325,1.423468,-1.043039,guided_exp
10:19:39.847,1,-3.115266,1.535439,-2.034036,guided_exp
10:19:39.929,2,-2.115383,1.423177,-0.986716,guided_exp
10:19:39.929,1,-3.116188,1.535514,-2.035335,guided_exp
10:19:40.013,2,-2.108215,1.423383,-0.937218,guided_exp
10:19:40.013,1,-3.116521,1.535488,-2.035362,guided_exp
10:19:40.112,2,-2.106228,1.423136,-0.893596,guided_exp
10:19:40.113,1,-3.11666,1.535629,-2.035552,guided_exp
10:19:40.195,2,-2.104408,1.423062,-0.86718,guided_exp
10:19:40.196,1,-3.117093,1.535307,-2.036848,guided_exp
10:19:40.297,2,-2.095586,1.423139,-0.849968,guided_exp
10:19:40.298,1,-3.117138,1.535556,-2.037565,guided_exp
10:19:40.395,2,-2.09146,1.423032,-0.825883,guided_exp
10:19:40.396,1,-3.117433,1.537497,-2.039364,guided_exp
10:19:40.496,2,-2.092574,1.423052,-0.825154,guided_exp
10:19:40.497,1,-3.117426,1.538165,-2.039645,guided_exp
10:19:40.596,2,-2.092933,1.422946,-0.824245,guided_exp
10:19:40.597,1,-3.117332,1.538172,-2.040371,guided_exp
10:19:40.696,2,-2.093612,1.422737,-0.823668,guided_exp
10:19:40.696,1,-3.116011,1.538293,-2.044946,guided_exp
10:19:40.795,2,-2.097163,1.422734,-0.82491,guided_exp
10:19:40.796,1,-3.111304,1.537786,-2.058713,guided_exp
10:19:40.896,2,-2.09525,1.422851,-0.827701,guided_exp
10:19:40.897,1,-3.111258,1.538136,-2.065164,guided_exp
10:19:40.996,2,-2.095514,1.422962,-0.83372,guided_exp
10:19:40.997,1,-3.113192,1.537528,-2.072239,guided_exp
10:19:41.096,2,-2.102145,1.423211,-0.857462,guided_exp
10:19:41.096,1,-3.123949,1.536899,-2.077517,guided_exp
10:19:41.246,2,-2.109592,1.423229,-0.90168,guided_exp
10:19:41.247,1,-3.137368,1.536929,-2.086442,guided_exp
10:19:41.346,2,-2.116774,1.423436,-0.956091,guided_exp
10:19:41.346,1,-3.164794,1.536643,-2.093913,guided_exp
10:19:41.445,2,-2.137627,1.423482,-1.025084,guided_exp
10:19:41.445,1,-3.188604,1.535655,-2.096766,guided_exp
10:19:41.529,2,-2.14529,1.423493,-1.082315,guided_exp
10:19:41.529,1,-3.208093,1.535605,-2.100962,guided_exp
10:19:41.629,2,-2.167823,1.423682,-1.198841,guided_exp
10:19:41.629,1,-3.253048,1.535522,-2.110559,guided_exp
10:19:41.712,2,-2.172517,1.423965,-1.265448,guided_exp
10:19:41.712,1,-3.275784,1.535986,-2.115333,guided_exp
10:19:41.796,2,-2.172753,1.424107,-1.297515,guided_exp
10:19:41.797,1,-3.302161,1.535995,-2.124246,guided_exp
10:19:41.895,2,-2.171317,1.424349,-1.417809,guided_exp
10:19:41.896,1,-3.349655,1.535072,-2.138134,guided_exp
10:19:41.979,2,-2.166041,1.424377,-1.470898,guided_exp
10:19:41.979,1,-3.375444,1.534817,-2.145929,guided_exp
10:19:42.062,2,-2.157882,1.424204,-1.576887,guided_exp
10:19:42.062,1,-3.402565,1.534419,-2.155093,guided_exp
10:19:42.145,2,-2.144903,1.424224,-1.626579,guided_exp
10:19:42.146,1,-3.420109,1.535504,-2.159306,guided_exp
10:19:42.229,2,-2.124415,1.42389,-1.730569,guided_exp
10:19:42.229,1,-3.438099,1.535113,-2.161964,guided_exp
10:19:42.330,2,-2.11889,1.424012,-1.780674,guided_exp
10:19:42.330,1,-3.445195,1.535072,-2.164447,guided_exp
10:19:42.429,2,-2.114577,1.423909,-1.880854,guided_exp
10:19:42.429,1,-3.465684,1.535243,-2.171316,guided_exp
10:19:42.512,2,-2.113734,1.423816,-1.911785,guided_exp
10:19:42.512,1,-3.469272,1.535714,-2.171459,guided_exp
10:19:42.613,2,-2.119939,1.423831,-1.991287,guided_exp
10:19:42.613,1,-3.475091,1.536054,-2.173063,guided_exp
10:19:42.713,2,-2.138474,1.423947,-2.057169,guided_exp
10:19:42.713,1,-3.478401,1.536359,-2.173127,guided_exp
10:19:42.812,2,-2.162894,1.423966,-2.122172,guided_exp
10:19:42.812,1,-3.482197,1.536471,-2.172948,guided_exp
10:19:42.914,2,-2.199695,1.423881,-2.197455,guided_exp
10:19:42.914,1,-3.485793,1.537264,-2.171922,guided_exp
10:19:43.013,2,-2.249243,1.423616,-2.282503,guided_exp
10:19:43.013,1,-3.488481,1.537249,-2.171824,guided_exp
10:19:43.112,2,-2.294037,1.423501,-2.3605,guided_exp
10:19:43.112,1,-3.490957,1.537203,-2.171287,guided_exp
10:19:43.213,2,-2.321769,1.423137,-2.414836,guided_exp
10:19:43.213,1,-3.492421,1.536768,-2.17062,guided_exp
10:19:43.313,2,-2.338947,1.423151,-2.462186,guided_exp
10:19:43.313,1,-3.493782,1.536672,-2.169887,guided_exp
10:19:43.413,2,-2.351842,1.423654,-2.501551,guided_exp
10:19:43.413,1,-3.495761,1.536699,-2.17062,guided_exp
10:19:43.513,2,-2.354729,1.423846,-2.532924,guided_exp
10:19:43.513,1,-3.497571,1.536598,-2.170908,guided_exp
10:19:43.613,2,-2.351217,1.4245,-2.562204,guided_exp
10:19:43.613,1,-3.497463,1.536749,-2.171788,guided_exp
10:19:43.712,2,-2.340663,1.425105,-2.590166,guided_exp
10:19:43.712,1,-3.497208,1.536747,-2.172505,guided_exp
10:19:43.795,2,-2.326391,1.42141,-2.615729,guided_exp
10:19:43.796,1,-3.49692,1.536956,-2.172814,guided_exp
10:19:43.879,2,-2.317466,1.418024,-2.629912,guided_exp
10:19:43.879,1,-3.497521,1.5368,-2.17482,guided_exp
10:19:44.012,2,-2.300267,1.412495,-2.653051,guided_exp
10:19:44.012,1,-3.497899,1.537491,-2.17846,guided_exp
10:19:44.095,2,-2.294982,1.408322,-2.659315,guided_exp
10:19:44.096,1,-3.497603,1.537642,-2.179778,guided_exp
10:19:44.196,2,-2.293956,1.37486,-2.662165,guided_exp
10:19:44.197,1,-3.497444,1.538091,-2.181107,guided_exp
10:19:44.279,2,-2.298456,1.362783,-2.66189,guided_exp
10:19:44.279,1,-3.498072,1.537938,-2.184634,guided_exp
10:19:44.362,2,-2.312014,1.36667,-2.655107,guided_exp
10:19:44.362,1,-3.498119,1.537979,-2.186874,guided_exp
10:19:44.462,2,-2.325352,1.362214,-2.650094,guided_exp
10:19:44.462,1,-3.498949,1.53835,-2.187973,guided_exp
10:19:44.545,2,-2.360117,1.371319,-2.632304,guided_exp
10:19:44.546,1,-3.499068,1.53801,-2.189821,guided_exp
10:19:44.629,2,-2.389929,1.365059,-2.615715,guided_exp
10:19:44.629,1,-3.499144,1.538309,-2.190995,guided_exp
10:19:44.712,2,-2.435461,1.352238,-2.583834,guided_exp
10:19:44.712,1,-3.498814,1.53919,-2.192569,guided_exp
10:19:44.795,2,-2.472407,1.34938,-2.561322,guided_exp
10:19:44.796,1,-3.497705,1.540166,-2.194519,guided_exp
10:19:44.879,2,-2.497668,1.360964,-2.544252,guided_exp
10:19:44.879,1,-3.496999,1.540837,-2.196047,guided_exp
10:19:44.962,2,-2.530269,1.358274,-2.523621,guided_exp
10:19:44.962,1,-3.495439,1.541205,-2.197774,guided_exp
10:19:45.045,2,-2.546872,1.366166,-2.514367,guided_exp
10:19:45.046,1,-3.494419,1.541605,-2.197713,guided_exp
10:19:45.129,2,-2.569105,1.367471,-2.497968,guided_exp
10:19:45.129,1,-3.491822,1.541051,-2.198764,guided_exp
10:19:45.230,2,-2.583126,1.368904,-2.4856,guided_exp
10:19:45.230,1,-3.490959,1.541301,-2.199535,guided_exp
10:19:45.329,2,-2.596891,1.365199,-2.472728,guided_exp
10:19:45.330,1,-3.488338,1.541497,-2.200452,guided_exp
10:19:45.429,2,-2.606616,1.372597,-2.45737,guided_exp
10:19:45.429,1,-3.485309,1.541554,-2.201338,guided_exp
10:19:45.512,2,-2.611817,1.382114,-2.447913,guided_exp
10:19:45.512,1,-3.48302,1.541691,-2.201629,guided_exp
10:19:45.596,2,-2.614235,1.380808,-2.440658,guided_exp
10:19:45.596,1,-3.481036,1.542038,-2.201847,guided_exp
10:19:45.695,2,-2.616071,1.375773,-2.427381,guided_exp
10:19:45.696,1,-3.477372,1.542419,-2.202803,guided_exp
10:19:45.779,2,-2.615704,1.375217,-2.419439,guided_exp
10:19:45.779,1,-3.476389,1.542679,-2.20314,guided_exp
10:19:45.880,2,-2.615202,1.37492,-2.411011,guided_exp
10:19:45.880,1,-3.474916,1.542996,-2.203872,guided_exp
10:19:45.979,2,-2.614774,1.373038,-2.404122,guided_exp
10:19:45.979,1,-3.473784,1.543216,-2.204239,guided_exp
10:19:46.062,2,-2.613174,1.374854,-2.39776,guided_exp
10:19:46.062,1,-3.472402,1.543158,-2.203899,guided_exp
10:19:46.163,2,-2.612081,1.378199,-2.39428,guided_exp
10:19:46.164,1,-3.472263,1.543069,-2.203545,guided_exp
10:19:46.263,2,-2.609585,1.37703,-2.387938,guided_exp
10:19:46.263,1,-3.472236,1.542713,-2.202887,guided_exp
10:19:46.363,2,-2.609214,1.377979,-2.386377,guided_exp
10:19:46.363,1,-3.472373,1.542512,-2.202449,guided_exp
10:19:46.463,2,-2.60836,1.377881,-2.383865,guided_exp
10:19:46.465,1,-3.472538,1.542387,-2.201454,guided_exp
10:19:46.562,2,-2.60801,1.385721,-2.382583,guided_exp
10:19:46.562,1,-3.472968,1.541573,-2.200466,guided_exp
10:19:46.712,2,-2.607005,1.387599,-2.380603,guided_exp
10:19:46.713,1,-3.474279,1.542501,-2.197903,guided_exp
10:19:46.813,2,-2.60604,1.387612,-2.379728,guided_exp
10:19:46.814,1,-3.474799,1.542232,-2.196515,guided_exp
10:19:46.913,2,-2.605045,1.380954,-2.378833,guided_exp
10:19:46.913,1,-3.475517,1.541726,-2.196042,guided_exp
10:19:47.013,2,-2.604602,1.380558,-2.378225,guided_exp
10:19:47.013,1,-3.476466,1.541929,-2.195121,guided_exp
10:19:47.113,2,-2.603489,1.380276,-2.37813,guided_exp
10:19:47.114,1,-3.477082,1.54209,-2.194889,guided_exp
10:19:47.213,2,-2.601606,1.385399,-2.377374,guided_exp
10:19:47.214,1,-3.477283,1.541925,-2.193725,guided_exp
10:19:47.295,2,-2.600042,1.381235,-2.376404,guided_exp
10:19:47.296,1,-3.475848,1.541748,-2.187993,guided_exp
10:19:47.446,2,-2.599055,1.37985,-2.375605,guided_exp
10:19:47.446,1,-3.468037,1.542228,-2.166642,guided_exp
10:19:47.545,2,-2.598376,1.3861,-2.375058,guided_exp
10:19:47.546,1,-3.454654,1.542576,-2.14037,guided_exp
10:19:47.630,2,-2.597991,1.388196,-2.375099,guided_exp
10:19:47.630,1,-3.442669,1.542921,-2.122549,guided_exp
10:19:47.730,2,-2.596808,1.386653,-2.375552,guided_exp
10:19:47.730,1,-3.411507,1.54286,-2.081653,guided_exp
10:19:47.812,2,-2.596126,1.384419,-2.37589,guided_exp
10:19:47.812,1,-3.375743,1.542739,-2.040511,guided_exp
10:19:47.896,2,-2.595721,1.377885,-2.376124,guided_exp
10:19:47.897,1,-3.341691,1.542701,-2.006917,guided_exp
10:19:47.995,2,-2.594916,1.367879,-2.376831,guided_exp
10:19:47.996,1,-3.293692,1.54244,-1.957212,guided_exp
10:19:48.096,2,-2.594217,1.360517,-2.378204,guided_exp
10:19:48.097,1,-3.244216,1.542357,-1.914785,guided_exp
10:19:48.179,2,-2.594019,1.363493,-2.379724,guided_exp
10:19:48.179,1,-3.198695,1.542314,-1.882682,guided_exp
10:19:48.264,2,-2.593573,1.369665,-2.38098,guided_exp
10:19:48.265,1,-3.17676,1.542213,-1.86171,guided_exp
10:19:48.345,2,-2.593747,1.3694,-2.382964,guided_exp
10:19:48.346,1,-3.13515,1.542217,-1.823373,guided_exp
10:19:48.429,2,-2.593946,1.374437,-2.384264,guided_exp
10:19:48.429,1,-3.122264,1.54201,-1.795019,guided_exp
10:19:48.512,2,-2.594542,1.38484,-2.38527,guided_exp
10:19:48.512,1,-3.10746,1.542116,-1.718256,guided_exp
10:19:48.595,2,-2.595368,1.37658,-2.386354,guided_exp
10:19:48.596,1,-3.104377,1.542268,-1.681242,guided_exp
10:19:48.696,2,-2.596026,1.392711,-2.38848,guided_exp
10:19:48.697,1,-3.075055,1.542072,-1.611234,guided_exp
10:19:48.797,2,-2.593662,1.385911,-2.389474,guided_exp
10:19:48.797,1,-3.11009,1.541767,-1.494236,guided_exp
10:19:48.897,2,-2.584476,1.396285,-2.385236,guided_exp
10:19:48.897,1,-3.028659,1.541715,-1.365906,guided_exp
10:19:48.996,2,-2.568892,1.403507,-2.376388,guided_exp
10:19:48.997,1,-3.119052,1.541543,-1.363244,guided_exp
10:19:49.079,2,-2.544686,1.411825,-2.363967,guided_exp
10:19:49.079,1,-3.035379,1.541386,-1.270352,guided_exp
10:19:49.162,2,-2.521057,1.412791,-2.351985,guided_exp
10:19:49.162,1,-2.95263,1.541073,-1.373674,guided_exp
10:19:49.245,2,-2.480246,1.413463,-2.333411,guided_exp
10:19:49.246,1,-2.986373,1.541187,-1.220778,guided_exp
10:19:49.379,2,-2.416024,1.408588,-2.307605,guided_exp
10:19:49.379,1,-2.95697,1.541233,-1.236808,guided_exp
10:19:49.462,2,-2.370497,1.408606,-2.287716,guided_exp
10:19:49.462,1,-2.868339,1.54134,-1.187892,guided_exp
10:19:49.545,2,-2.341555,1.412752,-2.279113,guided_exp
10:19:49.546,1,-2.673372,1.541153,-1.240465,guided_exp
10:19:49.629,2,-2.299409,1.414696,-2.261427,guided_exp
10:19:49.629,1,-2.755956,1.540729,-1.084833,guided_exp
10:19:49.729,2,-2.267896,1.414885,-2.247843,guided_exp
10:19:49.729,1,-2.545333,1.541141,-1.137407,guided_exp
10:19:49.812,2,-2.251691,1.420748,-2.242229,guided_exp
10:19:49.812,1,-2.466525,1.541116,-1.128756,guided_exp
10:19:49.896,2,-2.231644,1.422089,-2.235089,guided_exp
10:19:49.897,1,-2.47428,1.541406,-1.068539,guided_exp
10:19:49.995,2,-2.209797,1.423365,-2.22684,guided_exp
10:19:49.996,1,-2.383031,1.541197,-1.054788,guided_exp
10:19:50.096,2,-2.20235,1.423084,-2.224503,guided_exp
10:19:50.097,1,-2.350214,1.541073,-0.938991,guided_exp
10:19:50.195,2,-2.191564,1.423763,-2.220147,guided_exp
10:19:50.196,1,-2.263342,1.541134,-0.899694,guided_exp
10:19:50.279,2,-2.187698,1.423995,-2.216485,guided_exp
10:19:50.279,1,-2.258383,1.541375,-0.889753,guided_exp
10:19:50.362,2,-2.18434,1.424262,-2.213968,guided_exp
10:19:50.362,1,-2.286424,1.541324,-0.81816,guided_exp
10:19:50.462,2,-2.184164,1.425879,-2.210098,guided_exp
10:19:50.462,1,-2.345462,1.540991,-1.197483,guided_exp
10:19:50.563,2,-2.18551,1.429542,-2.207017,guided_exp
10:19:50.662,2,-2.198362,1.540345,-2.196175,guided_exp
10:19:50.746,2,-2.212044,1.433138,-2.189593,guided_exp
10:19:50.846,2,-2.237811,1.540142,-2.173341,guided_exp
10:19:50.929,2,-2.267857,1.437171,-2.157928,guided_exp
10:19:51.012,2,-2.28943,1.539806,-2.147401,guided_exp
10:19:51.096,2,-2.309913,1.437503,-2.136901,guided_exp
10:19:51.179,2,-2.346124,1.53966,-2.120903,guided_exp
10:19:51.262,2,-2.369812,1.434705,-2.105386,guided_exp
10:19:51.346,2,-2.389128,1.53993,-2.097102,guided_exp
10:19:51.496,2,-2.419097,1.429338,-2.085027,guided_exp
10:19:51.579,2,-2.436654,1.539754,-2.076553,guided_exp
10:19:51.662,2,-2.449298,1.430293,-2.071359,guided_exp
10:19:51.746,2,-2.462855,1.539689,-2.067048,guided_exp
10:19:51.829,2,-2.473265,1.430812,-2.063224,guided_exp
10:19:51.829,1,-1.890565,1.539509,-0.632888,guided_exp
10:19:51.962,2,-2.484283,1.432162,-2.059337,guided_exp
10:19:51.962,1,-1.892873,1.53994,-0.629688,guided_exp
10:19:52.046,2,-2.488186,1.431156,-2.058418,guided_exp
10:19:52.046,1,-1.893707,1.539953,-0.629296,guided_exp
10:19:52.129,2,-2.495048,1.432278,-2.056647,guided_exp
10:19:52.129,1,-1.894472,1.538955,-0.628618,guided_exp
10:19:52.213,2,-2.498647,1.431979,-2.056996,guided_exp
10:19:52.213,1,-1.894954,1.538353,-0.62866,guided_exp
10:19:52.296,2,-2.502564,1.430978,-2.056353,guided_exp
10:19:52.296,1,-1.896883,1.537929,-0.628898,guided_exp
10:19:52.380,2,-2.503258,1.430287,-2.056141,guided_exp
10:19:52.381,1,-1.897649,1.536892,-0.629017,guided_exp
10:19:52.479,2,-2.505117,1.426309,-2.056147,guided_exp
10:19:52.479,1,-1.90009,1.536696,-0.631068,guided_exp
10:19:52.562,2,-2.505855,1.420045,-2.05599,guided_exp
10:19:52.563,1,-1.901071,1.536954,-0.631308,guided_exp
10:19:52.646,2,-2.506859,1.400282,-2.056155,guided_exp
10:19:52.646,1,-1.902014,1.53758,-0.630874,guided_exp
10:19:52.729,2,-2.506594,1.39145,-2.056435,guided_exp
10:19:52.729,1,-1.901878,1.537966,-0.631088,guided_exp
10:19:52.812,2,-2.506548,1.399797,-2.056447,guided_exp
10:19:52.812,1,-1.902438,1.537532,-0.630852,guided_exp
10:19:52.896,2,-2.505626,1.395662,-2.056622,guided_exp
10:19:52.896,1,-1.903961,1.537907,-0.633026,guided_exp
10:19:52.979,2,-2.505155,1.404841,-2.05664,guided_exp
10:19:52.979,1,-1.903772,1.537526,-0.633058,guided_exp
10:19:53.062,2,-2.502516,1.378572,-2.056037,guided_exp
10:19:53.062,1,-1.902451,1.535789,-0.634166,guided_exp
10:19:53.146,2,-2.501351,1.349422,-2.055304,guided_exp
10:19:53.146,1,-1.901991,1.535656,-0.634375,guided_exp
10:19:53.246,2,-2.497745,1.332429,-2.054881,guided_exp
10:19:53.247,1,-1.89969,1.535459,-0.635026,guided_exp
10:19:53.346,2,-2.496302,1.342178,-2.054613,guided_exp
10:19:53.346,1,-1.899039,1.536158,-0.635086,guided_exp
10:19:53.429,2,-2.493588,1.371305,-2.053476,guided_exp
10:19:53.429,1,-1.898813,1.534916,-0.634654,guided_exp
10:19:53.512,2,-2.493178,1.37633,-2.053712,guided_exp
10:19:53.512,1,-1.899911,1.532983,-0.634374,guided_exp
10:19:53.630,2,-2.492199,1.373959,-2.053331,guided_exp
10:19:53.630,1,-1.898872,1.533401,-0.633402,guided_exp
10:19:53.747,2,-2.490668,1.378609,-2.051853,guided_exp
10:19:53.747,1,-1.898181,1.533778,-0.631953,guided_exp
10:19:53.846,2,-2.490609,1.368371,-2.051612,guided_exp
10:19:53.846,1,-1.895891,1.533457,-0.630778,guided_exp
10:19:53.929,2,-2.489635,1.380714,-2.049811,guided_exp
10:19:53.929,1,-1.89564,1.533353,-0.630947,guided_exp
10:19:54.015,2,-2.489181,1.389778,-2.049332,guided_exp
10:19:54.016,1,-1.894788,1.533617,-0.628469,guided_exp
10:19:54.112,2,-2.487997,1.389827,-2.047439,guided_exp
10:19:54.112,1,-1.894177,1.533649,-0.626531,guided_exp
10:19:54.196,2,-2.487755,1.386774,-2.047173,guided_exp
10:19:54.196,1,-1.894857,1.534184,-0.627376,guided_exp
10:19:54.279,2,-2.487176,1.38779,-2.045862,guided_exp
10:19:54.279,1,-1.892681,1.53726,-0.626282,guided_exp
10:19:54.362,2,-2.487486,1.386592,-2.045588,guided_exp
10:19:54.362,1,-1.892873,1.538945,-0.625273,guided_exp
10:19:54.446,2,-2.486885,1.389444,-2.045046,guided_exp
10:19:54.446,1,-1.892691,1.536967,-0.624193,guided_exp
10:19:54.529,2,-2.4859,1.388799,-2.044179,guided_exp
10:19:54.529,1,-1.893431,1.538377,-0.624144,guided_exp
10:19:54.629,2,-2.486605,1.380001,-2.04421,guided_exp
10:19:54.629,1,-1.894245,1.539879,-0.623976,guided_exp
10:19:54.712,2,-2.486343,1.39449,-2.044113,guided_exp
10:19:54.712,1,-1.894235,1.540264,-0.623187,guided_exp
10:19:54.796,2,-2.485581,1.381119,-2.043233,guided_exp
10:19:54.796,1,-1.894691,1.539338,-0.623297,guided_exp
10:19:54.913,2,-2.485133,1.371417,-2.042977,guided_exp
10:19:54.914,1,-1.89559,1.537761,-0.621267,guided_exp
10:19:55.012,2,-2.4847,1.36181,-2.042444,guided_exp
10:19:55.012,1,-1.89567,1.538842,-0.621687,guided_exp
10:19:55.096,2,-2.484952,1.385886,-2.042658,guided_exp
10:19:55.096,1,-1.895001,1.541772,-0.619246,guided_exp
10:19:55.179,2,-2.484454,1.395228,-2.042084,guided_exp
10:19:55.179,1,-1.894266,1.545607,-0.617711,guided_exp
10:19:55.298,2,-2.483505,1.405047,-2.041501,guided_exp
10:19:55.299,1,-1.894203,1.544627,-0.618293,guided_exp
10:19:55.396,2,-2.482451,1.409961,-2.041571,guided_exp
10:19:55.396,1,-1.895067,1.546119,-0.621339,guided_exp
10:19:55.496,2,-2.481886,1.410929,-2.041245,guided_exp
10:19:55.496,1,-1.892372,1.547161,-0.619324,guided_exp
10:19:55.596,2,-2.482908,1.408092,-2.042891,guided_exp
10:19:55.596,1,-1.889594,1.545307,-0.617323,guided_exp
10:19:55.746,2,-2.481199,1.396662,-2.042337,guided_exp
10:19:55.746,1,-1.888605,1.543292,-0.616671,guided_exp
10:19:55.846,2,-2.482044,1.398023,-2.042896,guided_exp
10:19:55.846,1,-1.887502,1.544191,-0.616033,guided_exp
10:19:55.929,2,-2.481124,1.401417,-2.041698,guided_exp
10:19:55.929,1,-1.887951,1.54392,-0.618636,guided_exp
10:19:56.029,2,-2.479906,1.43074,-2.041586,guided_exp
10:19:56.029,1,-1.889382,1.541178,-0.624501,guided_exp
10:19:56.112,2,-2.481522,1.432865,-2.042348,guided_exp
10:19:56.112,1,-1.888659,1.541046,-0.620007,guided_exp
10:19:56.196,2,-2.480893,1.433545,-2.042378,guided_exp
10:19:56.196,1,-1.8889,1.540467,-0.619164,guided_exp
10:19:56.279,2,-2.480714,1.432694,-2.042165,guided_exp
10:19:56.280,1,-1.887787,1.540505,-0.615572,guided_exp
10:19:56.379,2,-2.480324,1.429057,-2.042292,guided_exp
10:19:56.379,1,-1.889252,1.540293,-0.616493,guided_exp
10:19:56.479,2,-2.479441,1.420641,-2.042095,guided_exp
10:19:56.479,1,-1.889097,1.539062,-0.616166,guided_exp
10:19:56.579,2,-2.479199,1.413063,-2.042083,guided_exp
10:19:56.580,1,-1.888373,1.538281,-0.614411,guided_exp
10:19:56.680,2,-2.478933,1.410723,-2.041775,guided_exp
10:19:56.680,1,-1.889832,1.537508,-0.618364,guided_exp
10:19:56.779,2,-2.479992,1.423539,-2.041628,guided_exp
10:19:56.779,1,-1.890164,1.536896,-0.619028,guided_exp
10:19:56.880,2,-2.481363,1.438588,-2.042006,guided_exp
10:19:56.881,1,-1.886605,1.537127,-0.615643,guided_exp
10:19:56.980,2,-2.480462,1.44472,-2.041109,guided_exp
10:19:56.980,1,-1.886451,1.53599,-0.61575,guided_exp
10:19:57.079,2,-2.480145,1.445902,-2.040793,guided_exp
10:19:57.079,1,-1.888207,1.53515,-0.615661,guided_exp
10:19:57.180,2,-2.479665,1.4456,-2.039853,guided_exp
10:19:57.180,1,-1.887762,1.534666,-0.613426,guided_exp
10:19:57.279,2,-2.479167,1.446996,-2.039046,guided_exp
10:19:57.280,1,-1.88951,1.535214,-0.614464,guided_exp
10:19:57.362,2,-2.478593,1.447061,-2.038808,guided_exp
10:19:57.362,1,-1.88959,1.535667,-0.61531,guided_exp
10:19:57.463,2,-2.477982,1.448484,-2.038807,guided_exp
10:19:57.463,1,-1.891956,1.535822,-0.615874,guided_exp
10:19:57.562,2,-2.477934,1.451007,-2.038637,guided_exp
10:19:57.563,1,-1.891543,1.534932,-0.616733,guided_exp
10:19:57.662,2,-2.478015,1.451784,-2.03881,guided_exp
10:19:57.662,1,-1.893985,1.535375,-0.618152,guided_exp
10:19:57.746,2,-2.477749,1.451762,-2.038998,guided_exp
10:19:57.746,1,-1.894122,1.535784,-0.618042,guided_exp
10:19:57.847,2,-2.477407,1.451,-2.038793,guided_exp
10:19:57.847,1,-1.893608,1.53618,-0.618178,guided_exp
10:19:57.946,2,-2.477062,1.44938,-2.039023,guided_exp
10:19:57.946,1,-1.892076,1.535819,-0.616085,guided_exp
10:19:58.046,2,-2.477553,1.44629,-2.03942,guided_exp
10:19:58.046,1,-1.893895,1.535563,-0.620618,guided_exp
10:19:58.147,2,-2.477443,1.439177,-2.039411,guided_exp
10:19:58.147,1,-1.892963,1.53557,-0.620468,guided_exp
10:19:58.246,2,-2.477113,1.435851,-2.039134,guided_exp
10:19:58.246,1,-1.890042,1.535877,-0.623564,guided_exp
10:19:58.346,2,-2.477214,1.434717,-2.039409,guided_exp
10:19:58.346,1,-1.888847,1.53614,-0.619084,guided_exp
10:19:58.446,2,-2.480147,1.438146,-2.040629,guided_exp
10:19:58.447,1,-1.890814,1.536696,-0.621989,guided_exp
10:19:58.546,2,-2.479652,1.440593,-2.040066,guided_exp
10:19:58.546,1,-1.888861,1.537418,-0.619539,guided_exp
10:19:58.646,2,-2.479598,1.442817,-2.03995,guided_exp
10:19:58.646,1,-1.889558,1.536892,-0.619803,guided_exp
10:19:58.747,2,-2.480415,1.443574,-2.040474,guided_exp
10:19:58.747,1,-1.889753,1.536842,-0.62114,guided_exp
10:19:58.846,2,-2.479805,1.446254,-2.038824,guided_exp
10:19:58.846,1,-1.890522,1.537882,-0.621249,guided_exp
10:19:58.946,2,-2.479656,1.448046,-2.038552,guided_exp
10:19:58.947,1,-1.890306,1.537485,-0.620605,guided_exp
10:19:59.063,2,-2.47897,1.447212,-2.03776,guided_exp
10:19:59.063,1,-1.89038,1.538401,-0.620291,guided_exp
10:19:59.162,2,-2.478603,1.444748,-2.037666,guided_exp
10:19:59.162,1,-1.887098,1.539406,-0.615667,guided_exp
10:19:59.296,2,-2.477426,1.44396,-2.037125,guided_exp
10:19:59.296,1,-1.890465,1.540303,-0.619257,guided_exp
10:19:59.396,2,-2.477318,1.443128,-2.037413,guided_exp
10:19:59.396,1,-1.888516,1.541177,-0.616255,guided_exp
10:19:59.479,2,-2.47694,1.440953,-2.036917,guided_exp
10:19:59.479,1,-1.889799,1.541192,-0.619271,guided_exp
10:19:59.580,2,-2.476533,1.439588,-2.036148,guided_exp
10:19:59.580,1,-1.891141,1.541554,-0.619091,guided_exp
10:19:59.680,2,-2.476127,1.438548,-2.035544,guided_exp
10:19:59.680,1,-1.887409,1.540863,-0.618209,guided_exp
10:19:59.779,2,-2.476179,1.437381,-2.035652,guided_exp
10:19:59.779,1,-1.888991,1.540576,-0.618066,guided_exp
10:19:59.862,2,-2.475943,1.436651,-2.035791,guided_exp
10:19:59.862,1,-1.88938,1.540649,-0.618897,guided_exp
10:19:59.946,2,-2.475427,1.435622,-2.03609,guided_exp
10:19:59.946,1,-1.89116,1.540671,-0.622692,guided_exp
10:20:00.029,2,-2.47534,1.435404,-2.035664,guided_exp
10:20:00.029,1,-1.892831,1.540646,-0.624432,guided_exp
10:20:00.112,2,-2.475606,1.435106,-2.035704,guided_exp
10:20:00.112,1,-1.892934,1.540411,-0.625732,guided_exp
10:20:00.196,2,-2.475946,1.435047,-2.035622,guided_exp
10:20:00.196,1,-1.889427,1.53991,-0.62332,guided_exp
10:20:00.279,2,-2.476719,1.435128,-2.034816,guided_exp
10:20:00.280,1,-1.88922,1.5399,-0.622212,guided_exp
10:20:00.397,2,-2.477123,1.43593,-2.034695,guided_exp
10:20:00.397,1,-1.889813,1.539223,-0.62134,guided_exp
10:20:00.497,2,-2.477577,1.436557,-2.034437,guided_exp
10:20:00.497,1,-1.890909,1.539353,-0.622163,guided_exp
10:20:00.596,2,-2.478289,1.437375,-2.033853,guided_exp
10:20:00.596,1,-1.882186,1.538581,-0.617496,guided_exp
10:20:00.679,2,-2.478423,1.437935,-2.03396,guided_exp
10:20:00.679,1,-1.882148,1.538716,-0.617045,guided_exp
10:20:00.762,2,-2.478343,1.438356,-2.033746,guided_exp
10:20:00.762,1,-1.884725,1.538925,-0.618266,guided_exp
10:20:00.864,2,-2.478291,1.43866,-2.032531,guided_exp
10:20:00.864,1,-1.88124,1.539312,-0.615108,guided_exp
10:20:00.962,2,-2.478417,1.439301,-2.031968,guided_exp
10:20:00.964,1,-1.880615,1.53971,-0.61439,guided_exp
10:20:01.062,2,-2.478954,1.439509,-2.031097,guided_exp
10:20:01.063,1,-1.879109,1.540132,-0.614823,guided_exp
10:20:01.146,2,-2.478724,1.439678,-2.03106,guided_exp
10:20:01.146,1,-1.877941,1.540382,-0.620238,guided_exp
10:20:01.229,2,-2.478334,1.439818,-2.030865,guided_exp
10:20:01.229,1,-1.872198,1.537833,-0.620597,guided_exp
10:20:01.312,2,-2.478173,1.439961,-2.030987,guided_exp
10:20:01.313,1,-1.870227,1.535408,-0.624991,guided_exp
10:20:01.396,2,-2.478031,1.439985,-2.030943,guided_exp
10:20:01.396,1,-1.865615,1.52577,-0.626968,guided_exp
10:20:01.497,2,-2.477875,1.440025,-2.030839,guided_exp
10:20:01.497,1,-1.865432,1.526266,-0.642765,guided_exp
10:20:01.596,2,-2.477763,1.440162,-2.031108,guided_exp
10:20:01.596,1,-1.871077,1.529842,-0.662071,guided_exp
10:20:01.679,2,-2.477823,1.440357,-2.031263,guided_exp
10:20:01.679,1,-1.88074,1.530166,-0.694942,guided_exp
10:20:01.762,2,-2.47825,1.439789,-2.031078,guided_exp
10:20:01.763,1,-1.897157,1.525332,-0.744623,guided_exp
10:20:01.846,2,-2.478378,1.439144,-2.031259,guided_exp
10:20:01.846,1,-1.912925,1.528629,-0.773872,guided_exp
10:20:01.929,2,-2.478828,1.438495,-2.031933,guided_exp
10:20:01.929,1,-1.944227,1.532548,-0.828176,guided_exp
10:20:02.012,2,-2.47953,1.438634,-2.034644,guided_exp
10:20:02.012,1,-1.969698,1.536987,-0.890408,guided_exp
10:20:02.096,2,-2.481087,1.438845,-2.035499,guided_exp
10:20:02.096,1,-1.978799,1.536298,-0.942093,guided_exp
10:20:02.179,2,-2.484506,1.438962,-2.036905,guided_exp
10:20:02.179,1,-1.998174,1.520723,-0.981115,guided_exp
10:20:02.262,2,-2.493823,1.438447,-2.041378,guided_exp
10:20:02.262,1,-1.994114,1.519694,-1.023022,guided_exp
10:20:02.346,2,-2.498723,1.437347,-2.045913,guided_exp
10:20:02.347,1,-1.977722,1.486277,-1.059284,guided_exp
10:20:02.429,2,-2.50531,1.434601,-2.058824,guided_exp
10:20:02.429,1,-1.950962,1.567552,-1.104066,guided_exp
10:20:02.562,2,-2.508634,1.43107,-2.073107,guided_exp
10:20:02.562,1,-1.901595,1.447644,-1.162361,guided_exp
10:20:02.646,2,-2.506641,1.427369,-2.09077,guided_exp
10:20:02.646,1,-1.876819,0.712685,-1.183851,guided_exp
10:20:02.729,2,-2.498321,1.420241,-2.11822,guided_exp
10:20:02.729,1,-1.830248,1.507164,-1.216166,guided_exp
10:20:02.812,2,-2.487139,1.41572,-2.139383,guided_exp
10:20:02.812,1,-1.814596,0.652301,-1.234053,guided_exp
10:20:02.946,2,-2.462791,1.413957,-2.184843,guided_exp
10:20:02.946,1,-1.77052,0.596176,-1.286825,guided_exp
10:20:03.029,2,-2.447369,1.417186,-2.220981,guided_exp
10:20:03.029,1,-1.759619,0.734348,-1.312217,guided_exp
10:20:03.112,2,-2.438203,1.420855,-2.241733,guided_exp
10:20:03.112,1,-1.756867,1.391895,-1.323117,guided_exp
10:20:03.198,2,-2.431723,1.427691,-2.256655,guided_exp
10:20:03.198,1,-1.743354,0.650995,-1.363594,guided_exp
10:20:03.297,2,-2.422481,1.427452,-2.282155,guided_exp
10:20:03.297,1,-1.711852,1.537402,-1.371728,guided_exp
10:20:03.379,2,-2.413807,1.424692,-2.302333,guided_exp
10:20:03.379,1,-1.71065,1.535332,-1.393361,guided_exp
10:20:03.462,2,-2.408553,1.426591,-2.31602,guided_exp
10:20:03.462,1,-1.714533,1.553324,-1.431028,guided_exp
10:20:03.546,2,-2.40457,1.42393,-2.326456,guided_exp
10:20:03.546,1,-1.72555,1.557632,-1.464554,guided_exp
10:20:03.630,2,-2.402296,1.422198,-2.332382,guided_exp
10:20:03.631,1,-1.739374,1.602733,-1.503077,guided_exp
10:20:03.731,2,-2.398261,1.420636,-2.340906,guided_exp
10:20:03.731,1,-1.741662,1.563579,-1.53871,guided_exp
10:20:03.812,2,-2.396006,1.420939,-2.347683,guided_exp
10:20:03.812,1,-1.754262,1.591558,-1.578964,guided_exp
10:20:03.896,2,-2.395254,1.421857,-2.350401,guided_exp
10:20:03.896,1,-1.758102,1.575649,-1.602006,guided_exp
10:20:03.997,2,-2.394088,1.42306,-2.354043,guided_exp
10:20:03.997,1,-1.765501,1.528575,-1.630177,guided_exp
10:20:04.097,2,-2.393083,1.423678,-2.356722,guided_exp
10:20:04.097,1,-1.769929,1.204898,-1.648524,guided_exp
10:20:04.198,2,-2.392307,1.423703,-2.358107,guided_exp
10:20:04.199,1,-1.769609,1.480384,-1.664387,guided_exp
10:20:04.279,2,-2.391889,1.424826,-2.359821,guided_exp
10:20:04.279,1,-1.76885,1.480384,-1.676363,guided_exp
10:20:04.363,2,-2.391742,1.422948,-2.35999,guided_exp
10:20:04.364,1,-1.769446,1.480384,-1.67943,guided_exp
10:20:04.462,2,-2.391727,1.421364,-2.359999,guided_exp
10:20:04.463,1,-1.767349,1.480384,-1.697445,guided_exp
10:20:04.563,2,-2.391788,1.419745,-2.36021,guided_exp
10:20:04.563,1,-1.76765,1.480384,-1.697293,guided_exp
10:20:04.663,2,-2.392077,1.419523,-2.359903,guided_exp
10:20:04.664,1,-1.783832,1.480384,-1.720467,guided_exp
10:20:04.762,2,-2.39295,1.419777,-2.359095,guided_exp
10:20:04.763,1,-1.789123,1.480384,-1.733757,guided_exp
10:20:04.863,2,-2.393445,1.419168,-2.358812,guided_exp
10:20:04.864,1,-1.789113,1.480384,-1.736926,guided_exp
10:20:04.963,2,-2.394177,1.416852,-2.358422,guided_exp
10:20:04.964,1,-1.788225,1.480384,-1.73918,guided_exp
10:20:05.046,2,-2.394652,1.415449,-2.3582,guided_exp
10:20:05.046,1,-1.786891,1.480384,-1.740372,guided_exp
10:20:05.179,2,-2.395212,1.416352,-2.358318,guided_exp
10:20:05.179,1,-1.782494,1.480384,-1.7484,guided_exp
10:20:05.262,2,-2.395391,1.416521,-2.358265,guided_exp
10:20:05.262,1,-1.778794,1.480384,-1.749886,guided_exp
10:20:05.346,2,-2.395972,1.41572,-2.358277,guided_exp
10:20:05.346,1,-1.776716,1.480384,-1.750291,guided_exp
10:20:05.496,2,-2.396741,1.416048,-2.358393,guided_exp
10:20:05.496,1,-1.761658,1.480384,-1.750176,guided_exp
10:20:05.580,2,-2.397163,1.463896,-2.358401,guided_exp
10:20:05.580,1,-1.762777,1.416512,-1.758728,guided_exp
10:20:05.662,2,-2.397675,1.480384,-2.358399,guided_exp
10:20:05.663,1,-1.753206,1.464416,-1.767239,guided_exp
10:20:05.763,2,-2.398285,1.416371,-2.358749,guided_exp
10:20:05.764,1,-1.741565,1.480384,-1.768578,guided_exp
10:20:05.846,2,-2.398235,1.464002,-2.359118,guided_exp
10:20:05.846,1,-1.726147,1.41711,-1.771448,guided_exp
10:20:05.998,2,-2.398543,1.480384,-2.359967,guided_exp
10:20:05.998,1,-1.696069,1.464087,-1.775483,guided_exp
10:20:06.079,2,-2.398657,1.417812,-2.359989,guided_exp
10:20:06.079,1,-1.66606,1.480384,-1.777511,guided_exp
10:20:06.180,2,-2.398399,1.463792,-2.360434,guided_exp
10:20:06.180,1,-1.640901,1.418567,-1.780631,guided_exp
10:20:06.262,2,-2.398089,1.480384,-2.361518,guided_exp
10:20:06.263,1,-1.612627,1.463947,-1.786124,guided_exp
10:20:06.348,2,-2.397402,1.418908,-2.362692,guided_exp
10:20:06.348,1,-1.5974,1.480384,-1.789031,guided_exp
10:20:06.429,2,-2.396862,1.464299,-2.363703,guided_exp
10:20:06.429,1,-1.578555,1.419044,-1.794995,guided_exp
10:20:06.513,2,-2.396318,1.480384,-2.364512,guided_exp
10:20:06.513,1,-1.563039,1.463534,-1.798878,guided_exp
10:20:06.612,2,-2.395384,1.419116,-2.365841,guided_exp
10:20:06.613,1,-1.552881,1.480384,-1.800761,guided_exp
10:20:06.697,2,-2.39501,1.463709,-2.367299,guided_exp
10:20:06.697,1,-1.544967,1.418775,-1.802345,guided_exp
10:20:06.797,2,-2.394657,1.480384,-2.368176,guided_exp
10:20:06.797,1,-1.544547,1.464146,-1.801557,guided_exp
10:20:06.898,2,-2.394027,1.418864,-2.369366,guided_exp
10:20:06.898,1,-1.541991,1.480384,-1.801326,guided_exp
10:20:06.997,2,-2.393449,1.464139,-2.370628,guided_exp
10:20:06.997,1,-1.541527,1.418838,-1.80081,guided_exp
10:20:07.079,2,-2.392972,1.480384,-2.371483,guided_exp
10:20:07.079,1,-1.541202,1.464055,-1.80113,guided_exp
10:20:07.164,2,-2.392702,1.418602,-2.372088,guided_exp
10:20:07.164,1,-1.541279,1.480384,-1.801152,guided_exp
10:20:07.246,2,-2.392347,1.461859,-2.372423,guided_exp
10:20:07.246,1,-1.541244,1.418564,-1.801282,guided_exp
10:20:07.379,2,-2.391516,1.480384,-2.372823,guided_exp
10:20:07.379,1,-1.5411,1.462142,-1.802248,guided_exp
10:20:07.462,2,-2.390714,1.418933,-2.373542,guided_exp
10:20:07.463,1,-1.541347,1.480384,-1.802959,guided_exp
10:20:07.546,2,-2.389689,1.462272,-2.373349,guided_exp
10:20:07.546,1,-1.539556,1.418954,-1.804739,guided_exp
10:20:07.631,2,-2.389118,1.462119,-2.373198,guided_exp
10:20:07.632,1,-1.539269,1.418533,-1.805467,guided_exp
10:20:07.712,2,-2.388211,1.463114,-2.372673,guided_exp
10:20:07.713,1,-1.539451,1.418698,-1.806754,guided_exp
10:20:07.796,2,-2.387469,1.464266,-2.372095,guided_exp
10:20:07.796,1,-1.540091,1.418656,-1.807209,guided_exp
10:20:07.879,2,-2.386451,1.464384,-2.370993,guided_exp
10:20:07.879,1,-1.540151,1.41824,-1.807779,guided_exp
10:20:07.962,2,-2.385915,1.463029,-2.369849,guided_exp
10:20:07.963,1,-1.53932,1.418216,-1.810308,guided_exp
10:20:08.096,2,-2.382972,1.464417,-2.365785,guided_exp
10:20:08.096,1,-1.538231,1.418173,-1.811403,guided_exp
10:20:08.180,2,-2.381738,1.464824,-2.364825,guided_exp
10:20:08.181,1,-1.53827,1.417827,-1.811725,guided_exp
10:20:08.262,2,-2.379486,1.466094,-2.361721,guided_exp
10:20:08.263,1,-1.536958,1.41747,-1.813239,guided_exp
10:20:08.396,2,-2.376873,1.464073,-2.352569,guided_exp
10:20:08.396,1,-1.536332,1.417622,-1.813759,guided_exp
10:20:08.480,2,-2.376054,1.466342,-2.347466,guided_exp
10:20:08.480,1,-1.535669,1.418041,-1.8143,guided_exp
10:20:08.562,2,-2.373169,1.465984,-2.335257,guided_exp
10:20:08.563,1,-1.532247,1.418097,-1.813683,guided_exp
10:20:08.646,2,-2.373426,1.465313,-2.32399,guided_exp
10:20:08.646,1,-1.527223,1.418486,-1.814566,guided_exp
10:20:08.729,2,-2.373933,1.464424,-2.300261,guided_exp
10:20:08.729,1,-1.512639,1.418413,-1.810428,guided_exp
10:20:08.812,2,-2.375791,1.465225,-2.281887,guided_exp
10:20:08.813,1,-1.503411,1.418304,-1.806957,guided_exp
10:20:08.897,2,-2.379035,1.464487,-2.263913,guided_exp
10:20:08.897,1,-1.497909,1.418473,-1.805155,guided_exp
10:20:08.979,2,-2.384161,1.464636,-2.232443,guided_exp
10:20:08.979,1,-1.477198,1.418947,-1.793183,guided_exp
10:20:09.064,2,-2.386814,1.464439,-2.214318,guided_exp
10:20:09.065,1,-1.464563,1.418996,-1.783251,guided_exp
10:20:09.146,2,-2.39798,1.465356,-2.179511,guided_exp
10:20:09.146,1,-1.451196,1.419673,-1.768999,guided_exp
10:20:09.297,2,-2.408071,1.464902,-2.135455,guided_exp
10:20:09.297,1,-1.414914,1.419603,-1.711001,guided_exp
10:20:09.379,2,-2.409645,1.466255,-2.112338,guided_exp
10:20:09.379,1,-1.3914,1.419854,-1.655306,guided_exp
10:20:09.463,2,-2.408449,1.46589,-2.096857,guided_exp
10:20:09.464,1,-1.376937,1.419942,-1.622483,guided_exp
10:20:09.546,2,-2.401848,1.466843,-2.071694,guided_exp
10:20:09.546,1,-1.34593,1.419894,-1.546097,guided_exp
10:20:09.679,2,-2.390491,1.466531,-2.050828,guided_exp
10:20:09.679,1,-1.310022,1.420019,-1.481599,guided_exp
10:20:09.764,2,-2.371892,1.465995,-2.036207,guided_exp
10:20:09.764,1,-1.287627,1.419692,-1.438872,guided_exp
10:20:09.846,2,-2.345397,1.463157,-2.024892,guided_exp
10:20:09.846,1,-1.25503,1.420028,-1.397702,guided_exp
10:20:09.979,2,-2.271747,1.464815,-2.014499,guided_exp
10:20:09.979,1,-1.208446,1.419131,-1.356498,guided_exp
10:20:10.064,2,-2.238009,1.465267,-2.010316,guided_exp
10:20:10.064,1,-1.183267,1.41905,-1.336926,guided_exp
10:20:10.146,2,-2.190786,1.465263,-2.009499,guided_exp
10:20:10.146,1,-1.139524,1.418896,-1.305098,guided_exp
10:20:10.231,2,-2.165868,1.465483,-2.010204,guided_exp
10:20:10.231,1,-1.102758,1.419399,-1.28409,guided_exp
10:20:10.312,2,-2.128938,1.461916,-2.009302,guided_exp
10:20:10.313,1,-1.048909,1.419036,-1.262457,guided_exp
10:20:10.446,2,-2.097981,1.456552,-2.010554,guided_exp
10:20:10.446,1,-0.951593,1.41845,-1.231305,guided_exp
10:20:10.529,2,-2.076223,1.461151,-2.007892,guided_exp
10:20:10.529,1,-0.914041,1.418478,-1.21751,guided_exp
10:20:10.612,2,-2.05843,1.46391,-2.011348,guided_exp
10:20:10.613,1,-0.879631,1.418521,-1.202882,guided_exp
10:20:10.697,2,-2.050151,1.465208,-2.011897,guided_exp
10:20:10.697,1,-0.838817,1.418536,-1.181574,guided_exp
10:20:10.797,2,-2.040305,1.465267,-2.012519,guided_exp
10:20:10.797,1,-0.819915,1.418397,-1.168406,guided_exp
10:20:10.879,2,-2.028744,1.46526,-2.014177,guided_exp
10:20:10.879,1,-0.8023,1.418441,-1.150786,guided_exp
10:20:10.963,2,-2.027061,1.466017,-2.014462,guided_exp
10:20:10.964,1,-0.788604,1.418487,-1.134376,guided_exp
10:20:11.046,2,-2.021173,1.461299,-2.015782,guided_exp
10:20:11.046,1,-0.776117,1.418341,-1.102343,guided_exp
10:20:11.179,2,-2.014071,1.461494,-2.016684,guided_exp
10:20:11.179,1,-0.778428,1.417748,-1.05825,guided_exp
10:20:11.262,2,-2.009941,1.46475,-2.017211,guided_exp
10:20:11.263,1,-0.785412,1.41757,-1.033938,guided_exp
10:20:11.362,2,-2.007529,1.463262,-2.018316,guided_exp
10:20:11.363,1,-0.788551,1.4173,-1.021646,guided_exp
10:20:11.446,2,-2.004723,1.464807,-2.018709,guided_exp
10:20:11.446,1,-0.798392,1.417691,-0.99514,guided_exp
10:20:11.547,2,-1.995453,1.466378,-2.017415,guided_exp
10:20:11.548,1,-0.797291,1.418442,-0.981493,guided_exp
10:20:11.629,2,-1.985597,1.465527,-2.015492,guided_exp
10:20:11.629,1,-0.793703,1.418362,-0.964373,guided_exp
10:20:11.779,2,-1.964335,1.46454,-2.006454,guided_exp
10:20:11.779,1,-0.781847,1.417806,-0.944419,guided_exp
10:20:11.862,2,-1.939641,1.464024,-1.989792,guided_exp
10:20:11.863,1,-0.767911,1.417736,-0.934285,guided_exp
10:20:11.946,2,-1.926561,1.463892,-1.974889,guided_exp
10:20:11.947,1,-0.756919,1.417325,-0.924052,guided_exp
10:20:12.029,2,-1.905393,1.461967,-1.948378,guided_exp
10:20:12.029,1,-0.740857,1.41714,-0.909781,guided_exp
10:20:12.162,2,-1.867646,1.462052,-1.881123,guided_exp
10:20:12.163,1,-0.726756,1.417365,-0.903208,guided_exp
10:20:12.263,2,-1.844685,1.462638,-1.846898,guided_exp
10:20:12.264,1,-0.721171,1.417835,-0.895915,guided_exp
10:20:12.346,2,-1.807555,1.464192,-1.771554,guided_exp
10:20:12.346,1,-0.711305,1.417063,-0.889588,guided_exp
10:20:12.497,2,-1.744967,1.457947,-1.676304,guided_exp
10:20:12.497,1,-0.705198,1.416966,-0.880512,guided_exp
10:20:12.598,2,-1.711102,1.459326,-1.608343,guided_exp
10:20:12.598,1,-0.701693,1.417266,-0.873702,guided_exp
10:20:12.698,2,-1.66892,1.457005,-1.538864,guided_exp
10:20:12.698,1,-0.701171,1.416849,-0.870072,guided_exp
10:20:12.796,2,-1.631794,1.462981,-1.477466,guided_exp
10:20:12.796,1,-0.700371,1.416822,-0.867591,guided_exp
10:20:12.929,2,-1.558711,1.459576,-1.377794,guided_exp
10:20:12.929,1,-0.700206,1.417221,-0.863593,guided_exp
10:20:13.013,2,-1.529403,1.461965,-1.344081,guided_exp
10:20:13.014,1,-0.699271,1.41665,-0.862811,guided_exp
10:20:13.096,2,-1.465418,1.463545,-1.282121,guided_exp
10:20:13.096,1,-0.69963,1.415624,-0.86147,guided_exp
10:20:13.246,2,-1.401971,1.461661,-1.214452,guided_exp
10:20:13.247,1,-0.700741,1.415976,-0.860873,guided_exp
10:20:13.347,2,-1.360187,1.461968,-1.17411,guided_exp
10:20:13.347,1,-0.70038,1.415845,-0.860525,guided_exp
10:20:13.429,2,-1.319305,1.460677,-1.135414,guided_exp
10:20:13.429,1,-0.701357,1.416255,-0.859613,guided_exp
10:20:13.579,2,-1.288648,1.461673,-1.103814,guided_exp
10:20:13.579,1,-0.704767,1.416134,-0.859511,guided_exp
10:20:13.664,2,-1.270641,1.465822,-1.084017,guided_exp
10:20:13.664,1,-0.71061,1.416401,-0.858879,guided_exp
10:20:13.765,2,-1.256076,1.462562,-1.068167,guided_exp
10:20:13.765,1,-0.713059,1.414446,-0.856944,guided_exp
10:20:13.863,2,-1.248042,1.46287,-1.055361,guided_exp
10:20:13.864,1,-0.715699,1.41458,-0.853445,guided_exp
10:20:13.946,2,-1.238663,1.457868,-1.042158,guided_exp
10:20:13.946,1,-0.717319,1.414922,-0.852654,guided_exp
10:20:14.096,2,-1.23542,1.458896,-1.035496,guided_exp
10:20:14.097,1,-0.717451,1.415217,-0.852425,guided_exp
10:20:14.196,2,-1.231771,1.46146,-1.032481,guided_exp
10:20:14.196,1,-0.718226,1.414969,-0.85239,guided_exp
10:20:14.279,2,-1.227177,1.462443,-1.026918,guided_exp
10:20:14.279,1,-0.717859,1.414443,-0.851968,guided_exp
10:20:14.362,2,-1.223353,1.464384,-1.024658,guided_exp
10:20:14.363,1,-0.715201,1.413808,-0.852155,guided_exp
10:20:14.446,2,-1.218398,1.458426,-1.021006,guided_exp
10:20:14.447,1,-0.716956,1.414101,-0.851669,guided_exp
10:20:14.529,2,-1.218797,1.457446,-1.022828,guided_exp
10:20:14.529,1,-0.717983,1.413778,-0.852546,guided_exp
10:20:14.614,2,-1.216052,1.456228,-1.023398,guided_exp
10:20:14.614,1,-0.717221,1.413816,-0.851998,guided_exp
10:20:14.696,2,-1.21797,1.462214,-1.025268,guided_exp
10:20:14.696,1,-0.718194,1.414955,-0.852277,guided_exp
10:20:14.779,2,-1.218687,1.463207,-1.0257,guided_exp
10:20:14.779,1,-0.718317,1.414868,-0.852334,guided_exp
10:20:14.862,2,-1.218694,1.463359,-1.026959,guided_exp
10:20:14.863,1,-0.718724,1.414471,-0.85243,guided_exp
10:20:14.996,2,-1.216143,1.461092,-1.02968,guided_exp
10:20:14.996,1,-0.719054,1.414048,-0.852928,guided_exp
10:20:15.129,2,-1.21252,1.463433,-1.029265,guided_exp
10:20:15.129,1,-0.718159,1.413869,-0.853173,guided_exp
10:20:15.263,2,-1.211073,1.463604,-1.029023,guided_exp
10:20:15.263,1,-0.717945,1.413805,-0.853208,guided_exp
10:20:15.413,2,-1.210263,1.459913,-1.028235,guided_exp
10:20:15.413,1,-0.715705,1.413912,-0.861271,guided_exp
10:20:15.497,2,-1.208061,1.463834,-1.025381,guided_exp
10:20:15.497,1,-0.717879,1.413476,-0.864236,guided_exp
10:20:15.579,2,-1.207658,1.464619,-1.023362,guided_exp
10:20:15.579,1,-0.714685,1.41209,-0.864071,guided_exp
10:20:15.663,2,-1.20827,1.465004,-1.023253,guided_exp
10:20:15.663,1,-0.715042,1.411718,-0.86385,guided_exp
10:20:15.746,2,-1.207354,1.45836,-1.020518,guided_exp
10:20:15.746,1,-0.714675,1.411738,-0.863113,guided_exp
10:20:15.879,2,-1.203364,1.455376,-1.017161,guided_exp
10:20:15.879,1,-0.715119,1.410856,-0.86626,guided_exp
10:20:15.963,2,-1.204718,1.454083,-1.016809,guided_exp
10:20:15.964,1,-0.717334,1.410608,-0.869079,guided_exp
10:20:16.046,2,-1.205281,1.453367,-1.017658,guided_exp
10:20:16.046,1,-0.719257,1.410772,-0.875336,guided_exp
10:20:16.179,2,-1.205374,1.463282,-1.017614,guided_exp
10:20:16.179,1,-0.718603,1.410702,-0.875734,guided_exp
10:20:16.313,2,-1.204984,1.469735,-1.015097,guided_exp
10:20:16.313,1,-0.719572,1.410311,-0.875124,guided_exp
10:20:16.397,2,-1.206009,1.472332,-1.013681,guided_exp
10:20:16.397,1,-0.721372,1.409598,-0.874445,guided_exp
10:20:16.479,2,-1.207087,1.474942,-1.013315,guided_exp
10:20:16.479,1,-0.723314,1.409593,-0.871881,guided_exp
10:20:16.613,2,-1.208978,1.466745,-1.012899,guided_exp
10:20:16.613,1,-0.724409,1.409304,-0.870358,guided_exp
10:20:16.697,2,-1.209477,1.437434,-1.011392,guided_exp
10:20:16.697,1,-0.727177,1.411292,-0.867346,guided_exp
10:20:16.797,2,-1.209,1.438757,-1.009636,guided_exp
10:20:16.797,1,-0.728253,1.413322,-0.867644,guided_exp
10:20:16.879,2,-1.21034,1.451436,-1.008525,guided_exp
10:20:16.879,1,-0.729058,1.417061,-0.868423,guided_exp
10:20:16.963,2,-1.211003,1.439939,-1.007774,guided_exp
10:20:16.963,1,-0.729873,1.42396,-0.868683,guided_exp
10:20:17.046,2,-1.211524,1.457447,-1.005917,guided_exp
10:20:17.046,1,-0.730202,1.428257,-0.869179,guided_exp
10:20:17.179,2,-1.210386,1.454064,-1.004289,guided_exp
10:20:17.179,1,-0.732286,1.432017,-0.870395,guided_exp
10:20:17.313,2,-1.208239,1.450347,-1.001478,guided_exp
10:20:17.313,1,-0.731122,1.435401,-0.872225,guided_exp
10:20:17.446,2,-1.2063,1.436323,-0.996346,guided_exp
10:20:17.446,1,-0.731037,1.436881,-0.873773,guided_exp
10:20:17.579,2,-1.20442,1.434449,-1.001296,guided_exp
10:20:17.579,1,-0.730002,1.43834,-0.875803,guided_exp
10:20:17.713,2,-1.20618,1.449977,-1.000004,guided_exp
10:20:17.713,1,-0.732083,1.438884,-0.877094,guided_exp
10:20:17.797,2,-1.206158,1.454446,-0.999241,guided_exp
10:20:17.797,1,-0.731734,1.437518,-0.877839,guided_exp
10:20:17.879,2,-1.20641,1.472396,-0.998316,guided_exp
10:20:17.879,1,-0.729527,1.435107,-0.880338,guided_exp
10:20:17.964,2,-1.20686,1.470926,-0.997534,guided_exp
10:20:17.964,1,-0.729492,1.433208,-0.880943,guided_exp
10:20:18.046,2,-1.205836,1.471752,-0.996592,guided_exp
10:20:18.046,1,-0.728243,1.433433,-0.881774,guided_exp
10:20:18.179,2,-1.20579,1.468941,-0.995528,guided_exp
10:20:18.179,1,-0.728437,1.432985,-0.88418,guided_exp
10:20:18.263,2,-1.205218,1.471546,-0.994412,guided_exp
10:20:18.264,1,-0.729949,1.430558,-0.883155,guided_exp
10:20:18.346,2,-1.204218,1.471763,-0.993577,guided_exp
10:20:18.346,1,-0.729811,1.429067,-0.883261,guided_exp
10:20:18.479,2,-1.204387,1.474427,-0.990227,guided_exp
10:20:18.479,1,-0.727737,1.426874,-0.883717,guided_exp
10:20:18.563,2,-1.206558,1.47457,-0.987469,guided_exp
10:20:18.564,1,-0.729116,1.425454,-0.88371,guided_exp
10:20:18.646,2,-1.205511,1.470068,-0.987615,guided_exp
10:20:18.646,1,-0.728927,1.423608,-0.886824,guided_exp
10:20:18.731,2,-1.204127,1.47502,-0.988343,guided_exp
10:20:18.732,1,-0.727842,1.422287,-0.887058,guided_exp
10:20:18.813,2,-1.20347,1.473313,-0.991052,guided_exp
10:20:18.813,1,-0.72902,1.421329,-0.887813,guided_exp
10:20:18.898,2,-1.20386,1.476926,-0.99123,guided_exp
10:20:18.898,1,-0.728634,1.420285,-0.888442,guided_exp
10:20:18.979,2,-1.204739,1.478088,-0.992398,guided_exp
10:20:18.979,1,-0.727373,1.420211,-0.88871,guided_exp
10:20:19.063,2,-1.207868,1.478552,-0.993606,guided_exp
10:20:19.063,1,-0.727764,1.419904,-0.889515,guided_exp
10:20:19.146,2,-1.209263,1.476762,-0.996117,guided_exp
10:20:19.146,1,-0.726289,1.41948,-0.888657,guided_exp
10:20:19.229,2,-1.213859,1.476681,-0.996397,guided_exp
10:20:19.229,1,-0.725949,1.419527,-0.888434,guided_exp
10:20:19.313,2,-1.231341,1.47656,-0.997774,guided_exp
10:20:19.313,1,-0.724177,1.419496,-0.88527,guided_exp
10:20:19.446,2,-1.251969,1.476451,-0.9907,guided_exp
10:20:19.446,1,-0.721953,1.419483,-0.882784,guided_exp
10:20:19.579,2,-1.290198,1.476407,-1.001257,guided_exp
10:20:19.579,1,-0.721525,1.419374,-0.882016,guided_exp
10:20:19.713,2,-1.363171,1.476263,-1.039538,guided_exp
10:20:19.713,1,-0.723343,1.419537,-0.879937,guided_exp
10:20:19.846,2,-1.438993,1.476019,-1.085238,guided_exp
10:20:19.846,1,-0.728525,1.419578,-0.877918,guided_exp
10:20:19.979,2,-1.535727,1.476473,-1.144911,guided_exp
10:20:19.979,1,-0.732809,1.419688,-0.875968,guided_exp
10:20:20.113,2,-1.610271,1.476213,-1.196179,guided_exp
10:20:20.113,1,-0.736266,1.419754,-0.87056,guided_exp
10:20:20.196,2,-1.660658,1.476083,-1.231436,guided_exp
10:20:20.196,1,-0.738723,1.419661,-0.868534,guided_exp
10:20:20.279,2,-1.682159,1.479602,-1.248183,guided_exp
10:20:20.279,1,-0.743111,1.41968,-0.870531,guided_exp
10:20:20.363,2,-1.710265,1.481097,-1.27009,guided_exp
10:20:20.363,1,-0.747839,1.419771,-0.873009,guided_exp
10:20:20.448,2,-1.722316,1.4821,-1.278394,guided_exp
10:20:20.448,1,-0.749946,1.419936,-0.877074,guided_exp
10:20:20.529,2,-1.734457,1.485591,-1.286404,guided_exp
10:20:20.529,1,-0.771206,1.420281,-0.89433,guided_exp
10:20:20.680,2,-1.751759,1.489309,-1.295228,guided_exp
10:20:20.681,1,-0.783895,1.420599,-0.909595,guided_exp
10:20:20.779,2,-1.759092,1.48116,-1.296622,guided_exp
10:20:20.780,1,-0.795148,1.420407,-0.923416,guided_exp
10:20:20.863,2,-1.763618,1.474472,-1.298846,guided_exp
10:20:20.863,1,-0.81063,1.420296,-0.939484,guided_exp
10:20:20.946,2,-1.763181,1.472268,-1.298762,guided_exp
10:20:20.946,1,-0.81892,1.420353,-0.943553,guided_exp
10:20:21.029,2,-1.763006,1.477477,-1.298394,guided_exp
10:20:21.029,1,-0.823233,1.420315,-0.9508,guided_exp
10:20:21.115,2,-1.762854,1.481386,-1.298465,guided_exp
10:20:21.115,1,-0.827101,1.420258,-0.954682,guided_exp
10:20:21.196,2,-1.76363,1.48271,-1.300368,guided_exp
10:20:21.196,1,-0.831669,1.420002,-0.962781,guided_exp
10:20:21.347,2,-1.758033,1.483325,-1.29992,guided_exp
10:20:21.348,1,-0.836802,1.418514,-0.965773,guided_exp
10:20:21.429,2,-1.755774,1.484213,-1.2991,guided_exp
10:20:21.429,1,-0.840043,1.417953,-0.967986,guided_exp
10:20:21.514,2,-1.750905,1.485578,-1.297826,guided_exp
10:20:21.514,1,-0.839742,1.417108,-0.968361,guided_exp
10:20:21.596,2,-1.721434,1.48387,-1.279989,guided_exp
10:20:21.596,1,-0.842758,1.41607,-0.967923,guided_exp
10:20:21.680,2,-1.714325,1.484733,-1.275799,guided_exp
10:20:21.681,1,-0.84217,1.415115,-0.968318,guided_exp
10:20:21.779,2,-1.680847,1.481954,-1.245954,guided_exp
10:20:21.779,1,-0.839447,1.415199,-0.967196,guided_exp
10:20:21.863,2,-1.644159,1.481178,-1.211933,guided_exp
10:20:21.863,1,-0.837364,1.414307,-0.965839,guided_exp
10:20:21.946,2,-1.613166,1.480308,-1.180794,guided_exp
10:20:21.946,1,-0.835221,1.413881,-0.964826,guided_exp
10:20:22.029,2,-1.565611,1.479675,-1.14071,guided_exp
10:20:22.029,1,-0.825672,1.413853,-0.9618,guided_exp
10:20:22.163,2,-1.479676,1.479492,-1.070491,guided_exp
10:20:22.163,1,-0.817304,1.413853,-0.958187,guided_exp
10:20:22.296,2,-1.423243,1.479521,-1.032086,guided_exp
10:20:22.296,1,-0.810119,1.414089,-0.954976,guided_exp
10:20:22.380,2,-1.392254,1.479799,-1.004407,guided_exp
10:20:22.381,1,-0.808811,1.413555,-0.953971,guided_exp
10:20:22.463,2,-1.358326,1.479274,-0.973831,guided_exp
10:20:22.463,1,-0.805561,1.413604,-0.951264,guided_exp
10:20:22.546,2,-1.344257,1.479102,-0.95293,guided_exp
10:20:22.546,1,-0.801608,1.413445,-0.949252,guided_exp
10:20:22.631,2,-1.322325,1.479187,-0.924803,guided_exp
10:20:22.632,1,-0.800017,1.414263,-0.949048,guided_exp
10:20:22.713,2,-1.288393,1.47983,-0.876934,guided_exp
10:20:22.713,1,-0.79499,1.413821,-0.944191,guided_exp
10:20:22.797,2,-1.2843,1.479812,-0.843552,guided_exp
10:20:22.798,1,-0.791691,1.413857,-0.942881,guided_exp
10:20:22.879,2,-1.273482,1.480066,-0.79332,guided_exp
10:20:22.879,1,-0.785729,1.41389,-0.939101,guided_exp
10:20:22.963,2,-1.257116,1.480045,-0.749395,guided_exp
10:20:22.963,1,-0.772434,1.413869,-0.929616,guided_exp
10:20:23.063,2,-1.248633,1.481115,-0.719823,guided_exp
10:20:23.063,1,-0.772579,1.415032,-0.929525,guided_exp
10:20:23.164,2,-1.217156,1.48167,-0.670231,guided_exp
10:20:23.164,1,-0.767801,1.41569,-0.926109,guided_exp
10:20:23.246,2,-1.209692,1.481237,-0.669061,guided_exp
10:20:23.246,1,-0.759006,1.414873,-0.919681,guided_exp
10:20:23.397,2,-1.175775,1.480781,-0.646421,guided_exp
10:20:23.397,1,-0.741156,1.414928,-0.905436,guided_exp
10:20:23.497,2,-1.154873,1.480779,-0.644742,guided_exp
10:20:23.497,1,-0.736007,1.41608,-0.904143,guided_exp
10:20:23.597,2,-1.144075,1.480629,-0.637026,guided_exp
10:20:23.597,1,-0.729993,1.421301,-0.8989,guided_exp
10:20:23.697,2,-1.140319,1.481284,-0.633918,guided_exp
10:20:23.697,1,-0.720664,1.418866,-0.890745,guided_exp
10:20:23.779,2,-1.137883,1.481006,-0.633722,guided_exp
10:20:23.779,1,-0.709859,1.41606,-0.886687,guided_exp
10:20:23.863,2,-1.12636,1.478775,-0.629791,guided_exp
10:20:23.863,1,-0.707173,1.416311,-0.883358,guided_exp
10:20:23.946,2,-1.125375,1.477087,-0.630279,guided_exp
10:20:23.946,1,-0.707937,1.41516,-0.878913,guided_exp
10:20:24.046,2,-1.125793,1.47607,-0.63016,guided_exp
10:20:24.046,1,-0.706459,1.415993,-0.876176,guided_exp
10:20:24.146,2,-1.120082,1.475044,-0.629384,guided_exp
10:20:24.146,1,-0.705798,1.413736,-0.87398,guided_exp
10:20:24.230,2,-1.118786,1.474198,-0.631102,guided_exp
10:20:24.230,1,-0.703063,1.414422,-0.87201,guided_exp
10:20:24.330,2,-1.111473,1.47746,-0.63443,guided_exp
10:20:24.331,1,-0.698486,1.412381,-0.868796,guided_exp
10:20:24.430,2,-1.112015,1.473704,-0.632088,guided_exp
10:20:24.432,1,-0.69807,1.411867,-0.867902,guided_exp
10:20:24.530,2,-1.109217,1.463193,-0.641072,guided_exp
10:20:24.530,1,-0.697364,1.419852,-0.867275,guided_exp
10:20:24.629,2,-1.11089,1.463511,-0.641078,guided_exp
10:20:24.629,1,-0.693122,1.411585,-0.866322,guided_exp
10:20:24.729,2,-1.10759,1.462698,-0.651506,guided_exp
10:20:24.729,1,-0.693579,1.407423,-0.864303,guided_exp
10:20:24.815,2,-1.107436,1.474476,-0.652031,guided_exp
10:20:24.815,1,-0.692374,1.401337,-0.862197,guided_exp
10:20:24.896,2,-1.10714,1.474936,-0.648693,guided_exp
10:20:24.896,1,-0.687615,1.398682,-0.86034,guided_exp
10:20:25.029,2,-1.101926,1.476451,-0.643709,guided_exp
10:20:25.029,1,-0.686218,1.390057,-0.859472,guided_exp
10:20:25.163,2,-1.102217,1.474031,-0.650215,guided_exp
10:20:25.163,1,-0.684938,1.387154,-0.858838,guided_exp
10:20:25.296,2,-1.100676,1.477519,-0.647628,guided_exp
10:20:25.296,1,-0.680532,1.392395,-0.860197,guided_exp
10:20:25.381,2,-1.100306,1.473013,-0.646955,guided_exp
10:20:25.381,1,-0.68094,1.389686,-0.86028,guided_exp
10:20:25.480,2,-1.10117,1.470091,-0.648193,guided_exp
10:20:25.481,1,-0.680386,1.391068,-0.859997,guided_exp
10:20:25.579,2,-1.103364,1.449003,-0.651446,guided_exp
10:20:25.579,1,-0.679714,1.390755,-0.859284,guided_exp
10:20:25.663,2,-1.10021,1.44979,-0.649731,guided_exp
10:20:25.663,1,-0.679623,1.386849,-0.857008,guided_exp
10:20:25.746,2,-1.099969,1.448916,-0.649937,guided_exp
10:20:25.746,1,-0.678457,1.390511,-0.856608,guided_exp
10:20:25.829,2,-1.099113,1.452447,-0.648415,guided_exp
10:20:25.829,1,-0.674937,1.389786,-0.851915,guided_exp
10:20:25.963,2,-1.097738,1.461804,-0.647758,guided_exp
10:20:25.963,1,-0.67507,1.388449,-0.849978,guided_exp
10:20:26.096,2,-1.098069,1.45348,-0.648753,guided_exp
10:20:26.096,1,-0.674003,1.389151,-0.849174,guided_exp
10:20:26.180,2,-1.098554,1.453123,-0.647766,guided_exp
10:20:26.181,1,-0.673859,1.389778,-0.848259,guided_exp
10:20:26.263,2,-1.100795,1.449646,-0.648077,guided_exp
10:20:26.263,1,-0.67055,1.391479,-0.849275,guided_exp
10:20:26.346,2,-1.099602,1.439308,-0.647323,guided_exp
10:20:26.346,1,-0.671016,1.390042,-0.848446,guided_exp
10:20:26.447,2,-1.096344,1.426811,-0.64673,guided_exp
10:20:26.448,1,-0.670804,1.388943,-0.848163,guided_exp
10:20:26.529,2,-1.096556,1.426714,-0.644692,guided_exp
10:20:26.529,1,-0.668296,1.389147,-0.851398,guided_exp
10:20:26.680,2,-1.099667,1.430371,-0.644354,guided_exp
10:20:26.681,1,-0.667061,1.388496,-0.852446,guided_exp
10:20:26.779,2,-1.097061,1.430299,-0.647188,guided_exp
10:20:26.779,1,-0.666996,1.388326,-0.853502,guided_exp
10:20:26.880,2,-1.09684,1.436355,-0.648035,guided_exp
10:20:26.881,1,-0.668839,1.39017,-0.852582,guided_exp
10:20:26.980,2,-1.096628,1.434334,-0.648437,guided_exp
10:20:26.981,1,-0.667985,1.394285,-0.852334,guided_exp
10:20:27.079,2,-1.096158,1.435583,-0.648055,guided_exp
10:20:27.080,1,-0.667604,1.395436,-0.848443,guided_exp
10:20:27.163,2,-1.100216,1.432763,-0.644764,guided_exp
10:20:27.163,1,-0.668242,1.396127,-0.847054,guided_exp
10:20:27.296,2,-1.099512,1.431988,-0.645258,guided_exp
10:20:27.296,1,-0.666333,1.387641,-0.845559,guided_exp
10:20:27.379,2,-1.098835,1.429508,-0.645466,guided_exp
10:20:27.379,1,-0.666997,1.377702,-0.84448,guided_exp
10:20:27.463,2,-1.105349,1.425753,-0.640143,guided_exp
10:20:27.463,1,-0.669706,1.373424,-0.843085,guided_exp
10:20:27.547,2,-1.100372,1.424494,-0.643579,guided_exp
10:20:27.548,1,-0.670738,1.370067,-0.842608,guided_exp
10:20:27.629,2,-1.096537,1.41964,-0.647807,guided_exp
10:20:27.629,1,-0.671049,1.37721,-0.84152,guided_exp
10:20:27.780,2,-1.103897,1.418261,-0.646989,guided_exp
10:20:27.781,1,-0.673647,1.374163,-0.839139,guided_exp
10:20:27.863,2,-1.102901,1.418555,-0.648278,guided_exp
10:20:27.863,1,-0.674065,1.371741,-0.839134,guided_exp
10:20:27.946,2,-1.101375,1.415361,-0.648903,guided_exp
10:20:27.946,1,-0.674651,1.37317,-0.837899,guided_exp
10:20:28.029,2,-1.102106,1.416504,-0.647724,guided_exp
10:20:28.030,1,-0.674793,1.362729,-0.838471,guided_exp
10:20:28.113,2,-1.101308,1.416491,-0.649727,guided_exp
10:20:28.113,1,-0.675221,1.365087,-0.840189,guided_exp
10:20:28.196,2,-1.102328,1.416904,-0.648328,guided_exp
10:20:28.196,1,-0.674788,1.354081,-0.840013,guided_exp
10:20:28.279,2,-1.103113,1.41754,-0.648316,guided_exp
10:20:28.279,1,-0.675384,1.355514,-0.840001,guided_exp
10:20:28.363,2,-1.102918,1.418493,-0.648775,guided_exp
10:20:28.363,1,-0.675142,1.358289,-0.8401,guided_exp
10:20:28.446,2,-1.099321,1.418155,-0.652252,guided_exp
10:20:28.446,1,-0.674814,1.360549,-0.839603,guided_exp
10:20:28.529,2,-1.099074,1.418497,-0.652037,guided_exp
10:20:28.530,1,-0.674417,1.360126,-0.842539,guided_exp
10:20:28.613,2,-1.095999,1.4182,-0.654144,guided_exp
10:20:28.613,1,-0.671875,1.360881,-0.846738,guided_exp
10:20:28.697,2,-1.098302,1.413261,-0.648933,guided_exp
10:20:28.697,1,-0.672861,1.366712,-0.847718,guided_exp
10:20:28.779,2,-1.098277,1.413444,-0.649194,guided_exp
10:20:28.779,1,-0.672333,1.36251,-0.853645,guided_exp
10:20:28.913,2,-1.099546,1.410165,-0.647323,guided_exp
10:20:28.913,1,-0.67174,1.360991,-0.852528,guided_exp
10:20:29.046,2,-1.10121,1.41156,-0.644817,guided_exp
10:20:29.046,1,-0.671606,1.359129,-0.852489,guided_exp
10:20:29.179,2,-1.101074,1.413744,-0.648683,guided_exp
10:20:29.179,1,-0.671372,1.360378,-0.852238,guided_exp
10:20:29.313,2,-1.099935,1.412673,-0.648707,guided_exp
10:20:29.313,1,-0.671702,1.360874,-0.852225,guided_exp
10:20:29.463,2,-1.100974,1.413442,-0.647015,guided_exp
10:20:29.463,1,-0.669908,1.360653,-0.852036,guided_exp
10:20:29.547,2,-1.101715,1.414918,-0.647809,guided_exp
10:20:29.547,1,-0.670267,1.361882,-0.851891,guided_exp
10:20:29.646,2,-1.083551,1.414124,-0.615363,guided_exp
10:20:29.646,1,-0.671068,1.357043,-0.851128,guided_exp
10:20:29.746,2,-1.097865,1.414218,-0.637577,guided_exp
10:20:29.747,1,-0.674532,1.357844,-0.852338,guided_exp
10:20:29.829,2,-1.101903,1.416103,-0.64215,guided_exp
10:20:29.829,1,-0.678245,1.358097,-0.8538,guided_exp
10:20:29.913,2,-1.1027,1.416891,-0.64393,guided_exp
10:20:29.913,1,-0.67771,1.358431,-0.853583,guided_exp
10:20:29.996,2,-1.101394,1.416722,-0.648232,guided_exp
10:20:29.996,1,-0.677466,1.358754,-0.852305,guided_exp
10:20:30.080,2,-1.102562,1.416883,-0.648603,guided_exp
10:20:30.081,1,-0.677823,1.354995,-0.851703,guided_exp
10:20:30.163,2,-1.105572,1.417065,-0.644536,guided_exp
10:20:30.163,1,-0.673923,1.357453,-0.851249,guided_exp
10:20:30.246,2,-1.106291,1.41683,-0.644291,guided_exp
10:20:30.246,1,-0.675169,1.357323,-0.85179,guided_exp
10:20:30.347,2,-1.106842,1.417028,-0.643313,guided_exp
10:20:30.347,1,-0.676265,1.35807,-0.852464,guided_exp
10:20:30.429,2,-1.107368,1.418262,-0.645072,guided_exp
10:20:30.430,1,-0.675818,1.359003,-0.852259,guided_exp
10:20:30.513,2,-1.108721,1.417515,-0.644887,guided_exp
10:20:30.513,1,-0.676241,1.355636,-0.85204,guided_exp
10:20:30.613,2,-1.109246,1.418477,-0.644362,guided_exp
10:20:30.613,1,-0.675437,1.353912,-0.850777,guided_exp
10:20:30.696,2,-1.109119,1.420504,-0.643901,guided_exp
10:20:30.696,1,-0.673587,1.35598,-0.85168,guided_exp
10:20:30.781,2,-1.111208,1.425743,-0.639733,guided_exp
10:20:30.782,1,-0.674306,1.358423,-0.85195,guided_exp
10:20:30.880,2,-1.108956,1.422312,-0.643817,guided_exp
10:20:30.881,1,-0.674715,1.358239,-0.851967,guided_exp
10:20:30.980,2,-1.110085,1.421621,-0.638566,guided_exp
10:20:30.981,1,-0.674229,1.358777,-0.85071,guided_exp
10:20:31.063,2,-1.110769,1.41708,-0.636986,guided_exp
10:20:31.063,1,-0.674652,1.359639,-0.851877,guided_exp
10:20:31.146,2,-1.112732,1.418942,-0.635053,guided_exp
10:20:31.146,1,-0.67481,1.361296,-0.851145,guided_exp
10:20:31.229,2,-1.112917,1.420793,-0.634611,guided_exp
10:20:31.230,1,-0.673901,1.360913,-0.851768,guided_exp
10:20:31.315,2,-1.113597,1.421694,-0.637392,guided_exp
10:20:31.315,1,-0.673494,1.358989,-0.852779,guided_exp
10:20:31.414,2,-1.114537,1.428572,-0.635931,guided_exp
10:20:31.414,1,-0.674206,1.361991,-0.852273,guided_exp
10:20:31.514,2,-1.115039,1.429464,-0.635553,guided_exp
10:20:31.514,1,-0.674353,1.361566,-0.85242,guided_exp
10:20:31.613,2,-1.116878,1.428847,-0.633996,guided_exp
10:20:31.613,1,-0.675661,1.359876,-0.853469,guided_exp
10:20:31.696,2,-1.117302,1.433036,-0.635085,guided_exp
10:20:31.696,1,-0.675655,1.365482,-0.853399,guided_exp
10:20:31.781,2,-1.116133,1.432136,-0.636941,guided_exp
10:20:31.782,1,-0.677958,1.367092,-0.853185,guided_exp
10:20:31.879,2,-1.116274,1.431808,-0.638589,guided_exp
10:20:31.880,1,-0.677297,1.36756,-0.854286,guided_exp
10:20:31.963,2,-1.116053,1.431626,-0.631136,guided_exp
10:20:31.963,1,-0.677315,1.368197,-0.854005,guided_exp
10:20:32.046,2,-1.117022,1.430631,-0.637427,guided_exp
10:20:32.046,1,-0.677965,1.368617,-0.854332,guided_exp
10:20:32.129,2,-1.119365,1.427537,-0.637003,guided_exp
10:20:32.129,1,-0.678269,1.368133,-0.85437,guided_exp
10:20:32.263,2,-1.120885,1.425799,-0.634901,guided_exp
10:20:32.263,1,-0.679708,1.361574,-0.854862,guided_exp
10:20:32.348,2,-1.121778,1.425522,-0.634955,guided_exp
10:20:32.349,1,-0.679529,1.360334,-0.854753,guided_exp
10:20:32.429,2,-1.125103,1.419112,-0.635325,guided_exp
10:20:32.430,1,-0.680346,1.359257,-0.856277,guided_exp
10:20:32.514,2,-1.125608,1.420596,-0.634746,guided_exp
10:20:32.514,1,-0.680068,1.358456,-0.855813,guided_exp
10:20:32.596,2,-1.126035,1.42027,-0.634053,guided_exp
10:20:32.596,1,-0.679394,1.357448,-0.854847,guided_exp
10:20:32.680,2,-1.126269,1.419798,-0.635057,guided_exp
10:20:32.680,1,-0.67557,1.356719,-0.845174,guided_exp
10:20:32.763,2,-1.126635,1.420894,-0.635707,guided_exp
10:20:32.763,1,-0.679361,1.356312,-0.844868,guided_exp
10:20:32.846,2,-1.126903,1.421506,-0.635372,guided_exp
10:20:32.846,1,-0.679132,1.357221,-0.843312,guided_exp
10:20:32.930,2,-1.126876,1.422287,-0.635178,guided_exp
10:20:32.930,1,-0.679898,1.357927,-0.843873,guided_exp
10:20:33.013,2,-1.128457,1.422175,-0.633201,guided_exp
10:20:33.013,1,-0.678252,1.360252,-0.845567,guided_exp
10:20:33.098,2,-1.124649,1.421636,-0.636601,guided_exp
10:20:33.098,1,-0.678665,1.364165,-0.845712,guided_exp
10:20:33.197,2,-1.124312,1.420018,-0.637304,guided_exp
10:20:33.197,1,-0.679802,1.363829,-0.845909,guided_exp
10:20:33.279,2,-1.122824,1.418581,-0.638378,guided_exp
10:20:33.280,1,-0.680061,1.362882,-0.845776,guided_exp
10:20:33.363,2,-1.123854,1.41909,-0.637717,guided_exp
10:20:33.363,1,-0.680274,1.363146,-0.845914,guided_exp
10:20:33.464,2,-1.125074,1.418962,-0.637646,guided_exp
10:20:33.464,1,-0.679979,1.362151,-0.845919,guided_exp
10:20:33.546,2,-1.125906,1.418998,-0.639038,guided_exp
10:20:33.546,1,-0.681457,1.361685,-0.845875,guided_exp
10:20:33.679,2,-1.125495,1.419083,-0.639907,guided_exp
10:20:33.680,1,-0.680024,1.361837,-0.846121,guided_exp
10:20:33.763,2,-1.124311,1.415386,-0.642948,guided_exp
10:20:33.763,1,-0.679977,1.363522,-0.845675,guided_exp
10:20:33.846,2,-1.125214,1.415735,-0.64502,guided_exp
10:20:33.846,1,-0.680223,1.365307,-0.845893,guided_exp
10:20:33.929,2,-1.122484,1.415962,-0.644537,guided_exp
10:20:33.930,1,-0.680108,1.368623,-0.845879,guided_exp
10:20:34.013,2,-1.120915,1.416361,-0.645224,guided_exp
10:20:34.013,1,-0.678654,1.37377,-0.846137,guided_exp
10:20:34.096,2,-1.120962,1.414393,-0.644876,guided_exp
10:20:34.096,1,-0.679338,1.383349,-0.845853,guided_exp
10:20:34.229,2,-1.125439,1.414991,-0.639772,guided_exp
10:20:34.230,1,-0.678802,1.380559,-0.846336,guided_exp
10:20:34.313,2,-1.125625,1.414651,-0.639865,guided_exp
10:20:34.313,1,-0.678857,1.380742,-0.846243,guided_exp
10:20:34.396,2,-1.125816,1.414876,-0.641691,guided_exp
10:20:34.396,1,-0.681311,1.37878,-0.845388,guided_exp
10:20:34.480,2,-1.127591,1.416272,-0.640562,guided_exp
10:20:34.480,1,-0.680379,1.373795,-0.845762,guided_exp
10:20:34.563,2,-1.127279,1.421963,-0.640262,guided_exp
10:20:34.563,1,-0.67987,1.379184,-0.845553,guided_exp
10:20:34.696,2,-1.128126,1.416111,-0.640314,guided_exp
10:20:34.696,1,-0.679086,1.372334,-0.844411,guided_exp
10:20:34.780,2,-1.129157,1.417212,-0.638928,guided_exp
10:20:34.781,1,-0.679533,1.356735,-0.842646,guided_exp
10:20:34.879,2,-1.128762,1.419484,-0.640004,guided_exp
10:20:34.880,1,-0.681275,1.360475,-0.841717,guided_exp
10:20:34.980,2,-1.127478,1.422136,-0.640553,guided_exp
10:20:34.981,1,-0.681524,1.360031,-0.842148,guided_exp
10:20:35.079,2,-1.127555,1.418749,-0.640099,guided_exp
10:20:35.080,1,-0.682014,1.356991,-0.842941,guided_exp
10:20:35.180,2,-1.126332,1.422966,-0.640716,guided_exp
10:20:35.181,1,-0.682116,1.358657,-0.843748,guided_exp
10:20:35.281,2,-1.126673,1.410394,-0.642211,guided_exp
10:20:35.282,1,-0.68279,1.358832,-0.843485,guided_exp
10:20:35.379,2,-1.126487,1.407263,-0.641852,guided_exp
10:20:35.380,1,-0.682821,1.358966,-0.842662,guided_exp
10:20:35.463,2,-1.125729,1.405179,-0.641762,guided_exp
10:20:35.463,1,-0.684307,1.360183,-0.84426,guided_exp
10:20:35.564,2,-1.124355,1.403435,-0.641896,guided_exp
10:20:35.564,1,-0.684286,1.360276,-0.842241,guided_exp
10:20:35.663,2,-1.124147,1.403339,-0.641273,guided_exp
10:20:35.663,1,-0.684614,1.362273,-0.841676,guided_exp
10:20:35.764,2,-1.128029,1.401915,-0.640061,guided_exp
10:20:35.764,1,-0.684519,1.362909,-0.842723,guided_exp
10:20:35.863,2,-1.127422,1.405582,-0.639979,guided_exp
10:20:35.863,1,-0.684424,1.363379,-0.843042,guided_exp
10:20:35.946,2,-1.127489,1.40917,-0.640541,guided_exp
10:20:35.946,1,-0.684429,1.363061,-0.843554,guided_exp
10:20:36.029,2,-1.126889,1.408857,-0.641122,guided_exp
10:20:36.030,1,-0.683263,1.367468,-0.843446,guided_exp
10:20:36.113,2,-1.125211,1.408559,-0.641612,guided_exp
10:20:36.113,1,-0.684239,1.366312,-0.842906,guided_exp
10:20:36.196,2,-1.125507,1.408722,-0.642269,guided_exp
10:20:36.196,1,-0.684733,1.368764,-0.842824,guided_exp
10:20:36.279,2,-1.124438,1.413654,-0.64533,guided_exp
10:20:36.280,1,-0.685778,1.368104,-0.844887,guided_exp
10:20:36.363,2,-1.1243,1.417022,-0.645587,guided_exp
10:20:36.363,1,-0.686593,1.370224,-0.844736,guided_exp
10:20:36.446,2,-1.123375,1.417402,-0.645649,guided_exp
10:20:36.446,1,-0.686434,1.368697,-0.84461,guided_exp
10:20:36.530,2,-1.124569,1.41961,-0.648508,guided_exp
10:20:36.530,1,-0.686801,1.363918,-0.844648,guided_exp
10:20:36.613,2,-1.124935,1.422966,-0.647229,guided_exp
10:20:36.613,1,-0.685774,1.366012,-0.843444,guided_exp
10:20:36.696,2,-1.125105,1.426348,-0.645943,guided_exp
10:20:36.696,1,-0.686169,1.375421,-0.843228,guided_exp
10:20:36.797,2,-1.127206,1.426871,-0.643209,guided_exp
10:20:36.797,1,-0.686651,1.366592,-0.841166,guided_exp
10:20:36.896,2,-1.126183,1.427177,-0.643973,guided_exp
10:20:36.896,1,-0.68793,1.362966,-0.841162,guided_exp
10:20:36.997,2,-1.126063,1.426052,-0.647383,guided_exp
10:20:36.997,1,-0.688461,1.353981,-0.842088,guided_exp
10:20:37.096,2,-1.125704,1.425958,-0.647245,guided_exp
10:20:37.096,1,-0.689521,1.347456,-0.842232,guided_exp
10:20:37.179,2,-1.125535,1.424743,-0.646217,guided_exp
10:20:37.180,1,-0.689615,1.343214,-0.842032,guided_exp
10:20:37.263,2,-1.125519,1.424435,-0.645698,guided_exp
10:20:37.263,1,-0.69303,1.34465,-0.838522,guided_exp
10:20:37.346,2,-1.123737,1.424707,-0.645464,guided_exp
10:20:37.346,1,-0.692158,1.353729,-0.838876,guided_exp
10:20:37.447,2,-1.122986,1.425001,-0.645775,guided_exp
10:20:37.448,1,-0.690805,1.360614,-0.840325,guided_exp
10:20:37.546,2,-1.124308,1.423644,-0.647836,guided_exp
10:20:37.546,1,-0.690993,1.36583,-0.840054,guided_exp
10:20:37.647,2,-1.124065,1.426477,-0.647381,guided_exp
10:20:37.648,1,-0.69094,1.360997,-0.840035,guided_exp
10:20:37.764,2,-1.12469,1.428439,-0.647271,guided_exp
10:20:37.764,1,-0.691818,1.357296,-0.839712,guided_exp
10:20:37.863,2,-1.122963,1.423422,-0.648253,guided_exp
10:20:37.863,1,-0.691605,1.355816,-0.839986,guided_exp
10:20:37.963,2,-1.123852,1.422926,-0.647549,guided_exp
10:20:37.963,1,-0.693393,1.357521,-0.840729,guided_exp
10:20:38.046,2,-1.123973,1.423533,-0.646764,guided_exp
10:20:38.046,1,-0.694202,1.353913,-0.840717,guided_exp
10:20:38.131,2,-1.125692,1.422609,-0.646665,guided_exp
10:20:38.131,1,-0.693205,1.353992,-0.841493,guided_exp
10:20:38.213,2,-1.125754,1.421308,-0.646671,guided_exp
10:20:38.213,1,-0.695937,1.353639,-0.839026,guided_exp
10:20:38.346,2,-1.125191,1.419445,-0.646767,guided_exp
10:20:38.346,1,-0.69436,1.355152,-0.839001,guided_exp
10:20:38.430,2,-1.12436,1.421654,-0.646634,guided_exp
10:20:38.430,1,-0.692517,1.357103,-0.839816,guided_exp
10:20:38.513,2,-1.125684,1.420252,-0.646675,guided_exp
10:20:38.513,1,-0.688668,1.357218,-0.84182,guided_exp
10:20:38.596,2,-1.124867,1.420935,-0.646737,guided_exp
10:20:38.596,1,-0.68634,1.356567,-0.841445,guided_exp
10:20:38.679,2,-1.124598,1.421987,-0.646553,guided_exp
10:20:38.680,1,-0.682642,1.355733,-0.845124,guided_exp
10:20:38.763,2,-1.126825,1.421748,-0.649231,guided_exp
10:20:38.763,1,-0.677538,1.358415,-0.847204,guided_exp
10:20:38.847,2,-1.122578,1.421778,-0.648999,guided_exp
10:20:38.848,1,-0.675212,1.356839,-0.850089,guided_exp
10:20:38.947,2,-1.125631,1.421766,-0.649524,guided_exp
10:20:38.948,1,-0.671254,1.357662,-0.858097,guided_exp
10:20:39.047,2,-1.125807,1.418697,-0.647108,guided_exp
10:20:39.047,1,-0.667404,1.353477,-0.856931,guided_exp
10:20:39.146,2,-1.125763,1.419499,-0.64666,guided_exp
10:20:39.146,1,-0.664185,1.353981,-0.85791,guided_exp
10:20:39.246,2,-1.126638,1.419727,-0.645472,guided_exp
10:20:39.246,1,-0.661885,1.356192,-0.857208,guided_exp
10:20:39.329,2,-1.125474,1.416763,-0.646686,guided_exp
10:20:39.330,1,-0.656827,1.357859,-0.853603,guided_exp
10:20:39.413,2,-1.126843,1.416244,-0.645819,guided_exp
10:20:39.413,1,-0.653509,1.354692,-0.853055,guided_exp
10:20:39.514,2,-1.12669,1.416632,-0.645817,guided_exp
10:20:39.514,1,-0.650791,1.356502,-0.849282,guided_exp
10:20:39.613,2,-1.126632,1.417372,-0.64685,guided_exp
10:20:39.613,1,-0.646255,1.357524,-0.849664,guided_exp
10:20:39.696,2,-1.127679,1.417433,-0.646037,guided_exp
10:20:39.696,1,-0.639212,1.356032,-0.853544,guided_exp
10:20:39.780,2,-1.127223,1.417598,-0.647159,guided_exp
10:20:39.780,1,-0.639519,1.354507,-0.854097,guided_exp
10:20:39.863,2,-1.127429,1.417612,-0.647166,guided_exp
10:20:39.863,1,-0.639156,1.356423,-0.854402,guided_exp
10:20:39.946,2,-1.128008,1.420163,-0.645856,guided_exp
10:20:39.946,1,-0.638671,1.357569,-0.854732,guided_exp
10:20:40.080,2,-1.126282,1.420616,-0.647801,guided_exp
10:20:40.080,1,-0.638008,1.357118,-0.855195,guided_exp
10:20:40.164,2,-1.129836,1.42285,-0.646016,guided_exp
10:20:40.164,1,-0.636889,1.357887,-0.85115,guided_exp
10:20:40.246,2,-1.130243,1.421631,-0.644905,guided_exp
10:20:40.246,1,-0.63069,1.355818,-0.845965,guided_exp
10:20:40.380,2,-1.129096,1.420996,-0.645438,guided_exp
10:20:40.380,1,-0.629394,1.355537,-0.848798,guided_exp
10:20:40.463,2,-1.129615,1.420478,-0.643777,guided_exp
10:20:40.463,1,-0.628233,1.354268,-0.85032,guided_exp
10:20:40.546,2,-1.13281,1.420715,-0.645821,guided_exp
10:20:40.546,1,-0.621206,1.355118,-0.840657,guided_exp
10:20:40.629,2,-1.131441,1.420877,-0.648558,guided_exp
10:20:40.630,1,-0.62055,1.355484,-0.84241,guided_exp
10:20:40.714,2,-1.132122,1.422177,-0.648091,guided_exp
10:20:40.714,1,-0.619304,1.357523,-0.850083,guided_exp
10:20:40.796,2,-1.131034,1.419675,-0.647478,guided_exp
10:20:40.796,1,-0.614077,1.35406,-0.876407,guided_exp
10:20:40.881,2,-1.130556,1.423216,-0.647186,guided_exp
10:20:40.881,1,-0.615633,1.353286,-0.876992,guided_exp
10:20:40.963,2,-1.126691,1.424776,-0.646334,guided_exp
10:20:40.963,1,-0.629201,1.351267,-0.912149,guided_exp
10:20:41.046,2,-1.125816,1.423858,-0.645749,guided_exp
10:20:41.048,1,-0.637677,1.35202,-0.92453,guided_exp
10:20:41.129,2,-1.126184,1.424748,-0.646522,guided_exp
10:20:41.130,1,-0.668958,1.350927,-0.960701,guided_exp
10:20:41.214,2,-1.12821,1.421402,-0.647313,guided_exp
10:20:41.215,1,-0.687258,1.35206,-0.990521,guided_exp
10:20:41.296,2,-1.127304,1.421152,-0.645771,guided_exp
10:20:41.296,1,-0.720114,1.352451,-1.043467,guided_exp
10:20:41.429,2,-1.127945,1.42254,-0.645934,guided_exp
10:20:41.430,1,-0.768351,1.353613,-1.114057,guided_exp
10:20:41.563,2,-1.13062,1.42278,-0.638228,guided_exp
10:20:41.563,1,-0.808595,1.356816,-1.166155,guided_exp
10:20:41.648,2,-1.131732,1.4246,-0.637495,guided_exp
10:20:41.648,1,-0.827177,1.356913,-1.185074,guided_exp
10:20:41.730,2,-1.131687,1.423758,-0.64009,guided_exp
10:20:41.730,1,-0.852997,1.357414,-1.20389,guided_exp
10:20:41.880,2,-1.132996,1.421727,-0.639372,guided_exp
10:20:41.880,1,-0.882159,1.353924,-1.201907,guided_exp
10:20:41.979,2,-1.140582,1.423012,-0.632859,guided_exp
10:20:41.980,1,-0.930884,1.356502,-1.212329,guided_exp
10:20:42.081,2,-1.141407,1.423036,-0.634233,guided_exp
10:20:42.081,1,-0.955187,1.357542,-1.218454,guided_exp
10:20:42.180,2,-1.12484,1.42262,-0.643093,guided_exp
10:20:42.180,1,-1.031127,1.358138,-1.215858,guided_exp
10:20:42.281,2,-1.217885,1.422683,-0.718676,guided_exp
10:20:42.282,1,-1.096863,1.358007,-1.201375,guided_exp
10:20:42.380,2,-1.24156,1.420559,-0.676395,guided_exp
10:20:42.380,1,-1.165533,1.35881,-1.181964,guided_exp
10:20:42.463,2,-1.246006,1.421123,-0.665623,guided_exp
10:20:42.463,1,-1.207886,1.359356,-1.17367,guided_exp
10:20:42.564,2,-1.272914,1.421966,-0.667104,guided_exp
10:20:42.564,1,-1.259944,1.358527,-1.169657,guided_exp
10:20:42.664,1,-1.30666,1.421893,-1.171538,guided_exp
10:20:42.763,1,-1.353489,1.356379,-1.170138,guided_exp
10:20:42.864,1,-1.411772,1.421193,-1.190176,guided_exp
10:20:42.946,1,-1.45965,1.356158,-1.197812,guided_exp
10:20:43.030,1,-1.496303,1.419456,-1.20303,guided_exp
10:20:43.131,1,-1.554984,1.354531,-1.203713,guided_exp
10:20:43.230,1,-1.625409,1.419279,-1.21826,guided_exp
10:20:43.313,1,-1.683201,1.354521,-1.226216,guided_exp
10:20:43.398,1,-1.720209,1.418311,-1.23586,guided_exp
10:20:43.496,1,-1.742386,1.355642,-1.237087,guided_exp
10:20:43.581,1,-1.789668,1.408934,-1.236482,guided_exp
10:20:43.680,1,-1.79663,1.357928,-1.237929,guided_exp
10:20:43.764,1,-1.810615,1.411825,-1.233442,guided_exp
10:20:43.864,1,-1.817208,1.358543,-1.233495,guided_exp
10:20:43.946,1,-1.830036,1.407934,-1.230981,guided_exp
10:20:44.096,1,-1.834726,1.356022,-1.229882,guided_exp
10:20:44.180,1,-1.839197,1.408722,-1.227727,guided_exp
10:20:44.263,1,-1.846323,1.357029,-1.229739,guided_exp
10:20:44.347,1,-1.849337,1.404657,-1.230153,guided_exp
10:20:44.447,1,-1.857303,1.356651,-1.233227,guided_exp
10:20:44.530,1,-1.860558,1.407128,-1.235999,guided_exp
10:20:44.681,2,-1.035172,1.355971,-0.872273,guided_exp
10:20:44.681,1,-1.843755,1.404835,-1.239799,guided_exp
10:20:44.781,2,-1.017448,1.357479,-0.900517,guided_exp
10:20:44.781,1,-1.836933,1.411698,-1.242651,guided_exp
10:20:44.863,2,-1.008874,1.352673,-0.921437,guided_exp
10:20:44.863,1,-1.82652,1.409431,-1.248615,guided_exp
10:20:44.963,2,-1.004141,1.356699,-0.934682,guided_exp
10:20:44.963,1,-1.818234,1.416055,-1.254107,guided_exp
10:20:45.046,2,-0.997836,1.35718,-0.945909,guided_exp
10:20:45.046,1,-1.802237,1.418995,-1.26324,guided_exp
10:20:45.198,2,-0.991357,1.35448,-0.962153,guided_exp
10:20:45.198,1,-1.775533,1.420498,-1.285156,guided_exp
10:20:45.280,2,-0.985669,1.353993,-0.971517,guided_exp
10:20:45.280,1,-1.755116,1.420058,-1.304268,guided_exp
10:20:45.430,2,-0.983691,1.355871,-0.975308,guided_exp
10:20:45.430,1,-1.73035,1.418904,-1.334906,guided_exp
10:20:45.513,2,-0.981353,1.356185,-0.977956,guided_exp
10:20:45.513,1,-1.723068,1.418482,-1.346398,guided_exp
10:20:45.614,2,-0.976259,1.355885,-0.990422,guided_exp
10:20:45.614,1,-1.717771,1.414449,-1.352498,guided_exp
10:20:45.714,2,-0.973624,1.354101,-0.992237,guided_exp
10:20:45.714,1,-1.716626,1.416099,-1.358451,guided_exp
10:20:45.813,2,-0.972693,1.353482,-0.992884,guided_exp
10:20:45.813,1,-1.718566,1.417696,-1.367703,guided_exp
10:20:45.914,2,-0.97018,1.354926,-0.994676,guided_exp
10:20:45.914,1,-1.726221,1.417644,-1.367396,guided_exp
10:20:45.996,2,-0.967361,1.355755,-0.996498,guided_exp
10:20:45.996,1,-1.750781,1.414396,-1.383534,guided_exp
10:20:46.146,2,-0.965907,1.359601,-0.997907,guided_exp
10:20:46.146,1,-1.785347,1.414849,-1.394698,guided_exp
10:20:46.230,2,-0.966105,1.357504,-0.99792,guided_exp
10:20:46.230,1,-1.823635,1.414955,-1.401224,guided_exp
10:20:46.313,2,-0.965634,1.359426,-0.998315,guided_exp
10:20:46.313,1,-1.856595,1.415165,-1.403869,guided_exp
10:20:46.396,2,-0.964595,1.359046,-0.999704,guided_exp
10:20:46.396,1,-1.909495,1.413996,-1.415698,guided_exp
10:20:46.481,2,-0.963575,1.361628,-0.999889,guided_exp
10:20:46.481,1,-1.939494,1.414684,-1.421392,guided_exp
10:20:46.563,2,-0.961731,1.363254,-0.997991,guided_exp
10:20:46.563,1,-1.985133,1.415362,-1.428136,guided_exp
10:20:46.713,2,-0.963178,1.359324,-0.99684,guided_exp
10:20:46.713,1,-2.025291,1.414778,-1.436461,guided_exp
10:20:46.796,2,-0.962788,1.360156,-0.996835,guided_exp
10:20:46.796,1,-2.069609,1.417035,-1.436971,guided_exp
10:20:46.880,2,-0.966461,1.359491,-0.998398,guided_exp
10:20:46.880,1,-2.097847,1.417391,-1.431788,guided_exp
10:20:46.980,2,-0.9733,1.359229,-0.994716,guided_exp
10:20:46.980,1,-2.122422,1.416877,-1.426605,guided_exp
10:20:47.063,2,-0.977549,1.359273,-0.998228,guided_exp
10:20:47.063,1,-2.190233,1.417016,-1.39713,guided_exp
10:20:47.147,2,-0.992036,1.35965,-0.99431,guided_exp
10:20:47.147,1,-2.214641,1.4121,-1.380734,guided_exp
10:20:47.248,2,-1.00359,1.358583,-1.001521,guided_exp
10:20:47.249,1,-2.250054,1.414028,-1.349083,guided_exp
10:20:47.346,2,-1.020793,1.363409,-1.01959,guided_exp
10:20:47.346,1,-2.292586,1.41402,-1.317127,guided_exp
10:20:47.430,2,-1.043294,1.360667,-1.031892,guided_exp
10:20:47.430,1,-2.362051,1.416072,-1.284936,guided_exp
10:20:47.513,2,-1.059425,1.360113,-1.041255,guided_exp
10:20:47.513,1,-2.385999,1.416017,-1.271094,guided_exp
10:20:47.596,2,-1.105583,1.359436,-1.055997,guided_exp
10:20:47.596,1,-2.439006,1.417082,-1.225174,guided_exp
10:20:47.730,2,-1.160267,1.359334,-1.077212,guided_exp
10:20:47.730,1,-2.507092,1.417076,-1.203599,guided_exp
10:20:47.814,2,-1.203663,1.358999,-1.094981,guided_exp
10:20:47.814,1,-2.560637,1.415411,-1.203991,guided_exp
10:20:47.913,2,-1.24499,1.359194,-1.11743,guided_exp
10:20:47.913,1,-2.686396,1.415593,-1.251676,guided_exp
10:20:48.014,2,-1.300044,1.358635,-1.145349,guided_exp
10:20:48.014,1,-2.81727,1.417091,-1.271258,guided_exp
10:20:48.114,2,-1.319163,1.358229,-1.157737,guided_exp
10:20:48.114,1,-2.905187,1.431017,-1.292339,guided_exp
10:20:48.213,2,-1.354925,1.357709,-1.182007,guided_exp
10:20:48.213,1,-2.992826,1.427538,-1.30665,guided_exp
10:20:48.314,2,-1.369753,1.35688,-1.193535,guided_exp
10:20:48.314,1,-3.040567,1.426289,-1.304413,guided_exp
10:20:48.414,2,-1.39722,1.356991,-1.212057,guided_exp
10:20:48.414,1,-3.086574,1.427003,-1.286309,guided_exp
10:20:48.513,2,-1.413653,1.357029,-1.225804,guided_exp
10:20:48.513,1,-3.199525,1.427462,-1.306834,guided_exp
10:20:48.614,2,-1.4229,1.3562,-1.235004,guided_exp
10:20:48.614,1,-3.266833,1.427378,-1.293861,guided_exp
10:20:48.714,2,-1.429861,1.356752,-1.241319,guided_exp
10:20:48.714,1,-3.352795,1.423701,-1.272637,guided_exp
10:20:48.796,2,-1.434465,1.357165,-1.245229,guided_exp
10:20:48.796,1,-3.425943,1.423593,-1.246405,guided_exp
10:20:48.946,2,-1.437613,1.357758,-1.24842,guided_exp
10:20:48.947,1,-3.528904,1.422902,-1.214721,guided_exp
10:20:49.047,2,-1.439471,1.358264,-1.252786,guided_exp
10:20:49.048,1,-3.589272,1.424068,-1.190617,guided_exp
10:20:49.147,2,-1.439427,1.358528,-1.254714,guided_exp
10:20:49.148,1,-3.658667,1.421648,-1.174151,guided_exp
10:20:49.230,2,-1.438772,1.357274,-1.255676,guided_exp
10:20:49.230,1,-3.719115,1.422024,-1.149709,guided_exp
10:20:49.314,2,-1.439133,1.355626,-1.256655,guided_exp
10:20:49.314,1,-3.759506,1.423394,-1.138059,guided_exp
10:20:49.414,2,-1.44161,1.355501,-1.257075,guided_exp
10:20:49.414,1,-3.834093,1.421116,-1.118502,guided_exp
10:20:49.513,2,-1.443661,1.355183,-1.261829,guided_exp
10:20:49.514,1,-3.915062,1.423984,-1.108422,guided_exp
10:20:49.614,2,-1.44402,1.354819,-1.263684,guided_exp
10:20:49.614,1,-4.000307,1.42345,-1.104993,guided_exp
10:20:49.713,2,-1.448295,1.354556,-1.268151,guided_exp
10:20:49.713,1,-4.085361,1.424644,-1.094933,guided_exp
10:20:49.796,2,-1.451854,1.361402,-1.272381,guided_exp
10:20:49.797,1,-4.138375,1.422112,-1.08484,guided_exp
10:20:49.880,2,-1.452413,1.360741,-1.276469,guided_exp
10:20:49.880,1,-4.156019,1.422138,-1.079374,guided_exp
10:20:49.981,2,-1.456579,1.360081,-1.2826,guided_exp
10:20:49.981,1,-4.207452,1.419096,-1.063275,guided_exp
10:20:50.081,2,-1.460974,1.360343,-1.286523,guided_exp
10:20:50.081,1,-4.239156,1.418076,-1.035411,guided_exp
10:20:50.180,2,-1.462514,1.360015,-1.288343,guided_exp
10:20:50.180,1,-4.26913,1.418516,-1.008294,guided_exp
10:20:50.281,2,-1.463719,1.360158,-1.291368,guided_exp
10:20:50.282,1,-4.283057,1.420912,-0.979118,guided_exp
10:20:50.380,2,-1.464703,1.36018,-1.294397,guided_exp
10:20:50.380,1,-4.292657,1.425992,-0.95765,guided_exp
10:20:50.530,2,-1.465299,1.359846,-1.295876,guided_exp
10:20:50.530,1,-4.313768,1.420898,-0.911202,guided_exp
10:20:50.630,2,-1.46668,1.359379,-1.295307,guided_exp
10:20:50.630,1,-4.340648,1.421374,-0.886038,guided_exp
10:20:50.713,2,-1.467448,1.359761,-1.294605,guided_exp
10:20:50.713,1,-4.347027,1.42119,-0.88154,guided_exp
10:20:50.863,2,-1.469025,1.360109,-1.293366,guided_exp
10:20:50.863,1,-4.37901,1.421599,-0.877791,guided_exp
10:20:50.964,2,-1.468819,1.360224,-1.292982,guided_exp
10:20:50.964,1,-4.390227,1.420895,-0.869084,guided_exp
10:20:51.063,2,-1.467772,1.360216,-1.289574,guided_exp
10:20:51.063,1,-4.442989,1.422813,-0.873311,guided_exp
10:20:51.163,2,-1.467259,1.360202,-1.288341,guided_exp
10:20:51.164,1,-4.451462,1.419751,-0.850995,guided_exp
10:20:51.263,2,-1.466149,1.359936,-1.285214,guided_exp
10:20:51.263,1,-4.49718,1.420218,-0.865416,guided_exp
10:20:51.347,2,-1.465899,1.360603,-1.28388,guided_exp
10:20:51.347,1,-4.47586,1.420261,-0.826165,guided_exp
10:20:51.447,2,-1.464696,1.361879,-1.283213,guided_exp
10:20:51.447,1,-4.480358,1.420071,-0.824987,guided_exp
10:20:51.530,2,-1.463763,1.361718,-1.281728,guided_exp
10:20:51.530,1,-4.487501,1.420182,-0.828899,guided_exp
10:20:51.613,2,-1.46262,1.361048,-1.281787,guided_exp
10:20:51.613,1,-4.484997,1.420276,-0.825532,guided_exp
10:20:51.696,2,-1.45987,1.360493,-1.282598,guided_exp
10:20:51.696,1,-4.485901,1.421474,-0.82108,guided_exp
10:20:51.780,2,-1.458665,1.360612,-1.283723,guided_exp
10:20:51.780,1,-4.486885,1.421778,-0.820969,guided_exp
10:20:51.863,2,-1.458922,1.35971,-1.28419,guided_exp
10:20:51.863,1,-4.496194,1.42273,-0.826278,guided_exp
10:20:51.964,2,-1.457596,1.358972,-1.286402,guided_exp
10:20:51.964,1,-4.484313,1.421042,-0.812196,guided_exp
10:20:52.082,2,-1.462325,1.359041,-1.300644,guided_exp
10:20:52.082,1,-4.479532,1.419857,-0.819597,guided_exp
10:20:52.180,2,-1.467783,1.35832,-1.321066,guided_exp
10:20:52.180,1,-4.486316,1.420052,-0.827886,guided_exp
10:20:52.263,2,-1.463638,1.358817,-1.337411,guided_exp
10:20:52.263,1,-4.467337,1.418316,-0.805107,guided_exp
10:20:52.363,2,-1.44868,1.35879,-1.362704,guided_exp
10:20:52.363,1,-4.467919,1.416631,-0.815861,guided_exp
10:20:52.463,2,-1.436622,1.358863,-1.382405,guided_exp
10:20:52.463,1,-4.465448,1.416578,-0.81236,guided_exp
10:20:52.546,2,-1.421547,1.360325,-1.416105,guided_exp
10:20:52.547,1,-4.466308,1.419319,-0.807992,guided_exp
10:20:52.630,2,-1.399023,1.361104,-1.458148,guided_exp
10:20:52.630,1,-4.461793,1.416846,-0.805199,guided_exp
10:20:52.730,2,-1.378308,1.360888,-1.501544,guided_exp
10:20:52.730,1,-4.460552,1.413542,-0.801297,guided_exp
10:20:52.815,2,-1.365765,1.360202,-1.53297,guided_exp
10:20:52.815,1,-4.461459,1.411947,-0.799416,guided_exp
10:20:52.913,2,-1.346728,1.359889,-1.574244,guided_exp
10:20:52.913,1,-4.459162,1.41492,-0.798601,guided_exp
10:20:52.996,2,-1.332554,1.359644,-1.617439,guided_exp
10:20:52.996,1,-4.461125,1.412388,-0.807654,guided_exp
10:20:53.096,2,-1.320924,1.359509,-1.640289,guided_exp
10:20:53.097,1,-4.462218,1.410711,-0.808182,guided_exp
10:20:53.180,2,-1.316595,1.358996,-1.661753,guided_exp
10:20:53.180,1,-4.462595,1.413374,-0.804341,guided_exp
10:20:53.280,2,-1.303141,1.357804,-1.67809,guided_exp
10:20:53.280,1,-4.462194,1.41591,-0.80493,guided_exp
10:20:53.363,2,-1.299002,1.357864,-1.687084,guided_exp
10:20:53.363,1,-4.462403,1.415796,-0.802436,guided_exp
10:20:53.464,2,-1.296772,1.357968,-1.692917,guided_exp
10:20:53.464,1,-4.461986,1.415288,-0.799959,guided_exp
10:20:53.563,2,-1.294308,1.357897,-1.69866,guided_exp
10:20:53.563,1,-4.460766,1.414202,-0.799206,guided_exp
10:20:53.664,2,-1.294088,1.358005,-1.700643,guided_exp
10:20:53.664,1,-4.463076,1.415314,-0.798268,guided_exp
10:20:53.764,2,-1.294223,1.358457,-1.700603,guided_exp
10:20:53.764,1,-4.46089,1.415177,-0.795076,guided_exp
10:20:53.863,2,-1.296727,1.359294,-1.700888,guided_exp
10:20:53.863,1,-4.457426,1.418872,-0.792635,guided_exp
10:20:53.964,2,-1.298505,1.360685,-1.700721,guided_exp
10:20:53.964,1,-4.455941,1.428584,-0.793221,guided_exp
10:20:54.081,2,-1.301084,1.361045,-1.701976,guided_exp
10:20:54.081,1,-4.456328,1.427496,-0.790828,guided_exp
10:20:54.181,2,-1.304989,1.36067,-1.705035,guided_exp
10:20:54.181,1,-4.457304,1.425323,-0.794819,guided_exp
10:20:54.280,2,-1.307781,1.360212,-1.715412,guided_exp
10:20:54.280,1,-4.452532,1.423443,-0.793529,guided_exp
10:20:54.381,2,-1.319403,1.360489,-1.718237,guided_exp
10:20:54.381,1,-4.446651,1.422428,-0.791212,guided_exp
10:20:54.480,2,-1.331006,1.360345,-1.724869,guided_exp
10:20:54.480,1,-4.444235,1.417705,-0.788256,guided_exp
10:20:54.563,2,-1.353124,1.361124,-1.733681,guided_exp
10:20:54.563,1,-4.442313,1.416808,-0.790603,guided_exp
10:20:54.646,2,-1.359388,1.361198,-1.737275,guided_exp
10:20:54.647,1,-4.440516,1.416353,-0.789654,guided_exp
10:20:54.730,2,-1.396875,1.360275,-1.755585,guided_exp
10:20:54.730,1,-4.441718,1.410736,-0.798598,guided_exp
10:20:54.813,2,-1.423613,1.360945,-1.771421,guided_exp
10:20:54.813,1,-4.441883,1.411,-0.793511,guided_exp
10:20:54.913,2,-1.471884,1.361281,-1.791636,guided_exp
10:20:54.913,1,-4.444509,1.412104,-0.796804,guided_exp
10:20:54.996,2,-1.525503,1.361979,-1.814377,guided_exp
10:20:54.996,1,-4.447003,1.411984,-0.793755,guided_exp
10:20:55.080,2,-1.566475,1.361533,-1.829776,guided_exp
10:20:55.080,1,-4.447963,1.416029,-0.795252,guided_exp
10:20:55.163,2,-1.622104,1.361286,-1.856425,guided_exp
10:20:55.163,1,-4.454693,1.415762,-0.796243,guided_exp
10:20:55.246,2,-1.664073,1.361256,-1.872068,guided_exp
10:20:55.247,1,-4.455781,1.419321,-0.800683,guided_exp
10:20:55.330,2,-1.719178,1.359549,-1.891139,guided_exp
10:20:55.330,1,-4.456686,1.418377,-0.802578,guided_exp
10:20:55.413,2,-1.789338,1.361937,-1.902354,guided_exp
10:20:55.413,1,-4.457148,1.416096,-0.804727,guided_exp
10:20:55.496,2,-1.819679,1.360444,-1.908715,guided_exp
10:20:55.497,1,-4.458316,1.417821,-0.806955,guided_exp
10:20:55.580,2,-1.873899,1.360246,-1.911457,guided_exp
10:20:55.580,1,-4.464635,1.417107,-0.808578,guided_exp
10:20:55.663,2,-1.943967,1.360236,-1.906459,guided_exp
10:20:55.663,1,-4.459468,1.416732,-0.829372,guided_exp
10:20:55.746,2,-1.995569,1.35992,-1.894597,guided_exp
10:20:55.747,1,-4.468454,1.416068,-0.801309,guided_exp
10:20:55.846,2,-2.068857,1.360693,-1.872967,guided_exp
10:20:55.847,1,-4.471432,1.419911,-0.79837,guided_exp
10:20:55.980,2,-2.197445,1.361555,-1.836066,guided_exp
10:20:55.980,1,-4.473386,1.41987,-0.806576,guided_exp
10:20:56.113,2,-2.299966,1.361464,-1.804489,guided_exp
10:20:56.113,1,-4.477631,1.422859,-0.806448,guided_exp
10:20:56.196,2,-2.354699,1.36221,-1.795284,guided_exp
10:20:56.197,1,-4.479571,1.426617,-0.806284,guided_exp
10:20:56.280,2,-2.423988,1.357642,-1.789263,guided_exp
10:20:56.280,1,-4.47501,1.427469,-0.800515,guided_exp
10:20:56.363,2,-2.497383,1.361467,-1.778613,guided_exp
10:20:56.363,1,-4.481953,1.429069,-0.802045,guided_exp
10:20:56.446,2,-2.548474,1.360294,-1.773517,guided_exp
10:20:56.447,1,-4.48228,1.423532,-0.802431,guided_exp
10:20:56.530,2,-2.611917,1.361314,-1.774412,guided_exp
10:20:56.530,1,-4.479987,1.40682,-0.796625,guided_exp
10:20:56.613,2,-2.670538,1.361486,-1.7773,guided_exp
10:20:56.613,1,-4.480436,1.409921,-0.796175,guided_exp
10:20:56.696,2,-2.741903,1.361815,-1.780492,guided_exp
10:20:56.697,1,-4.4783,1.414728,-0.792852,guided_exp
10:20:56.781,2,-2.785641,1.361402,-1.779876,guided_exp
10:20:56.781,1,-4.479115,1.413044,-0.793617,guided_exp
10:20:56.881,2,-2.840242,1.36066,-1.78334,guided_exp
10:20:56.882,1,-4.478342,1.402801,-0.792387,guided_exp
10:20:56.980,2,-2.879407,1.362013,-1.787605,guided_exp
10:20:56.980,1,-4.477685,1.402384,-0.791887,guided_exp
10:20:57.063,2,-2.899591,1.365462,-1.791478,guided_exp
10:20:57.063,1,-4.472079,1.403309,-0.793231,guided_exp
10:20:57.146,2,-2.926934,1.364127,-1.794484,guided_exp
10:20:57.147,1,-4.472361,1.399134,-0.791423,guided_exp
10:20:57.230,2,-2.9398,1.363973,-1.796302,guided_exp
10:20:57.230,1,-4.473495,1.407514,-0.789513,guided_exp
10:20:57.313,2,-2.955422,1.364569,-1.798358,guided_exp
10:20:57.313,1,-4.472283,1.402747,-0.786223,guided_exp
10:20:57.396,2,-2.972397,1.365542,-1.797851,guided_exp
10:20:57.397,1,-4.470933,1.398928,-0.783035,guided_exp
10:20:57.480,2,-2.979816,1.363994,-1.798321,guided_exp
10:20:57.480,1,-4.470967,1.412209,-0.786163,guided_exp
10:20:57.563,2,-2.98676,1.366643,-1.798993,guided_exp
10:20:57.563,1,-4.469949,1.414676,-0.785906,guided_exp
10:20:57.663,2,-2.994637,1.364464,-1.798704,guided_exp
10:20:57.663,1,-4.467815,1.410113,-0.78761,guided_exp
10:20:57.764,2,-3.001157,1.36502,-1.799356,guided_exp
10:20:57.764,1,-4.464934,1.405537,-0.788448,guided_exp
10:20:57.863,2,-3.005587,1.269014,-1.801696,guided_exp
10:20:57.864,1,-4.464873,1.413664,-0.788929,guided_exp
10:20:57.964,2,-3.007235,1.230345,-1.803714,guided_exp
10:20:57.965,1,-4.463926,1.424403,-0.78677,guided_exp
10:20:58.063,2,-3.007837,1.248212,-1.806106,guided_exp
10:20:58.063,1,-4.459945,1.428101,-0.781843,guided_exp
10:20:58.146,2,-3.007887,1.214947,-1.806959,guided_exp
10:20:58.147,1,-4.455839,1.438441,-0.781842,guided_exp
10:20:58.230,2,-3.00575,1.537106,-1.809789,guided_exp
10:20:58.230,1,-4.453337,1.449877,-0.784379,guided_exp
10:20:58.313,2,-3.001095,1.6342,-1.810666,guided_exp
10:20:58.313,1,-4.450612,1.449741,-0.786483,guided_exp
10:20:58.396,2,-2.993994,1.6342,-1.811449,guided_exp
10:20:58.397,1,-4.448344,1.444059,-0.782181,guided_exp
10:20:58.480,2,-2.987961,1.6342,-1.813193,guided_exp
10:20:58.480,1,-4.443416,1.428789,-0.771908,guided_exp
10:20:58.563,2,-2.972485,1.6342,-1.811302,guided_exp
10:20:58.563,1,-4.440966,1.424652,-0.763884,guided_exp
10:20:58.646,2,-2.948357,1.6342,-1.810981,guided_exp
10:20:58.647,1,-4.442329,1.451479,-0.767933,guided_exp
10:20:58.730,2,-2.928664,1.6342,-1.812936,guided_exp
10:20:58.730,1,-4.442134,1.460858,-0.768147,guided_exp
10:20:58.813,2,-2.893679,1.6342,-1.815512,guided_exp
10:20:58.813,1,-4.441157,1.476687,-0.762766,guided_exp
10:20:58.896,2,-2.84495,1.6342,-1.814928,guided_exp
10:20:58.897,1,-4.435002,1.481345,-0.760057,guided_exp
10:20:58.980,2,-2.801692,1.6342,-1.81636,guided_exp
10:20:58.980,1,-4.425771,1.484825,-0.754517,guided_exp
10:20:59.063,2,-2.72684,1.6342,-1.820948,guided_exp
10:20:59.063,1,-4.424881,1.485939,-0.755021,guided_exp
10:20:59.147,2,-2.689492,1.6342,-1.822398,guided_exp
10:20:59.147,1,-4.425196,1.48357,-0.74772,guided_exp
10:20:59.247,2,-2.612969,1.6342,-1.825498,guided_exp
10:20:59.248,1,-4.425964,1.479157,-0.74909,guided_exp
10:20:59.346,2,-2.542776,1.6342,-1.828498,guided_exp
10:20:59.347,1,-4.433002,1.476574,-0.751578,guided_exp
10:20:59.447,2,-2.4717,1.6342,-1.82618,guided_exp
10:20:59.447,1,-4.433534,1.476891,-0.749279,guided_exp
10:20:59.530,2,-2.426798,1.6342,-1.816195,guided_exp
10:20:59.530,1,-4.430743,1.478951,-0.743821,guided_exp
10:20:59.631,2,-2.395533,1.6342,-1.804216,guided_exp
10:20:59.631,1,-4.425035,1.482061,-0.748377,guided_exp
10:20:59.748,2,-2.295021,1.6342,-1.758284,guided_exp
10:20:59.748,1,-4.424181,1.485309,-0.746436,guided_exp
10:20:59.848,2,-2.235421,1.6342,-1.717578,guided_exp
10:20:59.849,1,-4.423811,1.484451,-0.751928,guided_exp
10:20:59.946,2,-2.161736,1.6342,-1.65316,guided_exp
10:20:59.947,1,-4.420353,1.48408,-0.750568,guided_exp
10:21:00.030,2,-2.043071,1.6342,-1.583668,guided_exp
10:21:00.030,1,-4.421057,1.484122,-0.766275,guided_exp
10:21:00.130,2,-1.99428,1.6342,-1.549727,guided_exp
10:21:00.130,1,-4.39908,1.376018,-0.802172,guided_exp
10:21:00.213,2,-1.954468,1.469563,-1.525554,guided_exp
10:21:00.213,1,-4.403212,1.6342,-0.812698,guided_exp
10:21:00.296,2,-1.871377,1.378428,-1.480821,guided_exp
10:21:00.297,1,-4.402825,1.465173,-0.82777,guided_exp
10:21:00.380,2,-1.804399,1.6342,-1.454559,guided_exp
10:21:00.380,1,-4.405135,1.386205,-0.825886,guided_exp
10:21:00.480,2,-1.727444,1.465603,-1.424707,guided_exp
10:21:00.480,1,-4.402258,1.6342,-0.828385,guided_exp
10:21:00.581,2,-1.625135,1.383613,-1.396519,guided_exp
10:21:00.581,1,-4.377399,1.466441,-0.831609,guided_exp
10:21:00.680,2,-1.51493,1.6342,-1.366705,guided_exp
10:21:00.680,1,-4.368132,1.384843,-0.826623,guided_exp
10:21:00.781,2,-1.430705,1.466065,-1.342845,guided_exp
10:21:00.781,1,-4.391855,1.6342,-0.858158,guided_exp
10:21:00.880,2,-1.359915,1.389393,-1.315734,guided_exp
10:21:00.880,1,-4.348824,1.470658,-0.842385,guided_exp
10:21:00.963,2,-1.282264,1.6342,-1.281887,guided_exp
10:21:00.963,1,-4.37049,1.394352,-0.842927,guided_exp
10:21:01.064,2,-1.244248,1.476558,-1.268399,guided_exp
10:21:01.064,1,-4.345595,1.398798,-0.842754,guided_exp
10:21:01.163,2,-1.191039,1.481799,-1.225646,guided_exp
10:21:01.163,1,-4.294522,1.399447,-0.863229,guided_exp
10:21:01.247,2,-1.153862,1.48432,-1.195094,guided_exp
10:21:01.247,1,-4.312261,1.400512,-0.878715,guided_exp
10:21:01.330,2,-1.113383,1.488153,-1.136759,guided_exp
10:21:01.330,1,-4.313157,1.402113,-0.882597,guided_exp
10:21:01.413,2,-1.049187,1.488194,-1.117324,guided_exp
10:21:01.413,1,-4.27613,1.402718,-0.88754,guided_exp
10:21:01.513,2,-1.020958,1.485859,-1.070648,guided_exp
10:21:01.513,1,-4.305913,1.404859,-0.887613,guided_exp
10:21:01.614,2,-0.932774,1.486621,-1.029238,guided_exp
10:21:01.614,1,-4.310439,1.405421,-0.92419,guided_exp
10:21:01.713,2,-0.917426,1.483984,-1.013489,guided_exp
10:21:01.713,1,-4.326043,1.406052,-0.940906,guided_exp
10:21:01.796,2,-0.892679,1.48813,-0.976194,guided_exp
10:21:01.797,1,-4.379193,1.405054,-0.916009,guided_exp
10:21:01.880,2,-0.862193,1.484908,-0.973227,guided_exp
10:21:01.880,1,-4.379738,1.407108,-1.034852,guided_exp
10:21:01.981,2,-0.8191,1.485905,-0.971801,guided_exp
10:21:01.982,1,-4.355062,1.405719,-1.012933,guided_exp
10:21:02.080,2,-0.779396,1.486476,-0.971348,guided_exp
10:21:02.080,1,-4.388812,1.407214,-1.06024,guided_exp
10:21:02.181,2,-0.762408,1.483086,-0.970154,guided_exp
10:21:02.181,1,-4.369877,1.411646,-1.082408,guided_exp
10:21:02.298,2,-0.734989,1.480183,-0.962223,guided_exp
10:21:02.298,1,-4.433961,1.41255,-1.11054,guided_exp
10:21:02.396,2,-0.701025,1.479464,-0.959435,guided_exp
10:21:02.397,1,-4.369347,1.416845,-1.010562,guided_exp
10:21:02.480,2,-0.693364,1.480661,-0.95511,guided_exp
10:21:02.480,1,-4.372389,1.420179,-1.079587,guided_exp
10:21:02.563,2,-0.679867,1.483807,-0.95752,guided_exp
10:21:02.563,1,-4.376602,1.436564,-1.095951,guided_exp
10:21:02.664,2,-0.665934,1.475967,-0.95753,guided_exp
10:21:02.664,1,-4.365435,1.439145,-1.110347,guided_exp
10:21:02.764,2,-0.666053,1.463702,-0.957556,guided_exp
10:21:02.764,1,-4.34359,1.445002,-1.140694,guided_exp
10:21:02.864,2,-0.658124,1.461744,-0.961052,guided_exp
10:21:02.864,1,-4.320169,1.439284,-1.120272,guided_exp
10:21:02.963,2,-0.661986,1.466751,-0.961894,guided_exp
10:21:02.963,1,-4.288767,1.440824,-1.137634,guided_exp
10:21:03.064,2,-0.66367,1.491945,-0.962154,guided_exp
10:21:03.064,1,-4.275278,1.440794,-1.141025,guided_exp
10:21:03.163,2,-0.66665,1.49486,-0.959623,guided_exp
10:21:03.163,1,-4.256103,1.448238,-1.194633,guided_exp
10:21:03.282,2,-0.663387,1.488813,-0.961304,guided_exp
10:21:03.282,1,-4.255411,1.441108,-1.196792,guided_exp
10:21:03.380,2,-0.662486,1.482113,-0.962919,guided_exp
10:21:03.380,1,-4.249286,1.441423,-1.202032,guided_exp
10:21:03.480,2,-0.661931,1.473971,-0.963007,guided_exp
10:21:03.481,1,-4.236178,1.443794,-1.202173,guided_exp
10:21:03.580,2,-0.663657,1.471704,-0.96447,guided_exp
10:21:03.580,1,-4.229346,1.441967,-1.203599,guided_exp
10:21:03.663,2,-0.661332,1.453975,-0.96264,guided_exp
10:21:03.663,1,-4.220409,1.450264,-1.200959,guided_exp
10:21:03.746,2,-0.660253,1.462441,-0.963052,guided_exp
10:21:03.747,1,-4.219725,1.44809,-1.203052,guided_exp
10:21:03.830,2,-0.659842,1.469471,-0.962356,guided_exp
10:21:03.830,1,-4.215596,1.446569,-1.20814,guided_exp
10:21:03.913,2,-0.659491,1.483942,-0.954257,guided_exp
10:21:03.913,1,-4.212078,1.449319,-1.208537,guided_exp
10:21:03.997,2,-0.671144,1.491134,-0.935763,guided_exp
10:21:03.997,1,-4.205193,1.450927,-1.212707,guided_exp
10:21:04.080,2,-0.68476,1.490967,-0.909811,guided_exp
10:21:04.080,1,-4.202042,1.445388,-1.212656,guided_exp
10:21:04.181,2,-0.712306,1.493703,-0.88364,guided_exp
10:21:04.181,1,-4.202468,1.442004,-1.213593,guided_exp
10:21:04.280,2,-0.759679,1.489576,-0.836157,guided_exp
10:21:04.280,1,-4.202296,1.440087,-1.213476,guided_exp
10:21:04.381,2,-0.82399,1.491701,-0.796573,guided_exp
10:21:04.381,1,-4.202657,1.440043,-1.212295,guided_exp
10:21:04.480,2,-0.840814,1.495184,-0.78367,guided_exp
10:21:04.480,1,-4.203281,1.437393,-1.212667,guided_exp
10:21:04.563,2,-0.870835,1.509979,-0.762124,guided_exp
10:21:04.563,1,-4.20101,1.433244,-1.209254,guided_exp
10:21:04.647,2,-0.885268,1.508204,-0.750356,guided_exp
10:21:04.647,1,-4.200516,1.433653,-1.208487,guided_exp
10:21:04.748,2,-0.895258,1.508514,-0.724751,guided_exp
10:21:04.749,1,-4.20134,1.427707,-1.209664,guided_exp
10:21:04.847,2,-0.904403,1.508166,-0.72408,guided_exp
10:21:04.847,1,-4.201815,1.42908,-1.20975,guided_exp
10:21:04.947,2,-0.910887,1.498206,-0.716172,guided_exp
10:21:04.947,1,-4.202677,1.433102,-1.210485,guided_exp
10:21:05.030,2,-0.930462,1.496045,-0.739958,guided_exp
10:21:05.030,1,-4.208707,1.43663,-1.214524,guided_exp
10:21:05.113,2,-0.934164,1.488014,-0.73158,guided_exp
10:21:05.113,1,-4.210986,1.437544,-1.215336,guided_exp
10:21:05.213,2,-0.931658,1.465516,-0.740445,guided_exp
10:21:05.213,1,-4.214698,1.436853,-1.2161,guided_exp
10:21:05.313,2,-0.922882,1.490192,-0.744731,guided_exp
10:21:05.313,1,-4.217077,1.43645,-1.217475,guided_exp
10:21:05.396,2,-0.92484,1.495875,-0.743319,guided_exp
10:21:05.397,1,-4.215073,1.43406,-1.216165,guided_exp
10:21:05.480,2,-0.924243,1.474655,-0.742264,guided_exp
10:21:05.480,1,-4.218227,1.434092,-1.216163,guided_exp
10:21:05.581,2,-0.926706,1.484949,-0.735669,guided_exp
10:21:05.581,1,-4.223233,1.43436,-1.215989,guided_exp
10:21:05.680,2,-0.917446,1.484971,-0.739315,guided_exp
10:21:05.680,1,-4.222805,1.434145,-1.219198,guided_exp
10:21:05.780,2,-0.884916,1.473314,-0.76482,guided_exp
10:21:05.780,1,-4.228981,1.43382,-1.219327,guided_exp
10:21:05.881,2,-0.899353,1.474811,-0.751003,guided_exp
10:21:05.881,1,-4.228826,1.433078,-1.219078,guided_exp
10:21:05.980,2,-0.889788,1.484459,-0.759342,guided_exp
10:21:05.980,1,-4.235448,1.432377,-1.219479,guided_exp
10:21:06.063,2,-0.881719,1.48867,-0.76534,guided_exp
10:21:06.063,1,-4.235528,1.431882,-1.220585,guided_exp
10:21:06.146,2,-0.882102,1.486618,-0.76239,guided_exp
10:21:06.147,1,-4.228311,1.431994,-1.221421,guided_exp
10:21:06.230,2,-0.870149,1.491101,-0.762347,guided_exp
10:21:06.230,1,-4.22596,1.431266,-1.221771,guided_exp
10:21:06.381,2,-0.864605,1.4737,-0.767288,guided_exp
10:21:06.381,1,-4.229428,1.430687,-1.224837,guided_exp
10:21:06.481,2,-0.864026,1.476336,-0.768854,guided_exp
10:21:06.481,1,-4.228686,1.43049,-1.226472,guided_exp
10:21:06.581,2,-0.862918,1.439476,-0.769438,guided_exp
10:21:06.581,1,-4.22793,1.429885,-1.227008,guided_exp
10:21:06.680,2,-0.863627,1.470345,-0.768106,guided_exp
10:21:06.680,1,-4.222585,1.429928,-1.239298,guided_exp
10:21:06.780,2,-0.863941,1.447103,-0.765293,guided_exp
10:21:06.780,1,-4.216741,1.42909,-1.245038,guided_exp
10:21:06.863,2,-0.868824,1.485897,-0.751007,guided_exp
10:21:06.863,1,-4.212239,1.429916,-1.25507,guided_exp
10:21:06.947,2,-0.868457,1.482483,-0.74987,guided_exp
10:21:06.947,1,-4.200339,1.431079,-1.268006,guided_exp
10:21:07.030,2,-0.867985,1.476288,-0.746236,guided_exp
10:21:07.030,1,-4.181432,1.430637,-1.272721,guided_exp
10:21:07.113,2,-0.866365,1.479927,-0.746837,guided_exp
10:21:07.113,1,-4.170795,1.427247,-1.277945,guided_exp
10:21:07.197,2,-0.865417,1.483216,-0.746982,guided_exp
10:21:07.197,1,-4.149901,1.427601,-1.286434,guided_exp
10:21:07.281,2,-0.862887,1.482764,-0.747033,guided_exp
10:21:07.281,1,-4.143331,1.428768,-1.292795,guided_exp
10:21:07.381,2,-0.863164,1.479458,-0.744341,guided_exp
10:21:07.381,1,-4.130566,1.430093,-1.300222,guided_exp
10:21:07.480,2,-0.860043,1.483824,-0.73221,guided_exp
10:21:07.480,1,-4.121603,1.436508,-1.306139,guided_exp
10:21:07.563,2,-0.856766,1.479757,-0.727763,guided_exp
10:21:07.563,1,-4.109675,1.437544,-1.312803,guided_exp
10:21:07.647,2,-0.855557,1.466046,-0.725205,guided_exp
10:21:07.647,1,-4.103989,1.438476,-1.31332,guided_exp
10:21:07.730,2,-0.85012,1.481112,-0.716231,guided_exp
10:21:07.730,1,-4.088059,1.436147,-1.309895,guided_exp
10:21:07.813,2,-0.853239,1.480499,-0.717813,guided_exp
10:21:07.813,1,-4.077485,1.434015,-1.307684,guided_exp
10:21:07.897,2,-0.83971,1.481737,-0.686485,guided_exp
10:21:07.897,1,-4.057969,1.434005,-1.298298,guided_exp
10:21:07.981,2,-0.842525,1.485683,-0.687385,guided_exp
10:21:07.981,1,-4.042093,1.435074,-1.28973,guided_exp
10:21:08.080,2,-0.837834,1.487984,-0.690238,guided_exp
10:21:08.081,1,-4.01633,1.434153,-1.266087,guided_exp
10:21:08.180,2,-0.842367,1.4859,-0.689508,guided_exp
10:21:08.180,1,-3.983202,1.435272,-1.234371,guided_exp
10:21:08.281,2,-0.837949,1.490673,-0.690601,guided_exp
10:21:08.281,1,-3.947874,1.431633,-1.211055,guided_exp
10:21:08.381,2,-0.839907,1.491942,-0.688775,guided_exp
10:21:08.381,1,-3.908493,1.430516,-1.185211,guided_exp
10:21:08.481,2,-0.839537,1.48441,-0.68877,guided_exp
10:21:08.481,1,-3.874965,1.437146,-1.162394,guided_exp
10:21:08.581,2,-0.839211,1.48397,-0.689216,guided_exp
10:21:08.581,1,-3.835841,1.439576,-1.14526,guided_exp
10:21:08.681,2,-0.840089,1.483125,-0.688422,guided_exp
10:21:08.681,1,-3.805429,1.443908,-1.136788,guided_exp
10:21:08.781,2,-0.835651,1.480542,-0.691251,guided_exp
10:21:08.781,1,-3.765844,1.444894,-1.130651,guided_exp
10:21:08.881,2,-0.835602,1.48152,-0.688448,guided_exp
10:21:08.881,1,-3.726401,1.443659,-1.131662,guided_exp
10:21:08.981,2,-0.83861,1.48307,-0.673044,guided_exp
10:21:08.981,1,-3.662489,1.445357,-1.134603,guided_exp
10:21:09.063,2,-0.836372,1.482148,-0.676323,guided_exp
10:21:09.063,1,-3.602683,1.443238,-1.14981,guided_exp
10:21:09.147,2,-0.836035,1.484342,-0.67371,guided_exp
10:21:09.147,1,-3.556081,1.442276,-1.157229,guided_exp
10:21:09.248,2,-0.836925,1.486652,-0.691398,guided_exp
10:21:09.248,1,-3.487627,1.441942,-1.177028,guided_exp
10:21:09.330,2,-0.834259,1.489168,-0.687356,guided_exp
10:21:09.330,1,-3.3859,1.441239,-1.193945,guided_exp
10:21:09.413,2,-0.831804,1.488044,-0.683681,guided_exp
10:21:09.413,1,-3.353542,1.443561,-1.202795,guided_exp
10:21:09.497,2,-0.83157,1.489439,-0.684713,guided_exp
10:21:09.497,1,-3.298337,1.448006,-1.211509,guided_exp
10:21:09.630,2,-0.833828,1.484868,-0.681982,guided_exp
10:21:09.630,1,-3.223971,1.451678,-1.224221,guided_exp
10:21:09.713,2,-0.834487,1.481239,-0.682508,guided_exp
10:21:09.713,1,-3.182919,1.454016,-1.217713,guided_exp
10:21:09.797,2,-0.833665,1.481835,-0.684104,guided_exp
10:21:09.797,1,-3.128412,1.454946,-1.215817,guided_exp
10:21:09.881,2,-0.83318,1.481804,-0.686999,guided_exp
10:21:09.881,1,-3.086629,1.453264,-1.228582,guided_exp
10:21:09.981,2,-0.842332,1.481363,-0.669846,guided_exp
10:21:09.981,1,-3.031866,1.453906,-1.237392,guided_exp
10:21:10.081,2,-0.836067,1.482807,-0.679788,guided_exp
10:21:10.081,1,-2.956605,1.458141,-1.218717,guided_exp
10:21:10.181,2,-0.836359,1.477948,-0.680322,guided_exp
10:21:10.181,1,-2.85893,1.442951,-1.197573,guided_exp
10:21:10.281,2,-0.834867,1.484252,-0.682104,guided_exp
10:21:10.281,1,-2.786533,1.450194,-1.189263,guided_exp
10:21:10.381,2,-0.837122,1.479703,-0.691001,guided_exp
10:21:10.381,1,-2.72323,1.455694,-1.18425,guided_exp
10:21:10.481,2,-0.834764,1.481175,-0.68785,guided_exp
10:21:10.481,1,-2.665144,1.454927,-1.180235,guided_exp
10:21:10.581,2,-0.834319,1.479239,-0.687681,guided_exp
10:21:10.581,1,-2.645474,1.458672,-1.167626,guided_exp
10:21:10.663,2,-0.831925,1.483839,-0.690464,guided_exp
10:21:10.663,1,-2.556627,1.459004,-1.201903,guided_exp
10:21:10.747,2,-0.831422,1.482853,-0.691681,guided_exp
10:21:10.748,1,-2.552722,1.458041,-1.197636,guided_exp
10:21:10.847,2,-0.830621,1.480325,-0.693022,guided_exp
10:21:10.847,1,-2.474778,1.465151,-1.182772,guided_exp
10:21:10.948,2,-0.831939,1.47469,-0.693995,guided_exp
10:21:10.948,1,-2.400219,1.46215,-1.191672,guided_exp
10:21:11.030,2,-0.829815,1.472542,-0.693096,guided_exp
10:21:11.030,1,-2.283247,1.462479,-1.233287,guided_exp
10:21:11.180,2,-0.828801,1.472199,-0.695096,guided_exp
10:21:11.180,1,-2.235342,1.451075,-1.207328,guided_exp
10:21:11.281,2,-0.827705,1.428886,-0.694972,guided_exp
10:21:11.282,1,-2.18436,1.451171,-1.20779,guided_exp
10:21:11.381,2,-0.827502,1.474934,-0.692891,guided_exp
10:21:11.381,1,-2.14477,1.447912,-1.200731,guided_exp
10:21:11.480,2,-0.826494,1.479217,-0.693503,guided_exp
10:21:11.480,1,-2.105449,1.445293,-1.190738,guided_exp
10:21:11.581,2,-0.828488,1.466231,-0.694089,guided_exp
10:21:11.581,1,-2.024866,1.457777,-1.190683,guided_exp
10:21:11.697,2,-0.828973,1.465812,-0.696455,guided_exp
10:21:11.697,1,-1.97241,1.459526,-1.18281,guided_exp
10:21:11.781,2,-0.832392,1.464541,-0.694681,guided_exp
10:21:11.782,1,-1.936677,1.454491,-1.16013,guided_exp
10:21:11.863,2,-0.83316,1.467466,-0.693952,guided_exp
10:21:11.863,1,-1.886405,1.4556,-1.101654,guided_exp
10:21:11.948,2,-0.83243,1.465582,-0.695799,guided_exp
10:21:11.948,1,-1.862627,1.451349,-1.067666,guided_exp
10:21:12.030,2,-0.82501,1.464006,-0.712917,guided_exp
10:21:12.030,1,-1.825979,1.442509,-1.046472,guided_exp
10:21:12.113,2,-0.82564,1.470266,-0.715904,guided_exp
10:21:12.114,1,-1.79294,1.435142,-1.029062,guided_exp
10:21:12.197,2,-0.821034,1.470267,-0.74525,guided_exp
10:21:12.197,1,-1.76986,1.440909,-1.018162,guided_exp
10:21:12.330,2,-0.829545,1.473745,-0.796793,guided_exp
10:21:12.330,1,-1.688166,1.450526,-1.000212,guided_exp
10:21:12.413,2,-0.828081,1.473354,-0.808581,guided_exp
10:21:12.413,1,-1.671611,1.457982,-1.001143,guided_exp
10:21:12.497,2,-0.838457,1.474544,-0.853069,guided_exp
10:21:12.497,1,-1.634373,1.459488,-1.0017,guided_exp
10:21:12.580,2,-0.85521,1.47563,-0.895257,guided_exp
10:21:12.580,1,-1.616498,1.458673,-1.006181,guided_exp
10:21:12.681,2,-0.874412,1.475232,-0.951472,guided_exp
10:21:12.681,1,-1.591368,1.457006,-1.005741,guided_exp
10:21:12.763,2,-0.882119,1.475403,-1.009703,guided_exp
10:21:12.763,1,-1.57359,1.455208,-1.009131,guided_exp
10:21:12.847,2,-0.895139,1.477601,-1.053904,guided_exp
10:21:12.847,1,-1.563346,1.45318,-1.008636,guided_exp
10:21:12.930,2,-0.90881,1.478916,-1.095078,guided_exp
10:21:12.931,1,-1.549171,1.451228,-1.015073,guided_exp
10:21:13.030,2,-0.917986,1.479338,-1.12008,guided_exp
10:21:13.030,1,-1.542133,1.451726,-1.016951,guided_exp
10:21:13.113,2,-0.917614,1.47692,-1.148458,guided_exp
10:21:13.114,1,-1.531708,1.450653,-1.021959,guided_exp
10:21:13.214,2,-0.919964,1.477658,-1.169052,guided_exp
10:21:13.215,1,-1.524785,1.451072,-1.024608,guided_exp
10:21:13.297,2,-0.917195,1.47815,-1.181421,guided_exp
10:21:13.297,1,-1.519314,1.44946,-1.027207,guided_exp
10:21:13.463,2,-0.911196,1.477981,-1.197672,guided_exp
10:21:13.463,1,-1.511413,1.448595,-1.027697,guided_exp
10:21:13.547,2,-0.907044,1.474332,-1.205926,guided_exp
10:21:13.547,1,-1.507257,1.448275,-1.028463,guided_exp
10:21:13.648,2,-0.906233,1.475774,-1.211231,guided_exp
10:21:13.648,1,-1.506575,1.448532,-1.028573,guided_exp
10:21:13.748,2,-0.906799,1.477957,-1.213305,guided_exp
10:21:13.748,1,-1.505545,1.44849,-1.028616,guided_exp
10:21:13.847,2,-0.907098,1.475173,-1.214342,guided_exp
10:21:13.847,1,-1.504918,1.447102,-1.028982,guided_exp
10:21:13.948,2,-0.905697,1.472369,-1.214323,guided_exp
10:21:13.948,1,-1.504728,1.449113,-1.029137,guided_exp
10:21:14.030,2,-0.905707,1.471461,-1.213887,guided_exp
10:21:14.030,1,-1.505449,1.450998,-1.029066,guided_exp
10:21:14.181,2,-0.905892,1.473519,-1.213796,guided_exp
10:21:14.181,1,-1.506796,1.451753,-1.028502,guided_exp
10:21:14.281,2,-0.90591,1.474715,-1.213027,guided_exp
10:21:14.281,1,-1.507919,1.452619,-1.027751,guided_exp
10:21:14.381,2,-0.906296,1.475317,-1.212624,guided_exp
10:21:14.381,1,-1.507655,1.451848,-1.027262,guided_exp
10:21:14.482,2,-0.906303,1.465614,-1.212497,guided_exp
10:21:14.483,1,-1.506094,1.450682,-1.025728,guided_exp
10:21:14.563,2,-0.906136,1.465132,-1.212828,guided_exp
10:21:14.563,1,-1.505221,1.44783,-1.024393,guided_exp
10:21:14.648,2,-0.906622,1.468558,-1.212972,guided_exp
10:21:14.648,1,-1.502568,1.444424,-1.024645,guided_exp
10:21:14.747,2,-0.906474,1.467634,-1.213321,guided_exp
10:21:14.747,1,-1.500581,1.442444,-1.024008,guided_exp
10:21:14.847,2,-0.905939,1.467633,-1.213278,guided_exp
10:21:14.847,1,-1.495864,1.438666,-1.025697,guided_exp
10:21:14.997,2,-0.90534,1.467209,-1.213006,guided_exp
10:21:14.997,1,-1.476339,1.43217,-1.023039,guided_exp
10:21:15.080,2,-0.904761,1.472664,-1.212311,guided_exp
10:21:15.080,1,-1.474641,1.427042,-1.019404,guided_exp
10:21:15.213,2,-0.905124,1.472602,-1.208005,guided_exp
10:21:15.213,1,-1.460639,1.430235,-0.997033,guided_exp
10:21:15.297,2,-0.903992,1.477561,-1.205428,guided_exp
10:21:15.297,1,-1.456951,1.434639,-0.983736,guided_exp
10:21:15.398,2,-0.896939,1.479046,-1.181811,guided_exp
10:21:15.398,1,-1.448001,1.420077,-0.957069,guided_exp
10:21:15.480,2,-0.886356,1.479722,-1.160568,guided_exp
10:21:15.480,1,-1.441022,1.421066,-0.926795,guided_exp
10:21:15.630,2,-0.849528,1.475179,-1.099533,guided_exp
10:21:15.630,1,-1.449266,1.419136,-0.865236,guided_exp
10:21:15.714,2,-0.83479,1.480811,-1.059305,guided_exp
10:21:15.714,1,-1.442787,1.412555,-0.848317,guided_exp
10:21:15.814,2,-0.814439,1.479194,-1.023159,guided_exp
10:21:15.814,1,-1.449112,1.415774,-0.815384,guided_exp
10:21:15.914,2,-0.792629,1.486844,-0.99002,guided_exp
10:21:15.915,1,-1.446165,1.414731,-0.789805,guided_exp
10:21:15.997,2,-0.778092,1.482269,-0.958529,guided_exp
10:21:15.997,1,-1.444985,1.42182,-0.776634,guided_exp
10:21:16.147,2,-0.775001,1.458586,-0.93448,guided_exp
10:21:16.147,1,-1.432879,1.425953,-0.749563,guided_exp
10:21:16.231,2,-0.770822,1.451007,-0.918593,guided_exp
10:21:16.231,1,-1.433059,1.420728,-0.749841,guided_exp
10:21:16.331,2,-0.780893,1.45379,-0.893885,guided_exp
10:21:16.331,1,-1.428958,1.411907,-0.746085,guided_exp
10:21:16.413,2,-0.787893,1.462236,-0.874285,guided_exp
10:21:16.414,1,-1.418603,1.397108,-0.739959,guided_exp
10:21:16.497,2,-0.812009,1.461009,-0.813976,guided_exp
10:21:16.497,1,-1.41287,1.392595,-0.741494,guided_exp
10:21:16.580,2,-0.804339,1.448475,-0.800098,guided_exp
10:21:16.580,1,-1.405517,1.402202,-0.742737,guided_exp
10:21:16.663,2,-0.817522,1.453693,-0.777686,guided_exp
10:21:16.663,1,-1.398219,1.405333,-0.748116,guided_exp
10:21:16.747,2,-0.845372,1.399386,-0.744667,guided_exp
10:21:16.747,1,-1.391461,1.403479,-0.751482,guided_exp
10:21:16.830,2,-0.859765,1.429681,-0.729137,guided_exp
10:21:16.830,1,-1.387975,1.4127,-0.753518,guided_exp
10:21:16.963,2,-0.850687,1.459297,-0.722833,guided_exp
10:21:16.963,1,-1.385238,1.407951,-0.756891,guided_exp
10:21:17.097,2,-0.856167,1.458093,-0.709351,guided_exp
10:21:17.097,1,-1.377861,1.393122,-0.765202,guided_exp
10:21:17.180,2,-0.866471,1.431813,-0.703459,guided_exp
10:21:17.180,1,-1.373499,1.383203,-0.766863,guided_exp
10:21:17.263,2,-0.861849,1.436491,-0.740276,guided_exp
10:21:17.263,1,-1.373272,1.382117,-0.766946,guided_exp
10:21:17.397,2,-0.889409,1.436594,-0.694644,guided_exp
10:21:17.397,1,-1.371387,1.395271,-0.769057,guided_exp
10:21:17.480,2,-0.886699,1.414574,-0.694363,guided_exp
10:21:17.480,1,-1.367403,1.403826,-0.775433,guided_exp
10:21:17.565,2,-0.885352,1.457671,-0.693936,guided_exp
10:21:17.565,1,-1.366692,1.406591,-0.773588,guided_exp
10:21:17.647,2,-0.881547,1.447926,-0.695162,guided_exp
10:21:17.647,1,-1.363914,1.405032,-0.776124,guided_exp
10:21:17.731,2,-0.881266,1.441426,-0.693642,guided_exp
10:21:17.732,1,-1.36906,1.403566,-0.774944,guided_exp
10:21:17.813,2,-0.882079,1.481065,-0.688843,guided_exp
10:21:17.814,1,-1.366567,1.399075,-0.777398,guided_exp
10:21:17.965,2,-0.887666,1.405353,-0.678249,guided_exp
10:21:17.966,1,-1.367679,1.395081,-0.776104,guided_exp
10:21:18.064,2,-0.874325,1.450423,-0.727233,guided_exp
10:21:18.065,1,-1.365622,1.393447,-0.777676,guided_exp
10:21:18.147,2,-0.874245,1.45914,-0.724738,guided_exp
10:21:18.147,1,-1.363263,1.390792,-0.778978,guided_exp
10:21:18.280,2,-0.878004,1.461233,-0.721587,guided_exp
10:21:18.280,1,-1.362734,1.393109,-0.779152,guided_exp
10:21:18.430,2,-0.877027,1.454007,-0.720613,guided_exp
10:21:18.431,1,-1.363079,1.393412,-0.781955,guided_exp
10:21:18.531,2,-0.888828,1.505746,-0.715374,guided_exp
10:21:18.531,1,-1.364686,1.397166,-0.783106,guided_exp
10:21:18.613,2,-0.884849,1.494758,-0.715869,guided_exp
10:21:18.613,1,-1.371362,1.394526,-0.783962,guided_exp
10:21:18.763,2,-0.894188,1.509961,-0.714737,guided_exp
10:21:18.764,1,-1.378849,1.385298,-0.786757,guided_exp
10:21:18.864,2,-0.908421,1.509424,-0.690869,guided_exp
10:21:18.865,1,-1.377413,1.38461,-0.786305,guided_exp
10:21:18.947,2,-0.905796,1.503122,-0.696205,guided_exp
10:21:18.947,1,-1.376584,1.379939,-0.787562,guided_exp
10:21:19.032,2,-0.892779,1.506489,-0.716669,guided_exp
10:21:19.032,1,-1.381626,1.37903,-0.790798,guided_exp
10:21:19.113,2,-0.888814,1.504044,-0.74466,guided_exp
10:21:19.114,1,-1.386925,1.377536,-0.796126,guided_exp
10:21:19.197,2,-0.870401,1.502536,-0.766206,guided_exp
10:21:19.198,1,-1.383451,1.376186,-0.802118,guided_exp
10:21:19.280,2,-0.851498,1.504165,-0.820485,guided_exp
10:21:19.280,1,-1.382534,1.375244,-0.802705,guided_exp
10:21:19.413,2,-0.817289,1.503783,-0.879755,guided_exp
10:21:19.413,1,-1.379986,1.375491,-0.807422,guided_exp
10:21:19.563,2,-0.781971,1.501566,-0.935972,guided_exp
10:21:19.564,1,-1.374308,1.376522,-0.818857,guided_exp
10:21:19.647,2,-0.772232,1.495898,-0.970374,guided_exp
10:21:19.647,1,-1.371562,1.374567,-0.824842,guided_exp
10:21:19.780,2,-0.766206,1.49565,-0.997654,guided_exp
10:21:19.780,1,-1.369474,1.375536,-0.830611,guided_exp
10:21:19.863,2,-0.754744,1.494571,-1.009037,guided_exp
10:21:19.864,1,-1.370814,1.375703,-0.835469,guided_exp
10:21:19.947,2,-0.751622,1.494107,-1.019972,guided_exp
10:21:19.947,1,-1.364269,1.373879,-0.851814,guided_exp
10:21:20.030,2,-0.750278,1.493348,-1.032255,guided_exp
10:21:20.030,1,-1.363759,1.374315,-0.853088,guided_exp
10:21:20.131,2,-0.758077,1.49503,-1.045381,guided_exp
10:21:20.131,1,-1.357719,1.372864,-0.860629,guided_exp
10:21:20.213,2,-0.762211,1.49314,-1.060679,guided_exp
10:21:20.213,1,-1.358012,1.374945,-0.864107,guided_exp
10:21:20.347,2,-0.779323,1.493179,-1.08663,guided_exp
10:21:20.347,1,-1.361378,1.374055,-0.870928,guided_exp
10:21:20.430,2,-0.790254,1.493666,-1.096891,guided_exp
10:21:20.430,1,-1.360331,1.38825,-0.871782,guided_exp
10:21:20.513,2,-0.80228,1.485142,-1.106068,guided_exp
10:21:20.514,1,-1.361521,1.392799,-0.872994,guided_exp
10:21:20.597,2,-0.807835,1.486904,-1.117089,guided_exp
10:21:20.597,1,-1.362308,1.390106,-0.873307,guided_exp
10:21:20.680,2,-0.808628,1.483713,-1.119458,guided_exp
10:21:20.680,1,-1.362687,1.388544,-0.875859,guided_exp
10:21:20.763,2,-0.81743,1.489065,-1.123351,guided_exp
10:21:20.764,1,-1.361544,1.390107,-0.870546,guided_exp
10:21:20.847,2,-0.823423,1.489132,-1.125202,guided_exp
10:21:20.847,1,-1.362486,1.402086,-0.869379,guided_exp
10:21:20.932,2,-0.822481,1.490027,-1.127114,guided_exp
10:21:20.932,1,-1.360698,1.393896,-0.868887,guided_exp
10:21:21.013,2,-0.821155,1.491496,-1.128006,guided_exp
10:21:21.013,1,-1.361299,1.392514,-0.864718,guided_exp
10:21:21.165,2,-0.82047,1.491925,-1.130016,guided_exp
10:21:21.165,1,-1.362932,1.340767,-0.856371,guided_exp
10:21:21.264,2,-0.821266,1.494451,-1.12946,guided_exp
10:21:21.265,1,-1.362181,1.336973,-0.851951,guided_exp
10:21:21.347,2,-0.826343,1.491898,-1.131018,guided_exp
10:21:21.347,1,-1.359508,1.291305,-0.845624,guided_exp
10:21:21.431,2,-0.825954,1.488644,-1.130822,guided_exp
10:21:21.431,1,-1.360045,1.290823,-0.839193,guided_exp
10:21:21.513,2,-0.815351,1.490436,-1.128013,guided_exp
10:21:21.514,1,-1.360755,1.294086,-0.832099,guided_exp
10:21:21.647,2,-0.829228,1.491875,-1.124407,guided_exp
10:21:21.647,1,-1.362088,1.294682,-0.82738,guided_exp
10:21:21.797,2,-0.824894,1.492999,-1.126471,guided_exp
10:21:21.797,1,-1.361426,1.295312,-0.823008,guided_exp
10:21:21.898,2,-0.819752,1.49682,-1.127967,guided_exp
10:21:21.898,1,-1.359921,1.293607,-0.823074,guided_exp
10:21:21.997,2,-0.820585,1.495479,-1.128179,guided_exp
10:21:21.997,1,-1.361132,1.278878,-0.819669,guided_exp
10:21:22.097,2,-0.817382,1.495204,-1.127832,guided_exp
10:21:22.097,1,-1.358985,1.296574,-0.819095,guided_exp
10:21:22.180,2,-0.822311,1.494941,-1.126236,guided_exp
10:21:22.180,1,-1.35652,1.289231,-0.816059,guided_exp
10:21:22.281,2,-0.821291,1.496468,-1.126853,guided_exp
10:21:22.281,1,-1.354014,1.288943,-0.817986,guided_exp
10:21:22.380,2,-0.819275,1.498038,-1.126798,guided_exp
10:21:22.380,1,-1.354646,1.29057,-0.818814,guided_exp
10:21:22.481,2,-0.817838,1.499908,-1.125876,guided_exp
10:21:22.481,1,-1.352147,1.288688,-0.820413,guided_exp
10:21:22.580,2,-0.820707,1.498654,-1.124356,guided_exp
10:21:22.580,1,-1.350988,1.290248,-0.821786,guided_exp
10:21:22.663,2,-0.818515,1.498305,-1.125363,guided_exp
10:21:22.664,1,-1.351217,1.292738,-0.822192,guided_exp
10:21:22.764,2,-0.819089,1.499201,-1.125242,guided_exp
10:21:22.765,1,-1.35227,1.293487,-0.822226,guided_exp
10:21:22.864,2,-0.820052,1.500721,-1.124581,guided_exp
10:21:22.865,1,-1.352153,1.293296,-0.822349,guided_exp
10:21:22.964,2,-0.818633,1.500524,-1.124248,guided_exp
10:21:22.964,1,-1.350657,1.295643,-0.823847,guided_exp
10:21:23.065,2,-0.819846,1.503387,-1.124176,guided_exp
10:21:23.065,1,-1.350549,1.30037,-0.824764,guided_exp
10:21:23.165,2,-0.819108,1.50601,-1.125391,guided_exp
10:21:23.165,1,-1.354105,1.300275,-0.821787,guided_exp
10:21:23.263,2,-0.820796,1.503695,-1.125146,guided_exp
10:21:23.264,1,-1.353118,1.297797,-0.823896,guided_exp
10:21:23.364,2,-0.820205,1.501716,-1.12514,guided_exp
10:21:23.365,1,-1.352638,1.297478,-0.825084,guided_exp
10:21:23.463,2,-0.817847,1.499736,-1.126199,guided_exp
10:21:23.464,1,-1.354147,1.297143,-0.825545,guided_exp
10:21:23.563,2,-0.816538,1.5059,-1.125489,guided_exp
10:21:23.564,1,-1.353572,1.296708,-0.825712,guided_exp
10:21:23.663,2,-0.816468,1.512534,-1.12482,guided_exp
10:21:23.664,1,-1.353813,1.30158,-0.825417,guided_exp
10:21:23.765,2,-0.815748,1.516865,-1.124752,guided_exp
10:21:23.766,1,-1.354679,1.322524,-0.825001,guided_exp
10:21:23.863,2,-0.817419,1.517402,-1.125489,guided_exp
10:21:23.864,1,-1.356506,1.334209,-0.823058,guided_exp
10:21:23.964,2,-0.816316,1.516146,-1.126431,guided_exp
10:21:23.965,1,-1.356286,1.33758,-0.8238,guided_exp
10:21:24.065,2,-0.816812,1.514463,-1.126127,guided_exp
10:21:24.065,1,-1.354996,1.35637,-0.825593,guided_exp
10:21:24.163,2,-0.821526,1.514333,-1.12568,guided_exp
10:21:24.164,1,-1.358585,1.354499,-0.8231,guided_exp
10:21:24.264,2,-0.820193,1.514327,-1.124682,guided_exp
10:21:24.265,1,-1.358311,1.39036,-0.824078,guided_exp
10:21:24.364,2,-0.815706,1.507221,-1.124683,guided_exp
10:21:24.365,1,-1.358231,1.387983,-0.824731,guided_exp
10:21:24.463,2,-0.81307,1.505021,-1.125582,guided_exp
10:21:24.464,1,-1.359759,1.390166,-0.825069,guided_exp
10:21:24.547,2,-0.812446,1.492042,-1.125312,guided_exp
10:21:24.547,1,-1.359254,1.391805,-0.827331,guided_exp
10:21:24.630,2,-0.811048,1.487893,-1.125139,guided_exp
10:21:24.630,1,-1.356548,1.392183,-0.828042,guided_exp
10:21:24.713,2,-0.812991,1.483712,-1.125505,guided_exp
10:21:24.714,1,-1.358963,1.393105,-0.826155,guided_exp
10:21:24.814,2,-0.812353,1.486785,-1.125041,guided_exp
10:21:24.814,1,-1.358814,1.392855,-0.826263,guided_exp
10:21:24.914,2,-0.81028,1.479148,-1.126777,guided_exp
10:21:24.914,1,-1.360193,1.39256,-0.82466,guided_exp
10:21:25.013,2,-0.80988,1.484574,-1.127103,guided_exp
10:21:25.014,1,-1.359879,1.390612,-0.823333,guided_exp
10:21:25.097,2,-0.809858,1.477051,-1.126386,guided_exp
10:21:25.098,1,-1.357613,1.39223,-0.824443,guided_exp
10:21:25.197,2,-0.810035,1.472429,-1.126403,guided_exp
10:21:25.197,1,-1.356641,1.392235,-0.824292,guided_exp
10:21:25.298,2,-0.812404,1.468815,-1.125481,guided_exp
10:21:25.298,1,-1.35617,1.39875,-0.824669,guided_exp
10:21:25.397,2,-0.812888,1.470057,-1.125404,guided_exp
10:21:25.397,1,-1.353618,1.398596,-0.825268,guided_exp
10:21:25.480,2,-0.813463,1.461111,-1.12518,guided_exp
10:21:25.480,1,-1.355274,1.398018,-0.82326,guided_exp
10:21:25.563,2,-0.815082,1.461874,-1.124516,guided_exp
10:21:25.564,1,-1.355195,1.391669,-0.822579,guided_exp
10:21:25.647,2,-0.815348,1.474564,-1.123957,guided_exp
10:21:25.647,1,-1.359122,1.393181,-0.818639,guided_exp
10:21:25.730,2,-0.814323,1.490036,-1.123944,guided_exp
10:21:25.730,1,-1.359179,1.39677,-0.818777,guided_exp
10:21:25.831,2,-0.815635,1.489442,-1.123306,guided_exp
10:21:25.832,1,-1.356711,1.39622,-0.820561,guided_exp
10:21:25.930,2,-0.814241,1.492154,-1.123165,guided_exp
10:21:25.930,1,-1.358499,1.396688,-0.820596,guided_exp
10:21:26.031,2,-0.811782,1.489456,-1.122168,guided_exp
10:21:26.032,1,-1.361843,1.396409,-0.815784,guided_exp
10:21:26.130,2,-0.810932,1.481677,-1.121802,guided_exp
10:21:26.130,1,-1.362378,1.398012,-0.816466,guided_exp
10:21:26.213,2,-0.810054,1.476943,-1.122067,guided_exp
10:21:26.214,1,-1.359449,1.39784,-0.819175,guided_exp
10:21:26.297,2,-0.810276,1.470761,-1.122783,guided_exp
10:21:26.297,1,-1.356482,1.397513,-0.8194,guided_exp
10:21:26.380,2,-0.810164,1.464394,-1.121773,guided_exp
10:21:26.380,1,-1.353478,1.396776,-0.820143,guided_exp
10:21:26.463,2,-0.816142,1.457917,-1.119386,guided_exp
10:21:26.464,1,-1.348796,1.396673,-0.821537,guided_exp
10:21:26.564,2,-0.814513,1.456833,-1.119591,guided_exp
10:21:26.565,1,-1.348753,1.397253,-0.820591,guided_exp
10:21:26.663,2,-0.814227,1.454869,-1.119605,guided_exp
10:21:26.664,1,-1.345643,1.386856,-0.821684,guided_exp
10:21:26.764,2,-0.818507,1.461633,-1.119208,guided_exp
10:21:26.765,1,-1.343406,1.393136,-0.821803,guided_exp
10:21:26.864,2,-0.824137,1.48587,-1.118524,guided_exp
10:21:26.864,1,-1.341064,1.394035,-0.821256,guided_exp
10:21:26.965,2,-0.815286,1.463531,-1.12047,guided_exp
10:21:26.965,1,-1.340744,1.393031,-0.82084,guided_exp
10:21:27.064,2,-0.817172,1.473845,-1.120245,guided_exp
10:21:27.064,1,-1.340335,1.393649,-0.820453,guided_exp
10:21:27.163,2,-0.82034,1.475161,-1.119292,guided_exp
10:21:27.164,1,-1.338196,1.393217,-0.820797,guided_exp
10:21:27.264,2,-0.81639,1.474301,-1.119652,guided_exp
10:21:27.265,1,-1.337556,1.39413,-0.82092,guided_exp
10:21:27.364,2,-0.812151,1.489142,-1.120149,guided_exp
10:21:27.364,1,-1.337817,1.39563,-0.820681,guided_exp
10:21:27.463,2,-0.812807,1.491403,-1.12037,guided_exp
10:21:27.464,1,-1.338156,1.396726,-0.820073,guided_exp
10:21:27.564,2,-0.815238,1.487086,-1.119301,guided_exp
10:21:27.564,1,-1.338173,1.395976,-0.819642,guided_exp
10:21:27.664,2,-0.815941,1.490764,-1.119502,guided_exp
10:21:27.665,1,-1.338257,1.393624,-0.819693,guided_exp
10:21:27.764,2,-0.817321,1.493611,-1.119307,guided_exp
10:21:27.765,1,-1.338011,1.394914,-0.818841,guided_exp
10:21:27.847,2,-0.816703,1.495709,-1.118936,guided_exp
10:21:27.847,1,-1.337971,1.392889,-0.819119,guided_exp
10:21:27.981,2,-0.816235,1.491422,-1.118822,guided_exp
10:21:27.981,1,-1.33644,1.392443,-0.819854,guided_exp
10:21:28.064,2,-0.814692,1.484518,-1.118712,guided_exp
10:21:28.064,1,-1.335822,1.391945,-0.819679,guided_exp
10:21:28.147,2,-0.817288,1.481996,-1.118722,guided_exp
10:21:28.147,1,-1.335015,1.39285,-0.819792,guided_exp
10:21:28.230,2,-0.817229,1.485782,-1.118225,guided_exp
10:21:28.230,1,-1.33828,1.393296,-0.818309,guided_exp
10:21:28.315,2,-0.816665,1.477548,-1.118266,guided_exp
10:21:28.315,1,-1.337742,1.398722,-0.819428,guided_exp
10:21:28.397,2,-0.816492,1.475452,-1.117779,guided_exp
10:21:28.397,1,-1.336028,1.399938,-0.821446,guided_exp
10:21:28.481,2,-0.81355,1.478706,-1.118123,guided_exp
10:21:28.482,1,-1.337331,1.400652,-0.819651,guided_exp
10:21:28.563,2,-0.813855,1.479125,-1.118216,guided_exp
10:21:28.564,1,-1.333266,1.40106,-0.819286,guided_exp
10:21:28.648,2,-0.814344,1.472562,-1.118309,guided_exp
10:21:28.649,1,-1.330779,1.396207,-0.820001,guided_exp
10:21:28.748,2,-0.810226,1.468567,-1.118113,guided_exp
10:21:28.748,1,-1.330926,1.396791,-0.820628,guided_exp
10:21:28.830,2,-0.811502,1.462019,-1.118207,guided_exp
10:21:28.830,1,-1.333885,1.393012,-0.821018,guided_exp
10:21:28.914,2,-0.811042,1.46026,-1.118483,guided_exp
10:21:28.915,1,-1.33397,1.388074,-0.821179,guided_exp
10:21:28.997,2,-0.80911,1.468391,-1.118812,guided_exp
10:21:28.997,1,-1.33322,1.376942,-0.821232,guided_exp
10:21:29.130,2,-0.813368,1.468649,-1.117931,guided_exp
10:21:29.130,1,-1.330436,1.375937,-0.822362,guided_exp
10:21:29.263,2,-0.811532,1.469882,-1.117161,guided_exp
10:21:29.264,1,-1.332782,1.388893,-0.822165,guided_exp
10:21:29.397,2,-0.810822,1.469361,-1.117703,guided_exp
10:21:29.397,1,-1.330465,1.397958,-0.823396,guided_exp
10:21:29.530,2,-0.808622,1.470412,-1.118692,guided_exp
10:21:29.530,1,-1.328409,1.402757,-0.823695,guided_exp
10:21:29.614,2,-0.811398,1.469379,-1.118755,guided_exp
10:21:29.614,1,-1.329821,1.407123,-0.82333,guided_exp
10:21:29.697,2,-0.82145,1.470478,-1.118792,guided_exp
10:21:29.697,1,-1.330642,1.408239,-0.82327,guided_exp
10:21:29.830,2,-0.814198,1.468999,-1.119955,guided_exp
10:21:29.830,1,-1.33026,1.406948,-0.823461,guided_exp
10:21:29.981,2,-0.812574,1.46892,-1.119287,guided_exp
10:21:29.981,1,-1.330698,1.406343,-0.823194,guided_exp
10:21:30.063,2,-0.812469,1.468306,-1.119205,guided_exp
10:21:30.064,1,-1.330156,1.403724,-0.822936,guided_exp
10:21:30.147,2,-0.810703,1.46862,-1.11938,guided_exp
10:21:30.147,1,-1.330892,1.401454,-0.823014,guided_exp
10:21:30.280,2,-0.809813,1.468803,-1.119404,guided_exp
10:21:30.280,1,-1.332477,1.399682,-0.823186,guided_exp
10:21:30.431,2,-0.808171,1.469219,-1.118471,guided_exp
10:21:30.432,1,-1.33359,1.401775,-0.823428,guided_exp
10:21:30.514,2,-0.807724,1.468913,-1.118838,guided_exp
10:21:30.514,1,-1.33466,1.401686,-0.824069,guided_exp
10:21:30.598,2,-0.807031,1.469384,-1.118652,guided_exp
10:21:30.598,1,-1.333192,1.400568,-0.826123,guided_exp
10:21:30.680,2,-0.806653,1.469104,-1.11834,guided_exp
10:21:30.680,1,-1.334393,1.400058,-0.825516,guided_exp
10:21:30.765,2,-0.806182,1.468388,-1.117298,guided_exp
10:21:30.765,1,-1.334532,1.398888,-0.825795,guided_exp
10:21:30.847,2,-0.804594,1.468258,-1.117023,guided_exp
10:21:30.847,1,-1.334952,1.398101,-0.825399,guided_exp
10:21:30.930,2,-0.804446,1.469518,-1.116505,guided_exp
10:21:30.930,1,-1.33545,1.397378,-0.82546,guided_exp
10:21:31.014,2,-0.805631,1.469518,-1.117136,guided_exp
10:21:31.014,1,-1.336441,1.396555,-0.824867,guided_exp
10:21:31.147,2,-0.806916,1.468298,-1.117393,guided_exp
10:21:31.147,1,-1.33465,1.396382,-0.825518,guided_exp
10:21:31.232,2,-0.806749,1.467667,-1.117792,guided_exp
10:21:31.232,1,-1.336922,1.397972,-0.824177,guided_exp
10:21:31.314,2,-0.806785,1.467767,-1.118243,guided_exp
10:21:31.314,1,-1.335122,1.400695,-0.825032,guided_exp
10:21:31.398,2,-0.806517,1.469865,-1.118038,guided_exp
10:21:31.398,1,-1.334541,1.401363,-0.826337,guided_exp
10:21:31.480,2,-0.80889,1.470398,-1.117971,guided_exp
10:21:31.480,1,-1.334207,1.401215,-0.826739,guided_exp
10:21:31.564,2,-0.80809,1.461823,-1.114402,guided_exp
10:21:31.565,1,-1.334139,1.401567,-0.826711,guided_exp
10:21:31.647,2,-0.809855,1.459114,-1.115569,guided_exp
10:21:31.647,1,-1.332904,1.402145,-0.826816,guided_exp
10:21:31.730,2,-0.811443,1.4524,-1.116721,guided_exp
10:21:31.730,1,-1.333926,1.395787,-0.826832,guided_exp
10:21:31.831,2,-0.810447,1.448712,-1.116104,guided_exp
10:21:31.832,1,-1.334342,1.348842,-0.825985,guided_exp
10:21:31.914,2,-0.809581,1.451638,-1.117224,guided_exp
10:21:31.914,1,-1.334891,1.376022,-0.825853,guided_exp
10:21:31.997,2,-0.812205,1.453564,-1.116163,guided_exp
10:21:31.997,1,-1.334817,1.381074,-0.825877,guided_exp
10:21:32.080,2,-0.811675,1.446968,-1.116141,guided_exp
10:21:32.080,1,-1.335113,1.380858,-0.825519,guided_exp
10:21:32.214,2,-0.810915,1.450061,-1.116549,guided_exp
10:21:32.214,1,-1.335141,1.383476,-0.826051,guided_exp
10:21:32.297,2,-0.812393,1.443773,-1.116003,guided_exp
10:21:32.297,1,-1.335165,1.380568,-0.826477,guided_exp
10:21:32.380,2,-0.811356,1.453843,-1.116565,guided_exp
10:21:32.380,1,-1.336023,1.379597,-0.826835,guided_exp
10:21:32.513,2,-0.809581,1.451058,-1.1167,guided_exp
10:21:32.514,1,-1.335799,1.374391,-0.827413,guided_exp
10:21:32.647,2,-0.810975,1.447587,-1.116769,guided_exp
10:21:32.647,1,-1.333663,1.35588,-0.827873,guided_exp
10:21:32.731,2,-0.812606,1.446492,-1.116899,guided_exp
10:21:32.732,1,-1.335086,1.382266,-0.827212,guided_exp
10:21:32.814,2,-0.81325,1.444782,-1.116099,guided_exp
10:21:32.814,1,-1.335528,1.385422,-0.827305,guided_exp
10:21:32.965,2,-0.809343,1.445363,-1.117231,guided_exp
10:21:32.965,1,-1.3342,1.387199,-0.829449,guided_exp
10:21:33.047,2,-0.805854,1.441894,-1.115353,guided_exp
10:21:33.047,1,-1.334605,1.386132,-0.830602,guided_exp
10:21:33.131,2,-0.805612,1.442516,-1.115506,guided_exp
10:21:33.132,1,-1.336238,1.38668,-0.831574,guided_exp
10:21:33.214,2,-0.808077,1.443676,-1.115335,guided_exp
10:21:33.214,1,-1.336405,1.388616,-0.834077,guided_exp
10:21:33.297,2,-0.804687,1.440894,-1.115871,guided_exp
10:21:33.297,1,-1.335832,1.379013,-0.836403,guided_exp
10:21:33.380,2,-0.803122,1.43998,-1.11413,guided_exp
10:21:33.380,1,-1.335785,1.376626,-0.837639,guided_exp
10:21:33.482,2,-0.802895,1.437821,-1.115544,guided_exp
10:21:33.482,1,-1.33596,1.290146,-0.839158,guided_exp
10:21:33.580,2,-0.80196,1.437599,-1.113692,guided_exp
10:21:33.580,1,-1.334872,1.393589,-0.840407,guided_exp
10:21:33.664,2,-0.801371,1.436983,-1.113598,guided_exp
10:21:33.664,1,-1.335046,1.391237,-0.841724,guided_exp
10:21:33.764,2,-0.800881,1.43362,-1.113627,guided_exp
10:21:33.765,1,-1.335005,1.389152,-0.842734,guided_exp
10:21:33.864,2,-0.804073,1.434509,-1.113803,guided_exp
10:21:33.864,1,-1.335833,1.38565,-0.844841,guided_exp
10:21:33.965,2,-0.806229,1.434951,-1.113096,guided_exp
10:21:33.965,1,-1.33562,1.385795,-0.845809,guided_exp
10:21:34.064,2,-0.805123,1.435729,-1.110546,guided_exp
10:21:34.064,1,-1.33461,1.388467,-0.848487,guided_exp
10:21:34.165,2,-0.80436,1.434515,-1.10822,guided_exp
10:21:34.165,1,-1.336695,1.394885,-0.849325,guided_exp
10:21:34.265,2,-0.804462,1.436177,-1.107785,guided_exp
10:21:34.266,1,-1.33557,1.32483,-0.84855,guided_exp
10:21:34.364,2,-0.804933,1.432874,-1.108503,guided_exp
10:21:34.364,1,-1.335253,1.274479,-0.848261,guided_exp
10:21:34.464,2,-0.804764,1.433946,-1.109759,guided_exp
10:21:34.465,1,-1.336463,1.27601,-0.847832,guided_exp
10:21:34.565,2,-0.805308,1.435337,-1.108931,guided_exp
10:21:34.566,1,-1.338466,1.279679,-0.846004,guided_exp
10:21:34.664,2,-0.804913,1.434577,-1.108585,guided_exp
10:21:34.664,1,-1.336799,1.286234,-0.846181,guided_exp
10:21:34.765,2,-0.807187,1.433427,-1.109885,guided_exp
10:21:34.765,1,-1.335869,1.284706,-0.847373,guided_exp
10:21:34.865,2,-0.806602,1.434556,-1.10994,guided_exp
10:21:34.865,1,-1.336275,1.282993,-0.846835,guided_exp
10:21:34.964,2,-0.808454,1.43587,-1.110396,guided_exp
10:21:34.964,1,-1.336869,1.432349,-0.847051,guided_exp
10:21:35.064,2,-0.807071,1.435666,-1.110872,guided_exp
10:21:35.065,1,-1.338269,1.429167,-0.845999,guided_exp
10:21:35.165,2,-0.807442,1.438866,-1.110909,guided_exp
10:21:35.165,1,-1.337781,1.43002,-0.845637,guided_exp
10:21:35.264,2,-0.806683,1.439574,-1.111169,guided_exp
10:21:35.264,1,-1.335406,1.438922,-0.844333,guided_exp
10:21:35.414,2,-0.804918,1.43898,-1.110722,guided_exp
10:21:35.414,1,-1.336298,1.436917,-0.842923,guided_exp
10:21:35.497,2,-0.804393,1.438231,-1.111113,guided_exp
10:21:35.497,1,-1.335247,1.428084,-0.838937,guided_exp
10:21:35.581,2,-0.803058,1.441695,-1.11121,guided_exp
10:21:35.582,1,-1.33332,1.422827,-0.838002,guided_exp
10:21:35.680,2,-0.802863,1.442412,-1.111565,guided_exp
10:21:35.680,1,-1.332519,1.422126,-0.837319,guided_exp
10:21:35.764,2,-0.807162,1.440622,-1.111904,guided_exp
10:21:35.764,1,-1.327932,1.423426,-0.832951,guided_exp
10:21:35.864,2,-0.804836,1.44047,-1.112726,guided_exp
10:21:35.864,1,-1.328083,1.417187,-0.831287,guided_exp
10:21:35.964,2,-0.804614,1.443906,-1.113206,guided_exp
10:21:35.964,1,-1.32869,1.390488,-0.829085,guided_exp
10:21:36.065,2,-0.805795,1.447072,-1.112876,guided_exp
10:21:36.065,1,-1.327887,1.394373,-0.816477,guided_exp
10:21:36.164,2,-0.801068,1.441439,-1.109902,guided_exp
10:21:36.164,1,-1.323799,1.393161,-0.801096,guided_exp
10:21:36.265,2,-0.803964,1.449203,-1.11156,guided_exp
10:21:36.266,1,-1.324501,1.392281,-0.769406,guided_exp
10:21:36.364,2,-0.802102,1.443816,-1.109023,guided_exp
10:21:36.364,1,-1.325781,1.391844,-0.753966,guided_exp
10:21:36.447,2,-0.801514,1.442096,-1.110049,guided_exp
10:21:36.447,1,-1.334345,1.394058,-0.727663,guided_exp
10:21:36.530,2,-0.800087,1.444258,-1.111288,guided_exp
10:21:36.530,1,-1.334931,1.395121,-0.724923,guided_exp
10:21:36.614,2,-0.802066,1.445555,-1.111655,guided_exp
10:21:36.614,1,-1.361629,1.397699,-0.692037,guided_exp
10:21:36.697,2,-0.801489,1.444049,-1.112029,guided_exp
10:21:36.697,1,-1.352744,1.397619,-0.682499,guided_exp
10:21:36.780,2,-0.799158,1.443932,-1.111153,guided_exp
10:21:36.780,1,-1.348129,1.398123,-0.682133,guided_exp
10:21:36.864,2,-0.799108,1.440987,-1.10995,guided_exp
10:21:36.864,1,-1.34571,1.399022,-0.686424,guided_exp
10:21:36.965,2,-0.798391,1.436064,-1.110958,guided_exp
10:21:36.965,1,-1.346643,1.396224,-0.682737,guided_exp
10:21:37.064,2,-0.796685,1.438458,-1.111387,guided_exp
10:21:37.064,1,-1.351489,1.395218,-0.684517,guided_exp
10:21:37.164,2,-0.795908,1.440122,-1.112076,guided_exp
10:21:37.165,1,-1.351031,1.395467,-0.683968,guided_exp
10:21:37.265,2,-0.794107,1.438919,-1.111815,guided_exp
10:21:37.266,1,-1.35375,1.392568,-0.684882,guided_exp
10:21:37.364,2,-0.79387,1.430289,-1.112772,guided_exp
10:21:37.364,1,-1.373693,1.394306,-0.696303,guided_exp
10:21:37.464,2,-0.792702,1.426197,-1.113833,guided_exp
10:21:37.465,1,-1.372697,1.394841,-0.695511,guided_exp
10:21:37.564,2,-0.793499,1.425214,-1.113973,guided_exp
10:21:37.564,1,-1.373006,1.394868,-0.694104,guided_exp
10:21:37.664,2,-0.792711,1.425977,-1.113548,guided_exp
10:21:37.664,1,-1.375046,1.394924,-0.694691,guided_exp
10:21:37.764,2,-0.793557,1.422488,-1.1129,guided_exp
10:21:37.765,1,-1.37542,1.402214,-0.696322,guided_exp
10:21:37.865,2,-0.793564,1.423634,-1.113172,guided_exp
10:21:37.865,1,-1.380971,1.396688,-0.696327,guided_exp
10:21:37.964,2,-0.794681,1.423193,-1.112906,guided_exp
10:21:37.964,1,-1.389103,1.394679,-0.696576,guided_exp
10:21:38.064,2,-0.794355,1.422049,-1.113101,guided_exp
10:21:38.064,1,-1.406408,1.392018,-0.700033,guided_exp
10:21:38.165,2,-0.794134,1.423535,-1.112962,guided_exp
10:21:38.165,1,-1.413459,1.389872,-0.69949,guided_exp
10:21:38.264,2,-0.794313,1.425809,-1.112848,guided_exp
10:21:38.264,1,-1.428108,1.39001,-0.701103,guided_exp
10:21:38.364,2,-0.794205,1.42724,-1.113181,guided_exp
10:21:38.364,1,-1.437809,1.390873,-0.708311,guided_exp
10:21:38.464,2,-0.794006,1.428457,-1.113094,guided_exp
10:21:38.464,1,-1.443038,1.3896,-0.712328,guided_exp
10:21:38.566,2,-0.794447,1.427465,-1.113241,guided_exp
10:21:38.566,1,-1.456488,1.388344,-0.723166,guided_exp
10:21:38.665,2,-0.794296,1.427787,-1.113423,guided_exp
10:21:38.665,1,-1.460561,1.388777,-0.736163,guided_exp
10:21:38.765,2,-0.792965,1.429603,-1.113754,guided_exp
10:21:38.765,1,-1.467559,1.389565,-0.759202,guided_exp
10:21:38.864,2,-0.792302,1.429236,-1.114191,guided_exp
10:21:38.864,1,-1.474869,1.388636,-0.782836,guided_exp
10:21:38.964,2,-0.792223,1.430127,-1.113929,guided_exp
10:21:38.964,1,-1.484567,1.388369,-0.812508,guided_exp
10:21:39.047,2,-0.792977,1.426942,-1.113849,guided_exp
10:21:39.047,1,-1.481166,1.387355,-0.836941,guided_exp
10:21:39.130,2,-0.792718,1.42593,-1.114106,guided_exp
10:21:39.130,1,-1.481015,1.387627,-0.850636,guided_exp
10:21:39.214,2,-0.794345,1.42803,-1.113987,guided_exp
10:21:39.214,1,-1.479273,1.387136,-0.865406,guided_exp
10:21:39.297,2,-0.794539,1.428481,-1.113556,guided_exp
10:21:39.297,1,-1.479058,1.386836,-0.877803,guided_exp
10:21:39.380,2,-0.794444,1.428374,-1.114256,guided_exp
10:21:39.381,1,-1.478835,1.387544,-0.889908,guided_exp
10:21:39.464,2,-0.79349,1.427327,-1.114213,guided_exp
10:21:39.464,1,-1.479956,1.387325,-0.89906,guided_exp
10:21:39.548,2,-0.792683,1.428164,-1.113965,guided_exp
10:21:39.548,1,-1.479138,1.386267,-0.90815,guided_exp
10:21:39.630,2,-0.793896,1.427541,-1.112961,guided_exp
10:21:39.630,1,-1.480533,1.386765,-0.919418,guided_exp
10:21:39.715,2,-0.793445,1.42818,-1.112624,guided_exp
10:21:39.716,1,-1.478053,1.387238,-0.923961,guided_exp
10:21:39.797,2,-0.791351,1.427285,-1.11401,guided_exp
10:21:39.797,1,-1.481172,1.387556,-0.927705,guided_exp
10:21:39.930,2,-0.787585,1.424316,-1.111667,guided_exp
10:21:39.931,1,-1.482307,1.388364,-0.927684,guided_exp
10:21:40.047,2,-0.787339,1.426569,-1.112216,guided_exp
10:21:40.047,1,-1.48125,1.389144,-0.930107,guided_exp
10:21:40.130,2,-0.788252,1.428438,-1.113155,guided_exp
10:21:40.130,1,-1.482447,1.387399,-0.931191,guided_exp
10:21:40.214,2,-0.783912,1.428451,-1.111897,guided_exp
10:21:40.214,1,-1.477978,1.386922,-0.934288,guided_exp
10:21:40.315,2,-0.780435,1.427388,-1.107974,guided_exp
10:21:40.316,1,-1.479473,1.38703,-0.933548,guided_exp
10:21:40.397,2,-0.779919,1.429002,-1.108578,guided_exp
10:21:40.397,1,-1.479714,1.388431,-0.933046,guided_exp
10:21:40.530,2,-0.777996,1.42567,-1.107419,guided_exp
10:21:40.531,1,-1.479883,1.388575,-0.932006,guided_exp
10:21:40.630,2,-0.779763,1.428089,-1.108239,guided_exp
10:21:40.630,1,-1.479258,1.390002,-0.931957,guided_exp
10:21:40.714,2,-0.783302,1.430103,-1.106699,guided_exp
10:21:40.714,1,-1.479827,1.389895,-0.931112,guided_exp
10:21:40.865,2,-0.772732,1.429539,-1.098697,guided_exp
10:21:40.865,1,-1.477358,1.389617,-0.931289,guided_exp
10:21:40.965,2,-0.771489,1.432579,-1.09519,guided_exp
10:21:40.965,1,-1.478148,1.389077,-0.930519,guided_exp
10:21:41.047,2,-0.764484,1.43078,-1.088784,guided_exp
10:21:41.047,1,-1.477369,1.387998,-0.929893,guided_exp
10:21:41.180,2,-0.758316,1.428479,-1.083232,guided_exp
10:21:41.181,1,-1.477007,1.388981,-0.928805,guided_exp
10:21:41.264,2,-0.760969,1.430833,-1.077836,guided_exp
10:21:41.264,1,-1.477434,1.389145,-0.926931,guided_exp
10:21:41.347,2,-0.759908,1.431312,-1.074637,guided_exp
10:21:41.347,1,-1.477942,1.387463,-0.925906,guided_exp
10:21:41.430,2,-0.754335,1.430605,-1.067715,guided_exp
10:21:41.431,1,-1.477519,1.385854,-0.925462,guided_exp
10:21:41.514,2,-0.748779,1.430095,-1.058559,guided_exp
10:21:41.514,1,-1.476106,1.385897,-0.925298,guided_exp
10:21:41.598,2,-0.748344,1.429523,-1.051436,guided_exp
10:21:41.598,1,-1.476155,1.386525,-0.92503,guided_exp
10:21:41.680,2,-0.746406,1.429368,-1.046735,guided_exp
10:21:41.680,1,-1.476436,1.387721,-0.924285,guided_exp
10:21:41.765,2,-0.745093,1.431841,-1.044162,guided_exp
10:21:41.765,1,-1.473303,1.386829,-0.922185,guided_exp
10:21:41.847,2,-0.744378,1.431796,-1.040039,guided_exp
10:21:41.847,1,-1.47447,1.387241,-0.921656,guided_exp
10:21:41.932,2,-0.73895,1.430951,-1.039128,guided_exp
10:21:41.933,1,-1.472718,1.388065,-0.917777,guided_exp
10:21:42.014,2,-0.732445,1.431017,-1.042382,guided_exp
10:21:42.014,1,-1.472234,1.387403,-0.9177,guided_exp
10:21:42.097,2,-0.735679,1.434416,-1.048005,guided_exp
10:21:42.097,1,-1.473126,1.386233,-0.91749,guided_exp
10:21:42.180,2,-0.741132,1.433686,-1.05766,guided_exp
10:21:42.181,1,-1.470314,1.385218,-0.91463,guided_exp
10:21:42.265,2,-0.741191,1.432971,-1.077149,guided_exp
10:21:42.265,1,-1.469466,1.38415,-0.914606,guided_exp
10:21:42.364,2,-0.739988,1.43167,-1.089339,guided_exp
10:21:42.364,1,-1.467645,1.385737,-0.911893,guided_exp
10:21:42.447,2,-0.748749,1.431458,-1.096792,guided_exp
10:21:42.447,1,-1.467158,1.38833,-0.913158,guided_exp
10:21:42.530,2,-0.758905,1.430393,-1.105264,guided_exp
10:21:42.531,1,-1.46751,1.386627,-0.913829,guided_exp
10:21:42.632,2,-0.790469,1.429418,-1.139537,guided_exp
10:21:42.632,1,-1.469665,1.385834,-0.918219,guided_exp
10:21:42.714,2,-0.82636,1.428137,-1.171596,guided_exp
10:21:42.714,1,-1.472035,1.386026,-0.923849,guided_exp
10:21:42.847,2,-0.891941,1.427765,-1.233277,guided_exp
10:21:42.847,1,-1.478582,1.385345,-0.940926,guided_exp
10:21:42.930,2,-0.930823,1.426923,-1.298304,guided_exp
10:21:42.931,1,-1.485947,1.386551,-0.952192,guided_exp
10:21:43.014,2,-0.951883,1.427325,-1.336308,guided_exp
10:21:43.014,1,-1.490188,1.386735,-0.954997,guided_exp
10:21:43.099,2,-0.952847,1.426428,-1.355689,guided_exp
10:21:43.100,1,-1.496711,1.386162,-0.957706,guided_exp
10:21:43.197,2,-0.963704,1.425988,-1.397648,guided_exp
10:21:43.197,1,-1.528107,1.387605,-0.967786,guided_exp
10:21:43.347,2,-0.983794,1.426088,-1.477222,guided_exp
10:21:43.347,1,-1.577463,1.388258,-0.988006,guided_exp
10:21:43.430,2,-0.987055,1.425802,-1.509321,guided_exp
10:21:43.431,1,-1.610357,1.38728,-0.989705,guided_exp
10:21:43.514,2,-0.992142,1.425318,-1.567059,guided_exp
10:21:43.514,1,-1.662485,1.387599,-1.001488,guided_exp
10:21:43.647,2,-0.996301,1.424922,-1.638004,guided_exp
10:21:43.647,1,-1.75379,1.387841,-1.029657,guided_exp
10:21:43.731,2,-0.997346,1.42475,-1.675169,guided_exp
10:21:43.731,1,-1.804666,1.387652,-1.039247,guided_exp
10:21:43.814,2,-0.997399,1.424085,-1.714097,guided_exp
10:21:43.814,1,-1.877268,1.387739,-1.086005,guided_exp
10:21:43.899,2,-0.985865,1.424391,-1.738197,guided_exp
10:21:43.899,1,-1.893884,1.387409,-1.093407,guided_exp
10:21:44.731,2,-0.991047,1.426683,-1.795661,guided_exp
10:21:44.731,1,-1.944216,1.386236,-1.112631,guided_exp
10:21:44.947,2,-0.981357,1.425636,-1.847788,guided_exp
10:21:44.947,1,-2.408183,1.387269,-1.461046,guided_exp
10:21:45.030,2,-0.979918,1.426179,-1.846825,guided_exp
10:21:45.030,1,-2.469479,1.387513,-1.474404,guided_exp
10:21:45.164,2,-0.97943,1.425273,-1.847103,guided_exp
10:21:45.164,1,-2.533828,1.38679,-1.496908,guided_exp
10:21:45.297,2,-0.982425,1.4255,-1.85162,guided_exp
10:21:45.297,1,-2.575178,1.387676,-1.522208,guided_exp
10:21:45.382,2,-0.984925,1.422931,-1.857445,guided_exp
10:21:45.382,1,-2.584826,1.387594,-1.526701,guided_exp
10:21:45.464,2,-0.997513,1.422813,-1.876479,guided_exp
10:21:45.464,1,-2.596492,1.38796,-1.536751,guided_exp
10:21:45.597,2,-1.017631,1.420591,-1.921991,guided_exp
10:21:45.597,1,-2.611117,1.388173,-1.551462,guided_exp
10:21:45.680,2,-1.023417,1.422168,-1.915788,guided_exp
10:21:45.681,1,-2.613358,1.385972,-1.553994,guided_exp
10:21:45.764,2,-1.036961,1.423257,-1.959474,guided_exp
10:21:45.764,1,-2.620379,1.38998,-1.559451,guided_exp
10:21:45.847,2,-1.041432,1.422108,-1.965534,guided_exp
10:21:45.847,1,-2.628516,1.38952,-1.564174,guided_exp
10:21:45.930,2,-1.059436,1.421681,-1.984702,guided_exp
10:21:45.931,1,-2.634122,1.389547,-1.567736,guided_exp
10:21:46.064,2,-1.103815,1.421877,-1.995346,guided_exp
10:21:46.064,1,-2.642914,1.388303,-1.57395,guided_exp
10:21:46.164,2,-1.106886,1.422711,-1.994679,guided_exp
10:21:46.164,1,-2.652034,1.38856,-1.574075,guided_exp
10:21:46.248,2,-1.19547,1.414767,-2.018054,guided_exp
10:21:46.248,1,-2.660244,1.386482,-1.576962,guided_exp
10:21:46.330,2,-1.239684,1.417511,-2.037899,guided_exp
10:21:46.331,1,-2.668364,1.384973,-1.575252,guided_exp
10:21:46.414,2,-1.287032,1.419519,-2.054182,guided_exp
10:21:46.414,1,-2.671875,1.385644,-1.575893,guided_exp
10:21:46.565,2,-1.376538,1.419765,-2.098275,guided_exp
10:21:46.565,1,-2.67838,1.384836,-1.578803,guided_exp
10:21:46.647,2,-1.417316,1.419403,-2.121668,guided_exp
10:21:46.647,1,-2.68285,1.3853,-1.580093,guided_exp
10:21:46.798,2,-1.464106,1.421268,-2.15168,guided_exp
10:21:46.798,1,-2.688457,1.384931,-1.583418,guided_exp
10:21:46.898,2,-1.489938,1.420896,-2.16598,guided_exp
10:21:46.898,1,-2.693017,1.384981,-1.586077,guided_exp
10:21:46.997,2,-1.502157,1.423687,-2.175682,guided_exp
10:21:46.997,1,-2.698972,1.385947,-1.594409,guided_exp
10:21:47.097,2,-1.5094,1.424016,-2.181124,guided_exp
10:21:47.097,1,-2.700429,1.386258,-1.595989,guided_exp
10:21:47.180,2,-1.51757,1.423962,-2.188117,guided_exp
10:21:47.181,1,-2.702266,1.385478,-1.601027,guided_exp
10:21:47.264,2,-1.523998,1.423332,-2.193575,guided_exp
10:21:47.264,1,-2.704049,1.386464,-1.613635,guided_exp
10:21:47.414,2,-1.529431,1.421306,-2.199477,guided_exp
10:21:47.414,1,-2.702584,1.38675,-1.62993,guided_exp
10:21:47.498,2,-1.53195,1.42111,-2.201578,guided_exp
10:21:47.498,1,-2.704577,1.386312,-1.654216,guided_exp
10:21:47.580,2,-1.535379,1.422631,-2.205693,guided_exp
10:21:47.580,1,-2.709153,1.387208,-1.682579,guided_exp
10:21:47.730,2,-1.537737,1.422881,-2.210668,guided_exp
10:21:47.731,1,-2.700872,1.386788,-1.741186,guided_exp
10:21:47.815,2,-1.539148,1.423112,-2.21178,guided_exp
10:21:47.815,1,-2.696795,1.386897,-1.787141,guided_exp
10:21:47.897,2,-1.540735,1.422355,-2.213826,guided_exp
10:21:47.897,1,-2.694393,1.385357,-1.816215,guided_exp
10:21:48.030,2,-1.545169,1.424056,-2.215574,guided_exp
10:21:48.031,1,-2.693635,1.385903,-1.85614,guided_exp
10:21:48.115,2,-1.547423,1.423593,-2.215922,guided_exp
10:21:48.116,1,-2.694853,1.386341,-1.864465,guided_exp
10:21:48.197,2,-1.549592,1.423658,-2.218242,guided_exp
10:21:48.197,1,-2.694653,1.385299,-1.880933,guided_exp
10:21:48.348,2,-1.551989,1.424,-2.219548,guided_exp
10:21:48.348,1,-2.697508,1.386026,-1.896196,guided_exp
10:21:48.431,2,-1.552569,1.423171,-2.220608,guided_exp
10:21:48.431,1,-2.701943,1.385556,-1.90303,guided_exp
10:21:48.514,2,-1.553633,1.423234,-2.221729,guided_exp
10:21:48.514,1,-2.708212,1.387785,-1.908262,guided_exp
10:21:48.665,2,-1.555004,1.423851,-2.223209,guided_exp
10:21:48.665,1,-2.714123,1.387738,-1.912894,guided_exp
10:21:48.765,2,-1.556008,1.424794,-2.224257,guided_exp
10:21:48.765,1,-2.718439,1.385368,-1.916491,guided_exp
10:21:48.847,2,-1.557559,1.423703,-2.224948,guided_exp
10:21:48.847,1,-2.723987,1.386418,-1.917609,guided_exp
10:21:48.980,2,-1.558489,1.42522,-2.225824,guided_exp
10:21:48.981,1,-2.728347,1.385941,-1.919522,guided_exp
10:21:49.064,2,-1.559099,1.425298,-2.226306,guided_exp
10:21:49.064,1,-2.73234,1.386482,-1.920392,guided_exp
10:21:49.166,2,-1.559118,1.426431,-2.226624,guided_exp
10:21:49.167,1,-2.734686,1.386556,-1.920413,guided_exp
10:21:49.265,2,-1.559531,1.426888,-2.226692,guided_exp
10:21:49.265,1,-2.740666,1.385588,-1.920919,guided_exp
10:21:49.364,2,-1.558346,1.426535,-2.226316,guided_exp
10:21:49.364,1,-2.743897,1.385885,-1.918625,guided_exp
10:21:49.466,2,-1.558783,1.426242,-2.226548,guided_exp
10:21:49.466,1,-2.749316,1.38493,-1.918458,guided_exp
10:21:49.565,2,-1.559054,1.426032,-2.22724,guided_exp
10:21:49.565,1,-2.752701,1.384971,-1.914917,guided_exp
10:21:49.647,2,-1.558293,1.424964,-2.227253,guided_exp
10:21:49.647,1,-2.753674,1.384226,-1.913669,guided_exp
10:21:49.797,2,-1.558121,1.425685,-2.227767,guided_exp
10:21:49.798,1,-2.756746,1.383256,-1.9123,guided_exp
10:21:49.898,2,-1.559388,1.425985,-2.228057,guided_exp
10:21:49.898,1,-2.755265,1.385291,-1.910181,guided_exp
10:21:49.980,2,-1.558798,1.427183,-2.227993,guided_exp
10:21:49.981,1,-2.757181,1.387127,-1.9108,guided_exp
10:21:50.130,2,-1.557861,1.427746,-2.22735,guided_exp
10:21:50.131,1,-2.756796,1.38863,-1.909215,guided_exp
10:21:50.215,2,-1.558089,1.428693,-2.227893,guided_exp
10:21:50.215,1,-2.754758,1.38842,-1.910088,guided_exp
10:21:50.314,2,-1.559292,1.43105,-2.228012,guided_exp
10:21:50.314,1,-2.754515,1.386821,-1.910343,guided_exp
10:21:50.415,2,-1.560091,1.429995,-2.228113,guided_exp
10:21:50.415,1,-2.75524,1.386082,-1.914631,guided_exp
10:21:50.497,2,-1.559815,1.431805,-2.22791,guided_exp
10:21:50.497,1,-2.750575,1.387721,-1.916384,guided_exp
10:21:50.647,2,-1.559012,1.431027,-2.227341,guided_exp
10:21:50.647,1,-2.744619,1.386686,-1.919947,guided_exp
10:21:50.731,2,-1.560294,1.431787,-2.227307,guided_exp
10:21:50.732,1,-2.742149,1.386041,-1.919805,guided_exp
10:21:50.831,2,-1.561314,1.432557,-2.227342,guided_exp
10:21:50.831,1,-2.739,1.386842,-1.920793,guided_exp
10:21:50.931,2,-1.560554,1.433108,-2.227023,guided_exp
10:21:50.932,1,-2.735644,1.386176,-1.9223,guided_exp
10:21:51.014,2,-1.561499,1.433255,-2.226811,guided_exp
10:21:51.014,1,-2.735613,1.385683,-1.927568,guided_exp
10:21:51.164,2,-1.562362,1.434828,-2.226048,guided_exp
10:21:51.165,1,-2.732209,1.388244,-1.933085,guided_exp
10:21:51.265,2,-1.56298,1.434232,-2.225683,guided_exp
10:21:51.265,1,-2.726511,1.389458,-1.937092,guided_exp
10:21:51.365,2,-1.562728,1.436842,-2.225138,guided_exp
10:21:51.365,1,-2.7199,1.388788,-1.940733,guided_exp
10:21:51.464,2,-1.563682,1.433324,-2.224711,guided_exp
10:21:51.464,1,-2.717798,1.388577,-1.941685,guided_exp
10:21:51.597,2,-1.564973,1.43824,-2.224357,guided_exp
10:21:51.597,1,-2.711545,1.38712,-1.944625,guided_exp
10:21:51.681,2,-1.565239,1.437312,-2.224173,guided_exp
10:21:51.681,1,-2.708329,1.386749,-1.945248,guided_exp
10:21:51.781,2,-1.564818,1.435952,-2.223988,guided_exp
10:21:51.782,1,-2.705335,1.38734,-1.946386,guided_exp
10:21:51.864,2,-1.565538,1.435247,-2.223581,guided_exp
10:21:51.864,1,-2.704948,1.386983,-1.946993,guided_exp
10:21:52.030,2,-1.565242,1.433905,-2.222525,guided_exp
10:21:52.031,1,-2.702657,1.38695,-1.944941,guided_exp
10:21:52.114,2,-1.566186,1.435153,-2.222396,guided_exp
10:21:52.114,1,-2.701402,1.385812,-1.939429,guided_exp
10:21:52.197,2,-1.566497,1.434954,-2.221849,guided_exp
10:21:52.197,1,-2.703316,1.386125,-1.933247,guided_exp
10:21:52.347,2,-1.567596,1.437865,-2.220904,guided_exp
10:21:52.347,1,-2.705011,1.386467,-1.919515,guided_exp
10:21:52.431,2,-1.568138,1.435681,-2.22072,guided_exp
10:21:52.432,1,-2.707064,1.386591,-1.913728,guided_exp
10:21:52.514,2,-1.571016,1.435569,-2.218212,guided_exp
10:21:52.514,1,-2.710558,1.386596,-1.898078,guided_exp
10:21:52.664,2,-1.587555,1.438875,-2.216267,guided_exp
10:21:52.664,1,-2.710823,1.38724,-1.881801,guided_exp
10:21:52.765,2,-1.595652,1.434829,-2.216249,guided_exp
10:21:52.765,1,-2.709766,1.387698,-1.87653,guided_exp
10:21:52.865,2,-1.608796,1.435838,-2.213168,guided_exp
10:21:52.865,1,-2.705372,1.386979,-1.870647,guided_exp
10:21:52.947,2,-1.625777,1.431875,-2.20437,guided_exp
10:21:52.947,1,-2.695699,1.387265,-1.866019,guided_exp
10:21:53.098,2,-1.658209,1.431555,-2.177682,guided_exp
10:21:53.098,1,-2.682925,1.383545,-1.867371,guided_exp
10:21:53.198,2,-1.701295,1.434107,-2.138284,guided_exp
10:21:53.199,1,-2.662803,1.384447,-1.878468,guided_exp
10:21:53.297,2,-1.737285,1.433215,-2.102132,guided_exp
10:21:53.297,1,-2.629396,1.384968,-1.898713,guided_exp
10:21:53.381,2,-1.775458,1.431367,-2.066107,guided_exp
10:21:53.382,1,-2.615487,1.38609,-1.906673,guided_exp
10:21:53.481,2,-1.803011,1.434721,-2.030612,guided_exp
10:21:53.481,1,-2.586988,1.382955,-1.926539,guided_exp
10:21:53.564,2,-1.834435,1.436009,-1.989305,guided_exp
10:21:53.564,1,-2.573421,1.384259,-1.937387,guided_exp
10:21:53.665,2,-1.846529,1.441546,-1.971081,guided_exp
10:21:53.665,1,-2.560135,1.385846,-1.948123,guided_exp
10:21:53.765,2,-1.86758,1.442009,-1.94937,guided_exp
10:21:53.765,1,-2.546932,1.385188,-1.956918,guided_exp
10:21:53.865,2,-1.88162,1.469525,-1.932969,guided_exp
10:21:53.865,1,-2.532972,1.384887,-1.965429,guided_exp
10:21:53.947,2,-1.90179,1.466702,-1.920953,guided_exp
10:21:53.947,1,-2.52623,1.38513,-1.973311,guided_exp
10:21:54.081,2,-1.921916,1.4605,-1.919157,guided_exp
10:21:54.081,1,-2.515558,1.385964,-1.979855,guided_exp
10:21:54.232,2,-1.931094,1.462519,-1.914077,guided_exp
10:21:54.232,1,-2.511354,1.386009,-1.981436,guided_exp
10:21:54.314,2,-1.937756,1.460991,-1.911573,guided_exp
10:21:54.314,1,-2.501778,1.385445,-1.975873,guided_exp
10:21:54.447,2,-1.952358,1.46246,-1.907573,guided_exp
10:21:54.447,1,-2.490359,1.386049,-1.95046,guided_exp
10:21:54.581,2,-1.956983,1.462996,-1.905993,guided_exp
10:21:54.581,1,-2.480769,1.3855,-1.893524,guided_exp
10:21:54.665,2,-1.959032,1.462302,-1.905412,guided_exp
10:21:54.665,1,-2.482673,1.385748,-1.86288,guided_exp
10:21:54.766,2,-1.961124,1.460456,-1.904455,guided_exp
10:21:54.767,1,-2.482103,1.385968,-1.786715,guided_exp
10:21:54.847,2,-1.961466,1.458689,-1.904367,guided_exp
10:21:54.847,1,-2.493715,1.385143,-1.698404,guided_exp
10:21:54.932,2,-1.961806,1.448783,-1.904436,guided_exp
10:21:54.933,1,-2.500977,1.38432,-1.652087,guided_exp
10:21:55.014,2,-1.965175,1.450143,-1.903692,guided_exp
10:21:55.014,1,-2.50469,1.385859,-1.569333,guided_exp
10:21:55.165,2,-1.968961,1.452035,-1.9038,guided_exp
10:21:55.165,1,-2.502194,1.384856,-1.463836,guided_exp
10:21:55.247,2,-1.970884,1.458347,-1.906084,guided_exp
10:21:55.247,1,-2.474838,1.385995,-1.398393,guided_exp
10:21:55.331,2,-1.976071,1.46588,-1.909333,guided_exp
10:21:55.331,1,-2.457402,1.385423,-1.343986,guided_exp
10:21:55.414,2,-1.977732,1.465789,-1.910394,guided_exp
10:21:55.414,1,-2.434665,1.382704,-1.317672,guided_exp
10:21:55.497,2,-1.979239,1.465297,-1.911984,guided_exp
10:21:55.497,1,-2.391681,1.38407,-1.265029,guided_exp
10:21:55.581,2,-1.978904,1.465781,-1.912191,guided_exp
10:21:55.581,1,-2.34766,1.384064,-1.219168,guided_exp
10:21:55.664,2,-1.975861,1.465113,-1.9115,guided_exp
10:21:55.664,1,-2.245418,1.38434,-1.148303,guided_exp
10:21:55.747,2,-1.974394,1.464006,-1.911797,guided_exp
10:21:55.747,1,-2.216638,1.384467,-1.114228,guided_exp
10:21:55.831,2,-1.971982,1.455593,-1.91219,guided_exp
10:21:55.831,1,-2.33916,1.384213,-1.023828,guided_exp
10:21:55.915,2,-1.972867,1.454262,-1.912925,guided_exp
10:21:55.915,1,-2.335831,1.384749,-0.988721,guided_exp
10:21:55.997,2,-1.972226,1.450468,-1.91267,guided_exp
10:21:55.997,1,-2.226994,1.384144,-1.040371,guided_exp
10:21:56.131,2,-1.970348,1.448756,-1.912723,guided_exp
10:21:56.131,1,-2.240145,1.386786,-1.125371,guided_exp
10:21:56.214,2,-1.967817,1.449801,-1.911672,guided_exp
10:21:56.214,1,-2.236966,1.385747,-1.118104,guided_exp
10:21:56.297,2,-1.965826,1.45382,-1.911713,guided_exp
10:21:56.297,1,-2.236966,1.385706,-1.118104,guided_exp
10:21:56.431,2,-1.964308,1.452876,-1.909888,guided_exp
10:21:56.431,1,-2.236966,1.385165,-1.118104,guided_exp
10:21:56.564,2,-1.961213,1.450621,-1.910476,guided_exp
10:21:56.564,1,-2.236966,1.38587,-1.118104,guided_exp
10:21:56.697,2,-1.959042,1.451222,-1.913428,guided_exp
10:21:56.697,1,-2.236966,1.38473,-1.118104,guided_exp
10:21:56.831,2,-1.964458,1.457976,-1.920717,guided_exp
10:21:56.831,1,-2.236966,1.384057,-1.118104,guided_exp
10:21:56.964,2,-1.969077,1.45903,-1.926788,guided_exp
10:21:56.964,1,-2.236966,1.383125,-1.118104,guided_exp
10:21:57.048,2,-1.969944,1.461471,-1.929104,guided_exp
10:21:57.049,1,-2.236966,1.382312,-1.118104,guided_exp
10:21:57.131,2,-1.970977,1.460902,-1.933289,guided_exp
10:21:57.131,1,-2.236966,1.383329,-1.118104,guided_exp
10:21:57.215,2,-1.971521,1.460903,-1.93466,guided_exp
10:21:57.216,1,-2.236966,1.387983,-1.118104,guided_exp
10:21:57.297,2,-1.970677,1.457283,-1.936809,guided_exp
10:21:57.297,1,-2.236966,1.382964,-1.118104,guided_exp
10:21:57.381,2,-1.970257,1.457285,-1.937263,guided_exp
10:21:57.382,1,-2.236966,1.383306,-1.118104,guided_exp
10:21:57.464,2,-1.967893,1.455826,-1.939092,guided_exp
10:21:57.464,1,-2.236966,1.383614,-1.118104,guided_exp
10:21:57.464,1,-0.70238,1.457322,-0.885532,guided_exp
10:21:57.549,2,-1.967458,1.382624,-1.939563,guided_exp
10:21:57.549,1,-2.236966,1.455095,-1.118104,guided_exp
10:21:57.549,1,-0.685527,1.384794,-0.883319,guided_exp
10:21:57.631,2,-1.968101,1.455249,-1.940269,guided_exp
10:21:57.631,1,-2.236966,1.382675,-1.118104,guided_exp
10:21:57.631,1,-0.599711,1.455967,-0.874613,guided_exp
10:21:57.714,2,-1.966751,1.381573,-1.940747,guided_exp
10:21:57.716,1,-2.236966,1.455415,-1.118104,guided_exp
10:21:57.717,1,-0.527599,1.378918,-0.862113,guided_exp
10:21:57.797,2,-1.965477,1.454937,-1.940547,guided_exp
10:21:57.797,1,-2.236966,1.379412,-1.118104,guided_exp
10:21:57.797,1,-0.471268,1.452027,-0.82749,guided_exp
10:21:57.931,2,-1.963922,1.380111,-1.940562,guided_exp
10:21:57.931,1,-2.236966,1.450976,-1.118104,guided_exp
10:21:57.931,1,-0.412462,1.380848,-0.652012,guided_exp
10:21:58.031,2,-1.963544,1.450375,-1.940684,guided_exp
10:21:58.031,1,-2.236966,1.383412,-1.118104,guided_exp
10:21:58.031,1,-0.40119,1.453173,-0.645183,guided_exp
10:21:58.114,2,-1.964083,1.381196,-1.94067,guided_exp
10:21:58.114,1,-2.236966,1.452673,-1.118104,guided_exp
10:21:58.114,1,-0.277288,1.379429,-0.508508,guided_exp
10:21:58.198,2,-1.964031,1.452236,-1.940881,guided_exp
10:21:58.198,1,-2.236966,1.376458,-1.118104,guided_exp
10:21:58.198,1,-0.177459,1.452761,-0.438365,guided_exp
10:21:58.331,2,-1.961157,1.375143,-1.937973,guided_exp
10:21:58.331,1,-2.236966,1.453926,-1.118104,guided_exp
10:21:58.331,1,-0.119325,1.376981,-0.405622,guided_exp
10:21:58.416,2,-1.960636,1.453584,-1.936689,guided_exp
10:21:58.416,1,-2.236966,1.372146,-1.118104,guided_exp
10:21:58.417,1,-0.094638,1.454005,-0.424106,guided_exp
10:21:58.497,2,-1.960099,1.373309,-1.936301,guided_exp
10:21:58.497,1,-0.068918,1.452908,-0.491279,guided_exp
10:21:58.631,2,-1.962262,1.374976,-1.936415,guided_exp
10:21:58.631,1,-0.075133,1.452807,-0.453713,guided_exp
10:21:58.764,2,-1.962067,1.373941,-1.935767,guided_exp
10:21:58.764,1,-0.053708,1.449841,-0.489917,guided_exp
10:21:58.848,2,-1.963493,1.373314,-1.936699,guided_exp
10:21:58.849,1,-0.029969,1.452214,-0.459241,guided_exp
10:21:58.931,2,-1.964715,1.374774,-1.938063,guided_exp
10:21:58.931,1,-0.0089,1.452884,-0.466011,guided_exp
10:21:59.015,2,-1.964143,1.378662,-1.937878,guided_exp
10:21:59.016,1,-0.034909,1.454485,-0.483435,guided_exp
10:21:59.097,2,-1.963311,1.379879,-1.937066,guided_exp
10:21:59.097,1,-0.014746,1.453219,-0.451952,guided_exp
10:21:59.182,2,-1.964154,1.382705,-1.936763,guided_exp
10:21:59.183,1,-0.048517,1.452025,-0.482757,guided_exp
10:21:59.264,2,-1.965028,1.388976,-1.936837,guided_exp
10:21:59.264,1,0.006638,1.455998,-0.473215,guided_exp
10:21:59.348,2,-1.964565,1.375514,-1.936708,guided_exp
10:21:59.349,1,-0.042772,1.455452,-0.433927,guided_exp
10:21:59.431,2,-1.960423,1.376012,-1.932633,guided_exp
10:21:59.431,1,-0.049388,1.457534,-0.473382,guided_exp
10:21:59.514,2,-1.959434,1.380281,-1.931838,guided_exp
10:21:59.514,1,-0.032898,1.457932,-0.408103,guided_exp
10:21:59.597,2,-1.959857,1.388922,-1.931335,guided_exp
10:21:59.597,1,-0.049259,1.455493,-0.486908,guided_exp
10:21:59.681,2,-1.957961,1.396864,-1.928209,guided_exp
10:21:59.681,1,-0.05245,1.456022,-0.459045,guided_exp
10:21:59.832,2,-1.960191,1.406493,-1.92805,guided_exp
10:21:59.832,1,-0.032278,1.454174,-0.500968,guided_exp
10:21:59.914,2,-1.962549,1.392364,-1.927224,guided_exp
10:21:59.914,1,-0.040653,1.463542,-0.476779,guided_exp
10:21:59.999,2,-1.964195,1.391152,-1.92689,guided_exp
10:22:00.000,1,-0.051148,1.461868,-0.490613,guided_exp
10:22:00.081,2,-1.965592,1.391143,-1.925473,guided_exp
10:22:00.081,1,-0.02205,1.45982,-0.473224,guided_exp
10:22:00.214,2,-1.966582,1.402808,-1.92528,guided_exp
10:22:00.214,1,-0.036654,1.459329,-0.439984,guided_exp
10:22:00.331,2,-1.965693,1.413962,-1.92411,guided_exp
10:22:00.331,1,-0.016107,1.462868,-0.384555,guided_exp
10:22:00.431,2,-1.965764,1.420554,-1.923103,guided_exp
10:22:00.431,1,-0.023043,1.464412,-0.478715,guided_exp
10:22:00.514,2,-1.966308,1.414675,-1.921365,guided_exp
10:22:00.514,1,-0.037549,1.456319,-0.466419,guided_exp
10:22:00.599,2,-1.965848,1.415591,-1.920809,guided_exp
10:22:00.599,1,-0.02735,1.463052,-0.482414,guided_exp
10:22:00.681,2,-1.96571,1.407419,-1.920601,guided_exp
10:22:00.681,1,0.001951,1.459729,-0.502359,guided_exp
10:22:00.766,2,-1.965795,1.410314,-1.920848,guided_exp
10:22:00.767,1,0.007032,1.457562,-0.534301,guided_exp
10:22:00.847,2,-1.9661,1.40926,-1.921225,guided_exp
10:22:00.847,1,0.009036,1.450877,-0.526089,guided_exp
10:22:00.932,2,-1.964372,1.415767,-1.92088,guided_exp
10:22:00.933,1,-0.027206,1.45566,-0.479695,guided_exp
10:22:01.014,2,-1.964257,1.401754,-1.921287,guided_exp
10:22:01.014,1,-0.019234,1.464228,-0.473912,guided_exp
10:22:01.147,2,-1.96481,1.394474,-1.922201,guided_exp
10:22:01.147,1,-0.02724,1.495756,-0.474378,guided_exp
10:22:01.281,2,-1.965967,1.394567,-1.922645,guided_exp
10:22:01.281,1,-0.038293,1.507186,-0.433529,guided_exp
10:22:01.364,2,-1.966597,1.394552,-1.922288,guided_exp
10:22:01.364,1,0.028761,1.505289,-0.440575,guided_exp
10:22:01.465,2,-1.966687,1.393437,-1.921644,guided_exp
10:22:01.465,1,-0.018951,1.511612,-0.477889,guided_exp
10:22:01.547,2,-1.966969,1.393541,-1.921626,guided_exp
10:22:01.547,1,0.020506,1.513742,-0.451375,guided_exp
10:22:01.631,2,-1.966462,1.392711,-1.921453,guided_exp
10:22:01.632,1,-0.039683,1.515208,-0.450413,guided_exp
10:22:01.714,2,-1.965405,1.392899,-1.921726,guided_exp
10:22:01.714,1,-0.016901,1.516021,-0.444681,guided_exp
10:22:01.797,2,-1.964705,1.402106,-1.920737,guided_exp
10:22:01.797,1,0.005608,1.517223,-0.508445,guided_exp
10:22:01.881,2,-1.964565,1.396692,-1.920844,guided_exp
10:22:01.881,1,0.000812,1.515526,-0.489665,guided_exp
10:22:01.964,2,-1.964182,1.402309,-1.920642,guided_exp
10:22:01.964,1,0.022987,1.513169,-0.49759,guided_exp
10:22:02.047,2,-1.96449,1.403397,-1.920489,guided_exp
10:22:02.047,1,-0.003446,1.512061,-0.444848,guided_exp
10:22:02.131,2,-1.964434,1.406359,-1.920112,guided_exp
10:22:02.131,1,-0.000401,1.510036,-0.456949,guided_exp
10:22:02.214,2,-1.958166,1.406164,-1.919703,guided_exp
10:22:02.214,1,-0.025782,1.510199,-0.456249,guided_exp
10:22:02.347,2,-1.946184,1.403002,-1.914551,guided_exp
10:22:02.347,1,0.005742,1.509173,-0.393854,guided_exp
10:22:02.431,2,-1.935374,1.399545,-1.908908,guided_exp
10:22:02.431,1,-0.023627,1.505105,-0.486556,guided_exp
10:22:02.514,2,-1.906915,1.406927,-1.893326,guided_exp
10:22:02.514,1,-0.011363,1.503669,-0.415894,guided_exp
10:22:02.647,2,-1.819193,1.410309,-1.863366,guided_exp
10:22:02.647,1,-0.030865,1.501562,-0.468438,guided_exp
10:22:02.733,2,-1.779575,1.419688,-1.850085,guided_exp
10:22:02.733,1,-0.051518,1.502114,-0.505894,guided_exp
10:22:02.814,2,-1.720451,1.423214,-1.829329,guided_exp
10:22:02.814,1,-0.010617,1.501049,-0.412532,guided_exp
10:22:02.897,2,-1.680686,1.424143,-1.816739,guided_exp
10:22:02.899,1,-0.01377,1.502006,-0.462793,guided_exp
10:22:02.981,2,-1.617634,1.422505,-1.79984,guided_exp
10:22:02.981,1,-0.016986,1.5006,-0.521646,guided_exp
10:22:03.065,2,-1.592059,1.421118,-1.790898,guided_exp
10:22:03.065,1,0.01666,1.50036,-0.456369,guided_exp
10:22:03.165,2,-1.539161,1.420196,-1.781617,guided_exp
10:22:03.165,1,-0.07451,1.501689,-0.447457,guided_exp
10:22:03.247,2,-1.499421,1.419311,-1.771925,guided_exp
10:22:03.247,1,0.01331,1.503126,-0.422538,guided_exp
10:22:03.397,2,-1.445633,1.417989,-1.755826,guided_exp
10:22:03.397,1,-0.01061,1.509034,-0.455929,guided_exp
10:22:03.498,2,-1.406383,1.417306,-1.736888,guided_exp
10:22:03.498,1,0.01618,1.509029,-0.461682,guided_exp
10:22:03.597,2,-1.353675,1.416138,-1.709301,guided_exp
10:22:03.597,1,-0.021012,1.506076,-0.459534,guided_exp
10:22:03.681,2,-1.309747,1.415896,-1.671578,guided_exp
10:22:03.681,1,0.004795,1.514916,-0.342499,guided_exp
10:22:03.781,2,-1.259439,1.415656,-1.646099,guided_exp
10:22:03.781,1,-0.01453,1.513586,-0.524548,guided_exp
10:22:03.882,2,-1.224883,1.414404,-1.626708,guided_exp
10:22:03.882,1,-0.002602,1.516123,-0.425635,guided_exp
10:22:03.981,2,-1.157573,1.41438,-1.58002,guided_exp
10:22:03.981,1,-0.036787,1.516144,-0.455036,guided_exp
10:22:04.082,2,-1.121923,1.414714,-1.575102,guided_exp
10:22:04.082,1,-0.026423,1.517276,-0.470285,guided_exp
10:22:04.181,2,-1.075308,1.414793,-1.560506,guided_exp
10:22:04.181,1,-0.033394,1.519814,-0.457272,guided_exp
10:22:04.281,2,-1.033276,1.414417,-1.57358,guided_exp
10:22:04.281,1,-0.048897,1.520723,-0.460463,guided_exp
10:22:04.381,2,-0.946761,1.414091,-1.561527,guided_exp
10:22:04.381,1,0.033164,1.52241,-0.424472,guided_exp
10:22:04.464,2,-0.903157,1.414256,-1.573274,guided_exp
10:22:04.548,2,-0.830834,1.521656,-1.592248,guided_exp
10:22:04.631,2,-0.821016,1.413721,-1.601995,guided_exp
10:22:04.714,2,-0.807167,1.523146,-1.611339,guided_exp
10:22:04.815,2,-0.761697,1.41301,-1.623168,guided_exp
10:22:04.915,2,-0.749449,1.522058,-1.630895,guided_exp
10:22:04.997,2,-0.722574,1.412484,-1.637511,guided_exp
10:22:05.081,2,-0.699737,1.523723,-1.638047,guided_exp
10:22:05.231,2,-0.690941,1.412207,-1.641098,guided_exp
10:22:05.332,2,-0.685691,1.523364,-1.64317,guided_exp
10:22:05.414,2,-0.678143,1.41172,-1.642034,guided_exp
10:22:05.564,2,-0.673519,1.52318,-1.644349,guided_exp
10:22:05.665,2,-0.672247,1.411338,-1.645811,guided_exp
10:22:05.747,2,-0.665217,1.523707,-1.645198,guided_exp
10:22:05.831,2,-0.665777,1.411775,-1.644783,guided_exp
10:22:05.914,2,-0.661209,1.522313,-1.645461,guided_exp
10:22:06.064,2,-0.662164,1.411244,-1.644783,guided_exp
10:22:06.197,2,-0.661998,1.522477,-1.644683,guided_exp
10:22:06.331,2,-0.665095,1.41141,-1.64547,guided_exp
10:22:06.464,2,-0.663638,1.522275,-1.646067,guided_exp
10:22:06.632,2,-0.66723,1.411939,-1.646109,guided_exp
10:22:06.731,2,-0.668179,1.522229,-1.646977,guided_exp
10:22:06.814,2,-0.672906,1.411353,-1.646722,guided_exp
10:22:06.964,2,-0.673976,1.522231,-1.647802,guided_exp
10:22:07.097,2,-0.671532,1.411374,-1.647378,guided_exp
10:22:07.181,2,-0.670009,1.520285,-1.647579,guided_exp
10:22:07.264,2,-0.669253,1.411634,-1.647288,guided_exp
10:22:07.348,2,-0.672035,1.520586,-1.647194,guided_exp
10:22:07.431,2,-0.67127,1.41146,-1.648483,guided_exp
10:22:07.581,2,-0.671211,1.518303,-1.649452,guided_exp
10:22:07.714,2,-0.672602,1.41071,-1.650129,guided_exp
10:22:07.847,2,-0.67261,1.521676,-1.649662,guided_exp
10:22:07.932,2,-0.673539,1.411051,-1.650723,guided_exp
10:22:08.014,2,-0.674116,1.520664,-1.650233,guided_exp
10:22:08.097,2,-0.672268,1.411039,-1.649212,guided_exp
10:22:08.181,2,-0.673711,1.520755,-1.648919,guided_exp
10:22:08.264,2,-0.675494,1.411444,-1.648698,guided_exp
10:22:08.397,2,-0.67699,1.520479,-1.647933,guided_exp
10:22:08.531,2,-0.678756,1.41158,-1.647922,guided_exp
10:22:08.681,2,-0.673708,1.52168,-1.650027,guided_exp
10:22:08.764,2,-0.672676,1.410608,-1.651391,guided_exp
10:22:08.848,2,-0.673078,1.521806,-1.651591,guided_exp
10:22:08.931,2,-0.673389,1.411192,-1.652653,guided_exp
10:22:09.065,2,-0.67427,1.522259,-1.653282,guided_exp
10:22:09.148,2,-0.675185,1.410334,-1.653807,guided_exp
10:22:09.248,2,-0.673899,1.521813,-1.653425,guided_exp
10:22:09.350,2,-0.675741,1.410598,-1.655211,guided_exp
10:22:09.431,2,-0.67421,1.521031,-1.655367,guided_exp
10:22:09.516,2,-0.677778,1.410964,-1.656012,guided_exp
10:22:09.598,2,-0.678747,1.521746,-1.656602,guided_exp
10:22:09.681,2,-0.678977,1.410364,-1.656968,guided_exp
10:22:09.764,2,-0.675894,1.520181,-1.656478,guided_exp
10:22:09.848,2,-0.677866,1.410544,-1.656378,guided_exp
10:22:09.931,2,-0.679704,1.52099,-1.65475,guided_exp
10:22:10.014,2,-0.679606,1.410254,-1.654562,guided_exp
10:22:10.114,2,-0.677161,1.522323,-1.654142,guided_exp
10:22:10.197,2,-0.678694,1.410482,-1.653645,guided_exp
10:22:10.282,2,-0.679409,1.521701,-1.65211,guided_exp
10:22:10.364,2,-0.678466,1.410957,-1.651772,guided_exp
10:22:10.447,2,-0.675555,1.522058,-1.651103,guided_exp
10:22:10.597,2,-0.675486,1.410921,-1.651437,guided_exp
10:22:10.681,2,-0.676808,1.521503,-1.651298,guided_exp
10:22:10.764,2,-0.677399,1.411011,-1.651006,guided_exp
10:22:10.897,2,-0.676258,1.520889,-1.650598,guided_exp
10:22:11.047,2,-0.678495,1.410802,-1.651052,guided_exp
10:22:11.150,2,-0.678601,1.520159,-1.651186,guided_exp
10:22:11.231,2,-0.67709,1.409823,-1.651814,guided_exp
10:22:11.316,2,-0.675378,1.521202,-1.651748,guided_exp
10:22:11.398,2,-0.676987,1.409733,-1.650791,guided_exp
10:22:11.481,2,-0.677496,1.521218,-1.651539,guided_exp
10:22:11.564,2,-0.678487,1.409594,-1.651307,guided_exp
10:22:11.648,2,-0.680948,1.522964,-1.651907,guided_exp
10:22:11.749,2,-0.682961,1.409885,-1.652586,guided_exp
10:22:11.831,2,-0.68299,1.525641,-1.652747,guided_exp
10:22:11.914,2,-0.683947,1.410453,-1.652872,guided_exp
10:22:11.998,2,-0.680476,1.524156,-1.655752,guided_exp
10:22:12.165,2,-0.682309,1.410281,-1.660234,guided_exp
10:22:12.248,2,-0.682023,1.525261,-1.663103,guided_exp
10:22:12.365,2,-0.693004,1.417927,-1.66179,guided_exp
10:22:12.464,2,-0.695324,1.519827,-1.667321,guided_exp
10:22:12.548,2,-0.693165,1.419158,-1.671605,guided_exp
10:22:12.631,2,-0.689026,1.521108,-1.66648,guided_exp
10:22:12.731,2,-0.688561,1.421594,-1.665493,guided_exp
10:22:12.814,2,-0.687496,1.523903,-1.663945,guided_exp
10:22:12.898,2,-0.681933,1.422334,-1.661422,guided_exp
10:22:12.981,2,-0.678961,1.527612,-1.661066,guided_exp
10:22:13.114,2,-0.685413,1.42337,-1.659324,guided_exp
10:22:13.198,2,-0.684601,1.526958,-1.659407,guided_exp
10:22:13.282,2,-0.684859,1.416455,-1.659356,guided_exp
10:22:13.364,2,-0.68114,1.528193,-1.659679,guided_exp
10:22:13.448,2,-0.682122,1.424897,-1.659029,guided_exp
10:22:13.532,2,-0.678905,1.529726,-1.657608,guided_exp
10:22:13.615,2,-0.678742,1.428826,-1.657511,guided_exp
10:22:13.715,2,-0.676392,1.529347,-1.657051,guided_exp
10:22:13.798,2,-0.684025,1.439007,-1.661179,guided_exp
10:22:13.965,2,-0.683894,1.524026,-1.660887,guided_exp
10:22:14.048,2,-0.681591,1.448645,-1.661254,guided_exp
10:22:14.181,2,-0.688216,1.524051,-1.661233,guided_exp
10:22:14.282,2,-0.684766,1.447881,-1.662706,guided_exp
10:22:14.364,2,-0.685423,1.52621,-1.662559,guided_exp
10:22:14.449,2,-0.683641,1.446325,-1.661555,guided_exp
10:22:14.531,2,-0.683943,1.525522,-1.661054,guided_exp
10:22:14.614,2,-0.683151,1.440768,-1.661236,guided_exp
10:22:14.717,2,-0.683691,1.526504,-1.661673,guided_exp
10:22:14.798,2,-0.686263,1.440442,-1.660775,guided_exp
10:22:14.881,2,-0.685033,1.528093,-1.660934,guided_exp
10:22:14.966,2,-0.689538,1.43872,-1.662297,guided_exp
10:22:15.065,2,-0.688065,1.522848,-1.662093,guided_exp
10:22:15.148,2,-0.688297,1.437022,-1.662015,guided_exp
10:22:15.232,2,-0.686236,1.525465,-1.662121,guided_exp
10:22:15.314,2,-0.68603,1.436483,-1.661797,guided_exp
10:22:15.398,2,-0.686115,1.526107,-1.66179,guided_exp
10:22:15.481,2,-0.688913,1.436752,-1.662996,guided_exp
10:22:15.565,2,-0.68412,1.523614,-1.662543,guided_exp
10:22:15.666,2,-0.68558,1.436292,-1.662717,guided_exp
10:22:15.748,2,-0.6819,1.515628,-1.663657,guided_exp
10:22:15.831,2,-0.683246,1.435806,-1.664469,guided_exp
10:22:15.914,2,-0.685773,1.513195,-1.663995,guided_exp
10:22:16.000,2,-0.687325,1.435803,-1.663385,guided_exp
10:22:16.081,2,-0.685145,1.500347,-1.664248,guided_exp
10:22:16.165,2,-0.684468,1.435713,-1.664164,guided_exp
10:22:16.248,2,-0.68389,1.491877,-1.664367,guided_exp
10:22:16.332,2,-0.681604,1.435577,-1.665733,guided_exp
10:22:16.414,2,-0.683516,1.486961,-1.665718,guided_exp
10:22:16.500,2,-0.680927,1.43469,-1.66478,guided_exp
10:22:16.581,2,-0.687238,1.492495,-1.663544,guided_exp
10:22:16.748,2,-0.68546,1.433727,-1.664197,guided_exp
10:22:16.848,2,-0.685143,1.499241,-1.664594,guided_exp
10:22:16.931,2,-0.682648,1.433755,-1.664358,guided_exp
10:22:17.016,2,-0.684995,1.489982,-1.664773,guided_exp
10:22:17.098,2,-0.685276,1.433248,-1.66521,guided_exp
10:22:17.282,2,-0.6846,1.490258,-1.665895,guided_exp
10:22:17.364,2,-0.683035,1.433728,-1.664891,guided_exp
10:22:17.532,2,-0.682079,1.479805,-1.664277,guided_exp
10:22:17.633,2,-0.683102,1.434894,-1.664448,guided_exp
10:22:18.381,2,-0.683153,1.47196,-1.663901,guided_exp
10:22:18.533,2,-0.679989,1.435042,-1.66817,guided_exp
10:22:18.633,2,-0.686005,1.469793,-1.668592,guided_exp
10:22:18.714,2,-0.686455,1.435975,-1.669328,guided_exp
10:22:18.814,2,-0.684779,1.457477,-1.669812,guided_exp
10:22:18.915,2,-0.683762,1.436563,-1.671476,guided_exp
10:22:19.016,2,-0.683929,1.469265,-1.673833,guided_exp
10:22:19.098,2,-0.719812,1.436999,-1.689904,guided_exp
10:22:19.181,2,-0.714475,0.781348,-1.666453,guided_exp
10:22:19.264,2,-0.723836,1.437289,-1.663248,guided_exp
10:22:19.348,2,-0.746518,0.755616,-1.675276,guided_exp
10:22:19.431,2,-0.796243,1.437755,-1.702221,guided_exp
10:22:19.515,2,-0.839654,0.332132,-1.733486,guided_exp
10:22:19.598,2,-0.929139,1.438162,-1.775576,guided_exp
10:22:19.681,2,-1.059662,0.222524,-1.867146,guided_exp
10:22:19.765,2,-1.135579,1.438535,-1.912699,guided_exp
10:22:19.848,2,-1.229051,0.200791,-1.953928,guided_exp
10:22:19.948,2,-1.315674,1.438604,-1.975104,guided_exp
10:22:20.031,2,-1.385737,0.200791,-1.99021,guided_exp
10:22:20.116,2,-1.430808,1.439709,-1.996797,guided_exp
10:22:20.198,2,-1.526727,0.200791,-1.991186,guided_exp
10:22:20.283,2,-1.592223,1.440398,-1.989608,guided_exp
10:22:20.365,2,-1.679329,0.200791,-1.998107,guided_exp
10:22:20.448,2,-1.73674,1.440702,-2.003454,guided_exp
10:22:20.548,2,-1.810651,0.200791,-2.012669,guided_exp
10:22:20.648,2,-1.878061,1.440648,-2.028906,guided_exp
10:22:20.731,2,-1.971944,0.200791,-2.057805,guided_exp
10:22:20.814,2,-2.022364,1.440555,-2.072545,guided_exp
10:22:20.914,2,-2.106388,0.200791,-2.111135,guided_exp
10:22:21.015,2,-2.188953,1.440777,-2.161915,guided_exp
10:22:21.098,2,-2.238037,0.200791,-2.19202,guided_exp
10:22:21.248,2,-2.286429,1.440335,-2.22562,guided_exp
10:22:21.398,2,-2.323395,0.200791,-2.252587,guided_exp
10:22:21.481,2,-2.330984,1.440567,-2.26102,guided_exp
10:22:21.565,2,-2.34082,0.200791,-2.26982,guided_exp
10:22:21.648,2,-2.345869,1.439823,-2.272616,guided_exp
10:22:21.732,2,-2.350459,0.200791,-2.27589,guided_exp
10:22:21.832,2,-2.354947,1.439553,-2.277772,guided_exp
10:22:21.932,2,-2.356306,0.200791,-2.279214,guided_exp
10:22:22.014,2,-2.355015,1.438174,-2.279729,guided_exp
10:22:22.148,2,-2.343106,0.200791,-2.277868,guided_exp
10:22:22.250,2,-2.330356,1.442447,-2.275044,guided_exp
10:22:22.350,2,-2.317525,1.437453,-2.272847,guided_exp
10:22:22.431,2,-2.309706,0.200791,-2.269097,guided_exp
10:22:22.515,2,-2.305482,1.400865,-2.267134,guided_exp
10:22:22.598,2,-2.291145,1.435972,-2.262289,guided_exp
10:22:22.748,2,-2.281612,0.200791,-2.25915,guided_exp
10:22:22.898,2,-2.272417,1.347888,-2.257636,guided_exp
10:22:22.898,1,-1.112002,1.436149,-1.717993,guided_exp
10:22:22.981,2,-2.267323,0.200791,-2.258439,guided_exp
10:22:22.982,1,-1.115557,1.290342,-1.722116,guided_exp
10:22:23.065,2,-2.261672,1.43636,-2.260452,guided_exp
10:22:23.065,1,-1.122522,0.200791,-1.733623,guided_exp
10:22:23.149,2,-2.256259,1.293178,-2.264402,guided_exp
10:22:23.149,1,-1.128674,1.435783,-1.743572,guided_exp
10:22:23.231,2,-2.251492,0.200791,-2.266975,guided_exp
10:22:23.232,1,-1.127438,1.277291,-1.748632,guided_exp
10:22:23.314,2,-2.248694,1.436405,-2.269217,guided_exp
10:22:23.315,1,-1.126886,0.200791,-1.751776,guided_exp
10:22:23.398,2,-2.243879,1.275918,-2.271501,guided_exp
10:22:23.398,1,-1.122435,1.436645,-1.753062,guided_exp
10:22:23.481,2,-2.240526,0.200791,-2.272007,guided_exp
10:22:23.481,1,-1.120814,0.763472,-1.757102,guided_exp
10:22:23.582,2,-2.235092,1.436276,-2.274391,guided_exp
10:22:23.582,1,-1.118195,0.200791,-1.760822,guided_exp
10:22:23.682,2,-2.229594,0.511931,-2.278427,guided_exp
10:22:23.682,1,-1.11409,1.436833,-1.762223,guided_exp
10:22:23.783,2,-2.226095,0.200791,-2.280256,guided_exp
10:22:23.784,1,-1.110607,0.523415,-1.761612,guided_exp
10:22:23.864,2,-2.22455,1.436594,-2.280637,guided_exp
10:22:23.864,1,-1.108403,0.200791,-1.76261,guided_exp
10:22:23.948,2,-2.223496,0.606023,-2.281298,guided_exp
10:22:23.948,1,-1.110779,1.43621,-1.763171,guided_exp
10:22:24.031,2,-2.22273,0.612734,-2.281354,guided_exp
10:22:24.031,1,-1.116386,1.436552,-1.763488,guided_exp
10:22:24.115,2,-2.221612,0.461303,-2.281161,guided_exp
10:22:24.116,1,-1.116553,1.436643,-1.764983,guided_exp
10:22:24.214,2,-2.220279,0.500417,-2.281237,guided_exp
10:22:24.215,1,-1.119396,1.436447,-1.770092,guided_exp
10:22:24.317,2,-2.220569,0.522578,-2.281165,guided_exp
10:22:24.317,1,-1.118349,1.43677,-1.774062,guided_exp
10:22:24.415,2,-2.220361,0.537928,-2.280902,guided_exp
10:22:24.416,1,-1.118984,1.436844,-1.775134,guided_exp
10:22:24.498,2,-2.220753,0.638198,-2.280847,guided_exp
10:22:24.498,1,-1.119701,1.43731,-1.775923,guided_exp
10:22:24.581,2,-2.220549,0.509928,-2.280912,guided_exp
10:22:24.581,1,-1.114873,1.437891,-1.77801,guided_exp
10:22:24.667,2,-2.220756,0.495426,-2.280777,guided_exp
10:22:24.667,1,-1.116697,1.438076,-1.77734,guided_exp
10:22:24.748,2,-2.220709,0.513075,-2.280822,guided_exp
10:22:24.748,1,-1.11797,1.43821,-1.778529,guided_exp
10:22:24.831,2,-2.220825,0.704784,-2.280634,guided_exp
10:22:24.831,1,-1.118281,1.438119,-1.779023,guided_exp
10:22:24.915,2,-2.221126,0.544088,-2.280194,guided_exp
10:22:24.915,1,-1.116887,1.437962,-1.780233,guided_exp
10:22:24.998,2,-2.221108,0.532618,-2.280019,guided_exp
10:22:24.998,1,-1.117006,1.437947,-1.780621,guided_exp
10:22:25.081,2,-2.221113,0.513302,-2.27966,guided_exp
10:22:25.082,1,-1.116588,1.438585,-1.781588,guided_exp
10:22:25.164,2,-2.221663,0.506965,-2.279168,guided_exp
10:22:25.165,1,-1.114728,1.437872,-1.787527,guided_exp
10:22:25.249,2,-2.221326,0.458251,-2.278832,guided_exp
10:22:25.250,1,-1.115703,1.437773,-1.78647,guided_exp
10:22:25.349,2,-2.22073,0.396754,-2.277999,guided_exp
10:22:25.350,1,-1.113605,1.437872,-1.78695,guided_exp
10:22:25.449,2,-2.220329,0.519292,-2.277729,guided_exp
10:22:25.449,1,-1.113866,1.437742,-1.786615,guided_exp
10:22:25.549,2,-2.220776,0.464494,-2.277228,guided_exp
10:22:25.549,1,-1.112824,1.437822,-1.786908,guided_exp
10:22:25.631,2,-2.220632,0.51575,-2.276418,guided_exp
10:22:25.631,1,-1.111682,1.437635,-1.787057,guided_exp
10:22:25.715,2,-2.220513,0.481461,-2.276235,guided_exp
10:22:25.715,1,-1.107683,1.437865,-1.789414,guided_exp
10:22:25.817,2,-2.22117,0.510052,-2.275325,guided_exp
10:22:25.817,1,-1.107912,1.437899,-1.789764,guided_exp
10:22:25.916,2,-2.220945,0.505302,-2.275101,guided_exp
10:22:25.917,1,-1.108015,1.437166,-1.78956,guided_exp
10:22:25.998,2,-2.221686,0.620308,-2.274334,guided_exp
10:22:25.998,1,-1.108087,1.437047,-1.789412,guided_exp
10:22:26.081,2,-2.222012,0.622419,-2.272737,guided_exp
10:22:26.082,1,-1.108628,1.436973,-1.789354,guided_exp
10:22:26.182,2,-2.223343,0.632165,-2.272208,guided_exp
10:22:26.182,1,-1.109442,1.436232,-1.787823,guided_exp
10:22:26.264,2,-2.224703,0.62904,-2.268979,guided_exp
10:22:26.265,1,-1.110546,1.436217,-1.786718,guided_exp
10:22:26.348,2,-2.227767,0.514401,-2.268123,guided_exp
10:22:26.348,1,-1.113055,1.436506,-1.784401,guided_exp
10:22:26.431,2,-2.231658,0.577934,-2.265428,guided_exp
10:22:26.432,1,-1.116334,1.436727,-1.781942,guided_exp
10:22:26.514,2,-2.235953,0.459905,-2.263322,guided_exp
10:22:26.515,1,-1.116822,1.437865,-1.778732,guided_exp
10:22:26.615,2,-2.23935,0.505398,-2.261769,guided_exp
10:22:26.615,1,-1.115417,1.43805,-1.778366,guided_exp
10:22:26.698,2,-2.241554,0.469576,-2.260896,guided_exp
10:22:26.698,1,-1.115199,1.438368,-1.778477,guided_exp
10:22:26.781,2,-2.242438,0.575495,-2.260304,guided_exp
10:22:26.782,1,-1.114741,1.438767,-1.777475,guided_exp
10:22:26.882,2,-2.244472,0.48151,-2.258769,guided_exp
10:22:26.882,1,-1.114877,1.438856,-1.775948,guided_exp
10:22:26.982,2,-2.246235,0.491976,-2.257885,guided_exp
10:22:26.983,1,-1.114969,1.438605,-1.774826,guided_exp
10:22:27.064,2,-2.247246,0.587231,-2.257286,guided_exp
10:22:27.065,1,-1.115063,1.439048,-1.77346,guided_exp
10:22:27.150,2,-2.247949,0.527643,-2.256894,guided_exp
10:22:27.150,1,-1.114571,1.439076,-1.773697,guided_exp
10:22:27.249,2,-2.24852,0.434653,-2.256065,guided_exp
10:22:27.249,1,-1.115759,1.439235,-1.771806,guided_exp
10:22:27.350,2,-2.249235,0.613425,-2.254495,guided_exp
10:22:27.351,1,-1.119556,1.439478,-1.769701,guided_exp
10:22:27.450,2,-2.249822,0.443564,-2.254081,guided_exp
10:22:27.451,1,-1.122109,1.441142,-1.768664,guided_exp
10:22:27.549,2,-2.250166,0.440803,-2.252967,guided_exp
10:22:27.549,1,-1.124808,1.443755,-1.767573,guided_exp
10:22:27.649,2,-2.250335,0.524414,-2.252452,guided_exp
10:22:27.649,1,-1.125659,1.445451,-1.765447,guided_exp
10:22:27.731,2,-2.250553,0.409146,-2.251665,guided_exp
10:22:27.731,1,-1.125735,1.44291,-1.764933,guided_exp
10:22:27.814,2,-2.250422,0.63831,-2.250602,guided_exp
10:22:27.815,1,-1.12545,1.436518,-1.76522,guided_exp
10:22:27.917,2,-2.250236,0.41611,-2.249221,guided_exp
10:22:27.917,1,-1.126885,1.419482,-1.76429,guided_exp
10:22:28.099,2,-2.250232,0.49149,-2.247582,guided_exp
10:22:28.099,1,-1.127313,1.415839,-1.769681,guided_exp
10:22:28.231,2,-2.250263,0.557923,-2.246062,guided_exp
10:22:28.232,1,-1.125489,1.412841,-1.7641,guided_exp
10:22:28.348,2,-2.249651,0.566891,-2.244691,guided_exp
10:22:28.348,1,-1.125305,1.411668,-1.764261,guided_exp
10:22:28.432,2,-2.249898,0.513033,-2.2426,guided_exp
10:22:28.432,1,-1.122737,1.413022,-1.761628,guided_exp
10:22:28.532,2,-2.249959,0.622685,-2.242576,guided_exp
10:22:28.532,1,-1.122362,1.411302,-1.760449,guided_exp
10:22:28.633,2,-2.25052,0.479596,-2.241562,guided_exp
10:22:28.634,1,-1.122286,1.413151,-1.760298,guided_exp
10:22:28.733,2,-2.250931,0.244733,-2.240748,guided_exp
10:22:28.734,1,-1.121128,1.41487,-1.758398,guided_exp
10:22:28.832,2,-2.251881,0.506888,-2.23963,guided_exp
10:22:28.833,1,-1.122086,1.401114,-1.757319,guided_exp
10:22:28.914,2,-2.252713,0.430674,-2.238584,guided_exp
10:22:28.915,1,-1.124358,1.392838,-1.758717,guided_exp
10:22:28.998,2,-2.253273,0.481348,-2.238086,guided_exp
10:22:28.998,1,-1.123454,1.383652,-1.758097,guided_exp
10:22:29.098,2,-2.254033,0.4877,-2.23748,guided_exp
10:22:29.098,1,-1.12369,1.388496,-1.75784,guided_exp
10:22:29.181,2,-2.254968,0.43436,-2.237101,guided_exp
10:22:29.181,1,-1.126152,1.388583,-1.756767,guided_exp
10:22:29.264,2,-2.25619,0.582698,-2.236788,guided_exp
10:22:29.265,1,-1.125971,1.390587,-1.755858,guided_exp
10:22:29.348,2,-2.256325,0.402408,-2.23656,guided_exp
10:22:29.348,1,-1.125794,1.393659,-1.755823,guided_exp
10:22:29.449,2,-2.256428,0.484606,-2.236466,guided_exp
10:22:29.449,1,-1.12603,1.393194,-1.755425,guided_exp
10:22:29.531,2,-2.257226,0.478865,-2.236463,guided_exp
10:22:29.531,1,-1.125403,1.393813,-1.753861,guided_exp
10:22:29.614,2,-2.257452,0.4906,-2.236347,guided_exp
10:22:29.615,1,-1.124781,1.378792,-1.753739,guided_exp
10:22:29.698,2,-2.258177,0.540037,-2.235914,guided_exp
10:22:29.698,1,-1.124545,1.391654,-1.753118,guided_exp
10:22:29.799,2,-2.258343,0.459226,-2.236033,guided_exp
10:22:29.800,1,-1.124597,1.385459,-1.753441,guided_exp
10:22:29.881,2,-2.258613,1.656949,-2.236017,guided_exp
10:22:29.881,1,-1.126109,1.388585,-1.752172,guided_exp
10:22:29.965,2,-2.2579,0.990671,-2.237133,guided_exp
10:22:29.966,1,-1.126364,1.388062,-1.751637,guided_exp
10:22:30.048,2,-2.257476,1.355976,-2.237418,guided_exp
10:22:30.048,1,-1.123707,1.389239,-1.75186,guided_exp
10:22:30.132,2,-2.25831,1.355976,-2.236205,guided_exp
10:22:30.132,1,-1.122465,1.384917,-1.747469,guided_exp
10:22:30.215,2,-2.258223,1.355976,-2.23654,guided_exp
10:22:30.215,1,-1.124396,1.382868,-1.749161,guided_exp
10:22:30.298,2,-2.258207,1.355976,-2.235891,guided_exp
10:22:30.298,1,-1.127781,1.385863,-1.749756,guided_exp
10:22:30.381,2,-2.257076,1.355976,-2.236764,guided_exp
10:22:30.381,1,-1.128471,1.38172,-1.750849,guided_exp
10:22:30.483,2,-2.258137,1.355976,-2.235771,guided_exp
10:22:30.483,1,-1.130934,1.381674,-1.753482,guided_exp
10:22:30.582,2,-2.258344,1.355976,-2.234629,guided_exp
10:22:30.583,1,-1.13155,1.380673,-1.75424,guided_exp
10:22:30.664,2,-2.256749,1.355976,-2.235902,guided_exp
10:22:30.664,1,-1.131236,1.380775,-1.75655,guided_exp
10:22:30.750,2,-2.257114,1.355976,-2.235201,guided_exp
10:22:30.750,1,-1.13162,1.380272,-1.756928,guided_exp
10:22:30.849,2,-2.257275,1.355976,-2.233746,guided_exp
10:22:30.849,1,-1.132357,1.379068,-1.75923,guided_exp
10:22:30.931,2,-2.257764,1.355976,-2.232423,guided_exp
10:22:30.931,1,-1.131074,1.378606,-1.761764,guided_exp
10:22:31.015,2,-2.257924,1.355976,-2.232028,guided_exp
10:22:31.016,1,-1.133183,1.379641,-1.766917,guided_exp
10:22:31.098,2,-2.258068,1.355976,-2.230962,guided_exp
10:22:31.098,1,-1.133848,1.378947,-1.76987,guided_exp
10:22:31.183,2,-2.258894,1.355976,-2.229661,guided_exp
10:22:31.183,1,-1.134393,1.377665,-1.77005,guided_exp
10:22:31.264,2,-2.25901,1.355976,-2.229304,guided_exp
10:22:31.265,1,-1.134085,1.377421,-1.772838,guided_exp
10:22:31.349,2,-2.259884,1.355976,-2.228579,guided_exp
10:22:31.349,1,-1.133766,1.377925,-1.773543,guided_exp
10:22:31.449,2,-2.262277,1.355976,-2.227815,guided_exp
10:22:31.449,1,-1.13338,1.377291,-1.775214,guided_exp
10:22:31.531,2,-2.265985,1.355976,-2.227541,guided_exp
10:22:31.531,1,-1.132461,1.376536,-1.775965,guided_exp
10:22:31.615,2,-2.270041,1.355976,-2.226071,guided_exp
10:22:31.616,1,-1.128127,1.375873,-1.776825,guided_exp
10:22:31.698,2,-2.274198,1.355976,-2.224223,guided_exp
10:22:31.698,1,-1.12468,1.37776,-1.777037,guided_exp
10:22:31.783,2,-2.282156,1.355976,-2.221497,guided_exp
10:22:31.783,1,-1.118093,1.377773,-1.777803,guided_exp
10:22:31.864,2,-2.288478,1.355976,-2.220144,guided_exp
10:22:31.865,1,-1.106584,1.378128,-1.775483,guided_exp
10:22:31.949,2,-2.291956,1.377469,-2.219522,guided_exp
10:22:31.949,1,-1.100015,1.377875,-1.774394,guided_exp
10:22:32.049,2,-2.29746,1.378482,-2.218505,guided_exp
10:22:32.049,1,-1.067966,1.377918,-1.766639,guided_exp
10:22:32.131,2,-2.300217,1.377757,-2.216962,guided_exp
10:22:32.131,1,-1.047795,1.378036,-1.756264,guided_exp
10:22:32.214,2,-2.30121,1.377196,-2.216323,guided_exp
10:22:32.215,1,-1.031795,1.37725,-1.746868,guided_exp
10:22:32.348,2,-2.30169,1.377884,-2.215829,guided_exp
10:22:32.348,1,-0.987036,1.377635,-1.729813,guided_exp
10:22:32.431,2,-2.302028,1.377198,-2.21574,guided_exp
10:22:32.431,1,-0.977276,1.377682,-1.724683,guided_exp
10:22:32.514,2,-2.302005,1.378413,-2.216642,guided_exp
10:22:32.515,1,-0.963416,1.380507,-1.720181,guided_exp
10:22:32.599,2,-2.301593,1.379895,-2.216762,guided_exp
10:22:32.600,1,-0.942268,1.378851,-1.710704,guided_exp
10:22:32.681,2,-2.301524,1.378438,-2.216593,guided_exp
10:22:32.681,1,-0.93861,1.377074,-1.710002,guided_exp
10:22:32.814,2,-2.300888,1.377338,-2.216419,guided_exp
10:22:32.815,1,-0.924044,1.378466,-1.701425,guided_exp
10:22:32.898,2,-2.300921,1.378215,-2.216386,guided_exp
10:22:32.898,1,-0.925112,1.377591,-1.701437,guided_exp
10:22:32.981,2,-2.300633,1.377353,-2.216408,guided_exp
10:22:32.981,1,-0.92722,1.376908,-1.702192,guided_exp
10:22:33.064,2,-2.300487,1.376561,-2.216304,guided_exp
10:22:33.065,1,-0.932683,1.376266,-1.703003,guided_exp
10:22:33.148,2,-2.30023,1.37763,-2.215807,guided_exp
10:22:33.148,1,-0.937132,1.378016,-1.701639,guided_exp
10:22:33.231,2,-2.301485,1.377878,-2.215823,guided_exp
10:22:33.231,1,-0.949491,1.378026,-1.699679,guided_exp
10:22:33.314,2,-2.301989,1.378097,-2.21582,guided_exp
10:22:33.315,1,-1.005345,1.378701,-1.691615,guided_exp
10:22:33.399,2,-2.30205,1.377574,-2.215992,guided_exp
10:22:33.400,1,-1.046091,1.377962,-1.693187,guided_exp
10:22:33.498,2,-2.303387,1.377857,-2.214772,guided_exp
10:22:33.498,1,-1.108854,1.376798,-1.691033,guided_exp
10:22:33.581,2,-2.304039,1.37686,-2.213429,guided_exp
10:22:33.581,1,-1.181962,1.37739,-1.696194,guided_exp
10:22:33.664,2,-2.304706,1.377232,-2.213587,guided_exp
10:22:33.665,1,-1.221695,1.377953,-1.6947,guided_exp
10:22:33.748,2,-2.304991,1.378074,-2.213073,guided_exp
10:22:33.748,1,-1.249123,1.379314,-1.694093,guided_exp
10:22:33.831,2,-2.306605,1.379893,-2.211396,guided_exp
10:22:33.831,1,-1.278286,1.379683,-1.690957,guided_exp
10:22:33.914,2,-2.314107,1.379322,-2.207668,guided_exp
10:22:33.915,1,-1.304407,1.379342,-1.688772,guided_exp
10:22:33.998,2,-2.321855,1.380363,-2.200174,guided_exp
10:22:33.998,1,-1.321209,1.380501,-1.685351,guided_exp
10:22:34.081,2,-2.327052,1.381767,-2.194381,guided_exp
10:22:34.081,1,-1.342781,1.381909,-1.680369,guided_exp
10:22:34.164,2,-2.341069,1.382515,-2.186399,guided_exp
10:22:34.165,1,-1.35747,1.381719,-1.676327,guided_exp
10:22:34.248,2,-2.344223,1.382687,-2.184185,guided_exp
10:22:34.248,1,-1.363544,1.380619,-1.674675,guided_exp
10:22:34.331,2,-2.354059,1.379811,-2.179615,guided_exp
10:22:34.331,1,-1.376065,1.377528,-1.672495,guided_exp
10:22:34.414,2,-2.376086,1.380239,-2.170923,guided_exp
10:22:34.415,1,-1.387256,1.381851,-1.66887,guided_exp
10:22:34.498,2,-2.386113,1.383562,-2.157749,guided_exp
10:22:34.498,1,-1.395348,1.382072,-1.66599,guided_exp
10:22:34.581,2,-2.390018,1.379547,-2.135457,guided_exp
10:22:34.581,1,-1.401665,1.379617,-1.663795,guided_exp
10:22:34.664,2,-2.401934,1.378959,-2.063527,guided_exp
10:22:34.665,1,-1.410457,1.379026,-1.661274,guided_exp
10:22:34.798,2,-2.390835,1.379698,-1.976905,guided_exp
10:22:34.798,1,-1.414382,1.3797,-1.660085,guided_exp
10:22:34.882,2,-2.400246,1.380936,-1.936735,guided_exp
10:22:34.882,1,-1.419165,1.380684,-1.659824,guided_exp
10:22:34.964,2,-2.399143,1.380123,-1.915221,guided_exp
10:22:34.965,1,-1.424012,1.378617,-1.660284,guided_exp
10:22:35.049,2,-2.365647,1.379797,-1.894817,guided_exp
10:22:35.049,1,-1.421593,1.379287,-1.662346,guided_exp
10:22:35.149,2,-2.352056,1.377683,-1.865411,guided_exp
10:22:35.149,1,-1.427275,1.377108,-1.663846,guided_exp
10:22:35.249,2,-2.380493,1.377867,-1.831523,guided_exp
10:22:35.250,1,-1.430723,1.378194,-1.664377,guided_exp
10:22:35.349,2,-2.366489,1.377449,-1.806167,guided_exp
10:22:35.349,1,-1.434665,1.377676,-1.666667,guided_exp
10:22:35.431,2,-2.376135,1.377606,-1.789059,guided_exp
10:22:35.431,1,-1.435073,1.378258,-1.668,guided_exp
10:22:35.514,2,-2.374419,1.378194,-1.768766,guided_exp
10:22:35.515,1,-1.435124,1.377554,-1.669258,guided_exp
10:22:35.598,2,-2.353938,1.378163,-1.764104,guided_exp
10:22:35.598,1,-1.436749,1.379974,-1.669539,guided_exp
10:22:35.683,2,-2.356303,1.378558,-1.760965,guided_exp
10:22:35.683,1,-1.437709,1.378382,-1.670076,guided_exp
10:22:35.764,2,-2.356126,1.378353,-1.761514,guided_exp
10:22:35.765,1,-1.437286,1.377203,-1.669157,guided_exp
10:22:35.849,2,-2.357837,1.376975,-1.762216,guided_exp
10:22:35.850,1,-1.437737,1.378478,-1.667467,guided_exp
10:22:35.949,2,-2.365811,1.377504,-1.760347,guided_exp
10:22:35.949,1,-1.437386,1.37615,-1.666597,guided_exp
10:22:36.049,2,-2.364552,1.378033,-1.767391,guided_exp
10:22:36.049,1,-1.437341,1.378702,-1.665156,guided_exp
10:22:36.148,2,-2.368025,1.37727,-1.764711,guided_exp
10:22:36.149,1,-1.437449,1.376631,-1.663385,guided_exp
10:22:36.249,2,-2.346998,1.376043,-1.784611,guided_exp
10:22:36.249,1,-1.436573,1.374758,-1.661305,guided_exp
10:22:36.331,2,-2.339617,1.374216,-1.802138,guided_exp
10:22:36.331,1,-1.437302,1.376065,-1.660372,guided_exp
10:22:36.416,2,-2.347421,1.376618,-1.811859,guided_exp
10:22:36.416,1,-1.436907,1.375111,-1.65979,guided_exp
10:22:36.498,2,-2.370328,1.374024,-1.880569,guided_exp
10:22:36.498,1,-1.436905,1.374928,-1.657334,guided_exp
10:22:36.582,2,-2.381768,1.373516,-1.894097,guided_exp
10:22:36.582,1,-1.44281,1.374289,-1.650639,guided_exp
10:22:36.664,2,-2.405575,1.374185,-1.945233,guided_exp
10:22:36.665,1,-1.446593,1.373401,-1.644716,guided_exp
10:22:36.748,2,-2.42511,1.373899,-1.895165,guided_exp
10:22:36.748,1,-1.448041,1.374991,-1.639502,guided_exp
10:22:36.849,2,-2.428979,1.375572,-1.919009,guided_exp
10:22:36.849,1,-1.420568,1.374143,-1.609693,guided_exp
10:22:36.931,2,-2.459065,1.375344,-1.959202,guided_exp
10:22:36.931,1,-1.407738,1.373839,-1.583853,guided_exp
10:22:37.016,2,-2.457042,1.375423,-1.967778,guided_exp
10:22:37.016,1,-1.402571,1.375954,-1.561148,guided_exp
10:22:37.098,2,-2.447039,1.386393,-1.975764,guided_exp
10:22:37.098,1,-1.374228,1.38939,-1.534438,guided_exp
10:22:37.181,2,-2.447101,1.419903,-1.979389,guided_exp
10:22:37.181,1,-1.362183,1.428893,-1.490629,guided_exp
10:22:37.264,2,-2.449049,1.423236,-1.991365,guided_exp
10:22:37.265,1,-1.365971,1.424693,-1.482678,guided_exp
10:22:37.398,2,-2.44723,1.419245,-1.99977,guided_exp
10:22:37.398,1,-1.370669,1.408995,-1.452629,guided_exp
10:22:37.481,2,-2.44599,1.409014,-2.002293,guided_exp
10:22:37.481,1,-1.374148,1.405306,-1.433787,guided_exp
10:22:37.564,2,-2.442745,1.420958,-2.007096,guided_exp
10:22:37.565,1,-1.369755,1.431723,-1.422339,guided_exp
10:22:37.648,2,-2.438438,1.430539,-2.009308,guided_exp
10:22:37.648,1,-1.371422,1.422415,-1.41489,guided_exp
10:22:37.731,2,-2.434868,1.411495,-2.012053,guided_exp
10:22:37.731,1,-1.371542,1.407297,-1.412318,guided_exp
10:22:37.864,2,-2.431705,1.424297,-2.013807,guided_exp
10:22:37.865,1,-1.375202,1.439141,-1.399189,guided_exp
10:22:37.949,2,-2.429972,1.439873,-2.013118,guided_exp
10:22:37.949,1,-1.376431,1.437413,-1.397327,guided_exp
10:22:38.049,2,-2.427351,1.425371,-2.013616,guided_exp
10:22:38.049,1,-1.37778,1.419529,-1.39378,guided_exp
10:22:38.149,2,-2.423624,1.421001,-2.01592,guided_exp
10:22:38.149,1,-1.379828,1.431476,-1.393249,guided_exp
10:22:38.231,2,-2.422142,1.441179,-2.017336,guided_exp
10:22:38.231,1,-1.386709,1.444785,-1.391208,guided_exp
10:22:38.315,2,-2.423425,1.444813,-2.017007,guided_exp
10:22:38.315,1,-1.392236,1.443749,-1.389595,guided_exp
10:22:38.398,2,-2.421814,1.444953,-2.017308,guided_exp
10:22:38.398,1,-1.397993,1.445835,-1.391041,guided_exp
10:22:38.481,2,-2.421999,1.44593,-2.017689,guided_exp
10:22:38.481,1,-1.403051,1.44701,-1.39318,guided_exp
10:22:38.565,2,-2.422379,1.448082,-2.018835,guided_exp
10:22:38.565,1,-1.407445,1.448461,-1.394934,guided_exp
10:22:38.648,2,-2.422718,1.448379,-2.019415,guided_exp
10:22:38.648,1,-1.411038,1.448034,-1.397746,guided_exp
10:22:38.731,2,-2.421113,1.446908,-2.022145,guided_exp
10:22:38.731,1,-1.416453,1.446154,-1.401625,guided_exp
10:22:38.814,2,-2.42122,1.445984,-2.022546,guided_exp
10:22:38.815,1,-1.41693,1.445045,-1.40441,guided_exp
10:22:38.898,2,-2.422106,1.443968,-2.02318,guided_exp
10:22:38.898,1,-1.419352,1.441967,-1.408789,guided_exp
10:22:38.982,2,-2.420952,1.466889,-2.024701,guided_exp
10:22:38.983,1,-1.421947,1.441144,-1.411125,guided_exp
10:22:39.064,2,-2.42145,1.468096,-2.024979,guided_exp
10:22:39.065,1,-1.426202,1.440421,-1.415985,guided_exp
10:22:39.149,2,-2.421806,1.472875,-2.025251,guided_exp
10:22:39.149,1,-1.426963,1.440559,-1.418995,guided_exp
10:22:39.249,2,-2.422053,1.472739,-2.025444,guided_exp
10:22:39.249,1,-1.430462,1.440396,-1.420979,guided_exp
10:22:39.331,2,-2.422488,1.473637,-2.025603,guided_exp
10:22:39.331,1,-1.431635,1.439667,-1.423707,guided_exp
10:22:39.417,2,-2.422779,1.473653,-2.025733,guided_exp
10:22:39.417,1,-1.433535,1.440098,-1.42624,guided_exp
10:22:39.516,2,-2.422827,1.462107,-2.025721,guided_exp
10:22:39.516,1,-1.433755,1.441414,-1.426048,guided_exp
10:22:39.598,2,-2.423068,1.462093,-2.025429,guided_exp
10:22:39.598,1,-1.433814,1.441817,-1.427967,guided_exp
10:22:39.681,2,-2.423038,1.463892,-2.025282,guided_exp
10:22:39.683,1,-1.434429,1.441502,-1.431773,guided_exp
10:22:39.764,2,-2.423101,1.460786,-2.025216,guided_exp
10:22:39.765,1,-1.435571,1.441967,-1.434316,guided_exp
10:22:39.898,2,-2.422941,1.459118,-2.025001,guided_exp
10:22:39.898,1,-1.438654,1.442187,-1.437138,guided_exp
10:22:39.981,2,-2.42286,1.459467,-2.024792,guided_exp
10:22:39.981,1,-1.439691,1.442324,-1.437862,guided_exp
10:22:40.064,2,-2.422802,1.462449,-2.024733,guided_exp
10:22:40.065,1,-1.441821,1.442545,-1.439633,guided_exp
10:22:40.149,2,-2.422647,1.463751,-2.024681,guided_exp
10:22:40.149,1,-1.444957,1.442525,-1.441004,guided_exp
10:22:40.249,2,-2.422341,1.46361,-2.024427,guided_exp
10:22:40.249,1,-1.44558,1.443067,-1.441259,guided_exp
10:22:40.348,2,-2.422262,1.467911,-2.024275,guided_exp
10:22:40.348,1,-1.445825,1.442873,-1.441525,guided_exp
10:22:40.431,2,-2.422004,1.466342,-2.024238,guided_exp
10:22:40.431,1,-1.446532,1.442768,-1.441507,guided_exp
10:22:40.515,2,-2.422034,1.470085,-2.024088,guided_exp
10:22:40.515,1,-1.446909,1.442447,-1.441096,guided_exp
10:22:40.598,2,-2.421711,1.472384,-2.023823,guided_exp
10:22:40.598,1,-1.448162,1.442376,-1.438594,guided_exp
10:22:40.683,2,-2.420555,1.469316,-2.024413,guided_exp
10:22:40.683,1,-1.448438,1.441997,-1.438391,guided_exp
10:22:40.781,2,-2.420427,1.469431,-2.024012,guided_exp
10:22:40.783,1,-1.448388,1.442004,-1.436429,guided_exp
10:22:40.864,2,-2.420293,1.471636,-2.023917,guided_exp
10:22:40.865,1,-1.449212,1.44194,-1.433431,guided_exp
10:22:40.949,2,-2.420191,1.472483,-2.023849,guided_exp
10:22:40.949,1,-1.449673,1.441852,-1.4318,guided_exp
10:22:41.049,2,-2.420172,1.472827,-2.023817,guided_exp
10:22:41.049,1,-1.449058,1.441833,-1.427049,guided_exp
10:22:41.149,2,-2.42018,1.472567,-2.023757,guided_exp
10:22:41.149,1,-1.443148,1.442026,-1.419582,guided_exp
10:22:41.249,2,-2.42015,1.472055,-2.023686,guided_exp
10:22:41.249,1,-1.441534,1.442033,-1.414473,guided_exp
10:22:41.349,2,-2.419995,1.471375,-2.023651,guided_exp
10:22:41.349,1,-1.439659,1.441988,-1.409312,guided_exp
10:22:41.449,2,-2.419923,1.471653,-2.023678,guided_exp
10:22:41.449,1,-1.436524,1.442464,-1.401484,guided_exp
10:22:41.548,2,-2.4193,1.470579,-2.024052,guided_exp
10:22:41.548,1,-1.429353,1.442233,-1.39161,guided_exp
10:22:41.631,2,-2.418397,1.471014,-2.024261,guided_exp
10:22:41.631,1,-1.426076,1.442269,-1.386297,guided_exp
10:22:41.715,2,-2.41857,1.470777,-2.024306,guided_exp
10:22:41.715,1,-1.421171,1.442607,-1.379177,guided_exp
10:22:41.798,2,-2.418609,1.470779,-2.024467,guided_exp
10:22:41.798,1,-1.41905,1.442532,-1.373479,guided_exp
10:22:41.881,2,-2.418414,1.470209,-2.024596,guided_exp
10:22:41.881,1,-1.416513,1.442761,-1.368622,guided_exp
10:22:41.983,2,-2.418857,1.469921,-2.024658,guided_exp
10:22:41.983,1,-1.416117,1.442632,-1.365554,guided_exp
10:22:42.082,2,-2.418782,1.469626,-2.024821,guided_exp
10:22:42.082,1,-1.407384,1.442774,-1.349809,guided_exp
10:22:42.165,2,-2.418175,1.469694,-2.024623,guided_exp
10:22:42.165,1,-1.404999,1.443342,-1.348318,guided_exp
10:22:42.248,2,-2.41725,1.469179,-2.024746,guided_exp
10:22:42.248,1,-1.404856,1.443227,-1.349584,guided_exp
10:22:42.331,2,-2.416525,1.468697,-2.024862,guided_exp
10:22:42.331,1,-1.403262,1.443787,-1.349497,guided_exp
10:22:42.415,2,-2.415927,1.468038,-2.025385,guided_exp
10:22:42.415,1,-1.402588,1.443422,-1.349763,guided_exp
10:22:42.548,2,-2.416632,1.468249,-2.025124,guided_exp
10:22:42.548,1,-1.399745,1.443557,-1.35033,guided_exp
10:22:42.632,2,-2.416746,1.468671,-2.025068,guided_exp
10:22:42.633,1,-1.399839,1.443902,-1.353633,guided_exp
10:22:42.732,2,-2.416277,1.46077,-2.024985,guided_exp
10:22:42.733,1,-1.430822,1.44393,-1.370951,guided_exp
10:22:42.814,2,-2.414533,1.458595,-2.02539,guided_exp
10:22:42.815,1,-1.43039,1.44447,-1.371654,guided_exp
10:22:42.898,2,-2.415155,1.457314,-2.025045,guided_exp
10:22:42.898,1,-1.4299,1.444845,-1.37262,guided_exp
10:22:42.981,2,-2.41537,1.456388,-2.024605,guided_exp
10:22:42.981,1,-1.429354,1.445194,-1.375462,guided_exp
10:22:43.065,2,-2.415394,1.455757,-2.024479,guided_exp
10:22:43.065,1,-1.429325,1.445469,-1.375825,guided_exp
10:22:43.148,2,-2.414202,1.455534,-2.024751,guided_exp
10:22:43.148,1,-1.422594,1.445852,-1.37565,guided_exp
10:22:43.232,2,-2.414526,1.455586,-2.024789,guided_exp
10:22:43.232,1,-1.421294,1.446027,-1.374621,guided_exp
10:22:43.332,2,-2.413117,1.455088,-2.025228,guided_exp
10:22:43.332,1,-1.422893,1.44641,-1.375364,guided_exp
10:22:43.432,2,-2.412584,1.455248,-2.025235,guided_exp
10:22:43.433,1,-1.422477,1.446658,-1.374589,guided_exp
10:22:43.531,2,-2.412389,1.456073,-2.025331,guided_exp
10:22:43.531,1,-1.412319,1.446434,-1.369341,guided_exp
10:22:43.631,2,-2.411244,1.45538,-2.027031,guided_exp
10:22:43.631,1,-1.411384,1.447062,-1.367368,guided_exp
10:22:43.715,2,-2.411161,1.454393,-2.027161,guided_exp
10:22:43.715,1,-1.410452,1.446997,-1.363851,guided_exp
10:22:43.798,2,-2.411297,1.455328,-2.026965,guided_exp
10:22:43.799,1,-1.406629,1.446854,-1.36054,guided_exp
10:22:43.881,2,-2.411498,1.457013,-2.026733,guided_exp
10:22:43.881,1,-1.411673,1.446722,-1.361015,guided_exp
10:22:43.965,2,-2.411096,1.456016,-2.02699,guided_exp
10:22:43.965,1,-1.411493,1.446812,-1.358976,guided_exp
10:22:44.065,2,-2.412225,1.455793,-2.026357,guided_exp
10:22:44.065,1,-1.412327,1.446738,-1.358434,guided_exp
10:22:44.148,2,-2.410379,1.452978,-2.02815,guided_exp
10:22:44.148,1,-1.410041,1.446402,-1.357269,guided_exp
10:22:44.231,2,-2.408936,1.455897,-2.029699,guided_exp
10:22:44.231,1,-1.409082,1.446205,-1.353721,guided_exp
10:22:44.315,2,-2.408287,1.455414,-2.031205,guided_exp
10:22:44.315,1,-1.411265,1.446425,-1.353444,guided_exp
10:22:44.398,2,-2.405812,1.455492,-2.034547,guided_exp
10:22:44.398,1,-1.413598,1.446216,-1.353603,guided_exp
10:22:44.481,2,-2.404491,1.455239,-2.035299,guided_exp
10:22:44.481,1,-1.412451,1.446237,-1.352712,guided_exp
10:22:44.565,2,-2.401836,1.455001,-2.03696,guided_exp
10:22:44.565,1,-1.414744,1.446394,-1.352802,guided_exp
10:22:44.648,2,-2.398743,1.456393,-2.036134,guided_exp
10:22:44.648,1,-1.414443,1.446524,-1.351293,guided_exp
10:22:44.731,2,-2.396194,1.456612,-2.037164,guided_exp
10:22:44.731,1,-1.417006,1.446722,-1.349484,guided_exp
10:22:44.815,2,-2.394711,1.456888,-2.037519,guided_exp
10:22:44.815,1,-1.419017,1.446648,-1.348468,guided_exp
10:22:44.916,2,-2.394014,1.457501,-2.037973,guided_exp
10:22:44.916,1,-1.427697,1.446524,-1.348942,guided_exp
10:22:44.998,2,-2.393095,1.457433,-2.038437,guided_exp
10:22:44.998,1,-1.437993,1.446579,-1.349803,guided_exp
10:22:45.082,2,-2.392791,1.457081,-2.03898,guided_exp
10:22:45.083,1,-1.442268,1.446665,-1.35205,guided_exp
10:22:45.165,2,-2.391633,1.457288,-2.03899,guided_exp
10:22:45.165,1,-1.460463,1.446731,-1.358952,guided_exp
10:22:45.248,2,-2.390215,1.45732,-2.038637,guided_exp
10:22:45.248,1,-1.475986,1.446741,-1.362404,guided_exp
10:22:45.348,2,-2.388152,1.457514,-2.037335,guided_exp
10:22:45.348,1,-1.51414,1.446834,-1.376976,guided_exp
10:22:45.431,2,-2.38663,1.458255,-2.037524,guided_exp
10:22:45.431,1,-1.551942,1.44695,-1.391737,guided_exp
10:22:45.515,2,-2.385859,1.458078,-2.037908,guided_exp
10:22:45.515,1,-1.578579,1.447161,-1.40403,guided_exp
10:22:45.599,2,-2.38519,1.458434,-2.038154,guided_exp
10:22:45.599,1,-1.598678,1.446952,-1.412254,guided_exp
10:22:45.699,2,-2.384157,1.457831,-2.03771,guided_exp
10:22:45.699,1,-1.620526,1.446903,-1.421697,guided_exp
10:22:45.798,2,-2.382969,1.457404,-2.038445,guided_exp
10:22:45.798,1,-1.653032,1.446785,-1.438597,guided_exp
10:22:45.898,2,-2.382594,1.457661,-2.039634,guided_exp
10:22:45.898,1,-1.670323,1.446528,-1.449602,guided_exp
10:22:45.999,2,-2.382222,1.458984,-2.040366,guided_exp
10:22:45.999,1,-1.683525,1.446305,-1.456224,guided_exp
10:22:46.099,2,-2.382059,1.460751,-2.041238,guided_exp
10:22:46.099,1,-1.693996,1.446126,-1.46689,guided_exp
10:22:46.216,2,-2.382335,1.463274,-2.043604,guided_exp
10:22:46.216,1,-1.700027,1.446116,-1.472998,guided_exp
10:22:46.315,2,-2.382588,1.464716,-2.043821,guided_exp
10:22:46.315,1,-1.701999,1.446053,-1.476242,guided_exp
10:22:46.415,2,-2.383147,1.466767,-2.04393,guided_exp
10:22:46.415,1,-1.704266,1.445907,-1.479206,guided_exp
10:22:46.516,2,-2.383836,1.469265,-2.04389,guided_exp
10:22:46.516,1,-1.706924,1.44601,-1.480886,guided_exp
10:22:46.615,2,-2.384785,1.470064,-2.044064,guided_exp
10:22:46.615,1,-1.709283,1.445516,-1.482419,guided_exp
10:22:46.715,2,-2.385284,1.470509,-2.043738,guided_exp
10:22:46.715,1,-1.712049,1.445862,-1.4842,guided_exp
10:22:46.816,2,-2.385719,1.47101,-2.043407,guided_exp
10:22:46.816,1,-1.715509,1.446393,-1.486375,guided_exp
10:22:46.915,2,-2.38556,1.472009,-2.042685,guided_exp
10:22:46.915,1,-1.716808,1.44658,-1.486818,guided_exp
10:22:46.999,2,-2.386029,1.471435,-2.042867,guided_exp
10:22:46.999,1,-1.720598,1.44676,-1.487159,guided_exp
10:22:47.098,2,-2.385833,1.472816,-2.042539,guided_exp
10:22:47.098,1,-1.729514,1.447215,-1.490654,guided_exp
10:22:47.181,2,-2.38567,1.471434,-2.043689,guided_exp
10:22:47.181,1,-1.732351,1.447015,-1.493096,guided_exp
10:22:47.282,2,-2.385768,1.471764,-2.04322,guided_exp
10:22:47.282,1,-1.736483,1.447299,-1.491353,guided_exp
10:22:47.381,2,-2.384659,1.471535,-2.042601,guided_exp
10:22:47.381,1,-1.742164,1.447752,-1.492026,guided_exp
10:22:47.482,2,-2.384296,1.471611,-2.042615,guided_exp
10:22:47.482,1,-1.750481,1.447956,-1.494285,guided_exp
10:22:47.582,2,-2.384273,1.471624,-2.042503,guided_exp
10:22:47.583,1,-1.752475,1.448001,-1.494004,guided_exp
10:22:47.682,2,-2.383614,1.471895,-2.043346,guided_exp
10:22:47.682,1,-1.757709,1.447752,-1.495383,guided_exp
10:22:47.781,2,-2.383159,1.470018,-2.044012,guided_exp
10:22:47.781,1,-1.762682,1.449095,-1.496131,guided_exp
10:22:47.881,2,-2.38262,1.472049,-2.044538,guided_exp
10:22:47.881,1,-1.770661,1.450041,-1.495472,guided_exp
10:22:48.015,2,-2.381881,1.475154,-2.044247,guided_exp
10:22:48.015,1,-1.776088,1.450308,-1.493564,guided_exp
10:22:48.098,2,-2.381292,1.473959,-2.044774,guided_exp
10:22:48.098,1,-1.785448,1.450749,-1.491643,guided_exp
10:22:48.181,2,-2.380861,1.474551,-2.045433,guided_exp
10:22:48.181,1,-1.788826,1.450007,-1.48895,guided_exp
10:22:48.331,2,-2.380419,1.475066,-2.045772,guided_exp
10:22:48.331,1,-1.813629,1.450515,-1.483113,guided_exp
10:22:48.415,2,-2.380109,1.477414,-2.045446,guided_exp
10:22:48.415,1,-1.824007,1.450168,-1.478953,guided_exp
10:22:48.498,2,-2.380634,1.48009,-2.04555,guided_exp
10:22:48.498,1,-1.829782,1.449978,-1.468315,guided_exp
10:22:48.581,2,-2.381325,1.481602,-2.045286,guided_exp
10:22:48.581,1,-1.837533,1.449887,-1.444579,guided_exp
10:22:48.683,2,-2.381781,1.481829,-2.045513,guided_exp
10:22:48.684,1,-1.852532,1.448874,-1.410168,guided_exp
10:22:48.782,2,-2.382434,1.482828,-2.045762,guided_exp
10:22:48.783,1,-1.859523,1.44864,-1.376125,guided_exp
10:22:48.882,2,-2.382858,1.478641,-2.045494,guided_exp
10:22:48.882,1,-1.867699,1.448393,-1.322965,guided_exp
10:22:48.981,2,-2.38385,1.476905,-2.045184,guided_exp
10:22:48.981,1,-1.876455,1.448451,-1.262507,guided_exp
10:22:49.082,2,-2.384716,1.473313,-2.044713,guided_exp
10:22:49.083,1,-1.867529,1.448172,-1.193317,guided_exp
10:22:49.182,2,-2.386113,1.478689,-2.044229,guided_exp
10:22:49.182,1,-1.858009,1.448111,-1.107656,guided_exp
10:22:49.281,2,-2.386504,1.479905,-2.044047,guided_exp
10:22:49.281,1,-1.879111,1.448214,-1.076127,guided_exp
10:22:49.382,2,-2.387661,1.481818,-2.043687,guided_exp
10:22:49.382,1,-1.902632,1.448604,-1.041661,guided_exp
10:22:49.481,2,-2.38813,1.485741,-2.043488,guided_exp
10:22:49.482,1,-1.921607,1.44861,-1.014827,guided_exp
10:22:49.582,2,-2.389448,1.488198,-2.043139,guided_exp
10:22:49.582,1,-1.972441,1.448456,-0.966054,guided_exp
10:22:49.682,2,-2.390264,1.47841,-2.042259,guided_exp
10:22:49.682,1,-2.000291,1.447817,-0.938555,guided_exp
10:22:49.781,2,-2.390117,1.476559,-2.041593,guided_exp
10:22:49.781,1,-2.030647,1.447349,-0.952117,guided_exp
10:22:49.865,2,-2.390103,1.478053,-2.041693,guided_exp
10:22:49.865,1,-1.905813,1.447597,-0.994207,guided_exp
10:22:49.948,2,-2.38998,1.478718,-2.041227,guided_exp
10:22:49.948,1,-1.932889,1.447397,-0.967667,guided_exp
10:22:50.032,2,-2.390393,1.481037,-2.041141,guided_exp
10:22:50.033,1,-1.991298,1.447889,-0.98503,guided_exp
10:22:50.131,2,-2.391263,1.480368,-2.04165,guided_exp
10:22:50.232,2,-2.39167,1.447736,-2.042279,guided_exp
10:22:50.332,2,-2.391687,1.478904,-2.042267,guided_exp
10:22:50.432,2,-2.391398,1.446292,-2.042013,guided_exp
10:22:50.531,2,-2.391495,1.477342,-2.041931,guided_exp
10:22:50.615,2,-2.391469,1.447357,-2.042001,guided_exp
10:22:50.748,2,-2.390726,1.475801,-2.04169,guided_exp
10:22:50.831,2,-2.390429,1.449042,-2.041701,guided_exp
10:22:50.915,2,-2.390122,1.472428,-2.042155,guided_exp
10:22:50.998,2,-2.390136,1.444506,-2.042181,guided_exp
10:22:51.081,2,-2.390294,1.471479,-2.042438,guided_exp
10:22:51.165,2,-2.390298,1.444129,-2.04244,guided_exp
10:22:51.248,2,-2.390104,1.47173,-2.042438,guided_exp
10:22:51.331,2,-2.390259,1.439915,-2.042775,guided_exp
10:22:51.415,2,-2.389662,1.470505,-2.041887,guided_exp
10:22:51.498,2,-2.3898,1.424354,-2.04209,guided_exp
10:22:51.581,2,-2.389594,1.471452,-2.042186,guided_exp
10:22:51.665,2,-2.389367,1.418308,-2.042453,guided_exp
10:22:51.748,2,-2.389378,1.471104,-2.042486,guided_exp
10:22:51.831,2,-2.38886,1.404705,-2.043047,guided_exp
10:22:51.915,2,-2.388194,1.469848,-2.042469,guided_exp
10:22:51.998,2,-2.388024,1.386233,-2.042392,guided_exp
10:22:52.083,2,-2.387855,1.471702,-2.042283,guided_exp
10:22:52.181,2,-2.387425,1.374319,-2.041948,guided_exp
10:22:52.265,2,-2.387306,1.469397,-2.041965,guided_exp
10:22:52.349,2,-2.387362,1.376858,-2.042078,guided_exp
10:22:52.450,2,-2.387956,1.469945,-2.042586,guided_exp
10:22:52.549,2,-2.3881,1.328063,-2.043357,guided_exp
10:22:52.648,2,-2.388088,1.469601,-2.043507,guided_exp
10:22:52.750,2,-2.388633,1.315044,-2.044036,guided_exp
10:22:52.849,2,-2.38882,1.470391,-2.044531,guided_exp
10:22:52.948,2,-2.389083,1.30398,-2.045532,guided_exp
10:22:53.031,2,-2.388526,1.46919,-2.045574,guided_exp
10:22:53.115,2,-2.388286,1.302232,-2.04603,guided_exp
10:22:53.198,2,-2.388313,1.46864,-2.046152,guided_exp
10:22:53.349,2,-2.387861,1.30217,-2.046429,guided_exp
10:22:53.449,2,-2.387707,1.465208,-2.046285,guided_exp
10:22:53.549,2,-2.386222,1.301435,-2.045776,guided_exp
10:22:53.648,2,-2.38591,1.466315,-2.045811,guided_exp
10:22:53.749,2,-2.385466,1.302604,-2.045999,guided_exp
10:22:53.848,2,-2.385017,1.466792,-2.046094,guided_exp
10:22:53.931,2,-2.385017,1.303118,-2.045749,guided_exp
10:22:54.015,2,-2.385067,1.466712,-2.045848,guided_exp
10:22:54.098,2,-2.384789,1.304126,-2.045744,guided_exp
10:22:54.181,2,-2.38454,1.463725,-2.045181,guided_exp
10:22:54.265,2,-2.383791,1.301849,-2.045505,guided_exp
10:22:54.348,2,-2.383241,1.464298,-2.045326,guided_exp
10:22:54.431,2,-2.382517,1.301319,-2.045458,guided_exp
10:22:54.515,2,-2.38178,1.464025,-2.045921,guided_exp
10:22:54.598,2,-2.381006,1.303992,-2.046244,guided_exp
10:22:54.681,2,-2.380045,1.463677,-2.04724,guided_exp
10:22:54.765,2,-2.37974,1.299669,-2.047454,guided_exp
10:22:54.848,2,-2.379453,1.463386,-2.047716,guided_exp
10:22:54.931,2,-2.378465,1.30143,-2.048148,guided_exp
10:22:55.016,2,-2.378189,1.464454,-2.048274,guided_exp
10:22:55.116,2,-2.377777,1.302016,-2.048585,guided_exp
10:22:55.198,2,-2.377379,1.463991,-2.048872,guided_exp
10:22:55.282,2,-2.377412,1.303819,-2.048748,guided_exp
10:22:55.365,2,-2.376396,1.463537,-2.049201,guided_exp
10:22:55.449,2,-2.375195,1.308091,-2.049393,guided_exp
10:22:55.531,2,-2.373289,1.463939,-2.050806,guided_exp
10:22:55.615,2,-2.372777,1.309,-2.051513,guided_exp
10:22:55.698,2,-2.371774,1.467215,-2.052969,guided_exp
10:22:55.781,2,-2.370981,1.311889,-2.054134,guided_exp
10:22:55.932,2,-2.369588,1.468688,-2.05522,guided_exp
10:22:56.015,2,-2.369809,1.317025,-2.055527,guided_exp
10:22:56.098,2,-2.369931,1.469133,-2.055741,guided_exp
10:22:56.199,2,-2.371002,1.405223,-2.057054,guided_exp
10:22:56.299,2,-2.373336,1.46906,-2.05749,guided_exp
10:22:56.399,2,-2.374389,1.417828,-2.059503,guided_exp
10:22:56.481,2,-2.375009,1.468686,-2.062483,guided_exp
10:22:56.566,2,-2.375321,1.416496,-2.062808,guided_exp
10:22:56.648,2,-2.375366,1.466356,-2.063792,guided_exp
10:22:56.732,2,-2.375211,1.421288,-2.064218,guided_exp
10:22:56.815,2,-2.375781,1.467988,-2.063753,guided_exp
10:22:56.966,2,-2.375558,1.437728,-2.063831,guided_exp
10:22:57.065,2,-2.37567,1.469102,-2.064064,guided_exp
10:22:57.165,2,-2.375852,1.441896,-2.063911,guided_exp
10:22:57.248,2,-2.375999,1.469174,-2.064707,guided_exp
10:22:57.331,2,-2.376206,1.44316,-2.064339,guided_exp
10:22:57.415,2,-2.376952,1.471787,-2.063508,guided_exp
10:22:57.498,2,-2.377846,1.445317,-2.062661,guided_exp
10:22:57.581,2,-2.379733,1.471087,-2.060371,guided_exp
10:22:57.665,2,-2.382219,1.445231,-2.057339,guided_exp
10:22:57.748,2,-2.383057,1.467607,-2.056234,guided_exp
10:22:57.831,2,-2.383435,1.445876,-2.054949,guided_exp
10:22:57.915,2,-2.383538,1.467206,-2.053955,guided_exp
10:22:57.998,2,-2.382959,1.447252,-2.053419,guided_exp
10:22:58.101,2,-2.380061,1.466588,-2.048488,guided_exp
10:22:58.200,2,-2.377775,1.447268,-2.045845,guided_exp
10:22:58.281,2,-2.375595,1.467216,-2.04434,guided_exp
10:22:58.365,2,-2.374815,1.447447,-2.043789,guided_exp
10:22:58.448,2,-2.374318,1.467688,-2.043635,guided_exp
10:22:58.549,2,-2.374047,1.447593,-2.043443,guided_exp
10:22:58.648,2,-2.373738,1.468099,-2.042774,guided_exp
10:22:58.731,2,-2.373642,1.446679,-2.04307,guided_exp
10:22:58.815,2,-2.373686,1.469486,-2.043562,guided_exp
10:22:58.898,2,-2.373714,1.446726,-2.0442,guided_exp
10:22:58.982,2,-2.37338,1.469943,-2.044576,guided_exp
10:22:59.082,2,-2.37286,1.446473,-2.044657,guided_exp
10:22:59.182,2,-2.372383,1.472138,-2.045332,guided_exp
10:22:59.282,2,-2.371254,1.446292,-2.045144,guided_exp
10:22:59.382,2,-2.370524,1.474999,-2.044863,guided_exp
10:22:59.499,2,-2.369603,1.446391,-2.04495,guided_exp
10:22:59.599,2,-2.368876,1.475542,-2.04509,guided_exp
10:22:59.698,2,-2.367766,1.446198,-2.044461,guided_exp
10:22:59.799,2,-2.367109,1.477078,-2.043773,guided_exp
10:22:59.899,2,-2.365791,1.445925,-2.043519,guided_exp
10:22:59.998,2,-2.362594,1.479219,-2.04206,guided_exp
10:23:00.082,2,-2.360452,1.445916,-2.04189,guided_exp
10:23:00.181,2,-2.358376,1.479655,-2.041855,guided_exp
10:23:00.265,2,-2.356301,1.446226,-2.041614,guided_exp
10:23:00.349,2,-2.355869,1.479853,-2.041496,guided_exp
10:23:00.449,2,-2.354633,1.445872,-2.041111,guided_exp
10:23:00.549,2,-2.353857,1.480662,-2.040992,guided_exp
10:23:00.631,2,-2.353236,1.445913,-2.041509,guided_exp
10:23:00.715,2,-2.35268,1.481712,-2.042027,guided_exp
10:23:00.816,2,-2.352187,1.445944,-2.042227,guided_exp
10:23:00.898,2,-2.351655,1.482369,-2.042985,guided_exp
10:23:01.048,2,-2.350828,1.445864,-2.044492,guided_exp
10:23:01.131,2,-2.349028,1.482287,-2.045664,guided_exp
10:23:01.281,2,-2.348363,1.445679,-2.046879,guided_exp
10:23:01.365,2,-2.348373,1.482467,-2.047023,guided_exp
10:23:01.448,2,-2.347615,1.445852,-2.048757,guided_exp
10:23:01.531,2,-2.347098,1.482528,-2.0494,guided_exp
10:23:01.632,2,-2.346794,1.445709,-2.050206,guided_exp
10:23:01.715,2,-2.347165,1.482594,-2.050857,guided_exp
10:23:01.798,2,-2.348233,1.445494,-2.051238,guided_exp
10:23:01.881,2,-2.348803,1.482865,-2.051858,guided_exp
10:23:01.965,2,-2.349338,1.445593,-2.052251,guided_exp
10:23:02.048,2,-2.349627,1.483494,-2.052062,guided_exp
10:23:02.131,2,-2.351443,1.445375,-2.05216,guided_exp
10:23:02.215,2,-2.35487,1.484068,-2.05238,guided_exp
10:23:02.298,2,-2.357352,1.445112,-2.05332,guided_exp
10:23:02.381,2,-2.357345,1.484176,-2.053695,guided_exp
10:23:02.465,2,-2.356249,1.445094,-2.052283,guided_exp
10:23:02.548,2,-2.356169,1.484261,-2.052103,guided_exp
10:23:02.649,2,-2.357434,1.445131,-2.05279,guided_exp
10:23:02.749,2,-2.358242,1.4839,-2.053755,guided_exp
10:23:02.848,2,-2.357828,1.445153,-2.053651,guided_exp
10:23:02.848,1,-1.722934,1.483909,-1.56864,guided_exp
10:23:02.931,2,-2.358749,1.444803,-2.055164,guided_exp
10:23:02.932,1,-1.712184,1.4839,-1.621626,guided_exp
10:23:03.015,2,-2.358812,1.444856,-2.057058,guided_exp
10:23:03.015,1,-1.709055,1.483764,-1.650935,guided_exp
10:23:03.098,2,-2.359878,1.444907,-2.058243,guided_exp
10:23:03.098,1,-1.70602,1.483306,-1.696537,guided_exp
10:23:03.181,2,-2.360071,1.444975,-2.059221,guided_exp
10:23:03.182,1,-1.696811,1.483457,-1.72884,guided_exp
10:23:03.265,2,-2.36046,1.445063,-2.06014,guided_exp
10:23:03.265,1,-1.69031,1.483116,-1.773757,guided_exp
10:23:03.348,2,-2.360519,1.444936,-2.059717,guided_exp
10:23:03.348,1,-1.684074,1.483003,-1.787587,guided_exp
10:23:03.431,2,-2.361694,1.445101,-2.05939,guided_exp
10:23:03.432,1,-1.663787,1.482155,-1.817658,guided_exp
10:23:03.515,2,-2.361419,1.445029,-2.059484,guided_exp
10:23:03.515,1,-1.653957,1.482005,-1.825539,guided_exp
10:23:03.598,2,-2.360565,1.445226,-2.05988,guided_exp
10:23:03.598,1,-1.623093,1.482363,-1.840941,guided_exp
10:23:03.681,2,-2.360404,1.445546,-2.060508,guided_exp
10:23:03.682,1,-1.599422,1.481199,-1.850352,guided_exp
10:23:03.833,2,-2.361018,1.445621,-2.060905,guided_exp
10:23:03.833,1,-1.561786,1.480842,-1.871664,guided_exp
10:23:03.931,2,-2.364898,1.445678,-2.066407,guided_exp
10:23:03.932,1,-1.528804,1.481589,-1.886962,guided_exp
10:23:04.015,2,-2.367102,1.445776,-2.067313,guided_exp
10:23:04.015,1,-1.51316,1.481468,-1.893675,guided_exp
10:23:04.098,2,-2.369449,1.445902,-2.068181,guided_exp
10:23:04.098,1,-1.494055,1.48105,-1.905531,guided_exp
10:23:04.181,2,-2.369597,1.445822,-2.069657,guided_exp
10:23:04.182,1,-1.482129,1.480498,-1.908457,guided_exp
10:23:04.265,2,-2.369114,1.445839,-2.06785,guided_exp
10:23:04.265,1,-1.474641,1.480518,-1.912206,guided_exp
10:23:04.366,2,-2.366392,1.446423,-2.06644,guided_exp
10:23:04.366,1,-1.46572,1.47959,-1.916534,guided_exp
10:23:04.448,2,-2.367422,1.446848,-2.064199,guided_exp
10:23:04.448,1,-1.454121,1.48098,-1.920518,guided_exp
10:23:04.532,2,-2.367052,1.446748,-2.063956,guided_exp
10:23:04.532,1,-1.447812,1.479365,-1.921385,guided_exp
10:23:04.633,2,-2.367245,1.446666,-2.063772,guided_exp
10:23:04.633,1,-1.440631,1.478065,-1.921745,guided_exp
10:23:04.715,2,-2.367114,1.446709,-2.064029,guided_exp
10:23:04.715,1,-1.435873,1.477843,-1.922687,guided_exp
10:23:04.798,2,-2.368568,1.446443,-2.063921,guided_exp
10:23:04.798,1,-1.433714,1.475721,-1.923791,guided_exp
10:23:04.882,2,-2.370527,1.446439,-2.063293,guided_exp
10:23:04.882,1,-1.431551,1.472392,-1.924045,guided_exp
10:23:04.965,2,-2.37012,1.446634,-2.063199,guided_exp
10:23:04.965,1,-1.430996,1.473653,-1.924584,guided_exp
10:23:05.048,2,-2.3707,1.446707,-2.062188,guided_exp
10:23:05.048,1,-1.430796,1.475155,-1.924757,guided_exp
10:23:05.149,2,-2.370885,1.447262,-2.061576,guided_exp
10:23:05.150,1,-1.433099,1.475294,-1.924743,guided_exp
10:23:05.248,2,-2.372401,1.447269,-2.060499,guided_exp
10:23:05.248,1,-1.435977,1.475569,-1.924533,guided_exp
10:23:05.350,2,-2.372628,1.446937,-2.060568,guided_exp
10:23:05.350,1,-1.437794,1.476583,-1.924887,guided_exp
10:23:05.449,2,-2.373001,1.446833,-2.06115,guided_exp
10:23:05.449,1,-1.442183,1.476327,-1.924817,guided_exp
10:23:05.548,2,-2.372745,1.446954,-2.064143,guided_exp
10:23:05.548,1,-1.447659,1.482306,-1.923558,guided_exp
10:23:05.632,2,-2.372298,1.446726,-2.065287,guided_exp
10:23:05.632,1,-1.45143,1.481825,-1.923209,guided_exp
10:23:05.715,2,-2.3717,1.446243,-2.065808,guided_exp
10:23:05.715,1,-1.453512,1.481849,-1.922645,guided_exp
10:23:05.798,2,-2.37177,1.445806,-2.066329,guided_exp
10:23:05.798,1,-1.456463,1.480243,-1.921731,guided_exp
10:23:05.882,2,-2.37083,1.445711,-2.068977,guided_exp
10:23:05.882,1,-1.46201,1.480877,-1.920008,guided_exp
10:23:05.965,2,-2.370583,1.446112,-2.069135,guided_exp
10:23:05.965,1,-1.46794,1.480305,-1.917812,guided_exp
10:23:06.048,2,-2.369309,1.445953,-2.070419,guided_exp
10:23:06.048,1,-1.47042,1.481436,-1.917034,guided_exp
10:23:06.131,2,-2.369619,1.446031,-2.069487,guided_exp
10:23:06.132,1,-1.473805,1.48138,-1.913962,guided_exp
10:23:06.215,2,-2.369617,1.446688,-2.070049,guided_exp
10:23:06.215,1,-1.476738,1.481659,-1.912454,guided_exp
10:23:06.298,2,-2.370671,1.446353,-2.070231,guided_exp
10:23:06.298,1,-1.47901,1.481612,-1.910936,guided_exp
10:23:06.431,2,-2.371128,1.446399,-2.070247,guided_exp
10:23:06.432,1,-1.480632,1.481933,-1.910453,guided_exp
10:23:06.515,2,-2.37075,1.446102,-2.069027,guided_exp
10:23:06.516,1,-1.481256,1.483538,-1.910197,guided_exp
10:23:06.615,2,-2.370507,1.445708,-2.067135,guided_exp
10:23:06.615,1,-1.482011,1.483152,-1.91059,guided_exp
10:23:06.698,2,-2.362882,1.445837,-2.060182,guided_exp
10:23:06.698,1,-1.481068,1.483956,-1.911818,guided_exp
10:23:06.798,2,-2.361131,1.446208,-2.059207,guided_exp
10:23:06.798,1,-1.477863,1.482908,-1.914224,guided_exp
10:23:06.881,2,-2.359796,1.446284,-2.057482,guided_exp
10:23:06.882,1,-1.47471,1.483484,-1.917062,guided_exp
10:23:06.965,2,-2.358382,1.448179,-2.056383,guided_exp
10:23:06.965,1,-1.473174,1.481393,-1.918987,guided_exp
10:23:07.065,2,-2.358749,1.448355,-2.056269,guided_exp
10:23:07.065,1,-1.466796,1.482498,-1.921608,guided_exp
10:23:07.165,2,-2.358833,1.447384,-2.056817,guided_exp
10:23:07.165,1,-1.457098,1.482928,-1.924714,guided_exp
10:23:07.249,2,-2.359629,1.446259,-2.057012,guided_exp
10:23:07.249,1,-1.450726,1.483639,-1.926698,guided_exp
10:23:07.348,2,-2.36046,1.445449,-2.05755,guided_exp
10:23:07.348,1,-1.434342,1.484452,-1.932492,guided_exp
10:23:07.432,2,-2.360501,1.44427,-2.059365,guided_exp
10:23:07.432,1,-1.419959,1.484498,-1.934848,guided_exp
10:23:07.515,2,-2.360189,1.445271,-2.060264,guided_exp
10:23:07.515,1,-1.412743,1.484079,-1.936545,guided_exp
10:23:07.599,2,-2.359377,1.444682,-2.060965,guided_exp
10:23:07.599,1,-1.401628,1.484628,-1.936391,guided_exp
10:23:07.699,2,-2.358546,1.44533,-2.061428,guided_exp
10:23:07.700,1,-1.393073,1.485192,-1.933317,guided_exp
10:23:07.799,2,-2.35746,1.445205,-2.061707,guided_exp
10:23:07.799,1,-1.375483,1.485022,-1.926083,guided_exp
10:23:07.899,2,-2.357071,1.44523,-2.062746,guided_exp
10:23:07.900,1,-1.365015,1.485992,-1.91779,guided_exp
10:23:07.999,2,-2.356267,1.445061,-2.062545,guided_exp
10:23:07.999,1,-1.353382,1.487571,-1.900604,guided_exp
10:23:08.098,2,-2.355202,1.445311,-2.062219,guided_exp
10:23:08.098,1,-1.333807,1.489413,-1.867833,guided_exp
10:23:08.199,2,-2.354786,1.445996,-2.062445,guided_exp
10:23:08.199,1,-1.306314,1.489395,-1.812084,guided_exp
10:23:08.299,2,-2.35499,1.447045,-2.06312,guided_exp
10:23:08.299,1,-1.304616,1.48881,-1.802747,guided_exp
10:23:08.399,2,-2.354809,1.44723,-2.062821,guided_exp
10:23:08.399,1,-1.281402,1.491475,-1.744954,guided_exp
10:23:08.498,2,-2.356005,1.446873,-2.062468,guided_exp
10:23:08.498,1,-1.259864,1.493463,-1.689023,guided_exp
10:23:08.581,2,-2.355836,1.446916,-2.063535,guided_exp
10:23:08.582,1,-1.244943,1.491658,-1.664287,guided_exp
10:23:08.665,2,-2.355487,1.447628,-2.063619,guided_exp
10:23:08.666,1,-1.232194,1.497487,-1.644228,guided_exp
10:23:08.766,2,-2.356326,1.448013,-2.062296,guided_exp
10:23:08.766,1,-1.215757,1.500706,-1.621851,guided_exp
10:23:08.866,2,-2.356451,1.447824,-2.062696,guided_exp
10:23:08.866,1,-1.19428,1.501328,-1.610275,guided_exp
10:23:08.965,2,-2.356221,1.447744,-2.063392,guided_exp
10:23:08.965,1,-1.150413,1.499426,-1.600319,guided_exp
10:23:09.048,2,-2.355801,1.447805,-2.063592,guided_exp
10:23:09.048,1,-1.127646,1.496448,-1.602224,guided_exp
10:23:09.199,2,-2.356808,1.44718,-2.063785,guided_exp
10:23:09.199,1,-1.049635,1.499511,-1.598518,guided_exp
10:23:09.299,2,-2.356883,1.447373,-2.064723,guided_exp
10:23:09.299,1,-0.995807,1.498784,-1.608396,guided_exp
10:23:09.399,2,-2.356538,1.447944,-2.064837,guided_exp
10:23:09.399,1,-0.950318,1.499105,-1.615943,guided_exp
10:23:09.498,2,-2.355924,1.44839,-2.064647,guided_exp
10:23:09.498,1,-0.925621,1.498498,-1.616858,guided_exp
10:23:09.598,2,-2.355782,1.448438,-2.064711,guided_exp
10:23:09.599,1,-0.919377,1.49914,-1.618202,guided_exp
10:23:09.682,2,-2.356943,1.448898,-2.063597,guided_exp
10:23:09.682,1,-0.901575,1.500191,-1.623743,guided_exp
10:23:09.765,2,-2.357624,1.449045,-2.062592,guided_exp
10:23:09.765,1,-0.895287,1.500061,-1.628079,guided_exp
10:23:09.848,2,-2.357554,1.4489,-2.06246,guided_exp
10:23:09.849,1,-0.888628,1.499665,-1.633778,guided_exp
10:23:09.949,2,-2.357068,1.448552,-2.061489,guided_exp
10:23:09.950,1,-0.883989,1.499156,-1.637605,guided_exp
10:23:10.049,2,-2.356396,1.448744,-2.060667,guided_exp
10:23:10.049,1,-0.883499,1.499324,-1.640209,guided_exp
10:23:10.131,2,-2.356362,1.447944,-2.060273,guided_exp
10:23:10.132,1,-0.882234,1.499431,-1.641215,guided_exp
10:23:10.282,2,-2.357031,1.448053,-2.059708,guided_exp
10:23:10.282,1,-0.882011,1.500713,-1.641329,guided_exp
10:23:10.382,2,-2.356519,1.448201,-2.059345,guided_exp
10:23:10.383,1,-0.88031,1.501529,-1.641396,guided_exp
10:23:10.483,2,-2.357105,1.448384,-2.059634,guided_exp
10:23:10.483,1,-0.880897,1.500585,-1.642009,guided_exp
10:23:10.582,2,-2.356834,1.448491,-2.058902,guided_exp
10:23:10.582,1,-0.880746,1.501115,-1.641896,guided_exp
10:23:10.682,2,-2.356366,1.447831,-2.058345,guided_exp
10:23:10.683,1,-0.880125,1.500998,-1.642624,guided_exp
10:23:10.782,2,-2.356246,1.447315,-2.058416,guided_exp
10:23:10.783,1,-0.879095,1.502252,-1.642708,guided_exp
10:23:10.882,2,-2.356014,1.447271,-2.058231,guided_exp
10:23:10.884,1,-0.87605,1.502302,-1.640904,guided_exp
10:23:10.965,2,-2.355651,1.447206,-2.057853,guided_exp
10:23:10.965,1,-0.875951,1.503073,-1.64049,guided_exp
10:23:11.048,2,-2.355444,1.446974,-2.057799,guided_exp
10:23:11.049,1,-0.875022,1.500325,-1.639735,guided_exp
10:23:11.132,2,-2.35503,1.446286,-2.05775,guided_exp
10:23:11.132,1,-0.874872,1.499267,-1.639538,guided_exp
10:23:11.215,2,-2.354462,1.446238,-2.057325,guided_exp
10:23:11.216,1,-0.874103,1.501746,-1.640408,guided_exp
10:23:11.316,2,-2.352815,1.446599,-2.055982,guided_exp
10:23:11.317,1,-0.861615,1.502069,-1.6407,guided_exp
10:23:11.416,2,-2.352281,1.446866,-2.055689,guided_exp
10:23:11.416,1,-0.854313,1.500685,-1.635371,guided_exp
10:23:11.515,2,-2.351972,1.446797,-2.055729,guided_exp
10:23:11.515,1,-0.840777,1.502362,-1.62385,guided_exp
10:23:11.616,2,-2.351995,1.446734,-2.056181,guided_exp
10:23:11.616,1,-0.828989,1.501074,-1.603747,guided_exp
10:23:11.698,2,-2.352311,1.446475,-2.056356,guided_exp
10:23:11.698,1,-0.816986,1.496186,-1.577786,guided_exp
10:23:11.782,2,-2.352766,1.446645,-2.057048,guided_exp
10:23:11.782,1,-0.802708,1.489689,-1.555334,guided_exp
10:23:11.932,2,-2.353053,1.446848,-2.057267,guided_exp
10:23:11.932,1,-0.78019,1.495133,-1.502385,guided_exp
10:23:12.032,2,-2.353262,1.447026,-2.057206,guided_exp
10:23:12.033,1,-0.76316,1.499758,-1.453291,guided_exp
10:23:12.134,2,-2.354087,1.447136,-2.05782,guided_exp
10:23:12.134,1,-0.736532,1.499592,-1.38664,guided_exp
10:23:12.232,2,-2.354757,1.447302,-2.058678,guided_exp
10:23:12.232,1,-0.711238,1.502117,-1.298638,guided_exp
10:23:12.332,2,-2.354961,1.447449,-2.058689,guided_exp
10:23:12.332,1,-0.670401,1.500799,-1.272756,guided_exp
10:23:12.433,2,-2.354943,1.447614,-2.058788,guided_exp
10:23:12.433,1,-0.667319,1.494936,-1.246856,guided_exp
10:23:12.532,2,-2.354717,1.447729,-2.058738,guided_exp
10:23:12.533,1,-0.632207,1.474163,-1.206348,guided_exp
10:23:12.632,2,-2.354662,1.447795,-2.058802,guided_exp
10:23:12.633,1,-0.578139,1.470701,-1.172137,guided_exp
10:23:12.733,2,-2.354406,1.448196,-2.058379,guided_exp
10:23:12.733,1,-0.559073,1.385094,-1.135208,guided_exp
10:23:12.833,2,-2.354365,1.448199,-2.058665,guided_exp
10:23:12.833,1,-0.519525,0.232707,-1.094475,guided_exp
10:23:12.932,2,-2.354434,1.448363,-2.059053,guided_exp
10:23:12.932,1,-0.447963,0.249996,-1.054852,guided_exp
10:23:13.033,2,-2.354538,1.448701,-2.059001,guided_exp
10:23:13.033,1,-0.38623,0.183205,-1.006677,guided_exp
10:23:13.133,2,-2.354678,1.448558,-2.058864,guided_exp
10:23:13.133,1,-0.379766,1.656949,-0.876535,guided_exp
10:23:13.232,2,-2.354819,1.448483,-2.058265,guided_exp
10:23:13.232,1,-0.25889,1.656949,-0.848564,guided_exp
10:23:13.333,2,-2.355081,1.448542,-2.058231,guided_exp
10:23:13.333,1,-0.288937,1.656949,-0.73149,guided_exp
10:23:13.433,2,-2.355419,1.449169,-2.058237,guided_exp
10:23:13.433,1,-0.228748,1.656949,-0.558829,guided_exp
10:23:13.532,2,-2.355403,1.449299,-2.058207,guided_exp
10:23:13.532,1,-0.115654,1.656949,-0.406651,guided_exp
10:23:13.633,2,-2.355434,1.449308,-2.058048,guided_exp
10:23:13.633,1,-0.151305,1.656949,-0.420933,guided_exp
10:23:13.733,2,-2.355743,1.449615,-2.058302,guided_exp
10:23:13.733,1,-0.164438,1.656949,-0.444786,guided_exp
10:23:13.834,2,-2.3565,1.449612,-2.056937,guided_exp
10:23:13.835,1,-0.112729,1.656949,-0.467434,guided_exp
10:23:13.932,2,-2.355697,1.449586,-2.055715,guided_exp
10:23:13.933,1,-0.078134,1.656949,-0.350054,guided_exp
10:23:14.015,2,-2.354959,1.449531,-2.055168,guided_exp
10:23:14.015,1,-0.088343,1.656949,-0.387334,guided_exp
10:23:14.098,2,-2.354628,1.448898,-2.05453,guided_exp
10:23:14.098,1,-0.108844,1.656949,-0.373052,guided_exp
10:23:14.182,2,-2.353117,1.448794,-2.053914,guided_exp
10:23:14.182,1,-0.095115,1.656949,-0.382283,guided_exp
10:23:14.265,2,-2.352472,1.449199,-2.053446,guided_exp
10:23:14.265,1,-0.124694,1.656949,-0.413044,guided_exp
10:23:14.348,2,-2.351422,1.449089,-2.052553,guided_exp
10:23:14.348,1,-0.082856,1.656949,-0.380633,guided_exp
10:23:14.432,2,-2.351423,1.449372,-2.052426,guided_exp
10:23:14.432,1,-0.118375,1.656949,-0.38849,guided_exp
10:23:14.515,2,-2.351357,1.449155,-2.052388,guided_exp
10:23:14.515,1,-0.095289,1.656949,-0.368864,guided_exp
10:23:14.615,2,-2.351698,1.44917,-2.052346,guided_exp
10:23:14.615,1,-0.07062,1.656949,-0.32148,guided_exp
10:23:14.699,2,-2.35187,1.448789,-2.052105,guided_exp
10:23:14.700,1,-0.113361,1.656949,-0.408682,guided_exp
10:23:14.782,2,-2.351973,1.448802,-2.051856,guided_exp
10:23:14.782,1,-0.067029,1.656949,-0.327813,guided_exp
10:23:14.866,2,-2.35196,1.448302,-2.051762,guided_exp
10:23:14.866,1,-0.092344,1.656949,-0.426844,guided_exp
10:23:14.948,2,-2.35177,1.448391,-2.051012,guided_exp
10:23:14.948,1,-0.092685,1.656949,-0.371337,guided_exp
10:23:15.032,2,-2.35191,1.448522,-2.050931,guided_exp
10:23:15.032,1,-0.112167,1.656949,-0.355476,guided_exp
10:23:15.133,2,-2.352046,1.448419,-2.050845,guided_exp
10:23:15.133,1,-0.088049,1.656949,-0.373494,guided_exp
10:23:15.233,2,-2.353345,1.44868,-2.050436,guided_exp
10:23:15.233,1,-0.12761,1.656949,-0.36654,guided_exp
10:23:15.334,2,-2.353528,1.448764,-2.049647,guided_exp
10:23:15.334,1,-0.081412,1.656949,-0.424269,guided_exp
10:23:15.433,2,-2.355207,1.448901,-2.049574,guided_exp
10:23:15.433,1,-0.081997,1.656949,-0.366489,guided_exp
10:23:15.533,2,-2.354601,1.448437,-2.048387,guided_exp
10:23:15.533,1,-0.106612,1.656949,-0.420251,guided_exp
10:23:15.632,2,-2.354338,1.448214,-2.047651,guided_exp
10:23:15.632,1,-0.161532,1.656949,-0.434737,guided_exp
10:23:15.732,2,-2.354847,1.448362,-2.046925,guided_exp
10:23:15.732,1,-0.180554,1.656949,-0.510748,guided_exp
10:23:15.815,2,-2.356146,1.44814,-2.046993,guided_exp
10:23:15.815,1,-0.110337,1.656949,-0.419678,guided_exp
10:23:15.898,2,-2.356523,1.448266,-2.046949,guided_exp
10:23:15.898,1,-0.110505,1.448087,-0.40255,guided_exp
10:23:15.982,2,-2.356785,1.448304,-2.046865,guided_exp
10:23:15.982,1,-0.03898,1.448332,-0.406616,guided_exp
10:23:16.065,2,-2.358074,1.448456,-2.047032,guided_exp
10:23:16.065,1,-0.12315,1.448687,-0.326544,guided_exp
10:23:16.148,2,-2.357704,1.448822,-2.046926,guided_exp
10:23:16.148,1,-0.086005,1.449063,-0.35306,guided_exp
10:23:16.248,2,-2.358519,1.449231,-2.047319,guided_exp
10:23:16.248,1,-0.084851,1.449281,-0.379507,guided_exp
10:23:16.332,2,-2.358699,1.449378,-2.047152,guided_exp
10:23:16.332,1,0.028404,1.449256,-0.373096,guided_exp
10:23:16.415,2,-2.360155,1.448948,-2.047228,guided_exp
10:23:16.415,1,-0.062339,1.448987,-0.417285,guided_exp
10:23:16.515,2,-2.360273,1.449163,-2.047738,guided_exp
10:23:16.515,1,-0.118217,1.449341,-0.427227,guided_exp
10:23:16.598,2,-2.360283,1.449627,-2.047609,guided_exp
10:23:16.598,1,-0.085274,1.449518,-0.405183,guided_exp
10:23:16.682,2,-2.359913,1.449228,-2.046815,guided_exp
10:23:16.682,1,-0.115695,1.449316,-0.396062,guided_exp
10:23:16.784,2,-2.359965,1.449209,-2.047033,guided_exp
10:23:16.784,1,-0.103609,1.44942,-0.380945,guided_exp
10:23:16.882,2,-2.360276,1.449566,-2.047005,guided_exp
10:23:16.883,1,-0.103283,1.449495,-0.389365,guided_exp
10:23:16.965,2,-2.360007,1.449431,-2.046829,guided_exp
10:23:16.965,1,-0.101797,1.44933,-0.388663,guided_exp
10:23:17.116,2,-2.360845,1.449213,-2.047518,guided_exp
10:23:17.117,1,-0.079186,1.448936,-0.373635,guided_exp
10:23:17.216,2,-2.361613,1.448838,-2.04798,guided_exp
10:23:17.217,1,0.024069,1.448866,-0.410097,guided_exp
10:23:17.315,2,-2.362527,1.448799,-2.048006,guided_exp
10:23:17.315,1,-0.090218,1.449006,-0.436782,guided_exp
10:23:17.400,2,-2.362666,1.449318,-2.047805,guided_exp
10:23:17.401,1,-0.124678,1.448711,-0.423214,guided_exp
10:23:17.499,2,-2.362725,1.448247,-2.047847,guided_exp
10:23:17.500,1,-0.085783,1.447909,-0.371601,guided_exp
10:23:17.598,2,-2.364125,1.447818,-2.048195,guided_exp
10:23:17.599,1,-0.121306,1.447622,-0.402075,guided_exp
10:23:17.699,2,-2.365099,1.447258,-2.048831,guided_exp
10:23:17.700,1,-0.109359,1.446982,-0.413261,guided_exp
10:23:17.782,2,-2.364181,1.445972,-2.048195,guided_exp
10:23:17.782,1,-0.097933,1.445959,-0.398039,guided_exp
10:23:17.865,2,-2.363928,1.445686,-2.048121,guided_exp
10:23:17.865,1,-0.132956,1.445501,-0.365872,guided_exp
10:23:17.948,2,-2.363836,1.445488,-2.048154,guided_exp
10:23:17.948,1,-0.10937,1.445645,-0.353783,guided_exp
10:23:18.033,2,-2.364214,1.445874,-2.048404,guided_exp
10:23:18.033,1,-0.127868,1.445893,-0.467159,guided_exp
10:23:18.132,2,-2.364623,1.445886,-2.048728,guided_exp
10:23:18.132,1,-0.108415,1.446158,-0.430047,guided_exp
10:23:18.215,2,-2.365453,1.446484,-2.048691,guided_exp
10:23:18.215,1,-0.125688,1.446329,-0.421144,guided_exp
10:23:18.298,2,-2.3661,1.447408,-2.049423,guided_exp
10:23:18.298,1,-0.061741,1.448302,-0.502934,guided_exp
10:23:18.382,2,-2.366042,1.448615,-2.049237,guided_exp
10:23:18.382,1,-0.113862,1.448885,-0.418899,guided_exp
10:23:18.482,2,-2.366133,1.44908,-2.049495,guided_exp
10:23:18.483,1,-0.110709,1.448948,-0.379649,guided_exp
10:23:18.582,2,-2.366121,1.449015,-2.050051,guided_exp
10:23:18.582,1,-0.098315,1.449237,-0.427519,guided_exp
10:23:18.682,2,-2.366742,1.448712,-2.051331,guided_exp
10:23:18.683,1,-0.075073,1.448585,-0.331414,guided_exp
10:23:18.782,2,-2.366417,1.448704,-2.052044,guided_exp
10:23:18.782,1,-0.113,1.448233,-0.425884,guided_exp
10:23:18.883,2,-2.365849,1.448288,-2.052204,guided_exp
10:23:18.883,1,-0.093939,1.448062,-0.369737,guided_exp
10:23:18.982,2,-2.365637,1.447682,-2.051967,guided_exp
10:23:18.983,1,-0.102094,1.447719,-0.377786,guided_exp
10:23:19.083,2,-2.365605,1.447589,-2.052847,guided_exp
10:23:19.083,1,-0.085335,1.447528,-0.362149,guided_exp
10:23:19.183,2,-2.365604,1.447424,-2.052936,guided_exp
10:23:19.183,1,-0.084162,1.447693,-0.396836,guided_exp
10:23:19.282,2,-2.365624,1.447699,-2.052968,guided_exp
10:23:19.282,1,-0.094827,1.447688,-0.395402,guided_exp
10:23:19.365,2,-2.365419,1.447332,-2.053118,guided_exp
10:23:19.365,1,-0.064195,1.44777,-0.325803,guided_exp
10:23:19.448,2,-2.364876,1.447744,-2.052086,guided_exp
10:23:19.448,1,-0.089263,1.447903,-0.377415,guided_exp
10:23:19.532,2,-2.364651,1.447866,-2.05188,guided_exp
10:23:19.532,1,-0.075219,1.447801,-0.335032,guided_exp
10:23:19.683,2,-2.365105,1.448237,-2.051807,guided_exp
10:23:19.683,1,-0.107479,1.44806,-0.402272,guided_exp
10:23:19.782,2,-2.364702,1.448001,-2.051192,guided_exp
10:23:19.783,1,-0.134681,1.447975,-0.400798,guided_exp
10:23:19.882,2,-2.365141,1.448233,-2.051295,guided_exp
10:23:19.882,1,-0.104815,1.44808,-0.403719,guided_exp
10:23:19.983,2,-2.366537,1.44835,-2.051833,guided_exp
10:23:19.984,1,-0.117983,1.448193,-0.391807,guided_exp
10:23:20.082,2,-2.366699,1.448082,-2.051824,guided_exp
10:23:20.082,1,-0.064604,1.448007,-0.408002,guided_exp
10:23:20.233,2,-2.366113,1.447862,-2.052271,guided_exp
10:23:20.233,1,-0.14343,1.447321,-0.372557,guided_exp
10:23:20.315,2,-2.366708,1.44726,-2.051791,guided_exp
10:23:20.315,1,0.004013,1.447369,-0.401154,guided_exp
10:23:20.398,2,-2.367243,1.447637,-2.0516,guided_exp
10:23:20.399,1,-0.129725,1.448019,-0.425868,guided_exp
10:23:20.482,2,-2.367404,1.448007,-2.051628,guided_exp
10:23:20.482,1,-0.070847,1.447841,-0.366225,guided_exp
10:23:20.565,2,-2.36763,1.447646,-2.051612,guided_exp
10:23:20.565,1,-0.085134,1.447371,-0.37708,guided_exp
10:23:20.648,2,-2.366838,1.447423,-2.051227,guided_exp
10:23:20.649,1,-0.075596,1.446646,-0.340853,guided_exp
10:23:20.748,2,-2.367018,1.445995,-2.051196,guided_exp
10:23:20.749,1,-0.096135,1.444984,-0.341339,guided_exp
10:23:20.832,2,-2.366594,1.444391,-2.050826,guided_exp
10:23:20.832,1,-0.111642,1.445442,-0.378452,guided_exp
10:23:20.915,2,-2.366501,1.445084,-2.050521,guided_exp
10:23:20.915,1,-0.07676,1.444158,-0.397119,guided_exp
10:23:20.998,2,-2.367301,1.443459,-2.050857,guided_exp
10:23:20.999,1,-0.14931,1.443251,-0.369101,guided_exp
10:23:21.082,2,-2.367318,1.485024,-2.051016,guided_exp
10:23:21.082,1,-0.057761,1.442524,-0.3732,guided_exp
10:23:21.183,2,-2.367222,1.485927,-2.050706,guided_exp
10:23:21.183,1,-0.092757,1.441702,-0.374389,guided_exp
10:23:21.282,2,-2.366887,1.483125,-2.050745,guided_exp
10:23:21.283,1,-0.098562,1.441188,-0.386811,guided_exp
10:23:21.382,2,-2.367097,1.480336,-2.050391,guided_exp
10:23:21.382,1,-0.102303,1.440753,-0.434027,guided_exp
10:23:21.465,2,-2.367603,1.484026,-2.050906,guided_exp
10:23:21.465,1,-0.089042,1.440293,-0.3435,guided_exp
10:23:21.583,2,-2.368123,1.489185,-2.051051,guided_exp
10:23:21.584,1,-0.097654,1.440679,-0.357694,guided_exp
10:23:21.683,2,-2.367598,1.490905,-2.05089,guided_exp
10:23:21.683,1,-0.107514,1.440874,-0.383612,guided_exp
10:23:21.782,2,-2.367917,1.488055,-2.050852,guided_exp
10:23:21.782,1,-0.026265,1.441156,-0.401422,guided_exp
10:23:21.865,2,-2.368378,1.487323,-2.05089,guided_exp
10:23:21.865,1,-0.099064,1.440769,-0.395655,guided_exp
10:23:21.950,2,-2.368804,1.484191,-2.051623,guided_exp
10:23:21.950,1,-0.083806,1.440354,-0.358096,guided_exp
10:23:22.048,2,-2.369201,1.487646,-2.052045,guided_exp
10:23:22.050,1,-0.103071,1.441066,-0.347185,guided_exp
10:23:22.151,2,-2.368841,1.478942,-2.051559,guided_exp
10:23:22.151,1,-0.059884,1.4413,-0.313159,guided_exp
10:23:22.232,2,-2.36889,1.478127,-2.051496,guided_exp
10:23:22.232,1,-0.080455,1.442395,-0.33403,guided_exp
10:23:22.315,2,-2.369096,1.477206,-2.051945,guided_exp
10:23:22.315,1,-0.096492,1.44309,-0.371398,guided_exp
10:23:22.416,2,-2.369303,1.476855,-2.051939,guided_exp
10:23:22.416,1,-0.082239,1.44283,-0.389366,guided_exp
10:23:22.516,2,-2.36945,1.47682,-2.051766,guided_exp
10:23:22.517,1,-0.049951,1.444079,-0.372447,guided_exp
10:23:22.615,2,-2.369519,1.475827,-2.052038,guided_exp
10:23:22.616,1,-0.112638,1.44572,-0.385328,guided_exp
10:23:22.716,2,-2.370131,1.47446,-2.05274,guided_exp
10:23:22.716,1,-0.081583,1.445888,-0.37777,guided_exp
10:23:22.815,2,-2.370246,1.472135,-2.052696,guided_exp
10:23:22.815,1,-0.102467,1.446253,-0.420757,guided_exp
10:23:22.966,2,-2.370591,1.471298,-2.05273,guided_exp
10:23:22.966,1,-0.066494,1.445968,-0.345271,guided_exp
10:23:23.048,2,-2.371315,1.471842,-2.052653,guided_exp
10:23:23.049,1,-0.087118,1.44572,-0.310443,guided_exp
10:23:23.132,2,-2.37132,1.471596,-2.052899,guided_exp
10:23:23.132,1,-0.073497,1.445173,-0.394158,guided_exp
10:23:23.233,2,-2.371381,1.471022,-2.052468,guided_exp
10:23:23.233,1,-0.086769,1.444596,-0.387167,guided_exp
10:23:23.315,2,-2.371868,1.471481,-2.05249,guided_exp
10:23:23.315,1,-0.058116,1.444445,-0.333865,guided_exp
10:23:23.399,2,-2.371913,1.471365,-2.052321,guided_exp
10:23:23.400,1,0.008884,1.444363,-0.356019,guided_exp
10:23:23.498,2,-2.371534,1.471333,-2.051307,guided_exp
10:23:23.499,1,-0.097114,1.444022,-0.371553,guided_exp
10:23:23.582,2,-2.371741,1.470924,-2.050753,guided_exp
10:23:23.582,1,-0.079955,1.444054,-0.352414,guided_exp
10:23:23.665,2,-2.371662,1.470893,-2.050949,guided_exp
10:23:23.665,1,-0.098075,1.444053,-0.409542,guided_exp
10:23:23.748,2,-2.371967,1.471033,-2.050977,guided_exp
10:23:23.749,1,-0.075867,1.444032,-0.346874,guided_exp
10:23:23.833,2,-2.37173,1.471573,-2.050437,guided_exp
10:23:23.833,1,-0.091917,1.443518,-0.413485,guided_exp
10:23:23.915,2,-2.37205,1.470964,-2.050555,guided_exp
10:23:23.915,1,-0.071147,1.443345,-0.331853,guided_exp
10:23:23.999,2,-2.371895,1.471031,-2.050314,guided_exp
10:23:23.999,1,-0.101949,1.443924,-0.348752,guided_exp
10:23:24.082,2,-2.372566,1.470991,-2.051285,guided_exp
10:23:24.082,1,-0.075116,1.443491,-0.342133,guided_exp
10:23:24.165,2,-2.372154,1.471794,-2.052081,guided_exp
10:23:24.165,1,-0.120725,1.443045,-0.369957,guided_exp
10:23:24.248,2,-2.371772,1.472072,-2.051941,guided_exp
10:23:24.249,1,-0.120783,1.443129,-0.327508,guided_exp
10:23:24.332,2,-2.372356,1.473018,-2.052254,guided_exp
10:23:24.332,1,-0.089083,1.443097,-0.354035,guided_exp
10:23:24.417,2,-2.372542,1.472617,-2.052393,guided_exp
10:23:24.417,1,-0.091874,1.44316,-0.344896,guided_exp
10:23:24.516,2,-2.372893,1.472254,-2.052822,guided_exp
10:23:24.516,1,-0.117523,1.442874,-0.42124,guided_exp
10:23:24.598,2,-2.373109,1.472324,-2.052853,guided_exp
10:23:24.599,1,-0.123865,1.442782,-0.385246,guided_exp
10:23:24.683,2,-2.373652,1.4724,-2.052931,guided_exp
10:23:24.684,1,-0.112227,1.442888,-0.391625,guided_exp
10:23:24.769,2,-2.374426,1.472629,-2.053341,guided_exp
10:23:24.769,1,-0.095623,1.443556,-0.390647,guided_exp
10:23:24.848,2,-2.374609,1.472514,-2.053448,guided_exp
10:23:24.849,1,-0.115016,1.44367,-0.370612,guided_exp
10:23:24.932,2,-2.375262,1.472493,-2.053663,guided_exp
10:23:24.932,1,-0.087848,1.443506,-0.393178,guided_exp
10:23:25.015,2,-2.375369,1.472946,-2.053443,guided_exp
10:23:25.015,1,-0.109806,1.442012,-0.379901,guided_exp
10:23:25.116,2,-2.375889,1.47411,-2.05383,guided_exp
10:23:25.117,1,-0.031111,1.442191,-0.435623,guided_exp
10:23:25.216,2,-2.376238,1.473372,-2.053308,guided_exp
10:23:25.216,1,-0.074468,1.442403,-0.352807,guided_exp
10:23:25.315,2,-2.377143,1.472693,-2.052937,guided_exp
10:23:25.315,1,-0.088356,1.442066,-0.353079,guided_exp
10:23:25.398,2,-2.37799,1.473051,-2.052766,guided_exp
10:23:25.399,1,-0.081366,1.441867,-0.347734,guided_exp
10:23:25.482,2,-2.378218,1.471868,-2.052663,guided_exp
10:23:25.482,1,-0.131986,1.442063,-0.43316,guided_exp
10:23:25.565,2,-2.37822,1.470454,-2.051791,guided_exp
10:23:25.565,1,-0.058722,1.442744,-0.359585,guided_exp
10:23:25.648,2,-2.377663,1.470107,-2.051877,guided_exp
10:23:25.649,1,-0.073418,1.442137,-0.342548,guided_exp
10:23:25.732,2,-2.377404,1.469559,-2.051735,guided_exp
10:23:25.732,1,-0.138454,1.442051,-0.407055,guided_exp
10:23:25.833,2,-2.375793,1.469394,-2.051181,guided_exp
10:23:25.834,1,-0.098915,1.442073,-0.351474,guided_exp
10:23:25.933,2,-2.374599,1.467941,-2.051142,guided_exp
10:23:25.933,1,-0.111883,1.44165,-0.433069,guided_exp
10:23:26.033,2,-2.374009,1.467457,-2.051328,guided_exp
10:23:26.033,1,-0.07598,1.441757,-0.386002,guided_exp
10:23:26.132,2,-2.373171,1.465381,-2.0514,guided_exp
10:23:26.132,1,-0.120909,1.441548,-0.383094,guided_exp
10:23:26.233,2,-2.371946,1.463778,-2.051035,guided_exp
10:23:26.233,1,-0.069463,1.441661,-0.373323,guided_exp
10:23:26.333,2,-2.371038,1.460931,-2.050887,guided_exp
10:23:26.333,1,-0.099899,1.44278,-0.367672,guided_exp
10:23:26.432,2,-2.370041,1.45941,-2.050361,guided_exp
10:23:26.432,1,-0.115069,1.443045,-0.451763,guided_exp
10:23:26.515,2,-2.369364,1.460123,-2.050066,guided_exp
10:23:26.515,1,-0.069135,1.442397,-0.330731,guided_exp
10:23:26.599,2,-2.368836,1.452409,-2.049126,guided_exp
10:23:26.599,1,-0.010665,1.442469,-0.344528,guided_exp
10:23:26.699,2,-2.368273,1.458675,-2.049001,guided_exp
10:23:26.700,1,-0.078921,1.441849,-0.36681,guided_exp
10:23:26.782,2,-2.368235,1.458039,-2.049489,guided_exp
10:23:26.782,1,-0.106293,1.441049,-0.373936,guided_exp
10:23:26.867,2,-2.368173,1.463677,-2.049923,guided_exp
10:23:26.867,1,-0.06892,1.441358,-0.319992,guided_exp
10:23:26.948,2,-2.367325,1.463141,-2.049525,guided_exp
10:23:26.949,1,-0.092785,1.441404,-0.390089,guided_exp
10:23:27.032,2,-2.366933,1.466702,-2.049602,guided_exp
10:23:27.032,1,-0.102484,1.441114,-0.362205,guided_exp
10:23:27.115,2,-2.366561,1.469612,-2.049128,guided_exp
10:23:27.115,1,-0.104173,1.440965,-0.374587,guided_exp
10:23:27.198,2,-2.36694,1.471619,-2.049458,guided_exp
10:23:27.199,1,-0.028439,1.441247,-0.425434,guided_exp
10:23:27.282,2,-2.367476,1.469354,-2.04916,guided_exp
10:23:27.282,1,-0.097396,1.440982,-0.355469,guided_exp
10:23:27.365,2,-2.368088,1.467369,-2.050079,guided_exp
10:23:27.365,1,-0.060814,1.440763,-0.31109,guided_exp
10:23:27.466,2,-2.367725,1.463153,-2.050231,guided_exp
10:23:27.467,1,-0.043567,1.440885,-0.324287,guided_exp
10:23:27.548,2,-2.368139,1.456364,-2.051501,guided_exp
10:23:27.549,1,-0.077534,1.441171,-0.3564,guided_exp
10:23:27.632,2,-2.36839,1.457551,-2.051918,guided_exp
10:23:27.632,1,-0.069817,1.441128,-0.330061,guided_exp
10:23:27.715,2,-2.369068,1.457362,-2.051973,guided_exp
10:23:27.715,1,-0.10235,1.441505,-0.361144,guided_exp
10:23:27.798,2,-2.369832,1.458786,-2.052477,guided_exp
10:23:27.799,1,-0.14678,1.441276,-0.375422,guided_exp
10:23:27.899,2,-2.37021,1.459777,-2.052625,guided_exp
10:23:27.899,1,-0.022753,1.441427,-0.418348,guided_exp
10:23:28.000,2,-2.371027,1.452873,-2.053293,guided_exp
10:23:28.000,1,-0.111213,1.441826,-0.318803,guided_exp
10:23:28.098,2,-2.370835,1.457314,-2.053518,guided_exp
10:23:28.099,1,-0.09449,1.442283,-0.314693,guided_exp
10:23:28.249,2,-2.371659,1.457649,-2.052298,guided_exp
10:23:28.249,1,-0.060204,1.441881,-0.303828,guided_exp
10:23:28.332,2,-2.372199,1.45977,-2.052309,guided_exp
10:23:28.332,1,-0.089601,1.44173,-0.324361,guided_exp
10:23:28.415,2,-2.372397,1.459601,-2.050754,guided_exp
10:23:28.415,1,-0.08175,1.441857,-0.384597,guided_exp
10:23:28.498,2,-2.372971,1.454854,-2.050694,guided_exp
10:23:28.499,1,-0.108921,1.4414,-0.364395,guided_exp
10:23:28.582,2,-2.372894,1.457114,-2.050694,guided_exp
10:23:28.582,1,-0.059319,1.441331,-0.3241,guided_exp
10:23:28.665,2,-2.37249,1.457358,-2.049185,guided_exp
10:23:28.666,1,-0.109989,1.441643,-0.399693,guided_exp
10:23:28.765,2,-2.372643,1.458092,-2.049363,guided_exp
10:23:28.765,1,-0.081434,1.441583,-0.372813,guided_exp
10:23:28.849,2,-2.372593,1.458395,-2.049319,guided_exp
10:23:28.850,1,-0.093101,1.441728,-0.331281,guided_exp
10:23:28.949,2,-2.372437,1.452645,-2.04911,guided_exp
10:23:28.950,1,-0.080996,1.441958,-0.334785,guided_exp
10:23:29.032,2,-2.372545,1.453768,-2.047833,guided_exp
10:23:29.032,1,-0.06306,1.442104,-0.315503,guided_exp
10:23:29.116,2,-2.37209,1.45211,-2.047362,guided_exp
10:23:29.117,1,-0.076173,1.442223,-0.331809,guided_exp
10:23:29.216,2,-2.37206,1.451095,-2.047645,guided_exp
10:23:29.217,1,-0.098743,1.442221,-0.381671,guided_exp
10:23:29.318,2,-2.372303,1.448982,-2.047997,guided_exp
10:23:29.318,1,-0.098593,1.442762,-0.319174,guided_exp
10:23:29.416,2,-2.373221,1.4254,-2.049226,guided_exp
10:23:29.416,1,-0.10748,1.442838,-0.363772,guided_exp
10:23:29.516,2,-2.372924,1.421847,-2.049505,guided_exp
10:23:29.516,1,-0.064359,1.442655,-0.357158,guided_exp
10:23:29.616,2,-2.372119,1.412625,-2.049044,guided_exp
10:23:29.616,1,-0.092472,1.442143,-0.389063,guided_exp
10:23:29.716,2,-2.371874,1.410309,-2.049839,guided_exp
10:23:29.716,1,-0.077709,1.442204,-0.350346,guided_exp
10:23:29.816,2,-2.37222,1.408413,-2.05026,guided_exp
10:23:29.816,1,-0.078246,1.44154,-0.353815,guided_exp
10:23:29.916,2,-2.372564,1.410428,-2.05078,guided_exp
10:23:29.916,1,-0.11852,1.441788,-0.37836,guided_exp
10:23:30.016,2,-2.372753,1.403283,-2.05116,guided_exp
10:23:30.016,1,-0.108564,1.442117,-0.395695,guided_exp
10:23:30.116,2,-2.372595,1.406419,-2.049554,guided_exp
10:23:30.116,1,-0.133635,1.442203,-0.416673,guided_exp
10:23:30.198,2,-2.373323,1.405067,-2.049982,guided_exp
10:23:30.199,1,-0.10873,1.441924,-0.406249,guided_exp
10:23:30.282,2,-2.374257,1.403023,-2.049917,guided_exp
10:23:30.283,1,-0.119171,1.442126,-0.410319,guided_exp
10:23:30.382,2,-2.376059,1.389948,-2.049231,guided_exp
10:23:30.383,1,-0.144613,1.442182,-0.468272,guided_exp
10:23:30.483,2,-2.377996,1.368659,-2.045967,guided_exp
10:23:30.483,1,-0.137702,1.442256,-0.423539,guided_exp
10:23:30.582,2,-2.382615,1.377242,-2.043347,guided_exp
10:23:30.583,1,-0.153364,1.442398,-0.419299,guided_exp
10:23:30.682,2,-2.388731,1.359793,-2.039974,guided_exp
10:23:30.682,1,-0.107962,1.443054,-0.448474,guided_exp
10:23:30.783,2,-2.393457,1.329487,-2.035844,guided_exp
10:23:30.783,1,-0.13399,1.442707,-0.412725,guided_exp
10:23:30.882,2,-2.404794,1.309537,-2.029597,guided_exp
10:23:30.882,1,-0.147871,1.442783,-0.461535,guided_exp
10:23:31.033,2,-2.420403,1.259861,-2.016462,guided_exp
10:23:31.033,1,-0.159182,1.44269,-0.429019,guided_exp
10:23:31.132,2,-2.442337,1.254881,-1.991877,guided_exp
10:23:31.132,1,0.11801,1.442884,-0.400926,guided_exp
10:23:31.232,2,-2.45331,1.253978,-1.979986,guided_exp
10:23:31.233,1,-0.160236,1.442948,-0.453899,guided_exp
10:23:31.332,2,-2.479704,1.194176,-1.927844,guided_exp
10:23:31.332,1,-0.138818,1.443106,-0.474044,guided_exp
10:23:31.415,2,-2.49042,1.275262,-1.888176,guided_exp
10:23:31.415,1,-0.106974,1.443021,-0.459588,guided_exp
10:23:31.499,2,-2.50894,0.719136,-1.814133,guided_exp
10:23:31.499,1,-0.130241,1.442898,-0.424418,guided_exp
10:23:31.582,2,-2.522703,0.476738,-1.758338,guided_exp
10:23:31.582,1,-0.047128,1.442973,-0.420738,guided_exp
10:23:31.683,2,-2.541765,0.319007,-1.668811,guided_exp
10:23:31.683,1,-0.146993,1.442395,-0.465422,guided_exp
10:23:31.782,2,-2.561581,0.262675,-1.59661,guided_exp
10:23:31.783,1,-0.158743,1.442579,-0.495254,guided_exp
10:23:31.882,2,-2.602845,0.6932,-1.505226,guided_exp
10:23:31.882,1,-0.165574,1.442712,-0.41087,guided_exp
10:23:31.983,2,-2.63436,0.528537,-1.433329,guided_exp
10:23:31.983,1,-0.163227,1.442724,-0.407176,guided_exp
10:23:32.083,2,-2.680981,0.561124,-1.366745,guided_exp
10:23:32.083,1,-0.173129,1.442934,-0.514343,guided_exp
10:23:32.182,2,-2.731178,0.510249,-1.305643,guided_exp
10:23:32.182,1,-0.137209,1.442852,-0.460941,guided_exp
10:23:32.283,2,-2.794858,0.447265,-1.238032,guided_exp
10:23:32.283,1,-0.172643,1.442493,-0.467555,guided_exp
10:23:32.383,2,-2.857997,0.699397,-1.175733,guided_exp
10:23:32.383,1,-0.198213,1.442694,-0.481031,guided_exp
10:23:32.482,2,-2.898978,0.524094,-1.153007,guided_exp
10:23:32.482,1,-0.177319,1.442802,-0.455879,guided_exp
10:23:32.583,2,-2.929761,0.68977,-1.103295,guided_exp
10:23:32.583,1,-0.196138,1.442851,-0.422492,guided_exp
10:23:32.683,2,-2.960789,0.511617,-1.061974,guided_exp
10:23:32.683,1,-0.14666,1.442564,-0.438889,guided_exp
10:23:32.782,2,-2.987294,0.500421,-1.019544,guided_exp
10:23:32.782,1,-0.187816,1.442651,-0.504666,guided_exp
10:23:32.865,2,-3.002248,0.694535,-0.977425,guided_exp
10:23:32.865,1,-0.166255,1.442546,-0.417767,guided_exp
10:23:32.966,2,-3.013227,0.417574,-0.936865,guided_exp
10:23:32.967,1,-0.12489,1.442484,-0.450956,guided_exp
10:23:33.066,2,-3.022855,0.684939,-0.899774,guided_exp
10:23:33.066,1,-0.172117,1.442602,-0.418474,guided_exp
10:23:33.165,2,-3.028196,0.536314,-0.867279,guided_exp
10:23:33.165,1,-0.109878,1.442554,-0.450294,guided_exp
10:23:33.248,2,-3.030026,0.749967,-0.861902,guided_exp
10:23:33.249,1,-0.115597,1.442651,-0.427297,guided_exp
10:23:33.349,2,-3.047723,0.390589,-0.837759,guided_exp
10:23:33.350,1,-0.148615,1.44268,-0.381681,guided_exp
10:23:33.449,2,-3.049864,0.476347,-0.829451,guided_exp
10:23:33.449,1,-0.178162,1.442633,-0.489693,guided_exp
10:23:33.532,2,-3.052643,0.614688,-0.822171,guided_exp
10:23:33.532,1,-0.185132,1.442807,-0.53207,guided_exp
10:23:33.615,2,-3.052817,0.446348,-0.820026,guided_exp
10:23:33.615,1,-0.182023,1.443274,-0.487463,guided_exp
10:23:33.715,2,-3.054145,0.496943,-0.816781,guided_exp
10:23:33.715,1,-0.160702,1.443153,-0.424321,guided_exp
10:23:33.865,2,-3.054714,0.266719,-0.815197,guided_exp
10:23:33.865,1,-0.163302,1.443167,-0.412008,guided_exp
10:23:33.949,2,-3.055995,0.783259,-0.812519,guided_exp
10:23:33.949,1,-0.047649,1.443272,-0.418358,guided_exp
10:23:34.032,2,-3.05605,0.618856,-0.809241,guided_exp
10:23:34.032,1,-0.17476,1.442857,-0.527003,guided_exp
10:23:34.115,2,-3.055999,0.579108,-0.811469,guided_exp
10:23:34.115,1,-0.179231,1.443012,-0.458691,guided_exp
10:23:34.199,2,-3.05892,0.593188,-0.804108,guided_exp
10:23:34.199,1,-0.182893,1.443187,-0.495496,guided_exp
10:23:34.332,2,-3.060426,0.702976,-0.79254,guided_exp
10:23:34.332,1,-0.195398,1.443462,-0.477475,guided_exp
10:23:34.415,2,-3.060847,0.466916,-0.791024,guided_exp
10:23:34.416,1,-0.162389,1.443224,-0.424343,guided_exp
10:23:34.499,2,-3.062213,0.539062,-0.790275,guided_exp
10:23:34.499,1,-0.183765,1.443237,-0.492345,guided_exp
10:23:34.582,2,-3.06155,0.648073,-0.791074,guided_exp
10:23:34.582,1,-0.166554,1.442924,-0.543681,guided_exp
10:23:34.665,2,-3.06409,0.697279,-0.78431,guided_exp
10:23:34.665,1,-0.186386,1.442224,-0.513793,guided_exp
10:23:34.749,2,-3.061064,0.389295,-0.788745,guided_exp
10:23:34.749,1,-0.215691,1.442238,-0.497954,guided_exp
10:23:34.850,2,-3.061092,0.466472,-0.788402,guided_exp
10:23:34.851,1,-0.209774,1.442816,-0.565348,guided_exp
10:23:34.949,2,-3.063107,0.697194,-0.792557,guided_exp
10:23:34.949,1,-0.145378,1.441911,-0.456777,guided_exp
10:23:35.049,2,-3.062168,0.525703,-0.791598,guided_exp
10:23:35.049,1,-0.149289,1.441788,-0.261685,guided_exp
10:23:35.132,2,-3.063365,0.454829,-0.791896,guided_exp
10:23:35.132,1,-0.177364,1.441944,-0.548679,guided_exp
10:23:35.215,2,-3.063203,0.542431,-0.790795,guided_exp
10:23:35.215,1,-0.159228,1.441602,-0.45463,guided_exp
10:23:35.299,2,-3.063107,0.547647,-0.786377,guided_exp
10:23:35.299,1,-0.203502,1.441432,-0.430049,guided_exp
10:23:35.382,2,-3.06187,0.729643,-0.784176,guided_exp
10:23:35.382,1,-0.188937,1.441699,-0.50002,guided_exp
10:23:35.482,2,-3.061933,0.726173,-0.783682,guided_exp
10:23:35.482,1,-0.209743,1.441806,-0.476613,guided_exp
10:23:35.565,2,-3.059317,0.739581,-0.78731,guided_exp
10:23:35.565,1,-0.159722,1.441674,-0.527849,guided_exp
10:23:35.649,2,-3.059922,0.438401,-0.785687,guided_exp
10:23:35.649,1,-0.164276,1.441205,-0.467859,guided_exp
10:23:35.732,2,-3.059605,0.693686,-0.784979,guided_exp
10:23:35.732,1,-0.187579,1.440711,-0.53415,guided_exp
10:23:35.815,2,-3.060763,0.418922,-0.783958,guided_exp
10:23:35.815,1,-0.183038,1.441207,-0.565383,guided_exp
10:23:35.916,2,-3.061836,0.635576,-0.784325,guided_exp
10:23:35.917,1,-0.249159,1.441472,-0.536678,guided_exp
10:23:36.015,2,-3.063314,0.673888,-0.784126,guided_exp
10:23:36.016,1,-0.223271,1.441034,-0.521467,guided_exp
10:23:36.116,2,-3.064822,0.543741,-0.784136,guided_exp
10:23:36.116,1,-0.199074,1.44106,-0.539485,guided_exp
10:23:36.216,2,-3.070984,0.632067,-0.782547,guided_exp
10:23:36.217,1,-0.240396,1.441305,-0.594924,guided_exp
10:23:36.315,2,-3.070202,0.506752,-0.783784,guided_exp
10:23:36.315,1,-0.260277,1.441761,-0.63381,guided_exp
10:23:36.466,2,-3.070199,0.644782,-0.785302,guided_exp
10:23:36.466,1,-0.329012,1.442262,-0.636035,guided_exp
10:23:36.549,2,-3.070796,0.731787,-0.786121,guided_exp
10:23:36.549,1,-0.315884,1.442466,-0.82901,guided_exp
10:23:36.632,2,-3.070709,0.708872,-0.786688,guided_exp
10:23:36.633,1,-0.345085,1.44222,-0.881007,guided_exp
10:23:36.732,2,-3.070618,0.459734,-0.788578,guided_exp
10:23:36.732,1,-0.397599,1.442281,-0.933077,guided_exp
10:23:36.816,2,-3.073825,0.623767,-0.796691,guided_exp
10:23:36.816,1,-0.447858,1.441776,-1.012068,guided_exp
10:23:36.916,2,-3.068281,0.502252,-0.809995,guided_exp
10:23:36.917,1,-0.514409,1.441578,-0.983925,guided_exp
10:23:37.016,2,-3.065691,0.715674,-0.815127,guided_exp
10:23:37.016,1,-0.584324,1.4418,-1.028294,guided_exp
10:23:37.116,2,-3.065507,0.588151,-0.857561,guided_exp
10:23:37.116,1,-0.609372,1.44157,-1.067351,guided_exp
10:23:37.216,2,-3.072521,0.596659,-0.892699,guided_exp
10:23:37.216,1,-0.657167,1.441601,-1.111254,guided_exp
10:23:37.316,2,-3.081333,0.550606,-0.905754,guided_exp
10:23:37.316,1,-0.714547,1.441622,-1.149074,guided_exp
10:23:37.416,2,-3.084991,0.7725,-0.909323,guided_exp
10:23:37.416,1,-0.772291,1.441321,-1.211373,guided_exp
10:23:37.534,2,-3.084869,0.706126,-0.909933,guided_exp
10:23:37.535,1,-0.814099,1.441224,-1.264508,guided_exp
10:23:37.633,2,-3.085484,0.528617,-0.907554,guided_exp
10:23:37.633,1,-0.872084,1.441717,-1.325272,guided_exp
10:23:37.732,2,-3.078071,0.720469,-0.885117,guided_exp
10:23:37.732,1,-0.934142,1.441868,-1.370667,guided_exp
10:23:37.833,2,-3.076994,0.522604,-0.879195,guided_exp
10:23:37.833,1,-0.964094,1.441454,-1.399417,guided_exp
10:23:37.932,2,-3.06773,0.687045,-0.847055,guided_exp
10:23:37.932,1,-1.052154,1.441619,-1.442051,guided_exp
10:23:38.016,2,-3.068454,0.702142,-0.844376,guided_exp
10:23:38.017,1,-1.109448,1.441549,-1.471028,guided_exp
10:23:38.116,2,-3.065249,0.704654,-0.829321,guided_exp
10:23:38.116,1,-1.213762,1.44135,-1.515298,guided_exp
10:23:38.215,2,-3.061879,0.690384,-0.822549,guided_exp
10:23:38.215,1,-1.295063,1.441421,-1.54182,guided_exp
10:23:38.316,2,-3.06106,0.621414,-0.814592,guided_exp
10:23:38.317,1,-1.384378,1.442279,-1.574426,guided_exp
10:23:38.416,2,-3.06049,0.288173,-0.813502,guided_exp
10:23:38.417,1,-1.444845,1.442308,-1.591954,guided_exp
10:23:38.516,2,-3.05903,0.698235,-0.809646,guided_exp
10:23:38.516,1,-1.489407,1.442237,-1.599961,guided_exp
10:23:38.615,2,-3.054646,0.20304,-0.800133,guided_exp
10:23:38.615,1,-1.530812,1.44233,-1.611955,guided_exp
10:23:38.699,2,-3.054262,0.62595,-0.800167,guided_exp
10:23:38.699,1,-1.560421,1.44244,-1.591652,guided_exp
10:23:38.782,2,-3.054023,0.629281,-0.799699,guided_exp
10:23:38.782,1,-1.588218,1.442661,-1.559517,guided_exp
10:23:38.883,2,-3.053662,0.458233,-0.798772,guided_exp
10:23:38.883,1,-1.597816,1.442245,-1.549006,guided_exp
10:23:38.982,2,-3.053787,0.609854,-0.798104,guided_exp
10:23:38.982,1,-1.623868,1.442559,-1.498627,guided_exp
10:23:39.065,2,-3.053254,0.424766,-0.797071,guided_exp
10:23:39.066,1,-1.635224,1.442932,-1.46242,guided_exp
10:23:39.149,2,-3.052834,0.715729,-0.796573,guided_exp
10:23:39.149,1,-1.631288,1.442332,-1.451893,guided_exp
10:23:39.232,2,-3.052986,0.900141,-0.797086,guided_exp
10:23:39.232,1,-1.633574,1.442216,-1.439771,guided_exp
10:23:39.332,2,-3.053604,0.677504,-0.796907,guided_exp
10:23:39.332,1,-1.649603,1.442402,-1.436664,guided_exp
10:23:39.433,2,-3.054029,0.699018,-0.797224,guided_exp
10:23:39.433,1,-1.68102,1.44258,-1.39752,guided_exp
10:23:39.534,2,-3.054153,0.706118,-0.798438,guided_exp
10:23:39.534,1,-1.701709,1.442775,-1.414058,guided_exp
10:23:39.632,2,-3.054377,0.707764,-0.798652,guided_exp
10:23:39.632,1,-1.713211,1.442314,-1.399211,guided_exp
10:23:39.733,2,-3.05415,0.556254,-0.798908,guided_exp
10:23:39.733,1,-1.753576,1.442113,-1.41348,guided_exp
10:23:39.833,2,-3.05396,0.555737,-0.799716,guided_exp
10:23:39.833,1,-1.761298,1.442519,-1.395603,guided_exp
10:23:39.933,2,-3.054045,0.753201,-0.802307,guided_exp
10:23:39.933,1,-1.763096,1.442661,-1.389075,guided_exp
10:23:40.033,2,-3.053987,0.6965,-0.805461,guided_exp
10:23:40.033,1,-1.766412,1.442213,-1.38284,guided_exp
10:23:40.132,2,-3.053102,0.690718,-0.811178,guided_exp
10:23:40.132,1,-1.77439,1.442348,-1.40684,guided_exp
10:23:40.215,2,-3.052241,0.60934,-0.815272,guided_exp
10:23:40.215,1,-1.788054,1.44231,-1.451654,guided_exp
10:23:40.316,2,-3.052073,0.687764,-0.816804,guided_exp
10:23:40.317,1,-1.771391,1.442695,-1.418303,guided_exp
10:23:40.416,2,-3.051566,0.455961,-0.818229,guided_exp
10:23:40.417,1,-1.77054,1.442489,-1.423041,guided_exp
10:23:40.516,2,-3.051605,0.509127,-0.818472,guided_exp
10:23:40.517,1,-1.751588,1.442416,-1.40634,guided_exp
10:23:40.615,2,-3.051509,0.625936,-0.818124,guided_exp
10:23:40.616,1,-1.747548,1.442468,-1.394661,guided_exp
10:23:40.717,2,-3.052767,0.701379,-0.817161,guided_exp
10:23:40.718,1,-1.742479,1.442637,-1.394938,guided_exp
10:23:40.815,2,-3.052578,0.670815,-0.813657,guided_exp
10:23:40.815,1,-1.732943,1.442631,-1.399864,guided_exp
10:23:40.899,2,-3.05321,0.373255,-0.811555,guided_exp
10:23:40.899,1,-1.732163,1.442263,-1.385232,guided_exp
10:23:40.982,2,-3.054793,0.595533,-0.809513,guided_exp
10:23:40.982,1,-1.723022,1.442363,-1.408384,guided_exp
10:23:41.065,2,-3.054931,0.695195,-0.806232,guided_exp
10:23:41.065,1,-1.710863,1.442664,-1.405766,guided_exp
10:23:41.149,2,-3.054754,0.506536,-0.803341,guided_exp
10:23:41.149,1,-1.707893,1.442859,-1.406088,guided_exp
10:23:41.232,2,-3.055967,0.5799,-0.801779,guided_exp
10:23:41.232,1,-1.700045,1.443213,-1.408578,guided_exp
10:23:41.315,2,-3.055491,0.532607,-0.797082,guided_exp
10:23:41.316,1,-1.697236,1.443443,-1.409244,guided_exp
10:23:41.399,2,-3.055233,0.591556,-0.796684,guided_exp
10:23:41.399,1,-1.663289,1.443143,-1.38033,guided_exp
10:23:41.500,2,-3.055154,0.519485,-0.796599,guided_exp
10:23:41.500,1,-1.658597,1.442809,-1.383423,guided_exp
10:23:41.599,2,-3.053638,0.64426,-0.796615,guided_exp
10:23:41.599,1,-1.657145,1.443336,-1.381847,guided_exp
10:23:41.682,2,-3.053619,0.669729,-0.796973,guided_exp
10:23:41.682,1,-1.65596,1.44302,-1.381654,guided_exp
10:23:41.765,2,-3.053859,0.532213,-0.800265,guided_exp
10:23:41.765,1,-1.653372,1.442886,-1.381145,guided_exp
10:23:41.849,2,-3.05454,0.576177,-0.803467,guided_exp
10:23:41.849,1,-1.651911,1.442272,-1.380341,guided_exp
10:23:41.932,2,-3.054834,0.519039,-0.808013,guided_exp
10:23:41.932,1,-1.650601,1.442715,-1.378863,guided_exp
10:23:42.065,2,-3.059418,0.589644,-0.826041,guided_exp
10:23:42.065,1,-1.644504,1.442142,-1.377532,guided_exp
10:23:42.150,2,-3.063208,0.409902,-0.848322,guided_exp
10:23:42.151,1,-1.634683,1.442139,-1.376388,guided_exp
10:23:42.250,2,-3.06719,0.534674,-0.892498,guided_exp
10:23:42.251,1,-1.627139,1.441141,-1.370543,guided_exp
10:23:42.350,2,-3.080883,0.549066,-0.945778,guided_exp
10:23:42.351,1,-1.622139,1.440956,-1.372666,guided_exp
10:23:42.449,2,-3.081875,0.759331,-1.003786,guided_exp
10:23:42.449,1,-1.619294,1.441745,-1.373157,guided_exp
10:23:42.532,2,-3.077319,0.604329,-1.056905,guided_exp
10:23:42.532,1,-1.617972,1.441441,-1.381198,guided_exp
10:23:42.615,2,-3.072553,0.521414,-1.088211,guided_exp
10:23:42.615,1,-1.613464,1.441674,-1.379931,guided_exp
10:23:42.699,2,-3.064753,0.484915,-1.1402,guided_exp
10:23:42.699,1,-1.597932,1.441523,-1.373729,guided_exp
10:23:42.782,2,-3.050098,0.739673,-1.181798,guided_exp
10:23:42.782,1,-1.586116,1.44163,-1.368266,guided_exp
10:23:42.865,2,-3.018982,0.638234,-1.258723,guided_exp
10:23:42.866,1,-1.546515,1.441398,-1.35853,guided_exp
10:23:42.950,2,-3.003914,0.684115,-1.300534,guided_exp
10:23:42.950,1,-1.542705,1.441091,-1.363274,guided_exp
10:23:43.049,2,-2.958504,0.480769,-1.383906,guided_exp
10:23:43.049,1,-1.528017,1.441236,-1.356138,guided_exp
10:23:43.132,2,-2.936532,0.592584,-1.436327,guided_exp
10:23:43.132,1,-1.482114,1.440953,-1.339042,guided_exp
10:23:43.215,2,-2.912613,0.626028,-1.491849,guided_exp
10:23:43.216,1,-1.482402,1.441293,-1.336869,guided_exp
10:23:43.299,2,-2.88918,0.677858,-1.550913,guided_exp
10:23:43.299,1,-1.459532,1.441186,-1.310247,guided_exp
10:23:43.382,2,-2.886846,0.685597,-1.590673,guided_exp
10:23:43.382,1,-1.454886,1.441604,-1.307928,guided_exp
10:23:43.465,2,-2.885861,0.697508,-1.637384,guided_exp
10:23:43.465,1,-1.401139,1.441566,-1.266262,guided_exp
10:23:43.549,2,-2.887667,0.540361,-1.665865,guided_exp
10:23:43.549,1,-1.348609,1.441767,-1.221722,guided_exp
10:23:43.632,2,-2.893886,0.517565,-1.710985,guided_exp
10:23:43.632,1,-1.323845,1.441418,-1.242867,guided_exp
10:23:43.715,2,-2.898108,0.295076,-1.730113,guided_exp
10:23:43.715,1,-1.312613,1.441704,-1.242934,guided_exp
10:23:43.799,2,-2.905461,0.526076,-1.757428,guided_exp
10:23:43.799,1,-1.262973,1.442238,-1.223598,guided_exp
10:23:43.882,2,-2.915236,0.442423,-1.792215,guided_exp
10:23:43.882,1,-1.247477,1.442127,-1.21293,guided_exp
10:23:43.966,2,-2.921785,0.696442,-1.819143,guided_exp
10:23:43.966,1,-1.231834,1.442431,-1.197076,guided_exp
10:23:44.067,2,-2.92241,0.60507,-1.849985,guided_exp
10:23:44.067,1,-1.196353,1.442148,-1.186502,guided_exp
10:23:44.166,2,-2.919715,0.748482,-1.871742,guided_exp
10:23:44.167,1,-1.124006,1.4421,-1.185872,guided_exp
10:23:44.265,2,-2.91179,0.682114,-1.88847,guided_exp
10:23:44.266,1,-1.06162,1.442507,-1.199878,guided_exp
10:23:44.349,2,-2.902628,0.751369,-1.902545,guided_exp
10:23:44.349,1,-1.015418,1.442655,-1.177201,guided_exp
10:23:44.450,2,-2.883719,0.68873,-1.918739,guided_exp
10:23:44.450,1,-0.931793,1.44226,-1.20475,guided_exp
10:23:44.549,2,-2.853629,0.60018,-1.9397,guided_exp
10:23:44.549,1,-0.900294,1.442328,-1.22569,guided_exp
10:23:44.633,2,-2.833689,0.757756,-1.948379,guided_exp
10:23:44.633,1,-0.881498,1.442824,-1.227589,guided_exp
10:23:44.732,2,-2.786373,0.523233,-1.972014,guided_exp
10:23:44.732,1,-0.818977,1.442852,-1.298459,guided_exp
10:23:44.833,2,-2.762141,0.67819,-1.985106,guided_exp
10:23:44.835,1,-0.820905,1.442499,-1.298033,guided_exp
10:23:44.932,2,-2.710478,0.699565,-2.005914,guided_exp
10:23:44.933,1,-0.808977,1.441862,-1.302325,guided_exp
10:23:45.032,2,-2.689093,0.699345,-2.016992,guided_exp
10:23:45.033,1,-0.80783,1.441548,-1.305697,guided_exp
10:23:45.133,2,-2.651452,0.502964,-2.030128,guided_exp
10:23:45.133,1,-0.794025,1.441927,-1.304092,guided_exp
10:23:45.233,2,-2.638539,0.745691,-2.036277,guided_exp
10:23:45.233,1,-0.789873,1.442259,-1.303757,guided_exp
10:23:45.333,2,-2.619631,0.68805,-2.042861,guided_exp
10:23:45.333,1,-0.785775,1.442455,-1.302653,guided_exp
10:23:45.433,2,-2.597816,0.702564,-2.050381,guided_exp
10:23:45.433,1,-0.78193,1.442372,-1.307599,guided_exp
10:23:45.549,2,-2.589695,0.704499,-2.051279,guided_exp
10:23:45.549,1,-0.778551,1.44212,-1.30999,guided_exp
10:23:45.650,2,-2.578478,0.691761,-2.054021,guided_exp
10:23:45.651,1,-0.776948,1.441745,-1.312103,guided_exp
10:23:45.749,2,-2.573634,0.491077,-2.054775,guided_exp
10:23:45.749,1,-0.770504,1.441686,-1.329542,guided_exp
10:23:45.849,2,-2.567295,0.468029,-2.055936,guided_exp
10:23:45.849,1,-0.76831,1.441362,-1.330171,guided_exp
10:23:45.951,2,-2.563124,0.587225,-2.055856,guided_exp
10:23:45.952,1,-0.761724,1.441508,-1.322576,guided_exp
10:23:46.051,2,-2.559237,0.519886,-2.055846,guided_exp
10:23:46.052,1,-0.760729,1.441382,-1.322535,guided_exp
10:23:46.149,2,-2.553731,0.757818,-2.058367,guided_exp
10:23:46.149,1,-0.759423,1.440947,-1.323939,guided_exp
10:23:46.250,2,-2.549338,0.311429,-2.059095,guided_exp
10:23:46.250,1,-0.757862,1.440751,-1.326324,guided_exp
10:23:46.351,2,-2.542767,0.659891,-2.063371,guided_exp
10:23:46.351,1,-0.749782,1.440506,-1.322529,guided_exp
10:23:46.432,2,-2.534296,0.480261,-2.068631,guided_exp
10:23:46.432,1,-0.74942,1.440619,-1.31889,guided_exp
10:23:46.582,2,-2.505131,0.835558,-2.08355,guided_exp
10:23:46.582,1,-0.747836,1.44034,-1.319938,guided_exp
10:23:46.683,2,-2.484571,0.512309,-2.08644,guided_exp
10:23:46.683,1,-0.746922,1.44024,-1.317057,guided_exp
10:23:46.783,2,-2.469516,0.45033,-2.085357,guided_exp
10:23:46.783,1,-0.747187,1.440568,-1.317276,guided_exp
10:23:46.882,2,-2.454666,0.766468,-2.081263,guided_exp
10:23:46.882,1,-0.745807,1.440465,-1.317555,guided_exp
10:23:46.983,2,-2.434497,0.747112,-2.072652,guided_exp
10:23:46.985,1,-0.746021,1.44034,-1.318946,guided_exp
10:23:47.065,2,-2.412819,0.50535,-2.0629,guided_exp
10:23:47.065,1,-0.745314,1.440794,-1.318387,guided_exp
10:23:47.216,2,-2.370251,0.712137,-2.039612,guided_exp
10:23:47.216,1,-0.747094,1.440595,-1.327254,guided_exp
10:23:47.317,2,-2.346872,0.760408,-2.028813,guided_exp
10:23:47.317,1,-0.747017,1.440623,-1.327714,guided_exp
10:23:47.416,2,-2.311166,0.747757,-2.014364,guided_exp
10:23:47.417,1,-0.746444,1.440761,-1.326306,guided_exp
10:23:47.518,2,-2.283967,0.460515,-2.000052,guided_exp
10:23:47.518,1,-0.745089,1.440728,-1.325087,guided_exp
10:23:47.616,2,-2.266382,0.537216,-1.993268,guided_exp
10:23:47.618,1,-0.749499,1.440843,-1.331204,guided_exp
10:23:47.716,2,-2.250651,0.472518,-1.987191,guided_exp
10:23:47.717,1,-0.74983,1.44068,-1.331424,guided_exp
10:23:47.816,2,-2.214724,0.745755,-1.984133,guided_exp
10:23:47.817,1,-0.754131,1.440511,-1.336767,guided_exp
10:23:47.916,2,-2.186786,0.709394,-1.987244,guided_exp
10:23:47.917,1,-0.753444,1.439831,-1.334291,guided_exp
10:23:48.015,2,-2.133895,0.714829,-1.997263,guided_exp
10:23:48.016,1,-0.753799,1.439547,-1.334399,guided_exp
10:23:48.166,2,-2.061763,0.507058,-2.014127,guided_exp
10:23:48.166,1,-0.753627,1.440137,-1.333282,guided_exp
10:23:48.266,2,-2.011622,0.706461,-2.03008,guided_exp
10:23:48.267,1,-0.756699,1.440241,-1.332287,guided_exp
10:23:48.366,2,-1.965785,0.460839,-2.0469,guided_exp
10:23:48.367,1,-0.75674,1.440007,-1.331758,guided_exp
10:23:48.449,2,-1.927569,0.512002,-2.066777,guided_exp
10:23:48.449,1,-0.753263,1.439683,-1.332185,guided_exp
10:23:48.533,2,-1.904813,0.582846,-2.076407,guided_exp
10:23:48.533,1,-0.757093,1.439673,-1.327639,guided_exp
10:23:48.633,2,-1.879048,0.593311,-2.088044,guided_exp
10:23:48.633,1,-0.759601,1.440584,-1.326016,guided_exp
10:23:48.735,2,-1.854079,0.623971,-2.097557,guided_exp
10:23:48.735,1,-0.758472,1.440467,-1.319726,guided_exp
10:23:48.833,2,-1.822356,0.447937,-2.110649,guided_exp
10:23:48.833,1,-0.761288,1.440396,-1.317399,guided_exp
10:23:48.933,2,-1.817868,0.567077,-2.112087,guided_exp
10:23:48.933,1,-0.765029,1.440638,-1.310972,guided_exp
10:23:49.033,2,-1.801121,0.688583,-2.119822,guided_exp
10:23:49.033,1,-0.769128,1.441671,-1.311564,guided_exp
10:23:49.115,2,-1.796824,0.584168,-2.122555,guided_exp
10:23:49.116,1,-0.769842,1.442538,-1.311975,guided_exp
10:23:49.199,2,-1.791924,0.67611,-2.125407,guided_exp
10:23:49.199,1,-0.77241,1.442705,-1.313072,guided_exp
10:23:49.282,2,-1.78782,0.657949,-2.128408,guided_exp
10:23:49.282,1,-0.773092,1.443285,-1.312668,guided_exp
10:23:49.383,2,-1.780489,0.573463,-2.131249,guided_exp
10:23:49.383,1,-0.774552,1.443696,-1.31269,guided_exp
10:23:49.482,2,-1.775999,0.592397,-2.132369,guided_exp
10:23:49.483,1,-0.777692,1.443309,-1.315038,guided_exp
10:23:49.584,2,-1.770271,0.58936,-2.133139,guided_exp
10:23:49.584,1,-0.776509,1.431591,-1.311942,guided_exp
10:23:49.665,2,-1.767655,0.620614,-2.133114,guided_exp
10:23:49.666,1,-0.778146,1.432128,-1.311617,guided_exp
10:23:49.749,2,-1.76589,0.531369,-2.133275,guided_exp
10:23:49.749,1,-0.779978,1.431785,-1.311426,guided_exp
10:23:49.832,2,-1.764135,0.488199,-2.132849,guided_exp
10:23:49.832,1,-0.780796,1.426947,-1.310775,guided_exp
10:23:49.916,2,-1.763799,0.605324,-2.132748,guided_exp
10:23:49.916,1,-0.784004,1.415783,-1.311648,guided_exp
10:23:50.017,2,-1.763515,0.446795,-2.132507,guided_exp
10:23:50.017,1,-0.783478,1.414398,-1.310449,guided_exp
10:23:50.099,2,-1.763948,0.521923,-2.130988,guided_exp
10:23:50.099,1,-0.782434,1.418361,-1.309452,guided_exp
10:23:50.182,2,-1.764425,0.539758,-2.130472,guided_exp
10:23:50.182,1,-0.782187,1.416056,-1.308328,guided_exp
10:23:50.266,2,-1.764211,0.695735,-2.129802,guided_exp
10:23:50.266,1,-0.783789,1.411847,-1.307181,guided_exp
10:23:50.366,2,-1.764451,0.560268,-2.129796,guided_exp
10:23:50.368,1,-0.783205,1.409904,-1.306572,guided_exp
10:23:50.466,2,-1.765787,0.545531,-2.128896,guided_exp
10:23:50.466,1,-0.782073,1.412863,-1.305729,guided_exp
10:23:50.549,2,-1.767529,0.678731,-2.126891,guided_exp
10:23:50.549,1,-0.77949,1.406365,-1.30252,guided_exp
10:23:50.633,2,-1.768867,0.565661,-2.125845,guided_exp
10:23:50.633,1,-0.778385,1.398711,-1.303212,guided_exp
10:23:50.715,2,-1.770409,0.614571,-2.122981,guided_exp
10:23:50.716,1,-0.771367,1.408604,-1.300049,guided_exp
10:23:50.800,2,-1.771391,1.022998,-2.122147,guided_exp
10:23:50.800,1,-0.769262,1.415353,-1.299737,guided_exp
10:23:50.899,2,-1.772641,0.689964,-2.121403,guided_exp
10:23:50.900,1,-0.761573,1.421156,-1.299832,guided_exp
10:23:50.999,2,-1.773699,0.616124,-2.121539,guided_exp
10:23:50.999,1,-0.732663,1.417703,-1.296081,guided_exp
10:23:51.082,2,-1.77426,0.432663,-2.121358,guided_exp
10:23:51.082,1,-0.731091,1.414828,-1.29553,guided_exp
10:23:51.184,2,-1.774759,0.694196,-2.121259,guided_exp
10:23:51.185,1,-0.715155,1.410264,-1.281924,guided_exp
10:23:51.283,2,-1.774756,0.572519,-2.120349,guided_exp
10:23:51.283,1,-0.702683,1.408134,-1.279391,guided_exp
10:23:51.382,2,-1.774315,0.525826,-2.119635,guided_exp
10:23:51.382,1,-0.674002,1.405026,-1.284254,guided_exp
10:23:51.482,2,-1.773703,0.535868,-2.119298,guided_exp
10:23:51.483,1,-0.67093,1.406476,-1.233016,guided_exp
10:23:51.583,2,-1.773225,0.514611,-2.118858,guided_exp
10:23:51.584,1,-0.631883,1.403759,-1.217269,guided_exp
10:23:51.683,2,-1.773031,0.400547,-2.118894,guided_exp
10:23:51.683,1,-0.608267,1.411403,-1.186138,guided_exp
10:23:51.783,2,-1.772761,0.529302,-2.119381,guided_exp
10:23:51.783,1,-0.591685,1.409465,-1.155658,guided_exp
10:23:51.884,2,-1.77259,0.695133,-2.120164,guided_exp
10:23:51.885,1,-0.575892,1.406024,-1.127502,guided_exp
10:23:51.966,2,-1.772898,0.280992,-2.118378,guided_exp
10:23:51.966,1,-0.54388,1.403159,-1.113003,guided_exp
10:23:52.050,2,-1.772577,0.676911,-2.117386,guided_exp
10:23:52.050,1,-0.539883,1.401721,-1.099114,guided_exp
10:23:52.150,2,-1.772307,0.869156,-2.117066,guided_exp
10:23:52.150,1,-0.511164,1.402829,-1.078403,guided_exp
10:23:52.250,2,-1.772462,0.542579,-2.118266,guided_exp
10:23:52.250,1,-0.476946,1.404287,-1.050322,guided_exp
10:23:52.349,2,-1.773261,0.535046,-2.117929,guided_exp
10:23:52.350,1,-0.432026,1.405574,-1.039621,guided_exp
10:23:52.449,2,-1.773835,0.337222,-2.116824,guided_exp
10:23:52.449,1,-0.398255,1.403416,-1.007373,guided_exp
10:23:52.532,2,-1.775006,0.759986,-2.11746,guided_exp
10:23:52.532,1,-0.43771,1.404691,-0.996967,guided_exp
10:23:52.616,2,-1.776302,0.805971,-2.117254,guided_exp
10:23:52.617,1,-0.391831,1.405977,-1.002717,guided_exp
10:23:52.716,2,-1.779389,0.678264,-2.116621,guided_exp
10:23:52.717,1,-0.366339,1.40655,-0.998699,guided_exp
10:23:52.816,2,-1.785854,0.496634,-2.114608,guided_exp
10:23:52.818,1,-0.350909,1.406032,-0.993417,guided_exp
10:23:52.916,2,-1.799051,0.641581,-2.107606,guided_exp
10:23:52.916,1,-0.383815,1.405262,-1.00674,guided_exp
10:23:53.017,2,-1.815963,0.608618,-2.101347,guided_exp
10:23:53.017,1,-0.364018,1.40502,-1.016235,guided_exp
10:23:53.100,2,-1.840939,0.627991,-2.087824,guided_exp
10:23:53.100,1,-0.367311,1.398212,-0.98576,guided_exp
10:23:53.200,2,-1.864338,0.677584,-2.076331,guided_exp
10:23:53.202,1,-0.357611,1.399747,-1.007587,guided_exp
10:23:53.301,2,-1.901743,0.768281,-2.051575,guided_exp
10:23:53.301,1,-0.366327,1.399901,-0.995876,guided_exp
10:23:53.399,2,-1.943267,0.462694,-2.025438,guided_exp
10:23:53.400,1,-0.365918,1.399757,-1.010956,guided_exp
10:23:53.499,2,-2.001868,0.739876,-1.995352,guided_exp
10:23:53.499,1,-0.378754,1.39925,-1.000455,guided_exp
10:23:53.582,2,-2.036469,0.706323,-1.978377,guided_exp
10:23:53.582,1,-0.393372,1.397804,-0.975162,guided_exp
10:23:53.668,2,-2.058883,0.54066,-1.964279,guided_exp
10:23:53.668,1,-0.396408,1.399007,-1.027266,guided_exp
10:23:53.749,2,-2.108651,0.812895,-1.932331,guided_exp
10:23:53.749,1,-0.397965,1.39884,-1.021122,guided_exp
10:23:53.833,2,-2.140684,0.500874,-1.910282,guided_exp
10:23:53.833,1,-0.423212,1.397771,-1.010189,guided_exp
10:23:53.916,2,-2.183259,0.715417,-1.875076,guided_exp
10:23:53.916,1,-0.375071,1.395164,-1.004267,guided_exp
10:23:53.999,2,-2.210749,0.643867,-1.842705,guided_exp
10:23:53.999,1,-0.403725,1.395499,-1.019644,guided_exp
10:23:54.082,2,-2.247546,0.400767,-1.792003,guided_exp
10:23:54.082,1,-0.431876,1.397546,-1.008123,guided_exp
10:23:54.185,2,-2.283112,0.792062,-1.732239,guided_exp
10:23:54.185,1,-0.384987,1.394767,-1.022491,guided_exp
10:23:54.283,2,-2.332056,0.658459,-1.642332,guided_exp
10:23:54.283,1,-0.405912,1.397024,-1.021374,guided_exp
10:23:54.382,2,-2.383073,1.190774,-1.54473,guided_exp
10:23:54.383,1,-0.408222,1.398664,-1.028673,guided_exp
10:23:54.485,2,-2.422279,0.81094,-1.449024,guided_exp
10:23:54.485,1,-0.406316,1.39926,-1.026705,guided_exp
10:23:54.566,2,-2.4703,0.63949,-1.364803,guided_exp
10:23:54.566,1,-0.41389,1.399855,-1.030978,guided_exp
10:23:54.651,2,-2.514243,0.725542,-1.309067,guided_exp
10:23:54.651,1,-0.42837,1.399952,-1.036206,guided_exp
10:23:54.749,2,-2.563585,0.962344,-1.242179,guided_exp
10:23:54.750,1,-0.426993,1.40049,-1.036629,guided_exp
10:23:54.849,2,-2.613039,0.833109,-1.172174,guided_exp
10:23:54.849,1,-0.42642,1.40105,-1.032335,guided_exp
10:23:54.950,2,-2.682827,1.103788,-1.096058,guided_exp
10:23:54.950,1,-0.424191,1.400548,-1.026064,guided_exp
10:23:55.051,2,-2.746287,1.148335,-1.033147,guided_exp
10:23:55.052,1,-0.41177,1.402285,-0.992726,guided_exp
10:23:55.132,2,-2.792628,1.366264,-0.978899,guided_exp
10:23:55.133,1,-0.384663,1.403717,-0.993248,guided_exp
10:23:55.282,2,-2.853494,1.297542,-0.911748,guided_exp
10:23:55.282,1,-0.373726,1.400813,-0.955992,guided_exp
10:23:55.366,2,-2.88317,1.406955,-0.88006,guided_exp
10:23:55.366,1,-0.343564,1.40162,-0.927797,guided_exp
10:23:55.483,2,-2.901746,1.4243,-0.856801,guided_exp
10:23:55.484,1,-0.36211,1.40012,-0.908119,guided_exp
10:23:55.566,2,-2.909814,1.424086,-0.844689,guided_exp
10:23:55.566,1,-0.356505,1.396685,-0.905307,guided_exp
10:23:55.650,2,-2.915676,1.421951,-0.839848,guided_exp
10:23:55.650,1,-0.352449,1.398374,-0.873782,guided_exp
10:23:55.749,2,-2.922915,1.418523,-0.832013,guided_exp
10:23:55.749,1,-0.329912,1.400717,-0.88945,guided_exp
10:23:55.851,2,-2.938629,1.415006,-0.815234,guided_exp
10:23:55.852,1,-0.33073,1.403501,-0.879393,guided_exp
10:23:55.950,2,-2.943806,1.418661,-0.807535,guided_exp
10:23:55.950,1,-0.367825,1.399916,-0.856825,guided_exp
10:23:56.032,2,-2.955106,1.423578,-0.795426,guided_exp
10:23:56.032,1,-0.383125,1.400747,-0.925114,guided_exp
10:23:56.182,2,-2.961069,1.450684,-0.788596,guided_exp
10:23:56.183,1,-0.328824,1.399421,-0.869263,guided_exp
10:23:56.283,2,-2.958907,1.463006,-0.793069,guided_exp
10:23:56.284,1,-0.385145,1.392011,-0.93201,guided_exp
10:23:56.383,2,-2.958834,1.467902,-0.803107,guided_exp
10:23:56.383,1,-0.369279,1.392181,-0.833878,guided_exp
10:23:56.482,2,-2.961014,1.465913,-0.794222,guided_exp
10:23:56.483,1,-0.277495,1.389301,-0.801114,guided_exp
10:23:56.583,2,-2.962261,1.458943,-0.791987,guided_exp
10:23:56.585,1,-0.189383,1.390977,-0.717076,guided_exp
10:23:56.683,2,-2.960797,1.461894,-0.792026,guided_exp
10:23:56.683,1,-0.284232,1.394485,-0.88883,guided_exp
10:23:56.800,2,-2.959278,1.458133,-0.790933,guided_exp
10:23:56.802,1,-0.328254,1.391941,-0.872383,guided_exp
10:23:56.900,2,-2.962761,1.465571,-0.788562,guided_exp
10:23:56.900,1,-0.308748,1.393649,-0.694716,guided_exp
10:23:56.999,2,-2.963927,1.470547,-0.787291,guided_exp
10:23:57.000,1,-0.304463,1.393943,-0.70689,guided_exp
10:23:57.101,2,-2.965307,1.469607,-0.785668,guided_exp
10:23:57.101,1,-0.290266,1.39502,-0.697964,guided_exp
10:23:57.201,2,-2.965341,1.473543,-0.784724,guided_exp
10:23:57.201,1,-0.309722,1.393935,-0.854493,guided_exp
10:23:57.300,2,-2.965618,1.460113,-0.784197,guided_exp
10:23:57.300,1,-0.260696,1.397269,-0.71413,guided_exp
10:23:57.400,2,-2.965898,1.463999,-0.783928,guided_exp
10:23:57.400,1,-0.301972,1.398101,-0.692945,guided_exp
10:23:57.517,2,-2.963828,1.466962,-0.785497,guided_exp
10:23:57.517,1,-0.322055,1.398888,-0.825748,guided_exp
10:23:57.616,2,-2.96548,1.46968,-0.783971,guided_exp
10:23:57.616,1,-0.299011,1.397695,-0.911909,guided_exp
10:23:57.716,2,-2.96549,1.471357,-0.783982,guided_exp
10:23:57.717,1,-0.299987,1.396736,-0.692039,guided_exp
10:23:57.816,2,-2.966467,1.479005,-0.784615,guided_exp
10:23:57.817,1,-0.255964,1.396933,-0.735733,guided_exp
10:23:57.916,2,-2.967903,1.472832,-0.784632,guided_exp
10:23:57.917,1,-0.340763,1.397226,-0.906598,guided_exp
10:23:58.016,2,-2.96791,1.487483,-0.784533,guided_exp
10:23:58.016,1,-0.241733,1.396378,-0.719167,guided_exp
10:23:58.133,2,-2.967844,1.476403,-0.785144,guided_exp
10:23:58.133,1,-0.32117,1.397003,-0.833539,guided_exp
10:23:58.232,2,-2.968668,1.483736,-0.785503,guided_exp
10:23:58.233,1,-0.302186,1.396276,-0.888337,guided_exp
10:23:58.316,2,-2.968514,1.475488,-0.785873,guided_exp
10:23:58.316,1,-0.275506,1.396858,-0.705213,guided_exp
10:23:58.416,2,-2.968948,1.480911,-0.785978,guided_exp
10:23:58.417,1,-0.319239,1.395832,-0.875698,guided_exp
10:23:58.518,2,-2.969417,1.482973,-0.786177,guided_exp
10:23:58.518,1,-0.296925,1.396395,-0.856255,guided_exp
10:23:58.616,2,-2.96965,1.485213,-0.786049,guided_exp
10:23:58.616,1,-0.318086,1.399756,-0.702112,guided_exp
10:23:58.717,2,-2.969373,1.475755,-0.787021,guided_exp
10:23:58.717,1,-0.293042,1.398754,-0.696782,guided_exp
10:23:58.800,2,-2.969086,1.454469,-0.788665,guided_exp
10:23:58.800,1,-0.238025,1.398449,-0.863121,guided_exp
10:23:58.900,2,-2.968088,1.468817,-0.790022,guided_exp
10:23:58.900,1,-0.270266,1.395718,-0.878174,guided_exp
10:23:59.000,2,-2.967847,1.467485,-0.790449,guided_exp
10:23:59.000,1,-0.293804,1.396013,-0.787944,guided_exp
10:23:59.099,2,-2.968431,1.475495,-0.790784,guided_exp
10:23:59.100,1,-0.316219,1.395946,-0.744648,guided_exp
10:23:59.182,2,-2.967055,1.480234,-0.791632,guided_exp
10:23:59.183,1,-0.226034,1.395137,-0.888818,guided_exp
10:23:59.283,2,-2.967462,1.478998,-0.791458,guided_exp
10:23:59.284,1,-0.32876,1.393565,-0.860372,guided_exp
10:23:59.383,2,-2.966407,1.477193,-0.792655,guided_exp
10:23:59.383,1,-0.253806,1.392593,-0.75856,guided_exp
10:23:59.500,2,-2.966074,1.48368,-0.794458,guided_exp
10:23:59.500,1,-0.30772,1.389699,-0.873426,guided_exp
10:23:59.600,2,-2.966033,1.473574,-0.794776,guided_exp
10:23:59.600,1,-0.296663,1.388103,-0.748174,guided_exp
10:23:59.699,2,-2.965438,1.476153,-0.796036,guided_exp
10:23:59.700,1,-0.304467,1.390285,-0.692247,guided_exp
10:23:59.782,2,-2.9658,1.475772,-0.796051,guided_exp
10:23:59.783,1,-0.335779,1.392413,-0.853797,guided_exp
10:23:59.866,2,-2.966035,1.475396,-0.795996,guided_exp
10:23:59.866,1,-0.21148,1.394508,-0.858304,guided_exp
10:23:59.949,2,-2.965816,1.475143,-0.796775,guided_exp
10:23:59.949,1,-0.276757,1.395458,-0.794105,guided_exp
10:24:00.099,2,-2.964927,1.501144,-0.798086,guided_exp
10:24:00.100,1,-0.250675,1.39554,-0.694528,guided_exp
10:24:00.200,2,-2.966878,1.50104,-0.797706,guided_exp
10:24:00.200,1,-0.258723,1.396848,-0.879397,guided_exp
10:24:00.282,2,-2.967281,1.497904,-0.798061,guided_exp
10:24:00.283,1,-0.306419,1.396858,-0.702309,guided_exp
10:24:00.366,2,-2.966774,1.494476,-0.799133,guided_exp
10:24:00.366,1,-0.339341,1.39804,-0.886588,guided_exp
10:24:00.466,2,-2.967432,1.493072,-0.798245,guided_exp
10:24:00.466,1,-0.275854,1.3978,-0.896093,guided_exp
10:24:00.567,2,-2.967067,1.491963,-0.798604,guided_exp
10:24:00.567,1,-0.357359,1.40327,-0.934259,guided_exp
10:24:00.666,2,-2.966599,1.491172,-0.798915,guided_exp
10:24:00.667,1,-0.3337,1.410143,-0.941868,guided_exp
10:24:00.766,2,-2.966419,1.490342,-0.79882,guided_exp
10:24:00.766,1,-0.38001,1.41553,-0.940027,guided_exp
10:24:00.849,2,-2.965953,1.490155,-0.799776,guided_exp
10:24:00.849,1,-0.418065,1.415843,-0.980534,guided_exp
10:24:00.933,2,-2.965639,1.503185,-0.800274,guided_exp
10:24:00.933,1,-0.455924,1.413118,-0.996414,guided_exp
10:24:01.033,2,-2.966041,1.497256,-0.801405,guided_exp
10:24:01.034,1,-0.508829,1.421342,-1.062487,guided_exp
10:24:01.133,2,-2.965359,1.493139,-0.802227,guided_exp
10:24:01.134,1,-0.478247,1.429643,-1.097994,guided_exp
10:24:01.233,2,-2.965442,1.482602,-0.802644,guided_exp
10:24:01.233,1,-0.515113,1.432508,-1.094547,guided_exp
10:24:01.333,2,-2.966666,1.480034,-0.812944,guided_exp
10:24:01.334,1,-0.543527,1.433412,-1.114717,guided_exp
10:24:01.433,2,-2.966924,1.483664,-0.814539,guided_exp
10:24:01.434,1,-0.557851,1.433835,-1.143115,guided_exp
10:24:01.533,2,-2.96675,1.483325,-0.817844,guided_exp
10:24:01.533,1,-0.550341,1.431912,-1.164588,guided_exp
10:24:01.634,2,-2.967055,1.485142,-0.819446,guided_exp
10:24:01.634,1,-0.568007,1.427243,-1.173148,guided_exp
10:24:01.735,2,-2.966645,1.479667,-0.821138,guided_exp
10:24:01.735,1,-0.572017,1.409393,-1.146423,guided_exp
10:24:01.833,2,-2.963951,1.472674,-0.823728,guided_exp
10:24:01.833,1,-0.57596,1.419879,-1.148615,guided_exp
10:24:01.933,2,-2.96319,1.482408,-0.825864,guided_exp
10:24:01.933,1,-0.576824,1.422899,-1.156687,guided_exp
10:24:02.033,2,-2.963687,1.478221,-0.826249,guided_exp
10:24:02.034,1,-0.578302,1.42915,-1.156824,guided_exp
10:24:02.133,2,-2.964108,1.479415,-0.829249,guided_exp
10:24:02.133,1,-0.579578,1.434976,-1.164546,guided_exp
10:24:02.235,2,-2.963605,1.472424,-0.829406,guided_exp
10:24:02.235,1,-0.58289,1.435051,-1.170543,guided_exp
10:24:02.333,2,-2.962606,1.46855,-0.830536,guided_exp
10:24:02.333,1,-0.585871,1.436333,-1.183136,guided_exp
10:24:02.433,2,-2.962409,1.45567,-0.830595,guided_exp
10:24:02.433,1,-0.586207,1.438663,-1.18344,guided_exp
10:24:02.533,2,-2.962345,1.446432,-0.831514,guided_exp
10:24:02.533,1,-0.589277,1.437447,-1.184769,guided_exp
10:24:02.632,2,-2.962344,1.425734,-0.831588,guided_exp
10:24:02.633,1,-0.589894,1.443225,-1.186041,guided_exp
10:24:02.716,2,-2.962261,1.415563,-0.831859,guided_exp
10:24:02.716,1,-0.589761,1.451388,-1.188319,guided_exp
10:24:02.799,2,-2.961382,1.418191,-0.830374,guided_exp
10:24:02.799,1,-0.590423,1.454145,-1.187052,guided_exp
10:24:02.883,2,-2.961464,1.411589,-0.830674,guided_exp
10:24:02.884,1,-0.591391,1.458511,-1.189921,guided_exp
10:24:02.983,2,-2.961181,1.398499,-0.831697,guided_exp
10:24:02.984,1,-0.590493,1.458659,-1.191823,guided_exp
10:24:03.066,2,-2.961211,1.417804,-0.831391,guided_exp
10:24:03.066,1,-0.588924,1.457983,-1.20268,guided_exp
10:24:03.150,2,-2.961671,1.413852,-0.831314,guided_exp
10:24:03.150,1,-0.58877,1.456458,-1.202384,guided_exp
10:24:03.232,2,-2.96174,1.447378,-0.831366,guided_exp
10:24:03.232,1,-0.589697,1.455589,-1.194499,guided_exp
10:24:03.317,2,-2.961701,1.473084,-0.831244,guided_exp
10:24:03.317,1,-0.589643,1.45403,-1.194187,guided_exp
10:24:03.417,2,-2.959521,1.471351,-0.833194,guided_exp
10:24:03.417,1,-0.59058,1.453134,-1.191915,guided_exp
10:24:03.517,2,-2.958326,1.473566,-0.827175,guided_exp
10:24:03.517,1,-0.595563,1.452657,-1.193076,guided_exp
10:24:03.616,2,-2.957331,1.422353,-0.827777,guided_exp
10:24:03.617,1,-0.595663,1.45176,-1.191507,guided_exp
10:24:03.717,2,-2.957513,1.425651,-0.82945,guided_exp
10:24:03.717,1,-0.587295,1.44831,-1.175184,guided_exp
10:24:03.817,2,-2.956648,1.435252,-0.830271,guided_exp
10:24:03.817,1,-0.571019,1.446158,-1.124443,guided_exp
10:24:03.900,2,-2.958235,1.431922,-0.829961,guided_exp
10:24:03.900,1,-0.564635,1.442844,-1.103806,guided_exp
10:24:03.982,2,-2.958745,1.439471,-0.830954,guided_exp
10:24:03.983,1,-0.552682,1.441134,-1.081424,guided_exp
10:24:04.066,2,-2.95838,1.441417,-0.831499,guided_exp
10:24:04.066,1,-0.523138,1.439377,-1.094172,guided_exp
10:24:04.168,2,-2.958842,1.446629,-0.831115,guided_exp
10:24:04.169,1,-0.518901,1.441143,-1.013327,guided_exp
10:24:04.266,2,-2.958781,1.446277,-0.831043,guided_exp
10:24:04.267,1,-0.507078,1.441658,-1.017167,guided_exp
10:24:04.366,2,-2.95867,1.448544,-0.83144,guided_exp
10:24:04.366,1,-0.4822,1.44137,-1.045467,guided_exp
10:24:04.449,2,-2.956991,1.446581,-0.831567,guided_exp
10:24:04.449,1,-0.499573,1.44154,-1.03721,guided_exp
10:24:04.550,2,-2.952517,1.437896,-0.835891,guided_exp
10:24:04.550,1,-0.522943,1.441392,-0.932794,guided_exp
10:24:04.650,2,-2.952458,1.442667,-0.836886,guided_exp
10:24:04.650,1,-0.446676,1.441459,-0.848202,guided_exp
10:24:04.732,2,-2.954059,1.45208,-0.836971,guided_exp
10:24:04.733,1,-0.466726,1.441131,-0.879813,guided_exp
10:24:04.882,2,-2.955989,1.449893,-0.836234,guided_exp
10:24:04.883,1,-0.50851,1.439713,-0.979617,guided_exp
10:24:04.966,2,-2.954395,1.443277,-0.837674,guided_exp
10:24:04.967,1,-0.506718,1.43972,-0.983802,guided_exp
10:24:05.067,2,-2.95396,1.437058,-0.837913,guided_exp
10:24:05.067,1,-0.51961,1.438892,-0.960224,guided_exp
10:24:05.149,2,-2.955391,1.447462,-0.837597,guided_exp
10:24:05.149,1,-0.513515,1.438936,-0.958755,guided_exp
10:24:05.317,2,-2.952499,1.44548,-0.838137,guided_exp
10:24:05.317,1,-0.518654,1.438911,-0.952305,guided_exp
10:24:05.416,2,-2.952854,1.440625,-0.837855,guided_exp
10:24:05.417,1,-0.522623,1.434074,-0.933632,guided_exp
10:24:05.516,2,-2.953644,1.44143,-0.839577,guided_exp
10:24:05.516,1,-0.525191,1.431407,-0.933723,guided_exp
10:24:05.616,2,-2.95391,1.437251,-0.838794,guided_exp
10:24:05.617,1,-0.521363,1.429723,-0.927399,guided_exp
10:24:05.717,2,-2.952121,1.440504,-0.839074,guided_exp
10:24:05.717,1,-0.518515,1.424762,-0.931004,guided_exp
10:24:05.816,2,-2.950155,1.440298,-0.839611,guided_exp
10:24:05.817,1,-0.522599,1.421476,-0.937801,guided_exp
10:24:05.917,2,-2.945986,1.442798,-0.841635,guided_exp
10:24:05.917,1,-0.521697,1.420586,-0.936276,guided_exp
10:24:06.016,2,-2.932269,1.440232,-0.843884,guided_exp
10:24:06.017,1,-0.516847,1.419168,-0.936293,guided_exp
10:24:06.116,2,-2.917918,1.438117,-0.849253,guided_exp
10:24:06.116,1,-0.51669,1.428959,-0.934993,guided_exp
10:24:06.217,2,-2.89737,1.43937,-0.852232,guided_exp
10:24:06.217,1,-0.517634,1.433976,-0.931626,guided_exp
10:24:06.316,2,-2.870627,1.440777,-0.864543,guided_exp
10:24:06.317,1,-0.513006,1.435528,-0.933885,guided_exp
10:24:06.416,2,-2.820254,1.435369,-0.882948,guided_exp
10:24:06.416,1,-0.508029,1.432924,-0.927019,guided_exp
10:24:06.517,2,-2.748507,1.43566,-0.91901,guided_exp
10:24:06.517,1,-0.50729,1.427098,-0.940765,guided_exp
10:24:06.616,2,-2.696872,1.425874,-0.956665,guided_exp
10:24:06.616,1,-0.502437,1.422831,-0.943475,guided_exp
10:24:06.716,2,-2.623476,1.430867,-1.00356,guided_exp
10:24:06.716,1,-0.51385,1.414753,-0.931289,guided_exp
10:24:06.817,2,-2.56406,1.43112,-1.049051,guided_exp
10:24:06.817,1,-0.513458,1.415013,-0.936694,guided_exp
10:24:06.918,2,-2.515499,1.432659,-1.082628,guided_exp
10:24:06.918,1,-0.511915,1.414802,-0.949447,guided_exp
10:24:06.999,2,-2.436013,1.427708,-1.112553,guided_exp
10:24:06.999,1,-0.507414,1.420132,-0.938816,guided_exp
10:24:07.083,2,-2.393146,1.426984,-1.112177,guided_exp
10:24:07.084,1,-0.505684,1.424793,-0.937873,guided_exp
10:24:07.166,2,-2.328295,1.42222,-1.120905,guided_exp
10:24:07.166,1,-0.499682,1.427718,-0.942261,guided_exp
10:24:07.317,2,-2.223305,1.424262,-1.132773,guided_exp
10:24:07.317,1,-0.500621,1.429144,-0.958222,guided_exp
10:24:07.417,2,-2.132927,1.425701,-1.135227,guided_exp
10:24:07.417,1,-0.501858,1.430212,-0.938806,guided_exp
10:24:07.499,2,-2.019515,1.431622,-1.133486,guided_exp
10:24:07.500,1,-0.502154,1.432518,-0.937913,guided_exp
10:24:07.582,2,-1.947815,1.432785,-1.129654,guided_exp
10:24:07.583,1,-0.492167,1.433184,-0.949288,guided_exp
10:24:07.683,2,-1.867043,1.43564,-1.132002,guided_exp
10:24:07.684,1,-0.493834,1.434687,-0.954514,guided_exp
10:24:07.785,2,-1.800833,1.437116,-1.146221,guided_exp
10:24:07.785,1,-0.496191,1.433379,-0.958092,guided_exp
10:24:07.866,2,-1.66857,1.43919,-1.157985,guided_exp
10:24:07.866,1,-0.510338,1.432638,-0.933526,guided_exp
10:24:07.949,2,-1.616088,1.440001,-1.166823,guided_exp
10:24:07.949,1,-0.512699,1.431996,-0.938642,guided_exp
10:24:08.032,2,-1.534205,1.442866,-1.186756,guided_exp
10:24:08.033,1,-0.51276,1.432721,-0.940532,guided_exp
10:24:08.117,2,-1.468685,1.443254,-1.204378,guided_exp
10:24:08.117,1,-0.505497,1.43271,-0.935749,guided_exp
10:24:08.217,2,-1.360728,1.441661,-1.231391,guided_exp
10:24:08.217,1,-0.517873,1.43232,-0.964988,guided_exp
10:24:08.299,2,-1.287992,1.444497,-1.243718,guided_exp
10:24:08.299,1,-0.472545,1.43274,-0.931381,guided_exp
10:24:08.382,2,-1.255532,1.444108,-1.248902,guided_exp
10:24:08.383,1,-0.479181,1.433048,-0.935701,guided_exp
10:24:08.466,2,-1.210671,1.442471,-1.254307,guided_exp
10:24:08.466,1,-0.480364,1.433091,-0.936393,guided_exp
10:24:08.567,2,-1.187025,1.440611,-1.255635,guided_exp
10:24:08.568,1,-0.476453,1.432852,-0.944605,guided_exp
10:24:08.649,2,-1.146115,1.437983,-1.25478,guided_exp
10:24:08.649,1,-0.48069,1.432758,-0.940916,guided_exp
10:24:08.732,2,-1.133287,1.437439,-1.25794,guided_exp
10:24:08.733,1,-0.484442,1.432792,-0.944433,guided_exp
10:24:08.816,2,-1.118905,1.43697,-1.258814,guided_exp
10:24:08.816,1,-0.491306,1.432448,-0.955694,guided_exp
10:24:08.899,2,-1.112151,1.436704,-1.261876,guided_exp
10:24:08.899,1,-0.499255,1.432629,-0.953474,guided_exp
10:24:09.000,2,-1.097746,1.435322,-1.264364,guided_exp
10:24:09.002,1,-0.507567,1.432943,-0.983193,guided_exp
10:24:09.101,2,-1.092138,1.435459,-1.266396,guided_exp
10:24:09.102,1,-0.526762,1.43287,-1.093449,guided_exp
10:24:09.183,2,-1.089167,1.435318,-1.271197,guided_exp
10:24:09.183,1,-0.545009,1.433761,-1.108777,guided_exp
10:24:09.267,2,-1.087551,1.436563,-1.27393,guided_exp
10:24:09.267,1,-0.555955,1.434332,-1.122485,guided_exp
10:24:09.349,2,-1.087353,1.436342,-1.274195,guided_exp
10:24:09.349,1,-0.561002,1.435415,-1.142283,guided_exp
10:24:09.435,2,-1.087218,1.444196,-1.274465,guided_exp
10:24:09.435,1,-0.554241,1.435394,-1.171553,guided_exp
10:24:09.516,2,-1.088809,1.443654,-1.27619,guided_exp
10:24:09.516,1,-0.548789,1.434744,-1.180894,guided_exp
10:24:09.683,2,-1.091658,1.444689,-1.276537,guided_exp
10:24:09.685,1,-0.554728,1.434048,-1.195629,guided_exp
10:24:09.783,2,-1.092953,1.436686,-1.277163,guided_exp
10:24:09.784,1,-0.50814,1.433503,-1.208372,guided_exp
10:24:09.866,2,-1.094332,1.435049,-1.281638,guided_exp
10:24:09.866,1,-0.521775,1.43295,-1.207937,guided_exp
10:24:09.951,2,-1.095787,1.446682,-1.284537,guided_exp
10:24:09.952,1,-0.516886,1.432947,-1.210732,guided_exp
10:24:10.051,2,-1.096643,1.436066,-1.28624,guided_exp
10:24:10.052,1,-0.512156,1.43243,-1.215174,guided_exp
10:24:10.132,2,-1.097829,1.367585,-1.286305,guided_exp
10:24:10.133,1,-0.509443,1.432075,-1.217419,guided_exp
10:24:10.216,2,-1.102633,1.398936,-1.288694,guided_exp
10:24:10.216,1,-0.514751,1.431837,-1.221621,guided_exp
10:24:10.299,2,-1.103255,1.362058,-1.289344,guided_exp
10:24:10.299,1,-0.514846,1.431665,-1.224723,guided_exp
10:24:10.383,2,-1.105174,1.351219,-1.287998,guided_exp
10:24:10.384,1,-0.528045,1.43132,-1.216231,guided_exp
10:24:10.483,2,-1.107602,1.356157,-1.290967,guided_exp
10:24:10.483,1,-0.506399,1.431776,-1.229239,guided_exp
10:24:10.566,2,-1.118057,1.37287,-1.294414,guided_exp
10:24:10.566,1,-0.507736,1.432433,-1.229239,guided_exp
10:24:10.649,2,-1.1182,1.364044,-1.297522,guided_exp
10:24:10.649,1,-0.512146,1.433277,-1.227571,guided_exp
10:24:10.733,2,-1.126045,1.373968,-1.300791,guided_exp
10:24:10.733,1,-0.523771,1.433866,-1.233642,guided_exp
10:24:10.816,2,-1.128456,1.361703,-1.302729,guided_exp
10:24:10.816,1,-0.570422,1.434026,-1.2211,guided_exp
10:24:10.899,2,-1.143917,1.392374,-1.311377,guided_exp
10:24:10.900,1,-0.517004,1.434758,-1.236259,guided_exp
10:24:10.982,2,-1.171048,1.371288,-1.321017,guided_exp
10:24:10.983,1,-0.525953,1.435932,-1.239407,guided_exp
10:24:11.066,2,-1.193085,1.38373,-1.323568,guided_exp
10:24:11.066,1,-0.562913,1.435304,-1.213163,guided_exp
10:24:11.149,2,-1.230916,1.294521,-1.335138,guided_exp
10:24:11.150,1,-0.558903,1.435416,-1.215203,guided_exp
10:24:11.233,2,-1.290942,1.247744,-1.337524,guided_exp
10:24:11.233,1,-0.567729,1.4358,-1.21245,guided_exp
10:24:11.316,2,-1.32498,1.2168,-1.335187,guided_exp
10:24:11.316,1,-0.56745,1.435462,-1.210746,guided_exp
10:24:11.399,2,-1.403371,1.231888,-1.337632,guided_exp
10:24:11.400,1,-0.569805,1.436956,-1.209863,guided_exp
10:24:11.483,2,-1.459624,1.150252,-1.347595,guided_exp
10:24:11.483,1,-0.570219,1.436473,-1.210301,guided_exp
10:24:11.583,2,-1.541672,1.172479,-1.348125,guided_exp
10:24:11.584,1,-0.572156,1.435871,-1.209084,guided_exp
10:24:11.683,2,-1.60529,1.136699,-1.352158,guided_exp
10:24:11.684,1,-0.572934,1.430593,-1.19855,guided_exp
10:24:11.785,2,-1.654201,1.180062,-1.350773,guided_exp
10:24:11.785,1,-0.556603,1.434429,-1.184985,guided_exp
10:24:11.883,2,-1.711489,1.192277,-1.344634,guided_exp
10:24:11.884,1,-0.549177,1.435349,-1.139525,guided_exp
10:24:11.983,2,-1.75462,1.162622,-1.34636,guided_exp
10:24:11.984,1,-0.536347,1.43683,-1.126258,guided_exp
10:24:12.082,2,-1.808899,1.165343,-1.330917,guided_exp
10:24:12.083,1,-0.496028,1.437288,-1.093615,guided_exp
10:24:12.166,2,-1.858265,1.174337,-1.312851,guided_exp
10:24:12.166,1,-0.467774,1.439193,-1.047535,guided_exp
10:24:12.249,2,-1.908903,1.20856,-1.291992,guided_exp
10:24:12.249,1,-0.455764,1.440705,-1.026987,guided_exp
10:24:12.350,2,-1.951685,1.22543,-1.256546,guided_exp
10:24:12.350,1,-0.426367,1.442553,-0.969878,guided_exp
10:24:12.450,2,-2.021439,1.206055,-1.203105,guided_exp
10:24:12.450,1,-0.391596,1.440655,-0.909896,guided_exp
10:24:12.549,2,-2.066902,1.18303,-1.163167,guided_exp
10:24:12.550,1,-0.360212,1.440312,-0.842496,guided_exp
10:24:12.650,2,-2.145031,1.222726,-1.108646,guided_exp
10:24:12.650,1,-0.343802,1.431787,-0.832107,guided_exp
10:24:12.750,2,-2.185704,1.292046,-1.070683,guided_exp
10:24:12.750,1,-0.392505,1.42203,-0.790416,guided_exp
10:24:12.849,2,-2.228604,1.238913,-1.033364,guided_exp
10:24:12.849,1,-0.326803,1.411418,-0.811496,guided_exp
10:24:12.950,2,-2.310026,1.252656,-1.009717,guided_exp
10:24:12.950,1,-0.402646,1.412045,-0.79623,guided_exp
10:24:13.050,2,-2.360924,1.258923,-0.985114,guided_exp
10:24:13.050,1,-0.410034,1.41438,-0.784666,guided_exp
10:24:13.149,2,-2.433031,1.25544,-0.958832,guided_exp
10:24:13.150,1,-0.308903,1.420417,-0.596304,guided_exp
10:24:13.250,2,-2.52029,1.250033,-0.92709,guided_exp
10:24:13.250,1,-0.297244,1.416623,-0.788448,guided_exp
10:24:13.366,2,-2.625786,1.254897,-0.907647,guided_exp
10:24:13.366,1,-0.308285,1.416519,-0.584416,guided_exp
10:24:13.466,2,-2.750049,1.247826,-0.85704,guided_exp
10:24:13.467,1,-0.289857,1.397232,-0.569965,guided_exp
10:24:13.549,2,-2.795587,1.246671,-0.854809,guided_exp
10:24:13.549,1,-0.337224,1.395345,-0.746154,guided_exp
10:24:13.633,2,-2.845842,1.249329,-0.854094,guided_exp
10:24:13.633,1,-0.413083,1.404685,-0.790027,guided_exp
10:24:13.733,2,-2.8818,1.319946,-0.821925,guided_exp
10:24:13.734,1,-0.354745,1.41203,-0.584131,guided_exp
10:24:13.816,2,-2.895222,1.253184,-0.818745,guided_exp
10:24:13.816,1,-0.317441,1.407579,-0.61424,guided_exp
10:24:13.983,2,-2.946073,1.208986,-0.810157,guided_exp
10:24:13.984,1,-0.360909,1.409734,-0.812141,guided_exp
10:24:14.083,2,-2.952724,1.218141,-0.810253,guided_exp
10:24:14.084,1,-0.314011,1.400686,-0.613681,guided_exp
10:24:14.200,2,-2.974743,1.221442,-0.810548,guided_exp
10:24:14.200,1,-0.345592,1.400656,-0.57936,guided_exp
10:24:14.299,2,-2.987823,1.217152,-0.810533,guided_exp
10:24:14.299,1,-0.064767,1.402842,-0.505343,guided_exp
10:24:14.400,2,-2.991157,1.171115,-0.81111,guided_exp
10:24:14.400,1,-0.301078,1.403532,-0.576034,guided_exp
10:24:14.499,2,-3.000741,1.15708,-0.811215,guided_exp
10:24:14.500,1,-0.332985,1.396247,-0.572985,guided_exp
10:24:14.601,2,-3.006017,1.161086,-0.810924,guided_exp
10:24:14.602,1,-0.320493,1.39336,-0.58971,guided_exp
10:24:14.700,2,-3.011634,1.155156,-0.815287,guided_exp
10:24:14.700,1,-0.332999,1.398941,-0.593565,guided_exp
10:24:14.799,2,-3.010583,1.322627,-0.816234,guided_exp
10:24:14.800,1,-0.30927,1.398217,-0.591556,guided_exp
10:24:14.900,2,-3.009347,1.209465,-0.816857,guided_exp
10:24:14.900,1,-0.283444,1.401211,-0.692808,guided_exp
10:24:14.999,2,-3.010762,1.198662,-0.81811,guided_exp
10:24:15.000,1,-0.358201,1.394429,-0.673927,guided_exp
10:24:15.083,2,-3.011399,1.162695,-0.817848,guided_exp
10:24:15.084,1,-0.357302,1.401854,-0.801229,guided_exp
10:24:15.183,2,-3.015417,1.177578,-0.81923,guided_exp
10:24:15.184,1,-0.407574,1.399359,-0.878424,guided_exp
10:24:15.283,2,-3.014956,1.115831,-0.819983,guided_exp
10:24:15.283,1,-0.413738,1.401352,-0.932071,guided_exp
10:24:15.383,2,-3.01439,1.219571,-0.819612,guided_exp
10:24:15.383,1,-0.48927,1.401574,-0.986061,guided_exp
10:24:15.466,2,-3.015035,1.263018,-0.818618,guided_exp
10:24:15.466,1,-0.511336,1.398048,-1.018904,guided_exp
10:24:15.549,2,-3.015241,0.740653,-0.818386,guided_exp
10:24:15.549,1,-0.519957,1.394569,-1.034663,guided_exp
10:24:15.633,2,-3.014666,0.797542,-0.818123,guided_exp
10:24:15.633,1,-0.521788,1.393402,-1.055209,guided_exp
10:24:15.733,2,-3.019261,0.741916,-0.819245,guided_exp
10:24:15.733,1,-0.524019,1.392528,-1.066059,guided_exp
10:24:15.834,2,-3.019271,1.151725,-0.819182,guided_exp
10:24:15.835,1,-0.528339,1.392855,-1.072025,guided_exp
10:24:15.933,2,-3.01857,0.763152,-0.821498,guided_exp
10:24:15.933,1,-0.546748,1.392824,-1.10967,guided_exp
10:24:16.035,2,-3.01738,0.743702,-0.824809,guided_exp
10:24:16.035,1,-0.550558,1.391568,-1.113127,guided_exp
10:24:16.133,2,-3.014911,1.208328,-0.830221,guided_exp
10:24:16.133,1,-0.552218,1.391112,-1.126202,guided_exp
10:24:16.233,2,-3.013389,1.171752,-0.833017,guided_exp
10:24:16.233,1,-0.559302,1.390655,-1.130316,guided_exp
10:24:16.333,2,-3.011302,0.803771,-0.837825,guided_exp
10:24:16.335,1,-0.558381,1.389094,-1.13477,guided_exp
10:24:16.433,2,-3.010158,0.750017,-0.846835,guided_exp
10:24:16.433,1,-0.564265,1.38981,-1.141228,guided_exp
10:24:16.533,2,-3.009998,1.267877,-0.846676,guided_exp
10:24:16.533,1,-0.565444,1.390548,-1.147265,guided_exp
10:24:16.635,2,-3.007995,0.942012,-0.853324,guided_exp
10:24:16.635,1,-0.5682,1.390637,-1.161147,guided_exp
10:24:16.733,2,-3.008764,1.207929,-0.854042,guided_exp
10:24:16.733,1,-0.567485,1.392879,-1.161269,guided_exp
10:24:16.851,2,-3.009082,1.136916,-0.854006,guided_exp
10:24:16.851,1,-0.564825,1.391688,-1.162146,guided_exp
10:24:16.950,2,-3.00925,0.735294,-0.853812,guided_exp
10:24:16.950,1,-0.565847,1.391657,-1.157566,guided_exp
10:24:17.049,2,-3.009741,1.154664,-0.853187,guided_exp
10:24:17.049,1,-0.560582,1.391739,-1.153393,guided_exp
10:24:17.133,2,-3.009596,1.188957,-0.852403,guided_exp
10:24:17.133,1,-0.558839,1.391588,-1.150127,guided_exp
10:24:17.216,2,-3.008716,0.724836,-0.851174,guided_exp
10:24:17.216,1,-0.557598,1.391123,-1.150394,guided_exp
10:24:17.317,2,-3.007634,0.705767,-0.852001,guided_exp
10:24:17.317,1,-0.557314,1.39183,-1.147169,guided_exp
10:24:17.417,2,-3.007109,1.126113,-0.85228,guided_exp
10:24:17.417,1,-0.545422,1.393339,-1.142135,guided_exp
10:24:17.516,2,-3.006637,1.231548,-0.853051,guided_exp
10:24:17.516,1,-0.538948,1.39192,-1.133133,guided_exp
10:24:17.599,2,-3.006154,0.960634,-0.853852,guided_exp
10:24:17.599,1,-0.517278,1.391519,-1.125212,guided_exp
10:24:17.700,2,-3.002785,0.820017,-0.854688,guided_exp
10:24:17.700,1,-0.512605,1.392416,-1.118419,guided_exp
10:24:17.800,2,-2.997848,1.25752,-0.861224,guided_exp
10:24:17.800,1,-0.498587,1.390829,-1.104094,guided_exp
10:24:17.900,2,-2.986146,1.193896,-0.864864,guided_exp
10:24:17.900,1,-0.499166,1.389538,-1.083636,guided_exp
10:24:18.000,2,-2.962445,0.959009,-0.876775,guided_exp
10:24:18.000,1,-0.497924,1.389879,-1.079054,guided_exp
10:24:18.116,2,-2.957912,1.05493,-0.879793,guided_exp
10:24:18.116,1,-0.497021,1.390168,-1.074866,guided_exp
10:24:18.216,2,-2.921432,0.761761,-0.90692,guided_exp
10:24:18.217,1,-0.497357,1.392276,-1.075568,guided_exp
10:24:18.317,2,-2.871581,0.697713,-0.939715,guided_exp
10:24:18.317,1,-0.490381,1.391796,-1.09901,guided_exp
10:24:18.416,2,-2.82441,1.201228,-0.96903,guided_exp
10:24:18.416,1,-0.503047,1.391825,-1.091608,guided_exp
10:24:18.517,2,-2.790388,1.15282,-1.003085,guided_exp
10:24:18.517,1,-0.511626,1.391492,-1.088545,guided_exp
10:24:18.633,2,-2.755711,1.138623,-1.033396,guided_exp
10:24:18.634,1,-0.518194,1.385803,-1.0867,guided_exp
10:24:18.733,2,-2.726972,0.732828,-1.066115,guided_exp
10:24:18.734,1,-0.516115,1.389589,-1.092629,guided_exp
10:24:18.833,2,-2.679527,1.225135,-1.100242,guided_exp
10:24:18.833,1,-0.506513,1.390792,-1.08675,guided_exp
10:24:18.916,2,-2.659027,0.716067,-1.120235,guided_exp
10:24:18.916,1,-0.503509,1.389163,-1.08337,guided_exp
10:24:19.000,2,-2.643675,1.218486,-1.133058,guided_exp
10:24:19.000,1,-0.503915,1.388657,-1.082687,guided_exp
10:24:19.099,2,-2.612634,1.208126,-1.153905,guided_exp
10:24:19.099,1,-0.499172,1.388053,-1.070096,guided_exp
10:24:19.200,2,-2.60073,1.211832,-1.157395,guided_exp
10:24:19.200,1,-0.499207,1.387886,-1.080767,guided_exp
10:24:19.300,2,-2.546682,1.170651,-1.163331,guided_exp
10:24:19.300,1,-0.499885,1.388184,-1.073356,guided_exp
10:24:19.400,2,-2.531631,1.224628,-1.163763,guided_exp
10:24:19.400,1,-0.505567,1.38758,-1.089984,guided_exp
10:24:19.501,2,-2.497797,1.247848,-1.166341,guided_exp
10:24:19.501,1,-0.504777,1.385863,-1.088104,guided_exp
10:24:19.599,2,-2.484998,1.282096,-1.171069,guided_exp
10:24:19.600,1,-0.504937,1.385824,-1.086877,guided_exp
10:24:19.699,2,-2.410205,1.37199,-1.136305,guided_exp
10:24:19.699,1,-0.504558,1.385165,-1.087562,guided_exp
10:24:19.800,2,-2.327329,1.400747,-1.115482,guided_exp
10:24:19.800,1,-0.502534,1.384858,-1.063785,guided_exp
10:24:19.899,2,-2.279041,1.426444,-1.104147,guided_exp
10:24:19.900,1,-0.505778,1.386035,-1.083776,guided_exp
10:24:20.000,2,-2.229899,1.434057,-1.10744,guided_exp
10:24:20.001,1,-0.504494,1.385712,-1.069638,guided_exp
10:24:20.101,2,-2.162613,1.423081,-1.115953,guided_exp
10:24:20.102,1,-0.504699,1.384461,-1.071423,guided_exp
10:24:20.199,2,-2.100381,1.423809,-1.116433,guided_exp
10:24:20.199,1,-0.505835,1.382522,-1.076447,guided_exp
10:24:20.283,2,-2.068765,1.411548,-1.12204,guided_exp
10:24:20.283,1,-0.510547,1.377972,-1.097473,guided_exp
10:24:20.366,2,-2.029454,1.441511,-1.130606,guided_exp
10:24:20.366,1,-0.508478,1.376404,-1.096027,guided_exp
10:24:20.449,2,-1.989877,1.443594,-1.136446,guided_exp
10:24:20.449,1,-0.507836,1.375597,-1.090758,guided_exp
10:24:20.533,2,-1.961289,1.446106,-1.142128,guided_exp
10:24:20.533,1,-0.507094,1.377763,-1.090563,guided_exp
10:24:20.633,2,-1.913901,1.446736,-1.158593,guided_exp
10:24:20.633,1,-0.504295,1.380474,-1.085085,guided_exp
10:24:20.733,2,-1.849763,1.448361,-1.183665,guided_exp
10:24:20.733,1,-0.507262,1.380679,-1.095826,guided_exp
10:24:20.833,2,-1.824179,1.450635,-1.205419,guided_exp
10:24:20.833,1,-0.505891,1.378411,-1.105211,guided_exp
10:24:20.933,2,-1.796758,1.445788,-1.227553,guided_exp
10:24:20.933,1,-0.507215,1.378194,-1.102669,guided_exp
10:24:21.016,2,-1.76557,1.446823,-1.250013,guided_exp
10:24:21.016,1,-0.512766,1.377819,-1.093768,guided_exp
10:24:21.101,2,-1.747227,1.446481,-1.260853,guided_exp
10:24:21.102,1,-0.510287,1.377716,-1.091124,guided_exp
10:24:21.200,2,-1.72533,1.44574,-1.276877,guided_exp
10:24:21.200,1,-0.508766,1.377628,-1.09063,guided_exp
10:24:21.300,2,-1.711724,1.442893,-1.28491,guided_exp
10:24:21.301,1,-0.508281,1.376952,-1.089914,guided_exp
10:24:21.400,2,-1.700762,1.44233,-1.29066,guided_exp
10:24:21.400,1,-0.508867,1.377999,-1.089994,guided_exp
10:24:21.500,2,-1.692306,1.440929,-1.294806,guided_exp
10:24:21.500,1,-0.508215,1.378756,-1.091161,guided_exp
10:24:21.583,2,-1.686902,1.443539,-1.298602,guided_exp
10:24:21.583,1,-0.508662,1.379364,-1.090506,guided_exp
10:24:21.683,2,-1.686726,1.437453,-1.301083,guided_exp
10:24:21.683,1,-0.508627,1.379821,-1.090743,guided_exp
10:24:21.784,2,-1.686632,1.438322,-1.303515,guided_exp
10:24:21.784,1,-0.510118,1.379856,-1.094287,guided_exp
10:24:21.884,2,-1.687251,1.449168,-1.305778,guided_exp
10:24:21.884,1,-0.51558,1.379992,-1.099081,guided_exp
10:24:21.966,2,-1.682914,1.449814,-1.308034,guided_exp
10:24:21.966,1,-0.515877,1.393797,-1.098341,guided_exp
10:24:22.049,2,-1.682119,1.451604,-1.311943,guided_exp
10:24:22.050,1,-0.527786,1.399775,-1.111872,guided_exp
10:24:22.149,2,-1.68078,1.440919,-1.312484,guided_exp
10:24:22.150,1,-0.527363,1.400141,-1.115066,guided_exp
10:24:22.233,2,-1.692472,1.433108,-1.312688,guided_exp
10:24:22.233,1,-0.531176,1.400066,-1.114214,guided_exp
10:24:22.316,2,-1.69638,1.438209,-1.311132,guided_exp
10:24:22.316,1,-0.532689,1.399888,-1.110765,guided_exp
10:24:22.466,2,-1.719262,1.456982,-1.298109,guided_exp
10:24:22.466,1,-0.535081,1.40031,-1.114229,guided_exp
10:24:22.550,2,-1.731759,1.44578,-1.29352,guided_exp
10:24:22.550,1,-0.534923,1.400727,-1.114644,guided_exp
10:24:22.651,2,-1.773486,1.445802,-1.280309,guided_exp
10:24:22.651,1,-0.565268,1.400736,-1.134389,guided_exp
10:24:22.752,2,-1.829158,1.424089,-1.271989,guided_exp
10:24:22.752,1,-0.534934,1.401314,-1.130109,guided_exp
10:24:22.833,2,-1.89322,1.414515,-1.263253,guided_exp
10:24:22.833,1,-0.536719,1.400703,-1.126441,guided_exp
10:24:22.916,2,-1.938779,1.387212,-1.259959,guided_exp
10:24:22.916,1,-0.539169,1.4007,-1.121329,guided_exp
10:24:23.018,2,-2.044113,1.340272,-1.250704,guided_exp
10:24:23.019,1,-0.541119,1.401538,-1.130074,guided_exp
10:24:23.117,2,-2.143437,1.35973,-1.233682,guided_exp
10:24:23.118,1,-0.542167,1.402026,-1.126523,guided_exp
10:24:23.217,2,-2.230362,1.202153,-1.227683,guided_exp
10:24:23.217,1,-0.541747,1.401384,-1.125373,guided_exp
10:24:23.299,2,-2.304382,1.465714,-1.225424,guided_exp
10:24:23.299,1,-0.550454,1.402,-1.105578,guided_exp
10:24:23.400,2,-2.349212,1.412233,-1.216216,guided_exp
10:24:23.401,1,-0.555116,1.402328,-1.112321,guided_exp
10:24:23.502,2,-2.413753,1.286334,-1.197312,guided_exp
10:24:23.502,1,-0.562977,1.402071,-1.10961,guided_exp
10:24:23.600,2,-2.457199,1.283298,-1.182254,guided_exp
10:24:23.601,1,-0.563075,1.402448,-1.100918,guided_exp
10:24:23.702,2,-2.517716,1.241666,-1.146404,guided_exp
10:24:23.702,1,-0.567357,1.402281,-1.096114,guided_exp
10:24:23.800,2,-2.590198,1.246024,-1.074764,guided_exp
10:24:23.800,1,-0.551091,1.401302,-1.086752,guided_exp
10:24:23.902,2,-2.622334,1.280764,-1.049668,guided_exp
10:24:23.902,1,-0.566513,1.401242,-1.069511,guided_exp
10:24:24.000,2,-2.65319,1.214565,-1.002077,guided_exp
10:24:24.001,1,-0.51561,1.399861,-1.064762,guided_exp
10:24:24.101,2,-2.693252,1.225711,-0.95133,guided_exp
10:24:24.102,1,-0.511044,1.400046,-1.036639,guided_exp
10:24:24.200,2,-2.73426,1.214914,-0.905078,guided_exp
10:24:24.200,1,-0.521544,1.40125,-1.027184,guided_exp
10:24:24.300,2,-2.789071,1.214928,-0.861744,guided_exp
10:24:24.300,1,-0.501467,1.398055,-0.991433,guided_exp
10:24:24.383,2,-2.833517,1.234497,-0.834836,guided_exp
10:24:24.383,1,-0.492765,1.400319,-0.981388,guided_exp
10:24:24.483,2,-2.866918,1.238614,-0.812854,guided_exp
10:24:24.484,1,-0.454557,1.39648,-0.94071,guided_exp
10:24:24.584,2,-2.916795,1.246409,-0.775736,guided_exp
10:24:24.584,1,-0.413185,1.397114,-0.903253,guided_exp
10:24:24.666,2,-2.931263,1.243574,-0.76965,guided_exp
10:24:24.666,1,-0.40065,1.395698,-0.874147,guided_exp
10:24:24.783,2,-2.952004,1.242272,-0.76037,guided_exp
10:24:24.783,1,-0.413701,1.397243,-0.852635,guided_exp
10:24:24.866,2,-2.9786,1.24206,-0.7406,guided_exp
10:24:24.866,1,-0.32685,1.392477,-0.824419,guided_exp
10:24:24.950,2,-2.985807,1.218349,-0.734975,guided_exp
10:24:24.950,1,-0.325981,1.389314,-0.817653,guided_exp
10:24:25.033,2,-2.992622,1.244974,-0.733126,guided_exp
10:24:25.033,1,-0.325691,1.387614,-0.820632,guided_exp
10:24:25.117,2,-2.998327,1.198282,-0.729937,guided_exp
10:24:25.117,1,-0.33699,1.390626,-0.824799,guided_exp
10:24:25.217,2,-2.999244,1.233947,-0.729201,guided_exp
10:24:25.217,1,-0.354953,1.399645,-0.782022,guided_exp
10:24:25.317,2,-3.005623,1.205099,-0.730108,guided_exp
10:24:25.317,1,-0.307363,1.39917,-0.564022,guided_exp
10:24:25.417,2,-3.006443,1.223902,-0.729086,guided_exp
10:24:25.417,1,-0.281857,1.39932,-0.575086,guided_exp
10:24:25.516,2,-3.009957,1.21341,-0.730262,guided_exp
10:24:25.516,1,-0.290717,1.395216,-0.568472,guided_exp
10:24:25.616,2,-3.011653,1.201768,-0.730412,guided_exp
10:24:25.617,1,-0.300655,1.37126,-0.56436,guided_exp
10:24:25.717,2,-3.012458,1.228605,-0.730156,guided_exp
10:24:25.717,1,-0.276342,1.35387,-0.599001,guided_exp
10:24:25.819,2,-3.014245,1.23223,-0.730378,guided_exp
10:24:25.819,1,-0.379085,1.337601,-0.757219,guided_exp
10:24:25.917,2,-3.022271,1.196848,-0.729282,guided_exp
10:24:25.917,1,-0.164238,1.357104,-0.536178,guided_exp
10:24:26.017,2,-3.023319,1.197736,-0.727148,guided_exp
10:24:26.017,1,-0.449626,1.364779,-0.608654,guided_exp
10:24:26.117,2,-3.02372,1.22327,-0.725702,guided_exp
10:24:26.117,1,-0.39812,1.360364,-0.691204,guided_exp
10:24:26.217,2,-3.021929,1.237524,-0.725268,guided_exp
10:24:26.217,1,-0.422652,1.363777,-0.61056,guided_exp
10:24:26.317,2,-3.018754,1.238148,-0.730512,guided_exp
10:24:26.317,1,-0.411203,1.36291,-0.661756,guided_exp
10:24:26.417,2,-3.011977,1.228195,-0.74042,guided_exp
10:24:26.417,1,-0.262996,1.364408,-0.746762,guided_exp
10:24:26.499,2,-2.995938,1.221782,-0.757153,guided_exp
10:24:26.500,1,-0.221766,1.355066,-0.720503,guided_exp
10:24:26.583,2,-2.984707,1.223012,-0.776284,guided_exp
10:24:26.583,1,-0.318381,1.357802,-0.620265,guided_exp
10:24:26.685,2,-2.966991,1.192594,-0.784816,guided_exp
10:24:26.685,1,-0.276005,1.373538,-0.81228,guided_exp
10:24:26.783,2,-2.960579,1.257422,-0.78801,guided_exp
10:24:26.784,1,-0.318629,1.395013,-0.808065,guided_exp
10:24:26.884,2,-2.962967,1.406241,-0.801855,guided_exp
10:24:26.884,1,-0.304431,1.402382,-0.670798,guided_exp
10:24:26.984,2,-2.960881,1.389242,-0.807121,guided_exp
10:24:26.984,1,-0.386289,1.39941,-0.820631,guided_exp
10:24:27.083,2,-2.934687,1.396062,-0.815505,guided_exp
10:24:27.084,1,-0.280278,1.398871,-0.742596,guided_exp
10:24:27.184,2,-2.926241,1.401731,-0.818878,guided_exp
10:24:27.184,1,-0.319706,1.400521,-0.64481,guided_exp
10:24:27.302,2,-2.922952,1.421657,-0.821431,guided_exp
10:24:27.302,1,-0.325687,1.403834,-0.591497,guided_exp
10:24:27.400,2,-2.922973,1.431964,-0.822143,guided_exp
10:24:27.400,1,-0.323828,1.405025,-0.844206,guided_exp
10:24:27.500,2,-2.9239,1.435243,-0.822371,guided_exp
10:24:27.500,1,-0.318893,1.406383,-0.65004,guided_exp
10:24:27.583,2,-2.925774,1.44025,-0.826869,guided_exp
10:24:27.583,1,-0.316196,1.406292,-0.6474,guided_exp
10:24:27.683,2,-2.926058,1.450055,-0.829016,guided_exp
10:24:27.683,1,-0.316444,1.406257,-0.808957,guided_exp
10:24:27.784,2,-2.925765,1.419269,-0.829803,guided_exp
10:24:27.784,1,-0.355303,1.402434,-0.74962,guided_exp
10:24:27.884,2,-2.92502,1.41529,-0.830848,guided_exp
10:24:27.884,1,-0.35347,1.40138,-0.834021,guided_exp
10:24:27.983,2,-2.924181,1.403831,-0.831543,guided_exp
10:24:27.983,1,-0.310222,1.401909,-0.785308,guided_exp
10:24:28.084,2,-2.926059,1.406466,-0.832066,guided_exp
10:24:28.084,1,-0.291231,1.402221,-0.768862,guided_exp
10:24:28.166,2,-2.924477,1.386384,-0.832502,guided_exp
10:24:28.166,1,-0.27447,1.401933,-0.608393,guided_exp
10:24:28.250,2,-2.922329,1.380591,-0.832951,guided_exp
10:24:28.250,1,-0.377642,1.404373,-0.745616,guided_exp
10:24:28.333,2,-2.921838,1.36404,-0.832197,guided_exp
10:24:28.333,1,-0.338548,1.406694,-0.77665,guided_exp
10:24:28.501,2,-2.919204,1.361173,-0.832914,guided_exp
10:24:28.501,1,-0.314207,1.40521,-0.608458,guided_exp
10:24:28.583,2,-2.918926,1.365671,-0.83047,guided_exp
10:24:28.583,1,-0.312614,1.404748,-0.627835,guided_exp
10:24:28.684,2,-2.918065,1.364069,-0.830536,guided_exp
10:24:28.684,1,-0.30982,1.407524,-0.656051,guided_exp
10:24:28.783,2,-2.917099,1.380869,-0.830113,guided_exp
10:24:28.783,1,-0.37662,1.405307,-0.794404,guided_exp
10:24:28.883,2,-2.917354,1.381817,-0.829738,guided_exp
10:24:28.884,1,-0.273777,1.40824,-0.597272,guided_exp
10:24:28.984,2,-2.914911,1.369241,-0.8285,guided_exp
10:24:28.984,1,-0.336723,1.407759,-0.784718,guided_exp
10:24:29.083,2,-2.916546,1.367924,-0.825532,guided_exp
10:24:29.083,1,-0.279127,1.408782,-0.70136,guided_exp
10:24:29.166,2,-2.915662,1.387572,-0.824048,guided_exp
10:24:29.166,1,-0.271742,1.39808,-0.609609,guided_exp
10:24:29.250,2,-2.914908,1.361442,-0.823765,guided_exp
10:24:29.250,1,-0.311994,1.392067,-0.678536,guided_exp
10:24:29.350,2,-2.914249,1.367545,-0.822787,guided_exp
10:24:29.350,1,-0.271842,1.393441,-0.6132,guided_exp
10:24:29.450,2,-2.915135,1.376962,-0.82208,guided_exp
10:24:29.450,1,-0.298509,1.391896,-0.621818,guided_exp
10:24:29.551,2,-2.915522,1.369189,-0.821901,guided_exp
10:24:29.552,1,-0.343818,1.392335,-0.709471,guided_exp
10:24:29.650,2,-2.915374,1.375004,-0.821153,guided_exp
10:24:29.650,1,-0.279334,1.396273,-0.613883,guided_exp
10:24:29.750,2,-2.915823,1.388181,-0.820139,guided_exp
10:24:29.751,1,-0.273949,1.397311,-0.6178,guided_exp
10:24:29.850,2,-2.915274,1.357703,-0.820336,guided_exp
10:24:29.850,1,-0.308965,1.397678,-0.818776,guided_exp
10:24:29.969,2,-2.914479,1.407689,-0.820814,guided_exp
10:24:29.969,1,-0.314107,1.394772,-0.752268,guided_exp
10:24:30.066,2,-2.91389,1.409421,-0.82021,guided_exp
10:24:30.067,1,-0.307268,1.396636,-0.639249,guided_exp
10:24:30.166,2,-2.912922,1.406857,-0.820405,guided_exp
10:24:30.166,1,-0.285066,1.400578,-0.591269,guided_exp
10:24:30.250,2,-2.91287,1.41152,-0.82033,guided_exp
10:24:30.250,1,-0.073442,1.395459,-0.551825,guided_exp
10:24:30.350,2,-2.913116,1.410829,-0.820098,guided_exp
10:24:30.351,1,-0.291772,1.395908,-0.587727,guided_exp
10:24:30.450,2,-2.912244,1.406592,-0.819576,guided_exp
10:24:30.450,1,-0.28908,1.393498,-0.592562,guided_exp
10:24:30.550,2,-2.912506,1.398434,-0.819474,guided_exp
10:24:30.550,1,-0.288897,1.397975,-0.565502,guided_exp
10:24:30.650,2,-2.912243,1.400645,-0.819682,guided_exp
10:24:30.651,1,-0.260002,1.405915,-0.618763,guided_exp
10:24:30.752,2,-2.912248,1.396616,-0.818474,guided_exp
10:24:30.752,1,-0.334604,1.405478,-0.784808,guided_exp
10:24:30.833,2,-2.912083,1.405514,-0.818551,guided_exp
10:24:30.833,1,-0.386309,1.400054,-0.806998,guided_exp
10:24:30.916,2,-2.91262,1.392408,-0.818634,guided_exp
10:24:30.916,1,-0.352495,1.393948,-0.668097,guided_exp
10:24:31.018,2,-2.911275,1.388469,-0.818154,guided_exp
10:24:31.018,1,-0.385738,1.391318,-0.670481,guided_exp
10:24:31.118,2,-2.91037,1.351409,-0.818391,guided_exp
10:24:31.118,1,-0.386585,1.384156,-0.838867,guided_exp
10:24:31.217,2,-2.907876,1.281416,-0.818632,guided_exp
10:24:31.217,1,-0.451367,1.387964,-0.864147,guided_exp
10:24:31.316,2,-2.904259,1.287301,-0.820174,guided_exp
10:24:31.317,1,-0.400425,1.398347,-0.725201,guided_exp
10:24:31.418,2,-2.902052,1.244364,-0.823055,guided_exp
10:24:31.418,1,-0.462454,1.406352,-0.873576,guided_exp
10:24:31.517,2,-2.898191,1.156423,-0.83085,guided_exp
10:24:31.517,1,-0.496109,1.411586,-0.941415,guided_exp
10:24:31.616,2,-2.8885,1.189571,-0.840832,guided_exp
10:24:31.617,1,-0.509848,1.411175,-0.946131,guided_exp
10:24:31.717,2,-2.879821,1.213952,-0.854855,guided_exp
10:24:31.717,1,-0.529291,1.408465,-0.971994,guided_exp
10:24:31.818,2,-2.875486,1.157249,-0.86117,guided_exp
10:24:31.819,1,-0.534372,1.395853,-0.983548,guided_exp
10:24:31.899,2,-2.874126,1.250455,-0.867374,guided_exp
10:24:31.900,1,-0.542899,1.390741,-1.003016,guided_exp
10:24:31.983,2,-2.873562,1.213342,-0.867648,guided_exp
10:24:31.983,1,-0.540035,1.394308,-1.028898,guided_exp
10:24:32.066,2,-2.878018,0.728613,-0.868104,guided_exp
10:24:32.066,1,-0.535731,1.393236,-1.038074,guided_exp
10:24:32.167,2,-2.880291,1.290258,-0.866129,guided_exp
10:24:32.167,1,-0.529014,1.38087,-1.044542,guided_exp
10:24:32.268,2,-2.880801,0.703593,-0.866116,guided_exp
10:24:32.268,1,-0.516269,1.403127,-1.067822,guided_exp
10:24:32.349,2,-2.879132,0.762426,-0.864227,guided_exp
10:24:32.350,1,-0.506138,1.410623,-1.086381,guided_exp
10:24:32.433,2,-2.879524,1.26,-0.865877,guided_exp
10:24:32.433,1,-0.50142,1.396725,-1.103055,guided_exp
10:24:32.534,2,-2.889629,1.218836,-0.864341,guided_exp
10:24:32.534,1,-0.497721,1.416621,-1.123301,guided_exp
10:24:32.616,2,-2.889301,0.76484,-0.866731,guided_exp
10:24:32.616,1,-0.497694,1.415127,-1.135386,guided_exp
10:24:32.767,2,-2.889031,0.785856,-0.867293,guided_exp
10:24:32.768,1,-0.507225,1.406942,-1.149763,guided_exp
10:24:32.849,2,-2.866327,1.310111,-0.879756,guided_exp
10:24:32.850,1,-0.517105,1.401039,-1.158856,guided_exp
10:24:32.933,2,-2.840918,0.788076,-0.907162,guided_exp
10:24:32.934,1,-0.535425,1.398161,-1.173961,guided_exp
10:24:33.016,2,-2.824909,0.84936,-0.929953,guided_exp
10:24:33.016,1,-0.564387,1.388722,-1.191503,guided_exp
10:24:33.149,2,-2.815698,0.519515,-0.946718,guided_exp
10:24:33.150,1,-0.612817,1.386937,-1.211256,guided_exp
10:24:33.235,2,-2.811496,0.976816,-0.960735,guided_exp
10:24:33.236,1,-0.639492,1.384172,-1.227093,guided_exp
10:24:33.316,2,-2.809786,0.710769,-0.982921,guided_exp
10:24:33.316,1,-0.679142,1.383668,-1.244694,guided_exp
10:24:33.484,2,-2.82049,0.867457,-1.029168,guided_exp
10:24:33.484,1,-0.734654,1.38248,-1.274093,guided_exp
10:24:33.583,2,-2.83898,0.691391,-1.061203,guided_exp
10:24:33.584,1,-0.755218,1.383997,-1.284386,guided_exp
10:24:33.683,2,-2.871212,0.749029,-1.109296,guided_exp
10:24:33.684,1,-0.780434,1.384431,-1.295664,guided_exp
10:24:33.784,2,-2.891203,1.155819,-1.143326,guided_exp
10:24:33.784,1,-0.792557,1.383295,-1.302843,guided_exp
10:24:33.884,2,-2.918068,0.939906,-1.174055,guided_exp
10:24:33.884,1,-0.796157,1.380565,-1.302961,guided_exp
10:24:33.983,2,-2.938698,1.164068,-1.219419,guided_exp
10:24:33.984,1,-0.801738,1.379059,-1.303844,guided_exp
10:24:34.084,2,-2.955991,1.2637,-1.241627,guided_exp
10:24:34.084,1,-0.805036,1.380004,-1.301937,guided_exp
10:24:34.184,2,-2.970022,1.258624,-1.264981,guided_exp
10:24:34.185,1,-0.806811,1.378782,-1.299554,guided_exp
10:24:34.283,2,-2.977803,1.30722,-1.277712,guided_exp
10:24:34.284,1,-0.809707,1.378061,-1.293002,guided_exp
10:24:34.384,2,-2.983639,1.325151,-1.286531,guided_exp
10:24:34.385,1,-0.812794,1.377283,-1.286122,guided_exp
10:24:34.484,2,-2.985873,1.327357,-1.291101,guided_exp
10:24:34.485,1,-0.826968,1.373471,-1.27614,guided_exp
10:24:34.566,2,-2.987772,1.348709,-1.29225,guided_exp
10:24:34.566,1,-0.852501,1.39134,-1.268898,guided_exp
10:24:34.650,2,-2.988612,1.368722,-1.287381,guided_exp
10:24:34.650,1,-0.88286,1.391437,-1.266564,guided_exp
10:24:34.733,2,-2.987854,1.365942,-1.25934,guided_exp
10:24:34.733,1,-0.93033,1.394385,-1.264172,guided_exp
10:24:34.833,2,-2.989406,1.328828,-1.220311,guided_exp
10:24:34.833,1,-0.970383,1.394476,-1.261928,guided_exp
10:24:34.934,2,-2.979729,1.319162,-1.173627,guided_exp
10:24:34.934,1,-1.024009,1.398348,-1.26569,guided_exp
10:24:35.033,2,-2.958191,1.299675,-1.081788,guided_exp
10:24:35.033,1,-1.079617,1.398268,-1.267228,guided_exp
10:24:35.133,2,-2.94059,1.29353,-1.008177,guided_exp
10:24:35.133,1,-1.124819,1.395982,-1.269692,guided_exp
10:24:35.234,2,-2.937414,1.29267,-0.987981,guided_exp
10:24:35.234,1,-1.148521,1.397422,-1.270672,guided_exp
10:24:35.333,2,-2.920949,1.288145,-0.879305,guided_exp
10:24:35.333,1,-1.174408,1.397377,-1.275029,guided_exp
10:24:35.416,2,-2.920367,1.27935,-0.870512,guided_exp
10:24:35.417,1,-1.188225,1.395039,-1.278243,guided_exp
10:24:35.517,2,-2.918828,1.258292,-0.852326,guided_exp
10:24:35.517,1,-1.202372,1.396442,-1.281632,guided_exp
10:24:35.617,2,-2.932796,1.257008,-0.85279,guided_exp
10:24:35.618,1,-1.212204,1.396575,-1.2833,guided_exp
10:24:35.719,2,-2.927259,1.257109,-0.838462,guided_exp
10:24:35.719,1,-1.213533,1.396665,-1.283573,guided_exp
10:24:35.817,2,-2.900127,1.245286,-0.817187,guided_exp
10:24:35.817,1,-1.222577,1.396529,-1.284915,guided_exp
10:24:35.900,2,-2.923114,1.229284,-0.809746,guided_exp
10:24:35.900,1,-1.22617,1.397259,-1.286212,guided_exp
10:24:36.033,2,-2.92026,1.22471,-0.800115,guided_exp
10:24:36.033,1,-1.225371,1.393318,-1.287579,guided_exp
10:24:36.116,2,-2.922642,1.219326,-0.799835,guided_exp
10:24:36.116,1,-1.226292,1.390489,-1.287237,guided_exp
10:24:36.217,2,-2.928684,1.211015,-0.799431,guided_exp
10:24:36.217,1,-1.226282,1.393917,-1.287263,guided_exp
10:24:36.317,2,-2.904929,1.195008,-0.792166,guided_exp
10:24:36.317,1,-1.226324,1.394752,-1.286507,guided_exp
10:24:36.417,2,-2.905476,1.184814,-0.832498,guided_exp
10:24:36.417,1,-1.227054,1.395966,-1.285996,guided_exp
10:24:36.517,2,-2.910773,1.163481,-0.800718,guided_exp
10:24:36.517,1,-1.226059,1.391058,-1.285982,guided_exp
10:24:36.617,2,-2.899358,1.164836,-0.767734,guided_exp
10:24:36.619,1,-1.225378,1.393327,-1.286184,guided_exp
10:24:36.700,2,-2.900233,1.159016,-0.747075,guided_exp
10:24:36.700,1,-1.225877,1.395576,-1.286047,guided_exp
10:24:36.784,2,-2.899345,1.177236,-0.747618,guided_exp
10:24:36.784,1,-1.225625,1.39959,-1.285957,guided_exp
10:24:36.883,2,-2.900037,1.179639,-0.748309,guided_exp
10:24:36.884,1,-1.225582,1.397897,-1.285645,guided_exp
10:24:36.983,2,-2.901746,1.179629,-0.818561,guided_exp
10:24:36.984,1,-1.225907,1.396954,-1.285812,guided_exp
10:24:37.085,2,-2.901746,1.177049,-0.818561,guided_exp
10:24:37.086,1,-1.225907,1.398486,-1.285812,guided_exp
10:24:37.183,2,-2.910238,1.127564,-0.769139,guided_exp
10:24:37.184,1,-1.228615,1.398714,-1.286416,guided_exp
10:24:37.283,2,-2.910505,1.122729,-0.769775,guided_exp
10:24:37.283,1,-1.230281,1.398551,-1.286858,guided_exp
10:24:37.366,2,-2.910014,1.171529,-0.771899,guided_exp
10:24:37.366,1,-1.228546,1.401259,-1.287072,guided_exp
10:24:37.467,2,-2.920226,1.148367,-0.788201,guided_exp
10:24:37.468,1,-1.225509,1.399357,-1.286924,guided_exp
10:24:37.585,2,-2.932152,1.143678,-0.828593,guided_exp
10:24:37.585,1,-1.219359,1.393393,-1.286356,guided_exp
10:24:37.683,2,-2.932072,1.149762,-0.799654,guided_exp
10:24:37.684,1,-1.216934,1.393585,-1.286273,guided_exp
10:24:37.783,2,-2.918234,1.151338,-0.78938,guided_exp
10:24:37.783,1,-1.213917,1.394675,-1.286613,guided_exp
10:24:37.883,2,-2.932436,1.151799,-0.800546,guided_exp
10:24:37.884,1,-1.208998,1.39115,-1.285836,guided_exp
10:24:37.983,2,-2.921779,1.171729,-0.811703,guided_exp
10:24:37.983,1,-1.206445,1.388951,-1.285943,guided_exp
10:24:38.083,2,-2.953639,1.157852,-0.838033,guided_exp
10:24:38.084,1,-1.201316,1.393315,-1.283966,guided_exp
10:24:38.183,2,-2.9031,1.17338,-0.819756,guided_exp
10:24:38.184,1,-1.194707,1.396325,-1.28307,guided_exp
10:24:38.266,2,-2.945563,1.150097,-0.835802,guided_exp
10:24:38.266,1,-1.19311,1.39664,-1.288101,guided_exp
10:24:38.369,2,-2.94383,1.15708,-0.818166,guided_exp
10:24:38.369,1,-1.184123,1.388867,-1.284678,guided_exp
10:24:38.468,2,-2.919978,1.159235,-0.769825,guided_exp
10:24:38.469,1,-1.153389,1.335518,-1.280463,guided_exp
10:24:38.567,2,-2.922007,1.156702,-0.794204,guided_exp
10:24:38.567,1,-1.120691,1.330904,-1.28017,guided_exp
10:24:38.666,2,-2.951234,1.18774,-0.839095,guided_exp
10:24:38.666,1,-1.074663,1.333608,-1.288959,guided_exp
10:24:38.750,2,-2.962642,1.159921,-0.858993,guided_exp
10:24:38.751,1,-1.07433,1.342869,-1.292803,guided_exp
10:24:38.850,2,-2.992638,1.182613,-0.9087,guided_exp
10:24:38.852,1,-1.03822,1.344285,-1.318205,guided_exp
10:24:38.933,2,-3.017084,1.180813,-0.95596,guided_exp
10:24:38.933,1,-0.994872,1.347084,-1.29069,guided_exp
10:24:39.017,2,-3.042097,1.174631,-1.000957,guided_exp
10:24:39.018,1,-0.987539,1.346297,-1.302077,guided_exp
10:24:39.117,2,-3.05677,1.131505,-1.022912,guided_exp
10:24:39.117,1,-0.969653,1.338093,-1.304918,guided_exp
10:24:39.200,2,-3.071707,1.135825,-1.064697,guided_exp
10:24:39.200,1,-0.953623,1.341231,-1.303814,guided_exp
10:24:39.283,2,-3.07788,1.168758,-1.077646,guided_exp
10:24:39.283,1,-0.941705,1.354953,-1.302985,guided_exp
10:24:39.385,2,-3.08791,1.163945,-1.103241,guided_exp
10:24:39.385,1,-0.93479,1.361413,-1.305361,guided_exp
10:24:39.485,2,-3.090722,1.171687,-1.116407,guided_exp
10:24:39.486,1,-0.922269,1.366518,-1.306544,guided_exp
10:24:39.583,2,-3.094085,1.157133,-1.148414,guided_exp
10:24:39.583,1,-0.916988,1.366966,-1.309972,guided_exp
10:24:39.683,2,-3.088997,1.138445,-1.164367,guided_exp
10:24:39.684,1,-0.908711,1.373373,-1.314875,guided_exp
10:24:39.784,2,-3.074841,1.143344,-1.205444,guided_exp
10:24:39.784,1,-0.897669,1.371105,-1.329395,guided_exp
10:24:39.885,2,-3.059521,1.138242,-1.245454,guided_exp
10:24:39.886,1,-0.888825,1.373545,-1.344764,guided_exp
10:24:39.984,2,-3.040967,1.156403,-1.289521,guided_exp
10:24:39.984,1,-0.888571,1.369917,-1.343924,guided_exp
10:24:40.085,2,-3.018956,1.158082,-1.335429,guided_exp
10:24:40.086,1,-0.885511,1.372901,-1.344663,guided_exp
10:24:40.166,2,-2.986091,1.15921,-1.394764,guided_exp
10:24:40.166,1,-0.885692,1.379909,-1.342404,guided_exp
10:24:40.252,2,-2.964345,1.157558,-1.433532,guided_exp
10:24:40.252,1,-0.885064,1.382984,-1.341281,guided_exp
10:24:40.352,2,-2.939047,1.154101,-1.488835,guided_exp
10:24:40.352,1,-0.880575,1.383851,-1.340774,guided_exp
10:24:40.433,2,-2.915167,1.157049,-1.530029,guided_exp
10:24:40.433,1,-0.878105,1.384146,-1.339721,guided_exp
10:24:40.517,2,-2.905064,1.156662,-1.558172,guided_exp
10:24:40.517,1,-0.875578,1.385255,-1.339643,guided_exp
10:24:40.617,2,-2.890612,1.154965,-1.589759,guided_exp
10:24:40.617,1,-0.875259,1.386707,-1.339066,guided_exp
10:24:40.717,2,-2.883515,1.150225,-1.609945,guided_exp
10:24:40.717,1,-0.873551,1.388275,-1.337421,guided_exp
10:24:40.817,2,-2.884799,1.153773,-1.626929,guided_exp
10:24:40.817,1,-0.873106,1.389596,-1.338589,guided_exp
10:24:40.917,2,-2.892721,1.12678,-1.638945,guided_exp
10:24:40.917,1,-0.872773,1.391076,-1.338633,guided_exp
10:24:41.016,2,-2.89957,1.130228,-1.644649,guided_exp
10:24:41.017,1,-0.872202,1.393877,-1.339625,guided_exp
10:24:41.100,2,-2.911287,1.138477,-1.647723,guided_exp
10:24:41.101,1,-0.873915,1.394179,-1.340019,guided_exp
10:24:41.200,2,-2.918226,1.148173,-1.651686,guided_exp
10:24:41.201,1,-0.874764,1.393711,-1.340232,guided_exp
10:24:41.300,2,-2.927687,1.145967,-1.655051,guided_exp
10:24:41.300,1,-0.872851,1.398164,-1.341713,guided_exp
10:24:41.400,2,-2.931443,1.148648,-1.656617,guided_exp
10:24:41.401,1,-0.871385,1.410917,-1.343753,guided_exp
10:24:41.500,2,-2.937756,1.083649,-1.661315,guided_exp
10:24:41.501,1,-0.871902,1.412493,-1.344204,guided_exp
10:24:41.600,2,-2.936993,1.151999,-1.665307,guided_exp
10:24:41.600,1,-0.872047,1.412498,-1.344904,guided_exp
10:24:41.683,2,-2.93719,1.15379,-1.66773,guided_exp
10:24:41.684,1,-0.872795,1.39272,-1.344865,guided_exp
10:24:41.784,2,-2.937587,1.160017,-1.6694,guided_exp
10:24:41.784,1,-0.871609,1.38039,-1.346163,guided_exp
10:24:41.885,2,-2.938947,1.155191,-1.669264,guided_exp
10:24:41.886,1,-0.872901,1.387018,-1.346593,guided_exp
10:24:41.984,2,-2.938186,1.153296,-1.668706,guided_exp
10:24:41.984,1,-0.873971,1.393145,-1.3466,guided_exp
10:24:42.066,2,-2.932711,1.152688,-1.667887,guided_exp
10:24:42.066,1,-0.875023,1.403999,-1.346734,guided_exp
10:24:42.150,2,-2.924082,1.173924,-1.670887,guided_exp
10:24:42.150,1,-0.8767,1.41157,-1.348874,guided_exp
10:24:42.250,2,-2.895698,1.17941,-1.674224,guided_exp
10:24:42.250,1,-0.882073,1.414848,-1.332488,guided_exp
10:24:42.350,2,-2.855622,1.194956,-1.67891,guided_exp
10:24:42.351,1,-0.887775,1.416261,-1.32721,guided_exp
10:24:42.452,2,-2.808152,1.213491,-1.690717,guided_exp
10:24:42.452,1,-0.889263,1.413693,-1.325849,guided_exp
10:24:42.533,2,-2.770961,1.228255,-1.697226,guided_exp
10:24:42.533,1,-0.891601,1.416222,-1.315872,guided_exp
10:24:42.616,2,-2.738638,1.252062,-1.707898,guided_exp
10:24:42.616,1,-0.892631,1.402662,-1.314836,guided_exp
10:24:42.700,2,-2.715966,1.268417,-1.714146,guided_exp
10:24:42.700,1,-0.892776,1.398421,-1.31314,guided_exp
10:24:42.784,2,-2.677523,1.302902,-1.72805,guided_exp
10:24:42.784,1,-0.893955,1.405608,-1.310464,guided_exp
10:24:42.884,2,-2.650395,1.360301,-1.739897,guided_exp
10:24:42.884,1,-0.895802,1.409101,-1.311676,guided_exp
10:24:42.966,2,-2.632693,1.383698,-1.748387,guided_exp
10:24:42.966,1,-0.900803,1.411535,-1.312143,guided_exp
10:24:43.050,2,-2.614263,1.393354,-1.749676,guided_exp
10:24:43.050,1,-0.905494,1.392208,-1.313547,guided_exp
10:24:43.150,2,-2.587537,1.378223,-1.753633,guided_exp
10:24:43.151,1,-0.913486,1.406213,-1.313302,guided_exp
10:24:43.250,2,-2.577037,1.381889,-1.758383,guided_exp
10:24:43.251,1,-0.925646,1.420321,-1.312873,guided_exp
10:24:43.350,2,-2.565985,1.358864,-1.762516,guided_exp
10:24:43.350,1,-0.938398,1.41894,-1.311365,guided_exp
10:24:43.450,2,-2.563187,1.298021,-1.76409,guided_exp
10:24:43.450,1,-0.954011,1.417256,-1.309575,guided_exp
10:24:43.550,2,-2.558993,1.166009,-1.762895,guided_exp
10:24:43.551,1,-0.977413,1.41037,-1.311516,guided_exp
10:24:43.650,2,-2.558154,1.236993,-1.759769,guided_exp
10:24:43.650,1,-0.999247,1.40802,-1.309636,guided_exp
10:24:43.752,2,-2.560166,1.207632,-1.756703,guided_exp
10:24:43.752,1,-1.024876,1.405019,-1.308208,guided_exp
10:24:43.833,2,-2.559393,1.221001,-1.74726,guided_exp
10:24:43.833,1,-1.044091,1.403165,-1.307594,guided_exp
10:24:43.984,2,-2.560547,1.183749,-1.741863,guided_exp
10:24:43.984,1,-1.074095,1.401033,-1.303613,guided_exp
10:24:44.084,2,-2.566059,1.121946,-1.736854,guided_exp
10:24:44.084,1,-1.087009,1.397967,-1.301148,guided_exp
10:24:44.184,2,-2.570074,0.669887,-1.73724,guided_exp
10:24:44.184,1,-1.095716,1.402894,-1.299779,guided_exp
10:24:44.284,2,-2.581718,0.665007,-1.736225,guided_exp
10:24:44.284,1,-1.111534,1.405042,-1.29911,guided_exp
10:24:44.366,2,-2.588007,0.628754,-1.733825,guided_exp
10:24:44.366,1,-1.114995,1.402556,-1.29898,guided_exp
10:24:44.518,2,-2.591298,0.670167,-1.731371,guided_exp
10:24:44.519,1,-1.118719,1.402025,-1.298254,guided_exp
10:24:44.617,2,-2.593951,0.673227,-1.728567,guided_exp
10:24:44.619,1,-1.115823,1.400162,-1.297792,guided_exp
10:24:44.719,2,-2.598314,1.209143,-1.727977,guided_exp
10:24:44.719,1,-1.103845,1.397613,-1.296385,guided_exp
10:24:44.817,2,-2.600643,0.709189,-1.727224,guided_exp
10:24:44.818,1,-1.069553,1.398711,-1.296868,guided_exp
10:24:44.900,2,-2.601373,0.818333,-1.727541,guided_exp
10:24:44.900,1,-1.024543,1.39933,-1.297828,guided_exp
10:24:45.000,2,-2.601482,0.744117,-1.727807,guided_exp
10:24:45.000,1,-0.990165,1.399902,-1.29467,guided_exp
10:24:45.083,2,-2.603453,0.744385,-1.73005,guided_exp
10:24:45.084,1,-0.915251,1.403993,-1.29908,guided_exp
10:24:45.166,2,-2.604969,0.75596,-1.730325,guided_exp
10:24:45.167,1,-0.862414,1.407976,-1.302332,guided_exp
10:24:45.250,2,-2.605195,1.025774,-1.729506,guided_exp
10:24:45.250,1,-0.82787,1.404426,-1.308521,guided_exp
10:24:45.333,2,-2.605193,1.039801,-1.729625,guided_exp
10:24:45.334,1,-0.785016,1.390076,-1.306515,guided_exp
10:24:45.434,2,-2.605277,0.761761,-1.729566,guided_exp
10:24:45.434,1,-0.742716,1.389313,-1.296017,guided_exp
10:24:45.534,2,-2.606105,1.192719,-1.730375,guided_exp
10:24:45.534,1,-0.701766,1.388666,-1.287566,guided_exp
10:24:45.633,2,-2.60675,1.168033,-1.730265,guided_exp
10:24:45.633,1,-0.656972,1.388021,-1.274702,guided_exp
10:24:45.734,2,-2.607147,0.748279,-1.73003,guided_exp
10:24:45.734,1,-0.630088,1.388116,-1.255181,guided_exp
10:24:45.834,2,-2.60683,1.185922,-1.729387,guided_exp
10:24:45.834,1,-0.603935,1.390744,-1.227298,guided_exp
10:24:45.933,2,-2.608847,1.009317,-1.728455,guided_exp
10:24:45.933,1,-0.558375,1.392327,-1.177147,guided_exp
10:24:46.033,2,-2.610349,0.671333,-1.729687,guided_exp
10:24:46.033,1,-0.489483,1.400039,-1.159589,guided_exp
10:24:46.117,2,-2.610466,0.757767,-1.729723,guided_exp
10:24:46.117,1,-0.46361,1.410088,-1.130644,guided_exp
10:24:46.216,2,-2.61012,1.117459,-1.72994,guided_exp
10:24:46.216,1,-0.458133,1.411356,-1.090641,guided_exp
10:24:46.300,2,-2.609534,0.739521,-1.729742,guided_exp
10:24:46.300,1,-0.445937,1.406607,-1.069405,guided_exp
10:24:46.385,2,-2.608955,0.751638,-1.729159,guided_exp
10:24:46.385,1,-0.424168,1.400016,-1.050847,guided_exp
10:24:46.484,2,-2.609122,1.154639,-1.72963,guided_exp
10:24:46.484,1,-0.40222,1.398478,-1.013631,guided_exp
10:24:46.583,2,-2.608876,1.118955,-1.730586,guided_exp
10:24:46.583,1,-0.380956,1.394219,-0.961806,guided_exp
10:24:46.733,2,-2.608517,1.159786,-1.729492,guided_exp
10:24:46.733,1,-0.333494,1.389513,-0.849646,guided_exp
10:24:46.816,2,-2.607797,1.176318,-1.729472,guided_exp
10:24:46.816,1,-0.294069,1.392424,-0.789737,guided_exp
10:24:46.901,2,-2.607557,1.178193,-1.729728,guided_exp
10:24:46.902,1,-0.183066,1.389883,-0.607294,guided_exp
10:24:47.001,2,-2.60708,0.89479,-1.729868,guided_exp
10:24:47.002,1,-0.154955,1.389424,-0.541531,guided_exp
10:24:47.100,2,-2.606389,1.174704,-1.729782,guided_exp
10:24:47.100,1,-0.09309,1.392535,-0.533905,guided_exp
10:24:47.200,2,-2.606281,1.184302,-1.731417,guided_exp
10:24:47.201,1,-0.040801,1.393684,-0.483957,guided_exp
10:24:47.300,2,-2.605378,0.76657,-1.73196,guided_exp
10:24:47.300,1,-0.061836,1.397779,-0.556894,guided_exp
10:24:47.401,2,-2.605253,0.734109,-1.732196,guided_exp
10:24:47.401,1,-0.082021,1.396085,-0.460726,guided_exp
10:24:47.500,2,-2.604206,0.835155,-1.732589,guided_exp
10:24:47.500,1,-0.050539,1.394958,-0.581763,guided_exp
10:24:47.583,2,-2.602591,1.103672,-1.733536,guided_exp
10:24:47.583,1,-0.03508,1.39771,-0.45199,guided_exp
10:24:47.666,2,-2.601851,0.72485,-1.733786,guided_exp
10:24:47.668,1,-0.063057,1.395619,-0.540251,guided_exp
10:24:47.766,2,-2.600011,1.130808,-1.735534,guided_exp
10:24:47.766,1,-0.044982,1.398733,-0.421342,guided_exp
10:24:47.867,2,-2.599555,1.128282,-1.735602,guided_exp
10:24:47.868,1,-0.029145,1.396891,-0.577238,guided_exp
10:24:47.950,2,-2.598481,0.774557,-1.735496,guided_exp
10:24:47.950,1,-0.062167,1.397581,-0.507272,guided_exp
10:24:48.101,2,-2.597815,0.964976,-1.736032,guided_exp
10:24:48.102,1,-0.013231,1.398631,-0.522315,guided_exp
10:24:48.200,2,-2.597334,0.662585,-1.736162,guided_exp
10:24:48.200,1,-0.03689,1.4011,-0.547127,guided_exp
10:24:48.301,2,-2.596481,0.684137,-1.736136,guided_exp
10:24:48.301,1,-0.053329,1.401608,-0.507214,guided_exp
10:24:48.383,2,-2.596355,0.883733,-1.736487,guided_exp
10:24:48.383,1,-0.098587,1.401684,-0.630721,guided_exp
10:24:48.467,2,-2.596286,0.670362,-1.736353,guided_exp
10:24:48.468,1,-0.019842,1.404196,-0.497765,guided_exp
10:24:48.550,2,-2.596457,0.687335,-1.736518,guided_exp
10:24:48.550,1,-0.079039,1.404659,-0.490796,guided_exp
10:24:48.683,2,-2.596482,1.231294,-1.736802,guided_exp
10:24:48.683,1,-0.041473,1.402204,-0.58018,guided_exp
10:24:48.766,2,-2.596811,1.175738,-1.737259,guided_exp
10:24:48.766,1,-0.15573,1.401957,-0.569441,guided_exp
10:24:48.850,2,-2.596866,0.68344,-1.736155,guided_exp
10:24:48.850,1,-0.032486,1.401019,-0.544124,guided_exp
10:24:48.933,2,-2.596798,0.745322,-1.735578,guided_exp
10:24:48.933,1,-0.135959,1.401543,-0.568546,guided_exp
10:24:49.016,2,-2.596735,0.583322,-1.735223,guided_exp
10:24:49.016,1,-0.073708,1.403284,-0.454986,guided_exp
10:24:49.100,2,-2.596692,0.8586,-1.734516,guided_exp
10:24:49.100,1,0.025275,1.403247,-0.501322,guided_exp
10:24:49.200,2,-2.597974,0.811096,-1.73373,guided_exp
10:24:49.200,1,-0.101522,1.403089,-0.515682,guided_exp
10:24:49.350,2,-2.599477,0.697651,-1.733374,guided_exp
10:24:49.351,1,-0.056936,1.403421,-0.523994,guided_exp
10:24:49.433,2,-2.600505,0.675639,-1.733098,guided_exp
10:24:49.433,1,-0.097192,1.399854,-0.556172,guided_exp
10:24:49.533,2,-2.600978,1.144268,-1.732925,guided_exp
10:24:49.533,1,0.228999,1.400531,-0.45941,guided_exp
10:24:49.634,2,-2.601222,1.068531,-1.733001,guided_exp
10:24:49.634,1,-0.060265,1.39982,-0.520473,guided_exp
10:24:49.735,2,-2.601243,0.727057,-1.73269,guided_exp
10:24:49.735,1,-0.086428,1.400064,-0.492438,guided_exp
10:24:49.833,2,-2.602082,0.76881,-1.732425,guided_exp
10:24:49.834,1,-0.050007,1.400484,-0.197737,guided_exp
10:24:49.934,2,-2.601946,1.163126,-1.732003,guided_exp
10:24:49.934,1,-0.0466,1.400683,-0.573929,guided_exp
10:24:50.034,2,-2.601394,1.202526,-1.732301,guided_exp
10:24:50.034,1,-0.098146,1.399245,-0.579226,guided_exp
10:24:50.133,2,-2.600665,1.458206,-1.73192,guided_exp
10:24:50.133,1,-0.034746,1.401973,-0.564161,guided_exp
10:24:50.234,2,-2.60099,1.435948,-1.730871,guided_exp
10:24:50.234,1,-0.060335,1.402765,-0.569079,guided_exp
10:24:50.316,2,-2.600606,1.415235,-1.730706,guided_exp
10:24:50.316,1,-0.050478,1.400587,-0.681377,guided_exp
10:24:50.534,2,-2.599448,1.421443,-1.730005,guided_exp
10:24:50.534,1,-0.008143,1.39355,-0.527593,guided_exp
10:24:50.667,2,-2.598577,1.419046,-1.729276,guided_exp
10:24:50.667,1,0.013346,1.395569,-0.530505,guided_exp
10:24:50.783,2,-2.598356,1.417082,-1.729091,guided_exp
10:24:50.784,1,0.213481,1.395058,-0.408073,guided_exp
10:24:50.900,2,-2.598268,1.42577,-1.728488,guided_exp
10:24:50.900,1,-0.018441,1.397639,-0.57984,guided_exp
10:24:51.001,2,-2.597868,1.42452,-1.727851,guided_exp
10:24:51.001,1,-0.007199,1.405188,-0.492877,guided_exp
10:24:51.083,2,-2.597962,1.427249,-1.727549,guided_exp
10:24:51.083,1,0.00937,1.408871,-0.447152,guided_exp
10:24:51.233,2,-2.598162,1.428958,-1.72697,guided_exp
10:24:51.233,1,0.017995,1.409168,-0.385159,guided_exp
10:24:51.316,2,-2.598215,1.437222,-1.726816,guided_exp
10:24:51.316,1,-0.013252,1.410088,-0.37789,guided_exp
10:24:51.400,2,-2.598046,1.439887,-1.726747,guided_exp
10:24:51.400,1,0.055525,1.40878,-0.49554,guided_exp
10:24:51.483,2,-2.597662,1.440784,-1.726581,guided_exp
10:24:51.483,1,-0.00997,1.410158,-0.341032,guided_exp
10:24:51.566,2,-2.59757,1.437928,-1.726453,guided_exp
10:24:51.566,1,0.032291,1.406075,-0.347997,guided_exp
10:24:51.651,2,-2.597589,1.439444,-1.726494,guided_exp
10:24:51.651,1,0.036638,1.406673,-0.345343,guided_exp
10:24:51.751,2,-2.596075,1.448091,-1.72585,guided_exp
10:24:51.751,1,0.010332,1.395075,-0.460646,guided_exp
10:24:51.833,2,-2.596747,1.443863,-1.725382,guided_exp
10:24:51.833,1,0.023374,1.403376,-0.333791,guided_exp
10:24:51.983,2,-2.596993,1.443671,-1.725191,guided_exp
10:24:51.983,1,0.042505,1.415079,-0.339947,guided_exp
10:24:52.133,2,-2.59626,1.444335,-1.725179,guided_exp
10:24:52.133,1,-0.00906,1.419817,-0.380274,guided_exp
10:24:52.233,2,-2.596069,1.441014,-1.725113,guided_exp
10:24:52.233,1,0.03075,1.420953,-0.405197,guided_exp
10:24:52.316,2,-2.596105,1.442741,-1.724962,guided_exp
10:24:52.316,1,-0.009364,1.429077,-0.490649,guided_exp
10:24:52.400,2,-2.596315,1.441193,-1.724868,guided_exp
10:24:52.400,1,0.012257,1.424181,-0.395961,guided_exp
10:24:52.501,2,-2.596308,1.446176,-1.724764,guided_exp
10:24:52.501,1,-0.025105,1.425912,-0.403902,guided_exp
10:24:52.601,2,-2.595999,1.447311,-1.724866,guided_exp
10:24:52.602,1,0.046124,1.422312,-0.40905,guided_exp
10:24:52.700,2,-2.596018,1.446883,-1.724887,guided_exp
10:24:52.700,1,0.013628,1.417914,-0.442103,guided_exp
10:24:52.801,2,-2.595381,1.44646,-1.725536,guided_exp
10:24:52.801,1,0.04641,1.421908,-0.335323,guided_exp
10:24:52.901,2,-2.595293,1.446351,-1.725485,guided_exp
10:24:52.901,1,0.039768,1.421866,-0.341953,guided_exp
10:24:53.018,2,-2.595007,1.44501,-1.725203,guided_exp
10:24:53.018,1,0.013978,1.427484,-0.450037,guided_exp
10:24:53.100,2,-2.595356,1.443959,-1.725327,guided_exp
10:24:53.100,1,0.009372,1.431759,-0.354064,guided_exp
10:24:53.250,2,-2.596652,1.44372,-1.725799,guided_exp
10:24:53.250,1,0.05108,1.430653,-0.370402,guided_exp
10:24:53.350,2,-2.597004,1.442415,-1.726205,guided_exp
10:24:53.350,1,-0.009716,1.430592,-0.394934,guided_exp
10:24:53.433,2,-2.597074,1.440139,-1.726212,guided_exp
10:24:53.433,1,0.029564,1.428536,-0.41326,guided_exp
10:24:53.533,2,-2.597123,1.439343,-1.726613,guided_exp
10:24:53.534,1,0.040215,1.427883,-0.440247,guided_exp
10:24:53.616,2,-2.597401,1.447881,-1.726743,guided_exp
10:24:53.616,1,-0.050361,1.426723,-0.475685,guided_exp
10:24:53.766,2,-2.597171,1.441541,-1.726727,guided_exp
10:24:53.767,1,0.012257,1.421244,-0.395741,guided_exp
10:24:53.867,2,-2.597199,1.449092,-1.726935,guided_exp
10:24:53.867,1,0.022036,1.412798,-0.385,guided_exp
10:24:53.967,2,-2.596906,1.442072,-1.726537,guided_exp
10:24:53.968,1,0.037347,1.40398,-0.443978,guided_exp
10:24:54.067,2,-2.597073,1.451777,-1.726695,guided_exp
10:24:54.067,1,0.014666,1.403007,-0.385656,guided_exp
10:24:54.167,2,-2.597158,1.446555,-1.726916,guided_exp
10:24:54.167,1,0.034572,1.410245,-0.400694,guided_exp
10:24:54.267,2,-2.597352,1.445206,-1.726827,guided_exp
10:24:54.268,1,0.011103,1.409712,-0.40104,guided_exp
10:24:54.366,2,-2.596962,1.452147,-1.726221,guided_exp
10:24:54.366,1,0.017734,1.413069,-0.451392,guided_exp
10:24:54.450,2,-2.597113,1.445895,-1.725907,guided_exp
10:24:54.450,1,0.0827,1.416967,-0.330696,guided_exp
10:24:54.534,2,-2.597085,1.440322,-1.725811,guided_exp
10:24:54.534,1,0.034351,1.414229,-0.436744,guided_exp
10:24:54.616,2,-2.596968,1.442629,-1.726012,guided_exp
10:24:54.616,1,0.042027,1.399882,-0.322346,guided_exp
10:24:54.750,2,-2.596898,1.439784,-1.725704,guided_exp
10:24:54.750,1,0.052942,1.38067,-0.326088,guided_exp
10:24:54.883,2,-2.59645,1.441967,-1.725535,guided_exp
10:24:54.883,1,0.034786,1.375523,-0.327286,guided_exp
10:24:54.966,2,-2.596391,1.449116,-1.725225,guided_exp
10:24:54.967,1,0.038062,1.381261,-0.526848,guided_exp
10:24:55.050,2,-2.596695,1.448353,-1.72511,guided_exp
10:24:55.050,1,0.008814,1.380458,-0.30569,guided_exp
10:24:55.133,2,-2.596488,1.449035,-1.724645,guided_exp
10:24:55.133,1,0.04943,1.380426,-0.376264,guided_exp
10:24:55.217,2,-2.596782,1.448661,-1.724362,guided_exp
10:24:55.218,1,0.046598,1.379824,-0.456727,guided_exp
10:24:55.316,2,-2.595419,1.449263,-1.724387,guided_exp
10:24:55.317,1,-0.008696,1.375443,-0.410526,guided_exp
10:24:55.400,2,-2.595571,1.452073,-1.724582,guided_exp
10:24:55.400,1,0.046068,1.329789,-0.437161,guided_exp
10:24:55.500,2,-2.59579,1.452948,-1.724408,guided_exp
10:24:55.501,1,0.034801,1.382398,-0.425394,guided_exp
10:24:55.600,2,-2.595207,1.452915,-1.724429,guided_exp
10:24:55.600,1,-0.008773,1.407694,-0.377133,guided_exp
10:24:55.683,2,-2.595395,1.451193,-1.724114,guided_exp
10:24:55.683,1,0.007212,1.430241,-0.363961,guided_exp
10:24:55.766,2,-2.595375,1.450981,-1.724103,guided_exp
10:24:55.767,1,0.031313,1.430482,-0.3619,guided_exp
10:24:55.850,2,-2.59519,1.451046,-1.724087,guided_exp
10:24:55.850,1,0.028293,1.430604,-0.432465,guided_exp
10:24:55.934,2,-2.595115,1.451062,-1.724005,guided_exp
10:24:55.934,1,0.016637,1.386568,-0.378717,guided_exp
10:24:56.034,2,-2.595092,1.451038,-1.72393,guided_exp
10:24:56.034,1,0.03466,1.386568,-0.461841,guided_exp
10:24:56.116,2,-2.595276,1.451038,-1.723677,guided_exp
10:24:56.116,1,0.044226,1.435256,-0.334475,guided_exp
10:24:56.266,2,-2.594865,1.450653,-1.723933,guided_exp
10:24:56.267,1,0.025373,1.433905,-0.392179,guided_exp
10:24:56.367,2,-2.594749,1.450864,-1.72417,guided_exp
10:24:56.368,1,0.037791,1.435038,-0.3019,guided_exp
10:24:56.467,2,-2.594356,1.451846,-1.724783,guided_exp
10:24:56.468,1,0.011762,1.432953,-0.47574,guided_exp
10:24:56.550,2,-2.594317,1.452373,-1.724844,guided_exp
10:24:56.550,1,-0.009599,1.410916,-0.323863,guided_exp
10:24:56.634,2,-2.594391,1.450948,-1.72487,guided_exp
10:24:56.634,1,0.007706,1.418089,-0.345838,guided_exp
10:24:56.750,2,-2.594571,1.450772,-1.724788,guided_exp
10:24:56.750,1,0.025589,1.423855,-0.378573,guided_exp
10:24:56.833,2,-2.594668,1.450244,-1.724626,guided_exp
10:24:56.833,1,0.021945,1.41093,-0.463999,guided_exp
10:24:56.918,2,-2.594777,1.450825,-1.72444,guided_exp
10:24:56.918,1,0.002893,1.390804,-0.36948,guided_exp
10:24:57.016,2,-2.594927,1.451092,-1.724612,guided_exp
10:24:57.017,1,0.062926,1.336988,-0.367328,guided_exp
10:24:57.117,2,-2.594724,1.448767,-1.724331,guided_exp
10:24:57.118,1,-0.022115,1.375974,-0.40624,guided_exp
10:24:57.200,2,-2.594348,1.451202,-1.724449,guided_exp
10:24:57.200,1,0.013972,1.331645,-0.352916,guided_exp
10:24:57.333,2,-2.594238,1.447566,-1.725034,guided_exp
10:24:57.333,1,0.054136,1.387713,-0.366331,guided_exp
10:24:57.484,2,-2.592445,1.452927,-1.725021,guided_exp
10:24:57.485,1,0.050172,1.411515,-0.421879,guided_exp
10:24:57.584,2,-2.592601,1.455448,-1.725612,guided_exp
10:24:57.584,1,0.046344,1.43379,-0.396546,guided_exp
10:24:57.666,2,-2.59362,1.452307,-1.726299,guided_exp
10:24:57.667,1,0.037162,1.427427,-0.395452,guided_exp
10:24:57.751,2,-2.593865,1.445915,-1.726852,guided_exp
10:24:57.751,1,0.016812,1.425843,-0.356717,guided_exp
10:24:57.851,2,-2.593905,1.437918,-1.727709,guided_exp
10:24:57.851,1,0.039773,1.429084,-0.398647,guided_exp
10:24:57.933,2,-2.593844,1.410003,-1.728088,guided_exp
10:24:57.933,1,0.007757,1.418345,-0.335042,guided_exp
10:24:58.018,2,-2.592584,1.441862,-1.728483,guided_exp
10:24:58.018,1,0.02276,1.408529,-0.462936,guided_exp
10:24:58.100,2,-2.59262,1.429093,-1.728966,guided_exp
10:24:58.100,1,0.008099,1.41038,-0.401268,guided_exp
10:24:58.185,2,-2.592319,1.423918,-1.729237,guided_exp
10:24:58.185,1,-0.009179,1.417158,-0.324544,guided_exp
10:24:58.284,2,-2.592419,1.422546,-1.73004,guided_exp
10:24:58.285,1,0.015518,1.420518,-0.392202,guided_exp
10:24:58.384,2,-2.593139,1.425734,-1.730561,guided_exp
10:24:58.384,1,0.027478,1.425217,-0.384947,guided_exp
10:24:58.484,2,-2.593349,1.423943,-1.730815,guided_exp
10:24:58.484,1,0.034186,1.425468,-0.366181,guided_exp
10:24:58.585,2,-2.593225,1.425817,-1.731319,guided_exp
10:24:58.586,1,0.065468,1.426622,-0.31256,guided_exp
10:24:58.684,2,-2.593926,1.42422,-1.732235,guided_exp
10:24:58.684,1,0.008148,1.426834,-0.37286,guided_exp
10:24:58.784,2,-2.594556,1.421851,-1.732429,guided_exp
10:24:58.784,1,-0.014277,1.42932,-0.377634,guided_exp
10:24:58.884,2,-2.595166,1.409674,-1.732563,guided_exp
10:24:58.884,1,0.018837,1.433143,-0.350801,guided_exp
10:24:58.984,2,-2.595337,1.391525,-1.732938,guided_exp
10:24:58.984,1,0.029726,1.442805,-0.419824,guided_exp
10:24:59.083,2,-2.595564,1.392504,-1.733119,guided_exp
10:24:59.083,1,0.018658,1.4443,-0.399019,guided_exp
10:24:59.250,2,-2.59612,1.392575,-1.733198,guided_exp
10:24:59.250,1,0.024525,1.438864,-0.342135,guided_exp
10:24:59.350,2,-2.595955,1.394272,-1.733263,guided_exp
10:24:59.350,1,0.012642,1.438079,-0.345455,guided_exp
10:24:59.433,2,-2.596323,1.393561,-1.733179,guided_exp
10:24:59.433,1,0.014797,1.429125,-0.389954,guided_exp
10:24:59.516,2,-2.59619,1.39238,-1.733129,guided_exp
10:24:59.517,1,-0.007558,1.423145,-0.384573,guided_exp
10:24:59.600,2,-2.596595,1.39171,-1.732496,guided_exp
10:24:59.600,1,0.00194,1.422712,-0.328345,guided_exp
10:24:59.683,2,-2.596895,1.39109,-1.732723,guided_exp
10:24:59.683,1,0.025725,1.427322,-0.463107,guided_exp
10:24:59.766,2,-2.597466,1.391291,-1.73278,guided_exp
10:24:59.767,1,0.010277,1.426859,-0.345526,guided_exp
10:24:59.850,2,-2.597402,1.39318,-1.733042,guided_exp
10:24:59.850,1,0.027575,1.427787,-0.465034,guided_exp
10:24:59.933,2,-2.597629,1.391296,-1.733139,guided_exp
10:24:59.933,1,0.03147,1.43324,-0.350291,guided_exp
10:25:00.016,2,-2.597697,1.391429,-1.733316,guided_exp
10:25:00.017,1,0.034459,1.433466,-0.342176,guided_exp
10:25:00.101,2,-2.598329,1.391125,-1.733619,guided_exp
10:25:00.101,1,0.011112,1.435091,-0.359039,guided_exp
10:25:00.201,2,-2.598906,1.391806,-1.73348,guided_exp
10:25:00.202,1,0.020203,1.433607,-0.299864,guided_exp
10:25:00.302,2,-2.599045,1.39303,-1.733483,guided_exp
10:25:00.302,1,0.055809,1.43124,-0.424761,guided_exp
10:25:00.400,2,-2.599121,1.394141,-1.733536,guided_exp
10:25:00.400,1,0.061795,1.433974,-0.461988,guided_exp
10:25:00.483,2,-2.599384,1.394232,-1.733364,guided_exp
10:25:00.483,1,0.036514,1.431352,-0.438763,guided_exp
10:25:00.566,2,-2.599748,1.395552,-1.733167,guided_exp
10:25:00.567,1,0.020983,1.435402,-0.353056,guided_exp
10:25:00.650,2,-2.600529,1.398157,-1.733021,guided_exp
10:25:00.650,1,0.015663,1.4377,-0.479717,guided_exp
10:25:00.750,2,-2.600422,1.399381,-1.732545,guided_exp
10:25:00.750,1,0.039909,1.437316,-0.440527,guided_exp
10:25:00.851,2,-2.600565,1.398986,-1.732057,guided_exp
10:25:00.852,1,0.055139,1.439795,-0.442155,guided_exp
10:25:00.951,2,-2.60109,1.399558,-1.731554,guided_exp
10:25:00.951,1,0.00026,1.440144,-0.320632,guided_exp
10:25:01.050,2,-2.601257,1.399726,-1.731248,guided_exp
10:25:01.050,1,0.07202,1.438423,-0.34543,guided_exp
10:25:01.151,2,-2.600764,1.399897,-1.730361,guided_exp
10:25:01.151,1,0.030959,1.437357,-0.321321,guided_exp
10:25:01.251,2,-2.60069,1.399847,-1.730071,guided_exp
10:25:01.251,1,0.015773,1.431911,-0.383496,guided_exp
10:25:01.369,2,-2.600877,1.418318,-1.72983,guided_exp
10:25:01.369,1,-0.010662,1.432847,-0.397269,guided_exp
10:25:01.484,2,-2.600981,1.423343,-1.728821,guided_exp
10:25:01.484,1,0.054075,1.436688,-0.326317,guided_exp
10:25:01.584,2,-2.601221,1.425051,-1.728329,guided_exp
10:25:01.586,1,0.054702,1.437188,-0.377581,guided_exp
10:25:01.683,2,-2.601197,1.441844,-1.728259,guided_exp
10:25:01.683,1,0.033448,1.43974,-0.325328,guided_exp
10:25:01.784,2,-2.60141,1.445219,-1.728316,guided_exp
10:25:01.784,1,0.130966,1.439397,-0.388923,guided_exp
10:25:01.884,2,-2.601418,1.450528,-1.728996,guided_exp
10:25:01.884,1,0.030442,1.429024,-0.42503,guided_exp
10:25:01.983,2,-2.601207,1.459048,-1.728713,guided_exp
10:25:01.983,1,-0.018927,1.419953,-0.505055,guided_exp
10:25:02.066,2,-2.601144,1.460083,-1.728739,guided_exp
10:25:02.067,1,0.015006,1.4174,-0.488935,guided_exp
10:25:02.167,2,-2.601162,1.454548,-1.728768,guided_exp
10:25:02.167,1,0.0001,1.417848,-0.512034,guided_exp
10:25:02.284,2,-2.600904,1.45265,-1.728694,guided_exp
10:25:02.284,1,-0.077397,1.424456,-0.619122,guided_exp
10:25:02.383,2,-2.601014,1.45142,-1.728196,guided_exp
10:25:02.383,1,-0.113788,1.422048,-0.605454,guided_exp
10:25:02.484,2,-2.601303,1.454311,-1.728073,guided_exp
10:25:02.583,2,-2.600801,1.422537,-1.728389,guided_exp
10:25:02.583,1,-0.124789,1.457979,-0.692895,guided_exp
10:25:02.684,2,-2.601061,1.421866,-1.728372,guided_exp
10:25:02.684,1,-0.097419,1.459319,-0.723278,guided_exp
10:25:02.784,2,-2.600809,1.427007,-1.728625,guided_exp
10:25:02.784,1,-0.179708,1.457142,-0.982563,guided_exp
10:25:02.883,2,-2.599897,1.430367,-1.728734,guided_exp
10:25:02.883,1,-0.19548,1.458652,-0.970326,guided_exp
10:25:02.983,2,-2.600239,1.432738,-1.729495,guided_exp
10:25:02.983,1,-0.272423,1.461924,-1.065028,guided_exp
10:25:03.066,2,-2.600314,1.437577,-1.729825,guided_exp
10:25:03.067,1,-0.329764,1.462626,-1.079164,guided_exp
10:25:03.169,2,-2.600378,1.438501,-1.730333,guided_exp
10:25:03.169,1,-0.3379,1.458582,-1.088945,guided_exp
10:25:03.267,2,-2.599999,1.438159,-1.730035,guided_exp
10:25:03.268,1,-0.356738,1.460087,-1.077122,guided_exp
10:25:03.366,2,-2.600335,1.439223,-1.729685,guided_exp
10:25:03.367,1,-0.326599,1.461111,-1.079006,guided_exp
10:25:03.467,2,-2.600433,1.43715,-1.7298,guided_exp
10:25:03.467,1,-0.330652,1.458255,-1.101885,guided_exp
10:25:03.566,2,-2.599711,1.437709,-1.729641,guided_exp
10:25:03.567,1,-0.343473,1.459152,-1.129397,guided_exp
10:25:03.650,2,-2.599081,1.439094,-1.729613,guided_exp
10:25:03.651,1,-0.349838,1.460166,-1.122985,guided_exp
10:25:03.767,2,-2.599105,1.438444,-1.730484,guided_exp
10:25:03.767,1,-0.360228,1.462613,-1.12504,guided_exp
10:25:03.884,2,-2.598159,1.435924,-1.730186,guided_exp
10:25:03.886,1,-0.337668,1.463217,-1.132953,guided_exp
10:25:03.984,2,-2.598546,1.434307,-1.730469,guided_exp
10:25:03.984,1,-0.342621,1.467463,-1.122568,guided_exp
10:25:04.083,2,-2.598293,1.433643,-1.73052,guided_exp
10:25:04.083,1,-0.375106,1.462948,-1.111137,guided_exp
10:25:04.184,2,-2.598138,1.433454,-1.730856,guided_exp
10:25:04.184,1,-0.358809,1.460393,-1.121311,guided_exp
10:25:04.284,2,-2.597113,1.432424,-1.730326,guided_exp
10:25:04.284,1,-0.364105,1.449933,-1.11122,guided_exp
10:25:04.383,2,-2.596841,1.433134,-1.73057,guided_exp
10:25:04.383,1,-0.353148,1.433853,-1.084542,guided_exp
10:25:04.484,2,-2.596408,1.434285,-1.73173,guided_exp
10:25:04.484,1,-0.329723,1.400302,-1.113791,guided_exp
10:25:04.584,2,-2.595694,1.434914,-1.7323,guided_exp
10:25:04.584,1,-0.328854,1.401829,-1.087267,guided_exp
10:25:04.684,2,-2.594533,1.435008,-1.732145,guided_exp
10:25:04.684,1,-0.357155,1.417722,-1.078602,guided_exp
10:25:04.801,2,-2.59385,1.433394,-1.732644,guided_exp
10:25:04.801,1,-0.327974,1.418643,-1.130541,guided_exp
10:25:04.900,2,-2.593071,1.433361,-1.732573,guided_exp
10:25:04.900,1,-0.337372,1.405823,-1.123585,guided_exp
10:25:05.001,2,-2.5913,1.433689,-1.733586,guided_exp
10:25:05.002,1,-0.356648,1.37322,-1.113617,guided_exp
10:25:05.101,2,-2.591127,1.434572,-1.73354,guided_exp
10:25:05.101,1,-0.360545,1.364719,-1.112006,guided_exp
10:25:05.200,2,-2.590958,1.436908,-1.733294,guided_exp
10:25:05.200,1,-0.362089,1.317404,-1.105156,guided_exp
10:25:05.283,2,-2.588439,1.436284,-1.732037,guided_exp
10:25:05.283,1,-0.371579,1.271879,-1.092654,guided_exp
10:25:05.384,2,-2.588852,1.436274,-1.733745,guided_exp
10:25:05.384,1,-0.277811,1.322047,-1.006082,guided_exp
10:25:05.501,2,-2.588941,1.435669,-1.735548,guided_exp
10:25:05.501,1,-0.362679,1.326336,-1.111731,guided_exp
10:25:05.600,2,-2.588502,1.436468,-1.735163,guided_exp
10:25:05.600,1,-0.307581,1.332224,-1.038377,guided_exp
10:25:05.701,2,-2.587868,1.436379,-1.735493,guided_exp
10:25:05.701,1,-0.313385,1.302555,-1.036756,guided_exp
10:25:05.800,2,-2.587607,1.435736,-1.735395,guided_exp
10:25:05.801,1,-0.324339,1.285032,-1.061487,guided_exp
10:25:05.900,2,-2.585633,1.436134,-1.736688,guided_exp
10:25:05.900,1,-0.322292,1.293118,-1.051398,guided_exp
10:25:06.000,2,-2.585837,1.435954,-1.736394,guided_exp
10:25:06.000,1,-0.326574,1.195166,-1.061038,guided_exp
10:25:06.084,2,-2.585903,1.435915,-1.735927,guided_exp
10:25:06.084,1,-0.326562,1.142941,-1.063979,guided_exp
10:25:06.183,2,-2.585279,1.435422,-1.73523,guided_exp
10:25:06.183,1,-0.304257,0.65225,-1.018441,guided_exp
10:25:06.267,2,-2.583074,1.435666,-1.734224,guided_exp
10:25:06.267,1,-0.328429,0.707394,-1.076112,guided_exp
10:25:06.350,2,-2.582329,1.436589,-1.734445,guided_exp
10:25:06.350,1,-0.325121,0.387337,-1.078682,guided_exp
10:25:06.433,2,-2.581427,1.435661,-1.73425,guided_exp
10:25:06.433,1,-0.322834,0.482639,-1.092639,guided_exp
10:25:06.517,2,-2.579582,1.434689,-1.734002,guided_exp
10:25:06.517,1,-0.321113,0.66132,-1.094488,guided_exp
10:25:06.600,2,-2.579229,1.433723,-1.733955,guided_exp
10:25:06.600,1,-0.316777,0.80589,-1.094018,guided_exp
10:25:06.683,2,-2.579199,1.434434,-1.734031,guided_exp
10:25:06.683,1,-0.310322,0.67768,-1.092642,guided_exp
10:25:06.766,2,-2.579423,1.435022,-1.733336,guided_exp
10:25:06.767,1,-0.311983,0.804004,-1.094597,guided_exp
10:25:06.850,2,-2.580516,1.435564,-1.733017,guided_exp
10:25:06.850,1,-0.312594,0.849847,-1.090003,guided_exp
10:25:06.950,2,-2.579836,1.43504,-1.732738,guided_exp
10:25:06.950,1,-0.310774,0.69021,-1.093737,guided_exp
10:25:07.033,2,-2.580289,1.435696,-1.732847,guided_exp
10:25:07.033,1,-0.309351,0.842614,-1.087453,guided_exp
10:25:07.117,2,-2.5819,1.436058,-1.732908,guided_exp
10:25:07.117,1,-0.311058,0.814264,-1.102335,guided_exp
10:25:07.200,2,-2.584889,1.434872,-1.732869,guided_exp
10:25:07.200,1,-0.312738,0.58872,-1.096743,guided_exp
10:25:07.284,2,-2.584321,1.434431,-1.732789,guided_exp
10:25:07.284,1,-0.313405,0.586078,-1.088751,guided_exp
10:25:07.383,2,-2.58284,1.436087,-1.732022,guided_exp
10:25:07.383,1,-0.293195,0.542674,-1.043261,guided_exp
10:25:07.484,2,-2.582254,1.435839,-1.731405,guided_exp
10:25:07.484,1,-0.30971,0.750099,-1.073864,guided_exp
10:25:07.584,2,-2.584716,1.435725,-1.731358,guided_exp
10:25:07.584,1,-0.313656,0.856584,-1.082589,guided_exp
10:25:07.683,2,-2.585518,1.435882,-1.732345,guided_exp
10:25:07.683,1,-0.312488,1.033423,-1.081023,guided_exp
10:25:07.784,2,-2.586169,1.435744,-1.733579,guided_exp
10:25:07.786,1,-0.292866,0.783114,-1.047153,guided_exp
10:25:07.883,2,-2.587875,1.434684,-1.734153,guided_exp
10:25:07.883,1,-0.310725,1.036955,-1.078702,guided_exp
10:25:07.984,2,-2.586931,1.43458,-1.736014,guided_exp
10:25:07.984,1,-0.30991,0.776979,-1.08035,guided_exp
10:25:08.083,2,-2.58667,1.434414,-1.739067,guided_exp
10:25:08.083,1,-0.308518,0.707555,-1.082668,guided_exp
10:25:08.184,2,-2.587341,1.435332,-1.739925,guided_exp
10:25:08.184,1,-0.306379,0.798105,-1.082985,guided_exp
10:25:08.284,2,-2.587781,1.435638,-1.740194,guided_exp
10:25:08.284,1,-0.304183,0.560382,-1.07999,guided_exp
10:25:08.383,2,-2.587628,1.434031,-1.739933,guided_exp
10:25:08.383,1,-0.30307,0.924752,-1.078023,guided_exp
10:25:08.484,2,-2.586295,1.433497,-1.743885,guided_exp
10:25:08.484,1,-0.3001,0.350304,-1.070909,guided_exp
10:25:08.584,2,-2.586559,1.433656,-1.743862,guided_exp
10:25:08.585,1,-0.297704,0.750579,-1.078913,guided_exp
10:25:08.683,2,-2.587482,1.433858,-1.74544,guided_exp
10:25:08.684,1,-0.282865,0.587136,-1.044618,guided_exp
10:25:08.783,2,-2.585519,1.434854,-1.746681,guided_exp
10:25:08.783,1,-0.302855,0.639452,-1.081331,guided_exp
10:25:08.867,2,-2.585067,1.435658,-1.744882,guided_exp
10:25:08.867,1,-0.296787,0.817001,-1.071718,guided_exp
10:25:08.967,2,-2.586363,1.435532,-1.749884,guided_exp
10:25:08.967,1,-0.298627,0.994192,-1.075763,guided_exp
10:25:09.068,2,-2.586123,1.43544,-1.749863,guided_exp
10:25:09.068,1,-0.294662,0.714533,-1.066029,guided_exp
10:25:09.167,2,-2.585285,1.436385,-1.747415,guided_exp
10:25:09.167,1,-0.275352,0.804135,-1.019062,guided_exp
10:25:09.267,2,-2.582541,1.436634,-1.749865,guided_exp
10:25:09.267,1,-0.276506,0.513599,-1.02637,guided_exp
10:25:09.367,2,-2.58247,1.434997,-1.749521,guided_exp
10:25:09.368,1,-0.278062,0.965275,-1.04678,guided_exp
10:25:09.467,2,-2.583421,1.435211,-1.74703,guided_exp
10:25:09.467,1,-0.286857,1.106201,-1.055012,guided_exp
10:25:09.550,2,-2.583881,1.433533,-1.746349,guided_exp
10:25:09.550,1,-0.285961,0.471221,-1.037729,guided_exp
10:25:09.633,2,-2.583971,1.43396,-1.744156,guided_exp
10:25:09.633,1,-0.286081,0.696653,-1.045376,guided_exp
10:25:09.734,2,-2.58383,1.432759,-1.743813,guided_exp
10:25:09.735,1,-0.286915,0.732529,-1.044622,guided_exp
10:25:09.833,2,-2.583311,1.432304,-1.743474,guided_exp
10:25:09.833,1,-0.284984,0.631749,-1.068718,guided_exp
10:25:09.916,2,-2.583051,1.431953,-1.742998,guided_exp
10:25:09.917,1,-0.278734,0.620772,-1.059907,guided_exp
10:25:10.000,2,-2.583204,1.43292,-1.745219,guided_exp
10:25:10.000,1,-0.27807,0.60064,-1.048557,guided_exp
10:25:10.101,2,-2.583775,1.433113,-1.744161,guided_exp
10:25:10.101,1,-0.281172,0.517911,-1.052561,guided_exp
10:25:10.201,2,-2.584998,1.433385,-1.742686,guided_exp
10:25:10.201,1,-0.285254,0.558398,-1.058609,guided_exp
10:25:10.301,2,-2.585924,1.433151,-1.742231,guided_exp
10:25:10.301,1,-0.285402,0.86251,-1.055287,guided_exp
10:25:10.400,2,-2.586226,1.43294,-1.742021,guided_exp
10:25:10.400,1,-0.287125,0.635276,-1.072136,guided_exp
10:25:10.500,2,-2.586217,1.433133,-1.742161,guided_exp
10:25:10.500,1,-0.285832,0.577555,-1.067136,guided_exp
10:25:10.583,2,-2.586311,1.433028,-1.742099,guided_exp
10:25:10.583,1,-0.292491,0.56547,-1.087745,guided_exp
10:25:10.684,2,-2.58685,1.434294,-1.741771,guided_exp
10:25:10.684,1,-0.294115,0.430867,-1.055881,guided_exp
10:25:10.783,2,-2.58763,1.432132,-1.741339,guided_exp
10:25:10.784,1,-0.297112,0.574597,-1.054243,guided_exp
10:25:10.884,2,-2.588253,1.43131,-1.74125,guided_exp
10:25:10.884,1,-0.296026,0.490486,-1.051738,guided_exp
10:25:10.984,2,-2.590091,1.430304,-1.741038,guided_exp
10:25:10.985,1,-0.298657,0.752609,-1.054668,guided_exp
10:25:11.083,2,-2.591173,1.431059,-1.740859,guided_exp
10:25:11.083,1,-0.302965,0.650557,-1.052742,guided_exp
10:25:11.184,2,-2.591817,1.431465,-1.740751,guided_exp
10:25:11.184,1,-0.302954,0.310448,-1.048897,guided_exp
10:25:11.283,2,-2.591579,1.431719,-1.740512,guided_exp
10:25:11.284,1,-0.303458,0.506179,-1.0493,guided_exp
10:25:11.383,2,-2.591705,1.431579,-1.740282,guided_exp
10:25:11.383,1,-0.307445,0.74889,-1.052208,guided_exp
10:25:11.501,2,-2.591756,1.430787,-1.740104,guided_exp
10:25:11.501,1,-0.306735,0.772838,-1.046117,guided_exp
10:25:11.600,2,-2.591668,1.430871,-1.739363,guided_exp
10:25:11.600,1,-0.307029,0.76219,-1.044408,guided_exp
10:25:11.700,2,-2.591659,1.432037,-1.739028,guided_exp
10:25:11.700,1,-0.308029,0.532526,-1.042007,guided_exp
10:25:11.783,2,-2.591151,1.432453,-1.738796,guided_exp
10:25:11.783,1,-0.310858,0.722687,-1.038386,guided_exp
10:25:11.867,2,-2.590614,1.432247,-1.73841,guided_exp
10:25:11.867,1,-0.309551,0.753652,-1.03732,guided_exp
10:25:11.950,2,-2.589921,1.432413,-1.738356,guided_exp
10:25:11.950,1,-0.302264,0.650006,-1.027642,guided_exp
10:25:12.050,2,-2.589422,1.430397,-1.737113,guided_exp
10:25:12.050,1,-0.307087,0.592904,-1.03447,guided_exp
10:25:12.150,2,-2.588294,1.430468,-1.736837,guided_exp
10:25:12.150,1,-0.312833,0.413909,-1.047475,guided_exp
10:25:12.250,2,-2.588191,1.430303,-1.736243,guided_exp
10:25:12.250,1,-0.30681,0.789157,-1.02119,guided_exp
10:25:12.351,2,-2.58862,1.430257,-1.736422,guided_exp
10:25:12.351,1,-0.315502,0.803545,-1.02844,guided_exp
10:25:12.450,2,-2.588818,1.430431,-1.735776,guided_exp
10:25:12.450,1,-0.364278,0.346449,-1.136288,guided_exp
10:25:12.550,2,-2.589097,1.431213,-1.733915,guided_exp
10:25:12.550,1,-0.311445,0.457992,-1.023122,guided_exp
10:25:12.650,2,-2.590801,1.431173,-1.731705,guided_exp
10:25:12.650,1,-0.313651,0.661526,-1.021178,guided_exp
10:25:12.751,2,-2.590716,1.43057,-1.730394,guided_exp
10:25:12.751,1,-0.310089,0.848634,-1.020948,guided_exp
10:25:12.850,2,-2.591145,1.43064,-1.730834,guided_exp
10:25:12.850,1,-0.300433,0.647394,-1.024528,guided_exp
10:25:12.950,2,-2.590535,1.431039,-1.729391,guided_exp
10:25:12.950,1,-0.302294,0.64645,-1.02578,guided_exp
10:25:13.033,2,-2.590679,1.43117,-1.728692,guided_exp
10:25:13.033,1,-0.314804,0.655518,-1.046649,guided_exp
10:25:13.117,2,-2.591535,1.432335,-1.72862,guided_exp
10:25:13.117,1,-0.363754,0.818978,-1.128335,guided_exp
10:25:13.200,2,-2.593658,1.431827,-1.727555,guided_exp
10:25:13.200,1,-0.363836,0.49073,-1.139243,guided_exp
10:25:13.300,2,-2.595398,1.431816,-1.727579,guided_exp
10:25:13.300,1,-0.355606,0.826646,-1.145704,guided_exp
10:25:13.400,2,-2.596395,1.431622,-1.726977,guided_exp
10:25:13.400,1,-0.369591,0.484931,-1.151337,guided_exp
10:25:13.518,2,-2.596117,1.433056,-1.727021,guided_exp
10:25:13.518,1,-0.313637,0.584439,-1.008491,guided_exp
10:25:13.617,2,-2.596557,1.434211,-1.726767,guided_exp
10:25:13.617,1,-0.368041,0.563781,-1.135053,guided_exp
10:25:13.717,2,-2.597641,1.434242,-1.726028,guided_exp
10:25:13.718,1,-0.388447,1.005838,-1.111061,guided_exp
10:25:13.817,2,-2.598306,1.433584,-1.726022,guided_exp
10:25:13.817,1,-0.376654,0.532646,-1.095949,guided_exp
10:25:13.917,2,-2.598451,1.433052,-1.72595,guided_exp
10:25:13.917,1,-0.373526,0.770788,-1.139666,guided_exp
10:25:14.017,2,-2.598622,1.431431,-1.72619,guided_exp
10:25:14.017,1,-0.325213,0.792424,-1.093243,guided_exp
10:25:14.100,2,-2.599436,1.433243,-1.72612,guided_exp
10:25:14.101,1,-0.363893,0.751569,-1.131138,guided_exp
10:25:14.200,2,-2.600458,1.433041,-1.726251,guided_exp
10:25:14.200,1,-0.319192,0.763199,-1.120874,guided_exp
10:25:14.301,2,-2.600565,1.433031,-1.726113,guided_exp
10:25:14.303,1,-0.320581,0.739465,-1.046936,guided_exp
10:25:14.400,2,-2.601108,1.432404,-1.725686,guided_exp
10:25:14.400,1,-0.357171,0.870277,-1.148713,guided_exp
10:25:14.484,2,-2.600532,1.432276,-1.725776,guided_exp
10:25:14.485,1,-0.374703,0.621307,-1.123254,guided_exp
10:25:14.583,2,-2.599718,1.432289,-1.725613,guided_exp
10:25:14.583,1,-0.376773,0.556082,-1.125484,guided_exp
10:25:14.668,2,-2.599122,1.431751,-1.725843,guided_exp
10:25:14.668,1,-0.371139,0.819553,-1.127603,guided_exp
10:25:14.767,2,-2.598706,1.431869,-1.726115,guided_exp
10:25:14.767,1,-0.368602,0.534439,-1.127834,guided_exp
10:25:14.850,2,-2.598882,1.432711,-1.726067,guided_exp
10:25:14.851,1,-0.359364,0.827431,-1.123793,guided_exp
10:25:14.950,2,-2.598583,1.431747,-1.726322,guided_exp
10:25:14.950,1,-0.366875,0.560766,-1.124892,guided_exp
10:25:15.050,2,-2.598652,1.432976,-1.727371,guided_exp
10:25:15.050,1,-0.376582,0.787011,-1.102226,guided_exp
10:25:15.151,2,-2.598542,1.432618,-1.727436,guided_exp
10:25:15.151,1,-0.351337,0.532934,-1.108758,guided_exp
10:25:15.250,2,-2.598552,1.434359,-1.727653,guided_exp
10:25:15.250,1,-0.379515,0.850039,-1.098707,guided_exp
10:25:15.351,2,-2.599052,1.433564,-1.728815,guided_exp
10:25:15.351,1,-0.359221,0.586847,-1.12094,guided_exp
10:25:15.450,2,-2.598195,1.433394,-1.72856,guided_exp
10:25:15.450,1,-0.367496,0.595184,-1.107803,guided_exp
10:25:15.533,2,-2.598509,1.433331,-1.728674,guided_exp
10:25:15.533,1,-0.374947,0.58608,-1.086954,guided_exp
10:25:15.617,2,-2.599147,1.432778,-1.729578,guided_exp
10:25:15.617,1,-0.361411,0.829167,-1.105418,guided_exp
10:25:15.700,2,-2.599269,1.432508,-1.729411,guided_exp
10:25:15.700,1,-0.356061,0.434661,-1.091801,guided_exp
10:25:15.801,2,-2.598643,1.432074,-1.72921,guided_exp
10:25:15.801,1,-0.346919,0.826683,-1.107918,guided_exp
10:25:15.901,2,-2.598562,1.43323,-1.729207,guided_exp
10:25:15.901,1,-0.358066,0.705681,-1.099036,guided_exp
10:25:16.000,2,-2.598807,1.433842,-1.729535,guided_exp
10:25:16.000,1,-0.363234,0.554137,-1.09263,guided_exp
10:25:16.083,2,-2.598706,1.433429,-1.729962,guided_exp
10:25:16.083,1,-0.371875,0.590611,-1.099188,guided_exp
10:25:16.184,2,-2.598948,1.435197,-1.729841,guided_exp
10:25:16.186,1,-0.359111,0.826696,-1.10183,guided_exp
10:25:16.284,2,-2.598934,1.434499,-1.729143,guided_exp
10:25:16.284,1,-0.356439,0.853261,-1.102447,guided_exp
10:25:16.384,2,-2.598759,1.432711,-1.729335,guided_exp
10:25:16.384,1,-0.36142,0.799247,-1.09959,guided_exp
10:25:16.483,2,-2.597828,1.431981,-1.729859,guided_exp
10:25:16.483,1,-0.352771,0.558703,-1.055995,guided_exp
10:25:16.584,2,-2.597203,1.43405,-1.730232,guided_exp
10:25:16.585,1,-0.389377,0.743535,-1.181723,guided_exp
10:25:16.683,2,-2.597263,1.432985,-1.729819,guided_exp
10:25:16.683,1,-0.417154,0.534806,-1.160168,guided_exp
10:25:16.767,2,-2.596879,1.434354,-1.72983,guided_exp
10:25:16.767,1,-0.356826,0.78637,-1.116163,guided_exp
10:25:16.850,2,-2.597124,1.433425,-1.730178,guided_exp
10:25:16.850,1,-0.356461,0.681365,-1.119659,guided_exp
10:25:16.933,2,-2.596947,1.433649,-1.730461,guided_exp
10:25:16.933,1,-0.367102,0.5454,-1.176028,guided_exp
10:25:17.017,2,-2.59679,1.434646,-1.730635,guided_exp
10:25:17.017,1,-0.378239,0.741325,-1.144773,guided_exp
10:25:17.100,2,-2.596006,1.433883,-1.730529,guided_exp
10:25:17.100,1,-0.353544,0.791486,-1.141576,guided_exp
10:25:17.184,2,-2.596141,1.434339,-1.730519,guided_exp
10:25:17.185,1,-0.369687,0.470685,-1.138437,guided_exp
10:25:17.283,2,-2.595366,1.433666,-1.730493,guided_exp
10:25:17.283,1,-0.353062,0.561116,-1.124728,guided_exp
10:25:17.383,2,-2.595455,1.431807,-1.730487,guided_exp
10:25:17.383,1,-0.342663,0.644323,-1.107137,guided_exp
10:25:17.484,2,-2.595001,1.431438,-1.730491,guided_exp
10:25:17.485,1,-0.324893,0.659006,-1.072644,guided_exp
10:25:17.584,2,-2.594107,1.430618,-1.730249,guided_exp
10:25:17.585,1,-0.314479,0.52194,-1.05944,guided_exp
10:25:17.683,2,-2.593545,1.431359,-1.729752,guided_exp
10:25:17.684,1,-0.310339,0.78192,-1.045256,guided_exp
10:25:17.783,2,-2.592616,1.431686,-1.729476,guided_exp
10:25:17.784,1,-0.332657,0.748671,-0.977387,guided_exp
10:25:17.884,2,-2.592962,1.431391,-1.729273,guided_exp
10:25:17.885,1,-0.318452,0.587449,-1.003649,guided_exp
10:25:17.984,2,-2.59236,1.431748,-1.728053,guided_exp
10:25:17.984,1,-0.303622,0.591345,-1.013101,guided_exp
10:25:18.067,2,-2.592667,1.431641,-1.727391,guided_exp
10:25:18.067,1,-0.305333,0.763556,-1.020179,guided_exp
10:25:18.150,2,-2.592788,1.431905,-1.727011,guided_exp
10:25:18.150,1,-0.282153,0.765331,-1.062058,guided_exp
10:25:18.250,2,-2.592964,1.432607,-1.725876,guided_exp
10:25:18.250,1,-0.312267,0.496487,-0.989885,guided_exp
10:25:18.350,2,-2.592885,1.432367,-1.725644,guided_exp
10:25:18.350,1,-0.31087,0.836073,-1.013114,guided_exp
10:25:18.451,2,-2.592844,1.431652,-1.724855,guided_exp
10:25:18.451,1,-0.332205,0.757819,-1.043088,guided_exp
10:25:18.550,2,-2.5929,1.431358,-1.724771,guided_exp
10:25:18.550,1,-0.304495,0.805553,-1.036038,guided_exp
10:25:18.651,2,-2.592927,1.430385,-1.724612,guided_exp
10:25:18.651,1,-0.28917,0.551425,-0.969025,guided_exp
10:25:18.750,2,-2.596641,1.431147,-1.724638,guided_exp
10:25:18.750,1,-0.318787,0.503518,-0.994153,guided_exp
10:25:18.850,2,-2.595331,1.431349,-1.727293,guided_exp
10:25:18.850,1,-0.34881,0.63217,-1.012764,guided_exp
10:25:18.950,2,-2.593256,1.431738,-1.729189,guided_exp
10:25:18.950,1,-0.39927,0.555115,-1.057739,guided_exp
10:25:19.050,2,-2.590791,1.431594,-1.730511,guided_exp
10:25:19.050,1,-0.437893,0.754711,-1.088036,guided_exp
10:25:19.150,2,-2.588908,1.431653,-1.734541,guided_exp
10:25:19.150,1,-0.467756,0.847138,-1.112451,guided_exp
10:25:19.251,2,-2.584106,1.431622,-1.738485,guided_exp
10:25:19.252,1,-0.494708,0.749982,-1.139243,guided_exp
10:25:19.350,2,-2.58507,1.431129,-1.745271,guided_exp
10:25:19.350,1,-0.520318,0.602893,-1.157392,guided_exp
10:25:19.433,2,-2.582827,1.429695,-1.749568,guided_exp
10:25:19.433,1,-0.534269,0.749062,-1.171901,guided_exp
10:25:19.533,2,-2.579935,1.430237,-1.759276,guided_exp
10:25:19.534,1,-0.558932,0.830179,-1.176372,guided_exp
10:25:19.617,2,-2.578316,1.430411,-1.762547,guided_exp
10:25:19.617,1,-0.575028,0.811486,-1.181639,guided_exp
10:25:19.700,2,-2.571594,1.430081,-1.766346,guided_exp
10:25:19.700,1,-0.597063,0.576129,-1.190148,guided_exp
10:25:19.783,2,-2.569612,1.430349,-1.767532,guided_exp
10:25:19.784,1,-0.61693,0.582477,-1.191984,guided_exp
10:25:19.885,2,-2.557468,1.430745,-1.763987,guided_exp
10:25:19.886,1,-0.657765,0.564954,-1.198395,guided_exp
10:25:19.983,2,-2.55217,1.431003,-1.761403,guided_exp
10:25:19.984,1,-0.706521,0.587425,-1.199268,guided_exp
10:25:20.067,2,-2.552841,1.430783,-1.758337,guided_exp
10:25:20.067,1,-0.764039,0.756426,-1.203664,guided_exp
10:25:20.150,2,-2.566588,1.431294,-1.758118,guided_exp
10:25:20.150,1,-0.805249,0.59992,-1.202813,guided_exp
10:25:20.233,2,-2.570457,1.431717,-1.756775,guided_exp
10:25:20.234,1,-0.866121,0.638417,-1.200764,guided_exp
10:25:20.384,2,-2.573482,1.43254,-1.752361,guided_exp
10:25:20.385,1,-0.933532,0.558223,-1.201405,guided_exp
10:25:20.483,2,-2.573785,1.433464,-1.747489,guided_exp
10:25:20.484,1,-0.975514,0.689009,-1.207024,guided_exp
10:25:20.584,2,-2.573538,1.433202,-1.746259,guided_exp
10:25:20.585,1,-1.012668,0.598568,-1.216874,guided_exp
10:25:20.700,2,-2.571752,1.434201,-1.745621,guided_exp
10:25:20.700,1,-1.055942,0.70215,-1.232012,guided_exp
10:25:20.800,2,-2.574471,1.434604,-1.733538,guided_exp
10:25:20.800,1,-1.112162,0.730939,-1.261916,guided_exp
10:25:20.883,2,-2.574612,1.435033,-1.733469,guided_exp
10:25:20.884,1,-1.13738,0.633618,-1.268022,guided_exp
10:25:20.985,2,-2.575659,1.435164,-1.731668,guided_exp
10:25:20.985,1,-1.192194,0.598628,-1.28591,guided_exp
10:25:21.083,2,-2.575156,1.435614,-1.731846,guided_exp
10:25:21.084,1,-1.258996,0.655006,-1.314988,guided_exp
10:25:21.183,2,-2.574292,1.435322,-1.733736,guided_exp
10:25:21.184,1,-1.301206,0.910687,-1.337235,guided_exp
10:25:21.267,2,-2.574066,1.435812,-1.730495,guided_exp
10:25:21.267,1,-1.349401,0.885404,-1.367325,guided_exp
10:25:21.350,2,-2.573259,1.43578,-1.731203,guided_exp
10:25:21.350,1,-1.373167,1.029639,-1.387009,guided_exp
10:25:21.433,2,-2.571829,1.435963,-1.732485,guided_exp
10:25:21.434,1,-1.402373,1.416877,-1.415071,guided_exp
10:25:21.517,2,-2.571943,1.436214,-1.733559,guided_exp
10:25:21.517,1,-1.413047,1.35161,-1.428565,guided_exp
10:25:21.600,2,-2.572518,1.434596,-1.735212,guided_exp
10:25:21.600,1,-1.426553,1.195748,-1.455139,guided_exp
10:25:21.683,2,-2.576727,1.433809,-1.736726,guided_exp
10:25:21.684,1,-1.430081,1.267658,-1.47526,guided_exp
10:25:21.767,2,-2.576733,1.431856,-1.739627,guided_exp
10:25:21.767,1,-1.430482,1.299089,-1.516721,guided_exp
10:25:21.850,2,-2.583203,1.432682,-1.737596,guided_exp
10:25:21.850,1,-1.426088,1.200877,-1.542508,guided_exp
10:25:21.933,2,-2.580963,1.432547,-1.742123,guided_exp
10:25:21.934,1,-1.414517,1.053162,-1.584105,guided_exp
10:25:22.017,2,-2.585949,1.43201,-1.741729,guided_exp
10:25:22.017,1,-1.407243,1.264061,-1.625391,guided_exp
10:25:22.100,2,-2.58741,1.432214,-1.744007,guided_exp
10:25:22.100,1,-1.393881,1.34442,-1.668814,guided_exp
10:25:22.183,2,-2.590964,1.432603,-1.743996,guided_exp
10:25:22.184,1,-1.388955,1.296336,-1.685038,guided_exp
10:25:22.284,2,-2.593874,1.4323,-1.746118,guided_exp
10:25:22.285,1,-1.382859,1.315709,-1.726042,guided_exp
10:25:22.385,2,-2.593058,1.433217,-1.749865,guided_exp
10:25:22.386,1,-1.384475,1.293823,-1.761584,guided_exp
10:25:22.483,2,-2.593589,1.433022,-1.750667,guided_exp
10:25:22.484,1,-1.383708,1.291144,-1.795504,guided_exp
10:25:22.585,2,-2.595795,1.432986,-1.753555,guided_exp
10:25:22.585,1,-1.39553,1.258317,-1.815584,guided_exp
10:25:22.684,2,-2.595746,1.432988,-1.756915,guided_exp
10:25:22.685,1,-1.414006,1.30289,-1.843761,guided_exp
10:25:22.783,2,-2.596426,1.433694,-1.758208,guided_exp
10:25:22.784,1,-1.436595,1.204834,-1.869131,guided_exp
10:25:22.885,2,-2.597389,1.432615,-1.75985,guided_exp
10:25:22.885,1,-1.459464,1.282228,-1.891353,guided_exp
10:25:22.984,2,-2.597691,1.43221,-1.760582,guided_exp
10:25:22.984,1,-1.513944,1.263351,-1.94156,guided_exp
10:25:23.067,2,-2.597006,1.432387,-1.761445,guided_exp
10:25:23.067,1,-1.549828,1.230007,-1.97716,guided_exp
10:25:23.167,2,-2.598719,1.433211,-1.763566,guided_exp
10:25:23.167,1,-1.590667,1.321208,-2.008865,guided_exp
10:25:23.268,2,-2.59972,1.43343,-1.765702,guided_exp
10:25:23.268,1,-1.617947,1.245163,-2.033374,guided_exp
10:25:23.367,2,-2.600111,1.434038,-1.766654,guided_exp
10:25:23.367,1,-1.664111,1.291424,-2.083992,guided_exp
10:25:23.450,2,-2.601644,1.43417,-1.769272,guided_exp
10:25:23.450,1,-1.681813,1.28676,-2.100382,guided_exp
10:25:23.533,2,-2.603726,1.434466,-1.770072,guided_exp
10:25:23.534,1,-1.704015,1.30384,-2.124919,guided_exp
10:25:23.617,2,-2.604796,1.434608,-1.768618,guided_exp
10:25:23.617,1,-1.715449,1.265349,-2.137398,guided_exp
10:25:23.718,2,-2.606039,1.438738,-1.768774,guided_exp
10:25:23.718,1,-1.725583,1.281858,-2.149375,guided_exp
10:25:23.817,2,-2.606116,1.438201,-1.771087,guided_exp
10:25:23.817,1,-1.734123,1.488066,-2.159641,guided_exp
10:25:23.919,2,-2.605338,1.437156,-1.770305,guided_exp
10:25:23.919,1,-1.738214,1.304876,-2.16718,guided_exp
10:25:24.017,2,-2.60604,1.437067,-1.770962,guided_exp
10:25:24.017,1,-1.743199,1.450573,-2.173976,guided_exp
10:25:24.100,2,-2.606966,1.437088,-1.772619,guided_exp
10:25:24.100,1,-1.747455,1.446179,-2.181156,guided_exp
10:25:24.183,2,-2.607258,1.437166,-1.773288,guided_exp
10:25:24.184,1,-1.748414,1.458168,-2.185425,guided_exp
10:25:24.267,2,-2.607613,1.436433,-1.773639,guided_exp
10:25:24.267,1,-1.749011,1.46964,-2.188089,guided_exp
10:25:24.350,2,-2.607572,1.436298,-1.775374,guided_exp
10:25:24.350,1,-1.749134,1.458992,-2.192078,guided_exp
10:25:24.433,2,-2.606132,1.436492,-1.774493,guided_exp
10:25:24.434,1,-1.748754,1.456452,-2.197274,guided_exp
10:25:24.517,2,-2.604357,1.437116,-1.773464,guided_exp
10:25:24.517,1,-1.748903,1.474645,-2.199889,guided_exp
10:25:24.600,2,-2.603393,1.436983,-1.773388,guided_exp
10:25:24.600,1,-1.74729,1.442266,-2.201911,guided_exp
10:25:24.684,2,-2.604334,1.436748,-1.774561,guided_exp
10:25:24.684,1,-1.747061,1.44499,-2.202581,guided_exp
10:25:24.767,2,-2.603277,1.436562,-1.774469,guided_exp
10:25:24.767,1,-1.746856,1.436354,-2.203503,guided_exp
10:25:24.850,2,-2.603075,1.437338,-1.77512,guided_exp
10:25:24.850,1,-1.746803,1.437304,-2.203419,guided_exp
10:25:24.952,2,-2.602866,1.436433,-1.776337,guided_exp
10:25:24.952,1,-1.746838,1.431579,-2.204954,guided_exp
10:25:25.050,2,-2.601228,1.436654,-1.774569,guided_exp
10:25:25.050,1,-1.746956,1.453263,-2.205537,guided_exp
10:25:25.134,2,-2.601423,1.437027,-1.774749,guided_exp
10:25:25.134,1,-1.74669,1.443939,-2.205816,guided_exp
10:25:25.217,2,-2.601462,1.437179,-1.774585,guided_exp
10:25:25.217,1,-1.74643,1.446413,-2.206015,guided_exp
10:25:25.300,2,-2.601142,1.43741,-1.775189,guided_exp
10:25:25.300,1,-1.745992,1.440151,-2.206119,guided_exp
10:25:25.383,2,-2.601513,1.43855,-1.776614,guided_exp
10:25:25.384,1,-1.745972,1.451159,-2.206379,guided_exp
10:25:25.467,2,-2.602292,1.43753,-1.777242,guided_exp
10:25:25.467,1,-1.745834,1.433947,-2.205974,guided_exp
10:25:25.550,2,-2.602117,1.436196,-1.776619,guided_exp
10:25:25.550,1,-1.745785,1.436241,-2.205994,guided_exp
10:25:25.633,2,-2.603378,1.436537,-1.776333,guided_exp
10:25:25.634,1,-1.745942,1.440489,-2.205934,guided_exp
10:25:25.717,2,-2.603999,1.438818,-1.776002,guided_exp
10:25:25.719,1,-1.746305,1.476377,-2.205912,guided_exp
10:25:25.817,2,-2.604161,1.439964,-1.774384,guided_exp
10:25:25.817,1,-1.747176,1.447459,-2.205646,guided_exp
10:25:25.900,2,-2.604412,1.435218,-1.773679,guided_exp
10:25:25.900,1,-1.747796,1.442627,-2.20546,guided_exp
10:25:25.984,2,-2.605914,1.434472,-1.775393,guided_exp
10:25:25.984,1,-1.748206,1.443517,-2.205376,guided_exp
10:25:26.067,2,-2.608081,1.435769,-1.773984,guided_exp
10:25:26.067,1,-1.749842,1.483523,-2.20554,guided_exp
10:25:26.168,2,-2.610422,1.434499,-1.774906,guided_exp
10:25:26.168,1,-1.749993,1.442134,-2.20541,guided_exp
10:25:26.267,2,-2.605473,1.436207,-1.770829,guided_exp
10:25:26.267,1,-1.75009,1.443242,-2.2052,guided_exp
10:25:26.350,2,-2.605336,1.436699,-1.770523,guided_exp
10:25:26.350,1,-1.750386,1.437784,-2.204598,guided_exp
10:25:26.433,2,-2.604498,1.436779,-1.769066,guided_exp
10:25:26.434,1,-1.750022,1.424019,-2.203095,guided_exp
10:25:26.517,2,-2.602975,1.436129,-1.767346,guided_exp
10:25:26.517,1,-1.750157,1.441051,-2.202964,guided_exp
10:25:26.618,2,-2.602147,1.435494,-1.767006,guided_exp
10:25:26.619,1,-1.747745,1.445648,-2.201328,guided_exp
10:25:26.717,2,-2.597748,1.434943,-1.764779,guided_exp
10:25:26.717,1,-1.746957,1.456946,-2.20017,guided_exp
10:25:26.818,2,-2.596047,1.434263,-1.764289,guided_exp
10:25:26.818,1,-1.747431,1.44684,-2.198922,guided_exp
10:25:26.917,2,-2.59567,1.432806,-1.764628,guided_exp
10:25:26.917,1,-1.746561,1.475532,-2.198096,guided_exp
10:25:27.000,2,-2.596567,1.434663,-1.765193,guided_exp
10:25:27.000,1,-1.746344,1.445717,-2.197426,guided_exp
10:25:27.084,2,-2.595981,1.437922,-1.764238,guided_exp
10:25:27.084,1,-1.746107,1.452683,-2.196819,guided_exp
10:25:27.167,2,-2.595246,1.431906,-1.763601,guided_exp
10:25:27.167,1,-1.747671,1.44911,-2.195834,guided_exp
10:25:27.250,2,-2.595177,1.431756,-1.763382,guided_exp
10:25:27.250,1,-1.747809,1.460376,-2.195625,guided_exp
10:25:27.333,2,-2.594862,1.433771,-1.763032,guided_exp
10:25:27.334,1,-1.747443,1.481257,-2.19386,guided_exp
10:25:27.417,2,-2.595217,1.435755,-1.762429,guided_exp
10:25:27.417,1,-1.747655,1.475994,-2.193285,guided_exp
10:25:27.500,2,-2.594958,1.434842,-1.762039,guided_exp
10:25:27.500,1,-1.748963,1.466974,-2.193117,guided_exp
10:25:27.584,2,-2.595051,1.435043,-1.761496,guided_exp
10:25:27.584,1,-1.749976,1.466827,-2.19376,guided_exp
10:25:27.684,2,-2.595202,1.433512,-1.760729,guided_exp
10:25:27.685,1,-1.751763,1.471068,-2.194404,guided_exp
10:25:27.785,2,-2.592567,1.434373,-1.758443,guided_exp
10:25:27.786,1,-1.754076,1.472763,-2.194693,guided_exp
10:25:27.884,2,-2.592309,1.434096,-1.758092,guided_exp
10:25:27.884,1,-1.757261,1.471133,-2.195113,guided_exp
10:25:27.967,2,-2.591991,1.43411,-1.757643,guided_exp
10:25:27.967,1,-1.761258,1.47227,-2.195149,guided_exp
10:25:28.050,2,-2.593803,1.435033,-1.757921,guided_exp
10:25:28.050,1,-1.765553,1.471157,-2.194626,guided_exp
10:25:28.133,2,-2.594563,1.434527,-1.757691,guided_exp
10:25:28.134,1,-1.772715,1.476617,-2.192,guided_exp
10:25:28.217,2,-2.594572,1.433782,-1.757156,guided_exp
10:25:28.217,1,-1.776977,1.478314,-2.186073,guided_exp
10:25:28.317,2,-2.595811,1.434529,-1.757204,guided_exp
10:25:28.317,1,-1.783974,1.475535,-2.17473,guided_exp
10:25:28.400,2,-2.596062,1.435632,-1.756424,guided_exp
10:25:28.400,1,-1.787773,1.484057,-2.152069,guided_exp
10:25:28.501,2,-2.6017,1.43755,-1.753476,guided_exp
10:25:28.502,1,-1.791215,1.471282,-2.129348,guided_exp
10:25:28.600,2,-2.604658,1.440354,-1.75697,guided_exp
10:25:28.600,1,-1.78587,1.472491,-2.080173,guided_exp
10:25:28.683,2,-2.606697,1.44034,-1.758025,guided_exp
10:25:28.684,1,-1.781539,1.451952,-2.055104,guided_exp
10:25:28.784,2,-2.608724,1.438202,-1.75713,guided_exp
10:25:28.784,1,-1.768677,1.482797,-2.003721,guided_exp
10:25:28.884,2,-2.612264,1.437752,-1.755466,guided_exp
10:25:28.884,1,-1.756621,1.473728,-1.963733,guided_exp
10:25:28.984,2,-2.61491,1.438616,-1.752399,guided_exp
10:25:28.985,1,-1.748103,1.478831,-1.925194,guided_exp
10:25:29.101,2,-2.615698,1.437837,-1.754707,guided_exp
10:25:29.102,1,-1.739221,1.476861,-1.88819,guided_exp
10:25:29.200,2,-2.617986,1.436508,-1.752567,guided_exp
10:25:29.200,1,-1.73201,1.470895,-1.84711,guided_exp
10:25:29.283,2,-2.621545,1.436517,-1.753086,guided_exp
10:25:29.284,1,-1.728549,1.479283,-1.828743,guided_exp
10:25:29.367,2,-2.61852,1.436988,-1.752983,guided_exp
10:25:29.367,1,-1.727697,1.47582,-1.800626,guided_exp
10:25:29.450,2,-2.619378,1.43642,-1.751803,guided_exp
10:25:29.450,1,-1.728818,1.468811,-1.788447,guided_exp
10:25:29.533,2,-2.619654,1.436441,-1.751276,guided_exp
10:25:29.534,1,-1.732223,1.47657,-1.771917,guided_exp
10:25:29.617,2,-2.618749,1.435976,-1.750442,guided_exp
10:25:29.617,1,-1.737174,1.476393,-1.757838,guided_exp
10:25:29.700,2,-2.618772,1.435882,-1.75022,guided_exp
10:25:29.700,1,-1.745923,1.47611,-1.737937,guided_exp
10:25:29.784,2,-2.620274,1.435693,-1.750067,guided_exp
10:25:29.784,1,-1.753044,1.483072,-1.721894,guided_exp
10:25:29.867,2,-2.619738,1.435858,-1.749753,guided_exp
10:25:29.867,1,-1.768572,1.479376,-1.70039,guided_exp
10:25:29.950,2,-2.619647,1.434726,-1.750496,guided_exp
10:25:29.950,1,-1.779937,1.470266,-1.685921,guided_exp
10:25:30.034,2,-2.618867,1.433688,-1.750273,guided_exp
10:25:30.034,1,-1.809178,1.471491,-1.658724,guided_exp
10:25:30.117,2,-2.618382,1.435974,-1.750044,guided_exp
10:25:30.117,1,-1.832094,1.461304,-1.637113,guided_exp
10:25:30.200,2,-2.617615,1.436925,-1.749906,guided_exp
10:25:30.200,1,-1.864017,1.473662,-1.609185,guided_exp
10:25:30.301,2,-2.617509,1.43336,-1.750308,guided_exp
10:25:30.302,1,-1.874276,1.468453,-1.603091,guided_exp
10:25:30.400,2,-2.61617,1.432271,-1.750424,guided_exp
10:25:30.400,1,-1.905007,1.326338,-1.576456,guided_exp
10:25:30.484,2,-2.616087,1.435425,-1.750782,guided_exp
10:25:30.484,1,-1.911276,1.484657,-1.566825,guided_exp
10:25:30.585,2,-2.615129,1.433314,-1.750026,guided_exp
10:25:30.585,1,-1.913752,1.475973,-1.549261,guided_exp
10:25:30.684,2,-2.614195,1.43363,-1.749283,guided_exp
10:25:30.684,1,-1.909334,1.472082,-1.535477,guided_exp
10:25:30.785,2,-2.613819,1.432783,-1.748546,guided_exp
10:25:30.785,1,-1.900645,1.4709,-1.514819,guided_exp
10:25:30.884,2,-2.613311,1.440327,-1.748294,guided_exp
10:25:30.884,1,-1.891265,1.467364,-1.499505,guided_exp
10:25:30.985,2,-2.613437,1.440303,-1.747608,guided_exp
10:25:30.985,1,-1.88594,1.461672,-1.488747,guided_exp
10:25:31.084,2,-2.615583,1.43946,-1.744225,guided_exp
10:25:31.084,1,-1.871252,1.250339,-1.477269,guided_exp
10:25:31.167,2,-2.620628,1.434547,-1.743322,guided_exp
10:25:31.167,1,-1.86135,1.302487,-1.469448,guided_exp
10:25:31.267,2,-2.620731,1.433411,-1.743294,guided_exp
10:25:31.267,1,-1.851946,1.294348,-1.463157,guided_exp
10:25:31.350,2,-2.622247,1.432252,-1.742403,guided_exp
10:25:31.350,1,-1.847633,1.252424,-1.459913,guided_exp
10:25:31.433,2,-2.626036,1.43635,-1.738903,guided_exp
10:25:31.434,1,-1.838404,1.474376,-1.455822,guided_exp
10:25:31.517,2,-2.629227,1.435565,-1.736012,guided_exp
10:25:31.517,1,-1.832387,1.309467,-1.45362,guided_exp
10:25:31.600,2,-2.632305,1.434048,-1.733918,guided_exp
10:25:31.600,1,-1.827895,1.306058,-1.451993,guided_exp
10:25:31.684,2,-2.634875,1.43374,-1.731003,guided_exp
10:25:31.684,1,-1.825655,1.23559,-1.451149,guided_exp
10:25:31.786,2,-2.635447,1.434037,-1.72959,guided_exp
10:25:31.786,1,-1.821287,1.303238,-1.451128,guided_exp
10:25:31.884,2,-2.636231,1.434321,-1.729249,guided_exp
10:25:31.884,1,-1.817082,1.452054,-1.447941,guided_exp
10:25:31.985,2,-2.638559,1.433858,-1.730357,guided_exp
10:25:31.985,1,-1.812082,1.301373,-1.446343,guided_exp
10:25:32.084,2,-2.640295,1.433321,-1.732477,guided_exp
10:25:32.084,1,-1.808605,1.23251,-1.444179,guided_exp
10:25:32.184,2,-2.640665,1.433732,-1.733613,guided_exp
10:25:32.185,1,-1.804102,1.459522,-1.442449,guided_exp
10:25:32.284,2,-2.641017,1.4334,-1.734098,guided_exp
10:25:32.284,1,-1.799994,1.28342,-1.440592,guided_exp
10:25:32.384,2,-2.640729,1.43357,-1.734741,guided_exp
10:25:32.384,1,-1.797826,1.294175,-1.439872,guided_exp
10:25:32.484,2,-2.640399,1.433983,-1.734459,guided_exp
10:25:32.485,1,-1.792797,1.308208,-1.440015,guided_exp
10:25:32.584,2,-2.639329,1.433935,-1.738142,guided_exp
10:25:32.584,1,-1.787206,1.306505,-1.443205,guided_exp
10:25:32.684,2,-2.639806,1.433962,-1.737184,guided_exp
10:25:32.684,1,-1.782564,1.281246,-1.448138,guided_exp
10:25:32.784,2,-2.639916,1.433741,-1.736181,guided_exp
10:25:32.784,1,-1.780027,1.336207,-1.450202,guided_exp
10:25:32.867,2,-2.639907,1.433361,-1.73399,guided_exp
10:25:32.867,1,-1.777514,1.322622,-1.450873,guided_exp
10:25:32.950,2,-2.639489,1.43327,-1.733034,guided_exp
10:25:32.950,1,-1.772807,1.304543,-1.448479,guided_exp
10:25:33.034,2,-2.636418,1.432906,-1.732835,guided_exp
10:25:33.034,1,-1.763481,1.341799,-1.44167,guided_exp
10:25:33.117,2,-2.636055,1.433216,-1.732252,guided_exp
10:25:33.117,1,-1.758504,1.311957,-1.433528,guided_exp
10:25:33.200,2,-2.636783,1.432851,-1.730962,guided_exp
10:25:33.200,1,-1.754111,1.296048,-1.420266,guided_exp
10:25:33.284,2,-2.635698,1.433225,-1.730402,guided_exp
10:25:33.284,1,-1.756961,1.236962,-1.40889,guided_exp
10:25:33.384,2,-2.636973,1.432124,-1.731495,guided_exp
10:25:33.385,1,-1.769565,1.305714,-1.384217,guided_exp
10:25:33.484,2,-2.634611,1.433201,-1.73309,guided_exp
10:25:33.484,1,-1.784935,1.282851,-1.357114,guided_exp
10:25:33.584,2,-2.634661,1.433685,-1.733473,guided_exp
10:25:33.585,1,-1.819014,1.253984,-1.317774,guided_exp
10:25:33.702,2,-2.634649,1.434749,-1.732755,guided_exp
10:25:33.702,1,-1.861255,1.31254,-1.281873,guided_exp
10:25:33.800,2,-2.635007,1.434098,-1.732248,guided_exp
10:25:33.800,1,-1.92073,1.292337,-1.224954,guided_exp
10:25:33.884,2,-2.635439,1.433452,-1.732173,guided_exp
10:25:33.884,1,-1.954935,1.296813,-1.195841,guided_exp
10:25:33.967,2,-2.635935,1.432757,-1.731948,guided_exp
10:25:33.967,1,-1.996645,1.184169,-1.163346,guided_exp
10:25:34.050,2,-2.636277,1.432198,-1.732113,guided_exp
10:25:34.050,1,-2.016411,1.28002,-1.133855,guided_exp
10:25:34.151,2,-2.636425,1.431309,-1.732047,guided_exp
10:25:34.151,1,-2.054106,1.288721,-1.091994,guided_exp
10:25:34.250,2,-2.635892,1.431984,-1.731373,guided_exp
10:25:34.250,1,-2.077849,1.288086,-1.045621,guided_exp
10:25:34.350,2,-2.635453,1.432311,-1.731474,guided_exp
10:25:34.350,1,-2.102708,1.451163,-0.987644,guided_exp
10:25:34.450,2,-2.634332,1.432466,-1.732514,guided_exp
10:25:34.451,1,-2.115959,1.332792,-0.928064,guided_exp
10:25:34.534,2,-2.633918,1.432269,-1.732399,guided_exp
10:25:34.534,1,-2.130302,1.279548,-0.876032,guided_exp
10:25:34.617,2,-2.633045,1.432873,-1.732262,guided_exp
10:25:34.617,1,-2.135225,1.45506,-0.856328,guided_exp
10:25:34.717,2,-2.63113,1.432593,-1.730723,guided_exp
10:25:34.717,1,-2.154052,1.45395,-0.8013,guided_exp
10:25:34.800,2,-2.628276,1.433091,-1.729638,guided_exp
10:25:34.800,1,-2.172123,1.3556,-0.776512,guided_exp
10:25:34.884,2,-2.625958,1.433429,-1.728161,guided_exp
10:25:34.884,1,-2.186646,1.277102,-0.758513,guided_exp
10:25:34.967,2,-2.625207,1.433963,-1.728471,guided_exp
10:25:34.968,1,-2.196089,1.348825,-0.728304,guided_exp
10:25:35.067,2,-2.622917,1.433783,-1.727604,guided_exp
10:25:35.067,1,-2.224213,1.318099,-0.709134,guided_exp
10:25:35.150,2,-2.623067,1.4348,-1.72843,guided_exp
10:25:35.150,1,-2.232805,1.335623,-0.700849,guided_exp
10:25:35.251,2,-2.623342,1.434636,-1.729838,guided_exp
10:25:35.252,1,-2.256858,1.28375,-0.678383,guided_exp
10:25:35.350,2,-2.623612,1.434821,-1.730369,guided_exp
10:25:35.350,1,-2.254403,1.273759,-0.673561,guided_exp
10:25:35.434,2,-2.623161,1.432798,-1.730067,guided_exp
10:25:35.434,1,-2.259013,1.245983,-0.668999,guided_exp
10:25:35.517,2,-2.621729,1.433752,-1.728965,guided_exp
10:25:35.517,1,-2.261799,1.265414,-0.661366,guided_exp
10:25:35.600,2,-2.621083,1.434644,-1.728499,guided_exp
10:25:35.600,1,-2.268308,0.997261,-0.659784,guided_exp
10:25:35.684,2,-2.620791,1.434794,-1.728599,guided_exp
10:25:35.684,1,-2.2726,0.905765,-0.660578,guided_exp
10:25:35.767,2,-2.620431,1.436009,-1.728265,guided_exp
10:25:35.767,1,-2.275522,0.932454,-0.656249,guided_exp
10:25:35.868,2,-2.62067,1.434863,-1.728501,guided_exp
10:25:35.868,1,-2.279697,1.005971,-0.658796,guided_exp
10:25:35.967,2,-2.621045,1.434291,-1.728375,guided_exp
10:25:35.967,1,-2.277673,1.293673,-0.649067,guided_exp
10:25:36.085,2,-2.620583,1.435906,-1.728428,guided_exp
10:25:36.085,1,-2.296004,1.05604,-0.650853,guided_exp
10:25:36.184,2,-2.620636,1.436712,-1.728643,guided_exp
10:25:36.184,1,-2.284049,0.989829,-0.646347,guided_exp
10:25:36.285,2,-2.620782,1.436744,-1.728814,guided_exp
10:25:36.287,1,-2.280079,1.055987,-0.642013,guided_exp
10:25:36.385,2,-2.621353,1.437598,-1.729204,guided_exp
10:25:36.385,1,-2.280277,1.281338,-0.650743,guided_exp
10:25:36.484,2,-2.62092,1.438361,-1.728984,guided_exp
10:25:36.484,1,-2.285442,1.45645,-0.648658,guided_exp
10:25:36.584,2,-2.620054,1.433033,-1.728695,guided_exp
10:25:36.584,1,-2.27854,1.453761,-0.657914,guided_exp
10:25:36.684,2,-2.619869,1.438462,-1.728468,guided_exp
10:25:36.684,1,-2.283373,1.46703,-0.639492,guided_exp
10:25:36.769,2,-2.619053,1.440727,-1.728455,guided_exp
10:25:36.770,1,-2.281377,1.464881,-0.649257,guided_exp
10:25:36.868,2,-2.618834,1.439406,-1.728339,guided_exp
10:25:36.868,1,-2.279819,1.490388,-0.650558,guided_exp
10:25:36.968,2,-2.619179,1.431209,-1.729096,guided_exp
10:25:36.968,1,-2.296797,1.497508,-0.656996,guided_exp
10:25:37.068,2,-2.618307,1.428406,-1.728054,guided_exp
10:25:37.068,1,-2.279703,1.500649,-0.652839,guided_exp
10:25:37.167,2,-2.61803,1.434624,-1.728349,guided_exp
10:25:37.167,1,-2.272697,1.499149,-0.654076,guided_exp
10:25:37.268,2,-2.618201,1.442106,-1.728241,guided_exp
10:25:37.268,1,-2.292755,1.49781,-0.650595,guided_exp
10:25:37.368,2,-2.617593,1.445222,-1.72748,guided_exp
10:25:37.368,1,-2.28061,1.487231,-0.646805,guided_exp
10:25:37.468,2,-2.617164,1.444406,-1.727684,guided_exp
10:25:37.468,1,-2.290586,1.480525,-0.645179,guided_exp
10:25:37.567,2,-2.616553,1.442196,-1.726501,guided_exp
10:25:37.567,1,-2.281269,1.482581,-0.644951,guided_exp
10:25:37.667,2,-2.616279,1.437988,-1.727513,guided_exp
10:25:37.667,1,-2.283148,1.483628,-0.642722,guided_exp
10:25:37.750,2,-2.616471,1.437052,-1.727916,guided_exp
10:25:37.750,1,-2.291693,1.4765,-0.643599,guided_exp
10:25:37.834,2,-2.616246,1.435624,-1.728062,guided_exp
10:25:37.834,1,-2.288422,1.470941,-0.64304,guided_exp
10:25:37.917,2,-2.616193,1.431877,-1.728507,guided_exp
10:25:37.917,1,-2.291878,1.471317,-0.644426,guided_exp
10:25:38.000,2,-2.61593,1.433894,-1.728698,guided_exp
10:25:38.000,1,-2.289402,1.480013,-0.643149,guided_exp
10:25:38.084,2,-2.615329,1.434054,-1.728682,guided_exp
10:25:38.084,1,-2.289598,1.489898,-0.64191,guided_exp
10:25:38.184,2,-2.615393,1.435552,-1.729237,guided_exp
10:25:38.184,1,-2.289468,1.492313,-0.641898,guided_exp
10:25:38.285,2,-2.615169,1.436355,-1.72951,guided_exp
10:25:38.285,1,-2.294152,1.501044,-0.635531,guided_exp
10:25:38.384,2,-2.614669,1.436199,-1.729939,guided_exp
10:25:38.384,1,-2.294506,1.517748,-0.639545,guided_exp
10:25:38.484,2,-2.61446,1.437745,-1.73055,guided_exp
10:25:38.484,1,-2.292029,1.521192,-0.638877,guided_exp
10:25:38.585,2,-2.613963,1.441791,-1.731111,guided_exp
10:25:38.585,1,-2.293976,1.54229,-0.639732,guided_exp
10:25:38.684,2,-2.613884,1.441326,-1.733904,guided_exp
10:25:38.684,1,-2.294201,1.539421,-0.637951,guided_exp
10:25:38.784,2,-2.613106,1.434216,-1.734061,guided_exp
10:25:38.784,1,-2.299535,1.535351,-0.64221,guided_exp
10:25:38.867,2,-2.61299,1.4334,-1.73403,guided_exp
10:25:38.867,1,-2.293615,1.530223,-0.637758,guided_exp
10:25:38.950,2,-2.612269,1.433946,-1.734149,guided_exp
10:25:38.950,1,-2.293599,1.538807,-0.640821,guided_exp
10:25:39.034,2,-2.611411,1.435941,-1.734536,guided_exp
10:25:39.034,1,-2.29766,1.544999,-0.637831,guided_exp
10:25:39.117,2,-2.610623,1.433427,-1.733994,guided_exp
10:25:39.117,1,-2.299833,1.545105,-0.648495,guided_exp
10:25:39.200,2,-2.610228,1.433273,-1.734418,guided_exp
10:25:39.200,1,-2.238915,1.546685,-0.633743,guided_exp
10:25:39.284,2,-2.609105,1.432751,-1.733356,guided_exp
10:25:39.284,1,-2.256271,1.545689,-0.638576,guided_exp
10:25:39.384,2,-2.60782,1.430367,-1.732792,guided_exp
10:25:39.384,1,-2.302866,1.544747,-0.64979,guided_exp
10:25:39.484,2,-2.607291,1.431898,-1.733478,guided_exp
10:25:39.484,1,-2.233722,1.544339,-0.646324,guided_exp
10:25:39.567,2,-2.60773,1.43253,-1.733382,guided_exp
10:25:39.567,1,-2.242851,1.5301,-0.621381,guided_exp
10:25:39.650,2,-2.607658,1.435227,-1.733451,guided_exp
10:25:39.650,1,-2.206945,1.534253,-0.639293,guided_exp
10:25:39.751,2,-2.608137,1.435432,-1.73349,guided_exp
10:25:39.752,1,-2.220245,1.533817,-0.644405,guided_exp
10:25:39.850,2,-2.607674,1.431357,-1.733064,guided_exp
10:25:39.850,1,-2.208057,1.533539,-0.636664,guided_exp
10:25:39.934,2,-2.608705,1.432467,-1.733687,guided_exp
10:25:39.934,1,-2.221565,1.534819,-0.635447,guided_exp
10:25:40.017,2,-2.608568,1.431452,-1.733955,guided_exp
10:25:40.017,1,-2.234677,1.535127,-0.637119,guided_exp
10:25:40.100,2,-2.60839,1.432849,-1.733765,guided_exp
10:25:40.101,1,-2.258841,1.535826,-0.638034,guided_exp
10:25:40.184,2,-2.608245,1.434579,-1.734063,guided_exp
10:25:40.184,1,-2.256029,1.536316,-0.639637,guided_exp
10:25:40.267,2,-2.608377,1.435957,-1.734299,guided_exp
10:25:40.267,1,-2.238197,1.547555,-0.634045,guided_exp
10:25:40.350,2,-2.609294,1.435191,-1.734401,guided_exp
10:25:40.350,1,-2.239606,1.548512,-0.635909,guided_exp
10:25:40.434,2,-2.610405,1.433981,-1.734738,guided_exp
10:25:40.434,1,-2.254851,1.549027,-0.640682,guided_exp
10:25:40.534,2,-2.610642,1.435382,-1.734749,guided_exp
10:25:40.534,1,-2.24363,1.547154,-0.637726,guided_exp
10:25:40.634,2,-2.611275,1.436207,-1.734937,guided_exp
10:25:40.635,1,-2.217881,1.547498,-0.642269,guided_exp
10:25:40.734,2,-2.611518,1.43573,-1.735012,guided_exp
10:25:40.734,1,-2.266392,1.544855,-0.646595,guided_exp
10:25:40.834,2,-2.612623,1.436384,-1.735571,guided_exp
10:25:40.835,1,-2.252045,1.549461,-0.648538,guided_exp
10:25:40.934,2,-2.612975,1.43554,-1.735226,guided_exp
10:25:40.934,1,-2.254184,1.546378,-0.647711,guided_exp
10:25:41.017,2,-2.613119,1.433893,-1.734817,guided_exp
10:25:41.017,1,-2.278454,1.546061,-0.613658,guided_exp
10:25:41.118,2,-2.613448,1.435197,-1.734913,guided_exp
10:25:41.118,1,-2.249317,1.545753,-0.650742,guided_exp
10:25:41.217,2,-2.613575,1.43423,-1.734745,guided_exp
10:25:41.217,1,-2.248315,1.546851,-0.650706,guided_exp
10:25:41.300,2,-2.613525,1.435006,-1.734543,guided_exp
10:25:41.300,1,-2.244556,1.552744,-0.635042,guided_exp
10:25:41.384,2,-2.613637,1.436496,-1.734633,guided_exp
10:25:41.384,1,-2.254278,1.555815,-0.661273,guided_exp
10:25:41.467,2,-2.613641,1.438402,-1.734906,guided_exp
10:25:41.467,1,-2.244141,1.556407,-0.643738,guided_exp
10:25:41.568,2,-2.613541,1.438276,-1.734969,guided_exp
10:25:41.568,1,-2.257275,1.558519,-0.653003,guided_exp
10:25:41.667,2,-2.613266,1.438818,-1.734838,guided_exp
10:25:41.667,1,-2.244354,1.557687,-0.650332,guided_exp
10:25:41.750,2,-2.613233,1.438698,-1.734878,guided_exp
10:25:41.750,1,-2.278675,1.560084,-0.620613,guided_exp
10:25:41.834,2,-2.613165,1.439289,-1.734917,guided_exp
10:25:41.834,1,-2.278505,1.560779,-0.626521,guided_exp
10:25:41.917,2,-2.612996,1.439618,-1.735132,guided_exp
10:25:41.917,1,-2.237076,1.561665,-0.633766,guided_exp
10:25:42.000,2,-2.612531,1.440532,-1.735021,guided_exp
10:25:42.000,1,-2.251717,1.56135,-0.649449,guided_exp
10:25:42.084,2,-2.612119,1.440869,-1.734738,guided_exp
10:25:42.084,1,-2.271427,1.56105,-0.616461,guided_exp
10:25:42.167,2,-2.611717,1.441711,-1.734879,guided_exp
10:25:42.167,1,-2.333682,1.561299,-0.636328,guided_exp
10:25:42.250,2,-2.611439,1.441686,-1.734714,guided_exp
10:25:42.251,1,-2.269225,1.560846,-0.623926,guided_exp
10:25:42.334,2,-2.611343,1.441877,-1.735,guided_exp
10:25:42.334,1,-2.251535,1.558542,-0.653763,guided_exp
10:25:42.417,2,-2.611294,1.440881,-1.735173,guided_exp
10:25:42.417,1,-2.26217,1.558953,-0.615473,guided_exp
10:25:42.500,2,-2.609034,1.440476,-1.734256,guided_exp
10:25:42.500,1,-2.262759,1.559782,-0.629177,guided_exp
10:25:42.584,2,-2.60755,1.440848,-1.73426,guided_exp
10:25:42.584,1,-2.270457,1.560016,-0.636316,guided_exp
10:25:42.685,2,-2.598975,1.440637,-1.732774,guided_exp
10:25:42.685,1,-2.264641,1.560516,-0.634796,guided_exp
10:25:42.785,2,-2.566594,1.44127,-1.727403,guided_exp
10:25:42.785,1,-2.237299,1.560676,-0.651027,guided_exp
10:25:42.884,2,-2.529897,1.440741,-1.722204,guided_exp
10:25:42.884,1,-2.191078,1.561066,-0.647668,guided_exp
10:25:42.984,2,-2.474839,1.441317,-1.715891,guided_exp
10:25:43.085,2,-2.407016,1.561078,-1.709332,guided_exp
10:25:43.184,2,-2.301497,1.440519,-1.706976,guided_exp
10:25:43.184,1,-2.473293,1.561548,-0.624084,guided_exp
10:25:43.284,2,-2.177362,1.440982,-1.708833,guided_exp
10:25:43.284,1,-2.475163,1.562553,-0.611925,guided_exp
10:25:43.367,2,-2.086041,1.441218,-1.708533,guided_exp
10:25:43.367,1,-2.487453,1.563293,-0.65255,guided_exp
10:25:43.450,2,-2.028612,1.44123,-1.706117,guided_exp
10:25:43.451,1,-2.456555,1.562371,-0.654021,guided_exp
10:25:43.534,2,-1.933368,1.442522,-1.701272,guided_exp
10:25:43.534,1,-2.440973,1.562404,-0.651482,guided_exp
10:25:43.617,2,-1.849475,1.443555,-1.685675,guided_exp
10:25:43.617,1,-2.439844,1.562094,-0.65018,guided_exp
10:25:43.700,2,-1.733625,1.443508,-1.649491,guided_exp
10:25:43.700,1,-2.435762,1.562247,-0.642523,guided_exp
10:25:43.800,2,-1.626463,1.444162,-1.601392,guided_exp
10:25:43.801,1,-2.437159,1.562465,-0.636726,guided_exp
10:25:43.884,2,-1.555098,1.443125,-1.570038,guided_exp
10:25:43.884,1,-2.437051,1.562415,-0.634106,guided_exp
10:25:43.967,2,-1.445704,1.443773,-1.51762,guided_exp
10:25:43.967,1,-2.436797,1.563716,-0.634101,guided_exp
10:25:44.068,2,-1.394799,1.441537,-1.497321,guided_exp
10:25:44.069,1,-2.437521,1.56372,-0.633282,guided_exp
10:25:44.167,2,-1.259102,1.441939,-1.447383,guided_exp
10:25:44.167,1,-2.438471,1.563861,-0.631812,guided_exp
10:25:44.250,2,-1.197448,1.442383,-1.437202,guided_exp
10:25:44.250,1,-2.438562,1.563789,-0.632354,guided_exp
10:25:44.351,2,-1.083711,1.441921,-1.415737,guided_exp
10:25:44.352,1,-2.438511,1.56395,-0.632298,guided_exp
10:25:44.450,2,-0.979284,1.442995,-1.409783,guided_exp
10:25:44.451,1,-2.439354,1.563611,-0.632687,guided_exp
10:25:44.534,2,-0.879393,1.443798,-1.406236,guided_exp
10:25:44.534,1,-2.440542,1.559342,-0.632636,guided_exp
10:25:44.617,2,-0.825694,1.44369,-1.419278,guided_exp
10:25:44.617,1,-2.442113,1.558408,-0.632828,guided_exp
10:25:44.700,2,-0.747094,1.443094,-1.424076,guided_exp
10:25:44.701,1,-2.449775,1.558937,-0.63558,guided_exp
10:25:44.784,2,-0.695307,1.442317,-1.414954,guided_exp
10:25:44.784,1,-2.452013,1.559582,-0.636272,guided_exp
10:25:44.867,2,-0.667507,1.44237,-1.414328,guided_exp
10:25:44.867,1,-2.454119,1.560734,-0.636218,guided_exp
10:25:44.950,2,-0.591362,1.442487,-1.416022,guided_exp
10:25:44.951,1,-2.455625,1.5613,-0.637008,guided_exp
10:25:45.034,2,-0.581454,1.441595,-1.402831,guided_exp
10:25:45.034,1,-2.457855,1.561836,-0.641492,guided_exp
10:25:45.117,2,-0.563994,1.44114,-1.382356,guided_exp
10:25:45.117,1,-2.458436,1.561732,-0.643284,guided_exp
10:25:45.200,2,-0.538179,1.440268,-1.329058,guided_exp
10:25:45.201,1,-2.455908,1.558907,-0.647894,guided_exp
10:25:45.284,2,-0.522571,1.440056,-1.317055,guided_exp
10:25:45.284,1,-2.453806,1.55694,-0.652188,guided_exp
10:25:45.385,2,-0.480457,1.439083,-1.267322,guided_exp
10:25:45.385,1,-2.452795,1.557441,-0.657267,guided_exp
10:25:45.485,2,-0.45546,1.438126,-1.239757,guided_exp
10:25:45.486,1,-2.451359,1.559135,-0.672497,guided_exp
10:25:45.584,2,-0.428183,1.43687,-1.216924,guided_exp
10:25:45.584,1,-2.445798,1.560039,-0.688052,guided_exp
10:25:45.667,2,-0.411297,1.435378,-1.207113,guided_exp
10:25:45.667,1,-2.441323,1.561094,-0.72868,guided_exp
10:25:45.750,2,-0.38261,1.435281,-1.211082,guided_exp
10:25:45.751,1,-2.431901,1.561255,-0.751646,guided_exp
10:25:45.851,2,-0.347508,1.435784,-1.206095,guided_exp
10:25:45.852,1,-2.424003,1.561843,-0.806419,guided_exp
10:25:45.952,2,-0.333943,1.434273,-1.205375,guided_exp
10:25:45.952,1,-2.406527,1.562992,-0.857352,guided_exp
10:25:46.050,2,-0.311998,1.434662,-1.200025,guided_exp
10:25:46.051,1,-2.394159,1.565434,-0.914189,guided_exp
10:25:46.151,2,-0.292097,1.435686,-1.19737,guided_exp
10:25:46.152,1,-2.390456,1.565988,-0.938179,guided_exp
10:25:46.251,2,-0.2742,1.436164,-1.194988,guided_exp
10:25:46.252,1,-2.385365,1.566402,-0.97915,guided_exp
10:25:46.350,2,-0.253803,1.438141,-1.179069,guided_exp
10:25:46.351,1,-2.386723,1.565109,-1.000733,guided_exp
10:25:46.434,2,-0.231029,1.439186,-1.150518,guided_exp
10:25:46.434,1,-2.390431,1.563931,-1.013661,guided_exp
10:25:46.517,2,-0.225066,1.436434,-1.131403,guided_exp
10:25:46.517,1,-2.394421,1.561403,-1.020332,guided_exp
10:25:46.600,2,-0.229025,1.432902,-0.996322,guided_exp
10:25:46.601,1,-2.401386,1.562331,-1.026813,guided_exp
10:25:46.684,2,-0.214995,1.434582,-0.950677,guided_exp
10:25:46.684,1,-2.405833,1.564728,-1.029795,guided_exp
10:25:46.767,2,-0.16849,1.434888,-0.913886,guided_exp
10:25:46.767,1,-2.411764,1.565605,-1.033754,guided_exp
10:25:46.850,2,-0.137655,1.43717,-0.912076,guided_exp
10:25:46.851,1,-2.415579,1.568578,-1.038258,guided_exp
10:25:46.934,2,-0.144772,1.436861,-0.772695,guided_exp
10:25:46.934,1,-2.417841,1.560918,-1.04104,guided_exp
10:25:47.017,2,-0.090322,1.436937,-0.83832,guided_exp
10:25:47.017,1,-2.41708,1.553869,-1.041102,guided_exp
10:25:47.118,2,-0.129839,1.43564,-0.715871,guided_exp
10:25:47.119,1,-2.419865,1.552238,-1.045102,guided_exp
10:25:47.217,2,-0.102854,1.435392,-0.70776,guided_exp
10:25:47.217,1,-2.418796,1.55108,-1.0451,guided_exp
10:25:47.319,2,-0.099401,1.434902,-0.695828,guided_exp
10:25:47.319,1,-2.417864,1.551518,-1.044752,guided_exp
10:25:47.417,2,-0.096979,1.435145,-0.702728,guided_exp
10:25:47.417,1,-2.415175,1.551911,-1.046866,guided_exp
10:25:47.501,2,-0.032125,1.435809,-0.734625,guided_exp
10:25:47.501,1,-2.413398,1.552404,-1.04611,guided_exp
10:25:47.600,2,-0.084735,1.435565,-0.642081,guided_exp
10:25:47.601,1,-2.412177,1.552612,-1.046482,guided_exp
10:25:47.685,2,-0.103906,1.435039,-0.65323,guided_exp
10:25:47.685,1,-2.40994,1.553098,-1.045556,guided_exp
10:25:47.767,2,-0.129816,1.435308,-0.580249,guided_exp
10:25:47.767,1,-2.407318,1.550341,-1.04539,guided_exp
10:25:47.850,2,-0.057699,1.434672,-0.758866,guided_exp
10:25:47.851,1,-2.405622,1.54877,-1.045241,guided_exp
10:25:47.951,2,-0.103133,1.43541,-0.700706,guided_exp
10:25:47.951,1,-2.403528,1.551754,-1.045218,guided_exp
10:25:48.034,2,-0.127978,1.435572,-0.737061,guided_exp
10:25:48.034,1,-2.401979,1.551187,-1.044018,guided_exp
10:25:48.117,2,-0.084469,1.435621,-0.840924,guided_exp
10:25:48.117,1,-2.401532,1.549155,-1.044656,guided_exp
10:25:48.217,2,-0.126397,1.434976,-0.924948,guided_exp
10:25:48.217,1,-2.400488,1.548952,-1.043414,guided_exp
10:25:48.300,2,-0.164152,1.434718,-1.009037,guided_exp
10:25:48.301,1,-2.399813,1.555361,-1.042567,guided_exp
10:25:48.384,2,-0.225502,1.434167,-1.060875,guided_exp
10:25:48.384,1,-2.399946,1.558163,-1.041077,guided_exp
10:25:48.467,2,-0.270261,1.434075,-1.113407,guided_exp
10:25:48.467,1,-2.400581,1.554424,-1.038951,guided_exp
10:25:48.550,2,-0.280835,1.434741,-1.165778,guided_exp
10:25:48.551,1,-2.401083,1.552609,-1.037982,guided_exp
10:25:48.634,2,-0.315341,1.433785,-1.117255,guided_exp
10:25:48.634,1,-2.405903,1.550495,-1.031758,guided_exp
10:25:48.717,2,-0.360961,1.433229,-1.147665,guided_exp
10:25:48.717,1,-2.416104,1.550366,-1.021203,guided_exp
10:25:48.800,2,-0.434147,1.433498,-1.197716,guided_exp
10:25:48.801,1,-2.430831,1.549201,-1.009091,guided_exp
10:25:48.884,2,-0.521878,1.436397,-1.233835,guided_exp
10:25:48.884,1,-2.448227,1.547426,-0.998842,guided_exp
10:25:48.985,2,-0.61218,1.436229,-1.273858,guided_exp
10:25:48.985,1,-2.484503,1.545086,-0.977395,guided_exp
10:25:49.084,2,-0.704498,1.436322,-1.307358,guided_exp
10:25:49.084,1,-2.534229,1.544457,-0.950937,guided_exp
10:25:49.167,2,-0.800607,1.437468,-1.324535,guided_exp
10:25:49.167,1,-2.596914,1.545569,-0.9191,guided_exp
10:25:49.250,2,-0.871193,1.440829,-1.322237,guided_exp
10:25:49.251,1,-2.656479,1.539364,-0.889968,guided_exp
10:25:49.334,2,-0.981692,1.445766,-1.333961,guided_exp
10:25:49.334,1,-2.731383,1.537608,-0.85655,guided_exp
10:25:49.417,2,-1.069591,1.44928,-1.324075,guided_exp
10:25:49.417,1,-2.790015,1.537394,-0.821396,guided_exp
10:25:49.500,2,-1.19847,1.451395,-1.317351,guided_exp
10:25:49.500,1,-2.816657,1.537969,-0.803005,guided_exp
10:25:49.584,2,-1.273781,1.45206,-1.317606,guided_exp
10:25:49.584,1,-2.83515,1.540681,-0.805037,guided_exp
10:25:49.667,2,-1.374173,1.451932,-1.325537,guided_exp
10:25:49.667,1,-2.879378,1.540863,-0.795027,guided_exp
10:25:49.750,2,-1.446526,1.451341,-1.352285,guided_exp
10:25:49.751,1,-2.890359,1.539863,-0.794728,guided_exp
10:25:49.834,2,-1.539925,1.451194,-1.364777,guided_exp
10:25:49.834,1,-2.904623,1.540224,-0.789017,guided_exp
10:25:49.917,2,-1.606833,1.450762,-1.393567,guided_exp
10:25:49.917,1,-2.90654,1.540089,-0.78603,guided_exp
10:25:50.000,2,-1.717777,1.450555,-1.428648,guided_exp
10:25:50.001,1,-2.922637,1.540653,-0.78211,guided_exp
10:25:50.084,2,-1.782727,1.450451,-1.465089,guided_exp
10:25:50.084,1,-2.927228,1.541587,-0.780033,guided_exp
10:25:50.167,2,-1.877382,1.450329,-1.498068,guided_exp
10:25:50.167,1,-2.93126,1.542469,-0.777781,guided_exp
10:25:50.250,2,-1.943407,1.44829,-1.527889,guided_exp
10:25:50.251,1,-2.935832,1.538309,-0.777289,guided_exp
10:25:50.334,2,-2.028351,1.44823,-1.545542,guided_exp
10:25:50.334,1,-2.946822,1.532871,-0.7801,guided_exp
10:25:50.417,2,-2.08482,1.448298,-1.561418,guided_exp
10:25:50.417,1,-2.948772,1.531695,-0.779781,guided_exp
10:25:50.500,2,-2.148787,1.448613,-1.571138,guided_exp
10:25:50.501,1,-2.951425,1.531719,-0.780228,guided_exp
10:25:50.584,2,-2.202796,1.448441,-1.564913,guided_exp
10:25:50.584,1,-2.952703,1.533474,-0.77948,guided_exp
10:25:50.685,2,-2.265813,1.447333,-1.569055,guided_exp
10:25:50.685,1,-2.953713,1.53323,-0.779464,guided_exp
10:25:50.784,2,-2.365939,1.447343,-1.553122,guided_exp
10:25:50.784,1,-2.958887,1.534849,-0.784869,guided_exp
10:25:50.885,2,-2.437015,1.446026,-1.533853,guided_exp
10:25:50.885,1,-2.96211,1.535569,-0.785662,guided_exp
10:25:50.984,2,-2.526285,1.445139,-1.519362,guided_exp
10:25:50.984,1,-2.963756,1.535731,-0.790458,guided_exp
10:25:51.085,2,-2.579372,1.442753,-1.513672,guided_exp
10:25:51.086,1,-2.97962,1.535661,-0.795727,guided_exp
10:25:51.186,2,-2.649898,1.442113,-1.509504,guided_exp
10:25:51.186,1,-2.990571,1.537639,-0.793634,guided_exp
10:25:51.284,2,-2.72482,1.440043,-1.51063,guided_exp
10:25:51.284,1,-3.120457,1.529019,-0.848932,guided_exp
10:25:51.385,2,-2.801667,1.440239,-1.517435,guided_exp
10:25:51.385,1,-3.037078,1.525194,-0.852261,guided_exp
10:25:51.484,2,-2.922114,1.439911,-1.53739,guided_exp
10:25:51.484,1,-3.127272,1.523675,-0.873451,guided_exp
10:25:51.584,2,-3.020142,1.44028,-1.553034,guided_exp
10:25:51.584,1,-2.874721,1.526647,-0.907381,guided_exp
10:25:51.684,2,-3.10061,1.439673,-1.560277,guided_exp
10:25:51.684,1,-2.942332,1.53291,-0.786192,guided_exp
10:25:51.786,2,-3.1599,1.438131,-1.562664,guided_exp
10:25:51.786,1,-2.87253,1.537418,-0.793766,guided_exp
10:25:51.901,2,-3.202511,1.436927,-1.554834,guided_exp
10:25:51.902,1,-2.891989,1.53821,-0.800854,guided_exp
10:25:52.000,2,-3.25748,1.436408,-1.533768,guided_exp
10:25:52.001,1,-2.922447,1.539586,-0.793599,guided_exp
10:25:52.084,2,-3.278658,1.435885,-1.514383,guided_exp
10:25:52.084,1,-2.929407,1.528759,-0.794501,guided_exp
10:25:52.167,2,-3.304881,1.435161,-1.490929,guided_exp
10:25:52.167,1,-2.939993,1.527866,-0.792523,guided_exp
10:25:52.268,2,-3.329144,1.435333,-1.47092,guided_exp
10:25:52.269,1,-2.948262,1.538429,-0.791615,guided_exp
10:25:52.385,2,-3.366979,1.435785,-1.440115,guided_exp
10:25:52.385,1,-2.956586,1.534163,-0.788772,guided_exp
10:25:52.484,2,-3.392444,1.435449,-1.424508,guided_exp
10:25:52.484,1,-2.959351,1.552227,-0.788303,guided_exp
10:25:52.584,2,-3.425709,1.435678,-1.41081,guided_exp
10:25:52.584,1,-2.961247,1.550027,-0.789504,guided_exp
10:25:52.667,2,-3.466563,1.436656,-1.39904,guided_exp
10:25:52.667,1,-2.962324,1.54713,-0.788158,guided_exp
10:25:52.751,2,-3.504203,1.436165,-1.390355,guided_exp
10:25:52.751,1,-2.962365,1.537585,-0.788411,guided_exp
10:25:52.850,2,-3.541595,1.437694,-1.361441,guided_exp
10:25:52.851,1,-2.963747,1.534172,-0.790103,guided_exp
10:25:52.934,2,-3.578191,1.43704,-1.349683,guided_exp
10:25:52.934,1,-2.963942,1.535714,-0.788017,guided_exp
10:25:53.017,2,-3.594285,1.436737,-1.345565,guided_exp
10:25:53.017,1,-2.96409,1.532754,-0.787693,guided_exp
10:25:53.101,2,-3.614431,1.437313,-1.339742,guided_exp
10:25:53.101,1,-2.964034,1.528817,-0.787019,guided_exp
10:25:53.184,2,-3.627603,1.437348,-1.336673,guided_exp
10:25:53.184,1,-2.963992,1.544002,-0.787229,guided_exp
10:25:53.267,2,-3.641864,1.43818,-1.331892,guided_exp
10:25:53.267,1,-2.963749,1.541543,-0.78697,guided_exp
10:25:53.368,2,-3.648042,1.438183,-1.331895,guided_exp
10:25:53.369,1,-2.96249,1.533211,-0.787844,guided_exp
10:25:53.485,2,-3.653828,1.438134,-1.330015,guided_exp
10:25:53.485,1,-2.960761,1.528664,-0.785952,guided_exp
10:25:53.584,2,-3.6537,1.438253,-1.327963,guided_exp
10:25:53.584,1,-2.959156,1.524398,-0.783563,guided_exp
10:25:53.684,2,-3.649881,1.437635,-1.32739,guided_exp
10:25:53.684,1,-2.95537,1.527982,-0.783865,guided_exp
10:25:53.785,2,-3.64715,1.437846,-1.327466,guided_exp
10:25:53.786,1,-2.954765,1.526938,-0.78365,guided_exp
10:25:53.884,2,-3.643669,1.438317,-1.327853,guided_exp
10:25:53.884,1,-2.953378,1.532317,-0.783065,guided_exp
10:25:53.984,2,-3.639894,1.438136,-1.327898,guided_exp
10:25:53.984,1,-2.951759,1.509498,-0.782422,guided_exp
10:25:54.084,2,-3.634628,1.43799,-1.328188,guided_exp
10:25:54.084,1,-2.949085,1.505516,-0.781421,guided_exp
10:25:54.184,2,-3.629076,1.437288,-1.328734,guided_exp
10:25:54.184,1,-2.948434,1.511529,-0.781789,guided_exp
10:25:54.284,2,-3.622377,1.437426,-1.329552,guided_exp
10:25:54.284,1,-2.94681,1.522623,-0.781996,guided_exp
10:25:54.385,2,-3.619048,1.437769,-1.329623,guided_exp
10:25:54.385,1,-2.946745,1.518437,-0.782219,guided_exp
10:25:54.484,2,-3.617662,1.437444,-1.330656,guided_exp
10:25:54.484,1,-2.945502,1.502229,-0.782996,guided_exp
10:25:54.584,2,-3.618118,1.437306,-1.33068,guided_exp
10:25:54.584,1,-2.941623,1.520864,-0.785776,guided_exp
10:25:54.685,2,-3.617246,1.437659,-1.330748,guided_exp
10:25:54.685,1,-2.941521,1.523449,-0.786295,guided_exp
10:25:54.786,2,-3.617439,1.437111,-1.33087,guided_exp
10:25:54.786,1,-2.939409,1.503224,-0.789066,guided_exp
10:25:54.884,2,-3.618031,1.436855,-1.331101,guided_exp
10:25:54.884,1,-2.940218,1.524622,-0.790232,guided_exp
10:25:54.985,2,-3.616798,1.437052,-1.33155,guided_exp
10:25:54.985,1,-2.936387,1.516939,-0.793221,guided_exp
10:25:55.085,2,-3.617661,1.436803,-1.332286,guided_exp
10:25:55.085,1,-2.936549,1.521135,-0.793288,guided_exp
10:25:55.184,2,-3.618065,1.437164,-1.331804,guided_exp
10:25:55.184,1,-2.937218,1.532616,-0.792662,guided_exp
10:25:55.285,2,-3.616681,1.437108,-1.331345,guided_exp
10:25:55.286,1,-2.936023,1.531694,-0.792424,guided_exp
10:25:55.385,2,-3.617043,1.437824,-1.331617,guided_exp
10:25:55.385,1,-2.935594,1.510586,-0.792298,guided_exp
10:25:55.484,2,-3.616102,1.437574,-1.331985,guided_exp
10:25:55.484,1,-2.931933,1.503124,-0.791724,guided_exp
10:25:55.585,2,-3.615077,1.437579,-1.332481,guided_exp
10:25:55.585,1,-2.925942,1.503628,-0.792586,guided_exp
10:25:55.684,2,-3.61502,1.437606,-1.33334,guided_exp
10:25:55.684,1,-2.915702,1.499923,-0.792099,guided_exp
10:25:55.785,2,-3.616607,1.437483,-1.333137,guided_exp
10:25:55.785,1,-2.892079,1.515785,-0.78615,guided_exp
10:25:55.885,2,-3.615723,1.437544,-1.334056,guided_exp
10:25:55.885,1,-2.856248,1.51535,-0.789638,guided_exp
10:25:55.984,2,-3.608345,1.43773,-1.337156,guided_exp
10:25:55.984,1,-2.803589,1.512061,-0.788257,guided_exp
10:25:56.068,2,-3.590413,1.437336,-1.344892,guided_exp
10:25:56.069,1,-2.759146,1.508195,-0.789204,guided_exp
10:25:56.167,2,-3.559271,1.43727,-1.357506,guided_exp
10:25:56.168,1,-2.7158,1.481423,-0.79088,guided_exp
10:25:56.268,2,-3.52141,1.437276,-1.373606,guided_exp
10:25:56.268,1,-2.690487,1.482128,-0.794631,guided_exp
10:25:56.368,2,-3.464828,1.437139,-1.397498,guided_exp
10:25:56.368,1,-2.653155,1.496494,-0.794318,guided_exp
10:25:56.467,2,-3.365565,1.437636,-1.441201,guided_exp
10:25:56.468,1,-2.644552,1.478007,-0.79577,guided_exp
10:25:56.567,2,-3.291502,1.436153,-1.48506,guided_exp
10:25:56.567,1,-2.63163,1.487984,-0.793117,guided_exp
10:25:56.651,2,-3.20731,1.436836,-1.512207,guided_exp
10:25:56.651,1,-2.628091,1.483902,-0.792555,guided_exp
10:25:56.734,2,-3.114088,1.436774,-1.547691,guided_exp
10:25:56.734,1,-2.624073,1.479817,-0.796473,guided_exp
10:25:56.817,2,-3.077102,1.436865,-1.556407,guided_exp
10:25:56.817,1,-2.621572,1.488079,-0.798856,guided_exp
10:25:56.918,2,-2.997781,1.436927,-1.55753,guided_exp
10:25:56.919,1,-2.630102,1.485977,-0.798131,guided_exp
10:25:57.018,2,-2.900061,1.437729,-1.557672,guided_exp
10:25:57.018,1,-2.623823,1.456989,-0.799544,guided_exp
10:25:57.117,2,-2.780278,1.436917,-1.537274,guided_exp
10:25:57.117,1,-2.578314,1.42091,-0.847591,guided_exp
10:25:57.218,2,-2.676037,1.437766,-1.523292,guided_exp
10:25:57.218,1,-2.563735,1.42845,-0.81126,guided_exp
10:25:57.317,2,-2.55649,1.438133,-1.49108,guided_exp
10:25:57.317,1,-2.835768,1.448665,-0.756257,guided_exp
10:25:57.417,2,-2.391949,1.437521,-1.453286,guided_exp
10:25:57.417,1,-2.78604,1.371903,-0.770851,guided_exp
10:25:57.517,2,-2.275191,1.437559,-1.430665,guided_exp
10:25:57.517,1,-2.762654,1.423503,-0.772641,guided_exp
10:25:57.601,2,-2.219886,1.437449,-1.419003,guided_exp
10:25:57.601,1,-2.759863,1.277588,-0.772747,guided_exp
10:25:57.701,2,-2.022369,1.437415,-1.382158,guided_exp
10:25:57.701,1,-2.763016,1.29855,-0.766902,guided_exp
10:25:57.784,2,-1.967111,1.437295,-1.365512,guided_exp
10:25:57.784,1,-2.763532,1.292862,-0.767522,guided_exp
10:25:57.867,2,-1.799643,1.437302,-1.354729,guided_exp
10:25:57.867,1,-2.766271,1.311818,-0.768352,guided_exp
10:25:57.968,2,-1.728783,1.437438,-1.334935,guided_exp
10:25:57.968,1,-2.768821,1.279409,-0.769575,guided_exp
10:25:58.085,2,-1.583301,1.438082,-1.298881,guided_exp
10:25:58.085,1,-2.773234,1.339819,-0.768703,guided_exp
10:25:58.184,2,-1.473975,1.438062,-1.272804,guided_exp
10:25:58.184,1,-2.774663,1.33543,-0.767442,guided_exp
10:25:58.284,2,-1.328108,1.438278,-1.250059,guided_exp
10:25:58.285,1,-2.772794,1.320286,-0.768673,guided_exp
10:25:58.384,2,-1.203441,1.438127,-1.188182,guided_exp
10:25:58.384,1,-2.772255,1.279752,-0.768962,guided_exp
10:25:58.484,2,-1.074195,1.437814,-1.15057,guided_exp
10:25:58.484,1,-2.771403,1.344389,-0.767941,guided_exp
10:25:58.585,2,-0.954857,1.437989,-1.118332,guided_exp
10:25:58.585,1,-2.771556,1.335708,-0.768841,guided_exp
10:25:58.684,2,-0.870441,1.438033,-1.09903,guided_exp
10:25:58.684,1,-2.770343,1.282524,-0.7699,guided_exp
10:25:58.784,2,-0.768662,1.438055,-1.076884,guided_exp
10:25:58.784,1,-2.769455,1.250934,-0.770425,guided_exp
10:25:58.884,2,-0.625705,1.43756,-1.088407,guided_exp
10:25:58.884,1,-2.769931,1.330341,-0.769552,guided_exp
10:25:58.968,2,-0.534962,1.437746,-1.035532,guided_exp
10:25:58.969,1,-2.76957,1.304558,-0.769969,guided_exp
10:25:59.067,2,-0.423768,1.438009,-1.050606,guided_exp
10:25:59.067,1,-2.76897,1.42714,-0.768679,guided_exp
10:25:59.168,2,-0.356178,1.438031,-0.953802,guided_exp
10:25:59.169,1,-2.768764,1.312817,-0.768833,guided_exp
10:25:59.267,2,-0.29364,1.438467,-0.964105,guided_exp
10:25:59.267,1,-2.767819,1.329308,-0.769114,guided_exp
10:25:59.384,2,-0.233079,1.438292,-0.953385,guided_exp
10:25:59.384,1,-2.767889,1.275922,-0.768804,guided_exp
10:25:59.484,2,-0.20103,1.43829,-0.828644,guided_exp
10:25:59.484,1,-2.770011,1.331444,-0.766937,guided_exp
10:25:59.585,2,-0.152491,1.438385,-0.717765,guided_exp
10:25:59.585,1,-2.771233,1.306119,-0.76642,guided_exp
10:25:59.684,2,-0.107301,1.438316,-0.715349,guided_exp
10:25:59.684,1,-2.770515,1.264409,-0.766805,guided_exp
10:25:59.767,2,-0.094163,1.438476,-0.652458,guided_exp
10:25:59.767,1,-2.769599,1.338058,-0.766346,guided_exp
10:25:59.851,2,-0.087109,1.438417,-0.587618,guided_exp
10:25:59.851,1,-2.769778,1.416456,-0.766169,guided_exp
10:25:59.934,2,-0.068504,1.438354,-0.574954,guided_exp
10:25:59.934,1,-2.769738,1.440619,-0.766493,guided_exp
10:26:00.017,2,-0.026534,1.438265,-0.687084,guided_exp
10:26:00.017,1,-2.771219,1.266717,-0.765293,guided_exp
10:26:00.101,2,-0.074854,1.438404,-0.611697,guided_exp
10:26:00.101,1,-2.782662,1.331125,-0.776584,guided_exp
10:26:00.184,2,-0.065197,1.438492,-0.574165,guided_exp
10:26:00.184,1,-2.774774,1.436887,-0.764648,guided_exp
10:26:00.285,2,-0.013384,1.438408,-0.675862,guided_exp
10:26:00.285,1,-2.774275,1.468606,-0.762693,guided_exp
10:26:00.385,2,-0.076861,1.438451,-0.584071,guided_exp
10:26:00.385,1,-2.775796,1.41943,-0.760669,guided_exp
10:26:00.484,2,-0.066602,1.438465,-0.57435,guided_exp
10:26:00.484,1,-2.776215,1.32623,-0.760128,guided_exp
10:26:00.584,2,-0.072549,1.438443,-0.590952,guided_exp
10:26:00.584,1,-2.776387,1.438739,-0.758706,guided_exp
10:26:00.685,2,-0.077497,1.43941,-0.610996,guided_exp
10:26:00.685,1,-2.777294,1.428638,-0.76003,guided_exp
10:26:00.784,2,-0.087422,1.440111,-0.610261,guided_exp
10:26:00.784,1,-2.778519,1.417021,-0.761026,guided_exp
10:26:00.867,2,-0.072252,1.439765,-0.60929,guided_exp
10:26:00.867,1,-2.787449,1.432214,-0.7625,guided_exp
10:26:00.951,2,-0.079498,1.438416,-0.579809,guided_exp
10:26:00.951,1,-2.787246,1.316763,-0.761554,guided_exp
10:26:01.052,2,-0.064793,1.424773,-0.598103,guided_exp
10:26:01.052,1,-2.787955,1.288397,-0.760213,guided_exp
10:26:01.151,2,-0.078649,1.416148,-0.603845,guided_exp
10:26:01.151,1,-2.790631,0.946822,-0.760343,guided_exp
10:26:01.317,2,-0.025283,1.402968,-0.667408,guided_exp
10:26:01.317,1,-2.792867,0.885406,-0.760069,guided_exp
10:26:01.435,2,-0.118344,1.389356,-0.498566,guided_exp
10:26:01.435,1,-2.798585,1.506855,-0.761165,guided_exp
10:26:01.534,2,-0.091592,1.389605,-0.554846,guided_exp
10:26:01.534,1,-2.805803,1.526156,-0.753885,guided_exp
10:26:01.617,2,-0.107403,1.403081,-0.543482,guided_exp
10:26:01.617,1,-2.807097,1.503286,-0.754454,guided_exp
10:26:01.701,2,-0.065881,1.403475,-0.60322,guided_exp
10:26:01.701,1,-2.810071,1.518576,-0.756334,guided_exp
10:26:01.784,2,-0.080614,1.398916,-0.561361,guided_exp
10:26:01.784,1,-2.811432,1.510656,-0.754368,guided_exp
10:26:01.885,2,-0.058943,1.383217,-0.563205,guided_exp
10:26:01.885,1,-2.812598,1.510734,-0.753979,guided_exp
10:26:01.984,2,-0.066553,1.371332,-0.591149,guided_exp
10:26:01.984,1,-2.814292,1.478879,-0.754306,guided_exp
10:26:02.067,2,-0.052008,1.383479,-0.577032,guided_exp
10:26:02.067,1,-2.814951,1.478862,-0.754162,guided_exp
10:26:02.151,2,-0.039748,1.389268,-0.580417,guided_exp
10:26:02.151,1,-2.815992,1.47691,-0.754256,guided_exp
10:26:02.234,2,-0.013356,1.398481,-0.627064,guided_exp
10:26:02.234,1,-2.816044,1.474201,-0.753817,guided_exp
10:26:02.317,2,-0.025482,1.400757,-0.712752,guided_exp
10:26:02.317,1,-2.820018,1.472678,-0.754093,guided_exp
10:26:02.401,2,-0.046247,1.403967,-0.708769,guided_exp
10:26:02.401,1,-2.818595,1.467217,-0.753799,guided_exp
10:26:02.484,2,-0.103346,1.402472,-0.673903,guided_exp
10:26:02.484,1,-2.817854,1.468736,-0.753387,guided_exp
10:26:02.567,2,-0.052978,1.395025,-0.789873,guided_exp
10:26:02.567,1,-2.817423,1.469029,-0.753437,guided_exp
10:26:02.651,2,-0.128946,1.378391,-0.84008,guided_exp
10:26:02.651,1,-2.81684,1.469491,-0.753695,guided_exp
10:26:02.752,2,-0.141773,1.391586,-0.930356,guided_exp
10:26:02.752,1,-2.816548,1.46975,-0.75373,guided_exp
10:26:02.851,2,-0.144909,1.379346,-1.045064,guided_exp
10:26:02.851,1,-2.81557,1.469215,-0.753946,guided_exp
10:26:02.952,2,-0.242399,1.385067,-1.040782,guided_exp
10:26:02.952,1,-2.81524,1.457738,-0.754385,guided_exp
10:26:03.051,2,-0.29945,1.383829,-1.094887,guided_exp
10:26:03.052,1,-2.816091,1.462566,-0.754758,guided_exp
10:26:03.151,2,-0.32927,1.383477,-1.090128,guided_exp
10:26:03.151,1,-2.817251,1.465552,-0.754583,guided_exp
10:26:03.252,2,-0.424491,1.384291,-1.115811,guided_exp
10:26:03.252,1,-2.820883,1.46703,-0.751612,guided_exp
10:26:03.351,2,-0.503643,1.376022,-1.154129,guided_exp
10:26:03.351,1,-2.821114,1.468032,-0.751734,guided_exp
10:26:03.434,2,-0.574444,1.305613,-1.182339,guided_exp
10:26:03.434,1,-2.824306,1.467902,-0.750501,guided_exp
10:26:03.535,2,-0.622242,1.274749,-1.190275,guided_exp
10:26:03.536,1,-2.824886,1.469346,-0.750625,guided_exp
10:26:03.634,2,-0.733253,1.272106,-1.200475,guided_exp
10:26:03.634,1,-2.825418,1.47412,-0.748286,guided_exp
10:26:03.717,2,-0.796619,1.260408,-1.205274,guided_exp
10:26:03.718,1,-2.825561,1.478619,-0.748861,guided_exp
10:26:03.817,2,-0.902232,1.260119,-1.20121,guided_exp
10:26:03.818,1,-2.825194,1.482003,-0.749154,guided_exp
10:26:03.919,2,-1.020567,1.259289,-1.191575,guided_exp
10:26:03.919,1,-2.823524,1.481039,-0.749759,guided_exp
10:26:04.017,2,-1.11909,1.258839,-1.18639,guided_exp
10:26:04.018,1,-2.822116,1.478686,-0.750003,guided_exp
10:26:04.101,2,-1.20908,1.264614,-1.198944,guided_exp
10:26:04.101,1,-2.821613,1.480418,-0.749815,guided_exp
10:26:04.184,2,-1.26425,1.263383,-1.204767,guided_exp
10:26:04.184,1,-2.821194,1.477837,-0.749565,guided_exp
10:26:04.286,2,-1.352718,1.257935,-1.220502,guided_exp
10:26:04.286,1,-2.819701,1.477827,-0.75031,guided_exp
10:26:04.384,2,-1.44769,1.252026,-1.248801,guided_exp
10:26:04.384,1,-2.818436,1.480698,-0.75221,guided_exp
10:26:04.467,2,-1.54737,1.252868,-1.296452,guided_exp
10:26:04.467,1,-2.816632,1.476698,-0.752121,guided_exp
10:26:04.551,2,-1.595256,1.249197,-1.310337,guided_exp
10:26:04.551,1,-2.815477,1.482111,-0.752213,guided_exp
10:26:04.634,2,-1.678819,1.256447,-1.341638,guided_exp
10:26:04.634,1,-2.813471,1.481963,-0.751851,guided_exp
10:26:04.717,2,-1.717608,1.239952,-1.357151,guided_exp
10:26:04.717,1,-2.811786,1.485704,-0.7527,guided_exp
10:26:04.801,2,-1.784203,1.244438,-1.364923,guided_exp
10:26:04.801,1,-2.808435,1.481577,-0.753104,guided_exp
10:26:04.884,2,-1.830599,1.287986,-1.368158,guided_exp
10:26:04.884,1,-2.80284,1.481825,-0.750211,guided_exp
10:26:04.967,2,-1.880937,1.274233,-1.365955,guided_exp
10:26:04.967,1,-2.794765,1.485263,-0.751654,guided_exp
10:26:05.051,2,-1.916582,1.269767,-1.362739,guided_exp
10:26:05.052,1,-2.793338,1.486423,-0.754015,guided_exp
10:26:05.134,2,-1.966285,1.236526,-1.350893,guided_exp
10:26:05.134,1,-2.789148,1.485509,-0.750815,guided_exp
10:26:05.218,2,-2.002956,1.295061,-1.338266,guided_exp
10:26:05.218,1,-2.789803,1.486211,-0.750456,guided_exp
10:26:05.301,2,-2.052715,1.296074,-1.328364,guided_exp
10:26:05.301,1,-2.783885,1.485522,-0.748428,guided_exp
10:26:05.402,2,-2.096174,1.234802,-1.322544,guided_exp
10:26:05.402,1,-2.78166,1.484224,-0.746872,guided_exp
10:26:05.501,2,-2.165027,1.291602,-1.330128,guided_exp
10:26:05.501,1,-2.776145,1.485034,-0.745924,guided_exp
10:26:05.601,2,-2.214509,1.304634,-1.342196,guided_exp
10:26:05.601,1,-2.775082,1.485201,-0.746212,guided_exp
10:26:05.701,2,-2.312625,1.303372,-1.374825,guided_exp
10:26:05.701,1,-2.77446,1.48278,-0.746801,guided_exp
10:26:05.784,2,-2.381954,1.295079,-1.400846,guided_exp
10:26:05.784,1,-2.772063,1.482942,-0.747055,guided_exp
10:26:05.867,2,-2.481634,1.159247,-1.443339,guided_exp
10:26:05.867,1,-2.78365,1.482084,-0.745384,guided_exp
10:26:05.951,2,-2.546905,1.241431,-1.474403,guided_exp
10:26:05.951,1,-2.808818,1.482351,-0.753804,guided_exp
10:26:06.034,2,-2.626915,1.357586,-1.508013,guided_exp
10:26:06.034,1,-2.964117,1.483165,-0.779492,guided_exp
10:26:06.117,2,-2.678314,1.310828,-1.522567,guided_exp
10:26:06.118,1,-2.966698,1.483579,-0.823383,guided_exp
10:26:06.201,2,-2.748639,1.303096,-1.534316,guided_exp
10:26:06.201,1,-2.595273,1.484468,-0.831759,guided_exp
10:26:06.284,2,-2.803395,1.292624,-1.537387,guided_exp
10:26:06.284,1,-2.608196,1.482797,-0.826674,guided_exp
10:26:06.385,2,-2.879125,1.254592,-1.530989,guided_exp
10:26:06.385,1,-2.576033,1.481094,-0.885284,guided_exp
10:26:06.485,2,-2.949997,1.2436,-1.513668,guided_exp
10:26:06.486,1,-2.708439,1.481139,-0.737467,guided_exp
10:26:06.584,2,-3.026247,1.269189,-1.489308,guided_exp
10:26:06.584,1,-2.672425,1.480716,-0.741767,guided_exp
10:26:06.686,2,-3.090362,1.259784,-1.466579,guided_exp
10:26:06.686,1,-2.723061,1.480861,-0.750359,guided_exp
10:26:06.784,2,-3.154639,1.275533,-1.450593,guided_exp
10:26:06.784,1,-2.736837,1.47814,-0.742327,guided_exp
10:26:06.885,2,-3.222938,1.265785,-1.448574,guided_exp
10:26:06.886,1,-2.747558,1.478287,-0.740612,guided_exp
10:26:06.984,2,-3.278769,1.4169,-1.443304,guided_exp
10:26:06.984,1,-2.747941,1.478753,-0.738787,guided_exp
10:26:07.067,2,-3.33154,1.412103,-1.456807,guided_exp
10:26:07.068,1,-2.747715,1.473147,-0.736655,guided_exp
10:26:07.151,2,-3.353704,1.391199,-1.459523,guided_exp
10:26:07.151,1,-2.748278,1.474537,-0.73619,guided_exp
10:26:07.234,2,-3.411263,1.385555,-1.462709,guided_exp
10:26:07.234,1,-2.747859,1.475719,-0.736478,guided_exp
10:26:07.384,2,-3.439693,1.386396,-1.46232,guided_exp
10:26:07.384,1,-2.747606,1.480448,-0.736344,guided_exp
10:26:07.484,2,-3.468578,1.392353,-1.466256,guided_exp
10:26:07.484,1,-2.748153,1.477672,-0.736743,guided_exp
10:26:07.585,2,-3.486162,1.403187,-1.467002,guided_exp
10:26:07.586,1,-2.74854,1.466396,-0.736978,guided_exp
10:26:07.684,2,-3.498198,1.392333,-1.467188,guided_exp
10:26:07.684,1,-2.749402,1.466484,-0.737018,guided_exp
10:26:07.785,2,-3.50559,1.372772,-1.466584,guided_exp
10:26:07.785,1,-2.750798,1.465566,-0.738533,guided_exp
10:26:07.884,2,-3.509641,1.359102,-1.466661,guided_exp
10:26:07.884,1,-2.750091,1.470363,-0.738069,guided_exp
10:26:07.967,2,-3.511185,1.363223,-1.4665,guided_exp
10:26:07.968,1,-2.749977,1.467011,-0.738522,guided_exp
10:26:08.051,2,-3.512765,1.367107,-1.465236,guided_exp
10:26:08.051,1,-2.749767,1.469628,-0.738183,guided_exp
10:26:08.134,2,-3.513094,1.379698,-1.464437,guided_exp
10:26:08.134,1,-2.749576,1.475115,-0.737251,guided_exp
10:26:08.219,2,-3.513563,1.38878,-1.463571,guided_exp
10:26:08.219,1,-2.749529,1.473243,-0.736485,guided_exp
10:26:08.301,2,-3.512876,1.394637,-1.462884,guided_exp
10:26:08.301,1,-2.748888,1.473291,-0.736096,guided_exp
10:26:08.385,2,-3.512879,1.381692,-1.462364,guided_exp
10:26:08.385,1,-2.748483,1.471033,-0.735818,guided_exp
10:26:08.485,2,-3.511389,1.360536,-1.46137,guided_exp
10:26:08.485,1,-2.747634,1.466411,-0.735667,guided_exp
10:26:08.584,2,-3.511261,1.37685,-1.459487,guided_exp
10:26:08.584,1,-2.746803,1.467445,-0.736149,guided_exp
10:26:08.685,2,-3.5098,1.410721,-1.457849,guided_exp
10:26:08.685,1,-2.745272,1.46706,-0.736615,guided_exp
10:26:08.785,2,-3.508291,1.413526,-1.45736,guided_exp
10:26:08.785,1,-2.745317,1.465623,-0.737088,guided_exp
10:26:08.884,2,-3.507281,1.424761,-1.455307,guided_exp
10:26:08.884,1,-2.744901,1.467365,-0.736611,guided_exp
10:26:08.986,2,-3.506334,1.43181,-1.453837,guided_exp
10:26:08.987,1,-2.743831,1.467128,-0.737116,guided_exp
10:26:09.085,2,-3.505482,1.428543,-1.453168,guided_exp
10:26:09.085,1,-2.743479,1.465777,-0.735502,guided_exp
10:26:09.185,2,-3.504971,1.421912,-1.452399,guided_exp
10:26:09.185,1,-2.742819,1.467047,-0.736159,guided_exp
10:26:09.287,2,-3.505093,1.41398,-1.451916,guided_exp
10:26:09.287,1,-2.742611,1.467182,-0.735708,guided_exp
10:26:09.367,2,-3.504852,1.413424,-1.451027,guided_exp
10:26:09.368,1,-2.742033,1.464032,-0.734965,guided_exp
10:26:09.469,2,-3.504804,1.41937,-1.450554,guided_exp
10:26:09.469,1,-2.741887,1.465713,-0.734686,guided_exp
10:26:09.568,2,-3.504458,1.421669,-1.449107,guided_exp
10:26:09.569,1,-2.741486,1.46822,-0.735643,guided_exp
10:26:09.701,2,-3.504786,1.435676,-1.449284,guided_exp
10:26:09.701,1,-2.741403,1.474637,-0.735745,guided_exp
10:26:09.784,2,-3.504913,1.431898,-1.450044,guided_exp
10:26:09.784,1,-2.740937,1.492298,-0.735485,guided_exp
10:26:09.885,2,-3.505487,1.411841,-1.448759,guided_exp
10:26:09.887,1,-2.740654,1.382774,-0.735084,guided_exp
10:26:09.986,2,-3.505303,1.40328,-1.448466,guided_exp
10:26:09.987,1,-2.740643,0.012278,-0.734745,guided_exp
10:26:10.084,2,-3.505481,1.406257,-1.448753,guided_exp
10:26:10.084,1,-2.739671,0.173145,-0.734414,guided_exp
10:26:10.217,2,-3.504777,1.417096,-1.450192,guided_exp
10:26:10.217,1,-2.738562,0.51368,-0.734567,guided_exp
10:26:10.301,2,-3.503535,1.426221,-1.451766,guided_exp
10:26:10.301,1,-2.736998,1.388483,-0.735214,guided_exp
10:26:10.384,2,-3.502776,1.434673,-1.452473,guided_exp
10:26:10.384,1,-2.736191,1.477556,-0.735009,guided_exp
10:26:10.468,2,-3.501897,1.436345,-1.452493,guided_exp
10:26:10.468,1,-2.732079,1.475453,-0.736017,guided_exp
10:26:10.585,2,-3.501441,1.433571,-1.453377,guided_exp
10:26:10.586,1,-2.732068,1.470423,-0.735736,guided_exp
10:26:10.701,2,-3.500809,1.429387,-1.455079,guided_exp
10:26:10.701,1,-2.727269,1.47006,-0.735768,guided_exp
10:26:10.784,2,-3.500483,1.424706,-1.457391,guided_exp
10:26:10.784,1,-2.726756,1.468541,-0.734698,guided_exp
10:26:10.867,2,-3.500819,1.417562,-1.461792,guided_exp
10:26:10.868,1,-2.726652,1.468831,-0.734809,guided_exp
10:26:10.951,2,-3.501205,1.417096,-1.464917,guided_exp
10:26:10.951,1,-2.726637,1.468039,-0.734918,guided_exp
10:26:11.034,2,-3.502612,1.421569,-1.470403,guided_exp
10:26:11.034,1,-2.726094,1.467876,-0.735851,guided_exp
10:26:11.117,2,-3.503078,1.422382,-1.471892,guided_exp
10:26:11.117,1,-2.726231,1.468448,-0.736337,guided_exp
10:26:11.201,2,-3.503547,1.421574,-1.474377,guided_exp
10:26:11.201,1,-2.724755,1.468763,-0.736964,guided_exp
10:26:11.284,2,-3.502271,1.421295,-1.475717,guided_exp
10:26:11.284,1,-2.723598,1.468262,-0.737499,guided_exp
10:26:11.367,2,-3.497322,1.414309,-1.478964,guided_exp
10:26:11.368,1,-2.723011,1.469119,-0.738553,guided_exp
10:26:11.469,2,-3.494651,1.407452,-1.479517,guided_exp
10:26:11.469,1,-2.722613,1.468228,-0.739203,guided_exp
10:26:11.567,2,-3.477717,1.406355,-1.485297,guided_exp
10:26:11.568,1,-2.721331,1.468148,-0.741803,guided_exp
10:26:11.651,2,-3.462097,1.404919,-1.491216,guided_exp
10:26:11.651,1,-2.721001,1.468098,-0.743382,guided_exp
10:26:11.734,2,-3.447551,1.405758,-1.496352,guided_exp
10:26:11.734,1,-2.714152,1.468451,-0.747661,guided_exp
10:26:11.835,2,-3.444109,1.408111,-1.498791,guided_exp
10:26:11.836,1,-2.713605,1.468322,-0.749541,guided_exp
10:26:11.934,2,-3.435449,1.405566,-1.500416,guided_exp
10:26:11.934,1,-2.712492,1.468163,-0.751686,guided_exp
10:26:12.034,2,-3.431279,1.403986,-1.501291,guided_exp
10:26:12.034,1,-2.711564,1.470796,-0.75256,guided_exp
10:26:12.135,2,-3.429864,1.403205,-1.502693,guided_exp
10:26:12.135,1,-2.711018,1.469488,-0.753098,guided_exp
10:26:12.234,2,-3.428884,1.40257,-1.503452,guided_exp
10:26:12.234,1,-2.710613,1.467182,-0.753166,guided_exp
10:26:12.335,2,-3.425546,1.401725,-1.506238,guided_exp
10:26:12.335,1,-2.710442,1.467332,-0.753584,guided_exp
10:26:12.417,2,-3.424551,1.400374,-1.508508,guided_exp
10:26:12.418,1,-2.710633,1.467133,-0.754036,guided_exp
10:26:12.501,2,-3.423582,1.39988,-1.509303,guided_exp
10:26:12.501,1,-2.710166,1.467414,-0.754652,guided_exp
10:26:12.584,2,-3.423934,1.398106,-1.510582,guided_exp
10:26:12.584,1,-2.710065,1.467951,-0.755619,guided_exp
10:26:12.669,2,-3.421981,1.396985,-1.512571,guided_exp
10:26:12.669,1,-2.710095,1.469221,-0.755962,guided_exp
10:26:12.768,2,-3.420792,1.396695,-1.515245,guided_exp
10:26:12.768,1,-2.710444,1.46941,-0.756423,guided_exp
10:26:12.851,2,-3.417944,1.395058,-1.5167,guided_exp
10:26:12.852,1,-2.711044,1.469517,-0.756887,guided_exp
10:26:12.952,2,-3.419736,1.39348,-1.515811,guided_exp
10:26:12.952,1,-2.711228,1.469505,-0.758527,guided_exp
10:26:13.052,2,-3.419235,1.393712,-1.517119,guided_exp
10:26:13.052,1,-2.71229,1.468377,-0.758824,guided_exp
10:26:13.152,2,-3.418387,1.393627,-1.518783,guided_exp
10:26:13.152,1,-2.714198,1.468284,-0.759544,guided_exp
10:26:13.252,2,-3.416966,1.393777,-1.518299,guided_exp
10:26:13.252,1,-2.714911,1.466739,-0.759651,guided_exp
10:26:13.351,2,-3.419093,1.395964,-1.518127,guided_exp
10:26:13.352,1,-2.717213,1.466865,-0.760567,guided_exp
10:26:13.453,2,-3.418568,1.395171,-1.518606,guided_exp
10:26:13.453,1,-2.720247,1.468664,-0.760329,guided_exp
10:26:13.551,2,-3.416396,1.396482,-1.520622,guided_exp
10:26:13.551,1,-2.72135,1.469393,-0.760187,guided_exp
10:26:13.652,2,-3.41654,1.395394,-1.523184,guided_exp
10:26:13.652,1,-2.722066,1.470704,-0.759969,guided_exp
10:26:13.751,2,-3.417828,1.393337,-1.522816,guided_exp
10:26:13.751,1,-2.722927,1.471405,-0.760448,guided_exp
10:26:13.834,2,-3.418737,1.39351,-1.523044,guided_exp
10:26:13.834,1,-2.723618,1.471195,-0.760285,guided_exp
10:26:13.935,2,-3.418519,1.393414,-1.523494,guided_exp
10:26:13.935,1,-2.725415,1.471962,-0.762285,guided_exp
10:26:14.017,2,-3.41869,1.395305,-1.523468,guided_exp
10:26:14.018,1,-2.724695,1.474072,-0.762221,guided_exp
10:26:14.102,2,-3.418959,1.394896,-1.523267,guided_exp
10:26:14.102,1,-2.723445,1.473209,-0.763013,guided_exp
10:26:14.201,2,-3.418803,1.392885,-1.523244,guided_exp
10:26:14.201,1,-2.71235,1.475704,-0.771592,guided_exp
10:26:14.301,2,-3.419369,1.392976,-1.524209,guided_exp
10:26:14.302,1,-2.698877,1.470999,-0.781065,guided_exp
10:26:14.401,2,-3.419613,1.401015,-1.522718,guided_exp
10:26:14.401,1,-2.662121,1.471179,-0.806826,guided_exp
10:26:14.484,2,-3.419374,1.404346,-1.522429,guided_exp
10:26:14.484,1,-2.650505,1.470309,-0.810795,guided_exp
10:26:14.567,2,-3.419133,1.402216,-1.521942,guided_exp
10:26:14.568,1,-2.632679,1.476063,-0.82669,guided_exp
10:26:14.651,2,-3.419621,1.397137,-1.521746,guided_exp
10:26:14.652,1,-2.617418,1.475612,-0.84256,guided_exp
10:26:14.751,2,-3.420003,1.390838,-1.521311,guided_exp
10:26:14.752,1,-2.595585,1.475184,-0.865857,guided_exp
10:26:14.851,2,-3.419407,1.383484,-1.521067,guided_exp
10:26:14.851,1,-2.583893,1.473081,-0.895611,guided_exp
10:26:14.951,2,-3.41892,1.37324,-1.521616,guided_exp
10:26:14.952,1,-2.569273,1.474372,-0.935396,guided_exp
10:26:15.052,2,-3.41611,1.370878,-1.521889,guided_exp
10:26:15.052,1,-2.566303,1.472872,-0.978093,guided_exp
10:26:15.152,2,-3.407366,1.374068,-1.521917,guided_exp
10:26:15.152,1,-2.566915,1.472734,-1.040082,guided_exp
10:26:15.254,2,-3.392181,1.368473,-1.525105,guided_exp
10:26:15.254,1,-2.565933,1.472597,-1.10103,guided_exp
10:26:15.352,2,-3.38318,1.355801,-1.53583,guided_exp
10:26:15.352,1,-2.564514,1.473172,-1.152921,guided_exp
10:26:15.451,2,-3.37667,1.343171,-1.55334,guided_exp
10:26:15.451,1,-2.554445,1.471246,-1.196321,guided_exp
10:26:15.534,2,-3.377716,1.336966,-1.585052,guided_exp
10:26:15.534,1,-2.544655,1.244019,-1.231847,guided_exp
10:26:15.617,2,-3.378804,1.359424,-1.597651,guided_exp
10:26:15.618,1,-2.524351,1.067206,-1.268646,guided_exp
10:26:15.751,2,-3.398074,1.367897,-1.677059,guided_exp
10:26:15.751,1,-2.491767,1.377953,-1.337106,guided_exp
10:26:15.836,2,-3.408473,1.37645,-1.713226,guided_exp
10:26:15.836,1,-2.4671,1.487916,-1.358306,guided_exp
10:26:15.917,2,-3.419869,1.351107,-1.770675,guided_exp
10:26:15.918,1,-2.432723,1.48301,-1.418696,guided_exp
10:26:16.051,2,-3.431304,1.347097,-1.826665,guided_exp
10:26:16.051,1,-2.370716,1.481764,-1.496597,guided_exp
10:26:16.135,2,-3.453255,1.324344,-1.860659,guided_exp
10:26:16.135,1,-2.336694,1.474848,-1.538624,guided_exp
10:26:16.236,2,-3.452711,1.312076,-1.880783,guided_exp
10:26:16.236,1,-2.306929,1.475345,-1.582918,guided_exp
10:26:16.317,2,-3.446909,1.341183,-1.913174,guided_exp
10:26:16.318,1,-2.294631,1.474116,-1.631112,guided_exp
10:26:16.401,2,-3.433403,1.360373,-1.942565,guided_exp
10:26:16.401,1,-2.283913,1.472097,-1.661785,guided_exp
10:26:16.484,2,-3.405083,1.377619,-1.986166,guided_exp
10:26:16.484,1,-2.272974,1.473306,-1.705304,guided_exp
10:26:16.568,2,-3.38503,1.365658,-2.016562,guided_exp
10:26:16.568,1,-2.27355,1.473699,-1.742298,guided_exp
10:26:16.668,2,-3.327563,1.352359,-2.081577,guided_exp
10:26:16.669,1,-2.28065,1.474726,-1.788167,guided_exp
10:26:16.768,2,-3.297132,1.345232,-2.122255,guided_exp
10:26:16.769,1,-2.294653,1.474317,-1.854077,guided_exp
10:26:16.868,2,-3.271292,1.346439,-2.163225,guided_exp
10:26:16.870,1,-2.30625,1.47525,-1.894095,guided_exp
10:26:16.951,2,-3.230895,1.348253,-2.193679,guided_exp
10:26:16.951,1,-2.318963,1.473937,-1.941705,guided_exp
10:26:17.052,2,-3.204674,1.325858,-2.222279,guided_exp
10:26:17.052,1,-2.327619,1.473861,-1.982068,guided_exp
10:26:17.152,2,-3.190504,1.307681,-2.241609,guided_exp
10:26:17.152,1,-2.329167,1.473964,-2.01273,guided_exp
10:26:17.251,2,-3.173291,1.249186,-2.263747,guided_exp
10:26:17.251,1,-2.323115,1.473959,-2.043284,guided_exp
10:26:17.351,2,-3.163275,1.305041,-2.27178,guided_exp
10:26:17.351,1,-2.314691,1.473826,-2.060885,guided_exp
10:26:17.436,2,-3.160194,1.226422,-2.274311,guided_exp
10:26:17.436,1,-2.297876,1.474199,-2.081013,guided_exp
10:26:17.534,2,-3.154605,1.198309,-2.274623,guided_exp
10:26:17.534,1,-2.276417,1.474301,-2.110076,guided_exp
10:26:17.634,2,-3.148543,1.243322,-2.266889,guided_exp
10:26:17.634,1,-2.242876,1.474573,-2.143732,guided_exp
10:26:17.717,2,-3.146458,1.243094,-2.256244,guided_exp
10:26:17.718,1,-2.228356,1.473464,-2.15419,guided_exp
10:26:17.801,2,-3.14411,1.233437,-2.236918,guided_exp
10:26:17.801,1,-2.208269,1.473382,-2.167982,guided_exp
10:26:17.884,2,-3.144985,1.240418,-2.227633,guided_exp
10:26:17.884,1,-2.194534,1.472406,-2.176326,guided_exp
10:26:17.968,2,-3.151647,1.255446,-2.222509,guided_exp
10:26:17.968,1,-2.189741,1.471784,-2.180894,guided_exp
10:26:18.051,2,-3.15746,1.245082,-2.215291,guided_exp
10:26:18.051,1,-2.17455,1.470363,-2.193187,guided_exp
10:26:18.134,2,-3.16862,1.203557,-2.192302,guided_exp
10:26:18.134,1,-2.164166,1.469801,-2.202004,guided_exp
10:26:18.218,2,-3.171445,1.227166,-2.18949,guided_exp
10:26:18.218,1,-2.161506,1.46869,-2.203293,guided_exp
10:26:18.302,2,-3.188519,1.266273,-2.179033,guided_exp
10:26:18.302,1,-2.155174,1.466034,-2.205685,guided_exp
10:26:18.401,2,-3.191407,1.228226,-2.177247,guided_exp
10:26:18.401,1,-2.151891,1.44354,-2.207405,guided_exp
10:26:18.502,2,-3.197454,1.271929,-2.169294,guided_exp
10:26:18.502,1,-2.150968,1.464614,-2.208736,guided_exp
10:26:18.602,2,-3.199999,1.280339,-2.164519,guided_exp
10:26:18.602,1,-2.149355,1.46547,-2.209216,guided_exp
10:26:18.701,2,-3.197231,1.220141,-2.163179,guided_exp
10:26:18.701,1,-2.147801,1.468437,-2.209933,guided_exp
10:26:18.784,2,-3.194966,1.288013,-2.162153,guided_exp
10:26:18.784,1,-2.148076,1.46848,-2.209322,guided_exp
10:26:18.868,2,-3.189389,1.286852,-2.161418,guided_exp
10:26:18.868,1,-2.147636,1.47008,-2.210085,guided_exp
10:26:18.951,2,-3.183139,1.279204,-2.165008,guided_exp
10:26:18.951,1,-2.147195,1.469259,-2.212294,guided_exp
10:26:19.034,2,-3.176607,1.226397,-2.164909,guided_exp
10:26:19.034,1,-2.146635,1.468629,-2.210677,guided_exp
10:26:19.118,2,-3.145459,1.289808,-2.17524,guided_exp
10:26:19.118,1,-2.146359,1.464441,-2.210593,guided_exp
10:26:19.202,2,-3.135054,1.236341,-2.17384,guided_exp
10:26:19.202,1,-2.145842,1.465112,-2.210352,guided_exp
10:26:19.302,2,-3.131288,1.234555,-2.173214,guided_exp
10:26:19.302,1,-2.145547,1.466542,-2.210899,guided_exp
10:26:19.384,2,-3.127175,1.29799,-2.174139,guided_exp
10:26:19.384,1,-2.147228,1.466001,-2.211921,guided_exp
10:26:19.468,2,-3.125048,1.312343,-2.174835,guided_exp
10:26:19.468,1,-2.148696,1.463839,-2.211733,guided_exp
10:26:19.568,2,-3.12309,1.314013,-2.175229,guided_exp
10:26:19.568,1,-2.149551,1.458977,-2.21001,guided_exp
10:26:19.668,2,-3.12067,1.310309,-2.175085,guided_exp
10:26:19.668,1,-2.151367,1.465936,-2.207722,guided_exp
10:26:19.751,2,-3.120111,1.33568,-2.175192,guided_exp
10:26:19.752,1,-2.152838,1.465584,-2.206689,guided_exp
10:26:19.851,2,-3.118521,1.306712,-2.175365,guided_exp
10:26:19.851,1,-2.154027,1.462998,-2.205768,guided_exp
10:26:19.936,2,-3.118927,1.257917,-2.176424,guided_exp
10:26:19.936,1,-2.155675,1.465332,-2.2057,guided_exp
10:26:20.034,2,-3.119169,1.246082,-2.176995,guided_exp
10:26:20.034,1,-2.159578,1.465521,-2.202606,guided_exp
10:26:20.117,2,-3.120065,1.304504,-2.177781,guided_exp
10:26:20.118,1,-2.162381,1.465221,-2.201006,guided_exp
10:26:20.203,2,-3.120104,1.258335,-2.17818,guided_exp
10:26:20.203,1,-2.164676,1.46492,-2.199379,guided_exp
10:26:20.284,2,-3.121141,1.321511,-2.1793,guided_exp
10:26:20.284,1,-2.169398,1.464099,-2.196828,guided_exp
10:26:20.369,2,-3.121916,1.305028,-2.179905,guided_exp
10:26:20.369,1,-2.172519,1.466427,-2.195682,guided_exp
10:26:20.451,2,-3.123406,1.309402,-2.180627,guided_exp
10:26:20.451,1,-2.176839,1.462896,-2.192525,guided_exp
10:26:20.535,2,-3.124662,1.318441,-2.18082,guided_exp
10:26:20.536,1,-2.178573,1.464582,-2.189443,guided_exp
10:26:20.634,2,-3.126127,1.254845,-2.182811,guided_exp
10:26:20.634,1,-2.189659,1.464817,-2.184728,guided_exp
10:26:20.718,2,-3.128339,1.20267,-2.183851,guided_exp
10:26:20.718,1,-2.195081,1.465479,-2.180823,guided_exp
10:26:20.802,2,-3.128599,1.225342,-2.184646,guided_exp
10:26:20.802,1,-2.199259,1.464825,-2.179179,guided_exp
10:26:20.884,2,-3.130629,1.2699,-2.185894,guided_exp
10:26:20.884,1,-2.205831,1.465851,-2.17583,guided_exp
10:26:21.018,2,-3.131983,1.268239,-2.187089,guided_exp
10:26:21.018,1,-2.214764,1.465819,-2.171187,guided_exp
10:26:21.101,2,-3.13206,1.361288,-2.18726,guided_exp
10:26:21.101,1,-2.21934,1.465063,-2.169878,guided_exp
10:26:21.184,2,-3.132153,1.280795,-2.187559,guided_exp
10:26:21.184,1,-2.224963,1.465497,-2.16749,guided_exp
10:26:21.268,2,-3.131726,1.400081,-2.188578,guided_exp
10:26:21.268,1,-2.227003,1.466027,-2.166444,guided_exp
10:26:21.368,2,-3.132082,1.411221,-2.188786,guided_exp
10:26:21.369,1,-2.230676,1.469849,-2.16535,guided_exp
10:26:21.468,2,-3.131005,1.414963,-2.189164,guided_exp
10:26:21.469,1,-2.234737,1.468318,-2.166107,guided_exp
10:26:21.551,2,-3.130703,1.42541,-2.189549,guided_exp
10:26:21.551,1,-2.235576,1.468762,-2.166599,guided_exp
10:26:21.634,2,-3.130124,1.433368,-2.190003,guided_exp
10:26:21.634,1,-2.235246,1.467776,-2.168293,guided_exp
10:26:21.719,2,-3.130234,1.426693,-2.19005,guided_exp
10:26:21.719,1,-2.229924,1.469656,-2.170131,guided_exp
10:26:21.801,2,-3.130232,1.410982,-2.189887,guided_exp
10:26:21.801,1,-2.222298,1.466817,-2.173312,guided_exp
10:26:21.884,2,-3.130174,1.392807,-2.190035,guided_exp
10:26:21.884,1,-2.215849,1.467009,-2.1775,guided_exp
10:26:21.984,2,-3.130755,1.399421,-2.190031,guided_exp
10:26:21.984,1,-2.199212,1.464583,-2.184987,guided_exp
10:26:22.068,2,-3.131324,1.418054,-2.189325,guided_exp
10:26:22.068,1,-2.176105,1.465276,-2.19421,guided_exp
10:26:22.153,2,-3.131719,1.428659,-2.189205,guided_exp
10:26:22.153,1,-2.15987,1.466108,-2.201922,guided_exp
10:26:22.252,2,-3.132186,1.43066,-2.188501,guided_exp
10:26:22.253,1,-2.135329,1.466313,-2.209706,guided_exp
10:26:22.351,2,-3.131849,1.431991,-2.188335,guided_exp
10:26:22.351,1,-2.111335,1.466035,-2.215663,guided_exp
10:26:22.452,2,-3.131726,1.407345,-2.187989,guided_exp
10:26:22.452,1,-2.086475,1.462502,-2.22078,guided_exp
10:26:22.534,2,-3.131858,1.410767,-2.187561,guided_exp
10:26:22.534,1,-2.069502,1.464578,-2.218459,guided_exp
10:26:22.618,2,-3.131875,1.423162,-2.187369,guided_exp
10:26:22.619,1,-2.062474,1.464363,-2.215887,guided_exp
10:26:22.719,2,-3.131561,1.443492,-2.187116,guided_exp
10:26:22.719,1,-2.036631,1.465026,-2.200154,guided_exp
10:26:22.818,2,-3.131243,1.459102,-2.186458,guided_exp
10:26:22.818,1,-2.0066,1.46328,-2.178039,guided_exp
10:26:22.901,2,-3.130529,1.4651,-2.184783,guided_exp
10:26:22.901,1,-1.962634,1.464513,-2.15342,guided_exp
10:26:22.984,2,-3.129889,1.480023,-2.184238,guided_exp
10:26:22.984,1,-1.933658,1.469196,-2.128396,guided_exp
10:26:23.068,2,-3.129671,1.476341,-2.184291,guided_exp
10:26:23.068,1,-1.895551,1.467477,-2.095883,guided_exp
10:26:23.151,2,-3.128858,1.473042,-2.184076,guided_exp
10:26:23.151,1,-1.87869,1.466039,-2.079822,guided_exp
10:26:23.234,2,-3.128449,1.466633,-2.183859,guided_exp
10:26:23.234,1,-1.848646,1.470544,-2.045726,guided_exp
10:26:23.318,2,-3.128323,1.469879,-2.18362,guided_exp
10:26:23.318,1,-1.831708,1.468904,-2.026808,guided_exp
10:26:23.401,2,-3.127703,1.474252,-2.183432,guided_exp
10:26:23.401,1,-1.790757,1.468532,-1.996822,guided_exp
10:26:23.534,2,-3.127282,1.478426,-2.183781,guided_exp
10:26:23.534,1,-1.732725,1.47049,-1.97308,guided_exp
10:26:23.684,2,-3.126802,1.47124,-2.183879,guided_exp
10:26:23.684,1,-1.682621,1.469408,-1.960634,guided_exp
10:26:23.768,2,-3.126677,1.457046,-2.183925,guided_exp
10:26:23.768,1,-1.619635,1.471062,-1.945973,guided_exp
10:26:23.868,2,-3.126335,1.451029,-2.18375,guided_exp
10:26:23.868,1,-1.524348,1.47257,-1.944587,guided_exp
10:26:23.952,2,-3.126093,1.450477,-2.184244,guided_exp
10:26:23.952,1,-1.472972,1.475071,-1.950088,guided_exp
10:26:24.034,2,-3.125806,1.46352,-2.184273,guided_exp
10:26:24.034,1,-1.414034,1.483823,-1.95047,guided_exp
10:26:24.118,2,-3.125798,1.48293,-2.184141,guided_exp
10:26:24.118,1,-1.370061,1.474647,-1.948157,guided_exp
10:26:24.218,2,-3.124868,1.494426,-2.183709,guided_exp
10:26:24.219,1,-1.330403,1.21014,-1.941102,guided_exp
10:26:24.319,2,-3.125998,1.502367,-2.184655,guided_exp
10:26:24.319,1,-1.308589,0.170461,-1.939154,guided_exp
10:26:24.420,2,-3.125189,1.511138,-2.183946,guided_exp
10:26:24.420,1,-1.243762,0.37811,-1.895285,guided_exp
10:26:24.518,2,-3.126346,1.509504,-2.18413,guided_exp
10:26:24.519,1,-1.2327,0.381512,-1.889206,guided_exp
10:26:24.618,2,-3.127098,1.507691,-2.184722,guided_exp
10:26:24.618,1,-1.210204,1.274458,-1.856377,guided_exp
10:26:24.718,2,-3.125724,1.497171,-2.184223,guided_exp
10:26:24.718,1,-1.186039,1.448646,-1.812866,guided_exp
10:26:24.801,2,-3.126639,1.504022,-2.184785,guided_exp
10:26:24.801,1,-1.171493,1.490706,-1.780188,guided_exp
10:26:24.885,2,-3.126325,1.501147,-2.184357,guided_exp
10:26:24.885,1,-1.142974,1.467402,-1.721882,guided_exp
10:26:24.968,2,-3.126908,1.503323,-2.183822,guided_exp
10:26:24.968,1,-1.123521,1.473047,-1.681369,guided_exp
10:26:25.051,2,-3.125666,1.485096,-2.183302,guided_exp
10:26:25.052,1,-1.119916,1.466774,-1.67234,guided_exp
10:26:25.152,2,-3.126403,1.487839,-2.184205,guided_exp
10:26:25.152,1,-1.09351,1.467157,-1.647666,guided_exp
10:26:25.252,2,-3.127512,1.481997,-2.184542,guided_exp
10:26:25.252,1,-1.064374,1.468457,-1.601434,guided_exp
10:26:25.352,2,-3.12748,1.480549,-2.185006,guided_exp
10:26:25.352,1,-1.047582,1.468359,-1.585782,guided_exp
10:26:25.453,2,-3.126375,1.48562,-2.1849,guided_exp
10:26:25.454,1,-1.013579,1.468128,-1.568986,guided_exp
10:26:25.552,2,-3.126946,1.488954,-2.184071,guided_exp
10:26:25.552,1,-0.978503,1.467846,-1.559606,guided_exp
10:26:25.634,2,-3.126746,1.491164,-2.18311,guided_exp
10:26:25.634,1,-0.915299,1.468398,-1.55107,guided_exp
10:26:25.719,2,-3.127099,1.490817,-2.182109,guided_exp
10:26:25.719,1,-0.889788,1.468747,-1.543462,guided_exp
10:26:25.818,2,-3.127129,1.491176,-2.181108,guided_exp
10:26:25.819,1,-0.864723,1.469834,-1.543135,guided_exp
10:26:25.901,2,-3.127688,1.492932,-2.178578,guided_exp
10:26:25.901,1,-0.83738,1.467822,-1.544609,guided_exp
10:26:25.985,2,-3.128526,1.492426,-2.178041,guided_exp
10:26:25.985,1,-0.826851,1.468187,-1.542648,guided_exp
10:26:26.068,2,-3.12957,1.492397,-2.177686,guided_exp
10:26:26.068,1,-0.803804,1.469007,-1.540502,guided_exp
10:26:26.201,2,-3.130507,1.491868,-2.176658,guided_exp
10:26:26.201,1,-0.790856,1.469059,-1.538983,guided_exp
10:26:26.285,2,-3.130091,1.491649,-2.174045,guided_exp
10:26:26.286,1,-0.78299,1.469271,-1.541963,guided_exp
10:26:26.368,2,-3.130572,1.491679,-2.172003,guided_exp
10:26:26.368,1,-0.779174,1.468349,-1.539105,guided_exp
10:26:26.518,2,-3.129365,1.491766,-2.166551,guided_exp
10:26:26.518,1,-0.777406,1.467795,-1.537146,guided_exp
10:26:26.618,2,-3.128058,1.491581,-2.164596,guided_exp
10:26:26.619,1,-0.774635,1.467813,-1.537158,guided_exp
10:26:26.718,2,-3.12658,1.491424,-2.162877,guided_exp
10:26:26.718,1,-0.775372,1.467365,-1.536391,guided_exp
10:26:26.820,2,-3.124395,1.491282,-2.161247,guided_exp
10:26:26.820,1,-0.776714,1.467814,-1.535138,guided_exp
10:26:26.901,2,-3.124135,1.491119,-2.162225,guided_exp
10:26:26.901,1,-0.777837,1.466141,-1.533113,guided_exp
10:26:26.985,2,-3.123078,1.491223,-2.1614,guided_exp
10:26:26.985,1,-0.77753,1.466636,-1.532668,guided_exp
10:26:27.068,2,-3.123727,1.491213,-2.162449,guided_exp
10:26:27.068,1,-0.77939,1.46692,-1.532062,guided_exp
10:26:27.151,2,-3.123987,1.491459,-2.163539,guided_exp
10:26:27.152,1,-0.78044,1.468177,-1.530967,guided_exp
10:26:27.252,2,-3.123068,1.491012,-2.163265,guided_exp
10:26:27.252,1,-0.782026,1.467895,-1.528981,guided_exp
10:26:27.352,2,-3.123674,1.491192,-2.164307,guided_exp
10:26:27.352,1,-0.783959,1.467249,-1.527222,guided_exp
10:26:27.451,2,-3.124649,1.491036,-2.166643,guided_exp
10:26:27.451,1,-0.784929,1.467712,-1.524231,guided_exp
10:26:27.552,2,-3.124375,1.491054,-2.168243,guided_exp
10:26:27.552,1,-0.785292,1.466515,-1.523826,guided_exp
10:26:27.652,2,-3.123977,1.491133,-2.16951,guided_exp
10:26:27.652,1,-0.78629,1.466108,-1.524329,guided_exp
10:26:27.752,2,-3.123501,1.490914,-2.169728,guided_exp
10:26:27.752,1,-0.786219,1.46683,-1.524393,guided_exp
10:26:27.852,2,-3.122066,1.49096,-2.170655,guided_exp
10:26:27.853,1,-0.785868,1.46663,-1.524443,guided_exp
10:26:27.934,2,-3.120507,1.491163,-2.171969,guided_exp
10:26:27.934,1,-0.785644,1.466671,-1.52476,guided_exp
10:26:28.018,2,-3.120905,1.491386,-2.172986,guided_exp
10:26:28.018,1,-0.78385,1.466097,-1.527225,guided_exp
10:26:28.118,2,-3.120248,1.491257,-2.173686,guided_exp
10:26:28.119,1,-0.781762,1.466599,-1.528388,guided_exp
10:26:28.218,2,-3.119489,1.491083,-2.174964,guided_exp
10:26:28.219,1,-0.780773,1.464736,-1.52942,guided_exp
10:26:28.318,2,-3.119263,1.491517,-2.176573,guided_exp
10:26:28.319,1,-0.780979,1.465573,-1.530311,guided_exp
10:26:28.418,2,-3.119821,1.491431,-2.176851,guided_exp
10:26:28.419,1,-0.781341,1.464142,-1.531445,guided_exp
10:26:28.501,2,-3.119123,1.491295,-2.176853,guided_exp
10:26:28.501,1,-0.781218,1.46593,-1.532314,guided_exp
10:26:28.584,2,-3.115517,1.491292,-2.175201,guided_exp
10:26:28.584,1,-0.778335,1.466637,-1.534904,guided_exp
10:26:28.752,2,-3.114389,1.491227,-2.174869,guided_exp
10:26:28.753,1,-0.780828,1.466304,-1.535992,guided_exp
10:26:28.834,2,-3.112844,1.490933,-2.173935,guided_exp
10:26:28.834,1,-0.782248,1.465474,-1.536507,guided_exp
10:26:28.968,2,-3.111948,1.491821,-2.172628,guided_exp
10:26:28.968,1,-0.783145,1.465361,-1.53703,guided_exp
10:26:29.052,2,-3.109643,1.491822,-2.171521,guided_exp
10:26:29.052,1,-0.783858,1.464093,-1.537372,guided_exp
10:26:29.152,2,-3.107727,1.491914,-2.170465,guided_exp
10:26:29.152,1,-0.784901,1.464338,-1.53808,guided_exp
10:26:29.252,2,-3.105877,1.491862,-2.168501,guided_exp
10:26:29.252,1,-0.786198,1.464045,-1.538232,guided_exp
10:26:29.352,2,-3.104762,1.490977,-2.167479,guided_exp
10:26:29.352,1,-0.787356,1.463425,-1.539293,guided_exp
10:26:29.434,2,-3.105005,1.488805,-2.167215,guided_exp
10:26:29.435,1,-0.788843,1.463963,-1.540673,guided_exp
10:26:29.518,2,-3.107021,1.485944,-2.167728,guided_exp
10:26:29.518,1,-0.78917,1.463247,-1.540887,guided_exp
10:26:29.601,2,-3.111356,1.482893,-2.168687,guided_exp
10:26:29.601,1,-0.789853,1.463678,-1.541448,guided_exp
10:26:29.684,2,-3.113292,1.4816,-2.169051,guided_exp
10:26:29.684,1,-0.791658,1.463051,-1.542139,guided_exp
10:26:29.768,2,-3.114348,1.478324,-2.169379,guided_exp
10:26:29.768,1,-0.792959,1.462859,-1.542737,guided_exp
10:26:29.869,2,-3.112735,1.47835,-2.168027,guided_exp
10:26:29.869,1,-0.793811,1.462283,-1.543731,guided_exp
10:26:29.969,2,-3.114327,1.480007,-2.16829,guided_exp
10:26:29.969,1,-0.794829,1.463947,-1.544492,guided_exp
10:26:30.069,2,-3.115279,1.480705,-2.168322,guided_exp
10:26:30.069,1,-0.796577,1.462525,-1.546598,guided_exp
10:26:30.151,2,-3.115985,1.481923,-2.16846,guided_exp
10:26:30.151,1,-0.797207,1.462715,-1.54723,guided_exp
10:26:30.235,2,-3.116548,1.481743,-2.168342,guided_exp
10:26:30.236,1,-0.797928,1.462324,-1.547872,guided_exp
10:26:30.335,2,-3.115364,1.479784,-2.167216,guided_exp
10:26:30.335,1,-0.799853,1.462795,-1.552151,guided_exp
10:26:30.418,2,-3.114132,1.479802,-2.165917,guided_exp
10:26:30.418,1,-0.801171,1.463176,-1.552711,guided_exp
10:26:30.502,2,-3.112939,1.479994,-2.164339,guided_exp
10:26:30.502,1,-0.802017,1.463344,-1.552674,guided_exp
10:26:30.584,2,-3.115342,1.477754,-2.165352,guided_exp
10:26:30.585,1,-0.807173,1.463259,-1.553357,guided_exp
10:26:30.669,2,-3.115748,1.476488,-2.165887,guided_exp
10:26:30.669,1,-0.807342,1.463283,-1.553425,guided_exp
10:26:30.751,2,-3.116583,1.47619,-2.165723,guided_exp
10:26:30.751,1,-0.807684,1.464054,-1.553313,guided_exp
10:26:30.836,2,-3.117234,1.474674,-2.165912,guided_exp
10:26:30.836,1,-0.807807,1.464781,-1.553197,guided_exp
10:26:30.918,2,-3.118023,1.473188,-2.166024,guided_exp
10:26:30.918,1,-0.807902,1.464704,-1.552476,guided_exp
10:26:31.002,2,-3.118734,1.473389,-2.165614,guided_exp
10:26:31.002,1,-0.807961,1.464975,-1.551569,guided_exp
10:26:31.084,2,-3.119731,1.475742,-2.16476,guided_exp
10:26:31.084,1,-0.808545,1.464722,-1.549704,guided_exp
10:26:31.185,2,-3.116179,1.474547,-2.15709,guided_exp
10:26:31.186,1,-0.808945,1.465883,-1.548537,guided_exp
10:26:31.268,2,-3.115188,1.47326,-2.156339,guided_exp
10:26:31.268,1,-0.809389,1.467717,-1.546629,guided_exp
10:26:31.352,2,-3.113657,1.475489,-2.15483,guided_exp
10:26:31.353,1,-0.809716,1.468892,-1.546375,guided_exp
10:26:31.434,2,-3.103801,1.473241,-2.145718,guided_exp
10:26:31.434,1,-0.811368,1.469161,-1.543853,guided_exp
10:26:31.568,2,-3.09937,1.474632,-2.140625,guided_exp
10:26:31.568,1,-0.814809,1.469944,-1.542968,guided_exp
10:26:31.651,2,-3.09746,1.472382,-2.140355,guided_exp
10:26:31.651,1,-0.816702,1.470054,-1.541851,guided_exp
10:26:31.734,2,-3.096088,1.474159,-2.137907,guided_exp
10:26:31.735,1,-0.817718,1.470322,-1.541272,guided_exp
10:26:31.818,2,-3.098708,1.475049,-2.140724,guided_exp
10:26:31.818,1,-0.822169,1.470761,-1.543617,guided_exp
10:26:31.901,2,-3.102072,1.471536,-2.139882,guided_exp
10:26:31.901,1,-0.835341,1.470701,-1.553497,guided_exp
10:26:32.034,2,-3.101647,1.471636,-2.133062,guided_exp
10:26:32.034,1,-0.83349,1.470292,-1.553035,guided_exp
10:26:32.168,2,-3.104557,1.47209,-2.131708,guided_exp
10:26:32.168,1,-0.835895,1.470741,-1.557158,guided_exp
10:26:32.252,2,-3.105869,1.472372,-2.128093,guided_exp
10:26:32.252,1,-0.836677,1.470861,-1.557388,guided_exp
10:26:32.334,2,-3.108284,1.472461,-2.123826,guided_exp
10:26:32.335,1,-0.838717,1.472002,-1.558051,guided_exp
10:26:32.434,2,-3.108162,1.474518,-2.120864,guided_exp
10:26:32.435,1,-0.835822,1.474573,-1.556653,guided_exp
10:26:32.518,2,-3.106968,1.474925,-2.118373,guided_exp
10:26:32.518,1,-0.835046,1.474402,-1.554973,guided_exp
10:26:32.601,2,-3.098188,1.475203,-2.111475,guided_exp
10:26:32.601,1,-0.835455,1.475885,-1.55606,guided_exp
10:26:32.684,2,-3.070394,1.474785,-2.099113,guided_exp
10:26:32.684,1,-0.836913,1.473996,-1.556115,guided_exp
10:26:32.852,2,-2.99754,1.4746,-2.092777,guided_exp
10:26:32.853,1,-0.838001,1.472776,-1.558979,guided_exp
10:26:32.934,2,-2.951637,1.475086,-2.092061,guided_exp
10:26:32.935,1,-0.836757,1.473521,-1.557705,guided_exp
10:26:33.018,2,-2.887672,1.47437,-2.097895,guided_exp
10:26:33.018,1,-0.835181,1.474682,-1.557489,guided_exp
10:26:33.101,2,-2.806079,1.470241,-2.101483,guided_exp
10:26:33.101,1,-0.833453,1.47666,-1.555588,guided_exp
10:26:33.184,2,-2.767322,1.472562,-2.106174,guided_exp
10:26:33.185,1,-0.826989,1.476645,-1.550791,guided_exp
10:26:33.268,2,-2.710446,1.473355,-2.107875,guided_exp
10:26:33.268,1,-0.83466,1.472575,-1.554519,guided_exp
10:26:33.351,2,-2.642132,1.477511,-2.101647,guided_exp
10:26:33.351,1,-0.836179,1.47222,-1.556346,guided_exp
10:26:33.434,2,-2.627652,1.477966,-2.100703,guided_exp
10:26:33.435,1,-0.837194,1.477548,-1.557568,guided_exp
10:26:33.518,2,-2.536791,1.473679,-2.078115,guided_exp
10:26:33.518,1,-0.837212,1.48168,-1.55745,guided_exp
10:26:33.601,2,-2.495204,1.472738,-2.070016,guided_exp
10:26:33.601,1,-0.828549,1.484807,-1.550252,guided_exp
10:26:33.703,2,-2.427484,1.471855,-2.051391,guided_exp
10:26:33.703,1,-0.824744,1.490762,-1.548176,guided_exp
10:26:33.784,2,-2.34494,1.473016,-2.019439,guided_exp
10:26:33.785,1,-0.823106,1.482745,-1.546836,guided_exp
10:26:33.868,2,-2.29002,1.471971,-2.001379,guided_exp
10:26:33.868,1,-0.829141,1.488921,-1.552391,guided_exp
10:26:34.019,2,-2.171112,1.473063,-1.963305,guided_exp
10:26:34.019,1,-0.831091,1.478451,-1.554856,guided_exp
10:26:34.101,2,-2.116806,1.474111,-1.936881,guided_exp
10:26:34.101,1,-0.831075,1.47111,-1.55475,guided_exp
10:26:34.185,2,-2.039461,1.484959,-1.941451,guided_exp
10:26:34.185,1,-0.832675,1.481427,-1.555334,guided_exp
10:26:34.285,2,-1.969052,1.484236,-1.939932,guided_exp
10:26:34.286,1,-0.830935,1.490886,-1.554656,guided_exp
10:26:34.385,2,-1.884229,1.480779,-1.944773,guided_exp
10:26:34.386,1,-0.830933,1.494946,-1.554898,guided_exp
10:26:34.468,2,-1.796418,1.476723,-1.963593,guided_exp
10:26:34.468,1,-0.832851,1.495218,-1.556403,guided_exp
10:26:34.551,2,-1.748007,1.469428,-1.978074,guided_exp
10:26:34.551,1,-0.83284,1.498026,-1.556833,guided_exp
10:26:34.635,2,-1.707063,1.465641,-1.990371,guided_exp
10:26:34.636,1,-0.829415,1.49342,-1.554768,guided_exp
10:26:34.718,2,-1.654073,1.464062,-2.00664,guided_exp
10:26:34.718,1,-0.825752,1.493082,-1.550693,guided_exp
10:26:34.868,2,-1.600123,1.469546,-2.027887,guided_exp
10:26:34.869,1,-0.826835,1.486297,-1.560085,guided_exp
10:26:34.985,2,-1.566655,1.468352,-2.036153,guided_exp
10:26:34.985,1,-0.826607,1.491618,-1.562674,guided_exp
10:26:35.069,2,-1.551956,1.473543,-2.038675,guided_exp
10:26:35.069,1,-0.828408,1.492842,-1.56367,guided_exp
10:26:35.152,2,-1.542425,1.474668,-2.040219,guided_exp
10:26:35.152,1,-0.825831,1.499569,-1.560994,guided_exp
10:26:35.234,2,-1.539831,1.476813,-2.040128,guided_exp
10:26:35.235,1,-0.825625,1.502884,-1.560148,guided_exp
10:26:35.319,2,-1.533557,1.47705,-2.041011,guided_exp
10:26:35.319,1,-0.827117,1.503035,-1.561534,guided_exp
10:26:35.401,2,-1.526252,1.476724,-2.041688,guided_exp
10:26:35.401,1,-0.828471,1.505437,-1.564675,guided_exp
10:26:35.485,2,-1.52388,1.476116,-2.041835,guided_exp
10:26:35.486,1,-0.82243,1.507347,-1.56093,guided_exp
10:26:35.569,2,-1.520023,1.475451,-2.042706,guided_exp
10:26:35.569,1,-0.823889,1.506512,-1.564183,guided_exp
10:26:35.652,2,-1.518808,1.47336,-2.042998,guided_exp
10:26:35.653,1,-0.824018,1.507239,-1.565187,guided_exp
10:26:35.735,2,-1.518354,1.474487,-2.044035,guided_exp
10:26:35.735,1,-0.824915,1.508027,-1.567555,guided_exp
10:26:35.818,2,-1.517321,1.478655,-2.044441,guided_exp
10:26:35.819,1,-0.824883,1.508937,-1.567762,guided_exp
10:26:35.901,2,-1.516594,1.478873,-2.044971,guided_exp
10:26:35.902,1,-0.82444,1.511228,-1.567795,guided_exp
10:26:35.985,2,-1.516287,1.479355,-2.045644,guided_exp
10:26:35.986,1,-0.824731,1.510922,-1.567937,guided_exp
10:26:36.068,2,-1.515447,1.479995,-2.046155,guided_exp
10:26:36.068,1,-0.822487,1.50905,-1.565526,guided_exp
10:26:36.152,2,-1.515076,1.480626,-2.046826,guided_exp
10:26:36.152,1,-0.823259,1.507221,-1.565184,guided_exp
10:26:36.235,2,-1.514665,1.479332,-2.048955,guided_exp
10:26:36.235,1,-0.822355,1.507801,-1.563896,guided_exp
10:26:36.318,2,-1.514565,1.476444,-2.049455,guided_exp
10:26:36.318,1,-0.821843,1.508543,-1.563433,guided_exp
10:26:36.402,2,-1.51452,1.476216,-2.050676,guided_exp
10:26:36.402,1,-0.821791,1.508677,-1.562986,guided_exp
10:26:36.485,2,-1.514626,1.476488,-2.05115,guided_exp
10:26:36.485,1,-0.821862,1.508173,-1.562391,guided_exp
10:26:36.568,2,-1.514838,1.477585,-2.051517,guided_exp
10:26:36.568,1,-0.82207,1.508986,-1.562236,guided_exp
10:26:36.652,2,-1.515388,1.479101,-2.051751,guided_exp
10:26:36.652,1,-0.822404,1.509063,-1.56217,guided_exp
10:26:36.735,2,-1.514539,1.480559,-2.053046,guided_exp
10:26:36.735,1,-0.822945,1.508456,-1.562317,guided_exp
10:26:36.819,2,-1.514069,1.481114,-2.051877,guided_exp
10:26:36.819,1,-0.824095,1.507047,-1.562926,guided_exp
10:26:36.901,2,-1.514541,1.479509,-2.048964,guided_exp
10:26:36.902,1,-0.824651,1.505,-1.563086,guided_exp
10:26:36.985,2,-1.516719,1.483079,-2.049573,guided_exp
10:26:36.986,1,-0.826572,1.504896,-1.563581,guided_exp
10:26:37.068,2,-1.535596,1.487228,-2.052435,guided_exp
10:26:37.068,1,-0.828119,1.504782,-1.564557,guided_exp
10:26:37.201,2,-1.578021,1.488054,-2.064421,guided_exp
10:26:37.201,1,-0.833283,1.503745,-1.563849,guided_exp
10:26:37.335,2,-1.638151,1.489202,-2.082323,guided_exp
10:26:37.335,1,-0.838991,1.502819,-1.563275,guided_exp
10:26:37.419,2,-1.66845,1.490043,-2.092301,guided_exp
10:26:37.419,1,-0.840333,1.500466,-1.563327,guided_exp
10:26:37.519,2,-1.721291,1.491133,-2.105824,guided_exp
10:26:37.519,1,-0.842193,1.499666,-1.56291,guided_exp
10:26:37.602,2,-1.764423,1.492632,-2.11865,guided_exp
10:26:37.602,1,-0.843683,1.499842,-1.562956,guided_exp
10:26:37.685,2,-1.797302,1.493223,-2.126056,guided_exp
10:26:37.686,1,-0.847556,1.500282,-1.563904,guided_exp
10:26:37.768,2,-1.840916,1.493993,-2.139953,guided_exp
10:26:37.768,1,-0.850871,1.499996,-1.56563,guided_exp
10:26:37.852,2,-1.858895,1.494296,-2.145436,guided_exp
10:26:37.852,1,-0.852295,1.500126,-1.565552,guided_exp
10:26:37.935,2,-1.885234,1.494364,-2.153217,guided_exp
10:26:37.935,1,-0.856163,1.500349,-1.565033,guided_exp
10:26:38.018,2,-1.899436,1.495105,-2.158451,guided_exp
10:26:38.019,1,-0.861188,1.501426,-1.565346,guided_exp
10:26:38.102,2,-1.910383,1.495231,-2.163216,guided_exp
10:26:38.102,1,-0.867772,1.503065,-1.566038,guided_exp
10:26:38.185,2,-1.915171,1.495523,-2.166385,guided_exp
10:26:38.185,1,-0.874218,1.503074,-1.565469,guided_exp
10:26:38.269,2,-1.917426,1.496238,-2.169357,guided_exp
10:26:38.269,1,-0.882057,1.502644,-1.565981,guided_exp
10:26:38.352,2,-1.917704,1.496453,-2.170158,guided_exp
10:26:38.352,1,-0.894814,1.502107,-1.567941,guided_exp
10:26:38.435,2,-1.917594,1.496783,-2.172994,guided_exp
10:26:38.435,1,-0.904266,1.502102,-1.569731,guided_exp
10:26:38.518,2,-1.916871,1.496858,-2.174985,guided_exp
10:26:38.518,1,-0.91058,1.503415,-1.570766,guided_exp
10:26:38.601,2,-1.915717,1.497715,-2.177325,guided_exp
10:26:38.602,1,-0.931183,1.503818,-1.570072,guided_exp
10:26:38.685,2,-1.914669,1.498126,-2.17916,guided_exp
10:26:38.685,1,-0.943849,1.504662,-1.571284,guided_exp
10:26:38.768,2,-1.912478,1.498802,-2.182319,guided_exp
10:26:38.768,1,-0.957579,1.504873,-1.573191,guided_exp
10:26:38.852,2,-1.910395,1.499255,-2.184848,guided_exp
10:26:38.852,1,-0.964165,1.505157,-1.575427,guided_exp
10:26:38.935,2,-1.909133,1.498914,-2.186598,guided_exp
10:26:38.935,1,-0.975731,1.506609,-1.576071,guided_exp
10:26:39.018,2,-1.908248,1.498835,-2.187279,guided_exp
10:26:39.018,1,-0.984248,1.507714,-1.577225,guided_exp
10:26:39.102,2,-1.906742,1.498654,-2.187994,guided_exp
10:26:39.102,1,-0.997681,1.508611,-1.581274,guided_exp
10:26:39.185,2,-1.905437,1.498609,-2.18805,guided_exp
10:26:39.185,1,-0.998341,1.509002,-1.581342,guided_exp
10:26:39.268,2,-1.903477,1.49868,-2.188138,guided_exp
10:26:39.269,1,-1.00442,1.509884,-1.583852,guided_exp
10:26:39.352,2,-1.902679,1.498887,-2.186951,guided_exp
10:26:39.352,1,-1.013185,1.510715,-1.585925,guided_exp
10:26:39.435,2,-1.903635,1.499444,-2.182734,guided_exp
10:26:39.436,1,-1.029159,1.510412,-1.590498,guided_exp
10:26:39.518,2,-1.912657,1.499604,-2.178452,guided_exp
10:26:39.518,1,-1.031241,1.509833,-1.59169,guided_exp
10:26:39.602,2,-1.932939,1.499709,-2.169365,guided_exp
10:26:39.602,1,-1.040343,1.510694,-1.595403,guided_exp
10:26:39.685,2,-1.984258,1.499838,-2.1554,guided_exp
10:26:39.685,1,-1.04361,1.510647,-1.599094,guided_exp
10:26:39.769,2,-2.029759,1.500332,-2.14677,guided_exp
10:26:39.769,1,-1.045917,1.509573,-1.603016,guided_exp
10:26:39.852,2,-2.110716,1.499596,-2.135516,guided_exp
10:26:39.852,1,-1.050671,1.507973,-1.608016,guided_exp
10:26:39.935,2,-2.216463,1.49882,-2.124127,guided_exp
10:26:39.936,1,-1.053671,1.50533,-1.609972,guided_exp
10:26:40.018,2,-2.287388,1.499668,-2.119037,guided_exp
10:26:40.018,1,-1.057259,1.501333,-1.612162,guided_exp
10:26:40.101,2,-2.395237,1.499009,-2.106916,guided_exp
10:26:40.102,1,-1.062392,1.500496,-1.615337,guided_exp
10:26:40.185,2,-2.449749,1.498952,-2.099901,guided_exp
10:26:40.185,1,-1.062852,1.50015,-1.616161,guided_exp
10:26:40.268,2,-2.55978,1.498746,-2.08178,guided_exp
10:26:40.268,1,-1.06622,1.500518,-1.617544,guided_exp
10:26:40.352,2,-2.621255,1.498743,-2.068277,guided_exp
10:26:40.353,1,-1.066511,1.501987,-1.618746,guided_exp
10:26:40.435,2,-2.709726,1.498636,-2.041683,guided_exp
10:26:40.435,1,-1.067497,1.503598,-1.618939,guided_exp
10:26:40.519,2,-2.790868,1.498497,-2.018746,guided_exp
10:26:40.519,1,-1.06837,1.506068,-1.619827,guided_exp
10:26:40.601,2,-2.887444,1.498628,-1.975016,guided_exp
10:26:40.602,1,-1.069972,1.501638,-1.621917,guided_exp
10:26:40.686,2,-2.953943,1.498391,-1.933768,guided_exp
10:26:40.686,1,-1.071727,1.498929,-1.623702,guided_exp
10:26:40.768,2,-3.068502,1.498364,-1.889802,guided_exp
10:26:40.768,1,-1.073191,1.496496,-1.623894,guided_exp
10:26:40.852,2,-3.131772,1.497696,-1.856965,guided_exp
10:26:40.853,1,-1.067686,1.49893,-1.628245,guided_exp
10:26:40.935,2,-3.224824,1.497994,-1.822973,guided_exp
10:26:40.935,1,-1.060373,1.489491,-1.635893,guided_exp
10:26:41.019,2,-3.302014,1.497863,-1.797402,guided_exp
10:26:41.019,1,-1.05323,1.48824,-1.642627,guided_exp
10:26:41.102,2,-3.408789,1.498158,-1.77025,guided_exp
10:26:41.102,1,-1.04044,1.495296,-1.652595,guided_exp
10:26:41.185,2,-3.499727,1.498431,-1.745801,guided_exp
10:26:41.186,1,-1.02554,1.491947,-1.660014,guided_exp
10:26:41.268,2,-3.641096,1.497362,-1.714993,guided_exp
10:26:41.268,1,-1.014322,1.49161,-1.669591,guided_exp
10:26:41.352,2,-3.721385,1.497201,-1.691081,guided_exp
10:26:41.352,1,-1.014054,1.481881,-1.673405,guided_exp
10:26:41.435,2,-3.814901,1.4972,-1.658681,guided_exp
10:26:41.435,1,-1.002206,1.478896,-1.685264,guided_exp
10:26:41.518,2,-3.877687,1.496191,-1.635291,guided_exp
10:26:41.518,1,-0.997178,1.466589,-1.697586,guided_exp
10:26:41.602,2,-3.970712,1.495786,-1.592188,guided_exp
10:26:41.602,1,-0.994103,1.467202,-1.70839,guided_exp
10:26:41.685,2,-4.023537,1.495925,-1.566831,guided_exp
10:26:41.685,1,-0.997862,1.4731,-1.719852,guided_exp
10:26:41.769,2,-4.075988,1.495468,-1.534006,guided_exp
10:26:41.769,1,-1.00308,1.472147,-1.722196,guided_exp
10:26:41.851,2,-4.1703,1.495685,-1.473143,guided_exp
10:26:41.851,1,-1.023475,1.472006,-1.734266,guided_exp
10:26:41.935,2,-4.255837,1.495965,-1.413399,guided_exp
10:26:41.935,1,-1.050423,1.465049,-1.745826,guided_exp
10:26:42.035,2,-4.294892,1.495456,-1.384638,guided_exp
10:26:42.036,1,-1.075869,1.479119,-1.75567,guided_exp
10:26:42.118,2,-4.369973,1.494427,-1.337109,guided_exp
10:26:42.118,1,-1.139234,1.470189,-1.776994,guided_exp
10:26:42.201,2,-4.441975,1.494435,-1.296618,guided_exp
10:26:42.202,1,-1.204172,1.463545,-1.79725,guided_exp
10:26:42.285,2,-4.484254,1.494753,-1.272561,guided_exp
10:26:42.285,1,-1.252425,1.455548,-1.815171,guided_exp
10:26:42.368,2,-4.541474,1.493914,-1.237866,guided_exp
10:26:42.368,1,-1.320294,1.448329,-1.839529,guided_exp
10:26:42.451,2,-4.574207,1.493102,-1.219777,guided_exp
10:26:42.452,1,-1.357432,1.448363,-1.848247,guided_exp
10:26:42.535,2,-4.656527,1.493645,-1.191529,guided_exp
10:26:42.535,1,-1.41153,1.446212,-1.865396,guided_exp
10:26:42.618,2,-4.684199,1.493338,-1.174833,guided_exp
10:26:42.618,1,-1.433532,1.443362,-1.867904,guided_exp
10:26:42.702,2,-4.714737,1.493018,-1.150757,guided_exp
10:26:42.702,1,-1.480006,1.4501,-1.868587,guided_exp
10:26:42.785,2,-4.732386,1.49262,-1.147313,guided_exp
10:26:42.785,1,-1.508075,1.466796,-1.865262,guided_exp
10:26:42.869,2,-4.776431,1.49392,-1.109893,guided_exp
10:26:42.869,1,-1.552072,1.463715,-1.856854,guided_exp
10:26:42.952,2,-4.80062,1.494205,-1.102429,guided_exp
10:26:42.952,1,-1.596365,1.46563,-1.83618,guided_exp
10:26:43.035,2,-4.836796,1.494905,-1.071419,guided_exp
10:26:43.035,1,-1.65443,1.462874,-1.802772,guided_exp
10:26:43.119,2,-4.796783,1.495339,-1.071447,guided_exp
10:26:43.119,1,-1.690114,1.460185,-1.753176,guided_exp
10:26:43.218,2,-4.816584,1.495487,-1.105476,guided_exp
10:26:43.219,1,-1.755358,1.460304,-1.715697,guided_exp
10:26:43.302,2,-4.813838,1.496794,-1.105581,guided_exp
10:26:43.302,1,-1.833134,1.455201,-1.678782,guided_exp
10:26:43.385,2,-4.790571,1.496578,-1.096271,guided_exp
10:26:43.385,1,-1.870842,1.450706,-1.699005,guided_exp
10:26:43.485,2,-4.815981,1.495585,-1.123572,guided_exp
10:26:43.485,1,-1.929575,1.45067,-1.684778,guided_exp
10:26:43.568,2,-4.820206,1.495572,-1.11828,guided_exp
10:26:43.568,1,-2.006213,1.448472,-1.668135,guided_exp
10:26:43.651,2,-4.828719,1.495471,-1.119202,guided_exp
10:26:43.652,1,-1.995663,1.448735,-1.640902,guided_exp
10:26:43.735,2,-4.839634,1.496133,-1.118204,guided_exp
10:26:43.735,1,-2.03219,1.449308,-1.613105,guided_exp
10:26:43.818,2,-4.827495,1.495397,-1.121451,guided_exp
10:26:43.819,1,-2.087803,1.443818,-1.598105,guided_exp
10:26:43.902,2,-4.825526,1.495632,-1.107918,guided_exp
10:26:43.902,1,-2.163433,1.446061,-1.583139,guided_exp
10:26:43.985,2,-4.833169,1.495476,-1.105982,guided_exp
10:26:43.985,1,-2.207341,1.447494,-1.576207,guided_exp
10:26:44.068,2,-4.851643,1.495845,-1.103311,guided_exp
10:26:44.069,1,-2.30959,1.447947,-1.567561,guided_exp
10:26:44.152,2,-4.849269,1.495584,-1.105414,guided_exp
10:26:44.153,1,-2.378222,1.44851,-1.566753,guided_exp
10:26:44.235,2,-4.837669,1.495989,-1.09605,guided_exp
10:26:44.235,1,-2.446264,1.447963,-1.560277,guided_exp
10:26:44.319,2,-4.840339,1.495901,-1.102685,guided_exp
10:26:44.319,1,-2.509692,1.449771,-1.553931,guided_exp
10:26:44.402,2,-4.839633,1.496026,-1.100515,guided_exp
10:26:44.402,1,-2.572073,1.449307,-1.54362,guided_exp
10:26:44.486,2,-4.843217,1.495923,-1.097038,guided_exp
10:26:44.486,1,-2.640945,1.448975,-1.549679,guided_exp
10:26:44.568,2,-4.841076,1.495433,-1.101902,guided_exp
10:26:44.568,1,-2.712053,1.448193,-1.549457,guided_exp
10:26:44.701,2,-4.835222,1.495708,-1.102665,guided_exp
10:26:44.701,1,-2.823719,1.446162,-1.511721,guided_exp
10:26:44.852,2,-4.838301,1.49601,-1.100006,guided_exp
10:26:44.853,1,-2.940767,1.448764,-1.459076,guided_exp
10:26:44.935,2,-4.835369,1.495655,-1.099032,guided_exp
10:26:44.935,1,-2.976202,1.448911,-1.443021,guided_exp
10:26:45.019,2,-4.828295,1.495014,-1.085562,guided_exp
10:26:45.019,1,-3.021692,1.449617,-1.428316,guided_exp
10:26:45.101,2,-4.802924,1.495133,-1.071547,guided_exp
10:26:45.102,1,-3.117774,1.448371,-1.399736,guided_exp
10:26:45.235,2,-4.803156,1.495735,-0.921989,guided_exp
10:26:45.235,1,-3.140894,1.448328,-1.35966,guided_exp
10:26:45.319,2,-4.809818,1.495301,-0.906268,guided_exp
10:26:45.319,1,-3.175203,1.448225,-1.344807,guided_exp
10:26:45.401,2,-4.768758,1.494752,-0.845467,guided_exp
10:26:45.402,1,-3.242891,1.447436,-1.352035,guided_exp
10:26:45.485,2,-4.749825,1.494791,-0.831159,guided_exp
10:26:45.485,1,-3.325362,1.447188,-1.398805,guided_exp
10:26:45.568,2,-4.73308,1.494391,-0.835496,guided_exp
10:26:45.568,1,-3.397345,1.445042,-1.417352,guided_exp
10:26:45.652,2,-4.703723,1.494212,-0.783499,guided_exp
10:26:45.652,1,-3.436748,1.446552,-1.432556,guided_exp
10:26:45.735,2,-4.692184,1.494162,-0.761484,guided_exp
10:26:45.735,1,-3.496412,1.447284,-1.451442,guided_exp
10:26:45.819,2,-4.669827,1.49391,-0.732612,guided_exp
10:26:45.819,1,-3.522885,1.446489,-1.460269,guided_exp
10:26:45.919,2,-4.670987,1.492513,-0.726677,guided_exp
10:26:45.919,1,-3.557802,1.44246,-1.471761,guided_exp
10:26:46.001,2,-4.670795,1.49233,-0.714246,guided_exp
10:26:46.001,1,-3.587857,1.448337,-1.479549,guided_exp
10:26:46.152,2,-4.676948,1.492773,-0.69611,guided_exp
10:26:46.153,1,-3.611843,1.448961,-1.483815,guided_exp
10:26:46.235,2,-4.676855,1.492017,-0.687931,guided_exp
10:26:46.235,1,-3.624635,1.448616,-1.487863,guided_exp
10:26:46.336,2,-4.675557,1.492101,-0.68433,guided_exp
10:26:46.336,1,-3.630763,1.447511,-1.491614,guided_exp
10:26:46.435,2,-4.675299,1.491986,-0.678541,guided_exp
10:26:46.435,1,-3.638603,1.447565,-1.494223,guided_exp
10:26:46.518,2,-4.677926,1.491528,-0.672025,guided_exp
10:26:46.518,1,-3.641887,1.447958,-1.49523,guided_exp
10:26:46.618,2,-4.68578,1.491118,-0.669048,guided_exp
10:26:46.619,1,-3.646898,1.448101,-1.49837,guided_exp
10:26:46.719,2,-4.691695,1.490088,-0.664361,guided_exp
10:26:46.719,1,-3.650173,1.449088,-1.49862,guided_exp
10:26:46.818,2,-4.701986,1.489617,-0.661983,guided_exp
10:26:46.819,1,-3.65353,1.44898,-1.49973,guided_exp
10:26:46.918,2,-4.705878,1.4922,-0.665624,guided_exp
10:26:46.918,1,-3.656602,1.449034,-1.501041,guided_exp
10:26:47.001,2,-4.706178,1.491549,-0.664269,guided_exp
10:26:47.001,1,-3.65846,1.450024,-1.502246,guided_exp
10:26:47.085,2,-4.70915,1.492001,-0.664854,guided_exp
10:26:47.086,1,-3.660467,1.449772,-1.50312,guided_exp
10:26:47.168,2,-4.724317,1.492223,-0.672772,guided_exp
10:26:47.168,1,-3.662175,1.44986,-1.503163,guided_exp
10:26:47.252,2,-4.726091,1.490696,-0.669092,guided_exp
10:26:47.253,1,-3.663018,1.449008,-1.503694,guided_exp
10:26:47.335,2,-4.729054,1.489803,-0.664355,guided_exp
10:26:47.335,1,-3.665681,1.450817,-1.50361,guided_exp
10:26:47.418,2,-4.705724,1.489616,-0.722919,guided_exp
10:26:47.419,1,-3.667805,1.449896,-1.504315,guided_exp
10:26:47.501,2,-4.728115,1.489403,-0.66152,guided_exp
10:26:47.502,1,-3.669158,1.449463,-1.504756,guided_exp
10:26:47.585,2,-4.728204,1.489459,-0.66155,guided_exp
10:26:47.586,1,-3.669655,1.450433,-1.504987,guided_exp
10:26:47.685,2,-4.730187,1.489439,-0.667853,guided_exp
10:26:47.685,1,-3.66991,1.450286,-1.50593,guided_exp
10:26:47.768,2,-4.731673,1.49004,-0.665574,guided_exp
10:26:47.768,1,-3.670139,1.450291,-1.507294,guided_exp
10:26:47.852,2,-4.738806,1.489899,-0.66879,guided_exp
10:26:47.853,1,-3.66973,1.452201,-1.507664,guided_exp
10:26:47.935,2,-4.744164,1.489849,-0.670886,guided_exp
10:26:47.935,1,-3.66923,1.452115,-1.508055,guided_exp
10:26:48.019,2,-4.745085,1.490106,-0.671269,guided_exp
10:26:48.019,1,-3.669155,1.452554,-1.507627,guided_exp
10:26:48.119,2,-4.74199,1.490138,-0.663635,guided_exp
10:26:48.119,1,-3.669685,1.452449,-1.508326,guided_exp
10:26:48.201,2,-4.745359,1.490095,-0.663955,guided_exp
10:26:48.201,1,-3.669333,1.452384,-1.508234,guided_exp
10:26:48.285,2,-4.745528,1.489473,-0.668175,guided_exp
10:26:48.286,1,-3.668828,1.452248,-1.508056,guided_exp
10:26:48.368,2,-4.747348,1.488832,-0.664545,guided_exp
10:26:48.368,1,-3.668119,1.453187,-1.508148,guided_exp
10:26:48.452,2,-4.761459,1.487408,-0.653946,guided_exp
10:26:48.452,1,-3.667543,1.453061,-1.508163,guided_exp
10:26:48.552,2,-4.768365,1.48677,-0.648217,guided_exp
10:26:48.553,1,-3.667621,1.453567,-1.508955,guided_exp
10:26:48.652,2,-4.768855,1.487098,-0.653873,guided_exp
10:26:48.653,1,-3.666913,1.453265,-1.509786,guided_exp
10:26:48.751,2,-4.773025,1.488602,-0.649022,guided_exp
10:26:48.752,1,-3.666835,1.453986,-1.510397,guided_exp
10:26:48.852,2,-4.772039,1.48848,-0.650477,guided_exp
10:26:48.853,1,-3.666346,1.454132,-1.510681,guided_exp
10:26:48.952,2,-4.771345,1.48894,-0.655569,guided_exp
10:26:48.953,1,-3.666353,1.454586,-1.511365,guided_exp
10:26:49.051,2,-4.776646,1.489328,-0.655291,guided_exp
10:26:49.052,1,-3.665947,1.455178,-1.511594,guided_exp
10:26:49.135,2,-4.778488,1.487789,-0.650027,guided_exp
10:26:49.135,1,-3.665756,1.451216,-1.512257,guided_exp
10:26:49.235,2,-4.774895,1.488398,-0.649728,guided_exp
10:26:49.236,1,-3.665469,1.436378,-1.512466,guided_exp
10:26:49.336,2,-4.772742,1.488391,-0.651506,guided_exp
10:26:49.336,1,-3.665102,1.439175,-1.51264,guided_exp
10:26:49.435,2,-4.776939,1.487187,-0.654531,guided_exp
10:26:49.436,1,-3.663953,1.434651,-1.512237,guided_exp
10:26:49.518,2,-4.776222,1.488163,-0.656826,guided_exp
10:26:49.518,1,-3.663388,1.434032,-1.511434,guided_exp
10:26:49.601,2,-4.77337,1.488724,-0.661741,guided_exp
10:26:49.601,1,-3.662105,1.433616,-1.511846,guided_exp
10:26:49.686,2,-4.778133,1.488237,-0.651405,guided_exp
10:26:49.686,1,-3.661132,1.437957,-1.511306,guided_exp
10:26:49.785,2,-4.778801,1.487386,-0.657812,guided_exp
10:26:49.785,1,-3.660861,1.441552,-1.509324,guided_exp
10:26:49.868,2,-4.777691,1.485851,-0.657709,guided_exp
10:26:49.868,1,-3.660778,1.439418,-1.508785,guided_exp
10:26:49.952,2,-4.775767,1.483008,-0.658836,guided_exp
10:26:49.952,1,-3.659384,1.437767,-1.509101,guided_exp
10:26:50.035,2,-4.775793,1.476993,-0.654701,guided_exp
10:26:50.035,1,-3.659176,1.434049,-1.509757,guided_exp
10:26:50.119,2,-4.77437,1.474784,-0.6547,guided_exp
10:26:50.119,1,-3.659626,1.43464,-1.510339,guided_exp
10:26:50.201,2,-4.774413,1.479527,-0.653326,guided_exp
10:26:50.202,1,-3.661695,1.436839,-1.511659,guided_exp
10:26:50.285,2,-4.774738,1.483028,-0.652653,guided_exp
10:26:50.285,1,-3.66343,1.439112,-1.512034,guided_exp
10:26:50.385,2,-4.77478,1.48363,-0.651315,guided_exp
10:26:50.385,1,-3.665877,1.445934,-1.514764,guided_exp
10:26:50.468,2,-4.773943,1.486382,-0.650214,guided_exp
10:26:50.468,1,-3.667916,1.437267,-1.515323,guided_exp
10:26:50.552,2,-4.77427,1.487523,-0.65018,guided_exp
10:26:50.552,1,-3.669214,1.435128,-1.517682,guided_exp
10:26:50.635,2,-4.775662,1.483713,-0.649452,guided_exp
10:26:50.635,1,-3.671659,1.433444,-1.518629,guided_exp
10:26:50.719,2,-4.774134,1.474813,-0.654043,guided_exp
10:26:50.719,1,-3.672852,1.432683,-1.519187,guided_exp
10:26:50.801,2,-4.775223,1.472202,-0.652722,guided_exp
10:26:50.802,1,-3.674557,1.445426,-1.519245,guided_exp
10:26:50.935,2,-4.778863,1.459535,-0.646286,guided_exp
10:26:50.935,1,-3.676103,1.449521,-1.519265,guided_exp
10:26:51.018,2,-4.77954,1.460326,-0.646899,guided_exp
10:26:51.019,1,-3.676197,1.451902,-1.520081,guided_exp
10:26:51.102,2,-4.780461,1.46141,-0.654412,guided_exp
10:26:51.102,1,-3.676834,1.440795,-1.519871,guided_exp
10:26:51.185,2,-4.779758,1.463156,-0.652151,guided_exp
10:26:51.186,1,-3.677098,1.438079,-1.517426,guided_exp
10:26:51.268,2,-4.785116,1.455235,-0.647205,guided_exp
10:26:51.268,1,-3.677625,1.439984,-1.517528,guided_exp
10:26:51.352,2,-4.768589,1.461676,-0.687585,guided_exp
10:26:51.353,1,-3.677192,1.438058,-1.517417,guided_exp
10:26:51.452,2,-4.782565,1.452326,-0.648767,guided_exp
10:26:51.453,1,-3.674594,1.439835,-1.519239,guided_exp
10:26:51.552,2,-4.783351,1.448713,-0.647283,guided_exp
10:26:51.553,1,-3.672726,1.439349,-1.520821,guided_exp
10:26:51.635,2,-4.782227,1.45221,-0.648252,guided_exp
10:26:51.635,1,-3.665462,1.437343,-1.525414,guided_exp
10:26:51.718,2,-4.7813,1.458918,-0.64814,guided_exp
10:26:51.718,1,-3.658014,1.436669,-1.533875,guided_exp
10:26:51.819,2,-4.7767,1.47757,-0.651665,guided_exp
10:26:51.819,1,-3.6497,1.440969,-1.544262,guided_exp
10:26:51.919,2,-4.775185,1.484635,-0.653301,guided_exp
10:26:51.919,1,-3.629518,1.446913,-1.562098,guided_exp
10:26:52.018,2,-4.774583,1.474154,-0.656112,guided_exp
10:26:52.018,1,-3.614427,1.440702,-1.581555,guided_exp
10:26:52.119,2,-4.774774,1.473302,-0.653532,guided_exp
10:26:52.119,1,-3.591025,1.439856,-1.608156,guided_exp
10:26:52.218,2,-4.749787,1.471544,-0.711233,guided_exp
10:26:52.219,1,-3.567645,1.438284,-1.632712,guided_exp
10:26:52.318,2,-4.777743,1.469401,-0.649322,guided_exp
10:26:52.318,1,-3.550033,1.442387,-1.655467,guided_exp
10:26:52.419,2,-4.781203,1.467786,-0.653759,guided_exp
10:26:52.419,1,-3.542914,1.44305,-1.673049,guided_exp
10:26:52.518,2,-4.78084,1.46593,-0.652828,guided_exp
10:26:52.518,1,-3.536545,1.440641,-1.68169,guided_exp
10:26:52.601,2,-4.778646,1.464472,-0.654015,guided_exp
10:26:52.602,1,-3.530195,1.437237,-1.696239,guided_exp
10:26:52.685,2,-4.776685,1.464075,-0.658908,guided_exp
10:26:52.685,1,-3.529125,1.444144,-1.700424,guided_exp
10:26:52.785,2,-4.774201,1.466098,-0.656212,guided_exp
10:26:52.785,1,-3.531389,1.441682,-1.713112,guided_exp
10:26:52.868,2,-4.77609,1.467576,-0.656855,guided_exp
10:26:52.868,1,-3.5323,1.441592,-1.725105,guided_exp
10:26:52.952,2,-4.772418,1.466693,-0.653778,guided_exp
10:26:52.952,1,-3.534119,1.441163,-1.733978,guided_exp
10:26:53.052,2,-4.765793,1.467531,-0.655807,guided_exp
10:26:53.053,1,-3.540683,1.440983,-1.741271,guided_exp
10:26:53.135,2,-4.768705,1.467731,-0.64261,guided_exp
10:26:53.135,1,-3.546633,1.441672,-1.746996,guided_exp
10:26:53.218,2,-4.760338,1.46729,-0.655625,guided_exp
10:26:53.218,1,-3.551714,1.44166,-1.751217,guided_exp
10:26:53.319,2,-4.756834,1.46741,-0.660557,guided_exp
10:26:53.319,1,-3.557363,1.445715,-1.753885,guided_exp
10:26:53.435,2,-4.757127,1.466717,-0.658557,guided_exp
10:26:53.436,1,-3.563477,1.444986,-1.754711,guided_exp
10:26:53.535,2,-4.754494,1.466133,-0.656918,guided_exp
10:26:53.535,1,-3.569035,1.447063,-1.756486,guided_exp
10:26:53.635,2,-4.753202,1.466108,-0.654579,guided_exp
10:26:53.635,1,-3.575081,1.447683,-1.758223,guided_exp
10:26:53.735,2,-4.737768,1.466068,-0.659162,guided_exp
10:26:53.736,1,-3.578205,1.448447,-1.758569,guided_exp
10:26:53.836,2,-4.725693,1.465818,-0.651678,guided_exp
10:26:53.836,1,-3.583576,1.44911,-1.758519,guided_exp
10:26:53.952,2,-4.732245,1.465161,-0.65453,guided_exp
10:26:53.953,1,-3.588213,1.449285,-1.758643,guided_exp
10:26:54.052,2,-4.724787,1.464996,-0.659116,guided_exp
10:26:54.053,1,-3.590347,1.449282,-1.758254,guided_exp
10:26:54.152,2,-4.724142,1.468083,-0.658585,guided_exp
10:26:54.152,1,-3.594798,1.449552,-1.75599,guided_exp
10:26:54.235,2,-4.71689,1.471056,-0.661427,guided_exp
10:26:54.235,1,-3.596125,1.449426,-1.752358,guided_exp
10:26:54.318,2,-4.716813,1.480019,-0.657915,guided_exp
10:26:54.318,1,-3.59887,1.451977,-1.750814,guided_exp
10:26:54.402,2,-4.711974,1.481603,-0.65966,guided_exp
10:26:54.402,1,-3.603893,1.451277,-1.744848,guided_exp
10:26:54.502,2,-4.713386,1.484272,-0.657603,guided_exp
10:26:54.502,1,-3.608475,1.451158,-1.739498,guided_exp
10:26:54.585,2,-4.71169,1.485441,-0.657128,guided_exp
10:26:54.585,1,-3.614934,1.450811,-1.733822,guided_exp
10:26:54.669,2,-4.710093,1.483502,-0.656309,guided_exp
10:26:54.669,1,-3.617653,1.452639,-1.731843,guided_exp
10:26:54.769,2,-4.698285,1.480368,-0.656144,guided_exp
10:26:54.769,1,-3.629563,1.451271,-1.722377,guided_exp
10:26:54.868,2,-4.683407,1.47962,-0.656392,guided_exp
10:26:54.868,1,-3.635012,1.452601,-1.718573,guided_exp
10:26:54.952,2,-4.690337,1.478232,-0.66287,guided_exp
10:26:54.952,1,-3.634629,1.451304,-1.719038,guided_exp
10:26:55.069,2,-4.678276,1.475803,-0.660754,guided_exp
10:26:55.069,1,-3.634658,1.453045,-1.7183,guided_exp
10:26:55.185,2,-4.664584,1.47404,-0.677303,guided_exp
10:26:55.185,1,-3.635434,1.453303,-1.716293,guided_exp
10:26:55.286,2,-4.672429,1.476284,-0.690737,guided_exp
10:26:55.286,1,-3.636374,1.455202,-1.71455,guided_exp
10:26:55.385,2,-4.657579,1.481106,-0.721642,guided_exp
10:26:55.386,1,-3.635303,1.454904,-1.714297,guided_exp
10:26:55.485,2,-4.668751,1.480763,-0.751024,guided_exp
10:26:55.485,1,-3.633102,1.456341,-1.713942,guided_exp
10:26:55.586,2,-4.697945,1.48088,-0.791555,guided_exp
10:26:55.586,1,-3.629388,1.459388,-1.714164,guided_exp
10:26:55.685,2,-4.712661,1.481746,-0.807888,guided_exp
10:26:55.685,1,-3.624993,1.459481,-1.711548,guided_exp
10:26:55.769,2,-4.726965,1.482318,-0.852765,guided_exp
10:26:55.769,1,-3.621564,1.458513,-1.712508,guided_exp
10:26:55.868,2,-4.745971,1.482409,-0.892439,guided_exp
10:26:55.868,1,-3.613314,1.458887,-1.709802,guided_exp
10:26:55.951,2,-4.75102,1.482568,-0.913909,guided_exp
10:26:55.952,1,-3.607575,1.45787,-1.707263,guided_exp
10:26:56.035,2,-4.763453,1.482649,-0.944471,guided_exp
10:26:56.035,1,-3.604039,1.459095,-1.706859,guided_exp
10:26:56.119,2,-4.765259,1.483402,-0.960431,guided_exp
10:26:56.119,1,-3.601542,1.452716,-1.705723,guided_exp
10:26:56.201,2,-4.76748,1.483823,-0.999823,guided_exp
10:26:56.202,1,-3.598977,1.453337,-1.704658,guided_exp
10:26:56.285,2,-4.773338,1.484793,-1.013127,guided_exp
10:26:56.286,1,-3.59838,1.454223,-1.704268,guided_exp
10:26:56.368,2,-4.775037,1.484973,-1.058837,guided_exp
10:26:56.369,1,-3.597092,1.454737,-1.703952,guided_exp
10:26:56.452,2,-4.766456,1.485927,-1.080671,guided_exp
10:26:56.453,1,-3.595859,1.449402,-1.705493,guided_exp
10:26:56.535,2,-4.759259,1.48668,-1.131361,guided_exp
10:26:56.535,1,-3.595183,1.448159,-1.710139,guided_exp
10:26:56.619,2,-4.752166,1.487882,-1.161726,guided_exp
10:26:56.620,1,-3.590684,1.444068,-1.712582,guided_exp
10:26:56.719,2,-4.732808,1.488923,-1.222953,guided_exp
10:26:56.720,1,-3.584741,1.443597,-1.714835,guided_exp
10:26:56.802,2,-4.718526,1.490263,-1.271121,guided_exp
10:26:56.802,1,-3.576226,1.442458,-1.718378,guided_exp
10:26:56.885,2,-4.701169,1.492019,-1.310901,guided_exp
10:26:56.886,1,-3.568642,1.44665,-1.725,guided_exp
10:26:56.968,2,-4.698702,1.495534,-1.343717,guided_exp
10:26:56.968,1,-3.556188,1.441613,-1.741241,guided_exp
10:26:57.052,2,-4.684634,1.496488,-1.363777,guided_exp
10:26:57.052,1,-3.550729,1.441154,-1.750207,guided_exp
10:26:57.152,2,-4.657451,1.497409,-1.410332,guided_exp
10:26:57.153,1,-3.544349,1.437697,-1.759266,guided_exp
10:26:57.235,2,-4.636675,1.493059,-1.426489,guided_exp
10:26:57.235,1,-3.537711,1.436102,-1.775506,guided_exp
10:26:57.319,2,-4.611466,1.487059,-1.435982,guided_exp
10:26:57.319,1,-3.534695,1.436445,-1.792228,guided_exp
10:26:57.401,2,-4.567991,1.479498,-1.449633,guided_exp
10:26:57.402,1,-3.534937,1.434857,-1.819579,guided_exp
10:26:57.486,2,-4.539119,1.475021,-1.453033,guided_exp
10:26:57.486,1,-3.536021,1.43503,-1.825216,guided_exp
10:26:57.568,2,-4.478601,1.480525,-1.46272,guided_exp
10:26:57.568,1,-3.545518,1.434992,-1.862459,guided_exp
10:26:57.652,2,-4.441938,1.488428,-1.46658,guided_exp
10:26:57.652,1,-3.555065,1.433977,-1.88644,guided_exp
10:26:57.736,2,-4.393063,1.497138,-1.474349,guided_exp
10:26:57.736,1,-3.564775,1.43437,-1.92061,guided_exp
10:26:57.819,2,-4.354539,1.492092,-1.478969,guided_exp
10:26:57.819,1,-3.568164,1.433653,-1.942298,guided_exp
10:26:57.902,2,-4.308664,1.493075,-1.492763,guided_exp
10:26:57.903,1,-3.571031,1.434477,-1.968549,guided_exp
10:26:57.985,2,-4.289004,1.479897,-1.50873,guided_exp
10:26:57.985,1,-3.571188,1.434346,-1.978254,guided_exp
10:26:58.069,2,-4.265446,1.472386,-1.526465,guided_exp
10:26:58.069,1,-3.572097,1.4351,-1.991454,guided_exp
10:26:58.169,2,-4.238807,1.466572,-1.560973,guided_exp
10:26:58.169,1,-3.571067,1.434372,-2.016062,guided_exp
10:26:58.252,2,-4.210593,1.468902,-1.603209,guided_exp
10:26:58.252,1,-3.564721,1.433695,-2.036165,guided_exp
10:26:58.336,2,-4.189921,1.483048,-1.632341,guided_exp
10:26:58.336,1,-3.561423,1.433142,-2.047777,guided_exp
10:26:58.418,2,-4.157471,1.489127,-1.697194,guided_exp
10:26:58.419,1,-3.544077,1.434401,-2.070631,guided_exp
10:26:58.502,2,-4.14983,1.491931,-1.728711,guided_exp
10:26:58.503,1,-3.52599,1.431797,-2.087,guided_exp
10:26:58.585,2,-4.129005,1.485825,-1.800319,guided_exp
10:26:58.585,1,-3.491447,1.43398,-2.116125,guided_exp
10:26:58.669,2,-4.119662,1.476355,-1.851486,guided_exp
10:26:58.669,1,-3.457308,1.436339,-2.135138,guided_exp
10:26:58.769,2,-4.110333,1.470065,-1.89775,guided_exp
10:26:58.770,1,-3.403244,1.435589,-2.166337,guided_exp
10:26:58.852,2,-4.101804,1.472871,-1.948246,guided_exp
10:26:58.852,1,-3.334916,1.436725,-2.201409,guided_exp
10:26:58.936,2,-4.098882,1.48403,-1.962107,guided_exp
10:26:58.936,1,-3.293487,1.437161,-2.225363,guided_exp
10:26:59.036,2,-4.089628,1.488168,-1.984972,guided_exp
10:26:59.036,1,-3.222682,1.441166,-2.248071,guided_exp
10:26:59.118,2,-4.07822,1.501831,-1.999021,guided_exp
10:26:59.118,1,-3.180715,1.442228,-2.271508,guided_exp
10:26:59.202,2,-4.056465,1.494208,-2.005896,guided_exp
10:26:59.202,1,-3.154251,1.44431,-2.282672,guided_exp
10:26:59.285,2,-4.039176,1.496981,-2.002842,guided_exp
10:26:59.285,1,-3.138292,1.444513,-2.289831,guided_exp
10:26:59.369,2,-4.021499,1.485493,-2.002724,guided_exp
10:26:59.370,1,-3.113562,1.446611,-2.294568,guided_exp
10:26:59.469,2,-3.984323,1.474496,-1.995666,guided_exp
10:26:59.469,1,-3.071368,1.444909,-2.291598,guided_exp
10:26:59.552,2,-3.940709,1.484313,-1.983587,guided_exp
10:26:59.552,1,-3.031947,1.453488,-2.285898,guided_exp
10:26:59.635,2,-3.894958,1.476948,-1.970754,guided_exp
10:26:59.636,1,-2.984223,1.444089,-2.275398,guided_exp
10:26:59.719,2,-3.87673,1.496491,-1.966249,guided_exp
10:26:59.719,1,-2.947897,1.440698,-2.265151,guided_exp
10:26:59.802,2,-3.85139,1.49749,-1.952653,guided_exp
10:26:59.802,1,-2.891398,1.4543,-2.24054,guided_exp
10:26:59.886,2,-3.813766,1.492867,-1.939936,guided_exp
10:26:59.886,1,-2.863713,1.455222,-2.233338,guided_exp
10:26:59.986,2,-3.772702,1.484688,-1.935248,guided_exp
10:26:59.986,1,-2.810034,1.455368,-2.218471,guided_exp
10:27:00.068,2,-3.723489,1.483196,-1.932305,guided_exp
10:27:00.068,1,-2.760937,1.454886,-2.199404,guided_exp
10:27:00.152,2,-3.69647,1.482882,-1.941602,guided_exp
10:27:00.152,1,-2.730257,1.453733,-2.193901,guided_exp
10:27:00.235,2,-3.628961,1.482061,-1.956602,guided_exp
10:27:00.235,1,-2.695628,1.451156,-2.201926,guided_exp
10:27:00.319,2,-3.596013,1.481964,-1.970052,guided_exp
10:27:00.319,1,-2.671719,1.448233,-2.214439,guided_exp
10:27:00.402,2,-3.514263,1.47862,-1.99283,guided_exp
10:27:00.402,1,-2.609438,1.437182,-2.227289,guided_exp
10:27:00.535,2,-3.415419,1.488927,-2.025697,guided_exp
10:27:00.535,1,-2.52109,1.440718,-2.250395,guided_exp
10:27:00.619,2,-3.384163,1.493308,-2.042322,guided_exp
10:27:00.619,1,-2.484909,1.444826,-2.267955,guided_exp
10:27:00.702,2,-3.330823,1.498853,-2.05233,guided_exp
10:27:00.702,1,-2.435323,1.428268,-2.286799,guided_exp
10:27:00.852,2,-3.263194,1.490475,-2.058612,guided_exp
10:27:00.853,1,-2.379347,1.418487,-2.305972,guided_exp
10:27:00.935,2,-3.219326,1.459624,-2.060644,guided_exp
10:27:00.936,1,-2.35275,1.418071,-2.318268,guided_exp
10:27:01.018,2,-3.191067,1.453802,-2.056526,guided_exp
10:27:01.018,1,-2.33626,1.425659,-2.32192,guided_exp
10:27:01.102,2,-3.148963,1.448659,-2.053907,guided_exp
10:27:01.102,1,-2.316327,1.436592,-2.32692,guided_exp
10:27:01.185,2,-3.114392,1.32544,-2.048042,guided_exp
10:27:01.185,1,-2.305373,1.445293,-2.331274,guided_exp
10:27:01.268,2,-3.058482,1.332417,-2.035551,guided_exp
10:27:01.268,1,-2.297634,1.448725,-2.33497,guided_exp
10:27:01.352,2,-3.026815,1.339814,-2.02733,guided_exp
10:27:01.352,1,-2.289284,1.438862,-2.336469,guided_exp
10:27:01.435,2,-2.984206,1.343383,-2.01853,guided_exp
10:27:01.435,1,-2.282381,1.446644,-2.336879,guided_exp
10:27:01.518,2,-2.964603,1.318859,-2.012885,guided_exp
10:27:01.519,1,-2.278399,1.449688,-2.337154,guided_exp
10:27:01.602,2,-2.930564,1.340945,-2.008841,guided_exp
10:27:01.602,1,-2.274937,1.45022,-2.33741,guided_exp
10:27:01.685,2,-2.907868,1.345931,-2.009494,guided_exp
10:27:01.686,1,-2.272508,1.443765,-2.338128,guided_exp
10:27:01.768,2,-2.882156,1.351216,-2.013333,guided_exp
10:27:01.769,1,-2.269996,1.455273,-2.339029,guided_exp
10:27:01.852,2,-2.866798,1.349838,-2.018315,guided_exp
10:27:01.853,1,-2.268129,1.45318,-2.341067,guided_exp
10:27:01.935,2,-2.851525,1.399894,-2.025291,guided_exp
10:27:01.935,1,-2.26476,1.465559,-2.342669,guided_exp
10:27:02.019,2,-2.842895,1.39258,-2.02579,guided_exp
10:27:02.019,1,-2.263761,1.474826,-2.344866,guided_exp
10:27:02.102,2,-2.83005,1.348347,-2.032676,guided_exp
10:27:02.102,1,-2.26173,1.486459,-2.348192,guided_exp
10:27:02.252,2,-2.821188,1.364279,-2.035343,guided_exp
10:27:02.253,1,-2.259574,1.489522,-2.350623,guided_exp
10:27:02.335,2,-2.817007,1.366015,-2.039462,guided_exp
10:27:02.335,1,-2.258094,1.48659,-2.352809,guided_exp
10:27:02.419,2,-2.812659,1.347626,-2.038367,guided_exp
10:27:02.419,1,-2.256865,1.485597,-2.354048,guided_exp
10:27:02.502,2,-2.81022,1.368569,-2.039228,guided_exp
10:27:02.502,1,-2.25509,1.494896,-2.354618,guided_exp
10:27:02.586,2,-2.808602,1.356844,-2.040583,guided_exp
10:27:02.586,1,-2.25287,1.501693,-2.356052,guided_exp
10:27:02.668,2,-2.807306,1.343673,-2.042568,guided_exp
10:27:02.668,1,-2.251895,1.50044,-2.356541,guided_exp
10:27:02.752,2,-2.808265,1.335858,-2.043961,guided_exp
10:27:02.753,1,-2.248022,1.507697,-2.358095,guided_exp
10:27:02.835,2,-2.807412,1.492852,-2.044942,guided_exp
10:27:02.835,1,-2.239111,1.495955,-2.360099,guided_exp
10:27:02.919,2,-2.80716,1.487331,-2.045006,guided_exp
10:27:02.920,1,-2.235044,1.491323,-2.360893,guided_exp
10:27:03.019,2,-2.807657,1.480925,-2.0454,guided_exp
10:27:03.020,1,-2.22601,1.489415,-2.360545,guided_exp
10:27:03.102,2,-2.808407,1.478422,-2.045963,guided_exp
10:27:03.102,1,-2.220686,1.46797,-2.357042,guided_exp
10:27:03.186,2,-2.808301,1.450562,-2.046538,guided_exp
10:27:03.186,1,-2.209989,1.472937,-2.35269,guided_exp
10:27:03.268,2,-2.808216,1.451356,-2.046583,guided_exp
10:27:03.268,1,-2.196856,1.47804,-2.343373,guided_exp
10:27:03.352,2,-2.808665,1.452704,-2.046937,guided_exp
10:27:03.353,1,-2.192121,1.492586,-2.340137,guided_exp
10:27:03.435,2,-2.809646,1.456514,-2.046116,guided_exp
10:27:03.435,1,-2.174465,1.489114,-2.321041,guided_exp
10:27:03.519,2,-2.810075,1.453665,-2.045814,guided_exp
10:27:03.519,1,-2.166751,1.490778,-2.306108,guided_exp
10:27:03.602,2,-2.809437,1.452734,-2.044261,guided_exp
10:27:03.602,1,-2.153243,1.484405,-2.280523,guided_exp
10:27:03.686,2,-2.8103,1.45592,-2.042823,guided_exp
10:27:03.686,1,-2.139965,1.489753,-2.257798,guided_exp
10:27:03.768,2,-2.810242,1.457911,-2.040172,guided_exp
10:27:03.769,1,-2.128392,1.492412,-2.232873,guided_exp
10:27:03.852,2,-2.810013,1.453603,-2.038591,guided_exp
10:27:03.853,1,-2.11741,1.488213,-2.212601,guided_exp
10:27:03.935,2,-2.810753,1.452715,-2.034763,guided_exp
10:27:03.936,1,-2.10308,1.489823,-2.1871,guided_exp
10:27:04.019,2,-2.811265,1.451928,-2.034283,guided_exp
10:27:04.019,1,-2.096436,1.488599,-2.175038,guided_exp
10:27:04.102,2,-2.809882,1.450546,-2.032442,guided_exp
10:27:04.102,1,-2.082714,1.488676,-2.157256,guided_exp
10:27:04.185,2,-2.809615,1.454338,-2.031725,guided_exp
10:27:04.185,1,-2.07582,1.488883,-2.147759,guided_exp
10:27:04.268,2,-2.81014,1.454992,-2.030726,guided_exp
10:27:04.269,1,-2.064514,1.488699,-2.13482,guided_exp
10:27:04.352,2,-2.810813,1.452775,-2.030023,guided_exp
10:27:04.352,1,-2.057935,1.48847,-2.128074,guided_exp
10:27:04.435,2,-2.811672,1.453527,-2.028818,guided_exp
10:27:04.435,1,-2.047581,1.487053,-2.120716,guided_exp
10:27:04.519,2,-2.812243,1.457728,-2.029382,guided_exp
10:27:04.519,1,-2.039436,1.488022,-2.118576,guided_exp
10:27:04.619,2,-2.813854,1.450882,-2.033856,guided_exp
10:27:04.619,1,-2.023797,1.487901,-2.120943,guided_exp
10:27:04.702,2,-2.827256,1.452184,-2.060547,guided_exp
10:27:04.702,1,-2.005705,1.487587,-2.122233,guided_exp
10:27:04.785,2,-2.830154,1.456106,-2.063497,guided_exp
10:27:04.785,1,-1.994458,1.488622,-2.118333,guided_exp
10:27:04.869,2,-2.829745,1.404439,-2.068737,guided_exp
10:27:04.869,1,-1.97555,1.486205,-2.120619,guided_exp
10:27:04.952,2,-2.831752,1.45534,-2.074303,guided_exp
10:27:04.952,1,-1.957606,1.486987,-2.121387,guided_exp
10:27:05.035,2,-2.831123,1.456525,-2.080829,guided_exp
10:27:05.035,1,-1.92945,1.48786,-2.124264,guided_exp
10:27:05.119,2,-2.832953,1.454584,-2.087546,guided_exp
10:27:05.119,1,-1.915271,1.486641,-2.127413,guided_exp
10:27:05.202,2,-2.833417,1.459536,-2.095269,guided_exp
10:27:05.202,1,-1.892084,1.486821,-2.131592,guided_exp
10:27:05.286,2,-2.83564,1.455162,-2.096985,guided_exp
10:27:05.286,1,-1.878791,1.487125,-2.134783,guided_exp
10:27:05.368,2,-2.839739,1.450378,-2.099671,guided_exp
10:27:05.368,1,-1.856615,1.48727,-2.14045,guided_exp
10:27:05.452,2,-2.842066,1.450199,-2.100217,guided_exp
10:27:05.453,1,-1.847581,1.487135,-2.143291,guided_exp
10:27:05.535,2,-2.861453,1.452853,-2.10228,guided_exp
10:27:05.535,1,-1.834617,1.486499,-2.146545,guided_exp
10:27:05.619,2,-2.879775,1.453883,-2.103422,guided_exp
10:27:05.620,1,-1.828452,1.48716,-2.148521,guided_exp
10:27:05.702,2,-2.908212,1.453117,-2.101651,guided_exp
10:27:05.702,1,-1.822131,1.487871,-2.151102,guided_exp
10:27:05.835,2,-2.95476,1.452874,-2.102888,guided_exp
10:27:05.835,1,-1.81833,1.488344,-2.153049,guided_exp
10:27:05.919,2,-2.977202,1.442673,-2.106825,guided_exp
10:27:05.919,1,-1.81636,1.488571,-2.155558,guided_exp
10:27:06.019,2,-3.032989,1.43661,-2.106238,guided_exp
10:27:06.019,1,-1.815819,1.487659,-2.157641,guided_exp
10:27:06.102,2,-3.08035,1.436631,-2.109647,guided_exp
10:27:06.102,1,-1.816901,1.487657,-2.159699,guided_exp
10:27:06.186,2,-3.107944,1.438767,-2.114206,guided_exp
10:27:06.186,1,-1.819706,1.487643,-2.160539,guided_exp
10:27:06.268,2,-3.153623,1.440261,-2.124742,guided_exp
10:27:06.268,1,-1.826628,1.487899,-2.160897,guided_exp
10:27:06.353,2,-3.173234,1.44265,-2.131955,guided_exp
10:27:06.353,1,-1.832523,1.488142,-2.161335,guided_exp
10:27:06.435,2,-3.201436,1.438575,-2.148138,guided_exp
10:27:06.435,1,-1.845239,1.48871,-2.160986,guided_exp
10:27:06.568,2,-3.226631,1.44296,-2.164176,guided_exp
10:27:06.569,1,-1.863316,1.488763,-2.157124,guided_exp
10:27:06.652,2,-3.234169,1.447587,-2.176382,guided_exp
10:27:06.652,1,-1.873625,1.48882,-2.155885,guided_exp
10:27:06.736,2,-3.241462,1.448793,-2.194119,guided_exp
10:27:06.736,1,-1.892785,1.489851,-2.152543,guided_exp
10:27:06.818,2,-3.244727,1.446276,-2.212207,guided_exp
10:27:06.819,1,-1.90132,1.490486,-2.151748,guided_exp
10:27:06.903,2,-3.247644,1.445005,-2.228859,guided_exp
10:27:06.903,1,-1.912174,1.490536,-2.147426,guided_exp
10:27:06.985,2,-3.238502,1.4426,-2.267996,guided_exp
10:27:06.985,1,-1.931263,1.488779,-2.144285,guided_exp
10:27:07.069,2,-3.229639,1.4519,-2.293454,guided_exp
10:27:07.069,1,-1.944468,1.488909,-2.141429,guided_exp
10:27:07.152,2,-3.216612,1.446541,-2.338064,guided_exp
10:27:07.152,1,-1.966357,1.489964,-2.138957,guided_exp
10:27:07.302,2,-3.176758,1.444083,-2.410499,guided_exp
10:27:07.303,1,-1.998988,1.490441,-2.137378,guided_exp
10:27:07.385,2,-3.167265,1.448939,-2.436529,guided_exp
10:27:07.385,1,-2.010414,1.490776,-2.136685,guided_exp
10:27:07.469,2,-3.145318,1.449413,-2.480081,guided_exp
10:27:07.470,1,-2.026705,1.491587,-2.137598,guided_exp
10:27:07.552,2,-3.131438,1.448768,-2.506809,guided_exp
10:27:07.552,1,-2.034759,1.491999,-2.139123,guided_exp
10:27:07.636,2,-3.123851,1.450144,-2.528392,guided_exp
10:27:07.636,1,-2.039769,1.492543,-2.141218,guided_exp
10:27:07.718,2,-3.113126,1.451767,-2.556407,guided_exp
10:27:07.719,1,-2.046795,1.493875,-2.146409,guided_exp
10:27:07.802,2,-3.112418,1.45247,-2.566947,guided_exp
10:27:07.803,1,-2.048716,1.494037,-2.148421,guided_exp
10:27:07.885,2,-3.110077,1.453756,-2.579317,guided_exp
10:27:07.885,1,-2.048425,1.494219,-2.155846,guided_exp
10:27:07.969,2,-3.111806,1.454157,-2.586311,guided_exp
10:27:07.969,1,-2.045802,1.493897,-2.162723,guided_exp
10:27:08.052,2,-3.113263,1.45384,-2.59269,guided_exp
10:27:08.052,1,-2.035469,1.492701,-2.175468,guided_exp
10:27:08.202,2,-3.116376,1.449484,-2.598697,guided_exp
10:27:08.202,1,-2.01611,1.492178,-2.199051,guided_exp
10:27:08.286,2,-3.117573,1.44896,-2.600768,guided_exp
10:27:08.286,1,-2.003555,1.493693,-2.216002,guided_exp
10:27:08.369,2,-3.117785,1.447553,-2.601753,guided_exp
10:27:08.369,1,-1.994651,1.494092,-2.229583,guided_exp
10:27:08.452,2,-3.117511,1.445886,-2.602937,guided_exp
10:27:08.452,1,-1.98852,1.492233,-2.236553,guided_exp
10:27:08.535,2,-3.118073,1.444987,-2.604806,guided_exp
10:27:08.536,1,-1.983876,1.49195,-2.247622,guided_exp
10:27:08.619,2,-3.118407,1.448049,-2.605534,guided_exp
10:27:08.620,1,-1.982243,1.494348,-2.251111,guided_exp
10:27:08.702,2,-3.119543,1.438031,-2.606876,guided_exp
10:27:08.702,1,-1.983272,1.494087,-2.258186,guided_exp
10:27:08.786,2,-3.12047,1.398229,-2.606522,guided_exp
10:27:08.786,1,-1.985848,1.494653,-2.260725,guided_exp
10:27:08.868,2,-3.123078,1.436915,-2.605511,guided_exp
10:27:08.869,1,-1.994278,1.494231,-2.266598,guided_exp
10:27:08.953,2,-3.124087,1.434372,-2.604732,guided_exp
10:27:08.953,1,-2.005288,1.494042,-2.27043,guided_exp
10:27:09.035,2,-3.12474,1.432645,-2.6042,guided_exp
10:27:09.036,1,-2.022164,1.493213,-2.274875,guided_exp
10:27:09.118,2,-3.126164,1.432745,-2.602799,guided_exp
10:27:09.118,1,-2.033533,1.490804,-2.276594,guided_exp
10:27:09.202,2,-3.127876,1.447331,-2.601208,guided_exp
10:27:09.202,1,-2.050782,1.492011,-2.278506,guided_exp
10:27:09.285,2,-3.12949,1.446299,-2.599216,guided_exp
10:27:09.285,1,-2.062871,1.490469,-2.279145,guided_exp
10:27:09.368,2,-3.134371,1.448027,-2.592082,guided_exp
10:27:09.368,1,-2.077675,1.491704,-2.281873,guided_exp
10:27:09.452,2,-3.139724,1.44734,-2.585383,guided_exp
10:27:09.452,1,-2.084607,1.499668,-2.282963,guided_exp
10:27:09.535,2,-3.156468,1.399301,-2.573461,guided_exp
10:27:09.535,1,-2.093686,1.505295,-2.286178,guided_exp
10:27:09.619,2,-3.173513,1.43504,-2.565584,guided_exp
10:27:09.619,1,-2.099468,1.506097,-2.28737,guided_exp
10:27:09.702,2,-3.219493,1.436411,-2.547396,guided_exp
10:27:09.702,1,-2.107154,1.500937,-2.289269,guided_exp
10:27:09.785,2,-3.251917,1.439798,-2.53333,guided_exp
10:27:09.785,1,-2.112434,1.504016,-2.289785,guided_exp
10:27:09.869,2,-3.317589,1.438138,-2.51179,guided_exp
10:27:09.869,1,-2.120501,1.50759,-2.290689,guided_exp
10:27:09.952,2,-3.386762,1.439751,-2.492901,guided_exp
10:27:09.952,1,-2.126914,1.507914,-2.292043,guided_exp
10:27:10.035,2,-3.474502,1.441428,-2.471833,guided_exp
10:27:10.035,1,-2.134291,1.507429,-2.292331,guided_exp
10:27:10.119,2,-3.538062,1.443093,-2.454296,guided_exp
10:27:10.120,1,-2.138265,1.504329,-2.293207,guided_exp
10:27:10.202,2,-3.614461,1.446961,-2.426314,guided_exp
10:27:10.202,1,-2.144874,1.502691,-2.293676,guided_exp
10:27:10.286,2,-3.660812,1.444154,-2.41014,guided_exp
10:27:10.286,1,-2.148261,1.502327,-2.293302,guided_exp
10:27:10.368,2,-3.731933,1.447064,-2.374379,guided_exp
10:27:10.368,1,-2.15252,1.502644,-2.292811,guided_exp
10:27:10.519,2,-3.813195,1.44952,-2.318428,guided_exp
10:27:10.519,1,-2.158697,1.501245,-2.293972,guided_exp
10:27:10.602,2,-3.88339,1.454063,-2.246005,guided_exp
10:27:10.602,1,-2.161662,1.500544,-2.294169,guided_exp
10:27:10.686,2,-3.93036,1.455178,-2.193951,guided_exp
10:27:10.686,1,-2.164482,1.501744,-2.294552,guided_exp
10:27:10.768,2,-4.008036,1.440658,-2.116714,guided_exp
10:27:10.769,1,-2.167956,1.502969,-2.295893,guided_exp
10:27:10.852,2,-4.047316,1.438087,-2.081735,guided_exp
10:27:10.853,1,-2.170853,1.500303,-2.296813,guided_exp
10:27:10.935,2,-4.130886,1.435484,-2.004183,guided_exp
10:27:10.935,1,-2.174383,1.500154,-2.298336,guided_exp
10:27:11.019,2,-4.172422,1.443077,-1.963304,guided_exp
10:27:11.020,1,-2.175357,1.501254,-2.298656,guided_exp
10:27:11.102,2,-4.231185,1.441474,-1.902756,guided_exp
10:27:11.102,1,-2.177988,1.501716,-2.299138,guided_exp
10:27:11.186,2,-4.280824,1.433058,-1.860532,guided_exp
10:27:11.186,1,-2.180519,1.501831,-2.299886,guided_exp
10:27:11.269,2,-4.357165,1.433595,-1.798643,guided_exp
10:27:11.269,1,-2.186966,1.501429,-2.300546,guided_exp
10:27:11.353,2,-4.400268,1.430869,-1.770485,guided_exp
10:27:11.353,1,-2.190294,1.50328,-2.30156,guided_exp
10:27:11.436,2,-4.480089,1.433687,-1.715724,guided_exp
10:27:11.436,1,-2.194172,1.501256,-2.301842,guided_exp
10:27:11.518,2,-4.525099,1.43217,-1.690065,guided_exp
10:27:11.519,1,-2.196201,1.504389,-2.302616,guided_exp
10:27:11.602,2,-4.556567,1.432372,-1.648001,guided_exp
10:27:11.602,1,-2.19972,1.507374,-2.302533,guided_exp
10:27:11.685,2,-4.59969,1.433557,-1.652111,guided_exp
10:27:11.685,1,-2.201373,1.507049,-2.302284,guided_exp
10:27:11.769,2,-4.603327,1.433602,-1.617915,guided_exp
10:27:11.769,1,-2.204057,1.506539,-2.302501,guided_exp
10:27:11.852,2,-4.650689,1.437646,-1.473017,guided_exp
10:27:11.852,1,-2.206164,1.507594,-2.30329,guided_exp
10:27:11.935,2,-4.632114,1.439749,-1.594032,guided_exp
10:27:11.935,1,-2.211061,1.507427,-2.304358,guided_exp
10:27:12.019,2,-4.632123,1.437124,-1.579761,guided_exp
10:27:12.019,1,-2.212183,1.505414,-2.304626,guided_exp
10:27:12.102,2,-4.648494,1.437555,-1.541469,guided_exp
10:27:12.102,1,-2.21655,1.505262,-2.306665,guided_exp
10:27:12.186,2,-4.652249,1.437056,-1.529781,guided_exp
10:27:12.186,1,-2.21965,1.506066,-2.30778,guided_exp
10:27:12.269,2,-4.645823,1.439748,-1.503263,guided_exp
10:27:12.269,1,-2.221447,1.506163,-2.309019,guided_exp
10:27:12.353,2,-4.634917,1.443984,-1.492108,guided_exp
10:27:12.353,1,-2.221956,1.50551,-2.310957,guided_exp
10:27:12.435,2,-4.624646,1.441143,-1.486101,guided_exp
10:27:12.435,1,-2.224133,1.505136,-2.313923,guided_exp
10:27:12.519,2,-4.622742,1.428627,-1.473684,guided_exp
10:27:12.520,1,-2.223588,1.504707,-2.315418,guided_exp
10:27:12.602,2,-4.624591,1.431654,-1.446109,guided_exp
10:27:12.602,1,-2.225155,1.505584,-2.31905,guided_exp
10:27:12.686,2,-4.634579,1.433705,-1.428601,guided_exp
10:27:12.686,1,-2.225715,1.505015,-2.320052,guided_exp
10:27:12.785,2,-4.645784,1.431974,-1.399102,guided_exp
10:27:12.785,1,-2.225717,1.504705,-2.322584,guided_exp
10:27:12.868,2,-4.700948,1.432947,-1.35813,guided_exp
10:27:12.869,1,-2.229476,1.503776,-2.324975,guided_exp
10:27:12.952,2,-4.72213,1.431073,-1.370711,guided_exp
10:27:12.952,1,-2.233269,1.503588,-2.326374,guided_exp
10:27:13.053,2,-4.733871,1.42743,-1.320411,guided_exp
10:27:13.053,1,-2.241119,1.50297,-2.329811,guided_exp
10:27:13.153,2,-4.75463,1.425002,-1.241008,guided_exp
10:27:13.153,1,-2.252678,1.5044,-2.334342,guided_exp
10:27:13.235,2,-4.773898,1.421713,-1.239277,guided_exp
10:27:13.235,1,-2.272508,1.505077,-2.340468,guided_exp
10:27:13.319,2,-4.782786,1.423769,-1.237597,guided_exp
10:27:13.319,1,-2.283066,1.504528,-2.343347,guided_exp
10:27:13.402,2,-4.752472,1.424918,-1.17795,guided_exp
10:27:13.402,1,-2.300089,1.503395,-2.348005,guided_exp
10:27:13.485,2,-4.816734,1.424873,-1.152916,guided_exp
10:27:13.485,1,-2.310745,1.500961,-2.349911,guided_exp
10:27:13.568,2,-4.791111,1.42317,-1.093692,guided_exp
10:27:13.569,1,-2.321083,1.498549,-2.354256,guided_exp
10:27:13.652,2,-4.777174,1.432919,-1.072748,guided_exp
10:27:13.653,1,-2.3303,1.500371,-2.355266,guided_exp
10:27:13.753,2,-4.777961,1.430516,-1.044624,guided_exp
10:27:13.753,1,-2.342216,1.503789,-2.357161,guided_exp
10:27:13.835,2,-4.741381,1.431162,-0.982651,guided_exp
10:27:13.835,1,-2.362742,1.504006,-2.355773,guided_exp
10:27:13.918,2,-4.733041,1.42233,-0.95616,guided_exp
10:27:13.919,1,-2.372657,1.501518,-2.355664,guided_exp
10:27:14.002,2,-4.716378,1.422163,-0.923988,guided_exp
10:27:14.002,1,-2.400554,1.505421,-2.351576,guided_exp
10:27:14.086,2,-4.715033,1.434877,-0.920984,guided_exp
10:27:14.086,1,-2.41641,1.506957,-2.348249,guided_exp
10:27:14.168,2,-4.703476,1.43352,-0.896678,guided_exp
10:27:14.169,1,-2.457907,1.506667,-2.336129,guided_exp
10:27:14.252,2,-4.702441,1.425981,-0.844278,guided_exp
10:27:14.252,1,-2.481047,1.503911,-2.312823,guided_exp
10:27:14.335,2,-4.692266,1.419513,-0.849132,guided_exp
10:27:14.335,1,-2.567889,1.499574,-2.285736,guided_exp
10:27:14.419,2,-4.722248,1.420446,-0.826743,guided_exp
10:27:14.419,1,-2.629319,1.501241,-2.287429,guided_exp
10:27:14.502,2,-4.72676,1.4225,-0.73902,guided_exp
10:27:14.502,1,-2.660068,1.501098,-2.278001,guided_exp
10:27:14.586,2,-4.731081,1.424141,-0.727214,guided_exp
10:27:14.586,1,-2.664415,1.50127,-2.237958,guided_exp
10:27:14.686,2,-4.74094,1.430643,-0.679661,guided_exp
10:27:14.686,1,-2.687838,1.500933,-2.221023,guided_exp
10:27:14.768,2,-4.744967,1.429506,-0.659027,guided_exp
10:27:14.769,1,-2.738361,1.505366,-2.181296,guided_exp
10:27:14.852,2,-4.758647,1.429802,-0.636866,guided_exp
10:27:14.853,1,-2.78303,1.504053,-2.144803,guided_exp
10:27:14.953,2,-4.759317,1.437987,-0.613914,guided_exp
10:27:14.953,1,-2.842251,1.508814,-2.171556,guided_exp
10:27:15.036,2,-4.758275,1.439232,-0.603986,guided_exp
10:27:15.036,1,-2.923192,1.511482,-2.200825,guided_exp
10:27:15.119,2,-4.740001,1.436299,-0.606787,guided_exp
10:27:15.119,1,-2.96014,1.514367,-2.192457,guided_exp
10:27:15.202,2,-4.725171,1.438635,-0.554948,guided_exp
10:27:15.202,1,-3.049218,1.521277,-2.171217,guided_exp
10:27:15.286,2,-4.739465,1.427242,-0.597128,guided_exp
10:27:15.286,1,-3.11185,1.520983,-2.158087,guided_exp
10:27:15.368,2,-4.728093,1.424305,-0.594423,guided_exp
10:27:15.369,1,-3.203918,1.519434,-2.143809,guided_exp
10:27:15.452,2,-4.749185,1.430537,-0.598214,guided_exp
10:27:15.452,1,-3.264596,1.518296,-2.128971,guided_exp
10:27:15.535,2,-4.725684,1.440014,-0.592955,guided_exp
10:27:15.535,1,-3.317974,1.514805,-2.111785,guided_exp
10:27:15.619,2,-4.725293,1.443997,-0.57957,guided_exp
10:27:15.619,1,-3.351235,1.520648,-2.101472,guided_exp
10:27:15.702,2,-4.740271,1.443797,-0.581754,guided_exp
10:27:15.702,1,-3.408001,1.518325,-2.072461,guided_exp
10:27:15.852,2,-4.718468,1.449201,-0.573094,guided_exp
10:27:15.853,1,-3.484386,1.518654,-2.018429,guided_exp
10:27:15.935,2,-4.734215,1.447201,-0.560201,guided_exp
10:27:15.936,1,-3.547209,1.518303,-1.962383,guided_exp
10:27:16.018,2,-4.733503,1.445799,-0.556171,guided_exp
10:27:16.019,1,-3.576257,1.530927,-1.927379,guided_exp
10:27:16.102,2,-4.728402,1.443632,-0.560793,guided_exp
10:27:16.102,1,-3.63749,1.5341,-1.859768,guided_exp
10:27:16.185,2,-4.729267,1.440799,-0.563266,guided_exp
10:27:16.185,1,-3.668742,1.52841,-1.810886,guided_exp
10:27:16.269,2,-4.742756,1.434039,-0.562751,guided_exp
10:27:16.269,1,-3.708529,1.526869,-1.756252,guided_exp
10:27:16.352,2,-4.744669,1.43069,-0.563949,guided_exp
10:27:16.352,1,-3.739415,1.52415,-1.720255,guided_exp
10:27:16.453,2,-4.754022,1.429311,-0.561148,guided_exp
10:27:16.453,1,-3.785763,1.519133,-1.680782,guided_exp
10:27:16.535,2,-4.763644,1.431229,-0.559644,guided_exp
10:27:16.536,1,-3.834258,1.515909,-1.637028,guided_exp
10:27:16.619,2,-4.88181,1.433941,-0.613039,guided_exp
10:27:16.619,1,-3.867704,1.509645,-1.615677,guided_exp
10:27:16.702,2,-4.888274,1.436955,-0.516609,guided_exp
10:27:16.702,1,-3.925689,1.508035,-1.580174,guided_exp
10:27:16.785,2,-4.887713,1.439916,-0.52537,guided_exp
10:27:16.785,1,-3.959317,1.510836,-1.558819,guided_exp
10:27:16.869,1,-4.029503,1.441742,-1.529146,guided_exp
10:27:16.952,1,-4.074621,1.507451,-1.511497,guided_exp
10:27:17.035,1,-4.123992,1.443509,-1.491849,guided_exp
10:27:17.119,1,-4.157562,1.508331,-1.474345,guided_exp
10:27:17.202,1,-4.181596,1.438434,-1.466832,guided_exp
10:27:17.286,1,-4.205797,1.514923,-1.454373,guided_exp
10:27:17.369,1,-4.235146,1.436776,-1.442583,guided_exp
10:27:17.452,1,-4.24506,1.522598,-1.439192,guided_exp
10:27:17.536,1,-4.25695,1.429066,-1.436131,guided_exp
10:27:17.619,1,-4.268577,1.520542,-1.428742,guided_exp
10:27:17.703,1,-4.273287,1.42531,-1.422258,guided_exp
10:27:17.785,1,-4.275908,1.516507,-1.417689,guided_exp
10:27:17.869,1,-4.282535,1.426191,-1.409004,guided_exp
10:27:17.970,1,-4.286622,1.518472,-1.406218,guided_exp
10:27:18.052,1,-4.285353,1.435876,-1.405345,guided_exp
10:27:18.136,1,-4.285652,1.51341,-1.404455,guided_exp
10:27:18.236,1,-4.285117,1.436119,-1.404682,guided_exp
10:27:18.319,1,-4.285089,1.514732,-1.402345,guided_exp
10:27:18.403,1,-4.284875,1.429637,-1.401558,guided_exp
10:27:18.485,1,-4.285439,1.509074,-1.399031,guided_exp
10:27:18.570,1,-4.284978,1.433305,-1.399848,guided_exp
10:27:18.652,1,-4.28469,1.517477,-1.39843,guided_exp
10:27:18.736,1,-4.283595,1.433621,-1.396608,guided_exp
10:27:18.819,1,-4.283741,1.517955,-1.39637,guided_exp
10:27:18.903,1,-4.281761,1.434675,-1.398228,guided_exp
10:27:18.985,1,-4.281224,1.518601,-1.398205,guided_exp
10:27:19.136,1,-4.279806,1.423848,-1.399074,guided_exp
10:27:19.219,1,-4.279223,1.517857,-1.399989,guided_exp
10:27:19.303,1,-4.278236,1.418634,-1.399091,guided_exp
10:27:19.385,1,-4.278435,1.51738,-1.397724,guided_exp
10:27:19.469,1,-4.278577,1.422819,-1.396987,guided_exp
10:27:19.552,1,-4.278075,1.516566,-1.395964,guided_exp
10:27:19.635,1,-4.278232,1.422554,-1.394433,guided_exp
10:27:19.736,1,-4.278984,1.515749,-1.395967,guided_exp
10:27:19.835,1,-4.279445,1.439285,-1.397395,guided_exp
10:27:19.918,1,-4.278556,1.516584,-1.399425,guided_exp
10:27:20.002,1,-4.278668,1.442471,-1.399897,guided_exp
10:27:20.085,1,-4.278301,1.517217,-1.399762,guided_exp
10:27:20.168,1,-4.279263,1.437861,-1.400265,guided_exp
10:27:20.252,1,-4.27931,1.517787,-1.40336,guided_exp
10:27:20.335,1,-4.278351,1.443043,-1.404042,guided_exp
10:27:20.436,1,-4.278421,1.518181,-1.404505,guided_exp
10:27:20.535,1,-4.277159,1.451973,-1.405216,guided_exp
10:27:20.619,1,-4.277065,1.518441,-1.405417,guided_exp
10:27:20.719,1,-4.277483,1.448206,-1.404313,guided_exp
10:27:20.819,1,-4.279861,1.517511,-1.402647,guided_exp
10:27:20.920,1,-4.278814,1.447132,-1.402504,guided_exp
10:27:21.018,1,-4.280399,1.518525,-1.401169,guided_exp
10:27:21.102,1,-4.279958,1.453897,-1.399919,guided_exp
10:27:21.202,1,-4.280243,1.51729,-1.398942,guided_exp
10:27:21.303,1,-4.282767,1.450174,-1.393641,guided_exp
10:27:21.402,1,-4.284989,1.516735,-1.393269,guided_exp
10:27:21.502,1,-4.284909,1.450132,-1.393157,guided_exp
10:27:21.619,1,-4.287308,1.5168,-1.390795,guided_exp
10:27:21.736,1,-4.289409,1.448099,-1.390422,guided_exp
10:27:21.835,1,-4.293677,1.516783,-1.386675,guided_exp
10:27:21.919,1,-4.293993,1.452721,-1.388952,guided_exp
10:27:22.019,1,-4.292769,1.517025,-1.389241,guided_exp
10:27:22.119,1,-4.29649,1.457394,-1.388973,guided_exp
10:27:22.219,1,-4.297059,1.51714,-1.390474,guided_exp
10:27:22.302,1,-4.297505,1.457214,-1.391312,guided_exp
10:27:22.386,1,-4.297347,1.516364,-1.391165,guided_exp
10:27:22.485,1,-4.297505,1.456687,-1.388638,guided_exp
10:27:22.568,1,-4.298239,1.516093,-1.390119,guided_exp
10:27:22.652,1,-4.29772,1.458567,-1.390415,guided_exp
10:27:22.753,1,-4.299886,1.514293,-1.384189,guided_exp
10:27:22.853,1,-4.297867,1.458125,-1.385524,guided_exp
10:27:22.952,1,-4.295473,1.514309,-1.388466,guided_exp
10:27:23.035,1,-4.294414,1.457563,-1.388641,guided_exp
10:27:23.119,1,-4.290847,1.514311,-1.397646,guided_exp
10:27:23.202,1,-4.287672,1.458226,-1.4004,guided_exp
10:27:23.285,1,-4.264386,1.514641,-1.419295,guided_exp
10:27:23.369,1,-4.265517,1.457617,-1.419411,guided_exp
10:27:23.469,1,-4.232555,1.513803,-1.436842,guided_exp
10:27:23.552,1,-4.224998,1.455164,-1.441012,guided_exp
10:27:23.635,1,-4.183531,1.515299,-1.457625,guided_exp
10:27:23.736,1,-4.165627,1.456493,-1.48375,guided_exp
10:27:23.819,1,-4.141834,1.515044,-1.49181,guided_exp
10:27:23.902,1,-4.112521,1.457726,-1.521582,guided_exp
10:27:23.985,1,-4.090238,1.514881,-1.547643,guided_exp
10:27:24.069,1,-4.069796,1.455457,-1.568738,guided_exp
10:27:24.152,1,-4.052026,1.511586,-1.571123,guided_exp
10:27:24.236,1,-4.026683,1.454629,-1.590864,guided_exp
10:27:24.319,1,-4.019353,1.507212,-1.605671,guided_exp
10:27:24.402,1,-4.011181,1.452965,-1.609891,guided_exp
10:27:24.485,1,-4.006539,1.506593,-1.61442,guided_exp
10:27:24.569,1,-4.001398,1.452887,-1.627751,guided_exp
10:27:24.652,1,-4.002177,1.510041,-1.639549,guided_exp
10:27:24.736,1,-4.002403,1.453526,-1.647182,guided_exp
10:27:24.819,1,-4.003926,1.511909,-1.650313,guided_exp
10:27:24.903,1,-4.007558,1.454478,-1.657398,guided_exp
10:27:24.985,1,-4.007797,1.515048,-1.658455,guided_exp
10:27:25.069,1,-4.007606,1.453534,-1.659827,guided_exp
10:27:25.152,1,-4.007713,1.51466,-1.660124,guided_exp
10:27:25.236,1,-4.010324,1.453427,-1.664486,guided_exp
10:27:25.319,1,-4.010107,1.514147,-1.663698,guided_exp
10:27:25.402,1,-4.018005,1.452778,-1.669705,guided_exp
10:27:25.485,1,-4.039772,1.510927,-1.672078,guided_exp
10:27:25.569,1,-4.025347,1.453684,-1.669931,guided_exp
10:27:25.652,1,-4.026979,1.511977,-1.670833,guided_exp
10:27:25.736,1,-4.029452,1.45385,-1.670228,guided_exp
10:27:25.819,1,-4.0374,1.511312,-1.672192,guided_exp
10:27:25.902,1,-4.041801,1.452482,-1.671331,guided_exp
10:27:25.986,1,-4.042728,1.509382,-1.672885,guided_exp
10:27:26.069,1,-4.043203,1.452014,-1.674422,guided_exp
10:27:26.153,1,-4.042205,1.509242,-1.675133,guided_exp
10:27:26.235,1,-4.040623,1.451235,-1.676267,guided_exp
10:27:26.319,1,-4.039817,1.507894,-1.677484,guided_exp
10:27:26.402,1,-4.03644,1.451426,-1.6764,guided_exp
10:27:26.486,1,-4.033963,1.503739,-1.676454,guided_exp
10:27:26.570,1,-4.027615,1.449936,-1.669572,guided_exp
10:27:26.652,1,-4.027631,1.501851,-1.669632,guided_exp
10:27:26.736,1,-4.027009,1.449734,-1.668421,guided_exp
10:27:26.819,1,-4.021276,1.503201,-1.66723,guided_exp
10:27:26.902,1,-4.018098,1.448573,-1.668543,guided_exp
10:27:26.986,1,-4.015121,1.502933,-1.667601,guided_exp
10:27:27.069,1,-4.012093,1.449206,-1.665141,guided_exp
10:27:27.152,1,-4.010532,1.501822,-1.664977,guided_exp
10:27:27.235,1,-4.008724,1.452602,-1.667091,guided_exp
10:27:27.319,1,-4.016179,1.502372,-1.677171,guided_exp
10:27:27.402,1,-4.020738,1.455141,-1.681517,guided_exp
10:27:27.485,1,-4.027603,1.500197,-1.677835,guided_exp
10:27:27.569,1,-4.037721,1.459881,-1.67662,guided_exp
10:27:27.652,1,-4.054294,1.501496,-1.681391,guided_exp
10:27:27.736,1,-4.071544,1.462919,-1.686923,guided_exp
10:27:27.819,1,-4.083023,1.501663,-1.692994,guided_exp
10:27:27.903,1,-4.092359,1.463839,-1.710644,guided_exp
10:27:27.986,1,-4.101148,1.503949,-1.729555,guided_exp
10:27:28.070,1,-4.095772,1.464844,-1.734397,guided_exp
10:27:28.152,1,-4.116626,1.504077,-1.758816,guided_exp
10:27:28.303,1,-4.121908,1.465971,-1.800571,guided_exp
10:27:28.402,1,-4.105916,1.505676,-1.835171,guided_exp
10:27:28.485,1,-4.090877,1.467409,-1.852661,guided_exp
10:27:28.569,1,-4.08706,1.505464,-1.858389,guided_exp
10:27:28.653,1,-4.08661,1.473038,-1.858637,guided_exp
10:27:28.736,1,-4.087207,1.505464,-1.860172,guided_exp
10:27:28.819,1,-4.089052,1.465728,-1.859066,guided_exp
10:27:28.902,1,-4.09842,1.506355,-1.851691,guided_exp
10:27:28.986,1,-4.100931,1.460304,-1.849773,guided_exp
10:27:29.069,1,-4.104573,1.506454,-1.844496,guided_exp
10:27:29.153,1,-4.065977,1.456003,-1.84871,guided_exp
10:27:29.235,1,-4.063305,1.506244,-1.84722,guided_exp
10:27:29.335,1,-4.0629,1.454612,-1.847318,guided_exp
10:27:29.419,1,-4.060051,1.506849,-1.844244,guided_exp
10:27:29.502,1,-4.060309,1.452177,-1.844601,guided_exp
10:27:29.586,1,-4.060677,1.50759,-1.845359,guided_exp
10:27:29.669,1,-4.061323,1.452981,-1.845866,guided_exp
10:27:29.753,1,-4.060541,1.509053,-1.846449,guided_exp
10:27:29.835,1,-4.060652,1.456502,-1.846617,guided_exp
10:27:29.919,1,-4.060801,1.50973,-1.846985,guided_exp
10:27:30.003,1,-4.060001,1.465201,-1.844031,guided_exp
10:27:30.086,1,-4.062899,1.509949,-1.844098,guided_exp
10:27:30.169,1,-4.068563,1.470925,-1.83955,guided_exp
10:27:30.252,1,-4.070498,1.511306,-1.840006,guided_exp
10:27:30.336,2,-2.617457,1.471698,-1.676288,guided_exp
10:27:30.336,1,-4.073763,1.512014,-1.840174,guided_exp
10:27:30.419,2,-2.6177,1.47098,-1.676116,guided_exp
10:27:30.419,1,-4.077442,1.510859,-1.843688,guided_exp
10:27:30.552,2,-2.627108,1.471439,-1.682432,guided_exp
10:27:30.552,1,-4.089787,1.509576,-1.83832,guided_exp
10:27:30.636,2,-2.641018,1.4724,-1.694071,guided_exp
10:27:30.637,1,-4.097057,1.510616,-1.833122,guided_exp
10:27:30.719,2,-2.676205,1.477212,-1.716738,guided_exp
10:27:30.719,1,-4.107697,1.510012,-1.827062,guided_exp
10:27:30.802,2,-2.716523,1.480401,-1.740993,guided_exp
10:27:30.802,1,-4.130175,1.509448,-1.8137,guided_exp
10:27:30.886,2,-2.752964,1.480648,-1.758246,guided_exp
10:27:30.886,1,-4.146347,1.507661,-1.804274,guided_exp
10:27:30.969,2,-2.802679,1.477165,-1.779361,guided_exp
10:27:30.969,1,-4.17398,1.503133,-1.785728,guided_exp
10:27:31.052,2,-2.842281,1.476039,-1.799845,guided_exp
10:27:31.052,1,-4.183439,1.503879,-1.780477,guided_exp
10:27:31.135,2,-2.890668,1.474551,-1.823605,guided_exp
10:27:31.136,1,-4.203351,1.502073,-1.768488,guided_exp
10:27:31.219,2,-2.915005,1.471579,-1.837263,guided_exp
10:27:31.219,1,-4.210884,1.500369,-1.759489,guided_exp
10:27:31.302,2,-2.944476,1.471173,-1.865049,guided_exp
10:27:31.302,1,-4.228418,1.499538,-1.741916,guided_exp
10:27:31.386,2,-2.960945,1.471531,-1.877193,guided_exp
10:27:31.386,1,-4.238406,1.500268,-1.731713,guided_exp
10:27:31.469,2,-2.98261,1.471864,-1.893473,guided_exp
10:27:31.469,1,-4.248793,1.500608,-1.708514,guided_exp
10:27:31.553,2,-3.000915,1.473085,-1.907142,guided_exp
10:27:31.553,1,-4.250673,1.499311,-1.699555,guided_exp
10:27:31.653,2,-3.021213,1.473595,-1.923321,guided_exp
10:27:31.653,1,-4.253525,1.497904,-1.679545,guided_exp
10:27:31.735,2,-3.038446,1.471153,-1.945743,guided_exp
10:27:31.735,1,-4.251828,1.500135,-1.666319,guided_exp
10:27:31.819,2,-3.045219,1.467387,-1.962102,guided_exp
10:27:31.819,1,-4.250476,1.503894,-1.644966,guided_exp
10:27:31.902,2,-3.056641,1.466534,-1.993993,guided_exp
10:27:31.902,1,-4.246671,1.507893,-1.615125,guided_exp
10:27:31.986,2,-3.063313,1.465875,-2.015813,guided_exp
10:27:31.987,1,-4.242643,1.509398,-1.602614,guided_exp
10:27:32.069,2,-3.070935,1.465379,-2.045288,guided_exp
10:27:32.069,1,-4.229925,1.511067,-1.561517,guided_exp
10:27:32.202,2,-3.083234,1.464564,-2.086117,guided_exp
10:27:32.202,1,-4.207293,1.512292,-1.504468,guided_exp
10:27:32.353,2,-3.090694,1.463886,-2.123414,guided_exp
10:27:32.353,1,-4.18947,1.513022,-1.446663,guided_exp
10:27:32.453,2,-3.092245,1.463045,-2.146782,guided_exp
10:27:32.453,1,-4.171974,1.514314,-1.407178,guided_exp
10:27:32.535,2,-3.09356,1.462541,-2.169559,guided_exp
10:27:32.536,1,-4.15916,1.514189,-1.387077,guided_exp
10:27:32.619,2,-3.094857,1.462046,-2.182898,guided_exp
10:27:32.620,1,-4.153663,1.513501,-1.373334,guided_exp
10:27:32.702,2,-3.094773,1.461587,-2.195522,guided_exp
10:27:32.702,1,-4.148433,1.512074,-1.354908,guided_exp
10:27:32.786,2,-3.094593,1.461695,-2.207565,guided_exp
10:27:32.786,1,-4.146838,1.511664,-1.34913,guided_exp
10:27:32.869,2,-3.091099,1.461698,-2.215972,guided_exp
10:27:32.869,1,-4.145586,1.51324,-1.338067,guided_exp
10:27:32.953,2,-3.087962,1.461639,-2.221841,guided_exp
10:27:32.953,1,-4.14433,1.513817,-1.333347,guided_exp
10:27:33.053,2,-3.081846,1.462424,-2.228121,guided_exp
10:27:33.053,1,-4.14636,1.514748,-1.322683,guided_exp
10:27:33.153,2,-3.075134,1.468194,-2.232007,guided_exp
10:27:33.153,1,-4.146804,1.515072,-1.316933,guided_exp
10:27:33.253,2,-3.060361,1.473756,-2.232555,guided_exp
10:27:33.253,1,-4.146614,1.516239,-1.314455,guided_exp
10:27:33.352,2,-3.050411,1.477491,-2.23475,guided_exp
10:27:33.352,1,-4.146279,1.515721,-1.308616,guided_exp
10:27:33.452,2,-3.036217,1.478658,-2.243711,guided_exp
10:27:33.452,1,-4.146491,1.515058,-1.309203,guided_exp
10:27:33.553,2,-3.032505,1.476242,-2.244571,guided_exp
10:27:33.553,1,-4.146362,1.515145,-1.308292,guided_exp
10:27:33.653,2,-3.030743,1.472647,-2.2463,guided_exp
10:27:33.653,1,-4.150129,1.515064,-1.297738,guided_exp
10:27:33.753,2,-3.029345,1.469696,-2.248729,guided_exp
10:27:33.753,1,-4.141165,1.515497,-1.291574,guided_exp
10:27:33.853,2,-3.027932,1.466783,-2.251578,guided_exp
10:27:33.853,1,-4.127025,1.514709,-1.28303,guided_exp
10:27:33.953,2,-3.028395,1.466587,-2.252988,guided_exp
10:27:33.953,1,-4.122312,1.515923,-1.273968,guided_exp
10:27:34.052,2,-3.029991,1.472012,-2.254597,guided_exp
10:27:34.053,1,-4.115566,1.515798,-1.254471,guided_exp
10:27:34.153,2,-3.032026,1.47977,-2.259048,guided_exp
10:27:34.153,1,-4.110713,1.515207,-1.23583,guided_exp
10:27:34.252,2,-3.034364,1.484705,-2.262806,guided_exp
10:27:34.252,1,-4.103651,1.515973,-1.193221,guided_exp
10:27:34.336,2,-3.038947,1.485718,-2.264536,guided_exp
10:27:34.336,1,-4.108771,1.516384,-1.155265,guided_exp
10:27:34.419,2,-3.04108,1.478785,-2.265512,guided_exp
10:27:34.419,1,-4.118901,1.515354,-1.131638,guided_exp
10:27:34.503,2,-3.043109,1.474635,-2.265917,guided_exp
10:27:34.503,1,-4.122983,1.515268,-1.069043,guided_exp
10:27:34.586,2,-3.046533,1.466283,-2.266282,guided_exp
10:27:34.586,1,-4.129383,1.514989,-1.022451,guided_exp
10:27:34.669,2,-3.049111,1.469586,-2.265928,guided_exp
10:27:34.670,1,-4.125907,1.514415,-0.980527,guided_exp
10:27:34.752,2,-3.051373,1.473491,-2.265026,guided_exp
10:27:34.752,1,-4.135448,1.513449,-0.952053,guided_exp
10:27:34.836,2,-3.054145,1.480331,-2.263729,guided_exp
10:27:34.837,1,-4.136572,1.512801,-0.931793,guided_exp
10:27:34.919,2,-3.060075,1.487613,-2.261508,guided_exp
10:27:34.919,1,-4.138797,1.512749,-0.891369,guided_exp
10:27:35.002,2,-3.062866,1.480165,-2.260044,guided_exp
10:27:35.002,1,-4.139755,1.512848,-0.867711,guided_exp
10:27:35.086,2,-3.065741,1.477696,-2.260123,guided_exp
10:27:35.086,1,-4.134965,1.51277,-0.8556,guided_exp
10:27:35.169,2,-3.070603,1.46902,-2.260457,guided_exp
10:27:35.169,1,-4.13113,1.511907,-0.837935,guided_exp
10:27:35.252,2,-3.071361,1.460764,-2.260335,guided_exp
10:27:35.252,1,-4.124954,1.511409,-0.82676,guided_exp
10:27:35.335,2,-3.073335,1.472313,-2.261536,guided_exp
10:27:35.336,1,-4.12262,1.511002,-0.81885,guided_exp
10:27:35.419,2,-3.074136,1.466794,-2.262017,guided_exp
10:27:35.420,1,-4.121103,1.510401,-0.816871,guided_exp
10:27:35.519,2,-3.075464,1.471259,-2.263048,guided_exp
10:27:35.520,1,-4.118505,1.510672,-0.81229,guided_exp
10:27:35.602,2,-3.076033,1.456898,-2.262736,guided_exp
10:27:35.602,1,-4.113518,1.51045,-0.807621,guided_exp
10:27:35.685,2,-3.077311,1.460475,-2.262876,guided_exp
10:27:35.686,1,-4.110148,1.510728,-0.805549,guided_exp
10:27:35.769,2,-3.078953,1.480987,-2.262272,guided_exp
10:27:35.769,1,-4.111525,1.510661,-0.8032,guided_exp
10:27:35.852,2,-3.080052,1.45614,-2.261028,guided_exp
10:27:35.853,1,-4.112054,1.510373,-0.803187,guided_exp
10:27:35.935,2,-3.080907,1.455999,-2.260273,guided_exp
10:27:35.936,1,-4.10951,1.510297,-0.802919,guided_exp
10:27:36.019,2,-3.081399,1.453647,-2.259625,guided_exp
10:27:36.019,1,-4.109638,1.509717,-0.80318,guided_exp
10:27:36.102,2,-3.08236,1.451583,-2.258146,guided_exp
10:27:36.102,1,-4.109547,1.510029,-0.803643,guided_exp
10:27:36.186,2,-3.083314,1.453864,-2.258452,guided_exp
10:27:36.186,1,-4.10806,1.509139,-0.803283,guided_exp
10:27:36.269,2,-3.0839,1.451075,-2.257986,guided_exp
10:27:36.269,1,-4.105578,1.507686,-0.802839,guided_exp
10:27:36.353,2,-3.084387,1.447898,-2.258179,guided_exp
10:27:36.353,1,-4.105505,1.506453,-0.803285,guided_exp
10:27:36.453,2,-3.085099,1.449297,-2.2586,guided_exp
10:27:36.453,1,-4.098228,1.504395,-0.804625,guided_exp
10:27:36.553,2,-3.085821,1.446073,-2.260259,guided_exp
10:27:36.553,1,-4.098504,1.502958,-0.806642,guided_exp
10:27:36.653,2,-3.086487,1.452321,-2.261722,guided_exp
10:27:36.653,1,-4.094585,1.503488,-0.805457,guided_exp
10:27:36.753,2,-3.086846,1.440684,-2.262649,guided_exp
10:27:36.753,1,-4.091795,1.501346,-0.805616,guided_exp
10:27:36.835,2,-3.087394,1.433346,-2.263753,guided_exp
10:27:36.836,1,-4.0897,1.500228,-0.805426,guided_exp
10:27:36.919,2,-3.087171,1.416423,-2.264078,guided_exp
10:27:36.919,1,-4.090417,1.499297,-0.806046,guided_exp
10:27:37.002,2,-3.087496,1.418069,-2.264566,guided_exp
10:27:37.002,1,-4.091278,1.503508,-0.806697,guided_exp
10:27:37.086,2,-3.087953,1.461004,-2.265094,guided_exp
10:27:37.086,1,-4.091743,1.502548,-0.806833,guided_exp
10:27:37.169,2,-3.087862,1.437651,-2.26481,guided_exp
10:27:37.169,1,-4.089615,1.508563,-0.806206,guided_exp
10:27:37.252,2,-3.087871,1.334411,-2.264549,guided_exp
10:27:37.252,1,-4.091101,1.510101,-0.806176,guided_exp
10:27:37.336,2,-3.088177,1.325634,-2.264504,guided_exp
10:27:37.337,1,-4.090908,1.500242,-0.807584,guided_exp
10:27:37.419,2,-3.088465,1.423035,-2.264064,guided_exp
10:27:37.419,1,-4.090242,1.497531,-0.807936,guided_exp
10:27:37.502,2,-3.088659,1.436444,-2.263692,guided_exp
10:27:37.502,1,-4.090846,1.505881,-0.807856,guided_exp
10:27:37.586,2,-3.088798,1.42902,-2.26345,guided_exp
10:27:37.587,1,-4.089342,1.503203,-0.808463,guided_exp
10:27:37.686,2,-3.088726,1.410263,-2.26329,guided_exp
10:27:37.686,1,-4.089246,1.500305,-0.80808,guided_exp
10:27:37.769,2,-3.088727,1.41862,-2.263342,guided_exp
10:27:37.769,1,-4.089513,1.494738,-0.808127,guided_exp
10:27:37.853,2,-3.088708,1.416907,-2.263323,guided_exp
10:27:37.853,1,-4.091308,1.492902,-0.803775,guided_exp
10:27:37.952,2,-3.08871,1.415268,-2.263395,guided_exp
10:27:37.953,1,-4.089655,1.485525,-0.80422,guided_exp
10:27:38.035,2,-3.088679,1.415805,-2.263877,guided_exp
10:27:38.036,1,-4.110301,1.483928,-0.795808,guided_exp
10:27:38.119,2,-3.088582,1.410652,-2.263767,guided_exp
10:27:38.119,1,-4.111829,1.479844,-0.79553,guided_exp
10:27:38.219,2,-3.089458,1.436947,-2.264196,guided_exp
10:27:38.219,1,-4.112798,1.474839,-0.796384,guided_exp
10:27:38.302,2,-3.089513,1.415023,-2.265325,guided_exp
10:27:38.302,1,-4.113594,1.486912,-0.795196,guided_exp
10:27:38.385,2,-3.089534,1.355092,-2.265908,guided_exp
10:27:38.386,1,-4.11498,1.503891,-0.796321,guided_exp
10:27:38.469,2,-3.089772,1.464059,-2.266469,guided_exp
10:27:38.469,1,-4.116154,1.506892,-0.79608,guided_exp
10:27:38.552,2,-3.089756,1.46509,-2.266411,guided_exp
10:27:38.553,1,-4.116601,1.502759,-0.797422,guided_exp
10:27:38.635,2,-3.089785,1.46703,-2.266706,guided_exp
10:27:38.636,1,-4.116385,1.49927,-0.797264,guided_exp
10:27:38.719,2,-3.090171,1.467841,-2.266938,guided_exp
10:27:38.720,1,-4.107569,1.490061,-0.803387,guided_exp
10:27:38.802,2,-3.090422,1.468494,-2.2672,guided_exp
10:27:38.802,1,-4.102125,1.486578,-0.810058,guided_exp
10:27:38.935,2,-3.091786,1.472799,-2.268653,guided_exp
10:27:38.936,1,-4.101794,1.495743,-0.815823,guided_exp
10:27:39.019,2,-3.091659,1.469132,-2.268869,guided_exp
10:27:39.019,1,-4.101115,1.494931,-0.818967,guided_exp
10:27:39.103,2,-3.0923,1.461436,-2.269341,guided_exp
10:27:39.103,1,-4.100695,1.489805,-0.818712,guided_exp
10:27:39.185,2,-3.093208,1.473147,-2.269687,guided_exp
10:27:39.186,1,-4.100408,1.48568,-0.819354,guided_exp
10:27:39.270,2,-3.09489,1.470041,-2.270194,guided_exp
10:27:39.270,1,-4.096615,1.485551,-0.821044,guided_exp
10:27:39.352,2,-3.095674,1.465227,-2.271222,guided_exp
10:27:39.352,1,-4.097242,1.49652,-0.820726,guided_exp
10:27:39.436,2,-3.095983,1.474172,-2.271784,guided_exp
10:27:39.437,1,-4.106183,1.504887,-0.816998,guided_exp
10:27:39.519,2,-3.0959,1.451162,-2.272077,guided_exp
10:27:39.519,1,-4.110255,1.517878,-0.814837,guided_exp
10:27:39.669,2,-3.095245,1.455215,-2.272514,guided_exp
10:27:39.669,1,-4.115581,1.518522,-0.80942,guided_exp
10:27:39.752,2,-3.094887,1.464785,-2.272278,guided_exp
10:27:39.752,1,-4.114609,1.499133,-0.80812,guided_exp
10:27:39.836,2,-3.092306,1.47447,-2.27139,guided_exp
10:27:39.836,1,-4.113235,1.493455,-0.80922,guided_exp
10:27:39.919,2,-3.091245,1.480563,-2.271617,guided_exp
10:27:39.919,1,-4.112735,1.491992,-0.809745,guided_exp
10:27:40.002,2,-3.091174,1.480877,-2.272064,guided_exp
10:27:40.002,1,-4.109607,1.482161,-0.814612,guided_exp
10:27:40.086,2,-3.091334,1.474901,-2.272613,guided_exp
10:27:40.086,1,-4.10929,1.490804,-0.814729,guided_exp
10:27:40.169,2,-3.090763,1.472425,-2.272867,guided_exp
10:27:40.170,1,-4.115139,1.501962,-0.811476,guided_exp
10:27:40.252,2,-3.090529,1.474681,-2.272839,guided_exp
10:27:40.252,1,-4.121335,1.496224,-0.811047,guided_exp
10:27:40.336,2,-3.089633,1.47424,-2.272568,guided_exp
10:27:40.337,1,-4.123304,1.498253,-0.810871,guided_exp
10:27:40.419,2,-3.088076,1.474539,-2.271658,guided_exp
10:27:40.419,1,-4.124675,1.497272,-0.816187,guided_exp
10:27:40.503,2,-3.088332,1.474936,-2.271573,guided_exp
10:27:40.503,1,-4.125223,1.496821,-0.819511,guided_exp
10:27:40.585,2,-3.087166,1.353784,-2.270061,guided_exp
10:27:40.586,1,-4.127006,1.485517,-0.825815,guided_exp
10:27:40.719,2,-3.087231,1.533463,-2.269135,guided_exp
10:27:40.719,1,-4.126482,1.490679,-0.841864,guided_exp
10:27:40.803,2,-3.087506,1.542749,-2.26891,guided_exp
10:27:40.803,1,-4.125652,1.487657,-0.845187,guided_exp
10:27:40.886,2,-3.088042,1.656949,-2.268703,guided_exp
10:27:40.886,1,-4.098902,1.48447,-0.864126,guided_exp
10:27:40.970,2,-3.088623,1.656949,-2.268693,guided_exp
10:27:40.970,1,-4.094503,1.494399,-0.870265,guided_exp
10:27:41.052,2,-3.087829,1.656949,-2.268395,guided_exp
10:27:41.052,1,-4.094023,1.495307,-0.875224,guided_exp
10:27:41.136,2,-3.087903,1.656949,-2.268419,guided_exp
10:27:41.137,1,-4.089512,1.499044,-0.883219,guided_exp
10:27:41.219,2,-3.087971,1.656949,-2.268209,guided_exp
10:27:41.219,1,-4.092244,1.500002,-0.883657,guided_exp
10:27:41.302,2,-3.088125,1.656949,-2.268013,guided_exp
10:27:41.302,1,-4.095372,1.503796,-0.889838,guided_exp
10:27:41.385,2,-3.088475,1.656949,-2.268182,guided_exp
10:27:41.386,1,-4.097365,1.502683,-0.891552,guided_exp
10:27:41.469,2,-3.089057,1.656949,-2.268714,guided_exp
10:27:41.469,1,-4.097775,1.505211,-0.892758,guided_exp
10:27:41.620,2,-3.089876,1.656949,-2.268749,guided_exp
10:27:41.620,1,-4.100419,1.504592,-0.893612,guided_exp
10:27:41.702,2,-3.090488,1.656949,-2.268831,guided_exp
10:27:41.702,1,-4.093523,1.501934,-0.895454,guided_exp
10:27:41.786,2,-3.090969,1.656949,-2.269005,guided_exp
10:27:41.787,1,-4.094087,1.500836,-0.896823,guided_exp
10:27:41.869,2,-3.091665,1.656949,-2.269239,guided_exp
10:27:41.869,1,-4.097623,1.499438,-0.896718,guided_exp
10:27:41.953,2,-3.092461,1.656949,-2.268665,guided_exp
10:27:41.953,1,-4.099209,1.498391,-0.896727,guided_exp
10:27:42.053,2,-3.094483,1.656949,-2.267646,guided_exp
10:27:42.053,1,-4.107505,1.495573,-0.894529,guided_exp
10:27:42.135,2,-3.094955,1.656949,-2.266594,guided_exp
10:27:42.136,1,-4.110619,1.495752,-0.893713,guided_exp
10:27:42.220,2,-3.095628,1.656949,-2.265368,guided_exp
10:27:42.220,1,-4.111255,1.495929,-0.893557,guided_exp
10:27:42.302,2,-3.096156,1.656949,-2.263418,guided_exp
10:27:42.302,1,-4.114857,1.495781,-0.892891,guided_exp
10:27:42.386,2,-3.096235,1.656949,-2.261017,guided_exp
10:27:42.387,1,-4.119126,1.496563,-0.891816,guided_exp
10:27:42.469,2,-3.096361,1.656949,-2.253819,guided_exp
10:27:42.469,1,-4.118395,1.496108,-0.889522,guided_exp
10:27:42.553,2,-3.095195,1.656949,-2.248272,guided_exp
10:27:42.553,1,-4.115622,1.496606,-0.888922,guided_exp
10:27:42.653,2,-3.092892,1.656949,-2.23183,guided_exp
10:27:42.653,1,-4.114951,1.497241,-0.887947,guided_exp
10:27:42.735,2,-3.084977,1.656949,-2.212105,guided_exp
10:27:42.736,1,-4.116359,1.497023,-0.886404,guided_exp
10:27:42.820,2,-3.076209,1.656949,-2.197204,guided_exp
10:27:42.820,1,-4.11779,1.497842,-0.885988,guided_exp
10:27:42.919,2,-3.056021,1.656949,-2.161316,guided_exp
10:27:42.920,1,-4.121289,1.498396,-0.88543,guided_exp
10:27:43.002,2,-3.029086,1.656949,-2.117053,guided_exp
10:27:43.002,1,-4.151266,1.49842,-0.886071,guided_exp
10:27:43.086,2,-3.00697,1.656949,-2.07845,guided_exp
10:27:43.087,1,-4.164338,1.498951,-0.889098,guided_exp
10:27:43.169,2,-2.970739,1.656949,-2.016037,guided_exp
10:27:43.169,1,-4.164243,1.499938,-0.881643,guided_exp
10:27:43.253,2,-2.93845,1.656949,-1.966843,guided_exp
10:27:43.253,1,-4.175054,1.498978,-0.879152,guided_exp
10:27:43.335,2,-2.901878,1.656949,-1.907077,guided_exp
10:27:43.336,1,-4.177674,1.499562,-0.881797,guided_exp
10:27:43.420,2,-2.881895,1.656949,-1.871944,guided_exp
10:27:43.420,1,-4.177928,1.500306,-0.886366,guided_exp
10:27:43.502,2,-2.85038,1.501342,-1.824362,guided_exp
10:27:43.502,1,-4.198404,1.502312,-0.903219,guided_exp
10:27:43.635,2,-2.812235,1.506492,-1.765849,guided_exp
10:27:43.636,1,-4.203779,1.504411,-0.936391,guided_exp
10:27:43.720,2,-2.783769,1.503805,-1.750014,guided_exp
10:27:43.720,1,-4.207065,1.502384,-0.962948,guided_exp
10:27:43.802,2,-2.755433,1.502772,-1.717048,guided_exp
10:27:43.802,1,-4.221165,1.503062,-1.017346,guided_exp
10:27:43.935,2,-2.696079,1.501976,-1.681717,guided_exp
10:27:43.936,1,-4.243362,1.501223,-1.076131,guided_exp
10:27:44.020,2,-2.67363,1.500329,-1.671155,guided_exp
10:27:44.020,1,-4.253278,1.499482,-1.097206,guided_exp
10:27:44.102,2,-2.632145,1.499042,-1.643952,guided_exp
10:27:44.102,1,-4.261103,1.498715,-1.117101,guided_exp
10:27:44.186,2,-2.612938,1.499026,-1.632977,guided_exp
10:27:44.187,1,-4.273812,1.500277,-1.144544,guided_exp
10:27:44.269,2,-2.582748,1.499303,-1.626308,guided_exp
10:27:44.269,1,-4.290173,1.499421,-1.169341,guided_exp
10:27:44.353,2,-2.568721,1.499566,-1.620189,guided_exp
10:27:44.353,1,-4.309759,1.500397,-1.181611,guided_exp
10:27:44.453,2,-2.546698,1.500984,-1.614476,guided_exp
10:27:44.453,1,-4.350827,1.500298,-1.201676,guided_exp
10:27:44.535,2,-2.540616,1.499409,-1.611815,guided_exp
10:27:44.536,1,-4.387171,1.499203,-1.231429,guided_exp
10:27:44.669,2,-2.52319,1.497295,-1.606719,guided_exp
10:27:44.669,1,-4.459154,1.499757,-1.267905,guided_exp
10:27:44.753,2,-2.519109,1.496305,-1.606439,guided_exp
10:27:44.753,1,-4.471192,1.495129,-1.277608,guided_exp
10:27:44.836,2,-2.512883,1.491865,-1.607387,guided_exp
10:27:44.836,1,-4.506317,1.489758,-1.296513,guided_exp
10:27:44.920,2,-2.510903,1.487844,-1.595913,guided_exp
10:27:44.920,1,-4.526975,1.487321,-1.314859,guided_exp
10:27:45.002,2,-2.50665,1.489212,-1.608852,guided_exp
10:27:45.002,1,-4.546449,1.487597,-1.341563,guided_exp
10:27:45.153,2,-2.508507,1.488889,-1.603511,guided_exp
10:27:45.153,1,-4.557925,1.498085,-1.356684,guided_exp
10:27:45.235,2,-2.509124,1.49687,-1.603442,guided_exp
10:27:45.236,1,-4.562935,1.499847,-1.377704,guided_exp
10:27:45.319,2,-2.509651,1.50474,-1.605039,guided_exp
10:27:45.319,1,-4.574572,1.498532,-1.406482,guided_exp
10:27:45.402,2,-2.511358,1.497424,-1.609999,guided_exp
10:27:45.402,1,-4.55653,1.482697,-1.425917,guided_exp
10:27:45.485,2,-2.51343,1.491751,-1.610547,guided_exp
10:27:45.486,1,-4.54113,1.488399,-1.440603,guided_exp
10:27:45.569,2,-2.515123,1.490511,-1.611206,guided_exp
10:27:45.569,1,-4.51969,1.493516,-1.469216,guided_exp
10:27:45.653,2,-2.51721,1.473733,-1.611247,guided_exp
10:27:45.653,1,-4.504289,1.483072,-1.489457,guided_exp
10:27:45.735,2,-2.525769,1.483052,-1.611073,guided_exp
10:27:45.736,1,-4.490794,1.478838,-1.52601,guided_exp
10:27:45.820,2,-2.52899,1.484551,-1.611887,guided_exp
10:27:45.820,1,-4.479341,1.490014,-1.541482,guided_exp
10:27:45.902,2,-2.561373,1.492705,-1.617336,guided_exp
10:27:45.903,1,-4.462145,1.496408,-1.571685,guided_exp
10:27:45.986,2,-2.586729,1.500843,-1.621419,guided_exp
10:27:45.987,1,-4.448205,1.499652,-1.5849,guided_exp
10:27:46.086,2,-2.622875,1.499235,-1.636673,guided_exp
10:27:46.087,1,-4.438626,1.497908,-1.612081,guided_exp
10:27:46.169,2,-2.663366,1.494497,-1.652404,guided_exp
10:27:46.169,1,-4.439343,1.49402,-1.612882,guided_exp
10:27:46.253,2,-2.714424,1.492592,-1.673656,guided_exp
10:27:46.253,1,-4.439551,1.493117,-1.625619,guided_exp
10:27:46.336,2,-2.805363,1.493261,-1.712533,guided_exp
10:27:46.336,1,-4.440194,1.494349,-1.630377,guided_exp
10:27:46.420,2,-2.86282,1.499793,-1.748169,guided_exp
10:27:46.420,1,-4.433689,1.500224,-1.639642,guided_exp
10:27:46.502,2,-2.958695,1.505423,-1.794447,guided_exp
10:27:46.502,1,-4.437162,1.503325,-1.63704,guided_exp
10:27:46.635,2,-3.065857,1.50896,-1.85287,guided_exp
10:27:46.636,1,-4.436217,1.511711,-1.63714,guided_exp
10:27:46.720,2,-3.104078,1.51079,-1.875867,guided_exp
10:27:46.720,1,-4.436301,1.508852,-1.64068,guided_exp
10:27:46.802,2,-3.15662,1.511332,-1.912894,guided_exp
10:27:46.802,1,-4.440015,1.511901,-1.639508,guided_exp
10:27:46.935,2,-3.21533,1.511247,-1.945123,guided_exp
10:27:46.936,1,-4.440106,1.509053,-1.642012,guided_exp
10:27:47.020,2,-3.23761,1.505527,-1.95923,guided_exp
10:27:47.020,1,-4.442077,1.50459,-1.640591,guided_exp
10:27:47.102,2,-3.279989,1.50195,-1.978911,guided_exp
10:27:47.102,1,-4.440431,1.4994,-1.64177,guided_exp
10:27:47.186,2,-3.310654,1.497797,-1.98588,guided_exp
10:27:47.187,1,-4.443503,1.496686,-1.650162,guided_exp
10:27:47.269,2,-3.346061,1.495193,-1.992101,guided_exp
10:27:47.269,1,-4.438162,1.496269,-1.650267,guided_exp
10:27:47.353,2,-3.369117,1.496645,-1.989176,guided_exp
10:27:47.353,1,-4.437399,1.497361,-1.648091,guided_exp
10:27:47.453,2,-3.402434,1.496497,-1.986926,guided_exp
10:27:47.453,1,-4.435163,1.496441,-1.649271,guided_exp
10:27:47.535,2,-3.44529,1.498061,-1.988126,guided_exp
10:27:47.536,1,-4.430459,1.498372,-1.658199,guided_exp
10:27:47.669,2,-3.478339,1.499717,-1.983311,guided_exp
10:27:47.669,1,-4.425286,1.500098,-1.662016,guided_exp
10:27:47.753,2,-3.502062,1.498051,-1.980064,guided_exp
10:27:47.753,1,-4.411281,1.499788,-1.675016,guided_exp
10:27:47.836,2,-3.530483,1.495572,-1.977677,guided_exp
10:27:47.836,1,-4.397746,1.492199,-1.681572,guided_exp
10:27:47.920,2,-3.543107,1.490968,-1.974841,guided_exp
10:27:47.920,1,-4.39102,1.492903,-1.687363,guided_exp
10:27:48.002,2,-3.561113,1.492454,-1.973437,guided_exp
10:27:48.002,1,-4.368278,1.485817,-1.69564,guided_exp
10:27:48.153,2,-3.574022,1.482075,-1.971223,guided_exp
10:27:48.153,1,-4.34061,1.48642,-1.695992,guided_exp
10:27:48.236,2,-3.578309,1.485735,-1.968438,guided_exp
10:27:48.236,1,-4.31841,1.489426,-1.688711,guided_exp
10:27:48.320,2,-3.579522,1.490311,-1.966751,guided_exp
10:27:48.320,1,-4.302599,1.491044,-1.683439,guided_exp
10:27:48.402,2,-3.578084,1.491219,-1.962931,guided_exp
10:27:48.403,1,-4.26321,1.494855,-1.665321,guided_exp
10:27:48.486,2,-3.575452,1.496344,-1.960098,guided_exp
10:27:48.487,1,-4.233101,1.498327,-1.654784,guided_exp
10:27:48.569,2,-3.569499,1.510789,-1.956331,guided_exp
10:27:48.569,1,-4.190711,1.510627,-1.637187,guided_exp
10:27:48.653,2,-3.567229,1.51006,-1.953072,guided_exp
10:27:48.653,1,-4.152252,1.507532,-1.640694,guided_exp
10:27:48.736,2,-3.561615,1.50782,-1.948665,guided_exp
10:27:48.736,1,-4.086549,1.507321,-1.607843,guided_exp
10:27:48.820,2,-3.560676,1.508396,-1.945934,guided_exp
10:27:48.820,1,-4.035249,1.509236,-1.581986,guided_exp
10:27:48.902,2,-3.562443,1.509601,-1.944199,guided_exp
10:27:48.903,1,-4.000329,1.510098,-1.573545,guided_exp
10:27:48.986,2,-3.560647,1.510181,-1.943824,guided_exp
10:27:48.987,1,-4.041966,1.510888,-1.617852,guided_exp
10:27:49.069,2,-3.559451,1.511814,-1.938212,guided_exp
10:27:49.069,1,-4.01621,1.513317,-1.595786,guided_exp
10:27:49.153,2,-3.559172,1.418096,-1.935632,guided_exp
10:27:49.153,1,-4.046387,1.51446,-1.602819,guided_exp
10:27:49.236,2,-3.558158,1.417625,-1.933595,guided_exp
10:27:49.236,1,-3.998212,1.513513,-1.56018,guided_exp
10:27:49.369,2,-3.558009,1.414242,-1.932587,guided_exp
10:27:49.369,1,-3.560975,1.518433,-1.645294,guided_exp
10:27:49.520,2,-3.555159,1.414037,-1.931227,guided_exp
10:27:49.520,1,-3.560524,1.517967,-1.475286,guided_exp
10:27:49.602,2,-3.553193,1.417172,-1.931167,guided_exp
10:27:49.602,1,-3.454337,1.518009,-1.472438,guided_exp
10:27:49.687,2,-3.551905,1.413687,-1.931256,guided_exp
10:27:49.687,1,-3.406866,1.511481,-1.473587,guided_exp
10:27:49.769,2,-3.548018,1.410022,-1.933385,guided_exp
10:27:49.769,1,-3.339437,1.509989,-1.488751,guided_exp
10:27:49.902,2,-3.545338,1.407182,-1.935219,guided_exp
10:27:49.902,1,-3.21785,1.506486,-1.440494,guided_exp
10:27:49.986,2,-3.543915,1.406779,-1.937008,guided_exp
10:27:49.987,1,-3.174033,1.509219,-1.441801,guided_exp
10:27:50.069,2,-3.540906,1.411556,-1.939399,guided_exp
10:27:50.069,1,-3.104964,1.505131,-1.415714,guided_exp
10:27:50.153,2,-3.539468,1.417163,-1.941801,guided_exp
10:27:50.154,1,-3.050745,1.506892,-1.41747,guided_exp
10:27:50.236,2,-3.536981,1.421195,-1.943638,guided_exp
10:27:50.236,1,-2.982009,1.504508,-1.394972,guided_exp
10:27:50.319,2,-3.536309,1.42224,-1.944605,guided_exp
10:27:50.320,1,-2.911689,1.502519,-1.377775,guided_exp
10:27:50.402,2,-3.533287,1.424569,-1.945291,guided_exp
10:27:50.402,1,-2.823143,1.504471,-1.349617,guided_exp
10:27:50.552,2,-3.533297,1.425707,-1.945637,guided_exp
10:27:50.553,1,-2.707879,1.505744,-1.317864,guided_exp
10:27:50.636,2,-3.533476,1.426386,-1.946583,guided_exp
10:27:50.636,1,-2.652698,1.50677,-1.315575,guided_exp
10:27:50.719,2,-3.533885,1.427946,-1.948008,guided_exp
10:27:50.719,1,-2.616569,1.507719,-1.317269,guided_exp
10:27:50.802,2,-3.533723,1.428708,-1.948777,guided_exp
10:27:50.803,1,-2.586106,1.508756,-1.298745,guided_exp
10:27:50.903,2,-3.534022,1.43094,-1.94896,guided_exp
10:27:50.904,1,-2.547138,1.507902,-1.28729,guided_exp
10:27:50.986,2,-3.534463,1.428436,-1.949374,guided_exp
10:27:50.986,1,-2.411314,1.499784,-1.324617,guided_exp
10:27:51.069,2,-3.53673,1.426676,-1.950487,guided_exp
10:27:51.069,1,-2.308803,1.492116,-1.335134,guided_exp
10:27:51.153,2,-3.537125,1.4226,-1.951422,guided_exp
10:27:51.153,1,-2.261829,1.496652,-1.329804,guided_exp
10:27:51.236,2,-3.540275,1.421655,-1.951955,guided_exp
10:27:51.236,1,-2.208027,1.489372,-1.332969,guided_exp
10:27:51.319,2,-3.540999,1.426765,-1.952355,guided_exp
10:27:51.319,1,-2.155357,1.490964,-1.33565,guided_exp
10:27:51.403,2,-3.542087,1.428827,-1.95326,guided_exp
10:27:51.403,1,-2.099333,1.491127,-1.329669,guided_exp
10:27:51.486,2,-3.542123,1.42946,-1.953325,guided_exp
10:27:51.486,1,-2.045726,1.491591,-1.343769,guided_exp
10:27:51.570,2,-3.542164,1.432586,-1.953931,guided_exp
10:27:51.570,1,-1.998151,1.492388,-1.331344,guided_exp
10:27:51.652,2,-3.542183,1.432972,-1.954431,guided_exp
10:27:51.653,1,-1.968454,1.485163,-1.324876,guided_exp
10:27:51.736,2,-3.543223,1.431432,-1.955636,guided_exp
10:27:51.737,1,-1.903208,1.48678,-1.300326,guided_exp
10:27:51.819,2,-3.543761,1.427952,-1.957539,guided_exp
10:27:51.819,1,-1.877867,1.48772,-1.287784,guided_exp
10:27:51.903,2,-3.543893,1.425804,-1.957414,guided_exp
10:27:51.904,1,-1.830111,1.487825,-1.248148,guided_exp
10:27:51.986,2,-3.545602,1.424966,-1.956828,guided_exp
10:27:51.986,1,-1.762222,1.48721,-1.237124,guided_exp
10:27:52.070,2,-3.545748,1.424122,-1.956688,guided_exp
10:27:52.070,1,-1.732758,1.48485,-1.208281,guided_exp
10:27:52.153,2,-3.546507,1.426025,-1.956077,guided_exp
10:27:52.153,1,-1.710135,1.483252,-1.186395,guided_exp
10:27:52.236,2,-3.546644,1.440382,-1.954922,guided_exp
10:27:52.237,1,-1.652923,1.481915,-1.18598,guided_exp
10:27:52.320,2,-3.546802,1.442947,-1.954631,guided_exp
10:27:52.320,1,-1.62323,1.481102,-1.191018,guided_exp
10:27:52.402,2,-3.546268,1.443281,-1.952473,guided_exp
10:27:52.403,1,-1.599656,1.486328,-1.187929,guided_exp
10:27:52.486,2,-3.546428,1.443447,-1.952265,guided_exp
10:27:52.486,1,-1.570991,1.492461,-1.195129,guided_exp
10:27:52.569,2,-3.54653,1.443869,-1.951281,guided_exp
10:27:52.569,1,-1.517688,1.487242,-1.220067,guided_exp
10:27:52.652,2,-3.546602,1.443735,-1.95059,guided_exp
10:27:52.653,1,-1.489535,1.484214,-1.225169,guided_exp
10:27:52.736,2,-3.546479,1.443737,-1.949415,guided_exp
10:27:52.736,1,-1.444325,1.481946,-1.243408,guided_exp
10:27:52.819,2,-3.546782,1.442732,-1.949316,guided_exp
10:27:52.820,1,-1.424076,1.476494,-1.249045,guided_exp
10:27:52.902,2,-3.54727,1.442411,-1.947517,guided_exp
10:27:52.903,1,-1.386516,1.473036,-1.257295,guided_exp
10:27:52.986,2,-3.547271,1.441692,-1.947185,guided_exp
10:27:52.987,1,-1.364443,1.47017,-1.265417,guided_exp
10:27:53.069,2,-3.546721,1.441608,-1.946456,guided_exp
10:27:53.069,1,-1.34533,1.468734,-1.273788,guided_exp
10:27:53.153,2,-3.546063,1.441977,-1.945992,guided_exp
10:27:53.153,1,-1.340693,1.467388,-1.277105,guided_exp
10:27:53.236,2,-3.546031,1.44224,-1.94541,guided_exp
10:27:53.236,1,-1.330659,1.467141,-1.279054,guided_exp
10:27:53.320,2,-3.546108,1.442573,-1.944834,guided_exp
10:27:53.320,1,-1.326553,1.509586,-1.278611,guided_exp
10:27:53.402,2,-3.54597,1.441662,-1.944486,guided_exp
10:27:53.403,1,-1.316937,1.510005,-1.276953,guided_exp
10:27:53.486,2,-3.545974,1.440753,-1.944042,guided_exp
10:27:53.487,1,-1.314421,1.510482,-1.278611,guided_exp
10:27:53.569,2,-3.545739,1.439366,-1.942941,guided_exp
10:27:53.569,1,-1.313234,1.510615,-1.279014,guided_exp
10:27:53.653,2,-3.545551,1.439842,-1.943301,guided_exp
10:27:53.654,1,-1.312428,1.511999,-1.279225,guided_exp
10:27:53.753,2,-3.545922,1.440149,-1.943372,guided_exp
10:27:53.754,1,-1.310874,1.507253,-1.279008,guided_exp
10:27:53.836,2,-3.54601,1.43959,-1.943071,guided_exp
10:27:53.836,1,-1.31018,1.505972,-1.279134,guided_exp
10:27:53.920,2,-3.546645,1.439547,-1.943186,guided_exp
10:27:53.920,1,-1.309549,1.509654,-1.278548,guided_exp
10:27:54.002,2,-3.546854,1.439074,-1.944053,guided_exp
10:27:54.003,1,-1.307044,1.507462,-1.277484,guided_exp
10:27:54.086,2,-3.547791,1.439348,-1.944843,guided_exp
10:27:54.087,1,-1.306741,1.506506,-1.278368,guided_exp
10:27:54.169,2,-3.548787,1.440003,-1.945704,guided_exp
10:27:54.169,1,-1.305606,1.50841,-1.277884,guided_exp
10:27:54.253,2,-3.549596,1.440282,-1.94676,guided_exp
10:27:54.253,1,-1.305265,1.510137,-1.277717,guided_exp
10:27:54.336,2,-3.549717,1.4401,-1.947203,guided_exp
10:27:54.336,1,-1.304623,1.50874,-1.277984,guided_exp
10:27:54.469,2,-3.550823,1.440162,-1.947857,guided_exp
10:27:54.469,1,-1.302124,1.51781,-1.27707,guided_exp
10:27:54.553,2,-3.551318,1.440344,-1.948049,guided_exp
10:27:54.553,1,-1.30081,1.518085,-1.277364,guided_exp
10:27:54.636,2,-3.550808,1.440307,-1.947718,guided_exp
10:27:54.636,1,-1.301865,1.517214,-1.277055,guided_exp
10:27:54.769,2,-3.549933,1.440567,-1.945656,guided_exp
10:27:54.769,1,-1.299266,1.517547,-1.278484,guided_exp
10:27:54.853,2,-3.54935,1.441097,-1.944254,guided_exp
10:27:54.853,1,-1.30023,1.519087,-1.277803,guided_exp
10:27:54.953,2,-3.549462,1.440851,-1.943582,guided_exp
10:27:54.954,1,-1.300961,1.520672,-1.277586,guided_exp
10:27:55.036,2,-3.549523,1.441079,-1.942638,guided_exp
10:27:55.036,1,-1.301058,1.51852,-1.27742,guided_exp
10:27:55.120,2,-3.549929,1.441076,-1.941773,guided_exp
10:27:55.120,1,-1.302091,1.518505,-1.277013,guided_exp
10:27:55.202,2,-3.549439,1.441525,-1.941277,guided_exp
10:27:55.202,1,-1.303073,1.514156,-1.276348,guided_exp
10:27:55.286,2,-3.549468,1.441587,-1.941005,guided_exp
10:27:55.287,1,-1.302889,1.514497,-1.276911,guided_exp
10:27:55.369,2,-3.54991,1.441458,-1.938164,guided_exp
10:27:55.369,1,-1.302361,1.516471,-1.276272,guided_exp
10:27:55.453,2,-3.550167,1.441508,-1.937761,guided_exp
10:27:55.453,1,-1.302751,1.516021,-1.275496,guided_exp
10:27:55.553,2,-3.550445,1.441221,-1.936856,guided_exp
10:27:55.554,1,-1.303626,1.511241,-1.274713,guided_exp
10:27:55.636,2,-3.55238,1.441504,-1.935849,guided_exp
10:27:55.636,1,-1.303528,1.510128,-1.274298,guided_exp
10:27:55.720,2,-3.55316,1.441729,-1.934678,guided_exp
10:27:55.720,1,-1.30509,1.507842,-1.273622,guided_exp
10:27:55.802,2,-3.554291,1.441727,-1.934685,guided_exp
10:27:55.803,1,-1.30458,1.507204,-1.273729,guided_exp
10:27:55.886,2,-3.555094,1.441918,-1.933889,guided_exp
10:27:55.887,1,-1.304838,1.509063,-1.273479,guided_exp
10:27:55.969,2,-3.556218,1.441884,-1.933741,guided_exp
10:27:55.969,1,-1.305233,1.514162,-1.273013,guided_exp
10:27:56.102,2,-3.557565,1.441895,-1.932007,guided_exp
10:27:56.102,1,-1.304692,1.514808,-1.273151,guided_exp
10:27:56.236,2,-3.559799,1.442011,-1.931891,guided_exp
10:27:56.236,1,-1.303617,1.513326,-1.275186,guided_exp
10:27:56.320,2,-3.560063,1.441915,-1.931593,guided_exp
10:27:56.320,1,-1.303976,1.511516,-1.275798,guided_exp
10:27:56.402,2,-3.560724,1.441952,-1.930599,guided_exp
10:27:56.403,1,-1.30373,1.507996,-1.275961,guided_exp
10:27:56.486,2,-3.560552,1.441924,-1.929591,guided_exp
10:27:56.487,1,-1.30414,1.508401,-1.276321,guided_exp
10:27:56.569,2,-3.560047,1.441915,-1.929368,guided_exp
10:27:56.569,1,-1.30556,1.508353,-1.276857,guided_exp
10:27:56.653,2,-3.560001,1.441824,-1.929323,guided_exp
10:27:56.653,1,-1.305679,1.516949,-1.276949,guided_exp
10:27:56.736,2,-3.559813,1.441766,-1.928853,guided_exp
10:27:56.736,1,-1.304425,1.514548,-1.277485,guided_exp
10:27:56.869,2,-3.55842,1.441607,-1.927857,guided_exp
10:27:56.869,1,-1.304733,1.496871,-1.277909,guided_exp
10:27:56.953,2,-3.558013,1.441677,-1.928073,guided_exp
10:27:56.953,1,-1.30473,1.496785,-1.27838,guided_exp
10:27:57.036,2,-3.557534,1.441768,-1.927942,guided_exp
10:27:57.036,1,-1.304859,1.495644,-1.279756,guided_exp
10:27:57.169,2,-3.556613,1.441668,-1.928463,guided_exp
10:27:57.169,1,-1.298747,1.495895,-1.289949,guided_exp
10:27:57.320,2,-3.555653,1.441583,-1.928475,guided_exp
10:27:57.320,1,-1.298152,1.492914,-1.294765,guided_exp
10:27:57.402,2,-3.555537,1.441309,-1.928467,guided_exp
10:27:57.403,1,-1.305609,1.493628,-1.302708,guided_exp
10:27:57.486,2,-3.555731,1.441152,-1.928687,guided_exp
10:27:57.486,1,-1.308941,1.499256,-1.30772,guided_exp
10:27:57.569,2,-3.556421,1.441005,-1.929545,guided_exp
10:27:57.569,1,-1.315831,1.498942,-1.31115,guided_exp
10:27:57.653,2,-3.556601,1.441296,-1.930832,guided_exp
10:27:57.653,1,-1.326026,1.498202,-1.321459,guided_exp
10:27:57.736,2,-3.55654,1.441414,-1.931889,guided_exp
10:27:57.736,1,-1.340746,1.501936,-1.328831,guided_exp
10:27:57.820,2,-3.557269,1.44139,-1.933333,guided_exp
10:27:57.820,1,-1.346935,1.499293,-1.336305,guided_exp
10:27:57.903,2,-3.556997,1.441401,-1.93619,guided_exp
10:27:57.903,1,-1.370751,1.498532,-1.344841,guided_exp
10:27:57.986,2,-3.556526,1.440987,-1.936975,guided_exp
10:27:57.987,1,-1.378839,1.499575,-1.348627,guided_exp
10:27:58.069,2,-3.556333,1.441103,-1.937869,guided_exp
10:27:58.070,1,-1.392147,1.500045,-1.352554,guided_exp
10:27:58.153,2,-3.555946,1.440472,-1.939321,guided_exp
10:27:58.153,1,-1.395796,1.491744,-1.357086,guided_exp
10:27:58.253,2,-3.555046,1.439983,-1.940777,guided_exp
10:27:58.254,1,-1.402148,1.491372,-1.361143,guided_exp
10:27:58.336,2,-3.5546,1.439855,-1.941478,guided_exp
10:27:58.336,1,-1.401916,1.495126,-1.361881,guided_exp
10:27:58.420,2,-3.554434,1.440009,-1.941942,guided_exp
10:27:58.420,1,-1.401326,1.49423,-1.363037,guided_exp
10:27:58.502,2,-3.554251,1.439629,-1.942455,guided_exp
10:27:58.503,1,-1.397668,1.493356,-1.364507,guided_exp
10:27:58.586,2,-3.553894,1.43949,-1.942625,guided_exp
10:27:58.587,1,-1.39282,1.491889,-1.364842,guided_exp
10:27:58.669,2,-3.554324,1.43981,-1.94231,guided_exp
10:27:58.669,1,-1.384761,1.492252,-1.365241,guided_exp
10:27:58.753,2,-3.554716,1.439593,-1.942237,guided_exp
10:27:58.753,1,-1.374989,1.490988,-1.361934,guided_exp
10:27:58.853,2,-3.556095,1.439714,-1.941528,guided_exp
10:27:58.853,1,-1.367549,1.493236,-1.363725,guided_exp
10:27:58.936,2,-3.55695,1.439615,-1.941792,guided_exp
10:27:58.936,1,-1.360618,1.492353,-1.361273,guided_exp
10:27:59.020,2,-3.558166,1.439413,-1.940991,guided_exp
10:27:59.020,1,-1.35727,1.491091,-1.360808,guided_exp
10:27:59.102,2,-3.559595,1.439004,-1.941124,guided_exp
10:27:59.103,1,-1.351477,1.489504,-1.360258,guided_exp
10:27:59.187,2,-3.562616,1.439414,-1.941117,guided_exp
10:27:59.187,1,-1.345368,1.492356,-1.360338,guided_exp
10:27:59.269,2,-3.563993,1.439598,-1.941347,guided_exp
10:27:59.269,1,-1.334187,1.494008,-1.360516,guided_exp
10:27:59.420,2,-3.565655,1.439232,-1.941133,guided_exp
10:27:59.420,1,-1.325357,1.494487,-1.357341,guided_exp
10:27:59.502,2,-3.567038,1.439321,-1.940908,guided_exp
10:27:59.502,1,-1.31894,1.493081,-1.354835,guided_exp
10:27:59.636,2,-3.569395,1.439346,-1.939304,guided_exp
10:27:59.636,1,-1.306207,1.495056,-1.346561,guided_exp
10:27:59.720,2,-3.569832,1.439322,-1.939083,guided_exp
10:27:59.720,1,-1.305526,1.493201,-1.345921,guided_exp
10:27:59.802,2,-3.570489,1.439282,-1.938393,guided_exp
10:27:59.802,1,-1.302069,1.490787,-1.34424,guided_exp
10:27:59.886,2,-3.570376,1.439085,-1.938089,guided_exp
10:27:59.887,1,-1.297677,1.493031,-1.341949,guided_exp
10:27:59.969,2,-3.570338,1.439728,-1.937909,guided_exp
10:27:59.969,1,-1.295377,1.492953,-1.339459,guided_exp
10:28:00.053,2,-3.570327,1.439854,-1.937788,guided_exp
10:28:00.054,1,-1.292074,1.475378,-1.336874,guided_exp
10:28:00.136,2,-3.570034,1.439903,-1.937587,guided_exp
10:28:00.136,1,-1.290399,1.481095,-1.335425,guided_exp
10:28:00.220,2,-3.569845,1.440091,-1.938023,guided_exp
10:28:00.220,1,-1.290138,1.48437,-1.335374,guided_exp
10:28:00.302,2,-3.569469,1.439835,-1.938359,guided_exp
10:28:00.302,1,-1.289633,1.483232,-1.334091,guided_exp
10:28:00.436,2,-3.568743,1.439761,-1.938876,guided_exp
10:28:00.436,1,-1.288843,1.482718,-1.333746,guided_exp
10:28:00.520,2,-3.568546,1.439622,-1.938985,guided_exp
10:28:00.520,1,-1.288815,1.482933,-1.333697,guided_exp
10:28:00.602,2,-3.568414,1.439798,-1.938995,guided_exp
10:28:00.603,1,-1.288054,1.475988,-1.33163,guided_exp
10:28:00.687,2,-3.567818,1.439836,-1.939089,guided_exp
10:28:00.687,1,-1.287262,1.473675,-1.330482,guided_exp
10:28:00.769,2,-3.567332,1.439466,-1.939519,guided_exp
10:28:00.769,1,-1.286241,1.474763,-1.331399,guided_exp
10:28:00.903,2,-3.56681,1.43935,-1.939947,guided_exp
10:28:00.903,1,-1.285986,1.475728,-1.332038,guided_exp
10:28:00.987,2,-3.56636,1.43957,-1.939631,guided_exp
10:28:00.987,1,-1.285545,1.474412,-1.331664,guided_exp
10:28:01.069,2,-3.565612,1.439656,-1.93982,guided_exp
10:28:01.069,1,-1.285113,1.472998,-1.332504,guided_exp
10:28:01.153,2,-3.565289,1.440043,-1.939874,guided_exp
10:28:01.153,1,-1.284618,1.471835,-1.332558,guided_exp
10:28:01.236,2,-3.564072,1.439584,-1.939964,guided_exp
10:28:01.236,1,-1.284131,1.476053,-1.333406,guided_exp
10:28:01.386,2,-3.563046,1.439303,-1.940247,guided_exp
10:28:01.387,1,-1.284102,1.472607,-1.333673,guided_exp
10:28:01.469,2,-3.563331,1.439708,-1.940023,guided_exp
10:28:01.469,1,-1.284078,1.475141,-1.334607,guided_exp
10:28:01.602,2,-3.562536,1.438982,-1.93956,guided_exp
10:28:01.603,1,-1.284699,1.478662,-1.335588,guided_exp
10:28:01.687,2,-3.562381,1.4365,-1.939584,guided_exp
10:28:01.687,1,-1.284853,1.478031,-1.335737,guided_exp
10:28:01.769,2,-3.561915,1.438402,-1.939625,guided_exp
10:28:01.769,1,-1.285209,1.47884,-1.336772,guided_exp
10:28:01.902,2,-3.560759,1.439493,-1.939427,guided_exp
10:28:01.903,1,-1.286361,1.480128,-1.337617,guided_exp
10:28:01.986,2,-3.560637,1.438385,-1.939343,guided_exp
10:28:01.987,1,-1.286716,1.482019,-1.337611,guided_exp
10:28:02.069,2,-3.559316,1.435312,-1.938796,guided_exp
10:28:02.069,1,-1.287169,1.489877,-1.337858,guided_exp
10:28:02.153,2,-3.559578,1.434877,-1.938581,guided_exp
10:28:02.154,1,-1.287642,1.452376,-1.337828,guided_exp
10:28:02.236,2,-3.559452,1.433658,-1.938298,guided_exp
10:28:02.236,1,-1.289413,1.47382,-1.338375,guided_exp
10:28:02.320,2,-3.559614,1.428332,-1.938471,guided_exp
10:28:02.320,1,-1.289566,1.480636,-1.338084,guided_exp
10:28:02.403,2,-3.559707,1.437943,-1.938159,guided_exp
10:28:02.403,1,-1.290936,1.478714,-1.337673,guided_exp
10:28:02.486,2,-3.559892,1.43196,-1.938333,guided_exp
10:28:02.487,1,-1.291271,1.478447,-1.337659,guided_exp
10:28:02.569,2,-3.560188,1.435954,-1.938109,guided_exp
10:28:02.569,1,-1.29161,1.488608,-1.337615,guided_exp
10:28:02.720,2,-3.559767,1.429244,-1.93843,guided_exp
10:28:02.720,1,-1.293381,1.491487,-1.33766,guided_exp
10:28:02.802,2,-3.5597,1.435652,-1.938691,guided_exp
10:28:02.803,1,-1.295503,1.491793,-1.337399,guided_exp
10:28:02.887,2,-3.559876,1.428871,-1.939079,guided_exp
10:28:02.887,1,-1.297848,1.485445,-1.337247,guided_exp
10:28:02.969,2,-3.560395,1.42772,-1.939294,guided_exp
10:28:02.969,1,-1.302123,1.488698,-1.334901,guided_exp
10:28:03.102,2,-3.559903,1.438691,-1.939464,guided_exp
10:28:03.102,1,-1.305748,1.485752,-1.334259,guided_exp
10:28:03.186,2,-3.559197,1.438247,-1.938851,guided_exp
10:28:03.187,1,-1.307736,1.491109,-1.333522,guided_exp
10:28:03.269,2,-3.558709,1.435127,-1.938344,guided_exp
10:28:03.269,1,-1.307557,1.493893,-1.333259,guided_exp
10:28:03.353,2,-3.558706,1.438193,-1.937999,guided_exp
10:28:03.354,1,-1.310138,1.495269,-1.331823,guided_exp
10:28:03.436,2,-3.558285,1.433561,-1.937856,guided_exp
10:28:03.436,1,-1.318715,1.496916,-1.330793,guided_exp
10:28:03.520,2,-3.558301,1.434873,-1.93791,guided_exp
10:28:03.520,1,-1.323061,1.502419,-1.329506,guided_exp
10:28:03.602,2,-3.557387,1.432765,-1.937942,guided_exp
10:28:03.603,1,-1.32346,1.499672,-1.329534,guided_exp
10:28:03.687,2,-3.557362,1.435776,-1.937758,guided_exp
10:28:03.687,1,-1.323479,1.497731,-1.329619,guided_exp
10:28:03.769,2,-3.557137,1.434607,-1.937674,guided_exp
10:28:03.769,1,-1.326585,1.504852,-1.329515,guided_exp
10:28:03.902,2,-3.55655,1.433831,-1.937701,guided_exp
10:28:03.903,1,-1.335251,1.513039,-1.327028,guided_exp
10:28:03.987,2,-3.556415,1.420527,-1.938263,guided_exp
10:28:03.987,1,-1.335549,1.510709,-1.326074,guided_exp
10:28:04.069,2,-3.556521,1.413221,-1.938553,guided_exp
10:28:04.069,1,-1.338579,1.506616,-1.325009,guided_exp
10:28:04.153,2,-3.556435,1.411901,-1.938258,guided_exp
10:28:04.154,1,-1.340565,1.501487,-1.324579,guided_exp
10:28:04.236,2,-3.557051,1.411148,-1.938721,guided_exp
10:28:04.236,1,-1.343583,1.503791,-1.324039,guided_exp
10:28:04.369,2,-3.556887,1.410739,-1.938803,guided_exp
10:28:04.369,1,-1.346459,1.502562,-1.324572,guided_exp
10:28:04.520,2,-3.556638,1.408784,-1.938845,guided_exp
10:28:04.520,1,-1.347903,1.503516,-1.323363,guided_exp
10:28:04.602,2,-3.556717,1.40525,-1.939322,guided_exp
10:28:04.603,1,-1.348902,1.508209,-1.321289,guided_exp
10:28:04.687,2,-3.557368,1.404359,-1.939975,guided_exp
10:28:04.687,1,-1.349356,1.514027,-1.321355,guided_exp
10:28:04.769,2,-3.558057,1.407845,-1.940859,guided_exp
10:28:04.769,1,-1.348327,1.515315,-1.319097,guided_exp
10:28:04.902,2,-3.559592,1.416469,-1.942167,guided_exp
10:28:04.903,1,-1.348638,1.517824,-1.318701,guided_exp
10:28:04.986,2,-3.559839,1.417622,-1.942381,guided_exp
10:28:04.986,1,-1.348861,1.509738,-1.318789,guided_exp
10:28:05.070,2,-3.560134,1.424662,-1.943033,guided_exp
10:28:05.070,1,-1.348626,1.507176,-1.318302,guided_exp
10:28:05.153,2,-3.560836,1.425943,-1.943634,guided_exp
10:28:05.153,1,-1.348315,1.512411,-1.318665,guided_exp
10:28:05.236,2,-3.562456,1.42778,-1.945404,guided_exp
10:28:05.236,1,-1.348242,1.518029,-1.318892,guided_exp
10:28:05.320,2,-3.56303,1.423219,-1.945737,guided_exp
10:28:05.320,1,-1.347966,1.517222,-1.318776,guided_exp
10:28:05.403,2,-3.564862,1.419499,-1.946769,guided_exp
10:28:05.403,1,-1.347228,1.51908,-1.318515,guided_exp
10:28:05.487,2,-3.566707,1.401039,-1.947455,guided_exp
10:28:05.487,1,-1.346913,1.519386,-1.318706,guided_exp
10:28:05.569,2,-3.567924,1.40096,-1.947053,guided_exp
10:28:05.569,1,-1.346475,1.529558,-1.3188,guided_exp
10:28:05.653,2,-3.567983,1.403291,-1.946982,guided_exp
10:28:05.654,1,-1.346078,1.522337,-1.318664,guided_exp
10:28:05.736,2,-3.569146,1.414138,-1.946734,guided_exp
10:28:05.736,1,-1.345841,1.518187,-1.318771,guided_exp
10:28:05.820,2,-3.570154,1.421551,-1.946966,guided_exp
10:28:05.820,1,-1.34556,1.519445,-1.318693,guided_exp
10:28:05.903,2,-3.573567,1.432175,-1.947217,guided_exp
10:28:05.903,1,-1.344844,1.516482,-1.319147,guided_exp
10:28:05.987,2,-3.574575,1.435821,-1.947323,guided_exp
10:28:05.987,1,-1.343686,1.52178,-1.318916,guided_exp
10:28:06.069,2,-3.575453,1.439019,-1.947862,guided_exp
10:28:06.069,1,-1.343339,1.519608,-1.319546,guided_exp
10:28:06.153,2,-3.5769,1.439949,-1.948157,guided_exp
10:28:06.153,1,-1.343453,1.521232,-1.319965,guided_exp
10:28:06.236,2,-3.579675,1.439535,-1.949356,guided_exp
10:28:06.236,1,-1.342271,1.521758,-1.320399,guided_exp
10:28:06.319,2,-3.580586,1.429546,-1.949713,guided_exp
10:28:06.319,1,-1.342284,1.52518,-1.319882,guided_exp
10:28:06.403,2,-3.581327,1.430177,-1.949189,guided_exp
10:28:06.403,1,-1.342198,1.523474,-1.319985,guided_exp
10:28:06.486,2,-3.584683,1.428548,-1.95036,guided_exp
10:28:06.487,1,-1.342794,1.520696,-1.320901,guided_exp
10:28:06.569,2,-3.602888,1.42537,-1.949825,guided_exp
10:28:06.569,1,-1.343074,1.517305,-1.321492,guided_exp
10:28:06.703,2,-3.632199,1.4305,-1.937863,guided_exp
10:28:06.703,1,-1.34423,1.515257,-1.322444,guided_exp
10:28:06.786,2,-3.660456,1.431509,-1.919931,guided_exp
10:28:06.787,1,-1.345133,1.514645,-1.322769,guided_exp
10:28:06.869,2,-3.708344,1.435961,-1.896119,guided_exp
10:28:06.870,1,-1.345892,1.510956,-1.323344,guided_exp
10:28:06.953,2,-3.728524,1.438905,-1.876171,guided_exp
10:28:06.953,1,-1.346679,1.511302,-1.3237,guided_exp
10:28:07.036,2,-3.781059,1.444796,-1.84151,guided_exp
10:28:07.036,1,-1.347396,1.510012,-1.324281,guided_exp
10:28:07.120,2,-3.821192,1.446372,-1.813398,guided_exp
10:28:07.120,1,-1.348168,1.516138,-1.32437,guided_exp
10:28:07.202,2,-3.868497,1.446743,-1.778293,guided_exp
10:28:07.203,1,-1.349444,1.504618,-1.324485,guided_exp
10:28:07.286,2,-3.903154,1.446215,-1.767117,guided_exp
10:28:07.287,1,-1.350039,1.503334,-1.324548,guided_exp
10:28:07.369,2,-3.954559,1.443915,-1.74396,guided_exp
10:28:07.369,1,-1.351549,1.499387,-1.324546,guided_exp
10:28:07.453,2,-3.989518,1.441757,-1.733078,guided_exp
10:28:07.454,1,-1.352668,1.4964,-1.324642,guided_exp
10:28:07.536,2,-4.03957,1.439051,-1.726223,guided_exp
10:28:07.536,1,-1.353458,1.489176,-1.324632,guided_exp
10:28:07.669,2,-4.125697,1.439387,-1.71254,guided_exp
10:28:07.669,1,-1.354969,1.491467,-1.324839,guided_exp
10:28:07.819,2,-4.231741,1.440042,-1.711099,guided_exp
10:28:07.819,1,-1.358502,1.491914,-1.3242,guided_exp
10:28:07.903,2,-4.29074,1.440967,-1.712184,guided_exp
10:28:07.903,1,-1.35877,1.499948,-1.324384,guided_exp
10:28:07.986,2,-4.324193,1.440223,-1.718073,guided_exp
10:28:07.986,1,-1.359656,1.491806,-1.324925,guided_exp
10:28:08.070,2,-4.374198,1.43898,-1.717478,guided_exp
10:28:08.070,1,-1.360309,0.189218,-1.325421,guided_exp
10:28:08.153,2,-4.398444,1.440866,-1.723609,guided_exp
10:28:08.153,1,-1.361058,0.277925,-1.325703,guided_exp
10:28:08.236,2,-4.421413,1.441575,-1.720606,guided_exp
10:28:08.236,1,-1.361852,0.199608,-1.325672,guided_exp
10:28:08.320,2,-4.449474,1.44195,-1.72007,guided_exp
10:28:08.320,1,-1.362952,0.139219,-1.325472,guided_exp
10:28:08.403,2,-4.463858,1.441867,-1.72301,guided_exp
10:28:08.403,1,-1.363502,0.352097,-1.326259,guided_exp
10:28:08.487,2,-4.470947,1.437913,-1.71881,guided_exp
10:28:08.487,1,-1.363652,1.516755,-1.326147,guided_exp
10:28:08.569,2,-4.480558,1.436716,-1.7157,guided_exp
10:28:08.570,1,-1.363787,1.571791,-1.326092,guided_exp
10:28:08.653,2,-4.496126,1.43595,-1.711193,guided_exp
10:28:08.654,1,-1.363897,1.560456,-1.326276,guided_exp
10:28:08.736,2,-4.495534,1.435198,-1.711878,guided_exp
10:28:08.736,1,-1.363943,1.541831,-1.3263,guided_exp
10:28:08.869,2,-4.487035,1.435317,-1.714942,guided_exp
10:28:08.869,1,-1.365595,1.532991,-1.327154,guided_exp
10:28:08.953,2,-4.479478,1.435279,-1.71607,guided_exp
10:28:08.954,1,-1.365299,1.517816,-1.327278,guided_exp
10:28:09.036,2,-4.471637,1.435557,-1.717423,guided_exp
10:28:09.036,1,-1.365757,1.488992,-1.327166,guided_exp
10:28:09.120,2,-4.465053,1.434988,-1.71641,guided_exp
10:28:09.120,1,-1.365765,1.478195,-1.327063,guided_exp
10:28:09.202,2,-4.446086,1.435279,-1.712954,guided_exp
10:28:09.203,1,-1.367292,1.472759,-1.327333,guided_exp
10:28:09.286,2,-4.432787,1.435471,-1.710365,guided_exp
10:28:09.286,1,-1.367471,1.481463,-1.327273,guided_exp
10:28:09.369,2,-4.407273,1.435219,-1.704827,guided_exp
10:28:09.370,1,-1.368015,1.481367,-1.327385,guided_exp
10:28:09.452,2,-4.372244,1.43506,-1.696861,guided_exp
10:28:09.453,1,-1.368655,1.484692,-1.327457,guided_exp
10:28:09.536,2,-4.326406,1.434735,-1.687584,guided_exp
10:28:09.536,1,-1.373828,1.528727,-1.328674,guided_exp
10:28:09.619,2,-4.297293,1.434333,-1.678919,guided_exp
10:28:09.619,1,-1.375894,1.511394,-1.329653,guided_exp
10:28:09.703,2,-4.263178,1.434287,-1.675323,guided_exp
10:28:09.703,1,-1.380718,1.482095,-1.331401,guided_exp
10:28:09.786,2,-4.235966,1.434107,-1.67103,guided_exp
10:28:09.786,1,-1.382659,1.488471,-1.332112,guided_exp
10:28:09.870,2,-4.215014,1.433974,-1.667548,guided_exp
10:28:09.870,1,-1.388804,1.492908,-1.335135,guided_exp
10:28:09.953,2,-4.192141,1.432856,-1.66419,guided_exp
10:28:09.953,1,-1.393668,1.480726,-1.335879,guided_exp
10:28:10.037,2,-4.170714,1.432182,-1.662926,guided_exp
10:28:10.037,1,-1.400743,1.481743,-1.339833,guided_exp
10:28:10.119,2,-4.162309,1.43233,-1.664416,guided_exp
10:28:10.120,1,-1.404905,1.484194,-1.342781,guided_exp
10:28:10.203,2,-4.151439,1.432332,-1.663791,guided_exp
10:28:10.204,1,-1.412168,1.478513,-1.345538,guided_exp
10:28:10.286,2,-4.150505,1.432552,-1.664167,guided_exp
10:28:10.286,1,-1.418405,1.482248,-1.350101,guided_exp
10:28:10.370,2,-4.14738,1.432259,-1.663849,guided_exp
10:28:10.370,1,-1.423566,1.490168,-1.353918,guided_exp
10:28:10.453,2,-4.134783,1.43244,-1.664081,guided_exp
10:28:10.453,1,-1.436059,1.49321,-1.362025,guided_exp
10:28:10.537,2,-4.12338,1.432407,-1.661826,guided_exp
10:28:10.537,1,-1.444702,1.492745,-1.368878,guided_exp
10:28:10.620,2,-4.121228,1.432383,-1.661907,guided_exp
10:28:10.620,1,-1.455315,1.485417,-1.376251,guided_exp
10:28:10.703,2,-4.119487,1.432252,-1.661396,guided_exp
10:28:10.703,1,-1.467653,1.475834,-1.390136,guided_exp
10:28:10.786,2,-4.118977,1.432335,-1.66139,guided_exp
10:28:10.786,1,-1.472315,1.473319,-1.398576,guided_exp
10:28:10.869,2,-4.118335,1.431607,-1.661844,guided_exp
10:28:10.869,1,-1.48033,1.472585,-1.422623,guided_exp
10:28:10.953,2,-4.115992,1.431942,-1.66308,guided_exp
10:28:10.953,1,-1.481729,1.464224,-1.443815,guided_exp
10:28:11.036,2,-4.116238,1.431637,-1.662556,guided_exp
10:28:11.036,1,-1.485425,1.465298,-1.47796,guided_exp
10:28:11.119,2,-4.117048,1.431886,-1.662547,guided_exp
10:28:11.120,1,-1.491204,1.464695,-1.511599,guided_exp
10:28:11.203,2,-4.118853,1.431987,-1.663212,guided_exp
10:28:11.203,1,-1.496419,1.455983,-1.558629,guided_exp
10:28:11.287,2,-4.118803,1.432113,-1.663263,guided_exp
10:28:11.287,1,-1.499512,1.460579,-1.580698,guided_exp
10:28:11.369,2,-4.119265,1.432007,-1.66116,guided_exp
10:28:11.369,1,-1.504175,1.462324,-1.610299,guided_exp
10:28:11.453,2,-4.118017,1.431719,-1.660381,guided_exp
10:28:11.453,1,-1.515002,1.452569,-1.651352,guided_exp
10:28:11.537,2,-4.117023,1.431373,-1.659798,guided_exp
10:28:11.537,1,-1.523419,1.456405,-1.677361,guided_exp
10:28:11.619,2,-4.114494,1.431306,-1.658101,guided_exp
10:28:11.619,1,-1.541869,1.455861,-1.709018,guided_exp
10:28:11.703,2,-4.114902,1.431276,-1.656603,guided_exp
10:28:11.704,1,-1.561497,1.457122,-1.729082,guided_exp
10:28:11.786,2,-4.111797,1.431355,-1.654874,guided_exp
10:28:11.786,1,-1.608153,1.455274,-1.763623,guided_exp
10:28:11.870,2,-4.111181,1.43131,-1.654366,guided_exp
10:28:11.870,1,-1.625206,1.454049,-1.782688,guided_exp
10:28:11.953,2,-4.110618,1.431664,-1.654665,guided_exp
10:28:11.953,1,-1.669096,1.45354,-1.820628,guided_exp
10:28:12.037,2,-4.112692,1.431715,-1.654375,guided_exp
10:28:12.037,1,-1.707339,1.452796,-1.847639,guided_exp
10:28:12.120,2,-4.113381,1.431652,-1.654575,guided_exp
10:28:12.120,1,-1.737541,1.455261,-1.870769,guided_exp
10:28:12.203,2,-4.116735,1.431506,-1.655189,guided_exp
10:28:12.203,1,-1.759512,1.455612,-1.885882,guided_exp
10:28:12.286,2,-4.116706,1.43133,-1.655477,guided_exp
10:28:12.287,1,-1.766398,1.456041,-1.889785,guided_exp
10:28:12.369,2,-4.116188,1.43141,-1.655425,guided_exp
10:28:12.370,1,-1.789899,1.455396,-1.90639,guided_exp
10:28:12.453,2,-4.116606,1.431379,-1.65376,guided_exp
10:28:12.453,1,-1.799236,1.456052,-1.914673,guided_exp
10:28:12.536,2,-4.116449,1.43124,-1.653621,guided_exp
10:28:12.536,1,-1.805364,1.45632,-1.920788,guided_exp
10:28:12.669,2,-4.11651,1.431349,-1.654586,guided_exp
10:28:12.669,1,-1.811619,1.457868,-1.926374,guided_exp
10:28:12.753,2,-4.117351,1.431561,-1.654682,guided_exp
10:28:12.753,1,-1.813422,1.458748,-1.93173,guided_exp
10:28:12.836,2,-4.118035,1.431826,-1.655486,guided_exp
10:28:12.836,1,-1.815298,1.45957,-1.936911,guided_exp
10:28:12.920,2,-4.120596,1.431783,-1.654603,guided_exp
10:28:12.920,1,-1.817406,1.460119,-1.940882,guided_exp
10:28:13.003,2,-4.119423,1.432101,-1.655136,guided_exp
10:28:13.003,1,-1.81738,1.460253,-1.945705,guided_exp
10:28:13.086,2,-4.119444,1.432218,-1.655887,guided_exp
10:28:13.086,1,-1.817349,1.460523,-1.950597,guided_exp
10:28:13.169,2,-4.119661,1.431899,-1.655721,guided_exp
10:28:13.170,1,-1.816703,1.460942,-1.956414,guided_exp
10:28:13.253,2,-4.120207,1.431873,-1.655634,guided_exp
10:28:13.254,1,-1.815726,1.461424,-1.958285,guided_exp
10:28:13.336,2,-4.121447,1.431442,-1.655567,guided_exp
10:28:13.336,1,-1.81323,1.463804,-1.961701,guided_exp
10:28:13.420,2,-4.119483,1.431747,-1.656251,guided_exp
10:28:13.420,1,-1.810675,1.465522,-1.962521,guided_exp
10:28:13.503,2,-4.119401,1.431405,-1.656533,guided_exp
10:28:13.503,1,-1.808777,1.465656,-1.963048,guided_exp
10:28:13.587,2,-4.120417,1.431377,-1.657038,guided_exp
10:28:13.587,1,-1.803551,1.467352,-1.963603,guided_exp
10:28:13.669,2,-4.121758,1.4314,-1.657436,guided_exp
10:28:13.670,1,-1.795275,1.467157,-1.959601,guided_exp
10:28:13.753,2,-4.120921,1.431392,-1.658619,guided_exp
10:28:13.754,1,-1.787671,1.467167,-1.956641,guided_exp
10:28:13.836,2,-4.120886,1.431714,-1.658315,guided_exp
10:28:13.836,1,-1.777183,1.467764,-1.949985,guided_exp
10:28:13.969,2,-4.113702,1.431753,-1.660533,guided_exp
10:28:13.969,1,-1.761548,1.466691,-1.937083,guided_exp
10:28:14.120,2,-4.106454,1.430931,-1.663657,guided_exp
10:28:14.121,1,-1.748015,1.466474,-1.921773,guided_exp
10:28:14.203,2,-4.098945,1.431058,-1.668401,guided_exp
10:28:14.203,1,-1.732038,1.466808,-1.906576,guided_exp
10:28:14.287,2,-4.093213,1.431215,-1.671892,guided_exp
10:28:14.287,1,-1.722953,1.46687,-1.897135,guided_exp
10:28:14.369,2,-4.089383,1.431568,-1.67444,guided_exp
10:28:14.370,1,-1.707733,1.466751,-1.886027,guided_exp
10:28:14.453,2,-4.08178,1.431653,-1.678971,guided_exp
10:28:14.454,1,-1.69939,1.466141,-1.875048,guided_exp
10:28:14.536,2,-4.07507,1.431842,-1.685768,guided_exp
10:28:14.536,1,-1.686516,1.465937,-1.862444,guided_exp
10:28:14.620,2,-4.072734,1.431747,-1.691978,guided_exp
10:28:14.621,1,-1.676531,1.464666,-1.852348,guided_exp
10:28:14.720,2,-4.072131,1.431952,-1.712724,guided_exp
10:28:14.721,1,-1.661169,1.465238,-1.83641,guided_exp
10:28:14.803,2,-4.072982,1.432208,-1.733403,guided_exp
10:28:14.803,1,-1.646543,1.465419,-1.825846,guided_exp
10:28:14.887,2,-4.071627,1.432385,-1.746331,guided_exp
10:28:14.887,1,-1.638833,1.465584,-1.817827,guided_exp
10:28:14.969,2,-4.070923,1.432762,-1.772427,guided_exp
10:28:14.969,1,-1.62534,1.466154,-1.803942,guided_exp
10:28:15.102,2,-4.058488,1.43285,-1.818642,guided_exp
10:28:15.103,1,-1.613898,1.46736,-1.792553,guided_exp
10:28:15.186,2,-4.054467,1.432678,-1.845102,guided_exp
10:28:15.186,1,-1.606074,1.467195,-1.785799,guided_exp
10:28:15.269,2,-4.050319,1.43308,-1.878949,guided_exp
10:28:15.269,1,-1.601146,1.467397,-1.780648,guided_exp
10:28:15.353,2,-4.048293,1.433369,-1.90285,guided_exp
10:28:15.354,1,-1.594171,1.467648,-1.772343,guided_exp
10:28:15.436,2,-4.046024,1.433438,-1.927762,guided_exp
10:28:15.436,1,-1.589521,1.467295,-1.768258,guided_exp
10:28:15.520,2,-4.033118,1.433404,-1.944251,guided_exp
10:28:15.520,1,-1.585845,1.467147,-1.766188,guided_exp
10:28:15.603,2,-4.008157,1.43313,-1.95411,guided_exp
10:28:15.603,1,-1.583403,1.468347,-1.760775,guided_exp
10:28:15.687,2,-3.985926,1.433106,-1.967377,guided_exp
10:28:15.687,1,-1.58084,1.467733,-1.75818,guided_exp
10:28:15.769,2,-3.941177,1.433083,-1.979671,guided_exp
10:28:15.769,1,-1.578431,1.466867,-1.756228,guided_exp
10:28:15.903,2,-3.85787,1.433221,-1.999958,guided_exp
10:28:15.903,1,-1.577636,1.46638,-1.756417,guided_exp
10:28:15.987,2,-3.814255,1.432983,-2.005084,guided_exp
10:28:15.987,1,-1.577622,1.468445,-1.756546,guided_exp
10:28:16.087,2,-3.740685,1.433122,-2.016981,guided_exp
10:28:16.088,1,-1.576905,1.46874,-1.756448,guided_exp
10:28:16.169,2,-3.685282,1.433189,-2.029204,guided_exp
10:28:16.169,1,-1.576072,1.46569,-1.756069,guided_exp
10:28:16.303,2,-3.640595,1.433748,-2.038482,guided_exp
10:28:16.303,1,-1.576331,1.464747,-1.757425,guided_exp
10:28:16.387,2,-3.611973,1.433391,-2.0473,guided_exp
10:28:16.387,1,-1.575651,1.461833,-1.757608,guided_exp
10:28:16.469,2,-3.581399,1.433328,-2.055228,guided_exp
10:28:16.469,1,-1.575086,1.45982,-1.758746,guided_exp
10:28:16.603,2,-3.560191,1.433386,-2.065291,guided_exp
10:28:16.603,1,-1.575078,1.46153,-1.760281,guided_exp
10:28:16.736,2,-3.547975,1.433265,-2.070884,guided_exp
10:28:16.736,1,-1.574961,1.458604,-1.761933,guided_exp
10:28:16.820,2,-3.545387,1.433259,-2.072279,guided_exp
10:28:16.820,1,-1.575417,1.461664,-1.762308,guided_exp
10:28:16.903,2,-3.54436,1.433409,-2.073152,guided_exp
10:28:16.903,1,-1.5757,1.462279,-1.762904,guided_exp
10:28:16.986,2,-3.537753,1.433769,-2.076728,guided_exp
10:28:16.986,1,-1.576015,1.464033,-1.763167,guided_exp
10:28:17.069,2,-3.531402,1.433639,-2.079278,guided_exp
10:28:17.069,1,-1.575876,1.462362,-1.767187,guided_exp
10:28:17.203,2,-3.531583,1.433597,-2.077386,guided_exp
10:28:17.203,1,-1.576285,1.462026,-1.767892,guided_exp
10:28:17.287,2,-3.52653,1.433301,-2.077636,guided_exp
10:28:17.287,1,-1.575917,1.462238,-1.76883,guided_exp
10:28:17.369,2,-3.525077,1.433077,-2.076515,guided_exp
10:28:17.369,1,-1.575305,1.461818,-1.769791,guided_exp
10:28:17.453,2,-3.525131,1.432368,-2.076541,guided_exp
10:28:17.454,1,-1.574469,1.46162,-1.769855,guided_exp
10:28:17.553,2,-3.525414,1.432396,-2.077303,guided_exp
10:28:17.553,1,-1.572742,1.461928,-1.77071,guided_exp
10:28:17.636,2,-3.525582,1.432622,-2.077325,guided_exp
10:28:17.636,1,-1.571114,1.462537,-1.77086,guided_exp
10:28:17.719,2,-3.524502,1.432776,-2.078069,guided_exp
10:28:17.719,1,-1.57116,1.462998,-1.769326,guided_exp
10:28:17.803,2,-3.521883,1.433208,-2.079275,guided_exp
10:28:17.803,1,-1.569859,1.462402,-1.770139,guided_exp
10:28:17.886,2,-3.52037,1.433047,-2.079367,guided_exp
10:28:17.886,1,-1.569534,1.464348,-1.770174,guided_exp
10:28:17.969,2,-3.518965,1.432679,-2.078865,guided_exp
10:28:17.970,1,-1.567474,1.463955,-1.77026,guided_exp
10:28:18.053,2,-3.517363,1.432594,-2.078404,guided_exp
10:28:18.053,1,-1.566076,1.464052,-1.769962,guided_exp
10:28:18.137,2,-3.515877,1.431907,-2.07704,guided_exp
10:28:18.137,1,-1.565351,1.463544,-1.769684,guided_exp
10:28:18.219,2,-3.515891,1.431678,-2.076906,guided_exp
10:28:18.219,1,-1.565369,1.461696,-1.769572,guided_exp
10:28:18.303,2,-3.522862,1.431914,-2.073924,guided_exp
10:28:18.304,1,-1.564937,1.461285,-1.768272,guided_exp
10:28:18.386,2,-3.525371,1.432393,-2.072294,guided_exp
10:28:18.386,1,-1.564392,1.461091,-1.766968,guided_exp
10:28:18.537,2,-3.524776,1.432855,-2.072044,guided_exp
10:28:18.537,1,-1.56395,1.464411,-1.766286,guided_exp
10:28:18.637,2,-3.525345,1.43272,-2.07203,guided_exp
10:28:18.637,1,-1.563951,1.462493,-1.765471,guided_exp
10:28:18.737,2,-3.527777,1.432873,-2.07091,guided_exp
10:28:18.737,1,-1.563403,1.46172,-1.76429,guided_exp
10:28:18.819,2,-3.529327,1.433169,-2.070092,guided_exp
10:28:18.819,1,-1.563709,1.46204,-1.764308,guided_exp
10:28:18.904,2,-3.528943,1.433326,-2.070263,guided_exp
10:28:18.904,1,-1.563507,1.462349,-1.76319,guided_exp
10:28:19.003,2,-3.532022,1.433541,-2.070599,guided_exp
10:28:19.004,1,-1.562039,1.462996,-1.762076,guided_exp
10:28:19.086,2,-3.534986,1.4335,-2.070986,guided_exp
10:28:19.086,1,-1.560861,1.462281,-1.760696,guided_exp
10:28:19.170,2,-3.540851,1.433401,-2.070824,guided_exp
10:28:19.170,1,-1.559377,1.462157,-1.759337,guided_exp
10:28:19.253,2,-3.541841,1.433057,-2.070498,guided_exp
10:28:19.253,1,-1.557852,1.46293,-1.757898,guided_exp
10:28:19.337,2,-3.542715,1.432326,-2.071699,guided_exp
10:28:19.337,1,-1.558471,1.463017,-1.757745,guided_exp
10:28:19.419,2,-3.543127,1.431963,-2.071926,guided_exp
10:28:19.419,1,-1.557797,1.462852,-1.757639,guided_exp
10:28:19.503,2,-3.543379,1.432013,-2.072394,guided_exp
10:28:19.504,1,-1.558486,1.462868,-1.756768,guided_exp
10:28:19.603,2,-3.545366,1.431862,-2.074613,guided_exp
10:28:19.604,1,-1.55748,1.46299,-1.755904,guided_exp
10:28:19.704,2,-3.545612,1.431346,-2.075218,guided_exp
10:28:19.704,1,-1.556977,1.46278,-1.75503,guided_exp
10:28:19.786,2,-3.545419,1.430829,-2.078567,guided_exp
10:28:19.786,1,-1.556443,1.461571,-1.753798,guided_exp
10:28:19.870,2,-3.546217,1.430825,-2.079745,guided_exp
10:28:19.870,1,-1.55535,1.46212,-1.752577,guided_exp
10:28:19.953,2,-3.544695,1.43068,-2.081021,guided_exp
10:28:19.953,1,-1.555695,1.462269,-1.752881,guided_exp
10:28:20.036,2,-3.53987,1.430614,-2.088988,guided_exp
10:28:20.036,1,-1.553417,1.462438,-1.750158,guided_exp
10:28:20.137,2,-3.541007,1.430895,-2.090052,guided_exp
10:28:20.137,1,-1.552452,1.462605,-1.749991,guided_exp
10:28:20.237,2,-3.539986,1.430486,-2.091134,guided_exp
10:28:20.237,1,-1.549573,1.462231,-1.74846,guided_exp
10:28:20.337,2,-3.539864,1.430276,-2.093107,guided_exp
10:28:20.337,1,-1.545611,1.462402,-1.746666,guided_exp
10:28:20.419,2,-3.539924,1.430513,-2.09309,guided_exp
10:28:20.419,1,-1.544163,1.462382,-1.744869,guided_exp
10:28:20.503,2,-3.538028,1.430475,-2.094307,guided_exp
10:28:20.503,1,-1.542692,1.462539,-1.744471,guided_exp
10:28:20.586,2,-3.538264,1.429917,-2.092191,guided_exp
10:28:20.587,1,-1.542168,1.461842,-1.743379,guided_exp
10:28:20.669,2,-3.538259,1.429725,-2.092732,guided_exp
10:28:20.669,1,-1.540941,1.462049,-1.742723,guided_exp
10:28:20.753,2,-3.538692,1.429635,-2.091848,guided_exp
10:28:20.753,1,-1.54102,1.462463,-1.74294,guided_exp
10:28:20.836,2,-3.544207,1.429613,-2.088159,guided_exp
10:28:20.836,1,-1.541308,1.462541,-1.743523,guided_exp
10:28:20.920,2,-3.55863,1.429725,-2.076656,guided_exp
10:28:20.921,1,-1.542008,1.462203,-1.744624,guided_exp
10:28:21.003,2,-3.576759,1.429697,-2.064114,guided_exp
10:28:21.003,1,-1.541978,1.463018,-1.74514,guided_exp
10:28:21.087,2,-3.600952,1.429294,-2.05391,guided_exp
10:28:21.087,1,-1.542121,1.463201,-1.74529,guided_exp
10:28:21.169,2,-3.638074,1.429781,-2.035549,guided_exp
10:28:21.169,1,-1.542801,1.463693,-1.745595,guided_exp
10:28:21.303,2,-3.714957,1.429753,-2.00322,guided_exp
10:28:21.303,1,-1.547835,1.463717,-1.7444,guided_exp
10:28:21.387,2,-3.746613,1.429763,-1.98901,guided_exp
10:28:21.387,1,-1.54977,1.463733,-1.744783,guided_exp
10:28:21.487,2,-3.799039,1.430022,-1.958374,guided_exp
10:28:21.487,1,-1.55556,1.463394,-1.746161,guided_exp
10:28:21.569,2,-3.84918,1.430139,-1.923747,guided_exp
10:28:21.569,1,-1.562673,1.462724,-1.745896,guided_exp
10:28:21.703,2,-3.920988,1.429641,-1.860466,guided_exp
10:28:21.703,1,-1.584546,1.461873,-1.745317,guided_exp
10:28:21.787,2,-3.952326,1.429742,-1.823184,guided_exp
10:28:21.787,1,-1.594933,1.463854,-1.744669,guided_exp
10:28:21.869,2,-4.000962,1.429437,-1.754628,guided_exp
10:28:21.869,1,-1.622427,1.463225,-1.740959,guided_exp
10:28:21.953,2,-4.027767,1.429465,-1.700233,guided_exp
10:28:21.954,1,-1.636867,1.462442,-1.740292,guided_exp
10:28:22.053,2,-4.086303,1.429214,-1.59694,guided_exp
10:28:22.053,1,-1.661096,1.463111,-1.738941,guided_exp
10:28:22.136,2,-4.12428,1.42932,-1.525196,guided_exp
10:28:22.136,1,-1.683618,1.463704,-1.738782,guided_exp
10:28:22.220,2,-4.159003,1.428962,-1.472717,guided_exp
10:28:22.221,1,-1.702085,1.463199,-1.737755,guided_exp
10:28:22.319,2,-4.192761,1.428517,-1.414837,guided_exp
10:28:22.320,1,-1.721678,1.461382,-1.741164,guided_exp
10:28:22.403,2,-4.226008,1.428305,-1.359692,guided_exp
10:28:22.403,1,-1.73743,1.461696,-1.74376,guided_exp
10:28:22.536,2,-4.282863,1.428231,-1.281636,guided_exp
10:28:22.536,1,-1.763478,1.461951,-1.748165,guided_exp
10:28:22.704,2,-4.362893,1.428323,-1.203235,guided_exp
10:28:22.704,1,-1.784951,1.461074,-1.753066,guided_exp
10:28:22.786,2,-4.440745,1.428449,-1.133349,guided_exp
10:28:22.786,1,-1.804243,1.461997,-1.756405,guided_exp
10:28:22.870,2,-4.457239,1.427965,-1.086744,guided_exp
10:28:22.870,1,-1.820295,1.462862,-1.761538,guided_exp
10:28:22.953,2,-4.495549,1.428362,-1.058611,guided_exp
10:28:22.953,1,-1.829804,1.462938,-1.762312,guided_exp
10:28:23.036,2,-4.528423,1.428524,-1.018419,guided_exp
10:28:23.036,1,-1.840948,1.462672,-1.766095,guided_exp
10:28:23.120,2,-4.554408,1.428471,-1.008835,guided_exp
10:28:23.120,1,-1.847302,1.462578,-1.768644,guided_exp
10:28:23.203,2,-4.569997,1.429217,-0.988402,guided_exp
10:28:23.203,1,-1.855721,1.462657,-1.771058,guided_exp
10:28:23.286,2,-4.566632,1.429684,-0.970149,guided_exp
10:28:23.287,1,-1.862556,1.462505,-1.772546,guided_exp
10:28:23.369,2,-4.589783,1.429527,-0.966721,guided_exp
10:28:23.370,1,-1.874749,1.461569,-1.774914,guided_exp
10:28:23.454,2,-4.590146,1.429176,-0.966691,guided_exp
10:28:23.454,1,-1.882399,1.461574,-1.775694,guided_exp
10:28:23.536,2,-4.606198,1.429205,-0.965726,guided_exp
10:28:23.536,1,-1.889054,1.463506,-1.776332,guided_exp
10:28:23.620,2,-4.606783,1.430457,-0.965458,guided_exp
10:28:23.621,1,-1.896493,1.4619,-1.774887,guided_exp
10:28:23.720,2,-4.614445,1.430512,-0.959581,guided_exp
10:28:23.721,1,-1.921864,1.461869,-1.769585,guided_exp
10:28:23.803,2,-4.618286,1.430839,-0.958308,guided_exp
10:28:23.803,1,-1.926508,1.461594,-1.766726,guided_exp
10:28:23.886,2,-4.619606,1.430787,-0.957522,guided_exp
10:28:23.887,1,-1.930723,1.461521,-1.762628,guided_exp
10:28:23.969,2,-4.620305,1.430637,-0.959288,guided_exp
10:28:23.970,1,-1.94756,1.461594,-1.746851,guided_exp
10:28:24.053,2,-4.619407,1.431039,-0.959511,guided_exp
10:28:24.054,1,-1.955388,1.461424,-1.737694,guided_exp
10:28:24.136,2,-4.618696,1.430526,-0.962737,guided_exp
10:28:24.136,1,-1.972869,1.46094,-1.711288,guided_exp
10:28:24.219,2,-4.614392,1.429733,-0.963564,guided_exp
10:28:24.220,1,-1.981063,1.460732,-1.687381,guided_exp
10:28:24.303,2,-4.616062,1.430291,-0.967255,guided_exp
10:28:24.303,1,-2.014171,1.460181,-1.642317,guided_exp
10:28:24.387,2,-4.6171,1.430627,-0.966842,guided_exp
10:28:24.387,1,-2.031563,1.45958,-1.615038,guided_exp
10:28:24.469,2,-4.604719,1.430534,-0.956542,guided_exp
10:28:24.469,1,-2.067263,1.459796,-1.56067,guided_exp
10:28:24.603,2,-4.623286,1.431065,-0.94574,guided_exp
10:28:24.603,1,-2.054381,1.459689,-1.493301,guided_exp
10:28:24.687,2,-4.611738,1.431673,-0.913984,guided_exp
10:28:24.687,1,-2.071083,1.460177,-1.465091,guided_exp
10:28:24.770,2,-4.638196,1.431394,-0.896931,guided_exp
10:28:24.770,1,-2.098754,1.46079,-1.435267,guided_exp
10:28:24.854,2,-4.62502,1.432113,-0.869702,guided_exp
10:28:24.854,1,-2.119192,1.460539,-1.416752,guided_exp
10:28:24.936,2,-4.659958,1.432847,-0.842191,guided_exp
10:28:24.936,1,-2.155634,1.460582,-1.392938,guided_exp
10:28:25.020,2,-4.664615,1.434569,-0.831783,guided_exp
10:28:25.020,1,-2.174149,1.460252,-1.386564,guided_exp
10:28:25.120,2,-4.671455,1.436466,-0.816988,guided_exp
10:28:25.121,1,-2.214862,1.461562,-1.364406,guided_exp
10:28:25.220,2,-4.670777,1.436238,-0.798071,guided_exp
10:28:25.221,1,-2.272274,1.461858,-1.355946,guided_exp
10:28:25.320,2,-4.662852,1.435349,-0.770644,guided_exp
10:28:25.320,1,-2.351023,1.461464,-1.347229,guided_exp
10:28:25.420,2,-4.677518,1.431341,-0.784405,guided_exp
10:28:25.421,1,-2.474514,1.461946,-1.378912,guided_exp
10:28:25.520,2,-4.676161,1.431279,-0.775028,guided_exp
10:28:25.520,1,-2.526563,1.461821,-1.372197,guided_exp
10:28:25.603,2,-4.68677,1.425821,-0.778067,guided_exp
10:28:25.603,1,-2.593425,1.462317,-1.359551,guided_exp
10:28:25.687,2,-4.677129,1.421764,-0.770453,guided_exp
10:28:25.687,1,-2.653372,1.462899,-1.36683,guided_exp
10:28:25.769,2,-4.678436,1.419178,-0.764266,guided_exp
10:28:25.770,1,-2.716807,1.462951,-1.354409,guided_exp
10:28:25.903,2,-4.692787,1.416226,-0.777717,guided_exp
10:28:25.903,1,-2.777785,1.463351,-1.331441,guided_exp
10:28:25.987,2,-4.702029,1.418514,-0.788702,guided_exp
10:28:25.987,1,-2.795058,1.463431,-1.322246,guided_exp
10:28:26.069,2,-4.704388,1.421743,-0.792393,guided_exp
10:28:26.070,1,-2.857443,1.464216,-1.289853,guided_exp
10:28:26.154,2,-4.710617,1.421294,-0.79154,guided_exp
10:28:26.154,1,-2.88353,1.464219,-1.273691,guided_exp
10:28:26.236,2,-4.697156,1.421453,-0.790305,guided_exp
10:28:26.236,1,-2.937915,1.46457,-1.233599,guided_exp
10:28:26.320,2,-4.697525,1.420085,-0.784101,guided_exp
10:28:26.321,1,-2.981821,1.464771,-1.208522,guided_exp
10:28:26.420,2,-4.707716,1.417352,-0.789958,guided_exp
10:28:26.421,1,-3.038359,1.465168,-1.150293,guided_exp
10:28:26.503,2,-4.698962,1.416775,-0.78858,guided_exp
10:28:26.503,1,-3.088218,1.465043,-1.094316,guided_exp
10:28:26.587,2,-4.702179,1.425095,-0.800244,guided_exp
10:28:26.587,1,-3.112389,1.465993,-1.085257,guided_exp
10:28:26.669,2,-4.703102,1.435953,-0.790783,guided_exp
10:28:26.670,1,-3.155753,1.46566,-1.066556,guided_exp
10:28:26.820,2,-4.710762,1.441434,-0.797655,guided_exp
10:28:26.821,1,-3.214548,1.466093,-1.037944,guided_exp
10:28:26.903,2,-4.703147,1.448232,-0.787498,guided_exp
10:28:26.903,1,-3.259435,1.466142,-1.027598,guided_exp
10:28:26.987,2,-4.705988,1.447577,-0.790978,guided_exp
10:28:26.987,1,-3.295192,1.466097,-1.022939,guided_exp
10:28:27.069,2,-4.70508,1.44943,-0.798686,guided_exp
10:28:27.070,1,-3.403977,1.465914,-1.05339,guided_exp
10:28:27.153,2,-4.707686,1.447658,-0.796921,guided_exp
10:28:27.153,1,-3.439922,1.466467,-1.053243,guided_exp
10:28:27.236,2,-4.708737,1.445173,-0.773329,guided_exp
10:28:27.236,1,-3.514342,1.466186,-1.056126,guided_exp
10:28:27.319,2,-4.712523,1.447294,-0.801047,guided_exp
10:28:27.320,1,-3.557426,1.466275,-1.060319,guided_exp
10:28:27.403,2,-4.690659,1.447985,-0.767852,guided_exp
10:28:27.403,1,-3.621397,1.466566,-1.066584,guided_exp
10:28:27.486,2,-4.690805,1.447574,-0.779493,guided_exp
10:28:27.486,1,-3.643486,1.466164,-1.069245,guided_exp
10:28:27.570,2,-4.695677,1.446545,-0.775105,guided_exp
10:28:27.570,1,-3.674111,1.466219,-1.072572,guided_exp
10:28:27.653,2,-4.702232,1.4469,-0.779374,guided_exp
10:28:27.654,1,-3.695814,1.467265,-1.070858,guided_exp
10:28:27.736,2,-4.70385,1.447495,-0.784706,guided_exp
10:28:27.737,1,-3.716627,1.465366,-1.069853,guided_exp
10:28:27.820,2,-4.717498,1.44387,-0.770364,guided_exp
10:28:27.821,1,-3.727837,1.466007,-1.071998,guided_exp
10:28:27.920,2,-4.703718,1.442433,-0.777437,guided_exp
10:28:27.921,1,-3.743032,1.465463,-1.073033,guided_exp
10:28:28.003,2,-4.702463,1.435244,-0.780044,guided_exp
10:28:28.003,1,-3.759142,1.467371,-1.074563,guided_exp
10:28:28.087,2,-4.692437,1.435697,-0.776475,guided_exp
10:28:28.087,1,-3.763112,1.467326,-1.075454,guided_exp
10:28:28.169,2,-4.707998,1.4328,-0.795214,guided_exp
10:28:28.170,1,-3.769077,1.467994,-1.077896,guided_exp
10:28:28.253,2,-4.695579,1.422657,-0.782647,guided_exp
10:28:28.254,1,-3.770673,1.467591,-1.07747,guided_exp
10:28:28.336,2,-4.694712,1.425984,-0.785506,guided_exp
10:28:28.336,1,-3.770792,1.467963,-1.075085,guided_exp
10:28:28.420,2,-4.69644,1.426597,-0.775371,guided_exp
10:28:28.421,1,-3.774686,1.468384,-1.074161,guided_exp
10:28:28.520,2,-4.700125,1.425193,-0.780706,guided_exp
10:28:28.521,1,-3.776831,1.468823,-1.073213,guided_exp
10:28:28.603,2,-4.700322,1.421407,-0.772028,guided_exp
10:28:28.603,1,-3.780843,1.46894,-1.070424,guided_exp
10:28:28.687,2,-4.700973,1.422731,-0.779608,guided_exp
10:28:28.688,1,-3.781507,1.464211,-1.0706,guided_exp
10:28:28.769,2,-4.702858,1.424823,-0.783419,guided_exp
10:28:28.770,1,-3.783129,1.466304,-1.069115,guided_exp
10:28:28.854,2,-4.702941,1.422676,-0.782721,guided_exp
10:28:28.854,1,-3.784795,1.465978,-1.068066,guided_exp
10:28:28.936,2,-4.700678,1.423093,-0.793753,guided_exp
10:28:28.936,1,-3.78746,1.466449,-1.066445,guided_exp
10:28:29.020,2,-4.696913,1.422536,-0.784123,guided_exp
10:28:29.021,1,-3.789666,1.466931,-1.066062,guided_exp
10:28:29.103,2,-4.708742,1.422034,-0.793322,guided_exp
10:28:29.103,1,-3.788661,1.465904,-1.065454,guided_exp
10:28:29.187,2,-4.709493,1.42137,-0.782423,guided_exp
10:28:29.187,1,-3.787763,1.464064,-1.06664,guided_exp
10:28:29.270,2,-4.711103,1.417815,-0.794725,guided_exp
10:28:29.270,1,-3.787064,1.467579,-1.066828,guided_exp
10:28:29.354,2,-4.683055,1.410029,-0.772887,guided_exp
10:28:29.354,1,-3.785038,1.47302,-1.06646,guided_exp
10:28:29.436,2,-4.687771,1.41133,-0.79431,guided_exp
10:28:29.436,1,-3.781335,1.475639,-1.067323,guided_exp
10:28:29.587,2,-4.665607,1.410793,-0.828558,guided_exp
10:28:29.587,1,-3.786539,1.476436,-1.066143,guided_exp
10:28:29.686,2,-4.659438,1.411034,-0.855183,guided_exp
10:28:29.686,1,-3.787259,1.472827,-1.0652,guided_exp
10:28:29.770,2,-4.642218,1.412496,-0.902105,guided_exp
10:28:29.770,1,-3.786589,1.4555,-1.060369,guided_exp
10:28:29.853,2,-4.629314,1.413168,-0.926514,guided_exp
10:28:29.853,1,-3.787234,1.450736,-1.058584,guided_exp
10:28:29.936,2,-4.600206,1.414339,-0.967964,guided_exp
10:28:29.936,1,-3.785988,1.445296,-1.054797,guided_exp
10:28:30.020,2,-4.592775,1.414774,-1.003281,guided_exp
10:28:30.020,1,-3.784978,1.447277,-1.051093,guided_exp
10:28:30.120,2,-4.569042,1.411052,-1.040433,guided_exp
10:28:30.121,1,-3.782054,1.450503,-1.042618,guided_exp
10:28:30.220,2,-4.546213,1.410726,-1.066948,guided_exp
10:28:30.221,1,-3.77715,1.453719,-1.036522,guided_exp
10:28:30.320,2,-4.531891,1.411995,-1.08966,guided_exp
10:28:30.321,1,-3.768602,1.462114,-1.032937,guided_exp
10:28:30.420,2,-4.51675,1.414846,-1.109499,guided_exp
10:28:30.421,1,-3.748771,1.470538,-1.024452,guided_exp
10:28:30.520,2,-4.517388,1.415112,-1.109815,guided_exp
10:28:30.521,1,-3.716713,1.46518,-1.019396,guided_exp
10:28:30.620,2,-4.506811,1.415687,-1.11246,guided_exp
10:28:30.620,1,-3.674963,1.462091,-1.016329,guided_exp
10:28:30.720,2,-4.501061,1.414521,-1.110648,guided_exp
10:28:30.721,1,-3.632136,1.471469,-1.019876,guided_exp
10:28:30.820,2,-4.497209,1.415651,-1.113011,guided_exp
10:28:30.821,1,-3.586299,1.469821,-1.021247,guided_exp
10:28:30.920,2,-4.495268,1.418597,-1.115794,guided_exp
10:28:30.921,1,-3.544961,1.467098,-1.032071,guided_exp
10:28:31.020,2,-4.492603,1.419723,-1.117603,guided_exp
10:28:31.021,1,-3.497597,1.46675,-1.039835,guided_exp
10:28:31.103,2,-4.487766,1.419744,-1.119059,guided_exp
10:28:31.104,1,-3.462039,1.471813,-1.051287,guided_exp
10:28:31.186,2,-4.487101,1.42126,-1.119236,guided_exp
10:28:31.186,1,-3.442017,1.475458,-1.056801,guided_exp
10:28:31.270,2,-4.486107,1.414601,-1.121343,guided_exp
10:28:31.270,1,-3.42669,1.476605,-1.064653,guided_exp
10:28:31.353,2,-4.48421,1.415321,-1.123375,guided_exp
10:28:31.353,1,-3.407854,1.47752,-1.070989,guided_exp
10:28:31.436,2,-4.48531,1.417666,-1.128288,guided_exp
10:28:31.436,1,-3.390945,1.479803,-1.075034,guided_exp
10:28:31.520,2,-4.485393,1.419133,-1.127231,guided_exp
10:28:31.520,1,-3.383183,1.480669,-1.08002,guided_exp
10:28:31.603,2,-4.486383,1.419674,-1.130837,guided_exp
10:28:31.603,1,-3.342075,1.483433,-1.093607,guided_exp
10:28:31.687,2,-4.481319,1.418999,-1.130552,guided_exp
10:28:31.687,1,-3.317276,1.481044,-1.101772,guided_exp
10:28:31.769,2,-4.486263,1.419379,-1.13382,guided_exp
10:28:31.770,1,-3.272729,1.480651,-1.102418,guided_exp
10:28:31.853,2,-4.490426,1.422627,-1.133289,guided_exp
10:28:31.853,1,-3.245108,1.481492,-1.096897,guided_exp
10:28:31.936,2,-4.490531,1.415789,-1.133148,guided_exp
10:28:31.937,1,-3.189878,1.48245,-1.080152,guided_exp
10:28:32.020,2,-4.4899,1.416181,-1.133144,guided_exp
10:28:32.020,1,-3.159252,1.482784,-1.066656,guided_exp
10:28:32.103,2,-4.493079,1.418012,-1.137235,guided_exp
10:28:32.104,1,-3.092538,1.482838,-1.048109,guided_exp
10:28:32.186,2,-4.496744,1.419909,-1.140794,guided_exp
10:28:32.186,1,-3.041228,1.482166,-1.02475,guided_exp
10:28:32.270,2,-4.497226,1.418379,-1.134508,guided_exp
10:28:32.271,1,-2.974783,1.48237,-0.997816,guided_exp
10:28:32.370,2,-4.502843,1.412964,-1.140006,guided_exp
10:28:32.371,1,-2.861318,1.483313,-0.950234,guided_exp
10:28:32.453,2,-4.501058,1.417719,-1.138331,guided_exp
10:28:32.453,1,-2.782419,1.48354,-0.927216,guided_exp
10:28:32.537,2,-4.504529,1.419831,-1.138734,guided_exp
10:28:32.537,1,-2.718942,1.48409,-0.905715,guided_exp
10:28:32.620,2,-4.503993,1.42037,-1.141142,guided_exp
10:28:32.620,1,-2.642429,1.483776,-0.87993,guided_exp
10:28:32.704,2,-4.506125,1.420128,-1.147586,guided_exp
10:28:32.704,1,-2.606517,1.484887,-0.863816,guided_exp
10:28:32.786,2,-4.500507,1.42114,-1.15649,guided_exp
10:28:32.786,1,-2.509439,1.485765,-0.852271,guided_exp
10:28:32.870,2,-4.494676,1.421744,-1.162745,guided_exp
10:28:32.871,1,-2.388927,1.485354,-0.886132,guided_exp
10:28:32.970,2,-4.488365,1.423329,-1.17215,guided_exp
10:28:32.970,1,-2.247833,1.486933,-0.886775,guided_exp
10:28:33.053,2,-4.481537,1.423375,-1.175577,guided_exp
10:28:33.053,1,-2.102109,1.486047,-0.894099,guided_exp
10:28:33.137,2,-4.47326,1.423304,-1.178332,guided_exp
10:28:33.137,1,-2.004197,1.486395,-0.88453,guided_exp
10:28:33.220,2,-4.460098,1.420602,-1.17755,guided_exp
10:28:33.220,1,-1.922426,1.487488,-0.885411,guided_exp
10:28:33.304,2,-4.452993,1.416089,-1.178024,guided_exp
10:28:33.304,1,-1.84285,1.486511,-0.887769,guided_exp
10:28:33.386,2,-4.437535,1.418874,-1.17544,guided_exp
10:28:33.386,1,-1.703999,1.485726,-0.866411,guided_exp
10:28:33.470,2,-4.408003,1.421241,-1.176375,guided_exp
10:28:33.471,1,-1.607981,1.483667,-0.855124,guided_exp
10:28:33.553,2,-4.380341,1.422109,-1.173769,guided_exp
10:28:33.553,1,-1.533863,1.483316,-0.83848,guided_exp
10:28:33.637,2,-4.337409,1.422444,-1.177304,guided_exp
10:28:33.637,1,-1.402387,1.482987,-0.811993,guided_exp
10:28:33.720,2,-4.306872,1.417848,-1.179201,guided_exp
10:28:33.720,1,-1.341869,1.481151,-0.79389,guided_exp
10:28:33.803,2,-4.264894,1.419736,-1.189727,guided_exp
10:28:33.804,1,-1.226894,1.480884,-0.776739,guided_exp
10:28:33.886,2,-4.238402,1.420529,-1.19107,guided_exp
10:28:33.887,1,-1.180363,1.478873,-0.764979,guided_exp
10:28:33.970,2,-4.206598,1.425889,-1.193864,guided_exp
10:28:33.970,1,-1.088989,1.477033,-0.757327,guided_exp
10:28:34.053,2,-4.180334,1.427706,-1.199455,guided_exp
10:28:34.053,1,-1.001523,1.478002,-0.758445,guided_exp
10:28:34.137,2,-4.149735,1.432609,-1.201421,guided_exp
10:28:34.137,1,-0.908983,1.476532,-0.763582,guided_exp
10:28:34.220,2,-4.137361,1.433181,-1.211731,guided_exp
10:28:34.220,1,-0.856645,1.47731,-0.76922,guided_exp
10:28:34.303,2,-4.11788,1.435907,-1.22711,guided_exp
10:28:34.303,1,-0.773474,1.475516,-0.772495,guided_exp
10:28:34.386,2,-4.104644,1.438484,-1.251307,guided_exp
10:28:34.387,1,-0.752163,1.475348,-0.758727,guided_exp
10:28:34.470,2,-4.091526,1.440619,-1.283608,guided_exp
10:28:34.470,1,-0.728621,1.475378,-0.768579,guided_exp
10:28:34.553,2,-4.082348,1.434232,-1.303003,guided_exp
10:28:34.554,1,-0.707237,1.475477,-0.766444,guided_exp
10:28:34.636,2,-4.069565,1.432245,-1.333556,guided_exp
10:28:34.636,1,-0.661315,1.475546,-0.774886,guided_exp
10:28:34.720,2,-4.062467,1.412805,-1.360324,guided_exp
10:28:34.721,1,-0.662082,1.474474,-0.777345,guided_exp
10:28:34.803,2,-4.058595,1.415827,-1.388904,guided_exp
10:28:34.803,1,-0.654925,1.474493,-0.772032,guided_exp
10:28:34.887,2,-4.051368,1.422927,-1.422444,guided_exp
10:28:34.887,1,-0.647404,1.474364,-0.778414,guided_exp
10:28:34.970,2,-4.047631,1.419237,-1.450899,guided_exp
10:28:34.970,1,-0.683635,1.475016,-0.757499,guided_exp
10:28:35.054,2,-4.045443,1.421451,-1.46498,guided_exp
10:28:35.054,1,-0.609658,1.474262,-0.782538,guided_exp
10:28:35.154,2,-4.044321,1.422699,-1.485339,guided_exp
10:28:35.154,1,-0.637786,1.474623,-0.781486,guided_exp
10:28:35.236,2,-4.04661,1.422817,-1.503154,guided_exp
10:28:35.236,1,-0.642983,1.474454,-0.779822,guided_exp
10:28:35.320,2,-4.046616,1.423464,-1.510252,guided_exp
10:28:35.321,1,-0.646104,1.4745,-0.776215,guided_exp
10:28:35.403,2,-4.046637,1.421838,-1.516271,guided_exp
10:28:35.403,1,-0.636273,1.47421,-0.776389,guided_exp
10:28:35.487,2,-4.045951,1.424524,-1.519204,guided_exp
10:28:35.487,1,-0.647985,1.474235,-0.768364,guided_exp
10:28:35.569,2,-4.044851,1.427135,-1.519405,guided_exp
10:28:35.570,1,-0.641548,1.47409,-0.782106,guided_exp
10:28:35.720,2,-4.043589,1.426827,-1.519859,guided_exp
10:28:35.721,1,-0.616595,1.474038,-0.787172,guided_exp
10:28:35.803,2,-4.045035,1.421343,-1.526909,guided_exp
10:28:35.803,1,-0.612666,1.473645,-0.788826,guided_exp
10:28:35.886,2,-4.044284,1.418187,-1.523031,guided_exp
10:28:35.887,1,-0.612142,1.473942,-0.788798,guided_exp
10:28:35.970,2,-4.043518,1.424489,-1.517938,guided_exp
10:28:35.970,1,-0.63917,1.474342,-0.7754,guided_exp
10:28:36.103,2,-4.042551,1.426248,-1.517786,guided_exp
10:28:36.103,1,-0.633998,1.474974,-0.777575,guided_exp
10:28:36.186,2,-4.041315,1.427478,-1.518139,guided_exp
10:28:36.187,1,-0.612984,1.475716,-0.778453,guided_exp
10:28:36.270,2,-4.040061,1.426468,-1.518089,guided_exp
10:28:36.270,1,-0.636802,1.475945,-0.777872,guided_exp
10:28:36.353,2,-4.039691,1.422757,-1.518292,guided_exp
10:28:36.353,1,-0.62028,1.475932,-0.779033,guided_exp
10:28:36.437,2,-4.038859,1.421382,-1.518632,guided_exp
10:28:36.437,1,-0.621381,1.475898,-0.776306,guided_exp
10:28:36.520,2,-4.03785,1.424375,-1.51846,guided_exp
10:28:36.520,1,-0.605534,1.475365,-0.779945,guided_exp
10:28:36.604,2,-4.035614,1.422932,-1.520735,guided_exp
10:28:36.604,1,-0.604082,1.47489,-0.782673,guided_exp
10:28:36.686,2,-4.035499,1.422034,-1.520837,guided_exp
10:28:36.686,1,-0.605301,1.474162,-0.779607,guided_exp
10:28:36.770,2,-4.035246,1.424953,-1.52162,guided_exp
10:28:36.771,1,-0.610523,1.473372,-0.777282,guided_exp
10:28:36.853,2,-4.034588,1.427668,-1.522776,guided_exp
10:28:36.853,1,-0.620308,1.473358,-0.781698,guided_exp
10:28:36.937,2,-4.035191,1.427512,-1.524393,guided_exp
10:28:36.937,1,-0.618255,1.473005,-0.783111,guided_exp
10:28:37.020,2,-4.034339,1.422961,-1.524493,guided_exp
10:28:37.020,1,-0.615359,1.472067,-0.788329,guided_exp
10:28:37.103,2,-4.033866,1.421055,-1.524838,guided_exp
10:28:37.104,1,-0.64706,1.47291,-0.763231,guided_exp
10:28:37.186,2,-4.033491,1.421484,-1.525023,guided_exp
10:28:37.186,1,-0.669628,1.473008,-0.746408,guided_exp
10:28:37.270,2,-4.032461,1.422971,-1.525536,guided_exp
10:28:37.270,1,-0.712393,1.472925,-0.760041,guided_exp
10:28:37.353,2,-4.032404,1.42243,-1.526118,guided_exp
10:28:37.353,1,-0.754494,1.472763,-0.79389,guided_exp
10:28:37.437,2,-4.03214,1.42535,-1.526641,guided_exp
10:28:37.437,1,-0.794967,1.472015,-0.823781,guided_exp
10:28:37.520,2,-4.032218,1.429313,-1.526568,guided_exp
10:28:37.520,1,-0.834668,1.472781,-0.854887,guided_exp
10:28:37.603,2,-4.032709,1.425944,-1.526887,guided_exp
10:28:37.603,1,-0.90817,1.471564,-0.905826,guided_exp
10:28:37.687,2,-4.031788,1.424729,-1.52743,guided_exp
10:28:37.687,1,-0.957903,1.471653,-0.934002,guided_exp
10:28:37.770,2,-4.031837,1.424871,-1.528171,guided_exp
10:28:37.770,1,-1.022942,1.471568,-0.957377,guided_exp
10:28:37.854,2,-4.031777,1.427018,-1.528267,guided_exp
10:28:37.854,1,-1.058876,1.471739,-0.989491,guided_exp
10:28:37.954,2,-4.032235,1.426011,-1.528183,guided_exp
10:28:37.954,1,-1.099071,1.4719,-0.995792,guided_exp
10:28:38.036,2,-4.032796,1.426192,-1.528583,guided_exp
10:28:38.036,1,-1.154316,1.471071,-0.987616,guided_exp
10:28:38.120,2,-4.032643,1.426853,-1.528955,guided_exp
10:28:38.120,1,-1.189542,1.470957,-0.986643,guided_exp
10:28:38.203,2,-4.032932,1.427555,-1.528845,guided_exp
10:28:38.203,1,-1.263836,1.471542,-0.996045,guided_exp
10:28:38.286,2,-4.032309,1.425663,-1.529566,guided_exp
10:28:38.287,1,-1.334977,1.471938,-0.990094,guided_exp
10:28:38.370,2,-4.03223,1.426615,-1.529254,guided_exp
10:28:38.370,1,-1.443946,1.471266,-0.988166,guided_exp
10:28:38.454,2,-4.032318,1.42571,-1.529049,guided_exp
10:28:38.454,1,-1.518258,1.472268,-0.990363,guided_exp
10:28:38.536,2,-4.032248,1.426842,-1.529338,guided_exp
10:28:38.536,1,-1.610371,1.472429,-0.996501,guided_exp
10:28:38.620,2,-4.032083,1.425948,-1.529233,guided_exp
10:28:38.621,1,-1.664274,1.471936,-1.000458,guided_exp
10:28:38.703,2,-4.032228,1.42645,-1.52941,guided_exp
10:28:38.703,1,-1.740342,1.471689,-1.015632,guided_exp
10:28:38.787,2,-4.031861,1.426966,-1.529359,guided_exp
10:28:38.788,1,-1.797935,1.472159,-1.013415,guided_exp
10:28:38.870,2,-4.031825,1.427447,-1.529297,guided_exp
10:28:38.870,1,-1.880881,1.471224,-1.026965,guided_exp
10:28:38.954,2,-4.032557,1.427711,-1.528478,guided_exp
10:28:38.954,1,-1.93226,1.469511,-1.03736,guided_exp
10:28:39.036,2,-4.032949,1.428871,-1.528555,guided_exp
10:28:39.037,1,-2.010987,1.470023,-1.0632,guided_exp
10:28:39.120,2,-4.032984,1.427981,-1.528504,guided_exp
10:28:39.121,1,-2.096477,1.470324,-1.096411,guided_exp
10:28:39.203,2,-4.033502,1.429694,-1.527777,guided_exp
10:28:39.204,1,-2.200601,1.471003,-1.135971,guided_exp
10:28:39.286,2,-4.034457,1.429191,-1.527649,guided_exp
10:28:39.287,1,-2.271651,1.470208,-1.139654,guided_exp
10:28:39.370,2,-4.034568,1.427498,-1.527358,guided_exp
10:28:39.370,1,-2.353347,1.469204,-1.131102,guided_exp
10:28:39.453,2,-4.034571,1.429189,-1.527045,guided_exp
10:28:39.453,1,-2.42399,1.468497,-1.14342,guided_exp
10:28:39.536,2,-4.035026,1.431929,-1.526191,guided_exp
10:28:39.536,1,-2.513449,1.468198,-1.106833,guided_exp
10:28:39.620,2,-4.035145,1.433213,-1.526212,guided_exp
10:28:39.620,1,-2.60057,1.468175,-1.09821,guided_exp
10:28:39.703,2,-4.035575,1.431191,-1.526069,guided_exp
10:28:39.703,1,-2.696693,1.468097,-1.097266,guided_exp
10:28:39.786,2,-4.036739,1.432897,-1.526006,guided_exp
10:28:39.787,1,-2.747076,1.467974,-1.076421,guided_exp
10:28:39.870,2,-4.037817,1.43505,-1.523941,guided_exp
10:28:39.870,1,-2.851778,1.468761,-1.048411,guided_exp
10:28:39.954,2,-4.038153,1.434087,-1.523881,guided_exp
10:28:39.954,1,-2.891854,1.469442,-1.066313,guided_exp
10:28:40.036,2,-4.039809,1.436619,-1.523568,guided_exp
10:28:40.036,1,-2.970263,1.470186,-1.045766,guided_exp
10:28:40.121,2,-4.040127,1.437738,-1.526744,guided_exp
10:28:40.121,1,-3.012344,1.470846,-1.007243,guided_exp
10:28:40.203,2,-4.038335,1.431223,-1.526698,guided_exp
10:28:40.203,1,-3.069476,1.471502,-0.981318,guided_exp
10:28:40.336,2,-4.038494,1.418911,-1.528009,guided_exp
10:28:40.336,1,-3.165505,1.476471,-0.949395,guided_exp
10:28:40.420,2,-4.039128,1.412689,-1.529341,guided_exp
10:28:40.420,1,-3.218388,1.473931,-0.94465,guided_exp
10:28:40.504,2,-4.039596,1.412206,-1.527969,guided_exp
10:28:40.504,1,-3.320776,1.472952,-0.940372,guided_exp
10:28:40.587,2,-4.043428,1.417347,-1.525551,guided_exp
10:28:40.587,1,-3.378606,1.478633,-0.96189,guided_exp
10:28:40.670,2,-4.046332,1.411446,-1.523661,guided_exp
10:28:40.670,1,-3.443684,1.477424,-0.95511,guided_exp
10:28:40.754,2,-4.052278,1.426051,-1.526895,guided_exp
10:28:40.754,1,-3.476583,1.478832,-0.948178,guided_exp
10:28:40.836,2,-4.053423,1.427043,-1.523788,guided_exp
10:28:40.836,1,-3.50691,1.477305,-0.936551,guided_exp
10:28:40.921,2,-4.062387,1.417046,-1.515102,guided_exp
10:28:40.921,1,-3.521565,1.474485,-0.932991,guided_exp
10:28:41.003,2,-4.083926,1.393053,-1.498753,guided_exp
10:28:41.004,1,-3.537529,1.47408,-0.930587,guided_exp
10:28:41.086,2,-4.093484,1.401929,-1.498564,guided_exp
10:28:41.087,1,-3.549916,1.474579,-0.928641,guided_exp
10:28:41.170,2,-4.105338,1.391219,-1.488129,guided_exp
10:28:41.170,1,-3.560999,1.475717,-0.925242,guided_exp
10:28:41.254,2,-4.124172,1.394553,-1.478487,guided_exp
10:28:41.254,1,-3.566363,1.476127,-0.922602,guided_exp
10:28:41.336,2,-4.139307,1.402133,-1.471111,guided_exp
10:28:41.336,1,-3.57481,1.476492,-0.922008,guided_exp
10:28:41.420,2,-4.145947,1.409792,-1.465012,guided_exp
10:28:41.420,1,-3.575585,1.477068,-0.921435,guided_exp
10:28:41.503,2,-4.154124,1.406881,-1.454565,guided_exp
10:28:41.503,1,-3.58365,1.477859,-0.924727,guided_exp
10:28:41.636,2,-4.163871,1.422322,-1.454022,guided_exp
10:28:41.636,1,-3.587068,1.478134,-0.925653,guided_exp
10:28:41.720,2,-4.174561,1.426809,-1.450558,guided_exp
10:28:41.721,1,-3.588993,1.473798,-0.92771,guided_exp
10:28:41.803,2,-4.180549,1.426143,-1.443272,guided_exp
10:28:41.803,1,-3.594125,1.473469,-0.934533,guided_exp
10:28:41.887,2,-4.184521,1.419685,-1.439424,guided_exp
10:28:41.887,1,-3.596118,1.47069,-0.935941,guided_exp
10:28:41.970,2,-4.186396,1.420363,-1.43849,guided_exp
10:28:41.970,1,-3.597035,1.46785,-0.938431,guided_exp
10:28:42.053,2,-4.189756,1.422946,-1.434075,guided_exp
10:28:42.053,1,-3.600292,1.472598,-0.941735,guided_exp
10:28:42.137,2,-4.195302,1.421079,-1.433074,guided_exp
10:28:42.138,1,-3.601865,1.476236,-0.943512,guided_exp
10:28:42.220,2,-4.19881,1.420879,-1.433023,guided_exp
10:28:42.220,1,-3.600681,1.476674,-0.942854,guided_exp
10:28:42.303,2,-4.198662,1.419353,-1.431673,guided_exp
10:28:42.304,1,-3.605397,1.476766,-0.947988,guided_exp
10:28:42.387,2,-4.19961,1.418501,-1.431395,guided_exp
10:28:42.387,1,-3.607586,1.475189,-0.948845,guided_exp
10:28:42.470,2,-4.200469,1.418555,-1.430323,guided_exp
10:28:42.470,1,-3.6099,1.471568,-0.951271,guided_exp
10:28:42.554,2,-4.20078,1.418754,-1.430185,guided_exp
10:28:42.554,1,-3.610406,1.470417,-0.951158,guided_exp
10:28:42.636,2,-4.201367,1.410637,-1.429038,guided_exp
10:28:42.637,1,-3.609914,1.465217,-0.951298,guided_exp
10:28:42.720,2,-4.201093,1.409665,-1.429206,guided_exp
10:28:42.721,1,-3.609165,1.463214,-0.95356,guided_exp
10:28:42.803,2,-4.20062,1.408377,-1.428878,guided_exp
10:28:42.804,1,-3.60877,1.465679,-0.955369,guided_exp
10:28:42.886,2,-4.199202,1.411333,-1.428904,guided_exp
10:28:42.887,1,-3.603817,1.470246,-0.958534,guided_exp
10:28:42.970,2,-4.199102,1.404117,-1.429958,guided_exp
10:28:42.970,1,-3.599113,1.463335,-0.96269,guided_exp
10:28:43.053,2,-4.197064,1.398208,-1.429705,guided_exp
10:28:43.053,1,-3.594348,1.462779,-0.96562,guided_exp
10:28:43.137,2,-4.1915,1.390649,-1.432635,guided_exp
10:28:43.137,1,-3.582904,1.464433,-0.972869,guided_exp
10:28:43.220,2,-4.189837,1.391676,-1.433838,guided_exp
10:28:43.220,1,-3.569289,1.465724,-0.980102,guided_exp
10:28:43.303,2,-4.187267,1.392999,-1.436616,guided_exp
10:28:43.303,1,-3.546269,1.465297,-0.999698,guided_exp
10:28:43.387,2,-4.181506,1.385843,-1.445251,guided_exp
10:28:43.387,1,-3.526198,1.462769,-1.013121,guided_exp
10:28:43.487,2,-4.177765,1.386366,-1.447525,guided_exp
10:28:43.488,1,-3.496742,1.456892,-1.035919,guided_exp
10:28:43.570,2,-4.167708,1.386452,-1.454692,guided_exp
10:28:43.570,1,-3.46205,1.458807,-1.063237,guided_exp
10:28:43.653,2,-4.156216,1.386934,-1.462208,guided_exp
10:28:43.653,1,-3.448321,1.464606,-1.07822,guided_exp
10:28:43.736,2,-4.141815,1.381314,-1.470812,guided_exp
10:28:43.737,1,-3.427498,1.475968,-1.105998,guided_exp
10:28:43.820,2,-4.129836,1.39042,-1.474601,guided_exp
10:28:43.820,1,-3.414489,1.475337,-1.128029,guided_exp
10:28:43.903,2,-4.118466,1.392326,-1.489139,guided_exp
10:28:43.903,1,-3.397076,1.481612,-1.150629,guided_exp
10:28:43.987,2,-4.111399,1.403754,-1.497367,guided_exp
10:28:43.987,1,-3.386888,1.479078,-1.169891,guided_exp
10:28:44.070,2,-4.098221,1.399739,-1.511296,guided_exp
10:28:44.070,1,-3.376227,1.475138,-1.191536,guided_exp
10:28:44.154,2,-4.091689,1.391638,-1.513745,guided_exp
10:28:44.154,1,-3.365702,1.473451,-1.209271,guided_exp
10:28:44.236,2,-4.082474,1.392525,-1.520148,guided_exp
10:28:44.236,1,-3.358071,1.468815,-1.243884,guided_exp
10:28:44.370,2,-4.071598,1.393785,-1.528212,guided_exp
10:28:44.370,1,-3.356847,1.466836,-1.308043,guided_exp
10:28:44.503,2,-4.057775,1.393142,-1.538161,guided_exp
10:28:44.503,1,-3.359621,1.471795,-1.377465,guided_exp
10:28:44.587,2,-4.05294,1.393444,-1.545603,guided_exp
10:28:44.588,1,-3.361813,1.474416,-1.413578,guided_exp
10:28:44.687,2,-4.049768,1.392674,-1.548967,guided_exp
10:28:44.687,1,-3.361317,1.472421,-1.45038,guided_exp
10:28:44.770,2,-4.044522,1.392767,-1.551582,guided_exp
10:28:44.770,1,-3.359532,1.474081,-1.488649,guided_exp
10:28:44.853,2,-4.042378,1.396965,-1.557324,guided_exp
10:28:44.853,1,-3.35959,1.477028,-1.508365,guided_exp
10:28:44.936,2,-4.041868,1.392724,-1.563576,guided_exp
10:28:44.936,1,-3.358521,1.475689,-1.534232,guided_exp
10:28:45.020,2,-4.038522,1.393824,-1.570602,guided_exp
10:28:45.020,1,-3.353845,1.473869,-1.548461,guided_exp
10:28:45.103,2,-4.036589,1.392221,-1.573879,guided_exp
10:28:45.103,1,-3.349,1.472205,-1.565528,guided_exp
10:28:45.187,2,-4.035448,1.393233,-1.578207,guided_exp
10:28:45.187,1,-3.345816,1.476459,-1.574805,guided_exp
10:28:45.270,2,-4.035766,1.393703,-1.582422,guided_exp
10:28:45.270,1,-3.339596,1.486545,-1.588582,guided_exp
10:28:45.354,2,-4.034695,1.395263,-1.583837,guided_exp
10:28:45.354,1,-3.334327,1.481838,-1.596316,guided_exp
10:28:45.436,2,-4.031332,1.384434,-1.591476,guided_exp
10:28:45.437,1,-3.327304,1.481297,-1.608346,guided_exp
10:28:45.521,2,-4.032613,1.395077,-1.59503,guided_exp
10:28:45.521,1,-3.320776,1.488103,-1.618816,guided_exp
10:28:45.603,2,-4.029409,1.391275,-1.594818,guided_exp
10:28:45.603,1,-3.307742,1.476543,-1.634388,guided_exp
10:28:45.687,2,-4.029315,1.385545,-1.595123,guided_exp
10:28:45.687,1,-3.291362,1.477194,-1.647045,guided_exp
10:28:45.770,2,-4.025509,1.386903,-1.597029,guided_exp
10:28:45.770,1,-3.271268,1.47794,-1.664965,guided_exp
10:28:45.903,2,-4.023849,1.390145,-1.597356,guided_exp
10:28:45.903,1,-3.24274,1.475908,-1.690123,guided_exp
10:28:45.987,2,-4.023181,1.402154,-1.59608,guided_exp
10:28:45.988,1,-3.218991,1.478381,-1.714084,guided_exp
10:28:46.070,2,-4.019785,1.406379,-1.592957,guided_exp
10:28:46.070,1,-3.197175,1.480386,-1.731184,guided_exp
10:28:46.154,2,-4.018172,1.38893,-1.59375,guided_exp
10:28:46.154,1,-3.178406,1.47576,-1.752896,guided_exp
10:28:46.237,2,-4.013514,1.395765,-1.596265,guided_exp
10:28:46.237,1,-3.158644,1.475958,-1.770106,guided_exp
10:28:46.321,2,-4.013667,1.394869,-1.595701,guided_exp
10:28:46.321,1,-3.137774,1.478728,-1.789285,guided_exp
10:28:46.403,2,-4.014367,1.401633,-1.594385,guided_exp
10:28:46.404,1,-3.119594,1.481054,-1.806643,guided_exp
10:28:46.487,2,-4.014857,1.401854,-1.596416,guided_exp
10:28:46.487,1,-3.109301,1.480009,-1.821602,guided_exp
10:28:46.570,2,-4.013937,1.393377,-1.597737,guided_exp
10:28:46.570,1,-3.102509,1.48177,-1.833702,guided_exp
10:28:46.653,2,-4.014657,1.397056,-1.597468,guided_exp
10:28:46.653,1,-3.097963,1.483073,-1.845204,guided_exp
10:28:46.736,2,-4.017626,1.398403,-1.597505,guided_exp
10:28:46.737,1,-3.095078,1.483599,-1.858675,guided_exp
10:28:46.820,2,-4.019461,1.397757,-1.599268,guided_exp
10:28:46.820,1,-3.094519,1.482855,-1.869637,guided_exp
10:28:46.903,2,-4.020939,1.396978,-1.603264,guided_exp
10:28:46.903,1,-3.097147,1.482503,-1.885082,guided_exp
10:28:46.986,2,-4.024754,1.400301,-1.608906,guided_exp
10:28:46.987,1,-3.1047,1.478652,-1.902835,guided_exp
10:28:47.070,2,-4.032441,1.40095,-1.621513,guided_exp
10:28:47.070,1,-3.12051,1.479476,-1.92809,guided_exp
10:28:47.153,2,-4.040215,1.396175,-1.627719,guided_exp
10:28:47.153,1,-3.129383,1.471065,-1.942091,guided_exp
10:28:47.236,2,-4.048525,1.395123,-1.634723,guided_exp
10:28:47.236,1,-3.141017,1.479115,-1.967746,guided_exp
10:28:47.320,2,-4.065367,1.383182,-1.645704,guided_exp
10:28:47.320,1,-3.149911,1.479362,-1.983718,guided_exp
10:28:47.403,2,-4.082298,1.381855,-1.657806,guided_exp
10:28:47.403,1,-3.163973,1.477367,-2.002624,guided_exp
10:28:47.486,2,-4.095705,1.395996,-1.671732,guided_exp
10:28:47.487,1,-3.170212,1.477553,-2.015226,guided_exp
10:28:47.571,2,-4.112018,1.390177,-1.68565,guided_exp
10:28:47.571,1,-3.176777,1.477101,-2.023784,guided_exp
10:28:47.670,2,-4.143647,1.389424,-1.725251,guided_exp
10:28:47.670,1,-3.186331,1.47191,-2.04299,guided_exp
10:28:47.753,2,-4.152786,1.38927,-1.741116,guided_exp
10:28:47.753,1,-3.188324,1.479621,-2.051261,guided_exp
10:28:47.853,2,-4.168398,1.393772,-1.764728,guided_exp
10:28:47.854,1,-3.194236,1.480283,-2.060362,guided_exp
10:28:47.936,2,-4.187412,1.395691,-1.797727,guided_exp
10:28:47.937,1,-3.198772,1.477642,-2.065935,guided_exp
10:28:48.020,2,-4.1895,1.392543,-1.808465,guided_exp
10:28:48.021,1,-3.202634,1.477539,-2.069248,guided_exp
10:28:48.121,2,-4.189598,1.396532,-1.827416,guided_exp
10:28:48.121,1,-3.20589,1.478474,-2.072409,guided_exp
10:28:48.203,2,-4.180586,1.398312,-1.842634,guided_exp
10:28:48.203,1,-3.208345,1.481691,-2.073972,guided_exp
10:28:48.287,2,-4.173359,1.403548,-1.861439,guided_exp
10:28:48.287,1,-3.21001,1.482746,-2.07463,guided_exp
10:28:48.387,2,-4.139806,1.402527,-1.891264,guided_exp
10:28:48.388,1,-3.211353,1.485096,-2.075268,guided_exp
10:28:48.486,2,-4.101007,1.402597,-1.932929,guided_exp
10:28:48.487,1,-3.212034,1.487175,-2.075897,guided_exp
10:28:48.570,2,-4.064297,1.39671,-1.966635,guided_exp
10:28:48.570,1,-3.213214,1.485516,-2.076112,guided_exp
10:28:48.653,2,-4.038838,1.392814,-1.988383,guided_exp
10:28:48.653,1,-3.21322,1.489637,-2.076412,guided_exp
10:28:48.737,2,-3.998135,1.395561,-2.027548,guided_exp
10:28:48.738,1,-3.2146,1.489978,-2.076755,guided_exp
10:28:48.837,2,-3.971142,1.400352,-2.047416,guided_exp
10:28:48.837,1,-3.215703,1.490029,-2.076629,guided_exp
10:28:48.920,2,-3.937556,1.401135,-2.071754,guided_exp
10:28:48.920,1,-3.21684,1.49271,-2.076222,guided_exp
10:28:49.004,2,-3.9159,1.400535,-2.087498,guided_exp
10:28:49.004,1,-3.217858,1.488634,-2.075916,guided_exp
10:28:49.104,2,-3.904732,1.403004,-2.099806,guided_exp
10:28:49.104,1,-3.218177,1.489066,-2.076086,guided_exp
10:28:49.186,2,-3.885497,1.398336,-2.118673,guided_exp
10:28:49.187,1,-3.218676,1.486471,-2.076024,guided_exp
10:28:49.270,2,-3.87529,1.399306,-2.129531,guided_exp
10:28:49.270,1,-3.219282,1.487955,-2.075635,guided_exp
10:28:49.353,2,-3.871861,1.396836,-2.133056,guided_exp
10:28:49.353,1,-3.219398,1.482529,-2.075439,guided_exp
10:28:49.437,2,-3.867185,1.397934,-2.137799,guided_exp
10:28:49.437,1,-3.2197,1.47714,-2.075827,guided_exp
10:28:49.520,2,-3.865481,1.395341,-2.138885,guided_exp
10:28:49.520,1,-3.219983,1.475747,-2.075819,guided_exp
10:28:49.603,2,-3.864423,1.395657,-2.141386,guided_exp
10:28:49.604,1,-3.220189,1.477134,-2.075641,guided_exp
10:28:49.686,2,-3.862955,1.396155,-2.143013,guided_exp
10:28:49.687,1,-3.220261,1.474639,-2.075386,guided_exp
10:28:49.770,2,-3.861399,1.397295,-2.143726,guided_exp
10:28:49.770,1,-3.221254,1.482823,-2.075056,guided_exp
10:28:49.853,2,-3.861272,1.399491,-2.14349,guided_exp
10:28:49.853,1,-3.221735,1.496224,-2.074927,guided_exp
10:28:49.937,2,-3.861116,1.396915,-2.143335,guided_exp
10:28:49.938,1,-3.222213,1.49676,-2.074735,guided_exp
10:28:50.020,2,-3.86083,1.398553,-2.143373,guided_exp
10:28:50.020,1,-3.222728,1.485647,-2.074645,guided_exp
10:28:50.104,2,-3.861991,1.39873,-2.142423,guided_exp
10:28:50.104,1,-3.222884,1.460328,-2.074123,guided_exp
10:28:50.186,2,-3.862623,1.397912,-2.142047,guided_exp
10:28:50.187,1,-3.224469,1.45386,-2.073695,guided_exp
10:28:50.270,2,-3.862156,1.401713,-2.141155,guided_exp
10:28:50.271,1,-3.224907,1.462613,-2.073286,guided_exp
10:28:50.370,2,-3.860337,1.395674,-2.13724,guided_exp
10:28:50.371,1,-3.22364,1.457244,-2.06989,guided_exp
10:28:50.453,2,-3.859667,1.399439,-2.135583,guided_exp
10:28:50.454,1,-3.224462,1.46875,-2.07073,guided_exp
10:28:50.537,2,-3.856924,1.397861,-2.134293,guided_exp
10:28:50.537,1,-3.225562,1.461507,-2.07067,guided_exp
10:28:50.620,2,-3.853708,1.400699,-2.133311,guided_exp
10:28:50.620,1,-3.22602,1.459857,-2.07114,guided_exp
10:28:50.703,2,-3.851947,1.400577,-2.132239,guided_exp
10:28:50.703,1,-3.225451,1.450873,-2.070163,guided_exp
10:28:50.787,2,-3.850941,1.402709,-2.131162,guided_exp
10:28:50.787,1,-3.225628,1.454281,-2.070275,guided_exp
10:28:50.870,2,-3.851393,1.399485,-2.130854,guided_exp
10:28:50.870,1,-3.225383,1.455867,-2.070364,guided_exp
10:28:50.954,2,-3.850106,1.396348,-2.129557,guided_exp
10:28:50.954,1,-3.225115,1.445531,-2.07046,guided_exp
10:28:51.054,2,-3.849143,1.393598,-2.128261,guided_exp
10:28:51.054,1,-3.225589,1.441615,-2.069906,guided_exp
10:28:51.136,2,-3.848414,1.393484,-2.127956,guided_exp
10:28:51.137,1,-3.22418,1.452057,-2.069398,guided_exp
10:28:51.221,2,-3.847707,1.389471,-2.127657,guided_exp
10:28:51.221,1,-3.223685,1.455637,-2.06944,guided_exp
10:28:51.321,2,-3.844802,1.388219,-2.127211,guided_exp
10:28:51.321,1,-3.221677,1.458207,-2.067211,guided_exp
10:28:51.403,2,-3.844195,1.382917,-2.126592,guided_exp
10:28:51.403,1,-3.220087,1.467347,-2.065621,guided_exp
10:28:51.486,2,-3.848484,1.374205,-2.129626,guided_exp
10:28:51.487,1,-3.220213,1.459099,-2.064387,guided_exp
10:28:51.570,2,-3.846358,1.367115,-2.129655,guided_exp
10:28:51.570,1,-3.220031,1.44429,-2.062629,guided_exp
10:28:51.653,2,-3.845044,1.360679,-2.12975,guided_exp
10:28:51.654,1,-3.21862,1.443917,-2.059732,guided_exp
10:28:51.736,2,-3.844243,1.365652,-2.129728,guided_exp
10:28:51.737,1,-3.217497,1.407521,-2.057801,guided_exp
10:28:51.821,2,-3.843358,1.36975,-2.130091,guided_exp
10:28:51.821,1,-3.216897,1.405363,-2.054966,guided_exp
10:28:51.920,2,-3.841941,1.372339,-2.130942,guided_exp
10:28:51.920,1,-3.215217,1.403092,-2.052809,guided_exp
10:28:52.003,2,-3.841378,1.374839,-2.130911,guided_exp
10:28:52.003,1,-3.214391,1.410113,-2.049431,guided_exp
10:28:52.087,2,-3.840538,1.37175,-2.131199,guided_exp
10:28:52.087,1,-3.213354,1.40355,-2.04777,guided_exp
10:28:52.170,2,-3.839928,1.370985,-2.132799,guided_exp
10:28:52.170,1,-3.212946,1.388785,-2.046995,guided_exp
10:28:52.254,2,-3.839859,1.375416,-2.132836,guided_exp
10:28:52.254,1,-3.212804,1.384965,-2.046836,guided_exp
10:28:52.336,2,-3.839405,1.378642,-2.133835,guided_exp
10:28:52.337,1,-3.212934,1.368781,-2.047655,guided_exp
10:28:52.420,2,-3.838682,1.378554,-2.134077,guided_exp
10:28:52.421,1,-3.214498,1.382507,-2.049917,guided_exp
10:28:52.520,2,-3.838355,1.382081,-2.135435,guided_exp
10:28:52.520,1,-3.215592,1.396516,-2.058771,guided_exp
10:28:52.620,2,-3.838511,1.382825,-2.13575,guided_exp
10:28:52.621,1,-3.215789,1.361058,-2.067256,guided_exp
10:28:52.721,2,-3.838153,1.381248,-2.136441,guided_exp
10:28:52.721,1,-3.214551,1.364399,-2.076505,guided_exp
10:28:52.820,2,-3.837495,1.391315,-2.137833,guided_exp
10:28:52.820,1,-3.210964,1.308017,-2.083439,guided_exp
10:28:52.903,2,-3.836986,1.389701,-2.139172,guided_exp
10:28:52.904,1,-3.204674,1.310598,-2.095255,guided_exp
10:28:52.987,2,-3.836212,1.382874,-2.140521,guided_exp
10:28:52.987,1,-3.19711,1.331539,-2.101456,guided_exp
10:28:53.070,2,-3.835703,1.392226,-2.141201,guided_exp
10:28:53.070,1,-3.183786,1.317913,-2.110781,guided_exp
10:28:53.153,2,-3.836001,1.396445,-2.141721,guided_exp
10:28:53.154,1,-3.167819,1.279888,-2.117394,guided_exp
10:28:53.237,2,-3.835326,1.400533,-2.143078,guided_exp
10:28:53.237,1,-3.145329,1.320342,-2.126558,guided_exp
10:28:53.321,2,-3.834904,1.406534,-2.144602,guided_exp
10:28:53.321,1,-3.131951,1.310869,-2.129279,guided_exp
10:28:53.403,2,-3.834111,1.410044,-2.145947,guided_exp
10:28:53.403,1,-3.111446,1.310342,-2.136776,guided_exp
10:28:53.487,2,-3.833523,1.409912,-2.146494,guided_exp
10:28:53.488,1,-3.098801,1.319459,-2.143273,guided_exp
10:28:53.587,2,-3.833494,1.408963,-2.147695,guided_exp
10:28:53.588,1,-3.082007,1.321856,-2.149519,guided_exp
10:28:53.687,2,-3.832187,1.407838,-2.150487,guided_exp
10:28:53.688,1,-3.071843,1.369487,-2.153548,guided_exp
10:28:53.770,2,-3.83172,1.408656,-2.152146,guided_exp
10:28:53.770,1,-3.062337,1.311806,-2.158285,guided_exp
10:28:53.853,2,-3.831736,1.409889,-2.153786,guided_exp
10:28:53.854,1,-3.054708,1.302207,-2.161289,guided_exp
10:28:53.936,2,-3.831087,1.410496,-2.158173,guided_exp
10:28:53.937,1,-3.04865,1.335873,-2.165194,guided_exp
10:28:54.020,2,-3.830287,1.408114,-2.161634,guided_exp
10:28:54.020,1,-3.04574,1.332802,-2.166807,guided_exp
10:28:54.103,2,-3.827902,1.406758,-2.167221,guided_exp
10:28:54.103,1,-3.041175,1.298444,-2.170243,guided_exp
10:28:54.187,2,-3.827333,1.405805,-2.16794,guided_exp
10:28:54.187,1,-3.039162,1.29916,-2.171411,guided_exp
10:28:54.270,2,-3.824836,1.405975,-2.169987,guided_exp
10:28:54.270,1,-3.034973,1.333356,-2.173735,guided_exp
10:28:54.403,2,-3.821902,1.407418,-2.170525,guided_exp
10:28:54.403,1,-3.032005,1.311178,-2.17565,guided_exp
10:28:54.487,2,-3.82114,1.407249,-2.171214,guided_exp
10:28:54.488,1,-3.031513,1.310678,-2.176064,guided_exp
10:28:54.570,2,-3.816514,1.406221,-2.166838,guided_exp
10:28:54.570,1,-3.030425,1.319575,-2.177265,guided_exp
10:28:54.654,2,-3.815975,1.406375,-2.166633,guided_exp
10:28:54.655,1,-3.029583,1.333911,-2.177855,guided_exp
10:28:54.754,2,-3.812711,1.406441,-2.163393,guided_exp
10:28:54.754,1,-3.02795,1.322006,-2.180026,guided_exp
10:28:54.837,2,-3.80918,1.406562,-2.161973,guided_exp
10:28:54.837,1,-3.026007,1.325538,-2.181789,guided_exp
10:28:54.920,2,-3.807451,1.406314,-2.160333,guided_exp
10:28:54.920,1,-3.024462,1.329867,-2.183214,guided_exp
10:28:55.003,2,-3.807507,1.405378,-2.16044,guided_exp
10:28:55.003,1,-3.021575,1.327678,-2.185961,guided_exp
10:28:55.087,2,-3.807603,1.404128,-2.160222,guided_exp
10:28:55.088,1,-3.019538,1.332528,-2.187491,guided_exp
10:28:55.187,2,-3.808826,1.404185,-2.159118,guided_exp
10:28:55.188,1,-3.01778,1.338299,-2.189548,guided_exp
10:28:55.270,2,-3.807933,1.404506,-2.15585,guided_exp
10:28:55.270,1,-3.01677,1.401247,-2.191568,guided_exp
10:28:55.353,2,-3.810245,1.404592,-2.156137,guided_exp
10:28:55.353,1,-3.014919,1.411201,-2.193732,guided_exp
10:28:55.437,2,-3.810311,1.404708,-2.154202,guided_exp
10:28:55.437,1,-3.010761,1.431686,-2.198499,guided_exp
10:28:55.520,2,-3.808206,1.404595,-2.149727,guided_exp
10:28:55.520,1,-3.00779,1.418818,-2.20268,guided_exp
10:28:55.603,2,-3.811765,1.40429,-2.147983,guided_exp
10:28:55.603,1,-3.005873,1.415633,-2.205586,guided_exp
10:28:55.687,2,-3.814263,1.404714,-2.148405,guided_exp
10:28:55.687,1,-3.004156,1.414309,-2.20828,guided_exp
10:28:55.770,2,-3.817189,1.405339,-2.147534,guided_exp
10:28:55.770,1,-3.002372,1.411993,-2.211245,guided_exp
10:28:55.854,2,-3.818774,1.405552,-2.147183,guided_exp
10:28:55.855,1,-3.001075,1.403797,-2.214058,guided_exp
10:28:55.936,2,-3.821693,1.405001,-2.146614,guided_exp
10:28:55.937,1,-2.999437,1.397476,-2.217541,guided_exp
10:28:56.021,2,-3.823629,1.404765,-2.143406,guided_exp
10:28:56.021,1,-2.998526,1.378907,-2.219295,guided_exp
10:28:56.121,2,-3.825467,1.404642,-2.144383,guided_exp
10:28:56.121,1,-2.996991,1.378884,-2.224032,guided_exp
10:28:56.203,2,-3.828098,1.403791,-2.145362,guided_exp
10:28:56.203,1,-2.996297,1.392842,-2.226049,guided_exp
10:28:56.287,2,-3.831547,1.404104,-2.143335,guided_exp
10:28:56.288,1,-2.996173,1.391115,-2.226926,guided_exp
10:28:56.370,2,-3.834263,1.403859,-2.143236,guided_exp
10:28:56.370,1,-2.994831,1.390382,-2.229689,guided_exp
10:28:56.454,2,-3.836421,1.403487,-2.143805,guided_exp
10:28:56.454,1,-2.994412,1.393407,-2.230806,guided_exp
10:28:56.537,2,-3.836808,1.404037,-2.146147,guided_exp
10:28:56.537,1,-2.993854,1.388945,-2.232335,guided_exp
10:28:56.621,2,-3.83826,1.40367,-2.145117,guided_exp
10:28:56.621,1,-2.993538,1.394015,-2.232687,guided_exp
10:28:56.703,2,-3.840297,1.404333,-2.145018,guided_exp
10:28:56.703,1,-2.993042,1.403974,-2.233484,guided_exp
10:28:56.787,2,-3.84194,1.404355,-2.144772,guided_exp
10:28:56.787,1,-2.993,1.413447,-2.234233,guided_exp
10:28:56.871,2,-3.842941,1.404646,-2.144238,guided_exp
10:28:56.871,1,-2.992708,1.429755,-2.234999,guided_exp
10:28:56.953,2,-3.845397,1.404807,-2.144551,guided_exp
10:28:56.954,1,-2.992297,1.425028,-2.235653,guided_exp
10:28:57.037,2,-3.846389,1.405392,-2.144665,guided_exp
10:28:57.037,1,-2.99225,1.416457,-2.236051,guided_exp
10:28:57.120,2,-3.847201,1.405597,-2.14502,guided_exp
10:28:57.120,1,-2.992155,1.41621,-2.236365,guided_exp
10:28:57.204,2,-3.848106,1.405525,-2.145048,guided_exp
10:28:57.204,1,-2.991844,1.412537,-2.236715,guided_exp
10:28:57.287,2,-3.84837,1.405669,-2.145613,guided_exp
10:28:57.287,1,-2.991611,1.413441,-2.236989,guided_exp
10:28:57.370,2,-3.849418,1.405571,-2.146283,guided_exp
10:28:57.370,1,-2.991277,1.409532,-2.237361,guided_exp
10:28:57.453,2,-3.850456,1.406048,-2.146769,guided_exp
10:28:57.453,1,-2.991169,1.41538,-2.237438,guided_exp
10:28:57.537,2,-3.850749,1.405729,-2.147249,guided_exp
10:28:57.537,1,-2.990407,1.429447,-2.237872,guided_exp
10:28:57.620,2,-3.849117,1.405231,-2.148667,guided_exp
10:28:57.620,1,-2.990228,1.430427,-2.238129,guided_exp
10:28:57.703,2,-3.847617,1.405131,-2.150462,guided_exp
10:28:57.703,1,-2.989739,1.442432,-2.238452,guided_exp
10:28:57.787,2,-3.847253,1.405139,-2.151222,guided_exp
10:28:57.787,1,-2.989139,1.417996,-2.238686,guided_exp
10:28:57.870,2,-3.847876,1.405163,-2.151765,guided_exp
10:28:57.870,1,-2.988744,1.4079,-2.238774,guided_exp
10:28:57.953,2,-3.846703,1.405743,-2.151892,guided_exp
10:28:57.954,1,-2.988397,1.428301,-2.239059,guided_exp
10:28:58.037,2,-3.845885,1.407148,-2.151254,guided_exp
10:28:58.037,1,-2.98805,1.442827,-2.239444,guided_exp
10:28:58.120,2,-3.843657,1.407215,-2.151818,guided_exp
10:28:58.120,1,-2.987674,1.445758,-2.239566,guided_exp
10:28:58.204,2,-3.841532,1.407608,-2.152116,guided_exp
10:28:58.205,1,-2.987638,1.442189,-2.239691,guided_exp
10:28:58.287,2,-3.837767,1.404488,-2.150628,guided_exp
10:28:58.287,1,-2.986791,1.454769,-2.240219,guided_exp
10:28:58.371,2,-3.836493,1.400644,-2.150955,guided_exp
10:28:58.371,1,-2.986153,1.456067,-2.24082,guided_exp
10:28:58.470,2,-3.828033,1.398814,-2.154478,guided_exp
10:28:58.470,1,-2.985572,1.463526,-2.241522,guided_exp
10:28:58.553,2,-3.823672,1.398132,-2.157293,guided_exp
10:28:58.553,1,-2.985223,1.445573,-2.24187,guided_exp
10:28:58.637,2,-3.808579,1.402143,-2.15772,guided_exp
10:28:58.637,1,-2.984831,1.451949,-2.241959,guided_exp
10:28:58.720,2,-3.803527,1.408333,-2.155833,guided_exp
10:28:58.720,1,-2.984397,1.463221,-2.24205,guided_exp
10:28:58.803,2,-3.793765,1.413124,-2.152368,guided_exp
10:28:58.804,1,-2.984008,1.474539,-2.242476,guided_exp
10:28:58.887,2,-3.781983,1.414046,-2.142177,guided_exp
10:28:58.888,1,-2.983784,1.478913,-2.242214,guided_exp
10:28:58.987,2,-3.764099,1.414522,-2.123017,guided_exp
10:28:58.988,1,-2.98338,1.489819,-2.242077,guided_exp
10:28:59.070,2,-3.748232,1.414072,-2.107339,guided_exp
10:28:59.070,1,-2.983263,1.487994,-2.241948,guided_exp
10:28:59.203,2,-3.709869,1.411431,-2.060892,guided_exp
10:28:59.203,1,-2.982834,1.490844,-2.241574,guided_exp
10:28:59.287,2,-3.692537,1.410185,-2.040126,guided_exp
10:28:59.287,1,-2.982595,1.482439,-2.241267,guided_exp
10:28:59.370,2,-3.654234,1.412092,-1.996742,guided_exp
10:28:59.370,1,-2.982117,1.476033,-2.24131,guided_exp
10:28:59.453,2,-3.634317,1.421659,-1.969792,guided_exp
10:28:59.453,1,-2.981956,1.472929,-2.240055,guided_exp
10:28:59.537,2,-3.593466,1.420235,-1.921765,guided_exp
10:28:59.538,1,-2.981307,1.471496,-2.240691,guided_exp
10:28:59.620,2,-3.562097,1.419147,-1.887092,guided_exp
10:28:59.620,1,-2.980362,1.470581,-2.241411,guided_exp
10:28:59.704,2,-3.539455,1.419498,-1.864529,guided_exp
10:28:59.705,1,-2.979638,1.469615,-2.241548,guided_exp
10:28:59.804,2,-3.503356,1.413849,-1.828872,guided_exp
10:28:59.804,1,-2.979133,1.468489,-2.242099,guided_exp
10:28:59.887,2,-3.484823,1.410572,-1.80915,guided_exp
10:28:59.887,1,-2.97841,1.469325,-2.242256,guided_exp
10:28:59.970,2,-3.623079,1.411418,-1.850819,guided_exp
10:28:59.971,1,-2.977641,1.467719,-2.242364,guided_exp
10:29:00.053,2,-3.577502,1.41333,-1.746133,guided_exp
10:29:00.053,1,-2.976795,1.468925,-2.242921,guided_exp
10:29:00.137,2,-3.455226,1.414458,-1.567005,guided_exp
10:29:00.138,1,-2.976522,1.468673,-2.24311,guided_exp
10:29:00.220,2,-3.564607,1.413074,-1.601946,guided_exp
10:29:00.220,1,-2.977163,1.470508,-2.242413,guided_exp
10:29:00.304,2,-3.550977,1.412813,-1.579516,guided_exp
10:29:00.304,1,-2.976869,1.470199,-2.242813,guided_exp
10:29:00.387,2,-3.59029,1.411358,-1.616929,guided_exp
10:29:00.387,1,-2.976726,1.470063,-2.243148,guided_exp
10:29:00.471,2,-3.53732,1.413274,-1.934386,guided_exp
10:29:00.471,1,-2.975793,1.469216,-2.243306,guided_exp
10:29:00.553,2,-3.53732,1.413963,-1.934386,guided_exp
10:29:00.554,1,-2.976211,1.468275,-2.24247,guided_exp
10:29:00.637,2,-3.53732,1.415228,-1.934386,guided_exp
10:29:00.638,1,-2.975288,1.469553,-2.242108,guided_exp
10:29:00.720,2,-3.53732,1.415876,-1.934386,guided_exp
10:29:00.721,1,-2.97446,1.469392,-2.242366,guided_exp
10:29:00.804,2,-3.53732,1.417001,-1.934386,guided_exp
10:29:00.804,1,-2.974971,1.46766,-2.241807,guided_exp
10:29:00.887,2,-3.53732,1.416789,-1.934386,guided_exp
10:29:00.887,1,-2.975662,1.468736,-2.24412,guided_exp
10:29:00.970,2,-3.53732,1.417019,-1.934386,guided_exp
10:29:00.970,1,-2.973511,1.470452,-2.245067,guided_exp
10:29:01.054,2,-3.53732,1.418206,-1.934386,guided_exp
10:29:01.054,1,-2.973726,1.468707,-2.244874,guided_exp
10:29:01.137,2,-3.53732,1.418526,-1.934386,guided_exp
10:29:01.137,1,-2.975802,1.47076,-2.243652,guided_exp
10:29:01.220,2,-3.53732,1.418579,-1.934386,guided_exp
10:29:01.220,1,-2.977268,1.472597,-2.242338,guided_exp
10:29:01.304,2,-3.53732,1.417301,-1.934386,guided_exp
10:29:01.304,1,-2.978141,1.471857,-2.241711,guided_exp
10:29:01.387,2,-3.53732,1.416824,-1.934386,guided_exp
10:29:01.387,1,-2.977933,1.472755,-2.241888,guided_exp
10:29:01.470,2,-3.53732,1.418153,-1.934386,guided_exp
10:29:01.470,1,-2.978383,1.471429,-2.241063,guided_exp
10:29:01.554,2,-3.53732,1.417575,-1.934386,guided_exp
10:29:01.554,1,-2.978898,1.470629,-2.239447,guided_exp
10:29:01.637,2,-3.53732,1.416534,-1.934386,guided_exp
10:29:01.637,1,-2.979126,1.467085,-2.239889,guided_exp
10:29:01.721,2,-3.53732,1.417603,-1.934386,guided_exp
10:29:01.721,1,-2.979355,1.468938,-2.240627,guided_exp
10:29:01.803,2,-3.53732,1.414328,-1.934386,guided_exp
10:29:01.804,1,-2.979892,1.469959,-2.238975,guided_exp
10:29:01.888,2,-3.53732,1.413221,-1.934386,guided_exp
10:29:01.888,1,-2.979693,1.472894,-2.238968,guided_exp
10:29:01.970,2,-3.53732,1.414451,-1.934386,guided_exp
10:29:01.970,1,-2.980065,1.471808,-2.237447,guided_exp
10:29:02.054,2,-3.53732,1.409115,-1.934386,guided_exp
10:29:02.055,1,-2.980142,1.475536,-2.236766,guided_exp
10:29:02.137,2,-3.53732,1.405888,-1.934386,guided_exp
10:29:02.137,1,-2.980029,1.477721,-2.237036,guided_exp
10:29:02.221,2,-3.53732,1.40425,-1.934386,guided_exp
10:29:02.221,1,-2.980168,1.480406,-2.237773,guided_exp
10:29:02.303,2,-3.53732,1.403828,-1.934386,guided_exp
10:29:02.304,1,-2.980825,1.481875,-2.23695,guided_exp
10:29:02.454,2,-3.53732,1.400383,-1.934386,guided_exp
10:29:02.454,1,-2.981174,1.484015,-2.237575,guided_exp
10:29:02.537,2,-3.53732,1.401386,-1.934386,guided_exp
10:29:02.537,1,-2.981346,1.481659,-2.237705,guided_exp
10:29:02.621,2,-3.53732,1.403446,-1.934386,guided_exp
10:29:02.621,1,-2.980872,1.486911,-2.238607,guided_exp
10:29:02.703,2,-3.53732,1.39712,-1.934386,guided_exp
10:29:02.704,1,-2.980715,1.48975,-2.238303,guided_exp
10:29:02.704,2,-1.776625,1.396752,-2.112087,guided_exp
10:29:02.787,2,-3.53732,1.496474,-1.934386,guided_exp
10:29:02.788,1,-2.980609,1.394457,-2.238372,guided_exp
10:29:02.788,2,-1.775709,1.497382,-2.107544,guided_exp
10:29:02.870,2,-3.53732,1.395333,-1.934386,guided_exp
10:29:02.870,1,-2.980369,1.503956,-2.238188,guided_exp
10:29:02.870,2,-1.773148,1.393219,-2.1169,guided_exp
10:29:02.954,1,-2.979989,1.508706,-2.239469,guided_exp
10:29:02.954,2,-1.767417,1.393967,-2.123449,guided_exp
10:29:03.037,1,-2.980437,1.511971,-2.237672,guided_exp
10:29:03.037,2,-1.763996,1.394042,-2.122829,guided_exp
10:29:03.121,1,-2.979892,1.51271,-2.238189,guided_exp
10:29:03.121,2,-1.763894,1.393313,-2.123719,guided_exp
10:29:03.204,1,-2.979432,1.513157,-2.236591,guided_exp
10:29:03.204,2,-1.758073,1.395988,-2.11989,guided_exp
10:29:03.287,1,-2.979868,1.511153,-2.235123,guided_exp
10:29:03.287,2,-1.754508,1.396869,-2.118133,guided_exp
10:29:03.370,1,-2.97958,1.510026,-2.236858,guided_exp
10:29:03.370,2,-1.747607,1.391424,-2.119463,guided_exp
10:29:03.453,1,-2.979041,1.509756,-2.235978,guided_exp
10:29:03.453,2,-1.742903,1.392174,-2.122081,guided_exp
10:29:03.537,1,-2.97943,1.508512,-2.234809,guided_exp
10:29:03.537,2,-1.740407,1.395681,-2.12323,guided_exp
10:29:03.620,1,-2.979089,1.508658,-2.234672,guided_exp
10:29:03.620,2,-1.737877,1.395709,-2.123795,guided_exp
10:29:03.703,1,-2.979972,1.508227,-2.232673,guided_exp
10:29:03.704,2,-1.735858,1.39532,-2.12257,guided_exp
10:29:03.787,1,-2.980175,1.508728,-2.231749,guided_exp
10:29:03.787,2,-1.73439,1.394018,-2.121941,guided_exp
10:29:03.870,1,-2.980029,1.512826,-2.231987,guided_exp
10:29:03.870,2,-1.733917,1.391583,-2.121528,guided_exp
10:29:03.954,1,-2.980146,1.509074,-2.231814,guided_exp
10:29:03.954,2,-1.733349,1.388819,-2.121029,guided_exp
10:29:04.037,1,-2.980732,1.512747,-2.233204,guided_exp
10:29:04.037,2,-1.73241,1.386849,-2.12059,guided_exp
10:29:04.121,1,-2.980586,1.509488,-2.23349,guided_exp
10:29:04.121,2,-1.731801,1.394594,-2.120741,guided_exp
10:29:04.203,1,-2.980769,1.512203,-2.233229,guided_exp
10:29:04.203,2,-1.732254,1.395046,-2.120017,guided_exp
10:29:04.337,1,-2.979123,1.512611,-2.234094,guided_exp
10:29:04.337,2,-1.733548,1.389691,-2.118996,guided_exp
10:29:04.421,1,-2.978402,1.514614,-2.234512,guided_exp
10:29:04.421,2,-1.734633,1.388964,-2.119233,guided_exp
10:29:04.503,1,-2.97815,1.515961,-2.23446,guided_exp
10:29:04.503,2,-1.736251,1.38729,-2.119032,guided_exp
10:29:04.587,1,-2.977719,1.516229,-2.234676,guided_exp
10:29:04.588,2,-1.73772,1.391366,-2.119173,guided_exp
10:29:04.670,1,-2.978478,1.517898,-2.233864,guided_exp
10:29:04.670,2,-1.741282,1.388974,-2.118524,guided_exp
10:29:04.754,1,-2.977535,1.520338,-2.234628,guided_exp
10:29:04.754,2,-1.741784,1.389401,-2.118505,guided_exp
10:29:04.837,1,-2.977393,1.52032,-2.234734,guided_exp
10:29:04.837,2,-1.743601,1.389806,-2.117685,guided_exp
10:29:04.987,1,-2.977542,1.518106,-2.235022,guided_exp
10:29:04.988,2,-1.7453,1.38899,-2.117699,guided_exp
10:29:05.087,1,-2.976443,1.516609,-2.235975,guided_exp
10:29:05.087,2,-1.74606,1.384072,-2.118209,guided_exp
10:29:05.170,1,-2.976338,1.516263,-2.23648,guided_exp
10:29:05.170,2,-1.747775,1.384425,-2.118476,guided_exp
10:29:05.254,1,-2.976441,1.517899,-2.236858,guided_exp
10:29:05.254,2,-1.74855,1.38389,-2.118806,guided_exp
10:29:05.337,1,-2.977139,1.517396,-2.236338,guided_exp
10:29:05.337,2,-1.749659,1.385686,-2.119409,guided_exp
10:29:05.420,1,-2.978354,1.519003,-2.23699,guided_exp
10:29:05.421,2,-1.749782,1.390211,-2.120029,guided_exp
10:29:05.521,1,-2.978779,1.523729,-2.238228,guided_exp
10:29:05.521,2,-1.750563,1.393016,-2.120678,guided_exp
10:29:05.621,1,-2.978764,1.526038,-2.238605,guided_exp
10:29:05.621,2,-1.750997,1.399651,-2.121002,guided_exp
10:29:05.721,1,-2.979197,1.527424,-2.239052,guided_exp
10:29:05.721,2,-1.751843,1.402806,-2.121852,guided_exp
10:29:05.803,1,-2.979058,1.528241,-2.239318,guided_exp
10:29:05.803,2,-1.752364,1.401923,-2.122473,guided_exp
10:29:05.887,1,-2.979474,1.527186,-2.239218,guided_exp
10:29:05.887,2,-1.75319,1.414208,-2.122978,guided_exp
10:29:05.970,1,-2.98194,1.527975,-2.236311,guided_exp
10:29:05.970,2,-1.753831,1.415913,-2.123905,guided_exp
10:29:06.054,1,-2.982757,1.528244,-2.236158,guided_exp
10:29:06.054,2,-1.754401,1.410957,-2.124651,guided_exp
10:29:06.137,1,-2.982581,1.527887,-2.236623,guided_exp
10:29:06.137,2,-1.755827,1.416002,-2.125748,guided_exp
10:29:06.220,1,-2.982334,1.527227,-2.236898,guided_exp
10:29:06.221,2,-1.756354,1.416456,-2.126005,guided_exp
10:29:06.303,1,-2.981508,1.526287,-2.23691,guided_exp
10:29:06.304,2,-1.757135,1.414152,-2.126293,guided_exp
10:29:06.388,1,-2.979658,1.525656,-2.236791,guided_exp
10:29:06.389,2,-1.7579,1.415516,-2.126612,guided_exp
10:29:06.470,1,-2.978261,1.52542,-2.23739,guided_exp
10:29:06.470,2,-1.759259,1.413667,-2.127888,guided_exp
10:29:06.620,1,-2.975908,1.524314,-2.237756,guided_exp
10:29:06.621,2,-1.759636,1.417926,-2.128058,guided_exp
10:29:06.703,1,-2.973846,1.524063,-2.237108,guided_exp
10:29:06.704,2,-1.76049,1.417089,-2.128139,guided_exp
10:29:06.788,1,-2.972837,1.523258,-2.236749,guided_exp
10:29:06.788,2,-1.760876,1.406334,-2.12842,guided_exp
10:29:06.870,1,-2.971381,1.522937,-2.235527,guided_exp
10:29:06.870,2,-1.760979,1.416122,-2.12865,guided_exp
10:29:06.954,1,-2.970788,1.522076,-2.235408,guided_exp
10:29:06.955,2,-1.761905,1.40601,-2.129663,guided_exp
10:29:07.054,1,-2.969382,1.522193,-2.235008,guided_exp
10:29:07.054,2,-1.762516,1.4137,-2.129324,guided_exp
10:29:07.137,1,-2.967915,1.522168,-2.23408,guided_exp
10:29:07.137,2,-1.76306,1.418746,-2.128728,guided_exp
10:29:07.220,1,-2.96738,1.522154,-2.234193,guided_exp
10:29:07.221,2,-1.766077,1.417575,-2.128456,guided_exp
10:29:07.303,1,-2.967043,1.521703,-2.234703,guided_exp
10:29:07.303,2,-1.768234,1.414407,-2.126117,guided_exp
10:29:07.387,1,-2.967416,1.521398,-2.234756,guided_exp
10:29:07.387,2,-1.769828,1.413433,-2.124893,guided_exp
10:29:07.487,1,-2.967755,1.521438,-2.236433,guided_exp
10:29:07.487,2,-1.775685,1.415736,-2.121899,guided_exp
10:29:07.570,1,-2.968589,1.520959,-2.237024,guided_exp
10:29:07.570,2,-1.780415,1.416964,-2.119165,guided_exp
10:29:07.653,1,-2.968948,1.520615,-2.237587,guided_exp
10:29:07.653,2,-1.781915,1.423479,-2.118176,guided_exp
10:29:07.737,1,-2.969261,1.52078,-2.239507,guided_exp
10:29:07.737,2,-1.783382,1.422214,-2.116093,guided_exp
10:29:07.820,1,-2.969958,1.520902,-2.240139,guided_exp
10:29:07.820,2,-1.783517,1.421749,-2.115143,guided_exp
10:29:07.904,1,-2.969803,1.520933,-2.240735,guided_exp
10:29:07.904,2,-1.790355,1.421553,-2.111313,guided_exp
10:29:07.987,1,-2.969909,1.520725,-2.24102,guided_exp
10:29:07.987,2,-1.793928,1.422475,-2.109574,guided_exp
10:29:08.070,1,-2.970028,1.520173,-2.24168,guided_exp
10:29:08.070,2,-1.801867,1.422248,-2.103685,guided_exp
10:29:08.154,1,-2.970156,1.520378,-2.241956,guided_exp
10:29:08.154,2,-1.805722,1.418985,-2.101008,guided_exp
10:29:08.237,1,-2.969754,1.520415,-2.24238,guided_exp
10:29:08.237,2,-1.819482,1.419389,-2.088514,guided_exp
10:29:08.320,1,-2.96969,1.520687,-2.24237,guided_exp
10:29:08.320,2,-1.825693,1.419018,-2.083372,guided_exp
10:29:08.404,1,-2.969297,1.520826,-2.242832,guided_exp
10:29:08.404,2,-1.84613,1.424118,-2.066623,guided_exp
10:29:08.487,1,-2.969227,1.522001,-2.243272,guided_exp
10:29:08.488,2,-1.863567,1.42348,-2.055658,guided_exp
10:29:08.570,1,-2.96961,1.520903,-2.243128,guided_exp
10:29:08.570,2,-1.887755,1.423009,-2.036995,guided_exp
10:29:08.654,1,-2.970262,1.521044,-2.242611,guided_exp
10:29:08.655,2,-1.901372,1.421351,-2.026207,guided_exp
10:29:08.737,1,-2.970591,1.51982,-2.242743,guided_exp
10:29:08.737,2,-1.926857,1.42299,-2.010952,guided_exp
10:29:08.870,1,-2.968941,1.519584,-2.242923,guided_exp
10:29:08.870,2,-1.954655,1.421561,-1.990449,guided_exp
10:29:08.954,1,-2.967031,1.519742,-2.24409,guided_exp
10:29:08.954,2,-1.964507,1.420878,-1.98584,guided_exp
10:29:09.037,1,-2.963881,1.51959,-2.244058,guided_exp
10:29:09.037,2,-1.986637,1.419845,-1.968426,guided_exp
10:29:09.121,1,-2.962458,1.519401,-2.245162,guided_exp
10:29:09.121,2,-1.998953,1.421348,-1.962166,guided_exp
10:29:09.204,1,-2.960177,1.519617,-2.246702,guided_exp
10:29:09.204,2,-2.017611,1.422281,-1.953235,guided_exp
10:29:09.337,1,-2.956441,1.519804,-2.248757,guided_exp
10:29:09.337,2,-2.043934,1.422789,-1.935747,guided_exp
10:29:09.487,1,-2.955739,1.51992,-2.249517,guided_exp
10:29:09.487,2,-2.072246,1.422973,-1.911797,guided_exp
10:29:09.570,1,-2.955244,1.521691,-2.250424,guided_exp
10:29:09.570,2,-2.093028,1.423159,-1.902322,guided_exp
10:29:09.654,1,-2.954436,1.521467,-2.250964,guided_exp
10:29:09.655,2,-2.116522,1.422552,-1.892094,guided_exp
10:29:09.737,1,-2.95454,1.52199,-2.251283,guided_exp
10:29:09.737,2,-2.138319,1.421737,-1.877326,guided_exp
10:29:09.820,1,-2.954935,1.522283,-2.251949,guided_exp
10:29:09.820,2,-2.174044,1.421279,-1.860459,guided_exp
10:29:09.904,1,-2.954563,1.522441,-2.252483,guided_exp
10:29:09.905,2,-2.179381,1.421183,-1.849222,guided_exp
10:29:09.987,1,-2.954429,1.52321,-2.253909,guided_exp
10:29:09.987,2,-2.213924,1.421056,-1.825855,guided_exp
10:29:10.071,1,-2.954593,1.522607,-2.254788,guided_exp
10:29:10.071,2,-2.235061,1.420287,-1.803433,guided_exp
10:29:10.153,1,-2.954199,1.522634,-2.256634,guided_exp
10:29:10.154,2,-2.314971,1.420311,-1.762198,guided_exp
10:29:10.287,1,-2.954491,1.52304,-2.257524,guided_exp
10:29:10.287,2,-2.38564,1.420089,-1.712768,guided_exp
10:29:10.420,1,-2.954756,1.52348,-2.258465,guided_exp
10:29:10.420,2,-2.448276,1.419623,-1.664661,guided_exp
10:29:10.504,1,-2.954344,1.523858,-2.259549,guided_exp
10:29:10.505,2,-2.51841,1.419587,-1.629787,guided_exp
10:29:10.587,1,-2.954546,1.524186,-2.260805,guided_exp
10:29:10.587,2,-2.566198,1.41965,-1.61104,guided_exp
10:29:10.671,1,-2.954273,1.524381,-2.261685,guided_exp
10:29:10.671,2,-2.591452,1.418976,-1.588635,guided_exp
10:29:10.754,1,-2.954297,1.524697,-2.263611,guided_exp
10:29:10.754,2,-2.618641,1.418742,-1.562722,guided_exp
10:29:10.838,1,-2.95446,1.52579,-2.26462,guided_exp
10:29:10.838,2,-2.653274,1.419636,-1.546596,guided_exp
10:29:10.920,1,-2.954195,1.525622,-2.265633,guided_exp
10:29:10.920,2,-2.605605,1.420069,-1.487656,guided_exp
10:29:11.071,1,-2.95378,1.52489,-2.267237,guided_exp
10:29:11.153,1,-2.953845,1.420011,-2.268055,guided_exp
10:29:11.237,1,-2.953078,1.526048,-2.270139,guided_exp
10:29:11.320,1,-2.953499,1.42061,-2.270343,guided_exp
10:29:11.405,1,-2.953123,1.525936,-2.270439,guided_exp
10:29:11.487,1,-2.95201,1.420276,-2.269826,guided_exp
10:29:11.570,1,-2.948179,1.527595,-2.269937,guided_exp
10:29:11.654,1,-2.946834,1.420416,-2.269854,guided_exp
10:29:11.737,1,-2.944029,1.525616,-2.269199,guided_exp
10:29:11.821,1,-2.943229,1.42021,-2.268781,guided_exp
10:29:11.904,1,-2.940876,1.526058,-2.267842,guided_exp
10:29:11.987,2,-3.839467,1.419271,-1.453752,guided_exp
10:29:11.988,1,-2.940409,1.52702,-2.267225,guided_exp
10:29:12.070,2,-3.90225,1.418519,-1.446842,guided_exp
10:29:12.070,1,-2.940119,1.527,-2.266258,guided_exp
10:29:12.154,2,-3.949553,1.418001,-1.448012,guided_exp
10:29:12.154,1,-2.939468,1.527671,-2.265663,guided_exp
10:29:12.237,2,-4.031838,1.417827,-1.448451,guided_exp
10:29:12.237,1,-2.938989,1.529315,-2.265291,guided_exp
10:29:12.320,2,-4.060385,1.417801,-1.446318,guided_exp
10:29:12.320,1,-2.938796,1.527264,-2.264889,guided_exp
10:29:12.403,2,-4.147257,1.418819,-1.451991,guided_exp
10:29:12.404,1,-2.938744,1.527123,-2.264673,guided_exp
10:29:12.487,2,-4.207087,1.419069,-1.457309,guided_exp
10:29:12.488,1,-2.9402,1.526668,-2.263524,guided_exp
10:29:12.570,2,-4.282902,1.418889,-1.464465,guided_exp
10:29:12.570,1,-2.939733,1.526463,-2.263319,guided_exp
10:29:12.654,2,-4.335213,1.418031,-1.470179,guided_exp
10:29:12.655,1,-2.939671,1.526359,-2.263196,guided_exp
10:29:12.737,2,-4.382839,1.416853,-1.473261,guided_exp
10:29:12.737,1,-2.93939,1.525601,-2.262661,guided_exp
10:29:12.821,2,-4.405172,1.415817,-1.470539,guided_exp
10:29:12.821,1,-2.939227,1.524423,-2.262491,guided_exp
10:29:12.903,2,-4.434613,1.415883,-1.465722,guided_exp
10:29:12.904,1,-2.938997,1.524556,-2.262015,guided_exp
10:29:12.988,2,-4.458204,1.414455,-1.450042,guided_exp
10:29:12.988,1,-2.939204,1.524381,-2.261783,guided_exp
10:29:13.070,2,-4.50124,1.411655,-1.441584,guided_exp
10:29:13.071,1,-2.939347,1.523982,-2.261356,guided_exp
10:29:13.154,2,-4.521826,1.411514,-1.433902,guided_exp
10:29:13.155,1,-2.939553,1.523951,-2.260819,guided_exp
10:29:13.237,2,-4.53212,1.411688,-1.410704,guided_exp
10:29:13.237,1,-2.9419,1.523841,-2.258577,guided_exp
10:29:13.321,2,-4.543015,1.405156,-1.392358,guided_exp
10:29:13.321,1,-2.944772,1.524408,-2.257216,guided_exp
10:29:13.421,2,-4.570323,1.409455,-1.365913,guided_exp
10:29:13.421,1,-2.950667,1.523675,-2.253429,guided_exp
10:29:13.503,2,-4.587333,1.41256,-1.324993,guided_exp
10:29:13.504,1,-2.961626,1.52415,-2.250511,guided_exp
10:29:13.588,2,-4.610725,1.409684,-1.299564,guided_exp
10:29:13.588,1,-2.966507,1.523966,-2.249129,guided_exp
10:29:13.670,2,-4.615748,1.408057,-1.27591,guided_exp
10:29:13.670,1,-2.981146,1.524079,-2.243438,guided_exp
10:29:13.754,2,-4.624437,1.407601,-1.259728,guided_exp
10:29:13.755,1,-2.997811,1.52351,-2.236298,guided_exp
10:29:13.837,2,-4.640002,1.406111,-1.224281,guided_exp
10:29:13.837,1,-3.017004,1.52328,-2.226707,guided_exp
10:29:13.921,2,-4.653178,1.408439,-1.195547,guided_exp
10:29:13.921,1,-3.034445,1.522996,-2.219167,guided_exp
10:29:14.004,2,-4.662937,1.408154,-1.181094,guided_exp
10:29:14.004,1,-3.064922,1.524447,-2.205393,guided_exp
10:29:14.087,2,-4.680291,1.407408,-1.153312,guided_exp
10:29:14.088,1,-3.086325,1.523789,-2.196948,guided_exp
10:29:14.170,2,-4.684366,1.407393,-1.124892,guided_exp
10:29:14.170,1,-3.120556,1.523264,-2.185483,guided_exp
10:29:14.254,2,-4.698511,1.407572,-1.089155,guided_exp
10:29:14.254,1,-3.139894,1.523662,-2.177449,guided_exp
10:29:14.337,2,-4.710298,1.408054,-1.039037,guided_exp
10:29:14.337,1,-3.173383,1.524243,-2.166022,guided_exp
10:29:14.420,2,-4.727818,1.408417,-1.00576,guided_exp
10:29:14.421,1,-3.186555,1.524546,-2.161011,guided_exp
10:29:14.504,2,-4.754206,1.40829,-0.954357,guided_exp
10:29:14.504,1,-3.211579,1.525156,-2.154379,guided_exp
10:29:14.587,2,-4.762249,1.412172,-0.961712,guided_exp
10:29:14.587,1,-3.226574,1.52556,-2.148396,guided_exp
10:29:14.670,2,-4.777884,1.418222,-0.899863,guided_exp
10:29:14.670,1,-3.246305,1.525172,-2.142593,guided_exp
10:29:14.754,2,-4.769983,1.420667,-0.851684,guided_exp
10:29:14.755,1,-3.259423,1.524708,-2.135679,guided_exp
10:29:14.837,2,-4.77633,1.419953,-0.844215,guided_exp
10:29:14.837,1,-3.273617,1.524081,-2.125491,guided_exp
10:29:14.921,2,-4.781018,1.423918,-0.83936,guided_exp
10:29:14.922,1,-3.285737,1.524255,-2.117126,guided_exp
10:29:15.003,2,-4.785078,1.425838,-0.801238,guided_exp
10:29:15.004,1,-3.301195,1.524609,-2.101793,guided_exp
10:29:15.088,2,-4.789941,1.423168,-0.805389,guided_exp
10:29:15.088,1,-3.309919,1.52488,-2.085756,guided_exp
10:29:15.170,2,-4.806851,1.426756,-0.76922,guided_exp
10:29:15.170,1,-3.334518,1.524764,-2.053998,guided_exp
10:29:15.254,2,-4.806459,1.428841,-0.771775,guided_exp
10:29:15.255,1,-3.344909,1.524489,-2.02951,guided_exp
10:29:15.337,2,-4.794519,1.427909,-0.747098,guided_exp
10:29:15.337,1,-3.364694,1.524586,-1.983143,guided_exp
10:29:15.470,2,-4.78918,1.429611,-0.745758,guided_exp
10:29:15.470,1,-3.379106,1.524787,-1.926751,guided_exp
10:29:15.554,2,-4.786267,1.430727,-0.724477,guided_exp
10:29:15.555,1,-3.391303,1.524771,-1.897396,guided_exp
10:29:15.637,2,-4.791066,1.431679,-0.741138,guided_exp
10:29:15.637,1,-3.4039,1.525008,-1.857769,guided_exp
10:29:15.721,2,-4.781247,1.432721,-0.737387,guided_exp
10:29:15.721,1,-3.41358,1.524919,-1.835122,guided_exp
10:29:15.821,2,-4.768664,1.433748,-0.744154,guided_exp
10:29:15.821,1,-3.430132,1.524672,-1.798517,guided_exp
10:29:15.921,2,-4.766231,1.434181,-0.735844,guided_exp
10:29:15.921,1,-3.45218,1.524614,-1.76224,guided_exp
10:29:16.003,2,-4.763106,1.434749,-0.745422,guided_exp
10:29:16.004,1,-3.472591,1.524644,-1.731016,guided_exp
10:29:16.088,2,-4.749926,1.435003,-0.827932,guided_exp
10:29:16.088,1,-3.488562,1.524706,-1.704735,guided_exp
10:29:16.170,2,-4.753969,1.433834,-0.750313,guided_exp
10:29:16.171,1,-3.512636,1.524995,-1.671556,guided_exp
10:29:16.254,2,-4.756133,1.432985,-0.748937,guided_exp
10:29:16.254,1,-3.539475,1.524971,-1.639476,guided_exp
10:29:16.337,2,-4.766199,1.433233,-0.754329,guided_exp
10:29:16.338,1,-3.583316,1.524533,-1.599537,guided_exp
10:29:16.421,2,-4.767238,1.431581,-0.753899,guided_exp
10:29:16.421,1,-3.615657,1.524015,-1.578625,guided_exp
10:29:16.504,2,-4.76567,1.43082,-0.753117,guided_exp
10:29:16.504,1,-3.67063,1.52423,-1.535404,guided_exp
10:29:16.587,2,-4.776472,1.427036,-0.748676,guided_exp
10:29:16.588,1,-3.695462,1.524642,-1.511736,guided_exp
10:29:16.670,2,-4.777516,1.428012,-0.821126,guided_exp
10:29:16.670,1,-3.747946,1.524705,-1.479826,guided_exp
10:29:16.754,2,-4.788726,1.427728,-0.757655,guided_exp
10:29:16.755,1,-3.782613,1.524664,-1.455942,guided_exp
10:29:16.837,2,-4.782011,1.428323,-0.739368,guided_exp
10:29:16.837,1,-3.809545,1.524283,-1.435394,guided_exp
10:29:16.921,2,-4.788795,1.429629,-0.712756,guided_exp
10:29:16.921,1,-3.826769,1.524377,-1.427711,guided_exp
10:29:17.004,2,-4.790776,1.428989,-0.722801,guided_exp
10:29:17.004,1,-3.838607,1.524355,-1.415166,guided_exp
10:29:17.137,2,-4.788795,1.422351,-0.739171,guided_exp
10:29:17.137,1,-3.863135,1.524386,-1.397411,guided_exp
10:29:17.270,2,-4.792404,1.418935,-0.73163,guided_exp
10:29:17.270,1,-3.880533,1.524453,-1.385,guided_exp
10:29:17.354,2,-4.798034,1.417571,-0.70664,guided_exp
10:29:17.354,1,-3.881115,1.524841,-1.380988,guided_exp
10:29:17.437,2,-4.794267,1.419479,-0.695918,guided_exp
10:29:17.437,1,-3.89157,1.524976,-1.364825,guided_exp
10:29:17.588,2,-4.741354,1.418612,-0.862322,guided_exp
10:29:17.588,1,-3.90475,1.524826,-1.337891,guided_exp
10:29:17.670,2,-4.820588,1.416306,-0.71638,guided_exp
10:29:17.670,1,-3.908796,1.524689,-1.318314,guided_exp
10:29:17.754,2,-4.793838,1.412406,-0.753085,guided_exp
10:29:17.754,1,-3.908242,1.524839,-1.30646,guided_exp
10:29:17.837,2,-4.78619,1.400137,-0.823721,guided_exp
10:29:17.837,1,-3.908191,1.52475,-1.28688,guided_exp
10:29:17.920,2,-4.781997,1.394017,-0.748248,guided_exp
10:29:17.920,1,-3.911787,1.524502,-1.272032,guided_exp
10:29:18.004,2,-4.7563,1.39949,-0.696839,guided_exp
10:29:18.005,1,-3.911621,1.524256,-1.249246,guided_exp
10:29:18.087,2,-4.768554,1.395606,-0.824383,guided_exp
10:29:18.087,1,-3.911999,1.524067,-1.235473,guided_exp
10:29:18.171,2,-4.789186,1.391871,-0.766841,guided_exp
10:29:18.171,1,-3.91308,1.523781,-1.212054,guided_exp
10:29:18.254,2,-4.789991,1.390249,-0.753991,guided_exp
10:29:18.254,1,-3.913573,1.524292,-1.205567,guided_exp
10:29:18.338,2,-4.761756,1.389053,-0.714834,guided_exp
10:29:18.338,1,-3.915788,1.52429,-1.19739,guided_exp
10:29:18.420,2,-4.780959,1.389421,-0.77579,guided_exp
10:29:18.420,1,-3.914067,1.524187,-1.181037,guided_exp
10:29:18.571,2,-4.795828,1.394605,-0.769125,guided_exp
10:29:18.571,1,-3.921871,1.524128,-1.166777,guided_exp
10:29:18.654,2,-4.791199,1.394146,-0.768272,guided_exp
10:29:18.654,1,-3.927177,1.52315,-1.161866,guided_exp
10:29:18.787,2,-4.792326,1.377611,-0.771169,guided_exp
10:29:18.787,1,-3.941717,1.523196,-1.161061,guided_exp
10:29:18.870,2,-4.780328,1.202562,-0.785197,guided_exp
10:29:18.871,1,-3.957572,1.523129,-1.162992,guided_exp
10:29:18.954,2,-4.791467,1.172248,-0.733062,guided_exp
10:29:18.954,1,-3.970855,1.523307,-1.167329,guided_exp
10:29:19.037,2,-4.784143,0.566887,-0.729063,guided_exp
10:29:19.037,1,-3.987103,1.52314,-1.173816,guided_exp
10:29:19.120,2,-4.832114,0.257433,-0.70126,guided_exp
10:29:19.121,1,-3.997831,1.5231,-1.184256,guided_exp
10:29:19.204,2,-4.785051,0.178419,-0.797308,guided_exp
10:29:19.204,1,-4.015761,1.522859,-1.193789,guided_exp
10:29:19.288,2,-4.798949,0.128267,-0.708691,guided_exp
10:29:19.288,1,-4.021251,1.52268,-1.193517,guided_exp
10:29:19.370,2,-4.760361,0.247844,-0.784882,guided_exp
10:29:19.370,1,-4.036422,1.522568,-1.200036,guided_exp
10:29:19.454,2,-4.803628,0.247844,-0.759695,guided_exp
10:29:19.455,1,-4.045695,1.523979,-1.202128,guided_exp
10:29:19.537,2,-4.801773,0.247844,-0.770146,guided_exp
10:29:19.537,1,-4.051801,1.524755,-1.206795,guided_exp
10:29:19.621,2,-4.772964,0.247844,-0.800926,guided_exp
10:29:19.621,1,-4.053169,1.524872,-1.207352,guided_exp
10:29:19.721,2,-4.78196,0.247844,-0.804735,guided_exp
10:29:19.721,1,-4.064343,1.525217,-1.21096,guided_exp
10:29:19.804,2,-4.793266,0.247844,-0.7768,guided_exp
10:29:19.804,1,-4.072105,1.523465,-1.209665,guided_exp
10:29:19.888,2,-4.780692,0.247844,-0.801202,guided_exp
10:29:19.888,1,-4.0751,1.522278,-1.208973,guided_exp
10:29:19.970,2,-4.807487,0.247844,-0.791848,guided_exp
10:29:19.970,1,-4.083534,1.522807,-1.20965,guided_exp
10:29:20.054,2,-4.808763,0.247844,-0.789313,guided_exp
10:29:20.055,1,-4.091051,1.523152,-1.212474,guided_exp
10:29:20.137,2,-4.798165,0.247844,-0.784679,guided_exp
10:29:20.137,1,-4.096503,1.522972,-1.213189,guided_exp
10:29:20.221,2,-4.791758,0.247844,-0.797304,guided_exp
10:29:20.221,1,-4.098634,1.522878,-1.213092,guided_exp
10:29:20.304,2,-4.794521,0.247844,-0.793989,guided_exp
10:29:20.304,1,-4.103943,1.522662,-1.211415,guided_exp
10:29:20.387,2,-4.790895,0.247844,-0.792372,guided_exp
10:29:20.388,1,-4.112403,1.522386,-1.210557,guided_exp
10:29:20.470,2,-4.739693,0.247844,-0.910338,guided_exp
10:29:20.470,1,-4.120963,1.523204,-1.211491,guided_exp
10:29:20.554,2,-4.818469,0.247844,-0.735348,guided_exp
10:29:20.554,1,-4.130323,1.52282,-1.210296,guided_exp
10:29:20.637,2,-4.816283,0.247844,-0.730329,guided_exp
10:29:20.637,1,-4.134263,1.522297,-1.208942,guided_exp
10:29:20.720,2,-4.814696,0.247844,-0.719604,guided_exp
10:29:20.720,1,-4.136531,1.522818,-1.206432,guided_exp
10:29:20.804,2,-4.779487,0.247844,-0.856261,guided_exp
10:29:20.804,1,-4.141359,1.522684,-1.186182,guided_exp
10:29:20.887,2,-4.796232,0.247844,-0.754071,guided_exp
10:29:20.887,1,-4.139076,1.522469,-1.16534,guided_exp
10:29:20.970,2,-4.769691,0.247844,-0.721595,guided_exp
10:29:20.971,1,-4.123683,1.522984,-1.119464,guided_exp
10:29:21.054,2,-4.775217,0.247844,-0.722958,guided_exp
10:29:21.054,1,-4.111767,1.523077,-1.081111,guided_exp
10:29:21.137,2,-4.783597,0.247844,-0.745493,guided_exp
10:29:21.137,1,-4.090347,1.522727,-1.040927,guided_exp
10:29:21.221,2,-4.776294,0.247844,-0.742374,guided_exp
10:29:21.221,1,-4.0622,1.523032,-0.984476,guided_exp
10:29:21.304,2,-4.762417,0.247844,-0.753774,guided_exp
10:29:21.304,1,-4.051419,1.523385,-0.952081,guided_exp
10:29:21.387,2,-4.74375,0.247844,-0.776088,guided_exp
10:29:21.388,1,-4.047575,1.523668,-0.931466,guided_exp
10:29:21.470,2,-4.779508,0.247844,-0.745146,guided_exp
10:29:21.471,1,-4.043381,1.523607,-0.892614,guided_exp
10:29:21.554,2,-4.775754,0.247844,-0.728781,guided_exp
10:29:21.555,1,-4.041751,1.523775,-0.877663,guided_exp
10:29:21.637,2,-4.771437,1.397754,-0.731105,guided_exp
10:29:21.637,1,-4.047958,0.247844,-0.850161,guided_exp
10:29:21.721,2,-4.7571,1.523638,-0.741922,guided_exp
10:29:21.722,1,-4.070465,1.384323,-0.812693,guided_exp
10:29:21.804,2,-4.75035,0.247844,-0.733619,guided_exp
10:29:21.804,1,-4.085721,1.523454,-0.784382,guided_exp
10:29:21.937,2,-4.751937,1.394292,-0.745659,guided_exp
10:29:21.937,1,-4.119822,1.523265,-0.736777,guided_exp
10:29:22.021,2,-4.792942,1.398229,-0.713154,guided_exp
10:29:22.021,1,-4.135067,1.523075,-0.723389,guided_exp
10:29:22.104,2,-4.75615,1.402487,-0.746603,guided_exp
10:29:22.104,1,-4.154856,1.522694,-0.695739,guided_exp
10:29:22.237,2,-4.780139,1.403983,-0.727716,guided_exp
10:29:22.237,1,-4.17762,1.523627,-0.676815,guided_exp
10:29:22.387,2,-4.774884,1.403551,-0.733389,guided_exp
10:29:22.387,1,-4.204274,1.523654,-0.650943,guided_exp
10:29:22.470,2,-4.765158,1.403953,-0.740922,guided_exp
10:29:22.471,1,-4.211741,1.522029,-0.641623,guided_exp
10:29:22.554,2,-4.777623,1.401611,-0.727208,guided_exp
10:29:22.555,1,-4.212482,1.522813,-0.64036,guided_exp
10:29:22.637,2,-4.775924,1.399841,-0.740521,guided_exp
10:29:22.637,1,-4.214798,1.523025,-0.633801,guided_exp
10:29:22.721,2,-4.769942,1.399748,-0.727656,guided_exp
10:29:22.721,1,-4.206037,1.523007,-0.633174,guided_exp
10:29:22.803,2,-4.767322,1.398059,-0.72428,guided_exp
10:29:22.804,1,-4.214927,1.523125,-0.627266,guided_exp
10:29:22.888,2,-4.772296,1.398023,-0.720786,guided_exp
10:29:22.888,1,-4.217675,1.523466,-0.620585,guided_exp
10:29:22.970,2,-4.789449,1.397086,-0.715504,guided_exp
10:29:22.970,1,-4.21799,1.523709,-0.619882,guided_exp
10:29:23.055,2,-4.782715,1.39683,-0.714306,guided_exp
10:29:23.055,1,-4.218161,1.523925,-0.615828,guided_exp
10:29:23.137,2,-4.782649,1.396445,-0.716036,guided_exp
10:29:23.137,1,-4.217059,1.523159,-0.616113,guided_exp
10:29:23.221,2,-4.770979,1.397124,-0.716239,guided_exp
10:29:23.222,1,-4.219887,1.522996,-0.609633,guided_exp
10:29:23.321,2,-4.764601,1.398124,-0.733261,guided_exp
10:29:23.322,1,-4.226724,1.523582,-0.602945,guided_exp
10:29:23.404,2,-4.76079,1.398734,-0.73713,guided_exp
10:29:23.404,1,-4.228088,1.523596,-0.597083,guided_exp
10:29:23.488,2,-4.762264,1.399709,-0.737256,guided_exp
10:29:23.488,1,-4.228482,1.523979,-0.586127,guided_exp
10:29:23.588,2,-4.753045,1.39907,-0.738992,guided_exp
10:29:23.588,1,-4.235027,1.523659,-0.576906,guided_exp
10:29:23.688,2,-4.748543,1.395983,-0.713913,guided_exp
10:29:23.688,1,-4.244487,1.523019,-0.567248,guided_exp
10:29:23.770,2,-4.770555,1.392856,-0.734187,guided_exp
10:29:23.770,1,-4.250573,1.522831,-0.557842,guided_exp
10:29:23.854,2,-4.7653,1.394061,-0.718831,guided_exp
10:29:23.854,1,-4.252713,1.522921,-0.552189,guided_exp
10:29:23.937,2,-4.770708,1.394197,-0.742417,guided_exp
10:29:23.937,1,-4.259464,1.522723,-0.540161,guided_exp
10:29:24.020,2,-4.766164,1.39425,-0.73975,guided_exp
10:29:24.021,1,-4.260839,1.522263,-0.53818,guided_exp
10:29:24.104,2,-4.775034,1.394438,-0.736108,guided_exp
10:29:24.104,1,-4.264013,1.522321,-0.534774,guided_exp
10:29:24.187,2,-4.776114,1.394379,-0.73603,guided_exp
10:29:24.187,1,-4.26465,1.52249,-0.533502,guided_exp
10:29:24.270,2,-4.770594,1.394073,-0.728999,guided_exp
10:29:24.270,1,-4.272793,1.522689,-0.532055,guided_exp
10:29:24.355,2,-4.780974,1.393931,-0.725317,guided_exp
10:29:24.355,1,-4.268689,1.522853,-0.534858,guided_exp
10:29:24.437,2,-4.789183,1.393872,-0.723227,guided_exp
10:29:24.437,1,-4.274566,1.522719,-0.525853,guided_exp
10:29:24.521,2,-4.784805,1.393904,-0.714075,guided_exp
10:29:24.521,1,-4.273387,1.522673,-0.529059,guided_exp
10:29:24.604,2,-4.76917,1.393679,-0.71117,guided_exp
10:29:24.604,1,-4.267464,1.52269,-0.538349,guided_exp
10:29:24.688,2,-4.780206,1.393566,-0.70096,guided_exp
10:29:24.688,1,-4.267929,1.522932,-0.541886,guided_exp
10:29:24.770,2,-4.763953,1.393236,-0.686891,guided_exp
10:29:24.770,1,-4.262936,1.523042,-0.552575,guided_exp
10:29:24.855,2,-4.768491,1.393348,-0.690737,guided_exp
10:29:24.855,1,-4.259983,1.522987,-0.556658,guided_exp
10:29:24.937,2,-4.76431,1.393235,-0.689909,guided_exp
10:29:24.937,1,-4.255206,1.52386,-0.563939,guided_exp
10:29:25.021,2,-4.762149,1.393031,-0.697765,guided_exp
10:29:25.021,1,-4.25132,1.524097,-0.568179,guided_exp
10:29:25.121,2,-4.770341,1.393031,-0.71179,guided_exp
10:29:25.122,1,-4.23067,1.524059,-0.593005,guided_exp
10:29:25.204,2,-4.772269,1.3933,-0.710556,guided_exp
10:29:25.204,1,-4.215483,1.523607,-0.612555,guided_exp
10:29:25.288,2,-4.732367,1.393332,-0.784802,guided_exp
10:29:25.288,1,-4.192746,1.523222,-0.636588,guided_exp
10:29:25.370,2,-4.767553,1.393394,-0.718165,guided_exp
10:29:25.370,1,-4.161716,1.522957,-0.661512,guided_exp
10:29:25.454,2,-4.771228,1.393394,-0.720072,guided_exp
10:29:25.455,1,-4.141896,1.522275,-0.68001,guided_exp
10:29:25.537,2,-4.798324,1.392644,-0.691958,guided_exp
10:29:25.537,1,-4.124593,1.52201,-0.709385,guided_exp
10:29:25.621,2,-4.755801,1.392744,-0.710535,guided_exp
10:29:25.621,1,-4.109854,1.520677,-0.724627,guided_exp
10:29:25.721,2,-4.776118,1.392406,-0.67163,guided_exp
10:29:25.721,1,-4.097798,1.520508,-0.747967,guided_exp
10:29:25.804,2,-4.772289,1.392499,-0.692066,guided_exp
10:29:25.804,1,-4.076559,1.52012,-0.777939,guided_exp
10:29:25.888,2,-4.779029,1.392108,-0.685038,guided_exp
10:29:25.888,1,-4.07023,1.520076,-0.790649,guided_exp
10:29:25.970,2,-4.787372,1.39204,-0.707914,guided_exp
10:29:25.971,1,-4.064771,1.519385,-0.805941,guided_exp
10:29:26.054,2,-4.795758,1.391977,-0.701769,guided_exp
10:29:26.054,1,-4.060066,1.519447,-0.820257,guided_exp
10:29:26.137,2,-4.753114,1.392632,-0.806437,guided_exp
10:29:26.137,1,-4.060821,1.518537,-0.829941,guided_exp
10:29:26.221,2,-4.775013,1.393295,-0.694946,guided_exp
10:29:26.221,1,-4.062364,1.517262,-0.834695,guided_exp
10:29:26.321,2,-4.758679,1.394645,-0.658348,guided_exp
10:29:26.321,1,-4.075275,1.516908,-0.848889,guided_exp
10:29:26.404,2,-4.766671,1.395196,-0.686318,guided_exp
10:29:26.404,1,-4.082882,1.515756,-0.861007,guided_exp
10:29:26.488,2,-4.771375,1.395901,-0.720291,guided_exp
10:29:26.488,1,-4.095636,1.515574,-0.86927,guided_exp
10:29:26.570,2,-4.76999,1.396063,-0.698932,guided_exp
10:29:26.571,1,-4.106901,1.515626,-0.876835,guided_exp
10:29:26.654,2,-4.775177,1.396547,-0.708901,guided_exp
10:29:26.655,1,-4.116985,1.515176,-0.882002,guided_exp
10:29:26.754,2,-4.76139,1.397083,-0.716488,guided_exp
10:29:26.755,1,-4.130019,1.515186,-0.893053,guided_exp
10:29:26.837,2,-4.762056,1.397217,-0.681997,guided_exp
10:29:26.837,1,-4.137969,1.515151,-0.900951,guided_exp
10:29:26.921,2,-4.768687,1.397212,-0.692372,guided_exp
10:29:26.921,1,-4.145965,1.515139,-0.907419,guided_exp
10:29:27.021,2,-4.767852,1.398029,-0.729292,guided_exp
10:29:27.022,1,-4.149545,1.515586,-0.909929,guided_exp
10:29:27.104,2,-4.761427,1.399738,-0.719104,guided_exp
10:29:27.104,1,-4.16159,1.515844,-0.915373,guided_exp
10:29:27.188,2,-4.764978,1.40105,-0.722121,guided_exp
10:29:27.188,1,-4.165419,1.515351,-0.91751,guided_exp
10:29:27.270,2,-4.773148,1.405469,-0.719885,guided_exp
10:29:27.270,1,-4.177013,1.516077,-0.914254,guided_exp
10:29:27.354,2,-4.776647,1.404532,-0.718179,guided_exp
10:29:27.354,1,-4.184584,1.515801,-0.927731,guided_exp
10:29:27.437,2,-4.767147,1.404267,-0.72217,guided_exp
10:29:27.437,1,-4.182754,1.515733,-0.926532,guided_exp
10:29:27.521,2,-4.767749,1.407712,-0.719373,guided_exp
10:29:27.522,1,-4.183128,1.515542,-0.927237,guided_exp
10:29:27.621,2,-4.770693,1.409684,-0.702701,guided_exp
10:29:27.621,1,-4.186852,1.516053,-0.924538,guided_exp
10:29:27.704,2,-4.764777,1.410978,-0.721519,guided_exp
10:29:27.704,1,-4.187207,1.516457,-0.930428,guided_exp
10:29:27.787,2,-4.765694,1.408737,-0.721705,guided_exp
10:29:27.787,1,-4.188921,1.517009,-0.932992,guided_exp
10:29:27.870,2,-4.766333,1.406537,-0.719126,guided_exp
10:29:27.871,1,-4.190982,1.517575,-0.954984,guided_exp
10:29:27.954,2,-4.764664,1.406183,-0.727832,guided_exp
10:29:27.954,1,-4.185969,1.518856,-0.940725,guided_exp
10:29:28.037,2,-4.766665,1.404551,-0.720134,guided_exp
10:29:28.037,1,-4.193902,1.518633,-0.92628,guided_exp
10:29:28.121,2,-4.770369,1.404468,-0.719979,guided_exp
10:29:28.121,1,-4.193724,1.518777,-0.926303,guided_exp
10:29:28.204,2,-4.773662,1.402111,-0.710283,guided_exp
10:29:28.204,1,-4.194292,1.519572,-0.925319,guided_exp
10:29:28.288,2,-4.759075,1.404729,-0.738247,guided_exp
10:29:28.288,1,-4.190511,1.520051,-0.932162,guided_exp
10:29:28.370,2,-4.759626,1.406353,-0.741456,guided_exp
10:29:28.370,1,-4.19092,1.519296,-0.929069,guided_exp
10:29:28.455,2,-4.767341,1.406135,-0.722538,guided_exp
10:29:28.455,1,-4.193374,1.519858,-0.92466,guided_exp
10:29:28.555,2,-4.774049,1.404413,-0.720459,guided_exp
10:29:28.555,1,-4.189917,1.520589,-0.926759,guided_exp
10:29:28.637,2,-4.77751,1.400362,-0.714551,guided_exp
10:29:28.637,1,-4.190253,1.520973,-0.927327,guided_exp
10:29:28.721,2,-4.776805,1.391996,-0.715795,guided_exp
10:29:28.722,1,-4.190137,1.52095,-0.926478,guided_exp
10:29:28.804,2,-4.777939,1.387138,-0.719726,guided_exp
10:29:28.804,1,-4.189253,1.520851,-0.925359,guided_exp
10:29:28.888,2,-4.771675,1.37809,-0.708887,guided_exp
10:29:28.888,1,-4.187993,1.521551,-0.925139,guided_exp
10:29:28.988,2,-4.786385,1.374943,-0.71567,guided_exp
10:29:28.989,1,-4.186847,1.521247,-0.925216,guided_exp
10:29:29.070,2,-4.772694,1.369371,-0.723621,guided_exp
10:29:29.070,1,-4.185467,1.520329,-0.92408,guided_exp
10:29:29.154,2,-4.776151,1.387541,-0.715073,guided_exp
10:29:29.155,1,-4.183015,1.521306,-0.923037,guided_exp
10:29:29.237,2,-4.780184,1.403908,-0.708053,guided_exp
10:29:29.237,1,-4.182726,1.521547,-0.922167,guided_exp
10:29:29.321,2,-4.786882,1.405902,-0.713145,guided_exp
10:29:29.322,1,-4.182346,1.52082,-0.922157,guided_exp
10:29:29.404,2,-4.786275,1.409419,-0.696138,guided_exp
10:29:29.404,1,-4.180634,1.520763,-0.92093,guided_exp
10:29:29.488,2,-4.790106,1.41553,-0.701531,guided_exp
10:29:29.488,1,-4.178732,1.520916,-0.921017,guided_exp
10:29:29.588,2,-4.777787,1.404457,-0.691866,guided_exp
10:29:29.588,1,-4.175084,1.521584,-0.921638,guided_exp
10:29:29.670,2,-4.776787,1.394822,-0.686289,guided_exp
10:29:29.670,1,-4.168012,1.521752,-0.922292,guided_exp
10:29:29.755,2,-4.77707,1.15841,-0.689514,guided_exp
10:29:29.755,1,-4.167955,1.522386,-0.922214,guided_exp
10:29:29.837,2,-4.776458,1.231605,-0.676667,guided_exp
10:29:29.837,1,-4.166617,1.52229,-0.921179,guided_exp
10:29:29.921,2,-4.769452,1.231605,-0.701669,guided_exp
10:29:29.921,1,-4.166524,1.521737,-0.920778,guided_exp
10:29:30.021,2,-4.765942,1.231605,-0.716123,guided_exp
10:29:30.021,1,-4.166437,1.521583,-0.919611,guided_exp
10:29:30.104,2,-4.761942,1.231605,-0.707703,guided_exp
10:29:30.104,1,-4.162554,1.521833,-0.917561,guided_exp
10:29:30.187,2,-4.762385,1.231605,-0.705669,guided_exp
10:29:30.187,1,-4.162465,1.520145,-0.917532,guided_exp
10:29:30.270,2,-4.759967,1.231605,-0.709422,guided_exp
10:29:30.270,1,-4.162079,1.520366,-0.917521,guided_exp
10:29:30.354,2,-4.756228,1.231605,-0.719478,guided_exp
10:29:30.355,1,-4.161526,1.52079,-0.917527,guided_exp
10:29:30.437,2,-4.773719,1.231605,-0.743135,guided_exp
10:29:30.437,1,-4.160573,1.521166,-0.91632,guided_exp
10:29:30.521,2,-4.770667,1.231605,-0.733939,guided_exp
10:29:30.522,1,-4.160698,1.520225,-0.913821,guided_exp
10:29:30.621,2,-4.751042,1.231605,-0.72013,guided_exp
10:29:30.621,1,-4.16098,1.519225,-0.912549,guided_exp
10:29:30.704,2,-4.749966,1.231605,-0.710879,guided_exp
10:29:30.704,1,-4.163464,1.407819,-0.908023,guided_exp
10:29:30.787,2,-4.751098,1.518485,-0.713895,guided_exp
10:29:30.788,1,-4.162252,1.231605,-0.907772,guided_exp
10:29:30.870,2,-4.752521,1.408938,-0.710752,guided_exp
10:29:30.870,1,-4.160628,1.519203,-0.904834,guided_exp
10:29:30.954,2,-4.752564,1.231605,-0.708654,guided_exp
10:29:30.955,1,-4.15965,1.406532,-0.903671,guided_exp
10:29:31.037,2,-4.752621,1.520295,-0.709883,guided_exp
10:29:31.037,1,-4.158785,1.231605,-0.902582,guided_exp
10:29:31.121,2,-4.75267,1.407812,-0.710144,guided_exp
10:29:31.122,1,-4.158865,1.520819,-0.901835,guided_exp
10:29:31.204,2,-4.754325,1.231605,-0.715197,guided_exp
10:29:31.204,1,-4.160188,1.406096,-0.899642,guided_exp
10:29:31.288,2,-4.752542,1.520891,-0.713773,guided_exp
10:29:31.288,1,-4.157228,1.231605,-0.89349,guided_exp
10:29:31.370,2,-4.74652,1.408165,-0.716883,guided_exp
10:29:31.370,1,-4.156933,1.520911,-0.893094,guided_exp
10:29:31.454,2,-4.748762,1.231605,-0.711374,guided_exp
10:29:31.455,1,-4.155627,1.415206,-0.893894,guided_exp
10:29:31.555,2,-4.748574,1.519612,-0.717393,guided_exp
10:29:31.555,1,-4.154907,1.231605,-0.893584,guided_exp
10:29:31.637,2,-4.756263,1.427478,-0.718748,guided_exp
10:29:31.637,1,-4.153933,1.520125,-0.893583,guided_exp
10:29:31.721,2,-4.754689,1.231605,-0.716904,guided_exp
10:29:31.721,1,-4.152136,1.450317,-0.895481,guided_exp
10:29:31.804,2,-4.753421,1.52025,-0.718842,guided_exp
10:29:31.804,1,-4.151066,1.231605,-0.895843,guided_exp
10:29:31.888,2,-4.760587,1.459964,-0.721946,guided_exp
10:29:31.888,1,-4.148637,1.520718,-0.895606,guided_exp
10:29:31.970,2,-4.744667,1.231605,-0.719194,guided_exp
10:29:31.971,1,-4.147062,1.460974,-0.896251,guided_exp
10:29:32.055,2,-4.746705,1.520764,-0.820983,guided_exp
10:29:32.055,1,-4.146406,1.231605,-0.897991,guided_exp
10:29:32.137,2,-4.757669,1.460231,-0.765388,guided_exp
10:29:32.137,1,-4.145871,1.520861,-0.897539,guided_exp
10:29:32.287,2,-4.755303,1.231605,-0.716301,guided_exp
10:29:32.287,1,-4.141673,1.463352,-0.898701,guided_exp
10:29:32.371,2,-4.764549,1.521151,-0.729322,guided_exp
10:29:32.371,1,-4.14324,1.231605,-0.901453,guided_exp
10:29:32.454,2,-4.754495,1.455229,-0.726191,guided_exp
10:29:32.455,1,-4.142905,1.520783,-0.902352,guided_exp
10:29:32.537,2,-4.757709,1.231605,-0.728998,guided_exp
10:29:32.537,1,-4.141557,1.45303,-0.900608,guided_exp
10:29:32.621,2,-4.747319,1.520764,-0.737492,guided_exp
10:29:32.622,1,-4.138203,1.231605,-0.901227,guided_exp
10:29:32.704,2,-4.749599,1.4489,-0.75759,guided_exp
10:29:32.704,1,-4.137191,1.519417,-0.900029,guided_exp
10:29:32.788,2,-4.722825,1.231605,-0.8346,guided_exp
10:29:32.788,1,-4.137658,1.443987,-0.899597,guided_exp
10:29:32.870,2,-4.751526,1.519185,-0.752176,guided_exp
10:29:32.870,1,-4.138009,1.231605,-0.899871,guided_exp
10:29:33.021,2,-4.750766,1.447664,-0.746957,guided_exp
10:29:33.022,1,-4.13543,1.519244,-0.901701,guided_exp
10:29:33.104,2,-4.757016,1.231605,-0.728933,guided_exp
10:29:33.104,1,-4.133963,1.447538,-0.900363,guided_exp
10:29:33.188,2,-4.75899,1.520016,-0.730183,guided_exp
10:29:33.188,1,-4.133246,1.231605,-0.900187,guided_exp
10:29:33.270,2,-4.757815,1.444607,-0.740407,guided_exp
10:29:33.271,1,-4.132986,1.519879,-0.898382,guided_exp
10:29:33.355,2,-4.753509,1.4401,-0.738131,guided_exp
10:29:33.355,1,-4.132557,1.519548,-0.899209,guided_exp
10:29:33.437,2,-4.750893,1.436367,-0.746791,guided_exp
10:29:33.437,1,-4.132479,1.520529,-0.8981,guided_exp
10:29:33.520,2,-4.74677,1.436399,-0.75549,guided_exp
10:29:33.521,1,-4.131311,1.5222,-0.897169,guided_exp
10:29:33.604,2,-4.75453,1.435036,-0.74808,guided_exp
10:29:33.605,1,-4.129358,1.522448,-0.894884,guided_exp
10:29:33.687,2,-4.744291,1.43152,-0.772198,guided_exp
10:29:33.688,1,-4.127509,1.520517,-0.893763,guided_exp
10:29:33.771,2,-4.758871,1.427955,-0.781684,guided_exp
10:29:33.772,1,-4.127438,1.520684,-0.892371,guided_exp
10:29:33.854,2,-4.76486,1.423243,-0.786722,guided_exp
10:29:33.854,1,-4.126702,1.521726,-0.89146,guided_exp
10:29:33.938,2,-4.765297,1.420408,-0.796922,guided_exp
10:29:33.938,1,-4.128073,1.522492,-0.891357,guided_exp
10:29:34.020,2,-4.792098,1.413707,-0.827912,guided_exp
10:29:34.021,1,-4.128815,1.522136,-0.888163,guided_exp
10:29:34.154,2,-4.793739,1.407959,-0.949353,guided_exp
10:29:34.154,1,-4.12909,1.523026,-0.882872,guided_exp
10:29:34.287,2,-4.79197,1.434623,-0.859783,guided_exp
10:29:34.287,1,-4.128134,1.521999,-0.882465,guided_exp
10:29:34.420,2,-4.790939,1.436616,-0.908564,guided_exp
10:29:34.420,1,-4.129353,1.521882,-0.883175,guided_exp
10:29:34.505,2,-4.806426,1.434287,-0.940868,guided_exp
10:29:34.505,1,-4.130072,1.521337,-0.881572,guided_exp
10:29:34.605,2,-4.790411,1.420019,-0.999813,guided_exp
10:29:34.605,1,-4.129722,1.522707,-0.881258,guided_exp
10:29:34.687,2,-4.76985,1.427052,-1.053996,guided_exp
10:29:34.687,1,-4.130646,1.519841,-0.880519,guided_exp
10:29:34.771,2,-4.768745,1.420416,-1.069731,guided_exp
10:29:34.772,1,-4.131474,1.515588,-0.879738,guided_exp
10:29:34.854,2,-4.764847,1.432566,-1.106537,guided_exp
10:29:34.854,1,-4.131642,1.511871,-0.879394,guided_exp
10:29:34.937,2,-4.759124,1.431822,-1.135788,guided_exp
10:29:34.937,1,-4.13041,1.509093,-0.878151,guided_exp
10:29:35.021,2,-4.755278,1.434251,-1.161289,guided_exp
10:29:35.022,1,-4.12956,1.503476,-0.877773,guided_exp
10:29:35.104,2,-4.747788,1.433697,-1.172668,guided_exp
10:29:35.104,1,-4.129358,1.501674,-0.877493,guided_exp
10:29:35.188,2,-4.757102,1.432716,-1.16856,guided_exp
10:29:35.188,1,-4.128279,1.498036,-0.876292,guided_exp
10:29:35.271,2,-4.759529,1.423758,-1.167031,guided_exp
10:29:35.271,1,-4.126221,1.505254,-0.873557,guided_exp
10:29:35.354,2,-4.761469,1.436656,-1.156414,guided_exp
10:29:35.355,1,-4.12484,1.505858,-0.87294,guided_exp
10:29:35.437,2,-4.771931,1.435005,-1.151928,guided_exp
10:29:35.437,1,-4.121375,1.506952,-0.873271,guided_exp
10:29:35.588,2,-4.787295,1.431232,-1.127177,guided_exp
10:29:35.588,1,-4.118562,1.505283,-0.867879,guided_exp
10:29:35.670,2,-4.765923,1.433929,-1.146049,guided_exp
10:29:35.670,1,-4.118241,1.504005,-0.868865,guided_exp
10:29:35.804,2,-4.758765,1.433347,-1.155051,guided_exp
10:29:35.804,1,-4.115147,1.501725,-0.867506,guided_exp
10:29:35.888,2,-4.763059,1.424786,-1.169752,guided_exp
10:29:35.888,1,-4.112293,1.505323,-0.867263,guided_exp
10:29:35.970,2,-4.760537,1.328649,-1.162557,guided_exp
10:29:35.971,1,-4.110275,1.507431,-0.868155,guided_exp
10:29:36.055,2,-4.756152,1.428324,-1.161798,guided_exp
10:29:36.055,1,-4.10774,1.505536,-0.86788,guided_exp
10:29:36.137,2,-4.75546,1.429563,-1.164498,guided_exp
10:29:36.137,1,-4.105811,1.501595,-0.866454,guided_exp
10:29:36.221,2,-4.765445,1.426921,-1.173223,guided_exp
10:29:36.221,1,-4.106458,1.49802,-0.867119,guided_exp
10:29:36.304,2,-4.775371,1.42718,-1.163165,guided_exp
10:29:36.304,1,-4.103385,1.489217,-0.867551,guided_exp
10:29:36.388,2,-4.770456,1.424056,-1.163213,guided_exp
10:29:36.388,1,-4.101695,1.48666,-0.866525,guided_exp
10:29:36.488,2,-4.76337,1.42034,-1.166754,guided_exp
10:29:36.488,1,-4.101176,1.494188,-0.866914,guided_exp
10:29:36.570,2,-4.765122,1.30033,-1.169569,guided_exp
10:29:36.571,1,-4.100265,1.493662,-0.866455,guided_exp
10:29:36.654,2,-4.7702,1.448108,-1.171066,guided_exp
10:29:36.654,1,-4.098388,1.496417,-0.865764,guided_exp
10:29:36.737,2,-4.771119,1.438801,-1.173739,guided_exp
10:29:36.737,1,-4.099473,1.498492,-0.866629,guided_exp
10:29:36.821,2,-4.76551,1.466752,-1.177682,guided_exp
10:29:36.821,1,-4.101228,1.489637,-0.868407,guided_exp
10:29:36.904,2,-4.775085,1.442691,-1.180866,guided_exp
10:29:36.904,1,-4.101641,1.489405,-0.864629,guided_exp
10:29:36.987,2,-4.773468,1.429602,-1.178468,guided_exp
10:29:36.988,1,-4.099876,1.495768,-0.864723,guided_exp
10:29:37.071,2,-4.770172,1.442926,-1.181635,guided_exp
10:29:37.071,1,-4.100055,1.495509,-0.86506,guided_exp
10:29:37.154,2,-4.762707,1.449372,-1.217832,guided_exp
10:29:37.154,1,-4.101585,1.498691,-0.862982,guided_exp
10:29:37.238,2,-4.773949,1.453254,-1.180911,guided_exp
10:29:37.238,1,-4.101799,1.49644,-0.863493,guided_exp
10:29:37.321,2,-4.777405,1.252619,-1.181863,guided_exp
10:29:37.321,1,-4.102122,1.498323,-0.86587,guided_exp
10:29:37.404,2,-4.776316,1.442465,-1.17429,guided_exp
10:29:37.404,1,-4.100607,1.495979,-0.866633,guided_exp
10:29:37.488,2,-4.781943,1.429154,-1.1683,guided_exp
10:29:37.488,1,-4.101003,1.49542,-0.864834,guided_exp
10:29:37.570,2,-4.794698,1.333941,-1.156747,guided_exp
10:29:37.571,1,-4.102699,1.493677,-0.865207,guided_exp
10:29:37.654,2,-4.793573,1.434222,-1.154605,guided_exp
10:29:37.654,1,-4.102787,1.492021,-0.868036,guided_exp
10:29:37.737,2,-4.792859,1.43217,-1.152474,guided_exp
10:29:37.737,1,-4.104043,1.497719,-0.868147,guided_exp
10:29:37.821,2,-4.800482,1.259226,-1.157084,guided_exp
10:29:37.821,1,-4.104679,1.501574,-0.869125,guided_exp
10:29:37.921,2,-4.796639,1.426614,-1.168022,guided_exp
10:29:37.922,1,-4.103841,1.500251,-0.866857,guided_exp
10:29:38.004,2,-4.795579,1.423356,-1.163853,guided_exp
10:29:38.004,1,-4.104286,1.499373,-0.861531,guided_exp
10:29:38.137,2,-4.787432,1.418604,-1.174481,guided_exp
10:29:38.137,1,-4.105775,1.492441,-0.862466,guided_exp
10:29:38.288,2,-4.793948,1.423738,-1.161159,guided_exp
10:29:38.288,1,-4.106764,1.500557,-0.86077,guided_exp
10:29:38.371,2,-4.797031,1.402621,-1.154346,guided_exp
10:29:38.371,1,-4.106579,1.50039,-0.859673,guided_exp
10:29:38.454,2,-4.802553,1.406093,-1.142086,guided_exp
10:29:38.455,1,-4.107091,1.499351,-0.859713,guided_exp
10:29:38.537,2,-4.810607,1.409958,-1.176937,guided_exp
10:29:38.537,1,-4.107298,1.495423,-0.861661,guided_exp
10:29:38.621,2,-4.809918,1.407244,-1.18109,guided_exp
10:29:38.621,1,-4.10621,1.499818,-0.863327,guided_exp
10:29:38.704,2,-4.814052,1.446033,-1.180687,guided_exp
10:29:38.704,1,-4.105633,1.499374,-0.865588,guided_exp
10:29:38.788,2,-4.814737,1.451171,-1.179474,guided_exp
10:29:38.788,1,-4.100916,1.497438,-0.866945,guided_exp
10:29:38.871,2,-4.819609,1.481588,-1.185746,guided_exp
10:29:38.871,1,-4.087857,1.489991,-0.876585,guided_exp
10:29:38.955,2,-4.820211,1.35893,-1.201287,guided_exp
10:29:38.955,1,-4.07815,1.491876,-0.881936,guided_exp
10:29:39.037,2,-4.819672,1.447478,-1.211103,guided_exp
10:29:39.037,1,-4.05739,1.493319,-0.925253,guided_exp
10:29:39.170,2,-4.84441,1.316611,-1.227547,guided_exp
10:29:39.171,1,-4.045841,1.497409,-0.933095,guided_exp
10:29:39.304,2,-4.842634,1.451865,-1.217634,guided_exp
10:29:39.304,1,-4.035709,1.497575,-0.979237,guided_exp
10:29:39.388,2,-4.843364,1.441032,-1.217976,guided_exp
10:29:39.388,1,-4.037487,1.494052,-0.981926,guided_exp
10:29:39.488,2,-4.840445,1.421956,-1.247385,guided_exp
10:29:39.488,1,-4.036351,1.489062,-1.014529,guided_exp
10:29:39.570,2,-4.831353,1.433657,-1.29451,guided_exp
10:29:39.571,1,-4.052317,1.489559,-1.061756,guided_exp
10:29:39.655,2,-4.821528,1.434391,-1.3166,guided_exp
10:29:39.655,1,-4.057411,1.494814,-1.083394,guided_exp
10:29:39.737,2,-4.772519,1.432767,-1.36897,guided_exp
10:29:39.737,1,-4.066363,1.496759,-1.12775,guided_exp
10:29:39.870,2,-4.769943,1.446107,-1.440226,guided_exp
10:29:39.871,1,-4.077614,1.495636,-1.195547,guided_exp
10:29:39.955,2,-4.755625,1.447386,-1.474325,guided_exp
10:29:39.955,1,-4.079867,1.494481,-1.204017,guided_exp
10:29:40.037,2,-4.756727,1.453819,-1.490593,guided_exp
10:29:40.037,1,-4.079134,1.493814,-1.232576,guided_exp
10:29:40.121,2,-4.752023,1.446009,-1.508033,guided_exp
10:29:40.122,1,-4.076472,1.489745,-1.248643,guided_exp
10:29:40.204,2,-4.752263,1.445795,-1.521896,guided_exp
10:29:40.204,1,-4.072449,1.491686,-1.262862,guided_exp
10:29:40.288,2,-4.746031,1.437824,-1.545972,guided_exp
10:29:40.288,1,-4.063254,1.493862,-1.273949,guided_exp
10:29:40.371,2,-4.754636,1.265427,-1.560058,guided_exp
10:29:40.371,1,-4.056792,1.489748,-1.28639,guided_exp
10:29:40.455,2,-4.756606,1.473645,-1.538503,guided_exp
10:29:40.455,1,-4.027885,1.489043,-1.309858,guided_exp
10:29:40.537,2,-4.752293,1.468335,-1.565439,guided_exp
10:29:40.538,1,-4.005469,1.491917,-1.331509,guided_exp
10:29:40.621,2,-4.754069,1.464496,-1.578764,guided_exp
10:29:40.622,1,-3.990856,1.485037,-1.348577,guided_exp
10:29:40.704,2,-4.740668,1.308982,-1.585988,guided_exp
10:29:40.704,1,-3.972596,1.483423,-1.366545,guided_exp
10:29:40.837,2,-4.732029,1.434114,-1.591299,guided_exp
10:29:40.838,1,-3.963194,1.489089,-1.372752,guided_exp
10:29:40.921,2,-4.727387,1.426076,-1.600019,guided_exp
10:29:40.922,1,-3.96733,1.47506,-1.383526,guided_exp
10:29:41.004,2,-4.716914,1.430236,-1.604183,guided_exp
10:29:41.004,1,-3.978309,1.481972,-1.387689,guided_exp
10:29:41.154,2,-4.739096,1.441407,-1.579479,guided_exp
10:29:41.155,1,-3.988651,1.471512,-1.391013,guided_exp
10:29:41.237,2,-4.734943,1.435675,-1.566628,guided_exp
10:29:41.237,1,-3.99103,1.461594,-1.394022,guided_exp
10:29:41.321,2,-4.72877,1.43234,-1.581668,guided_exp
10:29:41.321,1,-3.991382,1.471211,-1.394853,guided_exp
10:29:41.404,2,-4.729873,1.392607,-1.594018,guided_exp
10:29:41.404,1,-3.993436,1.478137,-1.399537,guided_exp
10:29:41.488,2,-4.723992,1.434469,-1.60063,guided_exp
10:29:41.488,1,-3.993819,1.480919,-1.401091,guided_exp
10:29:41.571,2,-4.726332,1.433671,-1.604534,guided_exp
10:29:41.571,1,-3.994116,1.483756,-1.402646,guided_exp
10:29:41.655,2,-4.750024,1.426719,-1.62569,guided_exp
10:29:41.655,1,-3.993785,1.47654,-1.403921,guided_exp
10:29:41.737,2,-4.743233,1.433437,-1.599965,guided_exp
10:29:41.737,1,-3.994363,1.469264,-1.407337,guided_exp
10:29:41.821,2,-4.749746,1.438664,-1.592627,guided_exp
10:29:41.822,1,-3.994108,1.465436,-1.407872,guided_exp
10:29:41.904,2,-4.759649,1.43872,-1.583736,guided_exp
10:29:41.904,1,-3.990324,1.463941,-1.410992,guided_exp
10:29:42.037,2,-4.774587,1.438075,-1.556316,guided_exp
10:29:42.037,1,-3.986953,1.459229,-1.412364,guided_exp
10:29:42.188,2,-4.772236,1.437591,-1.558596,guided_exp
10:29:42.188,1,-3.981683,1.467428,-1.412887,guided_exp
10:29:42.271,2,-4.789689,1.440637,-1.552422,guided_exp
10:29:42.271,1,-3.981039,1.453843,-1.412636,guided_exp
10:29:42.404,2,-4.822424,1.44828,-1.453214,guided_exp
10:29:42.404,1,-3.977875,1.468736,-1.411766,guided_exp
10:29:42.488,2,-4.830055,1.444988,-1.506607,guided_exp
10:29:42.488,1,-3.972532,1.470687,-1.413931,guided_exp
10:29:42.571,2,-4.838261,1.450344,-1.459841,guided_exp
10:29:42.571,1,-3.973016,1.470999,-1.413852,guided_exp
10:29:42.655,2,-4.828907,1.439642,-1.477939,guided_exp
10:29:42.655,1,-3.965873,1.474636,-1.415324,guided_exp
10:29:42.737,2,-4.8457,1.443768,-1.467626,guided_exp
10:29:42.737,1,-3.967475,1.455531,-1.415418,guided_exp
10:29:42.821,2,-4.838971,1.443809,-1.457682,guided_exp
10:29:42.822,1,-3.968197,1.469197,-1.415781,guided_exp
10:29:42.904,2,-4.848748,1.445088,-1.473878,guided_exp
10:29:42.905,1,-3.967784,1.471906,-1.41728,guided_exp
10:29:42.988,2,-4.850727,1.439705,-1.456834,guided_exp
10:29:42.988,1,-3.967441,1.471781,-1.417571,guided_exp
10:29:43.071,2,-4.854618,1.442205,-1.444593,guided_exp
10:29:43.071,1,-3.948552,1.474913,-1.423007,guided_exp
10:29:43.155,2,-4.877241,1.438622,-1.49599,guided_exp
10:29:43.155,1,-3.897185,1.468566,-1.440571,guided_exp
10:29:43.237,2,-4.858614,1.44259,-1.46467,guided_exp
10:29:43.238,1,-3.898059,1.465562,-1.439944,guided_exp
10:29:43.321,2,-4.836433,1.434808,-1.453998,guided_exp
10:29:43.322,1,-3.897553,1.453331,-1.439014,guided_exp
10:29:43.404,2,-4.835379,1.437676,-1.475454,guided_exp
10:29:43.405,1,-3.900569,1.461861,-1.43795,guided_exp
10:29:43.488,2,-4.851214,1.438732,-1.461546,guided_exp
10:29:43.488,1,-3.901368,1.462647,-1.437171,guided_exp
10:29:43.570,2,-4.831492,1.435064,-1.478456,guided_exp
10:29:43.571,1,-3.899582,1.467534,-1.434743,guided_exp
10:29:43.654,2,-4.823251,1.434618,-1.48856,guided_exp
10:29:43.654,1,-3.89819,1.467286,-1.435097,guided_exp
10:29:43.737,2,-4.786742,1.435252,-1.53384,guided_exp
10:29:43.737,1,-3.899895,1.476118,-1.434943,guided_exp
10:29:43.821,2,-4.772712,1.443089,-1.547947,guided_exp
10:29:43.821,1,-3.898938,1.477525,-1.433082,guided_exp
10:29:43.904,2,-4.738043,1.439467,-1.599851,guided_exp
10:29:43.904,1,-3.900399,1.48818,-1.432513,guided_exp
10:29:43.988,2,-4.68937,1.438134,-1.645162,guided_exp
10:29:43.988,1,-3.898714,1.48578,-1.431673,guided_exp
10:29:44.070,2,-4.676482,1.43864,-1.682914,guided_exp
10:29:44.071,1,-3.896312,1.48325,-1.431737,guided_exp
10:29:44.154,2,-4.652237,1.440639,-1.720002,guided_exp
10:29:44.155,1,-3.905781,1.483874,-1.430787,guided_exp
10:29:44.237,2,-4.62684,1.438542,-1.767542,guided_exp
10:29:44.238,1,-3.902226,1.466634,-1.42957,guided_exp
10:29:44.321,2,-4.603533,1.445745,-1.814642,guided_exp
10:29:44.322,1,-3.902318,1.459401,-1.429514,guided_exp
10:29:44.404,2,-4.557793,1.449797,-1.855038,guided_exp
10:29:44.404,1,-3.897418,1.477576,-1.430039,guided_exp
10:29:44.488,2,-4.528788,1.450288,-1.877872,guided_exp
10:29:44.488,1,-3.897852,1.469541,-1.42659,guided_exp
10:29:44.571,2,-4.482254,1.453341,-1.914844,guided_exp
10:29:44.571,1,-3.898802,1.464146,-1.425798,guided_exp
10:29:44.655,2,-4.462469,1.452816,-1.933751,guided_exp
10:29:44.655,1,-3.898433,1.454805,-1.425613,guided_exp
10:29:44.737,2,-4.399106,1.440904,-1.965021,guided_exp
10:29:44.738,1,-3.898518,1.459256,-1.425402,guided_exp
10:29:44.821,2,-4.355412,1.443286,-1.982788,guided_exp
10:29:44.822,1,-3.894042,1.465205,-1.424266,guided_exp
10:29:44.904,2,-4.266114,1.443682,-2.00874,guided_exp
10:29:44.904,1,-3.882655,1.471462,-1.423513,guided_exp
10:29:44.988,2,-4.205682,1.448335,-2.025669,guided_exp
10:29:44.988,1,-3.882469,1.470159,-1.423842,guided_exp
10:29:45.071,2,-4.125276,1.456404,-2.046654,guided_exp
10:29:45.071,1,-3.878703,1.477961,-1.424773,guided_exp
10:29:45.154,2,-4.074091,1.456013,-2.061342,guided_exp
10:29:45.154,1,-3.868223,1.477416,-1.425025,guided_exp
10:29:45.237,2,-4.005819,1.368827,-2.077647,guided_exp
10:29:45.238,1,-3.845706,1.476258,-1.424001,guided_exp
10:29:45.321,2,-3.967166,1.423397,-2.090285,guided_exp
10:29:45.321,1,-3.847797,1.476361,-1.425697,guided_exp
10:29:45.404,2,-3.908426,1.420935,-2.104359,guided_exp
10:29:45.404,1,-3.855731,1.476472,-1.436963,guided_exp
10:29:45.487,2,-3.865831,1.434037,-2.115743,guided_exp
10:29:45.487,1,-3.859323,1.472291,-1.440121,guided_exp
10:29:45.571,2,-3.768071,1.414661,-2.137709,guided_exp
10:29:45.571,1,-3.769924,1.471565,-1.646443,guided_exp
10:29:45.654,2,-3.715811,1.438464,-2.152198,guided_exp
10:29:45.655,1,-3.651558,1.475351,-1.62361,guided_exp
10:29:45.738,2,-3.626459,1.43109,-2.188021,guided_exp
10:29:45.738,1,-3.642478,1.469404,-1.594289,guided_exp
10:29:45.821,2,-3.568116,1.429099,-2.201595,guided_exp
10:29:45.904,2,-3.49463,1.472515,-2.210303,guided_exp
10:29:45.904,1,-4.18455,1.422829,-1.370137,guided_exp
10:29:45.988,2,-3.452821,1.477173,-2.212654,guided_exp
10:29:45.988,1,-4.124269,1.434532,-1.364705,guided_exp
10:29:46.071,2,-3.398196,1.479506,-2.213598,guided_exp
10:29:46.071,1,-4.068276,1.318414,-1.413068,guided_exp
10:29:46.155,2,-3.347795,1.483094,-2.211179,guided_exp
10:29:46.155,1,-4.005741,1.426241,-1.424036,guided_exp
10:29:46.238,2,-3.297293,1.483234,-2.199907,guided_exp
10:29:46.238,1,-4.128463,1.42926,-1.447324,guided_exp
10:29:46.321,2,-3.257945,1.483632,-2.180973,guided_exp
10:29:46.322,1,-4.100723,1.433172,-1.455215,guided_exp
10:29:46.404,2,-3.207774,1.483722,-2.154204,guided_exp
10:29:46.404,1,-4.08834,1.43273,-1.45988,guided_exp
10:29:46.537,2,-3.137591,1.484287,-2.100667,guided_exp
10:29:46.537,1,-4.091314,1.430923,-1.435788,guided_exp
10:29:46.689,2,-3.084586,1.484299,-2.067297,guided_exp
10:29:46.689,1,-4.039894,1.433058,-1.454877,guided_exp
10:29:46.770,2,-3.043893,1.486762,-2.043135,guided_exp
10:29:46.771,1,-4.016767,1.434397,-1.460482,guided_exp
10:29:46.904,2,-3.01434,1.48239,-2.026886,guided_exp
10:29:46.904,1,-4.015435,1.439214,-1.466838,guided_exp
10:29:46.987,2,-2.981686,1.483203,-2.01382,guided_exp
10:29:46.988,1,-4.016231,1.43652,-1.469684,guided_exp
10:29:47.088,2,-2.947778,1.485878,-2.000715,guided_exp
10:29:47.088,1,-4.069553,1.439268,-1.413593,guided_exp
10:29:47.171,2,-2.90323,1.486416,-1.991023,guided_exp
10:29:47.171,1,-4.07861,1.443307,-1.400458,guided_exp
10:29:47.254,2,-2.881466,1.487485,-1.987932,guided_exp
10:29:47.254,1,-4.091774,1.432951,-1.393682,guided_exp
10:29:47.337,2,-2.837109,1.487099,-1.989384,guided_exp
10:29:47.338,1,-4.092633,1.422652,-1.496727,guided_exp
10:29:47.421,2,-2.813855,1.495808,-1.984311,guided_exp
10:29:47.421,1,-4.122831,1.422652,-1.425951,guided_exp
10:29:47.504,2,-2.801453,1.486431,-1.980991,guided_exp
10:29:47.504,1,-4.069719,1.42397,-1.393401,guided_exp
10:29:47.637,2,-2.788396,1.487894,-1.975352,guided_exp
10:29:47.637,1,-4.13116,1.424768,-1.430259,guided_exp
10:29:47.788,2,-2.780379,1.488106,-1.970108,guided_exp
10:29:47.789,1,-4.170775,1.422916,-1.42856,guided_exp
10:29:47.871,2,-2.77695,1.492094,-1.967026,guided_exp
10:29:47.871,1,-4.221188,1.429162,-1.428203,guided_exp
10:29:47.955,2,-2.775405,1.489386,-1.965226,guided_exp
10:29:47.955,1,-4.251832,1.425413,-1.423256,guided_exp
10:29:48.037,2,-2.778041,1.488755,-1.95938,guided_exp
10:29:48.038,1,-4.337541,1.426901,-1.424198,guided_exp
10:29:48.121,2,-2.779361,1.461459,-1.958714,guided_exp
10:29:48.122,1,-4.3503,1.424101,-1.432074,guided_exp
10:29:48.204,2,-2.780947,1.47944,-1.956373,guided_exp
10:29:48.205,1,-4.425887,1.428525,-1.42456,guided_exp
10:29:48.288,2,-2.781672,1.494809,-1.956118,guided_exp
10:29:48.288,1,-4.46013,1.421663,-1.451463,guided_exp
10:29:48.371,2,-2.786705,1.494751,-1.943104,guided_exp
10:29:48.371,1,-4.464691,1.419268,-1.45671,guided_exp
10:29:48.454,2,-2.787426,1.495429,-1.944304,guided_exp
10:29:48.454,1,-4.472962,1.414887,-1.446519,guided_exp
10:29:48.538,2,-2.787801,1.493659,-1.945648,guided_exp
10:29:48.538,1,-4.495508,1.423928,-1.439392,guided_exp
10:29:48.621,2,-2.788337,1.494068,-1.945629,guided_exp
10:29:48.621,1,-4.511849,1.419999,-1.404992,guided_exp
10:29:48.704,2,-2.788657,1.495671,-1.946425,guided_exp
10:29:48.704,1,-4.546638,1.413057,-1.396857,guided_exp
10:29:48.788,2,-2.788902,1.491703,-1.946789,guided_exp
10:29:48.788,1,-4.542351,1.42203,-1.378154,guided_exp
10:29:48.871,2,-2.788749,1.491974,-1.946299,guided_exp
10:29:48.871,1,-4.551875,1.414943,-1.319917,guided_exp
10:29:48.954,2,-2.78882,1.492096,-1.945948,guided_exp
10:29:48.955,1,-4.553613,1.419948,-1.302688,guided_exp
10:29:49.037,2,-2.788779,1.493159,-1.945685,guided_exp
10:29:49.038,1,-4.670348,1.417179,-1.151713,guided_exp
10:29:49.121,2,-2.788785,1.492961,-1.94602,guided_exp
10:29:49.122,1,-4.660217,1.418616,-1.115437,guided_exp
10:29:49.204,2,-2.788575,1.492974,-1.945654,guided_exp
10:29:49.204,1,-4.595609,1.418426,-1.096285,guided_exp
10:29:49.288,2,-2.788676,1.49291,-1.945478,guided_exp
10:29:49.288,1,-4.631538,1.419764,-1.070256,guided_exp
10:29:49.371,2,-2.788812,1.492961,-1.943161,guided_exp
10:29:49.371,1,-4.589084,1.423998,-1.070994,guided_exp
10:29:49.455,2,-2.789585,1.49387,-1.943293,guided_exp
10:29:49.455,1,-4.594088,1.423914,-1.01528,guided_exp
10:29:49.537,2,-2.790072,1.493691,-1.942382,guided_exp
10:29:49.537,1,-4.563164,1.434522,-1.06642,guided_exp
10:29:49.671,2,-2.790463,1.494662,-1.94209,guided_exp
10:29:49.671,1,-4.617599,1.428426,-0.975342,guided_exp
10:29:49.755,2,-2.790561,1.494631,-1.941824,guided_exp
10:29:49.755,1,-4.637338,1.432546,-0.914403,guided_exp
10:29:49.838,2,-2.790773,1.493519,-1.941305,guided_exp
10:29:49.838,1,-4.676172,1.430987,-0.915139,guided_exp
10:29:49.921,2,-2.790356,1.493254,-1.940362,guided_exp
10:29:49.922,1,-4.675781,1.430097,-0.898704,guided_exp
10:29:50.004,2,-2.7909,1.493196,-1.939876,guided_exp
10:29:50.004,1,-4.705028,1.43586,-0.875375,guided_exp
10:29:50.137,2,-2.791687,1.492839,-1.938982,guided_exp
10:29:50.137,1,-4.680333,1.42877,-0.675468,guided_exp
10:29:50.271,2,-2.79229,1.492702,-1.938749,guided_exp
10:29:50.271,1,-4.709482,1.427003,-0.679576,guided_exp
10:29:50.404,2,-2.793227,1.492949,-1.937194,guided_exp
10:29:50.404,1,-4.762447,1.428262,-0.818515,guided_exp
10:29:50.488,2,-2.793761,1.494057,-1.93651,guided_exp
10:29:50.488,1,-4.819651,1.427456,-0.827459,guided_exp
10:29:50.571,2,-2.794187,1.493828,-1.936103,guided_exp
10:29:50.571,1,-4.821803,1.426016,-0.796003,guided_exp
10:29:50.655,2,-2.794504,1.492604,-1.935835,guided_exp
10:29:50.655,1,-4.742783,1.417374,-0.671396,guided_exp
10:29:50.737,2,-2.795101,1.491704,-1.935902,guided_exp
10:29:50.738,1,-4.746618,1.414272,-0.671092,guided_exp
10:29:50.821,2,-2.794879,1.491354,-1.934637,guided_exp
10:29:50.822,1,-4.763218,1.424,-0.786493,guided_exp
10:29:50.904,2,-2.795686,1.491023,-1.932343,guided_exp
10:29:50.904,1,-4.82399,1.424157,-0.806198,guided_exp
10:29:51.055,2,-2.796648,1.491085,-1.932353,guided_exp
10:29:51.055,1,-4.750764,1.42716,-0.72498,guided_exp
10:29:51.137,2,-2.79643,1.493045,-1.932895,guided_exp
10:29:51.138,1,-4.816586,1.425418,-0.794074,guided_exp
10:29:51.221,2,-2.79653,1.492815,-1.932228,guided_exp
10:29:51.222,1,-4.796627,1.428427,-0.865258,guided_exp
10:29:51.304,2,-2.796622,1.492873,-1.930836,guided_exp
10:29:51.304,1,-4.795449,1.429348,-0.866754,guided_exp
10:29:51.388,2,-2.796244,1.492438,-1.931631,guided_exp
10:29:51.388,1,-4.752493,1.425763,-0.794275,guided_exp
10:29:51.488,2,-2.796302,1.490505,-1.931027,guided_exp
10:29:51.488,1,-4.759835,1.424638,-0.813506,guided_exp
10:29:51.571,2,-2.794421,1.490506,-1.928388,guided_exp
10:29:51.571,1,-4.766808,1.422984,-0.766841,guided_exp
10:29:51.655,2,-2.795091,1.489071,-1.928108,guided_exp
10:29:51.655,1,-4.775613,1.421134,-0.729235,guided_exp
10:29:51.738,2,-2.794782,1.492151,-1.92863,guided_exp
10:29:51.738,1,-4.781765,1.421805,-0.719482,guided_exp
10:29:51.821,2,-2.794372,1.491117,-1.92656,guided_exp
10:29:51.821,1,-4.773116,1.420351,-0.764008,guided_exp
10:29:51.904,2,-2.795786,1.489834,-1.923625,guided_exp
10:29:51.904,1,-4.863449,1.416423,-0.796319,guided_exp
10:29:51.988,2,-2.796431,1.489585,-1.922587,guided_exp
10:29:51.989,1,-4.792328,1.418517,-0.766809,guided_exp
10:29:52.071,2,-2.796472,1.49012,-1.920718,guided_exp
10:29:52.071,1,-4.788018,1.415128,-0.768418,guided_exp
10:29:52.155,2,-2.797038,1.489659,-1.91814,guided_exp
10:29:52.155,1,-4.795125,1.405226,-0.762633,guided_exp
10:29:52.237,2,-2.799457,1.490768,-1.912488,guided_exp
10:29:52.238,1,-4.765988,1.418804,-0.761477,guided_exp
10:29:52.321,2,-2.8007,1.49181,-1.909962,guided_exp
10:29:52.322,1,-4.871201,1.403183,-0.69712,guided_exp
10:29:52.404,2,-2.799999,1.493643,-1.91172,guided_exp
10:29:52.404,1,-4.883655,1.313074,-0.710515,guided_exp
10:29:52.537,2,-2.802161,1.492426,-1.908503,guided_exp
10:29:52.537,1,-4.839114,1.32703,-0.763314,guided_exp
10:29:52.671,2,-2.801698,1.492535,-1.909071,guided_exp
10:29:52.671,1,-4.763929,1.427769,-0.776944,guided_exp
10:29:52.804,2,-2.802259,1.491238,-1.908065,guided_exp
10:29:52.804,1,-4.818862,1.420392,-0.784875,guided_exp
10:29:52.888,2,-2.800794,1.489995,-1.910553,guided_exp
10:29:52.888,1,-4.865192,1.418212,-0.68415,guided_exp
10:29:52.971,2,-2.801185,1.488986,-1.91111,guided_exp
10:29:52.971,1,-4.880611,1.423567,-0.692046,guided_exp
10:29:53.055,2,-2.801711,1.490082,-1.913377,guided_exp
10:29:53.055,1,-4.892663,1.418506,-0.699201,guided_exp
10:29:53.138,2,-2.801755,1.489746,-1.91542,guided_exp
10:29:53.138,1,-4.819298,1.414865,-0.762279,guided_exp
10:29:53.221,2,-2.80143,1.489373,-1.917026,guided_exp
10:29:53.222,1,-4.877459,1.269761,-0.683178,guided_exp
10:29:53.304,2,-2.801426,1.489288,-1.919715,guided_exp
10:29:53.305,1,-4.878583,1.444757,-0.668397,guided_exp
10:29:53.388,2,-2.801411,1.489112,-1.920861,guided_exp
10:29:53.388,1,-4.864836,1.444319,-0.692206,guided_exp
10:29:53.471,2,-2.801886,1.486242,-1.921632,guided_exp
10:29:53.471,1,-4.74067,1.441297,-0.804115,guided_exp
10:29:53.554,2,-2.802152,1.486856,-1.92117,guided_exp
10:29:53.554,1,-4.758631,1.444127,-0.774282,guided_exp
10:29:53.637,2,-2.806909,1.488206,-1.916507,guided_exp
10:29:53.637,1,-4.76247,1.443613,-0.714898,guided_exp
10:29:53.721,2,-2.813377,1.489243,-1.912584,guided_exp
10:29:53.721,1,-4.88697,1.445826,-0.669115,guided_exp
10:29:53.804,2,-2.836409,1.487177,-1.899868,guided_exp
10:29:53.805,1,-4.883003,1.442781,-0.663145,guided_exp
10:29:53.887,2,-2.857386,1.486779,-1.888396,guided_exp
10:29:53.887,1,-4.87772,1.442136,-0.672886,guided_exp
10:29:53.971,2,-2.903074,1.487673,-1.870731,guided_exp
10:29:53.972,1,-4.785977,1.465175,-0.765097,guided_exp
10:29:54.054,2,-2.938566,1.487032,-1.852724,guided_exp
10:29:54.054,1,-4.83471,1.449435,-0.757966,guided_exp
10:29:54.138,2,-2.997931,1.48866,-1.822736,guided_exp
10:29:54.138,1,-4.838482,1.443165,-0.755347,guided_exp
10:29:54.221,2,-3.044596,1.487861,-1.805356,guided_exp
10:29:54.221,1,-4.883657,1.445679,-0.647675,guided_exp
10:29:54.305,2,-3.100969,1.487539,-1.780222,guided_exp
10:29:54.305,1,-4.867373,1.448504,-0.662563,guided_exp
10:29:54.387,2,-3.175813,1.485381,-1.746777,guided_exp
10:29:54.388,1,-4.766546,1.443847,-0.767302,guided_exp
10:29:54.471,2,-3.215685,1.486831,-1.732814,guided_exp
10:29:54.472,1,-4.768984,1.282484,-0.752656,guided_exp
10:29:54.554,2,-3.271279,1.488932,-1.705696,guided_exp
10:29:54.554,1,-4.837294,1.437976,-0.75427,guided_exp
10:29:54.638,2,-3.303351,1.486738,-1.686672,guided_exp
10:29:54.638,1,-4.787063,1.43632,-0.756527,guided_exp
10:29:54.721,2,-3.361258,1.484987,-1.6612,guided_exp
10:29:54.721,1,-4.886353,1.436255,-0.662827,guided_exp
10:29:54.805,2,-3.403611,1.485316,-1.636882,guided_exp
10:29:54.805,1,-4.782609,1.434546,-0.749046,guided_exp
10:29:54.905,2,-3.451927,1.484804,-1.598912,guided_exp
10:29:54.905,1,-4.778966,1.43583,-0.743327,guided_exp
10:29:54.987,2,-3.504661,1.483818,-1.554027,guided_exp
10:29:54.987,1,-4.773223,1.437998,-0.755939,guided_exp
10:29:55.071,2,-3.546089,1.484128,-1.527257,guided_exp
10:29:55.072,1,-4.773829,1.439804,-0.744955,guided_exp
10:29:55.154,2,-3.595589,1.484028,-1.4772,guided_exp
10:29:55.154,1,-4.871988,1.443877,-0.669996,guided_exp
10:29:55.238,2,-3.629124,1.485688,-1.439534,guided_exp
10:29:55.239,1,-4.76753,1.445179,-0.754975,guided_exp
10:29:55.321,2,-3.685469,1.483956,-1.391567,guided_exp
10:29:55.321,1,-4.854108,1.440226,-0.750411,guided_exp
10:29:55.405,2,-3.730991,1.484099,-1.363807,guided_exp
10:29:55.405,1,-4.876388,1.443385,-0.697136,guided_exp
10:29:55.505,2,-3.770959,1.485294,-1.345522,guided_exp
10:29:55.505,1,-4.77483,1.443159,-0.695732,guided_exp
10:29:55.587,2,-3.821519,1.484463,-1.329644,guided_exp
10:29:55.588,1,-4.792841,1.445401,-0.744187,guided_exp
10:29:55.671,2,-3.873842,1.483238,-1.314429,guided_exp
10:29:55.672,1,-4.791174,1.431094,-0.84843,guided_exp
10:29:55.755,2,-3.914209,1.478894,-1.313887,guided_exp
10:29:55.755,1,-4.876154,1.440145,-0.679444,guided_exp
10:29:55.838,2,-3.986007,1.481365,-1.312458,guided_exp
10:29:55.838,1,-4.882717,1.440476,-0.659404,guided_exp
10:29:55.921,2,-4.03155,1.479708,-1.303956,guided_exp
10:29:55.922,1,-4.885175,1.440223,-0.650857,guided_exp
10:29:56.005,2,-4.098753,1.48068,-1.303185,guided_exp
10:29:56.005,1,-4.875633,1.437196,-0.746392,guided_exp
10:29:56.088,2,-4.134847,1.481458,-1.304653,guided_exp
10:29:56.088,1,-4.821324,1.447206,-0.779891,guided_exp
10:29:56.171,2,-4.169089,1.478661,-1.305096,guided_exp
10:29:56.171,1,-5.036746,1.447602,-0.66549,guided_exp
10:29:56.254,2,-4.193579,1.479168,-1.301925,guided_exp
10:29:56.255,1,-5.028221,1.441779,-0.645354,guided_exp
10:29:56.337,2,-4.216163,1.480735,-1.29672,guided_exp
10:29:56.338,1,-5.040214,1.446484,-0.649577,guided_exp
10:29:56.421,2,-4.22757,1.479443,-1.295874,guided_exp
10:29:56.421,1,-5.02053,1.444057,-0.651788,guided_exp
10:29:56.504,2,-4.235367,1.479416,-1.294546,guided_exp
10:29:56.504,1,-5.025177,1.443321,-0.640757,guided_exp
10:29:56.588,2,-4.241131,1.481366,-1.282018,guided_exp
10:29:56.588,1,-4.96691,1.44459,-0.724145,guided_exp
10:29:56.671,2,-4.247982,1.480306,-1.277325,guided_exp
10:29:56.671,1,-5.024785,1.44539,-0.662141,guided_exp
10:29:56.755,2,-4.254391,1.482354,-1.273468,guided_exp
10:29:56.755,1,-5.065585,1.441953,-0.637128,guided_exp
10:29:56.837,2,-4.252644,1.486386,-1.262625,guided_exp
10:29:56.838,1,-5.03283,1.443597,-0.668935,guided_exp
10:29:56.921,2,-4.258041,1.485181,-1.261168,guided_exp
10:29:56.922,1,-4.882775,1.443366,-0.663194,guided_exp
10:29:57.004,2,-4.262794,1.481677,-1.251136,guided_exp
10:29:57.004,1,-5.009031,1.439165,-0.667176,guided_exp
10:29:57.088,2,-4.262785,1.486967,-1.250924,guided_exp
10:29:57.088,1,-4.983435,1.438465,-0.69223,guided_exp
10:29:57.188,2,-4.261102,1.488145,-1.240855,guided_exp
10:29:57.189,1,-4.982606,1.440341,-0.692611,guided_exp
10:29:57.271,2,-4.261167,1.48731,-1.238674,guided_exp
10:29:57.271,1,-4.932109,1.431656,-0.733065,guided_exp
10:29:57.355,2,-4.262011,1.488643,-1.235021,guided_exp
10:29:57.355,1,-4.861065,1.444665,-0.860704,guided_exp
10:29:57.437,2,-4.263905,1.486519,-1.231372,guided_exp
10:29:57.438,1,-4.958675,1.447523,-0.598714,guided_exp
10:29:57.521,2,-4.262569,1.483584,-1.227515,guided_exp
10:29:57.521,1,-4.965633,1.446467,-0.729265,guided_exp
10:29:57.605,2,-4.263452,1.482523,-1.225265,guided_exp
10:29:57.605,1,-4.958652,1.448078,-0.718886,guided_exp
10:29:57.688,2,-4.262805,1.483859,-1.224714,guided_exp
10:29:57.688,1,-4.894364,1.450006,-0.797278,guided_exp
10:29:57.771,2,-4.263747,1.485541,-1.222397,guided_exp
10:29:57.771,1,-4.969469,1.45028,-0.722312,guided_exp
10:29:57.855,2,-4.26602,1.481742,-1.222494,guided_exp
10:29:57.855,1,-4.926982,1.446996,-0.701676,guided_exp
10:29:57.937,2,-4.266888,1.480109,-1.222183,guided_exp
10:29:57.938,1,-4.848135,1.459854,-0.724355,guided_exp
10:29:58.021,2,-4.267889,1.478158,-1.222998,guided_exp
10:29:58.022,1,-4.903474,1.464926,-0.683349,guided_exp
10:29:58.104,2,-4.268033,1.481536,-1.222329,guided_exp
10:29:58.105,1,-4.999202,1.467241,-0.663002,guided_exp
10:29:58.188,2,-4.268289,1.48759,-1.222134,guided_exp
10:29:58.188,1,-4.915851,1.468736,-0.746963,guided_exp
10:29:58.271,2,-4.268983,1.488236,-1.221775,guided_exp
10:29:58.271,1,-5.020177,1.470017,-0.671591,guided_exp
10:29:58.354,2,-4.26897,1.488339,-1.221949,guided_exp
10:29:58.354,1,-4.934442,1.469855,-0.761475,guided_exp
10:29:58.437,2,-4.270395,1.48833,-1.221369,guided_exp
10:29:58.438,1,-4.858402,1.470827,-0.795141,guided_exp
10:29:58.521,2,-4.26941,1.490047,-1.22105,guided_exp
10:29:58.521,1,-4.975646,1.463287,-0.707939,guided_exp
10:29:58.604,2,-4.269923,1.487524,-1.220423,guided_exp
10:29:58.604,1,-4.95374,1.459435,-0.762763,guided_exp
10:29:58.688,2,-4.269691,1.485564,-1.220172,guided_exp
10:29:58.688,1,-4.918396,1.459185,-0.775198,guided_exp
10:29:58.771,2,-4.26953,1.485163,-1.219943,guided_exp
10:29:58.771,1,-4.934835,1.459866,-0.766716,guided_exp
10:29:58.855,2,-4.269221,1.486858,-1.218521,guided_exp
10:29:58.855,1,-4.911473,1.449151,-0.792715,guided_exp
10:29:58.938,2,-4.267767,1.486346,-1.21723,guided_exp
10:29:58.938,1,-4.905485,1.446352,-0.780678,guided_exp
10:29:59.021,2,-4.267726,1.493075,-1.216076,guided_exp
10:29:59.022,1,-4.834124,1.443924,-0.76145,guided_exp
10:29:59.104,2,-4.267606,1.465886,-1.214483,guided_exp
10:29:59.104,1,-4.868191,1.446214,-0.85931,guided_exp
10:29:59.188,2,-4.267353,1.47409,-1.214701,guided_exp
10:29:59.189,1,-4.932065,1.444457,-0.783324,guided_exp
10:29:59.271,2,-4.266722,1.447007,-1.215216,guided_exp
10:29:59.271,1,-4.925102,1.447936,-0.669671,guided_exp
10:29:59.355,2,-4.266662,1.472987,-1.215043,guided_exp
10:29:59.355,1,-4.87709,1.439077,-0.851694,guided_exp
10:29:59.437,2,-4.266168,1.470841,-1.215054,guided_exp
10:29:59.438,1,-4.989949,1.442856,-0.713592,guided_exp
10:29:59.521,2,-4.265726,1.469416,-1.216452,guided_exp
10:29:59.522,1,-4.901764,1.437993,-0.680188,guided_exp
10:29:59.604,2,-4.265016,1.470758,-1.217237,guided_exp
10:29:59.604,1,-4.781517,1.431727,-0.794267,guided_exp
10:29:59.737,2,-4.266382,1.470679,-1.217338,guided_exp
10:29:59.737,1,-4.857932,1.435897,-0.793549,guided_exp
10:29:59.887,2,-4.264733,1.460524,-1.217269,guided_exp
10:29:59.887,1,-4.915917,1.417531,-0.773828,guided_exp
10:29:59.971,2,-4.260914,1.479299,-1.218503,guided_exp
10:29:59.972,1,-4.888631,1.426674,-0.671112,guided_exp
10:30:00.054,2,-4.261323,1.473303,-1.218598,guided_exp
10:30:00.055,1,-4.776902,1.434472,-0.85126,guided_exp
10:30:00.138,2,-4.261431,1.472563,-1.219664,guided_exp
10:30:00.138,1,-4.891554,1.435756,-0.789406,guided_exp
10:30:00.222,2,-4.261729,1.480968,-1.219264,guided_exp
10:30:00.222,1,-4.962539,1.43264,-0.660591,guided_exp
10:30:00.304,2,-4.260425,1.484302,-1.217512,guided_exp
10:30:00.304,1,-4.862841,1.424223,-0.711438,guided_exp
10:30:00.388,2,-4.259663,1.482759,-1.216511,guided_exp
10:30:00.389,1,-4.761416,1.407836,-0.838027,guided_exp
10:30:00.471,2,-4.259985,1.478255,-1.218362,guided_exp
10:30:00.471,1,-4.916252,1.397995,-0.813223,guided_exp
10:30:00.555,2,-4.260648,1.476837,-1.217937,guided_exp
10:30:00.555,1,-4.866137,1.384268,-0.799623,guided_exp
10:30:00.638,2,-4.260922,1.474337,-1.21868,guided_exp
10:30:00.638,1,-4.845881,1.36021,-0.775276,guided_exp
10:30:00.722,2,-4.261743,1.491682,-1.219025,guided_exp
10:30:00.722,1,-4.864886,1.371102,-0.788179,guided_exp
10:30:00.804,2,-4.263663,1.497396,-1.219307,guided_exp
10:30:00.804,1,-4.852455,1.370715,-0.81514,guided_exp
10:30:00.888,2,-4.264007,1.492204,-1.218933,guided_exp
10:30:00.888,1,-4.81751,1.374563,-0.803867,guided_exp
10:30:00.971,2,-4.264534,1.487106,-1.21929,guided_exp
10:30:00.971,1,-4.854669,1.360894,-0.76702,guided_exp
10:30:01.054,2,-4.264371,1.486362,-1.219507,guided_exp
10:30:01.054,1,-4.860623,1.358518,-0.807288,guided_exp
10:30:01.137,2,-4.263544,1.485413,-1.218433,guided_exp
10:30:01.138,1,-4.921457,1.353071,-0.734351,guided_exp
10:30:01.221,2,-4.263749,1.483468,-1.218612,guided_exp
10:30:01.222,1,-4.902086,1.356098,-0.68249,guided_exp
10:30:01.304,2,-4.263701,1.482251,-1.218566,guided_exp
10:30:01.304,1,-4.905925,1.361697,-0.809363,guided_exp
10:30:01.388,2,-4.263758,1.485523,-1.218699,guided_exp
10:30:01.388,1,-4.844237,1.361944,-0.766459,guided_exp
10:30:01.471,2,-4.263959,1.484409,-1.217909,guided_exp
10:30:01.471,1,-4.848804,1.379129,-0.790151,guided_exp
10:30:01.604,2,-4.265038,1.485168,-1.218489,guided_exp
10:30:01.604,1,-4.894115,1.371539,-0.66498,guided_exp
10:30:01.688,2,-4.265002,1.483451,-1.218671,guided_exp
10:30:01.688,1,-4.845022,1.404241,-0.739327,guided_exp
10:30:01.771,2,-4.264125,1.483064,-1.218175,guided_exp
10:30:01.771,1,-4.861002,1.383128,-0.798747,guided_exp
10:30:01.855,2,-4.265468,1.483089,-1.218118,guided_exp
10:30:01.855,1,-4.953644,1.396769,-0.782593,guided_exp
10:30:01.938,2,-4.265796,1.483056,-1.21756,guided_exp
10:30:01.938,1,-4.76958,1.415502,-0.810455,guided_exp
10:30:02.021,2,-4.265533,1.4834,-1.217682,guided_exp
10:30:02.022,1,-4.894732,1.435428,-0.777953,guided_exp
10:30:02.104,2,-4.265722,1.48389,-1.217699,guided_exp
10:30:02.105,1,-4.862979,1.390844,-0.786316,guided_exp
10:30:02.188,2,-4.265803,1.484338,-1.218017,guided_exp
10:30:02.188,1,-4.928927,1.444583,-0.773002,guided_exp
10:30:02.271,2,-4.265506,1.482692,-1.218225,guided_exp
10:30:02.271,1,-5.005702,1.397497,-0.708108,guided_exp
10:30:02.355,2,-4.265326,1.481445,-1.217995,guided_exp
10:30:02.355,1,-4.851898,1.41535,-0.761789,guided_exp
10:30:02.438,2,-4.266489,1.48153,-1.21882,guided_exp
10:30:02.438,1,-4.949238,1.414483,-0.782413,guided_exp
10:30:02.521,2,-4.267342,1.482958,-1.21864,guided_exp
10:30:02.522,1,-4.924492,1.41417,-0.780746,guided_exp
10:30:02.605,2,-4.267357,1.482059,-1.218053,guided_exp
10:30:02.605,1,-4.876031,1.435572,-0.699046,guided_exp
10:30:02.688,2,-4.267785,1.480821,-1.217961,guided_exp
10:30:02.689,1,-4.904392,1.340265,-0.799463,guided_exp
10:30:02.771,2,-4.268444,1.480202,-1.216802,guided_exp
10:30:02.771,1,-4.849015,1.393104,-0.795729,guided_exp
10:30:02.854,2,-4.268919,1.477756,-1.217088,guided_exp
10:30:02.854,1,-4.88556,1.446199,-0.683107,guided_exp
10:30:02.937,2,-4.269082,1.487038,-1.21604,guided_exp
10:30:02.938,1,-4.836843,1.395803,-0.778012,guided_exp
10:30:03.021,2,-4.26862,1.485763,-1.215471,guided_exp
10:30:03.021,1,-4.900607,1.396085,-0.657169,guided_exp
10:30:03.104,2,-4.267278,1.483784,-1.215476,guided_exp
10:30:03.104,1,-4.852325,1.433563,-0.78164,guided_exp
10:30:03.188,2,-4.267267,1.487329,-1.215677,guided_exp
10:30:03.188,1,-4.805908,1.414202,-0.848598,guided_exp
10:30:03.271,2,-4.267843,1.483965,-1.216213,guided_exp
10:30:03.271,1,-4.878737,1.400481,-0.709342,guided_exp
10:30:03.355,2,-4.266171,1.481875,-1.215734,guided_exp
10:30:03.355,1,-5.0178,1.412379,-0.695547,guided_exp
10:30:03.437,2,-4.267628,1.482302,-1.214793,guided_exp
10:30:03.438,1,-4.807866,1.431134,-0.830834,guided_exp
10:30:03.521,2,-4.267205,1.480188,-1.214684,guided_exp
10:30:03.522,1,-4.787642,1.426755,-0.846667,guided_exp
10:30:03.604,2,-4.268388,1.484832,-1.214882,guided_exp
10:30:03.604,1,-4.839929,1.422822,-0.768596,guided_exp
10:30:03.688,2,-4.267897,1.479968,-1.214915,guided_exp
10:30:03.689,1,-4.89358,1.424021,-0.815834,guided_exp
10:30:03.771,2,-4.265329,1.478651,-1.21363,guided_exp
10:30:03.771,1,-4.832723,1.407843,-0.861023,guided_exp
10:30:03.855,2,-4.265726,1.479523,-1.213869,guided_exp
10:30:03.855,1,-4.863085,1.40965,-0.757669,guided_exp
10:30:03.937,2,-4.267766,1.482677,-1.214572,guided_exp
10:30:03.938,1,-4.875793,1.410444,-0.793564,guided_exp
10:30:04.022,2,-4.267375,1.479996,-1.214599,guided_exp
10:30:04.022,1,-4.861523,1.413626,-0.722794,guided_exp
10:30:04.104,2,-4.267329,1.479249,-1.215229,guided_exp
10:30:04.104,1,-4.909873,1.415696,-0.808101,guided_exp
10:30:04.255,2,-4.266001,1.478058,-1.215087,guided_exp
10:30:04.255,1,-4.870004,1.41964,-0.76709,guided_exp
10:30:04.338,2,-4.264057,1.480782,-1.212649,guided_exp
10:30:04.338,1,-4.858652,1.418699,-0.798718,guided_exp
10:30:04.422,2,-4.263336,1.481538,-1.213655,guided_exp
10:30:04.422,1,-4.843755,1.418247,-0.793489,guided_exp
10:30:04.504,2,-4.261474,1.48207,-1.21228,guided_exp
10:30:04.504,1,-4.778355,1.41354,-0.845639,guided_exp
10:30:04.588,2,-4.260735,1.482383,-1.21232,guided_exp
10:30:04.589,1,-4.807966,1.409815,-0.854561,guided_exp
10:30:04.672,2,-4.265514,1.478318,-1.215128,guided_exp
10:30:04.672,1,-4.843393,1.40952,-0.774698,guided_exp
10:30:04.755,2,-4.265307,1.476292,-1.215061,guided_exp
10:30:04.755,1,-4.879682,1.417165,-0.778443,guided_exp
10:30:04.838,2,-4.266104,1.475837,-1.215851,guided_exp
10:30:04.839,1,-4.850534,1.423497,-0.741904,guided_exp
10:30:04.922,2,-4.266676,1.476713,-1.215758,guided_exp
10:30:04.922,1,-4.862243,1.427696,-0.752083,guided_exp
10:30:05.005,2,-4.266418,1.47771,-1.216048,guided_exp
10:30:05.005,1,-4.903818,1.433504,-0.662968,guided_exp
10:30:05.088,2,-4.266401,1.481373,-1.216656,guided_exp
10:30:05.088,1,-4.790024,1.431006,-0.861126,guided_exp
10:30:05.171,2,-4.266676,1.479863,-1.217024,guided_exp
10:30:05.171,1,-4.90067,1.426616,-0.658622,guided_exp
10:30:05.254,2,-4.2674,1.470686,-1.217768,guided_exp
10:30:05.255,1,-4.910266,1.421024,-0.811603,guided_exp
10:30:05.338,2,-4.265327,1.454312,-1.217967,guided_exp
10:30:05.338,1,-4.864358,1.415223,-0.791456,guided_exp
10:30:05.421,2,-4.264181,1.157307,-1.218108,guided_exp
10:30:05.422,1,-4.895629,1.412055,-0.695089,guided_exp
10:30:05.522,2,-4.265686,1.157392,-1.217641,guided_exp
10:30:05.522,1,-4.855122,1.420719,-0.734132,guided_exp
10:30:05.604,2,-4.264471,1.160722,-1.218925,guided_exp
10:30:05.605,1,-4.904189,1.427222,-0.811766,guided_exp
10:30:05.688,2,-4.261653,1.605264,-1.219612,guided_exp
10:30:05.688,1,-4.838031,1.430367,-0.801052,guided_exp
10:30:05.771,2,-4.259192,0.862828,-1.221446,guided_exp
10:30:05.771,1,-4.805075,1.428916,-0.67917,guided_exp
10:30:05.854,2,-4.25643,0.85461,-1.223881,guided_exp
10:30:05.854,1,-4.796083,1.43104,-0.681038,guided_exp
10:30:05.938,2,-4.25805,1.767579,-1.232911,guided_exp
10:30:05.938,1,-4.791306,1.439558,-0.678036,guided_exp
10:30:06.021,2,-4.258427,1.955225,-1.240346,guided_exp
10:30:06.022,1,-4.810991,1.436293,-0.664518,guided_exp
10:30:06.104,2,-4.255301,1.911997,-1.261805,guided_exp
10:30:06.105,1,-4.776984,1.431292,-0.709959,guided_exp
10:30:06.188,2,-4.246706,1.909911,-1.270851,guided_exp
10:30:06.188,1,-4.811828,1.428195,-0.653556,guided_exp
10:30:06.271,2,-4.243067,1.901178,-1.278872,guided_exp
10:30:06.271,1,-4.896563,1.436892,-0.825536,guided_exp
10:30:06.355,2,-4.235451,1.866721,-1.29725,guided_exp
10:30:06.355,1,-4.830874,1.438822,-0.9231,guided_exp
10:30:06.438,2,-4.220107,1.92793,-1.31206,guided_exp
10:30:06.438,1,-4.893898,1.45193,-0.864158,guided_exp
10:30:06.522,2,-4.21289,1.914677,-1.317703,guided_exp
10:30:06.522,1,-4.788234,1.451819,-0.737118,guided_exp
10:30:06.604,2,-4.197619,1.915919,-1.334799,guided_exp
10:30:06.605,1,-4.736015,1.448467,-0.731041,guided_exp
10:30:06.688,2,-4.165522,1.915364,-1.354466,guided_exp
10:30:06.688,1,-4.786501,1.448933,-0.691345,guided_exp
10:30:06.771,2,-4.116243,1.85173,-1.384786,guided_exp
10:30:06.771,1,-4.776897,1.452858,-0.699312,guided_exp
10:30:06.855,2,-4.083143,1.857235,-1.400314,guided_exp
10:30:06.855,1,-4.773699,1.455046,-0.700678,guided_exp
10:30:06.938,2,-4.027112,1.872283,-1.430347,guided_exp
10:30:06.938,1,-4.755404,1.44445,-0.728616,guided_exp
10:30:07.022,2,-3.989541,1.884578,-1.455986,guided_exp
10:30:07.022,1,-4.868766,1.443074,-0.915326,guided_exp
10:30:07.104,2,-3.925706,1.884648,-1.494075,guided_exp
10:30:07.105,1,-4.705887,1.442503,-0.843662,guided_exp
10:30:07.188,2,-3.892553,1.911341,-1.521926,guided_exp
10:30:07.189,1,-4.733941,1.438622,-0.856026,guided_exp
10:30:07.271,2,-3.847181,1.924536,-1.552898,guided_exp
10:30:07.271,1,-4.842338,1.436374,-0.918466,guided_exp
10:30:07.421,2,-3.816663,1.920143,-1.587282,guided_exp
10:30:07.422,1,-4.846831,1.439051,-0.944616,guided_exp
10:30:07.504,2,-3.795777,1.932594,-1.609916,guided_exp
10:30:07.504,1,-4.722611,1.439543,-0.881798,guided_exp
10:30:07.588,2,-3.787623,1.940917,-1.626413,guided_exp
10:30:07.589,1,-4.722314,1.439378,-0.884307,guided_exp
10:30:07.671,2,-3.775139,1.929994,-1.657217,guided_exp
10:30:07.671,1,-4.902642,1.440113,-0.940873,guided_exp
10:30:07.755,2,-3.770918,1.934674,-1.676413,guided_exp
10:30:07.755,1,-4.906343,1.441495,-0.963713,guided_exp
10:30:07.838,2,-3.770251,1.925056,-1.713257,guided_exp
10:30:07.838,1,-4.729988,1.440901,-0.901163,guided_exp
10:30:07.921,2,-3.771881,1.913823,-1.739078,guided_exp
10:30:07.922,1,-4.890793,1.428699,-0.962852,guided_exp
10:30:08.004,2,-3.776412,1.917684,-1.779015,guided_exp
10:30:08.005,1,-4.736431,1.425782,-0.921337,guided_exp
10:30:08.088,2,-3.778969,1.920229,-1.805179,guided_exp
10:30:08.089,1,-4.719702,1.423397,-0.912591,guided_exp
10:30:08.171,2,-3.78687,1.917816,-1.854044,guided_exp
10:30:08.172,1,-4.930533,1.422788,-0.953152,guided_exp
10:30:08.254,2,-3.787579,1.922209,-1.885417,guided_exp
10:30:08.255,1,-4.896066,1.421909,-0.998579,guided_exp
10:30:08.338,2,-3.791593,1.899839,-1.906007,guided_exp
10:30:08.338,1,-4.766877,1.420743,-0.983932,guided_exp
10:30:08.421,2,-3.792735,1.897298,-1.914253,guided_exp
10:30:08.422,1,-4.771062,1.419634,-0.952546,guided_exp
10:30:08.504,2,-3.797131,1.901215,-1.937915,guided_exp
10:30:08.505,1,-4.899721,1.419162,-0.996692,guided_exp
10:30:08.588,2,-3.79873,1.900723,-1.950544,guided_exp
10:30:08.588,1,-4.932974,1.418557,-1.012977,guided_exp
10:30:08.671,2,-3.800254,1.811091,-1.964976,guided_exp
10:30:08.671,1,-4.716094,1.418382,-0.909838,guided_exp
10:30:08.755,2,-3.799528,1.821308,-1.973443,guided_exp
10:30:08.755,1,-4.779749,1.418313,-0.944918,guided_exp
10:30:08.838,2,-3.798638,1.916198,-1.98073,guided_exp
10:30:08.838,1,-4.937186,1.41811,-0.990823,guided_exp
10:30:08.921,2,-3.796342,1.857988,-1.984511,guided_exp
10:30:08.922,1,-4.882261,1.419337,-0.954787,guided_exp
10:30:09.004,2,-3.786114,1.807123,-1.991635,guided_exp
10:30:09.004,1,-4.902072,1.418499,-0.975876,guided_exp
10:30:09.088,2,-3.783109,1.927694,-1.993966,guided_exp
10:30:09.089,1,-4.998344,1.417773,-1.007537,guided_exp
10:30:09.171,2,-3.77499,1.883091,-1.998412,guided_exp
10:30:09.171,1,-4.764382,1.417062,-1.009698,guided_exp
10:30:09.255,2,-3.771089,1.938021,-2.000066,guided_exp
10:30:09.255,1,-4.963112,1.416735,-0.98328,guided_exp
10:30:09.338,2,-3.763708,1.936154,-1.999228,guided_exp
10:30:09.338,1,-4.734947,1.415913,-0.930498,guided_exp
10:30:09.422,2,-3.760927,1.825547,-1.998027,guided_exp
10:30:09.422,1,-4.714853,1.416278,-0.925001,guided_exp
10:30:09.504,2,-3.758836,1.769112,-1.999438,guided_exp
10:30:09.505,1,-4.870691,1.416072,-0.995083,guided_exp
10:30:09.588,2,-3.75761,1.817018,-2.000164,guided_exp
10:30:09.589,1,-4.878749,1.415399,-1.025818,guided_exp
10:30:09.671,2,-3.757044,1.247667,-2.001396,guided_exp
10:30:09.672,1,-4.742649,1.41605,-0.961128,guided_exp
10:30:09.754,2,-3.754878,1.294316,-2.001967,guided_exp
10:30:09.755,1,-4.736298,1.416479,-0.96441,guided_exp
10:30:09.838,2,-3.751153,1.602818,-2.001544,guided_exp
10:30:09.838,1,-4.867834,1.415989,-0.969619,guided_exp
10:30:09.921,2,-3.744952,1.733499,-2.000883,guided_exp
10:30:09.922,1,-4.863706,1.416632,-0.970676,guided_exp
10:30:10.004,2,-3.737403,1.751959,-2.000188,guided_exp
10:30:10.004,1,-4.713174,1.416469,-0.953262,guided_exp
10:30:10.088,2,-3.735111,1.286901,-2.000299,guided_exp
10:30:10.088,1,-4.698203,1.416394,-0.939084,guided_exp
10:30:10.171,2,-3.732156,1.302517,-1.999198,guided_exp
10:30:10.171,1,-4.864713,1.417398,-1.003098,guided_exp
10:30:10.255,2,-3.731097,1.554562,-1.998802,guided_exp
10:30:10.255,1,-4.713083,1.415337,-0.972619,guided_exp
10:30:10.338,2,-3.729528,1.857323,-1.998108,guided_exp
10:30:10.338,1,-4.890267,1.41406,-1.016765,guided_exp
10:30:10.422,2,-3.729463,1.290018,-1.997809,guided_exp
10:30:10.422,1,-4.873636,1.414388,-1.018782,guided_exp
10:30:10.505,2,-3.729624,1.892053,-1.996378,guided_exp
10:30:10.505,1,-4.895423,1.415354,-1.034356,guided_exp
10:30:10.588,2,-3.72946,1.755084,-1.996027,guided_exp
10:30:10.588,1,-4.909998,1.415752,-1.048614,guided_exp
10:30:10.672,2,-3.729782,1.763238,-1.995561,guided_exp
10:30:10.672,1,-4.969361,1.415524,-1.220596,guided_exp
10:30:10.755,2,-3.729868,1.50525,-1.995508,guided_exp
10:30:10.755,1,-4.975041,1.414321,-1.250311,guided_exp
10:30:10.838,2,-3.730648,1.562293,-1.994612,guided_exp
10:30:10.839,1,-5.004885,1.416338,-1.314544,guided_exp
10:30:10.921,2,-3.730582,1.490214,-1.994753,guided_exp
10:30:10.922,1,-5.004866,1.415742,-1.337597,guided_exp
10:30:11.005,2,-3.731252,1.276047,-1.995047,guided_exp
10:30:11.005,1,-5.015534,1.416168,-1.385045,guided_exp
10:30:11.088,2,-3.731688,1.265713,-1.9953,guided_exp
10:30:11.089,1,-4.978014,1.41677,-1.381717,guided_exp
10:30:11.171,2,-3.734252,1.407813,-1.994463,guided_exp
10:30:11.172,1,-4.974378,1.417185,-1.229194,guided_exp
10:30:11.254,2,-3.734215,1.467427,-1.995664,guided_exp
10:30:11.255,1,-4.946969,1.417582,-1.328718,guided_exp
10:30:11.338,2,-3.734264,1.379343,-1.996334,guided_exp
10:30:11.338,1,-4.927607,1.417516,-1.269499,guided_exp
10:30:11.421,2,-3.735294,1.380722,-1.996595,guided_exp
10:30:11.422,1,-4.913884,1.418243,-1.260144,guided_exp
10:30:11.504,2,-3.735587,1.382783,-1.996967,guided_exp
10:30:11.504,1,-4.889551,1.420756,-1.271758,guided_exp
10:30:11.588,2,-3.734913,1.354201,-1.999224,guided_exp
10:30:11.589,1,-4.903477,1.422345,-1.288354,guided_exp
10:30:11.671,2,-3.734719,1.978516,-2.000048,guided_exp
10:30:11.672,1,-4.917506,1.421594,-1.089233,guided_exp
10:30:11.755,2,-3.73676,2.012313,-2.002379,guided_exp
10:30:11.755,1,-4.953832,1.421971,-1.345284,guided_exp
10:30:11.839,2,-3.737365,1.28403,-2.003369,guided_exp
10:30:11.839,1,-4.922393,1.421948,-1.377741,guided_exp
10:30:11.922,2,-3.737506,1.328165,-2.003884,guided_exp
10:30:11.922,1,-4.920881,1.422116,-1.414904,guided_exp
10:30:12.004,2,-3.737012,1.402349,-2.004875,guided_exp
10:30:12.004,1,-4.913207,1.421156,-1.454282,guided_exp
10:30:12.088,2,-3.73772,1.882983,-2.005916,guided_exp
10:30:12.089,1,-4.933605,1.420575,-1.47394,guided_exp
10:30:12.171,2,-3.737675,1.947382,-2.006626,guided_exp
10:30:12.171,1,-4.915544,1.419291,-1.480129,guided_exp
10:30:12.255,2,-3.738862,1.962955,-2.006621,guided_exp
10:30:12.255,1,-4.902353,1.418439,-1.479208,guided_exp
10:30:12.338,2,-3.738139,1.355367,-2.007082,guided_exp
10:30:12.338,1,-4.906174,1.418384,-1.472974,guided_exp
10:30:12.422,2,-3.741747,1.978063,-2.007528,guided_exp
10:30:12.422,1,-4.914844,1.417919,-1.515564,guided_exp
10:30:12.505,2,-3.740157,1.941469,-2.007591,guided_exp
10:30:12.505,1,-4.923747,1.417397,-1.50353,guided_exp
10:30:12.588,2,-3.737012,1.978317,-2.008035,guided_exp
10:30:12.589,1,-4.906749,1.418577,-1.475283,guided_exp
10:30:12.671,2,-3.734594,1.424851,-2.008473,guided_exp
10:30:12.671,1,-4.903213,1.419222,-1.502706,guided_exp
10:30:12.755,2,-3.73474,1.347458,-2.008375,guided_exp
10:30:12.755,1,-4.904386,1.422185,-1.499966,guided_exp
10:30:12.838,2,-3.734009,1.349547,-2.008563,guided_exp
10:30:12.838,1,-4.914191,1.424927,-1.50373,guided_exp
10:30:12.921,2,-3.733587,1.951446,-2.008805,guided_exp
10:30:12.921,1,-4.877759,1.42327,-1.513275,guided_exp
10:30:13.004,2,-3.733166,1.980924,-2.008393,guided_exp
10:30:13.005,1,-4.937746,1.420011,-1.506576,guided_exp
10:30:13.088,2,-3.732913,1.968119,-2.007888,guided_exp
10:30:13.088,1,-4.870839,1.412507,-1.485704,guided_exp
10:30:13.171,2,-3.731651,1.371907,-2.007651,guided_exp
10:30:13.171,1,-4.915394,1.409695,-1.515299,guided_exp
10:30:13.255,2,-3.733165,1.356235,-2.005881,guided_exp
10:30:13.255,1,-4.914051,1.400863,-1.514615,guided_exp
10:30:13.338,2,-3.732731,1.363162,-2.006095,guided_exp
10:30:13.338,1,-4.916575,1.400495,-1.515382,guided_exp
10:30:13.422,2,-3.732908,2.014007,-2.005938,guided_exp
10:30:13.422,1,-4.915448,1.403024,-1.489069,guided_exp
10:30:13.504,2,-3.733094,2.002246,-2.00495,guided_exp
10:30:13.505,1,-4.894501,1.407303,-1.484606,guided_exp
10:30:13.588,2,-3.733019,1.37315,-2.004627,guided_exp
10:30:13.589,1,-4.904254,1.409012,-1.491935,guided_exp
10:30:13.671,2,-3.734965,1.38173,-2.003775,guided_exp
10:30:13.671,1,-4.921555,1.414688,-1.517236,guided_exp
10:30:13.755,2,-3.73406,1.362108,-2.003086,guided_exp
10:30:13.755,1,-4.920916,1.421768,-1.531576,guided_exp
10:30:13.838,2,-3.736785,1.433562,-2.002337,guided_exp
10:30:13.838,1,-4.91875,1.419617,-1.511036,guided_exp
10:30:13.922,2,-3.736267,1.981862,-2.001443,guided_exp
10:30:13.922,1,-4.911994,1.412989,-1.49372,guided_exp
10:30:14.005,2,-3.736222,1.375906,-2.001074,guided_exp
10:30:14.005,1,-4.912984,1.398087,-1.49059,guided_exp
10:30:14.088,2,-3.736242,1.371477,-2.000772,guided_exp
10:30:14.089,1,-4.911069,1.396961,-1.490483,guided_exp
10:30:14.171,2,-3.735741,1.374075,-1.999512,guided_exp
10:30:14.172,1,-4.910662,1.396378,-1.488795,guided_exp
10:30:14.254,2,-3.738236,1.371617,-1.999093,guided_exp
10:30:14.255,1,-4.922297,1.396846,-1.481092,guided_exp
10:30:14.338,2,-3.73795,1.982894,-1.998099,guided_exp
10:30:14.338,1,-4.928324,1.396238,-1.510256,guided_exp
10:30:14.421,2,-3.738791,1.375606,-1.996782,guided_exp
10:30:14.422,1,-4.924986,1.393412,-1.514007,guided_exp
10:30:14.504,2,-3.739405,1.297337,-1.995704,guided_exp
10:30:14.505,1,-4.928471,1.401878,-1.482586,guided_exp
10:30:14.588,2,-3.739694,1.953743,-1.994959,guided_exp
10:30:14.588,1,-4.93033,1.40771,-1.479316,guided_exp
10:30:14.671,2,-3.740889,1.376202,-1.993347,guided_exp
10:30:14.671,1,-4.916505,1.395737,-1.496935,guided_exp
10:30:14.755,2,-3.741191,1.40269,-1.992432,guided_exp
10:30:14.755,1,-4.968583,1.405033,-1.503282,guided_exp
10:30:14.838,2,-3.744937,1.812383,-1.99264,guided_exp
10:30:14.838,1,-4.979349,1.400099,-1.510634,guided_exp
10:30:14.922,2,-3.745866,2.018725,-1.992605,guided_exp
10:30:14.922,1,-4.944262,1.402566,-1.475901,guided_exp
10:30:15.004,2,-3.745397,2.010946,-1.992114,guided_exp
10:30:15.005,1,-4.959625,1.40602,-1.498897,guided_exp
10:30:15.088,2,-3.745095,2.040568,-1.991652,guided_exp
10:30:15.089,1,-4.922701,1.422991,-1.488505,guided_exp
10:30:15.171,2,-3.744982,0.971137,-1.990778,guided_exp
10:30:15.171,1,-4.922375,1.423511,-1.485667,guided_exp
10:30:15.255,2,-3.744975,1.084959,-1.99069,guided_exp
10:30:15.256,1,-4.98129,1.429564,-1.481176,guided_exp
10:30:15.338,2,-3.744664,0.981795,-1.990226,guided_exp
10:30:15.338,1,-4.961278,1.431546,-1.495802,guided_exp
10:30:15.422,2,-3.749562,1.056961,-1.990667,guided_exp
10:30:15.422,1,-4.964177,1.435167,-1.48593,guided_exp
10:30:15.504,2,-3.750106,0.983415,-1.990596,guided_exp
10:30:15.505,1,-4.910921,1.436266,-1.494111,guided_exp
10:30:15.588,2,-3.750147,1.056314,-1.988944,guided_exp
10:30:15.589,1,-4.919513,1.435012,-1.494911,guided_exp
10:30:15.671,2,-3.753357,1.109514,-1.988812,guided_exp
10:30:15.672,1,-4.934535,1.432627,-1.476665,guided_exp
10:30:15.754,2,-3.760114,1.074731,-1.985032,guided_exp
10:30:15.755,1,-4.899652,1.429437,-1.57332,guided_exp
10:30:15.838,2,-3.760773,0.975867,-1.983632,guided_exp
10:30:15.838,1,-4.914956,1.424401,-1.533062,guided_exp
10:30:15.921,2,-3.765678,0.942638,-1.982348,guided_exp
10:30:15.922,1,-4.916901,1.427143,-1.524414,guided_exp
10:30:16.004,2,-3.779451,0.965446,-1.979185,guided_exp
10:30:16.004,1,-4.975788,1.426013,-1.502191,guided_exp
10:30:16.088,2,-3.784712,1.866046,-1.978047,guided_exp
10:30:16.089,1,-4.978733,1.419013,-1.495106,guided_exp
10:30:16.171,2,-3.791427,0.999284,-1.976795,guided_exp
10:30:16.171,1,-4.982099,1.418824,-1.485563,guided_exp
10:30:16.255,2,-3.80322,0.969142,-1.971537,guided_exp
10:30:16.255,1,-4.979188,1.415151,-1.49614,guided_exp
10:30:16.337,2,-3.812239,1.045041,-1.960568,guided_exp
10:30:16.338,1,-4.980937,1.413996,-1.494833,guided_exp
10:30:16.422,2,-3.819626,1.032002,-1.94758,guided_exp
10:30:16.422,1,-4.983031,1.416207,-1.505672,guided_exp
10:30:16.504,2,-3.825544,0.971977,-1.932938,guided_exp
10:30:16.504,1,-4.949857,1.414588,-1.486571,guided_exp
10:30:16.588,2,-3.830472,2.010919,-1.909799,guided_exp
10:30:16.588,1,-4.943874,1.413061,-1.509167,guided_exp
10:30:16.738,2,-3.838006,0.969427,-1.844354,guided_exp
10:30:16.738,1,-4.926075,1.413569,-1.560777,guided_exp
10:30:16.821,2,-3.841502,0.973526,-1.818382,guided_exp
10:30:16.822,1,-4.948398,1.412834,-1.518034,guided_exp
10:30:16.905,2,-3.844824,0.996282,-1.763264,guided_exp
10:30:16.905,1,-4.914185,1.413079,-1.473559,guided_exp
10:30:16.988,2,-3.847339,0.999898,-1.730873,guided_exp
10:30:16.988,1,-4.886774,1.414968,-1.473494,guided_exp
10:30:17.071,2,-3.852963,1.880575,-1.684193,guided_exp
10:30:17.071,1,-4.908226,1.41642,-1.489361,guided_exp
10:30:17.155,2,-3.851925,1.867888,-1.662052,guided_exp
10:30:17.155,1,-4.926683,1.417577,-1.482582,guided_exp
10:30:17.238,2,-3.856158,1.860162,-1.62878,guided_exp
10:30:17.238,1,-4.945418,1.417796,-1.507323,guided_exp
10:30:17.322,2,-3.860769,1.041316,-1.611447,guided_exp
10:30:17.322,1,-4.892202,1.417615,-1.503016,guided_exp
10:30:17.404,2,-3.868363,1.045957,-1.589498,guided_exp
10:30:17.405,1,-4.897644,1.414439,-1.480338,guided_exp
10:30:17.489,2,-3.872473,0.97414,-1.576997,guided_exp
10:30:17.489,1,-4.904087,1.414023,-1.504792,guided_exp
10:30:17.571,2,-3.881729,0.997326,-1.562094,guided_exp
10:30:17.571,1,-4.940876,1.414665,-1.506582,guided_exp
10:30:17.704,2,-3.901613,1.015812,-1.549515,guided_exp
10:30:17.704,1,-4.927335,1.414712,-1.495911,guided_exp
10:30:17.837,2,-3.921308,0.994028,-1.54204,guided_exp
10:30:17.838,1,-4.913649,1.414246,-1.501984,guided_exp
10:30:17.971,2,-3.940115,0.981242,-1.540594,guided_exp
10:30:17.971,1,-4.905602,1.413312,-1.497403,guided_exp
10:30:18.055,2,-3.947028,1.001017,-1.53954,guided_exp
10:30:18.056,1,-4.903448,1.4136,-1.487359,guided_exp
10:30:18.138,2,-3.957222,1.017126,-1.536404,guided_exp
10:30:18.138,1,-4.859693,1.413183,-1.497723,guided_exp
10:30:18.222,2,-3.961753,0.942808,-1.535319,guided_exp
10:30:18.222,1,-4.916216,1.412371,-1.51192,guided_exp
10:30:18.304,2,-3.967974,0.953421,-1.535927,guided_exp
10:30:18.304,1,-4.928047,1.408668,-1.505538,guided_exp
10:30:18.388,2,-3.969139,0.931705,-1.536939,guided_exp
10:30:18.389,1,-4.927708,1.408922,-1.536764,guided_exp
10:30:18.471,2,-3.971027,0.94226,-1.537252,guided_exp
10:30:18.471,1,-4.894554,1.407908,-1.500403,guided_exp
10:30:18.604,2,-3.973166,0.981242,-1.538052,guided_exp
10:30:18.604,1,-4.940239,1.40917,-1.478802,guided_exp
10:30:18.688,2,-3.972895,1.84652,-1.538889,guided_exp
10:30:18.689,1,-4.904571,1.409852,-1.501167,guided_exp
10:30:18.771,2,-3.973195,0.917612,-1.540138,guided_exp
10:30:18.771,1,-4.901897,1.410377,-1.491811,guided_exp
10:30:18.904,2,-3.973153,0.987867,-1.542787,guided_exp
10:30:18.904,1,-4.907958,1.409893,-1.495665,guided_exp
10:30:19.038,2,-3.972054,1.907071,-1.548085,guided_exp
10:30:19.038,1,-4.916698,1.410011,-1.512097,guided_exp
10:30:19.122,2,-3.971471,0.9055,-1.549207,guided_exp
10:30:19.122,1,-4.905828,1.410665,-1.489372,guided_exp
10:30:19.204,2,-3.971191,0.958769,-1.551809,guided_exp
10:30:19.204,1,-4.905505,1.413071,-1.493434,guided_exp
10:30:19.288,2,-3.971307,0.955148,-1.552209,guided_exp
10:30:19.289,1,-4.901971,1.414264,-1.4733,guided_exp
10:30:19.371,2,-3.971201,1.873378,-1.553006,guided_exp
10:30:19.371,1,-4.900734,1.414422,-1.482615,guided_exp
10:30:19.504,2,-3.969721,1.077307,-1.55427,guided_exp
10:30:19.504,1,-4.901624,1.413899,-1.497203,guided_exp
10:30:19.588,2,-3.969832,0.984406,-1.555771,guided_exp
10:30:19.589,1,-4.903366,1.415475,-1.48085,guided_exp
10:30:19.671,2,-3.969549,2.00937,-1.557649,guided_exp
10:30:19.671,1,-4.898297,1.41783,-1.480897,guided_exp
10:30:19.804,2,-3.968284,1.019591,-1.558604,guided_exp
10:30:19.804,1,-4.872727,1.418853,-1.449862,guided_exp
10:30:19.888,2,-3.968046,0.921647,-1.55876,guided_exp
10:30:19.889,1,-4.853809,1.417777,-1.438805,guided_exp
10:30:19.971,2,-3.967124,0.97494,-1.55925,guided_exp
10:30:19.971,1,-4.862378,1.418674,-1.438146,guided_exp
10:30:20.104,2,-3.96285,1.010618,-1.562553,guided_exp
10:30:20.104,1,-4.85078,1.416364,-1.413341,guided_exp
10:30:20.238,2,-3.95402,0.997372,-1.567431,guided_exp
10:30:20.238,1,-4.767443,1.416662,-1.346765,guided_exp
10:30:20.322,2,-3.948527,1.001581,-1.570728,guided_exp
10:30:20.322,1,-4.802909,1.412117,-1.357542,guided_exp
10:30:20.404,2,-3.935567,1.007646,-1.574409,guided_exp
10:30:20.404,1,-4.827973,1.409811,-1.307496,guided_exp
10:30:20.538,2,-3.89979,1.051616,-1.573453,guided_exp
10:30:20.538,1,-4.755508,1.408879,-1.225162,guided_exp
10:30:20.671,2,-3.837825,0.999424,-1.571581,guided_exp
10:30:20.671,1,-4.749132,1.410594,-1.286317,guided_exp
10:30:20.772,2,-3.796313,1.019464,-1.568207,guided_exp
10:30:20.772,1,-4.857563,1.410612,-1.054008,guided_exp
10:30:20.854,2,-3.721094,1.785358,-1.568195,guided_exp
10:30:20.855,1,-4.736423,1.408849,-1.267149,guided_exp
10:30:20.938,2,-3.65427,1.891502,-1.571048,guided_exp
10:30:20.938,1,-4.745173,1.409538,-1.271915,guided_exp
10:30:21.022,2,-3.612865,0.956341,-1.570477,guided_exp
10:30:21.022,1,-4.752879,1.409549,-1.284424,guided_exp
10:30:21.104,2,-3.553946,0.927008,-1.559743,guided_exp
10:30:21.105,1,-4.549085,1.410118,-1.12186,guided_exp
10:30:21.188,2,-3.541021,0.930546,-1.555796,guided_exp
10:30:21.188,1,-4.525485,1.406727,-1.134478,guided_exp
10:30:21.321,2,-3.499298,2.01446,-1.555935,guided_exp
10:30:21.321,1,-4.52309,1.406605,-1.139459,guided_exp
10:30:21.404,2,-3.46935,1.002861,-1.545483,guided_exp
10:30:21.404,1,-4.491384,1.406855,-1.147797,guided_exp
10:30:21.488,2,-3.463361,0.997216,-1.542876,guided_exp
10:30:21.488,1,-4.470403,1.407282,-1.155093,guided_exp
10:30:21.571,2,-3.407803,0.741723,-1.510276,guided_exp
10:30:21.571,1,-4.453945,1.407198,-1.163485,guided_exp
10:30:21.655,2,-3.381005,0.859285,-1.492262,guided_exp
10:30:21.655,1,-4.424089,1.406679,-1.167208,guided_exp
10:30:21.738,2,-3.353499,1.826651,-1.471232,guided_exp
10:30:21.738,1,-4.379862,1.405884,-1.157212,guided_exp
10:30:21.822,2,-3.32459,1.003721,-1.449546,guided_exp
10:30:21.822,1,-4.342318,1.405844,-1.159354,guided_exp
10:30:21.905,2,-3.27481,0.969725,-1.407229,guided_exp
10:30:21.905,1,-4.298916,1.406262,-1.156741,guided_exp
10:30:21.988,2,-3.267002,0.902433,-1.402636,guided_exp
10:30:21.989,1,-4.271603,1.40603,-1.156912,guided_exp
10:30:22.071,2,-3.216645,0.917868,-1.369758,guided_exp
10:30:22.071,1,-4.239288,1.406221,-1.137572,guided_exp
10:30:22.155,2,-3.180838,1.89331,-1.34624,guided_exp
10:30:22.156,1,-4.220306,1.405984,-1.112573,guided_exp
10:30:22.238,2,-3.139455,0.966738,-1.322096,guided_exp
10:30:22.238,1,-4.192593,1.408293,-1.058366,guided_exp
10:30:22.371,2,-3.115588,1.859322,-1.304246,guided_exp
10:30:22.371,1,-4.166611,1.40866,-1.00455,guided_exp
10:30:22.504,2,-3.109828,0.963308,-1.28644,guided_exp
10:30:22.504,1,-4.154328,1.407796,-0.917163,guided_exp
10:30:22.588,2,-3.108981,0.995779,-1.283768,guided_exp
10:30:22.589,1,-4.115691,1.407692,-1.014636,guided_exp
10:30:22.671,2,-3.071669,1.873274,-1.28612,guided_exp
10:30:22.671,1,-4.110664,1.406359,-0.959862,guided_exp
10:30:22.804,2,-2.987797,0.915896,-1.314495,guided_exp
10:30:22.804,1,-4.115502,1.406658,-0.926366,guided_exp
10:30:22.938,2,-2.922331,1.880262,-1.332879,guided_exp
10:30:22.938,1,-4.092193,1.40839,-0.921723,guided_exp
10:30:23.022,2,-2.887623,1.002777,-1.337383,guided_exp
10:30:23.022,1,-4.086494,1.408035,-0.906723,guided_exp
10:30:23.104,2,-2.833716,0.997996,-1.365688,guided_exp
10:30:23.104,1,-4.090867,1.408366,-0.911779,guided_exp
10:30:23.188,2,-2.817674,1.869308,-1.373064,guided_exp
10:30:23.189,1,-4.091448,1.411699,-0.909704,guided_exp
10:30:23.271,2,-2.782341,0.859928,-1.390411,guided_exp
10:30:23.271,1,-4.094708,1.41261,-0.89634,guided_exp
10:30:23.404,2,-2.746568,0.996142,-1.409676,guided_exp
10:30:23.404,1,-4.095635,1.410544,-0.893438,guided_exp
10:30:23.538,2,-2.713795,0.979247,-1.424504,guided_exp
10:30:23.538,1,-4.081144,1.407698,-0.864435,guided_exp
10:30:23.671,2,-2.695621,0.936717,-1.43338,guided_exp
10:30:23.671,1,-4.097099,1.405747,-0.87474,guided_exp
10:30:23.755,2,-2.688988,0.928955,-1.436588,guided_exp
10:30:23.756,1,-4.096538,1.411494,-0.874975,guided_exp
10:30:23.938,2,-2.68156,0.957066,-1.44445,guided_exp
10:30:23.938,1,-4.094808,1.416666,-0.879678,guided_exp
10:30:24.038,2,-2.671085,1.846529,-1.453032,guided_exp
10:30:24.039,1,-4.094894,1.419498,-0.908196,guided_exp
10:30:24.121,2,-2.670316,0.954145,-1.452874,guided_exp
10:30:24.121,1,-4.100593,1.419285,-0.910434,guided_exp
10:30:24.254,2,-2.659367,0.897396,-1.452921,guided_exp
10:30:24.254,1,-4.086629,1.417811,-0.938535,guided_exp
10:30:24.388,2,-2.644974,0.949881,-1.454676,guided_exp
10:30:24.388,1,-4.079684,1.416283,-1.078093,guided_exp
10:30:24.521,2,-2.627483,1.001662,-1.45623,guided_exp
10:30:24.521,1,-4.019973,1.41617,-0.985221,guided_exp
10:30:24.654,2,-2.596423,1.021772,-1.450448,guided_exp
10:30:24.654,1,-4.030442,1.41582,-1.074993,guided_exp
10:30:24.739,2,-2.56582,0.94762,-1.428086,guided_exp
10:30:24.739,1,-4.036111,1.418155,-1.116771,guided_exp
10:30:24.821,2,-2.556547,0.973088,-1.408812,guided_exp
10:30:24.821,1,-4.036218,1.417953,-1.142842,guided_exp
10:30:24.954,2,-2.533635,0.969541,-1.366439,guided_exp
10:30:24.954,1,-4.035925,1.414178,-1.167231,guided_exp
10:30:25.088,2,-2.495531,0.928329,-1.308167,guided_exp
10:30:25.088,1,-4.030061,1.413817,-1.203869,guided_exp
10:30:25.171,2,-2.47438,1.004439,-1.265435,guided_exp
10:30:25.171,1,-4.035785,1.412973,-1.211499,guided_exp
10:30:25.254,2,-2.441752,0.927496,-1.224726,guided_exp
10:30:25.254,1,-4.03881,1.41558,-1.213206,guided_exp
10:30:25.338,2,-2.406079,0.965586,-1.171587,guided_exp
10:30:25.338,1,-4.046614,1.415023,-1.217305,guided_exp
10:30:25.421,2,-2.365646,1.876037,-1.134252,guided_exp
10:30:25.421,1,-4.050764,1.414063,-1.217125,guided_exp
10:30:25.505,2,-2.352541,0.997784,-1.115239,guided_exp
10:30:25.506,1,-4.054072,1.413681,-1.216692,guided_exp
10:30:25.588,2,-2.334548,1.895245,-1.079112,guided_exp
10:30:25.588,1,-4.067465,1.416075,-1.222417,guided_exp
10:30:25.672,2,-2.311971,0.969348,-1.061314,guided_exp
10:30:25.672,1,-4.072363,1.414211,-1.221814,guided_exp
10:30:25.772,2,-2.27549,0.999346,-1.031102,guided_exp
10:30:25.773,1,-4.06809,1.413247,-1.212413,guided_exp
10:30:25.854,2,-2.244343,2.04206,-1.014854,guided_exp
10:30:25.854,1,-4.068187,1.411755,-1.213471,guided_exp
10:30:25.988,2,-2.17461,1.870926,-0.969566,guided_exp
10:30:25.988,1,-4.064133,1.415334,-1.21803,guided_exp
10:30:26.072,2,-2.137815,0.954969,-0.953993,guided_exp
10:30:26.072,1,-4.06514,1.415394,-1.220113,guided_exp
10:30:26.154,2,-2.083919,0.996075,-0.926544,guided_exp
10:30:26.154,1,-4.069866,1.417832,-1.221605,guided_exp
10:30:26.238,2,-2.041161,1.937436,-0.875985,guided_exp
10:30:26.238,1,-4.072008,1.41954,-1.221453,guided_exp
10:30:26.321,2,-2.037124,1.959189,-0.879177,guided_exp
10:30:26.321,1,-4.072564,1.419922,-1.222528,guided_exp
10:30:26.404,2,-2.02013,2.084033,-0.89458,guided_exp
10:30:26.404,1,-4.076251,1.414064,-1.225353,guided_exp
10:30:26.488,2,-1.984453,2.09196,-0.891692,guided_exp
10:30:26.488,1,-4.078711,1.416578,-1.228355,guided_exp
10:30:26.621,2,-1.968409,1.9634,-0.874763,guided_exp
10:30:26.621,1,-4.08031,1.417781,-1.22842,guided_exp
10:30:26.754,2,-1.958049,2.064459,-0.866565,guided_exp
10:30:26.754,1,-4.079719,1.419258,-1.230079,guided_exp
10:30:26.888,2,-1.948981,0.771229,-0.847577,guided_exp
10:30:26.888,1,-4.079041,1.4276,-1.231022,guided_exp
10:30:26.972,2,-1.961555,0.748413,-0.858362,guided_exp
10:30:26.972,1,-4.078486,1.420037,-1.233941,guided_exp
10:30:27.054,2,-1.961102,0.764871,-0.856898,guided_exp
10:30:27.054,1,-4.078691,1.419784,-1.2359,guided_exp
10:30:27.138,2,-1.960587,2.059179,-0.857572,guided_exp
10:30:27.138,1,-4.078318,1.425767,-1.238021,guided_exp
10:30:27.221,2,-1.960058,2.04733,-0.857166,guided_exp
10:30:27.221,1,-4.07785,1.422597,-1.241981,guided_exp
10:30:27.304,2,-1.963706,2.065104,-0.856637,guided_exp
10:30:27.304,1,-4.077093,1.423979,-1.242607,guided_exp
10:30:27.388,2,-1.960487,2.054287,-0.853689,guided_exp
10:30:27.388,1,-4.074029,1.420091,-1.247269,guided_exp
10:30:27.471,2,-1.959609,2.052895,-0.850378,guided_exp
10:30:27.471,1,-4.072779,1.414403,-1.246343,guided_exp
10:30:27.554,2,-1.959233,2.027088,-0.853345,guided_exp
10:30:27.554,1,-4.072649,1.409189,-1.246476,guided_exp
10:30:27.639,2,-1.962588,1.984975,-0.857212,guided_exp
10:30:27.639,1,-4.069351,1.406589,-1.249904,guided_exp
10:30:27.721,2,-1.968799,1.970995,-0.855715,guided_exp
10:30:27.721,1,-4.063509,1.404714,-1.252441,guided_exp
10:30:27.872,2,-1.973439,1.961951,-0.856589,guided_exp
10:30:27.872,1,-4.066006,1.415628,-1.255014,guided_exp
10:30:27.954,2,-1.992083,1.974582,-0.852979,guided_exp
10:30:27.954,1,-4.065731,1.418309,-1.254976,guided_exp
10:30:28.088,2,-1.991934,1.993119,-0.854212,guided_exp
10:30:28.088,1,-4.064278,1.417977,-1.256085,guided_exp
10:30:28.171,2,-1.991794,1.9588,-0.855233,guided_exp
10:30:28.171,1,-4.061889,1.414952,-1.256795,guided_exp
10:30:28.304,2,-1.991769,1.937399,-0.855564,guided_exp
10:30:28.304,1,-4.065452,1.411136,-1.255892,guided_exp
10:30:28.438,2,-1.991352,1.945787,-0.856618,guided_exp
10:30:28.438,1,-4.06631,1.411829,-1.25468,guided_exp
10:30:28.589,2,-1.993805,1.98218,-0.85774,guided_exp
10:30:28.589,1,-4.063724,1.411226,-1.258086,guided_exp
10:30:28.689,2,-1.986642,1.941017,-0.85831,guided_exp
10:30:28.689,1,-4.064184,1.410686,-1.258785,guided_exp
10:30:28.771,2,-1.984975,1.96404,-0.858984,guided_exp
10:30:28.771,1,-4.061619,1.411782,-1.258161,guided_exp
10:30:28.855,2,-1.985159,1.951838,-0.855073,guided_exp
10:30:28.856,1,-4.060842,1.411513,-1.25828,guided_exp
10:30:28.938,2,-1.98847,1.946635,-0.850985,guided_exp
10:30:28.938,1,-4.059102,1.41306,-1.257696,guided_exp
10:30:29.088,2,-1.990193,1.978639,-0.848115,guided_exp
10:30:29.089,1,-4.045755,1.412858,-1.257853,guided_exp
10:30:29.171,2,-1.996775,1.945487,-0.847141,guided_exp
10:30:29.171,1,-4.035901,1.418801,-1.250856,guided_exp
10:30:29.254,2,-1.998797,1.985304,-0.848271,guided_exp
10:30:29.255,1,-4.027687,1.422068,-1.238335,guided_exp
10:30:29.338,2,-1.995112,2.018601,-0.848874,guided_exp
10:30:29.338,1,-4.04026,1.424873,-1.204992,guided_exp
10:30:29.421,2,-1.996152,1.948115,-0.851339,guided_exp
10:30:29.421,1,-4.018122,1.422818,-1.157225,guided_exp
10:30:29.504,2,-1.981801,1.969478,-0.854319,guided_exp
10:30:29.504,1,-4.015107,1.424669,-1.140189,guided_exp
10:30:29.588,2,-1.981753,1.933695,-0.854525,guided_exp
10:30:29.588,1,-4.011932,1.426552,-1.131026,guided_exp
10:30:29.671,2,-1.981796,2.032937,-0.855833,guided_exp
10:30:29.671,1,-4.001282,1.427532,-1.06746,guided_exp
10:30:29.754,2,-1.999517,2.032556,-0.847724,guided_exp
10:30:29.755,1,-3.996307,1.429213,-1.008644,guided_exp
10:30:29.838,2,-2.008038,1.97749,-0.840783,guided_exp
10:30:29.838,1,-3.997978,1.43164,-0.927699,guided_exp
10:30:29.922,2,-1.994082,1.965159,-0.851762,guided_exp
10:30:29.923,1,-3.999321,1.432569,-0.885944,guided_exp
10:30:30.004,2,-1.985823,1.942155,-0.851387,guided_exp
10:30:30.004,1,-4.004823,1.4339,-0.826252,guided_exp
10:30:30.089,2,-1.985797,1.905207,-0.851413,guided_exp
10:30:30.089,1,-3.975404,1.434163,-0.920019,guided_exp
10:30:30.171,2,-1.999257,1.944266,-0.84432,guided_exp
10:30:30.171,1,-3.980581,1.433628,-0.895641,guided_exp
10:30:30.304,2,-1.986191,1.955969,-0.842811,guided_exp
10:30:30.304,1,-3.95821,1.43358,-0.844108,guided_exp
10:30:30.438,2,-1.986889,1.92325,-0.84609,guided_exp
10:30:30.438,1,-3.956618,1.433341,-0.830052,guided_exp
10:30:30.521,2,-1.989769,1.976404,-0.845397,guided_exp
10:30:30.521,1,-3.961385,1.433089,-0.822383,guided_exp
10:30:30.771,2,-1.99823,1.962511,-0.843825,guided_exp
10:30:30.772,1,-3.950463,1.432633,-0.817255,guided_exp
10:30:30.871,2,-2.006854,1.963988,-0.866445,guided_exp
10:30:30.871,1,-3.994858,1.432329,-0.754236,guided_exp
10:30:30.954,2,-2.00795,1.964754,-0.872477,guided_exp
10:30:30.955,1,-3.954903,1.431625,-0.805379,guided_exp
10:30:31.038,2,-1.996829,2.028223,-0.88878,guided_exp
10:30:31.038,1,-4.001275,1.431329,-0.766643,guided_exp
10:30:31.171,2,-2.031921,1.994786,-0.909169,guided_exp
10:30:31.171,1,-3.995998,1.431376,-0.749366,guided_exp
10:30:31.254,2,-2.035599,1.977304,-0.889737,guided_exp
10:30:31.255,1,-3.986315,1.431301,-0.737514,guided_exp
10:30:31.338,2,-2.05498,1.957709,-0.920255,guided_exp
10:30:31.338,1,-3.98833,1.430603,-0.712447,guided_exp
10:30:31.422,2,-2.08852,2.007462,-0.971913,guided_exp
10:30:31.422,1,-3.990831,1.429218,-0.759135,guided_exp
10:30:31.504,2,-2.152312,1.954638,-1.018964,guided_exp
10:30:31.505,1,-3.990408,1.428121,-0.750547,guided_exp
10:30:31.589,2,-2.18942,1.992303,-1.066502,guided_exp
10:30:31.589,1,-3.963181,1.428054,-0.80366,guided_exp
10:30:31.689,2,-2.227177,1.972335,-1.110198,guided_exp
10:30:31.689,1,-3.953164,1.428094,-0.67036,guided_exp
10:30:31.771,2,-2.261951,1.975357,-1.156893,guided_exp
10:30:31.771,1,-3.907958,1.427813,-0.759478,guided_exp
10:30:31.904,2,-2.284465,1.974166,-1.219177,guided_exp
10:30:31.905,1,-3.885086,1.427758,-0.827197,guided_exp
10:30:31.989,2,-2.299864,1.264615,-1.258541,guided_exp
10:30:31.989,1,-3.865238,1.427608,-0.86084,guided_exp
10:30:32.071,2,-2.322268,1.259351,-1.319856,guided_exp
10:30:32.071,1,-3.834529,1.428085,-0.933497,guided_exp
10:30:32.204,2,-2.335338,1.293619,-1.396615,guided_exp
10:30:32.205,1,-3.810664,1.428351,-1.019486,guided_exp
10:30:32.289,2,-2.331508,1.337195,-1.463503,guided_exp
10:30:32.289,1,-3.806338,1.428507,-1.044027,guided_exp
10:30:32.389,2,-2.325415,1.339932,-1.563602,guided_exp
10:30:32.389,1,-3.798514,1.42856,-1.093395,guided_exp
10:30:32.471,2,-2.323193,1.757076,-1.641814,guided_exp
10:30:32.471,1,-3.791186,1.429231,-1.114079,guided_exp
10:30:32.555,2,-2.32395,1.951127,-1.698356,guided_exp
10:30:32.556,1,-3.78963,1.429449,-1.12935,guided_exp
10:30:32.638,2,-2.317209,1.743857,-1.750075,guided_exp
10:30:32.638,1,-3.78676,1.429717,-1.146017,guided_exp
10:30:32.721,2,-2.32446,1.80541,-1.779646,guided_exp
10:30:32.722,1,-3.788122,1.430104,-1.157192,guided_exp
10:30:32.804,2,-2.337182,1.823064,-1.808248,guided_exp
10:30:32.805,1,-3.786967,1.43024,-1.164275,guided_exp
10:30:32.888,2,-2.343055,1.807303,-1.827817,guided_exp
10:30:32.888,1,-3.786987,1.42985,-1.17317,guided_exp
10:30:32.971,2,-2.353103,1.829946,-1.853485,guided_exp
10:30:32.971,1,-3.788189,1.430749,-1.178965,guided_exp
10:30:33.054,2,-2.356831,1.980546,-1.860135,guided_exp
10:30:33.055,1,-3.788131,1.430621,-1.18245,guided_exp
10:30:33.188,2,-2.370443,1.991523,-1.875535,guided_exp
10:30:33.188,1,-3.790334,1.431375,-1.191791,guided_exp
10:30:33.271,2,-2.383238,2.000763,-1.886458,guided_exp
10:30:33.271,1,-3.792727,1.432004,-1.195524,guided_exp
10:30:33.354,2,-2.392715,2.002637,-1.892156,guided_exp
10:30:33.355,1,-3.796248,1.432175,-1.199157,guided_exp
10:30:33.438,2,-2.419763,2.009925,-1.905185,guided_exp
10:30:33.438,1,-3.799966,1.432112,-1.203852,guided_exp
10:30:33.521,2,-2.426349,1.974171,-1.907264,guided_exp
10:30:33.521,1,-3.80038,1.432263,-1.204458,guided_exp
10:30:33.604,2,-2.448886,1.989254,-1.915917,guided_exp
10:30:33.605,1,-3.803692,1.432134,-1.203203,guided_exp
10:30:33.689,2,-2.469397,1.982396,-1.920128,guided_exp
10:30:33.689,1,-3.804654,1.432272,-1.204057,guided_exp
10:30:33.771,2,-2.483817,1.961079,-1.921807,guided_exp
10:30:33.771,1,-3.808741,1.432198,-1.203705,guided_exp
10:30:33.921,2,-2.501121,1.975448,-1.921515,guided_exp
10:30:33.922,1,-3.808908,1.431865,-1.200514,guided_exp
10:30:34.004,2,-2.513403,1.96585,-1.921123,guided_exp
10:30:34.005,1,-3.811899,1.431803,-1.201271,guided_exp
10:30:34.088,2,-2.519747,1.953999,-1.919672,guided_exp
10:30:34.088,1,-3.81391,1.431893,-1.199488,guided_exp
10:30:34.171,2,-2.525771,1.979423,-1.920222,guided_exp
10:30:34.171,1,-3.811816,1.431973,-1.19529,guided_exp
10:30:34.255,2,-2.527961,1.977523,-1.921178,guided_exp
10:30:34.255,1,-3.811891,1.431747,-1.194101,guided_exp
10:30:34.338,2,-2.526478,1.975245,-1.92028,guided_exp
10:30:34.338,1,-3.808931,1.431568,-1.189256,guided_exp
10:30:34.421,2,-2.52417,1.95962,-1.919829,guided_exp
10:30:34.422,1,-3.808225,1.431832,-1.189,guided_exp
10:30:34.504,2,-2.519327,1.957432,-1.920476,guided_exp
10:30:34.505,1,-3.805887,1.432083,-1.189174,guided_exp
10:30:34.589,2,-2.517048,1.957863,-1.922611,guided_exp
10:30:34.589,1,-3.804557,1.432233,-1.188804,guided_exp
10:30:34.688,2,-2.512815,1.987253,-1.923507,guided_exp
10:30:34.688,1,-3.803809,1.432634,-1.187916,guided_exp
10:30:34.771,2,-2.509877,1.973181,-1.926138,guided_exp
10:30:34.771,1,-3.803416,1.432086,-1.187354,guided_exp
10:30:34.855,2,-2.504629,1.973117,-1.928484,guided_exp
10:30:34.855,1,-3.801921,1.432015,-1.187077,guided_exp
10:30:34.938,2,-2.499911,1.943465,-1.932434,guided_exp
10:30:34.938,1,-3.800746,1.431884,-1.184421,guided_exp
10:30:35.021,2,-2.498965,1.972053,-1.93372,guided_exp
10:30:35.021,1,-3.799356,1.4318,-1.184802,guided_exp
10:30:35.104,2,-2.494673,1.972497,-1.939816,guided_exp
10:30:35.105,1,-3.796547,1.431279,-1.181106,guided_exp
10:30:35.188,2,-2.493291,1.970921,-1.942798,guided_exp
10:30:35.189,1,-3.795739,1.431236,-1.177802,guided_exp
10:30:35.289,2,-2.489193,1.969885,-1.946121,guided_exp
10:30:35.289,1,-3.792415,1.431074,-1.175175,guided_exp
10:30:35.389,2,-2.488071,1.97865,-1.948089,guided_exp
10:30:35.389,1,-3.790327,1.431101,-1.176266,guided_exp
10:30:35.488,2,-2.487585,1.979525,-1.948543,guided_exp
10:30:35.488,1,-3.78973,1.431116,-1.177162,guided_exp
10:30:35.571,2,-2.483843,1.97753,-1.948993,guided_exp
10:30:35.571,1,-3.787894,1.431022,-1.176966,guided_exp
10:30:35.704,2,-2.482263,1.971156,-1.94798,guided_exp
10:30:35.705,1,-3.787634,1.430826,-1.178584,guided_exp
10:30:35.788,2,-2.482573,1.956672,-1.947665,guided_exp
10:30:35.788,1,-3.786124,1.430945,-1.178082,guided_exp
10:30:35.871,2,-2.482234,1.954439,-1.946946,guided_exp
10:30:35.872,1,-3.785038,1.430894,-1.183101,guided_exp
10:30:35.954,2,-2.482003,1.968472,-1.946442,guided_exp
10:30:35.955,1,-3.781613,1.431287,-1.185996,guided_exp
10:30:36.088,2,-2.481828,1.959962,-1.943402,guided_exp
10:30:36.088,1,-3.769721,1.430924,-1.197395,guided_exp
10:30:36.221,2,-2.469958,1.963789,-1.938553,guided_exp
10:30:36.221,1,-3.769369,1.431146,-1.213361,guided_exp
10:30:36.354,2,-2.46626,1.963709,-1.938799,guided_exp
10:30:36.355,1,-3.771916,1.43118,-1.222196,guided_exp
10:30:36.439,2,-2.464188,1.973088,-1.939014,guided_exp
10:30:36.439,1,-3.773384,1.431137,-1.230785,guided_exp
10:30:36.521,2,-2.463497,1.953463,-1.940562,guided_exp
10:30:36.521,1,-3.779629,1.431413,-1.245349,guided_exp
10:30:36.605,2,-2.441477,1.947981,-1.946922,guided_exp
10:30:36.606,1,-3.812133,1.431816,-1.279175,guided_exp
10:30:36.688,2,-2.427609,1.958626,-1.951573,guided_exp
10:30:36.688,1,-3.828861,1.431347,-1.292512,guided_exp
10:30:36.772,2,-2.396417,1.949859,-1.960287,guided_exp
10:30:36.772,1,-3.851781,1.431562,-1.321989,guided_exp
10:30:36.854,2,-2.371764,1.980721,-1.965635,guided_exp
10:30:36.855,1,-3.880769,1.431558,-1.362225,guided_exp
10:30:36.938,2,-2.341146,1.972499,-1.975065,guided_exp
10:30:36.938,1,-3.900378,1.431591,-1.380911,guided_exp
10:30:37.022,2,-2.273997,1.948151,-1.992466,guided_exp
10:30:37.022,1,-3.934829,1.431501,-1.414102,guided_exp
10:30:37.105,2,-2.192088,1.937863,-2.019118,guided_exp
10:30:37.105,1,-3.960959,1.43189,-1.448341,guided_exp
10:30:37.188,2,-2.145797,1.943157,-2.033193,guided_exp
10:30:37.188,1,-3.967351,1.431811,-1.464166,guided_exp
10:30:37.272,2,-2.087991,1.982096,-2.054975,guided_exp
10:30:37.272,1,-3.979825,1.432187,-1.49083,guided_exp
10:30:37.354,2,-2.047074,1.978152,-2.072673,guided_exp
10:30:37.355,1,-3.985057,1.432337,-1.507964,guided_exp
10:30:37.438,2,-1.98591,1.972036,-2.096407,guided_exp
10:30:37.438,1,-3.987722,1.433271,-1.526407,guided_exp
10:30:37.521,2,-1.952905,1.952442,-2.101472,guided_exp
10:30:37.521,1,-3.986568,1.43324,-1.543579,guided_exp
10:30:37.604,2,-1.9159,1.980476,-2.102635,guided_exp
10:30:37.605,1,-3.976238,1.433819,-1.57344,guided_exp
10:30:37.688,2,-1.892091,1.98466,-2.103617,guided_exp
10:30:37.688,1,-3.958171,1.433706,-1.602462,guided_exp
10:30:37.771,2,-1.852039,1.956926,-2.096685,guided_exp
10:30:37.771,1,-3.954537,1.433072,-1.630781,guided_exp
10:30:37.854,2,-1.830078,1.953028,-2.089784,guided_exp
10:30:37.855,1,-3.948805,1.431332,-1.651938,guided_exp
10:30:37.938,2,-1.803278,1.968431,-2.079813,guided_exp
10:30:37.938,1,-3.910734,1.42934,-1.691807,guided_exp
10:30:38.071,2,-1.756946,1.952746,-2.053056,guided_exp
10:30:38.071,1,-3.857659,1.428259,-1.775127,guided_exp
10:30:38.204,2,-1.693694,1.963484,-2.020494,guided_exp
10:30:38.205,1,-3.807981,1.427482,-1.836579,guided_exp
10:30:38.338,2,-1.649657,1.976622,-1.992223,guided_exp
10:30:38.338,1,-3.724462,1.424878,-1.878993,guided_exp
10:30:38.471,2,-1.61802,1.965357,-1.97364,guided_exp
10:30:38.471,1,-3.702951,1.421778,-1.914501,guided_exp
10:30:38.555,2,-1.596233,1.971069,-1.968418,guided_exp
10:30:38.556,1,-3.696209,1.412836,-1.92596,guided_exp
10:30:38.638,2,-1.560296,1.92925,-1.961005,guided_exp
10:30:38.638,1,-3.689546,1.408527,-1.937284,guided_exp
10:30:38.722,2,-1.527132,2.002577,-1.964534,guided_exp
10:30:38.722,1,-3.683598,1.408996,-1.946199,guided_exp
10:30:38.804,2,-1.489275,1.956479,-1.969592,guided_exp
10:30:38.805,1,-3.676881,1.412155,-1.955959,guided_exp
10:30:38.888,2,-1.461159,1.934158,-1.975598,guided_exp
10:30:38.889,1,-3.671673,1.418712,-1.961704,guided_exp
10:30:38.971,2,-1.416169,1.955657,-1.988905,guided_exp
10:30:38.971,1,-3.667475,1.414909,-1.963697,guided_exp
10:30:39.055,2,-1.391162,1.980044,-1.995539,guided_exp
10:30:39.056,1,-3.666174,1.414491,-1.96485,guided_exp
10:30:39.138,2,-1.358068,1.988871,-2.005817,guided_exp
10:30:39.138,1,-3.661591,1.412051,-1.969758,guided_exp
10:30:39.221,2,-1.34561,1.961835,-2.014749,guided_exp
10:30:39.221,1,-3.660364,1.415202,-1.970206,guided_exp
10:30:39.305,2,-1.311602,1.946489,-2.024676,guided_exp
10:30:39.305,1,-3.656652,1.415224,-1.97147,guided_exp
10:30:39.389,2,-1.306849,1.966979,-2.028116,guided_exp
10:30:39.389,1,-3.6541,1.414529,-1.973266,guided_exp
10:30:39.489,2,-1.28845,1.970568,-2.037149,guided_exp
10:30:39.489,1,-3.651051,1.418027,-1.975402,guided_exp
10:30:39.571,2,-1.277663,1.954179,-2.042609,guided_exp
10:30:39.571,1,-3.647887,1.42177,-1.976331,guided_exp
10:30:39.655,2,-1.267619,1.981986,-2.04651,guided_exp
10:30:39.655,1,-3.646988,1.42303,-1.976246,guided_exp
10:30:39.738,2,-1.264801,1.959832,-2.048496,guided_exp
10:30:39.738,1,-3.644539,1.423126,-1.976281,guided_exp
10:30:39.871,2,-1.262132,1.951026,-2.049973,guided_exp
10:30:39.871,1,-3.643711,1.423555,-1.975722,guided_exp
10:30:40.004,2,-1.255885,1.978886,-2.053055,guided_exp
10:30:40.005,1,-3.642961,1.421853,-1.975214,guided_exp
10:30:40.138,2,-1.248711,1.983028,-2.055914,guided_exp
10:30:40.138,1,-3.643068,1.421561,-1.976233,guided_exp
10:30:40.271,2,-1.24564,1.989461,-2.058923,guided_exp
10:30:40.271,1,-3.642756,1.421444,-1.975398,guided_exp
10:30:40.422,2,-1.244652,1.970929,-2.059816,guided_exp
10:30:40.422,1,-3.641805,1.421451,-1.974174,guided_exp
10:30:40.505,2,-1.243185,1.986669,-2.059984,guided_exp
10:30:40.505,1,-3.641268,1.420942,-1.973581,guided_exp
10:30:40.589,2,-1.243343,1.946537,-2.059483,guided_exp
10:30:40.589,1,-3.641438,1.421259,-1.974615,guided_exp
10:30:40.671,2,-1.241201,1.971973,-2.06137,guided_exp
10:30:40.671,1,-3.640374,1.421741,-1.974979,guided_exp
10:30:40.755,2,-1.24146,1.972958,-2.060747,guided_exp
10:30:40.756,1,-3.637172,1.422741,-1.976005,guided_exp
10:30:40.838,2,-1.242862,1.984444,-2.060625,guided_exp
10:30:40.838,1,-3.634735,1.425178,-1.973526,guided_exp
10:30:40.988,2,-1.242379,1.988807,-2.060594,guided_exp
10:30:40.989,1,-3.629051,1.424945,-1.979129,guided_exp
10:30:41.071,2,-1.240972,1.960005,-2.06165,guided_exp
10:30:41.071,1,-3.621061,1.425533,-1.979584,guided_exp
10:30:41.155,2,-1.240875,1.964221,-2.062197,guided_exp
10:30:41.155,1,-3.614486,1.425663,-1.979025,guided_exp
10:30:41.238,2,-1.240964,1.97321,-2.062785,guided_exp
10:30:41.238,1,-3.606822,1.42544,-1.98015,guided_exp
10:30:41.322,2,-1.241383,1.958573,-2.063037,guided_exp
10:30:41.323,1,-3.606154,1.425436,-1.977403,guided_exp
10:30:41.404,2,-1.242623,1.969871,-2.065,guided_exp
10:30:41.405,1,-3.59541,1.425671,-1.965735,guided_exp
10:30:41.488,2,-1.242702,1.960358,-2.065962,guided_exp
10:30:41.489,1,-3.586223,1.424988,-1.959234,guided_exp
10:30:41.571,2,-1.243355,1.966931,-2.070023,guided_exp
10:30:41.571,1,-3.562584,1.424432,-1.943019,guided_exp
10:30:41.655,2,-1.243754,1.979756,-2.070253,guided_exp
10:30:41.655,1,-3.53993,1.424368,-1.928485,guided_exp
10:30:41.738,2,-1.243957,1.977907,-2.071122,guided_exp
10:30:41.738,1,-3.506735,1.424009,-1.908084,guided_exp
10:30:41.889,2,-1.243869,1.9737,-2.071423,guided_exp
10:30:41.889,1,-3.452237,1.424569,-1.870654,guided_exp
10:30:41.971,2,-1.24438,1.984385,-2.072228,guided_exp
10:30:41.971,1,-3.404331,1.429783,-1.843969,guided_exp
10:30:42.056,2,-1.244127,2.004727,-2.072523,guided_exp
10:30:42.056,1,-3.397117,1.431591,-1.837163,guided_exp
10:30:42.138,2,-1.245697,1.982551,-2.071257,guided_exp
10:30:42.138,1,-3.361302,1.430669,-1.809185,guided_exp
10:30:42.222,2,-1.24659,1.9824,-2.071464,guided_exp
10:30:42.223,1,-3.333032,1.424047,-1.791732,guided_exp
10:30:42.304,2,-1.2489,1.998877,-2.070428,guided_exp
10:30:42.305,1,-3.312929,1.412635,-1.786327,guided_exp
10:30:42.389,2,-1.248969,1.995389,-2.070746,guided_exp
10:30:42.389,1,-3.298361,1.410696,-1.784252,guided_exp
10:30:42.471,2,-1.248212,1.929098,-2.071443,guided_exp
10:30:42.471,1,-3.248857,1.407982,-1.774547,guided_exp
10:30:42.604,2,-1.248277,1.998305,-2.071847,guided_exp
10:30:42.605,1,-3.309762,1.411927,-1.754568,guided_exp
10:30:42.738,2,-1.247353,1.996966,-2.07341,guided_exp
10:30:42.738,1,-3.275617,1.412041,-1.759198,guided_exp
10:30:42.821,2,-1.247951,1.987358,-2.074856,guided_exp
10:30:42.821,1,-3.258632,1.404545,-1.761726,guided_exp
10:30:42.905,2,-1.247937,1.441944,-2.074683,guided_exp
10:30:42.905,1,-3.199257,1.396971,-1.776258,guided_exp
10:30:42.988,2,-1.248006,1.458161,-2.075038,guided_exp
10:30:42.988,1,-3.181549,1.390231,-1.78436,guided_exp
10:30:43.072,2,-1.247019,1.478077,-2.076468,guided_exp
10:30:43.072,1,-3.046556,1.385434,-1.847478,guided_exp
10:30:43.155,2,-1.246326,1.460653,-2.076623,guided_exp
10:30:43.155,1,-3.002426,1.385383,-1.862374,guided_exp
10:30:43.288,2,-1.247037,1.461108,-2.078022,guided_exp
10:30:43.288,1,-2.936711,1.382102,-1.885682,guided_exp
10:30:43.372,2,-1.247349,1.45931,-2.078327,guided_exp
10:30:43.373,1,-2.917942,1.373812,-1.894758,guided_exp
10:30:43.472,2,-1.248746,1.458975,-2.078054,guided_exp
10:30:43.472,1,-2.886511,1.365866,-1.903413,guided_exp
10:30:43.555,2,-1.248343,1.465266,-2.079376,guided_exp
10:30:43.555,1,-2.864685,1.370358,-1.891494,guided_exp
10:30:43.639,2,-1.248519,1.463696,-2.079944,guided_exp
10:30:43.639,1,-2.857415,1.384481,-1.920879,guided_exp
10:30:43.721,2,-1.249827,1.468933,-2.08124,guided_exp
10:30:43.721,1,-2.803899,1.384474,-1.91981,guided_exp
10:30:43.855,2,-1.247831,1.470094,-2.079826,guided_exp
10:30:43.855,1,-2.78415,1.394163,-1.879132,guided_exp
10:30:43.988,2,-1.248201,1.465003,-2.078766,guided_exp
10:30:43.988,1,-2.7618,1.390142,-1.855982,guided_exp
10:30:44.072,2,-1.247957,1.466274,-2.078707,guided_exp
10:30:44.073,1,-2.742741,1.40146,-1.885358,guided_exp
10:30:44.155,2,-1.245412,1.457223,-2.081747,guided_exp
10:30:44.155,1,-2.717667,1.395494,-1.876274,guided_exp
10:30:44.288,2,-1.245994,1.431449,-2.080862,guided_exp
10:30:44.288,1,-2.705254,1.3955,-1.831217,guided_exp
10:30:44.372,2,-1.244771,1.370078,-2.080612,guided_exp
10:30:44.372,1,-2.699959,1.394538,-1.775629,guided_exp
10:30:44.455,2,-1.243313,1.290709,-2.081037,guided_exp
10:30:44.455,1,-2.683788,1.399003,-1.760217,guided_exp
10:30:44.538,2,-1.243821,1.264805,-2.080461,guided_exp
10:30:44.538,1,-2.665466,1.394955,-1.738097,guided_exp
10:30:44.621,2,-1.241839,1.186822,-2.079994,guided_exp
10:30:44.621,1,-2.639014,1.402331,-1.718133,guided_exp
10:30:44.705,2,-1.241976,1.20386,-2.080064,guided_exp
10:30:44.705,1,-2.611351,1.40323,-1.697159,guided_exp
10:30:44.788,2,-1.242017,1.201468,-2.079539,guided_exp
10:30:44.788,1,-2.601612,1.401795,-1.688436,guided_exp
10:30:44.871,2,-1.242015,1.204464,-2.079124,guided_exp
10:30:44.871,1,-2.512995,1.403533,-1.679189,guided_exp
10:30:44.955,2,-1.242203,1.204841,-2.079228,guided_exp
10:30:44.955,1,-2.509803,1.406745,-1.638605,guided_exp
10:30:45.088,2,-1.243457,1.196143,-2.078961,guided_exp
10:30:45.088,1,-2.497877,1.40617,-1.588139,guided_exp
10:30:45.171,2,-1.242549,1.195997,-2.078392,guided_exp
10:30:45.171,1,-2.429288,1.408415,-1.628977,guided_exp
10:30:45.305,2,-1.242814,1.2003,-2.079318,guided_exp
10:30:45.305,1,-2.422286,1.404771,-1.653749,guided_exp
10:30:45.389,2,-1.243405,1.188083,-2.079584,guided_exp
10:30:45.389,1,-2.380449,1.404485,-1.747995,guided_exp
10:30:45.471,2,-1.244114,1.188529,-2.079381,guided_exp
10:30:45.471,1,-2.364392,1.405812,-1.74788,guided_exp
10:30:45.605,2,-1.243947,1.194161,-2.07785,guided_exp
10:30:45.605,1,-2.332442,1.404892,-1.764974,guided_exp
10:30:45.738,2,-1.241977,1.201456,-2.078379,guided_exp
10:30:45.738,1,-2.318149,1.405464,-1.788793,guided_exp
10:30:45.871,2,-1.242522,1.204035,-2.078833,guided_exp
10:30:45.871,1,-2.309469,1.402989,-1.800028,guided_exp
10:30:46.005,2,-1.243597,1.205615,-2.078499,guided_exp
10:30:46.005,1,-2.306216,1.402614,-1.80433,guided_exp
10:30:46.089,2,-1.243896,1.231808,-2.078877,guided_exp
10:30:46.089,1,-2.306575,1.397618,-1.805486,guided_exp
10:30:46.171,2,-1.243542,1.34542,-2.078874,guided_exp
10:30:46.171,1,-2.307477,1.398753,-1.805939,guided_exp
10:30:46.305,2,-1.243711,1.401839,-2.079365,guided_exp
10:30:46.305,1,-2.308031,1.392133,-1.805107,guided_exp
10:30:46.388,2,-1.242503,1.426196,-2.079766,guided_exp
10:30:46.389,1,-2.307964,1.390866,-1.804865,guided_exp
10:30:46.471,2,-1.244193,1.431733,-2.079976,guided_exp
10:30:46.471,1,-2.307646,1.387238,-1.806472,guided_exp
10:30:46.555,2,-1.244084,1.451024,-2.080101,guided_exp
10:30:46.555,1,-2.308828,1.376692,-1.805827,guided_exp
10:30:46.638,2,-1.243262,1.461654,-2.080342,guided_exp
10:30:46.638,1,-2.310132,1.370163,-1.806111,guided_exp
10:30:46.721,2,-1.243837,1.464946,-2.07983,guided_exp
10:30:46.721,1,-2.31225,1.379366,-1.806101,guided_exp
10:30:46.805,2,-1.243699,1.463928,-2.080108,guided_exp
10:30:46.805,1,-2.321249,1.387315,-1.811833,guided_exp
10:30:46.888,2,-1.243698,1.465208,-2.080359,guided_exp
10:30:46.888,1,-2.329681,1.382104,-1.812178,guided_exp
10:30:46.972,2,-1.243987,1.465552,-2.080165,guided_exp
10:30:46.972,1,-2.364723,1.381092,-1.81063,guided_exp
10:30:47.055,2,-1.24337,1.46509,-2.080874,guided_exp
10:30:47.055,1,-2.38878,1.385532,-1.808864,guided_exp
10:30:47.188,2,-1.245463,1.46498,-2.080871,guided_exp
10:30:47.188,1,-2.444708,1.384406,-1.80869,guided_exp
10:30:47.321,2,-1.244266,1.467359,-2.081418,guided_exp
10:30:47.321,1,-2.544994,1.38652,-1.804756,guided_exp
10:30:47.405,2,-1.244214,1.465516,-2.081595,guided_exp
10:30:47.405,1,-2.645361,1.37964,-1.793955,guided_exp
10:30:47.488,2,-1.244294,1.465474,-2.081472,guided_exp
10:30:47.489,1,-2.699852,1.361589,-1.784129,guided_exp
10:30:47.571,2,-1.245425,1.466911,-2.081264,guided_exp
10:30:47.571,1,-2.770954,1.349589,-1.769986,guided_exp
10:30:47.655,2,-1.244276,1.466244,-2.081003,guided_exp
10:30:47.656,1,-2.813109,1.353549,-1.763151,guided_exp
10:30:47.738,2,-1.243492,1.468134,-2.081194,guided_exp
10:30:47.738,1,-2.899691,1.359665,-1.745367,guided_exp
10:30:47.871,2,-1.245235,1.470638,-2.084116,guided_exp
10:30:47.871,1,-3.015528,1.35917,-1.701253,guided_exp
10:30:48.005,2,-1.244866,1.471669,-2.082355,guided_exp
10:30:48.005,1,-3.110803,1.3434,-1.616311,guided_exp
10:30:48.089,2,-1.245564,1.473011,-2.081917,guided_exp
10:30:48.089,1,-3.148161,1.334142,-1.495858,guided_exp
10:30:48.171,2,-1.245129,1.469082,-2.080541,guided_exp
10:30:48.171,1,-3.25948,1.341474,-1.514135,guided_exp
10:30:48.305,2,-1.245234,1.468767,-2.07822,guided_exp
10:30:48.305,1,-3.353605,1.338969,-1.470825,guided_exp
10:30:48.389,2,-1.245066,1.468996,-2.078279,guided_exp
10:30:48.389,1,-3.39836,1.338662,-1.393975,guided_exp
10:30:48.471,2,-1.24535,1.469485,-2.078265,guided_exp
10:30:48.471,1,-3.458475,1.276251,-1.319835,guided_exp
10:30:48.605,2,-1.245656,1.468658,-2.078713,guided_exp
10:30:48.605,1,-3.606154,1.27718,-1.321398,guided_exp
10:30:48.689,2,-1.246066,1.468873,-2.078865,guided_exp
10:30:48.689,1,-3.660731,1.277646,-1.295233,guided_exp
10:30:48.771,2,-1.247193,1.468577,-2.079146,guided_exp
10:30:48.771,1,-3.772238,1.276419,-1.248784,guided_exp
10:30:48.905,2,-1.247876,1.470088,-2.080011,guided_exp
10:30:48.905,1,-3.909347,1.268238,-1.215501,guided_exp
10:30:49.038,2,-1.248845,1.469016,-2.080387,guided_exp
10:30:49.038,1,-4.007707,1.271891,-1.168584,guided_exp
10:30:49.171,2,-1.250459,1.463716,-2.08129,guided_exp
10:30:49.171,1,-4.097638,1.273939,-1.116321,guided_exp
10:30:49.255,2,-1.250566,1.466401,-2.0817,guided_exp
10:30:49.256,1,-4.126481,1.264633,-1.081012,guided_exp
10:30:49.338,2,-1.248983,1.467251,-2.082598,guided_exp
10:30:49.338,1,-4.179705,1.247895,-1.027952,guided_exp
10:30:49.421,2,-1.249564,1.466767,-2.08291,guided_exp
10:30:49.421,1,-4.208853,1.249813,-0.996477,guided_exp
10:30:49.555,2,-1.24959,1.469331,-2.082771,guided_exp
10:30:49.555,1,-4.27562,1.243693,-0.916433,guided_exp
10:30:49.639,2,-1.250281,1.467506,-2.084905,guided_exp
10:30:49.639,1,-4.317738,1.240746,-0.868102,guided_exp
10:30:49.721,2,-1.250375,1.466686,-2.084905,guided_exp
10:30:49.721,1,-4.347521,1.242543,-0.830896,guided_exp
10:30:49.805,2,-1.248218,1.468388,-2.085002,guided_exp
10:30:49.805,1,-4.399182,1.240566,-0.794312,guided_exp
10:30:49.905,2,-1.248405,1.46801,-2.084951,guided_exp
10:30:49.905,1,-4.410606,1.239153,-0.774027,guided_exp
10:30:50.005,2,-1.248747,1.468395,-2.084913,guided_exp
10:30:50.005,1,-4.44047,1.239353,-0.733715,guided_exp
10:30:50.089,2,-1.248687,1.467657,-2.084654,guided_exp
10:30:50.089,1,-4.473162,1.239494,-0.698224,guided_exp
10:30:50.171,2,-1.248904,1.46578,-2.084252,guided_exp
10:30:50.171,1,-4.526989,1.240887,-0.661822,guided_exp
10:30:50.255,2,-1.248421,1.466845,-2.084266,guided_exp
10:30:50.255,1,-4.552146,1.239157,-0.627146,guided_exp
10:30:50.338,2,-1.248524,1.467676,-2.084512,guided_exp
10:30:50.338,1,-4.600292,1.237599,-0.596331,guided_exp
10:30:50.471,2,-1.247853,1.467469,-2.084981,guided_exp
10:30:50.471,1,-4.678933,1.231478,-0.534871,guided_exp
10:30:50.556,2,-1.247539,1.467204,-2.084933,guided_exp
10:30:50.556,1,-4.679654,1.230383,-0.557262,guided_exp
10:30:50.638,2,-1.24766,1.465201,-2.083779,guided_exp
10:30:50.638,1,-4.686252,1.225302,-0.546922,guided_exp
10:30:50.721,2,-1.248476,1.464863,-2.08404,guided_exp
10:30:50.721,1,-4.68788,1.224774,-0.53722,guided_exp
10:30:50.805,2,-1.248404,1.463396,-2.083995,guided_exp
10:30:50.805,1,-4.719225,1.222595,-0.541856,guided_exp
10:30:50.888,2,-1.24916,1.448865,-2.09133,guided_exp
10:30:50.889,1,-4.714874,1.222808,-0.514783,guided_exp
10:30:50.971,2,-1.248675,1.440423,-2.087595,guided_exp
10:30:50.972,1,-4.698116,1.234011,-0.53226,guided_exp
10:30:51.055,2,-1.247541,1.451194,-2.087171,guided_exp
10:30:51.055,1,-4.692743,1.234552,-0.551575,guided_exp
10:30:51.138,2,-1.247661,1.447674,-2.086929,guided_exp
10:30:51.138,1,-4.70202,1.237269,-0.555904,guided_exp
10:30:51.222,2,-1.247064,1.437129,-2.086118,guided_exp
10:30:51.223,1,-4.69797,1.226257,-0.544893,guided_exp
10:30:51.305,2,-1.247317,1.432811,-2.085579,guided_exp
10:30:51.305,1,-4.687316,1.216297,-0.542535,guided_exp
10:30:51.389,2,-1.247599,1.434882,-2.085646,guided_exp
10:30:51.389,1,-4.713235,1.221097,-0.533447,guided_exp
10:30:51.489,2,-1.246849,1.439186,-2.083044,guided_exp
10:30:51.489,1,-4.695578,1.222953,-0.541648,guided_exp
10:30:51.571,2,-1.246831,1.380207,-2.083398,guided_exp
10:30:51.571,1,-4.691654,1.219819,-0.54758,guided_exp
10:30:51.655,2,-1.246542,1.239299,-2.082921,guided_exp
10:30:51.656,1,-4.672877,1.220521,-0.575214,guided_exp
10:30:51.738,2,-1.247526,1.289428,-2.083056,guided_exp
10:30:51.738,1,-4.71196,1.237901,-0.572522,guided_exp
10:30:51.871,2,-1.247789,1.239659,-2.081812,guided_exp
10:30:51.871,1,-4.682931,1.226666,-0.557597,guided_exp
10:30:52.005,2,-1.245751,1.239283,-2.071643,guided_exp
10:30:52.005,1,-4.621302,1.226475,-0.590675,guided_exp
10:30:52.088,2,-1.24574,1.299093,-2.069231,guided_exp
10:30:52.088,1,-4.650809,1.233768,-0.603503,guided_exp
10:30:52.171,2,-1.246709,1.279877,-2.066797,guided_exp
10:30:52.171,1,-4.631803,1.233807,-0.592064,guided_exp
10:30:52.255,2,-1.247912,1.159919,-2.065997,guided_exp
10:30:52.255,1,-4.606707,1.238255,-0.598861,guided_exp
10:30:52.338,2,-1.249933,1.244733,-2.065055,guided_exp
10:30:52.338,1,-4.606909,1.280074,-0.607199,guided_exp
10:30:52.421,2,-1.250844,1.177118,-2.064185,guided_exp
10:30:52.422,1,-4.61047,1.325267,-0.617914,guided_exp
10:30:52.505,2,-1.252226,1.194023,-2.063755,guided_exp
10:30:52.505,1,-4.60074,1.360577,-0.606009,guided_exp
10:30:52.589,2,-1.252601,1.163316,-2.06323,guided_exp
10:30:52.589,1,-4.601705,1.364401,-0.60575,guided_exp
10:30:52.689,2,-1.252782,1.209264,-2.062765,guided_exp
10:30:52.689,1,-4.599287,1.359015,-0.605332,guided_exp
10:30:52.771,2,-1.253151,1.252066,-2.062533,guided_exp
10:30:52.771,1,-4.591226,1.36037,-0.612713,guided_exp
10:30:52.856,2,-1.253298,1.225628,-2.062341,guided_exp
10:30:52.856,1,-4.648396,1.358496,-0.62075,guided_exp
10:30:52.938,2,-1.253362,1.240113,-2.062252,guided_exp
10:30:52.938,1,-4.654585,1.362752,-0.627775,guided_exp
10:30:53.022,2,-1.253491,1.423744,-2.062235,guided_exp
10:30:53.023,1,-4.644786,1.372626,-0.629093,guided_exp
10:30:53.105,2,-1.253668,1.446639,-2.06196,guided_exp
10:30:53.105,1,-4.649128,1.382956,-0.609209,guided_exp
10:30:53.189,2,-1.253885,1.444373,-2.061711,guided_exp
10:30:53.189,1,-4.658292,1.38336,-0.610128,guided_exp
10:30:53.271,2,-1.254167,1.443948,-2.06149,guided_exp
10:30:53.271,1,-4.58654,1.385561,-0.603273,guided_exp
10:30:53.405,2,-1.254194,1.448556,-2.061149,guided_exp
10:30:53.405,1,-4.558813,1.388508,-0.614042,guided_exp
10:30:53.489,2,-1.254383,1.457961,-2.06064,guided_exp
10:30:53.489,1,-4.556195,1.384457,-0.616154,guided_exp
10:30:53.571,2,-1.254388,1.463073,-2.06031,guided_exp
10:30:53.571,1,-4.536769,1.387673,-0.637437,guided_exp
10:30:53.705,2,-1.254441,1.46694,-2.059637,guided_exp
10:30:53.705,1,-4.487618,1.385792,-0.661221,guided_exp
10:30:53.838,2,-1.253844,1.47094,-2.06118,guided_exp
10:30:53.838,1,-4.435062,1.383406,-0.699567,guided_exp
10:30:53.971,2,-1.253691,1.464855,-2.068025,guided_exp
10:30:53.971,1,-4.414995,1.390494,-0.713114,guided_exp
10:30:54.056,2,-1.253389,1.465708,-2.070079,guided_exp
10:30:54.056,1,-4.412413,1.399123,-0.715396,guided_exp
10:30:54.138,2,-1.25307,1.468075,-2.0714,guided_exp
10:30:54.138,1,-4.405796,1.400813,-0.707057,guided_exp
10:30:54.271,2,-1.251637,1.467228,-2.0752,guided_exp
10:30:54.271,1,-4.378204,1.40145,-0.712862,guided_exp
10:30:54.405,2,-1.249572,1.466298,-2.078098,guided_exp
10:30:54.405,1,-4.316074,1.393838,-0.730986,guided_exp
10:30:54.538,2,-1.249825,1.46539,-2.081723,guided_exp
10:30:54.538,1,-4.175439,1.394569,-0.704046,guided_exp
10:30:54.671,2,-1.25067,1.464474,-2.083256,guided_exp
10:30:54.671,1,-4.077356,1.393791,-0.685998,guided_exp
10:30:54.755,2,-1.250605,1.462883,-2.083389,guided_exp
10:30:54.756,1,-4.038166,1.397592,-0.719477,guided_exp
10:30:54.838,2,-1.250621,1.45701,-2.083939,guided_exp
10:30:54.839,1,-3.97811,1.406015,-0.72904,guided_exp
10:30:54.922,2,-1.250696,1.453109,-2.084337,guided_exp
10:30:54.922,1,-3.944369,1.407561,-0.74817,guided_exp
10:30:55.005,2,-1.250636,1.455888,-2.084354,guided_exp
10:30:55.005,1,-3.891678,1.410049,-0.784551,guided_exp
10:30:55.089,2,-1.250749,1.456273,-2.084127,guided_exp
10:30:55.089,1,-3.844601,1.412139,-0.844679,guided_exp
10:30:55.171,2,-1.251062,1.453489,-2.083966,guided_exp
10:30:55.171,1,-3.784839,1.415974,-0.873034,guided_exp
10:30:55.255,2,-1.251121,1.451339,-2.083612,guided_exp
10:30:55.255,1,-3.756005,1.422295,-0.899915,guided_exp
10:30:55.338,2,-1.250997,1.447176,-2.083883,guided_exp
10:30:55.338,1,-3.680983,1.426968,-0.980499,guided_exp
10:30:55.422,2,-1.251244,1.451065,-2.083545,guided_exp
10:30:55.422,1,-3.636047,1.428999,-1.028938,guided_exp
10:30:55.505,2,-1.251202,1.451423,-2.083065,guided_exp
10:30:55.505,1,-3.578545,1.429862,-1.055614,guided_exp
10:30:55.638,2,-1.250469,1.450152,-2.082322,guided_exp
10:30:55.638,1,-3.509206,1.429884,-1.102535,guided_exp
10:30:55.721,2,-1.250018,1.45367,-2.081346,guided_exp
10:30:55.722,1,-3.489449,1.428361,-1.125604,guided_exp
10:30:55.805,2,-1.250195,1.451281,-2.08071,guided_exp
10:30:55.805,1,-3.429154,1.427127,-1.170371,guided_exp
10:30:55.888,2,-1.249848,1.455514,-2.080712,guided_exp
10:30:55.888,1,-3.426981,1.425792,-1.192776,guided_exp
10:30:56.021,2,-1.249506,1.455979,-2.081336,guided_exp
10:30:56.021,1,-3.345294,1.423717,-1.228101,guided_exp
10:30:56.105,2,-1.249402,1.460948,-2.081431,guided_exp
10:30:56.105,1,-3.290217,1.420509,-1.232042,guided_exp
10:30:56.188,2,-1.249438,1.459891,-2.081003,guided_exp
10:30:56.188,1,-3.143324,1.41787,-1.254592,guided_exp
10:30:56.321,2,-1.249288,1.457088,-2.080754,guided_exp
10:30:56.321,1,-3.056249,1.414808,-1.27998,guided_exp
10:30:56.455,2,-1.24907,1.456308,-2.081159,guided_exp
10:30:56.455,1,-2.987871,1.414077,-1.331969,guided_exp
10:30:56.588,2,-1.249282,1.456353,-2.081498,guided_exp
10:30:56.588,1,-2.929727,1.412359,-1.392493,guided_exp
10:30:56.672,2,-1.249278,1.455628,-2.081108,guided_exp
10:30:56.673,1,-2.898153,1.412718,-1.416922,guided_exp
10:30:56.755,2,-1.248228,1.456238,-2.081488,guided_exp
10:30:56.755,1,-2.846671,1.412249,-1.456906,guided_exp
10:30:56.839,2,-1.248503,1.455368,-2.081572,guided_exp
10:30:56.839,1,-2.811716,1.411593,-1.504542,guided_exp
10:30:56.921,2,-1.248863,1.452716,-2.081442,guided_exp
10:30:56.922,1,-2.772565,1.411302,-1.55359,guided_exp
10:30:57.005,2,-1.249351,1.452256,-2.081342,guided_exp
10:30:57.005,1,-2.738684,1.41151,-1.585242,guided_exp
10:30:57.088,2,-1.250159,1.452367,-2.082392,guided_exp
10:30:57.088,1,-2.760462,1.411799,-1.641521,guided_exp
10:30:57.221,2,-1.247273,1.452773,-2.084082,guided_exp
10:30:57.221,1,-2.689469,1.411811,-1.708799,guided_exp
10:30:57.355,2,-1.247669,1.454706,-2.084257,guided_exp
10:30:57.355,1,-2.642888,1.412025,-1.708947,guided_exp
10:30:57.488,2,-1.249156,1.454167,-2.077456,guided_exp
10:30:57.488,1,-2.56276,1.41088,-1.746791,guided_exp
10:30:57.621,2,-1.241978,1.452722,-2.07417,guided_exp
10:30:57.621,1,-2.549074,1.410665,-1.758804,guided_exp
10:30:57.705,2,-1.233429,1.454094,-2.05802,guided_exp
10:30:57.706,1,-2.534882,1.410459,-1.767274,guided_exp
10:30:57.788,2,-1.224957,1.453031,-2.045426,guided_exp
10:30:57.788,1,-2.528907,1.409228,-1.768442,guided_exp
10:30:57.871,2,-1.210174,1.462434,-2.019276,guided_exp
10:30:57.872,1,-2.520229,1.407169,-1.770661,guided_exp
10:30:57.955,2,-1.203582,1.457366,-2.003327,guided_exp
10:30:57.955,1,-2.512191,1.406483,-1.771787,guided_exp
10:30:58.038,2,-1.190413,1.457773,-1.948728,guided_exp
10:30:58.039,1,-2.497772,1.407328,-1.772033,guided_exp
10:30:58.121,2,-1.181047,1.457243,-1.883815,guided_exp
10:30:58.122,1,-2.473342,1.409417,-1.766982,guided_exp
10:30:58.205,2,-1.167467,1.462271,-1.826379,guided_exp
10:30:58.205,1,-2.462804,1.413869,-1.762833,guided_exp
10:30:58.289,2,-1.157082,1.46876,-1.796134,guided_exp
10:30:58.289,1,-2.435989,1.413524,-1.753394,guided_exp
10:30:58.371,2,-1.132143,1.46519,-1.731758,guided_exp
10:30:58.372,1,-2.392089,1.407604,-1.726341,guided_exp
10:30:58.456,2,-1.121948,1.464006,-1.682552,guided_exp
10:30:58.456,1,-2.339409,1.40088,-1.70155,guided_exp
10:30:58.538,2,-1.101409,1.463672,-1.629569,guided_exp
10:30:58.538,1,-2.302267,1.393481,-1.673325,guided_exp
10:30:58.689,2,-1.076391,1.46847,-1.5912,guided_exp
10:30:58.690,1,-2.278964,1.386353,-1.582088,guided_exp
10:30:58.771,2,-1.043928,1.473623,-1.544201,guided_exp
10:30:58.772,1,-2.234897,1.378204,-1.54688,guided_exp
10:30:58.905,2,-0.984641,1.479408,-1.480463,guided_exp
10:30:58.905,1,-2.189358,1.370934,-1.522103,guided_exp
10:30:58.989,2,-0.963293,1.483464,-1.458667,guided_exp
10:30:58.989,1,-2.164323,1.380396,-1.5089,guided_exp
10:30:59.071,2,-0.917118,1.485913,-1.425631,guided_exp
10:30:59.072,1,-2.121902,1.384107,-1.506291,guided_exp
10:30:59.156,2,-0.903005,1.487641,-1.410263,guided_exp
10:30:59.156,1,-2.031661,1.382698,-1.539223,guided_exp
10:30:59.238,2,-0.876452,1.492332,-1.37769,guided_exp
10:30:59.238,1,-1.997348,1.388163,-1.537707,guided_exp
10:30:59.322,2,-0.865239,1.495211,-1.362686,guided_exp
10:30:59.323,1,-1.969017,1.384686,-1.536823,guided_exp
10:30:59.405,2,-0.843711,1.500633,-1.339328,guided_exp
10:30:59.405,1,-1.935363,1.39712,-1.530039,guided_exp
10:30:59.488,2,-0.838751,1.498974,-1.313278,guided_exp
10:30:59.488,1,-1.890105,1.396406,-1.539485,guided_exp
10:30:59.621,2,-0.831159,1.496052,-1.282763,guided_exp
10:30:59.622,1,-1.837245,1.392758,-1.5549,guided_exp
10:30:59.705,2,-0.831015,1.488717,-1.263022,guided_exp
10:30:59.705,1,-1.813123,1.389667,-1.560076,guided_exp
10:30:59.789,2,-0.831496,1.481233,-1.252192,guided_exp
10:30:59.789,1,-1.798218,1.399329,-1.562396,guided_exp
10:30:59.871,2,-0.829864,1.475944,-1.244897,guided_exp
10:30:59.872,1,-1.785826,1.399414,-1.558912,guided_exp
10:30:59.955,2,-0.828737,1.474635,-1.24299,guided_exp
10:30:59.955,1,-1.780024,1.392578,-1.557759,guided_exp
10:31:00.088,2,-0.826323,1.484252,-1.237066,guided_exp
10:31:00.088,1,-1.765345,1.394089,-1.548891,guided_exp
10:31:00.221,2,-0.824322,1.489418,-1.235475,guided_exp
10:31:00.222,1,-1.749231,1.397485,-1.542264,guided_exp
10:31:00.355,2,-0.823089,1.489799,-1.237771,guided_exp
10:31:00.355,1,-1.750786,1.396902,-1.535522,guided_exp
10:31:00.439,2,-0.8217,1.489817,-1.234861,guided_exp
10:31:00.439,1,-1.748655,1.388265,-1.530198,guided_exp
10:31:00.521,2,-0.823394,1.48991,-1.235052,guided_exp
10:31:00.522,1,-1.741905,1.380169,-1.531678,guided_exp
10:31:00.605,2,-0.821609,1.489726,-1.234809,guided_exp
10:31:00.606,1,-1.746007,1.386853,-1.520026,guided_exp
10:31:00.688,2,-0.82142,1.489593,-1.235282,guided_exp
10:31:00.688,1,-1.745067,1.389721,-1.520282,guided_exp
10:31:00.772,2,-0.821765,1.490623,-1.236438,guided_exp
10:31:00.773,1,-1.732148,1.386275,-1.524769,guided_exp
10:31:00.855,2,-0.821058,1.490809,-1.237875,guided_exp
10:31:00.855,1,-1.729468,1.38491,-1.524659,guided_exp
10:31:00.988,2,-0.822411,1.489695,-1.238199,guided_exp
10:31:00.988,1,-1.717244,1.382316,-1.528232,guided_exp
10:31:01.071,2,-0.8223,1.490185,-1.239097,guided_exp
10:31:01.072,1,-1.71338,1.383746,-1.530704,guided_exp
10:31:01.205,2,-0.824503,1.489689,-1.238092,guided_exp
10:31:01.205,1,-1.698213,1.38335,-1.530908,guided_exp
10:31:01.338,2,-0.824472,1.489986,-1.236164,guided_exp
10:31:01.338,1,-1.670901,1.382527,-1.518585,guided_exp
10:31:01.489,2,-0.825014,1.489707,-1.232327,guided_exp
10:31:01.489,1,-1.647153,1.383267,-1.447868,guided_exp
10:31:01.571,2,-0.820769,1.490209,-1.230199,guided_exp
10:31:01.572,1,-1.62195,1.384447,-1.46802,guided_exp
10:31:01.705,2,-0.820891,1.48986,-1.231803,guided_exp
10:31:01.705,1,-1.593629,1.38342,-1.423311,guided_exp
10:31:01.838,2,-0.819866,1.489674,-1.234679,guided_exp
10:31:01.838,1,-1.581613,1.384037,-1.353921,guided_exp
10:31:01.971,2,-0.817821,1.489036,-1.235653,guided_exp
10:31:01.972,1,-1.566874,1.383397,-1.273029,guided_exp
10:31:02.105,2,-0.814964,1.4892,-1.237707,guided_exp
10:31:02.105,1,-1.56302,1.383884,-1.174264,guided_exp
10:31:02.189,2,-0.814696,1.488533,-1.239906,guided_exp
10:31:02.190,1,-1.560748,1.380389,-1.141185,guided_exp
10:31:02.271,2,-0.813985,1.488369,-1.241638,guided_exp
10:31:02.272,1,-1.555816,1.378171,-1.103111,guided_exp
10:31:02.356,2,-0.814312,1.489241,-1.241947,guided_exp
10:31:02.357,1,-1.549736,1.378452,-1.082834,guided_exp
10:31:02.438,2,-0.810513,1.48929,-1.245561,guided_exp
10:31:02.438,1,-1.541719,1.377661,-1.057028,guided_exp
10:31:02.589,2,-0.812531,1.489099,-1.246034,guided_exp
10:31:02.590,1,-1.538008,1.376297,-1.04211,guided_exp
10:31:02.671,2,-0.812755,1.48946,-1.246825,guided_exp
10:31:02.672,1,-1.524699,1.376805,-1.0238,guided_exp
10:31:02.756,2,-0.812948,1.490001,-1.24751,guided_exp
10:31:02.756,1,-1.518761,1.376709,-1.014207,guided_exp
10:31:02.838,2,-0.813766,1.489407,-1.24699,guided_exp
10:31:02.838,1,-1.507512,1.377649,-1.013568,guided_exp
10:31:02.922,2,-0.815868,1.488745,-1.246231,guided_exp
10:31:02.923,1,-1.503941,1.378554,-1.013531,guided_exp
10:31:03.005,2,-0.815743,1.486744,-1.245708,guided_exp
10:31:03.005,1,-1.493979,1.378828,-1.010711,guided_exp
10:31:03.089,2,-0.815998,1.485662,-1.245424,guided_exp
10:31:03.089,1,-1.483284,1.379254,-1.01581,guided_exp
10:31:03.171,2,-0.814424,1.485049,-1.24507,guided_exp
10:31:03.172,1,-1.474566,1.379101,-1.020433,guided_exp
10:31:03.305,2,-0.81538,1.483092,-1.24507,guided_exp
10:31:03.305,1,-1.456116,1.378308,-1.03528,guided_exp
10:31:03.438,2,-0.817325,1.480298,-1.244766,guided_exp
10:31:03.438,1,-1.443869,1.378062,-1.036718,guided_exp
10:31:03.521,2,-0.817543,1.476339,-1.245397,guided_exp
10:31:03.522,1,-1.440382,1.376956,-1.036289,guided_exp
10:31:03.606,2,-0.818852,1.474533,-1.244293,guided_exp
10:31:03.606,1,-1.440668,1.377795,-1.035399,guided_exp
10:31:03.688,2,-0.818728,1.470138,-1.243634,guided_exp
10:31:03.688,1,-1.436451,1.37765,-1.025563,guided_exp
10:31:03.821,2,-0.818539,1.46513,-1.244613,guided_exp
10:31:03.822,1,-1.431966,1.377083,-1.013502,guided_exp
10:31:03.906,2,-0.818966,1.464855,-1.244474,guided_exp
10:31:03.906,1,-1.458545,1.377269,-0.984759,guided_exp
10:31:03.988,2,-0.820365,1.472493,-1.244519,guided_exp
10:31:03.988,1,-1.455076,1.376777,-0.975189,guided_exp
10:31:04.073,2,-0.820503,1.469492,-1.244699,guided_exp
10:31:04.073,1,-1.450925,1.375567,-0.970688,guided_exp
10:31:04.155,2,-0.820301,1.473137,-1.245493,guided_exp
10:31:04.155,1,-1.465739,1.375142,-0.945522,guided_exp
10:31:04.288,2,-0.821595,1.473851,-1.244852,guided_exp
10:31:04.288,1,-1.478971,1.373656,-0.918861,guided_exp
10:31:04.421,2,-0.819567,1.476795,-1.245253,guided_exp
10:31:04.422,1,-1.479309,1.373689,-0.916109,guided_exp
10:31:04.555,2,-0.820788,1.476393,-1.245057,guided_exp
10:31:04.555,1,-1.476874,1.372836,-0.903555,guided_exp
10:31:04.639,2,-0.820965,1.471278,-1.242433,guided_exp
10:31:04.639,1,-1.470386,1.373412,-0.902714,guided_exp
10:31:04.721,2,-0.821508,1.462199,-1.242364,guided_exp
10:31:04.722,1,-1.468485,1.373622,-0.901056,guided_exp
10:31:04.806,2,-0.822963,1.459514,-1.242167,guided_exp
10:31:04.806,1,-1.466054,1.37272,-0.895311,guided_exp
10:31:04.888,2,-0.823499,1.464219,-1.241801,guided_exp
10:31:04.888,1,-1.45565,1.372775,-0.895842,guided_exp
10:31:05.021,2,-0.823367,1.45864,-1.241162,guided_exp
10:31:05.022,1,-1.416459,1.372381,-0.925416,guided_exp
10:31:05.155,2,-0.823189,1.465638,-1.239413,guided_exp
10:31:05.155,1,-1.421976,1.371848,-0.919888,guided_exp
10:31:05.239,2,-0.822732,1.487167,-1.239505,guided_exp
10:31:05.240,1,-1.423566,1.372879,-0.921417,guided_exp
10:31:05.321,2,-0.822586,1.488551,-1.239219,guided_exp
10:31:05.322,1,-1.422301,1.373429,-0.924002,guided_exp
10:31:05.406,2,-0.822525,1.499063,-1.235449,guided_exp
10:31:05.406,1,-1.42137,1.373874,-0.926145,guided_exp
10:31:05.488,2,-0.822187,1.495282,-1.234903,guided_exp
10:31:05.488,1,-1.41898,1.372758,-0.927301,guided_exp
10:31:05.572,2,-0.822091,1.496818,-1.235544,guided_exp
10:31:05.572,1,-1.419178,1.373265,-0.929484,guided_exp
10:31:05.705,2,-0.822282,1.477426,-1.235072,guided_exp
10:31:05.705,1,-1.422653,1.373543,-0.920697,guided_exp
10:31:05.838,2,-0.822666,1.489022,-1.234991,guided_exp
10:31:05.838,1,-1.443439,1.371245,-0.886527,guided_exp
10:31:05.971,2,-0.826183,1.495701,-1.228116,guided_exp
10:31:05.972,1,-1.441906,1.373779,-0.887794,guided_exp
10:31:06.056,2,-0.826717,1.493485,-1.226468,guided_exp
10:31:06.056,1,-1.443203,1.373819,-0.885052,guided_exp
10:31:06.138,2,-0.829157,1.486607,-1.224816,guided_exp
10:31:06.138,1,-1.444782,1.374262,-0.876542,guided_exp
10:31:06.272,2,-0.830049,1.484868,-1.225212,guided_exp
10:31:06.272,1,-1.444591,1.373461,-0.87337,guided_exp
10:31:06.356,2,-0.830916,1.485769,-1.226763,guided_exp
10:31:06.356,1,-1.443848,1.373589,-0.872807,guided_exp
10:31:06.438,2,-0.83055,1.477548,-1.228181,guided_exp
10:31:06.438,1,-1.439061,1.372204,-0.859716,guided_exp
10:31:06.571,2,-0.830648,1.464737,-1.22985,guided_exp
10:31:06.572,1,-1.433924,1.371045,-0.859226,guided_exp
10:31:06.656,2,-0.830565,1.463004,-1.229943,guided_exp
10:31:06.656,1,-1.43901,1.371534,-0.85435,guided_exp
10:31:06.738,2,-0.829483,1.461547,-1.229624,guided_exp
10:31:06.738,1,-1.449538,1.372294,-0.842527,guided_exp
10:31:06.822,2,-0.829124,1.459801,-1.230207,guided_exp
10:31:06.823,1,-1.447418,1.372265,-0.841323,guided_exp
10:31:06.905,2,-0.828107,1.463513,-1.231226,guided_exp
10:31:06.905,1,-1.428771,1.372064,-0.848986,guided_exp
10:31:06.989,2,-0.827002,1.467966,-1.228209,guided_exp
10:31:06.990,1,-1.415892,1.371005,-0.850976,guided_exp
10:31:07.071,2,-0.82582,1.47568,-1.229207,guided_exp
10:31:07.072,1,-1.441941,1.370152,-0.843181,guided_exp
10:31:07.205,2,-0.826892,1.461274,-1.230498,guided_exp
10:31:07.205,1,-1.437001,1.36925,-0.839261,guided_exp
10:31:07.289,2,-0.82703,1.446184,-1.230773,guided_exp
10:31:07.289,1,-1.437762,1.368186,-0.838294,guided_exp
10:31:07.372,2,-0.828034,1.450845,-1.226665,guided_exp
10:31:07.372,1,-1.440563,1.368715,-0.839996,guided_exp
10:31:07.456,2,-0.827482,1.443058,-1.2283,guided_exp
10:31:07.456,1,-1.439879,1.368673,-0.849354,guided_exp
10:31:07.538,2,-0.827833,1.466082,-1.222581,guided_exp
10:31:07.538,1,-1.429758,1.368627,-0.869829,guided_exp
10:31:07.672,2,-0.829674,1.471845,-1.218239,guided_exp
10:31:07.672,1,-1.440427,1.37023,-0.862677,guided_exp
10:31:07.805,2,-0.82938,1.476425,-1.215587,guided_exp
10:31:07.805,1,-1.447785,1.369241,-0.864887,guided_exp
10:31:07.938,2,-0.830754,1.470192,-1.212643,guided_exp
10:31:07.938,1,-1.448897,1.369826,-0.871422,guided_exp
10:31:08.022,2,-0.831597,1.470855,-1.210746,guided_exp
10:31:08.022,1,-1.447725,1.369613,-0.873994,guided_exp
10:31:08.105,2,-0.832277,1.471086,-1.21005,guided_exp
10:31:08.105,1,-1.450111,1.369762,-0.874003,guided_exp
10:31:08.189,2,-0.831255,1.470383,-1.208558,guided_exp
10:31:08.189,1,-1.445754,1.369676,-0.889812,guided_exp
10:31:08.272,2,-0.832411,1.470545,-1.206272,guided_exp
10:31:08.272,1,-1.455349,1.369162,-0.877881,guided_exp
10:31:08.356,2,-0.832491,1.471113,-1.204849,guided_exp
10:31:08.357,1,-1.452309,1.369489,-0.868425,guided_exp
10:31:08.438,2,-0.833047,1.471046,-1.203819,guided_exp
10:31:08.438,1,-1.441414,1.368578,-0.88738,guided_exp
10:31:08.572,2,-0.832395,1.471236,-1.202004,guided_exp
10:31:08.572,1,-1.45375,1.368642,-0.865245,guided_exp
10:31:08.705,2,-0.832814,1.471721,-1.199495,guided_exp
10:31:08.705,1,-1.450441,1.3688,-0.872753,guided_exp
10:31:08.838,2,-0.832493,1.475015,-1.198713,guided_exp
10:31:08.838,1,-1.455505,1.368635,-0.870143,guided_exp
10:31:08.923,2,-0.832269,1.475128,-1.198431,guided_exp
10:31:08.923,1,-1.450805,1.368565,-0.876814,guided_exp
10:31:09.005,2,-0.832157,1.480708,-1.19826,guided_exp
10:31:09.005,1,-1.447608,1.368449,-0.881854,guided_exp
10:31:09.089,2,-0.831352,1.481763,-1.197677,guided_exp
10:31:09.090,1,-1.450468,1.368108,-0.877297,guided_exp
10:31:09.172,2,-0.830943,1.481565,-1.197631,guided_exp
10:31:09.172,1,-1.449932,1.36791,-0.877094,guided_exp
10:31:09.305,2,-0.830643,1.481447,-1.197658,guided_exp
10:31:09.305,1,-1.447294,1.367881,-0.884601,guided_exp
10:31:09.438,2,-0.830373,1.475119,-1.199154,guided_exp
10:31:09.438,1,-1.446435,1.367799,-0.88598,guided_exp
10:31:09.571,2,-0.830582,1.465067,-1.199376,guided_exp
10:31:09.572,1,-1.449444,1.367415,-0.883857,guided_exp
10:31:09.705,2,-0.830446,1.449744,-1.200543,guided_exp
10:31:09.705,1,-1.452999,1.368102,-0.88519,guided_exp
10:31:09.838,2,-0.831153,1.454071,-1.200442,guided_exp
10:31:09.838,1,-1.450841,1.368676,-0.889985,guided_exp
10:31:09.971,2,-0.833132,1.460974,-1.198456,guided_exp
10:31:09.972,1,-1.448825,1.369873,-0.89359,guided_exp
10:31:10.105,2,-0.839345,1.467155,-1.19303,guided_exp
10:31:10.105,1,-1.449805,1.368862,-0.886995,guided_exp
10:31:10.238,2,-0.840142,1.466318,-1.192895,guided_exp
10:31:10.238,1,-1.446881,1.366383,-0.88925,guided_exp
10:31:10.372,2,-0.84263,1.459396,-1.193106,guided_exp
10:31:10.372,1,-1.446518,1.367045,-0.894405,guided_exp
10:31:10.505,2,-0.847923,1.449982,-1.187325,guided_exp
10:31:10.505,1,-1.440591,1.367183,-0.896457,guided_exp
10:31:10.638,2,-0.85234,1.438457,-1.180128,guided_exp
10:31:10.638,1,-1.447733,1.367653,-0.892713,guided_exp
10:31:10.772,2,-0.854009,1.472659,-1.180846,guided_exp
10:31:10.772,1,-1.449277,1.370005,-0.886419,guided_exp
10:31:10.856,2,-0.854178,1.469409,-1.181584,guided_exp
10:31:10.856,1,-1.451951,1.36984,-0.881621,guided_exp
10:31:10.938,2,-0.855444,1.47241,-1.182551,guided_exp
10:31:10.938,1,-1.45751,1.369997,-0.872377,guided_exp
10:31:11.022,2,-0.855931,1.462151,-1.182976,guided_exp
10:31:11.023,1,-1.459944,1.369425,-0.870028,guided_exp
10:31:11.105,2,-0.854109,1.443128,-1.188827,guided_exp
10:31:11.105,1,-1.461967,1.369609,-0.861885,guided_exp
10:31:11.189,2,-0.852866,1.441582,-1.190723,guided_exp
10:31:11.190,1,-1.463507,1.369859,-0.857337,guided_exp
10:31:11.272,2,-0.851753,1.453836,-1.194437,guided_exp
10:31:11.272,1,-1.46738,1.369525,-0.842433,guided_exp
10:31:11.356,2,-0.850762,1.446103,-1.195922,guided_exp
10:31:11.356,1,-1.449981,1.372669,-0.850853,guided_exp
10:31:11.438,2,-0.849391,1.442779,-1.197323,guided_exp
10:31:11.438,1,-1.461828,1.371838,-0.829511,guided_exp
10:31:11.572,2,-0.847697,1.462257,-1.199751,guided_exp
10:31:11.572,1,-1.451391,1.371496,-0.828568,guided_exp
10:31:11.705,2,-0.845049,1.439496,-1.201056,guided_exp
10:31:11.705,1,-1.447718,1.371831,-0.815481,guided_exp
10:31:11.838,2,-0.842423,1.437127,-1.202399,guided_exp
10:31:11.838,1,-1.444722,1.372255,-0.807935,guided_exp
10:31:11.972,2,-0.842028,1.434593,-1.203784,guided_exp
10:31:11.972,1,-1.459098,1.373454,-0.780107,guided_exp
10:31:12.056,2,-0.841094,1.438366,-1.20404,guided_exp
10:31:12.056,1,-1.45269,1.371922,-0.781727,guided_exp
10:31:12.138,2,-0.840223,1.440014,-1.2044,guided_exp
10:31:12.138,1,-1.450581,1.371809,-0.781411,guided_exp
10:31:12.272,2,-0.839058,1.443017,-1.205003,guided_exp
10:31:12.272,1,-1.455662,1.372647,-0.772317,guided_exp
10:31:12.356,2,-0.838925,1.445509,-1.205481,guided_exp
10:31:12.356,1,-1.45142,1.372408,-0.77305,guided_exp
10:31:12.438,2,-0.838622,1.457067,-1.204874,guided_exp
10:31:12.439,1,-1.453335,1.371337,-0.77293,guided_exp
10:31:12.523,2,-0.838826,1.4494,-1.204671,guided_exp
10:31:12.523,1,-1.458102,1.37096,-0.772818,guided_exp
10:31:12.605,2,-0.838567,1.432293,-1.204496,guided_exp
10:31:12.605,1,-1.454782,1.370243,-0.776319,guided_exp
10:31:12.690,2,-0.838092,1.398508,-1.204318,guided_exp
10:31:12.691,1,-1.452211,1.370519,-0.772989,guided_exp
10:31:12.772,2,-0.837502,1.408086,-1.204611,guided_exp
10:31:12.772,1,-1.46172,1.369834,-0.771591,guided_exp
10:31:12.905,2,-0.836163,1.384336,-1.205166,guided_exp
10:31:12.905,1,-1.466549,1.369475,-0.770758,guided_exp
10:31:13.038,2,-0.835723,1.436808,-1.205629,guided_exp
10:31:13.038,1,-1.469951,1.369585,-0.766672,guided_exp
10:31:13.123,2,-0.836365,1.382895,-1.205367,guided_exp
10:31:13.123,1,-1.467452,1.370568,-0.771844,guided_exp
10:31:13.205,2,-0.836323,1.383808,-1.205817,guided_exp
10:31:13.205,1,-1.466093,1.370217,-0.774622,guided_exp
10:31:13.288,2,-0.836454,1.379407,-1.20567,guided_exp
10:31:13.288,1,-1.465623,1.37006,-0.776536,guided_exp
10:31:13.372,2,-0.836565,1.380682,-1.206128,guided_exp
10:31:13.372,1,-1.466169,1.365773,-0.776459,guided_exp
10:31:13.456,2,-0.836482,1.434862,-1.205874,guided_exp
10:31:13.456,1,-1.466674,1.367309,-0.777885,guided_exp
10:31:13.538,2,-0.836876,1.417465,-1.205856,guided_exp
10:31:13.538,1,-1.497812,1.367634,-0.740423,guided_exp
10:31:13.672,2,-0.837627,1.394917,-1.205574,guided_exp
10:31:13.672,1,-1.472561,1.368497,-0.769292,guided_exp
10:31:13.805,2,-0.838606,1.359656,-1.204473,guided_exp
10:31:13.805,1,-1.477532,1.36904,-0.767784,guided_exp
10:31:13.938,2,-0.838666,1.372078,-1.204444,guided_exp
10:31:13.938,1,-1.480306,1.368867,-0.762263,guided_exp
10:31:14.072,2,-0.839433,1.364808,-1.204079,guided_exp
10:31:14.072,1,-1.484605,1.368884,-0.757491,guided_exp
10:31:14.156,2,-0.840744,1.449213,-1.203116,guided_exp
10:31:14.156,1,-1.487093,1.370822,-0.761316,guided_exp
10:31:14.238,2,-0.841619,1.394447,-1.203552,guided_exp
10:31:14.238,1,-1.486578,1.369755,-0.762251,guided_exp
10:31:14.372,2,-0.842463,1.409017,-1.204134,guided_exp
10:31:14.372,1,-1.487211,1.369635,-0.761607,guided_exp
10:31:14.505,2,-0.843101,1.371066,-1.205079,guided_exp
10:31:14.505,1,-1.49191,1.368794,-0.76148,guided_exp
10:31:14.588,2,-0.842711,1.370497,-1.206493,guided_exp
10:31:14.589,1,-1.49212,1.370848,-0.761886,guided_exp
10:31:14.672,2,-0.845942,1.418398,-1.215455,guided_exp
10:31:14.672,1,-1.495029,1.380943,-0.761758,guided_exp
10:31:14.755,2,-0.840932,1.377595,-1.220608,guided_exp
10:31:14.756,1,-1.495931,1.382563,-0.762354,guided_exp
10:31:14.838,2,-0.839236,1.423638,-1.22851,guided_exp
10:31:14.838,1,-1.495189,1.38371,-0.763912,guided_exp
10:31:14.922,2,-0.835626,1.448423,-1.24499,guided_exp
10:31:14.922,1,-1.495764,1.384214,-0.767297,guided_exp
10:31:15.005,2,-0.834233,1.429655,-1.25116,guided_exp
10:31:15.005,1,-1.495138,1.384238,-0.772803,guided_exp
10:31:15.138,2,-0.824234,1.437268,-1.293162,guided_exp
10:31:15.138,1,-1.494946,1.384008,-0.780048,guided_exp
10:31:15.272,2,-0.82247,1.429644,-1.315051,guided_exp
10:31:15.272,1,-1.493746,1.384429,-0.780141,guided_exp
10:31:15.356,2,-0.816492,1.420926,-1.336155,guided_exp
10:31:15.356,1,-1.496042,1.384473,-0.782307,guided_exp
10:31:15.438,2,-0.815527,1.4193,-1.350224,guided_exp
10:31:15.438,1,-1.502652,1.384577,-0.785851,guided_exp
10:31:15.522,2,-0.814201,1.418885,-1.354066,guided_exp
10:31:15.523,1,-1.509271,1.384516,-0.785155,guided_exp
10:31:15.605,2,-0.81593,1.430482,-1.368531,guided_exp
10:31:15.605,1,-1.515891,1.384571,-0.78055,guided_exp
10:31:15.738,2,-0.821683,1.405759,-1.396408,guided_exp
10:31:15.738,1,-1.512652,1.384666,-0.785517,guided_exp
10:31:15.823,2,-0.82859,1.371518,-1.404118,guided_exp
10:31:15.823,1,-1.508597,1.384682,-0.790404,guided_exp
10:31:15.905,2,-0.841764,1.376335,-1.423353,guided_exp
10:31:15.905,1,-1.504122,1.384859,-0.79267,guided_exp
10:31:16.038,2,-0.869583,1.408688,-1.458463,guided_exp
10:31:16.038,1,-1.50581,1.384922,-0.792503,guided_exp
10:31:16.172,2,-0.895471,1.421864,-1.485466,guided_exp
10:31:16.172,1,-1.508076,1.384928,-0.790532,guided_exp
10:31:16.256,2,-0.915001,1.431914,-1.517033,guided_exp
10:31:16.256,1,-1.504107,1.3849,-0.795123,guided_exp
10:31:16.338,2,-0.932297,1.42948,-1.539199,guided_exp
10:31:16.338,1,-1.506132,1.385166,-0.800212,guided_exp
10:31:16.423,2,-0.933063,1.43218,-1.541506,guided_exp
10:31:16.423,1,-1.507015,1.385305,-0.801635,guided_exp
10:31:16.505,2,-0.948249,1.414669,-1.560266,guided_exp
10:31:16.505,1,-1.507447,1.384956,-0.805117,guided_exp
10:31:16.588,2,-0.953831,1.433267,-1.570141,guided_exp
10:31:16.588,1,-1.508664,1.384563,-0.80579,guided_exp
10:31:16.672,2,-0.955964,1.443104,-1.574591,guided_exp
10:31:16.672,1,-1.512919,1.38114,-0.807877,guided_exp
10:31:16.806,2,-0.97649,1.427126,-1.577692,guided_exp
10:31:16.806,1,-1.513416,1.380596,-0.811355,guided_exp
10:31:16.889,2,-0.982252,1.429663,-1.578025,guided_exp
10:31:16.889,1,-1.511005,1.379797,-0.822801,guided_exp
10:31:16.972,2,-0.997176,1.4177,-1.572273,guided_exp
10:31:16.973,1,-1.517734,1.379181,-0.840247,guided_exp
10:31:17.055,2,-1.007541,1.399571,-1.571369,guided_exp
10:31:17.055,1,-1.515271,1.379854,-0.857164,guided_exp
10:31:17.188,2,-1.014623,1.412232,-1.564664,guided_exp
10:31:17.188,1,-1.551464,1.378453,-0.829125,guided_exp
10:31:17.322,2,-1.020034,1.390886,-1.563031,guided_exp
10:31:17.322,1,-1.525192,1.37692,-0.887767,guided_exp
10:31:17.455,2,-1.022075,1.407697,-1.561369,guided_exp
10:31:17.456,1,-1.517196,1.377484,-0.919654,guided_exp
10:31:17.539,2,-1.040262,1.427651,-1.561498,guided_exp
10:31:17.539,1,-1.541164,1.377706,-0.915087,guided_exp
10:31:17.622,2,-1.050449,1.426105,-1.562178,guided_exp
10:31:17.623,1,-1.548884,1.377451,-0.917835,guided_exp
10:31:17.705,2,-1.055052,1.42863,-1.562105,guided_exp
10:31:17.705,1,-1.572403,1.377874,-0.91947,guided_exp
10:31:17.838,2,-1.060634,1.428583,-1.564398,guided_exp
10:31:17.839,1,-1.58557,1.377789,-0.916907,guided_exp
10:31:17.922,2,-1.062138,1.444659,-1.564122,guided_exp
10:31:17.923,1,-1.585675,1.377291,-0.921125,guided_exp
10:31:18.005,2,-1.065725,1.417062,-1.565042,guided_exp
10:31:18.006,1,-1.539258,1.377284,-0.962659,guided_exp
10:31:18.089,2,-1.067519,1.414601,-1.565651,guided_exp
10:31:18.090,1,-1.540135,1.377045,-0.964905,guided_exp
10:31:18.172,2,-1.068541,1.428639,-1.565363,guided_exp
10:31:18.172,1,-1.551074,1.376558,-0.958256,guided_exp
10:31:18.256,2,-1.074303,1.435715,-1.568426,guided_exp
10:31:18.256,1,-1.55175,1.376197,-0.962596,guided_exp
10:31:18.338,2,-1.077125,1.442197,-1.567805,guided_exp
10:31:18.338,1,-1.567818,1.375906,-0.955789,guided_exp
10:31:18.472,2,-1.076066,1.448897,-1.56788,guided_exp
10:31:18.472,1,-1.599733,1.375497,-0.94662,guided_exp
10:31:18.605,2,-1.078413,1.448484,-1.564264,guided_exp
10:31:18.605,1,-1.603349,1.375306,-0.95286,guided_exp
10:31:18.689,2,-1.078075,1.429406,-1.564558,guided_exp
10:31:18.690,1,-1.592008,1.375491,-0.972853,guided_exp
10:31:18.772,2,-1.077589,1.428662,-1.564138,guided_exp
10:31:18.772,1,-1.603201,1.375089,-0.956784,guided_exp
10:31:18.856,2,-1.078625,1.411459,-1.562965,guided_exp
10:31:18.856,1,-1.596728,1.37504,-0.963603,guided_exp
10:31:18.938,2,-1.090026,1.409763,-1.553347,guided_exp
10:31:18.938,1,-1.601327,1.374985,-0.965502,guided_exp
10:31:19.072,2,-1.090103,1.422637,-1.553215,guided_exp
10:31:19.072,1,-1.605013,1.375139,-0.965009,guided_exp
10:31:19.156,2,-1.091825,1.438278,-1.55005,guided_exp
10:31:19.156,1,-1.606021,1.375442,-0.964934,guided_exp
10:31:19.238,2,-1.08796,1.446236,-1.555171,guided_exp
10:31:19.238,1,-1.550685,1.375247,-1.007929,guided_exp
10:31:19.322,2,-1.085222,1.454773,-1.556666,guided_exp
10:31:19.322,1,-1.551809,1.375366,-1.007288,guided_exp
10:31:19.406,2,-1.085167,1.453827,-1.556885,guided_exp
10:31:19.406,1,-1.580981,1.376262,-0.989994,guided_exp
10:31:19.488,2,-1.083749,1.451671,-1.559599,guided_exp
10:31:19.488,1,-1.601198,1.375939,-0.972998,guided_exp
10:31:19.622,2,-1.08315,1.423184,-1.560427,guided_exp
10:31:19.622,1,-1.606604,1.375725,-0.969744,guided_exp
10:31:19.755,2,-1.082178,1.43308,-1.561161,guided_exp
10:31:19.755,1,-1.600598,1.375675,-0.972076,guided_exp
10:31:19.888,2,-1.081842,1.445142,-1.561006,guided_exp
10:31:19.888,1,-1.609868,1.374504,-0.964615,guided_exp
10:31:19.973,2,-1.081006,1.460297,-1.561353,guided_exp
10:31:19.973,1,-1.610462,1.373628,-0.963921,guided_exp
10:31:20.055,2,-1.078497,1.475187,-1.562422,guided_exp
10:31:20.055,1,-1.596008,1.373622,-0.97387,guided_exp
10:31:20.188,2,-1.075736,1.467194,-1.563899,guided_exp
10:31:20.188,1,-1.601826,1.374926,-0.972164,guided_exp
10:31:20.322,2,-1.07497,1.478122,-1.56485,guided_exp
10:31:20.322,1,-1.60405,1.373571,-0.965021,guided_exp
10:31:20.455,2,-1.075695,1.476866,-1.564766,guided_exp
10:31:20.455,1,-1.584913,1.373095,-0.976587,guided_exp
10:31:20.555,2,-1.076414,1.474777,-1.56549,guided_exp
10:31:20.555,1,-1.566063,1.37091,-0.986321,guided_exp
10:31:20.638,2,-1.075567,1.474922,-1.565761,guided_exp
10:31:20.639,1,-1.565519,1.370895,-0.985088,guided_exp
10:31:20.722,2,-1.076586,1.471938,-1.565766,guided_exp
10:31:20.723,1,-1.540075,1.360758,-0.994843,guided_exp
10:31:20.805,2,-1.075479,1.469381,-1.567833,guided_exp
10:31:20.805,1,-1.548524,1.362158,-0.995753,guided_exp
10:31:20.889,2,-1.073947,1.464107,-1.568907,guided_exp
10:31:20.890,1,-1.54497,1.369113,-0.993048,guided_exp
10:31:20.972,2,-1.076694,1.460026,-1.564334,guided_exp
10:31:20.972,1,-1.546391,1.37003,-0.995636,guided_exp
10:31:21.056,2,-1.07705,1.461476,-1.563853,guided_exp
10:31:21.056,1,-1.593913,1.375582,-0.961988,guided_exp
10:31:21.138,2,-1.07846,1.454724,-1.561689,guided_exp
10:31:21.139,1,-1.569653,1.381744,-0.978844,guided_exp
10:31:21.222,2,-1.078472,1.450397,-1.560698,guided_exp
10:31:21.222,1,-1.58418,1.383673,-0.971237,guided_exp
10:31:21.355,2,-1.078413,1.455958,-1.558948,guided_exp
10:31:21.355,1,-1.598725,1.380199,-0.95694,guided_exp
10:31:21.488,2,-1.078679,1.46043,-1.556725,guided_exp
10:31:21.488,1,-1.577876,1.3789,-0.985741,guided_exp
10:31:21.622,2,-1.077615,1.453095,-1.557187,guided_exp
10:31:21.622,1,-1.568935,1.375907,-0.996136,guided_exp
10:31:21.755,2,-1.075501,1.451262,-1.559209,guided_exp
10:31:21.755,1,-1.594097,1.373795,-0.969193,guided_exp
10:31:21.888,2,-1.075436,1.456287,-1.557554,guided_exp
10:31:21.889,1,-1.597492,1.368798,-0.963381,guided_exp
10:31:22.022,2,-1.075713,1.456919,-1.559996,guided_exp
10:31:22.022,1,-1.566601,1.359614,-0.995358,guided_exp
10:31:22.155,2,-1.076158,1.455948,-1.561694,guided_exp
10:31:22.155,1,-1.599303,1.359273,-0.963062,guided_exp
10:31:22.288,2,-1.077548,1.457795,-1.563838,guided_exp
10:31:22.288,1,-1.604161,1.362507,-0.964456,guided_exp
10:31:22.439,2,-1.080355,1.461633,-1.564981,guided_exp
10:31:22.440,1,-1.606645,1.36156,-0.969775,guided_exp
10:31:22.522,2,-1.082104,1.464918,-1.566311,guided_exp
10:31:22.522,1,-1.578613,1.36132,-0.998575,guided_exp
10:31:22.605,2,-1.081434,1.461575,-1.566942,guided_exp
10:31:22.606,1,-1.616619,1.358815,-0.965915,guided_exp
10:31:22.689,2,-1.078798,1.458328,-1.569563,guided_exp
10:31:22.689,1,-1.615969,1.354636,-0.967502,guided_exp
10:31:22.772,2,-1.074939,1.461789,-1.571982,guided_exp
10:31:22.772,1,-1.617212,1.356622,-0.976452,guided_exp
10:31:22.856,2,-1.073189,1.466738,-1.572705,guided_exp
10:31:22.856,1,-1.617939,1.35372,-0.987712,guided_exp
10:31:22.939,2,-1.072514,1.463742,-1.572421,guided_exp
10:31:22.939,1,-1.611476,1.356699,-1.008527,guided_exp
10:31:23.022,2,-1.072565,1.463097,-1.571981,guided_exp
10:31:23.023,1,-1.638831,1.357392,-1.011386,guided_exp
10:31:23.105,2,-1.075862,1.46404,-1.569337,guided_exp
10:31:23.105,1,-1.639867,1.358742,-1.006286,guided_exp
10:31:23.189,2,-1.076408,1.466388,-1.569133,guided_exp
10:31:23.189,1,-1.661651,1.359202,-1.012909,guided_exp
10:31:23.272,2,-1.080037,1.467495,-1.570372,guided_exp
10:31:23.272,1,-1.712296,1.358085,-1.019427,guided_exp
10:31:23.356,2,-1.081386,1.457382,-1.571563,guided_exp
10:31:23.356,1,-1.674083,1.357472,-1.069677,guided_exp
10:31:23.438,2,-1.098197,1.45312,-1.572354,guided_exp
10:31:23.439,1,-1.72139,1.355583,-1.077071,guided_exp
10:31:23.572,2,-1.108549,1.451731,-1.573641,guided_exp
10:31:23.572,1,-1.794539,1.353855,-1.102294,guided_exp
10:31:23.705,2,-1.120968,1.447522,-1.580284,guided_exp
10:31:23.705,1,-1.885546,1.353587,-1.148286,guided_exp
10:31:23.838,2,-1.146647,1.446938,-1.585202,guided_exp
10:31:23.839,1,-1.975533,1.353458,-1.19222,guided_exp
10:31:23.972,2,-1.152806,1.453868,-1.596063,guided_exp
10:31:23.972,1,-2.019458,1.354474,-1.232836,guided_exp
10:31:24.055,2,-1.160575,1.451768,-1.602751,guided_exp
10:31:24.055,1,-2.03332,1.353674,-1.253238,guided_exp
10:31:24.188,2,-1.197715,1.450026,-1.639126,guided_exp
10:31:24.189,1,-2.09226,1.353117,-1.330809,guided_exp
10:31:24.272,2,-1.215227,1.44996,-1.657957,guided_exp
10:31:24.273,1,-2.122217,1.356967,-1.396993,guided_exp
10:31:24.356,2,-1.222585,1.447339,-1.663688,guided_exp
10:31:24.356,1,-2.112793,1.359713,-1.461975,guided_exp
10:31:24.439,2,-1.263963,1.445108,-1.712103,guided_exp
10:31:24.439,1,-2.142215,1.354475,-1.482171,guided_exp
10:31:24.523,2,-1.299739,1.433933,-1.740573,guided_exp
10:31:24.523,1,-2.163733,1.352038,-1.503287,guided_exp
10:31:24.605,2,-1.346995,1.42554,-1.792668,guided_exp
10:31:24.605,1,-2.20819,1.351063,-1.620311,guided_exp
10:31:24.689,2,-1.380214,1.425207,-1.817956,guided_exp
10:31:24.690,1,-2.193494,1.352729,-1.588716,guided_exp
10:31:24.772,2,-1.42131,1.421098,-1.850996,guided_exp
10:31:24.772,1,-2.216115,1.352866,-1.610504,guided_exp
10:31:24.856,2,-1.454903,1.430425,-1.881231,guided_exp
10:31:24.856,1,-2.240207,1.355066,-1.666948,guided_exp
10:31:24.938,2,-1.49162,1.422234,-1.91468,guided_exp
10:31:24.939,1,-2.277529,1.3536,-1.71337,guided_exp
10:31:25.023,2,-1.50475,1.42977,-1.926612,guided_exp
10:31:25.023,1,-2.274902,1.352228,-1.72879,guided_exp
10:31:25.105,2,-1.52108,1.436069,-1.945332,guided_exp
10:31:25.105,1,-2.282699,1.352816,-1.737583,guided_exp
10:31:25.256,2,-1.536019,1.432765,-1.963775,guided_exp
10:31:25.256,1,-2.330974,1.353091,-1.787543,guided_exp
10:31:25.338,2,-1.538518,1.435132,-1.971533,guided_exp
10:31:25.339,1,-2.307982,1.352124,-1.745759,guided_exp
10:31:25.422,2,-1.541532,1.43585,-1.97767,guided_exp
10:31:25.423,1,-2.327606,1.351818,-1.782896,guided_exp
10:31:25.505,2,-1.545014,1.439079,-1.984316,guided_exp
10:31:25.505,1,-2.322273,1.353802,-1.795884,guided_exp
10:31:25.638,2,-1.546639,1.438741,-1.988869,guided_exp
10:31:25.639,1,-2.350639,1.353834,-1.799924,guided_exp
10:31:25.722,2,-1.546775,1.436638,-1.989484,guided_exp
10:31:25.722,1,-2.360689,1.355283,-1.804379,guided_exp
10:31:25.855,2,-1.546427,1.437028,-1.989779,guided_exp
10:31:25.855,1,-2.354495,1.355549,-1.8035,guided_exp
10:31:25.939,2,-1.542746,1.437704,-1.988383,guided_exp
10:31:25.939,1,-2.356028,1.35573,-1.802151,guided_exp
10:31:26.022,2,-1.540745,1.437209,-1.986787,guided_exp
10:31:26.022,1,-2.357042,1.356631,-1.802184,guided_exp
10:31:26.106,2,-1.537637,1.435891,-1.982624,guided_exp
10:31:26.106,1,-2.342695,1.360614,-1.81751,guided_exp
10:31:26.188,2,-1.535115,1.432071,-1.98047,guided_exp
10:31:26.189,1,-2.346698,1.359047,-1.806048,guided_exp
10:31:26.273,2,-1.534114,1.431802,-1.979255,guided_exp
10:31:26.273,1,-2.374894,1.356357,-1.841799,guided_exp
10:31:26.355,2,-1.531732,1.431123,-1.974997,guided_exp
10:31:26.355,1,-2.362732,1.356018,-1.83963,guided_exp
10:31:26.488,2,-1.527658,1.430809,-1.968696,guided_exp
10:31:26.489,1,-2.359657,1.354788,-1.837337,guided_exp
10:31:26.622,2,-1.522861,1.426512,-1.964374,guided_exp
10:31:26.622,1,-2.376541,1.354141,-1.844138,guided_exp
10:31:26.705,2,-1.52119,1.435709,-1.963095,guided_exp
10:31:26.706,1,-2.395876,1.353966,-1.857638,guided_exp
10:31:26.788,2,-1.520222,1.437658,-1.962739,guided_exp
10:31:26.789,1,-2.408663,1.353599,-1.858331,guided_exp
10:31:26.922,2,-1.516494,1.435153,-1.960046,guided_exp
10:31:26.922,1,-2.445294,1.353471,-1.87723,guided_exp
10:31:27.055,2,-1.511702,1.434007,-1.960415,guided_exp
10:31:27.055,1,-2.477896,1.353127,-1.887588,guided_exp
10:31:27.139,2,-1.507945,1.430534,-1.96166,guided_exp
10:31:27.139,1,-2.507591,1.355339,-1.902274,guided_exp
10:31:27.222,2,-1.508184,1.429397,-1.961654,guided_exp
10:31:27.222,1,-2.521,1.357526,-1.911397,guided_exp
10:31:27.306,2,-1.5077,1.427911,-1.962286,guided_exp
10:31:27.306,1,-2.542579,1.357113,-1.921213,guided_exp
10:31:27.389,2,-1.507221,1.426019,-1.962914,guided_exp
10:31:27.389,1,-2.546445,1.356946,-1.921699,guided_exp
10:31:27.473,2,-1.507447,1.425314,-1.963534,guided_exp
10:31:27.473,1,-2.560408,1.357774,-1.928215,guided_exp
10:31:27.556,2,-1.507381,1.424263,-1.966156,guided_exp
10:31:27.556,1,-2.571869,1.357595,-1.92922,guided_exp
10:31:27.639,2,-1.50699,1.425484,-1.966673,guided_exp
10:31:27.640,1,-2.582778,1.357193,-1.931675,guided_exp
10:31:27.722,2,-1.506572,1.428557,-1.967216,guided_exp
10:31:27.723,1,-2.58886,1.357356,-1.935919,guided_exp
10:31:27.806,2,-1.505892,1.427217,-1.967065,guided_exp
10:31:27.806,1,-2.595534,1.359875,-1.935019,guided_exp
10:31:27.889,2,-1.505622,1.426757,-1.966732,guided_exp
10:31:27.889,1,-2.597948,1.358584,-1.934519,guided_exp
10:31:27.973,2,-1.505948,1.426325,-1.966458,guided_exp
10:31:27.973,1,-2.604824,1.358412,-1.933515,guided_exp
10:31:28.056,2,-1.505807,1.425812,-1.96658,guided_exp
10:31:28.056,1,-2.60797,1.361226,-1.93449,guided_exp
10:31:28.139,2,-1.502849,1.425187,-1.965517,guided_exp
10:31:28.139,1,-2.61035,1.361087,-1.932949,guided_exp
10:31:28.222,2,-1.50114,1.424812,-1.965566,guided_exp
10:31:28.222,1,-2.610251,1.360756,-1.931997,guided_exp
10:31:28.305,2,-1.499483,1.423485,-1.967093,guided_exp
10:31:28.306,1,-2.612319,1.359972,-1.931008,guided_exp
10:31:28.389,2,-1.500045,1.427965,-1.96782,guided_exp
10:31:28.389,1,-2.614588,1.357634,-1.930183,guided_exp
10:31:28.472,2,-1.501099,1.427261,-1.967318,guided_exp
10:31:28.472,1,-2.617141,1.35646,-1.928493,guided_exp
10:31:28.556,2,-1.503555,1.429073,-1.966968,guided_exp
10:31:28.556,1,-2.619093,1.357649,-1.928605,guided_exp
10:31:28.639,2,-1.506811,1.429706,-1.967009,guided_exp
10:31:28.639,1,-2.621282,1.356207,-1.927473,guided_exp
10:31:28.723,2,-1.508742,1.42844,-1.966863,guided_exp
10:31:28.723,1,-2.621353,1.354939,-1.928735,guided_exp
10:31:28.805,2,-1.510123,1.428458,-1.966434,guided_exp
10:31:28.805,1,-2.622363,1.355049,-1.927531,guided_exp
10:31:28.889,2,-1.511241,1.426399,-1.965933,guided_exp
10:31:28.890,1,-2.621733,1.356652,-1.926704,guided_exp
10:31:28.972,2,-1.512403,1.432483,-1.964985,guided_exp
10:31:28.972,1,-2.62141,1.355201,-1.927412,guided_exp
10:31:29.056,2,-1.513118,1.423225,-1.965015,guided_exp
10:31:29.057,1,-2.621496,1.354998,-1.927389,guided_exp
10:31:29.139,2,-1.513548,1.420101,-1.965249,guided_exp
10:31:29.139,1,-2.621621,1.357062,-1.926741,guided_exp
10:31:29.223,2,-1.513709,1.414746,-1.965141,guided_exp
10:31:29.223,1,-2.621602,1.356118,-1.927438,guided_exp
10:31:29.306,2,-1.513679,1.412042,-1.965896,guided_exp
10:31:29.306,1,-2.621081,1.358283,-1.929413,guided_exp
10:31:29.389,2,-1.513204,1.411079,-1.965673,guided_exp
10:31:29.390,1,-2.620879,1.356819,-1.929655,guided_exp
10:31:29.472,2,-1.511357,1.420949,-1.966942,guided_exp
10:31:29.473,1,-2.621122,1.358543,-1.930778,guided_exp
10:31:29.556,2,-1.509727,1.414204,-1.966236,guided_exp
10:31:29.556,1,-2.620057,1.357437,-1.9323,guided_exp
10:31:29.639,2,-1.508762,1.42128,-1.965679,guided_exp
10:31:29.639,1,-2.619908,1.357111,-1.932553,guided_exp
10:31:29.722,2,-1.507848,1.423737,-1.965647,guided_exp
10:31:29.723,1,-2.618587,1.355095,-1.933911,guided_exp
10:31:29.805,2,-1.507775,1.426314,-1.965977,guided_exp
10:31:29.805,1,-2.616663,1.354218,-1.933939,guided_exp
10:31:29.939,2,-1.504686,1.426634,-1.968208,guided_exp
10:31:29.939,1,-2.615315,1.355148,-1.932646,guided_exp
10:31:30.022,2,-1.502892,1.422844,-1.970069,guided_exp
10:31:30.023,1,-2.614229,1.356414,-1.931296,guided_exp
10:31:30.105,2,-1.501474,1.429215,-1.970858,guided_exp
10:31:30.105,1,-2.614563,1.359463,-1.92868,guided_exp
10:31:30.189,2,-1.500615,1.431,-1.971856,guided_exp
10:31:30.189,1,-2.615754,1.357885,-1.924861,guided_exp
10:31:30.272,2,-1.499892,1.42817,-1.972075,guided_exp
10:31:30.272,1,-2.616821,1.357077,-1.924129,guided_exp
10:31:30.356,2,-1.497799,1.426929,-1.973374,guided_exp
10:31:30.356,1,-2.616748,1.359259,-1.924872,guided_exp
10:31:30.439,2,-1.49693,1.429074,-1.973998,guided_exp
10:31:30.439,1,-2.616037,1.362115,-1.925595,guided_exp
10:31:30.523,2,-1.494995,1.431715,-1.975877,guided_exp
10:31:30.523,1,-2.61633,1.365104,-1.926196,guided_exp
10:31:30.605,2,-1.494243,1.427552,-1.97733,guided_exp
10:31:30.605,1,-2.615355,1.365546,-1.927186,guided_exp
10:31:30.689,2,-1.494114,1.428981,-1.977719,guided_exp
10:31:30.690,1,-2.616083,1.364208,-1.930879,guided_exp
10:31:30.772,2,-1.493276,1.426827,-1.978917,guided_exp
10:31:30.772,1,-2.614837,1.357432,-1.934895,guided_exp
10:31:30.856,2,-1.49251,1.426008,-1.980445,guided_exp
10:31:30.857,1,-2.614378,1.362149,-1.937097,guided_exp
10:31:30.939,2,-1.493063,1.426156,-1.982375,guided_exp
10:31:30.939,1,-2.608663,1.361664,-1.937715,guided_exp
10:31:31.089,2,-1.493176,1.428815,-1.983281,guided_exp
10:31:31.090,1,-2.604331,1.361588,-1.939111,guided_exp
10:31:31.189,2,-1.493761,1.429761,-1.984448,guided_exp
10:31:31.190,1,-2.582761,1.360541,-1.942385,guided_exp
10:31:31.272,2,-1.494953,1.430522,-1.985026,guided_exp
10:31:31.272,1,-2.574692,1.36168,-1.940898,guided_exp
10:31:31.423,2,-1.494402,1.42997,-1.984897,guided_exp
10:31:31.423,1,-2.550598,1.362684,-1.948156,guided_exp
10:31:31.505,2,-1.49479,1.430543,-1.984956,guided_exp
10:31:31.506,1,-2.539655,1.359817,-1.948525,guided_exp
10:31:31.589,2,-1.495109,1.431115,-1.984827,guided_exp
10:31:31.589,1,-2.531799,1.364719,-1.947606,guided_exp
10:31:31.672,2,-1.497799,1.431193,-1.985099,guided_exp
10:31:31.672,1,-2.518898,1.366979,-1.947621,guided_exp
10:31:31.756,2,-1.499179,1.430845,-1.984691,guided_exp
10:31:31.756,1,-2.512465,1.36778,-1.947632,guided_exp
10:31:31.839,2,-1.501887,1.429619,-1.98252,guided_exp
10:31:31.839,1,-2.506143,1.366148,-1.946801,guided_exp
10:31:31.923,2,-1.502409,1.429287,-1.98166,guided_exp
10:31:31.923,1,-2.500665,1.362001,-1.946852,guided_exp
10:31:32.005,2,-1.504056,1.428826,-1.980429,guided_exp
10:31:32.005,1,-2.492377,1.361233,-1.947849,guided_exp
10:31:32.156,2,-1.506969,1.428667,-1.979562,guided_exp
10:31:32.157,1,-2.479837,1.361828,-1.94968,guided_exp
10:31:32.239,2,-1.507176,1.428791,-1.978817,guided_exp
10:31:32.239,1,-2.463039,1.363027,-1.950326,guided_exp
10:31:32.323,2,-1.507756,1.431006,-1.978457,guided_exp
10:31:32.323,1,-2.45855,1.365517,-1.952959,guided_exp
10:31:32.405,2,-1.508757,1.433411,-1.977139,guided_exp
10:31:32.405,1,-2.450644,1.363273,-1.95709,guided_exp
10:31:32.489,2,-1.509195,1.43193,-1.976199,guided_exp
10:31:32.490,1,-2.442362,1.362621,-1.957625,guided_exp
10:31:32.573,2,-1.510044,1.433077,-1.974774,guided_exp
10:31:32.573,1,-2.434851,1.363087,-1.959072,guided_exp
10:31:32.656,2,-1.510357,1.433624,-1.973538,guided_exp
10:31:32.656,1,-2.43453,1.363672,-1.958964,guided_exp
10:31:32.739,2,-1.510959,1.434446,-1.972808,guided_exp
10:31:32.739,1,-2.41934,1.363765,-1.961553,guided_exp
10:31:32.823,2,-1.51113,1.433748,-1.972542,guided_exp
10:31:32.823,1,-2.415304,1.363823,-1.962048,guided_exp
10:31:32.905,2,-1.510571,1.43427,-1.971421,guided_exp
10:31:32.905,1,-2.401357,1.365756,-1.960335,guided_exp
10:31:33.055,2,-1.509523,1.430898,-1.970538,guided_exp
10:31:33.056,1,-2.389443,1.36742,-1.961071,guided_exp
10:31:33.139,2,-1.509096,1.428925,-1.970873,guided_exp
10:31:33.139,1,-2.37861,1.365366,-1.958839,guided_exp
10:31:33.223,2,-1.509002,1.431903,-1.970554,guided_exp
10:31:33.223,1,-2.371902,1.363661,-1.947418,guided_exp
10:31:33.305,2,-1.507398,1.428386,-1.969689,guided_exp
10:31:33.305,1,-2.3686,1.363345,-1.921721,guided_exp
10:31:33.389,2,-1.50766,1.426521,-1.969041,guided_exp
10:31:33.390,1,-2.358636,1.36335,-1.905378,guided_exp
10:31:33.472,2,-1.507609,1.42339,-1.96869,guided_exp
10:31:33.472,1,-2.373634,1.363948,-1.854056,guided_exp
10:31:33.556,2,-1.507144,1.422038,-1.96813,guided_exp
10:31:33.556,1,-2.365791,1.363976,-1.839364,guided_exp
10:31:33.639,2,-1.505426,1.42283,-1.967767,guided_exp
10:31:33.639,1,-2.354511,1.362505,-1.782404,guided_exp
10:31:33.723,2,-1.505375,1.421408,-1.967711,guided_exp
10:31:33.723,1,-2.344507,1.363392,-1.751395,guided_exp
10:31:33.805,2,-1.505657,1.4227,-1.967693,guided_exp
10:31:33.806,1,-2.322378,1.365498,-1.691022,guided_exp
10:31:33.939,2,-1.505399,1.421616,-1.967564,guided_exp
10:31:33.939,1,-2.320069,1.3661,-1.627485,guided_exp
10:31:34.023,2,-1.505345,1.420472,-1.967422,guided_exp
10:31:34.023,1,-2.298335,1.364355,-1.588857,guided_exp
10:31:34.106,2,-1.505169,1.418811,-1.968092,guided_exp
10:31:34.106,1,-2.261998,1.363644,-1.557587,guided_exp
10:31:34.189,2,-1.505379,1.418957,-1.968278,guided_exp
10:31:34.190,1,-2.240118,1.363885,-1.534835,guided_exp
10:31:34.273,2,-1.505084,1.417529,-1.969124,guided_exp
10:31:34.273,1,-2.21453,1.364418,-1.495961,guided_exp
10:31:34.356,2,-1.505181,1.417626,-1.969216,guided_exp
10:31:34.356,1,-2.170588,1.364887,-1.467624,guided_exp
10:31:34.439,2,-1.50526,1.418891,-1.969722,guided_exp
10:31:34.440,1,-2.120171,1.366519,-1.433385,guided_exp
10:31:34.522,2,-1.505234,1.420032,-1.969842,guided_exp
10:31:34.522,1,-2.081864,1.366771,-1.4039,guided_exp
10:31:34.605,2,-1.504482,1.424816,-1.971493,guided_exp
10:31:34.606,1,-2.009036,1.364549,-1.365629,guided_exp
10:31:34.689,2,-1.504541,1.42326,-1.971723,guided_exp
10:31:34.689,1,-1.972237,1.364539,-1.347662,guided_exp
10:31:34.772,2,-1.503795,1.423283,-1.971587,guided_exp
10:31:34.772,1,-1.909795,1.363639,-1.321945,guided_exp
10:31:34.856,2,-1.504003,1.424047,-1.971389,guided_exp
10:31:34.856,1,-1.874486,1.362132,-1.304248,guided_exp
10:31:34.939,2,-1.503832,1.423607,-1.971551,guided_exp
10:31:34.939,1,-1.838714,1.361916,-1.267093,guided_exp
10:31:35.022,2,-1.502049,1.423086,-1.971691,guided_exp
10:31:35.023,1,-1.811431,1.361332,-1.248893,guided_exp
10:31:35.106,2,-1.501652,1.418515,-1.972173,guided_exp
10:31:35.106,1,-1.789586,1.361733,-1.209698,guided_exp
10:31:35.189,2,-1.500766,1.425961,-1.972275,guided_exp
10:31:35.190,1,-1.765429,1.361691,-1.187208,guided_exp
10:31:35.272,2,-1.49887,1.428149,-1.970958,guided_exp
10:31:35.272,1,-1.726549,1.362884,-1.131823,guided_exp
10:31:35.356,2,-1.499043,1.42648,-1.970699,guided_exp
10:31:35.357,1,-1.696552,1.363066,-1.085367,guided_exp
10:31:35.444,2,-1.498397,1.419179,-1.97032,guided_exp
10:31:35.445,1,-1.655505,1.365474,-1.042853,guided_exp
10:31:35.522,2,-1.497427,1.420397,-1.96984,guided_exp
10:31:35.522,1,-1.56125,1.363836,-0.869002,guided_exp
10:31:35.606,2,-1.497343,1.420886,-1.969519,guided_exp
10:31:35.607,1,-1.641652,1.363388,-1.134774,guided_exp
10:31:35.689,2,-1.497381,1.420924,-1.969252,guided_exp
10:31:35.689,1,-1.540466,1.362963,-0.911827,guided_exp
10:31:35.773,2,-1.497316,1.422409,-1.968642,guided_exp
10:31:35.773,1,-1.526877,1.363579,-0.898025,guided_exp
10:31:35.856,2,-1.495848,1.422693,-1.967545,guided_exp
10:31:35.856,1,-1.495889,1.364798,-0.908043,guided_exp
10:31:35.939,2,-1.496634,1.419026,-1.966315,guided_exp
10:31:35.940,1,-1.555406,1.364747,-0.91023,guided_exp
10:31:36.022,2,-1.497238,1.418046,-1.964728,guided_exp
10:31:36.023,1,-1.66311,1.362761,-1.565549,guided_exp
10:31:36.106,2,-1.499134,1.416105,-1.959391,guided_exp
10:31:36.106,1,-0.932974,1.363635,-1.053324,guided_exp
10:31:36.189,2,-1.499284,1.414349,-1.957454,guided_exp
10:31:36.189,1,-0.875211,1.363327,-1.036748,guided_exp
10:31:36.272,2,-1.50007,1.415555,-1.941162,guided_exp
10:31:36.356,2,-1.500065,1.362191,-1.931429,guided_exp
10:31:36.439,2,-1.495949,1.417936,-1.908976,guided_exp
10:31:36.523,2,-1.488142,1.362474,-1.888177,guided_exp
10:31:36.606,2,-1.47239,1.41816,-1.85466,guided_exp
10:31:36.689,2,-1.452311,1.364614,-1.822108,guided_exp
10:31:36.773,2,-1.40779,1.419013,-1.762815,guided_exp
10:31:36.856,2,-1.393503,1.365193,-1.739536,guided_exp
10:31:36.973,2,-1.370856,1.417965,-1.699742,guided_exp
10:31:37.073,2,-1.331772,1.365557,-1.63616,guided_exp
10:31:37.156,2,-1.321663,1.41974,-1.612339,guided_exp
10:31:37.239,2,-1.312642,1.367745,-1.586795,guided_exp
10:31:37.323,2,-1.311993,1.423955,-1.580436,guided_exp
10:31:37.406,2,-1.325322,1.371803,-1.557801,guided_exp
10:31:37.489,2,-1.323372,1.428112,-1.53987,guided_exp
10:31:37.573,2,-1.328155,1.37222,-1.531341,guided_exp
10:31:37.656,2,-1.337227,1.42915,-1.524914,guided_exp
10:31:37.739,1,-0.653867,1.374916,-0.880881,guided_exp
10:31:37.739,2,-1.352046,1.426687,-1.512149,guided_exp
10:31:37.822,1,-0.651401,1.38401,-0.880943,guided_exp
10:31:37.823,2,-1.361368,1.423594,-1.507011,guided_exp
10:31:37.906,1,-0.651753,1.390189,-0.879861,guided_exp
10:31:37.906,2,-1.366636,1.420254,-1.503605,guided_exp
10:31:37.989,1,-0.651641,1.381326,-0.875791,guided_exp
10:31:37.989,2,-1.382116,1.42108,-1.501187,guided_exp
10:31:38.073,1,-0.648472,1.376828,-0.880058,guided_exp
10:31:38.073,2,-1.384232,1.418518,-1.495441,guided_exp
10:31:38.156,1,-0.647502,1.377451,-0.881839,guided_exp
10:31:38.156,2,-1.386844,1.419753,-1.493061,guided_exp
10:31:38.239,1,-0.64398,1.380756,-0.871625,guided_exp
10:31:38.239,2,-1.390173,1.423064,-1.491993,guided_exp
10:31:38.323,1,-0.643873,1.379378,-0.871893,guided_exp
10:31:38.323,2,-1.394255,1.424943,-1.4915,guided_exp
10:31:38.405,1,-0.642214,1.376557,-0.87181,guided_exp
10:31:38.406,2,-1.395807,1.426404,-1.490955,guided_exp
10:31:38.489,1,-0.64207,1.370655,-0.87211,guided_exp
10:31:38.490,2,-1.395864,1.42801,-1.491004,guided_exp
10:31:38.572,1,-0.641493,1.37024,-0.872896,guided_exp
10:31:38.572,2,-1.395871,1.426841,-1.491728,guided_exp
10:31:38.656,1,-0.641393,1.372123,-0.873007,guided_exp
10:31:38.657,2,-1.396315,1.424024,-1.491946,guided_exp
10:31:38.739,1,-0.640969,1.375713,-0.872043,guided_exp
10:31:38.739,2,-1.396389,1.422083,-1.491349,guided_exp
10:31:38.823,1,-0.640857,1.379878,-0.872773,guided_exp
10:31:38.823,2,-1.397083,1.422172,-1.491942,guided_exp
10:31:38.906,1,-0.640545,1.381038,-0.87006,guided_exp
10:31:38.906,2,-1.41129,1.422876,-1.48305,guided_exp
10:31:38.990,1,-0.64196,1.381468,-0.870645,guided_exp
10:31:38.990,2,-1.419689,1.437474,-1.47837,guided_exp
10:31:39.072,1,-0.642555,1.380584,-0.873366,guided_exp
10:31:39.073,2,-1.430899,1.435264,-1.462258,guided_exp
10:31:39.156,1,-0.64236,1.378552,-0.872112,guided_exp
10:31:39.157,2,-1.433263,1.437061,-1.440217,guided_exp
10:31:39.239,1,-0.642729,1.37779,-0.87446,guided_exp
10:31:39.240,2,-1.43046,1.434149,-1.394685,guided_exp
10:31:39.322,1,-0.641111,1.37694,-0.871944,guided_exp
10:31:39.323,2,-1.422423,1.432455,-1.359041,guided_exp
10:31:39.406,1,-0.638701,1.37666,-0.869536,guided_exp
10:31:39.406,2,-1.392068,1.431842,-1.282999,guided_exp
10:31:39.489,1,-0.636097,1.376164,-0.863286,guided_exp
10:31:39.489,2,-1.37313,1.442027,-1.226977,guided_exp
10:31:39.573,1,-0.63819,1.375234,-0.86802,guided_exp
10:31:39.573,2,-1.34079,1.44011,-1.15232,guided_exp
10:31:39.656,1,-0.636713,1.374834,-0.866352,guided_exp
10:31:39.656,2,-1.319624,1.442031,-1.109753,guided_exp
10:31:39.739,1,-0.634007,1.372463,-0.858897,guided_exp
10:31:39.739,2,-1.314154,1.444743,-1.066325,guided_exp
10:31:39.823,1,-0.630745,1.372358,-0.848555,guided_exp
10:31:39.823,2,-1.297463,1.443292,-1.041669,guided_exp
10:31:39.905,1,-0.6357,1.373195,-0.86469,guided_exp
10:31:39.906,2,-1.283813,1.436807,-1.005468,guided_exp
10:31:39.990,1,-0.635602,1.373489,-0.86402,guided_exp
10:31:39.990,2,-1.274124,1.434352,-0.987967,guided_exp
10:31:40.072,1,-0.633748,1.37319,-0.85138,guided_exp
10:31:40.072,2,-1.267732,1.443317,-0.960415,guided_exp
10:31:40.156,1,-0.634473,1.373282,-0.852769,guided_exp
10:31:40.157,2,-1.268391,1.440236,-0.956444,guided_exp
10:31:40.239,1,-0.633471,1.372138,-0.849711,guided_exp
10:31:40.239,2,-1.267252,1.43501,-0.951985,guided_exp
10:31:40.323,1,-0.634571,1.37058,-0.84757,guided_exp
10:31:40.323,2,-1.267985,1.436402,-0.95025,guided_exp
10:31:40.423,1,-0.634949,1.370986,-0.848481,guided_exp
10:31:40.423,2,-1.268699,1.434648,-0.942862,guided_exp
10:31:40.505,1,-0.634698,1.372131,-0.847586,guided_exp
10:31:40.506,2,-1.272675,1.434767,-0.942795,guided_exp
10:31:40.589,1,-0.638427,1.371789,-0.851834,guided_exp
10:31:40.590,2,-1.271738,1.439051,-0.940642,guided_exp
10:31:40.672,1,-0.638607,1.37105,-0.852825,guided_exp
10:31:40.672,2,-1.26874,1.439264,-0.934105,guided_exp
10:31:40.756,1,-0.638829,1.370841,-0.85565,guided_exp
10:31:40.757,2,-1.276363,1.443976,-0.929707,guided_exp
10:31:40.839,1,-0.638819,1.370382,-0.849194,guided_exp
10:31:40.839,2,-1.278028,1.436972,-0.929624,guided_exp
10:31:40.923,1,-0.637002,1.369478,-0.843069,guided_exp
10:31:40.923,2,-1.288966,1.432975,-0.936304,guided_exp
10:31:41.006,1,-0.637437,1.368667,-0.839864,guided_exp
10:31:41.006,2,-1.311217,1.434056,-0.951863,guided_exp
10:31:41.090,1,-0.638042,1.368834,-0.843369,guided_exp
10:31:41.090,2,-1.33095,1.434803,-0.98111,guided_exp
10:31:41.190,1,-0.64649,1.369106,-0.847484,guided_exp
10:31:41.190,2,-1.361779,1.434679,-1.023556,guided_exp
10:31:41.272,1,-0.645693,1.370729,-0.843414,guided_exp
10:31:41.272,2,-1.391323,1.433704,-1.062762,guided_exp
10:31:41.356,1,-0.644655,1.372452,-0.84331,guided_exp
10:31:41.357,2,-1.414456,1.432745,-1.102341,guided_exp
10:31:41.456,1,-0.642006,1.373186,-0.851694,guided_exp
10:31:41.456,2,-1.438473,1.431736,-1.151604,guided_exp
10:31:41.539,1,-0.632589,1.373364,-0.857593,guided_exp
10:31:41.539,2,-1.446997,1.435625,-1.198363,guided_exp
10:31:41.622,1,-0.631313,1.37236,-0.859389,guided_exp
10:31:41.623,2,-1.453858,1.439939,-1.219882,guided_exp
10:31:41.706,1,-0.610546,1.372053,-0.885872,guided_exp
10:31:41.706,2,-1.456058,1.440254,-1.258709,guided_exp
10:31:41.790,1,-0.617326,1.371881,-0.909694,guided_exp
10:31:41.790,2,-1.455257,1.439963,-1.276342,guided_exp
10:31:41.872,1,-0.589242,1.372972,-0.918128,guided_exp
10:31:41.873,2,-1.452354,1.439795,-1.310832,guided_exp
10:31:41.956,1,-0.553771,1.372855,-0.947962,guided_exp
10:31:41.957,2,-1.439491,1.444336,-1.350159,guided_exp
10:31:42.039,1,-0.573186,1.373618,-0.890308,guided_exp
10:31:42.039,2,-1.422504,1.441853,-1.379866,guided_exp
10:31:42.123,1,-0.575603,1.373657,-0.892821,guided_exp
10:31:42.123,2,-1.40637,1.434012,-1.398158,guided_exp
10:31:42.206,1,-0.591338,1.373307,-0.916011,guided_exp
10:31:42.206,2,-1.385355,1.436188,-1.432849,guided_exp
10:31:42.289,1,-0.599847,1.372885,-0.935059,guided_exp
10:31:42.290,2,-1.370494,1.433342,-1.447473,guided_exp
10:31:42.373,1,-0.624447,1.373958,-0.99139,guided_exp
10:31:42.373,2,-1.357415,1.436968,-1.464529,guided_exp
10:31:42.456,1,-0.630902,1.374024,-1.006572,guided_exp
10:31:42.457,2,-1.354833,1.442927,-1.471689,guided_exp
10:31:42.539,1,-0.659743,1.373021,-1.040425,guided_exp
10:31:42.540,2,-1.35101,1.444596,-1.480815,guided_exp
10:31:42.623,1,-0.688539,1.373378,-1.083076,guided_exp
10:31:42.623,2,-1.348433,1.4352,-1.48648,guided_exp
10:31:42.705,1,-0.721018,1.373661,-1.133888,guided_exp
10:31:42.706,2,-1.34739,1.433603,-1.488478,guided_exp
10:31:42.789,1,-0.728955,1.372627,-1.169325,guided_exp
10:31:42.790,2,-1.347865,1.441692,-1.48858,guided_exp
10:31:42.872,1,-0.751277,1.372443,-1.203895,guided_exp
10:31:42.872,2,-1.346575,1.431587,-1.485573,guided_exp
10:31:42.956,1,-0.757654,1.372324,-1.215691,guided_exp
10:31:42.956,2,-1.345475,1.431241,-1.485681,guided_exp
10:31:43.039,1,-0.764989,1.372016,-1.235496,guided_exp
10:31:43.039,2,-1.347746,1.431836,-1.485508,guided_exp
10:31:43.124,1,-0.769444,1.372512,-1.249497,guided_exp
10:31:43.125,2,-1.349106,1.433479,-1.484997,guided_exp
10:31:43.205,1,-0.770342,1.372044,-1.261393,guided_exp
10:31:43.206,2,-1.350972,1.432265,-1.485386,guided_exp
10:31:43.290,1,-0.77121,1.371785,-1.26698,guided_exp
10:31:43.290,2,-1.351698,1.432243,-1.484945,guided_exp
10:31:43.372,1,-0.770849,1.371898,-1.276609,guided_exp
10:31:43.373,2,-1.35245,1.432696,-1.484237,guided_exp
10:31:43.456,1,-0.769967,1.37202,-1.281708,guided_exp
10:31:43.457,2,-1.353467,1.440601,-1.483395,guided_exp
10:31:43.539,1,-0.765246,1.372204,-1.289061,guided_exp
10:31:43.539,2,-1.354843,1.441803,-1.484498,guided_exp
10:31:43.623,1,-0.762846,1.372297,-1.293569,guided_exp
10:31:43.623,2,-1.355625,1.437584,-1.484858,guided_exp
10:31:43.706,1,-0.752217,1.371734,-1.304697,guided_exp
10:31:43.706,2,-1.355432,1.435128,-1.485388,guided_exp
10:31:43.856,1,-0.750643,1.371805,-1.307595,guided_exp
10:31:43.857,2,-1.356287,1.437004,-1.488858,guided_exp
10:31:43.939,1,-0.745394,1.371628,-1.310705,guided_exp
10:31:43.939,2,-1.35629,1.438542,-1.490081,guided_exp
10:31:44.023,1,-0.742728,1.371751,-1.312263,guided_exp
10:31:44.023,2,-1.357828,1.439123,-1.497984,guided_exp
10:31:44.106,1,-0.739707,1.373829,-1.314349,guided_exp
10:31:44.106,2,-1.356894,1.438815,-1.500171,guided_exp
10:31:44.190,1,-0.735967,1.377741,-1.319016,guided_exp
10:31:44.190,2,-1.357021,1.403122,-1.504745,guided_exp
10:31:44.272,1,-0.732533,1.381628,-1.3257,guided_exp
10:31:44.273,2,-1.357691,1.3992,-1.51987,guided_exp
10:31:44.356,1,-0.733074,1.384556,-1.328182,guided_exp
10:31:44.356,2,-1.359673,1.411137,-1.528308,guided_exp
10:31:44.439,1,-0.730177,1.388,-1.330247,guided_exp
10:31:44.439,2,-1.361305,1.442405,-1.536646,guided_exp
10:31:44.523,1,-0.730887,1.393352,-1.329825,guided_exp
10:31:44.523,2,-1.360973,1.445269,-1.53742,guided_exp
10:31:44.623,1,-0.728815,1.389435,-1.335421,guided_exp
10:31:44.623,2,-1.362524,1.467178,-1.543782,guided_exp
10:31:44.706,1,-0.728908,1.389732,-1.33874,guided_exp
10:31:44.706,2,-1.362238,1.461686,-1.549605,guided_exp
10:31:44.790,1,-0.731215,1.394747,-1.338734,guided_exp
10:31:44.790,2,-1.366205,1.458796,-1.551429,guided_exp
10:31:44.872,1,-0.735707,1.396356,-1.335442,guided_exp
10:31:44.872,2,-1.369724,1.437267,-1.555231,guided_exp
10:31:44.956,1,-0.73708,1.396038,-1.334557,guided_exp
10:31:44.957,2,-1.370713,1.438206,-1.560596,guided_exp
10:31:45.039,1,-0.735783,1.388797,-1.341186,guided_exp
10:31:45.039,2,-1.374341,1.439144,-1.568384,guided_exp
10:31:45.123,1,-0.735703,1.391599,-1.3434,guided_exp
10:31:45.123,2,-1.376916,1.44478,-1.570991,guided_exp
10:31:45.206,1,-0.734695,1.391074,-1.345337,guided_exp
10:31:45.206,2,-1.383193,1.461123,-1.577286,guided_exp
10:31:45.290,1,-0.73521,1.394321,-1.344873,guided_exp
10:31:45.290,2,-1.385865,1.46162,-1.583479,guided_exp
10:31:45.372,1,-0.736446,1.396023,-1.344916,guided_exp
10:31:45.373,2,-1.388445,1.461965,-1.588102,guided_exp
10:31:45.456,1,-0.736629,1.398612,-1.345174,guided_exp
10:31:45.457,2,-1.389205,1.466612,-1.59052,guided_exp
10:31:45.539,1,-0.737197,1.400931,-1.346059,guided_exp
10:31:45.540,2,-1.391837,1.476706,-1.593503,guided_exp
10:31:45.622,1,-0.738454,1.403407,-1.347902,guided_exp
10:31:45.622,2,-1.393396,1.455632,-1.59412,guided_exp
10:31:45.706,1,-0.738395,1.400937,-1.354331,guided_exp
10:31:45.706,2,-1.392261,1.468026,-1.592305,guided_exp
10:31:45.789,1,-0.737917,1.399795,-1.35518,guided_exp
10:31:45.789,2,-1.391617,1.467134,-1.592214,guided_exp
10:31:45.872,1,-0.73713,1.398865,-1.356255,guided_exp
10:31:45.872,2,-1.392515,1.477685,-1.596411,guided_exp
10:31:45.956,1,-0.737348,1.399346,-1.356842,guided_exp
10:31:45.957,2,-1.390647,1.457613,-1.594705,guided_exp
10:31:46.039,1,-0.737515,1.399926,-1.357465,guided_exp
10:31:46.039,2,-1.387944,1.455369,-1.593047,guided_exp
10:31:46.122,1,-0.738252,1.400331,-1.357316,guided_exp
10:31:46.123,2,-1.386591,1.467428,-1.592307,guided_exp
10:31:46.222,1,-0.740116,1.399613,-1.355414,guided_exp
10:31:46.222,2,-1.38572,1.468067,-1.59382,guided_exp
10:31:46.305,1,-0.74558,1.399393,-1.353925,guided_exp
10:31:46.306,2,-1.384636,1.469003,-1.594048,guided_exp
10:31:46.389,1,-0.744162,1.39988,-1.354773,guided_exp
10:31:46.389,2,-1.383172,1.477159,-1.591633,guided_exp
10:31:46.472,1,-0.746139,1.399735,-1.352718,guided_exp
10:31:46.472,2,-1.382571,1.476255,-1.589626,guided_exp
10:31:46.556,1,-0.745028,1.399752,-1.352401,guided_exp
10:31:46.556,2,-1.382028,1.449186,-1.589778,guided_exp
10:31:46.639,1,-0.745042,1.398808,-1.351691,guided_exp
10:31:46.639,2,-1.380845,1.455147,-1.588143,guided_exp
10:31:46.722,1,-0.746533,1.398446,-1.3513,guided_exp
10:31:46.722,2,-1.378942,1.465322,-1.584787,guided_exp
10:31:46.806,1,-0.747458,1.397895,-1.350673,guided_exp
10:31:46.806,2,-1.377162,1.477814,-1.582985,guided_exp
10:31:46.890,1,-0.747989,1.396887,-1.349441,guided_exp
10:31:46.890,2,-1.374632,1.476584,-1.580377,guided_exp
10:31:46.972,1,-0.74535,1.396271,-1.348795,guided_exp
10:31:46.972,2,-1.373477,1.477987,-1.578975,guided_exp
10:31:47.056,1,-0.745313,1.394819,-1.348919,guided_exp
10:31:47.057,2,-1.372766,1.478381,-1.577328,guided_exp
10:31:47.139,1,-0.745805,1.394125,-1.348372,guided_exp
10:31:47.139,2,-1.371304,1.48523,-1.575326,guided_exp
10:31:47.223,1,-0.745668,1.394241,-1.348498,guided_exp
10:31:47.223,2,-1.369401,1.485165,-1.572647,guided_exp
10:31:47.306,1,-0.747809,1.394743,-1.348276,guided_exp
10:31:47.306,2,-1.369092,1.484092,-1.571499,guided_exp
10:31:47.444,1,-0.747355,1.395274,-1.348667,guided_exp
10:31:47.444,2,-1.369418,1.48008,-1.570739,guided_exp
10:31:47.523,1,-0.747831,1.395612,-1.350961,guided_exp
10:31:47.523,2,-1.367563,1.481275,-1.568504,guided_exp
10:31:47.606,1,-0.747133,1.395983,-1.358541,guided_exp
10:31:47.606,2,-1.367629,1.482919,-1.566974,guided_exp
10:31:47.690,1,-0.745281,1.395624,-1.364842,guided_exp
10:31:47.690,2,-1.36748,1.486154,-1.567022,guided_exp
10:31:47.772,1,-0.739662,1.395823,-1.378284,guided_exp
10:31:47.773,2,-1.365418,1.487014,-1.563955,guided_exp
10:31:47.856,1,-0.730632,1.395929,-1.392669,guided_exp
10:31:47.857,2,-1.367454,1.484594,-1.562858,guided_exp
10:31:47.939,1,-0.720653,1.397309,-1.413147,guided_exp
10:31:47.940,2,-1.367551,1.485687,-1.562535,guided_exp
10:31:48.022,1,-0.708616,1.397793,-1.432211,guided_exp
10:31:48.023,2,-1.367366,1.485457,-1.563124,guided_exp
10:31:48.106,1,-0.685843,1.398036,-1.46464,guided_exp
10:31:48.106,2,-1.366939,1.485702,-1.563418,guided_exp
10:31:48.189,1,-0.676344,1.398236,-1.484277,guided_exp
10:31:48.189,2,-1.367329,1.485614,-1.56393,guided_exp
10:31:48.340,1,-0.649386,1.398818,-1.537025,guided_exp
10:31:48.340,2,-1.368099,1.485502,-1.564908,guided_exp
10:31:48.422,1,-0.645067,1.399209,-1.553671,guided_exp
10:31:48.422,2,-1.369528,1.484073,-1.56348,guided_exp
10:31:48.556,1,-0.654741,1.398994,-1.597936,guided_exp
10:31:48.556,2,-1.373706,1.483447,-1.564159,guided_exp
10:31:48.640,1,-0.662744,1.398729,-1.617178,guided_exp
10:31:48.640,2,-1.374948,1.483197,-1.565736,guided_exp
10:31:48.722,1,-0.670529,1.398556,-1.64425,guided_exp
10:31:48.722,2,-1.375252,1.484667,-1.564952,guided_exp
10:31:48.855,1,-0.719466,1.397905,-1.732229,guided_exp
10:31:48.856,2,-1.375529,1.483733,-1.561518,guided_exp
10:31:48.940,1,-0.762269,1.396489,-1.759903,guided_exp
10:31:48.940,2,-1.372623,1.484114,-1.557867,guided_exp
10:31:49.022,1,-0.827676,1.395936,-1.849504,guided_exp
10:31:49.022,2,-1.372181,1.48336,-1.556703,guided_exp
10:31:49.106,1,-0.866516,1.395495,-1.92044,guided_exp
10:31:49.107,2,-1.371889,1.483321,-1.556617,guided_exp
10:31:49.189,1,-0.916862,1.395015,-1.971719,guided_exp
10:31:49.189,2,-1.371192,1.483776,-1.556423,guided_exp
10:31:49.273,1,-0.956047,1.395102,-2.010694,guided_exp
10:31:49.274,2,-1.369503,1.483205,-1.555866,guided_exp
10:31:49.356,1,-0.987148,1.394785,-2.029421,guided_exp
10:31:49.356,2,-1.369103,1.483867,-1.555413,guided_exp
10:31:49.445,1,-1.040497,1.394706,-2.069809,guided_exp
10:31:49.445,2,-1.368968,1.484337,-1.556139,guided_exp
10:31:49.522,1,-1.0781,1.394503,-2.089788,guided_exp
10:31:49.522,2,-1.369229,1.48313,-1.557126,guided_exp
10:31:49.606,1,-1.139214,1.394178,-2.114081,guided_exp
10:31:49.606,2,-1.370542,1.481785,-1.558481,guided_exp
10:31:49.689,1,-1.194959,1.394083,-2.12684,guided_exp
10:31:49.689,2,-1.376314,1.482542,-1.560455,guided_exp
10:31:49.773,1,-1.273574,1.393269,-2.141934,guided_exp
10:31:49.773,2,-1.391961,1.483226,-1.563428,guided_exp
10:31:49.856,1,-1.328182,1.39319,-2.148411,guided_exp
10:31:49.856,2,-1.410225,1.48159,-1.557557,guided_exp
10:31:49.939,1,-1.405946,1.393583,-2.154377,guided_exp
10:31:49.939,2,-1.452355,1.482054,-1.534757,guided_exp
10:31:50.023,1,-1.451368,1.394331,-2.159147,guided_exp
10:31:50.023,2,-1.56285,1.481616,-1.635468,guided_exp
10:31:50.106,1,-1.517922,1.394587,-2.173196,guided_exp
10:31:50.106,2,-1.621046,1.481609,-1.61504,guided_exp
10:31:50.190,1,-1.56153,1.393969,-2.185926,guided_exp
10:31:50.190,2,-1.62242,1.480319,-1.598074,guided_exp
10:31:50.272,1,-1.627754,1.393549,-2.20023,guided_exp
10:31:50.356,1,-1.676981,1.477651,-2.2159,guided_exp
10:31:50.439,1,-1.764317,1.392461,-2.244078,guided_exp
10:31:50.522,1,-1.834665,1.477194,-2.258074,guided_exp
10:31:50.607,1,-1.882259,1.39222,-2.282242,guided_exp
10:31:50.689,1,-1.960678,1.47614,-2.307475,guided_exp
10:31:50.822,1,-2.052167,1.392204,-2.310936,guided_exp
10:31:50.973,1,-2.138805,1.475424,-2.319213,guided_exp
10:31:51.056,1,-2.14389,1.393055,-2.31648,guided_exp
10:31:51.139,1,-2.152751,1.474707,-2.310536,guided_exp
10:31:51.222,1,-2.167902,1.393529,-2.297413,guided_exp
10:31:51.306,1,-2.175925,1.474155,-2.280749,guided_exp
10:31:51.390,1,-2.1859,1.39364,-2.269688,guided_exp
10:31:51.472,1,-2.207671,1.473991,-2.25011,guided_exp
10:31:51.556,1,-2.215107,1.393238,-2.244672,guided_exp
10:31:51.639,1,-2.229893,1.474611,-2.235736,guided_exp
10:31:51.723,1,-2.240682,1.393364,-2.231836,guided_exp
10:31:51.806,1,-2.250757,1.475367,-2.229118,guided_exp
10:31:51.890,1,-2.294521,1.393739,-2.218069,guided_exp
10:31:51.973,1,-2.329305,1.475972,-2.212864,guided_exp
10:31:52.056,1,-2.34609,1.394017,-2.208973,guided_exp
10:31:52.139,1,-2.374212,1.477421,-2.207115,guided_exp
10:31:52.223,1,-2.382888,1.393229,-2.204824,guided_exp
10:31:52.306,1,-2.390114,1.480449,-2.200427,guided_exp
10:31:52.390,1,-2.393708,1.39401,-2.197447,guided_exp
10:31:52.472,1,-2.396701,1.479656,-2.192669,guided_exp
10:31:52.556,1,-2.3953,1.394236,-2.186336,guided_exp
10:31:52.639,1,-2.395861,1.480505,-2.178748,guided_exp
10:31:52.723,1,-2.393806,1.394066,-2.174275,guided_exp
10:31:52.806,1,-2.390163,1.482597,-2.168811,guided_exp
10:31:52.889,2,-1.358548,1.394775,-1.331145,guided_exp
10:31:52.889,1,-2.38652,1.482057,-2.166842,guided_exp
10:31:52.973,2,-1.355468,1.396565,-1.380777,guided_exp
10:31:52.973,1,-2.377977,1.484057,-2.162139,guided_exp
10:31:53.056,2,-1.354436,1.396534,-1.40508,guided_exp
10:31:53.056,1,-2.377842,1.485721,-2.16169,guided_exp
10:31:53.140,2,-1.349727,1.395689,-1.443875,guided_exp
10:31:53.140,1,-2.367188,1.486998,-2.158658,guided_exp
10:31:53.222,2,-1.349134,1.395532,-1.469467,guided_exp
10:31:53.223,1,-2.36133,1.487092,-2.158212,guided_exp
10:31:53.306,2,-1.336802,1.395776,-1.492942,guided_exp
10:31:53.307,1,-2.354924,1.488406,-2.157077,guided_exp
10:31:53.389,2,-1.336536,1.396033,-1.506913,guided_exp
10:31:53.389,1,-2.35089,1.488814,-2.156825,guided_exp
10:31:53.473,2,-1.334661,1.396554,-1.521646,guided_exp
10:31:53.473,1,-2.34779,1.488304,-2.154926,guided_exp
10:31:53.556,2,-1.318185,1.396443,-1.532034,guided_exp
10:31:53.556,1,-2.345589,1.489128,-2.153235,guided_exp
10:31:53.706,2,-1.299633,1.396229,-1.538141,guided_exp
10:31:53.707,1,-2.343459,1.490053,-2.151246,guided_exp
10:31:53.789,2,-1.284099,1.395971,-1.540076,guided_exp
10:31:53.789,1,-2.339911,1.489021,-2.149944,guided_exp
10:31:53.873,2,-1.267148,1.396259,-1.538928,guided_exp
10:31:53.874,1,-2.337245,1.488047,-2.150189,guided_exp
10:31:53.956,2,-1.254343,1.396533,-1.538203,guided_exp
10:31:53.956,1,-2.336177,1.487802,-2.150128,guided_exp
10:31:54.040,2,-1.246566,1.39676,-1.54001,guided_exp
10:31:54.040,1,-2.334478,1.486446,-2.150925,guided_exp
10:31:54.123,2,-1.247386,1.397164,-1.539591,guided_exp
10:31:54.123,1,-2.333965,1.486503,-2.151092,guided_exp
10:31:54.206,2,-1.242938,1.397259,-1.537283,guided_exp
10:31:54.207,1,-2.332779,1.486617,-2.152537,guided_exp
10:31:54.289,2,-1.23523,1.397059,-1.532166,guided_exp
10:31:54.290,1,-2.331124,1.486217,-2.153447,guided_exp
10:31:54.373,2,-1.234584,1.397221,-1.531271,guided_exp
10:31:54.373,1,-2.328532,1.485729,-2.156145,guided_exp
10:31:54.456,2,-1.234344,1.398011,-1.529239,guided_exp
10:31:54.457,1,-2.326515,1.484217,-2.156652,guided_exp
10:31:54.539,2,-1.236451,1.397808,-1.528136,guided_exp
10:31:54.540,1,-2.324405,1.482162,-2.158847,guided_exp
10:31:54.622,2,-1.237615,1.397818,-1.52744,guided_exp
10:31:54.623,1,-2.323889,1.480903,-2.159488,guided_exp
10:31:54.706,2,-1.238861,1.397769,-1.52688,guided_exp
10:31:54.706,1,-2.322675,1.47844,-2.160535,guided_exp
10:31:54.789,2,-1.241523,1.397684,-1.526485,guided_exp
10:31:54.789,1,-2.326204,1.470248,-2.160637,guided_exp
10:31:54.873,2,-1.24361,1.397417,-1.526306,guided_exp
10:31:54.873,1,-2.323686,1.468751,-2.162426,guided_exp
10:31:54.956,2,-1.245301,1.397602,-1.526678,guided_exp
10:31:54.956,1,-2.322075,1.465613,-2.163326,guided_exp
10:31:55.039,2,-1.249604,1.397302,-1.52447,guided_exp
10:31:55.039,1,-2.321112,1.458851,-2.164321,guided_exp
10:31:55.123,2,-1.251658,1.397139,-1.525464,guided_exp
10:31:55.123,1,-2.320344,1.46424,-2.164903,guided_exp
10:31:55.206,2,-1.251949,1.397298,-1.525948,guided_exp
10:31:55.206,1,-2.320334,1.466689,-2.165263,guided_exp
10:31:55.290,2,-1.252013,1.397724,-1.526139,guided_exp
10:31:55.290,1,-2.320293,1.453558,-2.165294,guided_exp
10:31:55.372,2,-1.252626,1.397811,-1.526443,guided_exp
10:31:55.373,1,-2.32018,1.462853,-2.165461,guided_exp
10:31:55.456,2,-1.252971,1.397456,-1.526154,guided_exp
10:31:55.457,1,-2.320194,1.47024,-2.165411,guided_exp
10:31:55.539,2,-1.253345,1.397444,-1.527218,guided_exp
10:31:55.539,1,-2.320164,1.47027,-2.165696,guided_exp
10:31:55.623,2,-1.254558,1.397254,-1.529021,guided_exp
10:31:55.624,1,-2.320046,1.463113,-2.165905,guided_exp
10:31:55.706,2,-1.259957,1.397204,-1.538709,guided_exp
10:31:55.706,1,-2.319945,1.454518,-2.165987,guided_exp
10:31:55.790,2,-1.260964,1.397422,-1.542531,guided_exp
10:31:55.790,1,-2.320027,1.448139,-2.166097,guided_exp
10:31:55.873,2,-1.259028,1.39742,-1.545548,guided_exp
10:31:55.873,1,-2.32038,1.447364,-2.166345,guided_exp
10:31:55.956,2,-1.257324,1.397143,-1.546984,guided_exp
10:31:55.956,1,-2.320588,1.45049,-2.166382,guided_exp
10:31:56.056,2,-1.246675,1.397065,-1.549215,guided_exp
10:31:56.057,1,-2.320989,1.449298,-2.166214,guided_exp
10:31:56.139,2,-1.240557,1.397395,-1.552785,guided_exp
10:31:56.139,1,-2.32156,1.44804,-2.166751,guided_exp
10:31:56.223,2,-1.232319,1.397494,-1.553976,guided_exp
10:31:56.224,1,-2.321998,1.448634,-2.167126,guided_exp
10:31:56.306,2,-1.223235,1.397226,-1.556837,guided_exp
10:31:56.306,1,-2.322727,1.453287,-2.167584,guided_exp
10:31:56.390,2,-1.217603,1.397765,-1.559173,guided_exp
10:31:56.390,1,-2.32383,1.453094,-2.167621,guided_exp
10:31:56.472,2,-1.212475,1.39741,-1.563448,guided_exp
10:31:56.473,1,-2.324822,1.45049,-2.168186,guided_exp
10:31:56.556,2,-1.21103,1.397318,-1.569363,guided_exp
10:31:56.557,1,-2.328349,1.447713,-2.168687,guided_exp
10:31:56.639,2,-1.208602,1.397791,-1.578179,guided_exp
10:31:56.640,1,-2.32873,1.442779,-2.168898,guided_exp
10:31:56.722,2,-1.212089,1.397798,-1.595139,guided_exp
10:31:56.723,1,-2.329249,1.447975,-2.169246,guided_exp
10:31:56.806,2,-1.220645,1.398116,-1.615016,guided_exp
10:31:56.806,1,-2.329986,1.445925,-2.170277,guided_exp
10:31:56.889,2,-1.228008,1.39824,-1.636332,guided_exp
10:31:56.889,1,-2.334367,0.859868,-2.170418,guided_exp
10:31:56.973,2,-1.241175,1.39802,-1.668397,guided_exp
10:31:56.973,1,-2.334613,0.303194,-2.171448,guided_exp
10:31:57.056,2,-1.259646,1.397577,-1.703648,guided_exp
10:31:57.056,1,-2.341994,0.322149,-2.17121,guided_exp
10:31:57.139,2,-1.289868,1.397412,-1.759063,guided_exp
10:31:57.139,1,-2.344861,0.266257,-2.169733,guided_exp
10:31:57.223,2,-1.312619,1.397381,-1.800937,guided_exp
10:31:57.223,1,-2.3454,0.086313,-2.171176,guided_exp
10:31:57.306,2,-1.357438,1.397221,-1.861494,guided_exp
10:31:57.306,1,-2.349154,0.388227,-2.170207,guided_exp
10:31:57.389,2,-1.376155,1.397718,-1.895186,guided_exp
10:31:57.389,1,-2.350449,0.512395,-2.170423,guided_exp
10:31:57.472,2,-1.411229,1.398961,-1.936595,guided_exp
10:31:57.472,1,-2.350978,-0.0975,-2.169934,guided_exp
10:31:57.623,2,-1.443426,1.398289,-1.968504,guided_exp
10:31:57.624,1,-2.35196,0.214768,-2.168048,guided_exp
10:31:57.706,2,-1.46866,1.398004,-1.983503,guided_exp
10:31:57.706,1,-2.35281,1.656949,-2.163655,guided_exp
10:31:57.840,2,-1.495635,1.396678,-1.998628,guided_exp
10:31:57.840,1,-2.353074,1.656949,-2.162439,guided_exp
10:31:57.923,2,-1.509054,1.394948,-1.99966,guided_exp
10:31:57.923,1,-2.353979,1.656949,-2.16006,guided_exp
10:31:58.006,2,-1.530339,1.39214,-2.001253,guided_exp
10:31:58.006,1,-2.353691,1.656949,-2.159105,guided_exp
10:31:58.089,2,-1.54361,1.388104,-1.999685,guided_exp
10:31:58.090,1,-2.354414,1.656949,-2.157611,guided_exp
10:31:58.172,2,-1.578782,1.383649,-1.992124,guided_exp
10:31:58.172,1,-2.353642,1.656949,-2.157978,guided_exp
10:31:58.256,2,-1.594958,1.378057,-1.991756,guided_exp
10:31:58.256,1,-2.353784,1.656949,-2.156779,guided_exp
10:31:58.339,2,-1.628082,1.376587,-1.987358,guided_exp
10:31:58.339,1,-2.354179,1.656949,-2.155014,guided_exp
10:31:58.423,2,-1.64452,1.377338,-1.986031,guided_exp
10:31:58.423,1,-2.35388,1.656949,-2.154767,guided_exp
10:31:58.506,2,-1.669949,1.376794,-1.980183,guided_exp
10:31:58.506,1,-2.355176,1.656949,-2.153404,guided_exp
10:31:58.589,2,-1.685562,1.380776,-1.973051,guided_exp
10:31:58.589,1,-2.355215,1.656949,-2.152952,guided_exp
10:31:58.673,2,-1.700466,1.382143,-1.967338,guided_exp
10:31:58.673,1,-2.355369,1.656949,-2.153574,guided_exp
10:31:58.756,2,-1.716701,1.381377,-1.96077,guided_exp
10:31:58.757,1,-2.358073,1.656949,-2.152173,guided_exp
10:31:58.839,2,-1.722504,1.374901,-1.955893,guided_exp
10:31:58.839,1,-2.359735,1.656949,-2.152596,guided_exp
10:31:58.923,2,-1.727531,1.382396,-1.951725,guided_exp
10:31:58.924,1,-2.363405,1.656949,-2.153464,guided_exp
10:31:59.006,2,-1.732012,1.383808,-1.945361,guided_exp
10:31:59.006,1,-2.367647,1.656949,-2.155152,guided_exp
10:31:59.139,2,-1.733292,1.381449,-1.93918,guided_exp
10:31:59.139,1,-2.372583,1.656949,-2.156103,guided_exp
10:31:59.223,2,-1.733432,1.448797,-1.934694,guided_exp
10:31:59.223,1,-2.372564,1.383882,-2.157234,guided_exp
10:31:59.323,2,-1.733865,1.656949,-1.93077,guided_exp
10:31:59.323,1,-2.380108,1.448039,-2.160716,guided_exp
10:31:59.406,2,-1.733671,1.384748,-1.928182,guided_exp
10:31:59.406,1,-2.385087,1.656949,-2.162413,guided_exp
10:31:59.489,2,-1.733412,1.44098,-1.92729,guided_exp
10:31:59.489,1,-2.387649,1.382993,-2.163433,guided_exp
10:31:59.573,2,-1.733274,1.656949,-1.92647,guided_exp
10:31:59.573,1,-2.394126,1.440149,-2.165533,guided_exp
10:31:59.656,2,-1.732966,1.378554,-1.925824,guided_exp
10:31:59.656,1,-2.397011,1.656949,-2.165714,guided_exp
10:31:59.739,2,-1.731939,1.435851,-1.925528,guided_exp
10:31:59.740,1,-2.402748,1.380429,-2.168215,guided_exp
10:31:59.823,2,-1.731665,1.656949,-1.926702,guided_exp
10:31:59.824,1,-2.405221,1.433956,-2.169333,guided_exp
10:31:59.906,2,-1.731689,1.380881,-1.928061,guided_exp
10:31:59.906,1,-2.408813,1.656949,-2.171253,guided_exp
10:32:00.057,2,-1.729967,1.437893,-1.932384,guided_exp
10:32:00.057,1,-2.409604,1.379325,-2.171376,guided_exp
10:32:00.139,2,-1.728159,1.656949,-1.93542,guided_exp
10:32:00.139,1,-2.40986,1.437117,-2.171539,guided_exp
10:32:00.223,2,-1.725601,1.378024,-1.936427,guided_exp
10:32:00.224,1,-2.410063,1.656949,-2.172821,guided_exp
10:32:00.306,2,-1.721604,1.437091,-1.938541,guided_exp
10:32:00.306,1,-2.409298,1.376614,-2.174477,guided_exp
10:32:00.390,2,-1.715752,1.656949,-1.940089,guided_exp
10:32:00.390,1,-2.406418,1.437157,-2.17587,guided_exp
10:32:00.472,2,-1.714801,1.376396,-1.943283,guided_exp
10:32:00.472,1,-2.399657,1.656949,-2.175871,guided_exp
10:32:00.556,2,-1.714876,1.435995,-1.94538,guided_exp
10:32:00.557,1,-2.394724,1.376417,-2.176287,guided_exp
10:32:00.639,2,-1.706623,1.656949,-1.945012,guided_exp
10:32:00.639,1,-2.387287,1.435844,-2.175911,guided_exp
10:32:00.723,2,-1.702884,1.376562,-1.945113,guided_exp
10:32:00.724,1,-2.381269,1.656949,-2.175637,guided_exp
10:32:00.806,2,-1.699563,1.433533,-1.946364,guided_exp
10:32:00.806,1,-2.36659,1.377591,-2.175644,guided_exp
10:32:00.890,2,-1.691167,1.656949,-1.948355,guided_exp
10:32:00.890,1,-2.355915,1.431961,-2.176561,guided_exp
10:32:00.972,2,-1.681961,1.377861,-1.951893,guided_exp
10:32:00.973,1,-2.338922,1.656949,-2.175689,guided_exp
10:32:01.123,2,-1.657212,1.432644,-1.960558,guided_exp
10:32:01.124,1,-2.310387,1.373995,-2.172078,guided_exp
10:32:01.206,2,-1.63109,1.426526,-1.963573,guided_exp
10:32:01.206,1,-2.286831,1.369899,-2.167794,guided_exp
10:32:01.290,2,-1.610082,1.41797,-1.968932,guided_exp
10:32:01.290,1,-2.269571,1.364523,-2.163057,guided_exp
10:32:01.372,2,-1.579146,1.417492,-1.974625,guided_exp
10:32:01.373,1,-2.24372,1.361182,-2.156227,guided_exp
10:32:01.457,2,-1.56358,1.414508,-1.976019,guided_exp
10:32:01.457,1,-2.222725,1.354287,-2.149779,guided_exp
10:32:01.539,2,-1.530596,1.417228,-1.972177,guided_exp
10:32:01.539,1,-2.201338,1.352037,-2.139258,guided_exp
10:32:01.623,2,-1.513821,1.416233,-1.963428,guided_exp
10:32:01.624,1,-2.187384,1.329231,-2.129725,guided_exp
10:32:01.706,2,-1.48662,1.418862,-1.939162,guided_exp
10:32:01.706,1,-2.163655,1.32887,-2.112454,guided_exp
10:32:01.790,2,-1.455151,1.414743,-1.911963,guided_exp
10:32:01.790,1,-2.144879,1.336533,-2.093992,guided_exp
10:32:01.872,2,-1.407807,1.41862,-1.859945,guided_exp
10:32:01.873,1,-2.119635,1.337701,-2.058548,guided_exp
10:32:01.957,2,-1.385414,1.423845,-1.841269,guided_exp
10:32:01.957,1,-2.102821,1.333118,-2.037696,guided_exp
10:32:02.040,2,-1.308701,1.435006,-1.765381,guided_exp
10:32:02.040,1,-2.07818,1.33192,-1.989514,guided_exp
10:32:02.123,2,-1.262904,1.409976,-1.730703,guided_exp
10:32:02.123,1,-2.059257,1.334231,-1.961115,guided_exp
10:32:02.206,2,-1.199954,1.414267,-1.677828,guided_exp
10:32:02.206,1,-2.045551,1.334892,-1.901195,guided_exp
10:32:02.289,2,-1.152215,1.430028,-1.631578,guided_exp
10:32:02.289,1,-2.024584,1.337157,-1.847982,guided_exp
10:32:02.372,2,-1.106508,1.428575,-1.593755,guided_exp
10:32:02.373,1,-2.003014,1.33385,-1.799049,guided_exp
10:32:02.456,2,-1.08339,1.431588,-1.557595,guided_exp
10:32:02.457,1,-1.996503,1.333307,-1.790146,guided_exp
10:32:02.539,2,-1.058639,1.432682,-1.527509,guided_exp
10:32:02.539,1,-1.961569,1.331628,-1.734093,guided_exp
10:32:02.623,2,-1.043629,1.431839,-1.495553,guided_exp
10:32:02.623,1,-1.937942,1.331462,-1.701232,guided_exp
10:32:02.706,2,-1.025093,1.431497,-1.44767,guided_exp
10:32:02.706,1,-1.913496,1.327618,-1.668867,guided_exp
10:32:02.790,2,-1.009747,1.417546,-1.411539,guided_exp
10:32:02.790,1,-1.88797,1.329505,-1.636754,guided_exp
10:32:02.873,2,-0.994386,1.4196,-1.350603,guided_exp
10:32:02.873,1,-1.848907,1.332477,-1.609792,guided_exp
10:32:02.956,2,-0.983322,1.410586,-1.303125,guided_exp
10:32:02.957,1,-1.818747,1.332366,-1.583486,guided_exp
10:32:03.039,2,-0.96947,1.415635,-1.259791,guided_exp
10:32:03.039,1,-1.749557,1.333712,-1.529191,guided_exp
10:32:03.123,2,-0.960709,1.421329,-1.234671,guided_exp
10:32:03.124,1,-1.703926,1.335676,-1.505634,guided_exp
10:32:03.206,2,-0.950769,1.424694,-1.194304,guided_exp
10:32:03.206,1,-1.668188,1.346266,-1.485993,guided_exp
10:32:03.290,2,-0.940938,1.421643,-1.17253,guided_exp
10:32:03.290,1,-1.624841,1.340435,-1.457121,guided_exp
10:32:03.373,2,-0.91099,1.415515,-1.149219,guided_exp
10:32:03.373,1,-1.592863,1.350233,-1.441979,guided_exp
10:32:03.457,2,-0.903902,1.420587,-1.147363,guided_exp
10:32:03.457,1,-1.5709,1.351593,-1.421997,guided_exp
10:32:03.539,2,-0.861528,1.421757,-1.132321,guided_exp
10:32:03.540,1,-1.543721,1.352486,-1.402709,guided_exp
10:32:03.622,2,-0.834283,1.411099,-1.12873,guided_exp
10:32:03.623,1,-1.526733,1.359772,-1.390927,guided_exp
10:32:03.706,2,-0.796539,1.403365,-1.124307,guided_exp
10:32:03.706,1,-1.507688,1.366656,-1.379673,guided_exp
10:32:03.789,2,-0.775409,1.402313,-1.120263,guided_exp
10:32:03.789,1,-1.49425,1.366159,-1.359407,guided_exp
10:32:03.872,2,-0.75082,1.379495,-1.117,guided_exp
10:32:03.873,1,-1.474106,1.367835,-1.338977,guided_exp
10:32:03.956,2,-0.738657,1.365073,-1.117748,guided_exp
10:32:03.956,1,-1.470785,1.369459,-1.330845,guided_exp
10:32:04.039,2,-0.70177,1.387745,-1.126179,guided_exp
10:32:04.039,1,-1.445471,1.368083,-1.296837,guided_exp
10:32:04.123,2,-0.69986,1.360728,-1.12579,guided_exp
10:32:04.123,1,-1.44236,1.368612,-1.264424,guided_exp
10:32:04.206,2,-0.68783,1.432512,-1.124029,guided_exp
10:32:04.206,1,-1.429398,1.374374,-1.231916,guided_exp
10:32:04.290,2,-0.683726,1.433213,-1.12411,guided_exp
10:32:04.290,1,-1.430969,1.377354,-1.199798,guided_exp
10:32:04.372,2,-0.660972,1.4361,-1.126229,guided_exp
10:32:04.372,1,-1.423576,1.378983,-1.161121,guided_exp
10:32:04.456,2,-0.660942,1.435517,-1.123694,guided_exp
10:32:04.457,1,-1.421166,1.381281,-1.139879,guided_exp
10:32:04.539,2,-0.65991,1.434573,-1.117094,guided_exp
10:32:04.539,1,-1.41909,1.382368,-1.11016,guided_exp
10:32:04.623,2,-0.666742,1.433431,-1.108931,guided_exp
10:32:04.624,1,-1.412595,1.380751,-1.103392,guided_exp
10:32:04.706,2,-0.66343,1.433037,-1.107161,guided_exp
10:32:04.706,1,-1.410733,1.377523,-1.09238,guided_exp
10:32:04.790,2,-0.664327,1.430185,-1.105274,guided_exp
10:32:04.790,1,-1.407004,1.375933,-1.073566,guided_exp
10:32:04.873,2,-0.666836,1.427299,-1.099724,guided_exp
10:32:04.873,1,-1.400654,1.373656,-1.058944,guided_exp
10:32:04.956,2,-0.665711,1.426088,-1.096807,guided_exp
10:32:04.957,1,-1.400365,1.37335,-1.053536,guided_exp
10:32:05.040,2,-0.667105,1.424696,-1.098714,guided_exp
10:32:05.040,1,-1.396015,1.374208,-1.048563,guided_exp
10:32:05.122,2,-0.667587,1.42598,-1.100541,guided_exp
10:32:05.123,1,-1.393485,1.373599,-1.04362,guided_exp
10:32:05.206,2,-0.672707,1.428491,-1.102468,guided_exp
10:32:05.206,1,-1.39222,1.374656,-1.038189,guided_exp
10:32:05.289,2,-0.673107,1.429478,-1.102756,guided_exp
10:32:05.289,1,-1.39045,1.375308,-1.037304,guided_exp
10:32:05.372,2,-0.673513,1.429148,-1.104225,guided_exp
10:32:05.373,1,-1.389485,1.374024,-1.032516,guided_exp
10:32:05.473,2,-0.674461,1.4297,-1.10426,guided_exp
10:32:05.473,1,-1.390903,1.37431,-1.031132,guided_exp
10:32:05.556,2,-0.677587,1.432659,-1.109709,guided_exp
10:32:05.556,1,-1.389113,1.374145,-1.029105,guided_exp
10:32:05.640,2,-0.678755,1.432501,-1.113256,guided_exp
10:32:05.640,1,-1.388838,1.374547,-1.029536,guided_exp
10:32:05.722,2,-0.677542,1.431636,-1.127626,guided_exp
10:32:05.722,1,-1.386703,1.373581,-1.026808,guided_exp
10:32:05.806,2,-0.676911,1.43184,-1.137642,guided_exp
10:32:05.806,1,-1.387583,1.373316,-1.024476,guided_exp
10:32:05.889,2,-0.670893,1.431431,-1.149557,guided_exp
10:32:05.890,1,-1.388217,1.374009,-1.022938,guided_exp
10:32:05.973,2,-0.663729,1.430182,-1.161638,guided_exp
10:32:05.973,1,-1.391673,1.374997,-1.027052,guided_exp
10:32:06.056,2,-0.664842,1.429052,-1.167368,guided_exp
10:32:06.057,1,-1.392879,1.377268,-1.026446,guided_exp
10:32:06.139,2,-0.659343,1.428908,-1.193234,guided_exp
10:32:06.139,1,-1.394137,1.380042,-1.028248,guided_exp
10:32:06.223,2,-0.665309,1.4309,-1.199991,guided_exp
10:32:06.223,1,-1.394916,1.380202,-1.029261,guided_exp
10:32:06.306,2,-0.666662,1.432792,-1.213254,guided_exp
10:32:06.306,1,-1.397593,1.381195,-1.030201,guided_exp
10:32:06.389,2,-0.677265,1.436052,-1.23135,guided_exp
10:32:06.390,1,-1.398159,1.380707,-1.030913,guided_exp
10:32:06.473,2,-0.697998,1.436174,-1.262332,guided_exp
10:32:06.473,1,-1.399707,1.378579,-1.032335,guided_exp
10:32:06.557,2,-0.707143,1.436987,-1.278862,guided_exp
10:32:06.557,1,-1.402247,1.378695,-1.033801,guided_exp
10:32:06.639,2,-0.741092,1.4369,-1.319643,guided_exp
10:32:06.639,1,-1.403388,1.378738,-1.035317,guided_exp
10:32:06.723,2,-0.753521,1.435355,-1.346702,guided_exp
10:32:06.724,1,-1.403891,1.380017,-1.035736,guided_exp
10:32:06.806,2,-0.783178,1.436064,-1.383575,guided_exp
10:32:06.806,1,-1.403844,1.378846,-1.036051,guided_exp
10:32:06.890,2,-0.790375,1.437458,-1.401249,guided_exp
10:32:06.890,1,-1.404505,1.381511,-1.03743,guided_exp
10:32:06.973,2,-0.817979,1.436611,-1.442484,guided_exp
10:32:06.973,1,-1.404839,1.383043,-1.03805,guided_exp
10:32:07.056,2,-0.821557,1.437435,-1.454466,guided_exp
10:32:07.057,1,-1.404774,1.382171,-1.037436,guided_exp
10:32:07.140,2,-0.836195,1.437261,-1.484173,guided_exp
10:32:07.140,1,-1.404002,1.382067,-1.038988,guided_exp
10:32:07.222,2,-0.838259,1.440302,-1.494359,guided_exp
10:32:07.223,1,-1.402353,1.384928,-1.040309,guided_exp
10:32:07.306,2,-0.836115,1.439611,-1.51674,guided_exp
10:32:07.306,1,-1.402868,1.384119,-1.039053,guided_exp
10:32:07.389,2,-0.828652,1.440319,-1.531606,guided_exp
10:32:07.389,1,-1.403706,1.382907,-1.038676,guided_exp
10:32:07.472,2,-0.820138,1.441314,-1.553184,guided_exp
10:32:07.473,1,-1.403532,1.387596,-1.038996,guided_exp
10:32:07.557,2,-0.81117,1.441942,-1.573462,guided_exp
10:32:07.557,1,-1.404014,1.385973,-1.038365,guided_exp
10:32:07.639,2,-0.788708,1.444408,-1.607726,guided_exp
10:32:07.639,1,-1.403542,1.38518,-1.03781,guided_exp
10:32:07.723,2,-0.781387,1.445774,-1.631325,guided_exp
10:32:07.724,1,-1.403926,1.386118,-1.038228,guided_exp
10:32:07.806,2,-0.791947,1.445181,-1.697655,guided_exp
10:32:07.806,1,-1.405161,1.387081,-1.038375,guided_exp
10:32:07.890,2,-0.755218,1.446168,-1.715455,guided_exp
10:32:07.891,1,-1.405683,1.387507,-1.039082,guided_exp
10:32:07.972,2,-0.74015,1.449892,-1.745126,guided_exp
10:32:07.973,1,-1.40761,1.386473,-1.040943,guided_exp
10:32:08.057,2,-0.733076,1.449508,-1.749975,guided_exp
10:32:08.057,1,-1.407633,1.385262,-1.041314,guided_exp
10:32:08.139,2,-0.732867,1.44879,-1.781812,guided_exp
10:32:08.139,1,-1.408214,1.38528,-1.042721,guided_exp
10:32:08.272,2,-0.720951,1.448359,-1.781379,guided_exp
10:32:08.273,1,-1.409338,1.38473,-1.046488,guided_exp
10:32:08.356,2,-0.720935,1.44305,-1.781547,guided_exp
10:32:08.357,1,-1.411825,1.384623,-1.050677,guided_exp
10:32:08.439,2,-0.721043,1.446605,-1.770133,guided_exp
10:32:08.439,1,-1.41734,1.383885,-1.06209,guided_exp
10:32:08.572,2,-0.731187,1.446337,-1.738046,guided_exp
10:32:08.573,1,-1.424995,1.384528,-1.076405,guided_exp
10:32:08.657,2,-0.740834,1.447372,-1.709123,guided_exp
10:32:08.657,1,-1.428308,1.384428,-1.086781,guided_exp
10:32:08.739,2,-0.751009,1.449055,-1.701463,guided_exp
10:32:08.739,1,-1.434356,1.383259,-1.108235,guided_exp
10:32:08.823,2,-0.756405,1.44541,-1.691811,guided_exp
10:32:08.824,1,-1.436702,1.383471,-1.126045,guided_exp
10:32:08.906,2,-0.757973,1.446209,-1.66335,guided_exp
10:32:08.906,1,-1.445572,1.384616,-1.150639,guided_exp
10:32:08.990,2,-0.763743,1.446625,-1.657417,guided_exp
10:32:08.990,1,-1.446909,1.385372,-1.160139,guided_exp
10:32:09.072,2,-0.76972,1.447037,-1.652506,guided_exp
10:32:09.073,1,-1.452019,1.38587,-1.201569,guided_exp
10:32:09.157,2,-0.796086,1.450466,-1.632985,guided_exp
10:32:09.157,1,-1.459011,1.3836,-1.226192,guided_exp
10:32:09.240,2,-0.8017,1.450266,-1.621873,guided_exp
10:32:09.240,1,-1.464056,1.383561,-1.253844,guided_exp
10:32:09.323,2,-0.809926,1.450443,-1.615211,guided_exp
10:32:09.323,1,-1.467455,1.382029,-1.275806,guided_exp
10:32:09.406,2,-0.810892,1.450371,-1.609802,guided_exp
10:32:09.406,1,-1.473599,1.383703,-1.297556,guided_exp
10:32:09.489,2,-0.813142,1.449438,-1.605099,guided_exp
10:32:09.489,1,-1.478358,1.383869,-1.30918,guided_exp
10:32:09.573,2,-0.811721,1.451189,-1.587646,guided_exp
10:32:09.573,1,-1.487323,1.380874,-1.328098,guided_exp
10:32:09.656,2,-0.810906,1.453131,-1.577882,guided_exp
10:32:09.656,1,-1.493523,1.381823,-1.340693,guided_exp
10:32:09.739,2,-0.80762,1.453131,-1.571884,guided_exp
10:32:09.740,1,-1.50773,1.381103,-1.353817,guided_exp
10:32:09.823,2,-0.798314,1.45094,-1.567352,guided_exp
10:32:09.824,1,-1.523461,1.380995,-1.359022,guided_exp
10:32:09.906,2,-0.793181,1.453705,-1.566363,guided_exp
10:32:09.906,1,-1.53943,1.382361,-1.362661,guided_exp
10:32:09.990,2,-0.789199,1.45505,-1.56307,guided_exp
10:32:09.990,1,-1.556281,1.379951,-1.36531,guided_exp
10:32:10.072,2,-0.78963,1.449176,-1.563334,guided_exp
10:32:10.073,1,-1.574131,1.380208,-1.380303,guided_exp
10:32:10.157,2,-0.78385,1.440592,-1.560143,guided_exp
10:32:10.157,1,-1.590911,1.380422,-1.389487,guided_exp
10:32:10.239,2,-0.774525,1.426823,-1.55547,guided_exp
10:32:10.239,1,-1.629179,1.380698,-1.402599,guided_exp
10:32:10.323,2,-0.763912,1.426303,-1.551987,guided_exp
10:32:10.324,1,-1.660488,1.380884,-1.415686,guided_exp
10:32:10.423,2,-0.744265,1.426283,-1.546176,guided_exp
10:32:10.423,1,-1.694202,1.380676,-1.430983,guided_exp
10:32:10.506,2,-0.744029,1.425989,-1.546288,guided_exp
10:32:10.507,1,-1.740497,1.381588,-1.455728,guided_exp
10:32:10.589,2,-0.743556,1.422056,-1.547144,guided_exp
10:32:10.590,1,-1.76307,1.380418,-1.466299,guided_exp
10:32:10.673,2,-0.741794,1.424968,-1.549147,guided_exp
10:32:10.673,1,-1.795633,1.379765,-1.482131,guided_exp
10:32:10.757,2,-0.73819,1.423084,-1.549501,guided_exp
10:32:10.757,1,-1.813044,1.379906,-1.496544,guided_exp
10:32:10.839,2,-0.736493,1.410979,-1.550053,guided_exp
10:32:10.839,1,-1.829052,1.380476,-1.514176,guided_exp
10:32:10.973,2,-0.737513,1.422415,-1.552515,guided_exp
10:32:10.973,1,-1.864734,1.381224,-1.553959,guided_exp
10:32:11.057,2,-0.743974,1.433842,-1.560409,guided_exp
10:32:11.057,1,-1.883545,1.381473,-1.576908,guided_exp
10:32:11.157,2,-0.75393,1.437725,-1.57633,guided_exp
10:32:11.157,1,-1.896947,1.381462,-1.623177,guided_exp
10:32:11.239,2,-0.774229,1.431652,-1.60628,guided_exp
10:32:11.239,1,-1.909305,1.381699,-1.66907,guided_exp
10:32:11.323,2,-0.788341,1.437097,-1.63509,guided_exp
10:32:11.323,1,-1.915285,1.381562,-1.708368,guided_exp
10:32:11.406,2,-0.836599,1.445164,-1.678642,guided_exp
10:32:11.406,1,-1.922533,1.381147,-1.755975,guided_exp
10:32:11.490,2,-0.873496,1.447239,-1.722877,guided_exp
10:32:11.491,1,-1.935764,1.381266,-1.798285,guided_exp
10:32:11.573,2,-0.929429,1.448462,-1.807989,guided_exp
10:32:11.573,1,-1.946386,1.38113,-1.826077,guided_exp
10:32:11.656,2,-0.994814,1.445568,-1.858898,guided_exp
10:32:11.656,1,-1.955286,1.381069,-1.853858,guided_exp
10:32:11.739,2,-1.041288,1.442275,-1.924036,guided_exp
10:32:11.739,1,-1.967988,1.380105,-1.883408,guided_exp
10:32:11.823,2,-1.066734,1.446773,-1.954111,guided_exp
10:32:11.824,1,-1.981183,1.377531,-1.899921,guided_exp
10:32:11.906,2,-1.096071,1.45436,-1.996648,guided_exp
10:32:11.906,1,-2.00324,1.384204,-1.916171,guided_exp
10:32:11.990,2,-1.116356,1.463102,-2.036062,guided_exp
10:32:11.990,1,-2.029885,1.37563,-1.936856,guided_exp
10:32:12.073,2,-1.143634,1.468202,-2.071112,guided_exp
10:32:12.073,1,-2.069273,1.257172,-1.9603,guided_exp
10:32:12.157,2,-1.156134,1.471989,-2.095711,guided_exp
10:32:12.157,1,-2.098689,1.078321,-1.976115,guided_exp
10:32:12.240,2,-1.171886,1.476053,-2.136365,guided_exp
10:32:12.240,1,-2.15996,1.066752,-1.999622,guided_exp
10:32:12.323,2,-1.184961,1.476171,-2.166647,guided_exp
10:32:12.323,1,-2.209509,1.446555,-2.020102,guided_exp
10:32:12.406,2,-1.199695,1.472332,-2.212376,guided_exp
10:32:12.406,1,-2.273681,1.514813,-2.047217,guided_exp
10:32:12.489,2,-1.210804,1.472905,-2.245434,guided_exp
10:32:12.490,1,-2.311004,1.656949,-2.058947,guided_exp
10:32:12.573,2,-1.228287,1.472352,-2.294244,guided_exp
10:32:12.573,1,-2.349049,1.656949,-2.072663,guided_exp
10:32:12.656,2,-1.241,1.47929,-2.32428,guided_exp
10:32:12.657,1,-2.368783,1.656949,-2.079886,guided_exp
10:32:12.739,2,-1.253922,1.48833,-2.34779,guided_exp
10:32:12.739,1,-2.391935,1.656949,-2.086607,guided_exp
10:32:12.823,2,-1.268818,1.50659,-2.372545,guided_exp
10:32:12.823,1,-2.405701,1.656949,-2.092348,guided_exp
10:32:12.906,2,-1.286919,1.515,-2.388969,guided_exp
10:32:12.906,1,-2.420317,1.656949,-2.097703,guided_exp
10:32:13.057,2,-1.31983,1.516877,-2.407895,guided_exp
10:32:13.057,1,-2.436135,1.656949,-2.104411,guided_exp
10:32:13.140,2,-1.354923,1.5182,-2.409083,guided_exp
10:32:13.140,1,-2.443945,1.656949,-2.110385,guided_exp
10:32:13.223,2,-1.371096,1.517281,-2.408684,guided_exp
10:32:13.223,1,-2.449811,1.656949,-2.11645,guided_exp
10:32:13.306,2,-1.435204,1.518685,-2.399986,guided_exp
10:32:13.306,1,-2.454594,1.656949,-2.128296,guided_exp
10:32:13.389,2,-1.476201,1.515626,-2.39169,guided_exp
10:32:13.389,1,-2.454962,1.656949,-2.139551,guided_exp
10:32:13.473,2,-1.547567,1.526567,-2.379115,guided_exp
10:32:13.473,1,-2.454396,1.656949,-2.154963,guided_exp
10:32:13.557,2,-1.575128,1.522172,-2.378782,guided_exp
10:32:13.557,1,-2.45174,1.656949,-2.164372,guided_exp
10:32:13.639,2,-1.625626,1.518326,-2.377143,guided_exp
10:32:13.639,1,-2.446581,1.656949,-2.184692,guided_exp
10:32:13.723,2,-1.661507,1.51646,-2.375287,guided_exp
10:32:13.724,1,-2.441336,1.656949,-2.201878,guided_exp
10:32:13.806,2,-1.692621,1.516664,-2.375287,guided_exp
10:32:13.806,1,-2.433575,1.656949,-2.226705,guided_exp
10:32:13.890,2,-1.709317,1.519624,-2.375381,guided_exp
10:32:13.890,1,-2.425694,1.656949,-2.244276,guided_exp
10:32:13.973,2,-1.726499,1.521924,-2.374263,guided_exp
10:32:13.973,1,-2.423433,1.656949,-2.26028,guided_exp
10:32:14.057,2,-1.741798,1.522859,-2.377253,guided_exp
10:32:14.057,1,-2.418423,1.656949,-2.282343,guided_exp
10:32:14.139,2,-1.753653,1.521864,-2.378196,guided_exp
10:32:14.139,1,-2.415769,1.656949,-2.300245,guided_exp
10:32:14.223,2,-1.75887,1.521653,-2.378186,guided_exp
10:32:14.224,1,-2.414052,1.656949,-2.309019,guided_exp
10:32:14.306,2,-1.765996,1.523953,-2.379513,guided_exp
10:32:14.306,1,-2.414855,1.656949,-2.320066,guided_exp
10:32:14.390,2,-1.76862,1.525362,-2.379778,guided_exp
10:32:14.390,1,-2.413573,1.656949,-2.324546,guided_exp
10:32:14.472,2,-1.776515,1.525608,-2.381256,guided_exp
10:32:14.473,1,-2.413786,1.656949,-2.329329,guided_exp
10:32:14.606,2,-1.783661,1.527333,-2.382993,guided_exp
10:32:14.606,1,-2.414634,1.656949,-2.331891,guided_exp
10:32:14.739,2,-1.788773,1.528151,-2.38554,guided_exp
10:32:14.739,1,-2.415949,1.656949,-2.332972,guided_exp
10:32:14.872,2,-1.792228,1.528241,-2.387554,guided_exp
10:32:14.873,1,-2.417754,1.656949,-2.333056,guided_exp
10:32:15.006,2,-1.796029,1.528169,-2.389291,guided_exp
10:32:15.006,1,-2.421509,1.656949,-2.333229,guided_exp
10:32:15.139,2,-1.801321,1.364494,-2.391944,guided_exp
10:32:15.139,1,-2.434943,1.527779,-2.332511,guided_exp
10:32:15.290,2,-1.805989,1.385984,-2.394111,guided_exp
10:32:15.291,1,-2.45867,1.525612,-2.329028,guided_exp
10:32:15.372,2,-1.807549,1.389057,-2.394741,guided_exp
10:32:15.373,1,-2.477364,1.525201,-2.327039,guided_exp
10:32:15.523,2,-1.812725,1.389629,-2.395668,guided_exp
10:32:15.523,1,-2.532914,1.522035,-2.32444,guided_exp
10:32:15.606,2,-1.814794,1.393039,-2.395603,guided_exp
10:32:15.606,1,-2.578708,1.520132,-2.322687,guided_exp
10:32:15.689,2,-1.815871,1.394901,-2.395564,guided_exp
10:32:15.689,1,-2.603988,1.518191,-2.32401,guided_exp
10:32:15.773,2,-1.81796,1.394436,-2.394456,guided_exp
10:32:15.774,1,-2.649213,1.51804,-2.323535,guided_exp
10:32:15.856,2,-1.819255,1.391346,-2.393946,guided_exp
10:32:15.856,1,-2.675781,1.517737,-2.326439,guided_exp
10:32:15.940,2,-1.820969,1.39514,-2.39283,guided_exp
10:32:15.940,1,-2.717547,1.517242,-2.329179,guided_exp
10:32:16.022,2,-1.822071,1.397663,-2.39198,guided_exp
10:32:16.023,1,-2.737195,1.517355,-2.330691,guided_exp
10:32:16.107,2,-1.823124,1.402527,-2.389819,guided_exp
10:32:16.107,1,-2.749695,1.516434,-2.331891,guided_exp
10:32:16.189,2,-1.823847,1.406412,-2.389012,guided_exp
10:32:16.189,1,-2.763202,1.515686,-2.332562,guided_exp
10:32:16.322,2,-1.82489,1.405695,-2.388309,guided_exp
10:32:16.323,1,-2.767186,1.515649,-2.334004,guided_exp
10:32:16.456,2,-1.824843,1.40439,-2.387873,guided_exp
10:32:16.456,1,-2.765196,1.515716,-2.334587,guided_exp
10:32:16.540,2,-1.824868,1.403446,-2.387827,guided_exp
10:32:16.541,1,-2.761798,1.515553,-2.334306,guided_exp
10:32:16.622,2,-1.825364,1.399807,-2.387774,guided_exp
10:32:16.623,1,-2.75237,1.515459,-2.332754,guided_exp
10:32:16.756,2,-1.825391,1.397112,-2.387501,guided_exp
10:32:16.756,1,-2.735271,1.516146,-2.32856,guided_exp
10:32:16.889,2,-1.825221,1.397041,-2.387723,guided_exp
10:32:16.889,1,-2.712106,1.516264,-2.327718,guided_exp
10:32:17.022,2,-1.825849,1.39605,-2.388045,guided_exp
10:32:17.023,1,-2.687198,1.516259,-2.327411,guided_exp
10:32:17.156,2,-1.825715,1.396207,-2.388218,guided_exp
10:32:17.156,1,-2.659366,1.515699,-2.326005,guided_exp
10:32:17.240,2,-1.825718,1.396063,-2.38818,guided_exp
10:32:17.241,1,-2.646974,1.515433,-2.32684,guided_exp
10:32:17.322,2,-1.825743,1.396065,-2.388797,guided_exp
10:32:17.323,1,-2.628172,1.515831,-2.325248,guided_exp
10:32:17.456,2,-1.825441,1.396024,-2.388773,guided_exp
10:32:17.456,1,-2.607293,1.516911,-2.323753,guided_exp
10:32:17.540,2,-1.825244,1.396949,-2.388936,guided_exp
10:32:17.541,1,-2.595646,1.516778,-2.3258,guided_exp
10:32:17.622,2,-1.8242,1.397839,-2.389583,guided_exp
10:32:17.623,1,-2.582066,1.516433,-2.323647,guided_exp
10:32:17.707,2,-1.823836,1.396986,-2.389951,guided_exp
10:32:17.707,1,-2.574556,1.516709,-2.324078,guided_exp
10:32:17.789,2,-1.823243,1.39754,-2.390668,guided_exp
10:32:17.789,1,-2.566098,1.516908,-2.322701,guided_exp
10:32:17.875,2,-1.822231,1.396982,-2.391223,guided_exp
10:32:17.875,1,-2.557422,1.517162,-2.321715,guided_exp
10:32:17.956,2,-1.821775,1.396796,-2.391606,guided_exp
10:32:17.956,1,-2.552451,1.517362,-2.320449,guided_exp
10:32:18.089,2,-1.821429,1.396289,-2.391989,guided_exp
10:32:18.089,1,-2.545254,1.5175,-2.31944,guided_exp
10:32:18.173,2,-1.821331,1.395811,-2.392599,guided_exp
10:32:18.174,1,-2.539693,1.517528,-2.317667,guided_exp
10:32:18.256,2,-1.821188,1.395792,-2.393014,guided_exp
10:32:18.256,1,-2.536975,1.517519,-2.316574,guided_exp
10:32:18.340,2,-1.821174,1.39608,-2.393908,guided_exp
10:32:18.341,1,-2.536629,1.51733,-2.316087,guided_exp
10:32:18.423,2,-1.821016,1.394182,-2.394241,guided_exp
10:32:18.423,1,-2.535149,1.51732,-2.31566,guided_exp
10:32:18.556,2,-1.820865,1.394765,-2.396207,guided_exp
10:32:18.556,1,-2.533404,1.517229,-2.31491,guided_exp
10:32:18.689,2,-1.82082,1.396525,-2.397838,guided_exp
10:32:18.689,1,-2.536554,1.517198,-2.314533,guided_exp
10:32:18.774,2,-1.820511,1.395936,-2.398959,guided_exp
10:32:18.774,1,-2.535939,1.517365,-2.313524,guided_exp
10:32:18.856,2,-1.820313,1.395275,-2.400858,guided_exp
10:32:18.856,1,-2.536735,1.517323,-2.31336,guided_exp
10:32:18.940,2,-1.820009,1.395947,-2.401646,guided_exp
10:32:18.941,1,-2.538906,1.517128,-2.313239,guided_exp
10:32:19.022,2,-1.819585,1.397992,-2.402687,guided_exp
10:32:19.023,1,-2.540043,1.516823,-2.313176,guided_exp
10:32:19.156,2,-1.818936,1.397315,-2.403935,guided_exp
10:32:19.156,1,-2.542206,1.516531,-2.313659,guided_exp
10:32:19.289,2,-1.817597,1.396388,-2.404794,guided_exp
10:32:19.289,1,-2.543218,1.516942,-2.314455,guided_exp
10:32:19.422,2,-1.817299,1.399403,-2.404854,guided_exp
10:32:19.423,1,-2.543395,1.517125,-2.314858,guided_exp
10:32:19.506,2,-1.816165,1.40077,-2.405092,guided_exp
10:32:19.506,1,-2.544861,1.516506,-2.315576,guided_exp
10:32:19.589,2,-1.814962,1.403403,-2.404914,guided_exp
10:32:19.589,1,-2.544044,1.516655,-2.316537,guided_exp
10:32:19.722,2,-1.811515,1.407119,-2.403377,guided_exp
10:32:19.723,1,-2.54339,1.516674,-2.317174,guided_exp
10:32:19.807,2,-1.809883,1.412026,-2.402517,guided_exp
10:32:19.807,1,-2.544065,1.517187,-2.317381,guided_exp
10:32:19.889,2,-1.807788,1.413473,-2.400903,guided_exp
10:32:19.889,1,-2.542066,1.518183,-2.318501,guided_exp
10:32:20.022,2,-1.805891,1.413217,-2.399559,guided_exp
10:32:20.023,1,-2.540127,1.518298,-2.31909,guided_exp
10:32:20.106,2,-1.806206,1.412791,-2.398405,guided_exp
10:32:20.106,1,-2.538853,1.520499,-2.319435,guided_exp
10:32:20.189,2,-1.803918,1.412535,-2.397634,guided_exp
10:32:20.189,1,-2.537593,1.522035,-2.319829,guided_exp
10:32:20.274,2,-1.801097,1.412647,-2.395862,guided_exp
10:32:20.274,1,-2.537572,1.520861,-2.319866,guided_exp
10:32:20.356,2,-1.800394,1.417913,-2.394838,guided_exp
10:32:20.356,1,-2.537818,1.52061,-2.319315,guided_exp
10:32:20.440,2,-1.799623,1.414157,-2.394671,guided_exp
10:32:20.440,1,-2.538794,1.520514,-2.318874,guided_exp
10:32:20.522,2,-1.79609,1.412942,-2.393534,guided_exp
10:32:20.523,1,-2.537833,1.521126,-2.318477,guided_exp
10:32:20.656,2,-1.792193,1.414164,-2.392381,guided_exp
10:32:20.656,1,-2.536652,1.521309,-2.318176,guided_exp
10:32:20.740,2,-1.790569,1.415013,-2.391983,guided_exp
10:32:20.741,1,-2.53931,1.522595,-2.317264,guided_exp
10:32:20.822,2,-1.788955,1.412229,-2.391589,guided_exp
10:32:20.823,1,-2.540628,1.522435,-2.31685,guided_exp
10:32:20.907,2,-1.787742,1.410051,-2.391431,guided_exp
10:32:20.907,1,-2.541308,1.523155,-2.316826,guided_exp
10:32:21.007,2,-1.786936,1.405809,-2.391488,guided_exp
10:32:21.007,1,-2.544052,1.522515,-2.316282,guided_exp
10:32:21.089,2,-1.787795,1.401091,-2.391985,guided_exp
10:32:21.089,1,-2.545196,1.522288,-2.316646,guided_exp
10:32:21.222,2,-1.786956,1.399568,-2.391671,guided_exp
10:32:21.223,1,-2.549372,1.521832,-2.316429,guided_exp
10:32:21.306,2,-1.786478,1.398918,-2.391575,guided_exp
10:32:21.306,1,-2.55247,1.521753,-2.317352,guided_exp
10:32:21.389,2,-1.785962,1.407694,-2.39148,guided_exp
10:32:21.389,1,-2.556108,1.522096,-2.318325,guided_exp
10:32:21.473,2,-1.785739,1.409843,-2.391373,guided_exp
10:32:21.473,1,-2.561506,1.52208,-2.319186,guided_exp
10:32:21.556,2,-1.785962,1.414607,-2.390874,guided_exp
10:32:21.556,1,-2.564987,1.522243,-2.319407,guided_exp
10:32:21.639,2,-1.785894,1.41672,-2.390527,guided_exp
10:32:21.639,1,-2.572819,1.522415,-2.321168,guided_exp
10:32:21.722,2,-1.786014,1.417246,-2.39031,guided_exp
10:32:21.723,1,-2.579402,1.521667,-2.323745,guided_exp
10:32:21.807,2,-1.785778,1.417073,-2.389232,guided_exp
10:32:21.807,1,-2.585674,1.522964,-2.324403,guided_exp
10:32:21.889,2,-1.786177,1.418373,-2.388416,guided_exp
10:32:21.889,1,-2.597563,1.522911,-2.3273,guided_exp
10:32:22.023,2,-1.787606,1.419531,-2.386391,guided_exp
10:32:22.023,1,-2.611333,1.521246,-2.327218,guided_exp
10:32:22.156,2,-1.791143,1.418102,-2.383671,guided_exp
10:32:22.156,1,-2.630377,1.521621,-2.329439,guided_exp
10:32:22.240,2,-1.795726,1.414131,-2.381484,guided_exp
10:32:22.241,1,-2.644213,1.522754,-2.329904,guided_exp
10:32:22.339,2,-1.799396,1.412023,-2.367882,guided_exp
10:32:22.339,1,-2.680741,1.522244,-2.333978,guided_exp
10:32:22.422,2,-1.798289,1.40911,-2.352851,guided_exp
10:32:22.423,1,-2.702284,1.521766,-2.333403,guided_exp
10:32:22.506,2,-1.790786,1.40787,-2.317904,guided_exp
10:32:22.506,1,-2.731486,1.522016,-2.33366,guided_exp
10:32:22.589,2,-1.782738,1.407081,-2.292627,guided_exp
10:32:22.589,1,-2.746232,1.522853,-2.335255,guided_exp
10:32:22.673,2,-1.759471,1.40653,-2.234289,guided_exp
10:32:22.673,1,-2.76908,1.522243,-2.336725,guided_exp
10:32:22.757,2,-1.739786,1.407205,-2.191797,guided_exp
10:32:22.757,1,-2.776523,1.523288,-2.336632,guided_exp
10:32:22.839,2,-1.699404,1.407719,-2.117908,guided_exp
10:32:22.839,1,-2.786271,1.523074,-2.336439,guided_exp
10:32:22.973,2,-1.64171,1.407851,-2.000571,guided_exp
10:32:22.973,1,-2.792116,1.523277,-2.336989,guided_exp
10:32:23.057,2,-1.61969,1.407612,-1.94935,guided_exp
10:32:23.057,1,-2.793883,1.522652,-2.335981,guided_exp
10:32:23.157,2,-1.594207,1.407523,-1.869597,guided_exp
10:32:23.157,1,-2.793969,1.522844,-2.334906,guided_exp
10:32:23.239,2,-1.580159,1.407075,-1.803257,guided_exp
10:32:23.239,1,-2.792511,1.523749,-2.332471,guided_exp
10:32:23.323,2,-1.567053,1.406857,-1.75493,guided_exp
10:32:23.324,1,-2.791586,1.523738,-2.332123,guided_exp
10:32:23.406,2,-1.556569,1.406402,-1.665463,guided_exp
10:32:23.406,1,-2.782756,1.522918,-2.330812,guided_exp
10:32:23.490,2,-1.555053,1.405803,-1.59028,guided_exp
10:32:23.490,1,-2.776392,1.523252,-2.331269,guided_exp
10:32:23.572,2,-1.561093,1.40612,-1.500791,guided_exp
10:32:23.573,1,-2.768054,1.524757,-2.332426,guided_exp
10:32:23.657,2,-1.568711,1.405791,-1.44758,guided_exp
10:32:23.657,1,-2.763878,1.524545,-2.333024,guided_exp
10:32:23.739,2,-1.573106,1.405237,-1.372299,guided_exp
10:32:23.739,1,-2.757596,1.52579,-2.335569,guided_exp
10:32:23.873,2,-1.578294,1.405154,-1.304626,guided_exp
10:32:23.873,1,-2.751922,1.526284,-2.338357,guided_exp
10:32:24.006,2,-1.571705,1.40506,-1.232153,guided_exp
10:32:24.006,1,-2.746628,1.52576,-2.341207,guided_exp
10:32:24.139,2,-1.55447,1.40454,-1.170802,guided_exp
10:32:24.139,1,-2.741457,1.524637,-2.343658,guided_exp
10:32:24.223,2,-1.546641,1.403868,-1.140513,guided_exp
10:32:24.224,1,-2.740986,1.5234,-2.343829,guided_exp
10:32:24.306,2,-1.532239,1.403098,-1.11187,guided_exp
10:32:24.306,1,-2.738087,1.518789,-2.344165,guided_exp
10:32:24.439,2,-1.510706,1.398713,-1.076769,guided_exp
10:32:24.439,1,-2.735597,1.515117,-2.344891,guided_exp
10:32:24.573,2,-1.497204,1.396666,-1.057671,guided_exp
10:32:24.573,1,-2.734529,1.516453,-2.34494,guided_exp
10:32:24.706,2,-1.485396,1.396671,-1.042264,guided_exp
10:32:24.706,1,-2.732792,1.515147,-2.345261,guided_exp
10:32:24.839,2,-1.481705,1.397368,-1.04081,guided_exp
10:32:24.839,1,-2.732507,1.515754,-2.345169,guided_exp
10:32:24.923,2,-1.478417,1.401688,-1.037497,guided_exp
10:32:24.924,1,-2.731401,1.514107,-2.345483,guided_exp
10:32:25.006,2,-1.473583,1.401362,-1.039048,guided_exp
10:32:25.006,1,-2.730711,1.511594,-2.346144,guided_exp
10:32:25.090,2,-1.47211,1.3995,-1.039953,guided_exp
10:32:25.090,1,-2.729975,1.510894,-2.346461,guided_exp
10:32:25.173,2,-1.473155,1.392383,-1.05031,guided_exp
10:32:25.173,1,-2.729454,1.509662,-2.346745,guided_exp
10:32:25.257,2,-1.478632,1.393321,-1.067658,guided_exp
10:32:25.257,1,-2.7291,1.504797,-2.346739,guided_exp
10:32:25.339,2,-1.495074,1.389309,-1.097707,guided_exp
10:32:25.339,1,-2.728693,1.49655,-2.347002,guided_exp
10:32:25.424,2,-1.515412,1.390625,-1.125619,guided_exp
10:32:25.424,1,-2.727889,1.489564,-2.347532,guided_exp
10:32:25.523,2,-1.552216,1.392574,-1.173957,guided_exp
10:32:25.523,1,-2.726845,1.486298,-2.347057,guided_exp
10:32:25.606,2,-1.59591,1.388748,-1.231501,guided_exp
10:32:25.606,1,-2.726162,1.487966,-2.346259,guided_exp
10:32:25.689,2,-1.626766,1.400241,-1.284507,guided_exp
10:32:25.689,1,-2.72407,1.500639,-2.345509,guided_exp
10:32:25.773,2,-1.668396,1.395076,-1.361434,guided_exp
10:32:25.773,1,-2.72159,1.495539,-2.344506,guided_exp
10:32:25.856,2,-1.688383,1.395141,-1.403708,guided_exp
10:32:25.856,1,-2.718813,1.484987,-2.343224,guided_exp
10:32:25.939,2,-1.712049,1.394283,-1.449886,guided_exp
10:32:25.939,1,-2.71476,1.498267,-2.341478,guided_exp
10:32:26.024,2,-1.727559,1.385378,-1.479193,guided_exp
10:32:26.024,1,-2.711192,1.494001,-2.340905,guided_exp
10:32:26.106,2,-1.740734,1.374108,-1.511951,guided_exp
10:32:26.106,1,-2.707365,1.491448,-2.340393,guided_exp
10:32:26.239,2,-1.748559,1.372876,-1.546475,guided_exp
10:32:26.239,1,-2.700936,1.491312,-2.339579,guided_exp
10:32:26.373,2,-1.759985,1.369236,-1.572693,guided_exp
10:32:26.373,1,-2.69602,1.481186,-2.339147,guided_exp
10:32:26.457,2,-1.761726,1.364926,-1.579028,guided_exp
10:32:26.457,1,-2.694691,1.474744,-2.338062,guided_exp
10:32:26.539,2,-1.766522,1.372609,-1.588675,guided_exp
10:32:26.539,1,-2.694026,1.469353,-2.337667,guided_exp
10:32:26.623,2,-1.771987,1.371384,-1.592858,guided_exp
10:32:26.623,1,-2.692297,1.470976,-2.336152,guided_exp
10:32:26.756,2,-1.775479,1.380108,-1.59637,guided_exp
10:32:26.756,1,-2.691754,1.483386,-2.334449,guided_exp
10:32:26.840,2,-1.775763,1.38114,-1.597242,guided_exp
10:32:26.841,1,-2.691647,1.476984,-2.333969,guided_exp
10:32:26.923,2,-1.776184,1.384267,-1.598514,guided_exp
10:32:26.923,1,-2.692331,1.479669,-2.334399,guided_exp
10:32:27.007,2,-1.775976,1.383782,-1.599545,guided_exp
10:32:27.007,1,-2.692297,1.479604,-2.334633,guided_exp
10:32:27.089,2,-1.775092,1.380365,-1.601508,guided_exp
10:32:27.089,1,-2.692355,1.488432,-2.334716,guided_exp
10:32:27.223,2,-1.775629,1.376902,-1.602747,guided_exp
10:32:27.223,1,-2.692663,1.482416,-2.335468,guided_exp
10:32:27.307,2,-1.77508,1.374629,-1.603563,guided_exp
10:32:27.307,1,-2.692488,1.476383,-2.33616,guided_exp
10:32:27.389,2,-1.775773,1.374307,-1.604562,guided_exp
10:32:27.389,1,-2.693111,1.478016,-2.336323,guided_exp
10:32:27.490,2,-1.77599,1.372284,-1.60544,guided_exp
10:32:27.490,1,-2.693231,1.479583,-2.33668,guided_exp
10:32:27.573,2,-1.776725,1.371921,-1.607964,guided_exp
10:32:27.573,1,-2.693229,1.475541,-2.338163,guided_exp
10:32:27.657,2,-1.774594,1.367066,-1.609516,guided_exp
10:32:27.657,1,-2.693694,1.468739,-2.338171,guided_exp
10:32:27.739,2,-1.77562,1.371348,-1.610345,guided_exp
10:32:27.739,1,-2.693959,1.466269,-2.33851,guided_exp
10:32:27.823,2,-1.77461,1.379755,-1.611593,guided_exp
10:32:27.824,1,-2.693958,1.465806,-2.339672,guided_exp
10:32:27.906,2,-1.773054,1.37941,-1.613554,guided_exp
10:32:27.906,1,-2.694373,1.469036,-2.340596,guided_exp
10:32:27.990,2,-1.773182,1.373577,-1.613918,guided_exp
10:32:27.991,1,-2.694481,1.468455,-2.340955,guided_exp
10:32:28.073,2,-1.77209,1.373392,-1.615458,guided_exp
10:32:28.073,1,-2.694411,1.468971,-2.341601,guided_exp
10:32:28.157,2,-1.772441,1.373059,-1.615943,guided_exp
10:32:28.157,1,-2.694215,1.464304,-2.341834,guided_exp
10:32:28.257,2,-1.771985,1.376745,-1.619205,guided_exp
10:32:28.257,1,-2.694219,1.463134,-2.34289,guided_exp
10:32:28.339,2,-1.769324,1.378289,-1.620244,guided_exp
10:32:28.340,1,-2.693956,1.464271,-2.34328,guided_exp
10:32:28.423,2,-1.769271,1.377489,-1.621221,guided_exp
10:32:28.424,1,-2.693497,1.462381,-2.343737,guided_exp
10:32:28.506,2,-1.771529,1.37737,-1.62424,guided_exp
10:32:28.506,1,-2.693487,1.458745,-2.344185,guided_exp
10:32:28.590,2,-1.771733,1.376788,-1.624314,guided_exp
10:32:28.591,1,-2.693415,1.459418,-2.344495,guided_exp
10:32:28.673,2,-1.76835,1.375034,-1.626622,guided_exp
10:32:28.673,1,-2.693329,1.460081,-2.344682,guided_exp
10:32:28.757,2,-1.769135,1.373985,-1.626161,guided_exp
10:32:28.757,1,-2.692659,1.459705,-2.344328,guided_exp
10:32:28.857,2,-1.769599,1.376311,-1.628822,guided_exp
10:32:28.857,1,-2.691667,1.461091,-2.344283,guided_exp
10:32:28.939,2,-1.76777,1.376211,-1.63025,guided_exp
10:32:28.940,1,-2.689554,1.46135,-2.344233,guided_exp
10:32:29.023,2,-1.769535,1.37561,-1.628623,guided_exp
10:32:29.023,1,-2.689001,1.462703,-2.344097,guided_exp
10:32:29.106,2,-1.770472,1.375603,-1.628795,guided_exp
10:32:29.106,1,-2.687556,1.461286,-2.34329,guided_exp
10:32:29.190,2,-1.770743,1.375494,-1.629986,guided_exp
10:32:29.191,1,-2.686886,1.463152,-2.3421,guided_exp
10:32:29.273,2,-1.770186,1.375344,-1.631275,guided_exp
10:32:29.273,1,-2.684942,1.462706,-2.341639,guided_exp
10:32:29.357,2,-1.769605,1.380067,-1.632205,guided_exp
10:32:29.357,1,-2.683431,1.460325,-2.340325,guided_exp
10:32:29.456,2,-1.768353,1.385342,-1.632921,guided_exp
10:32:29.456,1,-2.683076,1.458888,-2.339642,guided_exp
10:32:29.539,2,-1.769272,1.388116,-1.630346,guided_exp
10:32:29.540,1,-2.683213,1.458545,-2.338997,guided_exp
10:32:29.624,2,-1.769082,1.38767,-1.631026,guided_exp
10:32:29.624,1,-2.682838,1.458261,-2.338586,guided_exp
10:32:29.706,2,-1.7683,1.384985,-1.630476,guided_exp
10:32:29.706,1,-2.682015,1.456898,-2.337461,guided_exp
10:32:29.790,2,-1.769221,1.379654,-1.630677,guided_exp
10:32:29.790,1,-2.680754,1.456247,-2.336535,guided_exp
10:32:29.873,2,-1.76958,1.374314,-1.630667,guided_exp
10:32:29.873,1,-2.680625,1.456916,-2.336286,guided_exp
10:32:29.957,2,-1.769407,1.377339,-1.630837,guided_exp
10:32:29.957,1,-2.681032,1.457651,-2.336195,guided_exp
10:32:30.039,2,-1.769484,1.387334,-1.630747,guided_exp
10:32:30.040,1,-2.679496,1.458339,-2.33337,guided_exp
10:32:30.123,2,-1.770695,1.384057,-1.629355,guided_exp
10:32:30.124,1,-2.679271,1.460862,-2.333186,guided_exp
10:32:30.206,2,-1.770441,1.384722,-1.629773,guided_exp
10:32:30.206,1,-2.677844,1.460004,-2.33114,guided_exp
10:32:30.290,2,-1.770492,1.394634,-1.630615,guided_exp
10:32:30.291,1,-2.677391,1.460515,-2.329128,guided_exp
10:32:30.373,2,-1.77069,1.390756,-1.631308,guided_exp
10:32:30.373,1,-2.676015,1.460807,-2.32739,guided_exp
10:32:30.523,2,-1.771689,1.388266,-1.63135,guided_exp
10:32:30.523,1,-2.673001,1.461089,-2.324344,guided_exp
10:32:30.606,2,-1.771763,1.390399,-1.631407,guided_exp
10:32:30.606,1,-2.673063,1.459756,-2.324201,guided_exp
10:32:30.690,2,-1.77229,1.389081,-1.631963,guided_exp
10:32:30.690,1,-2.672075,1.460001,-2.323664,guided_exp
10:32:30.773,2,-1.772028,1.390538,-1.633407,guided_exp
10:32:30.773,1,-2.66903,1.459883,-2.320637,guided_exp
10:32:30.857,2,-1.772404,1.39131,-1.631467,guided_exp
10:32:30.857,1,-2.666477,1.459221,-2.31914,guided_exp
10:32:30.957,2,-1.772471,1.394134,-1.633284,guided_exp
10:32:30.957,1,-2.663215,1.455287,-2.317944,guided_exp
10:32:31.039,2,-1.772975,1.397637,-1.632678,guided_exp
10:32:31.040,1,-2.66148,1.457513,-2.318343,guided_exp
10:32:31.124,2,-1.773786,1.40022,-1.632142,guided_exp
10:32:31.124,1,-2.659868,1.456186,-2.318642,guided_exp
10:32:31.206,2,-1.773084,1.399003,-1.633231,guided_exp
10:32:31.206,1,-2.655375,1.456769,-2.317391,guided_exp
10:32:31.290,2,-1.773795,1.391665,-1.631453,guided_exp
10:32:31.290,1,-2.651002,1.457256,-2.316669,guided_exp
10:32:31.373,2,-1.772874,1.392007,-1.632273,guided_exp
10:32:31.373,1,-2.648321,1.456525,-2.317045,guided_exp
10:32:31.457,2,-1.773249,1.391657,-1.633961,guided_exp
10:32:31.457,1,-2.646809,1.45613,-2.318098,guided_exp
10:32:31.539,2,-1.773437,1.374173,-1.630759,guided_exp
10:32:31.540,1,-2.641521,1.457715,-2.318536,guided_exp
10:32:31.624,2,-1.773204,1.384856,-1.632482,guided_exp
10:32:31.624,1,-2.639565,1.458813,-2.318484,guided_exp
10:32:31.724,2,-1.77338,1.378999,-1.632153,guided_exp
10:32:31.724,1,-2.637601,1.460366,-2.318679,guided_exp
10:32:31.806,2,-1.773321,1.379749,-1.632709,guided_exp
10:32:31.806,1,-2.635373,1.46041,-2.319919,guided_exp
10:32:31.890,2,-1.773733,1.365587,-1.636072,guided_exp
10:32:31.890,1,-2.632351,1.460449,-2.320749,guided_exp
10:32:31.973,2,-1.773247,1.377224,-1.636015,guided_exp
10:32:31.973,1,-2.629061,1.462705,-2.320464,guided_exp
10:32:32.057,2,-1.773576,1.376432,-1.637155,guided_exp
10:32:32.057,1,-2.628178,1.465324,-2.320831,guided_exp
10:32:32.157,2,-1.771383,1.373796,-1.640578,guided_exp
10:32:32.157,1,-2.625362,1.468587,-2.320427,guided_exp
10:32:32.239,2,-1.772115,1.384793,-1.641424,guided_exp
10:32:32.240,1,-2.624104,1.4665,-2.320353,guided_exp
10:32:32.323,2,-1.772152,1.380776,-1.64212,guided_exp
10:32:32.323,1,-2.622587,1.466929,-2.320113,guided_exp
10:32:32.406,2,-1.773087,1.383759,-1.643661,guided_exp
10:32:32.406,1,-2.621143,1.473934,-2.320478,guided_exp
10:32:32.490,2,-1.77309,1.383975,-1.643986,guided_exp
10:32:32.491,1,-2.620605,1.476539,-2.320623,guided_exp
10:32:32.573,2,-1.773701,1.384402,-1.643119,guided_exp
10:32:32.573,1,-2.619599,1.471286,-2.319733,guided_exp
10:32:32.657,2,-1.77329,1.385447,-1.643749,guided_exp
10:32:32.657,1,-2.617349,1.470274,-2.318499,guided_exp
10:32:32.740,2,-1.772904,1.386202,-1.644013,guided_exp
10:32:32.740,1,-2.61315,1.461749,-2.316338,guided_exp
10:32:32.824,2,-1.772373,1.390034,-1.643653,guided_exp
10:32:32.824,1,-2.609497,1.46481,-2.315132,guided_exp
10:32:32.906,2,-1.77121,1.39617,-1.644837,guided_exp
10:32:32.906,1,-2.603292,1.469966,-2.31204,guided_exp
10:32:32.991,2,-1.767453,1.396049,-1.648905,guided_exp
10:32:32.991,1,-2.601729,1.468936,-2.311761,guided_exp
10:32:33.073,2,-1.76697,1.396671,-1.653143,guided_exp
10:32:33.073,1,-2.596837,1.465668,-2.311074,guided_exp
10:32:33.206,2,-1.761807,1.397633,-1.664205,guided_exp
10:32:33.206,1,-2.587049,1.469116,-2.309542,guided_exp
10:32:33.340,2,-1.742678,1.395754,-1.68576,guided_exp
10:32:33.340,1,-2.585848,1.47038,-2.309938,guided_exp
10:32:33.424,2,-1.738977,1.392683,-1.691658,guided_exp
10:32:33.424,1,-2.582025,1.470384,-2.309585,guided_exp
10:32:33.506,2,-1.718893,1.392296,-1.70688,guided_exp
10:32:33.506,1,-2.576717,1.474496,-2.311171,guided_exp
10:32:33.590,2,-1.705903,1.390896,-1.719246,guided_exp
10:32:33.591,1,-2.574918,1.475915,-2.312219,guided_exp
10:32:33.673,2,-1.690657,1.387566,-1.738904,guided_exp
10:32:33.673,1,-2.571119,1.465458,-2.312074,guided_exp
10:32:33.824,2,-1.646753,1.387017,-1.788677,guided_exp
10:32:33.824,1,-2.567224,1.466872,-2.31472,guided_exp
10:32:33.906,2,-1.614609,1.387617,-1.837366,guided_exp
10:32:33.906,1,-2.565064,1.474235,-2.315766,guided_exp
10:32:33.990,2,-1.598934,1.390077,-1.864778,guided_exp
10:32:33.991,1,-2.562937,1.479437,-2.316819,guided_exp
10:32:34.073,2,-1.572857,1.391157,-1.909388,guided_exp
10:32:34.073,1,-2.561794,1.480807,-2.31774,guided_exp
10:32:34.157,2,-1.555674,1.390245,-1.936039,guided_exp
10:32:34.157,1,-2.560915,1.473894,-2.317797,guided_exp
10:32:34.239,2,-1.533249,1.394608,-1.973771,guided_exp
10:32:34.240,1,-2.559767,1.474661,-2.317478,guided_exp
10:32:34.324,2,-1.522829,1.394382,-1.993563,guided_exp
10:32:34.324,1,-2.559318,1.471844,-2.317386,guided_exp
10:32:34.406,2,-1.511857,1.394364,-2.020953,guided_exp
10:32:34.406,1,-2.559071,1.473782,-2.317949,guided_exp
10:32:34.557,2,-1.499449,1.395605,-2.047917,guided_exp
10:32:34.557,1,-2.558948,1.479147,-2.318423,guided_exp
10:32:34.639,2,-1.493538,1.401676,-2.067899,guided_exp
10:32:34.640,1,-2.559065,1.481775,-2.319315,guided_exp
10:32:34.723,2,-1.491586,1.403618,-2.079189,guided_exp
10:32:34.723,1,-2.559205,1.498144,-2.32002,guided_exp
10:32:34.806,2,-1.489542,1.402097,-2.095039,guided_exp
10:32:34.806,1,-2.559272,1.515327,-2.320004,guided_exp
10:32:34.890,2,-1.492131,1.405209,-2.109921,guided_exp
10:32:34.890,1,-2.559334,1.507213,-2.320478,guided_exp
10:32:34.973,2,-1.498568,1.403262,-2.130143,guided_exp
10:32:34.973,1,-2.558986,1.506128,-2.320736,guided_exp
10:32:35.057,2,-1.50302,1.408712,-2.144527,guided_exp
10:32:35.057,1,-2.55882,1.508854,-2.321353,guided_exp
10:32:35.140,2,-1.509949,1.402015,-2.169696,guided_exp
10:32:35.140,1,-2.558538,1.509697,-2.321275,guided_exp
10:32:35.224,2,-1.514525,1.399938,-2.182361,guided_exp
10:32:35.224,1,-2.557886,1.511786,-2.321262,guided_exp
10:32:35.306,2,-1.523542,1.399216,-2.213082,guided_exp
10:32:35.306,1,-2.557528,1.500383,-2.321443,guided_exp
10:32:35.457,2,-1.531265,1.38829,-2.24834,guided_exp
10:32:35.457,1,-2.556721,1.492631,-2.322125,guided_exp
10:32:35.540,2,-1.537434,1.395645,-2.275166,guided_exp
10:32:35.540,1,-2.555814,1.495486,-2.322087,guided_exp
10:32:35.623,2,-1.539997,1.394065,-2.291051,guided_exp
10:32:35.624,1,-2.554945,1.500922,-2.322213,guided_exp
10:32:35.706,2,-1.543362,1.40143,-2.30462,guided_exp
10:32:35.706,1,-2.553428,1.501633,-2.322666,guided_exp
10:32:35.790,2,-1.545452,1.408745,-2.315895,guided_exp
10:32:35.791,1,-2.552295,1.510728,-2.323524,guided_exp
10:32:35.873,2,-1.547956,1.415277,-2.326669,guided_exp
10:32:35.873,1,-2.551079,1.507771,-2.324113,guided_exp
10:32:35.957,2,-1.549454,1.419019,-2.332072,guided_exp
10:32:35.957,1,-2.55025,1.508009,-2.324493,guided_exp
10:32:36.040,2,-1.549928,1.420224,-2.33723,guided_exp
10:32:36.040,1,-2.549244,1.509262,-2.325105,guided_exp
10:32:36.124,2,-1.549298,1.418756,-2.339976,guided_exp
10:32:36.124,1,-2.548292,1.506357,-2.325124,guided_exp
10:32:36.206,2,-1.546012,1.420121,-2.342802,guided_exp
10:32:36.206,1,-2.546852,1.496782,-2.325678,guided_exp
10:32:36.290,2,-1.5393,1.417662,-2.34653,guided_exp
10:32:36.291,1,-2.546244,1.496318,-2.326063,guided_exp
10:32:36.373,2,-1.523511,1.417113,-2.350235,guided_exp
10:32:36.373,1,-2.545298,1.501788,-2.32628,guided_exp
10:32:36.457,2,-1.510802,1.411063,-2.348581,guided_exp
10:32:36.458,1,-2.544791,1.505495,-2.326408,guided_exp
10:32:36.557,2,-1.492067,1.410022,-2.349025,guided_exp
10:32:36.557,1,-2.543035,1.510259,-2.32663,guided_exp
10:32:36.640,2,-1.468886,1.414371,-2.347723,guided_exp
10:32:36.640,1,-2.541098,1.512937,-2.326816,guided_exp
10:32:36.724,2,-1.449064,1.420432,-2.346846,guided_exp
10:32:36.724,1,-2.540289,1.513382,-2.327078,guided_exp
10:32:36.806,2,-1.418006,1.424812,-2.344451,guided_exp
10:32:36.806,1,-2.539439,1.51567,-2.327417,guided_exp
10:32:36.957,2,-1.373796,1.424854,-2.348133,guided_exp
10:32:36.957,1,-2.538237,1.519853,-2.327621,guided_exp
10:32:37.040,2,-1.343053,1.423809,-2.347745,guided_exp
10:32:37.040,1,-2.537221,1.522698,-2.327743,guided_exp
10:32:37.123,2,-1.325105,1.424842,-2.348007,guided_exp
10:32:37.123,1,-2.537031,1.523868,-2.327699,guided_exp
10:32:37.240,2,-1.295843,1.417543,-2.348956,guided_exp
10:32:37.241,1,-2.535812,1.526814,-2.327733,guided_exp
10:32:37.340,2,-1.26675,1.415264,-2.350821,guided_exp
10:32:37.341,1,-2.535233,1.52592,-2.327782,guided_exp
10:32:37.423,2,-1.24765,1.415192,-2.35468,guided_exp
10:32:37.423,1,-2.53365,1.527552,-2.327729,guided_exp
10:32:37.506,2,-1.225738,1.413827,-2.357604,guided_exp
10:32:37.507,1,-2.531559,1.527406,-2.326811,guided_exp
10:32:37.590,2,-1.21421,1.415637,-2.360798,guided_exp
10:32:37.590,1,-2.530916,1.526832,-2.326931,guided_exp
10:32:37.673,2,-1.200705,1.418849,-2.36385,guided_exp
10:32:37.674,1,-2.530399,1.525466,-2.326728,guided_exp
10:32:37.757,2,-1.196281,1.419544,-2.365589,guided_exp
10:32:37.757,1,-2.529366,1.523451,-2.326363,guided_exp
10:32:37.840,2,-1.188077,1.418935,-2.367162,guided_exp
10:32:37.840,1,-2.527618,1.525593,-2.326163,guided_exp
10:32:37.924,2,-1.181844,1.417239,-2.367993,guided_exp
10:32:37.924,1,-2.526405,1.527226,-2.325829,guided_exp
10:32:38.006,2,-1.175052,1.415088,-2.368795,guided_exp
10:32:38.007,1,-2.526734,1.527665,-2.325178,guided_exp
10:32:38.140,2,-1.169116,1.413937,-2.370139,guided_exp
10:32:38.140,1,-2.526373,1.528558,-2.324644,guided_exp
10:32:38.224,2,-1.165601,1.412936,-2.370364,guided_exp
10:32:38.224,1,-2.525445,1.527683,-2.324329,guided_exp
10:32:38.306,2,-1.157463,1.412021,-2.370414,guided_exp
10:32:38.306,1,-2.523629,1.52857,-2.323533,guided_exp
10:32:38.390,2,-1.154402,1.411535,-2.370969,guided_exp
10:32:38.391,1,-2.522007,1.528634,-2.323348,guided_exp
10:32:38.473,2,-1.149963,1.410675,-2.371127,guided_exp
10:32:38.473,1,-2.520472,1.527951,-2.32289,guided_exp
10:32:38.557,2,-1.145297,1.410073,-2.371056,guided_exp
10:32:38.557,1,-2.519306,1.528684,-2.322475,guided_exp
10:32:38.640,2,-1.136314,1.409753,-2.379142,guided_exp
10:32:38.640,1,-2.517877,1.529273,-2.321629,guided_exp
10:32:38.724,2,-1.136218,1.409661,-2.379064,guided_exp
10:32:38.724,1,-2.51732,1.529668,-2.321371,guided_exp
10:32:38.806,2,-1.136205,1.409497,-2.378903,guided_exp
10:32:38.807,1,-2.515293,1.532379,-2.320283,guided_exp
10:32:38.890,2,-1.136109,1.40941,-2.379027,guided_exp
10:32:38.890,1,-2.514571,1.535848,-2.320391,guided_exp
10:32:38.973,2,-1.135117,1.409298,-2.37899,guided_exp
10:32:38.973,1,-2.513363,1.538148,-2.319942,guided_exp
10:32:39.056,2,-1.134838,1.409149,-2.379496,guided_exp
10:32:39.057,1,-2.513112,1.537856,-2.319715,guided_exp
10:32:39.140,2,-1.13302,1.408003,-2.378771,guided_exp
10:32:39.140,1,-2.511975,1.533146,-2.31874,guided_exp
10:32:39.223,2,-1.129233,1.407533,-2.380109,guided_exp
10:32:39.223,1,-2.511173,1.531984,-2.318377,guided_exp
10:32:39.307,2,-1.12537,1.407178,-2.382478,guided_exp
10:32:39.307,1,-2.50993,1.531171,-2.318426,guided_exp
10:32:39.390,2,-1.125221,1.406977,-2.382055,guided_exp
10:32:39.390,1,-2.509167,1.529826,-2.318156,guided_exp
10:32:39.473,2,-1.124735,1.406775,-2.38279,guided_exp
10:32:39.474,1,-2.50835,1.528126,-2.318096,guided_exp
10:32:39.557,2,-1.124633,1.406563,-2.383053,guided_exp
10:32:39.557,1,-2.5071,1.527401,-2.317618,guided_exp
10:32:39.640,2,-1.124927,1.406484,-2.383407,guided_exp
10:32:39.640,1,-2.506107,1.529773,-2.317974,guided_exp
10:32:39.724,2,-1.126121,1.406445,-2.383473,guided_exp
10:32:39.724,1,-2.505134,1.530471,-2.317409,guided_exp
10:32:39.806,2,-1.126111,1.406407,-2.383935,guided_exp
10:32:39.807,1,-2.504692,1.531637,-2.317422,guided_exp
10:32:39.890,2,-1.126209,1.406101,-2.383697,guided_exp
10:32:39.891,1,-2.504367,1.530931,-2.31753,guided_exp
10:32:39.973,2,-1.126445,1.405641,-2.382833,guided_exp
10:32:39.974,1,-2.50397,1.530046,-2.317464,guided_exp
10:32:40.057,2,-1.128391,1.4056,-2.382261,guided_exp
10:32:40.057,1,-2.503803,1.530429,-2.317653,guided_exp
10:32:40.140,2,-1.133723,1.405298,-2.379449,guided_exp
10:32:40.140,1,-2.503601,1.53262,-2.317472,guided_exp
10:32:40.290,2,-1.134805,1.40521,-2.379603,guided_exp
10:32:40.291,1,-2.503046,1.533921,-2.31758,guided_exp
10:32:40.373,2,-1.134552,1.405142,-2.380331,guided_exp
10:32:40.373,1,-2.502476,1.534758,-2.317568,guided_exp
10:32:40.457,2,-1.136472,1.405135,-2.38002,guided_exp
10:32:40.457,1,-2.502142,1.536124,-2.317978,guided_exp
10:32:40.540,2,-1.138457,1.40493,-2.379671,guided_exp
10:32:40.540,1,-2.502073,1.534312,-2.318053,guided_exp
10:32:40.640,2,-1.139668,1.404863,-2.37946,guided_exp
10:32:40.640,1,-2.501955,1.533917,-2.317928,guided_exp
10:32:40.723,2,-1.140585,1.404717,-2.378933,guided_exp
10:32:40.723,1,-2.501924,1.53455,-2.318304,guided_exp
10:32:40.807,2,-1.14063,1.404787,-2.378645,guided_exp
10:32:40.807,1,-2.503863,1.533908,-2.318357,guided_exp
10:32:40.890,2,-1.140834,1.404907,-2.379171,guided_exp
10:32:40.890,1,-2.503727,1.534413,-2.318606,guided_exp
10:32:40.974,2,-1.13809,1.40493,-2.379873,guided_exp
10:32:40.974,1,-2.506216,1.534456,-2.319336,guided_exp
10:32:41.057,2,-1.138743,1.404861,-2.379893,guided_exp
10:32:41.057,1,-2.504235,1.533056,-2.3197,guided_exp
10:32:41.140,2,-1.139604,1.404869,-2.380139,guided_exp
10:32:41.141,1,-2.506884,1.532887,-2.320192,guided_exp
10:32:41.223,2,-1.139745,1.404859,-2.380388,guided_exp
10:32:41.224,1,-2.507949,1.531446,-2.320086,guided_exp
10:32:41.307,2,-1.135754,1.405001,-2.384613,guided_exp
10:32:41.307,1,-2.506388,1.531219,-2.320432,guided_exp
10:32:41.390,2,-1.135684,1.405033,-2.384544,guided_exp
10:32:41.390,1,-2.507514,1.530384,-2.320396,guided_exp
10:32:41.474,2,-1.136169,1.405156,-2.38588,guided_exp
10:32:41.474,1,-2.508523,1.53056,-2.320562,guided_exp
10:32:41.557,2,-1.133537,1.405286,-2.389163,guided_exp
10:32:41.557,1,-2.506943,1.530351,-2.320699,guided_exp
10:32:41.640,2,-1.130216,1.405416,-2.391548,guided_exp
10:32:41.640,1,-2.505038,1.530591,-2.320606,guided_exp
10:32:41.773,2,-1.129022,1.405416,-2.39249,guided_exp
10:32:41.774,1,-2.504156,1.531091,-2.320023,guided_exp
10:32:41.857,2,-1.128555,1.405129,-2.393127,guided_exp
10:32:41.857,1,-2.502644,1.530722,-2.319956,guided_exp
10:32:41.940,2,-1.128246,1.405109,-2.393842,guided_exp
10:32:41.940,1,-2.501598,1.530963,-2.319728,guided_exp
10:32:42.024,2,-1.128405,1.40453,-2.393424,guided_exp
10:32:42.024,1,-2.504847,1.531049,-2.320166,guided_exp
10:32:42.106,2,-1.129758,1.404061,-2.395464,guided_exp
10:32:42.107,1,-2.504795,1.531244,-2.320736,guided_exp
10:32:42.190,2,-1.133625,1.403696,-2.392716,guided_exp
10:32:42.190,1,-2.503803,1.531962,-2.320395,guided_exp
10:32:42.273,2,-1.131652,1.403323,-2.39473,guided_exp
10:32:42.273,1,-2.502904,1.532185,-2.320813,guided_exp
10:32:42.357,2,-1.131021,1.402391,-2.395256,guided_exp
10:32:42.357,1,-2.502863,1.532205,-2.321463,guided_exp
10:32:42.440,2,-1.129976,1.401994,-2.396281,guided_exp
10:32:42.440,1,-2.503086,1.532105,-2.321554,guided_exp
10:32:42.524,2,-1.129656,1.401858,-2.39631,guided_exp
10:32:42.524,1,-2.502381,1.532474,-2.321789,guided_exp
10:32:42.607,2,-1.128361,1.401593,-2.397391,guided_exp
10:32:42.607,1,-2.504729,1.53214,-2.321892,guided_exp
10:32:42.690,2,-1.127375,1.401673,-2.39706,guided_exp
10:32:42.690,1,-2.503736,1.531931,-2.32259,guided_exp
10:32:42.774,2,-1.126882,1.401536,-2.397357,guided_exp
10:32:42.774,1,-2.50461,1.531724,-2.322128,guided_exp
10:32:42.857,2,-1.129393,1.401606,-2.394104,guided_exp
10:32:42.857,1,-2.504694,1.531677,-2.322248,guided_exp
10:32:42.940,2,-1.134154,1.401862,-2.389504,guided_exp
10:32:42.940,1,-2.50573,1.531142,-2.322893,guided_exp
10:32:43.024,2,-1.134745,1.401838,-2.390119,guided_exp
10:32:43.025,1,-2.506403,1.531416,-2.322777,guided_exp
10:32:43.107,2,-1.13012,1.40249,-2.39294,guided_exp
10:32:43.107,1,-2.506174,1.531276,-2.323265,guided_exp
10:32:43.190,2,-1.126666,1.402829,-2.393495,guided_exp
10:32:43.190,1,-2.506167,1.531268,-2.323834,guided_exp
10:32:43.273,2,-1.125933,1.40326,-2.394034,guided_exp
10:32:43.274,1,-2.506238,1.531283,-2.324308,guided_exp
10:32:43.357,2,-1.123218,1.403369,-2.395371,guided_exp
10:32:43.357,1,-2.506975,1.531674,-2.324482,guided_exp
10:32:43.440,2,-1.122121,1.403263,-2.395456,guided_exp
10:32:43.440,1,-2.507966,1.532095,-2.324743,guided_exp
10:32:43.524,2,-1.12259,1.403407,-2.395205,guided_exp
10:32:43.524,1,-2.506671,1.532124,-2.324934,guided_exp
10:32:43.607,2,-1.124196,1.403012,-2.394858,guided_exp
10:32:43.607,1,-2.505852,1.532359,-2.325283,guided_exp
10:32:43.690,2,-1.12861,1.403233,-2.391733,guided_exp
10:32:43.690,1,-2.50715,1.531765,-2.326063,guided_exp
10:32:43.773,2,-1.133469,1.40317,-2.386254,guided_exp
10:32:43.773,1,-2.508404,1.531743,-2.326352,guided_exp
10:32:43.857,2,-1.135764,1.403255,-2.384232,guided_exp
10:32:43.857,1,-2.505117,1.530932,-2.327955,guided_exp
10:32:43.940,2,-1.137047,1.403101,-2.382917,guided_exp
10:32:43.940,1,-2.503139,1.531026,-2.328205,guided_exp
10:32:44.024,2,-1.136313,1.402961,-2.383591,guided_exp
10:32:44.024,1,-2.501996,1.530637,-2.328068,guided_exp
10:32:44.106,2,-1.136049,1.403149,-2.383847,guided_exp
10:32:44.107,1,-2.498083,1.531405,-2.32903,guided_exp
10:32:44.190,2,-1.135597,1.403331,-2.383721,guided_exp
10:32:44.190,1,-2.497797,1.530468,-2.329212,guided_exp
10:32:44.273,2,-1.13065,1.403467,-2.38833,guided_exp
10:32:44.273,1,-2.495163,1.531538,-2.330342,guided_exp
10:32:44.357,2,-1.131862,1.403407,-2.386697,guided_exp
10:32:44.358,1,-2.492116,1.531406,-2.331545,guided_exp
10:32:44.440,2,-1.128233,1.403549,-2.388303,guided_exp
10:32:44.440,1,-2.491329,1.532873,-2.331138,guided_exp
10:32:44.524,2,-1.126818,1.403752,-2.38832,guided_exp
10:32:44.524,1,-2.492407,1.531416,-2.330719,guided_exp
10:32:44.607,2,-1.128473,1.403719,-2.387519,guided_exp
10:32:44.607,1,-2.487522,1.530183,-2.331524,guided_exp
10:32:44.690,2,-1.130874,1.403896,-2.385797,guided_exp
10:32:44.690,1,-2.485688,1.530372,-2.331906,guided_exp
10:32:44.774,2,-1.132692,1.403779,-2.385033,guided_exp
10:32:44.774,1,-2.481534,1.528021,-2.334341,guided_exp
10:32:44.857,2,-1.135332,1.403591,-2.382655,guided_exp
10:32:44.857,1,-2.479037,1.53054,-2.336617,guided_exp
10:32:44.941,2,-1.136334,1.4038,-2.381686,guided_exp
10:32:44.941,1,-2.476162,1.530252,-2.340024,guided_exp
10:32:45.024,2,-1.137366,1.405511,-2.380745,guided_exp
10:32:45.024,1,-2.47479,1.530768,-2.341991,guided_exp
10:32:45.106,2,-1.137523,1.409622,-2.380202,guided_exp
10:32:45.106,1,-2.47333,1.529154,-2.342942,guided_exp
10:32:45.190,2,-1.139438,1.412938,-2.378402,guided_exp
10:32:45.190,1,-2.472791,1.531228,-2.344028,guided_exp
10:32:45.273,2,-1.140964,1.412212,-2.377258,guided_exp
10:32:45.273,1,-2.472326,1.531443,-2.344702,guided_exp
10:32:45.357,2,-1.141023,1.410435,-2.377118,guided_exp
10:32:45.357,1,-2.472305,1.530758,-2.345008,guided_exp
10:32:45.440,2,-1.142146,1.403133,-2.375477,guided_exp
10:32:45.440,1,-2.471798,1.530939,-2.345344,guided_exp
10:32:45.523,2,-1.141975,1.396143,-2.375271,guided_exp
10:32:45.524,1,-2.472158,1.531602,-2.344808,guided_exp
10:32:45.606,2,-1.143415,1.392707,-2.372675,guided_exp
10:32:45.607,1,-2.471713,1.530819,-2.345186,guided_exp
10:32:45.690,2,-1.144085,1.402922,-2.372053,guided_exp
10:32:45.690,1,-2.471497,1.530529,-2.345232,guided_exp
10:32:45.774,2,-1.144981,1.403116,-2.369064,guided_exp
10:32:45.774,1,-2.471018,1.531008,-2.344722,guided_exp
10:32:45.857,2,-1.145054,1.406172,-2.368985,guided_exp
10:32:45.857,1,-2.470733,1.530895,-2.344289,guided_exp
10:32:45.940,2,-1.145244,1.399554,-2.368591,guided_exp
10:32:45.940,1,-2.472198,1.531063,-2.343173,guided_exp
10:32:46.024,2,-1.144685,1.403554,-2.368082,guided_exp
10:32:46.024,1,-2.471679,1.531599,-2.34269,guided_exp
10:32:46.107,2,-1.14354,1.390087,-2.363425,guided_exp
10:32:46.107,1,-2.472275,1.534464,-2.340754,guided_exp
10:32:46.190,2,-1.145709,1.383402,-2.360295,guided_exp
10:32:46.191,1,-2.475475,1.535495,-2.339638,guided_exp
10:32:46.273,2,-1.150437,1.37407,-2.351281,guided_exp
10:32:46.273,1,-2.473847,1.536262,-2.339612,guided_exp
10:32:46.357,2,-1.155591,1.373662,-2.349714,guided_exp
10:32:46.358,1,-2.472277,1.534932,-2.339474,guided_exp
10:32:46.440,2,-1.171688,1.37366,-2.344333,guided_exp
10:32:46.440,1,-2.471494,1.534967,-2.339395,guided_exp
10:32:46.524,2,-1.182941,1.390955,-2.342169,guided_exp
10:32:46.524,1,-2.471346,1.535026,-2.339319,guided_exp
10:32:46.606,2,-1.216951,1.387694,-2.338574,guided_exp
10:32:46.607,1,-2.470486,1.535738,-2.33905,guided_exp
10:32:46.690,2,-1.24326,1.376976,-2.338895,guided_exp
10:32:46.691,1,-2.469605,1.536553,-2.339139,guided_exp
10:32:46.773,2,-1.280595,1.378697,-2.335639,guided_exp
10:32:46.773,1,-2.468424,1.536696,-2.339503,guided_exp
10:32:46.857,2,-1.300967,1.374637,-2.335896,guided_exp
10:32:46.857,1,-2.467674,1.537,-2.339942,guided_exp
10:32:46.940,2,-1.355239,1.376578,-2.338548,guided_exp
10:32:46.941,1,-2.466506,1.536303,-2.340155,guided_exp
10:32:47.023,2,-1.387619,1.377986,-2.341101,guided_exp
10:32:47.023,1,-2.466153,1.536563,-2.339974,guided_exp
10:32:47.106,2,-1.422379,1.372173,-2.343788,guided_exp
10:32:47.107,1,-2.466034,1.536849,-2.339885,guided_exp
10:32:47.190,2,-1.451171,1.377298,-2.347459,guided_exp
10:32:47.190,1,-2.465801,1.536809,-2.339904,guided_exp
10:32:47.340,2,-1.49914,1.3863,-2.356925,guided_exp
10:32:47.341,1,-2.463036,1.537105,-2.340328,guided_exp
10:32:47.424,2,-1.527643,1.390939,-2.360098,guided_exp
10:32:47.424,1,-2.462409,1.536909,-2.340106,guided_exp
10:32:47.506,2,-1.549111,1.393926,-2.363031,guided_exp
10:32:47.507,1,-2.462323,1.536889,-2.340661,guided_exp
10:32:47.590,2,-1.564617,1.394469,-2.36716,guided_exp
10:32:47.590,1,-2.462767,1.536824,-2.341149,guided_exp
10:32:47.673,2,-1.578709,1.395033,-2.370371,guided_exp
10:32:47.673,1,-2.463001,1.536734,-2.341558,guided_exp
10:32:47.757,2,-1.585961,1.395424,-2.374649,guided_exp
10:32:47.757,1,-2.46305,1.53624,-2.341989,guided_exp
10:32:47.840,2,-1.589735,1.400877,-2.379104,guided_exp
10:32:47.840,1,-2.463482,1.53633,-2.342812,guided_exp
10:32:47.923,2,-1.593342,1.40021,-2.381928,guided_exp
10:32:47.924,1,-2.463845,1.536152,-2.343134,guided_exp
10:32:48.006,2,-1.599041,1.392917,-2.387419,guided_exp
10:32:48.007,1,-2.464617,1.536161,-2.343807,guided_exp
10:32:48.140,2,-1.605185,1.385366,-2.393312,guided_exp
10:32:48.140,1,-2.466898,1.536507,-2.346048,guided_exp
10:32:48.223,2,-1.60945,1.376255,-2.396551,guided_exp
10:32:48.223,1,-2.467544,1.537092,-2.347164,guided_exp
10:32:48.356,2,-1.620975,1.377196,-2.400858,guided_exp
10:32:48.357,1,-2.469687,1.537043,-2.34968,guided_exp
10:32:48.440,2,-1.63313,1.385549,-2.403013,guided_exp
10:32:48.440,1,-2.472936,1.536976,-2.353194,guided_exp
10:32:48.523,2,-1.644622,1.384882,-2.404199,guided_exp
10:32:48.524,1,-2.476709,1.537557,-2.354077,guided_exp
10:32:48.607,2,-1.667781,1.389133,-2.405435,guided_exp
10:32:48.607,1,-2.482564,1.537019,-2.358609,guided_exp
10:32:48.690,2,-1.678585,1.378896,-2.405418,guided_exp
10:32:48.691,1,-2.487064,1.537349,-2.362652,guided_exp
10:32:48.773,2,-1.697087,1.381702,-2.408668,guided_exp
10:32:48.773,1,-2.497847,1.537357,-2.367409,guided_exp
10:32:48.857,2,-1.708945,1.384498,-2.408004,guided_exp
10:32:48.857,1,-2.501839,1.537768,-2.370808,guided_exp
10:32:48.940,2,-1.730925,1.382347,-2.408106,guided_exp
10:32:48.940,1,-2.511499,1.537647,-2.377881,guided_exp
10:32:49.024,2,-1.741734,1.379403,-2.408082,guided_exp
10:32:49.024,1,-2.526562,1.53795,-2.383531,guided_exp
10:32:49.107,2,-1.752924,1.37989,-2.409709,guided_exp
10:32:49.107,1,-2.546791,1.538224,-2.397607,guided_exp
10:32:49.191,2,-1.758701,1.380776,-2.410028,guided_exp
10:32:49.191,1,-2.56282,1.538405,-2.406462,guided_exp
10:32:49.273,2,-1.767935,1.381192,-2.41043,guided_exp
10:32:49.274,1,-2.59278,1.537842,-2.419616,guided_exp
10:32:49.356,2,-1.772093,1.382339,-2.410406,guided_exp
10:32:49.357,1,-2.610459,1.537675,-2.433851,guided_exp
10:32:49.441,2,-1.780755,1.381278,-2.411761,guided_exp
10:32:49.441,1,-2.639166,1.537679,-2.449462,guided_exp
10:32:49.523,2,-1.784521,1.381059,-2.413614,guided_exp
10:32:49.524,1,-2.661055,1.537671,-2.463942,guided_exp
10:32:49.606,2,-1.789509,1.380775,-2.415373,guided_exp
10:32:49.607,1,-2.685275,1.537257,-2.483944,guided_exp
10:32:49.690,2,-1.793966,1.380802,-2.415433,guided_exp
10:32:49.690,1,-2.698014,1.537128,-2.498316,guided_exp
10:32:49.773,2,-1.799591,1.380122,-2.414693,guided_exp
10:32:49.773,1,-2.712168,1.537149,-2.513707,guided_exp
10:32:49.857,2,-1.803642,1.379804,-2.413871,guided_exp
10:32:49.857,1,-2.723398,1.537137,-2.528308,guided_exp
10:32:49.940,2,-1.808396,1.379467,-2.4122,guided_exp
10:32:49.940,1,-2.732168,1.53715,-2.538565,guided_exp
10:32:50.023,2,-1.811949,1.379584,-2.411417,guided_exp
10:32:50.024,1,-2.737817,1.537454,-2.542455,guided_exp
10:32:50.107,2,-1.817256,1.379378,-2.408868,guided_exp
10:32:50.107,1,-2.743421,1.537621,-2.549329,guided_exp
10:32:50.190,2,-1.824235,1.380782,-2.406672,guided_exp
10:32:50.190,1,-2.746282,1.537864,-2.553719,guided_exp
10:32:50.273,2,-1.828678,1.381321,-2.404188,guided_exp
10:32:50.274,1,-2.749679,1.537747,-2.559198,guided_exp
10:32:50.357,2,-1.831916,1.379175,-2.403156,guided_exp
10:32:50.358,1,-2.751149,1.537859,-2.563319,guided_exp
10:32:50.440,2,-1.833364,1.375977,-2.402771,guided_exp
10:32:50.440,1,-2.755176,1.537776,-2.567774,guided_exp
10:32:50.524,2,-1.834226,1.374362,-2.403321,guided_exp
10:32:50.524,1,-2.757284,1.537818,-2.56977,guided_exp
10:32:50.607,2,-1.834682,1.376931,-2.403577,guided_exp
10:32:50.607,1,-2.759836,1.538643,-2.571537,guided_exp
10:32:50.691,2,-1.836044,1.375979,-2.403377,guided_exp
10:32:50.691,1,-2.761386,1.539097,-2.571592,guided_exp
10:32:50.773,2,-1.839757,1.370628,-2.404229,guided_exp
10:32:50.773,1,-2.764232,1.538837,-2.570713,guided_exp
10:32:50.907,2,-1.842903,1.3707,-2.404037,guided_exp
10:32:50.908,1,-2.770073,1.538887,-2.565137,guided_exp
10:32:50.990,2,-1.842949,1.373569,-2.404738,guided_exp
10:32:50.991,1,-2.77273,1.53913,-2.561735,guided_exp
10:32:51.073,2,-1.846095,1.373295,-2.404833,guided_exp
10:32:51.074,1,-2.776559,1.53894,-2.553398,guided_exp
10:32:51.157,2,-1.847446,1.369144,-2.404601,guided_exp
10:32:51.157,1,-2.777927,1.539203,-2.547751,guided_exp
10:32:51.240,2,-1.848961,1.369556,-2.403778,guided_exp
10:32:51.240,1,-2.779721,1.539496,-2.534448,guided_exp
10:32:51.324,2,-1.850564,1.369539,-2.402842,guided_exp
10:32:51.324,1,-2.781322,1.539055,-2.52067,guided_exp
10:32:51.407,2,-1.853609,1.368619,-2.401356,guided_exp
10:32:51.407,1,-2.778782,1.53908,-2.497022,guided_exp
10:32:51.490,2,-1.854236,1.367646,-2.400528,guided_exp
10:32:51.490,1,-2.775663,1.539387,-2.479339,guided_exp
10:32:51.573,2,-1.856151,1.367507,-2.399571,guided_exp
10:32:51.573,1,-2.771076,1.538694,-2.438002,guided_exp
10:32:51.657,2,-1.85697,1.366946,-2.398754,guided_exp
10:32:51.657,1,-2.76571,1.538546,-2.412277,guided_exp
10:32:51.740,2,-1.858148,1.367329,-2.398074,guided_exp
10:32:51.740,1,-2.761464,1.538201,-2.370228,guided_exp
10:32:51.823,2,-1.858206,1.367019,-2.397806,guided_exp
10:32:51.823,1,-2.756615,1.537605,-2.337782,guided_exp
10:32:51.907,2,-1.858435,1.365208,-2.397505,guided_exp
10:32:51.907,1,-2.75097,1.53789,-2.300594,guided_exp
10:32:51.990,2,-1.858461,1.366169,-2.397203,guided_exp
10:32:51.991,1,-2.749535,1.537756,-2.277711,guided_exp
10:32:52.073,2,-1.858303,1.366527,-2.396847,guided_exp
10:32:52.074,1,-2.752935,1.537819,-2.24764,guided_exp
10:32:52.157,2,-1.858403,1.366158,-2.396265,guided_exp
10:32:52.157,1,-2.756033,1.536456,-2.227676,guided_exp
10:32:52.240,2,-1.858236,1.366174,-2.395969,guided_exp
10:32:52.240,1,-2.768231,1.536073,-2.201473,guided_exp
10:32:52.324,2,-1.858203,1.366049,-2.395577,guided_exp
10:32:52.324,1,-2.777975,1.536848,-2.17748,guided_exp
10:32:52.407,2,-1.858355,1.365666,-2.394836,guided_exp
10:32:52.407,1,-2.79578,1.536017,-2.149566,guided_exp
10:32:52.490,2,-1.858605,1.365505,-2.394682,guided_exp
10:32:52.491,1,-2.812663,1.535844,-2.129443,guided_exp
10:32:52.573,2,-1.8585,1.364982,-2.394472,guided_exp
10:32:52.573,1,-2.842775,1.535452,-2.096756,guided_exp
10:32:52.657,2,-1.857914,1.365876,-2.39418,guided_exp
10:32:52.657,1,-2.872478,1.535813,-2.066102,guided_exp
10:32:52.740,2,-1.856442,1.36419,-2.393829,guided_exp
10:32:52.740,1,-2.922514,1.536545,-2.022236,guided_exp
10:32:52.824,2,-1.85587,1.364139,-2.393701,guided_exp
10:32:52.824,1,-2.950519,1.536099,-1.992449,guided_exp
10:32:52.907,2,-1.852497,1.36376,-2.393461,guided_exp
10:32:52.907,1,-3.002225,1.534714,-1.945665,guided_exp
10:32:52.990,2,-1.851255,1.364392,-2.392652,guided_exp
10:32:52.990,1,-3.032046,1.535332,-1.920885,guided_exp
10:32:53.073,2,-1.848588,1.364935,-2.392666,guided_exp
10:32:53.073,1,-3.066385,1.535129,-1.885712,guided_exp
10:32:53.158,2,-1.848123,1.364044,-2.392461,guided_exp
10:32:53.158,1,-3.081049,1.535792,-1.871526,guided_exp
10:32:53.240,2,-1.846095,1.364143,-2.390667,guided_exp
10:32:53.240,1,-3.105205,1.534659,-1.846743,guided_exp
10:32:53.324,2,-1.845825,1.363834,-2.389986,guided_exp
10:32:53.324,1,-3.116891,1.534668,-1.828753,guided_exp
10:32:53.406,2,-1.845541,1.364706,-2.389037,guided_exp
10:32:53.407,1,-3.136646,1.534666,-1.804837,guided_exp
10:32:53.491,2,-1.846327,1.365203,-2.386003,guided_exp
10:32:53.491,1,-3.146673,1.535821,-1.787458,guided_exp
10:32:53.573,2,-1.845463,1.365323,-2.383755,guided_exp
10:32:53.573,1,-3.157434,1.535846,-1.752806,guided_exp
10:32:53.657,2,-1.845282,1.36406,-2.382329,guided_exp
10:32:53.658,1,-3.168058,1.534916,-1.734855,guided_exp
10:32:53.740,2,-1.843143,1.365575,-2.381469,guided_exp
10:32:53.740,1,-3.171993,1.535636,-1.697961,guided_exp
10:32:53.824,2,-1.842285,1.364628,-2.382658,guided_exp
10:32:53.824,1,-3.177362,1.53605,-1.67682,guided_exp
10:32:53.906,2,-1.841468,1.365205,-2.383502,guided_exp
10:32:53.906,1,-3.188331,1.536077,-1.629724,guided_exp
10:32:54.040,2,-1.836519,1.366269,-2.381674,guided_exp
10:32:54.041,1,-3.184629,1.535668,-1.566828,guided_exp
10:32:54.123,2,-1.835735,1.363645,-2.381291,guided_exp
10:32:54.124,1,-3.188549,1.535792,-1.542543,guided_exp
10:32:54.207,2,-1.83431,1.362901,-2.38081,guided_exp
10:32:54.208,1,-3.188049,1.536696,-1.487002,guided_exp
10:32:54.290,2,-1.832833,1.362558,-2.380739,guided_exp
10:32:54.290,1,-3.188074,1.536136,-1.454851,guided_exp
10:32:54.374,2,-1.833013,1.363499,-2.380885,guided_exp
10:32:54.374,1,-3.194277,1.536243,-1.426419,guided_exp
10:32:54.456,2,-1.83313,1.363295,-2.381327,guided_exp
10:32:54.456,1,-3.202418,1.5367,-1.411087,guided_exp
10:32:54.590,2,-1.833032,1.361892,-2.382088,guided_exp
10:32:54.590,1,-3.212037,1.53685,-1.374134,guided_exp
10:32:54.723,2,-1.833378,1.36195,-2.382172,guided_exp
10:32:54.723,1,-3.229124,1.536085,-1.334128,guided_exp
10:32:54.874,2,-1.834092,1.362202,-2.381333,guided_exp
10:32:54.874,1,-3.271398,1.53553,-1.295918,guided_exp
10:32:54.957,2,-1.834351,1.36214,-2.380636,guided_exp
10:32:54.957,1,-3.293764,1.535286,-1.26582,guided_exp
10:32:55.040,2,-1.83563,1.362489,-2.379197,guided_exp
10:32:55.040,1,-3.322843,1.53599,-1.238487,guided_exp
10:32:55.124,2,-1.838114,1.363272,-2.378419,guided_exp
10:32:55.124,1,-3.345346,1.536741,-1.21399,guided_exp
10:32:55.207,2,-1.841752,1.363343,-2.37643,guided_exp
10:32:55.207,1,-3.365186,1.53618,-1.18028,guided_exp
10:32:55.290,2,-1.844298,1.363532,-2.375123,guided_exp
10:32:55.291,1,-3.371739,1.537275,-1.158715,guided_exp
10:32:55.373,2,-1.851032,1.364645,-2.370675,guided_exp
10:32:55.374,1,-3.381972,1.53662,-1.134991,guided_exp
10:32:55.457,2,-1.85611,1.362719,-2.366852,guided_exp
10:32:55.457,1,-3.387351,1.535505,-1.109063,guided_exp
10:32:55.540,2,-1.859074,1.363268,-2.365285,guided_exp
10:32:55.540,1,-3.381894,1.536586,-1.071996,guided_exp
10:32:55.624,2,-1.860722,1.373695,-2.364475,guided_exp
10:32:55.624,1,-3.379061,1.536081,-1.04881,guided_exp
10:32:55.706,2,-1.862082,1.37261,-2.363671,guided_exp
10:32:55.706,1,-3.363883,1.537229,-1.014776,guided_exp
10:32:55.791,2,-1.86084,1.37739,-2.363997,guided_exp
10:32:55.791,1,-3.349204,1.535396,-0.990914,guided_exp
10:32:55.873,2,-1.859811,1.377591,-2.365435,guided_exp
10:32:55.873,1,-3.337176,1.534177,-0.969298,guided_exp
10:32:56.024,2,-1.853918,1.386663,-2.367688,guided_exp
10:32:56.024,1,-3.333507,1.534419,-0.946378,guided_exp
10:32:56.106,2,-1.853896,1.39416,-2.368041,guided_exp
10:32:56.106,1,-3.334775,1.533463,-0.921549,guided_exp
10:32:56.191,2,-1.856188,1.392499,-2.366219,guided_exp
10:32:56.191,1,-3.343841,1.533698,-0.902709,guided_exp
10:32:56.273,2,-1.857423,1.391861,-2.362953,guided_exp
10:32:56.273,1,-3.348506,1.533271,-0.891728,guided_exp
10:32:56.407,2,-1.859953,1.394536,-2.358464,guided_exp
10:32:56.408,1,-3.366602,1.532613,-0.857775,guided_exp
10:32:56.490,2,-1.860681,1.399448,-2.356357,guided_exp
10:32:56.490,1,-3.374591,1.533036,-0.846398,guided_exp
10:32:56.573,2,-1.861886,1.401695,-2.354391,guided_exp
10:32:56.574,1,-3.381373,1.534066,-0.834703,guided_exp
10:32:56.656,2,-1.865172,1.404708,-2.351424,guided_exp
10:32:56.656,1,-3.383861,1.534317,-0.829171,guided_exp
10:32:56.741,2,-1.869662,1.408588,-2.349206,guided_exp
10:32:56.741,1,-3.384986,1.533919,-0.827076,guided_exp
10:32:56.823,2,-1.876049,1.414198,-2.347614,guided_exp
10:32:56.823,1,-3.391334,1.534366,-0.820139,guided_exp
10:32:56.956,2,-1.893518,1.414806,-2.345178,guided_exp
10:32:56.957,1,-3.397382,1.534581,-0.812315,guided_exp
10:32:57.041,2,-1.906246,1.415878,-2.342333,guided_exp
10:32:57.041,1,-3.398538,1.534725,-0.810518,guided_exp
10:32:57.123,2,-1.918367,1.414914,-2.341423,guided_exp
10:32:57.123,1,-3.399364,1.534853,-0.809126,guided_exp
10:32:57.207,2,-1.938849,1.413284,-2.342283,guided_exp
10:32:57.208,1,-3.400488,1.535023,-0.805641,guided_exp
10:32:57.356,2,-1.956808,1.414231,-2.341154,guided_exp
10:32:57.357,1,-3.400289,1.53514,-0.805345,guided_exp
10:32:57.473,2,-1.984401,1.415636,-2.342673,guided_exp
10:32:57.474,1,-3.396977,1.534794,-0.808322,guided_exp
10:32:57.590,2,-2.004135,1.418611,-2.346576,guided_exp
10:32:57.591,1,-3.395242,1.534871,-0.80981,guided_exp
10:32:57.706,2,-2.031186,1.419174,-2.353161,guided_exp
10:32:57.707,1,-3.396153,1.534983,-0.808523,guided_exp
10:32:57.790,2,-2.045737,1.421729,-2.357922,guided_exp
10:32:57.790,1,-3.394662,1.534854,-0.809901,guided_exp
10:32:57.873,2,-2.057347,1.424776,-2.361577,guided_exp
10:32:57.873,1,-3.396251,1.5349,-0.809899,guided_exp
10:32:57.957,2,-2.065713,1.426728,-2.362851,guided_exp
10:32:57.957,1,-3.395223,1.534444,-0.810407,guided_exp
10:32:58.040,2,-2.07506,1.427806,-2.365481,guided_exp
10:32:58.040,1,-3.395874,1.534491,-0.812128,guided_exp
10:32:58.123,2,-2.078703,1.43008,-2.366949,guided_exp
10:32:58.124,1,-3.396097,1.53373,-0.809824,guided_exp
10:32:58.207,2,-2.084135,1.43277,-2.368686,guided_exp
10:32:58.207,1,-3.397916,1.532399,-0.810999,guided_exp
10:32:58.290,2,-2.086264,1.432217,-2.369351,guided_exp
10:32:58.290,1,-3.398473,1.532394,-0.811639,guided_exp
10:32:58.373,2,-2.086844,1.431281,-2.36934,guided_exp
10:32:58.373,1,-3.397927,1.53268,-0.813282,guided_exp
10:32:58.457,2,-2.086777,1.429586,-2.368572,guided_exp
10:32:58.458,1,-3.400555,1.532458,-0.812253,guided_exp
10:32:58.540,2,-2.085113,1.42821,-2.367217,guided_exp
10:32:58.540,1,-3.401059,1.532825,-0.814678,guided_exp
10:32:58.624,2,-2.082082,1.426572,-2.365451,guided_exp
10:32:58.624,1,-3.401219,1.532737,-0.816752,guided_exp
10:32:58.706,2,-2.078283,1.426494,-2.364356,guided_exp
10:32:58.706,1,-3.39961,1.532736,-0.819437,guided_exp
10:32:58.791,2,-2.076434,1.425887,-2.363593,guided_exp
10:32:58.791,1,-3.403428,1.532737,-0.81796,guided_exp
10:32:58.873,2,-2.074371,1.426473,-2.363373,guided_exp
10:32:58.873,1,-3.406203,1.532722,-0.817968,guided_exp
10:32:59.006,2,-2.071415,1.426937,-2.363381,guided_exp
10:32:59.007,1,-3.406623,1.532351,-0.819597,guided_exp
10:32:59.140,2,-2.068056,1.427568,-2.363153,guided_exp
10:32:59.140,1,-3.400733,1.531992,-0.821727,guided_exp
10:32:59.224,2,-2.067597,1.428558,-2.363249,guided_exp
10:32:59.224,1,-3.398066,1.532091,-0.822394,guided_exp
10:32:59.306,2,-2.066893,1.427354,-2.363606,guided_exp
10:32:59.306,1,-3.395725,1.531751,-0.822968,guided_exp
10:32:59.445,2,-2.064502,1.422147,-2.364961,guided_exp
10:32:59.445,1,-3.40389,1.531348,-0.822057,guided_exp
10:32:59.590,2,-2.063851,1.419052,-2.364971,guided_exp
10:32:59.590,1,-3.404813,1.531241,-0.819442,guided_exp
10:32:59.723,2,-2.064055,1.417807,-2.365395,guided_exp
10:32:59.723,1,-3.405101,1.53149,-0.819272,guided_exp
10:32:59.856,2,-2.065006,1.417456,-2.366087,guided_exp
10:32:59.857,1,-3.409454,1.53139,-0.818051,guided_exp
10:32:59.990,2,-2.065003,1.415216,-2.36626,guided_exp
10:32:59.990,1,-3.409569,1.531199,-0.816819,guided_exp
10:33:00.140,2,-2.065317,1.412226,-2.365739,guided_exp
10:33:00.140,1,-3.400487,1.531101,-0.82019,guided_exp
10:33:00.223,2,-2.065,1.407913,-2.365358,guided_exp
10:33:00.224,1,-3.400076,1.531184,-0.819638,guided_exp
10:33:00.307,2,-2.065015,1.405209,-2.365226,guided_exp
10:33:00.307,1,-3.402623,1.53124,-0.815923,guided_exp
10:33:00.390,2,-2.065279,1.402269,-2.364785,guided_exp
10:33:00.390,1,-3.40637,1.53088,-0.815252,guided_exp
10:33:00.473,2,-2.065368,1.401979,-2.36437,guided_exp
10:33:00.474,1,-3.404469,1.531172,-0.816863,guided_exp
10:33:00.557,2,-2.065076,1.399594,-2.363858,guided_exp
10:33:00.557,1,-3.405517,1.531275,-0.815698,guided_exp
10:33:00.640,2,-2.064131,1.399323,-2.363049,guided_exp
10:33:00.640,1,-3.406354,1.529608,-0.812717,guided_exp
10:33:00.724,2,-2.063316,1.400345,-2.362695,guided_exp
10:33:00.724,1,-3.401855,1.529437,-0.815867,guided_exp
10:33:00.806,2,-2.063269,1.397992,-2.362525,guided_exp
10:33:00.806,1,-3.401373,1.528574,-0.814151,guided_exp
10:33:00.890,2,-2.063519,1.398463,-2.362481,guided_exp
10:33:00.891,1,-3.401228,1.527759,-0.814646,guided_exp
10:33:00.973,2,-2.063693,1.40128,-2.36256,guided_exp
10:33:00.973,1,-3.397317,1.527793,-0.813548,guided_exp
10:33:01.106,2,-2.064155,1.401367,-2.362498,guided_exp
10:33:01.107,1,-3.399522,1.527333,-0.809508,guided_exp
10:33:01.240,2,-2.064746,1.400752,-2.360984,guided_exp
10:33:01.240,1,-3.402209,1.527086,-0.809424,guided_exp
10:33:01.324,2,-2.065656,1.40119,-2.359498,guided_exp
10:33:01.324,1,-3.403308,1.527324,-0.809337,guided_exp
10:33:01.406,2,-2.068533,1.397807,-2.351903,guided_exp
10:33:01.407,1,-3.404332,1.526939,-0.809065,guided_exp
10:33:01.491,2,-2.076149,1.397751,-2.342847,guided_exp
10:33:01.491,1,-3.40649,1.526584,-0.806552,guided_exp
10:33:01.573,2,-2.095373,1.397862,-2.318249,guided_exp
10:33:01.573,1,-3.406523,1.527343,-0.806198,guided_exp
10:33:01.723,2,-2.13902,1.397718,-2.265264,guided_exp
10:33:01.723,1,-3.407187,1.52721,-0.803326,guided_exp
10:33:01.806,2,-2.189443,1.397069,-2.207431,guided_exp
10:33:01.807,1,-3.40838,1.527858,-0.799373,guided_exp
10:33:01.940,2,-2.274791,1.396242,-2.130505,guided_exp
10:33:01.940,1,-3.41023,1.527504,-0.795483,guided_exp
10:33:02.024,2,-2.331044,1.395856,-2.082021,guided_exp
10:33:02.024,1,-3.41068,1.527789,-0.79277,guided_exp
10:33:02.106,2,-2.408058,1.395048,-2.011534,guided_exp
10:33:02.107,1,-3.411427,1.527977,-0.789124,guided_exp
10:33:02.240,2,-2.475921,1.393871,-1.934319,guided_exp
10:33:02.240,1,-3.411494,1.527157,-0.787097,guided_exp
10:33:02.323,2,-2.52025,1.394281,-1.87849,guided_exp
10:33:02.324,1,-3.411247,1.526844,-0.783783,guided_exp
10:33:02.407,2,-2.552759,1.394257,-1.829452,guided_exp
10:33:02.407,1,-3.411847,1.526559,-0.784674,guided_exp
10:33:02.490,2,-2.576561,1.394514,-1.790211,guided_exp
10:33:02.490,1,-3.412004,1.52651,-0.785087,guided_exp
10:33:02.573,2,-2.617599,1.395104,-1.719462,guided_exp
10:33:02.574,1,-3.409912,1.525986,-0.78417,guided_exp
10:33:02.657,2,-2.662773,1.395855,-1.652837,guided_exp
10:33:02.658,1,-3.412761,1.525773,-0.785598,guided_exp
10:33:02.740,2,-2.684145,1.397028,-1.577758,guided_exp
10:33:02.740,1,-3.411827,1.525687,-0.784336,guided_exp
10:33:02.824,2,-2.701003,1.397617,-1.529685,guided_exp
10:33:02.824,1,-3.411929,1.525511,-0.782858,guided_exp
10:33:02.906,2,-2.735877,1.399266,-1.469947,guided_exp
10:33:02.907,1,-3.420254,1.525184,-0.792202,guided_exp
10:33:03.040,2,-2.763065,1.400012,-1.43161,guided_exp
10:33:03.040,1,-3.414612,1.525206,-0.805015,guided_exp
10:33:03.124,2,-2.780247,1.401113,-1.409032,guided_exp
10:33:03.124,1,-3.411745,1.525177,-0.786065,guided_exp
10:33:03.207,2,-2.800392,1.401717,-1.38733,guided_exp
10:33:03.207,1,-3.393593,1.525418,-0.827613,guided_exp
10:33:03.340,2,-2.822051,1.402449,-1.380442,guided_exp
10:33:03.340,1,-3.402116,1.525659,-0.847215,guided_exp
10:33:03.423,2,-2.827661,1.402856,-1.375728,guided_exp
10:33:03.423,1,-3.449758,1.525436,-0.867944,guided_exp
10:33:03.507,2,-2.829849,1.403136,-1.372845,guided_exp
10:33:03.508,1,-3.450134,1.525384,-0.870081,guided_exp
10:33:03.590,2,-2.842355,1.403408,-1.360562,guided_exp
10:33:03.590,1,-3.398953,1.525615,-0.840774,guided_exp
10:33:03.741,2,-2.853763,1.403436,-1.355253,guided_exp
10:33:03.741,1,-3.432415,1.525334,-0.906163,guided_exp
10:33:03.824,2,-2.854413,1.403474,-1.35192,guided_exp
10:33:03.824,1,-3.434813,1.525023,-0.904541,guided_exp
10:33:03.907,2,-2.854338,1.402968,-1.349854,guided_exp
10:33:03.907,1,-3.438321,1.526825,-0.906337,guided_exp
10:33:03.990,2,-2.855761,1.402145,-1.349336,guided_exp
10:33:03.991,1,-3.435294,1.526993,-0.908439,guided_exp
10:33:04.073,2,-2.855575,1.401512,-1.347877,guided_exp
10:33:04.073,1,-3.446278,1.527858,-0.907451,guided_exp
10:33:04.206,2,-2.854671,1.400983,-1.348268,guided_exp
10:33:04.207,1,-3.432568,1.526996,-0.912584,guided_exp
10:33:04.291,2,-2.85559,1.400725,-1.348599,guided_exp
10:33:04.291,1,-3.422631,1.526749,-0.908976,guided_exp
10:33:04.373,2,-2.855272,1.398606,-1.348337,guided_exp
10:33:04.373,1,-3.435238,1.526802,-0.908797,guided_exp
10:33:04.474,2,-2.854132,1.398345,-1.346324,guided_exp
10:33:04.474,1,-3.421017,1.526554,-0.919631,guided_exp
10:33:04.573,2,-2.852683,1.397023,-1.344641,guided_exp
10:33:04.573,1,-3.409235,1.527458,-0.883115,guided_exp
10:33:04.674,2,-2.852395,1.397416,-1.34377,guided_exp
10:33:04.674,1,-3.434843,1.52824,-0.902502,guided_exp
10:33:04.773,2,-2.852251,1.397445,-1.342963,guided_exp
10:33:04.773,1,-3.443825,1.527567,-0.89327,guided_exp
10:33:04.874,2,-2.85039,1.397598,-1.340364,guided_exp
10:33:04.874,1,-3.351573,1.527378,-0.835308,guided_exp
10:33:04.956,2,-2.852055,1.396699,-1.338476,guided_exp
10:33:04.957,1,-3.358357,1.527534,-0.836672,guided_exp
10:33:05.107,2,-2.849057,1.396538,-1.334918,guided_exp
10:33:05.107,1,-3.375074,1.527551,-0.839475,guided_exp
10:33:05.190,2,-2.849126,1.396693,-1.333319,guided_exp
10:33:05.190,1,-3.382056,1.526822,-0.840451,guided_exp
10:33:05.274,2,-2.847603,1.396143,-1.332358,guided_exp
10:33:05.274,1,-3.38189,1.526643,-0.838512,guided_exp
10:33:05.357,2,-2.847022,1.396452,-1.328224,guided_exp
10:33:05.357,1,-3.395939,1.526865,-0.839955,guided_exp
10:33:05.445,2,-2.847167,1.396659,-1.329696,guided_exp
10:33:05.446,1,-3.39593,1.526986,-0.834213,guided_exp
10:33:05.590,2,-2.849627,1.39646,-1.330895,guided_exp
10:33:05.590,1,-3.396811,1.527526,-0.825757,guided_exp
10:33:05.723,2,-2.851528,1.396349,-1.332413,guided_exp
10:33:05.723,1,-3.399434,1.527232,-0.823316,guided_exp
10:33:05.807,2,-2.851716,1.39643,-1.333197,guided_exp
10:33:05.808,1,-3.407865,1.527107,-0.810719,guided_exp
10:33:05.890,2,-2.852693,1.396306,-1.333963,guided_exp
10:33:05.890,1,-3.412093,1.527076,-0.807849,guided_exp
10:33:06.023,2,-2.854621,1.396645,-1.331962,guided_exp
10:33:06.023,1,-3.413125,1.527172,-0.807574,guided_exp
10:33:06.107,2,-2.855192,1.39644,-1.333706,guided_exp
10:33:06.107,1,-3.415938,1.527586,-0.80696,guided_exp
10:33:06.190,2,-2.854885,1.39652,-1.333827,guided_exp
10:33:06.190,1,-3.416714,1.527899,-0.804094,guided_exp
10:33:06.273,2,-2.855916,1.397386,-1.335015,guided_exp
10:33:06.273,1,-3.426141,1.527992,-0.786827,guided_exp
10:33:06.357,2,-2.855749,1.396272,-1.33559,guided_exp
10:33:06.357,1,-3.429672,1.52803,-0.790006,guided_exp
10:33:06.440,2,-2.856242,1.394434,-1.336225,guided_exp
10:33:06.440,1,-3.431314,1.527639,-0.791374,guided_exp
10:33:06.523,2,-2.856275,1.393445,-1.336063,guided_exp
10:33:06.523,1,-3.431267,1.527725,-0.791104,guided_exp
10:33:06.656,2,-2.855924,1.392943,-1.336631,guided_exp
10:33:06.657,1,-3.430357,1.527825,-0.787743,guided_exp
10:33:06.740,2,-2.855192,1.391902,-1.336952,guided_exp
10:33:06.740,1,-3.430557,1.528088,-0.794181,guided_exp
10:33:06.823,2,-2.854829,1.391652,-1.337429,guided_exp
10:33:06.823,1,-3.428323,1.528042,-0.792499,guided_exp
10:33:06.907,2,-2.855076,1.391252,-1.337502,guided_exp
10:33:06.907,1,-3.426367,1.527915,-0.790551,guided_exp
10:33:06.990,2,-2.854859,1.391824,-1.338278,guided_exp
10:33:06.990,1,-3.425124,1.527753,-0.793918,guided_exp
10:33:07.074,2,-2.854973,1.394053,-1.339269,guided_exp
10:33:07.074,1,-3.421527,1.527336,-0.793526,guided_exp
10:33:07.157,2,-2.855228,1.395525,-1.339542,guided_exp
10:33:07.157,1,-3.42653,1.527173,-0.798108,guided_exp
10:33:07.240,2,-2.855096,1.395323,-1.339846,guided_exp
10:33:07.240,1,-3.43148,1.525752,-0.817385,guided_exp
10:33:07.324,2,-2.854367,1.395956,-1.339557,guided_exp
10:33:07.324,1,-3.42013,1.524986,-0.797257,guided_exp
10:33:07.424,2,-2.852971,1.395467,-1.339566,guided_exp
10:33:07.424,1,-3.409492,1.524388,-0.798687,guided_exp
10:33:07.524,2,-2.853253,1.394169,-1.340376,guided_exp
10:33:07.524,1,-3.410089,1.523206,-0.850849,guided_exp
10:33:07.607,2,-2.853782,1.393985,-1.341054,guided_exp
10:33:07.607,1,-3.461979,1.522814,-0.839545,guided_exp
10:33:07.690,2,-2.853428,1.392902,-1.341194,guided_exp
10:33:07.690,1,-3.465023,1.521502,-0.842717,guided_exp
10:33:07.773,2,-2.853703,1.393418,-1.342599,guided_exp
10:33:07.773,1,-3.420531,1.520951,-0.852629,guided_exp
10:33:07.857,2,-2.854678,1.392972,-1.343148,guided_exp
10:33:07.857,1,-3.458122,1.52042,-0.841358,guided_exp
10:33:07.940,2,-2.85329,1.392646,-1.342571,guided_exp
10:33:07.940,1,-3.461656,1.520881,-0.841931,guided_exp
10:33:08.024,2,-2.851823,1.392971,-1.343838,guided_exp
10:33:08.024,1,-3.455103,1.52015,-0.848031,guided_exp
10:33:08.106,2,-2.851739,1.393533,-1.344027,guided_exp
10:33:08.107,1,-3.45278,1.519902,-0.8509,guided_exp
10:33:08.191,2,-2.851721,1.393588,-1.343967,guided_exp
10:33:08.191,1,-3.441273,1.519245,-0.84914,guided_exp
10:33:08.274,2,-2.851971,1.394046,-1.344901,guided_exp
10:33:08.274,1,-3.421133,1.517548,-0.846905,guided_exp
10:33:08.406,2,-2.852012,1.394397,-1.345367,guided_exp
10:33:08.407,1,-3.424475,1.516511,-0.836107,guided_exp
10:33:08.557,2,-2.852902,1.39481,-1.346276,guided_exp
10:33:08.558,1,-3.428151,1.523817,-0.849521,guided_exp
10:33:08.640,2,-2.852893,1.395147,-1.345821,guided_exp
10:33:08.640,1,-3.439578,1.525211,-0.853077,guided_exp
10:33:08.791,2,-2.851479,1.395727,-1.345154,guided_exp
10:33:08.791,1,-3.406946,1.525575,-0.797052,guided_exp
10:33:08.873,2,-2.852654,1.395921,-1.344945,guided_exp
10:33:08.873,1,-3.38627,1.526133,-0.800377,guided_exp
10:33:08.957,2,-2.852249,1.395862,-1.344956,guided_exp
10:33:08.958,1,-3.439266,1.525997,-0.855085,guided_exp
10:33:09.040,2,-2.854087,1.396052,-1.345074,guided_exp
10:33:09.040,1,-3.451778,1.525883,-0.852995,guided_exp
10:33:09.124,2,-2.853992,1.396187,-1.344916,guided_exp
10:33:09.124,1,-3.428873,1.528021,-0.834317,guided_exp
10:33:09.206,2,-2.854635,1.396148,-1.344269,guided_exp
10:33:09.207,1,-3.42697,1.527173,-0.836128,guided_exp
10:33:09.291,2,-2.855556,1.395621,-1.344135,guided_exp
10:33:09.291,1,-3.423329,1.526926,-0.834672,guided_exp
10:33:09.373,2,-2.856534,1.395169,-1.343371,guided_exp
10:33:09.373,1,-3.42277,1.520429,-0.802289,guided_exp
10:33:09.457,2,-2.856455,1.39525,-1.343418,guided_exp
10:33:09.458,1,-3.419743,1.518649,-0.825794,guided_exp
10:33:09.558,2,-2.858137,1.395498,-1.343632,guided_exp
10:33:09.558,1,-3.417797,1.517677,-0.858614,guided_exp
10:33:09.640,2,-2.858248,1.395281,-1.342744,guided_exp
10:33:09.640,1,-3.470185,1.517305,-0.8549,guided_exp
10:33:09.724,2,-2.85855,1.395428,-1.342342,guided_exp
10:33:09.724,1,-3.428552,1.516829,-0.808957,guided_exp
10:33:09.824,2,-2.858755,1.396763,-1.34235,guided_exp
10:33:09.825,1,-3.418401,1.516141,-0.832914,guided_exp
10:33:09.907,2,-2.857723,1.400017,-1.342009,guided_exp
10:33:09.907,1,-3.441241,1.515289,-0.832119,guided_exp
10:33:09.991,2,-2.857563,1.401035,-1.341688,guided_exp
10:33:09.991,1,-3.4325,1.51476,-0.826391,guided_exp
10:33:10.073,2,-2.857954,1.406196,-1.34169,guided_exp
10:33:10.073,1,-3.420098,1.514445,-0.798663,guided_exp
10:33:10.207,2,-2.857547,1.408579,-1.341975,guided_exp
10:33:10.207,1,-3.44591,1.514397,-0.812372,guided_exp
10:33:10.291,2,-2.857147,1.409665,-1.342155,guided_exp
10:33:10.291,1,-3.430325,1.514256,-0.805575,guided_exp
10:33:10.373,2,-2.856564,1.412185,-1.341811,guided_exp
10:33:10.373,1,-3.427541,1.514571,-0.792779,guided_exp
10:33:10.506,2,-2.85619,1.414983,-1.342462,guided_exp
10:33:10.507,1,-3.427396,1.515132,-0.791675,guided_exp
10:33:10.591,2,-2.856227,1.416225,-1.341873,guided_exp
10:33:10.591,1,-3.425733,1.514701,-0.784632,guided_exp
10:33:10.673,2,-2.856334,1.420884,-1.342343,guided_exp
10:33:10.673,1,-3.425315,1.515111,-0.779253,guided_exp
10:33:10.757,2,-2.856229,1.421056,-1.342099,guided_exp
10:33:10.757,1,-3.425573,1.515227,-0.798418,guided_exp
10:33:10.890,2,-2.856605,1.424803,-1.34235,guided_exp
10:33:10.890,1,-3.424292,1.51525,-0.77414,guided_exp
10:33:11.023,2,-2.856858,1.425776,-1.343182,guided_exp
10:33:11.023,1,-3.419807,1.515381,-0.769298,guided_exp
10:33:11.107,2,-2.856621,1.425629,-1.343853,guided_exp
10:33:11.107,1,-3.419382,1.515313,-0.77271,guided_exp
10:33:11.190,2,-2.855957,1.424975,-1.343886,guided_exp
10:33:11.190,1,-3.418434,1.515519,-0.772488,guided_exp
10:33:11.274,2,-2.856008,1.424598,-1.344176,guided_exp
10:33:11.275,1,-3.415015,1.515397,-0.775429,guided_exp
10:33:11.356,2,-2.856177,1.423653,-1.343999,guided_exp
10:33:11.357,1,-3.417044,1.515448,-0.776179,guided_exp
10:33:11.446,2,-2.855986,1.420019,-1.344113,guided_exp
10:33:11.446,1,-3.414795,1.515573,-0.776273,guided_exp
10:33:11.540,2,-2.856424,1.416917,-1.343595,guided_exp
10:33:11.541,1,-3.438902,1.515679,-0.779669,guided_exp
10:33:11.623,2,-2.855449,1.421861,-1.343695,guided_exp
10:33:11.623,1,-3.415147,1.51578,-0.768063,guided_exp
10:33:11.707,2,-2.855305,1.422599,-1.343063,guided_exp
10:33:11.707,1,-3.414647,1.516047,-0.771124,guided_exp
10:33:11.790,2,-2.854874,1.420823,-1.343126,guided_exp
10:33:11.790,1,-3.413397,1.516605,-0.772565,guided_exp
10:33:11.874,2,-2.853969,1.417865,-1.343001,guided_exp
10:33:11.874,1,-3.412091,1.516543,-0.776528,guided_exp
10:33:11.957,2,-2.854321,1.415121,-1.343286,guided_exp
10:33:11.957,1,-3.413439,1.516674,-0.779667,guided_exp
10:33:12.041,2,-2.85452,1.410436,-1.343594,guided_exp
10:33:12.041,1,-3.409409,1.517144,-0.774157,guided_exp
10:33:12.123,2,-2.853768,1.409142,-1.343361,guided_exp
10:33:12.123,1,-3.405829,1.518596,-0.772114,guided_exp
10:33:12.207,2,-2.852929,1.409518,-1.343543,guided_exp
10:33:12.208,1,-3.40603,1.520893,-0.772044,guided_exp
10:33:12.290,2,-2.853054,1.409793,-1.343803,guided_exp
10:33:12.290,1,-3.407403,1.522864,-0.774515,guided_exp
10:33:12.423,2,-2.852505,1.410689,-1.344848,guided_exp
10:33:12.423,1,-3.411285,1.524509,-0.777691,guided_exp
10:33:12.507,2,-2.851944,1.399745,-1.345307,guided_exp
10:33:12.508,1,-3.406142,1.52723,-0.776099,guided_exp
10:33:12.590,2,-2.851807,1.398561,-1.345551,guided_exp
10:33:12.590,1,-3.405745,1.526652,-0.776124,guided_exp
10:33:12.741,2,-2.851667,1.397226,-1.346027,guided_exp
10:33:12.741,1,-3.404533,1.526791,-0.770704,guided_exp
10:33:12.841,2,-2.85507,1.396741,-1.345536,guided_exp
10:33:12.841,1,-3.405155,1.52853,-0.772748,guided_exp
10:33:12.924,2,-2.871377,1.397592,-1.340635,guided_exp
10:33:12.924,1,-3.409095,1.528495,-0.764193,guided_exp
10:33:13.007,2,-2.893657,1.397879,-1.329218,guided_exp
10:33:13.007,1,-3.432775,1.528877,-0.791954,guided_exp
10:33:13.090,2,-2.903371,1.397662,-1.32185,guided_exp
10:33:13.090,1,-3.432642,1.530616,-0.789185,guided_exp
10:33:13.173,2,-2.92868,1.397795,-1.296264,guided_exp
10:33:13.173,1,-3.419663,1.531226,-0.776933,guided_exp
10:33:13.324,2,-2.944681,1.404059,-1.256223,guided_exp
10:33:13.325,1,-3.430723,1.535391,-0.789017,guided_exp
10:33:13.424,2,-2.951102,1.404594,-1.196852,guided_exp
10:33:13.425,1,-3.433751,1.536614,-0.791873,guided_exp
10:33:13.524,2,-2.944164,1.403991,-1.138098,guided_exp
10:33:13.524,1,-3.41966,1.535655,-0.784427,guided_exp
10:33:13.607,2,-2.942122,1.40517,-1.074401,guided_exp
10:33:13.607,1,-3.41823,1.535092,-0.782708,guided_exp
10:33:13.690,2,-2.947484,1.401407,-0.996333,guided_exp
10:33:13.690,1,-3.416533,1.534785,-0.781924,guided_exp
10:33:13.773,2,-2.944328,1.400149,-0.931337,guided_exp
10:33:13.773,1,-3.417391,1.533924,-0.782729,guided_exp
10:33:13.857,2,-2.952951,1.399463,-0.903722,guided_exp
10:33:13.857,1,-3.412386,1.533107,-0.781399,guided_exp
10:33:13.940,2,-2.956683,1.399209,-0.853268,guided_exp
10:33:13.940,1,-3.41243,1.53215,-0.787768,guided_exp
10:33:14.023,2,-2.954862,1.39977,-0.809351,guided_exp
10:33:14.024,1,-3.413099,1.531893,-0.788053,guided_exp
10:33:14.107,2,-2.943509,1.404705,-0.792913,guided_exp
10:33:14.107,1,-3.412216,1.53208,-0.788904,guided_exp
10:33:14.190,2,-2.958513,1.41017,-0.771817,guided_exp
10:33:14.190,1,-3.413671,1.532008,-0.789567,guided_exp
10:33:14.274,2,-2.951717,1.413222,-0.762939,guided_exp
10:33:14.274,1,-3.417624,1.532217,-0.787657,guided_exp
10:33:14.357,2,-2.954379,1.406683,-0.751505,guided_exp
10:33:14.357,1,-3.417304,1.532617,-0.787839,guided_exp
10:33:14.440,2,-2.947384,1.404534,-0.747752,guided_exp
10:33:14.440,1,-3.417226,1.532782,-0.786907,guided_exp
10:33:14.524,2,-2.94407,1.403449,-0.74894,guided_exp
10:33:14.524,1,-3.417322,1.533007,-0.787218,guided_exp
10:33:14.607,2,-2.928965,1.402584,-0.751707,guided_exp
10:33:14.607,1,-3.417115,1.533689,-0.787537,guided_exp
10:33:14.740,2,-2.94172,1.402237,-0.72721,guided_exp
10:33:14.740,1,-3.416726,1.534177,-0.787615,guided_exp
10:33:14.824,2,-2.942699,1.409985,-0.725665,guided_exp
10:33:14.824,1,-3.416974,1.533799,-0.787574,guided_exp
10:33:14.907,2,-2.943342,1.405681,-0.723821,guided_exp
10:33:14.907,1,-3.417987,1.533578,-0.787924,guided_exp
10:33:15.040,2,-2.944211,1.403068,-0.720257,guided_exp
10:33:15.040,1,-3.41833,1.533136,-0.787865,guided_exp
10:33:15.124,2,-2.942042,1.402548,-0.721078,guided_exp
10:33:15.124,1,-3.418589,1.531965,-0.787797,guided_exp
10:33:15.207,2,-2.940325,1.401448,-0.722728,guided_exp
10:33:15.207,1,-3.418115,1.531366,-0.788579,guided_exp
10:33:15.340,2,-2.940766,1.400914,-0.722823,guided_exp
10:33:15.340,1,-3.419638,1.530668,-0.78812,guided_exp
10:33:15.424,2,-2.939639,1.401381,-0.723762,guided_exp
10:33:15.425,1,-3.419832,1.528866,-0.788116,guided_exp
10:33:15.524,2,-2.939565,1.401137,-0.722982,guided_exp
10:33:15.524,1,-3.420535,1.526229,-0.788807,guided_exp
10:33:15.607,2,-2.93845,1.401005,-0.722984,guided_exp
10:33:15.607,1,-3.423268,1.52451,-0.786342,guided_exp
10:33:15.740,2,-2.940564,1.401061,-0.718423,guided_exp
10:33:15.740,1,-3.42508,1.523015,-0.785264,guided_exp
10:33:15.874,2,-2.954212,1.400849,-0.709013,guided_exp
10:33:15.874,1,-3.425965,1.526572,-0.784715,guided_exp
10:33:15.974,2,-2.939462,1.400716,-0.718829,guided_exp
10:33:15.975,1,-3.426493,1.529422,-0.784367,guided_exp
10:33:16.074,2,-2.929033,1.400787,-0.722139,guided_exp
10:33:16.074,1,-3.427606,1.535619,-0.783686,guided_exp
10:33:16.174,2,-2.935374,1.40092,-0.719386,guided_exp
10:33:16.174,1,-3.428649,1.53795,-0.783552,guided_exp
10:33:16.257,2,-2.937962,1.400882,-0.715108,guided_exp
10:33:16.257,1,-3.428051,1.537851,-0.78365,guided_exp
10:33:16.340,2,-2.93854,1.401123,-0.718275,guided_exp
10:33:16.340,1,-3.428118,1.535699,-0.783726,guided_exp
10:33:16.423,2,-2.938063,1.401253,-0.719699,guided_exp
10:33:16.423,1,-3.428188,1.535376,-0.783555,guided_exp
10:33:16.507,2,-2.940492,1.401505,-0.71993,guided_exp
10:33:16.507,1,-3.427614,1.534813,-0.782859,guided_exp
10:33:16.590,2,-2.941583,1.401995,-0.718394,guided_exp
10:33:16.590,1,-3.426061,1.532834,-0.782462,guided_exp
10:33:16.673,2,-2.942876,1.402158,-0.71862,guided_exp
10:33:16.673,1,-3.425596,1.530075,-0.781586,guided_exp
10:33:16.757,2,-2.94271,1.402341,-0.720518,guided_exp
10:33:16.757,1,-3.426488,1.524143,-0.78105,guided_exp
10:33:16.840,2,-2.945381,1.402883,-0.722427,guided_exp
10:33:16.840,1,-3.426586,1.512518,-0.780229,guided_exp
10:33:16.924,2,-2.940591,1.403642,-0.724683,guided_exp
10:33:16.925,1,-3.426622,1.503664,-0.778999,guided_exp
10:33:17.024,2,-2.938868,1.403924,-0.721122,guided_exp
10:33:17.024,1,-3.428578,1.51151,-0.77657,guided_exp
10:33:17.124,2,-2.934869,1.404004,-0.723402,guided_exp
10:33:17.125,1,-3.429151,1.515661,-0.77547,guided_exp
10:33:17.207,2,-2.934641,1.404345,-0.726714,guided_exp
10:33:17.207,1,-3.431491,1.516852,-0.772848,guided_exp
10:33:17.290,2,-2.935326,1.404461,-0.726844,guided_exp
10:33:17.290,1,-3.431427,1.520991,-0.770261,guided_exp
10:33:17.373,2,-2.929922,1.404589,-0.732216,guided_exp
10:33:17.373,1,-3.432385,1.516102,-0.771623,guided_exp
10:33:17.457,2,-2.925484,1.408166,-0.733665,guided_exp
10:33:17.457,1,-3.43221,1.513697,-0.772322,guided_exp
10:33:17.540,2,-2.934109,1.407162,-0.738381,guided_exp
10:33:17.540,1,-3.431961,1.518818,-0.772632,guided_exp
10:33:17.624,2,-2.930173,1.40711,-0.746397,guided_exp
10:33:17.624,1,-3.430182,1.521337,-0.771933,guided_exp
10:33:17.724,2,-2.928315,1.411012,-0.745936,guided_exp
10:33:17.725,1,-3.429066,1.517173,-0.773671,guided_exp
10:33:17.807,2,-2.934509,1.408606,-0.769365,guided_exp
10:33:17.807,1,-3.428987,1.515856,-0.774033,guided_exp
10:33:17.890,2,-2.926534,1.409585,-0.787624,guided_exp
10:33:17.890,1,-3.429437,1.508125,-0.774165,guided_exp
10:33:17.991,2,-2.921778,1.408262,-0.822851,guided_exp
10:33:17.991,1,-3.429385,1.504175,-0.774382,guided_exp
10:33:18.090,2,-2.917656,1.407098,-0.874383,guided_exp
10:33:18.091,1,-3.429576,1.505553,-0.77427,guided_exp
10:33:18.190,2,-2.910327,1.406041,-0.922431,guided_exp
10:33:18.191,1,-3.427082,1.50862,-0.773932,guided_exp
10:33:18.273,2,-2.910088,1.408397,-0.949233,guided_exp
10:33:18.273,1,-3.426136,1.506702,-0.773812,guided_exp
10:33:18.357,2,-2.912356,1.407798,-0.995392,guided_exp
10:33:18.357,1,-3.422881,1.512038,-0.773946,guided_exp
10:33:18.457,2,-2.908314,1.406394,-1.027953,guided_exp
10:33:18.458,1,-3.421881,1.511738,-0.775322,guided_exp
10:33:18.557,2,-2.904758,1.405472,-1.054651,guided_exp
10:33:18.558,1,-3.422422,1.510572,-0.776296,guided_exp
10:33:18.657,2,-2.897771,1.405176,-1.07421,guided_exp
10:33:18.657,1,-3.423006,1.506946,-0.777092,guided_exp
10:33:18.758,2,-2.892074,1.406901,-1.083034,guided_exp
10:33:18.758,1,-3.4217,1.504593,-0.776131,guided_exp
10:33:18.857,2,-2.888818,1.407753,-1.088146,guided_exp
10:33:18.857,1,-3.421349,1.504486,-0.776544,guided_exp
10:33:18.957,2,-2.885043,1.409492,-1.090752,guided_exp
10:33:18.958,1,-3.418819,1.503992,-0.777587,guided_exp
10:33:19.058,2,-2.878472,1.41135,-1.094512,guided_exp
10:33:19.058,1,-3.420225,1.496146,-0.77891,guided_exp
10:33:19.157,2,-2.874392,1.412606,-1.094081,guided_exp
10:33:19.157,1,-3.418723,1.494799,-0.779645,guided_exp
10:33:19.240,2,-2.870639,1.413495,-1.09234,guided_exp
10:33:19.240,1,-3.416442,1.484885,-0.779617,guided_exp
10:33:19.324,2,-2.866691,1.414106,-1.091599,guided_exp
10:33:19.324,1,-3.412822,1.48386,-0.781055,guided_exp
10:33:19.424,2,-2.864891,1.414815,-1.089818,guided_exp
10:33:19.424,1,-3.411451,1.488454,-0.780641,guided_exp
10:33:19.524,2,-2.864902,1.414935,-1.089584,guided_exp
10:33:19.525,1,-3.410318,1.492288,-0.781253,guided_exp
10:33:19.624,2,-2.866117,1.412628,-1.088868,guided_exp
10:33:19.624,1,-3.411576,1.492361,-0.781813,guided_exp
10:33:19.723,2,-2.861866,1.411681,-1.089668,guided_exp
10:33:19.724,1,-3.410193,1.487258,-0.782104,guided_exp
10:33:19.824,2,-2.863842,1.411013,-1.087685,guided_exp
10:33:19.824,1,-3.411633,1.485467,-0.79713,guided_exp
10:33:19.924,2,-2.860329,1.411532,-1.086392,guided_exp
10:33:19.925,1,-3.403661,1.482297,-0.790553,guided_exp
10:33:20.024,2,-2.856741,1.41611,-1.084658,guided_exp
10:33:20.024,1,-3.42095,1.479367,-0.759877,guided_exp
10:33:20.124,2,-2.853285,1.419181,-1.085082,guided_exp
10:33:20.125,1,-3.459439,1.484848,-0.823309,guided_exp
10:33:20.224,2,-2.850394,1.42429,-1.08336,guided_exp
10:33:20.225,1,-3.445142,1.485421,-0.826871,guided_exp
10:33:20.324,2,-2.84531,1.427901,-1.079306,guided_exp
10:33:20.324,1,-3.390034,1.487645,-0.846688,guided_exp
10:33:20.424,2,-2.842053,1.427121,-1.077745,guided_exp
10:33:20.424,1,-3.382989,1.483722,-0.800381,guided_exp
10:33:20.524,2,-2.839267,1.427423,-1.075827,guided_exp
10:33:20.525,1,-3.388223,1.482674,-0.805905,guided_exp
10:33:20.624,2,-2.836834,1.428394,-1.072744,guided_exp
10:33:20.624,1,-3.418938,1.479776,-0.84304,guided_exp
10:33:20.724,2,-2.832106,1.429137,-1.068968,guided_exp
10:33:20.725,1,-3.379398,1.475569,-0.809953,guided_exp
10:33:20.824,2,-2.829417,1.429151,-1.061277,guided_exp
10:33:20.825,1,-3.381668,1.478071,-0.804159,guided_exp
10:33:20.923,2,-2.820052,1.427555,-1.059544,guided_exp
10:33:20.924,1,-3.383671,1.478014,-0.796924,guided_exp
10:33:21.024,2,-2.816819,1.426962,-1.056063,guided_exp
10:33:21.025,1,-3.381676,1.476312,-0.795682,guided_exp
10:33:21.124,2,-2.81188,1.425895,-1.055417,guided_exp
10:33:21.125,1,-3.381498,1.475971,-0.794553,guided_exp
10:33:21.223,2,-2.809625,1.425368,-1.053656,guided_exp
10:33:21.223,1,-3.380017,1.47609,-0.79198,guided_exp
10:33:21.307,2,-2.808248,1.425005,-1.051788,guided_exp
10:33:21.307,1,-3.383196,1.477192,-0.792909,guided_exp
10:33:21.407,2,-2.804087,1.424535,-1.052674,guided_exp
10:33:21.407,1,-3.383064,1.47642,-0.792925,guided_exp
10:33:21.508,2,-2.801254,1.425258,-1.051783,guided_exp
10:33:21.508,1,-3.383748,1.477914,-0.791349,guided_exp
10:33:21.607,2,-2.796317,1.428808,-1.052724,guided_exp
10:33:21.607,1,-3.384852,1.479497,-0.791828,guided_exp
10:33:21.690,2,-2.796557,1.431296,-1.052811,guided_exp
10:33:21.690,1,-3.383462,1.480225,-0.792574,guided_exp
10:33:21.773,2,-2.797729,1.434414,-1.053048,guided_exp
10:33:21.773,1,-3.384063,1.480224,-0.791527,guided_exp
10:33:21.857,2,-2.797624,1.436642,-1.05304,guided_exp
10:33:21.857,1,-3.383833,1.480562,-0.790095,guided_exp
10:33:21.940,2,-2.795708,1.437471,-1.05502,guided_exp
10:33:21.940,1,-3.383878,1.47707,-0.79072,guided_exp
10:33:22.023,2,-2.793112,1.437209,-1.055228,guided_exp
10:33:22.023,1,-3.38169,1.479474,-0.790037,guided_exp
10:33:22.107,2,-2.791441,1.438307,-1.055235,guided_exp
10:33:22.107,1,-3.379917,1.480858,-0.789769,guided_exp
10:33:22.190,2,-2.792807,1.438345,-1.055142,guided_exp
10:33:22.190,1,-3.378444,1.481186,-0.789587,guided_exp
10:33:22.291,2,-2.792878,1.439403,-1.055384,guided_exp
10:33:22.291,1,-3.3737,1.478428,-0.790176,guided_exp
10:33:22.423,2,-2.792906,1.439706,-1.052994,guided_exp
10:33:22.423,1,-3.373701,1.476928,-0.788579,guided_exp
10:33:22.524,2,-2.793403,1.440063,-1.053451,guided_exp
10:33:22.525,1,-3.374741,1.477395,-0.786335,guided_exp
10:33:22.624,2,-2.793227,1.440487,-1.053585,guided_exp
10:33:22.625,1,-3.375243,1.478273,-0.785774,guided_exp
10:33:22.724,2,-2.791043,1.440971,-1.052709,guided_exp
10:33:22.724,1,-3.37475,1.478992,-0.785794,guided_exp
10:33:22.824,2,-2.791027,1.441311,-1.052855,guided_exp
10:33:22.825,1,-3.374724,1.479077,-0.785791,guided_exp
10:33:22.924,2,-2.79174,1.440978,-1.052353,guided_exp
10:33:22.925,1,-3.374306,1.480126,-0.785928,guided_exp
10:33:23.024,2,-2.79186,1.440889,-1.052106,guided_exp
10:33:23.024,1,-3.374501,1.478911,-0.785881,guided_exp
10:33:23.124,2,-2.791997,1.440468,-1.052541,guided_exp
10:33:23.125,1,-3.374316,1.479906,-0.78559,guided_exp
10:33:23.224,2,-2.793084,1.439827,-1.055294,guided_exp
10:33:23.225,1,-3.375094,1.476974,-0.78554,guided_exp
10:33:23.324,2,-2.794761,1.438764,-1.054295,guided_exp
10:33:23.324,1,-3.375592,1.475436,-0.785084,guided_exp
10:33:23.424,2,-2.794675,1.438061,-1.054007,guided_exp
10:33:23.425,1,-3.376218,1.47341,-0.784757,guided_exp
10:33:23.524,2,-2.795256,1.437041,-1.053113,guided_exp
10:33:23.524,1,-3.377518,1.473233,-0.785087,guided_exp
10:33:23.624,2,-2.79602,1.437138,-1.052905,guided_exp
10:33:23.625,1,-3.378765,1.475458,-0.78462,guided_exp
10:33:23.724,2,-2.796426,1.437215,-1.053177,guided_exp
10:33:23.725,1,-3.377813,1.475491,-0.785448,guided_exp
10:33:23.824,2,-2.794648,1.437353,-1.052803,guided_exp
10:33:23.825,1,-3.379881,1.473757,-0.784272,guided_exp
10:33:23.924,2,-2.793796,1.437149,-1.052272,guided_exp
10:33:23.924,1,-3.380597,1.475808,-0.783652,guided_exp
10:33:24.024,2,-2.795046,1.437335,-1.052021,guided_exp
10:33:24.025,1,-3.382556,1.478499,-0.783162,guided_exp
10:33:24.123,2,-2.796419,1.43743,-1.051985,guided_exp
10:33:24.124,1,-3.381948,1.475801,-0.78262,guided_exp
10:33:24.207,2,-2.795997,1.437457,-1.051919,guided_exp
10:33:24.208,1,-3.386639,1.474467,-0.780364,guided_exp
10:33:24.307,2,-2.796161,1.437313,-1.050963,guided_exp
10:33:24.308,1,-3.384075,1.476864,-0.781199,guided_exp
10:33:24.408,2,-2.796261,1.437418,-1.05092,guided_exp
10:33:24.408,1,-3.383485,1.477386,-0.781152,guided_exp
10:33:24.490,2,-2.795982,1.43741,-1.050075,guided_exp
10:33:24.490,1,-3.38257,1.478421,-0.780995,guided_exp
10:33:24.574,2,-2.795573,1.437138,-1.049965,guided_exp
10:33:24.574,1,-3.380602,1.47534,-0.781832,guided_exp
10:33:24.657,2,-2.796561,1.436961,-1.049763,guided_exp
10:33:24.657,1,-3.379551,1.475207,-0.783096,guided_exp
10:33:24.740,2,-2.797154,1.437083,-1.049159,guided_exp
10:33:24.740,1,-3.378411,1.474405,-0.784514,guided_exp
10:33:24.841,2,-2.797466,1.436977,-1.049466,guided_exp
10:33:24.841,1,-3.377725,1.472785,-0.78451,guided_exp
10:33:24.940,2,-2.798231,1.436903,-1.049444,guided_exp
10:33:24.940,1,-3.377451,1.475055,-0.785163,guided_exp
10:33:25.023,2,-2.796325,1.436802,-1.048239,guided_exp
10:33:25.024,1,-3.377057,1.475417,-0.78523,guided_exp
10:33:25.107,2,-2.797093,1.436479,-1.048602,guided_exp
10:33:25.107,1,-3.376684,1.475951,-0.785689,guided_exp
10:33:25.190,2,-2.7967,1.436258,-1.048861,guided_exp
10:33:25.190,1,-3.37562,1.477026,-0.787692,guided_exp
10:33:25.274,2,-2.795307,1.436141,-1.049104,guided_exp
10:33:25.274,1,-3.372969,1.477741,-0.789414,guided_exp
10:33:25.357,2,-2.794861,1.435705,-1.049588,guided_exp
10:33:25.357,1,-3.37275,1.477199,-0.790316,guided_exp
10:33:25.450,2,-2.796546,1.435421,-1.049909,guided_exp
10:33:25.450,1,-3.37311,1.477273,-0.7883,guided_exp
10:33:25.540,2,-2.796756,1.433359,-1.050283,guided_exp
10:33:25.541,1,-3.38246,1.477732,-0.778738,guided_exp
10:33:25.641,2,-2.796491,1.428688,-1.049777,guided_exp
10:33:25.641,1,-3.386187,1.476759,-0.777588,guided_exp
10:33:25.741,2,-2.795608,1.425367,-1.049132,guided_exp
10:33:25.741,1,-3.387274,1.475691,-0.770565,guided_exp
10:33:25.840,2,-2.795135,1.418852,-1.049201,guided_exp
10:33:25.841,1,-3.386851,1.476731,-0.771321,guided_exp
10:33:25.941,2,-2.796547,1.405599,-1.050215,guided_exp
10:33:25.941,1,-3.386079,1.474505,-0.771837,guided_exp
10:33:26.041,2,-2.79693,1.395928,-1.049812,guided_exp
10:33:26.041,1,-3.386002,1.476006,-0.771774,guided_exp
10:33:26.140,2,-2.796568,1.400056,-1.049497,guided_exp
10:33:26.140,1,-3.380731,1.476825,-0.7778,guided_exp
10:33:26.223,2,-2.795794,1.413988,-1.049317,guided_exp
10:33:26.223,1,-3.381778,1.478662,-0.775729,guided_exp
10:33:26.307,2,-2.79478,1.423896,-1.048465,guided_exp
10:33:26.307,1,-3.364883,1.477413,-0.785496,guided_exp
10:33:26.391,2,-2.794438,1.430657,-1.048601,guided_exp
10:33:26.391,1,-3.378914,1.479605,-0.781778,guided_exp
10:33:26.490,2,-2.793131,1.433254,-1.049843,guided_exp
10:33:26.491,1,-3.372035,1.477371,-0.791655,guided_exp
10:33:26.590,2,-2.793039,1.428849,-1.04916,guided_exp
10:33:26.591,1,-3.368716,1.476897,-0.795065,guided_exp
10:33:26.691,2,-2.792543,1.408195,-1.047941,guided_exp
10:33:26.691,1,-3.36678,1.466057,-0.796548,guided_exp
10:33:26.790,2,-2.79394,1.409567,-1.047418,guided_exp
10:33:26.790,1,-3.363841,1.467404,-0.802638,guided_exp
10:33:26.890,2,-2.793013,1.410201,-1.047267,guided_exp
10:33:26.890,1,-3.361217,1.468928,-0.806061,guided_exp
10:33:26.973,2,-2.792561,1.413793,-1.046769,guided_exp
10:33:26.974,1,-3.361998,1.470396,-0.806081,guided_exp
10:33:27.057,2,-2.792345,1.418291,-1.046595,guided_exp
10:33:27.057,1,-3.364469,1.459748,-0.806777,guided_exp
10:33:27.157,2,-2.791193,1.413154,-1.044865,guided_exp
10:33:27.158,1,-3.364006,1.455026,-0.811187,guided_exp
10:33:27.257,2,-2.792004,1.417415,-1.043886,guided_exp
10:33:27.257,1,-3.363866,1.515865,-0.811414,guided_exp
10:33:27.340,2,-2.79321,1.414889,-1.043749,guided_exp
10:33:27.340,1,-3.36327,1.458802,-0.814073,guided_exp
10:33:27.424,2,-2.792126,1.408908,-1.044189,guided_exp
10:33:27.424,1,-3.363138,1.450336,-0.815464,guided_exp
10:33:27.524,2,-2.792959,1.412202,-1.044224,guided_exp
10:33:27.524,1,-3.363909,1.41169,-0.816272,guided_exp
10:33:27.624,2,-2.797406,1.408553,-1.047189,guided_exp
10:33:27.625,1,-3.363187,1.411014,-0.818346,guided_exp
10:33:27.724,2,-2.805385,1.41034,-1.047474,guided_exp
10:33:27.725,1,-3.364394,1.485183,-0.819618,guided_exp
10:33:27.823,2,-2.809858,1.411735,-1.044634,guided_exp
10:33:27.824,1,-3.365266,1.399435,-0.817702,guided_exp
10:33:27.924,2,-2.823053,1.412341,-1.027865,guided_exp
10:33:27.925,1,-3.366098,1.401133,-0.817126,guided_exp
10:33:28.024,2,-2.835333,1.409748,-0.990487,guided_exp
10:33:28.025,1,-3.365961,1.399713,-0.815525,guided_exp
10:33:28.124,2,-2.846092,1.408227,-0.962201,guided_exp
10:33:28.124,1,-3.366316,1.400547,-0.814218,guided_exp
10:33:28.224,2,-2.853175,1.408812,-0.908453,guided_exp
10:33:28.225,1,-3.365537,1.402841,-0.814074,guided_exp
10:33:28.324,2,-2.843986,1.408695,-0.872231,guided_exp
10:33:28.325,1,-3.365477,1.401949,-0.81391,guided_exp
10:33:28.424,2,-2.841202,1.407692,-0.837199,guided_exp
10:33:28.424,1,-3.366205,1.415092,-0.812567,guided_exp
10:33:28.524,2,-2.83834,1.407035,-0.811222,guided_exp
10:33:28.525,1,-3.36538,1.398049,-0.812565,guided_exp
10:33:28.624,2,-2.840955,1.406672,-0.793694,guided_exp
10:33:28.625,1,-3.363641,1.369707,-0.81158,guided_exp
10:33:28.724,2,-2.846924,1.406314,-0.786175,guided_exp
10:33:28.724,1,-3.364547,1.441643,-0.810378,guided_exp
10:33:28.824,2,-2.849702,1.406233,-0.780003,guided_exp
10:33:28.825,1,-3.366125,1.410651,-0.810471,guided_exp
10:33:28.924,2,-2.849836,1.407432,-0.772799,guided_exp
10:33:28.925,1,-3.366259,1.405797,-0.810451,guided_exp
10:33:29.024,2,-2.84953,1.407286,-0.7677,guided_exp
10:33:29.024,1,-3.366875,1.49127,-0.810471,guided_exp
10:33:29.124,2,-2.84689,1.405488,-0.770702,guided_exp
10:33:29.125,1,-3.367676,1.49221,-0.809337,guided_exp
10:33:29.224,2,-2.841395,1.404256,-0.76332,guided_exp
10:33:29.225,1,-3.368786,1.488952,-0.807946,guided_exp
10:33:29.324,2,-2.84305,1.404281,-0.764981,guided_exp
10:33:29.324,1,-3.369591,1.484447,-0.807763,guided_exp
10:33:29.424,2,-2.831247,1.402431,-0.762735,guided_exp
10:33:29.425,1,-3.37078,1.482949,-0.806806,guided_exp
10:33:29.524,2,-2.838899,1.401974,-0.764838,guided_exp
10:33:29.525,1,-3.370453,1.470137,-0.806698,guided_exp
10:33:29.624,2,-2.835374,1.402286,-0.767696,guided_exp
10:33:29.624,1,-3.370251,1.479181,-0.806332,guided_exp
10:33:29.724,2,-2.835313,1.403638,-0.770034,guided_exp
10:33:29.725,1,-3.370217,1.477098,-0.806522,guided_exp
10:33:29.823,2,-2.835774,1.40466,-0.769248,guided_exp
10:33:29.824,1,-3.370524,1.47399,-0.806624,guided_exp
10:33:29.907,2,-2.830879,1.40594,-0.768576,guided_exp
10:33:29.907,1,-3.371188,1.471374,-0.806702,guided_exp
10:33:30.008,2,-2.831045,1.406433,-0.768923,guided_exp
10:33:30.008,1,-3.372287,1.471325,-0.807163,guided_exp
10:33:30.107,2,-2.825644,1.405542,-0.767989,guided_exp
10:33:30.108,1,-3.373445,1.470676,-0.808456,guided_exp
10:33:30.208,2,-2.825523,1.405567,-0.767753,guided_exp
10:33:30.208,1,-3.374701,1.470763,-0.808494,guided_exp
10:33:30.307,2,-2.826428,1.405874,-0.770697,guided_exp
10:33:30.307,1,-3.375258,1.464972,-0.808871,guided_exp
10:33:30.408,2,-2.826581,1.405842,-0.770904,guided_exp
10:33:30.408,1,-3.377304,1.475707,-0.809202,guided_exp
10:33:30.508,2,-2.826744,1.405856,-0.771214,guided_exp
10:33:30.508,1,-3.379765,1.467585,-0.810149,guided_exp
10:33:30.607,2,-2.823594,1.405566,-0.772031,guided_exp
10:33:30.607,1,-3.382164,1.461435,-0.8101,guided_exp
10:33:30.708,2,-2.82378,1.405543,-0.772131,guided_exp
10:33:30.708,1,-3.385775,1.461873,-0.808751,guided_exp
10:33:30.808,2,-2.81829,1.405421,-0.772273,guided_exp
10:33:30.808,1,-3.388788,1.46498,-0.807525,guided_exp
10:33:30.907,2,-2.818868,1.405975,-0.772033,guided_exp
10:33:30.907,1,-3.392972,1.458499,-0.804406,guided_exp
10:33:31.008,2,-2.819539,1.405771,-0.771543,guided_exp
10:33:31.008,1,-3.414821,1.457643,-0.787683,guided_exp
10:33:31.108,2,-2.81518,1.405539,-0.766865,guided_exp
10:33:31.108,1,-3.419608,1.459731,-0.776768,guided_exp
10:33:31.207,2,-2.818091,1.405679,-0.765817,guided_exp
10:33:31.207,1,-3.418103,1.463477,-0.777608,guided_exp
10:33:31.290,2,-2.819863,1.407298,-0.7663,guided_exp
10:33:31.290,1,-3.415649,1.467795,-0.77795,guided_exp
10:33:31.373,2,-2.822446,1.407228,-0.767882,guided_exp
10:33:31.374,1,-3.407324,1.463292,-0.779214,guided_exp
10:33:31.457,2,-2.822023,1.407128,-0.765913,guided_exp
10:33:31.457,1,-3.407625,1.443539,-0.778811,guided_exp
10:33:31.540,2,-2.821311,1.406997,-0.763598,guided_exp
10:33:31.540,1,-3.40773,1.465343,-0.776887,guided_exp
10:33:31.641,2,-2.823427,1.40694,-0.764531,guided_exp
10:33:31.641,1,-3.409794,1.456687,-0.772634,guided_exp
10:33:31.741,2,-2.823929,1.406748,-0.763544,guided_exp
10:33:31.741,1,-3.40714,1.416435,-0.773239,guided_exp
10:33:31.840,2,-2.824269,1.407484,-0.764054,guided_exp
10:33:31.840,1,-3.383723,1.40296,-0.788935,guided_exp
10:33:31.923,2,-2.824561,1.407534,-0.759921,guided_exp
10:33:31.924,1,-3.377784,1.391805,-0.789485,guided_exp
10:33:32.007,2,-2.826517,1.40999,-0.761382,guided_exp
10:33:32.007,1,-3.37314,1.40965,-0.788212,guided_exp
10:33:32.090,2,-2.827039,1.40925,-0.761523,guided_exp
10:33:32.090,1,-3.370463,1.402551,-0.788954,guided_exp
10:33:32.191,2,-2.827033,1.408904,-0.761501,guided_exp
10:33:32.191,1,-3.365097,1.403999,-0.790886,guided_exp
10:33:32.290,2,-2.828381,1.408171,-0.760818,guided_exp
10:33:32.290,1,-3.365825,1.396241,-0.789203,guided_exp
10:33:32.391,2,-2.827673,1.407825,-0.760634,guided_exp
10:33:32.392,1,-3.365031,1.393894,-0.789429,guided_exp
10:33:32.490,2,-2.828574,1.407533,-0.760024,guided_exp
10:33:32.490,1,-3.365614,1.406545,-0.78859,guided_exp
10:33:32.573,2,-2.827939,1.408454,-0.758609,guided_exp
10:33:32.574,1,-3.36719,1.433111,-0.78354,guided_exp
10:33:32.657,2,-2.828802,1.408863,-0.761089,guided_exp
10:33:32.657,1,-3.372444,1.450196,-0.781855,guided_exp
10:33:32.740,2,-2.825151,1.408717,-0.754573,guided_exp
10:33:32.740,1,-3.37771,1.440063,-0.77611,guided_exp
10:33:32.841,2,-2.826238,1.408857,-0.754491,guided_exp
10:33:32.841,1,-3.410088,1.435572,-0.77821,guided_exp
10:33:32.941,2,-2.827287,1.40787,-0.755456,guided_exp
10:33:32.941,1,-3.421613,1.488216,-0.771355,guided_exp
10:33:33.041,2,-2.828136,1.407763,-0.755812,guided_exp
10:33:33.041,1,-3.451159,1.469697,-0.761593,guided_exp
10:33:33.141,2,-2.827154,1.407045,-0.755481,guided_exp
10:33:33.141,1,-3.466034,1.43557,-0.760187,guided_exp
10:33:33.241,2,-2.827007,1.406158,-0.755427,guided_exp
10:33:33.242,1,-3.475593,1.419603,-0.768058,guided_exp
10:33:33.340,2,-2.827549,1.406223,-0.75692,guided_exp
10:33:33.340,1,-3.480968,1.466092,-0.783407,guided_exp
10:33:33.441,2,-2.827046,1.40622,-0.75694,guided_exp
10:33:33.442,1,-3.50298,1.463011,-0.803831,guided_exp
10:33:33.541,2,-2.825921,1.405678,-0.756305,guided_exp
10:33:33.541,1,-3.547433,1.462514,-0.810682,guided_exp
10:33:33.640,2,-2.827167,1.406244,-0.758188,guided_exp
10:33:33.640,1,-3.556643,1.487607,-0.866005,guided_exp
10:33:33.723,2,-2.826552,1.406447,-0.758579,guided_exp
10:33:33.724,1,-3.492577,1.473433,-0.921435,guided_exp
10:33:33.807,2,-2.826081,1.407144,-0.760771,guided_exp
10:33:33.807,1,-3.491645,1.429878,-0.975298,guided_exp
10:33:33.891,2,-2.828626,1.406609,-0.760496,guided_exp
10:33:33.891,1,-3.495039,1.396757,-1.020776,guided_exp
10:33:33.991,2,-2.828802,1.406924,-0.761039,guided_exp
10:33:33.992,1,-3.490168,1.47586,-1.090996,guided_exp
10:33:34.090,2,-2.824602,1.406467,-0.760648,guided_exp
10:33:34.090,1,-3.494549,1.460145,-1.142242,guided_exp
10:33:34.173,2,-2.824466,1.406813,-0.759462,guided_exp
10:33:34.174,1,-3.49017,1.445696,-1.167934,guided_exp
10:33:34.257,2,-2.824988,1.406468,-0.756741,guided_exp
10:33:34.257,1,-3.481463,1.4576,-1.191338,guided_exp
10:33:34.340,2,-2.826658,1.406846,-0.758618,guided_exp
10:33:34.340,1,-3.454054,1.478277,-1.224681,guided_exp
10:33:34.424,2,-2.830535,1.406417,-0.761857,guided_exp
10:33:34.424,1,-3.426027,1.437955,-1.249005,guided_exp
10:33:34.524,2,-2.828604,1.406558,-0.756964,guided_exp
10:33:34.525,1,-3.381508,1.469359,-1.283336,guided_exp
10:33:34.624,2,-2.827773,1.406568,-0.756607,guided_exp
10:33:34.625,1,-3.317639,1.471498,-1.324488,guided_exp
10:33:34.724,2,-2.825837,1.406704,-0.756462,guided_exp
10:33:34.724,1,-3.23879,1.468353,-1.360165,guided_exp
10:33:34.824,2,-2.826764,1.406569,-0.758318,guided_exp
10:33:34.825,1,-3.146853,1.476365,-1.392329,guided_exp
10:33:34.924,2,-2.825895,1.407734,-0.758222,guided_exp
10:33:34.925,1,-3.050162,1.475446,-1.416646,guided_exp
10:33:35.024,2,-2.823377,1.406367,-0.757103,guided_exp
10:33:35.024,1,-2.969499,1.436786,-1.457529,guided_exp
10:33:35.125,2,-2.640279,1.406643,-0.780359,guided_exp
10:33:35.125,1,-2.898387,1.471463,-1.483551,guided_exp
10:33:35.225,2,-2.638931,1.406397,-0.778616,guided_exp
10:33:35.225,1,-2.832325,1.472815,-1.514513,guided_exp
10:33:35.324,1,-2.749862,1.406283,-1.551422,guided_exp
10:33:35.424,2,-2.842461,1.474092,-0.672041,guided_exp
10:33:35.425,1,-2.721631,1.406373,-1.559299,guided_exp
10:33:35.524,2,-2.901858,1.475384,-0.602839,guided_exp
10:33:35.524,1,-2.646753,1.406483,-1.573855,guided_exp
10:33:35.608,2,-2.901858,1.467775,-0.602839,guided_exp
10:33:35.608,1,-2.597527,1.406034,-1.619603,guided_exp
10:33:35.707,2,-2.901858,1.466776,-0.602839,guided_exp
10:33:35.707,1,-2.497305,1.405936,-1.616324,guided_exp
10:33:35.808,2,-2.901858,1.468305,-0.602839,guided_exp
10:33:35.808,1,-2.498879,1.405791,-1.700993,guided_exp
10:33:35.908,2,-2.901858,1.451931,-0.602839,guided_exp
10:33:35.908,1,-2.496233,1.405355,-1.70016,guided_exp
10:33:36.007,2,-2.901858,1.478924,-0.602839,guided_exp
10:33:36.007,1,-2.49617,1.405226,-1.700372,guided_exp
10:33:36.108,2,-2.901858,1.475224,-0.602839,guided_exp
10:33:36.108,1,-2.494678,1.405391,-1.700689,guided_exp
10:33:36.208,2,-2.901858,1.472804,-0.602839,guided_exp
10:33:36.208,1,-2.492405,1.406752,-1.701672,guided_exp
10:33:36.307,2,-2.901858,1.46884,-0.602839,guided_exp
10:33:36.307,1,-2.489067,1.405966,-1.700122,guided_exp
10:33:36.408,2,-2.901858,1.46169,-0.602839,guided_exp
10:33:36.408,1,-2.492091,1.405802,-1.694674,guided_exp
10:33:36.490,2,-2.901858,1.473396,-0.602839,guided_exp
10:33:36.490,1,-2.494983,1.405666,-1.684441,guided_exp
10:33:36.574,2,-2.901858,1.476746,-0.602839,guided_exp
10:33:36.574,1,-2.530168,1.405595,-1.676996,guided_exp
10:33:36.657,2,-2.901858,1.476167,-0.602839,guided_exp
10:33:36.657,1,-2.555057,1.404896,-1.662856,guided_exp
10:33:36.740,2,-2.901858,1.469651,-0.602839,guided_exp
10:33:36.740,1,-2.580706,1.404833,-1.608881,guided_exp
10:33:36.824,2,-2.901858,1.46764,-0.602839,guided_exp
10:33:36.824,1,-2.58347,1.404302,-1.604043,guided_exp
10:33:36.924,2,-2.901858,1.472191,-0.602839,guided_exp
10:33:36.925,1,-2.610757,1.403991,-1.59759,guided_exp
10:33:37.024,2,-2.901858,1.472045,-0.602839,guided_exp
10:33:37.025,1,-2.642139,1.403405,-1.530703,guided_exp
10:33:37.124,2,-2.901858,1.477803,-0.602839,guided_exp
10:33:37.124,1,-2.648157,1.404789,-1.533893,guided_exp
10:33:37.224,2,-2.901858,1.477658,-0.602839,guided_exp
10:33:37.225,1,-2.665858,1.40175,-1.537242,guided_exp
10:33:37.307,2,-2.901858,1.478959,-0.602839,guided_exp
10:33:37.307,1,-2.686977,1.397957,-1.533313,guided_exp
10:33:37.390,2,-2.901858,1.445548,-0.602839,guided_exp
10:33:37.390,1,-2.687309,1.401162,-1.532001,guided_exp
10:33:37.491,2,-2.901858,1.449103,-0.602839,guided_exp
10:33:37.492,1,-2.688521,1.400211,-1.590982,guided_exp
10:33:37.591,2,-2.901858,1.477493,-0.602839,guided_exp
10:33:37.591,1,-2.664362,1.388216,-1.605302,guided_exp
10:33:37.690,2,-2.901858,1.461557,-0.602839,guided_exp
10:33:37.691,1,-2.66131,1.383262,-1.600638,guided_exp
10:33:37.791,2,-2.901858,1.459668,-0.602839,guided_exp
10:33:37.792,1,-2.662287,1.368164,-1.608535,guided_exp
10:33:37.890,2,-2.901858,1.478592,-0.602839,guided_exp
10:33:37.890,1,-2.658931,1.354564,-1.603181,guided_exp
10:33:37.890,2,-3.322251,1.47068,-1.054059,guided_exp
10:33:37.973,2,-2.901858,1.368719,-0.602839,guided_exp
10:33:37.974,1,-2.653953,1.472702,-1.599969,guided_exp
10:33:37.974,2,-3.345363,1.361718,-1.052701,guided_exp
10:33:38.057,2,-2.901858,1.472429,-0.602839,guided_exp
10:33:38.057,1,-2.64985,1.370647,-1.597772,guided_exp
10:33:38.057,2,-3.352082,1.470582,-1.055321,guided_exp
10:33:38.140,2,-2.901858,1.378613,-0.602839,guided_exp
10:33:38.140,1,-2.645645,1.464039,-1.59045,guided_exp
10:33:38.140,2,-3.350605,1.392628,-1.055464,guided_exp
10:33:38.224,2,-2.901858,1.464989,-0.602839,guided_exp
10:33:38.224,1,-2.644295,1.376735,-1.588161,guided_exp
10:33:38.224,2,-3.349998,1.465187,-1.055965,guided_exp
10:33:38.324,1,-2.641116,1.390559,-1.591134,guided_exp
10:33:38.324,2,-3.339602,1.465563,-1.058198,guided_exp
10:33:38.407,1,-2.639455,1.390839,-1.593587,guided_exp
10:33:38.407,2,-3.299617,1.467444,-1.070866,guided_exp
10:33:38.491,1,-2.639741,1.383824,-1.595495,guided_exp
10:33:38.491,2,-3.254165,1.466941,-1.080762,guided_exp
10:33:38.591,1,-2.641112,1.380213,-1.597011,guided_exp
10:33:38.591,2,-3.190475,1.465312,-1.091979,guided_exp
10:33:38.691,1,-2.641127,1.380047,-1.600898,guided_exp
10:33:38.692,2,-3.113073,1.464364,-1.107089,guided_exp
10:33:38.790,1,-2.641095,1.362422,-1.60228,guided_exp
10:33:38.790,2,-3.076247,1.465135,-1.125206,guided_exp
10:33:38.874,1,-2.639905,1.381547,-1.603773,guided_exp
10:33:38.874,2,-3.02626,1.46412,-1.178913,guided_exp
10:33:38.957,1,-2.639427,1.382026,-1.604478,guided_exp
10:33:38.957,2,-3.054258,1.464285,-1.123325,guided_exp
10:33:39.057,1,-2.640943,1.380916,-1.606866,guided_exp
10:33:39.057,2,-2.937352,1.464238,-1.138699,guided_exp
10:33:39.158,1,-2.641477,1.384659,-1.608844,guided_exp
10:33:39.257,1,-2.641479,1.463193,-1.611503,guided_exp
10:33:39.340,1,-2.642108,1.383729,-1.614292,guided_exp
10:33:39.424,1,-2.643089,1.463312,-1.616764,guided_exp
10:33:39.524,1,-2.643166,1.384925,-1.621567,guided_exp
10:33:39.625,1,-2.644177,1.460989,-1.621186,guided_exp
10:33:39.725,1,-2.645723,1.390409,-1.620163,guided_exp
10:33:39.824,1,-2.649674,1.461048,-1.616786,guided_exp
10:33:39.925,1,-2.651749,1.390796,-1.613751,guided_exp
10:33:40.025,1,-2.650356,1.461422,-1.613077,guided_exp
10:33:40.124,1,-2.65067,1.392255,-1.607874,guided_exp
10:33:40.225,1,-2.647875,1.462977,-1.601664,guided_exp
10:33:40.324,1,-2.630748,1.392354,-1.594131,guided_exp
10:33:40.424,1,-2.605486,1.464472,-1.582028,guided_exp
10:33:40.525,1,-2.567525,1.394617,-1.571356,guided_exp
10:33:40.624,1,-2.524844,1.465989,-1.562015,guided_exp
10:33:40.724,1,-2.467144,1.394637,-1.550831,guided_exp
10:33:40.825,1,-2.431361,1.467896,-1.549242,guided_exp
10:33:40.825,2,-0.958753,1.388634,-0.915591,guided_exp
10:33:40.925,1,-2.39103,1.467217,-1.542179,guided_exp
10:33:40.925,2,-0.923245,1.382351,-0.917931,guided_exp
10:33:41.024,1,-2.369217,1.468441,-1.537599,guided_exp
10:33:41.024,2,-0.888387,1.395226,-0.919701,guided_exp
10:33:41.124,1,-2.356034,1.470959,-1.535102,guided_exp
10:33:41.125,2,-0.864876,1.392568,-0.923198,guided_exp
10:33:41.224,1,-2.343073,1.471553,-1.530124,guided_exp
10:33:41.224,2,-0.847939,1.393685,-0.928465,guided_exp
10:33:41.307,1,-2.329065,1.472821,-1.524941,guided_exp
10:33:41.307,2,-0.842806,1.390835,-0.930679,guided_exp
10:33:41.390,1,-2.326572,1.472926,-1.523288,guided_exp
10:33:41.390,2,-0.848597,1.388432,-0.930973,guided_exp
10:33:41.474,1,-2.314553,1.472516,-1.518203,guided_exp
10:33:41.474,2,-0.866566,1.39003,-0.933483,guided_exp
10:33:41.557,1,-2.312175,1.472541,-1.515454,guided_exp
10:33:41.557,2,-0.884427,1.392002,-0.93967,guided_exp
10:33:41.640,1,-2.315885,1.472083,-1.507185,guided_exp
10:33:41.640,2,-0.945302,1.391903,-0.949416,guided_exp
10:33:41.724,1,-2.326235,1.472158,-1.503265,guided_exp
10:33:41.724,2,-0.989846,1.393187,-0.958782,guided_exp
10:33:41.807,1,-2.342853,1.472824,-1.491264,guided_exp
10:33:41.808,2,-1.075352,1.393059,-0.974771,guided_exp
10:33:41.907,1,-2.375433,1.473635,-1.480339,guided_exp
10:33:41.907,2,-1.148236,1.38812,-0.986565,guided_exp
10:33:41.990,1,-2.403079,1.470235,-1.468921,guided_exp
10:33:41.990,2,-1.186908,1.390551,-1.00006,guided_exp
10:33:42.074,1,-2.453257,1.472469,-1.449938,guided_exp
10:33:42.074,2,-1.244035,1.391459,-1.019395,guided_exp
10:33:42.158,1,-2.499634,1.473616,-1.432411,guided_exp
10:33:42.158,2,-1.28359,1.393739,-1.019299,guided_exp
10:33:42.257,1,-2.563624,1.476154,-1.397408,guided_exp
10:33:42.257,2,-1.329635,1.388925,-1.017784,guided_exp
10:33:42.357,1,-2.635603,1.473964,-1.371175,guided_exp
10:33:42.357,2,-1.355189,1.389012,-1.015665,guided_exp
10:33:42.458,1,-2.693501,1.472763,-1.339449,guided_exp
10:33:42.458,2,-1.395006,1.394583,-1.002902,guided_exp
10:33:42.557,1,-2.7318,1.472789,-1.309708,guided_exp
10:33:42.557,2,-1.455404,1.391832,-0.971231,guided_exp
10:33:42.640,1,-2.766927,1.47305,-1.271735,guided_exp
10:33:42.640,2,-1.545482,1.395519,-0.923208,guided_exp
10:33:42.724,1,-2.781324,1.472834,-1.255753,guided_exp
10:33:42.724,2,-1.570479,1.397922,-0.896424,guided_exp
10:33:42.824,1,-2.812777,1.472851,-1.212835,guided_exp
10:33:42.825,2,-1.674916,1.406324,-0.827778,guided_exp
10:33:42.925,1,-2.850649,1.47321,-1.149293,guided_exp
10:33:42.925,2,-1.749361,1.402583,-0.784079,guided_exp
10:33:43.025,1,-2.874817,1.47239,-1.093907,guided_exp
10:33:43.025,2,-1.788969,1.397027,-0.756111,guided_exp
10:33:43.124,1,-2.90311,1.469938,-1.026975,guided_exp
10:33:43.124,2,-1.846414,1.393941,-0.727985,guided_exp
10:33:43.225,1,-2.914563,1.471749,-0.987592,guided_exp
10:33:43.225,2,-1.911529,1.397134,-0.709157,guided_exp
10:33:43.325,1,-2.944916,1.471814,-0.937505,guided_exp
10:33:43.325,2,-2.002053,1.39873,-0.693194,guided_exp
10:33:43.424,1,-2.962589,1.472272,-0.909883,guided_exp
10:33:43.424,2,-2.055628,1.404265,-0.689693,guided_exp
10:33:43.525,1,-2.998852,1.471767,-0.866877,guided_exp
10:33:43.526,2,-2.150606,1.407439,-0.681867,guided_exp
10:33:43.624,1,-3.035545,1.472435,-0.835835,guided_exp
10:33:43.624,2,-2.300372,1.411302,-0.68666,guided_exp
10:33:43.725,1,-3.083199,1.472781,-0.795236,guided_exp
10:33:43.725,2,-2.381032,1.410159,-0.698497,guided_exp
10:33:43.824,1,-3.130659,1.473513,-0.764753,guided_exp
10:33:43.824,2,-2.438328,1.408424,-0.703465,guided_exp
10:33:43.925,1,-3.164617,1.474356,-0.74079,guided_exp
10:33:43.925,2,-2.489298,1.408179,-0.69676,guided_exp
10:33:44.024,1,-3.179222,1.475465,-0.735878,guided_exp
10:33:44.024,2,-2.530828,1.407409,-0.695066,guided_exp
10:33:44.107,1,-3.210767,1.472938,-0.725819,guided_exp
10:33:44.107,2,-2.555998,1.406691,-0.691851,guided_exp
10:33:44.190,1,-3.229763,1.474625,-0.722238,guided_exp
10:33:44.190,2,-2.573716,1.40762,-0.693507,guided_exp
10:33:44.274,1,-3.230984,1.474179,-0.72045,guided_exp
10:33:44.274,2,-2.586469,1.406964,-0.686714,guided_exp
10:33:44.357,1,-3.230998,1.47659,-0.720523,guided_exp
10:33:44.357,2,-2.588927,1.408567,-0.684604,guided_exp
10:33:44.440,1,-3.230717,1.476091,-0.720595,guided_exp
10:33:44.440,2,-2.601873,1.409275,-0.681531,guided_exp
10:33:44.524,1,-3.231185,1.474234,-0.721158,guided_exp
10:33:44.524,2,-2.605556,1.407977,-0.679833,guided_exp
10:33:44.625,1,-3.235482,1.475926,-0.731146,guided_exp
10:33:44.625,2,-2.608179,1.406825,-0.679409,guided_exp
10:33:44.725,1,-3.230958,1.476886,-0.731449,guided_exp
10:33:44.725,2,-2.613486,1.405924,-0.677252,guided_exp
10:33:44.824,1,-3.224759,1.457326,-0.739462,guided_exp
10:33:44.825,2,-2.618561,1.407235,-0.676795,guided_exp
10:33:44.924,1,-3.222572,1.461469,-0.742428,guided_exp
10:33:44.924,2,-2.616707,1.405766,-0.678394,guided_exp
10:33:45.025,1,-3.224149,1.483331,-0.75994,guided_exp
10:33:45.025,2,-2.621052,1.404508,-0.680418,guided_exp
10:33:45.125,1,-3.226287,1.407502,-0.766172,guided_exp
10:33:45.125,2,-2.62332,1.405313,-0.685012,guided_exp
10:33:45.224,1,-3.227913,1.428917,-0.77171,guided_exp
10:33:45.224,2,-2.623049,1.406446,-0.684628,guided_exp
10:33:45.325,1,-3.228529,1.418517,-0.775466,guided_exp
10:33:45.325,2,-2.625953,1.407855,-0.691748,guided_exp
10:33:45.424,1,-3.227087,1.446796,-0.778851,guided_exp
10:33:45.425,2,-2.625901,1.405564,-0.689441,guided_exp
10:33:45.524,1,-3.223258,1.449862,-0.780722,guided_exp
10:33:45.524,2,-2.62362,1.406385,-0.687733,guided_exp
10:33:45.624,1,-3.227629,1.415219,-0.778426,guided_exp
10:33:45.625,2,-2.623282,1.406092,-0.688221,guided_exp
10:33:45.724,1,-3.225998,1.44929,-0.785177,guided_exp
10:33:45.725,2,-2.624239,1.396942,-0.689026,guided_exp
10:33:45.824,1,-3.224767,1.450197,-0.78876,guided_exp
10:33:45.824,2,-2.621292,1.391234,-0.688235,guided_exp
10:33:45.925,1,-3.22207,1.454484,-0.793057,guided_exp
10:33:45.925,2,-2.621254,1.390703,-0.688425,guided_exp
10:33:46.024,1,-3.232168,1.458105,-0.786697,guided_exp
10:33:46.025,2,-2.622201,1.389067,-0.689118,guided_exp
10:33:46.124,1,-3.239123,1.458488,-0.784326,guided_exp
10:33:46.124,2,-2.623746,1.388856,-0.69023,guided_exp
10:33:46.225,1,-3.240135,1.467303,-0.786806,guided_exp
10:33:46.225,2,-2.62522,1.38909,-0.689824,guided_exp
10:33:46.325,1,-3.239127,1.469533,-0.785933,guided_exp
10:33:46.325,2,-2.6247,1.388393,-0.688827,guided_exp
10:33:46.424,1,-3.238735,1.469987,-0.786489,guided_exp
10:33:46.424,2,-2.624495,1.388995,-0.69215,guided_exp
10:33:46.525,1,-3.237512,1.469463,-0.787308,guided_exp
10:33:46.525,2,-2.623651,1.385307,-0.692143,guided_exp
10:33:46.625,1,-3.2354,1.468464,-0.78729,guided_exp
10:33:46.625,2,-2.628026,1.387466,-0.689707,guided_exp
10:33:46.724,1,-3.23314,1.465984,-0.78694,guided_exp
10:33:46.724,2,-2.62438,1.388987,-0.688539,guided_exp
10:33:46.825,1,-3.233144,1.470705,-0.785281,guided_exp
10:33:46.825,2,-2.623334,1.389231,-0.690427,guided_exp
10:33:46.924,1,-3.23082,1.474176,-0.784586,guided_exp
10:33:46.924,2,-2.618697,1.390291,-0.69075,guided_exp
10:33:47.007,1,-3.229964,1.474722,-0.780893,guided_exp
10:33:47.007,2,-2.617924,1.389164,-0.690751,guided_exp
10:33:47.090,1,-3.230055,1.470656,-0.779308,guided_exp
10:33:47.090,2,-2.611116,1.389305,-0.70124,guided_exp
10:33:47.174,1,-3.227583,1.473154,-0.77485,guided_exp
10:33:47.174,2,-2.60949,1.390561,-0.700501,guided_exp
10:33:47.257,1,-3.227158,1.474784,-0.77369,guided_exp
10:33:47.257,2,-2.608393,1.390594,-0.701595,guided_exp
10:33:47.341,1,-3.224105,1.474472,-0.769432,guided_exp
10:33:47.342,2,-2.607914,1.390349,-0.7039,guided_exp
10:33:47.424,1,-3.222829,1.474326,-0.768053,guided_exp
10:33:47.424,2,-2.608834,1.388861,-0.705834,guided_exp
10:33:47.508,1,-3.219141,1.48218,-0.766211,guided_exp
10:33:47.508,2,-2.607301,1.387609,-0.70764,guided_exp
10:33:47.607,1,-3.216805,1.482112,-0.764811,guided_exp
10:33:47.607,2,-2.607235,1.388182,-0.707547,guided_exp
10:33:47.690,1,-3.214504,1.482372,-0.763658,guided_exp
10:33:47.690,2,-2.604237,1.388229,-0.708633,guided_exp
10:33:47.774,1,-3.203159,1.483406,-0.766179,guided_exp
10:33:47.775,2,-2.601199,1.387828,-0.707865,guided_exp
10:33:47.874,1,-3.183511,1.482541,-0.758669,guided_exp
10:33:47.875,2,-2.597828,1.387318,-0.708379,guided_exp
10:33:47.957,1,-3.175692,1.482344,-0.769181,guided_exp
10:33:47.957,2,-2.588604,1.387808,-0.712903,guided_exp
10:33:48.041,1,-3.177407,1.480383,-0.767806,guided_exp
10:33:48.041,2,-2.587587,1.388976,-0.711642,guided_exp
10:33:48.124,1,-3.176831,1.478648,-0.767128,guided_exp
10:33:48.124,2,-2.585614,1.388024,-0.714122,guided_exp
10:33:48.208,1,-3.191009,1.478286,-0.769786,guided_exp
10:33:48.208,2,-2.579713,1.388149,-0.713772,guided_exp
10:33:48.308,1,-3.198467,1.477247,-0.76931,guided_exp
10:33:48.308,2,-2.578677,1.387854,-0.713929,guided_exp
10:33:48.408,1,-3.200967,1.475383,-0.772811,guided_exp
10:33:48.408,2,-2.576905,1.387395,-0.714953,guided_exp
10:33:48.508,1,-3.211592,1.476556,-0.774312,guided_exp
10:33:48.509,2,-2.572004,1.387459,-0.716344,guided_exp
10:33:48.607,1,-3.214424,1.474677,-0.779609,guided_exp
10:33:48.607,2,-2.569577,1.38767,-0.716365,guided_exp
10:33:48.708,1,-3.216867,1.477191,-0.782798,guided_exp
10:33:48.708,2,-2.568946,1.387168,-0.716599,guided_exp
10:33:48.808,1,-3.219039,1.477931,-0.786893,guided_exp
10:33:48.808,2,-2.567174,1.387091,-0.716658,guided_exp
10:33:48.907,1,-3.221528,1.477669,-0.789416,guided_exp
10:33:48.907,2,-2.568287,1.38729,-0.714794,guided_exp
10:33:48.990,1,-3.222149,1.47971,-0.787932,guided_exp
10:33:48.990,2,-2.569033,1.387033,-0.713491,guided_exp
10:33:49.074,1,-3.200684,1.480172,-0.802353,guided_exp
10:33:49.074,2,-2.567527,1.386766,-0.713769,guided_exp
10:33:49.157,1,-3.198483,1.478359,-0.802341,guided_exp
10:33:49.157,2,-2.569433,1.386908,-0.711984,guided_exp
10:33:49.258,1,-3.196342,1.478988,-0.802088,guided_exp
10:33:49.258,2,-2.572508,1.386271,-0.710259,guided_exp
10:33:49.358,1,-3.190532,1.479154,-0.804049,guided_exp
10:33:49.358,2,-2.575592,1.386311,-0.711347,guided_exp
10:33:49.457,1,-3.191461,1.479631,-0.80093,guided_exp
10:33:49.458,2,-2.578966,1.386082,-0.709728,guided_exp
10:33:49.558,1,-3.192099,1.478129,-0.801008,guided_exp
10:33:49.558,2,-2.581857,1.386559,-0.710338,guided_exp
10:33:49.657,1,-3.195123,1.476593,-0.797345,guided_exp
10:33:49.657,2,-2.584137,1.386428,-0.709623,guided_exp
10:33:49.741,1,-3.193674,1.477602,-0.795097,guided_exp
10:33:49.742,2,-2.584204,1.387119,-0.707238,guided_exp
10:33:49.841,1,-3.196094,1.478101,-0.792327,guided_exp
10:33:49.841,2,-2.586542,1.386329,-0.703815,guided_exp
10:33:49.924,1,-3.192861,1.479394,-0.792977,guided_exp
10:33:49.924,2,-2.590541,1.386455,-0.703968,guided_exp
10:33:50.007,1,-3.18939,1.480509,-0.792968,guided_exp
10:33:50.008,2,-2.591948,1.386258,-0.701677,guided_exp
10:33:50.090,1,-3.187971,1.480814,-0.793086,guided_exp
10:33:50.090,2,-2.595547,1.385461,-0.696136,guided_exp
10:33:50.174,1,-3.18682,1.476304,-0.793046,guided_exp
10:33:50.175,2,-2.594755,1.385121,-0.696949,guided_exp
10:33:50.274,1,-3.188929,1.474065,-0.79122,guided_exp
10:33:50.275,2,-2.596758,1.385555,-0.694394,guided_exp
10:33:50.374,1,-3.188393,1.47302,-0.791509,guided_exp
10:33:50.374,2,-2.594415,1.386228,-0.694961,guided_exp
10:33:50.457,1,-3.190854,1.47221,-0.78975,guided_exp
10:33:50.457,2,-2.594669,1.386161,-0.694776,guided_exp
10:33:50.540,1,-3.191176,1.474435,-0.790097,guided_exp
10:33:50.541,2,-2.590582,1.386393,-0.697683,guided_exp
10:33:50.624,1,-3.190804,1.474542,-0.789938,guided_exp
10:33:50.624,2,-2.592383,1.386234,-0.69622,guided_exp
10:33:50.707,1,-3.191735,1.474046,-0.790152,guided_exp
10:33:50.707,2,-2.592088,1.386384,-0.693973,guided_exp
10:33:50.790,1,-3.19278,1.473147,-0.788897,guided_exp
10:33:50.791,2,-2.596147,1.385883,-0.69477,guided_exp
10:33:50.874,1,-3.192636,1.473354,-0.788512,guided_exp
10:33:50.874,2,-2.594849,1.386644,-0.694421,guided_exp
10:33:50.957,1,-3.193287,1.474987,-0.788331,guided_exp
10:33:50.957,2,-2.594027,1.386383,-0.693657,guided_exp
10:33:51.040,1,-3.196449,1.479308,-0.785443,guided_exp
10:33:51.041,2,-2.593816,1.386498,-0.694488,guided_exp
10:33:51.124,1,-3.195287,1.478125,-0.78406,guided_exp
10:33:51.124,2,-2.59511,1.386923,-0.693945,guided_exp
10:33:51.207,1,-3.195891,1.474014,-0.783006,guided_exp
10:33:51.207,2,-2.596322,1.388215,-0.694492,guided_exp
10:33:51.291,1,-3.197046,1.470713,-0.782516,guided_exp
10:33:51.291,2,-2.597544,1.388665,-0.694892,guided_exp
10:33:51.391,1,-3.207269,1.475412,-0.776366,guided_exp
10:33:51.391,2,-2.600142,1.389869,-0.695899,guided_exp
10:33:51.490,1,-3.2135,1.477951,-0.772648,guided_exp
10:33:51.491,2,-2.600692,1.389857,-0.696409,guided_exp
10:33:51.574,1,-3.214675,1.477079,-0.771235,guided_exp
10:33:51.574,2,-2.601911,1.389582,-0.696795,guided_exp
10:33:51.657,1,-3.217809,1.476428,-0.769977,guided_exp
10:33:51.657,2,-2.601017,1.390197,-0.697858,guided_exp
10:33:51.740,1,-3.218237,1.47747,-0.76735,guided_exp
10:33:51.741,2,-2.601878,1.390291,-0.69899,guided_exp
10:33:51.824,1,-3.220391,1.478889,-0.765186,guided_exp
10:33:51.824,2,-2.603402,1.388604,-0.699542,guided_exp
10:33:51.925,1,-3.223178,1.478006,-0.764024,guided_exp
10:33:51.925,2,-2.604921,1.388548,-0.70296,guided_exp
10:33:52.007,1,-3.229941,1.479173,-0.758374,guided_exp
10:33:52.007,2,-2.606633,1.389866,-0.700477,guided_exp
10:33:52.091,1,-3.230668,1.478863,-0.755978,guided_exp
10:33:52.091,2,-2.606616,1.391019,-0.699247,guided_exp
10:33:52.191,1,-3.233708,1.478907,-0.754193,guided_exp
10:33:52.192,2,-2.605407,1.390978,-0.700684,guided_exp
10:33:52.290,1,-3.234108,1.477919,-0.754136,guided_exp
10:33:52.291,2,-2.60457,1.390564,-0.699965,guided_exp
10:33:52.374,1,-3.234802,1.478333,-0.753642,guided_exp
10:33:52.374,2,-2.605519,1.388227,-0.699458,guided_exp
10:33:52.474,1,-3.234579,1.478464,-0.753613,guided_exp
10:33:52.475,2,-2.605483,1.387546,-0.697153,guided_exp
10:33:52.575,1,-3.234126,1.479151,-0.753215,guided_exp
10:33:52.575,2,-2.606747,1.38696,-0.696814,guided_exp
10:33:52.674,1,-3.234267,1.479359,-0.751293,guided_exp
10:33:52.674,2,-2.604622,1.382889,-0.696092,guided_exp
10:33:52.774,1,-3.236946,1.479676,-0.751664,guided_exp
10:33:52.775,2,-2.603238,1.374343,-0.695736,guided_exp
10:33:52.875,1,-3.237069,1.482505,-0.750533,guided_exp
10:33:52.875,2,-2.604872,1.376698,-0.696042,guided_exp
10:33:52.974,1,-3.234785,1.481417,-0.751718,guided_exp
10:33:52.974,2,-2.605278,1.377118,-0.695756,guided_exp
10:33:53.074,1,-3.236451,1.478796,-0.752097,guided_exp
10:33:53.075,2,-2.602658,1.378115,-0.696531,guided_exp
10:33:53.175,1,-3.235701,1.479859,-0.751812,guided_exp
10:33:53.175,2,-2.603719,1.397567,-0.69727,guided_exp
10:33:53.274,1,-3.237031,1.479534,-0.752677,guided_exp
10:33:53.274,2,-2.60349,1.393921,-0.698574,guided_exp
10:33:53.357,1,-3.238318,1.481102,-0.754201,guided_exp
10:33:53.357,2,-2.600653,1.385464,-0.699701,guided_exp
10:33:53.445,1,-3.237731,1.480621,-0.755155,guided_exp
10:33:53.445,2,-2.600705,1.384773,-0.699761,guided_exp
10:33:53.607,1,-3.237645,1.481486,-0.755607,guided_exp
10:33:53.607,2,-2.60097,1.390082,-0.701601,guided_exp
10:33:53.690,1,-3.236442,1.482654,-0.756206,guided_exp
10:33:53.691,2,-2.60207,1.379906,-0.702576,guided_exp
10:33:53.774,1,-3.237581,1.482222,-0.756057,guided_exp
10:33:53.774,2,-2.602321,1.377122,-0.702876,guided_exp
10:33:53.857,1,-3.238196,1.481989,-0.756568,guided_exp
10:33:53.857,2,-2.60235,1.380714,-0.702937,guided_exp
10:33:53.957,1,-3.240268,1.481662,-0.756525,guided_exp
10:33:53.958,2,-2.601978,1.380764,-0.703083,guided_exp
10:33:54.057,1,-3.236623,1.481619,-0.757808,guided_exp
10:33:54.058,2,-2.602642,1.37297,-0.703815,guided_exp
10:33:54.158,1,-3.236826,1.479991,-0.757669,guided_exp
10:33:54.158,2,-2.60284,1.371525,-0.704149,guided_exp
10:33:54.257,1,-3.233747,1.479384,-0.759337,guided_exp
10:33:54.257,2,-2.604236,1.380941,-0.704166,guided_exp
10:33:54.340,1,-3.232846,1.481167,-0.760767,guided_exp
10:33:54.341,2,-2.603556,1.377063,-0.70311,guided_exp
10:33:54.424,1,-3.234847,1.479711,-0.76072,guided_exp
10:33:54.424,2,-2.603076,1.384169,-0.703623,guided_exp
10:33:54.524,1,-3.234536,1.479178,-0.761114,guided_exp
10:33:54.524,2,-2.603046,1.39507,-0.704834,guided_exp
10:33:54.625,1,-3.228367,1.479555,-0.763593,guided_exp
10:33:54.625,2,-2.605655,1.396709,-0.702835,guided_exp
10:33:54.725,1,-3.229353,1.479926,-0.763843,guided_exp
10:33:54.725,2,-2.601924,1.395052,-0.703501,guided_exp
10:33:54.824,1,-3.231294,1.479314,-0.761724,guided_exp
10:33:54.824,2,-2.602239,1.39544,-0.70202,guided_exp
10:33:54.925,1,-3.234204,1.482383,-0.760826,guided_exp
10:33:54.925,2,-2.603413,1.395411,-0.700316,guided_exp
10:33:55.024,1,-3.231778,1.480356,-0.761714,guided_exp
10:33:55.024,2,-2.602139,1.395264,-0.700225,guided_exp
10:33:55.124,1,-3.232138,1.480453,-0.761958,guided_exp
10:33:55.124,2,-2.599159,1.394196,-0.702702,guided_exp
10:33:55.207,1,-3.231887,1.478396,-0.762745,guided_exp
10:33:55.207,2,-2.599342,1.392057,-0.705712,guided_exp
10:33:55.290,1,-3.231333,1.479808,-0.76268,guided_exp
10:33:55.291,2,-2.599075,1.393117,-0.704798,guided_exp
10:33:55.392,1,-3.232622,1.479426,-0.763386,guided_exp
10:33:55.392,2,-2.599255,1.388983,-0.704432,guided_exp
10:33:55.491,1,-3.23063,1.476157,-0.763643,guided_exp
10:33:55.491,2,-2.59747,1.3895,-0.704638,guided_exp
10:33:55.591,1,-3.23009,1.473565,-0.763758,guided_exp
10:33:55.591,2,-2.597189,1.389288,-0.703624,guided_exp
10:33:55.691,1,-3.230607,1.479183,-0.764421,guided_exp
10:33:55.691,2,-2.597258,1.379286,-0.704174,guided_exp
10:33:55.792,1,-3.230868,1.474875,-0.764767,guided_exp
10:33:55.792,2,-2.599001,1.383565,-0.703678,guided_exp
10:33:55.908,1,-3.226835,1.473806,-0.766517,guided_exp
10:33:55.908,2,-2.600154,1.384884,-0.70285,guided_exp
10:33:56.007,1,-3.225916,1.472708,-0.766854,guided_exp
10:33:56.008,2,-2.599429,1.387888,-0.703273,guided_exp
10:33:56.107,1,-3.224532,1.471582,-0.767161,guided_exp
10:33:56.108,2,-2.599596,1.387649,-0.703828,guided_exp
10:33:56.208,1,-3.224253,1.471435,-0.766595,guided_exp
10:33:56.208,2,-2.599839,1.387202,-0.704145,guided_exp
10:33:56.308,1,-3.223613,1.472828,-0.765779,guided_exp
10:33:56.308,2,-2.599564,1.390331,-0.705236,guided_exp
10:33:56.407,1,-3.222934,1.474762,-0.76348,guided_exp
10:33:56.407,2,-2.601651,1.390306,-0.704876,guided_exp
10:33:56.508,1,-3.221719,1.476764,-0.762737,guided_exp
10:33:56.509,2,-2.602489,1.387912,-0.705088,guided_exp
10:33:56.607,1,-3.218947,1.470153,-0.763017,guided_exp
10:33:56.608,2,-2.602428,1.384612,-0.705313,guided_exp
10:33:56.708,1,-3.217482,1.467314,-0.76366,guided_exp
10:33:56.709,2,-2.602546,1.385571,-0.705171,guided_exp
10:33:56.808,1,-3.21772,1.468009,-0.76245,guided_exp
10:33:56.808,2,-2.602211,1.385593,-0.704466,guided_exp
10:33:56.908,1,-3.217397,1.46883,-0.762393,guided_exp
10:33:56.908,2,-2.601609,1.388189,-0.704009,guided_exp
10:33:57.025,1,-3.21729,1.46875,-0.762941,guided_exp
10:33:57.025,2,-2.601988,1.389822,-0.703511,guided_exp
10:33:57.125,1,-3.217052,1.472289,-0.76332,guided_exp
10:33:57.125,2,-2.601837,1.392425,-0.702391,guided_exp
10:33:57.224,1,-3.216597,1.471618,-0.763928,guided_exp
10:33:57.224,2,-2.600611,1.394758,-0.70249,guided_exp
10:33:57.325,1,-3.215797,1.472696,-0.763833,guided_exp
10:33:57.326,2,-2.600396,1.395774,-0.701148,guided_exp
10:33:57.424,1,-3.21515,1.474101,-0.76275,guided_exp
10:33:57.424,2,-2.600708,1.38994,-0.700722,guided_exp
10:33:57.524,1,-3.214025,1.471723,-0.761008,guided_exp
10:33:57.524,2,-2.598514,1.386608,-0.700801,guided_exp
10:33:57.625,1,-3.213932,1.475059,-0.760763,guided_exp
10:33:57.625,2,-2.599885,1.388846,-0.698948,guided_exp
10:33:57.725,1,-3.213595,1.474782,-0.759989,guided_exp
10:33:57.725,2,-2.599668,1.394679,-0.69963,guided_exp
10:33:57.824,1,-3.213169,1.483528,-0.75693,guided_exp
10:33:57.824,2,-2.600265,1.39633,-0.699362,guided_exp
10:33:57.925,1,-3.213049,1.485202,-0.75841,guided_exp
10:33:57.925,2,-2.599986,1.397085,-0.700658,guided_exp
10:33:58.025,1,-3.212262,1.483272,-0.758311,guided_exp
10:33:58.025,2,-2.600117,1.396907,-0.700872,guided_exp
10:33:58.124,1,-3.210691,1.484224,-0.758671,guided_exp
10:33:58.124,2,-2.599674,1.39523,-0.700952,guided_exp
10:33:58.207,1,-3.21087,1.48513,-0.757561,guided_exp
10:33:58.207,2,-2.59934,1.394,-0.700697,guided_exp
10:33:58.308,1,-3.211635,1.480723,-0.751742,guided_exp
10:33:58.308,2,-2.600137,1.382717,-0.699327,guided_exp
10:33:58.408,1,-3.210595,1.484124,-0.751856,guided_exp
10:33:58.408,2,-2.599487,1.375564,-0.699921,guided_exp
10:33:58.507,1,-3.211351,1.489002,-0.750706,guided_exp
10:33:58.507,2,-2.599512,1.381529,-0.700483,guided_exp
10:33:58.591,1,-3.234777,1.499983,-0.735883,guided_exp
10:33:58.591,2,-2.600463,1.387245,-0.700045,guided_exp
10:33:58.674,1,-3.239315,1.490567,-0.729756,guided_exp
10:33:58.674,2,-2.600934,1.381171,-0.700021,guided_exp
10:33:58.757,1,-3.239855,1.490624,-0.730327,guided_exp
10:33:58.757,2,-2.601164,1.382721,-0.702033,guided_exp
10:33:58.857,1,-3.241682,1.4889,-0.730071,guided_exp
10:33:58.858,2,-2.602169,1.381458,-0.701624,guided_exp
10:33:58.958,1,-3.242487,1.484052,-0.72963,guided_exp
10:33:58.959,2,-2.604237,1.382877,-0.701335,guided_exp
10:33:59.057,1,-3.245395,1.482777,-0.727926,guided_exp
10:33:59.058,2,-2.603875,1.38573,-0.701923,guided_exp
10:33:59.140,1,-3.245583,1.484629,-0.728401,guided_exp
10:33:59.141,2,-2.603772,1.390359,-0.70149,guided_exp
10:33:59.225,1,-3.243852,1.484237,-0.728448,guided_exp
10:33:59.225,2,-2.603068,1.386829,-0.703163,guided_exp
10:33:59.324,1,-3.244821,1.473971,-0.727882,guided_exp
10:33:59.324,2,-2.601995,1.390062,-0.704037,guided_exp
10:33:59.425,1,-3.250677,1.463692,-0.718934,guided_exp
10:33:59.425,2,-2.602035,1.394038,-0.70409,guided_exp
10:33:59.524,1,-3.248292,1.452363,-0.722314,guided_exp
10:33:59.525,2,-2.602804,1.39498,-0.703874,guided_exp
10:33:59.624,1,-3.252959,1.444839,-0.721226,guided_exp
10:33:59.625,2,-2.603,1.39505,-0.702858,guided_exp
10:33:59.725,1,-3.25825,1.452826,-0.718717,guided_exp
10:33:59.725,2,-2.603758,1.395392,-0.701992,guided_exp
10:33:59.825,1,-3.260561,1.463371,-0.714503,guided_exp
10:33:59.825,2,-2.604209,1.392022,-0.701765,guided_exp
10:33:59.924,1,-3.252024,1.479026,-0.718978,guided_exp
10:33:59.924,2,-2.60381,1.153452,-0.701523,guided_exp
10:34:00.025,1,-3.23209,1.487927,-0.731874,guided_exp
10:34:00.025,2,-2.604885,1.162991,-0.701239,guided_exp
10:34:00.124,1,-3.236186,1.476643,-0.732193,guided_exp
10:34:00.124,2,-2.604231,1.656949,-0.700468,guided_exp
10:34:00.225,1,-3.234679,1.464486,-0.733825,guided_exp
10:34:00.225,2,-2.604435,0.407736,-0.69986,guided_exp
10:34:00.325,1,-3.235079,1.470299,-0.733648,guided_exp
10:34:00.325,2,-2.603193,0.45084,-0.698043,guided_exp
10:34:00.425,1,-3.242583,1.492811,-0.733622,guided_exp
10:34:00.425,2,-2.601582,0.45084,-0.697718,guided_exp
10:34:00.524,1,-3.249879,1.473822,-0.727047,guided_exp
10:34:00.524,2,-2.601053,0.45084,-0.698114,guided_exp
10:34:00.625,1,-3.251489,1.490063,-0.729621,guided_exp
10:34:00.625,2,-2.600566,0.45084,-0.698428,guided_exp
10:34:00.725,1,-3.249421,1.454265,-0.729333,guided_exp
10:34:00.725,2,-2.601279,0.45084,-0.698021,guided_exp
10:34:00.824,1,-3.249591,1.456899,-0.729717,guided_exp
10:34:00.824,2,-2.601532,0.45084,-0.69841,guided_exp
10:34:00.925,1,-3.253919,1.459286,-0.727134,guided_exp
10:34:00.925,2,-2.603885,0.45084,-0.697155,guided_exp
10:34:01.024,1,-3.254741,1.460318,-0.727729,guided_exp
10:34:01.024,2,-2.603806,0.45084,-0.695285,guided_exp
10:34:01.107,1,-3.261842,1.459163,-0.727649,guided_exp
10:34:01.108,2,-2.604117,0.45084,-0.696512,guided_exp
10:34:01.208,1,-3.259358,1.454847,-0.726832,guided_exp
10:34:01.209,2,-2.603489,0.45084,-0.696448,guided_exp
10:34:01.308,1,-3.255206,1.451859,-0.726469,guided_exp
10:34:01.309,2,-2.603161,0.45084,-0.696598,guided_exp
10:34:01.408,1,-3.255931,1.456413,-0.725922,guided_exp
10:34:01.409,2,-2.603655,0.45084,-0.696463,guided_exp
10:34:01.525,1,-3.259095,1.446293,-0.724708,guided_exp
10:34:01.525,2,-2.602371,0.45084,-0.696306,guided_exp
10:34:01.625,1,-3.260358,1.452337,-0.723094,guided_exp
10:34:01.625,2,-2.602159,0.45084,-0.696022,guided_exp
10:34:01.724,1,-3.266669,1.476904,-0.724123,guided_exp
10:34:01.724,2,-2.60267,0.45084,-0.696866,guided_exp
10:34:01.825,1,-3.268812,1.478427,-0.726551,guided_exp
10:34:01.825,2,-2.601934,0.45084,-0.69748,guided_exp
10:34:01.925,1,-3.270966,1.470072,-0.725906,guided_exp
10:34:01.925,2,-2.601059,0.45084,-0.697188,guided_exp
10:34:02.024,1,-3.279068,1.510342,-0.725079,guided_exp
10:34:02.024,2,-2.601876,0.45084,-0.69659,guided_exp
10:34:02.125,1,-3.280596,1.509308,-0.724485,guided_exp
10:34:02.125,2,-2.602305,0.45084,-0.696319,guided_exp
10:34:02.225,1,-3.298179,1.507201,-0.72492,guided_exp
10:34:02.225,2,-2.602703,0.45084,-0.696016,guided_exp
10:34:02.325,1,-3.304964,1.503176,-0.723241,guided_exp
10:34:02.325,2,-2.600638,0.45084,-0.696983,guided_exp
10:34:02.425,1,-3.305924,1.505265,-0.724023,guided_exp
10:34:02.425,2,-2.597946,0.45084,-0.698879,guided_exp
10:34:02.525,1,-3.303555,1.480894,-0.720762,guided_exp
10:34:02.525,2,-2.597695,0.45084,-0.699359,guided_exp
10:34:02.624,1,-3.308337,1.498078,-0.719239,guided_exp
10:34:02.624,2,-2.597899,0.45084,-0.700735,guided_exp
10:34:02.725,1,-3.316743,1.509105,-0.719848,guided_exp
10:34:02.725,2,-2.596111,0.45084,-0.701636,guided_exp
10:34:02.825,1,-3.313115,1.495769,-0.720653,guided_exp
10:34:02.825,2,-2.596134,0.45084,-0.704534,guided_exp
10:34:02.924,1,-3.314168,1.491038,-0.715148,guided_exp
10:34:02.924,2,-2.596478,1.372088,-0.705784,guided_exp
10:34:03.025,1,-3.316463,0.45084,-0.716752,guided_exp
10:34:03.025,2,-2.596905,1.493859,-0.706149,guided_exp
10:34:03.125,1,-3.31525,1.396532,-0.715199,guided_exp
10:34:03.125,2,-2.59863,0.45084,-0.706781,guided_exp
10:34:03.224,1,-3.313516,1.500815,-0.714497,guided_exp
10:34:03.224,2,-2.599155,1.408819,-0.706762,guided_exp
10:34:03.325,1,-3.314678,0.45084,-0.71494,guided_exp
10:34:03.325,2,-2.595766,1.508638,-0.707162,guided_exp
10:34:03.425,1,-3.313416,1.406283,-0.715317,guided_exp
10:34:03.425,2,-2.596585,0.45084,-0.706795,guided_exp
10:34:03.524,1,-3.311586,1.510481,-0.715069,guided_exp
10:34:03.524,2,-2.59733,1.402831,-0.706696,guided_exp
10:34:03.625,1,-3.310989,1.511148,-0.71542,guided_exp
10:34:03.625,2,-2.597903,1.399478,-0.706558,guided_exp
10:34:03.725,1,-3.30709,1.512863,-0.716184,guided_exp
10:34:03.725,2,-2.597699,1.383398,-0.705174,guided_exp
10:34:03.824,1,-3.302477,1.513344,-0.716856,guided_exp
10:34:03.824,2,-2.599057,1.383301,-0.705731,guided_exp
10:34:03.925,1,-3.300042,1.514553,-0.718196,guided_exp
10:34:03.925,2,-2.599137,1.378664,-0.705229,guided_exp
10:34:04.024,1,-3.296087,1.514253,-0.718475,guided_exp
10:34:04.024,2,-2.5979,1.354089,-0.704645,guided_exp
10:34:04.108,1,-3.290908,1.514299,-0.719299,guided_exp
10:34:04.108,2,-2.596086,1.372923,-0.703491,guided_exp
10:34:04.208,1,-3.290024,1.514485,-0.716809,guided_exp
10:34:04.208,2,-2.596963,1.206632,-0.70406,guided_exp
10:34:04.308,1,-3.29361,1.514919,-0.717982,guided_exp
10:34:04.308,2,-2.59783,1.174916,-0.70277,guided_exp
10:34:04.391,1,-3.289848,1.515517,-0.718025,guided_exp
10:34:04.391,2,-2.597371,0.469451,-0.703037,guided_exp
10:34:04.474,1,-3.282263,1.51642,-0.720596,guided_exp
10:34:04.474,2,-2.596675,1.246051,-0.70312,guided_exp
10:34:04.575,1,-3.277773,1.517262,-0.722467,guided_exp
10:34:04.575,2,-2.59652,1.239648,-0.703762,guided_exp
10:34:04.674,1,-3.274824,1.517619,-0.727014,guided_exp
10:34:04.674,2,-2.59603,1.239648,-0.703539,guided_exp
10:34:04.775,1,-3.268417,1.517587,-0.732926,guided_exp
10:34:04.775,2,-2.595448,1.239648,-0.703842,guided_exp
10:34:04.875,1,-3.268075,1.515932,-0.734706,guided_exp
10:34:04.875,2,-2.595367,1.239648,-0.704076,guided_exp
10:34:04.974,1,-3.264539,1.516356,-0.737488,guided_exp
10:34:04.974,2,-2.595188,1.239648,-0.704493,guided_exp
10:34:05.057,1,-3.25481,1.516614,-0.744081,guided_exp
10:34:05.057,2,-2.594646,1.239648,-0.704372,guided_exp
10:34:05.141,1,-3.255395,1.516906,-0.744777,guided_exp
10:34:05.141,2,-2.596718,1.239648,-0.703862,guided_exp
10:34:05.224,1,-3.256291,1.516349,-0.744958,guided_exp
10:34:05.224,2,-2.596981,1.239648,-0.703924,guided_exp
10:34:05.308,1,-3.251866,1.516618,-0.747145,guided_exp
10:34:05.308,2,-2.595171,1.239648,-0.704399,guided_exp
10:34:05.407,1,-3.244605,1.515264,-0.749341,guided_exp
10:34:05.408,2,-2.595095,1.239648,-0.705311,guided_exp
10:34:05.508,1,-3.242056,1.513685,-0.750054,guided_exp
10:34:05.508,2,-2.595068,1.239648,-0.705423,guided_exp
10:34:05.608,1,-3.237965,1.513283,-0.750264,guided_exp
10:34:05.609,2,-2.595326,1.239648,-0.705429,guided_exp
10:34:05.708,1,-3.236345,1.516427,-0.746584,guided_exp
10:34:05.708,2,-2.590979,1.239648,-0.706593,guided_exp
10:34:05.791,1,-3.234365,1.518695,-0.746354,guided_exp
10:34:05.791,2,-2.592132,1.239648,-0.705914,guided_exp
10:34:05.874,1,-3.231047,1.512704,-0.745995,guided_exp
10:34:05.874,2,-2.592499,1.239648,-0.706245,guided_exp
10:34:05.957,1,-3.2285,1.511263,-0.745269,guided_exp
10:34:05.957,2,-2.592628,1.239648,-0.705068,guided_exp
10:34:06.041,1,-3.227918,1.49549,-0.744261,guided_exp
10:34:06.041,2,-2.593005,1.368445,-0.703796,guided_exp
10:34:06.124,1,-3.223684,1.239648,-0.74394,guided_exp
10:34:06.125,2,-2.592499,1.496573,-0.704587,guided_exp
10:34:06.225,1,-3.22193,1.375998,-0.746638,guided_exp
10:34:06.225,2,-2.592668,1.239648,-0.704161,guided_exp
10:34:06.325,1,-3.20636,1.496789,-0.745916,guided_exp
10:34:06.325,2,-2.591865,1.393174,-0.704569,guided_exp
10:34:06.425,1,-3.202968,1.239648,-0.74406,guided_exp
10:34:06.425,2,-2.59172,1.497899,-0.704682,guided_exp
10:34:06.524,1,-3.183132,1.401772,-0.745609,guided_exp
10:34:06.525,2,-2.590834,1.239648,-0.704778,guided_exp
10:34:06.625,1,-3.176595,1.497185,-0.745824,guided_exp
10:34:06.625,2,-2.588755,1.407074,-0.702919,guided_exp
10:34:06.725,1,-3.179485,1.239648,-0.747131,guided_exp
10:34:06.725,2,-2.590082,1.496697,-0.70193,guided_exp
10:34:06.824,1,-3.194938,1.408399,-0.748407,guided_exp
10:34:06.824,2,-2.589925,1.239648,-0.702181,guided_exp
10:34:06.908,1,-3.198252,1.497095,-0.74665,guided_exp
10:34:06.908,2,-2.590436,1.408001,-0.702752,guided_exp
10:34:06.991,1,-3.204239,1.239648,-0.749961,guided_exp
10:34:06.991,2,-2.590611,1.494673,-0.702248,guided_exp
10:34:07.074,1,-3.209046,1.406653,-0.754984,guided_exp
10:34:07.074,2,-2.588377,1.239648,-0.703283,guided_exp
10:34:07.157,1,-3.205729,1.494229,-0.75248,guided_exp
10:34:07.157,2,-2.587549,1.402053,-0.703364,guided_exp
10:34:07.241,1,-3.204389,1.239648,-0.75478,guided_exp
10:34:07.241,2,-2.58714,1.49755,-0.703368,guided_exp
10:34:07.324,1,-3.203044,1.394473,-0.753982,guided_exp
10:34:07.324,2,-2.588244,1.239648,-0.704044,guided_exp
10:34:07.407,1,-3.20262,1.497744,-0.755824,guided_exp
10:34:07.407,2,-2.588632,1.388663,-0.704337,guided_exp
10:34:07.508,1,-3.203021,1.239648,-0.75579,guided_exp
10:34:07.509,2,-2.589647,1.504554,-0.704093,guided_exp
10:34:07.608,1,-3.202796,1.384366,-0.759553,guided_exp
10:34:07.609,2,-2.589331,1.239648,-0.704208,guided_exp
10:34:07.691,1,-3.203389,1.503256,-0.76038,guided_exp
10:34:07.691,2,-2.589478,1.38988,-0.704331,guided_exp
10:34:07.774,1,-3.202541,1.239648,-0.761375,guided_exp
10:34:07.774,2,-2.585327,1.503497,-0.707725,guided_exp
10:34:07.857,1,-3.200465,1.390207,-0.759557,guided_exp
10:34:07.857,2,-2.58577,1.239648,-0.706804,guided_exp
10:34:07.941,1,-3.201692,1.502394,-0.759743,guided_exp
10:34:07.941,2,-2.58549,1.383843,-0.707569,guided_exp
10:34:08.024,1,-3.202994,1.496678,-0.762031,guided_exp
10:34:08.024,2,-2.584762,1.384197,-0.708636,guided_exp
10:34:08.107,1,-3.204154,1.494557,-0.765042,guided_exp
10:34:08.107,2,-2.584211,1.384282,-0.708872,guided_exp
10:34:08.191,1,-3.202907,1.49745,-0.76504,guided_exp
10:34:08.191,2,-2.584866,1.384494,-0.709151,guided_exp
10:34:08.274,1,-3.203023,1.496336,-0.767926,guided_exp
10:34:08.274,2,-2.584855,1.375415,-0.709558,guided_exp
10:34:08.358,1,-3.20457,1.500992,-0.768121,guided_exp
10:34:08.358,2,-2.584323,1.372272,-0.709197,guided_exp
10:34:08.441,1,-3.189363,1.501559,-0.766218,guided_exp
10:34:08.441,2,-2.584853,1.360106,-0.709894,guided_exp
10:34:08.525,1,-3.187411,1.497122,-0.764254,guided_exp
10:34:08.525,2,-2.58461,1.362452,-0.709101,guided_exp
10:34:08.624,1,-3.185507,1.491257,-0.76261,guided_exp
10:34:08.625,2,-2.585052,1.369937,-0.708721,guided_exp
10:34:08.725,1,-3.184617,1.484129,-0.763683,guided_exp
10:34:08.725,2,-2.584663,1.373728,-0.709048,guided_exp
10:34:08.824,1,-3.184781,1.480601,-0.763884,guided_exp
10:34:08.825,2,-2.585361,1.379758,-0.708628,guided_exp
10:34:08.925,1,-3.18505,1.487251,-0.762835,guided_exp
10:34:08.925,2,-2.586138,1.381164,-0.708894,guided_exp
10:34:09.025,1,-3.184569,1.487097,-0.762829,guided_exp
10:34:09.025,2,-2.585326,1.36204,-0.708189,guided_exp
10:34:09.125,1,-3.184475,1.485034,-0.761557,guided_exp
10:34:09.125,2,-2.58429,1.362236,-0.708417,guided_exp
10:34:09.224,1,-3.197005,1.485035,-0.759822,guided_exp
10:34:09.224,2,-2.584922,1.354723,-0.707636,guided_exp
10:34:09.325,1,-3.203137,1.48183,-0.758295,guided_exp
10:34:09.325,2,-2.585238,1.339788,-0.707565,guided_exp
10:34:09.407,1,-3.206146,1.475019,-0.759337,guided_exp
10:34:09.407,2,-2.585348,1.376006,-0.707669,guided_exp
10:34:09.491,1,-3.20838,1.47189,-0.757472,guided_exp
10:34:09.491,2,-2.585864,1.393074,-0.707381,guided_exp
10:34:09.574,1,-3.209765,1.469048,-0.755067,guided_exp
10:34:09.574,2,-2.586518,1.395025,-0.708215,guided_exp
10:34:09.657,1,-3.210206,1.467098,-0.755238,guided_exp
10:34:09.657,2,-2.585807,1.401817,-0.708088,guided_exp
10:34:09.741,1,-3.213819,1.470873,-0.755279,guided_exp
10:34:09.741,2,-2.584417,1.404353,-0.707427,guided_exp
10:34:09.824,1,-3.215405,1.474346,-0.755068,guided_exp
10:34:09.824,2,-2.583745,1.401787,-0.707967,guided_exp
10:34:09.907,1,-3.217135,1.482416,-0.753644,guided_exp
10:34:09.907,2,-2.584645,1.394911,-0.706863,guided_exp
10:34:09.991,1,-3.218283,1.481856,-0.751923,guided_exp
10:34:09.991,2,-2.585209,1.38175,-0.706654,guided_exp
10:34:10.074,1,-3.21852,1.481701,-0.752394,guided_exp
10:34:10.074,2,-2.585412,1.381023,-0.707183,guided_exp
10:34:10.158,1,-3.219065,1.480504,-0.751967,guided_exp
10:34:10.158,2,-2.585798,1.383378,-0.706547,guided_exp
10:34:10.241,1,-3.196194,1.479602,-0.764059,guided_exp
10:34:10.241,2,-2.586061,1.380932,-0.706789,guided_exp
10:34:10.325,1,-3.192395,1.4731,-0.766973,guided_exp
10:34:10.325,2,-2.585354,1.378688,-0.706962,guided_exp
10:34:10.425,1,-3.190866,1.478687,-0.768969,guided_exp
10:34:10.425,2,-2.585583,1.379066,-0.707559,guided_exp
10:34:10.525,1,-3.190559,1.479495,-0.770128,guided_exp
10:34:10.525,2,-2.586529,1.377881,-0.707194,guided_exp
10:34:10.625,1,-3.189955,1.47899,-0.771284,guided_exp
10:34:10.625,2,-2.586669,1.377965,-0.705391,guided_exp
10:34:10.725,1,-3.189699,1.477236,-0.771825,guided_exp
10:34:10.725,2,-2.588651,1.379112,-0.705631,guided_exp
10:34:10.825,1,-3.18933,1.474819,-0.772488,guided_exp
10:34:10.825,2,-2.589508,1.376519,-0.708367,guided_exp
10:34:10.925,1,-3.190114,1.476475,-0.775263,guided_exp
10:34:10.925,2,-2.591241,1.377152,-0.713265,guided_exp
10:34:11.024,1,-3.189881,1.475426,-0.774978,guided_exp
10:34:11.025,2,-2.596553,1.374267,-0.727907,guided_exp
10:34:11.125,1,-3.190005,1.474708,-0.775371,guided_exp
10:34:11.125,2,-2.592123,1.37635,-0.747992,guided_exp
10:34:11.207,1,-3.191172,1.473092,-0.775894,guided_exp
10:34:11.207,2,-2.581769,1.376468,-0.785302,guided_exp
10:34:11.291,1,-3.193389,1.474406,-0.775515,guided_exp
10:34:11.291,2,-2.579945,1.37596,-0.793931,guided_exp
10:34:11.374,1,-3.193165,1.478409,-0.774602,guided_exp
10:34:11.374,2,-2.562691,1.376887,-0.827538,guided_exp
10:34:11.457,1,-3.193613,1.479451,-0.774078,guided_exp
10:34:11.458,2,-2.541484,1.375434,-0.863004,guided_exp
10:34:11.541,1,-3.194315,1.479541,-0.774423,guided_exp
10:34:11.541,2,-2.515989,1.375933,-0.902836,guided_exp
10:34:11.624,1,-3.194534,1.48116,-0.77455,guided_exp
10:34:11.624,2,-2.484279,1.376987,-0.942803,guided_exp
10:34:11.725,1,-3.194942,1.483417,-0.774589,guided_exp
10:34:11.725,2,-2.463386,1.375796,-0.98398,guided_exp
10:34:11.825,1,-3.221483,1.482883,-0.760164,guided_exp
10:34:11.825,2,-2.449303,1.373426,-1.018101,guided_exp
10:34:11.924,1,-3.22362,1.484488,-0.758957,guided_exp
10:34:11.924,2,-2.43988,1.372429,-1.036105,guided_exp
10:34:12.025,1,-3.222671,1.483032,-0.756827,guided_exp
10:34:12.025,2,-2.430024,1.372895,-1.065535,guided_exp
10:34:12.124,1,-3.221958,1.48089,-0.758628,guided_exp
10:34:12.125,2,-2.423507,1.372464,-1.089293,guided_exp
10:34:12.224,1,-3.22087,1.481554,-0.758852,guided_exp
10:34:12.224,2,-2.422533,1.368135,-1.100662,guided_exp
10:34:12.307,1,-3.218447,1.478424,-0.763266,guided_exp
10:34:12.308,2,-2.423242,1.370125,-1.109076,guided_exp
10:34:12.391,1,-3.219179,1.479825,-0.762211,guided_exp
10:34:12.391,2,-2.423575,1.372644,-1.112937,guided_exp
10:34:12.474,1,-3.220382,1.477789,-0.761696,guided_exp
10:34:12.474,2,-2.422312,1.378053,-1.120046,guided_exp
10:34:12.557,1,-3.220907,1.479919,-0.760722,guided_exp
10:34:12.558,2,-2.421511,1.377857,-1.123108,guided_exp
10:34:12.641,1,-3.221374,1.480298,-0.759992,guided_exp
10:34:12.641,2,-2.42051,1.366489,-1.124749,guided_exp
10:34:12.724,1,-3.22158,1.477654,-0.758728,guided_exp
10:34:12.724,2,-2.420515,1.369441,-1.125806,guided_exp
10:34:12.825,1,-3.221313,1.477697,-0.759009,guided_exp
10:34:12.825,2,-2.419895,1.370773,-1.12604,guided_exp
10:34:12.924,1,-3.222366,1.477064,-0.759857,guided_exp
10:34:12.925,2,-2.41962,1.368933,-1.125335,guided_exp
10:34:13.025,1,-3.222263,1.476097,-0.759097,guided_exp
10:34:13.025,2,-2.417839,1.368129,-1.12525,guided_exp
10:34:13.124,1,-3.222918,1.473551,-0.759397,guided_exp
10:34:13.124,2,-2.413222,1.368911,-1.126811,guided_exp
10:34:13.225,1,-3.223715,1.477567,-0.76002,guided_exp
10:34:13.225,2,-2.407399,1.368405,-1.134661,guided_exp
10:34:13.325,1,-3.225434,1.476926,-0.760973,guided_exp
10:34:13.325,2,-2.399084,1.367892,-1.146733,guided_exp
10:34:13.424,1,-3.227583,1.463023,-0.760224,guided_exp
10:34:13.424,2,-2.387823,1.368115,-1.168047,guided_exp
10:34:13.525,1,-3.230554,1.466877,-0.760444,guided_exp
10:34:13.525,2,-2.390574,1.368052,-1.180813,guided_exp
10:34:13.625,1,-3.233195,1.459577,-0.757805,guided_exp
10:34:13.625,2,-2.393618,1.366925,-1.222655,guided_exp
10:34:13.724,1,-3.236391,1.462377,-0.755139,guided_exp
10:34:13.724,2,-2.410697,1.368689,-1.280408,guided_exp
10:34:13.825,1,-3.239021,1.464125,-0.753416,guided_exp
10:34:13.825,2,-2.430265,1.368667,-1.344387,guided_exp
10:34:13.925,1,-3.244356,1.467423,-0.748812,guided_exp
10:34:13.925,2,-2.453722,1.370866,-1.421968,guided_exp
10:34:14.024,1,-3.260042,1.476953,-0.732577,guided_exp
10:34:14.025,2,-2.47863,1.371874,-1.513057,guided_exp
10:34:14.125,1,-3.252436,1.478445,-0.738517,guided_exp
10:34:14.125,2,-2.49815,1.373257,-1.570094,guided_exp
10:34:14.225,1,-3.257551,1.485629,-0.736714,guided_exp
10:34:14.225,2,-2.505033,1.378221,-1.620485,guided_exp
10:34:14.324,1,-3.284241,1.486298,-0.73041,guided_exp
10:34:14.324,2,-2.504699,1.381614,-1.673306,guided_exp
10:34:14.425,1,-3.301924,1.486211,-0.736308,guided_exp
10:34:14.425,2,-2.503092,1.382206,-1.709393,guided_exp
10:34:14.524,1,-3.325254,1.486048,-0.74123,guided_exp
10:34:14.524,2,-2.495842,1.385993,-1.744986,guided_exp
10:34:14.607,1,-3.332324,1.487048,-0.750076,guided_exp
10:34:14.607,2,-2.485653,1.388608,-1.777085,guided_exp
10:34:14.691,1,-3.362108,1.486072,-0.789094,guided_exp
10:34:14.691,2,-2.470003,1.389877,-1.804352,guided_exp
10:34:14.774,1,-3.367713,1.487711,-0.815065,guided_exp
10:34:14.774,2,-2.444395,1.391248,-1.847544,guided_exp
10:34:14.875,1,-3.384076,1.486073,-0.864049,guided_exp
10:34:14.875,2,-2.416781,1.393315,-1.886192,guided_exp
10:34:14.974,1,-3.373251,1.485849,-0.896111,guided_exp
10:34:14.974,2,-2.38298,1.394384,-1.926439,guided_exp
10:34:15.074,1,-3.39108,1.476893,-0.903407,guided_exp
10:34:15.074,2,-2.355307,1.394561,-1.964956,guided_exp
10:34:15.158,1,-3.390904,1.473475,-0.94522,guided_exp
10:34:15.158,2,-2.337207,1.395152,-1.989906,guided_exp
10:34:15.257,1,-3.421502,1.473818,-0.96068,guided_exp
10:34:15.257,2,-2.317794,1.393414,-2.013778,guided_exp
10:34:15.341,1,-3.432408,1.474986,-0.994326,guided_exp
10:34:15.341,2,-2.304997,1.390059,-2.033923,guided_exp
10:34:15.424,1,-3.437635,1.473513,-1.007232,guided_exp
10:34:15.424,2,-2.298807,1.387501,-2.042631,guided_exp
10:34:15.524,1,-3.458396,1.472395,-1.027151,guided_exp
10:34:15.525,2,-2.289767,1.38694,-2.058231,guided_exp
10:34:15.625,1,-3.51204,1.474798,-1.049157,guided_exp
10:34:15.625,2,-2.285761,1.388916,-2.070056,guided_exp
10:34:15.724,1,-3.537917,1.473902,-1.068162,guided_exp
10:34:15.724,2,-2.285428,1.385105,-2.078799,guided_exp
10:34:15.825,1,-3.579355,1.474581,-1.096144,guided_exp
10:34:15.825,2,-2.28767,1.382815,-2.085177,guided_exp
10:34:15.925,1,-3.620393,1.475616,-1.122048,guided_exp
10:34:15.925,2,-2.294753,1.385283,-2.097111,guided_exp
10:34:16.024,1,-3.657673,1.475302,-1.145158,guided_exp
10:34:16.024,2,-2.299195,1.38396,-2.100913,guided_exp
10:34:16.125,1,-3.706372,1.47986,-1.165723,guided_exp
10:34:16.125,2,-2.305592,1.382586,-2.106256,guided_exp
10:34:16.225,1,-3.736726,1.480358,-1.180879,guided_exp
10:34:16.225,2,-2.310931,1.38212,-2.108475,guided_exp
10:34:16.325,1,-3.755243,1.479624,-1.201653,guided_exp
10:34:16.325,2,-2.316996,1.381315,-2.112419,guided_exp
10:34:16.424,1,-3.767819,1.47987,-1.209762,guided_exp
10:34:16.424,2,-2.319053,1.381855,-2.113996,guided_exp
10:34:16.525,1,-3.774159,1.479577,-1.218608,guided_exp
10:34:16.525,2,-2.321109,1.383368,-2.11571,guided_exp
10:34:16.624,1,-3.785454,1.479253,-1.242885,guided_exp
10:34:16.625,2,-2.323206,1.388238,-2.115307,guided_exp
10:34:16.725,1,-3.779829,1.477428,-1.252211,guided_exp
10:34:16.725,2,-2.324623,1.386368,-2.115024,guided_exp
10:34:16.825,1,-3.775929,1.476868,-1.294779,guided_exp
10:34:16.825,2,-2.325318,1.386103,-2.11457,guided_exp
10:34:16.925,1,-3.768925,1.476097,-1.317614,guided_exp
10:34:16.925,2,-2.326033,1.38492,-2.113451,guided_exp
10:34:17.024,1,-3.743122,1.47691,-1.361795,guided_exp
10:34:17.024,2,-2.324069,1.385868,-2.111739,guided_exp
10:34:17.125,1,-3.741746,1.477851,-1.404773,guided_exp
10:34:17.125,2,-2.32076,1.384963,-2.10932,guided_exp
10:34:17.224,1,-3.747356,1.477071,-1.444994,guided_exp
10:34:17.224,2,-2.319315,1.384487,-2.107752,guided_exp
10:34:17.307,1,-3.722893,1.48159,-1.500262,guided_exp
10:34:17.308,2,-2.317409,1.382636,-2.105326,guided_exp
10:34:17.391,1,-3.697731,1.48019,-1.557605,guided_exp
10:34:17.391,2,-2.318815,1.382481,-2.10147,guided_exp
10:34:17.491,1,-3.677279,1.480173,-1.606468,guided_exp
10:34:17.491,2,-2.317153,1.381075,-2.09738,guided_exp
10:34:17.591,1,-3.66348,1.480556,-1.659483,guided_exp
10:34:17.592,2,-2.314619,1.381323,-2.093502,guided_exp
10:34:17.692,1,-3.597578,1.482221,-1.711599,guided_exp
10:34:17.692,2,-2.310328,1.383541,-2.090681,guided_exp
10:34:17.791,1,-3.595895,1.482443,-1.734641,guided_exp
10:34:17.791,2,-2.309236,1.382529,-2.090922,guided_exp
10:34:17.892,1,-3.596013,1.482021,-1.758318,guided_exp
10:34:17.892,2,-2.309063,1.38115,-2.089509,guided_exp
10:34:17.991,1,-3.61373,1.481085,-1.772899,guided_exp
10:34:17.991,2,-2.308129,1.381178,-2.091179,guided_exp
10:34:18.075,1,-3.603638,1.4829,-1.777018,guided_exp
10:34:18.075,2,-2.306812,1.379768,-2.092093,guided_exp
10:34:18.175,1,-3.602456,1.47889,-1.789661,guided_exp
10:34:18.175,2,-2.296951,1.379742,-2.093664,guided_exp
10:34:18.274,1,-3.602698,1.48021,-1.793498,guided_exp
10:34:18.275,2,-2.295436,1.378211,-2.092923,guided_exp
10:34:18.375,1,-3.603246,1.479969,-1.796206,guided_exp
10:34:18.376,2,-2.29677,1.379309,-2.092699,guided_exp
10:34:18.474,1,-3.603262,1.479803,-1.800576,guided_exp
10:34:18.474,2,-2.300988,1.378601,-2.094023,guided_exp
10:34:18.557,1,-3.603187,1.478943,-1.801676,
10:34:18.558,2,-2.301765,1.379452,-2.094233,
10:34:18.641,1,-3.603325,1.478767,-1.806008,
10:34:18.641,2,-2.302104,1.379127,-2.09416,
10:34:18.741,1,-3.603154,1.474765,-1.806145,
10:34:18.741,2,-2.302586,1.379271,-2.094946,
10:34:18.842,1,-3.602754,1.478058,-1.808125,
10:34:18.842,2,-2.303163,1.377224,-2.095005,
10:34:18.941,1,-3.60218,1.477915,-1.808342,
10:34:18.941,2,-2.30327,1.378432,-2.092276,
10:34:19.024,1,-3.601862,1.476984,-1.808201,
10:34:19.024,2,-2.303651,1.377214,-2.090006,
10:34:19.107,1,-3.60465,1.478139,-1.818688,
10:34:19.108,2,-2.303107,1.377635,-2.087936,
10:34:19.191,1,-3.605649,1.477686,-1.819306,
10:34:19.191,2,-2.303067,1.378262,-2.086127,
10:34:19.274,1,-3.607743,1.476173,-1.822661,
10:34:19.274,2,-2.305176,1.378138,-2.085547,
10:34:19.357,1,-3.625799,1.474528,-1.808961,
10:34:19.358,2,-2.306905,1.379356,-2.084359,
10:34:19.450,1,-3.629263,1.474975,-1.807422,
10:34:19.450,2,-2.307844,1.377635,-2.086339,
10:34:19.541,1,-3.609817,1.47506,-1.798606,
10:34:19.541,2,-2.310244,1.374591,-2.085825,
10:34:19.641,1,-3.605927,1.474995,-1.793246,
10:34:19.641,2,-2.308351,1.371943,-2.085887,
10:34:19.724,1,-3.603793,1.474142,-1.779731,
10:34:19.724,2,-2.307714,1.371708,-2.08501,
10:34:19.808,1,-3.606884,1.473726,-1.777131,
10:34:19.808,2,-2.307289,1.368248,-2.086646,
10:34:19.891,1,-3.60926,1.475568,-1.776225,
10:34:19.891,2,-2.30657,1.369062,-2.089783,
10:34:19.974,1,-3.615018,1.474857,-1.768877,
10:34:19.974,2,-2.306402,1.368014,-2.090811,
10:34:20.057,1,-3.621254,1.474957,-1.756226,
10:34:20.058,2,-2.306474,1.370496,-2.091368,
10:34:20.141,1,-3.624779,1.477297,-1.739775,
10:34:20.141,2,-2.306305,1.373081,-2.092565,
10:34:20.224,1,-3.626402,1.476556,-1.738337,
10:34:20.225,2,-2.30687,1.373212,-2.094088,
10:34:20.325,1,-3.634248,1.476652,-1.731091,
10:34:20.326,2,-2.308259,1.37437,-2.096195,
10:34:20.425,1,-3.63674,1.4746,-1.727023,
10:34:20.425,2,-2.306868,1.374363,-2.097086,
10:34:20.525,1,-3.636955,1.471089,-1.72455,
10:34:20.525,2,-2.30619,1.371845,-2.097137,
10:34:20.624,1,-3.634339,1.48255,-1.726509,
10:34:20.625,2,-2.30611,1.372993,-2.096975,
10:34:20.724,1,-3.630418,1.486279,-1.728008,
10:34:20.724,2,-2.306859,1.375899,-2.096446,
10:34:20.808,1,-3.626795,1.487477,-1.733321,
10:34:20.809,2,-2.308534,1.377642,-2.09619,
10:34:20.891,1,-3.62022,1.488567,-1.735872,
10:34:20.891,2,-2.309234,1.375056,-2.095021,
10:34:20.974,1,-3.607932,1.488912,-1.744181,
10:34:20.974,2,-2.309173,1.376452,-2.094304,
10:34:21.057,1,-3.596968,1.489897,-1.754261,
10:34:21.058,2,-2.309173,1.375804,-2.094251,
10:34:21.141,1,-3.585708,1.488943,-1.763605,
10:34:21.141,2,-2.310935,1.376084,-2.092566,
10:34:21.224,1,-3.577158,1.489898,-1.771611,
10:34:21.224,2,-2.311886,1.373026,-2.09147,
10:34:21.326,1,-3.563747,1.489509,-1.779931,
10:34:21.326,2,-2.312296,1.374555,-2.090985,
10:34:21.424,1,-3.552946,1.488055,-1.781352,
10:34:21.424,2,-2.310371,1.375382,-2.091019,
10:34:21.507,1,-3.52683,1.484865,-1.773967,
10:34:21.508,2,-2.307411,1.376115,-2.090873,
10:34:21.591,1,-3.513327,1.482668,-1.763931,
10:34:21.591,2,-2.306132,1.378572,-2.091309,
10:34:21.674,1,-3.487928,1.482912,-1.748794,
10:34:21.674,2,-2.305465,1.377888,-2.091678,
10:34:21.757,1,-3.468312,1.482324,-1.735092,
10:34:21.758,2,-2.305125,1.378354,-2.09192,
10:34:21.858,1,-3.435752,1.484068,-1.708577,
10:34:21.859,2,-2.305291,1.378093,-2.091903,
10:34:21.958,1,-3.394925,1.484676,-1.677972,
10:34:21.958,2,-2.305565,1.377987,-2.091714,
10:34:22.058,1,-3.375636,1.487285,-1.661347,
10:34:22.059,2,-2.305476,1.377749,-2.091911,
10:34:22.158,1,-3.348427,1.492425,-1.628065,
10:34:22.158,2,-2.304919,1.376461,-2.091634,
10:34:22.258,1,-3.330009,1.491954,-1.609982,
10:34:22.258,2,-2.303084,1.376899,-2.091702,
10:34:22.358,1,-3.306292,1.491803,-1.587231,
10:34:22.359,2,-2.301394,1.377061,-2.093136,
10:34:23.458,1,-3.287641,1.481374,-1.584727,
10:34:23.458,2,-2.300529,1.376385,-2.0942,
10:34:23.642,1,-3.205322,1.480735,-1.689978,
10:34:23.642,2,-2.343433,1.376677,-2.109336,
10:34:23.724,1,-3.200978,1.478956,-1.720422,
10:34:23.724,2,-2.345595,1.376752,-2.11514,
10:34:23.874,1,-3.202025,1.477716,-1.770354,
10:34:23.875,2,-2.344507,1.376396,-2.124431,
10:34:23.959,1,-3.200523,1.477288,-1.790805,
10:34:23.959,2,-2.342602,1.3772,-2.129526,
10:34:24.041,1,-3.194903,1.476964,-1.814002,
10:34:24.042,2,-2.333805,1.375056,-2.146503,
10:34:24.125,1,-3.192453,1.476922,-1.835071,
10:34:24.125,2,-2.326093,1.374533,-2.159343,
10:34:24.208,1,-3.204099,1.476792,-1.856054,
10:34:24.209,2,-2.301283,1.373585,-2.189646,
10:34:24.292,1,-3.210235,1.47803,-1.863103,
10:34:24.292,2,-2.286649,1.375221,-2.20668,
10:34:24.374,1,-3.213701,1.477351,-1.876837,
10:34:24.374,2,-2.267685,1.375441,-2.237367,
10:34:24.458,1,-3.20174,1.477205,-1.893362,
10:34:24.458,2,-2.250824,1.374539,-2.262789,
10:34:24.591,1,-3.19334,1.477299,-1.908427,
10:34:24.591,2,-2.208136,1.373294,-2.315075,
10:34:24.741,1,-3.183774,1.476886,-1.920911,
10:34:24.742,2,-2.146087,1.373939,-2.386011,
10:34:24.825,1,-3.183102,1.478215,-1.925368,
10:34:24.825,2,-2.12757,1.373729,-2.411534,
10:34:24.908,1,-3.182716,1.476224,-1.929486,
10:34:24.908,2,-2.106613,1.37334,-2.440191,
10:34:24.992,1,-3.18202,1.481946,-1.930837,
10:34:24.992,2,-2.09625,1.37112,-2.459806,
10:34:25.074,1,-3.182232,1.479736,-1.93235,
10:34:25.075,2,-2.085993,1.372043,-2.476262,
10:34:25.208,1,-3.180458,1.482053,-1.93331,
10:34:25.208,2,-2.075841,1.372461,-2.493241,
10:34:25.291,1,-3.179639,1.483511,-1.934389,
10:34:25.291,2,-2.074041,1.373204,-2.497608,
10:34:25.424,1,-3.177587,1.484351,-1.935485,
10:34:25.424,2,-2.072507,1.372999,-2.506443,
10:34:25.508,1,-3.176286,1.484307,-1.933808,
10:34:25.508,2,-2.071586,1.373338,-2.511067,
10:34:25.592,1,-3.174518,1.48267,-1.933412,
10:34:25.592,2,-2.071285,1.371746,-2.515222,
10:34:25.674,1,-3.169605,1.48256,-1.929859,
10:34:25.674,2,-2.071023,1.365849,-2.521011,
10:34:25.758,1,-3.169102,1.48145,-1.929326,
10:34:25.759,2,-2.070719,1.364991,-2.524509,
10:34:25.841,1,-3.167612,1.479569,-1.928943,
10:34:25.842,2,-2.070869,1.363607,-2.530978,
10:34:25.925,1,-3.166589,1.476418,-1.929413,
10:34:25.925,2,-2.071359,1.361928,-2.535224,
10:34:26.008,1,-3.165957,1.476856,-1.929021,
10:34:26.009,2,-2.071623,1.362074,-2.540326,
10:34:26.092,1,-3.163959,1.475824,-1.927794,
10:34:26.092,2,-2.072424,1.361636,-2.542387,
10:34:26.174,1,-3.163049,1.470853,-1.927429,
10:34:26.174,2,-2.072444,1.360932,-2.545954,
10:34:26.258,1,-3.162527,1.476593,-1.927222,
10:34:26.259,2,-2.072526,1.361246,-2.547147,
10:34:26.341,1,-3.160968,1.471689,-1.927847,
10:34:26.341,2,-2.073817,1.360952,-2.548597,
10:34:26.492,1,-3.161452,1.473297,-1.925726,
10:34:26.492,2,-2.075966,1.3617,-2.54845,
10:34:26.574,1,-3.162711,1.477189,-1.926341,
10:34:26.574,2,-2.076929,1.361633,-2.548086,
10:34:26.708,1,-3.165304,1.480901,-1.926031,
10:34:26.708,2,-2.078971,1.362349,-2.547428,
10:34:26.791,1,-3.16583,1.478816,-1.926361,
10:34:26.791,2,-2.079804,1.364473,-2.547289,
10:34:26.925,1,-3.167191,1.481064,-1.926501,
10:34:26.925,2,-2.083209,1.366846,-2.547166,
10:34:27.008,1,-3.167927,1.482858,-1.926948,
10:34:27.008,2,-2.085884,1.367461,-2.546985,
10:34:27.092,1,-3.168609,1.48088,-1.927138,
10:34:27.092,2,-2.087177,1.366573,-2.54652,
10:34:27.174,1,-3.169571,1.486617,-1.927146,
10:34:27.175,2,-2.089029,1.366543,-2.545967,
10:34:27.259,1,-3.17137,1.486613,-1.929464,
10:34:27.259,2,-2.089825,1.367191,-2.545471,
10:34:27.341,1,-3.170999,1.480247,-1.92983,
10:34:27.341,2,-2.09214,1.367356,-2.544,
10:34:27.441,1,-3.171201,1.479581,-1.929903,
10:34:27.442,2,-2.093529,1.366764,-2.542969,
10:34:27.524,1,-3.171545,1.472392,-1.930717,
10:34:27.525,2,-2.094962,1.366501,-2.541794,
10:34:27.608,1,-3.172532,1.479735,-1.930682,
10:34:27.608,2,-2.096529,1.364088,-2.54033,
10:34:27.692,1,-3.171026,1.47056,-1.930003,
10:34:27.692,2,-2.097361,1.361214,-2.539982,
10:34:27.775,1,-3.170264,1.471123,-1.92923,
10:34:27.775,2,-2.097701,1.362881,-2.53968,
10:34:27.858,1,-3.170153,1.471693,-1.929084,
10:34:27.859,2,-2.097752,1.365347,-2.539651,
10:34:27.941,1,-3.170706,1.471128,-1.928859,
10:34:27.941,2,-2.097909,1.366709,-2.539513,
10:34:28.025,1,-3.170803,1.473771,-1.927961,
10:34:28.025,2,-2.094248,1.367433,-2.539082,
10:34:28.108,1,-3.170792,1.47356,-1.928226,
10:34:28.109,2,-2.092548,1.369348,-2.538929,
10:34:28.191,1,-3.170276,1.472991,-1.924878,
10:34:28.191,2,-2.09203,1.369906,-2.538677,
10:34:28.275,1,-3.170687,1.470472,-1.923756,
10:34:28.276,2,-2.091372,1.369443,-2.538965,
10:34:28.358,1,-3.170566,1.470242,-1.9231,
10:34:28.358,2,-2.091682,1.368955,-2.539131,
10:34:28.491,1,-3.170861,1.465874,-1.921953,
10:34:28.491,2,-2.090351,1.369562,-2.53886,
10:34:28.641,1,-3.172502,1.467011,-1.922681,
10:34:28.642,2,-2.093493,1.370112,-2.539865,
10:34:28.725,1,-3.174076,1.471778,-1.924783,
10:34:28.725,2,-2.094347,1.370246,-2.539759,
10:34:28.808,1,-3.178561,1.469554,-1.927532,
10:34:28.808,2,-2.095654,1.370628,-2.540077,
10:34:28.892,1,-3.179107,1.471037,-1.927354,
10:34:28.892,2,-2.096814,1.369491,-2.540041,
10:34:28.975,1,-3.180073,1.47312,-1.928543,
10:34:28.975,2,-2.097482,1.36843,-2.540105,
10:34:29.059,1,-3.181105,1.46888,-1.929007,
10:34:29.059,2,-2.097839,1.370174,-2.540163,
10:34:29.141,1,-3.180979,1.4629,-1.930739,
10:34:29.141,2,-2.096403,1.372388,-2.539711,
10:34:29.274,1,-3.181162,1.458048,-1.931606,
10:34:29.274,2,-2.096774,1.375832,-2.539016,
10:34:29.408,1,-3.180529,1.469062,-1.930853,
10:34:29.408,2,-2.096639,1.376444,-2.538352,
10:34:29.559,1,-3.179655,1.466232,-1.931613,
10:34:29.559,2,-2.097305,1.376308,-2.537907,
10:34:29.641,1,-3.178703,1.465389,-1.92935,
10:34:29.641,2,-2.100097,1.376901,-2.53736,
10:34:29.792,1,-3.178049,1.46634,-1.928374,
10:34:29.792,2,-2.101697,1.376441,-2.537011,
10:34:29.874,1,-3.176875,1.464978,-1.925172,
10:34:29.874,2,-2.102457,1.373777,-2.536931,
10:34:30.008,1,-3.175962,1.463635,-1.92455,
10:34:30.008,2,-2.102413,1.373282,-2.537091,
10:34:30.141,1,-3.176142,1.464238,-1.925166,
10:34:30.141,2,-2.102231,1.372539,-2.537175,
10:34:30.225,1,-3.175963,1.464856,-1.924605,
10:34:30.225,2,-2.101903,1.371082,-2.537179,
10:34:30.308,1,-3.175597,1.465019,-1.924234,
10:34:30.308,2,-2.101306,1.372272,-2.536492,
10:34:30.391,1,-3.175506,1.468282,-1.924173,
10:34:30.392,2,-2.100683,1.372858,-2.53662,
10:34:30.475,1,-3.174869,1.472128,-1.923676,
10:34:30.475,2,-2.099341,1.37299,-2.536682,
10:34:30.558,1,-3.174669,1.469953,-1.923514,
10:34:30.559,2,-2.099502,1.372746,-2.536315,
10:34:30.641,1,-3.173791,1.469381,-1.922503,
10:34:30.641,2,-2.099519,1.37224,-2.536254,
10:34:30.774,1,-3.171401,1.475734,-1.920264,
10:34:30.774,2,-2.098239,1.372143,-2.535974,
10:34:30.858,1,-3.186098,1.475299,-1.916224,
10:34:30.859,2,-2.098453,1.373279,-2.535825,
10:34:30.941,1,-3.17166,1.475943,-1.914567,
10:34:30.941,2,-2.099717,1.37389,-2.535585,
10:34:31.074,1,-3.16931,1.475186,-1.918031,
10:34:31.074,2,-2.100901,1.374111,-2.536019,
10:34:31.208,1,-3.165177,1.476865,-1.917183,
10:34:31.208,2,-2.101405,1.375496,-2.535403,
10:34:31.341,1,-3.164095,1.477281,-1.916774,
10:34:31.341,2,-2.104918,1.376682,-2.527524,
10:34:31.474,1,-3.165147,1.478204,-1.918769,
10:34:31.474,2,-2.105794,1.376374,-2.523917,
10:34:31.608,1,-3.164462,1.478118,-1.918527,
10:34:31.608,2,-2.106856,1.375598,-2.520133,
10:34:31.741,1,-3.16225,1.476139,-1.916931,
10:34:31.741,2,-2.107879,1.376371,-2.518326,
10:34:31.874,1,-3.165063,1.472447,-1.921356,
10:34:31.874,2,-2.108371,1.376403,-2.517544,
10:34:32.024,1,-3.164854,1.472667,-1.922319,
10:34:32.025,2,-2.108745,1.377494,-2.517944,
10:34:32.108,1,-3.164707,1.473925,-1.922383,
10:34:32.108,2,-2.108859,1.377311,-2.51841,
10:34:32.192,1,-3.165131,1.47125,-1.922652,
10:34:32.192,2,-2.109606,1.373888,-2.518667,
10:34:32.274,1,-3.165656,1.468588,-1.922735,
10:34:32.274,2,-2.110366,1.371078,-2.522713,
10:34:32.408,1,-3.165416,1.468079,-1.921407,
10:34:32.408,2,-2.110802,1.370993,-2.527198,
10:34:32.492,1,-3.174283,1.465551,-1.913425,
10:34:32.492,2,-2.111181,1.372018,-2.529019,
10:34:32.575,1,-3.172184,1.465521,-1.918106,
10:34:32.575,2,-2.111541,1.371912,-2.530295,
10:34:32.658,1,-3.184843,1.463684,-1.914002,
10:34:32.659,2,-2.111819,1.37143,-2.531117,
10:34:32.741,1,-3.21454,1.463598,-1.903375,
10:34:32.741,2,-2.111111,1.371268,-2.531749,
10:34:32.825,1,-3.220068,1.463654,-1.901972,
10:34:32.826,2,-2.110436,1.373566,-2.533149,
10:34:32.908,1,-3.222382,1.462265,-1.902626,
10:34:32.908,2,-2.109737,1.37543,-2.533116,
10:34:33.041,1,-3.221126,1.457205,-1.897925,
10:34:33.041,2,-2.109098,1.37679,-2.532164,
10:34:33.174,1,-3.223703,1.45397,-1.902494,
10:34:33.174,2,-2.108422,1.377284,-2.531083,
10:34:33.275,1,-3.225382,1.459876,-1.906942,
10:34:33.275,2,-2.108569,1.377306,-2.530825,
10:34:33.374,1,-3.226744,1.467232,-1.909746,
10:34:33.375,2,-2.108714,1.377849,-2.530873,
10:34:33.475,1,-3.226876,1.457872,-1.911709,
10:34:33.475,2,-2.108794,1.377977,-2.531426,
10:34:33.558,1,-3.166478,1.466411,-1.927594,
10:34:33.558,2,-2.108303,1.375606,-2.532767,
10:34:33.641,1,-3.167548,1.471598,-1.928728,
10:34:33.641,2,-2.109951,1.372654,-2.534993,
10:34:33.725,1,-3.161835,1.466514,-1.924942,
10:34:33.726,2,-2.111003,1.373149,-2.53644,
10:34:33.808,1,-3.162428,1.465389,-1.925447,
10:34:33.808,2,-2.111967,1.37429,-2.537572,
10:34:33.891,1,-3.157153,1.459507,-1.918946,
10:34:33.891,2,-2.112851,1.378348,-2.537829,
10:34:33.974,1,-3.159349,1.453926,-1.922148,
10:34:33.975,2,-2.116266,1.379942,-2.539108,
10:34:34.058,1,-3.159976,1.46425,-1.923444,
10:34:34.058,2,-2.11875,1.379729,-2.540024,
10:34:34.191,1,-3.157466,1.471171,-1.9192,
10:34:34.191,2,-2.125457,1.380353,-2.539821,
10:34:34.324,1,-3.156275,1.467456,-1.918373,
10:34:34.324,2,-2.130154,1.378778,-2.540902,
10:34:34.408,1,-3.155281,1.465916,-1.914047,
10:34:34.408,2,-2.131361,1.376344,-2.540461,
10:34:34.541,1,-3.160843,1.465867,-1.920305,
10:34:34.541,2,-2.133524,1.378194,-2.540352,
10:34:34.674,1,-3.158701,1.46305,-1.916008,
10:34:34.674,2,-2.13394,1.378609,-2.540422,
10:34:34.808,1,-3.158713,1.460083,-1.913727,
10:34:34.808,2,-2.13413,1.378957,-2.541208,
10:34:34.941,1,-3.159058,1.466335,-1.914229,
10:34:34.941,2,-2.134157,1.377421,-2.542086,
10:34:35.074,1,-3.160446,1.471074,-1.914951,
10:34:35.075,2,-2.131621,1.377339,-2.544628,
10:34:35.208,1,-3.160706,1.468942,-1.914516,
10:34:35.208,2,-2.127375,1.375791,-2.547982,
10:34:35.341,1,-3.15409,1.466691,-1.905719,
10:34:35.341,2,-2.12154,1.375509,-2.550381,
10:34:35.492,1,-3.15711,1.464116,-1.909953,
10:34:35.493,2,-2.114113,1.374844,-2.549159,
10:34:35.574,1,-3.155326,1.463443,-1.906088,
10:34:35.574,2,-2.109194,1.375537,-2.547257,
10:34:35.708,1,-3.158949,1.463679,-1.911901,
10:34:35.708,2,-2.104286,1.374984,-2.544186,
10:34:35.841,1,-3.160646,1.463583,-1.912933,
10:34:35.841,2,-2.098529,1.37474,-2.541956,
10:34:35.974,1,-3.16149,1.466072,-1.912692,
10:34:35.975,2,-2.093541,1.373482,-2.542098,
10:34:36.058,1,-3.161397,1.464133,-1.911407,
10:34:36.058,2,-2.093325,1.373007,-2.543016,
10:34:36.141,1,-3.162116,1.464363,-1.907565,
10:34:36.141,2,-2.088825,1.372429,-2.544517,
10:34:36.274,1,-3.159196,1.463052,-1.906281,
10:34:36.274,2,-2.087082,1.372406,-2.547264,
10:34:36.408,1,-3.160126,1.462331,-1.907217,
10:34:36.408,2,-2.086317,1.37267,-2.549037,
10:34:36.492,1,-3.183859,1.461074,-1.904856,
10:34:36.492,2,-2.086092,1.371387,-2.550501,
10:34:36.574,1,-3.164337,1.461949,-1.901728,
10:34:36.575,2,-2.085379,1.370966,-2.551954,
10:34:36.658,1,-3.163128,1.464589,-1.900233,
10:34:36.659,2,-2.084948,1.367586,-2.552798,
10:34:36.741,1,-3.162682,1.466771,-1.90175,
10:34:36.741,2,-2.084718,1.368112,-2.554034,
10:34:36.825,1,-3.16266,1.466761,-1.903838,
10:34:36.825,2,-2.084789,1.367736,-2.555324,
10:34:36.908,1,-3.161991,1.466993,-1.904033,
10:34:36.908,2,-2.085352,1.366951,-2.556731,
10:34:36.991,1,-3.158152,1.467167,-1.892635,
10:34:36.991,2,-2.085439,1.367468,-2.556874,
10:34:37.074,1,-3.157134,1.469841,-1.894957,
10:34:37.075,2,-2.085501,1.368327,-2.55721,
10:34:37.159,1,-3.15593,1.469706,-1.893511,
10:34:37.159,2,-2.085681,1.367883,-2.55732,
10:34:37.241,1,-3.154989,1.472492,-1.893337,
10:34:37.241,2,-2.086546,1.36565,-2.55635,
10:34:37.374,1,-3.154522,1.475617,-1.892443,
10:34:37.375,2,-2.088225,1.36758,-2.555332,
10:34:37.508,1,-3.158067,1.474166,-1.889852,
10:34:37.508,2,-2.090021,1.367919,-2.554031,
10:34:37.592,1,-3.158689,1.473291,-1.889049,
10:34:37.593,2,-2.090404,1.368384,-2.552425,
10:34:37.674,1,-3.174014,1.473615,-1.930661,
10:34:37.675,2,-2.091101,1.37007,-2.550975,
10:34:37.808,1,-3.170111,1.475158,-1.925851,
10:34:37.808,2,-2.093148,1.370162,-2.549172,
10:34:37.941,1,-3.163944,1.47954,-1.923282,
10:34:37.941,2,-2.094817,1.370153,-2.548106,
10:34:38.074,1,-3.161943,1.478913,-1.920029,
10:34:38.074,2,-2.096742,1.370388,-2.546571,
10:34:38.208,1,-3.160833,1.479318,-1.927847,
10:34:38.208,2,-2.098073,1.370539,-2.545111,
10:34:38.341,1,-3.149117,1.480283,-1.901389,
10:34:38.341,2,-2.098651,1.370758,-2.544121,
10:34:38.474,1,-3.144759,1.479104,-1.898449,
10:34:38.474,2,-2.099759,1.373003,-2.543114,
10:34:38.608,1,-3.1441,1.479175,-1.898821,
10:34:38.608,2,-2.099907,1.373621,-2.542898,
10:34:38.741,1,-3.144082,1.480025,-1.899102,
10:34:38.741,2,-2.101093,1.376464,-2.54218,
10:34:38.874,1,-3.144457,1.480041,-1.898582,
10:34:38.875,2,-2.10133,1.377557,-2.542005,
10:34:38.959,1,-3.144713,1.480436,-1.898159,
10:34:38.959,2,-2.10212,1.384489,-2.542103,
10:34:39.041,1,-3.144468,1.478424,-1.897897,
10:34:39.041,2,-2.10233,1.376052,-2.542245,
10:34:39.174,1,-3.146018,1.478213,-1.901803,
10:34:39.175,2,-2.103893,1.395026,-2.541743,
10:34:39.259,1,-3.145974,1.477457,-1.900727,
10:34:39.259,2,-2.105162,1.390802,-2.54121,
10:34:39.341,1,-3.145402,1.475855,-1.900301,
10:34:39.341,2,-2.106415,1.391693,-2.540506,
10:34:39.474,1,-3.145465,1.475964,-1.899576,
10:34:39.475,2,-2.109422,1.38992,-2.540136,
10:34:39.559,1,-3.146114,1.475126,-1.897786,
10:34:39.559,2,-2.111974,1.390835,-2.538721,
10:34:39.641,1,-3.146362,1.474547,-1.8978,
10:34:39.641,2,-2.113326,1.390365,-2.538407,
10:34:39.774,1,-3.148635,1.474263,-1.897486,
10:34:39.775,2,-2.114671,1.391029,-2.53754,
10:34:39.859,1,-3.150392,1.474684,-1.897791,
10:34:39.859,2,-2.116101,1.392835,-2.537551,
10:34:39.941,1,-3.150434,1.477767,-1.897719,
10:34:39.941,2,-2.116319,1.399365,-2.537571,
10:34:40.074,1,-3.151171,1.479302,-1.898285,
10:34:40.075,2,-2.116691,1.402109,-2.537597,
10:34:40.208,1,-3.152504,1.480442,-1.897643,
10:34:40.208,2,-2.117163,1.401125,-2.538541,
10:34:40.292,1,-3.152257,1.480647,-1.896831,
10:34:40.292,2,-2.117555,1.400159,-2.53895,
10:34:40.374,1,-3.153004,1.475829,-1.895,
10:34:40.375,2,-2.117955,1.401006,-2.5393,
10:34:40.508,1,-3.153825,1.475608,-1.892574,
10:34:40.508,2,-2.118419,1.403505,-2.539719,
10:34:40.592,1,-3.163102,1.475293,-1.912292,
10:34:40.593,2,-2.117994,1.400693,-2.539836,
10:34:40.674,1,-3.163766,1.476444,-1.894845,
10:34:40.675,2,-2.117815,1.399228,-2.540592,
10:34:40.808,1,-3.158108,1.478305,-1.894617,
10:34:40.808,2,-2.113007,1.400642,-2.541694,
10:34:40.891,1,-3.154141,1.476753,-1.89218,
10:34:40.891,2,-2.110132,1.401288,-2.542226,
10:34:40.974,1,-3.152495,1.477681,-1.888994,
10:34:40.975,2,-2.108488,1.400951,-2.542872,
10:34:41.058,1,-3.151575,1.477402,-1.888311,
10:34:41.058,2,-2.105261,1.401779,-2.544801,
10:34:41.141,1,-3.150993,1.476615,-1.886776,
10:34:41.141,2,-2.102601,1.403559,-2.545813,
10:34:41.274,1,-3.18541,1.477262,-1.896482,
10:34:41.275,2,-2.098681,1.405911,-2.546269,
10:34:41.408,1,-3.160353,1.478192,-1.886932,
10:34:41.408,2,-2.097895,1.406333,-2.549091,
10:34:41.492,1,-3.163194,1.479225,-1.894522,
10:34:41.492,2,-2.097087,1.40477,-2.549181,
10:34:41.574,1,-3.159509,1.47727,-1.884064,
10:34:41.575,2,-2.097074,1.407037,-2.551052,
10:34:41.708,1,-3.157591,1.47719,-1.874604,
10:34:41.708,2,-2.097873,1.411312,-2.551986,
10:34:41.841,1,-3.157166,1.481215,-1.87147,
10:34:41.841,2,-2.097415,1.417303,-2.551502,
10:34:41.974,1,-3.1573,1.482062,-1.869691,
10:34:41.975,2,-2.097705,1.414894,-2.549448,
10:34:42.108,1,-3.159681,1.480207,-1.872618,
10:34:42.108,2,-2.098033,1.413107,-2.547596,
10:34:42.241,1,-3.159026,1.477796,-1.870999,
10:34:42.241,2,-2.099095,1.4019,-2.545346,
10:34:42.374,1,-3.158959,1.478222,-1.870298,
10:34:42.375,2,-2.099134,1.401479,-2.544418,
10:34:42.508,1,-3.15914,1.48157,-1.87011,
10:34:42.508,2,-2.09883,1.399666,-2.543647,
10:34:42.641,1,-3.158507,1.482402,-1.866641,
10:34:42.642,2,-2.099916,1.409394,-2.542816,
10:34:42.774,1,-3.169659,1.476328,-1.898443,
10:34:42.775,2,-2.101236,1.420483,-2.541372,
10:34:42.908,1,-3.170406,1.47599,-1.872711,
10:34:42.908,2,-2.102263,1.4198,-2.540948,
10:34:42.991,1,-3.168193,1.491767,-1.856025,
10:34:42.991,2,-2.103674,1.418991,-2.540135,
10:34:43.074,1,-3.168031,1.4911,-1.827187,
10:34:43.075,2,-2.105384,1.422911,-2.540189,
10:34:43.158,1,-3.173142,1.447554,-1.812485,
10:34:43.158,2,-2.107369,1.425986,-2.540602,
10:34:43.241,1,-3.18143,1.460419,-1.7616,
10:34:43.241,2,-2.109851,1.429918,-2.540038,
10:34:43.324,1,-3.186999,1.460441,-1.73734,
10:34:43.325,2,-2.111228,1.43089,-2.540016,
10:34:43.408,1,-3.190337,1.458757,-1.694837,
10:34:43.408,2,-2.11345,1.432078,-2.539783,
10:34:43.541,1,-3.187741,1.474505,-1.660203,
10:34:43.541,2,-2.114428,1.428328,-2.53978,
10:34:43.674,1,-3.186301,1.460535,-1.634028,
10:34:43.675,2,-2.115893,1.425522,-2.54025,
10:34:43.808,1,-3.181767,1.474958,-1.619058,
10:34:43.808,2,-2.117128,1.429256,-2.541522,
10:34:43.941,1,-3.167331,1.479603,-1.621162,
10:34:43.941,2,-2.117837,1.434111,-2.542167,
10:34:44.074,1,-3.113161,1.495952,-1.651555,
10:34:44.075,2,-2.118145,1.437095,-2.542334,
10:34:44.208,1,-3.061591,1.491606,-1.695326,
10:34:44.208,2,-2.117816,1.440321,-2.543299,
10:34:44.292,1,-3.042529,1.498838,-1.71697,
10:34:44.293,2,-2.117413,1.440667,-2.543106,
10:34:44.374,1,-2.992521,1.495015,-1.78493,
10:34:44.375,2,-2.116513,1.44094,-2.543529,
10:34:44.508,1,-2.94906,1.493355,-1.829039,
10:34:44.508,2,-2.115196,1.440706,-2.544495,
10:34:44.641,1,-2.919529,1.489284,-1.866859,
10:34:44.641,2,-2.113804,1.435517,-2.545131,
10:34:44.792,1,-2.905962,1.48857,-1.885756,
10:34:44.793,2,-2.112855,1.434221,-2.545595,
10:34:44.874,1,-2.895626,1.498934,-1.910516,
10:34:44.875,2,-2.111887,1.432334,-2.546354,
10:34:45.008,1,-2.898633,1.494173,-1.929001,
10:34:45.008,2,-2.111448,1.431805,-2.547186,
10:34:45.141,1,-2.915583,1.493959,-1.948023,
10:34:45.141,2,-2.111419,1.431294,-2.547673,
10:34:45.274,1,-2.950644,1.496353,-1.968407,
10:34:45.275,2,-2.112694,1.43131,-2.548321,
10:34:45.425,1,-2.997445,1.498847,-1.987423,
10:34:45.425,2,-2.113429,1.431355,-2.549934,
10:34:45.508,1,-3.036962,1.503824,-2.005153,
10:34:45.508,2,-2.11405,1.432149,-2.550629,
10:34:45.641,1,-3.094297,1.506851,-2.029263,
10:34:45.641,2,-2.115699,1.433276,-2.551423,
10:34:45.725,1,-3.112113,1.517818,-2.036849,
10:34:45.725,2,-2.116611,1.433335,-2.551493,
10:34:45.808,1,-3.144086,1.529774,-2.054985,
10:34:45.808,2,-2.117737,1.432659,-2.551533,
10:34:45.941,1,-3.163341,1.526173,-2.072728,
10:34:45.941,2,-2.119231,1.431673,-2.551199,
10:34:46.075,1,-3.171967,1.518371,-2.091327,
10:34:46.075,2,-2.119618,1.431149,-2.550604,
10:34:46.208,1,-3.168531,1.506348,-2.117824,
10:34:46.208,2,-2.121497,1.430666,-2.549492,
10:34:46.292,1,-3.165766,1.504626,-2.123565,
10:34:46.293,2,-2.122199,1.430198,-2.548219,
10:34:46.375,1,-3.147961,1.503247,-2.144219,
10:34:46.375,2,-2.123514,1.430453,-2.546037,
10:34:46.459,1,-3.127678,1.502189,-2.162806,
10:34:46.459,2,-2.123609,1.430436,-2.545384,
10:34:46.541,1,-3.107793,1.509392,-2.18002,
10:34:46.541,2,-2.124343,1.429775,-2.54233,
10:34:46.675,1,-3.082957,1.516116,-2.200753,
10:34:46.675,2,-2.124053,1.429098,-2.541832,
10:34:46.758,1,-3.073868,1.510445,-2.210436,
10:34:46.758,2,-2.124306,1.428188,-2.541039,
10:34:46.841,1,-3.065083,1.507192,-2.2186,
10:34:46.841,2,-2.124317,1.425803,-2.540587,
10:34:46.975,1,-3.051001,1.508009,-2.23312,
10:34:46.975,2,-2.12393,1.421276,-2.541065,
10:34:47.059,1,-3.047011,1.512202,-2.237926,
10:34:47.059,2,-2.124125,1.419829,-2.540801,
10:34:47.141,1,-3.044116,1.509949,-2.243081,
10:34:47.141,2,-2.124242,1.41547,-2.541368,
10:34:47.275,1,-3.041734,1.510543,-2.24728,
10:34:47.275,2,-2.124506,1.422488,-2.542181,
10:34:47.358,1,-3.041679,1.510999,-2.247926,
10:34:47.358,2,-2.124742,1.426548,-2.542248,
10:34:47.441,1,-3.041703,1.509347,-2.249907,
10:34:47.441,2,-2.124827,1.430805,-2.542414,
10:34:47.525,1,-3.042009,1.510726,-2.250682,
10:34:47.525,2,-2.124894,1.431372,-2.542193,
10:34:47.608,1,-3.043333,1.511218,-2.251553,
10:34:47.608,2,-2.12509,1.432372,-2.542579,
10:34:47.741,1,-3.045793,1.511384,-2.252189,
10:34:47.741,2,-2.125787,1.433275,-2.542451,
10:34:47.825,1,-3.047751,1.512091,-2.253214,
10:34:47.826,2,-2.125619,1.43335,-2.542782,
10:34:47.908,1,-3.050478,1.512846,-2.253427,
10:34:47.908,2,-2.125302,1.434111,-2.543039,
10:34:47.991,1,-3.05158,1.513006,-2.25356,
10:34:47.991,2,-2.124943,1.43327,-2.543033,
10:34:48.125,1,-3.056196,1.508726,-2.255761,
10:34:48.125,2,-2.124711,1.433464,-2.543272,
10:34:48.208,1,-3.057207,1.5085,-2.256318,
10:34:48.208,2,-2.124535,1.433614,-2.543517,
10:34:48.292,1,-3.059654,1.50675,-2.256956,
10:34:48.292,2,-2.124012,1.433986,-2.544134,
10:34:48.375,1,-3.062383,1.513642,-2.257808,
10:34:48.375,2,-2.123656,1.433526,-2.54434,
10:34:48.508,1,-3.064235,1.513607,-2.25848,
10:34:48.508,2,-2.123585,1.433699,-2.54406,
10:34:48.641,1,-3.066278,1.519654,-2.260633,
10:34:48.641,2,-2.123391,1.433862,-2.544009,
10:34:48.726,1,-3.066651,1.520614,-2.2617,
10:34:48.726,2,-2.12322,1.434729,-2.543973,
10:34:48.808,1,-3.067053,1.521125,-2.263758,
10:34:48.808,2,-2.122964,1.434762,-2.544017,
10:34:48.941,1,-3.06681,1.52157,-2.265097,
10:34:48.941,2,-2.121253,1.43406,-2.543528,
10:34:49.025,1,-3.066376,1.52294,-2.266046,
10:34:49.025,2,-2.121297,1.433977,-2.543592,
10:34:49.108,1,-3.062485,1.520967,-2.266832,
10:34:49.108,2,-2.121692,1.433522,-2.543871,
10:34:49.241,1,-3.058807,1.520218,-2.265629,
10:34:49.241,2,-2.122379,1.433118,-2.54423,
10:34:49.375,1,-3.056146,1.516211,-2.265953,
10:34:49.375,2,-2.123428,1.432927,-2.544288,
10:34:49.508,1,-3.055023,1.516181,-2.265705,
10:34:49.508,2,-2.124553,1.432987,-2.544716,
10:34:49.591,1,-3.054229,1.517454,-2.265223,
10:34:49.591,2,-2.124819,1.432806,-2.544741,
10:34:49.675,1,-3.053157,1.516263,-2.265463,
10:34:49.675,2,-2.125531,1.432424,-2.545242,
10:34:49.758,1,-3.05259,1.515179,-2.264957,
10:34:49.758,2,-2.125661,1.431811,-2.545393,
10:34:49.841,1,-3.051659,1.514144,-2.264412,
10:34:49.841,2,-2.126513,1.43119,-2.54596,
10:34:49.925,1,-3.051346,1.515939,-2.264114,
10:34:49.925,2,-2.12692,1.430127,-2.546047,
10:34:50.008,1,-3.05102,1.512747,-2.26385,
10:34:50.008,2,-2.127668,1.428972,-2.546304,
10:34:50.091,1,-3.051093,1.511078,-2.26356,
10:34:50.091,2,-2.128022,1.428014,-2.546927,
10:34:50.225,1,-3.051569,1.510065,-2.263822,
10:34:50.225,2,-2.129069,1.427049,-2.547612,
10:34:50.358,1,-3.051169,1.509973,-2.262865,
10:34:50.358,2,-2.130483,1.426806,-2.547366,
10:34:50.491,1,-3.05203,1.50691,-2.263445,
10:34:50.491,2,-2.131003,1.427144,-2.548241,
10:34:50.575,1,-3.052658,1.505048,-2.263713,
10:34:50.575,2,-2.131863,1.426593,-2.548271,
10:34:50.658,1,-3.053218,1.500456,-2.263527,
10:34:50.658,2,-2.132905,1.426835,-2.548293,
10:34:50.741,1,-3.052797,1.498499,-2.263489,
10:34:50.741,2,-2.133095,1.424374,-2.548569,
10:34:50.825,1,-3.053737,1.498395,-2.265127,
10:34:50.825,2,-2.133211,1.420264,-2.548665,
10:34:50.958,1,-3.054734,1.49296,-2.266114,
10:34:50.958,2,-2.133551,1.420592,-2.549373,
10:34:51.091,1,-3.054999,1.487888,-2.266362,
10:34:51.091,2,-2.13348,1.420554,-2.550343,
10:34:51.175,1,-3.055188,1.485673,-2.266289,
10:34:51.175,2,-2.133511,1.420722,-2.550453,
10:34:51.258,1,-3.05596,1.4842,-2.267674,
10:34:51.258,2,-2.133614,1.420708,-2.550473,
10:34:51.342,1,-3.05701,1.486929,-2.268229,
10:34:51.343,2,-2.133458,1.420749,-2.550889,
10:34:51.425,1,-3.0566,1.478569,-2.267671,
10:34:51.425,2,-2.132897,1.421205,-2.550943,
10:34:51.508,1,-3.056228,1.466085,-2.26738,
10:34:51.508,2,-2.132737,1.421551,-2.551234,
10:34:51.641,1,-3.057535,1.456539,-2.268536,
10:34:51.641,2,-2.132389,1.422433,-2.551064,
10:34:51.775,1,-3.058397,1.452475,-2.270258,
10:34:51.775,2,-2.132238,1.422636,-2.55078,
10:34:51.858,1,-3.058773,1.45438,-2.272473,
10:34:51.858,2,-2.131932,1.422691,-2.551086,
10:34:51.941,1,-3.058146,1.490845,-2.275355,
10:34:51.941,2,-2.13183,1.438518,-2.551123,
10:34:52.075,1,-3.054936,1.495884,-2.279463,
10:34:52.075,2,-2.13138,1.435774,-2.551008,
10:34:52.208,1,-3.04772,1.496949,-2.285379,
10:34:52.208,2,-2.131121,1.439925,-2.550503,
10:34:52.292,1,-3.043736,1.499026,-2.288116,
10:34:52.292,2,-2.130982,1.443317,-2.550368,
10:34:52.375,1,-3.033919,1.498428,-2.293739,
10:34:52.375,2,-2.130721,1.441592,-2.549324,
10:34:52.508,1,-3.016418,1.496621,-2.298866,
10:34:52.508,2,-2.130242,1.441028,-2.548549,
10:34:52.641,1,-2.988682,1.496847,-2.306401,
10:34:52.641,2,-2.130006,1.43875,-2.548569,
10:34:52.775,1,-2.963219,1.493423,-2.305169,
10:34:52.775,2,-2.129932,1.439205,-2.548185,
10:34:52.859,1,-2.953956,1.493506,-2.302424,
10:34:52.859,2,-2.129799,1.442425,-2.548031,
10:34:52.941,1,-2.939327,1.494242,-2.294364,
10:34:52.942,2,-2.129782,1.441732,-2.547769,
10:34:53.025,1,-2.928881,1.489409,-2.287904,
10:34:53.025,2,-2.129769,1.440089,-2.54778,
10:34:53.108,1,-2.905065,1.493094,-2.258498,
10:34:53.108,2,-2.129855,1.444364,-2.547949,
10:34:53.191,1,-2.895511,1.492515,-2.246363,
10:34:53.191,2,-2.129909,1.442738,-2.54797,
10:34:53.275,1,-2.874422,1.491117,-2.2141,
10:34:53.275,2,-2.130149,1.443172,-2.548376,
10:34:53.359,1,-2.85907,1.490606,-2.184566,
10:34:53.359,2,-2.130095,1.44333,-2.548554,
10:34:53.445,1,-2.831724,1.49107,-2.134955,
10:34:53.446,2,-2.130418,1.442637,-2.548418,
10:34:53.575,1,-2.798489,1.491261,-2.069217,
10:34:53.575,2,-2.13047,1.438947,-2.548852,
10:34:53.708,1,-2.76462,1.490535,-2.014601,
10:34:53.708,2,-2.130424,1.437974,-2.549162,
10:34:53.792,1,-2.74377,1.491721,-1.990158,
10:34:53.793,2,-2.130554,1.435635,-2.549276,
10:34:53.875,1,-2.698015,1.491932,-1.952858,
10:34:53.875,2,-2.130493,1.434312,-2.549374,
10:34:53.958,1,-2.668155,1.491004,-1.932149,
10:34:53.959,2,-2.130501,1.433895,-2.549286,
10:34:54.041,1,-2.616236,1.490327,-1.911491,
10:34:54.042,2,-2.130431,1.433224,-2.549143,
10:34:54.126,1,-2.563891,1.491882,-1.887981,
10:34:54.126,2,-2.130423,1.432653,-2.548983,
10:34:54.208,1,-2.499351,1.492022,-1.867394,
10:34:54.209,2,-2.129886,1.432648,-2.549328,
10:34:54.292,1,-2.474244,1.492657,-1.845804,
10:34:54.293,2,-2.129801,1.432616,-2.549703,
10:34:54.375,1,-2.394534,1.492862,-1.816779,
10:34:54.376,2,-2.128846,1.432989,-2.549855,
10:34:54.459,1,-2.323791,1.491054,-1.803644,
10:34:54.459,2,-2.12834,1.433052,-2.549595,
10:34:54.542,1,-2.336897,1.488906,-2.04723,
10:34:54.542,2,-2.127853,1.433756,-2.549325,
10:34:54.626,2,-2.12773,1.487762,-2.548904,
10:34:54.709,2,-2.127698,1.433715,-2.548613,
10:34:54.793,2,-2.127964,1.488162,-2.548598,
10:34:54.876,2,-2.127597,1.43276,-2.548546,
10:34:54.959,2,-2.12651,1.49128,-2.54869,
10:34:55.042,2,-2.125116,1.432211,-2.549882,
10:34:55.126,2,-2.125018,1.490039,-2.55002,
10:34:55.209,2,-2.124986,1.431254,-2.54962,
10:34:55.292,2,-2.125065,1.492605,-2.549376,
10:34:55.376,2,-2.125254,1.429859,-2.549177,
10:34:55.459,2,-2.124958,1.491937,-2.549207,
10:34:55.542,2,-2.124657,1.429231,-2.5493,
10:34:55.625,1,-1.211003,1.491901,-1.319176,
10:34:55.625,2,-2.124438,1.428184,-2.549276,
10:34:55.709,1,-1.109106,1.491793,-1.299211,
10:34:55.709,2,-2.124367,1.426692,-2.549318,
10:34:55.792,1,-1.023495,1.491187,-1.291389,
10:34:55.793,2,-2.124342,1.426163,-2.549358,
10:34:55.875,1,-0.913311,1.489021,-1.261679,
10:34:55.875,2,-2.124769,1.425834,-2.549326,
10:34:55.959,1,-0.867442,1.492461,-1.248997,
10:34:55.960,2,-2.124855,1.425456,-2.549302,
10:34:56.059,1,-0.777358,1.491319,-1.225309,
10:34:56.059,2,-2.125011,1.42492,-2.5494,
10:34:56.142,1,-0.736716,1.489782,-1.190441,
10:34:56.142,2,-2.125101,1.424914,-2.549262,
10:34:56.275,1,-0.602989,1.488362,-1.158972,
10:34:56.275,2,-2.125202,1.424371,-2.548743,
10:34:56.393,1,-0.568296,1.488409,-1.124506,
10:34:56.393,2,-2.125364,1.424128,-2.548808,
10:34:56.475,1,-0.507803,1.48757,-1.061685,
10:34:56.475,2,-2.126152,1.424072,-2.548799,
10:34:56.608,1,-0.406126,1.487395,-1.010237,
10:34:56.609,2,-2.127343,1.424147,-2.548042,
10:34:56.693,1,-0.395793,1.489841,-0.946654,
10:34:56.693,2,-2.128216,1.424231,-2.548836,
10:34:56.776,1,-0.335534,1.489881,-0.851503,
10:34:56.776,2,-2.129096,1.424275,-2.548732,
10:34:56.859,1,-0.344458,1.489541,-0.706955,
10:34:56.859,2,-2.129567,1.424585,-2.548436,
10:34:56.942,1,-0.296147,1.489348,-0.718529,
10:34:56.943,2,-2.130077,1.425002,-2.548823,
10:34:57.026,1,-0.207053,1.487959,-0.511719,
10:34:57.026,2,-2.130595,1.425558,-2.548124,
10:34:57.109,1,-0.176345,1.489772,-0.501486,
10:34:57.109,2,-2.131167,1.425839,-2.54793,
10:34:57.192,1,-0.133578,1.489734,-0.501819,
10:34:57.193,2,-2.131549,1.425917,-2.548124,
10:34:57.275,1,-0.140636,1.489691,-0.521705,
10:34:57.276,2,-2.131415,1.426063,-2.54809,
10:34:57.358,1,-0.112445,1.490294,-0.513512,
10:34:57.359,2,-2.131966,1.425917,-2.547365,
10:34:57.446,1,-0.087105,1.490521,-0.570564,
10:34:57.446,2,-2.131126,1.426324,-2.547871,
10:34:57.525,1,-0.108873,1.492518,-0.494551,
10:34:57.525,2,-2.131046,1.42655,-2.54787,
10:34:57.608,1,-0.068767,1.491722,-0.451136,
10:34:57.608,2,-2.13098,1.425984,-2.547421,
10:34:57.759,1,-0.124287,1.490164,-0.536787,
10:34:57.759,2,-2.130614,1.426234,-2.547576,
10:34:57.842,1,-0.11364,1.48916,-0.478402,
10:34:57.842,2,-2.130414,1.426118,-2.547133,
10:34:57.975,1,0.00564,1.491111,-0.826269,
10:34:57.975,2,-2.130087,1.426571,-2.546829,
10:34:58.059,1,-0.097748,1.491752,-0.530662,
10:34:58.059,2,-2.130094,1.426839,-2.546236,
10:34:58.142,1,-0.060642,1.492794,-0.487031,
10:34:58.142,2,-2.129864,1.426719,-2.545391,
10:34:58.226,1,-0.2478,1.491952,-0.89497,
10:34:58.226,2,-2.129442,1.426901,-2.544979,
10:34:58.309,2,-2.129137,1.491559,-2.544774,
10:34:58.392,2,-2.129078,1.426969,-2.544677,
10:34:58.475,1,-0.458586,1.492644,-1.336508,
10:34:58.475,2,-2.129026,1.427177,-2.544596,
10:34:58.608,1,-0.272367,1.491987,-0.809979,
10:34:58.609,2,-2.12874,1.427167,-2.543061,
10:34:58.692,1,-0.327798,1.49026,-0.906635,
10:34:58.693,2,-2.128731,1.427123,-2.542973,
10:34:58.775,1,-0.310481,1.49209,-1.040025,
10:34:58.775,2,-2.128322,1.426923,-2.542389,
10:34:58.858,1,-0.308596,1.491676,-1.09628,
10:34:58.858,2,-2.128073,1.426961,-2.541759,
10:34:58.941,1,-0.340707,1.492069,-1.196396,
10:34:58.942,2,-2.127507,1.426491,-2.541815,
10:34:59.075,1,-0.334438,1.49219,-1.196972,
10:34:59.075,2,-2.125813,1.426533,-2.542034,
10:34:59.159,1,-0.358841,1.493463,-1.18045,
10:34:59.159,2,-2.125281,1.42682,-2.541945,
10:34:59.242,1,-0.388579,1.494335,-1.186104,
10:34:59.242,2,-2.124589,1.426656,-2.542022,
10:34:59.325,1,-0.392615,1.494604,-1.263802,
10:34:59.326,2,-2.124662,1.426739,-2.542422,
10:34:59.408,1,-0.403113,1.493255,-1.192597,
10:34:59.409,2,-2.124606,1.427591,-2.542355,
10:34:59.492,1,-0.482329,1.49282,-1.242362,
10:34:59.492,2,-2.124483,1.427337,-2.542544,
10:34:59.576,1,-0.536012,1.49435,-1.264474,
10:34:59.576,2,-2.124247,1.42671,-2.542627,
10:34:59.659,1,-0.583948,1.491584,-1.272318,
10:34:59.659,2,-2.12417,1.426928,-2.542516,
10:34:59.742,1,-0.658412,1.494593,-1.287057,
10:34:59.742,2,-2.123442,1.428719,-2.542529,
10:34:59.825,1,-0.688446,1.495612,-1.29635,
10:34:59.826,2,-2.123257,1.429045,-2.542516,
10:34:59.909,1,-0.744098,1.494729,-1.312425,
10:34:59.909,2,-2.12311,1.429737,-2.542176,
10:34:59.992,1,-0.777013,1.496453,-1.331808,
10:34:59.992,2,-2.122766,1.430519,-2.541952,
10:35:00.076,1,-0.823234,1.495474,-1.349291,
10:35:00.076,2,-2.122139,1.430812,-2.541163,
10:35:00.159,1,-0.851797,1.494329,-1.377246,
10:35:00.159,2,-2.122357,1.430389,-2.540838,
10:35:00.242,1,-0.897993,1.493285,-1.417276,
10:35:00.243,2,-2.121894,1.431627,-2.540578,
10:35:00.326,1,-0.928979,1.495065,-1.450987,
10:35:00.326,2,-2.121828,1.431632,-2.540434,
10:35:00.409,1,-0.983164,1.494872,-1.516045,
10:35:00.409,2,-2.121195,1.431742,-2.540001,
10:35:00.492,1,-1.019595,1.495685,-1.574166,
10:35:00.493,2,-2.120877,1.431895,-2.540215,
10:35:00.575,1,-1.07622,1.49655,-1.669499,
10:35:00.576,2,-2.120678,1.431419,-2.539985,
10:35:00.658,1,-1.112765,1.491615,-1.740736,
10:35:00.659,2,-2.122012,1.430399,-2.540148,
10:35:00.742,1,-1.141736,1.496411,-1.787426,
10:35:00.742,2,-2.121388,1.43008,-2.540126,
10:35:00.825,1,-1.163338,1.494961,-1.821962,
10:35:00.825,2,-2.121246,1.428748,-2.540532,
10:35:00.908,1,-1.178266,1.489909,-1.847551,
10:35:00.909,2,-2.122378,1.426956,-2.540234,
10:35:00.992,1,-1.185835,1.492878,-1.863599,
10:35:00.992,2,-2.123964,1.424036,-2.539214,
10:35:01.075,1,-1.191229,1.494245,-1.885592,
10:35:01.076,2,-2.130286,1.422885,-2.536024,
10:35:01.158,1,-1.189195,1.491394,-1.895606,
10:35:01.159,2,-2.136227,1.422314,-2.533128,
10:35:01.242,1,-1.183775,1.49163,-1.914676,
10:35:01.242,2,-2.1453,1.421352,-2.522095,
10:35:01.325,1,-1.17622,1.49427,-1.927262,
10:35:01.326,2,-2.15307,1.420875,-2.515356,
10:35:01.409,1,-1.161372,1.495525,-1.950998,
10:35:01.409,2,-2.175725,1.420705,-2.506977,
10:35:01.492,1,-1.155065,1.494022,-1.958024,
10:35:01.492,2,-2.193597,1.420215,-2.502894,
10:35:01.576,1,-1.146122,1.498938,-1.970035,
10:35:01.576,2,-2.228899,1.418747,-2.492215,
10:35:01.659,1,-1.142302,1.498833,-1.976292,
10:35:01.659,2,-2.248484,1.417476,-2.48316,
10:35:01.742,1,-1.137304,1.496588,-1.994658,
10:35:01.742,2,-2.276028,1.416509,-2.472935,
10:35:01.826,1,-1.137689,1.495771,-2.004019,
10:35:01.826,2,-2.301959,1.415676,-2.462845,
10:35:01.908,1,-1.146359,1.495473,-2.032944,
10:35:01.908,2,-2.327254,1.414924,-2.455692,
10:35:01.992,1,-1.155163,1.495551,-2.049577,
10:35:01.993,2,-2.348471,1.413616,-2.450431,
10:35:02.075,1,-1.176149,1.49485,-2.074758,
10:35:02.076,2,-2.375881,1.413653,-2.439924,
10:35:02.158,1,-1.193324,1.49404,-2.090504,
10:35:02.158,2,-2.387782,1.413534,-2.437529,
10:35:02.242,1,-1.222623,1.495793,-2.167614,
10:35:02.242,2,-2.409039,1.414612,-2.430933,
10:35:02.325,1,-1.232361,1.498305,-2.187265,
10:35:02.325,2,-2.425921,1.415329,-2.427572,
10:35:02.408,1,-1.245752,1.496837,-2.21925,
10:35:02.409,2,-2.444526,1.416849,-2.423568,
10:35:02.492,1,-1.253922,1.49734,-2.239471,
10:35:02.492,2,-2.454568,1.417055,-2.420936,
10:35:02.575,1,-1.26387,1.498371,-2.263097,
10:35:02.575,2,-2.469636,1.416967,-2.414755,
10:35:02.659,1,-1.264757,1.498988,-2.272494,
10:35:02.659,2,-2.472887,1.416115,-2.412075,
10:35:02.742,1,-1.268163,1.499348,-2.285976,
10:35:02.742,2,-2.478853,1.415189,-2.407809,
10:35:02.825,1,-1.270766,1.498169,-2.294849,
10:35:02.825,2,-2.482324,1.413318,-2.404944,
10:35:02.910,1,-1.273593,1.497989,-2.307721,
10:35:02.910,2,-2.48698,1.412797,-2.400221,
10:35:02.992,1,-1.276014,1.49802,-2.310904,
10:35:02.993,2,-2.488046,1.412459,-2.397665,
10:35:03.075,1,-1.280375,1.497543,-2.320558,
10:35:03.076,2,-2.488906,1.411614,-2.395027,
10:35:03.159,1,-1.284296,1.497596,-2.324493,
10:35:03.159,2,-2.488883,1.409027,-2.394531,
10:35:03.242,1,-1.287761,1.497861,-2.328144,
10:35:03.242,2,-2.489797,1.404393,-2.393232,
10:35:03.326,1,-1.291262,1.49763,-2.331987,
10:35:03.326,2,-2.490452,1.403735,-2.3935,
10:35:03.408,1,-1.293385,1.496446,-2.33581,
10:35:03.409,2,-2.490778,1.402506,-2.39363,
10:35:03.492,1,-1.294809,1.489061,-2.336754,
10:35:03.493,2,-2.491379,1.400993,-2.394231,
10:35:03.575,1,-1.295788,1.476538,-2.339288,
10:35:03.576,2,-2.491881,1.408808,-2.395689,
10:35:03.658,1,-1.29621,1.473325,-2.340576,
10:35:03.659,2,-2.491956,1.411175,-2.397032,
10:35:03.742,1,-1.296087,1.482924,-2.343924,
10:35:03.742,2,-2.492521,1.412141,-2.397534,
10:35:03.825,1,-1.295364,1.487857,-2.345727,
10:35:03.825,2,-2.49268,1.412612,-2.398803,
10:35:03.908,1,-1.29497,1.489897,-2.346559,
10:35:03.909,2,-2.492886,1.412833,-2.399473,
10:35:03.992,1,-1.29436,1.49148,-2.347103,
10:35:03.992,2,-2.492857,1.412997,-2.39995,
10:35:04.075,1,-1.29373,1.491754,-2.346825,
10:35:04.075,2,-2.493098,1.412949,-2.400088,
10:35:04.159,1,-1.292792,1.49181,-2.346101,
10:35:04.159,2,-2.492961,1.412837,-2.400099,
10:35:04.242,1,-1.29065,1.492073,-2.344951,
10:35:04.242,2,-2.493639,1.412972,-2.399237,
10:35:04.326,1,-1.289221,1.492514,-2.34416,
10:35:04.326,2,-2.493748,1.412936,-2.399313,
10:35:04.409,1,-1.286325,1.492702,-2.341734,
10:35:04.409,2,-2.493956,1.413082,-2.398647,
10:35:04.492,1,-1.284742,1.493264,-2.34016,
10:35:04.493,2,-2.494012,1.413305,-2.398811,
10:35:04.575,1,-1.280746,1.49346,-2.33671,
10:35:04.576,2,-2.494154,1.413433,-2.398489,
10:35:04.659,1,-1.279832,1.487523,-2.333681,
10:35:04.659,2,-2.494053,1.413731,-2.398324,
10:35:04.742,1,-1.278751,1.487705,-2.330187,
10:35:04.743,2,-2.494678,1.414165,-2.395801,
10:35:04.825,1,-1.277653,1.467827,-2.328506,
10:35:04.826,2,-2.495373,1.414663,-2.393445,
10:35:04.909,1,-1.282411,1.46727,-2.323924,
10:35:04.909,2,-2.495166,1.415006,-2.39251,
10:35:04.992,1,-1.28638,1.47468,-2.323311,
10:35:04.993,2,-2.495148,1.415269,-2.392488,
10:35:05.075,1,-1.290136,1.482901,-2.313805,
10:35:05.076,2,-2.495777,1.415137,-2.389355,
10:35:05.159,1,-1.290105,1.488368,-2.310308,
10:35:05.159,2,-2.495511,1.415067,-2.387543,
10:35:05.242,1,-1.286148,1.494024,-2.30765,
10:35:05.242,2,-2.495208,1.41506,-2.386246,
10:35:05.325,1,-1.285723,1.495152,-2.308043,
10:35:05.326,2,-2.494988,1.415073,-2.386771,
10:35:05.408,1,-1.286668,1.494822,-2.308361,
10:35:05.409,2,-2.494609,1.415203,-2.386661,
10:35:05.492,1,-1.288447,1.494634,-2.31013,
10:35:05.492,2,-2.49223,1.415571,-2.388736,
10:35:05.575,1,-1.287002,1.495004,-2.310608,
10:35:05.575,2,-2.490742,1.415755,-2.391057,
10:35:05.659,1,-1.287269,1.495391,-2.305883,
10:35:05.659,2,-2.489215,1.416075,-2.392037,
10:35:05.742,1,-1.28805,1.495183,-2.305466,
10:35:05.742,2,-2.485512,1.416406,-2.391641,
10:35:05.826,1,-1.287358,1.49459,-2.298622,
10:35:05.826,2,-2.482588,1.417282,-2.390511,
10:35:05.909,1,-1.282753,1.494861,-2.290053,
10:35:05.909,2,-2.473871,1.418213,-2.3891,
10:35:05.992,1,-1.282877,1.494973,-2.28891,
10:35:05.992,2,-2.465884,1.419517,-2.386828,
10:35:06.075,1,-1.280423,1.495675,-2.284358,
10:35:06.076,2,-2.447818,1.420959,-2.383454,
10:35:06.159,1,-1.280184,1.495331,-2.281868,
10:35:06.159,2,-2.42961,1.423233,-2.381084,
10:35:06.242,1,-1.27862,1.49626,-2.27829,
10:35:06.242,2,-2.407754,1.423548,-2.377279,
10:35:06.325,1,-1.275764,1.49813,-2.271429,
10:35:06.325,2,-2.371937,1.424507,-2.373205,
10:35:06.409,1,-1.27038,1.499606,-2.260997,
10:35:06.409,2,-2.323835,1.424402,-2.366951,
10:35:06.492,1,-1.26753,1.499167,-2.251369,
10:35:06.492,2,-2.300481,1.424575,-2.366021,
10:35:06.642,1,-1.259725,1.4993,-2.225078,
10:35:06.643,2,-2.220939,1.424538,-2.366378,
10:35:06.725,1,-1.255614,1.498792,-2.214836,
10:35:06.725,2,-2.193336,1.424446,-2.364186,
10:35:06.809,1,-1.252488,1.498361,-2.203242,
10:35:06.809,2,-2.15132,1.424442,-2.36539,
10:35:06.892,1,-1.25036,1.498968,-2.19457,
10:35:06.893,2,-2.129756,1.424296,-2.365458,
10:35:06.975,1,-1.246659,1.500019,-2.182834,
10:35:06.975,2,-2.099352,1.423908,-2.364038,
10:35:07.059,1,-1.245644,1.496292,-2.178193,
10:35:07.059,2,-2.087626,1.424317,-2.363949,
10:35:07.142,1,-1.2433,1.496295,-2.170214,
10:35:07.142,2,-2.056862,1.423634,-2.362491,
10:35:07.226,1,-1.242441,1.497582,-2.169135,
10:35:07.226,2,-2.044772,1.42147,-2.362356,
10:35:07.326,1,-1.24119,1.498575,-2.166662,
10:35:07.326,2,-2.028088,1.420301,-2.360296,
10:35:07.408,1,-1.240517,1.498921,-2.164407,
10:35:07.409,2,-2.01804,1.419514,-2.354705,
10:35:07.492,1,-1.239974,1.498595,-2.162299,
10:35:07.492,2,-2.009414,1.418462,-2.345277,
10:35:07.576,1,-1.240353,1.498553,-2.156863,
10:35:07.576,2,-2.006844,1.417201,-2.331961,
10:35:07.658,1,-1.241227,1.496965,-2.155841,
10:35:07.658,2,-2.004364,1.414858,-2.319685,
10:35:07.792,1,-1.244759,1.499546,-2.153944,
10:35:07.792,2,-2.002346,1.414523,-2.288152,
10:35:07.876,1,-1.244584,1.500075,-2.153188,
10:35:07.876,2,-1.999339,1.414489,-2.273446,
10:35:07.959,1,-1.245266,1.50021,-2.152491,
10:35:07.959,2,-1.998981,1.41426,-2.250701,
10:35:08.092,1,-1.247643,1.500451,-2.150748,
10:35:08.092,2,-1.995082,1.414018,-2.220643,
10:35:08.176,1,-1.246802,1.500199,-2.150122,
10:35:08.176,2,-1.998627,1.415068,-2.201993,
10:35:08.259,1,-1.245183,1.500403,-2.150046,
10:35:08.259,2,-1.997741,1.416499,-2.191521,
10:35:08.343,1,-1.24413,1.49999,-2.150327,
10:35:08.343,2,-1.996823,1.416889,-2.173518,
10:35:08.425,1,-1.243756,1.499966,-2.150309,
10:35:08.426,2,-1.995835,1.418132,-2.161715,
10:35:08.508,1,-1.242719,1.500017,-2.150558,
10:35:08.508,2,-1.99654,1.418525,-2.144201,
10:35:08.593,1,-1.242127,1.499673,-2.150626,
10:35:08.593,2,-1.997333,1.419104,-2.134366,
10:35:08.675,1,-1.241134,1.499965,-2.151224,
10:35:08.675,2,-1.995109,1.419823,-2.121022,
10:35:08.808,1,-1.239701,1.497173,-2.151295,
10:35:08.808,2,-1.98961,1.420251,-2.107428,
10:35:08.942,1,-1.237992,1.498213,-2.150504,
10:35:08.942,2,-1.978703,1.420633,-2.0978,
10:35:09.075,1,-1.234649,1.501831,-2.149975,
10:35:09.075,2,-1.965531,1.420898,-2.087486,
10:35:09.208,1,-1.230923,1.505072,-2.149909,
10:35:09.208,2,-1.94493,1.421144,-2.071635,
10:35:09.292,1,-1.229151,1.512831,-2.149429,
10:35:09.293,2,-1.933665,1.421666,-2.06212,
10:35:09.375,1,-1.226978,1.518863,-2.149072,
10:35:09.375,2,-1.911477,1.42214,-2.042708,
10:35:09.508,1,-1.220142,1.519652,-2.14999,
10:35:09.508,2,-1.885096,1.423296,-2.023739,
10:35:09.641,1,-1.217324,1.519213,-2.151136,
10:35:09.642,2,-1.869695,1.423093,-2.00961,
10:35:09.775,1,-1.216092,1.522121,-2.1523,
10:35:09.775,2,-1.843603,1.423943,-1.993078,
10:35:09.908,1,-1.213963,1.522054,-2.155068,
10:35:09.908,2,-1.816786,1.425582,-1.979794,
10:35:09.992,1,-1.212237,1.522856,-2.157283,
10:35:09.993,2,-1.809683,1.427065,-1.974987,
10:35:10.075,1,-1.210681,1.513268,-2.160543,
10:35:10.075,2,-1.79306,1.427705,-1.964052,
10:35:10.159,1,-1.210072,1.512634,-2.161408,
10:35:10.159,2,-1.786521,1.428188,-1.960541,
10:35:10.242,1,-1.209627,1.516131,-2.163111,
10:35:10.242,2,-1.77204,1.427965,-1.954519,
10:35:10.375,1,-1.208798,1.521185,-2.16534,
10:35:10.375,2,-1.756598,1.427791,-1.948459,
10:35:10.459,1,-1.208459,1.513706,-2.165843,
10:35:10.460,2,-1.748454,1.427111,-1.945196,
10:35:10.541,1,-1.208419,1.523285,-2.166754,
10:35:10.542,2,-1.741841,1.426996,-1.9422,
10:35:10.675,1,-1.206648,1.521151,-2.168479,
10:35:10.675,2,-1.734595,1.425957,-1.938719,
10:35:10.808,1,-1.205384,1.51963,-2.168826,
10:35:10.808,2,-1.728204,1.425279,-1.934011,
10:35:10.941,1,-1.20427,1.518794,-2.168577,
10:35:10.942,2,-1.723663,1.42467,-1.929709,
10:35:11.025,1,-1.203617,1.521273,-2.168827,
10:35:11.026,2,-1.722806,1.424343,-1.928598,
10:35:11.108,1,-1.202757,1.520893,-2.169326,
10:35:11.108,2,-1.724569,1.423961,-1.929114,
10:35:11.192,1,-1.201266,1.521713,-2.169466,
10:35:11.193,2,-1.722186,1.423896,-1.927426,
10:35:11.275,1,-1.199559,1.525009,-2.170535,
10:35:11.275,2,-1.719119,1.422456,-1.926643,
10:35:11.359,1,-1.19821,1.524149,-2.170475,
10:35:11.360,2,-1.71809,1.421677,-1.925658,
10:35:11.445,1,-1.195938,1.5229,-2.170409,
10:35:11.445,2,-1.716683,1.421475,-1.9236,
10:35:11.526,1,-1.195709,1.523344,-2.170728,
10:35:11.526,2,-1.716284,1.421145,-1.924013,
10:35:11.608,1,-1.194673,1.521844,-2.170724,
10:35:11.608,2,-1.715774,1.421772,-1.923799,
10:35:11.742,1,-1.193874,1.527213,-2.170634,
10:35:11.742,2,-1.71524,1.424087,-1.922913,
10:35:11.875,1,-1.19439,1.529399,-2.170583,
10:35:11.875,2,-1.715359,1.424598,-1.921551,
10:35:12.008,1,-1.194603,1.529918,-2.170776,
10:35:12.008,2,-1.715436,1.426123,-1.920272,
10:35:12.141,1,-1.195025,1.530335,-2.171268,
10:35:12.142,2,-1.715607,1.425557,-1.919004,
10:35:12.226,1,-1.194037,1.534817,-2.171183,
10:35:12.226,2,-1.715574,1.426026,-1.918376,
10:35:12.308,1,-1.193917,1.535296,-2.171259,
10:35:12.308,2,-1.714853,1.426662,-1.916871,
10:35:12.392,1,-1.194063,1.535587,-2.171717,
10:35:12.392,2,-1.714978,1.427622,-1.91637,
10:35:12.475,1,-1.193705,1.534302,-2.171309,
10:35:12.475,2,-1.714479,1.426171,-1.915317,
10:35:12.559,1,-1.193542,1.533158,-2.171554,
10:35:12.560,2,-1.714612,1.426723,-1.913948,
10:35:12.641,1,-1.194001,1.534146,-2.171331,
10:35:12.642,2,-1.714447,1.426707,-1.912908,
10:35:12.775,1,-1.194417,1.534871,-2.17144,
10:35:12.775,2,-1.714601,1.425104,-1.911483,
10:35:12.908,1,-1.194345,1.535395,-2.171385,
10:35:12.908,2,-1.715359,1.424442,-1.911018,
10:35:13.042,1,-1.194142,1.535151,-2.170519,
10:35:13.042,2,-1.715811,1.423761,-1.910551,
10:35:13.175,1,-1.195266,1.535397,-2.169968,
10:35:13.175,2,-1.715913,1.422871,-1.908695,
10:35:13.308,1,-1.195265,1.534985,-2.169514,
10:35:13.308,2,-1.716693,1.422815,-1.908399,
10:35:13.459,1,-1.195303,1.534925,-2.169052,
10:35:13.460,2,-1.717324,1.422511,-1.907658,
10:35:13.541,1,-1.195224,1.534962,-2.168663,
10:35:13.542,2,-1.71764,1.422102,-1.90733,
10:35:13.675,1,-1.194579,1.534566,-2.167327,
10:35:13.675,2,-1.71787,1.421672,-1.906698,
10:35:13.808,1,-1.19335,1.533833,-2.166698,
10:35:13.808,2,-1.71815,1.422664,-1.907026,
10:35:13.942,1,-1.193313,1.533972,-2.166873,
10:35:13.942,2,-1.717985,1.422638,-1.906976,
10:35:14.075,1,-1.192188,1.534616,-2.166523,
10:35:14.075,2,-1.717583,1.422451,-1.906914,
10:35:14.159,1,-1.192323,1.533607,-2.16691,
10:35:14.159,2,-1.717599,1.422349,-1.906911,
10:35:14.242,1,-1.192325,1.534495,-2.16747,
10:35:14.242,2,-1.716843,1.422393,-1.906113,
10:35:14.375,1,-1.19015,1.534423,-2.167241,
10:35:14.375,2,-1.716714,1.42213,-1.906259,
10:35:14.508,1,-1.188271,1.534811,-2.165728,
10:35:14.508,2,-1.716053,1.421976,-1.906409,
10:35:14.659,1,-1.18845,1.534588,-2.166348,
10:35:14.660,2,-1.715717,1.421819,-1.906584,
10:35:14.742,1,-1.18735,1.534594,-2.166656,
10:35:14.742,2,-1.715391,1.421668,-1.906368,
10:35:14.875,1,-1.187689,1.535168,-2.167187,
10:35:14.875,2,-1.714702,1.422861,-1.907734,
10:35:15.008,1,-1.187957,1.535284,-2.166988,
10:35:15.008,2,-1.714273,1.422833,-1.90813,
10:35:15.092,1,-1.187786,1.534765,-2.167066,
10:35:15.093,2,-1.714029,1.422813,-1.90836,
10:35:15.175,1,-1.188458,1.534504,-2.167289,
10:35:15.175,2,-1.713902,1.422919,-1.908888,
10:35:15.308,1,-1.188492,1.534619,-2.167577,
10:35:15.308,2,-1.713832,1.423031,-1.909635,
10:35:15.392,1,-1.188858,1.534586,-2.168046,
10:35:15.392,2,-1.713267,1.423115,-1.909612,
10:35:15.492,1,-1.189606,1.533781,-2.169216,
10:35:15.493,2,-1.713339,1.423057,-1.910453,
10:35:15.575,1,-1.1899,1.534,-2.16938,
10:35:15.575,2,-1.713385,1.423012,-1.910735,
10:35:15.659,1,-1.190696,1.533927,-2.16975,
10:35:15.660,2,-1.713444,1.422985,-1.911021,
10:35:15.742,1,-1.191074,1.533425,-2.170545,
10:35:15.742,2,-1.713637,1.422984,-1.911249,
10:35:15.825,1,-1.191566,1.533505,-2.171051,
10:35:15.826,2,-1.713649,1.422853,-1.911256,
10:35:15.908,1,-1.191944,1.533441,-2.171174,
10:35:15.908,2,-1.713516,1.422785,-1.911121,
10:35:15.992,1,-1.192228,1.533885,-2.17143,
10:35:15.993,2,-1.713634,1.422661,-1.911261,
10:35:16.075,1,-1.19199,1.534297,-2.17117,
10:35:16.075,2,-1.713979,1.422602,-1.911136,
10:35:16.158,1,-1.191897,1.534263,-2.170896,
10:35:16.158,2,-1.714166,1.422144,-1.91112,
10:35:16.242,1,-1.191882,1.533813,-2.169895,
10:35:16.242,2,-1.714692,1.421896,-1.910719,
10:35:16.326,1,-1.191399,1.534493,-2.169127,
10:35:16.326,2,-1.714883,1.421551,-1.910715,
10:35:16.408,1,-1.191716,1.534281,-2.168025,
10:35:16.408,2,-1.715183,1.421834,-1.910419,
10:35:16.492,1,-1.191737,1.534318,-2.167701,
10:35:16.493,2,-1.715329,1.421582,-1.910362,
10:35:16.575,1,-1.192546,1.534411,-2.167452,
10:35:16.575,2,-1.71566,1.422431,-1.910534,
10:35:16.725,1,-1.193729,1.533433,-2.165078,
10:35:16.726,2,-1.715913,1.42218,-1.910598,
10:35:16.808,1,-1.194386,1.534167,-2.16458,
10:35:16.808,2,-1.716514,1.421937,-1.91086,
10:35:16.893,1,-1.194067,1.534077,-2.161302,
10:35:16.893,2,-1.716532,1.421806,-1.911026,
10:35:16.975,1,-1.195086,1.533653,-2.161466,
10:35:16.975,2,-1.716369,1.421524,-1.91067,
10:35:17.108,1,-1.196518,1.534072,-2.161195,
10:35:17.108,2,-1.716873,1.421016,-1.910482,
10:35:17.192,1,-1.196756,1.534432,-2.161236,
10:35:17.193,2,-1.716837,1.420981,-1.910414,
10:35:17.275,1,-1.197656,1.534429,-2.1613,
10:35:17.275,2,-1.716649,1.420921,-1.909689,
10:35:17.359,1,-1.198471,1.534982,-2.161117,
10:35:17.359,2,-1.716733,1.420844,-1.909072,
10:35:17.442,1,-1.198585,1.535466,-2.160295,
10:35:17.442,2,-1.71684,1.421004,-1.909027,
10:35:17.575,1,-1.199192,1.535871,-2.159824,
10:35:17.575,2,-1.716862,1.420979,-1.908399,
10:35:17.708,1,-1.200282,1.535628,-2.158849,
10:35:17.708,2,-1.71726,1.422053,-1.908555,
10:35:17.792,1,-1.200552,1.53592,-2.159372,
10:35:17.792,2,-1.71727,1.42172,-1.908693,
10:35:17.875,1,-1.201281,1.53541,-2.157977,
10:35:17.875,2,-1.717244,1.422404,-1.908546,
10:35:17.958,1,-1.201383,1.535677,-2.158197,
10:35:17.958,2,-1.717304,1.422269,-1.907749,
10:35:18.042,1,-1.201832,1.535794,-2.158832,
10:35:18.042,2,-1.717117,1.421917,-1.908138,
10:35:18.125,1,-1.202034,1.534196,-2.159276,
10:35:18.125,2,-1.717177,1.421992,-1.908763,
10:35:18.208,1,-1.202617,1.532305,-2.159866,
10:35:18.209,2,-1.717105,1.421982,-1.908954,
10:35:18.292,1,-1.2033,1.530483,-2.160923,
10:35:18.292,2,-1.716564,1.421917,-1.909853,
10:35:18.425,1,-1.205779,1.528591,-2.164202,
10:35:18.425,2,-1.715576,1.421576,-1.910065,
10:35:18.558,1,-1.208578,1.525499,-2.169638,
10:35:18.558,2,-1.714529,1.421579,-1.910064,
10:35:18.642,1,-1.212065,1.526216,-2.177265,
10:35:18.643,2,-1.713607,1.421313,-1.911184,
10:35:18.725,1,-1.215003,1.526313,-2.185318,
10:35:18.725,2,-1.713859,1.421226,-1.911999,
10:35:18.808,1,-1.216685,1.527137,-2.19336,
10:35:18.808,2,-1.714044,1.421181,-1.912441,
10:35:18.892,1,-1.221492,1.527227,-2.209332,
10:35:18.892,2,-1.713573,1.421195,-1.912861,
10:35:18.976,1,-1.223588,1.52693,-2.222379,
10:35:18.976,2,-1.713422,1.421118,-1.913476,
10:35:19.058,1,-1.226933,1.523767,-2.233114,
10:35:19.058,2,-1.713013,1.421191,-1.913491,
10:35:19.192,1,-1.231596,1.519188,-2.257944,
10:35:19.192,2,-1.713356,1.421292,-1.915775,
10:35:19.325,1,-1.236193,1.515517,-2.27236,
10:35:19.325,2,-1.71337,1.42128,-1.91593,
10:35:19.458,1,-1.238618,1.518869,-2.285226,
10:35:19.458,2,-1.713496,1.42117,-1.916163,
10:35:19.543,1,-1.240955,1.529977,-2.294896,
10:35:19.543,2,-1.713985,1.42085,-1.916837,
10:35:19.625,1,-1.243814,1.524401,-2.306627,
10:35:19.625,2,-1.713929,1.420945,-1.917064,
10:35:19.708,1,-1.245126,1.518772,-2.312234,
10:35:19.709,2,-1.713918,1.420888,-1.917435,
10:35:19.792,1,-1.246572,1.516721,-2.321343,
10:35:19.792,2,-1.714061,1.420926,-1.918448,
10:35:19.875,1,-1.247602,1.514016,-2.327087,
10:35:19.875,2,-1.714266,1.421287,-1.920071,
10:35:20.008,1,-1.246219,1.511214,-2.330738,
10:35:20.009,2,-1.715764,1.421044,-1.924318,
10:35:20.093,1,-1.244571,1.504573,-2.332375,
10:35:20.093,2,-1.716966,1.421381,-1.926409,
10:35:20.175,1,-1.239387,1.499616,-2.33501,
10:35:20.175,2,-1.721438,1.421385,-1.932549,
10:35:20.308,1,-1.229771,1.502506,-2.337808,
10:35:20.308,2,-1.734658,1.422077,-1.941929,
10:35:20.393,1,-1.218908,1.507477,-2.340854,
10:35:20.393,2,-1.750921,1.421853,-1.954074,
10:35:20.475,1,-1.202683,1.507649,-2.344997,
10:35:20.475,2,-1.768917,1.421999,-1.966385,
10:35:20.608,1,-1.179901,1.469261,-2.352092,
10:35:20.608,2,-1.793238,1.421563,-1.988437,
10:35:20.742,1,-1.159153,1.656949,-2.35569,
10:35:20.742,2,-1.84147,1.421498,-2.025331,
10:35:20.875,1,-1.148045,1.665881,-2.360307,
10:35:20.875,2,-1.887192,1.421613,-2.064438,
10:35:20.959,1,-1.134479,1.665881,-2.362633,
10:35:20.960,2,-1.905294,1.421835,-2.084453,
10:35:21.042,1,-1.123592,1.665881,-2.362923,
10:35:21.042,2,-1.939622,1.422077,-2.116476,
10:35:21.126,1,-1.11478,1.665881,-2.365009,
10:35:21.126,2,-1.96066,1.422411,-2.135256,
10:35:21.208,1,-1.109986,1.665881,-2.3661,
10:35:21.208,2,-1.988354,1.423191,-2.162807,
10:35:21.293,1,-1.109436,1.665881,-2.365868,
10:35:21.293,2,-2.006149,1.423187,-2.185654,
10:35:21.375,1,-1.109638,1.665881,-2.365459,
10:35:21.375,2,-2.022002,1.423373,-2.207957,
10:35:21.508,1,-1.111261,1.665881,-2.365414,
10:35:21.508,2,-2.034346,1.423948,-2.231305,
10:35:21.642,1,-1.115131,1.665881,-2.366476,
10:35:21.642,2,-2.044533,1.424152,-2.261832,
10:35:21.775,1,-1.121913,1.665881,-2.368102,
10:35:21.775,2,-2.045237,1.423971,-2.29504,
10:35:21.908,1,-1.133765,1.665881,-2.375337,
10:35:21.909,2,-2.032605,1.423622,-2.340081,
10:35:21.993,1,-1.138875,1.665881,-2.381737,
10:35:21.993,2,-2.025864,1.454894,-2.3619,
10:35:22.075,1,-1.146122,1.423442,-2.387846,
10:35:22.075,2,-2.005558,1.665881,-2.413119,
10:35:22.208,1,-1.152053,1.451724,-2.390997,
10:35:22.209,2,-1.979093,1.423171,-2.470311,
10:35:22.292,1,-1.155007,1.665881,-2.393282,
10:35:22.292,2,-1.967055,1.446208,-2.501279,
10:35:22.376,1,-1.158362,1.422984,-2.394515,
10:35:22.376,2,-1.95467,1.665881,-2.539994,
10:35:22.458,1,-1.15875,1.442518,-2.393934,
10:35:22.459,2,-1.947389,1.4228,-2.56198,
10:35:22.542,1,-1.161107,1.665881,-2.394729,
10:35:22.542,2,-1.938179,1.454022,-2.595005,
10:35:22.625,1,-1.162274,1.422991,-2.395649,
10:35:22.625,2,-1.935989,1.665881,-2.608974,
10:35:22.708,1,-1.163822,1.439963,-2.395677,
10:35:22.708,2,-1.932098,1.422863,-2.630479,
10:35:22.792,1,-1.164287,1.665881,-2.395675,
10:35:22.792,2,-1.929283,1.394677,-2.641274,
10:35:22.925,1,-1.164731,1.423175,-2.395157,
10:35:22.925,2,-1.923482,1.665881,-2.660221,
10:35:23.008,1,-1.165052,1.34424,-2.394954,
10:35:23.009,2,-1.920468,1.422682,-2.666533,
10:35:23.092,1,-1.165579,1.665881,-2.394021,
10:35:23.092,2,-1.917007,1.325494,-2.674669,
10:35:23.225,1,-1.166594,1.42334,-2.393064,
10:35:23.225,2,-1.915218,1.665881,-2.681753,
10:35:23.358,1,-1.16676,1.320219,-2.392355,
10:35:23.359,2,-1.913709,1.423128,-2.685182,
10:35:23.446,1,-1.166897,1.665881,-2.391403,
10:35:23.446,2,-1.913924,1.306395,-2.689517,
10:35:23.575,1,-1.166796,1.42248,-2.391156,
10:35:23.575,2,-1.915319,1.665881,-2.694451,
10:35:23.659,1,-1.16708,1.309891,-2.390686,
10:35:23.660,2,-1.916687,1.422642,-2.695417,
10:35:23.742,1,-1.167355,1.665881,-2.389877,
10:35:23.742,2,-1.91839,1.241508,-2.695794,
10:35:23.875,1,-1.166339,1.422995,-2.389311,
10:35:23.875,2,-1.920916,1.665881,-2.693951,
10:35:23.960,1,-1.166229,1.233871,-2.388211,
10:35:23.960,2,-1.9223,1.423088,-2.691839,
10:35:24.042,1,-1.165723,1.665881,-2.388227,
10:35:24.042,2,-1.923076,0.727863,-2.685638,
10:35:24.175,1,-1.164011,1.423374,-2.388461,
10:35:24.175,2,-1.922359,1.665881,-2.684164,
10:35:24.308,1,-1.162023,0.749007,-2.387859,
10:35:24.309,2,-1.921997,1.422712,-2.684417,
10:35:24.442,1,-1.160254,1.665881,-2.387037,
10:35:24.442,2,-1.921574,0.383709,-2.685385,
10:35:24.525,1,-1.159305,1.422818,-2.386976,
10:35:24.525,2,-1.921394,0.535974,-2.686016,
10:35:24.609,1,-1.158301,1.423485,-2.387128,
10:35:24.609,2,-1.921795,0.740452,-2.687672,
10:35:24.692,1,-1.157924,1.423829,-2.387214,
10:35:24.692,2,-1.922541,0.519039,-2.6887,
10:35:24.775,1,-1.157094,1.424535,-2.387396,
10:35:24.775,2,-1.922987,0.784799,-2.689768,
10:35:24.858,1,-1.156884,1.42469,-2.387395,
10:35:24.859,2,-1.923381,0.601434,-2.691545,
10:35:24.942,1,-1.156236,1.424764,-2.387334,
10:35:24.942,2,-1.923347,0.521673,-2.692257,
10:35:25.075,1,-1.15483,1.424318,-2.387277,
10:35:25.075,2,-1.922717,0.490678,-2.689625,
10:35:25.208,1,-1.153541,1.424423,-2.387615,
10:35:25.209,2,-1.922094,0.795862,-2.688615,
10:35:25.293,1,-1.152707,1.424271,-2.387501,
10:35:25.293,2,-1.92151,0.66319,-2.687435,
10:35:25.375,1,-1.152286,1.424583,-2.387173,
10:35:25.375,2,-1.921614,0.492147,-2.687805,
10:35:25.458,1,-1.151884,1.425088,-2.386951,
10:35:25.459,2,-1.921755,1.037536,-2.688074,
10:35:25.543,1,-1.151075,1.424445,-2.386476,
10:35:25.543,2,-1.921732,0.91253,-2.687409,
10:35:25.625,1,-1.150879,1.423901,-2.386374,
10:35:25.625,2,-1.921297,0.877096,-2.686486,
10:35:25.709,1,-1.149946,1.423436,-2.386459,
10:35:25.709,2,-1.920718,1.4399,-2.68658,
10:35:25.792,1,-1.149199,1.423348,-2.386211,
10:35:25.792,2,-1.920327,0.922021,-2.687064,
10:35:25.925,1,-1.148804,1.423252,-2.386203,
10:35:25.925,2,-1.919579,1.049813,-2.687291,
10:35:26.058,1,-1.148059,1.423443,-2.386163,
10:35:26.059,2,-1.918891,0.906718,-2.687295,
10:35:26.143,1,-1.146993,1.42331,-2.385453,
10:35:26.143,2,-1.918156,0.794925,-2.689371,
10:35:26.225,1,-1.146812,1.423015,-2.385376,
10:35:26.225,2,-1.917963,1.446673,-2.688663,
10:35:26.308,1,-1.14635,1.423098,-2.383867,
10:35:26.309,2,-1.917178,1.150309,-2.690272,
10:35:26.392,1,-1.146354,1.422768,-2.383145,
10:35:26.392,2,-1.916381,1.329182,-2.691223,
10:35:26.475,1,-1.147278,1.422468,-2.382011,
10:35:26.475,2,-1.915733,1.359555,-2.689903,
10:35:26.608,1,-1.1498,1.422371,-2.380889,
10:35:26.609,2,-1.914267,1.334731,-2.691953,
10:35:26.742,1,-1.153387,1.422157,-2.379181,
10:35:26.742,2,-1.912674,1.311937,-2.691523,
10:35:26.825,1,-1.155128,1.422037,-2.37899,
10:35:26.825,2,-1.911861,1.31985,-2.690726,
10:35:26.909,1,-1.156787,1.421928,-2.379203,
10:35:26.910,2,-1.911077,1.411666,-2.690588,
10:35:26.992,1,-1.158541,1.421907,-2.379464,
10:35:26.992,2,-1.909742,1.418198,-2.689712,
10:35:27.076,1,-1.159943,1.421841,-2.379156,
10:35:27.076,2,-1.909242,1.427869,-2.687725,
10:35:27.158,1,-1.161497,1.421925,-2.378672,
10:35:27.159,2,-1.908836,1.44255,-2.686388,
10:35:27.292,1,-1.163108,1.423659,-2.378471,
10:35:27.292,2,-1.908764,1.44033,-2.684996,
10:35:27.425,1,-1.165183,1.423782,-2.37853,
10:35:27.425,2,-1.90903,1.453956,-2.684449,
10:35:27.509,1,-1.166616,1.423198,-2.378363,
10:35:27.510,2,-1.908833,1.454598,-2.686337,
10:35:27.592,1,-1.167867,1.423451,-2.37879,
10:35:27.592,2,-1.908489,1.454556,-2.68816,
10:35:27.725,1,-1.169231,1.423044,-2.379376,
10:35:27.725,2,-1.909799,1.456904,-2.687255,
10:35:27.858,1,-1.169802,1.42351,-2.380795,
10:35:27.858,2,-1.910701,1.457996,-2.686877,
10:35:27.992,1,-1.169382,1.423434,-2.382728,
10:35:27.992,2,-1.911937,1.454972,-2.686477,
10:35:28.076,1,-1.169111,1.423013,-2.382908,
10:35:28.076,2,-1.913221,1.453478,-2.685662,
10:35:28.159,1,-1.168779,1.423108,-2.383433,
10:35:28.159,2,-1.914751,1.459704,-2.686971,
10:35:28.242,1,-1.168179,1.422626,-2.384131,
10:35:28.242,2,-1.915578,1.473519,-2.687436,
10:35:28.325,1,-1.167452,1.422782,-2.384414,
10:35:28.325,2,-1.916766,1.464543,-2.688109,
10:35:28.408,1,-1.165837,1.423776,-2.385286,
10:35:28.409,2,-1.918115,1.473227,-2.688446,
10:35:28.492,1,-1.163434,1.424943,-2.386399,
10:35:28.492,2,-1.919571,1.474387,-2.690839,
10:35:28.575,1,-1.161226,1.425955,-2.387116,
10:35:28.575,2,-1.921127,1.482484,-2.692534,
10:35:28.708,1,-1.15851,1.429347,-2.387419,
10:35:28.708,2,-1.923219,1.487795,-2.695019,
10:35:28.842,1,-1.155426,1.431466,-2.386985,
10:35:28.842,2,-1.924268,1.487816,-2.696487,
10:35:28.975,1,-1.150836,1.433688,-2.3867,
10:35:28.975,2,-1.924836,1.488043,-2.697104,
10:35:29.058,1,-1.149093,1.434823,-2.386707,
10:35:29.059,2,-1.925115,1.48924,-2.697166,
10:35:29.143,1,-1.146241,1.435639,-2.386673,
10:35:29.143,2,-1.925564,1.491999,-2.697416,
10:35:29.225,1,-1.14458,1.435019,-2.386305,
10:35:29.225,2,-1.925769,1.49044,-2.697733,
10:35:29.309,1,-1.141054,1.431746,-2.386813,
10:35:29.309,2,-1.925863,1.493022,-2.697594,
10:35:29.392,1,-1.138674,1.429758,-2.386622,
10:35:29.392,2,-1.926039,1.494691,-2.697428,
10:35:29.476,1,-1.135954,1.428412,-2.386343,
10:35:29.476,2,-1.926715,1.493911,-2.696235,
10:35:29.558,1,-1.134123,1.433733,-2.385662,
10:35:29.559,2,-1.927021,1.492213,-2.694785,
10:35:29.692,1,-1.131438,1.433863,-2.384817,
10:35:29.692,2,-1.927453,1.494965,-2.69185,
10:35:29.825,1,-1.131176,1.433771,-2.383925,
10:35:29.825,2,-1.92771,1.497669,-2.687239,
10:35:29.958,1,-1.131807,1.433911,-2.382511,
10:35:29.959,2,-1.92763,1.496911,-2.683449,
10:35:30.092,1,-1.129175,1.432047,-2.382005,
10:35:30.092,2,-1.927425,1.503544,-2.682392,
10:35:30.176,1,-1.127831,1.429697,-2.380795,
10:35:30.176,2,-1.92673,1.50481,-2.682641,
10:35:30.258,1,-1.127507,1.430455,-2.379997,
10:35:30.259,2,-1.925967,1.51356,-2.683394,
10:35:30.342,1,-1.125979,1.430615,-2.379692,
10:35:30.342,2,-1.925128,1.528229,-2.684673,
10:35:30.425,1,-1.126631,1.428447,-2.379919,
10:35:30.425,2,-1.924456,1.530974,-2.684972,
10:35:30.508,1,-1.123851,1.42682,-2.380053,
10:35:30.509,2,-1.923972,1.530827,-2.686419,
10:35:30.592,1,-1.122819,1.425533,-2.380295,
10:35:30.592,2,-1.923602,1.532542,-2.687582,
10:35:30.675,1,-1.118456,1.420696,-2.378772,
10:35:30.675,2,-1.923403,1.531053,-2.68815,
10:35:30.808,1,-1.115618,1.420099,-2.377963,
10:35:30.809,2,-1.923284,1.534202,-2.689027,
10:35:30.942,1,-1.11241,1.419322,-2.377616,
10:35:30.942,2,-1.922846,1.535838,-2.689816,
10:35:31.075,1,-1.111262,1.418856,-2.377203,
10:35:31.075,2,-1.921865,1.535724,-2.688301,
10:35:31.208,1,-1.109308,1.417505,-2.375291,
10:35:31.209,2,-1.921819,1.53633,-2.688824,
10:35:31.293,1,-1.109107,1.417185,-2.375222,
10:35:31.293,2,-1.921752,1.535607,-2.689049,
10:35:31.375,1,-1.108217,1.416242,-2.373775,
10:35:31.375,2,-1.921601,1.535416,-2.688416,
10:35:31.459,1,-1.108138,1.416096,-2.373766,
10:35:31.459,2,-1.92197,1.535277,-2.688692,
10:35:31.542,1,-1.107465,1.415808,-2.373577,
10:35:31.542,2,-1.922169,1.536567,-2.688889,
10:35:31.625,1,-1.108008,1.415863,-2.37387,
10:35:31.625,2,-1.922291,1.535881,-2.689062,
10:35:31.708,1,-1.107479,1.415823,-2.373946,
10:35:31.709,2,-1.922585,1.535735,-2.689289,
10:35:31.793,1,-1.107419,1.415692,-2.374013,
10:35:31.793,2,-1.922646,1.535686,-2.689371,
10:35:31.875,1,-1.107366,1.415634,-2.374167,
10:35:31.875,2,-1.923124,1.535598,-2.689215,
10:35:32.008,1,-1.107479,1.415704,-2.375584,
10:35:32.009,2,-1.923806,1.535272,-2.689111,
10:35:32.142,1,-1.106586,1.415171,-2.376384,
10:35:32.142,2,-1.924113,1.53517,-2.688982,
10:35:32.275,1,-1.10386,1.415647,-2.377511,
10:35:32.275,2,-1.924151,1.535339,-2.688702,
10:35:32.408,1,-1.100785,1.415437,-2.379793,
10:35:32.409,2,-1.924469,1.535116,-2.688141,
10:35:32.493,1,-1.099962,1.415481,-2.380495,
10:35:32.493,2,-1.924364,1.535518,-2.688065,
10:35:32.575,1,-1.098463,1.415302,-2.380953,
10:35:32.575,2,-1.923331,1.535746,-2.687607,
10:35:32.658,1,-1.098483,1.415322,-2.380967,
10:35:32.659,2,-1.922194,1.535372,-2.684651,
10:35:32.742,1,-1.096236,1.414291,-2.381973,
10:35:32.742,2,-1.921874,1.535252,-2.685259,
10:35:32.875,1,-1.093719,1.414216,-2.381826,
10:35:32.875,2,-1.920668,1.535326,-2.683273,
10:35:32.960,1,-1.093215,1.41375,-2.382607,
10:35:32.960,2,-1.920159,1.53572,-2.683664,
10:35:33.042,1,-1.090364,1.413822,-2.384295,
10:35:33.042,2,-1.919465,1.535606,-2.684636,
10:35:33.175,1,-1.088801,1.413534,-2.385812,
10:35:33.175,2,-1.918685,1.535284,-2.683745,
10:35:33.308,1,-1.087551,1.413781,-2.386576,
10:35:33.309,2,-1.918133,1.53527,-2.683262,
10:35:33.445,1,-1.08724,1.413688,-2.387531,
10:35:33.445,2,-1.917496,1.535201,-2.683081,
10:35:33.526,1,-1.086841,1.414027,-2.388631,
10:35:33.526,2,-1.917306,1.532986,-2.683349,
10:35:33.608,1,-1.086403,1.413995,-2.389176,
10:35:33.609,2,-1.917314,1.530816,-2.684406,
10:35:33.693,1,-1.085844,1.414004,-2.388803,
10:35:33.693,2,-1.917081,1.51465,-2.685402,
10:35:33.775,1,-1.086142,1.413391,-2.388224,
10:35:33.775,2,-1.917432,1.510218,-2.686325,
10:35:33.859,1,-1.085953,1.413811,-2.388535,
10:35:33.860,2,-1.918098,1.509523,-2.684699,
10:35:33.942,1,-1.085413,1.414003,-2.388816,
10:35:33.942,2,-1.919144,1.510415,-2.685492,
10:35:34.075,1,-1.084362,1.414134,-2.388596,
10:35:34.075,2,-1.920365,1.512497,-2.684816,
10:35:34.159,1,-1.084163,1.414984,-2.387446,
10:35:34.160,2,-1.921749,1.515693,-2.685097,
10:35:34.242,1,-1.085925,1.415879,-2.387058,
10:35:34.242,2,-1.923317,1.516544,-2.686286,
10:35:34.326,1,-1.08853,1.416637,-2.386805,
10:35:34.327,2,-1.924151,1.516502,-2.684909,
10:35:34.409,1,-1.090687,1.417642,-2.387599,
10:35:34.409,2,-1.925198,1.517697,-2.684896,
10:35:34.492,1,-1.091292,1.419979,-2.387228,
10:35:34.492,2,-1.925605,1.516745,-2.685532,
10:35:34.576,1,-1.091623,1.421191,-2.386275,
10:35:34.576,2,-1.926626,1.511962,-2.686344,
10:35:34.659,1,-1.090811,1.424267,-2.385667,
10:35:34.659,2,-1.92691,1.512004,-2.686523,
10:35:34.792,1,-1.088412,1.426313,-2.385534,
10:35:34.792,2,-1.927598,1.511059,-2.687753,
10:35:34.925,1,-1.086215,1.426551,-2.385674,
10:35:34.925,2,-1.928959,1.510399,-2.687227,
10:35:35.059,1,-1.08289,1.427679,-2.386061,
10:35:35.059,2,-1.929081,1.510843,-2.68741,
10:35:35.192,1,-1.082753,1.427045,-2.386641,
10:35:35.192,2,-1.928998,1.510767,-2.68756,
10:35:35.275,1,-1.082132,1.425758,-2.387549,
10:35:35.275,2,-1.928906,1.510386,-2.687517,
10:35:35.359,1,-1.081819,1.422503,-2.387842,
10:35:35.359,2,-1.928993,1.510947,-2.687515,
10:35:35.445,1,-1.079102,1.421211,-2.388666,
10:35:35.445,2,-1.92777,1.5094,-2.686326,
10:35:35.575,1,-1.07663,1.422343,-2.389161,
10:35:35.575,2,-1.927672,1.503382,-2.686687,
10:35:35.709,1,-1.077741,1.420852,-2.389443,
10:35:35.709,2,-1.927619,1.500752,-2.687479,
10:35:35.792,1,-1.077917,1.424484,-2.389336,
10:35:35.792,2,-1.927255,1.500494,-2.687626,
10:35:35.875,1,-1.078536,1.423747,-2.389067,
10:35:35.876,2,-1.927174,1.500739,-2.687643,
10:35:35.959,1,-1.078659,1.426371,-2.389044,
10:35:35.959,2,-1.927053,1.500268,-2.68753,
10:35:36.042,1,-1.078914,1.426849,-2.38921,
10:35:36.042,2,-1.926152,1.500482,-2.686506,
10:35:36.126,1,-1.079179,1.429587,-2.389004,
10:35:36.127,2,-1.92574,1.500762,-2.685925,
10:35:36.209,1,-1.079469,1.428463,-2.388399,
10:35:36.209,2,-1.924863,1.500993,-2.685075,
10:35:36.293,1,-1.08003,1.43014,-2.387485,
10:35:36.293,2,-1.924634,1.501401,-2.685782,
10:35:36.375,1,-1.081928,1.428954,-2.38573,
10:35:36.375,2,-1.924751,1.502034,-2.685893,
10:35:36.508,1,-1.086755,1.426312,-2.37826,
10:35:36.509,2,-1.924927,1.506515,-2.686071,
10:35:36.593,1,-1.091075,1.422106,-2.376213,
10:35:36.593,2,-1.924766,1.507493,-2.68641,
10:35:36.675,1,-1.102589,1.423715,-2.368804,
10:35:36.675,2,-1.924296,1.505932,-2.68626,
10:35:36.809,1,-1.127326,1.423542,-2.348523,
10:35:36.809,2,-1.924693,1.508044,-2.685708,
10:35:36.942,1,-1.166196,1.425183,-2.324399,
10:35:36.942,2,-1.925667,1.508945,-2.686132,
10:35:37.075,1,-1.207307,1.42383,-2.306765,
10:35:37.075,2,-1.926872,1.509458,-2.687768,
10:35:37.209,1,-1.242387,1.426431,-2.288752,
10:35:37.209,2,-1.927112,1.50985,-2.687092,
10:35:37.293,1,-1.25697,1.424486,-2.283244,
10:35:37.293,2,-1.927509,1.508829,-2.687557,
10:35:37.375,1,-1.271063,1.427191,-2.276842,
10:35:37.375,2,-1.928184,1.508069,-2.687024,
10:35:37.459,1,-1.274568,1.425927,-2.27534,
10:35:37.460,2,-1.928559,1.507387,-2.686916,
10:35:37.542,1,-1.275964,1.424895,-2.27335,
10:35:37.542,2,-1.92929,1.507207,-2.687187,
10:35:37.675,1,-1.273075,1.422827,-2.270302,
10:35:37.675,2,-1.930187,1.507056,-2.687061,
10:35:37.759,1,-1.266449,1.420175,-2.267548,
10:35:37.760,2,-1.930513,1.507216,-2.686883,
10:35:37.842,1,-1.253306,1.419854,-2.264414,
10:35:37.842,2,-1.931041,1.506901,-2.68703,
10:35:37.976,1,-1.232154,1.422603,-2.260972,
10:35:37.976,2,-1.931222,1.50662,-2.687805,
10:35:38.059,1,-1.223527,1.424701,-2.260665,
10:35:38.059,2,-1.931274,1.506205,-2.68786,
10:35:38.143,1,-1.214073,1.423674,-2.260856,
10:35:38.143,2,-1.931439,1.505826,-2.688035,
10:35:38.226,1,-1.204514,1.419744,-2.260592,
10:35:38.226,2,-1.931411,1.505018,-2.688334,
10:35:38.309,1,-1.19902,1.417617,-2.262033,
10:35:38.309,2,-1.931437,1.503873,-2.688741,
10:35:38.393,1,-1.188981,1.415628,-2.262443,
10:35:38.393,2,-1.931353,1.504011,-2.688822,
10:35:38.475,1,-1.182331,1.412636,-2.263559,
10:35:38.475,2,-1.929851,1.50415,-2.687169,
10:35:38.609,1,-1.177369,1.409771,-2.264006,
10:35:38.609,2,-1.929102,1.505403,-2.685884,
10:35:38.742,1,-1.172041,1.404103,-2.263597,
10:35:38.742,2,-1.928643,1.506017,-2.685567,
10:35:38.875,1,-1.168657,1.403638,-2.262306,
10:35:38.875,2,-1.928441,1.506774,-2.685838,
10:35:38.959,1,-1.168093,1.402847,-2.262121,
10:35:38.960,2,-1.928089,1.506656,-2.684848,
10:35:39.042,1,-1.167123,1.399209,-2.262455,
10:35:39.042,2,-1.928169,1.506341,-2.685608,
10:35:39.175,1,-1.166195,1.39784,-2.26252,
10:35:39.175,2,-1.928419,1.505925,-2.686547,
10:35:39.259,1,-1.165894,1.395291,-2.262592,
10:35:39.260,2,-1.928518,1.506016,-2.686685,
10:35:39.342,1,-1.165841,1.392303,-2.26259,
10:35:39.342,2,-1.928783,1.506051,-2.686882,
10:35:39.426,1,-1.165947,1.391459,-2.262544,
10:35:39.426,2,-1.928761,1.506835,-2.687372,
10:35:39.508,1,-1.165949,1.391171,-2.262206,
10:35:39.509,2,-1.929341,1.5071,-2.688074,
10:35:39.642,1,-1.166614,1.389385,-2.261529,
10:35:39.642,2,-1.929932,1.507131,-2.688525,
10:35:39.775,1,-1.16731,1.389313,-2.260899,
10:35:39.775,2,-1.930137,1.507366,-2.687473,
10:35:39.859,1,-1.168084,1.390744,-2.259966,
10:35:39.859,2,-1.930532,1.507449,-2.687806,
10:35:39.942,1,-1.168819,1.390779,-2.258069,
10:35:39.942,2,-1.931171,1.507665,-2.688662,
10:35:40.025,1,-1.169139,1.391364,-2.257647,
10:35:40.025,2,-1.931762,1.507681,-2.688788,
10:35:40.109,1,-1.170086,1.39197,-2.25621,
10:35:40.109,2,-1.932261,1.507307,-2.689161,
10:35:40.193,1,-1.171217,1.392216,-2.254913,
10:35:40.193,2,-1.932609,1.507303,-2.689386,
10:35:40.293,1,-1.171612,1.392154,-2.252162,
10:35:40.293,2,-1.932697,1.507318,-2.689391,
10:35:40.375,1,-1.17195,1.391914,-2.25052,
10:35:40.375,2,-1.932383,1.506873,-2.68812,
10:35:40.460,1,-1.172092,1.390965,-2.249831,
10:35:40.460,2,-1.932106,1.507138,-2.688514,
10:35:40.542,1,-1.173013,1.390287,-2.247346,
10:35:40.542,2,-1.931786,1.507125,-2.687715,
10:35:40.626,1,-1.173082,1.387208,-2.245374,
10:35:40.627,2,-1.932421,1.505789,-2.687167,
10:35:40.709,1,-1.173479,1.385698,-2.243581,
10:35:40.709,2,-1.932596,1.504569,-2.686934,
10:35:40.793,1,-1.173844,1.385246,-2.243064,
10:35:40.793,2,-1.932212,1.50353,-2.68668,
10:35:40.893,1,-1.174305,1.385006,-2.241428,
10:35:40.893,2,-1.929704,1.503386,-2.682635,
10:35:40.993,1,-1.17402,1.384679,-2.239404,
10:35:40.993,2,-1.929468,1.503522,-2.680651,
10:35:41.092,1,-1.174689,1.384555,-2.237898,
10:35:41.092,2,-1.929384,1.503856,-2.679293,
10:35:41.175,1,-1.175089,1.384434,-2.236939,
10:35:41.175,2,-1.930073,1.504109,-2.677923,
10:35:41.259,1,-1.175235,1.384162,-2.236759,
10:35:41.259,2,-1.930634,1.503766,-2.67674,
10:35:41.360,1,-1.174686,1.383818,-2.235415,
10:35:41.360,2,-1.930902,1.503161,-2.674365,
10:35:41.459,1,-1.174004,1.383618,-2.234487,
10:35:41.459,2,-1.931095,1.504077,-2.673262,
10:35:41.542,1,-1.173467,1.383118,-2.23424,
10:35:41.542,2,-1.930099,1.504493,-2.671619,
10:35:41.625,1,-1.172833,1.383127,-2.233899,
10:35:41.625,2,-1.927275,1.505334,-2.672025,
10:35:41.709,1,-1.171973,1.383044,-2.233146,
10:35:41.709,2,-1.925869,1.505164,-2.672885,
10:35:41.792,1,-1.171349,1.38258,-2.23311,
10:35:41.792,2,-1.924317,1.504488,-2.673065,
10:35:41.875,1,-1.17035,1.382476,-2.235469,
10:35:41.875,2,-1.923843,1.505067,-2.672784,
10:35:41.959,1,-1.169944,1.383125,-2.238479,
10:35:41.959,2,-1.923526,1.504984,-2.672857,
10:35:42.042,1,-1.169534,1.382805,-2.236706,
10:35:42.042,2,-1.923267,1.503896,-2.671804,
10:35:42.175,1,-1.169304,1.382346,-2.236545,
10:35:42.176,2,-1.922732,1.502292,-2.671615,
10:35:42.292,1,-1.168854,1.382233,-2.235762,
10:35:42.292,2,-1.920207,1.502042,-2.670776,
10:35:42.410,1,-1.168924,1.382143,-2.236116,
10:35:42.410,2,-1.919419,1.50225,-2.670465,
10:35:42.543,1,-1.169214,1.381918,-2.235628,
10:35:42.543,2,-1.918225,1.502314,-2.669906,
10:35:42.642,1,-1.169673,1.381974,-2.234973,
10:35:42.642,2,-1.916133,1.501626,-2.669562,
10:35:42.725,1,-1.169675,1.381876,-2.234962,
10:35:42.725,2,-1.916079,1.502023,-2.669378,
10:35:42.859,1,-1.170426,1.381745,-2.233822,
10:35:42.859,2,-1.915533,1.502676,-2.668943,
10:35:42.992,1,-1.170547,1.381821,-2.234688,
10:35:42.992,2,-1.915881,1.503096,-2.668626,
10:35:43.075,1,-1.169879,1.381588,-2.233526,
10:35:43.075,2,-1.915854,1.504276,-2.669436,
10:35:43.159,1,-1.169882,1.381512,-2.232925,
10:35:43.159,2,-1.917482,1.505361,-2.669955,
10:35:43.243,1,-1.169835,1.382808,-2.232501,
10:35:43.243,2,-1.918038,1.504992,-2.67007,
10:35:43.342,1,-1.169667,1.383006,-2.231718,
10:35:43.342,2,-1.919045,1.505056,-2.670931,
10:35:43.425,1,-1.169399,1.383145,-2.231733,
10:35:43.425,2,-1.920193,1.504902,-2.672119,
10:35:43.509,1,-1.168956,1.383766,-2.231122,
10:35:43.509,2,-1.922478,1.505206,-2.671832,
10:35:43.592,1,-1.168419,1.383508,-2.231375,
10:35:43.592,2,-1.922744,1.505291,-2.671641,
10:35:43.675,1,-1.168145,1.383043,-2.233585,
10:35:43.675,2,-1.925244,1.504845,-2.671831,
10:35:43.759,1,-1.16771,1.383484,-2.234957,
10:35:43.759,2,-1.925875,1.505142,-2.672117,
10:35:43.842,1,-1.167125,1.382937,-2.234744,
10:35:43.842,2,-1.927307,1.505164,-2.671624,
10:35:43.993,1,-1.166058,1.383188,-2.237682,
10:35:43.993,2,-1.927658,1.505598,-2.67178,
10:35:44.075,1,-1.165956,1.382929,-2.239588,
10:35:44.075,2,-1.92885,1.505571,-2.671866,
10:35:44.209,1,-1.165864,1.382884,-2.240968,
10:35:44.209,2,-1.932529,1.505708,-2.671244,
10:35:44.342,1,-1.166065,1.382487,-2.242819,
10:35:44.342,2,-1.933138,1.506412,-2.670653,
10:35:44.475,1,-1.165811,1.382384,-2.244268,
10:35:44.475,2,-1.934433,1.506366,-2.669482,
10:35:44.609,1,-1.166161,1.382122,-2.245562,
10:35:44.609,2,-1.935569,1.506162,-2.668801,
10:35:44.693,1,-1.166266,1.381928,-2.24616,
10:35:44.693,2,-1.935652,1.506209,-2.668733,
10:35:44.775,1,-1.166721,1.381432,-2.24598,
10:35:44.775,2,-1.935652,1.506385,-2.668158,
10:35:44.909,1,-1.167177,1.381464,-2.246522,
10:35:44.909,2,-1.934252,1.506536,-2.667641,
10:35:44.993,1,-1.167306,1.381299,-2.246918,
10:35:44.993,2,-1.933384,1.506635,-2.666781,
10:35:45.075,1,-1.167965,1.381244,-2.247799,
10:35:45.075,2,-1.933391,1.506505,-2.666607,
10:35:45.159,1,-1.168334,1.381107,-2.247997,
10:35:45.159,2,-1.933175,1.505344,-2.666032,
10:35:45.292,1,-1.169453,1.381033,-2.248764,
10:35:45.292,2,-1.933287,1.505529,-2.665415,
10:35:45.425,1,-1.170167,1.380693,-2.249108,
10:35:45.425,2,-1.933346,1.505789,-2.664972,
10:35:45.509,1,-1.170315,1.38064,-2.249244,
10:35:45.509,2,-1.933303,1.505667,-2.664912,
10:35:45.593,1,-1.170351,1.38057,-2.249244,
10:35:45.593,2,-1.933425,1.505958,-2.664834,
10:35:45.676,1,-1.170973,1.381119,-2.248406,
10:35:45.676,2,-1.93372,1.505953,-2.665319,
10:35:45.759,1,-1.171257,1.381192,-2.2483,
10:35:45.760,2,-1.932782,1.50586,-2.666178,
10:35:45.842,1,-1.171326,1.380752,-2.249256,
10:35:45.842,2,-1.932517,1.505467,-2.667453,
10:35:45.975,1,-1.171534,1.380516,-2.250225,
10:35:45.975,2,-1.933182,1.505465,-2.66841,
10:35:46.109,1,-1.171244,1.380614,-2.250346,
10:35:46.109,2,-1.934453,1.50573,-2.668528,
10:35:46.193,1,-1.171179,1.380281,-2.250457,
10:35:46.193,2,-1.936232,1.505909,-2.668469,
10:35:46.275,1,-1.170987,1.380398,-2.250807,
10:35:46.275,2,-1.936293,1.505832,-2.669134,
10:35:46.409,1,-1.170577,1.380495,-2.250964,
10:35:46.409,2,-1.939011,1.505851,-2.669135,
10:35:46.493,1,-1.170552,1.380761,-2.250932,
10:35:46.493,2,-1.94028,1.505874,-2.668963,
10:35:46.575,1,-1.170103,1.380752,-2.248912,
10:35:46.575,2,-1.940415,1.505607,-2.669723,
10:35:46.709,1,-1.169755,1.380652,-2.248184,
10:35:46.709,2,-1.942546,1.50556,-2.670502,
10:35:46.793,1,-1.169385,1.381406,-2.248081,
10:35:46.793,2,-1.944979,1.505518,-2.671193,
10:35:46.892,1,-1.168742,1.380888,-2.247361,
10:35:46.892,2,-1.94676,1.505487,-2.671965,
10:35:46.975,1,-1.167515,1.382487,-2.247037,
10:35:46.976,2,-1.948651,1.505,-2.672416,
10:35:47.059,1,-1.166447,1.382041,-2.244642,
10:35:47.059,2,-1.949001,1.507045,-2.672807,
10:35:47.159,1,-1.165227,1.382021,-2.243337,
10:35:47.160,2,-1.950107,1.507222,-2.672888,
10:35:47.242,1,-1.164067,1.38321,-2.24179,
10:35:47.242,2,-1.950619,1.50741,-2.672471,
10:35:47.326,1,-1.162204,1.383783,-2.239214,
10:35:47.326,2,-1.950858,1.510699,-2.6721,
10:35:47.409,1,-1.161049,1.386111,-2.238379,
10:35:47.409,2,-1.951896,1.511367,-2.671034,
10:35:47.492,1,-1.160511,1.387322,-2.237972,
10:35:47.492,2,-1.952398,1.512909,-2.669988,
10:35:47.625,1,-1.159673,1.387975,-2.239104,
10:35:47.625,2,-1.959982,1.514453,-2.659483,
10:35:47.759,1,-1.159118,1.388261,-2.242109,
10:35:47.759,2,-1.973981,1.5151,-2.641172,
10:35:47.892,1,-1.157956,1.388722,-2.242784,
10:35:47.892,2,-2.005571,1.511699,-2.605895,
10:35:48.025,1,-1.157022,1.389076,-2.24251,
10:35:48.025,2,-2.058536,1.50776,-2.55444,
10:35:48.159,1,-1.156841,1.389365,-2.24289,
10:35:48.159,2,-2.140622,1.515283,-2.480525,
10:35:48.292,1,-1.156184,1.389666,-2.242109,
10:35:48.292,2,-2.24796,1.517038,-2.398558,
10:35:48.376,1,-1.155309,1.389577,-2.240509,
10:35:48.377,2,-2.319012,1.517586,-2.347636,
10:35:48.459,1,-1.153653,1.389615,-2.237019,
10:35:48.459,2,-2.355027,1.517255,-2.318597,
10:35:48.592,1,-1.152801,1.389818,-2.235869,
10:35:48.592,2,-2.42012,1.517625,-2.257766,
10:35:48.676,1,-1.152644,1.389779,-2.234694,
10:35:48.676,2,-2.460354,1.517995,-2.214909,
10:35:48.759,1,-1.152226,1.391688,-2.234083,
10:35:48.759,2,-2.493126,1.517924,-2.177866,
10:35:48.843,1,-1.151879,1.392246,-2.232917,
10:35:48.843,2,-2.536274,1.516839,-2.10844,
10:35:48.925,1,-1.151841,1.3945,-2.232572,
10:35:48.925,2,-2.555095,1.515011,-2.069743,
10:35:49.059,1,-1.151885,1.399496,-2.231955,
10:35:49.059,2,-2.600516,1.512804,-1.960766,
10:35:49.143,1,-1.151814,1.39864,-2.231717,
10:35:49.143,2,-2.622407,1.514181,-1.906215,
10:35:49.225,1,-1.151369,1.39919,-2.231268,
10:35:49.225,2,-2.65892,1.516123,-1.838866,
10:35:49.359,1,-1.151288,1.403721,-2.2311,
10:35:49.359,2,-2.704738,1.514827,-1.755951,
10:35:49.443,1,-1.151272,1.404221,-2.23095,
10:35:49.443,2,-2.730158,1.506179,-1.719172,
10:35:49.525,1,-1.151241,1.408764,-2.230038,
10:35:49.525,2,-2.779144,1.503589,-1.658188,
10:35:49.675,1,-1.152311,1.411924,-2.234105,
10:35:49.675,2,-2.879892,1.50267,-1.541229,
10:35:49.809,1,-1.152427,1.413898,-2.234573,
10:35:49.809,2,-2.939003,1.500252,-1.482214,
10:35:49.942,1,-1.151164,1.414766,-2.232378,
10:35:49.942,2,-2.998621,1.499586,-1.423153,
10:35:50.093,1,-1.150876,1.417518,-2.231581,
10:35:50.093,2,-3.040407,1.499732,-1.368598,
10:35:50.175,1,-1.150943,1.420171,-2.231265,
10:35:50.175,2,-3.059494,1.499639,-1.348608,
10:35:50.260,1,-1.150983,1.423868,-2.231136,
10:35:50.260,2,-3.067593,1.500427,-1.337757,
10:35:50.342,1,-1.150819,1.428115,-2.23054,
10:35:50.342,2,-3.08277,1.500343,-1.316605,
10:35:50.475,1,-1.150371,1.429734,-2.230133,
10:35:50.476,2,-3.087687,1.502227,-1.301539,
10:35:50.609,1,-1.15005,1.429597,-2.22943,
10:35:50.609,2,-3.096709,1.506311,-1.278367,
10:35:50.693,1,-1.149987,1.43031,-2.228828,
10:35:50.693,2,-3.098612,1.506005,-1.272681,
10:35:50.775,1,-1.149885,1.430986,-2.228573,
10:35:50.775,2,-3.102504,1.507182,-1.26421,
10:35:50.909,1,-1.149958,1.434472,-2.228286,
10:35:50.909,2,-3.104532,1.507223,-1.263104,
10:35:50.993,1,-1.149964,1.429555,-2.228209,
10:35:50.993,2,-3.105449,1.508334,-1.260123,
10:35:51.075,1,-1.149881,1.428442,-2.227954,
10:35:51.075,2,-3.104995,1.509664,-1.260832,
10:35:51.209,1,-1.150943,1.428744,-2.229727,
10:35:51.209,2,-3.106433,1.510076,-1.261235,
10:35:51.293,1,-1.150209,1.429038,-2.228569,
10:35:51.293,2,-3.106397,1.510632,-1.260225,
10:35:51.375,1,-1.149772,1.424928,-2.228166,
10:35:51.375,2,-3.107159,1.510723,-1.259361,
10:35:51.460,1,-1.150146,1.423759,-2.228875,
10:35:51.460,2,-3.106985,1.511075,-1.258688,
10:35:51.542,1,-1.150397,1.424942,-2.229342,
10:35:51.542,2,-3.108938,1.511229,-1.257581,
10:35:51.675,1,-1.150399,1.425583,-2.229736,
10:35:51.675,2,-3.106402,1.511392,-1.255728,
10:35:51.760,1,-1.150445,1.425653,-2.229857,
10:35:51.760,2,-3.106935,1.511071,-1.255829,
10:35:51.842,1,-1.150461,1.425723,-2.230369,
10:35:51.842,2,-3.105634,1.510762,-1.256286,
10:35:51.975,1,-1.150469,1.426039,-2.231374,
10:35:51.975,2,-3.106077,1.510771,-1.256171,
10:35:52.126,1,-1.150535,1.425732,-2.232231,
10:35:52.126,2,-3.108744,1.51039,-1.256267,
10:35:52.209,1,-1.150822,1.424702,-2.233119,
10:35:52.209,2,-3.109329,1.510532,-1.25604,
10:35:52.292,1,-1.150997,1.423232,-2.233643,
10:35:52.293,2,-3.108892,1.509009,-1.256404,
10:35:52.375,1,-1.151101,1.420677,-2.234551,
10:35:52.376,2,-3.107615,1.509294,-1.255882,
10:35:52.459,1,-1.151106,1.419826,-2.23496,
10:35:52.460,2,-3.107067,1.509845,-1.257557,
10:35:52.542,1,-1.15157,1.41898,-2.235864,
10:35:52.542,2,-3.105693,1.509189,-1.257876,
10:35:52.626,1,-1.151797,1.418733,-2.23634,
10:35:52.627,2,-3.104926,1.509087,-1.257517,
10:35:52.709,1,-1.152239,1.418679,-2.236771,
10:35:52.709,2,-3.103821,1.508817,-1.257741,
10:35:52.793,1,-1.152537,1.41883,-2.23737,
10:35:52.793,2,-3.102865,1.50781,-1.258473,
10:35:52.875,1,-1.152831,1.419281,-2.237639,
10:35:52.876,2,-3.101795,1.507539,-1.258503,
10:35:52.960,1,-1.153139,1.419657,-2.237724,
10:35:52.960,2,-3.102243,1.507469,-1.258492,
10:35:53.042,1,-1.153738,1.420702,-2.23779,
10:35:53.042,2,-3.101554,1.507554,-1.257631,
10:35:53.175,1,-1.15388,1.420147,-2.23781,
10:35:53.176,2,-3.102775,1.507743,-1.256975,
10:35:53.260,1,-1.154183,1.419842,-2.23767,
10:35:53.260,2,-3.103105,1.507526,-1.257227,
10:35:53.342,1,-1.154636,1.418672,-2.23761,
10:35:53.342,2,-3.102825,1.507688,-1.257872,
10:35:53.493,1,-1.155076,1.418664,-2.237313,
10:35:53.493,2,-3.099767,1.507767,-1.257426,
10:35:53.575,1,-1.155391,1.418283,-2.237067,
10:35:53.576,2,-3.09719,1.507772,-1.259156,
10:35:53.660,1,-1.155908,1.418375,-2.236524,
10:35:53.660,2,-3.095686,1.50804,-1.261838,
10:35:53.742,1,-1.155979,1.418967,-2.236025,
10:35:53.742,2,-3.088648,1.50813,-1.264286,
10:35:53.875,1,-1.156223,1.419396,-2.235731,
10:35:53.876,2,-3.071514,1.507997,-1.282105,
10:35:53.960,1,-1.156462,1.419675,-2.235271,
10:35:53.960,2,-3.063793,1.508096,-1.292736,
10:35:54.042,1,-1.156853,1.419802,-2.235047,
10:35:54.042,2,-3.044819,1.508105,-1.320424,
10:35:54.175,1,-1.157304,1.419759,-2.234462,
10:35:54.176,2,-3.025419,1.508143,-1.349079,
10:35:54.259,1,-1.157361,1.419874,-2.234252,
10:35:54.259,2,-3.015996,1.507989,-1.365324,
10:35:54.392,1,-1.157482,1.419888,-2.234023,
10:35:54.392,2,-3.001791,1.508207,-1.420279,
10:35:54.476,1,-1.157386,1.42002,-2.233898,
10:35:54.477,2,-2.954467,1.508654,-1.479271,
10:35:54.559,1,-1.157549,1.420039,-2.233898,
10:35:54.559,2,-2.925194,1.508851,-1.535347,
10:35:54.642,1,-1.157388,1.419861,-2.233499,
10:35:54.642,2,-2.891572,1.508737,-1.597707,
10:35:54.726,1,-1.157521,1.419482,-2.234076,
10:35:54.727,2,-2.894644,1.508756,-1.616144,
10:35:54.809,1,-1.157346,1.419053,-2.234855,
10:35:54.809,2,-2.85276,1.508737,-1.682097,
10:35:54.893,1,-1.157047,1.419168,-2.235368,
10:35:54.893,2,-2.839503,1.508703,-1.706688,
10:35:54.975,1,-1.157033,1.419181,-2.235712,
10:35:54.976,2,-2.811054,1.508739,-1.738639,
10:35:55.109,1,-1.156847,1.419278,-2.236539,
10:35:55.109,2,-2.769094,1.509097,-1.75034,
10:35:55.193,1,-1.156641,1.418945,-2.236844,
10:35:55.193,2,-2.755103,1.50972,-1.755496,
10:35:55.275,1,-1.156621,1.417964,-2.237553,
10:35:55.276,2,-2.728477,1.509941,-1.770954,
10:35:55.360,1,-1.156394,1.418329,-2.237627,
10:35:55.360,2,-2.70442,1.509647,-1.77526,
10:35:55.442,1,-1.156164,1.419413,-2.237829,
10:35:55.442,2,-2.681641,1.509559,-1.78264,
10:35:55.593,1,-1.155834,1.419288,-2.238167,
10:35:55.594,2,-2.618369,1.510495,-1.790641,
10:35:55.675,1,-1.155497,1.419854,-2.238459,
10:35:55.676,2,-2.574334,1.510324,-1.789131,
10:35:55.759,1,-1.155363,1.4202,-2.238385,
10:35:55.760,2,-2.531636,1.511194,-1.796009,
10:35:55.842,1,-1.15506,1.4208,-2.238398,
10:35:55.842,2,-2.48155,1.511263,-1.809076,
10:35:55.926,1,-1.154785,1.420856,-2.238765,
10:35:55.927,2,-2.465099,1.510832,-1.825734,
10:35:56.009,1,-1.154601,1.420643,-2.238906,
10:35:56.009,2,-2.444402,1.510754,-1.835059,
10:35:56.093,1,-1.153991,1.41965,-2.239517,
10:35:56.093,2,-2.42021,1.509935,-1.847668,
10:35:56.175,1,-1.153417,1.418928,-2.239656,
10:35:56.176,2,-2.399938,1.509078,-1.852074,
10:35:56.260,1,-1.1531,1.418973,-2.240009,
10:35:56.260,2,-2.37574,1.507807,-1.8663,
10:35:56.359,1,-1.152671,1.419051,-2.24068,
10:35:56.359,2,-2.345574,1.506411,-1.883391,
10:35:56.443,1,-1.151975,1.419156,-2.241144,
10:35:56.443,2,-2.323863,1.506636,-1.905251,
10:35:56.526,1,-1.151166,1.419406,-2.242114,
10:35:56.526,2,-2.303805,1.506975,-1.924522,
10:35:56.609,1,-1.15051,1.418836,-2.242494,
10:35:56.610,2,-2.271916,1.50715,-1.960873,
10:35:56.692,1,-1.150312,1.418884,-2.242753,
10:35:56.692,2,-2.259817,1.507371,-1.97632,
10:35:56.825,1,-1.150183,1.419188,-2.243655,
10:35:56.826,2,-2.227682,1.508921,-2.020025,
10:35:56.910,1,-1.150133,1.419558,-2.243952,
10:35:56.910,2,-2.207319,1.509436,-2.050102,
10:35:56.992,1,-1.150146,1.419203,-2.244487,
10:35:56.992,2,-2.197432,1.509854,-2.065474,
10:35:57.076,1,-1.14994,1.418782,-2.245114,
10:35:57.077,2,-2.184793,1.510126,-2.089909,
10:35:57.159,1,-1.150022,1.419887,-2.245215,
10:35:57.159,2,-2.179527,1.510597,-2.098194,
10:35:57.243,1,-1.150251,1.420443,-2.246738,
10:35:57.243,2,-2.171508,1.510173,-2.109787,
10:35:57.326,1,-1.150203,1.420059,-2.246793,
10:35:57.326,2,-2.167003,1.509723,-2.11899,
10:35:57.459,1,-1.150297,1.420044,-2.247131,
10:35:57.459,2,-2.156598,1.508632,-2.134548,
10:35:57.592,1,-1.150718,1.420283,-2.247729,
10:35:57.592,2,-2.148942,1.508383,-2.145867,
10:35:57.676,1,-1.150759,1.42049,-2.247856,
10:35:57.677,2,-2.146659,1.506967,-2.149961,
10:35:57.759,1,-1.151534,1.420561,-2.248927,
10:35:57.759,2,-2.145288,1.506225,-2.154202,
10:35:57.843,1,-1.151821,1.420589,-2.249674,
10:35:57.843,2,-2.143167,1.506313,-2.158032,
10:35:57.943,1,-1.15194,1.42098,-2.249467,
10:35:57.943,2,-2.14164,1.506038,-2.161764,
10:35:58.025,1,-1.152675,1.421079,-2.250358,
10:35:58.026,2,-2.140139,1.505275,-2.164343,
10:35:58.110,1,-1.152726,1.420899,-2.250533,
10:35:58.110,2,-2.139805,1.505016,-2.165823,
10:35:58.192,1,-1.152882,1.420802,-2.250527,
10:35:58.192,2,-2.139133,1.504978,-2.166706,
10:35:58.325,1,-1.153153,1.42042,-2.251886,
10:35:58.326,2,-2.138636,1.504436,-2.168573,
10:35:58.459,1,-1.153758,1.420353,-2.252348,
10:35:58.459,2,-2.136732,1.504208,-2.169242,
10:35:58.543,1,-1.154411,1.420149,-2.252805,
10:35:58.543,2,-2.136265,1.504451,-2.170059,
10:35:58.625,1,-1.154533,1.420338,-2.25265,
10:35:58.626,2,-2.135943,1.505311,-2.170698,
10:35:58.709,1,-1.155002,1.420557,-2.253283,
10:35:58.710,2,-2.135591,1.507418,-2.170947,
10:35:58.793,1,-1.155046,1.420631,-2.253096,
10:35:58.793,2,-2.135781,1.506604,-2.1711,
10:35:58.875,1,-1.155235,1.420664,-2.252365,
10:35:58.876,2,-2.134705,1.506098,-2.170722,
10:35:58.960,1,-1.155546,1.420785,-2.252549,
10:35:58.960,2,-2.134885,1.504966,-2.170575,
10:35:59.042,1,-1.15578,1.420967,-2.252302,
10:35:59.042,2,-2.135241,1.505039,-2.17063,
10:35:59.176,1,-1.155726,1.421033,-2.252227,
10:35:59.176,2,-2.133439,1.505234,-2.170825,
10:35:59.259,1,-1.155739,1.420935,-2.25223,
10:35:59.259,2,-2.133733,1.504654,-2.170633,
10:35:59.343,1,-1.155784,1.421201,-2.252042,
10:35:59.343,2,-2.133583,1.503964,-2.171014,
10:35:59.425,1,-1.155842,1.421134,-2.251852,
10:35:59.426,2,-2.133654,1.504235,-2.170991,
10:35:59.559,1,-1.155814,1.421018,-2.251479,
10:35:59.559,2,-2.133208,1.504224,-2.170629,
10:35:59.643,1,-1.155393,1.420649,-2.250955,
10:35:59.643,2,-2.132966,1.50402,-2.170136,
10:35:59.725,1,-1.155594,1.420277,-2.250623,
10:35:59.726,2,-2.13285,1.503907,-2.169851,
10:35:59.876,1,-1.155723,1.419991,-2.249654,
10:35:59.876,2,-2.132957,1.503654,-2.169553,
10:35:59.959,1,-1.155784,1.419803,-2.249505,
10:35:59.959,2,-2.132701,1.503671,-2.169712,
10:36:00.042,1,-1.155857,1.419704,-2.24922,
10:36:00.043,2,-2.132513,1.503398,-2.170257,
10:36:00.125,1,-1.155855,1.419671,-2.249038,
10:36:00.126,2,-2.133721,1.503429,-2.169985,
10:36:00.210,1,-1.156033,1.419804,-2.248586,
10:36:00.210,2,-2.132417,1.50192,-2.171042,
10:36:00.292,1,-1.156046,1.41955,-2.24793,
10:36:00.292,2,-2.132948,1.501932,-2.171109,
10:36:00.376,1,-1.156357,1.419513,-2.247496,
10:36:00.377,2,-2.13239,1.501097,-2.171367,
10:36:00.459,1,-1.156667,1.419801,-2.247308,
10:36:00.459,2,-2.131943,1.500172,-2.171388,
10:36:00.592,1,-1.157105,1.420283,-2.247688,
10:36:00.592,2,-2.131713,1.499735,-2.17185,
10:36:00.676,1,-1.157326,1.42038,-2.247618,
10:36:00.677,2,-2.132634,1.501255,-2.171125,
10:36:00.776,1,-1.15789,1.421186,-2.246533,
10:36:00.777,2,-2.131662,1.501198,-2.172088,
10:36:00.859,1,-1.158066,1.421806,-2.24642,
10:36:00.859,2,-2.130842,1.501167,-2.171599,
10:36:00.943,1,-1.158271,1.421776,-2.24611,
10:36:00.943,2,-2.130875,1.499272,-2.16894,
10:36:01.026,1,-1.158472,1.421558,-2.245687,
10:36:01.027,2,-2.130808,1.500127,-2.1695,
10:36:01.109,1,-1.158475,1.421528,-2.245167,
10:36:01.109,2,-2.130709,1.497748,-2.170528,
10:36:01.193,1,-1.158289,1.421767,-2.244462,
10:36:01.193,2,-2.130211,1.49688,-2.17164,
10:36:01.275,1,-1.158628,1.421647,-2.24407,
10:36:01.276,2,-2.130379,1.496963,-2.171709,
10:36:01.360,1,-1.158964,1.421859,-2.243704,
10:36:01.360,2,-2.130717,1.496963,-2.17154,
10:36:01.459,1,-1.159016,1.421796,-2.242839,
10:36:01.459,2,-2.131027,1.496087,-2.172201,
10:36:01.592,1,-1.159047,1.421929,-2.242667,
10:36:01.592,2,-2.131355,1.49567,-2.173316,
10:36:01.676,1,-1.158882,1.422184,-2.242306,
10:36:01.676,2,-2.132571,1.496228,-2.173075,
10:36:01.759,1,-1.158967,1.422358,-2.242007,
10:36:01.759,2,-2.132641,1.497285,-2.173149,
10:36:01.842,1,-1.158633,1.422153,-2.241689,
10:36:01.842,2,-2.132367,1.497065,-2.173569,
10:36:01.926,1,-1.158487,1.422153,-2.241012,
10:36:01.927,2,-2.132722,1.496318,-2.174721,
10:36:02.009,1,-1.157934,1.421956,-2.240866,
10:36:02.009,2,-2.134138,1.496057,-2.173549,
10:36:02.093,1,-1.157898,1.421847,-2.2408,
10:36:02.093,2,-2.132994,1.498118,-2.174731,
10:36:02.193,1,-1.15767,1.421482,-2.240856,
10:36:02.194,2,-2.132722,1.498646,-2.175817,
10:36:02.276,1,-1.157381,1.421569,-2.240764,
10:36:02.276,2,-2.132868,1.49969,-2.176597,
10:36:02.360,1,-1.157313,1.421722,-2.240713,
10:36:02.360,2,-2.133617,1.500326,-2.176327,
10:36:02.442,1,-1.157473,1.421752,-2.240646,
10:36:02.443,2,-2.133385,1.500634,-2.176548,
10:36:02.526,1,-1.157469,1.42167,-2.240428,
10:36:02.526,2,-2.133355,1.501238,-2.17844,
10:36:02.609,1,-1.15748,1.421294,-2.240006,
10:36:02.610,2,-2.133305,1.502044,-2.179555,
10:36:02.692,1,-1.15745,1.421377,-2.240013,
10:36:02.692,2,-2.133423,1.501611,-2.179139,
10:36:02.777,1,-1.157369,1.421705,-2.240006,
10:36:02.777,2,-2.133586,1.497863,-2.179806,
10:36:02.859,1,-1.157614,1.421489,-2.240079,
10:36:02.859,2,-2.133055,1.499399,-2.180382,
10:36:02.943,1,-1.157774,1.421792,-2.240506,
10:36:02.944,2,-2.132953,1.498616,-2.180891,
10:36:03.026,1,-1.15787,1.42164,-2.240444,
10:36:03.026,2,-2.132738,1.500332,-2.181251,
10:36:03.159,1,-1.157852,1.421657,-2.240271,
10:36:03.159,2,-2.131949,1.500975,-2.181388,
10:36:03.242,1,-1.15787,1.421736,-2.240382,
10:36:03.242,2,-2.130744,1.502601,-2.181847,
10:36:03.326,1,-1.157854,1.421961,-2.240597,
10:36:03.326,2,-2.129873,1.503359,-2.182075,
10:36:03.409,1,-1.157961,1.421897,-2.240642,
10:36:03.409,2,-2.130761,1.50322,-2.177886,
10:36:03.494,1,-1.15783,1.421864,-2.240502,
10:36:03.494,2,-2.129837,1.503245,-2.178508,
10:36:03.593,1,-1.157866,1.421954,-2.240325,
10:36:03.594,2,-2.129828,1.503406,-2.177216,
10:36:03.676,1,-1.15804,1.421948,-2.240517,
10:36:03.676,2,-2.128494,1.503391,-2.177343,
10:36:03.760,1,-1.158092,1.422012,-2.240415,
10:36:03.760,2,-2.13026,1.502983,-2.175443,
10:36:03.842,1,-1.158079,1.422032,-2.240444,
10:36:03.842,2,-2.128282,1.50314,-2.177117,
10:36:03.976,1,-1.158013,1.422266,-2.240358,
10:36:03.976,2,-2.12802,1.503261,-2.177253,
10:36:04.126,1,-1.157978,1.422385,-2.24004,
10:36:04.126,2,-2.127849,1.503509,-2.17752,
10:36:04.209,1,-1.157917,1.422313,-2.23945,
10:36:04.209,2,-2.126094,1.503322,-2.177721,
10:36:04.292,1,-1.157639,1.422021,-2.239156,
10:36:04.293,2,-2.126289,1.499163,-2.178422,
10:36:04.376,1,-1.157247,1.421943,-2.238531,
10:36:04.376,2,-2.125478,1.4988,-2.179238,
10:36:04.459,1,-1.157099,1.421859,-2.237912,
10:36:04.459,2,-2.125548,1.496537,-2.179495,
10:36:04.543,1,-1.15631,1.422242,-2.236209,
10:36:04.543,2,-2.125838,1.501481,-2.179916,
10:36:04.626,1,-1.156195,1.422314,-2.23576,
10:36:04.626,2,-2.125891,1.506537,-2.18035,
10:36:04.710,1,-1.156083,1.422238,-2.235093,
10:36:04.710,2,-2.126527,1.505556,-2.179854,
10:36:04.792,1,-1.155954,1.421482,-2.234845,
10:36:04.792,2,-2.127276,1.508746,-2.179216,
10:36:04.876,1,-1.155837,1.421823,-2.234332,
10:36:04.877,2,-2.127283,1.509187,-2.180576,
10:36:04.959,1,-1.155655,1.421793,-2.233816,
10:36:04.959,2,-2.127224,1.511648,-2.180684,
10:36:05.043,1,-1.155393,1.421845,-2.232921,
10:36:05.044,2,-2.126895,1.512078,-2.181017,
10:36:05.126,1,-1.154901,1.421772,-2.231278,
10:36:05.126,2,-2.126834,1.511857,-2.181432,
10:36:05.276,1,-1.154642,1.42165,-2.229331,
10:36:05.277,2,-2.126431,1.510285,-2.18262,
10:36:05.359,1,-1.154653,1.421387,-2.229321,
10:36:05.359,2,-2.128162,1.509017,-2.180663,
10:36:05.443,1,-1.154241,1.421386,-2.228958,
10:36:05.443,2,-2.128447,1.508948,-2.180859,
10:36:05.526,1,-1.154163,1.421077,-2.228713,
10:36:05.526,2,-2.128361,1.508047,-2.180788,
10:36:05.609,1,-1.153807,1.421237,-2.228213,
10:36:05.609,2,-2.127896,1.508913,-2.180865,
10:36:05.693,1,-1.153823,1.421265,-2.228226,
10:36:05.693,2,-2.128455,1.50779,-2.180834,
10:36:05.776,1,-1.153791,1.421113,-2.22815,
10:36:05.776,2,-2.128673,1.506774,-2.180671,
10:36:05.860,1,-1.153871,1.421276,-2.228003,
10:36:05.860,2,-2.128834,1.505996,-2.180701,
10:36:05.942,1,-1.153997,1.421164,-2.228016,
10:36:05.942,2,-2.129228,1.504951,-2.180361,
10:36:06.076,1,-1.153928,1.421187,-2.227812,
10:36:06.076,2,-2.129716,1.504186,-2.180287,
10:36:06.209,1,-1.153887,1.421457,-2.227626,
10:36:06.209,2,-2.129798,1.503769,-2.180469,
10:36:06.342,1,-1.154142,1.421515,-2.228519,
10:36:06.342,2,-2.130325,1.503291,-2.180133,
10:36:06.476,1,-1.154138,1.420646,-2.228953,
10:36:06.476,2,-2.13149,1.503525,-2.181662,
10:36:06.627,1,-1.154189,1.420348,-2.228755,
10:36:06.627,2,-2.131436,1.503575,-2.181791,
10:36:06.709,1,-1.154312,1.420732,-2.228808,
10:36:06.709,2,-2.132212,1.503188,-2.182146,
10:36:06.842,1,-1.154519,1.420798,-2.229222,
10:36:06.842,2,-2.132401,1.502854,-2.182013,
10:36:06.976,1,-1.154363,1.420519,-2.229183,
10:36:06.976,2,-2.132517,1.503546,-2.182281,
10:36:07.109,1,-1.154412,1.420595,-2.229699,
10:36:07.109,2,-2.132747,1.503497,-2.181845,
10:36:07.242,1,-1.154637,1.420568,-2.230054,
10:36:07.242,2,-2.1341,1.503522,-2.181427,
10:36:07.326,1,-1.154438,1.420504,-2.230001,
10:36:07.327,2,-2.133766,1.50351,-2.182014,
10:36:07.409,1,-1.154445,1.420167,-2.229827,
10:36:07.409,2,-2.133516,1.504004,-2.18218,
10:36:07.493,1,-1.15442,1.419904,-2.229616,
10:36:07.494,2,-2.133762,1.503999,-2.181686,
10:36:07.576,1,-1.154612,1.419811,-2.230049,
10:36:07.576,2,-2.13404,1.504235,-2.181864,
10:36:07.660,1,-1.154572,1.419792,-2.230285,
10:36:07.660,2,-2.133992,1.504568,-2.182137,
10:36:07.742,1,-1.154737,1.419461,-2.230424,
10:36:07.742,2,-2.134006,1.504582,-2.18238,
10:36:07.876,1,-1.154885,1.418908,-2.230565,
10:36:07.876,2,-2.134462,1.504338,-2.183083,
10:36:08.009,1,-1.155084,1.418703,-2.230606,
10:36:08.009,2,-2.132709,1.504311,-2.183088,
10:36:08.142,1,-1.155448,1.418489,-2.230988,
10:36:08.142,2,-2.133785,1.504267,-2.180762,
10:36:08.226,1,-1.155621,1.41859,-2.230889,
10:36:08.226,2,-2.133446,1.503693,-2.181331,
10:36:08.310,1,-1.155963,1.418486,-2.23096,
10:36:08.310,2,-2.132469,1.503824,-2.181993,
10:36:08.392,1,-1.156075,1.418789,-2.231044,
10:36:08.392,2,-2.13213,1.504412,-2.182244,
10:36:08.476,1,-1.156397,1.419258,-2.231466,
10:36:08.476,2,-2.132035,1.504317,-2.182087,
10:36:08.609,1,-1.156484,1.420059,-2.231397,
10:36:08.609,2,-2.131304,1.504251,-2.182444,
10:36:08.742,1,-1.156519,1.420863,-2.231933,
10:36:08.742,2,-2.13067,1.50404,-2.181986,
10:36:08.876,1,-1.156654,1.421232,-2.232375,
10:36:08.876,2,-2.129443,1.503497,-2.182948,
10:36:08.960,1,-1.156758,1.423057,-2.232916,
10:36:08.960,2,-2.12902,1.503236,-2.18218,
10:36:09.042,1,-1.156953,1.424089,-2.233475,
10:36:09.042,2,-2.129534,1.502917,-2.181758,
10:36:09.126,1,-1.156942,1.424488,-2.23379,
10:36:09.127,2,-2.129202,1.50268,-2.18253,
10:36:09.209,1,-1.15699,1.425918,-2.234438,
10:36:09.209,2,-2.129235,1.502678,-2.18328,
10:36:09.342,1,-1.157185,1.42617,-2.235843,
10:36:09.342,2,-2.128343,1.502509,-2.183875,
10:36:09.427,1,-1.157179,1.426941,-2.236151,
10:36:09.427,2,-2.128097,1.502609,-2.183889,
10:36:09.509,1,-1.156937,1.427398,-2.237056,
10:36:09.509,2,-2.126825,1.502728,-2.184336,
10:36:09.642,1,-1.157096,1.427576,-2.238171,
10:36:09.642,2,-2.127896,1.50261,-2.181797,
10:36:09.776,1,-1.157726,1.422946,-2.240243,
10:36:09.776,2,-2.117123,1.503015,-2.186463,
10:36:09.859,1,-1.157742,1.421758,-2.240431,
10:36:09.860,2,-2.111146,1.503214,-2.188044,
10:36:09.942,1,-1.158254,1.418671,-2.24189,
10:36:09.942,2,-2.099064,1.502483,-2.192497,
10:36:10.026,1,-1.15847,1.417829,-2.242289,
10:36:10.026,2,-2.086002,1.502239,-2.197215,
10:36:10.109,1,-1.158971,1.416137,-2.243781,
10:36:10.110,2,-2.078151,1.502765,-2.199284,
10:36:10.192,1,-1.159733,1.414188,-2.244834,
10:36:10.192,2,-2.068061,1.502923,-2.200284,
10:36:10.276,1,-1.160653,1.414234,-2.246335,
10:36:10.277,2,-2.059642,1.502749,-2.199906,
10:36:10.359,1,-1.161028,1.414315,-2.246685,
10:36:10.359,2,-2.046554,1.502243,-2.195444,
10:36:10.443,1,-1.161228,1.41346,-2.246786,
10:36:10.444,2,-2.031809,1.502382,-2.189925,
10:36:10.526,1,-1.162563,1.413465,-2.247943,
10:36:10.526,2,-2.007361,1.502027,-2.178683,
10:36:10.659,1,-1.164015,1.414929,-2.249044,
10:36:10.659,2,-1.967707,1.501874,-2.161197,
10:36:10.742,1,-1.165377,1.414193,-2.250007,
10:36:10.743,2,-1.926166,1.502074,-2.143965,
10:36:10.893,1,-1.169601,1.413809,-2.252169,
10:36:10.893,2,-1.877606,1.502653,-2.121525,
10:36:10.976,1,-1.172477,1.413141,-2.253461,
10:36:10.976,2,-1.840857,1.501788,-2.10866,
10:36:11.060,1,-1.174801,1.413902,-2.254501,
10:36:11.060,2,-1.830119,1.501739,-2.104805,
10:36:11.142,1,-1.177694,1.410796,-2.255535,
10:36:11.142,2,-1.808615,1.501902,-2.103707,
10:36:11.227,1,-1.179962,1.411559,-2.25581,
10:36:11.227,2,-1.802792,1.501647,-2.097445,
10:36:11.309,1,-1.181091,1.414939,-2.255906,
10:36:11.309,2,-1.788578,1.501104,-2.094856,
10:36:11.460,1,-1.182939,1.415375,-2.257035,
10:36:11.460,2,-1.764556,1.501135,-2.111765,
10:36:11.542,1,-1.183486,1.413218,-2.257464,
10:36:11.542,2,-1.730651,1.500951,-2.14663,
10:36:11.626,1,-1.183523,1.412744,-2.257503,
10:36:11.626,2,-1.727272,1.501082,-2.153253,
10:36:11.709,1,-1.183469,1.410887,-2.257936,
10:36:11.709,2,-1.717061,1.500916,-2.16974,
10:36:11.793,1,-1.182801,1.411161,-2.258096,
10:36:11.793,2,-1.705899,1.501009,-2.187297,
10:36:11.876,1,-1.179528,1.410828,-2.256511,
10:36:11.876,2,-1.696939,1.501051,-2.203753,
10:36:11.959,1,-1.17895,1.41039,-2.256695,
10:36:11.959,2,-1.690724,1.501871,-2.214986,
10:36:12.043,1,-1.175753,1.413426,-2.255284,
10:36:12.043,2,-1.682658,1.502106,-2.231689,
10:36:12.126,1,-1.175307,1.412195,-2.255399,
10:36:12.126,2,-1.680139,1.502194,-2.237593,
10:36:12.209,1,-1.173332,1.415348,-2.254641,
10:36:12.209,2,-1.662728,1.502277,-2.261543,
10:36:12.342,1,-1.171143,1.416373,-2.253517,
10:36:12.342,2,-1.657588,1.502719,-2.268201,
10:36:12.426,1,-1.169178,1.417913,-2.252481,
10:36:12.426,2,-1.655527,1.502807,-2.270506,
10:36:12.509,1,-1.167609,1.417814,-2.25143,
10:36:12.509,2,-1.650105,1.502931,-2.27571,
10:36:12.593,1,-1.166908,1.41806,-2.251275,
10:36:12.593,2,-1.648157,1.50313,-2.27769,
10:36:12.676,1,-1.165461,1.418592,-2.250366,
10:36:12.676,2,-1.646529,1.503069,-2.279216,
10:36:12.760,1,-1.164893,1.417172,-2.250652,
10:36:12.760,2,-1.644846,1.503487,-2.28119,
10:36:12.859,1,-1.164113,1.417138,-2.249792,
10:36:12.859,2,-1.645463,1.503546,-2.280034,
10:36:12.943,1,-1.163748,1.416647,-2.249956,
10:36:12.943,2,-1.646169,1.503635,-2.278978,
10:36:13.026,1,-1.163506,1.416567,-2.24926,
10:36:13.026,2,-1.646235,1.503862,-2.279247,
10:36:13.110,1,-1.162423,1.416539,-2.248466,
10:36:13.110,2,-1.646911,1.503887,-2.278502,
10:36:13.192,1,-1.162042,1.416784,-2.248447,
10:36:13.192,2,-1.64836,1.504012,-2.277779,
10:36:13.326,1,-1.161028,1.416655,-2.246859,
10:36:13.326,2,-1.649407,1.504814,-2.277546,
10:36:13.410,1,-1.159971,1.417004,-2.245946,
10:36:13.410,2,-1.650406,1.504994,-2.277391,
10:36:13.510,1,-1.159091,1.416839,-2.244682,
10:36:13.510,2,-1.651886,1.504726,-2.277237,
10:36:13.592,1,-1.15837,1.418236,-2.244299,
10:36:13.592,2,-1.652853,1.504682,-2.277554,
10:36:13.677,1,-1.15746,1.418371,-2.244056,
10:36:13.677,2,-1.654539,1.50481,-2.278265,
10:36:13.759,1,-1.156706,1.419474,-2.243896,
10:36:13.760,2,-1.655671,1.504961,-2.278137,
10:36:13.842,1,-1.155637,1.418823,-2.243597,
10:36:13.842,2,-1.65718,1.504891,-2.280941,
10:36:13.927,1,-1.153801,1.419627,-2.243355,
10:36:13.927,2,-1.657336,1.504845,-2.28082,
10:36:14.009,1,-1.152437,1.418894,-2.243417,
10:36:14.009,2,-1.658579,1.504801,-2.281818,
10:36:14.093,1,-1.151462,1.418142,-2.24387,
10:36:14.094,2,-1.658753,1.50527,-2.28167,
10:36:14.176,1,-1.150306,1.418152,-2.243943,
10:36:14.176,2,-1.658927,1.505359,-2.28147,
10:36:14.260,1,-1.149558,1.419682,-2.244095,
10:36:14.260,2,-1.658977,1.505141,-2.281381,
10:36:14.342,1,-1.148276,1.416724,-2.244235,
10:36:14.342,2,-1.658959,1.505169,-2.281393,
10:36:14.476,1,-1.147805,1.414758,-2.244219,
10:36:14.476,2,-1.659004,1.505533,-2.280758,
10:36:14.609,1,-1.144988,1.412642,-2.243816,
10:36:14.609,2,-1.658901,1.505738,-2.280331,
10:36:14.693,1,-1.144549,1.411712,-2.244011,
10:36:14.693,2,-1.658751,1.506526,-2.280488,
10:36:14.776,1,-1.143566,1.40959,-2.244273,
10:36:14.776,2,-1.658542,1.507166,-2.280428,
10:36:14.860,1,-1.141487,1.411186,-2.245443,
10:36:14.860,2,-1.658481,1.507551,-2.280312,
10:36:14.960,1,-1.139912,1.412444,-2.245796,
10:36:14.961,2,-1.658383,1.507909,-2.280358,
10:36:15.042,1,-1.135767,1.412559,-2.248006,
10:36:15.042,2,-1.657906,1.50821,-2.282823,
10:36:15.127,1,-1.134916,1.412752,-2.248844,
10:36:15.127,2,-1.658223,1.508324,-2.281861,
10:36:15.209,1,-1.132892,1.419163,-2.248848,
10:36:15.209,2,-1.65773,1.507748,-2.283053,
10:36:15.360,1,-1.130943,1.423249,-2.249662,
10:36:15.360,2,-1.658079,1.507414,-2.281637,
10:36:15.460,1,-1.129567,1.416121,-2.249329,
10:36:15.460,2,-1.657918,1.507018,-2.281128,
10:36:15.609,1,-1.128734,1.417777,-2.248725,
10:36:15.609,2,-1.658434,1.507308,-2.280456,
10:36:15.692,1,-1.128106,1.413436,-2.248255,
10:36:15.692,2,-1.658536,1.507269,-2.280198,
10:36:15.776,1,-1.127714,1.415862,-2.247487,
10:36:15.776,2,-1.658573,1.507598,-2.280237,
10:36:15.859,1,-1.12762,1.426204,-2.247334,
10:36:15.859,2,-1.658953,1.50865,-2.281081,
10:36:15.942,1,-1.12759,1.428778,-2.247306,
10:36:15.942,2,-1.659188,1.508269,-2.282243,
10:36:16.026,1,-1.127603,1.442287,-2.247133,
10:36:16.026,2,-1.658931,1.508845,-2.281497,
10:36:16.109,1,-1.127549,1.439026,-2.246356,
10:36:16.109,2,-1.659566,1.508848,-2.281484,
10:36:16.192,1,-1.127005,1.437048,-2.244707,
10:36:16.192,2,-1.659597,1.508682,-2.281038,
10:36:16.276,1,-1.126639,1.428997,-2.244751,
10:36:16.276,2,-1.659628,1.508565,-2.281266,
10:36:16.359,1,-1.128157,1.426552,-2.243767,
10:36:16.359,2,-1.659403,1.508617,-2.280887,
10:36:16.492,1,-1.127154,1.420646,-2.243696,
10:36:16.493,2,-1.659579,1.508796,-2.28086,
10:36:16.626,1,-1.126088,1.415483,-2.243715,
10:36:16.626,2,-1.659213,1.509304,-2.28108,
10:36:16.759,1,-1.124953,1.422547,-2.244143,
10:36:16.759,2,-1.659031,1.509023,-2.279884,
10:36:16.843,1,-1.124316,1.4272,-2.244562,
10:36:16.844,2,-1.657773,1.509019,-2.280681,
10:36:16.926,1,-1.124119,1.42056,-2.244718,
10:36:16.926,2,-1.657617,1.509462,-2.279692,
10:36:17.059,1,-1.123034,1.416621,-2.245121,
10:36:17.059,2,-1.656819,1.508181,-2.279419,
10:36:17.142,1,-1.122143,1.407138,-2.244949,
10:36:17.143,2,-1.656749,1.507144,-2.277759,
10:36:17.226,1,-1.122008,1.414305,-2.245071,
10:36:17.226,2,-1.656306,1.507449,-2.278326,
10:36:17.309,1,-1.121224,1.419982,-2.245073,
10:36:17.309,2,-1.655931,1.507371,-2.278002,
10:36:17.392,1,-1.120861,1.422776,-2.244935,
10:36:17.393,2,-1.655799,1.507515,-2.277659,
10:36:17.493,1,-1.120326,1.423334,-2.244967,
10:36:17.493,2,-1.655094,1.507532,-2.277842,
10:36:17.576,1,-1.119809,1.421407,-2.245177,
10:36:17.576,2,-1.65473,1.507922,-2.277348,
10:36:17.659,1,-1.119533,1.41571,-2.245284,
10:36:17.659,2,-1.654489,1.508307,-2.277286,
10:36:17.759,1,-1.119068,1.410627,-2.245475,
10:36:17.759,2,-1.652886,1.507916,-2.278044,
10:36:17.842,1,-1.118929,1.403446,-2.245468,
10:36:17.843,2,-1.652567,1.50767,-2.27747,
10:36:17.926,1,-1.118844,1.404052,-2.245493,
10:36:17.926,2,-1.651926,1.5078,-2.277313,
10:36:18.009,1,-1.118611,1.401437,-2.246368,
10:36:18.009,2,-1.650886,1.507981,-2.277817,
10:36:18.092,1,-1.118439,1.40123,-2.24646,
10:36:18.093,2,-1.650904,1.507998,-2.277525,
10:36:18.243,1,-1.118329,1.404252,-2.246557,
10:36:18.243,2,-1.650422,1.508064,-2.277412,
10:36:18.343,1,-1.117752,1.405748,-2.247023,
10:36:18.344,2,-1.65095,1.507729,-2.276413,
10:36:18.426,1,-1.117654,1.402178,-2.247921,
10:36:18.426,2,-1.651105,1.508201,-2.276346,
10:36:18.559,1,-1.117798,1.401722,-2.24769,
10:36:18.559,2,-1.651507,1.508088,-2.276118,
10:36:18.693,1,-1.117849,1.400562,-2.248111,
10:36:18.693,2,-1.651845,1.507979,-2.276333,
10:36:18.776,1,-1.117816,1.401109,-2.248142,
10:36:18.776,2,-1.651335,1.507621,-2.278566,
10:36:18.859,1,-1.117847,1.400176,-2.247971,
10:36:18.859,2,-1.650936,1.506963,-2.279035,
10:36:18.942,1,-1.118066,1.402755,-2.248315,
10:36:18.943,2,-1.651467,1.507079,-2.278911,
10:36:19.026,1,-1.118398,1.401313,-2.248481,
10:36:19.026,2,-1.652039,1.507276,-2.278371,
10:36:19.110,1,-1.11871,1.402521,-2.248235,
10:36:19.110,2,-1.652654,1.50708,-2.277883,
10:36:19.192,1,-1.118602,1.405377,-2.248155,
10:36:19.193,2,-1.652509,1.506829,-2.27809,
10:36:19.326,1,-1.118717,1.404592,-2.247619,
10:36:19.326,2,-1.652919,1.506524,-2.27771,
10:36:19.477,1,-1.118603,1.404695,-2.247693,
10:36:19.477,2,-1.653204,1.506753,-2.277451,
10:36:19.559,1,-1.118486,1.404895,-2.248701,
10:36:19.559,2,-1.651986,1.507547,-2.280764,
10:36:19.643,1,-1.118414,1.403388,-2.248759,
10:36:19.643,2,-1.652555,1.507547,-2.279353,
10:36:19.744,1,-1.118541,1.403691,-2.248762,
10:36:19.744,2,-1.652169,1.507279,-2.27968,
10:36:19.842,1,-1.11862,1.402677,-2.248717,
10:36:19.843,2,-1.651817,1.507263,-2.280558,
10:36:19.926,1,-1.118705,1.402626,-2.248811,
10:36:19.926,2,-1.652011,1.507326,-2.279503,
10:36:20.077,1,-1.118664,1.399806,-2.249032,
10:36:20.077,2,-1.651452,1.507363,-2.279604,
10:36:20.176,1,-1.118897,1.40032,-2.249619,
10:36:20.176,2,-1.651179,1.507298,-2.279323,
10:36:20.259,1,-1.118895,1.402217,-2.249675,
10:36:20.259,2,-1.650486,1.507505,-2.279368,
10:36:20.342,1,-1.118894,1.401847,-2.249733,
10:36:20.343,2,-1.651057,1.507752,-2.277585,
10:36:20.426,1,-1.118955,1.404076,-2.250302,
10:36:20.426,2,-1.650443,1.507463,-2.278008,
10:36:20.526,1,-1.119078,1.400483,-2.250677,
10:36:20.526,2,-1.650648,1.507744,-2.277579,
10:36:20.610,1,-1.119125,1.401431,-2.25102,
10:36:20.610,2,-1.650268,1.507654,-2.27776,
10:36:20.692,1,-1.118903,1.40205,-2.251105,
10:36:20.693,2,-1.650191,1.507392,-2.277779,
10:36:20.826,1,-1.119335,1.403979,-2.251451,
10:36:20.826,2,-1.648391,1.507592,-2.280242,
10:36:20.977,1,-1.119438,1.406495,-2.251776,
10:36:20.977,2,-1.648254,1.507849,-2.282063,
10:36:21.059,1,-1.11956,1.406445,-2.251771,
10:36:21.059,2,-1.647591,1.507661,-2.282617,
10:36:21.143,1,-1.119759,1.40578,-2.251937,
10:36:21.143,2,-1.64797,1.50749,-2.282383,
10:36:21.226,1,-1.11993,1.402432,-2.251892,
10:36:21.226,2,-1.647158,1.507769,-2.283567,
10:36:21.309,1,-1.120125,1.401109,-2.252425,
10:36:21.309,2,-1.647357,1.507806,-2.28315,
10:36:21.392,1,-1.120104,1.393295,-2.252914,
10:36:21.393,2,-1.645893,1.507698,-2.284399,
10:36:21.476,1,-1.120209,1.393247,-2.253769,
10:36:21.476,2,-1.645561,1.507713,-2.284312,
10:36:21.559,1,-1.120188,1.400633,-2.253703,
10:36:21.559,2,-1.645654,1.507535,-2.283926,
10:36:21.642,1,-1.119981,1.401633,-2.254528,
10:36:21.643,2,-1.64459,1.507504,-2.284238,
10:36:21.726,1,-1.120069,1.402785,-2.254924,
10:36:21.726,2,-1.644107,1.507426,-2.283648,
10:36:21.809,1,-1.119087,1.402295,-2.256151,
10:36:21.809,2,-1.642632,1.507351,-2.28398,
10:36:21.927,1,-1.118855,1.402891,-2.25636,
10:36:21.927,2,-1.642446,1.507351,-2.28332,
10:36:22.026,1,-1.117932,1.400841,-2.256191,
10:36:22.026,2,-1.641522,1.50733,-2.282793,
10:36:22.109,1,-1.11733,1.396015,-2.257096,
10:36:22.109,2,-1.641865,1.506977,-2.281989,
10:36:22.193,1,-1.116746,1.387087,-2.257466,
10:36:22.194,2,-1.642215,1.507134,-2.281819,
10:36:22.276,1,-1.116524,1.402122,-2.257165,
10:36:22.276,2,-1.644111,1.507017,-2.279577,
10:36:22.360,1,-1.116386,1.399075,-2.256866,
10:36:22.361,2,-1.643554,1.507238,-2.280619,
10:36:22.460,1,-1.116219,1.393301,-2.256389,
10:36:22.460,2,-1.642966,1.507163,-2.281251,
10:36:22.543,1,-1.115625,1.386827,-2.255843,
10:36:22.543,2,-1.643541,1.507044,-2.28105,
10:36:22.626,1,-1.115412,1.379375,-2.255382,
10:36:22.626,2,-1.644771,1.506967,-2.279696,
10:36:22.726,1,-1.115291,1.384634,-2.254434,
10:36:22.726,2,-1.644179,1.506781,-2.280004,
10:36:22.809,1,-1.115464,1.375789,-2.25399,
10:36:22.809,2,-1.645517,1.506654,-2.279202,
10:36:22.893,1,-1.115206,1.38899,-2.253512,
10:36:22.893,2,-1.645638,1.50662,-2.279301,
10:36:22.976,1,-1.115411,1.389153,-2.251627,
10:36:22.976,2,-1.644815,1.506396,-2.279886,
10:36:23.059,1,-1.115476,1.39197,-2.2513,
10:36:23.060,2,-1.644618,1.506216,-2.279707,
10:36:23.143,1,-1.115545,1.401991,-2.24876,
10:36:23.143,2,-1.646349,1.506395,-2.274177,
10:36:23.226,1,-1.115828,1.404328,-2.248374,
10:36:23.226,2,-1.648159,1.506255,-2.267533,
10:36:23.310,1,-1.115962,1.40084,-2.247263,
10:36:23.310,2,-1.648166,1.506121,-2.250062,
10:36:23.393,1,-1.116265,1.40973,-2.244779,
10:36:23.393,2,-1.651096,1.506168,-2.231979,
10:36:23.476,1,-1.116302,1.415569,-2.244474,
10:36:23.476,2,-1.659645,1.506785,-2.19929,
10:36:23.560,1,-1.116462,1.413927,-2.244475,
10:36:23.560,2,-1.665491,1.507841,-2.176035,
10:36:23.643,1,-1.116899,1.413054,-2.243695,
10:36:23.643,2,-1.676146,1.50894,-2.138666,
10:36:23.726,1,-1.117271,1.412964,-2.243115,
10:36:23.727,2,-1.686354,1.509125,-2.107132,
10:36:23.810,1,-1.117786,1.424438,-2.241205,
10:36:23.810,2,-1.697685,1.509009,-2.058355,
10:36:23.893,1,-1.117775,1.423869,-2.240748,
10:36:23.894,2,-1.701624,1.509396,-2.040489,
10:36:23.976,1,-1.117663,1.428748,-2.239567,
10:36:23.976,2,-1.703639,1.509476,-2.006988,
10:36:24.060,1,-1.117498,1.432961,-2.239161,
10:36:24.060,2,-1.70283,1.509348,-1.973242,
10:36:24.143,1,-1.11726,1.428639,-2.236964,
10:36:24.143,2,-1.697081,1.509448,-1.92135,
10:36:24.226,1,-1.117983,1.42723,-2.23561,
10:36:24.226,2,-1.686526,1.509593,-1.882665,
10:36:24.309,1,-1.118182,1.426937,-2.235354,
10:36:24.309,2,-1.654877,1.50972,-1.802163,
10:36:24.393,1,-1.118201,1.426266,-2.235372,
10:36:24.393,2,-1.63043,1.509758,-1.750055,
10:36:24.476,1,-1.118412,1.424628,-2.234701,
10:36:24.476,2,-1.576761,1.509636,-1.637139,
10:36:24.560,1,-1.118425,1.421332,-2.235418,
10:36:24.560,2,-1.547861,1.509888,-1.577102,
10:36:24.643,1,-1.118983,1.422808,-2.235433,
10:36:24.643,2,-1.510625,1.509941,-1.47782,
10:36:24.726,1,-1.11917,1.423158,-2.236145,
10:36:24.727,2,-1.492782,1.509889,-1.418539,
10:36:24.809,1,-1.119267,1.422736,-2.236205,
10:36:24.809,2,-1.469416,1.50953,-1.337971,
10:36:24.943,1,-1.118968,1.422338,-2.23678,
10:36:24.943,2,-1.432778,1.509508,-1.257269,
10:36:25.076,1,-1.11925,1.421969,-2.237457,
10:36:25.076,2,-1.420356,1.509478,-1.152514,
10:36:25.227,1,-1.119421,1.421589,-2.237415,
10:36:25.227,2,-1.357307,1.509553,-1.037785,
10:36:25.309,1,-1.119334,1.421013,-2.237672,
10:36:25.309,2,-1.492164,1.509787,-1.047718,
10:36:25.460,1,-1.119658,1.421005,-2.237912,
10:36:25.460,2,-1.504134,1.510088,-0.947557,
10:36:25.560,1,-1.119322,1.419475,-2.23837,
10:36:25.561,2,-1.482484,1.509871,-0.917577,
10:36:25.643,1,-1.119074,1.415481,-2.239669,
10:36:25.643,2,-1.483831,1.509614,-0.897812,
10:36:25.726,1,-1.119028,1.413834,-2.23988,
10:36:25.726,2,-1.478317,1.509472,-0.888293,
10:36:25.809,1,-1.11865,1.41271,-2.240088,
10:36:25.810,2,-1.512488,1.508266,-0.88041,
10:36:25.893,1,-1.118478,1.414234,-2.240901,
10:36:25.893,2,-1.51636,1.508261,-0.873345,
10:36:25.976,1,-1.118184,1.415151,-2.241417,
10:36:25.976,2,-1.517578,1.508609,-0.872027,
10:36:26.059,1,-1.117417,1.41377,-2.241743,
10:36:26.060,2,-1.504971,1.508922,-0.858045,
10:36:26.143,1,-1.117292,1.414762,-2.242474,
10:36:26.143,2,-1.501332,1.508672,-0.852989,
10:36:26.226,1,-1.117544,1.413006,-2.24242,
10:36:26.227,2,-1.483567,1.508951,-0.850625,
10:36:26.309,1,-1.117077,1.411618,-2.243264,
10:36:26.309,2,-1.480709,1.508959,-0.851234,
10:36:26.393,1,-1.117116,1.410406,-2.243583,
10:36:26.394,2,-1.483999,1.508799,-0.853335,
10:36:26.476,1,-1.117167,1.409119,-2.243599,
10:36:26.476,2,-1.50476,1.508761,-0.852481,
10:36:26.560,1,-1.116735,1.40908,-2.24391,
10:36:26.560,2,-1.51731,1.508604,-0.856678,
10:36:26.660,1,-1.116189,1.407941,-2.243925,
10:36:26.660,2,-1.519189,1.508217,-0.856682,
10:36:26.743,1,-1.11602,1.410468,-2.244279,
10:36:26.743,2,-1.526136,1.508036,-0.858856,
10:36:26.827,1,-1.116334,1.411217,-2.244352,
10:36:26.827,2,-1.527959,1.507273,-0.860143,
10:36:26.909,1,-1.116001,1.408863,-2.243773,
10:36:26.909,2,-1.528474,1.507366,-0.860618,
10:36:26.993,1,-1.115921,1.408004,-2.243548,
10:36:26.994,2,-1.528493,1.506327,-0.861316,
10:36:27.076,1,-1.115599,1.409302,-2.243567,
10:36:27.076,2,-1.534005,1.506187,-0.856675,
10:36:27.160,1,-1.115816,1.41279,-2.243449,
10:36:27.161,2,-1.534504,1.506212,-0.856748,
10:36:27.243,1,-1.115779,1.41014,-2.24329,
10:36:27.243,2,-1.534185,1.505995,-0.85419,
10:36:27.327,1,-1.115848,1.409217,-2.242932,
10:36:27.327,2,-1.534067,1.505695,-0.853421,
10:36:27.409,1,-1.115882,1.408677,-2.242417,
10:36:27.409,2,-1.527916,1.505915,-0.838823,
10:36:27.493,1,-1.116026,1.408016,-2.242488,
10:36:27.494,2,-1.530786,1.506001,-0.844519,
10:36:27.593,1,-1.116162,1.40745,-2.242376,
10:36:27.594,2,-1.523949,1.506191,-0.839608,
10:36:27.676,1,-1.116273,1.41026,-2.24221,
10:36:27.676,2,-1.530363,1.506195,-0.845375,
10:36:27.760,1,-1.116221,1.409012,-2.242089,
10:36:27.760,2,-1.526717,1.506324,-0.848177,
10:36:27.843,1,-1.115991,1.407384,-2.241075,
10:36:27.843,2,-1.528021,1.506234,-0.850246,
10:36:27.927,1,-1.116076,1.403858,-2.240641,
10:36:27.927,2,-1.525801,1.506405,-0.842369,
10:36:28.027,1,-1.115609,1.403866,-2.239922,
10:36:28.027,2,-1.541575,1.505997,-0.835382,
10:36:28.109,1,-1.115537,1.404801,-2.239501,
10:36:28.109,2,-1.540755,1.505749,-0.835734,
10:36:28.194,1,-1.115496,1.405801,-2.239153,
10:36:28.194,2,-1.543717,1.506072,-0.833071,
10:36:28.276,1,-1.115015,1.405676,-2.238202,
10:36:28.276,2,-1.547703,1.506212,-0.832116,
10:36:28.360,1,-1.114984,1.405148,-2.238149,
10:36:28.361,2,-1.547369,1.506668,-0.830896,
10:36:28.443,1,-1.114742,1.405568,-2.237749,
10:36:28.443,2,-1.536421,1.506589,-0.821722,
10:36:28.576,1,-1.114922,1.406048,-2.237358,
10:36:28.576,2,-1.535915,1.506589,-0.8206,
10:36:28.660,1,-1.114603,1.406053,-2.237673,
10:36:28.661,2,-1.535674,1.50681,-0.81941,
10:36:28.760,1,-1.114522,1.405968,-2.236635,
10:36:28.761,2,-1.533945,1.506475,-0.819081,
10:36:28.843,1,-1.114479,1.406411,-2.236437,
10:36:28.843,2,-1.531607,1.506836,-0.823059,
10:36:28.926,1,-1.114633,1.412711,-2.236116,
10:36:28.926,2,-1.530767,1.506475,-0.824158,
10:36:29.010,1,-1.114698,1.413093,-2.236585,
10:36:29.010,2,-1.531939,1.506484,-0.82596,
10:36:29.093,1,-1.114724,1.411093,-2.236462,
10:36:29.093,2,-1.53067,1.505932,-0.826563,
10:36:29.176,1,-1.114628,1.410321,-2.23672,
10:36:29.176,2,-1.529753,1.505647,-0.826663,
10:36:29.260,1,-1.114508,1.409647,-2.236755,
10:36:29.260,2,-1.529127,1.505875,-0.826665,
10:36:29.343,1,-1.114381,1.408883,-2.236847,
10:36:29.343,2,-1.528472,1.50606,-0.82431,
10:36:29.427,1,-1.11468,1.408429,-2.237606,
10:36:29.427,2,-1.528118,1.505971,-0.825114,
10:36:29.527,1,-1.11498,1.411604,-2.237953,
10:36:29.527,2,-1.528526,1.506417,-0.825166,
10:36:29.609,1,-1.116427,1.410196,-2.238689,
10:36:29.610,2,-1.528113,1.506324,-0.825467,
10:36:29.694,1,-1.117675,1.40961,-2.238364,
10:36:29.694,2,-1.530246,1.506145,-0.824953,
10:36:29.776,1,-1.121514,1.408905,-2.240172,
10:36:29.776,2,-1.530289,1.506252,-0.825901,
10:36:29.860,1,-1.126961,1.408239,-2.238751,
10:36:29.861,2,-1.530381,1.505843,-0.825821,
10:36:29.960,1,-1.135055,1.407134,-2.240156,
10:36:29.961,2,-1.530015,1.506077,-0.824937,
10:36:30.043,1,-1.152399,1.407232,-2.236977,
10:36:30.043,2,-1.529347,1.506128,-0.824928,
10:36:30.126,1,-1.165186,1.406561,-2.237801,
10:36:30.126,2,-1.529169,1.506044,-0.825164,
10:36:30.209,1,-1.187479,1.408522,-2.239263,
10:36:30.209,2,-1.530413,1.505952,-0.825893,
10:36:30.343,1,-1.217115,1.413161,-2.241895,
10:36:30.343,2,-1.539571,1.506012,-0.835397,
10:36:30.427,1,-1.234517,1.415984,-2.244202,
10:36:30.427,2,-1.539095,1.505857,-0.836753,
10:36:30.509,1,-1.256293,1.416698,-2.244692,
10:36:30.509,2,-1.539481,1.506093,-0.839648,
10:36:30.593,1,-1.27115,1.415416,-2.245913,
10:36:30.593,2,-1.541413,1.506424,-0.839242,
10:36:30.676,1,-1.293738,1.416057,-2.247151,
10:36:30.676,2,-1.547359,1.506521,-0.833209,
10:36:30.760,1,-1.309057,1.416223,-2.246919,
10:36:30.761,2,-1.546977,1.506607,-0.831007,
10:36:30.843,1,-1.324653,1.41169,-2.248742,
10:36:30.843,2,-1.547059,1.506525,-0.823988,
10:36:30.927,1,-1.333985,1.414535,-2.249537,
10:36:30.928,2,-1.537466,1.50635,-0.805703,
10:36:31.010,1,-1.34582,1.415401,-2.250623,
10:36:31.010,2,-1.544518,1.506814,-0.809235,
10:36:31.094,1,-1.349486,1.408894,-2.250541,
10:36:31.094,2,-1.545013,1.50654,-0.811272,
10:36:31.176,1,-1.356677,1.411401,-2.250496,
10:36:31.177,2,-1.546868,1.506364,-0.817737,
10:36:31.260,1,-1.360106,1.411575,-2.250485,
10:36:31.260,2,-1.550857,1.505879,-0.825178,
10:36:31.343,1,-1.364093,1.411473,-2.250415,
10:36:31.343,2,-1.561023,1.506241,-0.828264,
10:36:31.426,1,-1.366957,1.412527,-2.250698,
10:36:31.427,2,-1.562051,1.506382,-0.826218,
10:36:31.509,1,-1.369889,1.41276,-2.250645,
10:36:31.509,2,-1.575047,1.506474,-0.818929,
10:36:31.643,1,-1.373154,1.414052,-2.249543,
10:36:31.643,2,-1.578813,1.506383,-0.815667,
10:36:31.726,1,-1.374182,1.414689,-2.248918,
10:36:31.726,2,-1.580421,1.506428,-0.814515,
10:36:31.809,1,-1.375321,1.412281,-2.247604,
10:36:31.810,2,-1.584059,1.506594,-0.813858,
10:36:31.893,1,-1.376899,1.410813,-2.247105,
10:36:31.893,2,-1.579331,1.506469,-0.825036,
10:36:31.976,1,-1.377649,1.413233,-2.245717,
10:36:31.976,2,-1.576264,1.506883,-0.83152,
10:36:32.060,1,-1.379304,1.412533,-2.244554,
10:36:32.060,2,-1.580079,1.507525,-0.830182,
10:36:32.143,1,-1.381765,1.40406,-2.243533,
10:36:32.143,2,-1.565976,1.50764,-0.793397,
10:36:32.226,1,-1.382191,1.402544,-2.242991,
10:36:32.226,2,-1.579325,1.507482,-0.794036,
10:36:32.309,1,-1.383803,1.402491,-2.241393,
10:36:32.310,2,-1.580053,1.507543,-0.790116,
10:36:32.394,1,-1.384951,1.407536,-2.24096,
10:36:32.394,2,-1.589831,1.507413,-0.795862,
10:36:32.476,1,-1.387578,1.404605,-2.239465,
10:36:32.477,2,-1.588621,1.50737,-0.798952,
10:36:32.559,1,-1.388975,1.404389,-2.238587,
10:36:32.560,2,-1.587954,1.50757,-0.811,
10:36:32.644,1,-1.391413,1.404366,-2.236826,
10:36:32.644,2,-1.587231,1.507683,-0.826322,
10:36:32.726,1,-1.392546,1.404306,-2.236225,
10:36:32.727,2,-1.582797,1.507838,-0.829361,
10:36:32.809,1,-1.396675,1.403531,-2.234372,
10:36:32.810,2,-1.571149,1.507566,-0.832233,
10:36:32.943,1,-1.403809,1.403866,-2.232451,
10:36:32.943,2,-1.570459,1.507399,-0.839913,
10:36:33.027,1,-1.404058,1.403755,-2.232308,
10:36:33.027,2,-1.571798,1.507616,-0.847717,
10:36:33.109,1,-1.405767,1.402724,-2.230875,
10:36:33.110,2,-1.568674,1.507615,-0.836894,
10:36:33.194,1,-1.406919,1.405937,-2.230256,
10:36:33.194,2,-1.573988,1.507894,-0.835015,
10:36:33.276,1,-1.407425,1.405331,-2.229195,
10:36:33.276,2,-1.571212,1.507267,-0.834303,
10:36:33.360,1,-1.407314,1.407877,-2.227619,
10:36:33.360,2,-1.573939,1.507168,-0.831264,
10:36:33.445,1,-1.407405,1.406255,-2.222263,
10:36:33.446,2,-1.538319,1.507317,-0.836536,
10:36:33.526,1,-1.407435,1.406439,-2.216466,
10:36:33.526,2,-1.560564,1.506854,-0.792757,
10:36:33.610,1,-1.409571,1.410704,-2.204968,
10:36:33.610,2,-1.566571,1.506869,-0.840717,
10:36:33.693,1,-1.413071,1.407583,-2.188719,
10:36:33.693,2,-1.558275,1.506855,-0.840964,
10:36:33.777,1,-1.419732,1.407498,-2.164125,
10:36:33.777,2,-1.559807,1.507245,-0.845058,
10:36:33.860,1,-1.426749,1.406291,-2.145284,
10:36:33.860,2,-1.5699,1.50707,-0.84039,
10:36:33.943,1,-1.433191,1.405718,-2.11626,
10:36:33.943,2,-1.542044,1.507299,-0.851487,
10:36:34.027,1,-1.43586,1.405223,-2.094022,
10:36:34.027,2,-1.537972,1.507246,-0.848354,
10:36:34.109,1,-1.447841,1.404357,-2.052761,
10:36:34.110,2,-1.57041,1.507127,-0.83537,
10:36:34.194,1,-1.451663,1.404109,-2.041118,
10:36:34.194,2,-1.623299,1.507014,-0.859424,
10:36:34.293,1,-1.457857,1.408951,-2.013996,
10:36:34.294,2,-1.587682,1.507254,-0.858939,
10:36:34.376,1,-1.459877,1.404911,-1.988047,
10:36:34.376,2,-1.599154,1.507022,-0.846396,
10:36:34.460,1,-1.460691,1.407016,-1.977207,
10:36:34.460,2,-1.725606,1.507055,-1.051279,
10:36:34.543,1,-1.466724,1.410311,-1.955017,
10:36:34.543,2,-1.693674,1.507202,-1.061756,
10:36:34.627,1,-1.468799,1.406764,-1.944426,
10:36:34.627,2,-1.665395,1.506787,-0.881213,
10:36:34.709,1,-1.474149,1.406346,-1.932057,
10:36:34.710,2,-1.712263,1.507138,-1.077267,
10:36:34.793,1,-1.482591,1.407775,-1.924169,
10:36:34.794,2,-1.708053,1.507232,-1.062578,
10:36:34.876,1,-1.495614,1.406739,-1.908449,
10:36:34.876,2,-1.704553,1.507484,-1.069575,
10:36:34.960,1,-1.508792,1.404762,-1.899256,
10:36:34.961,2,-1.720553,1.507562,-1.064914,
10:36:35.043,1,-1.529631,1.403712,-1.889931,
10:36:35.043,2,-1.738316,1.507625,-1.051876,
10:36:35.127,1,-1.545243,1.401619,-1.881868,
10:36:35.127,2,-1.744348,1.507377,-0.869288,
10:36:35.227,1,-1.587855,1.400144,-1.872789,
10:36:35.227,2,-1.790479,1.507256,-0.87236,
10:36:35.309,1,-1.640627,1.400961,-1.867632,
10:36:35.310,2,-1.790479,1.507005,-0.87236,
10:36:35.393,1,-1.679919,1.405698,-1.863628,
10:36:35.393,2,-1.790479,1.507111,-0.87236,
10:36:35.493,1,-1.741519,1.402186,-1.857295,
10:36:35.494,2,-1.790479,1.507233,-0.87236,
10:36:35.576,1,-1.792152,1.402198,-1.859444,
10:36:35.576,2,-1.790479,1.506547,-0.87236,
10:36:35.660,1,-1.819987,1.401343,-1.857751,
10:36:35.660,2,-1.790479,1.506276,-0.87236,
10:36:35.743,1,-1.85236,1.403297,-1.843867,
10:36:35.743,2,-1.790479,1.506813,-0.87236,
10:36:35.827,1,-1.879598,1.41334,-1.82621,
10:36:35.827,2,-1.790479,1.506713,-0.87236,
10:36:35.927,1,-1.898664,1.416197,-1.801646,
10:36:35.927,2,-1.790479,1.506843,-0.87236,
10:36:36.009,1,-1.914373,1.416242,-1.766707,
10:36:36.009,2,-1.790479,1.506819,-0.87236,
10:36:36.093,1,-1.930013,1.413558,-1.731572,
10:36:36.094,2,-1.790479,1.506938,-0.87236,
10:36:36.176,1,-1.940682,1.413444,-1.672525,
10:36:36.176,2,-1.790479,1.506822,-0.87236,
10:36:36.260,1,-1.949586,1.412511,-1.643349,
10:36:36.260,2,-1.790479,1.506178,-0.87236,
10:36:36.343,1,-1.950328,1.410911,-1.582757,
10:36:36.344,2,-1.790479,1.506288,-0.87236,
10:36:36.426,1,-1.944842,1.408056,-1.541391,
10:36:36.426,2,-1.790479,1.506643,-0.87236,
10:36:36.510,1,-1.947682,1.408214,-1.504992,
10:36:36.510,2,-1.790479,1.506627,-0.87236,
10:36:36.593,1,-1.955153,1.407557,-1.478443,
10:36:36.594,2,-1.790479,1.506113,-0.87236,
10:36:36.694,1,-1.96039,1.408414,-1.451289,
10:36:36.694,2,-1.790479,1.506176,-0.87236,
10:36:36.776,1,-1.958133,1.414404,-1.412414,
10:36:36.776,2,-1.790479,1.506562,-0.87236,
10:36:36.860,1,-1.963413,1.417399,-1.392033,
10:36:36.860,2,-1.790479,1.506916,-0.87236,
10:36:36.943,1,-1.97754,1.416029,-1.368742,
10:36:36.943,2,-1.790479,1.506354,-0.87236,
10:36:37.027,1,-1.996444,1.413251,-1.35055,
10:36:37.027,2,-1.790479,1.506551,-0.87236,
10:36:37.109,1,-2.018509,1.414136,-1.314656,
10:36:37.110,2,-1.790479,1.5072,-0.87236,
10:36:37.193,1,-2.041934,1.409802,-1.286273,
10:36:37.193,2,-1.790479,1.507387,-0.87236,
10:36:37.276,1,-2.088402,1.402064,-1.246674,
10:36:37.276,2,-1.790479,1.507259,-0.87236,
10:36:37.360,1,-2.106549,1.401839,-1.217591,
10:36:37.361,2,-1.790479,1.506341,-0.87236,
10:36:37.459,1,-2.142404,1.411809,-1.178921,
10:36:37.460,2,-1.790479,1.506354,-0.87236,
10:36:37.543,1,-2.160177,1.412924,-1.14955,
10:36:37.543,2,-1.790479,1.506175,-0.87236,
10:36:37.626,1,-2.161655,1.415833,-1.141178,
10:36:37.626,2,-1.790479,1.506053,-0.87236,
10:36:37.710,1,-2.17979,1.419203,-1.127984,
10:36:37.710,2,-1.790479,1.50537,-0.87236,
10:36:37.793,1,-2.178585,1.422428,-1.111188,
10:36:37.876,1,-2.168872,1.505157,-1.086855,
10:36:37.960,1,-2.167223,1.424315,-1.087703,
10:36:38.043,1,-2.150539,1.505801,-1.069689,
10:36:38.126,1,-2.138961,1.41591,-1.06349,
10:36:38.209,1,-2.125596,1.505511,-1.06159,
10:36:38.343,1,-2.111518,1.417497,-1.054023,
10:36:38.427,1,-2.10739,1.505358,-1.051532,
10:36:38.510,1,-2.105634,1.427993,-1.051174,
10:36:38.510,2,-1.323638,1.505385,-1.056193,
10:36:38.594,1,-2.103543,1.428752,-1.050529,
10:36:38.594,2,-1.326553,1.505139,-1.066073,
10:36:38.694,1,-2.102076,1.429187,-1.050562,
10:36:38.694,2,-1.339071,1.505063,-1.093934,
10:36:38.776,1,-2.100059,1.429076,-1.049453,
10:36:38.776,2,-1.358264,1.504786,-1.12638,
10:36:38.860,1,-2.099867,1.429915,-1.048785,
10:36:38.861,2,-1.370632,1.505349,-1.144013,
10:36:38.960,1,-2.09959,1.427418,-1.048693,
10:36:38.960,2,-1.385106,1.505048,-1.16579,
10:36:39.043,1,-2.099587,1.425798,-1.048107,
10:36:39.043,2,-1.423389,1.505187,-1.209317,
10:36:39.176,1,-2.09916,1.426531,-1.048134,
10:36:39.176,2,-1.457631,1.505062,-1.25129,
10:36:39.327,1,-2.100396,1.426231,-1.049514,
10:36:39.327,2,-1.50342,1.505512,-1.29622,
10:36:39.409,1,-2.100054,1.426668,-1.049107,
10:36:39.410,2,-1.546631,1.505561,-1.341544,
10:36:39.560,1,-2.099922,1.426096,-1.051019,
10:36:39.560,2,-1.583041,1.505309,-1.380098,
10:36:39.643,1,-2.100297,1.426158,-1.053654,
10:36:39.643,2,-1.608119,1.505584,-1.434354,
10:36:39.726,1,-2.100478,1.425216,-1.05432,
10:36:39.727,2,-1.613752,1.505615,-1.447979,
10:36:39.810,1,-2.100385,1.424636,-1.055701,
10:36:39.810,2,-1.623579,1.505809,-1.464981,
10:36:39.894,1,-2.100632,1.42371,-1.056396,
10:36:39.894,2,-1.628184,1.505819,-1.477361,
10:36:39.976,1,-2.101238,1.423935,-1.059189,
10:36:39.976,2,-1.631157,1.505562,-1.489931,
10:36:40.060,1,-2.100777,1.42262,-1.060321,
10:36:40.061,2,-1.632777,1.505183,-1.494856,
10:36:40.160,1,-2.10102,1.42298,-1.061338,
10:36:40.161,2,-1.632785,1.505236,-1.495525,
10:36:40.243,1,-2.101349,1.422039,-1.061708,
10:36:40.243,2,-1.632629,1.50529,-1.495903,
10:36:40.327,1,-2.101397,1.422439,-1.061482,
10:36:40.327,2,-1.631588,1.505106,-1.499779,
10:36:40.427,1,-2.102132,1.423698,-1.064325,
10:36:40.427,2,-1.631339,1.504994,-1.502627,
10:36:40.509,1,-2.10297,1.423354,-1.068154,
10:36:40.510,2,-1.630876,1.505768,-1.50754,
10:36:40.593,1,-2.103064,1.424281,-1.067336,
10:36:40.594,2,-1.631029,1.505941,-1.505864,
10:36:40.676,1,-2.103657,1.424363,-1.066382,
10:36:40.676,2,-1.630589,1.505978,-1.505295,
10:36:40.760,1,-2.103761,1.422839,-1.066526,
10:36:40.761,2,-1.630845,1.506239,-1.505854,
10:36:40.860,1,-2.104698,1.423368,-1.066968,
10:36:40.861,2,-1.632408,1.506752,-1.507845,
10:36:40.943,1,-2.103924,1.424236,-1.066468,
10:36:40.943,2,-1.634273,1.506968,-1.508769,
10:36:41.026,1,-2.103224,1.42377,-1.068586,
10:36:41.026,2,-1.634828,1.507534,-1.508985,
10:36:41.109,1,-2.103468,1.423952,-1.066738,
10:36:41.110,2,-1.63541,1.506188,-1.508662,
10:36:41.193,1,-2.103028,1.424237,-1.06553,
10:36:41.193,2,-1.636438,1.505845,-1.506482,
10:36:41.276,1,-2.102694,1.423391,-1.066129,
10:36:41.276,2,-1.637537,1.505089,-1.505803,
10:36:41.360,1,-2.102166,1.421978,-1.065496,
10:36:41.360,2,-1.638465,1.505439,-1.505309,
10:36:41.443,1,-2.101389,1.423628,-1.070975,
10:36:41.443,2,-1.639494,1.504994,-1.504927,
10:36:41.526,1,-2.099098,1.420679,-1.067972,
10:36:41.526,2,-1.639889,1.505602,-1.504486,
10:36:41.610,1,-2.10021,1.422361,-1.066638,
10:36:41.610,2,-1.640762,1.505224,-1.503554,
10:36:41.693,1,-2.097333,1.423568,-1.065102,
10:36:41.693,2,-1.641169,1.504925,-1.50362,
10:36:41.776,1,-2.095269,1.424658,-1.064369,
10:36:41.777,2,-1.641477,1.50536,-1.503566,
10:36:41.860,1,-2.093645,1.425281,-1.064357,
10:36:41.860,2,-1.641195,1.505464,-1.503178,
10:36:41.943,1,-2.090833,1.424595,-1.064153,
10:36:41.943,2,-1.640727,1.505454,-1.502778,
10:36:42.026,1,-2.090447,1.424487,-1.065087,
10:36:42.027,2,-1.640625,1.50545,-1.502515,
10:36:42.110,1,-2.087343,1.424081,-1.064898,
10:36:42.110,2,-1.640629,1.505403,-1.50227,
10:36:42.193,1,-2.083287,1.425755,-1.063592,
10:36:42.193,2,-1.640322,1.505204,-1.502206,
10:36:42.277,1,-2.076332,1.426076,-1.068542,
10:36:42.277,2,-1.640613,1.505032,-1.502656,
10:36:42.377,1,-2.073695,1.425817,-1.065501,
10:36:42.377,2,-1.64049,1.504729,-1.502897,
10:36:42.477,1,-2.07322,1.425903,-1.064988,
10:36:42.477,2,-1.640058,1.504845,-1.502859,
10:36:42.560,1,-2.072905,1.424886,-1.065084,
10:36:42.560,2,-1.63973,1.504782,-1.502961,
10:36:42.643,1,-2.072402,1.42517,-1.066541,
10:36:42.643,2,-1.639229,1.505074,-1.50329,
10:36:42.726,1,-2.07217,1.425783,-1.066261,
10:36:42.726,2,-1.639269,1.504557,-1.503278,
10:36:42.810,1,-2.07125,1.425253,-1.066975,
10:36:42.810,2,-1.639031,1.504006,-1.503666,
10:36:42.893,1,-2.071865,1.421725,-1.066927,
10:36:42.894,2,-1.639014,1.504043,-1.503644,
10:36:42.976,1,-2.071905,1.423347,-1.066785,
10:36:42.976,2,-1.638742,1.503568,-1.50369,
10:36:43.060,1,-2.072358,1.421403,-1.06631,
10:36:43.060,2,-1.63877,1.503981,-1.503905,
10:36:43.143,1,-2.074722,1.424069,-1.067433,
10:36:43.143,2,-1.638774,1.504058,-1.503856,
10:36:43.227,1,-2.073685,1.424782,-1.077174,
10:36:43.227,2,-1.638686,1.503857,-1.503896,
10:36:43.327,1,-2.075156,1.425684,-1.073795,
10:36:43.328,2,-1.638597,1.504059,-1.503823,
10:36:43.409,1,-2.073893,1.42622,-1.07138,
10:36:43.410,2,-1.639093,1.504216,-1.503883,
10:36:43.494,1,-2.074595,1.426851,-1.070157,
10:36:43.494,2,-1.639091,1.504129,-1.504229,
10:36:43.576,1,-2.072057,1.426988,-1.070984,
10:36:43.576,2,-1.639012,1.503806,-1.50401,
10:36:43.660,1,-2.068975,1.426932,-1.068751,
10:36:43.661,2,-1.638919,1.503686,-1.504076,
10:36:43.743,1,-2.068169,1.426799,-1.067283,
10:36:43.743,2,-1.639043,1.503653,-1.504338,
10:36:43.827,1,-2.065982,1.427349,-1.067175,
10:36:43.828,2,-1.639018,1.503615,-1.504356,
10:36:43.910,1,-2.064987,1.427431,-1.063805,
10:36:43.910,2,-1.638929,1.503633,-1.504722,
10:36:44.043,1,-2.068058,1.427687,-1.065654,
10:36:44.043,2,-1.638549,1.503709,-1.503541,
10:36:44.127,1,-2.070598,1.427154,-1.065782,
10:36:44.127,2,-1.638425,1.503917,-1.503626,
10:36:44.227,1,-2.074381,1.427199,-1.068599,
10:36:44.227,2,-1.637799,1.503538,-1.504162,
10:36:44.310,1,-2.075519,1.426619,-1.071466,
10:36:44.310,2,-1.637688,1.503364,-1.504538,
10:36:44.394,1,-2.074965,1.42645,-1.069745,
10:36:44.394,2,-1.637602,1.503797,-1.504671,
10:36:44.476,1,-2.078135,1.426153,-1.065624,
10:36:44.476,2,-1.637448,1.503919,-1.505042,
10:36:44.560,1,-2.081267,1.426491,-1.069451,
10:36:44.561,2,-1.637285,1.503798,-1.505119,
10:36:44.660,1,-2.084975,1.424715,-1.075527,
10:36:44.661,2,-1.637013,1.503955,-1.505204,
10:36:44.743,1,-2.0858,1.425559,-1.07522,
10:36:44.743,2,-1.636694,1.503787,-1.505293,
10:36:44.827,1,-2.087396,1.426389,-1.076738,
10:36:44.827,2,-1.636697,1.503722,-1.505245,
10:36:44.909,1,-2.085517,1.426223,-1.073291,
10:36:44.910,2,-1.636377,1.503848,-1.505181,
10:36:44.994,1,-2.085398,1.425159,-1.072871,
10:36:44.994,2,-1.635493,1.503713,-1.504757,
10:36:45.076,1,-2.08535,1.424699,-1.072196,
10:36:45.076,2,-1.635499,1.503945,-1.504379,
10:36:45.160,1,-2.085278,1.4253,-1.072034,
10:36:45.161,2,-1.635368,1.503829,-1.50417,
10:36:45.259,1,-2.085474,1.426233,-1.071794,
10:36:45.260,2,-1.63527,1.503483,-1.504084,
10:36:45.343,1,-2.084789,1.425332,-1.070326,
10:36:45.343,2,-1.635245,1.503558,-1.503669,
10:36:45.427,1,-2.084812,1.425643,-1.069549,
10:36:45.427,2,-1.635358,1.503633,-1.503512,
10:36:45.510,1,-2.083873,1.426031,-1.06953,
10:36:45.510,2,-1.635235,1.503728,-1.502827,
10:36:45.594,1,-2.083416,1.424453,-1.068538,
10:36:45.594,2,-1.635399,1.503702,-1.501862,
10:36:45.676,1,-2.083375,1.425141,-1.071742,
10:36:45.676,2,-1.635535,1.503612,-1.501762,
10:36:45.760,1,-2.082977,1.425301,-1.071069,
10:36:45.761,2,-1.635243,1.50344,-1.501705,
10:36:45.860,1,-2.080537,1.425421,-1.069071,
10:36:45.861,2,-1.635485,1.503424,-1.506067,
10:36:45.943,1,-2.078909,1.425343,-1.067088,
10:36:45.943,2,-1.632467,1.503475,-1.508503,
10:36:46.026,1,-2.078412,1.426098,-1.06529,
10:36:46.027,2,-1.630866,1.503139,-1.514187,
10:36:46.110,1,-2.076648,1.426294,-1.06537,
10:36:46.110,2,-1.625589,1.503467,-1.525657,
10:36:46.193,1,-2.076413,1.426625,-1.065113,
10:36:46.194,2,-1.620447,1.503632,-1.531378,
10:36:46.276,1,-2.073718,1.427129,-1.066134,
10:36:46.276,2,-1.610248,1.50371,-1.547383,
10:36:46.427,1,-2.071666,1.42726,-1.067011,
10:36:46.427,2,-1.578506,1.504127,-1.578382,
10:36:46.510,1,-2.072072,1.427139,-1.067981,
10:36:46.510,2,-1.549592,1.504436,-1.610175,
10:36:46.593,1,-2.071666,1.427043,-1.069134,
10:36:46.593,2,-1.531959,1.504352,-1.623204,
10:36:46.676,1,-2.069396,1.427206,-1.0697,
10:36:46.676,2,-1.503986,1.504484,-1.652114,
10:36:46.760,1,-2.067358,1.426996,-1.071344,
10:36:46.760,2,-1.484919,1.504662,-1.676792,
10:36:46.843,1,-2.06309,1.426813,-1.07196,
10:36:46.843,2,-1.461877,1.504155,-1.701879,
10:36:46.926,1,-2.062968,1.42636,-1.090659,
10:36:46.926,2,-1.445403,1.503709,-1.71698,
10:36:47.010,1,-2.058973,1.426426,-1.091515,
10:36:47.010,2,-1.422852,1.503106,-1.738426,
10:36:47.093,1,-2.059931,1.42633,-1.086051,
10:36:47.093,2,-1.41092,1.503327,-1.746443,
10:36:47.177,1,-2.0587,1.425776,-1.085607,
10:36:47.177,2,-1.396329,1.503105,-1.755295,
10:36:47.260,1,-2.058533,1.4253,-1.085568,
10:36:47.260,2,-1.388591,1.503585,-1.758033,
10:36:47.344,1,-2.058955,1.426482,-1.085233,
10:36:47.344,2,-1.376596,1.502942,-1.762282,
10:36:47.443,1,-2.058471,1.426156,-1.085968,
10:36:47.444,2,-1.364737,1.502781,-1.770539,
10:36:47.526,1,-2.058964,1.425681,-1.087922,
10:36:47.526,2,-1.361861,1.502496,-1.771715,
10:36:47.610,1,-2.071729,1.426476,-1.130633,
10:36:47.610,2,-1.3547,1.501899,-1.772077,
10:36:47.693,1,-2.075161,1.426523,-1.123058,
10:36:47.693,2,-1.352934,1.5014,-1.771842,
10:36:47.777,1,-2.079625,1.425946,-1.134092,
10:36:47.778,2,-1.3515,1.501702,-1.772122,
10:36:47.877,1,-2.08674,1.426528,-1.120623,
10:36:47.877,2,-1.344769,1.502042,-1.774678,
10:36:47.960,1,-2.087772,1.425902,-1.122349,
10:36:47.960,2,-1.343559,1.501935,-1.77415,
10:36:48.043,1,-2.088956,1.42627,-1.117242,
10:36:48.043,2,-1.342965,1.50228,-1.773745,
10:36:48.126,1,-2.091847,1.424851,-1.119325,
10:36:48.126,2,-1.342767,1.502563,-1.773743,
10:36:48.210,1,-2.093356,1.42634,-1.111135,
10:36:48.210,2,-1.342745,1.502599,-1.773277,
10:36:48.294,1,-2.096165,1.425763,-1.109959,
10:36:48.294,2,-1.342653,1.503129,-1.773207,
10:36:48.376,1,-2.099989,1.425017,-1.107482,
10:36:48.376,2,-1.343532,1.50307,-1.772518,
10:36:48.460,1,-2.101624,1.424952,-1.109452,
10:36:48.461,2,-1.344926,1.503034,-1.773679,
10:36:48.543,1,-2.103987,1.425616,-1.105308,
10:36:48.543,2,-1.345388,1.503088,-1.773544,
10:36:48.627,1,-2.105213,1.424851,-1.102109,
10:36:48.628,2,-1.346185,1.50318,-1.773364,
10:36:48.727,1,-2.104285,1.424185,-1.099811,
10:36:48.728,2,-1.346649,1.503096,-1.773396,
10:36:48.810,1,-2.103609,1.427391,-1.096423,
10:36:48.810,2,-1.34723,1.502624,-1.774262,
10:36:48.894,1,-2.101623,1.425508,-1.093456,
10:36:48.894,2,-1.347496,1.501797,-1.773512,
10:36:48.976,1,-2.099865,1.424369,-1.089962,
10:36:48.976,2,-1.347859,1.501638,-1.772953,
10:36:49.060,1,-2.099564,1.419742,-1.091606,
10:36:49.061,2,-1.348431,1.501363,-1.77345,
10:36:49.160,1,-2.098325,1.420486,-1.089493,
10:36:49.161,2,-1.349031,1.500552,-1.773402,
10:36:49.260,1,-2.097353,1.424656,-1.087894,
10:36:49.261,2,-1.350226,1.500672,-1.773338,
10:36:49.343,1,-2.097918,1.414257,-1.0878,
10:36:49.344,2,-1.351139,1.500547,-1.773285,
10:36:49.426,1,-2.097138,1.405536,-1.087435,
10:36:49.426,2,-1.351074,1.500308,-1.773801,
10:36:49.510,1,-2.097125,1.403536,-1.086351,
10:36:49.510,2,-1.351055,1.500572,-1.773947,
10:36:49.593,1,-2.097574,1.406969,-1.086518,
10:36:49.593,2,-1.351315,1.499984,-1.773804,
10:36:49.676,1,-2.096646,1.409771,-1.08608,
10:36:49.676,2,-1.351702,1.499627,-1.773922,
10:36:49.760,1,-2.097165,1.405901,-1.086447,
10:36:49.760,2,-1.351921,1.500295,-1.773976,
10:36:49.843,1,-2.098422,1.399427,-1.087216,
10:36:49.843,2,-1.35162,1.500112,-1.774126,
10:36:49.926,1,-2.098182,1.387816,-1.086725,
10:36:49.926,2,-1.351532,1.499901,-1.774068,
10:36:50.010,1,-2.099149,1.381141,-1.086832,
10:36:50.010,2,-1.351358,1.499957,-1.774061,
10:36:50.093,1,-2.098718,1.36259,-1.086571,
10:36:50.093,2,-1.351192,1.499517,-1.774451,
10:36:50.177,1,-2.098911,1.362115,-1.087661,
10:36:50.177,2,-1.351077,1.499629,-1.774947,
10:36:50.260,1,-2.099626,1.358766,-1.088267,
10:36:50.260,2,-1.350895,1.500096,-1.776122,
10:36:50.343,1,-2.099986,1.362415,-1.087934,
10:36:50.343,2,-1.351068,1.500163,-1.776659,
10:36:50.427,1,-2.100266,1.363429,-1.087608,
10:36:50.427,2,-1.351522,1.499322,-1.777625,
10:36:50.527,1,-2.100838,1.354218,-1.087287,
10:36:50.527,2,-1.352659,1.499319,-1.781119,
10:36:50.610,1,-2.101625,1.337604,-1.087258,
10:36:50.610,2,-1.352577,1.498751,-1.78354,
10:36:50.694,1,-2.102631,1.316249,-1.087828,
10:36:50.694,2,-1.353276,1.49866,-1.785273,
10:36:50.776,1,-2.108599,1.124063,-1.092305,
10:36:50.776,2,-1.35411,1.49934,-1.78823,
10:36:50.860,1,-2.110711,1.13942,-1.091443,
10:36:50.861,2,-1.354561,1.499287,-1.788975,
10:36:50.960,1,-2.124905,1.165042,-1.09408,
10:36:50.960,2,-1.355434,1.498668,-1.790322,
10:36:51.043,1,-2.142474,1.119558,-1.093718,
10:36:51.043,2,-1.355603,1.498483,-1.791089,
10:36:51.127,1,-2.15607,1.108371,-1.095302,
10:36:51.127,2,-1.355737,1.498173,-1.791402,
10:36:51.227,1,-2.185288,1.080847,-1.10959,
10:36:51.227,2,-1.355483,1.497934,-1.791194,
10:36:51.310,1,-2.201796,1.081952,-1.11453,
10:36:51.310,2,-1.355111,1.497852,-1.790637,
10:36:51.393,1,-2.225734,1.078047,-1.122734,
10:36:51.393,2,-1.355077,1.496611,-1.790925,
10:36:51.476,1,-2.240628,1.079829,-1.137087,
10:36:51.476,2,-1.354807,1.496375,-1.791217,
10:36:51.560,1,-2.252203,1.083645,-1.146071,
10:36:51.561,2,-1.353923,1.496973,-1.790533,
10:36:51.643,1,-2.269602,1.104019,-1.163522,
10:36:51.643,2,-1.353675,1.496693,-1.788915,
10:36:51.727,1,-2.281497,1.120099,-1.186963,
10:36:51.727,2,-1.352114,1.496455,-1.78535,
10:36:51.810,1,-2.293123,1.127184,-1.208686,
10:36:51.810,2,-1.351224,1.496454,-1.785564,
10:36:51.893,1,-2.295593,1.149694,-1.221488,
10:36:51.894,2,-1.349396,1.496303,-1.783544,
10:36:51.976,1,-2.298573,1.148629,-1.265761,
10:36:51.976,2,-1.348074,1.496179,-1.781988,
10:36:52.060,1,-2.300109,1.156027,-1.292224,
10:36:52.060,2,-1.346349,1.49667,-1.781334,
10:36:52.160,1,-2.300718,1.153741,-1.338942,
10:36:52.161,2,-1.345899,1.497154,-1.780427,
10:36:52.261,1,-2.306571,1.153192,-1.368398,
10:36:52.261,2,-1.345687,1.496497,-1.779938,
10:36:52.343,1,-2.308691,1.15473,-1.391928,
10:36:52.344,2,-1.345454,1.496391,-1.779613,
10:36:52.426,1,-2.315235,1.153614,-1.412744,
10:36:52.427,2,-1.345517,1.49617,-1.77944,
10:36:52.510,1,-2.321898,1.160669,-1.429221,
10:36:52.510,2,-1.345161,1.496172,-1.779474,
10:36:52.593,1,-2.333965,1.160058,-1.451118,
10:36:52.593,2,-1.344876,1.4952,-1.779722,
10:36:52.677,1,-2.33883,1.159039,-1.465362,
10:36:52.677,2,-1.342786,1.49563,-1.781548,
10:36:52.760,1,-2.369145,1.15872,-1.497406,
10:36:52.760,2,-1.342878,1.495657,-1.781396,
10:36:52.843,1,-2.383438,1.16516,-1.514784,
10:36:52.843,2,-1.34286,1.496157,-1.781432,
10:36:52.927,1,-2.412036,1.157798,-1.538037,
10:36:52.927,2,-1.343126,1.496482,-1.781611,
10:36:53.010,1,-2.448447,1.164769,-1.569139,
10:36:53.010,2,-1.343364,1.496156,-1.781817,
10:36:53.094,1,-2.465599,1.156643,-1.587992,
10:36:53.094,2,-1.343322,1.495842,-1.781923,
10:36:53.176,1,-2.495333,1.15162,-1.615207,
10:36:53.176,2,-1.343593,1.496129,-1.781989,
10:36:53.260,1,-2.520728,1.146489,-1.63555,
10:36:53.261,2,-1.343817,1.496166,-1.782249,
10:36:53.343,1,-2.544724,1.152749,-1.660102,
10:36:53.343,2,-1.343257,1.49579,-1.784285,
10:36:53.427,1,-2.560859,1.148342,-1.68183,
10:36:53.427,2,-1.343446,1.495809,-1.784393,
10:36:53.510,1,-2.56787,1.146531,-1.694254,
10:36:53.510,2,-1.343281,1.495953,-1.784287,
10:36:53.594,1,-2.57686,1.14814,-1.723358,
10:36:53.594,2,-1.343106,1.495938,-1.78442,
10:36:53.694,1,-2.582197,1.150216,-1.743618,
10:36:53.694,2,-1.34305,1.496156,-1.784512,
10:36:53.776,1,-2.577508,1.152019,-1.776228,
10:36:53.776,2,-1.343185,1.496207,-1.784737,
10:36:53.927,1,-2.566978,1.180828,-1.806782,
10:36:53.927,2,-1.343348,1.496332,-1.784346,
10:36:54.010,1,-2.5395,1.183474,-1.843554,
10:36:54.010,2,-1.343702,1.496262,-1.784441,
10:36:54.093,1,-2.523172,1.184708,-1.866728,
10:36:54.093,2,-1.343822,1.496502,-1.784412,
10:36:54.176,1,-2.491035,1.185611,-1.916708,
10:36:54.176,2,-1.343157,1.496702,-1.784,
10:36:54.260,1,-2.47218,1.178016,-1.946314,
10:36:54.260,2,-1.342445,1.49686,-1.783695,
10:36:54.343,1,-2.448238,1.17641,-1.982559,
10:36:54.343,2,-1.341263,1.497257,-1.78319,
10:36:54.427,1,-2.434123,1.172862,-2.004124,
10:36:54.427,2,-1.341645,1.49716,-1.78324,
10:36:54.510,1,-2.422168,1.171577,-2.027007,
10:36:54.510,2,-1.341938,1.497118,-1.782857,
10:36:54.594,1,-2.415765,1.171824,-2.040403,
10:36:54.594,2,-1.34161,1.496949,-1.781834,
10:36:54.677,1,-2.41285,1.172122,-2.053987,
10:36:54.677,2,-1.330125,1.496894,-1.781433,
10:36:54.760,1,-2.411067,1.172655,-2.061951,
10:36:54.761,2,-1.318622,1.496816,-1.779835,
10:36:54.843,1,-2.408981,1.172215,-2.070029,
10:36:54.844,2,-1.309061,1.496812,-1.776745,
10:36:54.927,1,-2.407738,1.172006,-2.074356,
10:36:54.927,2,-1.298883,1.497895,-1.771636,
10:36:55.010,1,-2.408117,1.172274,-2.0788,
10:36:55.010,2,-1.281061,1.497621,-1.761377,
10:36:55.143,1,-2.410922,1.170551,-2.082266,
10:36:55.143,2,-1.243699,1.497738,-1.732648,
10:36:55.227,1,-2.411895,1.170154,-2.086995,
10:36:55.228,2,-1.224617,1.498506,-1.704861,
10:36:55.327,1,-2.414769,1.170028,-2.095386,
10:36:55.328,2,-1.189667,1.500089,-1.659684,
10:36:55.410,1,-2.415646,1.17034,-2.098314,
10:36:55.410,2,-1.143955,1.500343,-1.596539,
10:36:55.494,1,-2.416414,1.170261,-2.100199,
10:36:55.494,2,-1.108201,1.502666,-1.547835,
10:36:55.576,1,-2.417169,1.17068,-2.100772,
10:36:55.577,2,-1.053034,1.50309,-1.475018,
10:36:55.660,1,-2.418116,1.166277,-2.101297,
10:36:55.661,2,-1.028991,1.503395,-1.445998,
10:36:55.743,1,-2.419098,1.144572,-2.101364,
10:36:55.744,2,-0.971221,1.50434,-1.395878,
10:36:55.827,1,-2.419214,1.140228,-2.101407,
10:36:55.827,2,-0.92699,1.503678,-1.35906,
10:36:55.910,1,-2.418708,1.134658,-2.101427,
10:36:55.910,2,-0.873787,1.503185,-1.326784,
10:36:55.994,1,-2.417562,1.134787,-2.101726,
10:36:55.994,2,-0.849743,1.506608,-1.300394,
10:36:56.077,1,-2.414267,1.140797,-2.103559,
10:36:56.077,2,-0.803099,1.508378,-1.265133,
10:36:56.160,1,-2.411394,1.145727,-2.104248,
10:36:56.161,2,-0.75885,1.508728,-1.241873,
10:36:56.243,1,-2.409159,1.156689,-2.105309,
10:36:56.244,2,-0.680081,1.509572,-1.203343,
10:36:56.326,1,-2.406321,1.18559,-2.105964,
10:36:56.327,2,-0.651012,1.509888,-1.180197,
10:36:56.410,1,-2.404285,1.176269,-2.107551,
10:36:56.410,2,-0.631471,1.510342,-1.168547,
10:36:56.493,1,-2.402075,1.174048,-2.108714,
10:36:56.494,2,-0.591345,1.510411,-1.146211,
10:36:56.576,1,-2.399322,1.166703,-2.109745,
10:36:56.577,2,-0.576658,1.509452,-1.126884,
10:36:56.660,1,-2.398963,1.153249,-2.109567,
10:36:56.661,2,-0.572612,1.509135,-1.119996,
10:36:56.743,1,-2.398094,1.146834,-2.109926,
10:36:56.743,2,-0.567647,1.510148,-1.111169,
10:36:56.827,1,-2.397521,1.148913,-2.110587,
10:36:56.827,2,-0.547592,1.507973,-1.11239,
10:36:56.911,1,-2.397013,1.147424,-2.112322,
10:36:56.911,2,-0.54635,1.506928,-1.100943,
10:36:56.994,1,-2.39675,1.146307,-2.11275,
10:36:56.994,2,-0.547206,1.507191,-1.099797,
10:36:57.077,1,-2.397153,1.145532,-2.113476,
10:36:57.078,2,-0.54379,1.506978,-1.098175,
10:36:57.160,1,-2.397726,1.139909,-2.114369,
10:36:57.161,2,-0.544257,1.506669,-1.096081,
10:36:57.243,1,-2.39867,1.133782,-2.115443,
10:36:57.244,2,-0.54678,1.506199,-1.093201,
10:36:57.327,1,-2.399457,1.129579,-2.11582,
10:36:57.327,2,-0.547125,1.506282,-1.09237,
10:36:57.410,1,-2.401678,1.127656,-2.116782,
10:36:57.411,2,-0.547829,1.505947,-1.092763,
10:36:57.494,1,-2.402324,1.133125,-2.116981,
10:36:57.494,2,-0.549467,1.505865,-1.091973,
10:36:57.577,1,-2.403757,1.12081,-2.116753,
10:36:57.578,2,-0.551527,1.506343,-1.091334,
10:36:57.660,1,-2.405126,1.138032,-2.116474,
10:36:57.661,2,-0.552348,1.50699,-1.092018,
10:36:57.744,1,-2.405217,1.121506,-2.115221,
10:36:57.744,2,-0.551607,1.505617,-1.09372,
10:36:57.827,1,-2.405999,1.111081,-2.114987,
10:36:57.827,2,-0.553726,1.505403,-1.093099,
10:36:57.910,1,-2.406654,1.120309,-2.114115,
10:36:57.910,2,-0.55538,1.506391,-1.092233,
10:36:58.043,1,-2.406597,1.132258,-2.113021,
10:36:58.044,2,-0.556516,1.506526,-1.091154,
10:36:58.126,1,-2.407271,1.127607,-2.112998,
10:36:58.126,2,-0.55861,1.506893,-1.088594,
10:36:58.210,1,-2.406817,1.106801,-2.112296,
10:36:58.210,2,-0.559205,1.506753,-1.088493,
10:36:58.293,1,-2.406441,1.098973,-2.111932,
10:36:58.293,2,-0.56207,1.506885,-1.088428,
10:36:58.377,1,-2.405769,1.106431,-2.111038,
10:36:58.377,2,-0.575118,1.507824,-1.087223,
10:36:58.460,1,-2.405612,1.10079,-2.110843,
10:36:58.461,2,-0.583693,1.508007,-1.088301,
10:36:58.543,1,-2.405006,1.126863,-2.110437,
10:36:58.543,2,-0.594651,1.508153,-1.096752,
10:36:58.627,1,-2.404771,1.114084,-2.110214,
10:36:58.627,2,-0.59911,1.507545,-1.103213,
10:36:58.710,1,-2.40431,1.113133,-2.109578,
10:36:58.710,2,-0.611537,1.507621,-1.117619,
10:36:58.794,1,-2.404024,1.111112,-2.10926,
10:36:58.794,2,-0.609345,1.507048,-1.146829,
10:36:58.877,1,-2.403906,1.150246,-2.108706,
10:36:58.877,2,-0.626696,1.506759,-1.16173,
10:36:58.961,1,-2.403446,1.120895,-2.107995,
10:36:58.961,2,-0.63505,1.505268,-1.186343,
10:36:59.043,1,-2.40325,1.111255,-2.107622,
10:36:59.043,2,-0.650145,1.506825,-1.229198,
10:36:59.127,1,-2.403002,1.117442,-2.107321,
10:36:59.128,2,-0.657593,1.508786,-1.259659,
10:36:59.210,1,-2.403119,1.08,-2.106353,
10:36:59.210,2,-0.676267,1.512519,-1.314374,
10:36:59.294,1,-2.402942,1.057976,-2.105867,
10:36:59.294,2,-0.697018,1.511714,-1.336024,
10:36:59.377,1,-2.402903,1.068178,-2.105205,
10:36:59.377,2,-0.686238,1.514896,-1.348209,
10:36:59.460,1,-2.402966,1.08206,-2.104968,
10:36:59.461,2,-0.699789,1.514061,-1.34933,
10:36:59.544,1,-2.40275,1.022742,-2.104232,
10:36:59.544,2,-0.70564,1.514561,-1.383005,
10:36:59.627,1,-2.40231,1.108176,-2.103959,
10:36:59.627,2,-0.715617,1.516116,-1.354427,
10:36:59.710,1,-2.401262,1.140187,-2.103208,
10:36:59.710,2,-0.717988,1.517445,-1.367797,
10:36:59.793,1,-2.400487,0.671391,-2.10251,
10:36:59.794,2,-0.725451,1.517828,-1.372192,
10:36:59.877,1,-2.399802,0.630058,-2.101771,
10:36:59.877,2,-0.751948,1.515652,-1.379635,
10:36:59.960,1,-2.399176,1.092695,-2.101158,
10:36:59.961,2,-0.78223,1.514121,-1.387198,
10:37:00.043,1,-2.398485,0.571582,-2.10047,
10:37:00.044,2,-0.813596,1.51158,-1.403029,
10:37:00.127,1,-2.397676,0.616606,-2.099778,
10:37:00.128,2,-0.842589,1.507974,-1.416024,
10:37:00.210,1,-2.397003,0.600386,-2.099191,
10:37:00.211,2,-0.878539,1.504831,-1.437866,
10:37:00.294,1,-2.396568,0.62641,-2.098832,
10:37:00.294,2,-0.896104,1.505969,-1.458825,
10:37:00.377,1,-2.395963,0.643802,-2.09784,
10:37:00.377,2,-0.933092,1.506877,-1.470809,
10:37:00.460,1,-2.395799,1.103432,-2.097045,
10:37:00.461,2,-0.9538,1.506508,-1.481161,
10:37:00.544,1,-2.395435,1.063369,-2.09633,
10:37:00.544,2,-0.97505,1.504416,-1.492319,
10:37:00.627,1,-2.395227,1.063369,-2.096013,
10:37:00.627,2,-0.981766,1.50207,-1.498198,
10:37:00.710,1,-2.394492,1.063369,-2.094506,
10:37:00.710,2,-0.990095,1.509123,-1.502648,
10:37:00.794,1,-2.394204,1.063369,-2.093829,
10:37:00.794,2,-1.002535,1.50362,-1.50877,
10:37:00.877,1,-2.39403,1.063369,-2.093158,
10:37:00.877,2,-1.010148,1.505941,-1.515099,
10:37:01.010,1,-2.394233,1.063369,-2.093209,
10:37:01.010,2,-1.013066,1.511648,-1.51958,
10:37:01.161,1,-2.394276,1.063369,-2.093217,
10:37:01.161,2,-1.014273,1.513595,-1.523718,
10:37:01.243,1,-2.3947,1.063369,-2.09272,
10:37:01.243,2,-1.015709,1.512716,-1.53054,
10:37:01.327,1,-2.394739,1.063369,-2.092815,
10:37:01.328,2,-1.015247,1.507647,-1.534154,
10:37:01.410,1,-2.394581,1.063369,-2.092944,
10:37:01.410,2,-1.015811,1.511057,-1.538266,
10:37:01.494,1,-2.394733,1.063369,-2.093044,
10:37:01.494,2,-1.01658,1.506395,-1.540619,
10:37:01.577,1,-2.395225,1.063369,-2.093642,
10:37:01.578,2,-1.018801,1.503139,-1.542737,
10:37:01.660,1,-2.395748,1.063369,-2.094064,
10:37:01.660,2,-1.020625,1.502539,-1.547649,
10:37:01.743,1,-2.396348,1.063369,-2.095019,
10:37:01.744,2,-1.022453,1.510429,-1.548306,
10:37:01.827,1,-2.396941,1.063369,-2.095468,
10:37:01.828,2,-1.027148,1.511084,-1.550306,
10:37:01.910,1,-2.397169,1.063369,-2.096538,
10:37:01.910,2,-1.037765,1.510523,-1.557958,
10:37:01.994,1,-2.397889,1.063369,-2.097749,
10:37:01.994,2,-1.038162,1.50637,-1.556913,
10:37:02.077,1,-2.398665,1.063369,-2.099375,
10:37:02.077,2,-1.047957,1.513045,-1.564326,
10:37:02.161,1,-2.399021,1.063369,-2.100321,
10:37:02.161,2,-1.049697,1.512653,-1.565394,
10:37:02.244,1,-2.399929,1.063369,-2.101633,
10:37:02.244,2,-1.050889,1.504343,-1.566522,
10:37:02.377,1,-2.401305,1.063369,-2.102544,
10:37:02.377,2,-1.052102,1.503295,-1.568189,
10:37:02.461,1,-2.402611,1.063369,-2.103496,
10:37:02.461,2,-1.05133,1.507616,-1.568869,
10:37:02.544,1,-2.403995,1.063369,-2.103486,
10:37:02.544,2,-1.051919,1.498938,-1.569105,
10:37:02.627,1,-2.404036,1.063369,-2.103486,
10:37:02.627,2,-1.052203,1.492041,-1.569366,
10:37:02.710,1,-2.404316,1.063369,-2.103445,
10:37:02.710,2,-1.052406,1.489842,-1.569494,
10:37:02.793,1,-2.405106,1.063369,-2.103221,
10:37:02.793,2,-1.052245,1.498711,-1.569317,
10:37:02.944,1,-2.405034,1.063369,-2.103109,
10:37:02.944,2,-1.052298,1.500909,-1.569245,
10:37:03.027,1,-2.404572,1.063369,-2.10288,
10:37:03.027,2,-1.052373,1.502543,-1.567557,
10:37:03.111,1,-2.404446,1.063369,-2.10256,
10:37:03.111,2,-1.051768,1.496317,-1.564024,
10:37:03.194,1,-2.403473,1.063369,-2.102157,
10:37:03.194,2,-1.050809,1.498506,-1.557209,
10:37:03.277,1,-2.402675,1.501031,-2.101137,
10:37:03.278,2,-1.037987,1.498879,-1.526223,
10:37:03.361,1,-2.401933,1.507083,-2.100816,
10:37:03.361,2,-1.033705,1.504996,-1.506974,
10:37:03.444,1,-2.400787,1.500992,-2.1005,
10:37:03.444,2,-1.013151,1.505164,-1.455524,
10:37:03.527,1,-2.399979,1.504209,-2.100199,
10:37:03.527,2,-1.000444,1.50388,-1.4207,
10:37:03.610,1,-2.399087,1.335379,-2.100107,
10:37:03.610,2,-0.971235,1.504166,-1.366715,
10:37:03.744,1,-2.398836,1.338204,-2.100277,
10:37:03.744,2,-0.925266,1.503326,-1.290737,
10:37:03.826,1,-2.398655,1.349892,-2.100551,
10:37:03.826,2,-0.921234,1.50329,-1.282841,
10:37:03.961,1,-2.398826,1.359526,-2.102578,
10:37:03.961,2,-0.872031,1.503679,-1.241286,
10:37:04.043,1,-2.399663,1.36623,-2.105886,
10:37:04.043,2,-0.843762,1.50361,-1.186146,
10:37:04.194,1,-2.40378,1.369358,-2.114571,
10:37:04.194,2,-0.869372,1.503017,-1.199732,
10:37:04.277,1,-2.404196,1.376944,-2.11771,
10:37:04.277,2,-0.863599,1.501849,-1.184739,
10:37:04.361,1,-2.404858,1.372798,-2.123721,
10:37:04.361,2,-0.847068,1.500175,-1.157051,
10:37:04.443,1,-2.405667,1.364678,-2.130117,
10:37:04.444,2,-0.845241,1.500863,-1.153355,
10:37:04.527,1,-2.405745,1.370359,-2.133673,
10:37:04.528,2,-0.843548,1.499275,-1.14168,
10:37:04.610,1,-2.406909,1.377119,-2.141761,
10:37:04.610,2,-0.843524,1.497785,-1.131227,
10:37:04.694,1,-2.406025,1.378933,-2.144236,
10:37:04.694,2,-0.841242,1.497862,-1.126181,
10:37:04.777,1,-2.406164,1.378191,-2.150739,
10:37:04.777,2,-0.841292,1.497415,-1.118605,
10:37:04.861,1,-2.406518,1.376076,-2.15458,
10:37:04.861,2,-0.839564,1.497184,-1.109886,
10:37:04.944,1,-2.403841,1.37571,-2.16185,
10:37:04.944,2,-0.849435,1.496564,-1.098077,
10:37:05.027,1,-2.403017,1.373913,-2.168165,
10:37:05.027,2,-0.847662,1.495774,-1.095421,
10:37:05.110,1,-2.402102,1.375159,-2.174675,
10:37:05.110,2,-0.847692,1.495327,-1.092049,
10:37:05.194,1,-2.401557,1.374651,-2.177853,
10:37:05.194,2,-0.851618,1.495965,-1.091685,
10:37:05.276,1,-2.402639,1.374847,-2.184054,
10:37:05.277,2,-0.851033,1.496546,-1.091449,
10:37:05.361,1,-2.404731,1.376694,-2.189905,
10:37:05.361,2,-0.852583,1.494908,-1.09102,
10:37:05.443,1,-2.410287,1.37691,-2.194143,
10:37:05.444,2,-0.846454,1.493465,-1.091658,
10:37:05.527,1,-2.417912,1.376623,-2.20001,
10:37:05.527,2,-0.840079,1.494392,-1.097736,
10:37:05.610,1,-2.430918,1.376338,-2.206331,
10:37:05.611,2,-0.836909,1.495602,-1.095119,
10:37:05.694,1,-2.439407,1.376334,-2.211529,
10:37:05.694,2,-0.836797,1.495184,-1.095308,
10:37:05.777,1,-2.458218,1.376358,-2.220016,
10:37:05.777,2,-0.845105,1.494966,-1.090088,
10:37:05.861,1,-2.473459,1.376261,-2.228663,
10:37:05.861,2,-0.864171,1.495416,-1.090871,
10:37:05.943,1,-2.490519,1.376178,-2.240966,
10:37:05.944,2,-0.874461,1.493174,-1.090446,
10:37:06.027,1,-2.49855,1.376282,-2.248115,
10:37:06.028,2,-0.850355,1.494804,-1.093866,
10:37:06.110,1,-2.526442,1.376561,-2.261405,
10:37:06.110,2,-0.831795,1.495261,-1.102684,
10:37:06.244,1,-2.546303,1.375818,-2.274241,
10:37:06.244,2,-0.892413,1.495017,-1.016752,
10:37:06.327,1,-2.555381,1.376115,-2.282431,
10:37:06.328,2,-0.934158,1.495443,-1.029359,
10:37:06.410,1,-2.567006,1.37684,-2.29003,
10:37:06.410,2,-0.936935,1.488527,-1.080574,
10:37:06.494,1,-2.570769,1.377221,-2.295953,
10:37:06.494,2,-0.944169,1.489882,-1.120146,
10:37:06.577,1,-2.574105,1.377325,-2.302069,
10:37:06.578,2,-0.978582,1.49154,-1.190011,
10:37:06.661,1,-2.57667,1.376959,-2.30535,
10:37:06.661,2,-0.990596,1.492247,-1.250356,
10:37:06.744,1,-2.578742,1.377481,-2.312737,
10:37:06.744,2,-1.004061,1.491864,-1.35581,
10:37:06.827,1,-2.578986,1.37919,-2.317063,
10:37:06.828,2,-1.060929,1.492042,-1.415614,
10:37:06.910,1,-2.577551,1.379722,-2.328491,
10:37:06.910,2,-1.088857,1.490169,-1.499803,
10:37:06.993,1,-2.572918,1.380983,-2.335919,
10:37:06.994,2,-1.110652,1.49031,-1.550941,
10:37:07.077,1,-2.563385,1.381324,-2.349612,
10:37:07.077,2,-1.130726,1.489522,-1.626437,
10:37:07.160,1,-2.557343,1.381533,-2.358087,
10:37:07.161,2,-1.140882,1.486219,-1.659684,
10:37:07.243,1,-2.54346,1.381814,-2.373423,
10:37:07.243,2,-1.158162,1.480798,-1.706513,
10:37:07.327,1,-2.53575,1.382626,-2.3835,
10:37:07.328,2,-1.163809,1.482429,-1.730458,
10:37:07.410,1,-2.525169,1.383321,-2.397552,
10:37:07.410,2,-1.162606,1.482865,-1.764048,
10:37:07.494,1,-2.517138,1.383252,-2.408514,
10:37:07.494,2,-1.162648,1.482506,-1.774421,
10:37:07.577,1,-2.507086,1.383182,-2.423376,
10:37:07.577,2,-1.159816,1.482694,-1.799814,
10:37:07.661,1,-2.503505,1.383704,-2.43114,
10:37:07.661,2,-1.157917,1.482083,-1.811629,
10:37:07.744,1,-2.49689,1.383664,-2.442788,
10:37:07.744,2,-1.155978,1.479843,-1.820662,
10:37:07.827,1,-2.493682,1.383869,-2.448305,
10:37:07.828,2,-1.151256,1.480524,-1.831082,
10:37:07.910,1,-2.489269,1.383315,-2.457127,
10:37:07.910,2,-1.151251,1.480958,-1.837037,
10:37:07.994,1,-2.488314,1.383351,-2.459859,
10:37:07.995,2,-1.151187,1.479906,-1.841485,
10:37:08.077,1,-2.488133,1.383278,-2.462231,
10:37:08.077,2,-1.146702,1.481638,-1.852642,
10:37:08.161,1,-2.488709,1.38324,-2.462558,
10:37:08.161,2,-1.136834,1.476739,-1.866083,
10:37:08.244,1,-2.486287,1.383358,-2.471932,
10:37:08.244,2,-1.127774,1.478476,-1.873775,
10:37:08.327,1,-2.486516,1.382985,-2.473229,
10:37:08.327,2,-1.121145,1.480849,-1.878703,
10:37:08.410,1,-2.486031,1.382531,-2.475383,
10:37:08.410,2,-1.117449,1.481476,-1.879681,
10:37:08.494,1,-2.485595,1.382937,-2.478997,
10:37:08.494,2,-1.123317,1.478181,-1.883289,
10:37:08.577,1,-2.485436,1.382717,-2.481026,
10:37:08.577,2,-1.125991,1.477217,-1.884339,
10:37:08.660,1,-2.485748,1.382771,-2.481835,
10:37:08.661,2,-1.126647,1.481566,-1.885164,
10:37:08.743,1,-2.485881,1.383483,-2.482285,
10:37:08.744,2,-1.127162,1.480849,-1.885245,
10:37:08.827,1,-2.486294,1.383431,-2.481167,
10:37:08.827,2,-1.128511,1.483494,-1.886846,
10:37:08.910,1,-2.486117,1.383752,-2.48175,
10:37:08.910,2,-1.115065,1.481914,-1.872208,
10:37:08.994,1,-2.486158,1.382768,-2.48193,
10:37:08.995,2,-1.084907,1.480269,-1.842396,
10:37:09.077,1,-2.486509,1.382537,-2.481805,
10:37:09.077,2,-1.080707,1.479677,-1.840615,
10:37:09.161,1,-2.486761,1.382437,-2.481143,
10:37:09.161,2,-1.078926,1.481286,-1.839554,
10:37:09.244,1,-2.486163,1.382914,-2.480363,
10:37:09.244,2,-1.078002,1.485111,-1.838215,
10:37:09.327,1,-2.485941,1.383184,-2.479423,
10:37:09.328,2,-1.077387,1.491881,-1.837448,
10:37:09.410,1,-2.485782,1.383539,-2.478342,
10:37:09.410,2,-1.076718,1.48892,-1.836694,
10:37:09.494,1,-2.48565,1.383586,-2.477653,
10:37:09.494,2,-1.076388,1.48259,-1.836315,
10:37:09.577,1,-2.485238,1.383772,-2.476312,
10:37:09.577,2,-1.075466,1.480634,-1.835839,
10:37:09.661,1,-2.485283,1.383797,-2.475659,
10:37:09.661,2,-1.075422,1.479386,-1.835814,
10:37:09.744,1,-2.485067,1.383761,-2.475069,
10:37:09.744,2,-1.074933,1.48284,-1.835282,
10:37:09.827,1,-2.484885,1.38347,-2.474373,
10:37:09.827,2,-1.07359,1.482758,-1.832105,
10:37:09.910,1,-2.484996,1.383364,-2.474174,
10:37:09.910,2,-1.074603,1.483977,-1.832464,
10:37:09.994,1,-2.484883,1.383085,-2.474035,
10:37:09.994,2,-1.07434,1.483608,-1.831954,
10:37:10.077,1,-2.48474,1.383132,-2.473772,
10:37:10.077,2,-1.075528,1.482557,-1.832681,
10:37:10.160,1,-2.484669,1.383533,-2.473828,
10:37:10.161,2,-1.076569,1.484368,-1.83292,
10:37:10.243,1,-2.48454,1.383677,-2.473586,
10:37:10.244,2,-1.076334,1.485095,-1.832212,
10:37:10.327,1,-2.484542,1.383721,-2.47355,
10:37:10.327,2,-1.077807,1.483604,-1.821719,
10:37:10.410,1,-2.483735,1.383194,-2.474325,
10:37:10.410,2,-1.077592,1.485786,-1.828477,
10:37:10.494,1,-2.483587,1.383583,-2.474291,
10:37:10.495,2,-1.077674,1.484024,-1.829528,
10:37:10.577,1,-2.483415,1.383654,-2.474271,
10:37:10.577,2,-1.077741,1.485573,-1.830478,
10:37:10.661,1,-2.482794,1.383682,-2.475025,
10:37:10.661,2,-1.078882,1.486148,-1.8321,
10:37:10.743,1,-2.4809,1.388228,-2.476271,
10:37:10.743,2,-1.079004,1.485412,-1.832451,
10:37:10.827,1,-2.480899,1.399202,-2.47594,
10:37:10.828,2,-1.078833,1.482659,-1.832709,
10:37:10.910,1,-2.479625,1.406783,-2.4765,
10:37:10.910,2,-1.079511,1.484611,-1.833823,
10:37:10.994,1,-2.478983,1.410183,-2.476669,
10:37:10.994,2,-1.079557,1.485373,-1.833712,
10:37:11.077,1,-2.478008,1.408013,-2.476068,
10:37:11.077,2,-1.090046,1.485405,-1.849356,
10:37:11.161,1,-2.477807,1.40303,-2.475405,
10:37:11.161,2,-1.096147,1.483516,-1.854811,
10:37:11.244,1,-2.478167,1.40242,-2.473797,
10:37:11.244,2,-1.096423,1.483982,-1.855141,
10:37:11.327,1,-2.478225,1.404177,-2.473123,
10:37:11.327,2,-1.101594,1.484767,-1.862583,
10:37:11.410,1,-2.477418,1.406901,-2.472109,
10:37:11.410,2,-1.122674,1.485453,-1.892575,
10:37:11.493,1,-2.477487,1.412756,-2.471086,
10:37:11.493,2,-1.123939,1.491308,-1.894935,
10:37:11.577,1,-2.476967,1.412697,-2.469911,
10:37:11.577,2,-1.12258,1.4921,-1.895029,
10:37:11.660,1,-2.47665,1.412234,-2.468858,
10:37:11.660,2,-1.122751,1.475234,-1.895268,
10:37:11.744,1,-2.47481,1.413501,-2.46727,
10:37:11.744,2,-1.12334,1.477627,-1.894863,
10:37:11.827,1,-2.472941,1.411557,-2.466008,
10:37:11.827,2,-1.124658,1.48908,-1.894538,
10:37:11.910,1,-2.470074,1.409263,-2.464968,
10:37:11.911,2,-1.125156,1.489962,-1.892619,
10:37:11.994,1,-2.468402,1.407767,-2.464267,
10:37:11.995,2,-1.124855,1.489972,-1.888854,
10:37:12.077,1,-2.466126,1.405366,-2.461931,
10:37:12.077,2,-1.124285,1.488545,-1.887004,
10:37:12.161,1,-2.464807,1.404445,-2.460969,
10:37:12.161,2,-1.124059,1.489661,-1.886373,
10:37:12.244,1,-2.463093,1.401499,-2.45909,
10:37:12.244,2,-1.122543,1.487905,-1.883046,
10:37:12.327,1,-2.461957,1.401019,-2.457402,
10:37:12.328,2,-1.120408,1.466768,-1.882709,
10:37:12.410,1,-2.460483,1.400768,-2.454686,
10:37:12.411,2,-1.139271,1.472682,-1.887621,
10:37:12.494,1,-2.459509,1.400496,-2.452982,
10:37:12.494,2,-1.145934,1.471337,-1.888267,
10:37:12.577,1,-2.459031,1.400335,-2.45024,
10:37:12.577,2,-1.146306,1.480588,-1.878829,
10:37:12.661,1,-2.45869,1.399618,-2.447472,
10:37:12.661,2,-1.146568,1.478881,-1.862308,
10:37:12.744,1,-2.45919,1.399203,-2.441449,
10:37:12.744,2,-1.149282,1.483422,-1.867592,
10:37:12.827,1,-2.460428,1.398624,-2.437862,
10:37:12.828,2,-1.150973,1.481131,-1.867743,
10:37:12.910,1,-2.461492,1.398158,-2.432639,
10:37:12.910,2,-1.15439,1.484699,-1.864229,
10:37:12.994,1,-2.462034,1.397751,-2.428032,
10:37:12.994,2,-1.154783,1.485927,-1.862465,
10:37:13.077,1,-2.463256,1.397407,-2.421174,
10:37:13.077,2,-1.156647,1.486462,-1.858656,
10:37:13.160,1,-2.465975,1.397006,-2.414088,
10:37:13.160,2,-1.157111,1.486438,-1.856673,
10:37:13.244,1,-2.470388,1.396623,-2.405825,
10:37:13.244,2,-1.157627,1.488493,-1.854277,
10:37:13.327,1,-2.475365,1.396198,-2.397293,
10:37:13.328,2,-1.157853,1.488026,-1.854212,
10:37:13.410,1,-2.48357,1.396299,-2.386495,
10:37:13.410,2,-1.157972,1.489781,-1.853919,
10:37:13.493,1,-2.491358,1.396333,-2.376394,
10:37:13.493,2,-1.157758,1.492697,-1.853589,
10:37:13.577,1,-2.498133,1.396028,-2.367838,
10:37:13.578,2,-1.157121,1.496771,-1.854277,
10:37:13.660,1,-2.508755,1.396715,-2.353559,
10:37:13.660,2,-1.156073,1.498482,-1.85258,
10:37:13.744,1,-2.521517,1.396957,-2.336459,
10:37:13.745,2,-1.15611,1.496951,-1.852213,
10:37:13.827,1,-2.52878,1.397295,-2.327922,
10:37:13.828,2,-1.156289,1.498452,-1.85256,
10:37:13.910,1,-2.541974,1.397599,-2.313342,
10:37:13.910,2,-1.156387,1.500613,-1.852797,
10:37:13.995,1,-2.549301,1.398039,-2.304123,
10:37:13.995,2,-1.155469,1.500329,-1.853248,
10:37:14.077,1,-2.558225,1.397424,-2.290794,
10:37:14.077,2,-1.15601,1.499984,-1.853828,
10:37:14.161,1,-2.563794,1.397154,-2.284881,
10:37:14.161,2,-1.155747,1.500908,-1.85423,
10:37:14.244,1,-2.571698,1.396652,-2.277292,
10:37:14.244,2,-1.155318,1.500356,-1.855216,
10:37:14.327,1,-2.575737,1.395308,-2.273369,
10:37:14.327,2,-1.15508,1.501268,-1.856019,
10:37:14.410,1,-2.578626,1.395595,-2.270016,
10:37:14.411,2,-1.156493,1.501202,-1.857795,
10:37:14.493,1,-2.581566,1.395856,-2.266697,
10:37:14.494,2,-1.156943,1.500557,-1.858122,
10:37:14.577,1,-2.583554,1.396176,-2.264051,
10:37:14.577,2,-1.156951,1.500706,-1.860085,
10:37:14.660,1,-2.584903,1.395851,-2.262618,
10:37:14.661,2,-1.157659,1.501393,-1.86134,
10:37:14.743,1,-2.587628,1.395434,-2.261004,
10:37:14.743,2,-1.158291,1.502437,-1.862308,
10:37:14.827,1,-2.58877,1.395311,-2.260241,
10:37:14.828,2,-1.158477,1.501803,-1.862783,
10:37:14.910,1,-2.59202,1.394308,-2.259578,
10:37:14.910,2,-1.160755,1.501053,-1.865968,
10:37:14.994,1,-2.593518,1.394396,-2.259086,
10:37:14.994,2,-1.160615,1.501514,-1.866599,
10:37:15.077,1,-2.596625,1.394503,-2.258825,
10:37:15.077,2,-1.16179,1.501281,-1.869153,
10:37:15.161,1,-2.598826,1.394369,-2.259433,
10:37:15.161,2,-1.162428,1.501432,-1.870835,
10:37:15.243,1,-2.605099,1.393244,-2.260597,
10:37:15.244,2,-1.164719,1.501087,-1.875002,
10:37:15.327,1,-2.607772,1.391546,-2.261494,
10:37:15.328,2,-1.165364,1.500942,-1.877204,
10:37:15.410,1,-2.609893,1.391499,-2.262903,
10:37:15.410,2,-1.164546,1.497231,-1.879449,
10:37:15.494,1,-2.611395,1.391239,-2.265562,
10:37:15.495,2,-1.164599,1.499145,-1.879244,
10:37:15.577,1,-2.613858,1.391555,-2.270928,
10:37:15.577,2,-1.164713,1.504355,-1.879384,
10:37:15.661,1,-2.613921,1.391659,-2.277418,
10:37:15.661,2,-1.164149,1.506842,-1.879522,
10:37:15.744,1,-2.615388,1.392047,-2.283929,
10:37:15.744,2,-1.159532,1.504787,-1.873175,
10:37:15.827,1,-2.615303,1.392119,-2.28784,
10:37:15.827,2,-1.158851,1.500155,-1.871701,
10:37:15.910,1,-2.614403,1.39246,-2.29446,
10:37:15.910,2,-1.156536,1.50435,-1.866283,
10:37:15.994,1,-2.612772,1.393327,-2.300198,
10:37:15.994,2,-1.152973,1.509723,-1.862874,
10:37:16.077,1,-2.612799,1.392937,-2.303367,
10:37:16.077,2,-1.145022,1.507089,-1.856338,
10:37:16.160,1,-2.612555,1.392698,-2.307515,
10:37:16.160,2,-1.139234,1.506624,-1.855552,
10:37:16.244,1,-2.611678,1.393009,-2.314499,
10:37:16.244,2,-1.129486,1.507958,-1.855953,
10:37:16.327,1,-2.609853,1.39305,-2.318172,
10:37:16.328,2,-1.127567,1.497035,-1.855694,
10:37:16.410,1,-2.608159,1.394047,-2.322708,
10:37:16.410,2,-1.126126,1.494148,-1.854999,
10:37:16.494,1,-2.607743,1.393554,-2.324543,
10:37:16.494,2,-1.125191,1.498908,-1.853881,
10:37:16.577,1,-2.607034,1.394385,-2.32835,
10:37:16.577,2,-1.12578,1.49877,-1.853985,
10:37:16.661,1,-2.607334,1.395312,-2.329345,
10:37:16.661,2,-1.123186,1.500095,-1.853084,
10:37:16.743,1,-2.60742,1.39484,-2.33113,
10:37:16.744,2,-1.115266,1.498017,-1.857228,
10:37:16.877,1,-2.607635,1.395222,-2.332136,
10:37:16.877,2,-1.113037,1.51131,-1.856671,
10:37:16.961,1,-2.607752,1.395616,-2.332826,
10:37:16.961,2,-1.113159,1.51394,-1.856737,
10:37:17.044,1,-2.607966,1.396334,-2.333162,
10:37:17.044,2,-1.112227,1.508914,-1.856839,
10:37:17.128,1,-2.608183,1.396684,-2.33327,
10:37:17.128,2,-1.112219,1.516991,-1.85681,
10:37:17.211,1,-2.60851,1.396684,-2.333584,
10:37:17.211,2,-1.113214,1.513765,-1.857674,
10:37:17.294,1,-2.608698,1.396785,-2.333568,
10:37:17.294,2,-1.113965,1.516133,-1.857794,
10:37:17.377,1,-2.608917,1.396181,-2.333689,
10:37:17.377,2,-1.115839,1.510121,-1.856691,
10:37:17.460,1,-2.608917,1.395767,-2.333736,
10:37:17.461,2,-1.116921,1.510392,-1.856319,
10:37:17.544,1,-2.609099,1.395715,-2.333029,
10:37:17.544,2,-1.117747,1.515391,-1.855964,
10:37:17.627,1,-2.609231,1.395798,-2.333145,
10:37:17.628,2,-1.118093,1.519862,-1.856193,
10:37:17.710,1,-2.609785,1.395897,-2.333623,
10:37:17.710,2,-1.114146,1.524075,-1.855112,
10:37:17.794,1,-2.610453,1.395903,-2.333824,
10:37:17.794,2,-1.116437,1.522748,-1.854062,
10:37:17.877,1,-2.61118,1.395978,-2.334098,
10:37:17.877,2,-1.117159,1.526009,-1.853765,
10:37:17.961,1,-2.611919,1.396078,-2.334201,
10:37:17.961,2,-1.118549,1.528062,-1.852987,
10:37:18.044,1,-2.613075,1.395985,-2.334746,
10:37:18.044,2,-1.113794,1.530161,-1.85071,
10:37:18.127,1,-2.613907,1.396034,-2.334844,
10:37:18.128,2,-1.109418,1.530418,-1.853559,
10:37:18.210,1,-2.615589,1.39476,-2.334573,
10:37:18.211,2,-1.112027,1.528785,-1.853881,
10:37:18.294,1,-2.616191,1.39436,-2.334505,
10:37:18.294,2,-1.1123,1.52784,-1.853987,
10:37:18.377,1,-2.61748,1.394476,-2.333885,
10:37:18.377,2,-1.112232,1.52703,-1.853948,
10:37:18.461,1,-2.618017,1.394576,-2.33332,
10:37:18.461,2,-1.112313,1.528617,-1.853319,
10:37:18.544,1,-2.619914,1.394498,-2.331587,
10:37:18.544,2,-1.116791,1.533033,-1.855388,
10:37:18.628,1,-2.620947,1.395208,-2.329981,
10:37:18.628,2,-1.119971,1.535175,-1.858282,
10:37:18.710,1,-2.623806,1.395259,-2.32633,
10:37:18.711,2,-1.118805,1.533407,-1.868727,
10:37:18.794,1,-2.624369,1.393703,-2.325331,
10:37:18.794,2,-1.118883,1.532944,-1.883335,
10:37:18.877,1,-2.625065,1.39296,-2.322623,
10:37:18.878,2,-1.117321,1.527872,-1.887532,
10:37:18.961,1,-2.626138,1.392064,-2.321587,
10:37:18.961,2,-1.116318,1.524207,-1.890052,
10:37:19.044,1,-2.627155,1.392493,-2.319556,
10:37:19.045,2,-1.10916,1.52509,-1.901781,
10:37:19.127,1,-2.62774,1.393519,-2.318842,
10:37:19.128,2,-1.092239,1.529645,-1.918076,
10:37:19.210,1,-2.628132,1.393934,-2.317091,
10:37:19.210,2,-1.082266,1.530079,-1.931626,
10:37:19.344,1,-2.62898,1.389728,-2.314762,
10:37:19.344,2,-1.048324,1.529692,-1.95344,
10:37:19.427,1,-2.628918,1.385214,-2.313868,
10:37:19.427,2,-1.039476,1.528808,-1.978801,
10:37:19.510,1,-2.628182,1.385998,-2.312569,
10:37:19.510,2,-1.019544,1.528377,-1.989416,
10:37:19.594,1,-2.627178,1.386801,-2.311566,
10:37:19.594,2,-1.003193,1.527463,-1.998813,
10:37:19.677,1,-2.626425,1.38947,-2.310062,
10:37:19.677,2,-0.995326,1.52808,-2.033752,
10:37:19.760,1,-2.624472,1.392409,-2.307047,
10:37:19.761,2,-0.984318,1.52917,-2.039694,
10:37:19.843,1,-2.621225,1.391775,-2.303978,
10:37:19.844,2,-0.97842,1.529826,-2.045715,
10:37:19.928,1,-2.616748,1.384903,-2.301901,
10:37:19.928,2,-0.974962,1.531228,-2.049152,
10:37:20.010,1,-2.608184,1.378881,-2.299803,
10:37:20.010,2,-0.966036,1.531863,-2.062758,
10:37:20.094,1,-2.596418,1.373357,-2.297546,
10:37:20.094,2,-0.959064,1.532479,-2.07475,
10:37:20.177,1,-2.58091,1.374599,-2.296405,
10:37:20.177,2,-0.957097,1.532216,-2.076241,
10:37:20.261,1,-2.559319,1.374831,-2.297439,
10:37:20.261,2,-0.956255,1.532302,-2.077646,
10:37:20.343,1,-2.524237,1.377538,-2.296169,
10:37:20.344,2,-0.954915,1.531804,-2.080439,
10:37:20.428,1,-2.501098,1.384097,-2.295696,
10:37:20.428,2,-0.954731,1.531376,-2.081797,
10:37:20.510,1,-2.452895,1.387678,-2.29499,
10:37:20.511,2,-0.951733,1.530204,-2.088477,
10:37:20.594,1,-2.413231,1.381975,-2.296246,
10:37:20.594,2,-0.949707,1.528763,-2.094094,
10:37:20.677,1,-2.367429,1.37023,-2.295921,
10:37:20.678,2,-0.950878,1.527923,-2.095483,
10:37:20.761,1,-2.341476,1.356813,-2.298632,
10:37:20.761,2,-0.949476,1.526726,-2.102227,
10:37:20.844,1,-2.305862,1.353509,-2.298458,
10:37:20.844,2,-0.990886,1.526322,-2.133268,
10:37:20.928,1,-2.283107,1.372234,-2.298033,
10:37:20.928,2,-0.999641,1.524149,-2.136012,
10:37:21.010,1,-2.254799,1.380738,-2.299932,
10:37:21.010,2,-1.015932,1.523486,-2.150637,
10:37:21.094,1,-2.239151,1.386606,-2.298534,
10:37:21.094,2,-1.020113,1.523041,-2.154406,
10:37:21.177,1,-2.225546,1.380515,-2.297276,
10:37:21.177,2,-1.024302,1.52241,-2.161992,
10:37:21.260,1,-2.218433,1.33091,-2.296458,
10:37:21.260,2,-1.030694,1.522015,-2.164805,
10:37:21.343,1,-2.2083,1.308408,-2.293843,
10:37:21.344,2,-1.048799,1.521562,-2.164977,
10:37:21.428,1,-2.202963,1.303755,-2.291296,
10:37:21.429,2,-1.075678,1.520268,-2.165715,
10:37:21.510,1,-2.198211,1.296258,-2.289212,
10:37:21.510,2,-1.129503,1.520097,-2.187989,
10:37:21.643,1,-2.193112,1.296462,-2.284412,
10:37:21.644,2,-1.198901,1.520708,-2.22304,
10:37:21.728,1,-2.191981,1.295587,-2.283029,
10:37:21.728,2,-1.245431,1.521418,-2.243804,
10:37:21.810,1,-2.187793,1.295378,-2.279456,
10:37:21.810,2,-1.308241,1.521672,-2.269974,
10:37:21.894,1,-2.186717,1.294425,-2.276578,
10:37:21.895,2,-1.347321,1.52178,-2.286423,
10:37:21.977,1,-2.184836,1.291976,-2.273111,
10:37:21.977,2,-1.39323,1.522565,-2.308971,
10:37:22.061,1,-2.184238,1.289954,-2.271716,
10:37:22.061,2,-1.417091,1.52305,-2.321873,
10:37:22.144,1,-2.185766,1.288158,-2.271912,
10:37:22.144,2,-1.446369,1.524158,-2.337348,
10:37:22.227,1,-2.184995,1.287407,-2.269929,
10:37:22.228,2,-1.459324,1.524634,-2.343127,
10:37:22.310,1,-2.184211,1.287025,-2.267461,
10:37:22.311,2,-1.475812,1.524724,-2.354497,
10:37:22.394,1,-2.18397,1.286074,-2.266119,
10:37:22.395,2,-1.483189,1.525057,-2.36068,
10:37:22.477,1,-2.185527,1.284877,-2.266073,
10:37:22.477,2,-1.491571,1.525259,-2.367773,
10:37:22.561,1,-2.185915,1.285836,-2.265334,
10:37:22.561,2,-1.498916,1.525459,-2.373579,
10:37:22.643,1,-2.187155,1.285504,-2.263904,
10:37:22.644,2,-1.504993,1.525241,-2.37787,
10:37:22.794,1,-2.189634,1.288211,-2.261791,
10:37:22.795,2,-1.51555,1.525179,-2.389319,
10:37:22.877,1,-2.191782,1.288003,-2.261092,
10:37:22.877,2,-1.520649,1.525227,-2.394353,
10:37:22.961,1,-2.193371,1.288036,-2.26022,
10:37:22.961,2,-1.524397,1.52528,-2.396867,
10:37:23.061,1,-2.196885,1.286852,-2.260316,
10:37:23.061,2,-1.529688,1.525258,-2.400111,
10:37:23.143,1,-2.201643,1.289204,-2.259574,
10:37:23.143,2,-1.534504,1.525144,-2.401566,
10:37:23.228,1,-2.203849,1.294007,-2.259426,
10:37:23.228,2,-1.538395,1.525067,-2.402252,
10:37:23.310,1,-2.209098,1.296264,-2.25863,
10:37:23.310,2,-1.543245,1.525068,-2.401739,
10:37:23.461,1,-2.215503,1.293409,-2.257244,
10:37:23.461,2,-1.549708,1.525217,-2.399908,
10:37:23.561,1,-2.222101,1.292556,-2.255681,
10:37:23.561,2,-1.55431,1.525155,-2.397864,
10:37:23.643,1,-2.2286,1.309399,-2.253801,
10:37:23.644,2,-1.558114,1.525361,-2.396114,
10:37:23.727,1,-2.230594,1.299786,-2.252533,
10:37:23.728,2,-1.559674,1.5254,-2.395029,
10:37:23.810,1,-2.235027,1.295947,-2.249411,
10:37:23.810,2,-1.562522,1.525321,-2.393182,
10:37:23.894,1,-2.238053,1.299048,-2.248356,
10:37:23.895,2,-1.56375,1.525612,-2.392459,
10:37:23.977,1,-2.243147,1.293961,-2.244937,
10:37:23.977,2,-1.564516,1.525803,-2.391846,
10:37:24.061,1,-2.245429,1.292967,-2.243773,
10:37:24.062,2,-1.564778,1.525952,-2.391864,
10:37:24.161,1,-2.250437,1.331058,-2.242755,
10:37:24.161,2,-1.565263,1.526073,-2.3917,
10:37:24.244,1,-2.253579,1.366824,-2.24089,
10:37:24.244,2,-1.565178,1.525804,-2.391586,
10:37:24.328,1,-2.255417,1.347112,-2.240431,
10:37:24.328,2,-1.564979,1.525888,-2.391767,
10:37:24.410,1,-2.25945,1.412738,-2.238859,
10:37:24.410,2,-1.564619,1.526168,-2.391826,
10:37:24.494,1,-2.263083,1.397981,-2.23766,
10:37:24.495,2,-1.564327,1.525652,-2.391906,
10:37:24.577,1,-2.266663,1.398136,-2.237979,
10:37:24.577,2,-1.563413,1.525921,-2.392297,
10:37:24.661,1,-2.270737,1.383677,-2.237315,
10:37:24.661,2,-1.561426,1.526122,-2.393082,
10:37:24.761,1,-2.276293,1.387653,-2.236968,
10:37:24.761,2,-1.55942,1.526121,-2.394073,
10:37:24.843,1,-2.283122,1.396447,-2.23653,
10:37:24.844,2,-1.557197,1.525974,-2.394697,
10:37:24.928,1,-2.286053,1.398598,-2.236885,
10:37:24.928,2,-1.557171,1.526129,-2.395021,
10:37:25.010,1,-2.292808,1.389192,-2.235969,
10:37:25.010,2,-1.556166,1.526063,-2.395449,
10:37:25.094,1,-2.295846,1.390305,-2.235697,
10:37:25.095,2,-1.556081,1.526217,-2.395483,
10:37:25.177,1,-2.30026,1.389073,-2.23615,
10:37:25.177,2,-1.555448,1.526319,-2.395723,
10:37:25.327,1,-2.305969,1.392534,-2.235782,
10:37:25.328,2,-1.555092,1.526347,-2.396503,
10:37:25.410,1,-2.310855,1.390984,-2.23688,
10:37:25.410,2,-1.555193,1.526176,-2.397198,
10:37:25.493,1,-2.313817,1.391231,-2.236362,
10:37:25.494,2,-1.555122,1.526198,-2.397193,
10:37:25.577,1,-2.318632,1.393022,-2.237816,
10:37:25.578,2,-1.555051,1.526375,-2.397456,
10:37:25.661,1,-2.320041,1.392708,-2.237101,
10:37:25.661,2,-1.555036,1.526221,-2.397542,
10:37:25.743,1,-2.322746,1.393074,-2.238305,
10:37:25.744,2,-1.5551,1.525954,-2.397711,
10:37:25.828,1,-2.324799,1.395021,-2.238536,
10:37:25.828,2,-1.555255,1.526055,-2.397447,
10:37:25.910,1,-2.327353,1.395835,-2.238664,
10:37:25.910,2,-1.555318,1.52592,-2.397435,
10:37:26.043,1,-2.332826,1.39394,-2.240333,
10:37:26.043,2,-1.555825,1.525867,-2.39742,
10:37:26.177,1,-2.337244,1.393538,-2.239969,
10:37:26.177,2,-1.556499,1.525689,-2.397284,
10:37:26.261,1,-2.34062,1.392983,-2.239847,
10:37:26.261,2,-1.55671,1.525733,-2.397097,
10:37:26.343,1,-2.345385,1.392159,-2.238443,
10:37:26.344,2,-1.55746,1.525757,-2.396694,
10:37:26.428,1,-2.349386,1.392095,-2.236595,
10:37:26.428,2,-1.557828,1.525636,-2.396597,
10:37:26.510,1,-2.353727,1.392828,-2.234448,
10:37:26.510,2,-1.558557,1.52583,-2.396698,
10:37:26.594,1,-2.357487,1.39287,-2.234219,
10:37:26.595,2,-1.55919,1.525828,-2.396446,
10:37:26.677,1,-2.364146,1.392156,-2.231562,
10:37:26.677,2,-1.55977,1.526007,-2.396372,
10:37:26.827,1,-2.372855,1.391475,-2.22745,
10:37:26.828,2,-1.56153,1.52639,-2.395959,
10:37:26.910,1,-2.378909,1.391311,-2.224262,
10:37:26.910,2,-1.562249,1.526379,-2.396105,
10:37:27.043,1,-2.388551,1.390689,-2.220964,
10:37:27.043,2,-1.562765,1.526671,-2.395947,
10:37:27.128,1,-2.391703,1.390375,-2.219724,
10:37:27.128,2,-1.563125,1.526748,-2.39581,
10:37:27.210,1,-2.397434,1.389867,-2.217449,
10:37:27.210,2,-1.563628,1.527009,-2.395416,
10:37:27.294,1,-2.399547,1.389771,-2.217056,
10:37:27.295,2,-1.563653,1.526932,-2.395251,
10:37:27.377,1,-2.404386,1.389896,-2.21573,
10:37:27.377,2,-1.563848,1.527053,-2.39508,
10:37:27.461,1,-2.406742,1.389956,-2.214505,
10:37:27.461,2,-1.563972,1.527126,-2.395055,
10:37:27.543,1,-2.409067,1.390208,-2.214073,
10:37:27.544,2,-1.564146,1.527143,-2.395248,
10:37:27.628,1,-2.411081,1.390973,-2.213762,
10:37:27.628,2,-1.564183,1.527811,-2.395288,
10:37:27.710,1,-2.413359,1.390908,-2.213121,
10:37:27.710,2,-1.564209,1.527474,-2.395196,
10:37:27.843,1,-2.415834,1.390882,-2.213158,
10:37:27.844,2,-1.564266,1.526864,-2.395465,
10:37:27.927,1,-2.417315,1.391108,-2.21346,
10:37:27.928,2,-1.564178,1.527055,-2.395421,
10:37:28.010,1,-2.418516,1.391746,-2.214053,
10:37:28.010,2,-1.563935,1.526981,-2.395802,
10:37:28.094,1,-2.419076,1.392064,-2.214625,
10:37:28.095,2,-1.563973,1.527143,-2.396063,
10:37:28.177,1,-2.419473,1.392021,-2.214768,
10:37:28.177,2,-1.563854,1.527178,-2.396466,
10:37:28.261,1,-2.419755,1.392161,-2.215785,
10:37:28.261,2,-1.563855,1.526605,-2.396648,
10:37:28.361,1,-2.420654,1.384573,-2.217275,
10:37:28.361,2,-1.563827,1.526002,-2.397118,
10:37:28.444,1,-2.420118,1.379183,-2.218,
10:37:28.444,2,-1.5625,1.525794,-2.397865,
10:37:28.527,1,-2.419643,1.366737,-2.218046,
10:37:28.528,2,-1.562658,1.525415,-2.398165,
10:37:28.610,1,-2.419838,1.358194,-2.221171,
10:37:28.610,2,-1.562825,1.525203,-2.398997,
10:37:28.694,1,-2.419397,1.358076,-2.22239,
10:37:28.695,2,-1.563229,1.525123,-2.39956,
10:37:28.777,1,-2.41822,1.325618,-2.22407,
10:37:28.777,2,-1.563445,1.525789,-2.3998,
10:37:28.861,1,-2.416914,1.359771,-2.225225,
10:37:28.861,2,-1.563529,1.525261,-2.399961,
10:37:28.944,1,-2.41481,1.270354,-2.227517,
10:37:28.944,2,-1.563654,1.525703,-2.400686,
10:37:29.077,1,-2.409515,1.267723,-2.229048,
10:37:29.077,2,-1.563838,1.527272,-2.40113,
10:37:29.161,1,-2.407619,1.272811,-2.229354,
10:37:29.161,2,-1.564074,1.527219,-2.401068,
10:37:29.244,1,-2.404321,1.268569,-2.23019,
10:37:29.244,2,-1.564236,1.527335,-2.401148,
10:37:29.377,1,-2.394979,1.263009,-2.230623,
10:37:29.377,2,-1.564407,1.525426,-2.401248,
10:37:29.510,1,-2.390345,1.261114,-2.230546,
10:37:29.510,2,-1.564611,1.525447,-2.401414,
10:37:29.643,1,-2.383898,1.261374,-2.230026,
10:37:29.644,2,-1.56358,1.525892,-2.40127,
10:37:29.728,1,-2.380242,1.2639,-2.230073,
10:37:29.728,2,-1.562664,1.52549,-2.40111,
10:37:29.827,1,-2.376365,1.266933,-2.228429,
10:37:29.827,2,-1.563003,1.526171,-2.40117,
10:37:29.911,1,-2.372007,1.277326,-2.227261,
10:37:29.911,2,-1.56517,1.526586,-2.400186,
10:37:29.994,1,-2.366023,1.276548,-2.225179,
10:37:29.994,2,-1.565299,1.527327,-2.400595,
10:37:30.077,1,-2.363757,1.272747,-2.224279,
10:37:30.077,2,-1.566235,1.52796,-2.401837,
10:37:30.161,1,-2.361229,1.269458,-2.222661,
10:37:30.161,2,-1.566506,1.528311,-2.40195,
10:37:30.243,1,-2.356397,1.269229,-2.218953,
10:37:30.244,2,-1.566441,1.528711,-2.402598,
10:37:30.328,1,-2.355708,1.266577,-2.216398,
10:37:30.328,2,-1.566876,1.529523,-2.404322,
10:37:31.277,1,-2.353052,1.27162,-2.207608,
10:37:31.277,2,-1.567289,1.529069,-2.405058,
10:37:31.477,1,-2.308029,1.263674,-2.182568,
10:37:31.477,2,-1.566748,1.528872,-2.402748,
10:37:31.561,1,-2.30561,1.268754,-2.183152,
10:37:31.561,2,-1.566602,1.530747,-2.4023,
10:37:31.661,1,-2.300805,1.268511,-2.184568,
10:37:31.661,2,-1.566398,1.535651,-2.401524,
10:37:31.743,1,-2.298915,1.276532,-2.187004,
10:37:31.744,2,-1.566041,1.537125,-2.401099,
10:37:31.828,1,-2.297092,1.278141,-2.18839,
10:37:31.828,2,-1.565547,1.542057,-2.400754,
10:37:31.928,1,-2.294499,1.275508,-2.189734,
10:37:31.928,2,-1.565389,1.543558,-2.400341,
10:37:32.010,1,-2.292309,1.276152,-2.191953,
10:37:32.010,2,-1.565081,1.548063,-2.399881,
10:37:32.094,1,-2.291731,1.294593,-2.19248,
10:37:32.095,2,-1.56498,1.550782,-2.399499,
10:37:32.177,1,-2.291427,1.376058,-2.193223,
10:37:32.177,2,-1.565149,1.550811,-2.39873,
10:37:32.310,1,-2.291246,1.383144,-2.195277,
10:37:32.310,2,-1.565102,1.552318,-2.39854,
10:37:32.461,1,-2.291009,1.387226,-2.196354,
10:37:32.461,2,-1.565301,1.550839,-2.398321,
10:37:32.561,1,-2.291333,1.394626,-2.196972,
10:37:32.561,2,-1.565654,1.551491,-2.398531,
10:37:32.661,1,-2.291863,1.387879,-2.196635,
10:37:32.661,2,-1.566172,1.552128,-2.398243,
10:37:32.743,1,-2.292174,1.384082,-2.197006,
10:37:32.744,2,-1.566622,1.552359,-2.398226,
10:37:32.828,1,-2.292397,1.369422,-2.197434,
10:37:32.828,2,-1.567261,1.55189,-2.398187,
10:37:32.910,1,-2.293273,1.370396,-2.196455,
10:37:32.910,2,-1.567752,1.549084,-2.398366,
10:37:33.043,1,-2.293771,1.363671,-2.196542,
10:37:33.044,2,-1.567969,1.546723,-2.398274,
10:37:33.177,1,-2.294458,1.369606,-2.196322,
10:37:33.177,2,-1.568287,1.547337,-2.398452,
10:37:33.328,1,-2.295362,1.37651,-2.196454,
10:37:33.328,2,-1.568159,1.547702,-2.398548,
10:37:33.410,1,-2.296067,1.381253,-2.195735,
10:37:33.410,2,-1.567963,1.547632,-2.398388,
10:37:33.494,1,-2.296457,1.389345,-2.195586,
10:37:33.495,2,-1.568028,1.546413,-2.398318,
10:37:33.577,1,-2.297075,1.394892,-2.19556,
10:37:33.577,2,-1.567667,1.547323,-2.3979,
10:37:33.661,1,-2.297649,1.396728,-2.195876,
10:37:33.661,2,-1.566979,1.547295,-2.397652,
10:37:33.761,1,-2.298309,1.391517,-2.195488,
10:37:33.761,2,-1.566693,1.547828,-2.397409,
10:37:33.843,1,-2.298673,1.391942,-2.195222,
10:37:33.844,2,-1.56578,1.548436,-2.396685,
10:37:33.928,1,-2.298884,1.390967,-2.194946,
10:37:33.928,2,-1.565626,1.548632,-2.396515,
10:37:34.010,1,-2.299149,1.391001,-2.195148,
10:37:34.010,2,-1.56516,1.548186,-2.396406,
10:37:34.095,1,-2.299509,1.389959,-2.195451,
10:37:34.096,2,-1.564531,1.549057,-2.396051,
10:37:34.177,1,-2.299783,1.390437,-2.195791,
10:37:34.177,2,-1.56395,1.549025,-2.395374,
10:37:34.261,1,-2.300126,1.389911,-2.195822,
10:37:34.261,2,-1.563628,1.549215,-2.395241,
10:37:34.361,1,-2.300991,1.39009,-2.196822,
10:37:34.361,2,-1.562997,1.549284,-2.395147,
10:37:34.443,1,-2.301907,1.385414,-2.197919,
10:37:34.444,2,-1.562604,1.549116,-2.395165,
10:37:34.528,1,-2.302252,1.38474,-2.198426,
10:37:34.528,2,-1.562378,1.549255,-2.395595,
10:37:34.610,1,-2.303781,1.39152,-2.200202,
10:37:34.610,2,-1.561943,1.549249,-2.395799,
10:37:34.744,1,-2.304135,1.389852,-2.200701,
10:37:34.744,2,-1.561428,1.548335,-2.395851,
10:37:34.828,1,-2.304318,1.388078,-2.201438,
10:37:34.828,2,-1.561318,1.548453,-2.395797,
10:37:34.928,1,-2.304533,1.387768,-2.202436,
10:37:34.928,2,-1.561266,1.548319,-2.395391,
10:37:35.010,1,-2.304234,1.387746,-2.202863,
10:37:35.010,2,-1.561315,1.54878,-2.395375,
10:37:35.144,1,-2.304953,1.386876,-2.205948,
10:37:35.144,2,-1.562209,1.549108,-2.393443,
10:37:35.227,1,-2.30466,1.385578,-2.206347,
10:37:35.227,2,-1.56358,1.549412,-2.392475,
10:37:35.310,1,-2.303535,1.385881,-2.205605,
10:37:35.310,2,-1.565153,1.549449,-2.392029,
10:37:35.394,1,-2.302959,1.382438,-2.206749,
10:37:35.394,2,-1.566009,1.549084,-2.391678,
10:37:35.494,1,-2.302307,1.381321,-2.207758,
10:37:35.494,2,-1.566597,1.549131,-2.391,
10:37:35.577,1,-2.301173,1.380077,-2.206535,
10:37:35.577,2,-1.566742,1.549098,-2.390686,
10:37:35.660,1,-2.301082,1.379319,-2.207779,
10:37:35.660,2,-1.56674,1.549404,-2.390656,
10:37:35.761,1,-2.301075,1.379136,-2.208475,
10:37:35.761,2,-1.566881,1.549299,-2.390496,
10:37:35.861,1,-2.300365,1.378872,-2.209382,
10:37:35.861,2,-1.56642,1.549259,-2.390548,
10:37:35.944,1,-2.299169,1.378605,-2.208271,
10:37:35.944,2,-1.56609,1.549556,-2.390237,
10:37:36.028,1,-2.298922,1.37852,-2.208479,
10:37:36.028,2,-1.56593,1.549478,-2.389982,
10:37:36.128,1,-2.298885,1.378469,-2.208863,
10:37:36.128,2,-1.564386,1.549438,-2.390645,
10:37:36.210,1,-2.298524,1.378168,-2.209184,
10:37:36.210,2,-1.562125,1.549598,-2.39116,
10:37:36.294,1,-2.298334,1.380321,-2.209221,
10:37:36.295,2,-1.561261,1.549574,-2.392684,
10:37:36.377,1,-2.298197,1.379841,-2.209581,
10:37:36.377,2,-1.560366,1.549564,-2.394829,
10:37:36.461,1,-2.297995,1.379925,-2.20947,
10:37:36.462,2,-1.560255,1.549595,-2.396143,
10:37:36.544,1,-2.297948,1.379355,-2.209738,
10:37:36.544,2,-1.558968,1.549547,-2.397241,
10:37:36.628,1,-2.297859,1.378933,-2.209516,
10:37:36.628,2,-1.55821,1.549593,-2.397156,
10:37:36.728,1,-2.297463,1.37875,-2.20855,
10:37:36.728,2,-1.557324,1.549618,-2.39709,
10:37:36.828,1,-2.296766,1.379519,-2.205324,
10:37:36.828,2,-1.557126,1.549768,-2.397382,
10:37:36.910,1,-2.296897,1.379491,-2.204906,
10:37:36.910,2,-1.555722,1.549763,-2.396268,
10:37:36.994,1,-2.296728,1.379444,-2.204381,
10:37:36.994,2,-1.555418,1.549644,-2.395903,
10:37:37.077,1,-2.296589,1.379137,-2.204031,
10:37:37.077,2,-1.555515,1.549488,-2.395661,
10:37:37.160,1,-2.296372,1.378571,-2.203628,
10:37:37.160,2,-1.555619,1.548804,-2.395565,
10:37:37.860,1,-2.296119,1.378412,-2.202096,
10:37:37.861,2,-1.555755,1.548929,-2.395284,
10:37:38.061,1,-2.295805,1.378413,-2.194565,
10:37:38.061,2,-1.556373,1.549209,-2.394334,
10:37:38.161,1,-2.295854,1.377756,-2.193992,
10:37:38.161,2,-1.557102,1.549144,-2.394733,
10:37:38.261,1,-2.295925,1.377184,-2.193914,
10:37:38.261,2,-1.55689,1.548997,-2.394388,
10:37:38.361,1,-2.29647,1.380281,-2.193828,
10:37:38.361,2,-1.556515,1.549094,-2.393479,
10:37:38.444,1,-2.296597,1.382056,-2.193752,
10:37:38.444,2,-1.556429,1.549151,-2.392778,
10:37:38.528,1,-2.296875,1.381387,-2.194205,
10:37:38.528,2,-1.556867,1.549236,-2.391594,
10:37:38.610,1,-2.297589,1.382278,-2.194849,
10:37:38.610,2,-1.557846,1.549464,-2.388849,
10:37:38.694,1,-2.297966,1.388051,-2.195444,
10:37:38.695,2,-1.558114,1.549553,-2.387758,
10:37:38.777,1,-2.299286,1.38852,-2.196991,
10:37:38.777,2,-1.558374,1.549635,-2.386972,
10:37:38.861,1,-2.299505,1.390161,-2.196959,
10:37:38.862,2,-1.558623,1.549597,-2.388033,
10:37:38.961,1,-2.300627,1.389953,-2.197714,
10:37:38.962,2,-1.558533,1.549309,-2.387628,
10:37:39.044,1,-2.302981,1.3892,-2.199202,
10:37:39.044,2,-1.558364,1.5496,-2.38725,
10:37:39.128,1,-2.303453,1.389397,-2.199528,
10:37:39.128,2,-1.558426,1.549631,-2.387026,
10:37:39.210,1,-2.304989,1.3893,-2.200482,
10:37:39.210,2,-1.560242,1.549729,-2.388228,
10:37:39.294,1,-2.307512,1.396958,-2.202897,
10:37:39.294,2,-1.559789,1.550222,-2.387655,
10:37:39.377,1,-2.310309,1.397496,-2.20514,
10:37:39.377,2,-1.559885,1.550256,-2.388924,
10:37:39.461,1,-2.312235,1.397454,-2.206662,
10:37:39.461,2,-1.560267,1.550213,-2.390739,
10:37:39.544,1,-2.313493,1.395543,-2.206269,
10:37:39.544,2,-1.559477,1.55048,-2.388924,
10:37:39.627,1,-2.314491,1.395983,-2.206291,
10:37:39.627,2,-1.559719,1.550591,-2.389164,
10:37:39.710,1,-2.315318,1.40389,-2.206453,
10:37:39.711,2,-1.559293,1.550809,-2.387846,
10:37:39.794,1,-2.315714,1.406804,-2.206632,
10:37:39.795,2,-1.559363,1.550796,-2.388176,
10:37:39.894,1,-2.31606,1.410454,-2.206558,
10:37:39.895,2,-1.559759,1.550994,-2.38731,
10:37:39.977,1,-2.315895,1.402255,-2.206497,
10:37:39.977,2,-1.55999,1.551036,-2.386629,
10:37:40.061,1,-2.315763,1.402687,-2.206424,
10:37:40.061,2,-1.559714,1.550757,-2.386275,
10:37:40.161,1,-2.315052,1.402749,-2.206021,
10:37:40.161,2,-1.559779,1.549709,-2.38603,
10:37:40.244,1,-2.312699,1.404343,-2.204527,
10:37:40.244,2,-1.560214,1.550751,-2.385101,
10:37:40.327,1,-2.312008,1.404302,-2.204106,
10:37:40.328,2,-1.560265,1.551234,-2.384974,
10:37:40.410,1,-2.310072,1.40527,-2.202819,
10:37:40.410,2,-1.560874,1.552064,-2.385415,
10:37:40.561,1,-2.308548,1.405169,-2.202182,
10:37:40.562,2,-1.561063,1.551401,-2.384713,
10:37:40.694,1,-2.307395,1.405222,-2.202349,
10:37:40.695,2,-1.561239,1.552144,-2.384072,
10:37:40.828,1,-2.306402,1.4052,-2.203056,
10:37:40.828,2,-1.561311,1.552471,-2.382523,
10:37:40.961,1,-2.305745,1.406128,-2.203922,
10:37:40.962,2,-1.56162,1.552769,-2.381337,
10:37:41.060,1,-2.30403,1.406261,-2.20542,
10:37:41.060,2,-1.561637,1.552863,-2.380612,
10:37:41.144,1,-2.302462,1.406042,-2.206857,
10:37:41.144,2,-1.56149,1.552052,-2.380391,
10:37:41.227,1,-2.301754,1.406658,-2.207185,
10:37:41.227,2,-1.561332,1.55068,-2.380309,
10:37:41.310,1,-2.299829,1.406806,-2.207229,
10:37:41.310,2,-1.56114,1.549746,-2.380185,
10:37:41.394,1,-2.299009,1.40684,-2.208007,
10:37:41.395,2,-1.560725,1.548567,-2.379928,
10:37:41.477,1,-2.298046,1.406859,-2.208057,
10:37:41.477,2,-1.560106,1.547399,-2.379783,
10:37:41.561,1,-2.297174,1.406802,-2.208249,
10:37:41.562,2,-1.559779,1.545004,-2.379895,
10:37:41.661,1,-2.296268,1.406671,-2.207865,
10:37:41.661,2,-1.559461,1.544695,-2.380047,
10:37:41.744,1,-2.295434,1.406247,-2.207912,
10:37:41.744,2,-1.559468,1.542807,-2.380183,
10:37:41.827,1,-2.294721,1.405887,-2.208276,
10:37:41.828,2,-1.559626,1.540132,-2.380198,
10:37:41.927,1,-2.293506,1.405816,-2.2079,
10:37:41.928,2,-1.560323,1.53788,-2.380288,
10:37:42.010,1,-2.292451,1.405497,-2.207641,
10:37:42.010,2,-1.560489,1.536018,-2.381834,
10:37:42.094,1,-2.291807,1.405781,-2.207477,
10:37:42.094,2,-1.560527,1.534182,-2.381498,
10:37:42.177,1,-2.290545,1.406265,-2.206972,
10:37:42.177,2,-1.560262,1.533538,-2.381033,
10:37:42.260,1,-2.289131,1.405836,-2.206907,
10:37:42.261,2,-1.560107,1.53174,-2.380565,
10:37:42.344,1,-2.286541,1.405748,-2.207176,
10:37:42.344,2,-1.560554,1.531421,-2.381792,
10:37:42.428,1,-2.284872,1.405661,-2.206728,
10:37:42.428,2,-1.560968,1.530524,-2.380559,
10:37:42.510,1,-2.283139,1.405271,-2.206909,
10:37:42.510,2,-1.561386,1.53052,-2.379302,
10:37:42.644,1,-2.281483,1.40414,-2.207332,
10:37:42.644,2,-1.56126,1.531148,-2.378626,
10:37:42.727,1,-2.281644,1.403889,-2.206977,
10:37:42.727,2,-1.561255,1.530822,-2.378249,
10:37:42.810,1,-2.280129,1.403342,-2.207587,
10:37:42.810,2,-1.561407,1.531882,-2.377777,
10:37:42.894,1,-2.278133,1.404212,-2.208444,
10:37:42.894,2,-1.562095,1.532091,-2.377377,
10:37:42.977,1,-2.276764,1.405539,-2.208763,
10:37:42.977,2,-1.562412,1.532875,-2.377088,
10:37:43.061,1,-2.273901,1.406433,-2.209856,
10:37:43.061,2,-1.562418,1.53278,-2.376993,
10:37:43.144,1,-2.27189,1.407069,-2.210349,
10:37:43.144,2,-1.562958,1.533229,-2.376612,
10:37:43.228,1,-2.270148,1.406777,-2.211142,
10:37:43.228,2,-1.563281,1.532006,-2.376424,
10:37:43.310,1,-2.270548,1.405313,-2.211092,
10:37:43.310,2,-1.563496,1.532536,-2.376504,
10:37:43.394,1,-2.270534,1.404929,-2.210745,
10:37:43.395,2,-1.563292,1.53305,-2.37643,
10:37:43.477,1,-2.271163,1.405336,-2.210314,
10:37:43.477,2,-1.563242,1.533419,-2.376539,
10:37:43.628,1,-2.26617,1.406907,-2.212744,
10:37:43.628,2,-1.562988,1.532212,-2.376458,
10:37:43.710,1,-2.263967,1.407756,-2.21304,
10:37:43.710,2,-1.563101,1.531693,-2.376439,
10:37:43.794,1,-2.26254,1.411369,-2.213158,
10:37:43.795,2,-1.562873,1.531036,-2.376335,
10:37:43.877,1,-2.261461,1.413482,-2.213271,
10:37:43.877,2,-1.563014,1.528354,-2.376136,
10:37:43.961,1,-2.260706,1.415222,-2.213308,
10:37:43.962,2,-1.562597,1.527059,-2.37603,
10:37:44.061,1,-2.259229,1.416058,-2.21351,
10:37:44.062,2,-1.562682,1.524908,-2.376101,
10:37:44.144,1,-2.257767,1.415559,-2.213628,
10:37:44.144,2,-1.562293,1.524445,-2.376445,
10:37:44.227,1,-2.257078,1.416033,-2.213517,
10:37:44.227,2,-1.562575,1.523135,-2.376544,
10:37:44.310,1,-2.255997,1.416072,-2.213302,
10:37:44.310,2,-1.562557,1.522813,-2.376978,
10:37:44.394,1,-2.255111,1.415973,-2.213247,
10:37:44.394,2,-1.562674,1.521976,-2.377123,
10:37:44.477,1,-2.254453,1.415331,-2.212958,
10:37:44.477,2,-1.562521,1.521393,-2.377194,
10:37:44.561,1,-2.254318,1.41757,-2.213028,
10:37:44.562,2,-1.562376,1.520633,-2.377289,
10:37:44.661,1,-2.254374,1.417653,-2.213044,
10:37:44.662,2,-1.562121,1.519992,-2.377856,
10:37:44.744,1,-2.254333,1.417584,-2.213522,
10:37:44.744,2,-1.56193,1.519475,-2.378516,
10:37:44.828,1,-2.254317,1.417845,-2.213502,
10:37:44.828,2,-1.561912,1.518421,-2.378532,
10:37:44.910,1,-2.254491,1.418052,-2.213541,
10:37:44.910,2,-1.561617,1.517905,-2.378814,
10:37:44.994,1,-2.254504,1.417902,-2.213535,
10:37:44.995,2,-1.561426,1.517398,-2.378989,
10:37:45.077,1,-2.254539,1.418246,-2.213604,
10:37:45.077,2,-1.561525,1.517121,-2.379727,
10:37:45.161,1,-2.25471,1.418017,-2.213638,
10:37:45.161,2,-1.560787,1.517379,-2.380953,
10:37:45.244,1,-2.254831,1.418024,-2.213915,
10:37:45.244,2,-1.560261,1.517349,-2.382684,
10:37:45.328,1,-2.255222,1.418135,-2.214203,
10:37:45.328,2,-1.560133,1.517346,-2.383607,
10:37:45.410,1,-2.255444,1.418774,-2.214333,
10:37:45.410,2,-1.559373,1.517443,-2.385372,
10:37:45.544,1,-2.255842,1.41853,-2.215004,
10:37:45.544,2,-1.559015,1.517727,-2.386082,
10:37:45.677,1,-2.257465,1.4184,-2.216926,
10:37:45.677,2,-1.559003,1.517671,-2.387057,
10:37:45.761,1,-2.257852,1.418088,-2.217206,
10:37:45.762,2,-1.559061,1.517886,-2.387051,
10:37:45.844,1,-2.258338,1.418853,-2.217353,
10:37:45.844,2,-1.558775,1.518004,-2.387465,
10:37:45.928,1,-2.25886,1.419354,-2.217527,
10:37:45.928,2,-1.558654,1.518338,-2.387567,
10:37:46.010,1,-2.259394,1.419136,-2.217609,
10:37:46.010,2,-1.558222,1.518421,-2.387546,
10:37:46.144,1,-2.259848,1.419057,-2.217372,
10:37:46.144,2,-1.557779,1.519101,-2.38715,
10:37:46.228,1,-2.260126,1.418713,-2.217296,
10:37:46.228,2,-1.557666,1.519409,-2.386977,
10:37:46.311,1,-2.260582,1.418865,-2.217777,
10:37:46.311,2,-1.557477,1.520426,-2.387001,
10:37:46.395,1,-2.260742,1.419538,-2.218118,
10:37:46.395,2,-1.557326,1.521752,-2.386964,
10:37:46.477,1,-2.261163,1.421697,-2.218817,
10:37:46.477,2,-1.557223,1.523996,-2.386889,
10:37:46.561,1,-2.261142,1.425263,-2.218911,
10:37:46.562,2,-1.557205,1.524547,-2.386732,
10:37:46.644,1,-2.261516,1.429148,-2.219082,
10:37:46.644,2,-1.557191,1.526364,-2.386645,
10:37:46.728,1,-2.261663,1.431283,-2.219247,
10:37:46.728,2,-1.557133,1.526998,-2.386515,
10:37:46.828,1,-2.261798,1.432037,-2.219526,
10:37:46.828,2,-1.557554,1.528126,-2.386579,
10:37:46.910,1,-2.26195,1.437681,-2.219724,
10:37:46.910,2,-1.557321,1.528795,-2.386701,
10:37:47.044,1,-2.261922,1.440832,-2.220479,
10:37:47.044,2,-1.557075,1.531258,-2.38686,
10:37:47.177,1,-2.262146,1.443981,-2.220898,
10:37:47.177,2,-1.557211,1.53475,-2.386193,
10:37:47.261,1,-2.261943,1.451612,-2.220805,
10:37:47.262,2,-1.556914,1.53647,-2.386103,
10:37:47.344,1,-2.2618,1.446811,-2.220618,
10:37:47.344,2,-1.556435,1.538127,-2.385814,
10:37:47.428,1,-2.261868,1.447271,-2.220746,
10:37:47.428,2,-1.55609,1.539064,-2.386091,
10:37:47.528,1,-2.261864,1.449385,-2.220804,
10:37:47.528,2,-1.556072,1.540329,-2.386444,
10:37:47.628,1,-2.261639,1.442434,-2.220633,
10:37:47.628,2,-1.555877,1.541703,-2.386541,
10:37:47.710,1,-2.261519,1.445631,-2.220531,
10:37:47.710,2,-1.555614,1.542614,-2.386597,
10:37:47.794,1,-2.261546,1.447404,-2.220599,
10:37:47.794,2,-1.555699,1.545241,-2.386541,
10:37:47.877,1,-2.261871,1.44804,-2.22058,
10:37:47.877,2,-1.555636,1.546397,-2.386587,
10:37:47.961,1,-2.261764,1.447115,-2.219776,
10:37:47.961,2,-1.555361,1.546727,-2.386341,
10:37:48.044,1,-2.261619,1.446876,-2.21917,
10:37:48.044,2,-1.555262,1.546456,-2.385723,
10:37:48.128,1,-2.261437,1.447284,-2.218633,
10:37:48.128,2,-1.555142,1.543547,-2.385753,
10:37:48.210,1,-2.261395,1.446903,-2.218389,
10:37:48.211,2,-1.555031,1.540424,-2.385716,
10:37:48.294,1,-2.26127,1.447209,-2.217761,
10:37:48.294,2,-1.555021,1.540732,-2.38549,
10:37:48.377,1,-2.261187,1.447802,-2.217587,
10:37:48.378,2,-1.554963,1.538626,-2.384735,
10:37:48.461,1,-2.26124,1.447475,-2.217381,
10:37:48.461,2,-1.55517,1.536063,-2.384191,
10:37:48.544,1,-2.261284,1.442672,-2.217408,
10:37:48.544,2,-1.555038,1.534663,-2.38417,
10:37:48.628,1,-2.261737,1.441175,-2.21743,
10:37:48.628,2,-1.555042,1.533713,-2.383924,
10:37:48.728,1,-2.261828,1.445248,-2.217673,
10:37:48.728,2,-1.556133,1.537005,-2.383026,
10:37:48.810,1,-2.261784,1.439626,-2.217484,
10:37:48.810,2,-1.556401,1.538271,-2.382736,
10:37:48.894,1,-2.261715,1.437915,-2.217554,
10:37:48.894,2,-1.556294,1.536259,-2.382625,
10:37:48.977,1,-2.261798,1.434469,-2.217909,
10:37:48.977,2,-1.556234,1.533506,-2.38257,
10:37:49.061,1,-2.261729,1.434469,-2.217899,
10:37:49.062,2,-1.556147,1.533804,-2.382501,
10:37:49.145,1,-2.261482,1.435116,-2.218443,
10:37:49.145,2,-1.556173,1.531575,-2.382263,
10:37:49.228,1,-2.26174,1.435151,-2.218653,
10:37:49.228,2,-1.55581,1.530823,-2.382432,
10:37:49.328,1,-2.261587,1.448138,-2.219142,
10:37:49.328,2,-1.555591,1.530255,-2.38254,
10:37:49.410,1,-2.261292,1.451956,-2.219276,
10:37:49.410,2,-1.555487,1.531173,-2.382489,
10:37:49.494,1,-2.261127,1.45132,-2.219314,
10:37:49.495,2,-1.555193,1.532675,-2.382674,
10:37:49.577,1,-2.261085,1.437786,-2.219273,
10:37:49.577,2,-1.555199,1.53284,-2.382806,
10:37:49.710,1,-2.261878,1.434016,-2.220083,
10:37:49.710,2,-1.555596,1.53442,-2.382699,
10:37:49.794,1,-2.26205,1.43633,-2.219769,
10:37:49.794,2,-1.555436,1.534515,-2.38258,
10:37:49.877,1,-2.262977,1.438354,-2.219822,
10:37:49.877,2,-1.555505,1.535581,-2.382762,
10:37:49.961,1,-2.263453,1.4412,-2.21959,
10:37:49.961,2,-1.555422,1.536139,-2.382826,
10:37:50.044,1,-2.264359,1.441642,-2.21943,
10:37:50.044,2,-1.555178,1.535406,-2.382899,
10:37:50.128,1,-2.265733,1.443285,-2.219654,
10:37:50.128,2,-1.555064,1.535936,-2.382951,
10:37:50.228,1,-2.267692,1.442394,-2.219462,
10:37:50.228,2,-1.555351,1.535832,-2.382952,
10:37:50.310,1,-2.268791,1.439361,-2.219249,
10:37:50.310,2,-1.555105,1.536096,-2.383036,
10:37:50.395,1,-2.271005,1.438547,-2.220216,
10:37:50.395,2,-1.554905,1.535304,-2.383373,
10:37:50.477,1,-2.273349,1.437331,-2.219598,
10:37:50.477,2,-1.554701,1.535202,-2.38319,
10:37:50.561,1,-2.275118,1.437315,-2.219045,
10:37:50.562,2,-1.554648,1.535372,-2.382767,
10:37:50.644,1,-2.277205,1.437557,-2.218336,
10:37:50.644,2,-1.55525,1.534905,-2.382778,
10:37:50.728,1,-2.278237,1.437751,-2.218141,
10:37:50.728,2,-1.555193,1.535748,-2.382745,
10:37:50.828,1,-2.279166,1.437537,-2.216634,
10:37:50.828,2,-1.555287,1.536158,-2.382377,
10:37:50.910,1,-2.278659,1.43753,-2.216254,
10:37:50.911,2,-1.555944,1.536182,-2.382796,
10:37:50.994,1,-2.28009,1.43867,-2.216031,
10:37:50.995,2,-1.555963,1.536567,-2.382425,
10:37:51.094,1,-2.280946,1.438455,-2.215052,
10:37:51.095,2,-1.556287,1.536705,-2.382463,
10:37:51.177,1,-2.286248,1.437494,-2.214985,
10:37:51.177,2,-1.555787,1.537186,-2.382395,
10:37:51.261,1,-2.288305,1.435828,-2.215099,
10:37:51.261,2,-1.555612,1.537602,-2.382443,
10:37:51.344,1,-2.28943,1.435092,-2.214895,
10:37:51.344,2,-1.555707,1.538477,-2.382544,
10:37:51.428,1,-2.290423,1.433786,-2.214017,
10:37:51.428,2,-1.555548,1.53894,-2.382622,
10:37:51.528,1,-2.291811,1.432855,-2.213489,
10:37:51.528,2,-1.555574,1.539624,-2.382654,
10:37:51.628,1,-2.293112,1.432342,-2.212601,
10:37:51.628,2,-1.555572,1.540193,-2.382435,
10:37:51.727,1,-2.295004,1.431785,-2.211336,
10:37:51.727,2,-1.555468,1.539944,-2.382439,
10:37:51.810,1,-2.296715,1.431674,-2.210519,
10:37:51.811,2,-1.555339,1.541143,-2.382199,
10:37:51.894,1,-2.298069,1.431391,-2.209922,
10:37:51.894,2,-1.555303,1.541366,-2.382034,
10:37:51.994,1,-2.298882,1.431211,-2.209316,
10:37:51.994,2,-1.555905,1.540888,-2.381615,
10:37:52.094,1,-2.300985,1.431012,-2.208432,
10:37:52.095,2,-1.555864,1.541369,-2.381532,
10:37:52.194,1,-2.304015,1.430681,-2.206927,
10:37:52.194,2,-1.555804,1.541041,-2.381122,
10:37:52.277,1,-2.306522,1.430503,-2.205845,
10:37:52.277,2,-1.556356,1.5408,-2.381027,
10:37:52.361,1,-2.308133,1.430364,-2.205251,
10:37:52.361,2,-1.556451,1.540879,-2.380819,
10:37:52.461,1,-2.31099,1.43037,-2.20362,
10:37:52.461,2,-1.557994,1.540641,-2.380356,
10:37:52.578,1,-2.316282,1.430388,-2.203169,
10:37:52.578,2,-1.558525,1.540853,-2.37996,
10:37:52.677,1,-2.32326,1.430667,-2.201474,
10:37:52.677,2,-1.559386,1.540908,-2.378883,
10:37:52.760,1,-2.326665,1.43103,-2.200796,
10:37:52.761,2,-1.559413,1.541114,-2.378387,
10:37:52.844,1,-2.331499,1.431556,-2.200602,
10:37:52.844,2,-1.559797,1.54142,-2.37805,
10:37:52.945,1,-2.337063,1.43108,-2.200466,
10:37:52.945,2,-1.559771,1.542471,-2.377935,
10:37:53.045,1,-2.342518,1.430932,-2.19985,
10:37:53.045,2,-1.559786,1.542376,-2.377606,
10:37:53.144,1,-2.350215,1.430783,-2.19951,
10:37:53.144,2,-1.559867,1.542495,-2.377147,
10:37:53.245,1,-2.356995,1.430627,-2.199405,
10:37:53.245,2,-1.560236,1.544496,-2.376169,
10:37:53.345,1,-2.363597,1.429989,-2.198861,
10:37:53.345,2,-1.560417,1.544353,-2.375992,
10:37:53.444,1,-2.374994,1.429787,-2.197522,
10:37:53.444,2,-1.560972,1.544673,-2.374597,
10:37:53.545,1,-2.383269,1.429761,-2.197754,
10:37:53.545,2,-1.561594,1.54427,-2.374408,
10:37:53.645,1,-2.393762,1.429742,-2.19794,
10:37:53.645,2,-1.562155,1.545229,-2.373943,
10:37:53.744,1,-2.404585,1.429712,-2.196318,
10:37:53.744,2,-1.563094,1.544305,-2.373326,
10:37:53.844,1,-2.413556,1.429657,-2.195234,
10:37:53.845,2,-1.563128,1.544295,-2.373189,
10:37:53.945,1,-2.429471,1.429575,-2.193053,
10:37:53.945,2,-1.563838,1.545159,-2.372622,
10:37:54.044,1,-2.43933,1.429472,-2.192737,
10:37:54.044,2,-1.564174,1.544759,-2.372127,
10:37:54.145,1,-2.449484,1.429569,-2.191417,
10:37:54.146,2,-1.564508,1.544924,-2.372044,
10:37:54.244,1,-2.456366,1.429293,-2.193312,
10:37:54.244,2,-1.56461,1.544883,-2.37187,
10:37:54.344,1,-2.460424,1.429105,-2.195961,
10:37:54.344,2,-1.564667,1.545664,-2.371682,
10:37:54.445,1,-2.458817,1.428897,-2.200252,
10:37:54.445,2,-1.564566,1.545909,-2.371643,
10:37:54.527,1,-2.460109,1.42864,-2.206426,
10:37:54.527,2,-1.564724,1.54692,-2.371613,
10:37:54.628,1,-2.456279,1.428662,-2.218065,
10:37:54.628,2,-1.564105,1.545744,-2.372049,
10:37:54.727,1,-2.447,1.428745,-2.236751,
10:37:54.727,2,-1.56317,1.545193,-2.372374,
10:37:54.828,1,-2.424946,1.428625,-2.26883,
10:37:54.828,2,-1.562836,1.545822,-2.372535,
10:37:54.928,1,-2.404354,1.428089,-2.298959,
10:37:54.928,2,-1.56282,1.546062,-2.372878,
10:37:55.027,1,-2.381162,1.427944,-2.330487,
10:37:55.027,2,-1.562344,1.543568,-2.372972,
10:37:55.128,1,-2.360361,1.427804,-2.359539,
10:37:55.128,2,-1.562196,1.543345,-2.373517,
10:37:55.228,1,-2.340211,1.427697,-2.387525,
10:37:55.229,2,-1.562371,1.541591,-2.374104,
10:37:55.327,1,-2.325759,1.427801,-2.404782,
10:37:55.327,2,-1.562068,1.540874,-2.374417,
10:37:55.428,1,-2.312932,1.427758,-2.41442,
10:37:55.428,2,-1.561734,1.540207,-2.374485,
10:37:55.528,1,-2.305131,1.427623,-2.424536,
10:37:55.528,2,-1.561989,1.540358,-2.374988,
10:37:55.627,1,-2.299017,1.427483,-2.431117,
10:37:55.627,2,-1.561836,1.54068,-2.375483,
10:37:55.728,1,-2.294625,1.427376,-2.437247,
10:37:55.728,2,-1.562005,1.541567,-2.375921,
10:37:55.828,1,-2.29271,1.427352,-2.441736,
10:37:55.828,2,-1.561893,1.542233,-2.376485,
10:37:55.927,1,-2.292934,1.427319,-2.443615,
10:37:55.927,2,-1.562401,1.541719,-2.376823,
10:37:56.028,1,-2.293377,1.427209,-2.445925,
10:37:56.028,2,-1.563211,1.541666,-2.376662,
10:37:56.128,1,-2.294961,1.427191,-2.447888,
10:37:56.128,2,-1.564542,1.541604,-2.376991,
10:37:56.245,1,-2.29535,1.42692,-2.448031,
10:37:56.245,2,-1.56483,1.540598,-2.376772,
10:37:56.344,1,-2.296658,1.426929,-2.448901,
10:37:56.344,2,-1.56541,1.540961,-2.376037,
10:37:56.444,1,-2.299043,1.426677,-2.451898,
10:37:56.444,2,-1.565329,1.54119,-2.375935,
10:37:56.544,1,-2.301267,1.426641,-2.454995,
10:37:56.544,2,-1.566525,1.541599,-2.374999,
10:37:56.627,1,-2.302023,1.426646,-2.456287,
10:37:56.628,2,-1.567524,1.542039,-2.374804,
10:37:56.728,1,-2.302454,1.426766,-2.456811,
10:37:56.728,2,-1.567999,1.542042,-2.374115,
10:37:56.827,1,-2.302189,1.426666,-2.456319,
10:37:56.827,2,-1.568626,1.541971,-2.373454,
10:37:56.928,1,-2.302402,1.42658,-2.45653,
10:37:56.928,2,-1.569323,1.542132,-2.373013,
10:37:57.028,1,-2.302169,1.426673,-2.456243,
10:37:57.028,2,-1.571191,1.542758,-2.372343,
10:37:57.127,1,-2.301844,1.426676,-2.455733,
10:37:57.127,2,-1.57619,1.543332,-2.368452,
10:37:57.228,1,-2.301214,1.426932,-2.455035,
10:37:57.228,2,-1.587131,1.543259,-2.363011,
10:37:57.328,1,-2.300947,1.427037,-2.454192,
10:37:57.328,2,-1.605962,1.543339,-2.354654,
10:37:57.427,1,-2.300587,1.42696,-2.453439,
10:37:57.427,2,-1.622169,1.54343,-2.343692,
10:37:57.528,1,-2.300898,1.427216,-2.453508,
10:37:57.528,2,-1.640423,1.542823,-2.326798,
10:37:57.628,1,-2.300728,1.427245,-2.452497,
10:37:57.628,2,-1.663537,1.542427,-2.299261,
10:37:57.727,1,-2.300588,1.427319,-2.452015,
10:37:57.727,2,-1.695302,1.54119,-2.260383,
10:37:57.828,1,-2.300077,1.427599,-2.453389,
10:37:57.828,2,-1.739465,1.540706,-2.211045,
10:37:57.928,1,-2.299142,1.428028,-2.453645,
10:37:57.928,2,-1.781346,1.540337,-2.152124,
10:37:58.027,1,-2.297899,1.42849,-2.454721,
10:37:58.027,2,-1.825932,1.540853,-2.078249,
10:37:58.128,1,-2.295915,1.42859,-2.456328,
10:37:58.128,2,-1.845207,1.541187,-2.025918,
10:37:58.228,1,-2.295227,1.408723,-2.454886,
10:37:58.229,2,-1.827433,1.542146,-2.006689,
10:37:58.327,1,-2.29366,1.406491,-2.44728,
10:37:58.327,2,-1.797538,1.54242,-1.909272,
10:37:58.428,1,-2.294507,1.404155,-2.438545,
10:37:58.429,2,-1.860895,1.543784,-1.85176,
10:37:58.528,1,-2.293798,1.403552,-2.426457,
10:37:58.528,2,-1.996666,1.545218,-1.843876,
10:37:58.627,1,-2.288875,1.402212,-2.416616,
10:37:58.728,1,-2.27489,1.544777,-2.408326,
10:37:58.828,1,-2.253649,1.401827,-2.396402,
10:37:58.927,1,-2.208047,1.546379,-2.385936,
10:37:59.028,1,-2.145244,1.401497,-2.38368,
10:37:59.127,1,-2.066446,1.545266,-2.382025,
10:37:59.228,1,-1.990498,1.398301,-2.382339,
10:37:59.328,1,-1.922378,1.545564,-2.385758,
10:37:59.428,1,-1.871556,1.398229,-2.3835,
10:37:59.527,1,-1.816332,1.544409,-2.373176,
10:37:59.611,1,-1.773877,1.398185,-2.35652,
10:37:59.694,1,-1.740769,1.542738,-2.341286,
10:37:59.777,2,-2.653106,1.398109,-1.450992,
10:37:59.777,1,-1.690772,1.542217,-2.315387,
10:37:59.860,2,-2.656707,1.397942,-1.444195,
10:37:59.861,1,-1.658033,1.542167,-2.289928,
10:37:59.944,2,-2.669673,1.397925,-1.438524,
10:37:59.944,1,-1.603303,1.541084,-2.242624,
10:38:00.027,2,-2.678002,1.397537,-1.428494,
10:38:00.027,1,-1.571963,1.541239,-2.218328,
10:38:00.128,2,-2.68431,1.397515,-1.425107,
10:38:00.128,1,-1.517911,1.541273,-2.169413,
10:38:00.228,2,-2.707527,1.397313,-1.418172,
10:38:00.228,1,-1.471154,1.539979,-2.125442,
10:38:00.328,2,-2.725347,1.397166,-1.420355,
10:38:00.328,1,-1.433218,1.540943,-2.098972,
10:38:00.427,2,-2.747123,1.396807,-1.430806,
10:38:00.427,1,-1.400865,1.541113,-2.080092,
10:38:00.528,2,-2.774548,1.39658,-1.45221,
10:38:00.528,1,-1.331903,1.541114,-2.064614,
10:38:00.628,2,-2.802441,1.396257,-1.47768,
10:38:00.628,1,-1.274731,1.541601,-2.025779,
10:38:00.727,2,-2.843189,1.395986,-1.516799,
10:38:00.727,1,-1.234879,1.541389,-2.020186,
10:38:00.828,2,-2.876938,1.395875,-1.561604,
10:38:00.828,1,-1.145747,1.541253,-2.00356,
10:38:00.928,2,-2.897482,1.395516,-1.59782,
10:38:00.929,1,-1.074018,1.541337,-1.982105,
10:38:01.027,2,-2.912966,1.395522,-1.619707,
10:38:01.027,1,-1.01462,1.541244,-1.964152,
10:38:01.128,2,-2.926877,1.395608,-1.65089,
10:38:01.128,1,-0.95957,1.541267,-1.939917,
10:38:01.228,2,-2.935799,1.395437,-1.666501,
10:38:01.228,1,-0.913554,1.541139,-1.910927,
10:38:01.327,2,-2.93943,1.395317,-1.679527,
10:38:01.327,1,-0.877704,1.541083,-1.862301,
10:38:01.428,2,-2.940332,1.395272,-1.6859,
10:38:01.428,1,-0.815769,1.541075,-1.821306,
10:38:01.528,2,-2.938283,1.395245,-1.69382,
10:38:01.528,1,-0.780439,1.540989,-1.753719,
10:38:01.627,2,-2.937124,1.395115,-1.700692,
10:38:01.627,1,-0.753791,1.541114,-1.68788,
10:38:01.728,2,-2.936162,1.395235,-1.706728,
10:38:01.728,1,-0.700054,1.541459,-1.651331,
10:38:01.828,2,-2.935019,1.395404,-1.709185,
10:38:01.828,1,-0.685514,1.541298,-1.632767,
10:38:01.927,2,-2.933965,1.395389,-1.71109,
10:38:01.927,1,-0.668959,1.541832,-1.621576,
10:38:02.028,2,-2.933644,1.395421,-1.713201,
10:38:02.028,1,-0.635151,1.542243,-1.588452,
10:38:02.127,2,-2.932689,1.395538,-1.713444,
10:38:02.128,1,-0.589898,1.54267,-1.57795,
10:38:02.227,2,-2.930543,1.395823,-1.711913,
10:38:02.228,1,-0.575588,1.542881,-1.549128,
10:38:02.328,2,-2.928796,1.395782,-1.708754,
10:38:02.328,1,-0.557684,1.543965,-1.546051,
10:38:02.428,2,-2.927066,1.3956,-1.707966,
10:38:02.428,1,-0.55049,1.544402,-1.542737,
10:38:02.527,2,-2.926803,1.395436,-1.705925,
10:38:02.527,1,-0.533946,1.544275,-1.568848,
10:38:02.611,2,-2.925923,1.395286,-1.704518,
10:38:02.611,1,-0.575228,1.543665,-1.618198,
10:38:02.694,2,-2.926022,1.395164,-1.703971,
10:38:02.694,1,-0.529403,1.544236,-1.546238,
10:38:02.777,2,-2.925487,1.395227,-1.703087,
10:38:02.777,1,-0.529027,1.544338,-1.543325,
10:38:02.861,2,-2.925417,1.395265,-1.702242,
10:38:02.861,1,-0.592652,1.544632,-1.622099,
10:38:02.961,2,-2.925914,1.395474,-1.701407,
10:38:02.961,1,-0.581281,1.544559,-1.615675,
10:38:03.061,2,-2.926385,1.395602,-1.700833,
10:38:03.062,1,-0.525366,1.543104,-1.564749,
10:38:03.161,2,-2.926449,1.396142,-1.70038,
10:38:03.161,1,-0.532598,1.543116,-1.563784,
10:38:03.261,2,-2.9266,1.396185,-1.699728,
10:38:03.261,1,-0.537101,1.543703,-1.576851,
10:38:03.361,2,-2.926321,1.395686,-1.699587,
10:38:03.362,1,-0.537731,1.543671,-1.556862,
10:38:03.461,2,-2.925283,1.39555,-1.700182,
10:38:03.461,1,-0.539459,1.543392,-1.56213,
10:38:03.561,2,-2.925129,1.395613,-1.699936,
10:38:03.561,1,-0.5467,1.543319,-1.565102,
10:38:03.661,2,-2.924308,1.395583,-1.700576,
10:38:03.662,1,-0.547369,1.543048,-1.569908,
10:38:03.761,2,-2.923427,1.395625,-1.702069,
10:38:03.761,1,-0.547646,1.542817,-1.570351,
10:38:03.862,2,-2.922535,1.395651,-1.701808,
10:38:03.862,1,-0.548418,1.542962,-1.571625,
10:38:03.961,2,-2.920695,1.395694,-1.703545,
10:38:03.962,1,-0.547255,1.54299,-1.571312,
10:38:04.078,2,-2.92033,1.396018,-1.704301,
10:38:04.078,1,-0.543074,1.543176,-1.574197,
10:38:04.178,2,-2.919876,1.396382,-1.704737,
10:38:04.178,1,-0.54323,1.543243,-1.581574,
10:38:04.278,2,-2.920024,1.396715,-1.704984,
10:38:04.278,1,-0.543528,1.543015,-1.578619,
10:38:04.377,2,-2.920338,1.39782,-1.706573,
10:38:04.378,1,-0.5414,1.543062,-1.578256,
10:38:04.477,2,-2.920591,1.398354,-1.706813,
10:38:04.478,1,-0.542043,1.542716,-1.575951,
10:38:04.578,2,-2.920985,1.398523,-1.708064,
10:38:04.578,1,-0.536084,1.542908,-1.563413,
10:38:04.677,2,-2.922533,1.3981,-1.709393,
10:38:04.677,1,-0.536318,1.542451,-1.56393,
10:38:04.778,2,-2.922177,1.39795,-1.710001,
10:38:04.779,1,-0.569495,1.542294,-1.642009,
10:38:04.877,2,-2.92268,1.39806,-1.711135,
10:38:04.877,1,-0.535834,1.542972,-1.57807,
10:38:04.961,2,-2.922674,1.397963,-1.71158,
10:38:04.961,1,-0.536616,1.543476,-1.580092,
10:38:05.061,2,-2.922491,1.397573,-1.710586,
10:38:05.061,1,-0.53427,1.543493,-1.579561,
10:38:05.162,2,-2.923226,1.397599,-1.709555,
10:38:05.162,1,-0.535316,1.543677,-1.574678,
10:38:05.277,2,-2.922258,1.397493,-1.708745,
10:38:05.278,1,-0.533311,1.544043,-1.566602,
10:38:05.378,2,-2.922264,1.397617,-1.708756,
10:38:05.378,1,-0.535411,1.544141,-1.57316,
10:38:05.494,2,-2.922292,1.397395,-1.70833,
10:38:05.495,1,-0.594414,1.543575,-1.62056,
10:38:05.594,2,-2.922026,1.396891,-1.707722,
10:38:05.595,1,-0.593719,1.54284,-1.62087,
10:38:05.694,2,-2.921665,1.396551,-1.708154,
10:38:05.694,1,-0.593191,1.542791,-1.620066,
10:38:05.794,2,-2.921917,1.396263,-1.70717,
10:38:05.795,1,-0.592951,1.542845,-1.620145,
10:38:05.894,2,-2.923146,1.396416,-1.708323,
10:38:05.895,1,-0.594145,1.542847,-1.620287,
10:38:05.994,2,-2.92268,1.396329,-1.707186,
10:38:05.994,1,-0.594231,1.542641,-1.620589,
10:38:06.094,2,-2.922311,1.396581,-1.706545,
10:38:06.094,1,-0.52884,1.542648,-1.573909,
10:38:06.195,2,-2.922028,1.396917,-1.704419,
10:38:06.195,1,-0.531317,1.54312,-1.570479,
10:38:06.311,2,-2.92189,1.397484,-1.704277,
10:38:06.312,1,-0.531288,1.543237,-1.563009,
10:38:06.411,2,-2.922002,1.397605,-1.703354,
10:38:06.411,1,-0.594234,1.542388,-1.618779,
10:38:06.511,2,-2.921658,1.397525,-1.703012,
10:38:06.511,1,-0.593289,1.542537,-1.619164,
10:38:06.611,2,-2.921548,1.397413,-1.702517,
10:38:06.611,1,-0.590076,1.542468,-1.620795,
10:38:06.711,2,-2.920343,1.397435,-1.702069,
10:38:06.711,1,-0.589897,1.543657,-1.621359,
10:38:06.812,2,-2.920194,1.397277,-1.70233,
10:38:06.812,1,-0.589662,1.543541,-1.622148,
10:38:06.911,2,-2.920962,1.397181,-1.704937,
10:38:06.911,1,-0.591667,1.544079,-1.62032,
10:38:07.012,2,-2.920204,1.397074,-1.705313,
10:38:07.012,1,-0.590289,1.543849,-1.620577,
10:38:07.128,2,-2.920303,1.397212,-1.703503,
10:38:07.128,1,-0.587915,1.543549,-1.619744,
10:38:07.228,2,-2.919457,1.397371,-1.703866,
10:38:07.228,1,-0.588738,1.543686,-1.619896,
10:38:07.327,2,-2.919381,1.397128,-1.703338,
10:38:07.328,1,-0.588874,1.544926,-1.620069,
10:38:07.428,2,-2.919339,1.397216,-1.704233,
10:38:07.428,1,-0.534185,1.545169,-1.563553,
10:38:07.545,2,-2.918553,1.397187,-1.703622,
10:38:07.545,1,-0.532546,1.545668,-1.56442,
10:38:07.644,2,-2.915141,1.39718,-1.702838,
10:38:07.644,1,-0.596239,1.545651,-1.619848,
10:38:07.745,2,-2.91123,1.397303,-1.699381,
10:38:07.745,1,-0.596339,1.545519,-1.620847,
10:38:07.861,2,-2.905042,1.397007,-1.695453,
10:38:07.862,1,-0.595945,1.544675,-1.620949,
10:38:07.978,2,-2.902634,1.396727,-1.692818,
10:38:07.978,1,-0.594266,1.544719,-1.621312,
10:38:08.077,2,-2.899723,1.39674,-1.690526,
10:38:08.078,1,-0.592889,1.544179,-1.621801,
10:38:08.178,2,-2.901169,1.396834,-1.690031,
10:38:08.178,1,-0.589993,1.543525,-1.620468,
10:38:08.277,2,-2.897711,1.397155,-1.691256,
10:38:08.277,1,-0.586906,1.543237,-1.625195,
10:38:08.378,2,-2.900306,1.397103,-1.693836,
10:38:08.378,1,-0.5886,1.542613,-1.624861,
10:38:08.495,2,-2.903058,1.397134,-1.694778,
10:38:08.495,1,-0.588325,1.542297,-1.62406,
10:38:08.594,2,-2.905061,1.397266,-1.698557,
10:38:08.594,1,-0.593349,1.541977,-1.623257,
10:38:08.727,2,-2.909966,1.397496,-1.699116,
10:38:08.728,1,-0.591105,1.541679,-1.623468,
10:38:08.827,2,-2.912154,1.397735,-1.703233,
10:38:08.828,1,-0.585912,1.541165,-1.62334,
10:38:08.928,2,-2.914917,1.398073,-1.705213,
10:38:08.929,1,-0.58618,1.541167,-1.624879,
10:38:09.028,2,-2.917654,1.398046,-1.710875,
10:38:09.028,1,-0.587348,1.541123,-1.624726,
10:38:09.127,2,-2.919797,1.3981,-1.710727,
10:38:09.127,1,-0.587736,1.541256,-1.624413,
10:38:09.229,2,-2.920255,1.398046,-1.711743,
10:38:09.229,1,-0.586164,1.54219,-1.623345,
10:38:09.327,2,-2.921556,1.398043,-1.716517,
10:38:09.328,1,-0.58619,1.541027,-1.623498,
10:38:09.428,2,-2.920644,1.398142,-1.717172,
10:38:09.428,1,-0.587752,1.541527,-1.624012,
10:38:09.527,2,-2.921222,1.398156,-1.718881,
10:38:09.528,1,-0.588072,1.542244,-1.625158,
10:38:09.611,2,-2.921791,1.39798,-1.720825,
10:38:09.611,1,-0.594072,1.543515,-1.624408,
10:38:09.694,2,-2.921219,1.397831,-1.722086,
10:38:09.694,1,-0.592692,1.543509,-1.624097,
10:38:09.795,2,-2.920861,1.397813,-1.723371,
10:38:09.795,1,-0.590751,1.542196,-1.624877,
10:38:09.894,2,-2.920918,1.397948,-1.724085,
10:38:09.894,1,-0.574834,1.542402,-1.632353,
10:38:09.994,2,-2.91985,1.398065,-1.727888,
10:38:09.994,1,-0.586693,1.541554,-1.62237,
10:38:10.095,2,-2.919853,1.397841,-1.730054,
10:38:10.095,1,-0.588876,1.540563,-1.624936,
10:38:10.194,2,-2.919384,1.397797,-1.729723,
10:38:10.194,1,-0.582343,1.540398,-1.626912,
10:38:10.294,2,-2.919688,1.397691,-1.731427,
10:38:10.294,1,-0.586395,1.540633,-1.625429,
10:38:10.395,2,-2.91881,1.397571,-1.73175,
10:38:10.395,1,-0.583692,1.540198,-1.623156,
10:38:10.494,2,-2.918956,1.397828,-1.733969,
10:38:10.494,1,-0.583762,1.539875,-1.623352,
10:38:10.594,2,-2.918852,1.397467,-1.733738,
10:38:10.594,1,-0.583115,1.53948,-1.622884,
10:38:10.694,2,-2.91845,1.397287,-1.733911,
10:38:10.694,1,-0.583207,1.539507,-1.62277,
10:38:10.794,2,-2.918324,1.397321,-1.734396,
10:38:10.794,1,-0.584397,1.539109,-1.6219,
10:38:10.894,2,-2.918204,1.397265,-1.735325,
10:38:10.894,1,-0.587399,1.538603,-1.621891,
10:38:10.994,2,-2.918494,1.39699,-1.737939,
10:38:10.995,1,-0.585419,1.538515,-1.620841,
10:38:11.094,2,-2.917274,1.39719,-1.735121,
10:38:11.094,1,-0.585449,1.538474,-1.621467,
10:38:11.194,2,-2.916929,1.397117,-1.736904,
10:38:11.194,1,-0.584405,1.538756,-1.621242,
10:38:11.294,2,-2.9169,1.397127,-1.736157,
10:38:11.294,1,-0.583217,1.538522,-1.622283,
10:38:11.394,2,-2.917018,1.3971,-1.735623,
10:38:11.394,1,-0.583244,1.538065,-1.622579,
10:38:11.494,2,-2.917651,1.397284,-1.737,
10:38:11.494,1,-0.590134,1.537823,-1.622258,
10:38:11.594,2,-2.917282,1.397244,-1.736756,
10:38:11.594,1,-0.587303,1.537327,-1.623569,
10:38:11.695,2,-2.916381,1.397426,-1.735427,
10:38:11.695,1,-0.586689,1.537249,-1.623272,
10:38:11.812,2,-2.917035,1.397299,-1.733768,
10:38:11.812,1,-0.584279,1.537362,-1.623492,
10:38:11.928,2,-2.916156,1.397342,-1.733275,
10:38:11.929,1,-0.584239,1.537383,-1.623982,
10:38:12.027,2,-2.916021,1.397308,-1.733646,
10:38:12.028,1,-0.583173,1.537264,-1.624004,
10:38:12.128,2,-2.916127,1.397621,-1.731306,
10:38:12.128,1,-0.58245,1.53706,-1.623462,
10:38:12.228,2,-2.914687,1.397605,-1.732618,
10:38:12.228,1,-0.583612,1.536969,-1.622341,
10:38:12.328,2,-2.914142,1.397344,-1.731382,
10:38:12.329,1,-0.581046,1.53679,-1.623174,
10:38:12.445,2,-2.912686,1.397633,-1.730997,
10:38:12.445,1,-0.579383,1.536163,-1.624204,
10:38:12.561,2,-2.912018,1.397337,-1.729316,
10:38:12.561,1,-0.582392,1.536066,-1.622824,
10:38:12.661,2,-2.912237,1.397272,-1.728809,
10:38:12.662,1,-0.585518,1.536172,-1.622389,
10:38:12.761,2,-2.911849,1.397108,-1.72833,
10:38:12.761,1,-0.588255,1.535748,-1.623285,
10:38:12.861,2,-2.911541,1.397381,-1.72873,
10:38:12.861,1,-0.586801,1.536295,-1.623218,
10:38:12.961,2,-2.911001,1.397468,-1.727174,
10:38:12.961,1,-0.586605,1.536374,-1.623038,
10:38:13.061,2,-2.911063,1.397622,-1.727636,
10:38:13.062,1,-0.588472,1.536488,-1.62255,
10:38:13.161,2,-2.911438,1.397647,-1.726696,
10:38:13.161,1,-0.586451,1.536553,-1.622297,
10:38:13.261,2,-2.912265,1.398024,-1.727023,
10:38:13.262,1,-0.586702,1.536653,-1.623347,
10:38:13.378,2,-2.913196,1.39802,-1.726503,
10:38:13.378,1,-0.586764,1.536892,-1.624007,
10:38:13.477,2,-2.912722,1.397554,-1.725343,
10:38:13.477,1,-0.585332,1.536914,-1.623963,
10:38:13.561,2,-2.91322,1.397495,-1.726294,
10:38:13.561,1,-0.58421,1.53709,-1.623914,
10:38:13.661,2,-2.913332,1.397248,-1.724877,
10:38:13.662,1,-0.5835,1.537183,-1.623457,
10:38:13.761,2,-2.91394,1.397113,-1.725152,
10:38:13.761,1,-0.583542,1.537301,-1.62401,
10:38:13.862,2,-2.913203,1.39679,-1.724216,
10:38:13.862,1,-0.58106,1.537471,-1.629343,
10:38:13.961,2,-2.913921,1.396494,-1.723571,
10:38:13.961,1,-0.588615,1.537952,-1.627672,
10:38:14.044,2,-2.914606,1.395922,-1.723217,
10:38:14.044,1,-0.585975,1.538927,-1.627428,
10:38:14.145,2,-2.914458,1.396099,-1.722142,
10:38:14.145,1,-0.586233,1.538722,-1.627105,
10:38:14.245,2,-2.91548,1.396008,-1.722178,
10:38:14.245,1,-0.585431,1.538815,-1.626466,
10:38:14.345,2,-2.914892,1.396012,-1.720311,
10:38:14.345,1,-0.585224,1.539269,-1.626014,
10:38:14.444,2,-2.915583,1.396162,-1.720152,
10:38:14.444,1,-0.582903,1.539606,-1.625948,
10:38:14.545,2,-2.915309,1.396059,-1.719457,
10:38:14.545,1,-0.583169,1.539994,-1.62546,
10:38:14.644,2,-2.915746,1.396037,-1.719735,
10:38:14.645,1,-0.584377,1.539788,-1.625679,
10:38:15.761,2,-2.916045,1.396013,-1.72015,
10:38:15.761,1,-0.58558,1.539796,-1.625738,
10:38:15.977,2,-2.909652,1.395978,-1.713571,
10:38:15.978,1,-0.582291,1.540173,-1.618497,
10:38:16.077,2,-2.909756,1.395944,-1.714352,
10:38:16.078,1,-0.583061,1.540188,-1.617462,
10:38:16.178,2,-2.909262,1.395889,-1.715139,
10:38:16.179,1,-0.582967,1.540228,-1.618099,
10:38:16.277,2,-2.909675,1.39596,-1.715661,
10:38:16.278,1,-0.583498,1.540301,-1.618504,
10:38:16.361,2,-2.910244,1.396022,-1.715919,
10:38:16.361,1,-0.583471,1.540141,-1.618793,
10:38:16.461,2,-2.910151,1.395919,-1.716003,
10:38:16.462,1,-0.583235,1.539991,-1.619395,
10:38:16.562,2,-2.910633,1.395862,-1.717054,
10:38:16.562,1,-0.583239,1.540372,-1.619801,
10:38:16.661,2,-2.911001,1.395928,-1.717568,
10:38:16.661,1,-0.583785,1.541002,-1.620341,
10:38:16.744,2,-2.911889,1.395778,-1.718408,
10:38:16.744,1,-0.588284,1.540694,-1.626333,
10:38:16.827,2,-2.91236,1.395938,-1.719233,
10:38:16.828,1,-0.587386,1.540233,-1.626526,
10:38:16.928,2,-2.913082,1.395901,-1.720042,
10:38:16.928,1,-0.586648,1.540397,-1.625787,
10:38:17.028,2,-2.913235,1.395814,-1.719797,
10:38:17.029,1,-0.587417,1.540413,-1.625919,
10:38:17.128,2,-2.913633,1.395909,-1.720454,
10:38:17.128,1,-0.586428,1.540246,-1.624873,
10:38:17.228,2,-2.914058,1.395809,-1.720505,
10:38:17.228,1,-0.58674,1.540312,-1.626441,
10:38:17.345,2,-2.914853,1.39573,-1.720488,
10:38:17.345,1,-0.587681,1.540358,-1.624515,
10:38:17.662,2,-2.915669,1.395849,-1.719846,
10:38:17.662,1,-0.581931,1.540409,-1.622267,
10:38:17.812,2,-2.916562,1.395815,-1.720038,
10:38:17.812,1,-0.588793,1.540375,-1.62351,
10:38:17.928,2,-2.916386,1.395809,-1.720181,
10:38:17.929,1,-0.589706,1.540179,-1.62276,
10:38:18.028,2,-2.91599,1.396057,-1.719706,
10:38:18.028,1,-0.587863,1.540599,-1.621972,
10:38:18.127,2,-2.915431,1.396192,-1.719084,
10:38:18.128,1,-0.586882,1.540759,-1.621212,
10:38:18.228,2,-2.915517,1.396134,-1.719171,
10:38:18.229,1,-0.586439,1.540708,-1.619451,
10:38:18.328,2,-2.915623,1.396099,-1.719506,
10:38:18.328,1,-0.583528,1.540835,-1.618346,
10:38:18.428,2,-2.91487,1.396106,-1.719038,
10:38:18.428,1,-0.586536,1.540982,-1.617445,
10:38:18.528,2,-2.913939,1.396153,-1.717918,
10:38:18.529,1,-0.591605,1.541012,-1.623054,
10:38:18.628,2,-2.913393,1.39628,-1.717432,
10:38:18.629,1,-0.581407,1.541009,-1.615604,
10:38:18.727,2,-2.913687,1.396231,-1.71755,
10:38:18.728,1,-0.585746,1.540958,-1.619643,
10:38:18.828,2,-2.913809,1.396088,-1.717793,
10:38:18.829,1,-0.581725,1.540564,-1.612966,
10:38:18.928,2,-2.913615,1.396218,-1.717705,
10:38:18.928,1,-0.568012,1.540178,-1.618818,
10:38:19.028,2,-2.913277,1.396128,-1.717347,
10:38:19.028,1,-0.578028,1.539863,-1.61578,
10:38:19.128,2,-2.913256,1.396057,-1.716865,
10:38:19.129,1,-0.580851,1.539462,-1.617275,
10:38:19.228,2,-2.913274,1.396107,-1.718044,
10:38:19.228,1,-0.586919,1.539048,-1.618518,
10:38:19.327,2,-2.913348,1.396095,-1.718574,
10:38:19.328,1,-0.593277,1.539052,-1.617512,
10:38:19.428,2,-2.913624,1.396136,-1.719108,
10:38:19.429,1,-0.589298,1.538546,-1.615363,
10:38:19.528,2,-2.913548,1.396213,-1.719066,
10:38:19.528,1,-0.588568,1.538495,-1.614539,
10:38:19.628,2,-2.914147,1.395999,-1.719607,
10:38:19.628,1,-0.558682,1.538203,-1.588525,
10:38:19.728,2,-2.914265,1.395949,-1.719787,
10:38:19.728,1,-0.580902,1.538541,-1.61489,
10:38:19.828,2,-2.914683,1.395971,-1.719739,
10:38:19.829,1,-0.584045,1.53848,-1.613228,
10:38:19.945,2,-2.915379,1.395842,-1.720393,
10:38:19.945,1,-0.583939,1.538363,-1.611641,
10:38:20.061,2,-2.915315,1.395769,-1.719972,
10:38:20.061,1,-0.58527,1.538402,-1.607611,
10:38:20.161,2,-2.9162,1.395634,-1.720295,
10:38:20.161,1,-0.586175,1.538574,-1.615067,
10:38:20.311,2,-2.916055,1.395698,-1.720797,
10:38:20.311,1,-0.582628,1.539016,-1.607022,
10:38:20.411,2,-2.916209,1.395701,-1.721432,
10:38:20.412,1,-0.592099,1.539165,-1.613354,
10:38:20.512,2,-2.916465,1.395817,-1.721554,
10:38:20.512,1,-0.533663,1.539533,-1.573691,
10:38:20.611,2,-2.916671,1.395905,-1.721538,
10:38:20.611,1,-0.545218,1.539646,-1.587359,
10:38:20.694,2,-2.916789,1.395847,-1.721167,
10:38:20.694,1,-0.571652,1.540319,-1.614157,
10:38:20.794,2,-2.917013,1.395772,-1.721166,
10:38:20.795,1,-0.584666,1.540189,-1.604773,
10:38:20.895,2,-2.916983,1.395724,-1.720644,
10:38:20.895,1,-0.521496,1.539697,-1.55115,
10:38:21.011,2,-2.916798,1.39564,-1.720653,
10:38:21.012,1,-0.578046,1.540015,-1.610498,
10:38:21.112,2,-2.916969,1.395802,-1.72049,
10:38:21.112,1,-0.579374,1.540221,-1.606617,
10:38:21.211,2,-2.916764,1.395859,-1.719835,
10:38:21.211,1,-0.581063,1.540791,-1.609683,
10:38:21.294,2,-2.91596,1.396072,-1.717793,
10:38:21.294,1,-0.575677,1.540551,-1.605727,
10:38:21.394,2,-2.915022,1.396014,-1.716664,
10:38:21.394,1,-0.579076,1.541155,-1.605461,
10:38:21.494,2,-2.91605,1.396171,-1.717748,
10:38:21.494,1,-0.523752,1.541154,-1.56815,
10:38:21.578,2,-2.91654,1.396017,-1.718321,
10:38:21.578,1,-0.536099,1.540591,-1.563527,
10:38:21.661,2,-2.916673,1.396078,-1.71779,
10:38:21.661,1,-0.58567,1.541022,-1.608704,
10:38:21.745,2,-2.916801,1.395989,-1.717804,
10:38:21.745,1,-0.545563,1.540901,-1.572793,
10:38:21.844,2,-2.916005,1.395869,-1.716284,
10:38:21.844,1,-0.580953,1.540519,-1.603559,
10:38:21.928,2,-2.914917,1.395831,-1.715763,
10:38:21.928,1,-0.580023,1.540307,-1.603958,
10:38:22.028,2,-2.914398,1.396014,-1.715492,
10:38:22.028,1,-0.581987,1.540798,-1.612295,
10:38:22.128,2,-2.914407,1.396017,-1.714519,
10:38:22.129,1,-0.575002,1.540444,-1.609808,
10:38:22.228,2,-2.914195,1.39592,-1.713753,
10:38:22.229,1,-0.578504,1.540538,-1.609499,
10:38:22.327,2,-2.914036,1.395721,-1.713425,
10:38:22.328,1,-0.577766,1.540731,-1.608818,
10:38:22.428,2,-2.913273,1.395664,-1.713439,
10:38:22.429,1,-0.577523,1.540595,-1.619267,
10:38:22.528,2,-2.913333,1.395722,-1.712672,
10:38:22.528,1,-0.585074,1.540125,-1.610393,
10:38:22.628,2,-2.913251,1.395814,-1.713501,
10:38:22.628,1,-0.584954,1.540272,-1.61019,
10:38:22.728,2,-2.913803,1.395825,-1.714436,
10:38:22.728,1,-0.583495,1.539022,-1.611145,
10:38:22.828,2,-2.913989,1.395923,-1.716313,
10:38:22.829,1,-0.540694,1.539764,-1.584667,
10:38:22.928,2,-2.914132,1.395842,-1.717708,
10:38:22.928,1,-0.578431,1.54007,-1.60993,
10:38:23.028,2,-2.914205,1.395777,-1.718291,
10:38:23.029,1,-0.578757,1.540266,-1.610971,
10:38:23.128,2,-2.914082,1.395734,-1.71882,
10:38:23.128,1,-0.57918,1.541128,-1.61141,
10:38:23.228,2,-2.91433,1.395997,-1.719183,
10:38:23.228,1,-0.579534,1.540025,-1.612544,
10:38:23.328,2,-2.913935,1.396132,-1.718709,
10:38:23.328,1,-0.573413,1.540119,-1.614233,
10:38:23.428,2,-2.914063,1.396052,-1.718598,
10:38:23.429,1,-0.576499,1.539981,-1.61559,
10:38:23.545,2,-2.914415,1.396096,-1.71915,
10:38:23.545,1,-0.581777,1.54018,-1.620809,
10:38:23.644,2,-2.914235,1.39647,-1.718693,
10:38:23.644,1,-0.587928,1.539556,-1.619059,
10:38:23.727,2,-2.914203,1.396502,-1.718899,
10:38:23.728,1,-0.586837,1.53941,-1.619114,
10:38:23.811,2,-2.914547,1.396683,-1.719196,
10:38:23.811,1,-0.582789,1.539013,-1.618154,
10:38:23.894,2,-2.914575,1.396651,-1.71915,
10:38:23.894,1,-0.584039,1.538735,-1.618694,
10:38:23.978,2,-2.914175,1.396845,-1.718891,
10:38:23.978,1,-0.585386,1.53872,-1.61927,
10:38:24.078,2,-2.914438,1.396794,-1.719101,
10:38:24.079,1,-0.583142,1.537951,-1.625978,
10:38:24.178,2,-2.914661,1.396732,-1.719146,
10:38:24.178,1,-0.579859,1.537406,-1.622525,
10:38:24.279,2,-2.914582,1.396524,-1.718663,
10:38:24.279,1,-0.582308,1.536307,-1.625177,
10:38:24.377,2,-2.915026,1.396309,-1.719331,
10:38:24.378,1,-0.586052,1.536921,-1.624733,
10:38:24.461,2,-2.914759,1.396095,-1.719438,
10:38:24.461,1,-0.586253,1.537918,-1.626919,
10:38:26.028,2,-2.91509,1.396035,-1.719046,
10:38:26.029,1,-0.582901,1.536467,-1.629801,
10:38:26.228,2,-2.92071,1.396135,-1.718155,
10:38:26.228,1,-0.646308,1.535257,-1.642497,
10:38:26.328,2,-2.920411,1.396065,-1.718955,
10:38:26.329,1,-0.65045,1.537548,-1.646381,
10:38:26.428,2,-2.920761,1.39608,-1.718345,
10:38:26.429,1,-0.659019,1.537902,-1.652111,
10:38:26.528,2,-2.920424,1.396056,-1.718406,
10:38:26.528,1,-0.651267,1.537231,-1.677511,
10:38:26.611,2,-2.920244,1.396134,-1.718463,
10:38:26.611,1,-0.65289,1.537533,-1.691199,
10:38:26.694,2,-2.920582,1.396282,-1.717949,
10:38:26.695,1,-0.641771,1.537338,-1.692213,
10:38:26.777,2,-2.920666,1.39635,-1.718332,
10:38:26.778,1,-0.617613,1.538494,-1.702905,
10:38:26.861,2,-2.920685,1.39602,-1.718828,
10:38:26.862,1,-0.654425,1.537374,-1.761634,
10:38:26.961,2,-2.920779,1.395896,-1.719117,
10:38:26.961,1,-0.657135,1.538192,-1.784528,
10:38:27.062,2,-2.921202,1.396221,-1.718432,
10:38:27.062,1,-0.656808,1.539193,-1.803288,
10:38:27.161,2,-2.921527,1.396509,-1.717665,
10:38:27.161,1,-0.629278,1.538065,-1.824788,
10:38:27.261,2,-2.921281,1.396781,-1.719722,
10:38:27.262,1,-0.652415,1.53873,-1.810546,
10:38:27.362,2,-2.921225,1.396697,-1.720226,
10:38:27.362,1,-0.66425,1.536676,-1.820875,
10:38:27.478,2,-2.921367,1.396992,-1.720806,
10:38:27.478,1,-0.653581,1.536565,-1.848237,
10:38:27.578,2,-2.922018,1.396819,-1.721427,
10:38:27.578,1,-0.666612,1.540473,-1.793495,
10:38:27.678,2,-2.921898,1.396782,-1.721521,
10:38:27.678,1,-0.7107,1.541524,-1.864818,
10:38:27.761,2,-2.921855,1.396583,-1.723019,
10:38:27.761,1,-0.705693,1.542382,-1.867381,
10:38:27.844,2,-2.922044,1.396611,-1.723152,
10:38:27.844,1,-0.692662,1.541201,-1.85437,
10:38:27.945,2,-2.921516,1.396854,-1.723275,
10:38:27.945,1,-0.697972,1.540211,-1.853754,
10:38:28.045,2,-2.921626,1.396618,-1.723426,
10:38:28.045,1,-0.703187,1.540409,-1.867253,
10:38:28.144,2,-2.921723,1.396435,-1.723816,
10:38:28.145,1,-0.714385,1.540515,-1.87321,
10:38:28.245,2,-2.921605,1.396055,-1.724022,
10:38:28.245,1,-0.721781,1.54109,-1.870778,
10:38:28.345,2,-2.921618,1.395921,-1.72354,
10:38:28.345,1,-0.732772,1.54128,-1.875809,
10:38:28.444,2,-2.921683,1.395792,-1.723613,
10:38:28.445,1,-0.742257,1.541506,-1.876439,
10:38:28.545,2,-2.921715,1.395722,-1.722405,
10:38:28.546,1,-0.770245,1.540748,-1.87921,
10:38:28.645,2,-2.921102,1.39572,-1.72152,
10:38:28.645,1,-0.753801,1.540496,-1.873731,
10:38:28.745,2,-2.920815,1.395287,-1.721355,
10:38:28.745,1,-0.713833,1.53979,-1.787214,
10:38:28.845,2,-2.920349,1.395203,-1.721244,
10:38:28.845,1,-0.69108,1.539516,-1.806983,
10:38:28.945,2,-2.920119,1.39503,-1.721232,
10:38:28.945,1,-0.692758,1.539301,-1.810814,
10:38:29.044,2,-2.919406,1.394849,-1.721166,
10:38:29.044,1,-0.68388,1.539373,-1.804137,
10:38:29.128,2,-2.918718,1.394676,-1.720893,
10:38:29.128,1,-0.683841,1.539328,-1.799858,
10:38:29.228,2,-2.918365,1.394214,-1.720758,
10:38:29.228,1,-0.68359,1.539153,-1.780906,
10:38:29.329,2,-2.918921,1.393711,-1.721264,
10:38:29.329,1,-0.695924,1.539093,-1.79996,
10:38:29.429,2,-2.918856,1.396276,-1.72148,
10:38:29.429,1,-0.683402,1.539027,-1.806841,
10:38:29.545,2,-2.91943,1.399379,-1.721883,
10:38:29.545,1,-0.701084,1.539081,-1.801343,
10:38:29.644,2,-2.920126,1.400155,-1.722058,
10:38:29.644,1,-0.675375,1.539079,-1.740288,
10:38:29.728,2,-2.920553,1.400477,-1.722434,
10:38:29.728,1,-0.748961,1.539149,-1.906235,
10:38:29.828,2,-2.921526,1.399128,-1.721681,
10:38:29.829,1,-0.741893,1.539442,-1.902947,
10:38:29.928,2,-2.922204,1.396756,-1.720765,
10:38:29.929,1,-0.760247,1.539988,-1.910889,
10:38:30.028,2,-2.922531,1.392779,-1.721301,
10:38:30.029,1,-0.750783,1.540729,-1.908385,
10:38:30.145,2,-2.923077,1.387629,-1.720938,
10:38:30.145,1,-0.759308,1.541817,-1.901937,
10:38:30.244,2,-2.923324,1.411164,-1.7195,
10:38:30.244,1,-0.725881,1.543521,-1.888254,
10:38:30.328,2,-2.923657,1.406426,-1.719861,
10:38:30.329,1,-0.729196,1.543945,-1.898828,
10:38:30.428,2,-2.924113,1.23102,-1.720326,
10:38:30.428,1,-0.711668,1.545322,-1.88621,
10:38:30.528,2,-2.924587,1.207048,-1.720802,
10:38:30.529,1,-0.717786,1.545416,-1.886939,
10:38:30.628,2,-2.924807,1.11878,-1.721186,
10:38:30.628,1,-0.721523,1.544142,-1.885382,
10:38:30.728,2,-2.92481,0.730261,-1.721332,
10:38:30.728,1,-0.714491,1.543912,-1.882172,
10:38:30.829,2,-2.925219,1.656949,-1.721603,
10:38:30.829,1,-0.709646,1.538825,-1.880507,
10:38:30.928,2,-2.925465,1.656949,-1.721744,
10:38:30.929,1,-0.724179,1.530368,-1.89186,
10:38:31.045,2,-2.925495,1.656949,-1.721615,
10:38:31.046,1,-0.710285,1.526095,-1.878414,
10:38:31.144,2,-2.925509,1.656949,-1.721655,
10:38:31.144,1,-0.701208,1.521786,-1.875273,
10:38:31.245,2,-2.925589,1.656949,-1.721747,
10:38:31.245,1,-0.705815,1.520338,-1.859993,
10:38:31.345,2,-2.925165,1.656949,-1.721501,
10:38:31.345,1,-0.700065,1.526286,-1.87255,
10:38:31.450,2,-2.925253,1.656949,-1.722099,
10:38:31.451,1,-0.692443,1.52991,-1.874738,
10:38:31.544,2,-2.925029,1.656949,-1.721895,
10:38:31.544,1,-0.728836,1.529834,-1.883782,
10:38:31.645,2,-2.924777,1.656949,-1.721573,
10:38:31.646,1,-0.722106,1.531947,-1.881675,
10:38:31.744,2,-2.925144,1.656949,-1.72221,
10:38:31.744,1,-0.72478,1.529944,-1.878102,
10:38:31.828,2,-2.924673,1.656949,-1.722141,
10:38:31.828,1,-0.718893,1.523434,-1.870886,
10:38:31.928,2,-2.924681,1.656949,-1.721968,
10:38:31.929,1,-0.717602,1.409457,-1.869815,
10:38:32.028,2,-2.924629,1.513916,-1.72193,
10:38:32.028,1,-0.717268,1.656949,-1.871081,
10:38:32.129,2,-2.924453,1.407958,-1.7222,
10:38:32.129,1,-0.714755,1.511096,-1.872175,
10:38:32.228,2,-2.923354,1.656949,-1.721701,
10:38:32.228,1,-0.697669,1.408839,-1.863305,
10:38:32.329,2,-2.921617,1.508563,-1.724619,
10:38:32.329,1,-0.681809,1.656949,-1.861515,
10:38:32.428,2,-2.91833,1.405554,-1.72785,
10:38:32.428,1,-0.669668,1.507379,-1.849166,
10:38:32.545,2,-2.913884,1.656949,-1.736613,
10:38:32.545,1,-0.694466,1.407407,-1.864452,
10:38:32.661,2,-2.886077,1.50753,-1.749647,
10:38:32.661,1,-0.688339,1.656949,-1.862121,
10:38:32.762,2,-2.853009,1.408433,-1.762314,
10:38:32.762,1,-0.69459,1.506807,-1.876849,
10:38:32.861,2,-2.79495,1.656949,-1.784213,
10:38:32.861,1,-0.688599,1.40769,-1.868597,
10:38:32.944,2,-2.74131,1.504566,-1.808072,
10:38:32.944,1,-0.693599,1.656949,-1.836418,
10:38:33.028,2,-2.681869,1.407232,-1.838417,
10:38:33.028,1,-0.66954,1.503137,-1.857585,
10:38:33.128,2,-2.60993,1.656949,-1.866769,
10:38:33.128,1,-0.708021,1.408626,-1.91026,
10:38:33.228,2,-2.511283,1.483906,-1.915312,
10:38:33.229,1,-0.707743,1.656949,-1.905393,
10:38:33.328,2,-2.442385,1.405451,-1.940101,
10:38:33.328,1,-0.690297,1.494418,-1.866399,
10:38:33.428,2,-2.391475,1.656949,-1.954537,
10:38:33.428,1,-0.713715,1.407304,-1.85885,
10:38:33.528,2,-2.319158,1.463932,-1.967562,
10:38:33.528,1,-0.740045,1.656949,-1.908573,
10:38:33.629,2,-2.253931,1.40577,-1.971193,
10:38:33.629,1,-0.734783,1.455155,-1.924573,
10:38:33.728,2,-2.190217,1.656949,-1.973647,
10:38:33.728,1,-0.734599,1.409244,-1.919359,
10:38:33.828,2,-2.113176,1.454806,-1.960369,
10:38:33.829,1,-0.715397,1.656949,-1.855973,
10:38:33.928,2,-2.025162,1.412789,-1.953956,
10:38:33.929,1,-0.758862,1.454438,-1.953342,
10:38:34.028,2,-1.951188,1.656949,-1.947931,
10:38:34.028,1,-0.745522,1.414244,-1.930648,
10:38:34.129,2,-1.877663,1.445748,-1.945275,
10:38:34.129,1,-0.716216,1.656949,-1.900639,
10:38:34.228,2,-1.827667,1.415683,-1.949096,
10:38:34.229,1,-0.680942,1.425893,-1.900037,
10:38:34.345,2,-1.803649,1.656949,-1.948874,
10:38:34.346,1,-0.748186,1.416263,-1.901889,
10:38:34.444,2,-1.714762,1.421087,-1.948899,
10:38:34.444,1,-0.744842,1.656949,-1.901961,
10:38:34.528,2,-1.69366,1.416909,-1.949565,
10:38:34.528,1,-0.717843,1.408184,-1.92085,
10:38:34.629,2,-1.624871,1.656949,-1.962638,
10:38:34.629,1,-0.737127,1.416882,-1.932125,
10:38:34.729,2,-1.56883,1.426599,-1.986234,
10:38:34.729,1,-0.717576,1.656949,-1.897727,
10:38:34.828,2,-1.515271,1.416832,-2.015006,
10:38:34.829,1,-0.718783,1.449114,-1.928827,
10:38:34.928,2,-1.474839,1.416285,-2.039253,
10:38:34.928,1,-0.735427,1.484307,-1.9091,
10:38:35.028,2,-1.443476,1.416457,-2.062513,
10:38:35.029,1,-0.702551,1.465862,-1.888999,
10:38:35.129,2,-1.418515,1.416668,-2.078205,
10:38:35.129,1,-0.697186,1.458276,-1.894058,
10:38:35.228,2,-1.399227,1.416704,-2.089027,
10:38:35.228,1,-0.678941,1.476725,-1.891986,
10:38:35.329,2,-1.383166,1.416932,-2.095876,
10:38:35.329,1,-0.69959,1.453463,-1.90006,
10:38:35.428,2,-1.369374,1.417464,-2.10097,
10:38:35.428,1,-0.692194,1.463282,-1.892896,
10:38:35.528,2,-1.359246,1.417882,-2.104067,
10:38:35.528,1,-0.71867,1.460575,-1.923029,
10:38:35.628,2,-1.353198,1.417941,-2.103816,
10:38:35.629,1,-0.746386,1.458216,-1.906851,
10:38:35.728,2,-1.343793,1.418203,-2.101973,
10:38:35.728,1,-0.612921,1.446267,-1.733422,
10:38:35.828,2,-1.336792,1.418319,-2.099991,
10:38:35.828,1,-0.630918,1.192224,-1.741567,
10:38:35.928,2,-1.332898,1.41816,-2.099336,
10:38:35.929,1,-0.699288,1.440864,-1.90218,
10:38:36.028,2,-1.328284,1.417804,-2.098893,
10:38:36.029,1,-0.705486,1.455218,-1.923633,
10:38:36.128,2,-1.322305,1.417929,-2.096174,
10:38:36.128,1,-0.70209,1.187085,-1.938121,
10:38:36.228,2,-1.315943,1.418009,-2.096796,
10:38:36.229,1,-0.699852,1.190435,-1.919152,
10:38:36.329,2,-1.313293,1.417859,-2.095116,
10:38:36.329,1,-0.690335,1.441508,-1.899765,
10:38:36.428,2,-1.309431,1.417951,-2.095724,
10:38:36.428,1,-0.643079,1.443056,-1.746156,
10:38:36.529,2,-1.306607,1.418026,-2.096623,
10:38:36.529,1,-0.735909,1.442414,-1.922815,
10:38:36.628,2,-1.302955,1.417902,-2.099685,
10:38:36.628,1,-0.63293,1.444143,-1.769173,
10:38:36.728,2,-1.29983,1.416622,-2.101466,
10:38:36.728,1,-0.690842,1.449996,-1.886921,
10:38:36.828,2,-1.298728,1.416691,-2.103234,
10:38:36.829,1,-0.602231,1.453435,-1.692444,
10:38:36.928,2,-1.298097,1.416585,-2.103407,
10:38:36.928,1,-0.755044,1.453953,-1.919451,
10:38:37.028,2,-1.297306,1.414705,-2.104307,
10:38:37.028,1,-0.748824,1.453976,-1.888665,
10:38:37.128,2,-1.297282,1.414444,-2.104596,
10:38:37.129,1,-0.742551,1.454265,-1.886216,
10:38:37.228,2,-1.296489,1.413768,-2.105731,
10:38:37.228,1,-0.748572,1.453505,-1.912607,
10:38:37.328,2,-1.296539,1.414024,-2.106404,
10:38:37.328,1,-0.753867,1.448895,-1.912076,
10:38:37.429,2,-1.296041,1.413748,-2.107972,
10:38:37.429,1,-0.710159,1.445622,-1.849891,
10:38:37.528,2,-1.296221,1.413961,-2.10784,
10:38:37.529,1,-0.704828,1.448892,-1.869,
10:38:37.628,2,-1.296251,1.413955,-2.109029,
10:38:37.628,1,-0.724963,1.449797,-1.869707,
10:38:37.728,2,-1.296156,1.414248,-2.110879,
10:38:37.729,1,-0.718639,1.451449,-1.85664,
10:38:37.829,2,-1.296301,1.414907,-2.112613,
10:38:37.829,1,-0.719551,1.437961,-1.852753,
10:38:37.928,2,-1.296042,1.414351,-2.113007,
10:38:37.928,1,-0.705958,1.430636,-1.845577,
10:38:38.029,2,-1.295836,1.414547,-2.115155,
10:38:38.029,1,-0.74755,1.272774,-1.961953,
10:38:38.129,2,-1.295503,1.414284,-2.116137,
10:38:38.129,1,-0.733389,1.44113,-1.849919,
10:38:38.228,2,-1.295065,1.415031,-2.116801,
10:38:38.228,1,-0.730318,1.438806,-1.86383,
10:38:38.329,2,-1.295422,1.415573,-2.116592,
10:38:38.329,1,-0.727831,1.437095,-1.849845,
10:38:38.429,2,-1.295811,1.415489,-2.116853,
10:38:38.429,1,-0.734933,1.441092,-1.848495,
10:38:38.528,2,-1.296564,1.41642,-2.116598,
10:38:38.528,1,-0.711419,1.447726,-1.834476,
10:38:38.629,2,-1.296616,1.416329,-2.115388,
10:38:38.629,1,-0.727558,1.442786,-1.835876,
10:38:38.729,2,-1.297245,1.41619,-2.115891,
10:38:38.729,1,-0.730801,1.216584,-1.854828,
10:38:38.828,2,-1.297636,1.416638,-2.114887,
10:38:38.828,1,-0.764109,1.212458,-1.907383,
10:38:38.929,2,-1.298106,1.415228,-2.114636,
10:38:38.929,1,-0.720866,1.205915,-1.848505,
10:38:39.029,2,-1.297913,1.415846,-2.114137,
10:38:39.029,1,-0.719272,1.207114,-1.842788,
10:38:39.128,2,-1.298166,1.414289,-2.114106,
10:38:39.128,1,-0.723622,1.207259,-1.844432,
10:38:39.229,2,-1.297918,1.414862,-2.113939,
10:38:39.229,1,-0.730009,1.20793,-1.845014,
10:38:39.329,2,-1.298509,1.415082,-2.113299,
10:38:39.329,1,-0.729613,1.441708,-1.8424,
10:38:39.428,2,-1.299204,1.416318,-2.113511,
10:38:39.428,1,-0.731044,1.444212,-1.847096,
10:38:39.529,2,-1.299435,1.416065,-2.114161,
10:38:39.529,1,-0.717991,1.444598,-1.85026,
10:38:39.629,2,-1.300168,1.416349,-2.113996,
10:38:39.629,1,-0.720842,1.204067,-1.838561,
10:38:39.728,2,-1.300452,1.416058,-2.113985,
10:38:39.728,1,-0.736003,1.205763,-1.845406,
10:38:39.829,2,-1.301683,1.416231,-2.1142,
10:38:39.829,1,-0.734762,1.213149,-1.849506,
10:38:39.928,2,-1.302094,1.415746,-2.113974,
10:38:39.929,1,-0.736773,1.216549,-1.84252,
10:38:40.028,2,-1.302435,1.415409,-2.113892,
10:38:40.028,1,-0.72997,1.216926,-1.841131,
10:38:40.128,2,-1.304024,1.413628,-2.114591,
10:38:40.129,1,-0.732055,1.208584,-1.837788,
10:38:40.229,2,-1.304332,1.413515,-2.114689,
10:38:40.229,1,-0.736097,1.209852,-1.841945,
10:38:40.328,2,-1.30439,1.41535,-2.116421,
10:38:40.328,1,-0.73642,1.210006,-1.841631,
10:38:40.429,2,-1.304594,1.415452,-2.116473,
10:38:40.429,1,-0.725789,1.210116,-1.843637,
10:38:40.528,2,-1.305707,1.416046,-2.117329,
10:38:40.529,1,-0.730483,1.211118,-1.848442,
10:38:40.628,2,-1.307417,1.415565,-2.119164,
10:38:40.628,1,-0.728817,1.447425,-1.842004,
10:38:40.729,2,-1.307385,1.416125,-2.119272,
10:38:40.729,1,-0.737046,1.446232,-1.84358,
10:38:40.829,2,-1.308363,1.412893,-2.120475,
10:38:40.829,1,-0.733381,1.207405,-1.84697,
10:38:40.928,2,-1.308562,1.414527,-2.119898,
10:38:40.928,1,-0.732342,1.209446,-1.843654,
10:38:41.029,2,-1.309162,1.414312,-2.120432,
10:38:41.029,1,-0.729235,1.209144,-1.838984,
10:38:41.129,2,-1.310471,1.415384,-2.11993,
10:38:41.129,1,-0.732735,1.209271,-1.859022,
10:38:41.228,2,-1.312287,1.416264,-2.118313,
10:38:41.228,1,-0.734524,1.211089,-1.844219,
10:38:41.329,2,-1.31721,1.416911,-2.115546,
10:38:41.329,1,-0.73137,1.209397,-1.845318,
10:38:41.429,2,-1.322541,1.416624,-2.115198,
10:38:41.429,1,-0.731364,1.230916,-1.838143,
10:38:41.528,2,-1.335348,1.415484,-2.112049,
10:38:41.528,1,-0.736003,1.224827,-1.847027,
10:38:41.629,2,-1.359252,1.416326,-2.117282,
10:38:41.629,1,-0.733256,1.223447,-1.851235,
10:38:41.729,2,-1.395551,1.414335,-2.128618,
10:38:41.729,1,-0.728916,1.223511,-1.835641,
10:38:41.828,2,-1.445893,1.415559,-2.144589,
10:38:41.828,1,-0.73497,1.220677,-1.832132,
10:38:41.929,2,-1.521516,1.415137,-2.167477,
10:38:41.929,1,-0.740588,1.211104,-1.82637,
10:38:42.029,2,-1.597341,1.416196,-2.193202,
10:38:42.029,1,-0.738959,1.213337,-1.826973,
10:38:42.128,2,-1.674116,1.414821,-2.215402,
10:38:42.128,1,-0.742024,1.215795,-1.832182,
10:38:42.229,2,-1.741925,1.416198,-2.231371,
10:38:42.229,1,-0.739633,1.216678,-1.831847,
10:38:42.329,2,-1.812655,1.416883,-2.239908,
10:38:42.329,1,-0.739285,1.216234,-1.832389,
10:38:42.428,2,-1.858035,1.414844,-2.241899,
10:38:42.428,1,-0.747031,1.216778,-1.836126,
10:38:42.528,2,-1.905931,1.415581,-2.236977,
10:38:42.529,1,-0.752354,1.218254,-1.83677,
10:38:42.629,2,-1.965987,1.415353,-2.215416,
10:38:42.629,1,-0.761054,1.219101,-1.835265,
10:38:42.728,2,-2.029667,1.414987,-2.188266,
10:38:42.728,1,-0.781515,1.224945,-1.843585,
10:38:42.829,2,-2.073988,1.41553,-2.15522,
10:38:42.829,1,-0.796151,1.224679,-1.856469,
10:38:42.928,2,-2.141857,1.416017,-2.106906,
10:38:42.928,1,-0.82542,1.223739,-1.874028,
10:38:43.028,2,-2.194475,1.417006,-2.058397,
10:38:43.028,1,-0.847163,1.267222,-1.883572,
10:38:43.129,2,-2.254554,1.416174,-2.015736,
10:38:43.129,1,-0.874549,1.224322,-1.893153,
10:38:43.229,2,-2.30247,1.415277,-1.985183,
10:38:43.229,1,-0.893135,1.212219,-1.899334,
10:38:43.328,2,-2.347289,1.416371,-1.96177,
10:38:43.328,1,-0.909064,1.240535,-1.906718,
10:38:43.411,2,-2.411708,1.415128,-1.929619,
10:38:43.411,1,-0.924572,1.235543,-1.912979,
10:38:43.494,2,-2.45775,1.415982,-1.911587,
10:38:43.495,1,-0.929743,1.228472,-1.914277,
10:38:43.578,2,-2.523256,1.415147,-1.891236,
10:38:43.578,1,-0.9397,1.225056,-1.913098,
10:38:43.661,2,-2.571261,1.41633,-1.884034,
10:38:43.661,1,-0.94964,1.228365,-1.910011,
10:38:43.744,2,-2.642453,1.417475,-1.871254,
10:38:43.745,1,-0.969467,1.228167,-1.89397,
10:38:43.828,2,-2.679749,1.416839,-1.869709,
10:38:43.828,1,-0.980958,1.224453,-1.880568,
10:38:43.928,2,-2.726139,1.41673,-1.860428,
10:38:43.929,1,-1.000591,1.216178,-1.857328,
10:38:44.028,2,-2.768275,1.416202,-1.854948,free_exp
10:38:44.029,1,-1.030447,1.21389,-1.827809,free_exp
10:38:44.129,2,-2.795476,1.417306,-1.852458,free_exp
10:38:44.129,1,-1.059915,1.218989,-1.790825,free_exp
10:38:44.228,2,-2.817097,1.416085,-1.849964,free_exp
10:38:44.228,1,-1.097748,1.21798,-1.757988,free_exp
10:38:44.329,2,-2.830287,1.416551,-1.846797,free_exp
10:38:44.329,1,-1.124149,1.222124,-1.738046,free_exp
10:38:44.429,2,-2.839125,1.417381,-1.841552,free_exp
10:38:44.429,1,-1.154987,1.227001,-1.709902,free_exp
10:38:44.528,2,-2.842764,1.416743,-1.839957,free_exp
10:38:44.528,1,-1.177745,1.2443,-1.69858,free_exp
10:38:44.629,2,-2.846654,1.417099,-1.837683,free_exp
10:38:44.629,1,-1.200007,1.240428,-1.686884,free_exp
10:38:44.728,2,-2.848661,1.416984,-1.838108,free_exp
10:38:44.728,1,-1.228015,1.236782,-1.684213,free_exp
10:38:44.828,2,-2.849137,1.418252,-1.838018,free_exp
10:38:44.828,1,-1.26513,1.241212,-1.678564,free_exp
10:38:44.929,2,-2.850657,1.417397,-1.839925,free_exp
10:38:44.929,1,-1.301074,1.231916,-1.676556,free_exp
10:38:45.028,2,-2.850223,1.417076,-1.838866,free_exp
10:38:45.029,1,-1.344849,1.238755,-1.690084,free_exp
10:38:45.128,2,-2.849756,1.417736,-1.838017,free_exp
10:38:45.128,1,-1.40945,1.237582,-1.704526,free_exp
10:38:45.229,2,-2.848456,1.417067,-1.835831,free_exp
10:38:45.229,1,-1.471656,1.236952,-1.738784,free_exp
10:38:45.328,2,-2.848395,1.417574,-1.835657,free_exp
10:38:45.329,1,-1.519426,1.236561,-1.76223,free_exp
10:38:45.428,2,-2.847678,1.417548,-1.836238,free_exp
10:38:45.428,1,-1.597769,1.230378,-1.781023,free_exp
10:38:45.529,2,-2.845928,1.417549,-1.83657,free_exp
10:38:45.529,1,-1.635543,1.205089,-1.791747,free_exp
10:38:45.629,2,-2.843362,1.41707,-1.837359,free_exp
10:38:45.629,1,-1.661709,1.212728,-1.800733,free_exp
10:38:45.728,2,-2.841797,1.41703,-1.838058,free_exp
10:38:45.728,1,-1.688822,1.218115,-1.799531,free_exp
10:38:45.829,2,-2.839338,1.416727,-1.838424,free_exp
10:38:45.829,1,-1.703491,1.219353,-1.799328,free_exp
10:38:45.928,2,-2.83791,1.416732,-1.838545,free_exp
10:38:45.929,1,-1.734477,1.218912,-1.778811,free_exp
10:38:46.028,2,-2.837484,1.416503,-1.838919,free_exp
10:38:46.028,1,-1.744077,1.223116,-1.766057,free_exp
10:38:46.129,2,-2.837445,1.4168,-1.839404,free_exp
10:38:46.129,1,-1.752049,1.222917,-1.752058,free_exp
10:38:46.228,2,-2.838143,1.416285,-1.839853,free_exp
10:38:46.228,1,-1.754743,1.225019,-1.734718,free_exp
10:38:46.328,2,-2.840172,1.41646,-1.84017,free_exp
10:38:46.328,1,-1.760495,1.229356,-1.713837,free_exp
10:38:46.429,2,-2.840982,1.418015,-1.840361,free_exp
10:38:46.429,1,-1.756918,1.226954,-1.698732,free_exp
10:38:46.528,2,-2.842766,1.416879,-1.840505,free_exp
10:38:46.529,1,-1.755866,1.228543,-1.689674,free_exp
10:38:46.628,2,-2.843933,1.417122,-1.840009,free_exp
10:38:46.628,1,-1.755013,1.225379,-1.682488,free_exp
10:38:46.729,2,-2.845159,1.416563,-1.840737,free_exp
10:38:46.729,1,-1.759229,1.227513,-1.679108,free_exp
10:38:46.828,2,-2.846156,1.4165,-1.840741,free_exp
10:38:46.829,1,-1.77212,1.239882,-1.686168,free_exp
10:38:46.928,2,-2.846815,1.416933,-1.839914,free_exp
10:38:46.928,1,-1.790135,1.223489,-1.697637,free_exp
10:38:47.029,2,-2.847892,1.416644,-1.839804,free_exp
10:38:47.029,1,-1.807083,1.223191,-1.718291,free_exp
10:38:47.128,2,-2.848713,1.417389,-1.839111,free_exp
10:38:47.128,1,-1.826487,1.225881,-1.738332,free_exp
10:38:47.228,2,-2.84907,1.416559,-1.838855,free_exp
10:38:47.228,1,-1.844458,1.221031,-1.76258,free_exp
10:38:47.329,2,-2.849722,1.417729,-1.838597,free_exp
10:38:47.329,1,-1.867523,1.224091,-1.793528,free_exp
10:38:47.429,2,-2.849851,1.417078,-1.83852,free_exp
10:38:47.429,1,-1.883781,1.223049,-1.821652,free_exp
10:38:47.528,2,-2.850302,1.417764,-1.83807,free_exp
10:38:47.528,1,-1.902502,1.222726,-1.847823,free_exp
10:38:47.629,2,-2.850562,1.416368,-1.837226,free_exp
10:38:47.629,1,-1.907025,1.223777,-1.871386,free_exp
10:38:47.728,2,-2.850514,1.416514,-1.836197,free_exp
10:38:47.728,1,-1.907358,1.220151,-1.892927,free_exp
10:38:47.828,2,-2.849594,1.417959,-1.833985,free_exp
10:38:47.828,1,-1.901753,1.221757,-1.905904,free_exp
10:38:47.929,2,-2.849912,1.417334,-1.8337,free_exp
10:38:47.929,1,-1.891143,1.221651,-1.919735,free_exp
10:38:48.028,2,-2.850331,1.416942,-1.83443,free_exp
10:38:48.029,1,-1.871385,1.21867,-1.93678,free_exp
10:38:48.128,2,-2.850395,1.416734,-1.834432,free_exp
10:38:48.128,1,-1.850191,1.218849,-1.953514,free_exp
10:38:48.229,2,-2.850411,1.416333,-1.834297,free_exp
10:38:48.229,1,-1.815843,1.219134,-1.974987,free_exp
10:38:48.328,2,-2.850685,1.416452,-1.834879,free_exp
10:38:48.329,1,-1.777517,1.221258,-1.997483,free_exp
10:38:48.428,2,-2.851018,1.416119,-1.834957,free_exp
10:38:48.428,1,-1.741134,1.220717,-2.021778,free_exp
10:38:48.529,2,-2.850834,1.416289,-1.834593,free_exp
10:38:48.529,1,-1.705452,1.222272,-2.046353,free_exp
10:38:48.628,2,-2.850778,1.416344,-1.834653,free_exp
10:38:48.628,1,-1.674564,1.244844,-2.064832,free_exp
10:38:48.728,2,-2.850492,1.416059,-1.833702,free_exp
10:38:48.729,1,-1.653778,1.241158,-2.077091,free_exp
10:38:48.828,2,-2.850881,1.416065,-1.833283,free_exp
10:38:48.828,1,-1.638995,1.237408,-2.089188,free_exp
10:38:48.928,2,-2.850963,1.416807,-1.832978,free_exp
10:38:48.928,1,-1.635622,1.239234,-2.093983,free_exp
10:38:49.028,2,-2.85051,1.416463,-1.832855,free_exp
10:38:49.028,1,-1.633063,1.228118,-2.096731,free_exp
10:38:49.129,2,-2.850369,1.41652,-1.833159,free_exp
10:38:49.129,1,-1.629578,1.24938,-2.103891,free_exp
10:38:49.228,2,-2.850151,1.416578,-1.834092,free_exp
10:38:49.228,1,-1.628188,1.242106,-2.114062,free_exp
10:38:49.328,2,-2.850028,1.416767,-1.834772,free_exp
10:38:49.328,1,-1.628854,1.223638,-2.118254,free_exp
10:38:49.429,2,-2.850061,1.416802,-1.836245,free_exp
10:38:49.430,1,-1.630484,1.224254,-2.121566,free_exp
10:38:49.528,2,-2.849322,1.416417,-1.837004,free_exp
10:38:49.528,1,-1.633511,1.22277,-2.12456,free_exp
10:38:49.628,2,-2.849179,1.416659,-1.837199,free_exp
10:38:49.629,1,-1.634135,1.225081,-2.125419,free_exp
10:38:49.729,2,-2.848597,1.416719,-1.838025,free_exp
10:38:49.729,1,-1.636372,1.22748,-2.127983,free_exp
10:38:49.829,2,-2.848269,1.416467,-1.83876,free_exp
10:38:49.829,1,-1.637544,1.21927,-2.129325,free_exp
10:38:49.928,2,-2.847799,1.416137,-1.839924,free_exp
10:38:49.928,1,-1.63836,1.221987,-2.132379,free_exp
10:38:50.029,2,-2.846647,1.416504,-1.840047,free_exp
10:38:50.029,1,-1.639496,1.217799,-2.135622,free_exp
10:38:50.129,2,-2.846782,1.416597,-1.840827,free_exp
10:38:50.129,1,-1.638678,1.264214,-2.137518,free_exp
10:38:50.228,2,-2.8467,1.416643,-1.84188,free_exp
10:38:50.228,1,-1.638037,1.211087,-2.139144,free_exp
10:38:50.329,2,-2.846695,1.416144,-1.841853,free_exp
10:38:50.329,1,-1.637684,1.252729,-2.140487,free_exp
10:38:50.428,2,-2.846623,1.416083,-1.841475,free_exp
10:38:50.428,1,-1.636951,1.214193,-2.142241,free_exp
10:38:50.529,2,-2.846653,1.416268,-1.842153,free_exp
10:38:50.529,1,-1.637324,1.203706,-2.143774,free_exp
10:38:50.629,2,-2.846342,1.416331,-1.84081,free_exp
10:38:50.629,1,-1.637353,1.233249,-2.143569,free_exp
10:38:50.728,2,-2.846269,1.416504,-1.840832,free_exp
10:38:50.728,1,-1.637932,1.235602,-2.144931,free_exp
10:38:50.828,2,-2.846339,1.415852,-1.84093,free_exp
10:38:50.828,1,-1.639078,1.275028,-2.146594,free_exp
10:38:50.929,2,-2.846599,1.415602,-1.841687,free_exp
10:38:50.929,1,-1.639866,1.231689,-2.146954,free_exp
10:38:51.029,2,-2.846689,1.415274,-1.841299,free_exp
10:38:51.029,1,-1.641019,1.225511,-2.147758,free_exp
10:38:51.128,2,-2.847202,1.415808,-1.841203,free_exp
10:38:51.128,1,-1.64233,1.22501,-2.148788,free_exp
10:38:51.229,2,-2.847604,1.415594,-1.839968,free_exp
10:38:51.229,1,-1.643686,1.392193,-2.150124,free_exp
10:38:51.328,2,-2.848076,1.415467,-1.839164,free_exp
10:38:51.329,1,-1.644172,1.222612,-2.150405,free_exp
10:38:51.428,2,-2.848555,1.415235,-1.838504,free_exp
10:38:51.428,1,-1.64519,1.216563,-2.150865,free_exp
10:38:51.529,2,-2.848973,1.415454,-1.837881,free_exp
10:38:51.529,1,-1.645803,1.220949,-2.151651,free_exp
10:38:51.629,2,-2.849575,1.415601,-1.837815,free_exp
10:38:51.629,1,-1.646808,1.216858,-2.152846,free_exp
10:38:51.728,2,-2.850859,1.41551,-1.836595,free_exp
10:38:51.728,1,-1.647951,1.261511,-2.154747,free_exp
10:38:51.829,2,-2.851384,1.415851,-1.835588,free_exp
10:38:51.829,1,-1.648264,1.233298,-2.15565,free_exp
10:38:51.928,2,-2.85159,1.415339,-1.83466,free_exp
10:38:51.928,1,-1.650104,1.264699,-2.156403,free_exp
10:38:52.029,2,-2.852357,1.41528,-1.832919,free_exp
10:38:52.029,1,-1.650366,1.397371,-2.156732,free_exp
10:38:52.128,2,-2.85238,1.415343,-1.833449,free_exp
10:38:52.128,1,-1.650788,1.394112,-2.157436,free_exp
10:38:52.229,2,-2.852388,1.415426,-1.833658,free_exp
10:38:52.229,1,-1.650177,1.274618,-2.15656,free_exp
10:38:52.328,2,-2.852127,1.415392,-1.833595,free_exp
10:38:52.328,1,-1.649527,1.207142,-2.156148,free_exp
10:38:52.411,2,-2.852075,1.415518,-1.834598,free_exp
10:38:52.411,1,-1.648164,1.453067,-2.155691,free_exp
10:38:52.512,2,-2.851683,1.415556,-1.834071,free_exp
10:38:52.512,1,-1.645708,1.257067,-2.154736,free_exp
10:38:52.611,2,-2.850666,1.415399,-1.83366,free_exp
10:38:52.612,1,-1.639547,1.235733,-2.150195,free_exp
10:38:52.711,2,-2.850353,1.415654,-1.833495,free_exp
10:38:52.711,1,-1.637068,1.251418,-2.147848,free_exp
10:38:52.812,2,-2.84946,1.416664,-1.833932,free_exp
10:38:52.812,1,-1.635822,1.20713,-2.146128,free_exp
10:38:52.911,2,-2.849112,1.417338,-1.834152,free_exp
10:38:52.912,1,-1.637162,1.211714,-2.142924,free_exp
10:38:53.011,2,-2.847508,1.416287,-1.833696,free_exp
10:38:53.011,1,-1.64314,1.450375,-2.138797,free_exp
10:38:53.112,2,-2.845274,1.415765,-1.832673,free_exp
10:38:53.112,1,-1.657956,1.452752,-2.13502,free_exp
10:38:53.212,2,-2.842585,1.41548,-1.831699,free_exp
10:38:53.213,1,-1.67994,1.229234,-2.132716,free_exp
10:38:53.329,2,-2.841967,1.415267,-1.831824,free_exp
10:38:53.329,1,-1.70841,1.396131,-2.132478,free_exp
10:38:53.445,2,-2.840123,1.415905,-1.830013,free_exp
10:38:53.446,1,-1.732401,1.213974,-2.131634,free_exp
10:38:53.545,2,-2.839233,1.416449,-1.829601,free_exp
10:38:53.545,1,-1.760508,1.215705,-2.131042,free_exp
10:38:53.628,2,-2.83934,1.41673,-1.82964,free_exp
10:38:53.628,1,-1.776342,1.263626,-2.129088,free_exp
10:38:53.712,2,-2.836285,1.416912,-1.827216,free_exp
10:38:53.712,1,-1.790147,1.231039,-2.129435,free_exp
10:38:53.812,2,-2.835718,1.416849,-1.825731,free_exp
10:38:53.812,1,-1.798985,1.230744,-2.128985,free_exp
10:38:53.929,2,-2.834347,1.416588,-1.823239,free_exp
10:38:53.929,1,-1.807021,1.227173,-2.129366,free_exp
10:38:54.028,2,-2.833875,1.416663,-1.820828,free_exp
10:38:54.028,1,-1.813096,1.27525,-2.129855,free_exp
10:38:54.128,2,-2.833257,1.416946,-1.819838,free_exp
10:38:54.128,1,-1.815923,1.231187,-2.129981,free_exp
10:38:54.228,2,-2.835684,1.416826,-1.821679,free_exp
10:38:54.228,1,-1.816867,1.230567,-2.130108,free_exp
10:38:54.328,2,-2.83429,1.416482,-1.819589,free_exp
10:38:54.328,1,-1.818038,1.232616,-2.12993,free_exp
10:38:54.428,2,-2.833997,1.416053,-1.81909,free_exp
10:38:54.428,1,-1.818334,1.395108,-2.129891,free_exp
10:38:54.528,2,-2.834344,1.415959,-1.819241,free_exp
10:38:54.529,1,-1.81815,1.220501,-2.129653,free_exp
10:38:54.645,2,-2.834269,1.415976,-1.818725,free_exp
10:38:54.646,1,-1.81778,1.219976,-2.129518,free_exp
10:38:54.745,2,-2.834952,1.41564,-1.819369,free_exp
10:38:54.745,1,-1.814039,1.21956,-2.12909,free_exp
10:38:54.845,2,-2.834874,1.415739,-1.819435,free_exp
10:38:54.846,1,-1.812313,1.223088,-2.128833,free_exp
10:38:54.945,2,-2.834835,1.416008,-1.817797,free_exp
10:38:54.945,1,-1.809943,1.202592,-2.128495,free_exp
10:38:55.046,2,-2.834621,1.416147,-1.817407,free_exp
10:38:55.046,1,-1.808383,1.207562,-2.12775,free_exp
10:38:55.161,2,-2.835158,1.416045,-1.815883,free_exp
10:38:55.161,1,-1.805606,1.236344,-2.126489,free_exp
10:38:55.261,2,-2.834881,1.416333,-1.814886,free_exp
10:38:55.262,1,-1.804379,1.212548,-2.125723,free_exp
10:38:55.361,2,-2.834973,1.416169,-1.814933,free_exp
10:38:55.362,1,-1.802214,1.209711,-2.12539,free_exp
10:38:55.461,2,-2.834104,1.415971,-1.815163,free_exp
10:38:55.461,1,-1.800302,1.205622,-2.125262,free_exp
10:38:55.562,2,-2.83534,1.416031,-1.816704,free_exp
10:38:55.562,1,-1.798014,1.206876,-2.125623,free_exp
10:38:55.661,2,-2.835127,1.41616,-1.816763,free_exp
10:38:55.661,1,-1.796212,1.204022,-2.12686,free_exp
10:38:55.762,2,-2.834822,1.416106,-1.816102,free_exp
10:38:55.762,1,-1.795523,1.238005,-2.127208,free_exp
10:38:55.862,2,-2.834769,1.416026,-1.815635,free_exp
10:38:55.862,1,-1.794389,1.234551,-2.127914,free_exp
10:38:55.961,2,-2.834242,1.416181,-1.815681,free_exp
10:38:55.961,1,-1.792926,1.225207,-2.129333,free_exp
10:38:56.045,2,-2.834726,1.415931,-1.81641,free_exp
10:38:56.045,1,-1.791289,1.228622,-2.129866,free_exp
10:38:56.128,2,-2.834237,1.415794,-1.816428,free_exp
10:38:56.128,1,-1.789107,1.228301,-2.131187,free_exp
10:38:56.229,2,-2.834149,1.415806,-1.816125,free_exp
10:38:56.229,1,-1.785589,1.220952,-2.132649,free_exp
10:38:56.329,2,-2.834289,1.416553,-1.815495,free_exp
10:38:56.329,1,-1.783932,1.449677,-2.131708,free_exp
10:38:56.428,2,-2.834029,1.416338,-1.814836,free_exp
10:38:56.430,1,-1.7822,1.447504,-2.13094,free_exp
10:38:56.529,2,-2.833703,1.416253,-1.813923,free_exp
10:38:56.529,1,-1.782318,1.455068,-2.130886,free_exp
10:38:56.628,2,-2.833966,1.415393,-1.813453,free_exp
10:38:56.629,1,-1.783864,1.439387,-2.130566,free_exp
10:38:56.728,2,-2.833181,1.41576,-1.81251,free_exp
10:38:56.728,1,-1.785686,1.412187,-2.130003,free_exp
10:38:56.828,2,-2.832955,1.416034,-1.81209,free_exp
10:38:56.828,1,-1.788635,1.418521,-2.129562,free_exp
10:38:56.929,2,-2.831993,1.416024,-1.811425,free_exp
10:38:56.929,1,-1.789938,1.4243,-2.129559,free_exp
10:38:57.028,2,-2.831485,1.415981,-1.811165,free_exp
10:38:57.028,1,-1.790574,1.207842,-2.129647,free_exp
10:38:57.128,2,-2.830117,1.416028,-1.811511,free_exp
10:38:57.129,1,-1.791071,1.198863,-2.130595,free_exp
10:38:57.229,2,-2.829398,1.41648,-1.810233,free_exp
10:38:57.229,1,-1.791207,1.215346,-2.130528,free_exp
10:38:57.328,2,-2.829127,1.416656,-1.809974,free_exp
10:38:57.328,1,-1.791519,1.224226,-2.130636,free_exp
10:38:57.429,2,-2.828933,1.416899,-1.809212,free_exp
10:38:57.429,1,-1.791694,1.153084,-2.130774,free_exp
10:38:57.529,2,-2.828377,1.416647,-1.807971,free_exp
10:38:57.529,1,-1.792337,1.116145,-2.130488,free_exp
10:38:57.628,2,-2.829575,1.416606,-1.808016,free_exp
10:38:57.628,1,-1.792824,1.211329,-2.130587,free_exp
10:38:57.729,2,-2.828845,1.416691,-1.807202,free_exp
10:38:57.729,1,-1.79349,1.07478,-2.130235,free_exp
10:38:57.828,2,-2.82907,1.416979,-1.806612,free_exp
10:38:57.829,1,-1.794355,1.15879,-2.1299,free_exp
10:38:57.929,2,-2.829281,1.415414,-1.806832,free_exp
10:38:57.929,1,-1.794991,1.169464,-2.129731,free_exp
10:38:58.028,2,-2.828892,1.415602,-1.80621,free_exp
10:38:58.028,1,-1.795221,1.148994,-2.129203,free_exp
10:38:58.129,2,-2.828889,1.416105,-1.8058,free_exp
10:38:58.129,1,-1.795325,1.157662,-2.129105,free_exp
10:38:58.245,2,-2.828462,1.416198,-1.805534,free_exp
10:38:58.245,1,-1.795338,1.172261,-2.128922,free_exp
10:38:58.345,2,-2.828753,1.416002,-1.805702,free_exp
10:38:58.346,1,-1.795237,1.184527,-2.128797,free_exp
10:38:58.445,2,-2.828536,1.415808,-1.805235,free_exp
10:38:58.445,1,-1.795103,1.185417,-2.128803,free_exp
10:38:58.545,2,-2.828641,1.416022,-1.805306,free_exp
10:38:58.545,1,-1.795141,1.210888,-2.128841,free_exp
10:38:58.645,2,-2.828394,1.415863,-1.805269,free_exp
10:38:58.646,1,-1.79449,1.209145,-2.129279,free_exp
10:38:58.745,2,-2.828974,1.416143,-1.80551,free_exp
10:38:58.746,1,-1.792246,1.214067,-2.130494,free_exp
10:38:58.845,2,-2.828705,1.416031,-1.805216,free_exp
10:38:58.845,1,-1.789796,1.210072,-2.131848,free_exp
10:38:58.945,2,-2.828273,1.41571,-1.805122,free_exp
10:38:58.946,1,-1.785917,1.43905,-2.134735,free_exp
10:38:59.062,2,-2.828089,1.415546,-1.804691,free_exp
10:38:59.062,1,-1.783671,1.435253,-2.137905,free_exp
10:38:59.162,2,-2.82821,1.41526,-1.804206,free_exp
10:38:59.163,1,-1.782811,1.43551,-2.139453,free_exp
10:38:59.261,2,-2.828284,1.415029,-1.803784,free_exp
10:38:59.262,1,-1.782994,1.426866,-2.140612,free_exp
10:38:59.362,2,-2.828474,1.414976,-1.80351,free_exp
10:38:59.362,1,-1.783428,1.428378,-2.141175,free_exp
10:38:59.462,2,-2.828444,1.415145,-1.803261,free_exp
10:38:59.462,1,-1.783929,1.439504,-2.141664,free_exp
10:38:59.561,2,-2.828765,1.414993,-1.803169,free_exp
10:38:59.561,1,-1.784371,1.419165,-2.142035,free_exp
10:38:59.645,2,-2.828888,1.414846,-1.802917,free_exp
10:38:59.645,1,-1.784773,1.432965,-2.142043,free_exp
10:38:59.728,2,-2.82922,1.414774,-1.80298,free_exp
10:38:59.728,1,-1.78484,1.447688,-2.142145,free_exp
10:38:59.811,2,-2.829405,1.414845,-1.802955,free_exp
10:38:59.811,1,-1.785464,1.447013,-2.141812,free_exp
10:38:59.895,2,-2.829412,1.414712,-1.802725,free_exp
10:38:59.895,1,-1.785826,1.264452,-2.14214,free_exp
10:38:59.978,2,-2.828934,1.415272,-1.801985,free_exp
10:38:59.978,1,-1.786252,1.265156,-2.14207,free_exp
10:39:00.062,2,-2.829011,1.415562,-1.801901,free_exp
10:39:00.062,1,-1.786405,1.250103,-2.14218,free_exp
10:39:00.162,2,-2.829033,1.415436,-1.801843,free_exp
10:39:00.162,1,-1.78684,1.254643,-2.142033,free_exp
10:39:00.261,2,-2.828962,1.416031,-1.801435,free_exp
10:39:00.261,1,-1.786909,1.201213,-2.141825,free_exp
10:39:00.362,2,-2.828915,1.416953,-1.801216,free_exp
10:39:00.362,1,-1.787244,1.191283,-2.14162,free_exp
10:39:00.461,2,-2.828877,1.416629,-1.800264,free_exp
10:39:00.461,1,-1.787414,1.219658,-2.140818,free_exp
10:39:00.562,2,-2.828088,1.416361,-1.800295,free_exp
10:39:00.562,1,-1.787601,1.222928,-2.140672,free_exp
10:39:00.662,2,-2.827982,1.416501,-1.800574,free_exp
10:39:00.662,1,-1.787644,1.223205,-2.140809,free_exp
10:39:00.762,2,-2.827741,1.416953,-1.800547,free_exp
10:39:00.762,1,-1.787501,1.200182,-2.140271,free_exp
10:39:00.861,2,-2.827253,1.416984,-1.799609,free_exp
10:39:00.862,1,-1.787323,1.198933,-2.139929,free_exp
10:39:00.962,2,-2.826833,1.41698,-1.799831,free_exp
10:39:00.963,1,-1.787196,1.268131,-2.139297,free_exp
10:39:01.061,2,-2.826717,1.416884,-1.799576,free_exp
10:39:01.061,1,-1.787148,1.200348,-2.138939,free_exp
10:39:01.145,2,-2.826988,1.416867,-1.800048,free_exp
10:39:01.145,1,-1.787182,1.205328,-2.138502,free_exp
10:39:01.228,2,-2.827231,1.417247,-1.800313,free_exp
10:39:01.229,1,-1.787106,1.202115,-2.138262,free_exp
10:39:01.328,2,-2.827135,1.416981,-1.800099,free_exp
10:39:01.328,1,-1.787099,1.175815,-2.13819,free_exp
10:39:01.429,2,-2.827483,1.417208,-1.800506,free_exp
10:39:01.429,1,-1.787132,1.202128,-2.137862,free_exp
10:39:01.528,2,-2.828294,1.416886,-1.800986,free_exp
10:39:01.528,1,-1.787317,1.247713,-2.137798,free_exp
10:39:01.629,2,-2.828734,1.417313,-1.800853,free_exp
10:39:01.629,1,-1.787585,1.200919,-2.137768,free_exp
10:39:01.729,2,-2.829357,1.417474,-1.800885,free_exp
10:39:01.729,1,-1.788271,1.211739,-2.138151,free_exp
10:39:01.829,2,-2.829913,1.417503,-1.800995,free_exp
10:39:01.829,1,-1.789224,1.200953,-2.138225,free_exp
10:39:01.928,2,-2.830552,1.417566,-1.800874,free_exp
10:39:01.928,1,-1.790761,1.211361,-2.138801,free_exp
10:39:02.029,2,-2.831691,1.417804,-1.799753,free_exp
10:39:02.029,1,-1.794113,1.209693,-2.138468,free_exp
10:39:02.128,2,-2.832654,1.417607,-1.799885,free_exp
10:39:02.128,1,-1.797479,1.209246,-2.138131,free_exp
10:39:02.228,2,-2.832799,1.417489,-1.799675,free_exp
10:39:02.228,1,-1.802113,1.198876,-2.139311,free_exp
10:39:02.329,2,-2.833137,1.418108,-1.799773,free_exp
10:39:02.329,1,-1.806807,1.194775,-2.140004,free_exp
10:39:02.428,2,-2.833331,1.418938,-1.799404,free_exp
10:39:02.428,1,-1.813961,1.2582,-2.139269,free_exp
10:39:02.529,2,-2.833292,1.423792,-1.799814,free_exp
10:39:02.529,1,-1.824551,1.182099,-2.140665,free_exp
10:39:02.628,2,-2.833462,1.424761,-1.798928,free_exp
10:39:02.628,1,-1.837566,1.199723,-2.141662,free_exp
10:39:02.729,2,-2.833435,1.430071,-1.7989,free_exp
10:39:02.729,1,-1.850737,1.199307,-2.14292,free_exp
10:39:02.828,2,-2.833507,1.423471,-1.79879,free_exp
10:39:02.828,1,-1.866471,1.245704,-2.145307,free_exp
10:39:02.929,2,-2.833663,1.413742,-1.798408,free_exp
10:39:02.929,1,-1.881375,1.250431,-2.147526,free_exp
10:39:03.029,2,-2.833731,1.3848,-1.798084,free_exp
10:39:03.029,1,-1.898394,1.094551,-2.149664,free_exp
10:39:03.128,2,-2.834001,1.386921,-1.799226,free_exp
10:39:03.128,1,-1.915077,1.171033,-2.150853,free_exp
10:39:03.229,2,-2.83407,1.397457,-1.799398,free_exp
10:39:03.229,1,-1.92844,1.24799,-2.152876,free_exp
10:39:03.328,2,-2.83428,1.401208,-1.799175,free_exp
10:39:03.328,1,-1.938123,1.21857,-2.152949,free_exp
10:39:03.411,2,-2.834758,1.410068,-1.800729,free_exp
10:39:03.412,1,-1.942369,1.311052,-2.154162,free_exp
10:39:03.512,2,-2.834799,1.409302,-1.800601,free_exp
10:39:03.513,1,-1.946222,1.38615,-2.155617,free_exp
10:39:03.629,2,-2.834815,1.398414,-1.801011,free_exp
10:39:03.629,1,-1.946774,1.166594,-2.155853,free_exp
10:39:03.728,2,-2.834895,1.386059,-1.801413,free_exp
10:39:03.728,1,-1.947662,1.28582,-2.156517,free_exp
10:39:03.829,2,-2.834852,1.369037,-1.801325,free_exp
10:39:03.829,1,-1.947977,1.208352,-2.157574,free_exp
10:39:03.928,2,-2.834488,1.363009,-1.801286,free_exp
10:39:03.928,1,-1.948483,1.396216,-2.158422,free_exp
10:39:04.029,2,-2.834369,1.379678,-1.801636,free_exp
10:39:04.029,1,-1.948309,1.268431,-2.159847,free_exp
10:39:04.129,2,-2.834216,1.389555,-1.801599,free_exp
10:39:04.129,1,-1.946876,1.299427,-2.161039,free_exp
10:39:04.228,2,-2.834206,1.397083,-1.801262,free_exp
10:39:04.229,1,-1.946627,1.189981,-2.16232,free_exp
10:39:04.328,2,-2.834682,1.39831,-1.801303,free_exp
10:39:04.328,1,-1.945866,1.228701,-2.164585,free_exp
10:39:04.429,2,-2.834638,1.399679,-1.801139,free_exp
10:39:04.429,1,-1.944871,1.374447,-2.165585,free_exp
10:39:04.529,2,-2.834571,1.394344,-1.800912,free_exp
10:39:04.529,1,-1.944084,1.128648,-2.166153,free_exp
10:39:04.628,2,-2.834305,1.394762,-1.800935,free_exp
10:39:04.628,1,-1.941842,1.270712,-2.166751,free_exp
10:39:04.729,2,-2.833986,1.396654,-1.800799,free_exp
10:39:04.729,1,-1.940149,1.271731,-2.167849,free_exp
10:39:04.828,2,-2.833959,1.398722,-1.800964,free_exp
10:39:04.829,1,-1.939814,1.104419,-2.168109,free_exp
10:39:04.928,2,-2.833697,1.392958,-1.800677,free_exp
10:39:04.928,1,-1.940765,1.268176,-2.167755,free_exp
10:39:05.029,2,-2.833899,1.398363,-1.800916,free_exp
10:39:05.029,1,-1.941407,1.141846,-2.167125,free_exp
10:39:05.128,2,-2.833782,1.393078,-1.801205,free_exp
10:39:05.129,1,-1.942461,1.113826,-2.166308,free_exp
10:39:05.228,2,-2.833819,1.394897,-1.801366,free_exp
10:39:05.228,1,-1.943803,1.150216,-2.164132,free_exp
10:39:05.329,2,-2.833816,1.3939,-1.801515,free_exp
10:39:05.329,1,-1.945066,1.140923,-2.162075,free_exp
10:39:05.445,2,-2.833783,1.392075,-1.800527,free_exp
10:39:05.445,1,-1.946616,1.176263,-2.156373,free_exp
10:39:05.545,2,-2.833559,1.38889,-1.800444,free_exp
10:39:05.546,1,-1.946786,1.136823,-2.139765,free_exp
10:39:05.662,2,-2.833409,1.387074,-1.800528,free_exp
10:39:05.662,1,-1.945659,1.209228,-2.120438,free_exp
10:39:05.762,2,-2.833519,1.385935,-1.801693,free_exp
10:39:05.762,1,-1.942381,1.14963,-2.094945,free_exp
10:39:05.862,2,-2.833244,1.385715,-1.80172,free_exp
10:39:05.862,1,-1.941457,1.477492,-2.066464,free_exp
10:39:05.961,2,-2.833145,1.386702,-1.801339,free_exp
10:39:05.962,1,-1.929557,1.475519,-2.01975,free_exp
10:39:06.062,2,-2.832934,1.385983,-1.801801,free_exp
10:39:06.063,1,-1.925593,1.153776,-1.992804,free_exp
10:39:06.178,2,-2.83257,1.383945,-1.801947,free_exp
10:39:06.178,1,-1.905988,1.204063,-1.932247,free_exp
10:39:06.278,2,-2.832805,1.383078,-1.801938,free_exp
10:39:06.279,1,-1.896849,1.278788,-1.915668,free_exp
10:39:06.378,2,-2.83284,1.38155,-1.801985,free_exp
10:39:06.378,1,-1.892632,1.266991,-1.894967,free_exp
10:39:06.478,2,-2.832856,1.381027,-1.80201,free_exp
10:39:06.478,1,-1.890403,1.142822,-1.865797,free_exp
10:39:06.579,2,-2.833283,1.381869,-1.802235,free_exp
10:39:06.579,1,-1.893363,1.454307,-1.847442,free_exp
10:39:06.696,2,-2.832962,1.380817,-1.8024,free_exp
10:39:06.696,1,-1.904362,1.10779,-1.833247,free_exp
10:39:06.795,2,-2.832919,1.379163,-1.802445,free_exp
10:39:06.795,1,-1.90798,1.483571,-1.829388,free_exp
10:39:06.895,2,-2.832991,1.379999,-1.802523,free_exp
10:39:06.895,1,-1.931621,0.986192,-1.824686,free_exp
10:39:06.995,2,-2.833197,1.37989,-1.802217,free_exp
10:39:06.995,1,-1.948008,1.520591,-1.831302,free_exp
10:39:07.095,2,-2.833299,1.380024,-1.802067,free_exp
10:39:07.095,1,-1.955351,1.025155,-1.831449,free_exp
10:39:07.195,2,-2.833495,1.379929,-1.802236,free_exp
10:39:07.196,1,-1.978874,1.311883,-1.847209,free_exp
10:39:07.295,2,-2.833654,1.379936,-1.802186,free_exp
10:39:07.295,1,-1.990967,1.420367,-1.851564,free_exp
10:39:07.396,2,-2.83366,1.380575,-1.80233,free_exp
10:39:07.396,1,-2.008126,1.378796,-1.858823,free_exp
10:39:07.512,2,-2.833948,1.380313,-1.802647,free_exp
10:39:07.513,1,-2.014966,1.359943,-1.86281,free_exp
10:39:07.612,2,-2.833875,1.380542,-1.802539,free_exp
10:39:07.612,1,-2.017593,1.404025,-1.863909,free_exp
10:39:07.711,2,-2.834292,1.380693,-1.803434,free_exp
10:39:07.712,1,-2.028886,1.429492,-1.878075,free_exp
10:39:07.812,2,-2.834662,1.380901,-1.803407,free_exp
10:39:07.813,1,-2.032972,1.417021,-1.883962,free_exp
10:39:07.912,2,-2.834653,1.380613,-1.803697,free_exp
10:39:07.912,1,-2.035716,1.447495,-1.893769,free_exp
10:39:08.012,2,-2.834593,1.379671,-1.804056,free_exp
10:39:08.012,1,-2.036145,1.443405,-1.897417,free_exp
10:39:08.112,2,-2.834581,1.380112,-1.804319,free_exp
10:39:08.113,1,-2.037363,1.487377,-1.906307,free_exp
10:39:08.212,2,-2.834367,1.379656,-1.80429,free_exp
10:39:08.212,1,-2.038223,1.185382,-1.910342,free_exp
10:39:08.312,2,-2.83437,1.37949,-1.804768,free_exp
10:39:08.312,1,-2.040175,1.454185,-1.917947,free_exp
10:39:08.412,2,-2.833997,1.379603,-1.804582,free_exp
10:39:08.412,1,-2.040028,1.460319,-1.917988,free_exp
10:39:08.513,2,-2.833966,1.379722,-1.804614,free_exp
10:39:08.514,1,-2.040718,1.470195,-1.91904,free_exp
10:39:08.629,2,-2.834126,1.379893,-1.804773,free_exp
10:39:08.629,1,-2.044904,1.467665,-1.924094,free_exp
10:39:08.745,2,-2.833842,1.379958,-1.8048,free_exp
10:39:08.745,1,-2.046847,1.483023,-1.926356,free_exp
10:39:08.845,2,-2.8339,1.380951,-1.805477,free_exp
10:39:08.845,1,-2.048779,1.466333,-1.927911,free_exp
10:39:08.945,2,-2.833419,1.381115,-1.805855,free_exp
10:39:08.945,1,-2.050366,1.464597,-1.929516,free_exp
10:39:09.045,2,-2.83285,1.381972,-1.806635,free_exp
10:39:09.045,1,-2.050788,1.238647,-1.930059,free_exp
10:39:09.145,2,-2.832795,1.38219,-1.807053,free_exp
10:39:09.145,1,-2.051917,1.447542,-1.930294,free_exp
10:39:09.245,2,-2.832759,1.383155,-1.807668,free_exp
10:39:09.245,1,-2.053199,1.461008,-1.930461,free_exp
10:39:09.345,2,-2.832638,1.383193,-1.807907,free_exp
10:39:09.345,1,-2.051627,1.463992,-1.928437,free_exp
10:39:09.445,2,-2.832876,1.383567,-1.808078,free_exp
10:39:09.445,1,-2.050502,1.460666,-1.926658,free_exp
10:39:09.528,2,-2.832856,1.383388,-1.808887,free_exp
10:39:09.528,1,-2.049573,1.462013,-1.925647,free_exp
10:39:09.612,2,-2.833137,1.383079,-1.809462,free_exp
10:39:09.613,1,-2.048734,1.450324,-1.924291,free_exp
10:39:09.712,2,-2.833073,1.383564,-1.80977,free_exp
10:39:09.713,1,-2.047899,1.457714,-1.923414,free_exp
10:39:09.811,2,-2.832966,1.383791,-1.809953,free_exp
10:39:09.812,1,-2.047349,1.464502,-1.922116,free_exp
10:39:09.912,2,-2.833606,1.383864,-1.810573,free_exp
10:39:09.913,1,-2.047228,1.456326,-1.921929,free_exp
10:39:10.012,2,-2.833681,1.383423,-1.81065,free_exp
10:39:10.012,1,-2.046089,1.449375,-1.920433,free_exp
10:39:10.112,2,-2.833671,1.383917,-1.810646,free_exp
10:39:10.112,1,-2.045368,1.457666,-1.919372,free_exp
10:39:10.212,2,-2.8337,1.383544,-1.810734,free_exp
10:39:10.213,1,-2.045293,1.472496,-1.919361,free_exp
10:39:10.312,2,-2.834066,1.382983,-1.81097,free_exp
10:39:10.313,1,-2.044872,1.457009,-1.918875,free_exp
10:39:10.429,2,-2.83476,1.383026,-1.81149,free_exp
10:39:10.429,1,-2.044695,1.456864,-1.918243,free_exp
10:39:10.528,2,-2.835064,1.382601,-1.812116,free_exp
10:39:10.528,1,-2.044586,1.454747,-1.918204,free_exp
10:39:10.628,2,-2.835581,1.382762,-1.812365,free_exp
10:39:10.629,1,-2.044679,1.472045,-1.918256,free_exp
10:39:10.728,2,-2.835709,1.382417,-1.812345,free_exp
10:39:10.728,1,-2.045005,1.474509,-1.917805,free_exp
10:39:10.828,2,-2.835718,1.381462,-1.812391,free_exp
10:39:10.828,1,-2.045146,1.47323,-1.917737,free_exp
10:39:10.929,2,-2.835945,1.381638,-1.813293,free_exp
10:39:10.929,1,-2.04551,1.472241,-1.918079,free_exp
10:39:11.028,2,-2.836041,1.381713,-1.813417,free_exp
10:39:11.029,1,-2.045773,1.458308,-1.918122,free_exp
10:39:11.128,2,-2.836371,1.381975,-1.813749,free_exp
10:39:11.128,1,-2.045811,1.474385,-1.918354,free_exp
10:39:11.228,2,-2.835871,1.382261,-1.812953,free_exp
10:39:11.228,1,-2.045895,1.48024,-1.918479,free_exp
10:39:11.329,2,-2.83541,1.384068,-1.812737,free_exp
10:39:11.329,1,-2.045961,1.452348,-1.918395,free_exp
10:39:11.428,2,-2.834692,1.389811,-1.812273,free_exp
10:39:11.428,1,-2.046264,1.469005,-1.91804,free_exp
10:39:11.528,2,-2.833919,1.394567,-1.811909,free_exp
10:39:11.528,1,-2.046482,1.472351,-1.918268,free_exp
10:39:11.629,2,-2.832847,1.400603,-1.812187,free_exp
10:39:11.629,1,-2.046639,1.477163,-1.918419,free_exp
10:39:11.728,2,-2.832148,1.411989,-1.812329,free_exp
10:39:11.728,1,-2.046777,1.460855,-1.918243,free_exp
10:39:11.829,2,-2.830929,1.416132,-1.812416,free_exp
10:39:11.829,1,-2.046808,1.469442,-1.918292,free_exp
10:39:11.928,2,-2.829659,1.416249,-1.81301,free_exp
10:39:11.928,1,-2.046708,1.466193,-1.918604,free_exp
10:39:12.029,2,-2.828802,1.414596,-1.813066,free_exp
10:39:12.029,1,-2.046518,1.44969,-1.918735,free_exp
10:39:12.128,2,-2.828451,1.408399,-1.812827,free_exp
10:39:12.128,1,-2.046333,1.453785,-1.918804,free_exp
10:39:12.229,2,-2.826595,1.404676,-1.814901,free_exp
10:39:12.229,1,-2.04643,1.461556,-1.918892,free_exp
10:39:12.345,2,-2.826167,1.408761,-1.815406,free_exp
10:39:12.345,1,-2.046293,1.444711,-1.918637,free_exp
10:39:12.445,2,-2.825889,1.411783,-1.815616,free_exp
10:39:12.445,1,-2.046159,1.452398,-1.918275,free_exp
10:39:12.545,2,-2.825327,1.417564,-1.816226,free_exp
10:39:12.546,1,-2.046248,1.460629,-1.91895,free_exp
10:39:12.645,2,-2.825355,1.41802,-1.81608,free_exp
10:39:12.645,1,-2.045798,1.447599,-1.918073,free_exp
10:39:12.728,2,-2.825385,1.412966,-1.815943,free_exp
10:39:12.728,1,-2.045962,1.452753,-1.917119,free_exp
10:39:12.829,2,-2.825331,1.413041,-1.816285,free_exp
10:39:12.830,1,-2.045961,1.471583,-1.91646,free_exp
10:39:12.945,2,-2.825359,1.413153,-1.817669,free_exp
10:39:12.945,1,-2.045854,1.477196,-1.916006,free_exp
10:39:13.045,2,-2.825236,1.391321,-1.817351,free_exp
10:39:13.045,1,-2.045894,1.479948,-1.915517,free_exp
10:39:13.146,2,-2.82498,1.391764,-1.817382,free_exp
10:39:13.146,1,-2.045859,1.472149,-1.914718,free_exp
10:39:13.262,2,-2.824883,1.401883,-1.816906,free_exp
10:39:13.263,1,-2.045877,1.476306,-1.914138,free_exp
10:39:13.378,2,-2.824907,1.407674,-1.817163,free_exp
10:39:13.379,1,-2.04596,1.46656,-1.91337,free_exp
10:39:13.496,2,-2.824455,1.409438,-1.816724,free_exp
10:39:13.496,1,-2.045686,1.463105,-1.912665,free_exp
10:39:13.612,2,-2.82454,1.407474,-1.815938,free_exp
10:39:13.613,1,-2.045254,1.46164,-1.912138,free_exp
10:39:13.729,2,-2.824825,1.407524,-1.815578,free_exp
10:39:13.729,1,-2.045347,1.466134,-1.911415,free_exp
10:39:13.845,2,-2.824811,1.408139,-1.816729,free_exp
10:39:13.845,1,-2.04564,1.465449,-1.910986,free_exp
10:39:13.945,2,-2.824948,1.405468,-1.817113,free_exp
10:39:13.945,1,-2.045623,1.463698,-1.911032,free_exp
10:39:14.045,2,-2.825418,1.403958,-1.816999,free_exp
10:39:14.045,1,-2.045807,1.460703,-1.910342,free_exp
10:39:14.145,2,-2.826198,1.416435,-1.817921,free_exp
10:39:14.145,1,-2.046003,1.464629,-1.909643,free_exp
10:39:14.245,2,-2.82673,1.414471,-1.818027,free_exp
10:39:14.245,1,-2.045652,1.468599,-1.90891,free_exp
10:39:14.346,2,-2.827751,1.414986,-1.819422,free_exp
10:39:14.346,1,-2.04566,1.470891,-1.909089,free_exp
10:39:14.462,2,-2.829364,1.418167,-1.819812,free_exp
10:39:14.463,1,-2.04556,1.476755,-1.90906,free_exp
10:39:14.579,2,-2.830786,1.422093,-1.820557,free_exp
10:39:14.579,1,-2.045441,1.489882,-1.907632,free_exp
10:39:14.678,2,-2.832103,1.422554,-1.82219,free_exp
10:39:14.678,1,-2.045496,1.495855,-1.907196,free_exp
10:39:14.779,2,-2.832284,1.422045,-1.82161,free_exp
10:39:14.779,1,-2.045316,1.497288,-1.906148,free_exp
10:39:14.878,2,-2.832724,1.422893,-1.821426,free_exp
10:39:14.878,1,-2.045732,1.495334,-1.906294,free_exp
10:39:14.979,2,-2.832852,1.422924,-1.820623,free_exp
10:39:14.980,1,-2.04557,1.499338,-1.906039,free_exp
10:39:15.096,2,-2.833354,1.421792,-1.820139,free_exp
10:39:15.096,1,-2.045148,1.497623,-1.905355,free_exp
10:39:15.195,2,-2.833763,1.421271,-1.820253,free_exp
10:39:15.195,1,-2.045105,1.494516,-1.904852,free_exp
10:39:15.295,2,-2.834078,1.421381,-1.8196,free_exp
10:39:15.295,1,-2.045176,1.495305,-1.904622,free_exp
10:39:15.395,2,-2.83438,1.419565,-1.818771,free_exp
10:39:15.396,1,-2.044997,1.498191,-1.904221,free_exp
10:39:15.512,2,-2.835021,1.420566,-1.819495,free_exp
10:39:15.513,1,-2.045359,1.502506,-1.903152,free_exp
10:39:15.629,2,-2.835193,1.421311,-1.819397,free_exp
10:39:15.630,1,-2.044994,1.504699,-1.903464,free_exp
10:39:15.728,2,-2.834821,1.421843,-1.819292,free_exp
10:39:15.728,1,-2.04522,1.506914,-1.902739,free_exp
10:39:15.829,2,-2.834662,1.422044,-1.819161,free_exp
10:39:15.829,1,-2.044996,1.509769,-1.902384,free_exp
10:39:15.945,2,-2.834283,1.422161,-1.8196,free_exp
10:39:15.945,1,-2.044971,1.516586,-1.902235,free_exp
10:39:16.046,2,-2.834074,1.422428,-1.820013,free_exp
10:39:16.046,1,-2.045263,1.518068,-1.901657,free_exp
10:39:16.145,2,-2.833873,1.422522,-1.819488,free_exp
10:39:16.145,1,-2.04502,1.518255,-1.901201,free_exp
10:39:16.228,2,-2.833585,1.422586,-1.819147,free_exp
10:39:16.228,1,-2.045062,1.522173,-1.900832,free_exp
10:39:16.328,2,-2.833172,1.422378,-1.819374,free_exp
10:39:16.329,1,-2.045182,1.521369,-1.900418,free_exp
10:39:16.429,2,-2.832773,1.422073,-1.819284,free_exp
10:39:16.429,1,-2.044895,1.519018,-1.899487,free_exp
10:39:16.528,2,-2.832596,1.421911,-1.819673,free_exp
10:39:16.528,1,-2.044453,1.521533,-1.899188,free_exp
10:39:16.629,2,-2.832505,1.422069,-1.819641,free_exp
10:39:16.630,1,-2.044396,1.525282,-1.899242,free_exp
10:39:16.729,2,-2.833231,1.421894,-1.821119,free_exp
10:39:16.729,1,-2.044362,1.526868,-1.898566,free_exp
10:39:16.828,2,-2.833411,1.421955,-1.821472,free_exp
10:39:16.828,1,-2.044121,1.530261,-1.89846,free_exp
10:39:16.929,2,-2.833624,1.421904,-1.821414,free_exp
10:39:16.929,1,-2.043883,1.52954,-1.89738,free_exp
10:39:17.028,2,-2.833782,1.422081,-1.822441,free_exp
10:39:17.029,1,-2.043477,1.527581,-1.897151,free_exp
10:39:17.129,2,-2.834536,1.422263,-1.823337,free_exp
10:39:17.129,1,-2.042699,1.5264,-1.896709,free_exp
10:39:17.228,2,-2.835207,1.421792,-1.827705,free_exp
10:39:17.228,1,-2.042493,1.526331,-1.897064,free_exp
10:39:17.329,2,-2.835441,1.42169,-1.82924,free_exp
10:39:17.329,1,-2.041862,1.527452,-1.896686,free_exp
10:39:17.428,2,-2.835513,1.422041,-1.829437,free_exp
10:39:17.428,1,-2.042132,1.529764,-1.896533,free_exp
10:39:17.528,2,-2.83609,1.421935,-1.830389,free_exp
10:39:17.529,1,-2.04203,1.529073,-1.896272,free_exp
10:39:17.629,2,-2.835898,1.422232,-1.829612,free_exp
10:39:17.629,1,-2.041691,1.531652,-1.896335,free_exp
10:39:17.728,2,-2.835695,1.422302,-1.828507,free_exp
10:39:17.728,1,-2.041667,1.537911,-1.896338,free_exp
10:39:17.829,2,-2.835773,1.422376,-1.828381,free_exp
10:39:17.829,1,-2.041378,1.53952,-1.896479,free_exp
10:39:17.929,2,-2.835366,1.422501,-1.828005,free_exp
10:39:17.929,1,-2.04117,1.538098,-1.896515,free_exp
10:39:18.028,2,-2.836433,1.422396,-1.829434,free_exp
10:39:18.028,1,-2.040901,1.524512,-1.897599,free_exp
10:39:18.128,2,-2.836107,1.422601,-1.828618,free_exp
10:39:18.128,1,-2.040996,1.522454,-1.898441,free_exp
10:39:18.229,2,-2.836767,1.422929,-1.829224,free_exp
10:39:18.229,1,-2.040499,1.526985,-1.898909,free_exp
10:39:18.328,2,-2.836554,1.423299,-1.829172,free_exp
10:39:18.328,1,-2.04034,1.527958,-1.899859,free_exp
10:39:18.429,2,-2.836748,1.42323,-1.829248,free_exp
10:39:18.429,1,-2.040344,1.528407,-1.90032,free_exp
10:39:18.528,2,-2.836777,1.422857,-1.829015,free_exp
10:39:18.529,1,-2.039956,1.521679,-1.900801,free_exp
10:39:18.629,2,-2.835313,1.422837,-1.825797,free_exp
10:39:18.629,1,-2.039499,1.520118,-1.90116,free_exp
10:39:18.728,2,-2.835494,1.422829,-1.825436,free_exp
10:39:18.728,1,-2.039214,1.514465,-1.901616,free_exp
10:39:18.829,2,-2.835222,1.422489,-1.824185,free_exp
10:39:18.829,1,-2.037462,1.486569,-1.903818,free_exp
10:39:18.945,2,-2.834506,1.422591,-1.823174,free_exp
10:39:18.945,1,-2.037331,1.481531,-1.9044,free_exp
10:39:19.045,2,-2.834494,1.422937,-1.822326,free_exp
10:39:19.045,1,-2.036253,1.476703,-1.905618,free_exp
10:39:19.145,2,-2.835373,1.422853,-1.822333,free_exp
10:39:19.145,1,-2.036301,1.481302,-1.90566,free_exp
10:39:19.245,2,-2.835745,1.422988,-1.822546,free_exp
10:39:19.245,1,-2.036218,1.483598,-1.905974,free_exp
10:39:19.346,2,-2.834489,1.422903,-1.820577,free_exp
10:39:19.346,1,-2.036358,1.483157,-1.906364,free_exp
10:39:19.462,2,-2.834681,1.423113,-1.820052,free_exp
10:39:19.462,1,-2.035874,1.48227,-1.907087,free_exp
10:39:19.562,2,-2.834503,1.423052,-1.819505,free_exp
10:39:19.562,1,-2.035964,1.483076,-1.907773,free_exp
10:39:19.662,2,-2.834351,1.423077,-1.819432,free_exp
10:39:19.662,1,-2.036124,1.484136,-1.908091,free_exp
10:39:19.762,2,-2.83397,1.422824,-1.818944,free_exp
10:39:19.762,1,-2.036118,1.485823,-1.908036,free_exp
10:39:19.862,2,-2.833971,1.422732,-1.818349,free_exp
10:39:19.862,1,-2.036899,1.486227,-1.907525,free_exp
10:39:19.962,2,-2.833875,1.421923,-1.817616,free_exp
10:39:19.962,1,-2.037522,1.486468,-1.906987,free_exp
10:39:20.062,2,-2.834409,1.421599,-1.818499,free_exp
10:39:20.062,1,-2.038665,1.486816,-1.906368,free_exp
10:39:20.162,2,-2.834609,1.421711,-1.818309,free_exp
10:39:20.162,1,-2.038851,1.487355,-1.906017,free_exp
10:39:20.262,2,-2.834265,1.421823,-1.817512,free_exp
10:39:20.262,1,-2.039129,1.486925,-1.905404,free_exp
10:39:20.362,2,-2.834313,1.421551,-1.817463,free_exp
10:39:20.362,1,-2.039493,1.48722,-1.904563,free_exp
10:39:20.462,2,-2.835103,1.421303,-1.818641,free_exp
10:39:20.462,1,-2.039591,1.487324,-1.903962,free_exp
10:39:20.562,2,-2.835114,1.42146,-1.819044,free_exp
10:39:20.562,1,-2.040102,1.487319,-1.901487,free_exp
10:39:20.662,2,-2.834968,1.421069,-1.819018,free_exp
10:39:20.662,1,-2.040303,1.488196,-1.900523,free_exp
10:39:20.762,2,-2.835354,1.420295,-1.819923,free_exp
10:39:20.763,1,-2.040164,1.488727,-1.897263,free_exp
10:39:20.862,2,-2.835078,1.420664,-1.81894,free_exp
10:39:20.862,1,-2.040104,1.489098,-1.894396,free_exp
10:39:20.945,2,-2.83532,1.420985,-1.819199,free_exp
10:39:20.945,1,-2.040109,1.489491,-1.892419,free_exp
10:39:21.028,2,-2.835349,1.420772,-1.819745,free_exp
10:39:21.028,1,-2.040629,1.489483,-1.890845,free_exp
10:39:21.129,2,-2.835468,1.421727,-1.81961,free_exp
10:39:21.129,1,-2.040894,1.489506,-1.887893,free_exp
10:39:21.229,2,-2.835122,1.421836,-1.819258,free_exp
10:39:21.229,1,-2.043461,1.488727,-1.884112,free_exp
10:39:21.328,2,-2.835063,1.421941,-1.818948,free_exp
10:39:21.329,1,-2.043953,1.487613,-1.881969,free_exp
10:39:21.428,2,-2.834819,1.421196,-1.818375,free_exp
10:39:21.429,1,-2.044205,1.4878,-1.880725,free_exp
10:39:21.528,2,-2.834636,1.421132,-1.817842,free_exp
10:39:21.529,1,-2.043796,1.488498,-1.879636,free_exp
10:39:21.629,2,-2.834922,1.420946,-1.81826,free_exp
10:39:21.629,1,-2.043891,1.488397,-1.879113,free_exp
10:39:21.728,2,-2.834547,1.421174,-1.817647,free_exp
10:39:21.728,1,-2.043585,1.490353,-1.878661,free_exp
10:39:21.829,2,-2.834593,1.421697,-1.817736,free_exp
10:39:21.830,1,-2.043338,1.489943,-1.879101,free_exp
10:39:21.928,2,-2.834509,1.422008,-1.818305,free_exp
10:39:21.928,1,-2.043181,1.490227,-1.880931,free_exp
10:39:22.029,2,-2.834281,1.422051,-1.818002,free_exp
10:39:22.029,1,-2.042196,1.490102,-1.881386,free_exp
10:39:22.129,2,-2.834504,1.42212,-1.817972,free_exp
10:39:22.129,1,-2.036771,1.489552,-1.886221,free_exp
10:39:22.229,2,-2.833837,1.42232,-1.81726,free_exp
10:39:22.229,1,-2.034002,1.489139,-1.887765,free_exp
10:39:22.328,2,-2.833506,1.422894,-1.816924,free_exp
10:39:22.328,1,-2.029571,1.489228,-1.888245,free_exp
10:39:22.429,2,-2.833114,1.422955,-1.816514,free_exp
10:39:22.430,1,-2.028924,1.491136,-1.889709,free_exp
10:39:22.545,2,-2.83315,1.423175,-1.816552,free_exp
10:39:22.546,1,-2.028897,1.491344,-1.890639,free_exp
10:39:22.645,2,-2.833023,1.423013,-1.816289,free_exp
10:39:22.645,1,-2.029434,1.4911,-1.890575,free_exp
10:39:22.745,2,-2.832767,1.422414,-1.816606,free_exp
10:39:22.745,1,-2.031432,1.492225,-1.89209,free_exp
10:39:22.845,2,-2.832712,1.422432,-1.816208,free_exp
10:39:22.845,1,-2.032892,1.492094,-1.892878,free_exp
10:39:22.945,2,-2.83284,1.422113,-1.816954,free_exp
10:39:22.946,1,-2.033223,1.491634,-1.892857,free_exp
10:39:23.045,2,-2.832674,1.422217,-1.816197,free_exp
10:39:23.045,1,-2.033678,1.489942,-1.892951,free_exp
10:39:23.146,2,-2.832696,1.421937,-1.816226,free_exp
10:39:23.146,1,-2.034734,1.48958,-1.892623,free_exp
10:39:23.245,2,-2.832533,1.421809,-1.81612,free_exp
10:39:23.245,1,-2.036226,1.490187,-1.892649,free_exp
10:39:23.346,2,-2.832598,1.421417,-1.816297,free_exp
10:39:23.346,1,-2.036447,1.48979,-1.892645,free_exp
10:39:23.462,2,-2.832549,1.421335,-1.816647,free_exp
10:39:23.463,1,-2.036451,1.490212,-1.8923,free_exp
10:39:23.579,2,-2.832826,1.421528,-1.817855,free_exp
10:39:23.579,1,-2.035434,1.491143,-1.892162,free_exp
10:39:23.678,2,-2.832733,1.421947,-1.817496,free_exp
10:39:23.679,1,-2.034425,1.490642,-1.891444,free_exp
10:39:23.779,2,-2.832733,1.421644,-1.817171,free_exp
10:39:23.779,1,-2.033917,1.489868,-1.891119,free_exp
10:39:23.878,2,-2.832921,1.421336,-1.817369,free_exp
10:39:23.878,1,-2.033444,1.490779,-1.890741,free_exp
10:39:23.961,2,-2.832878,1.421459,-1.817112,free_exp
10:39:23.962,1,-2.033413,1.49112,-1.890566,free_exp
10:39:24.063,2,-2.832823,1.421118,-1.817173,free_exp
10:39:24.063,1,-2.03319,1.489336,-1.889936,free_exp
10:39:24.179,2,-2.832638,1.421126,-1.816977,free_exp
10:39:24.180,1,-2.033427,1.490603,-1.889795,free_exp
10:39:24.278,2,-2.83246,1.420981,-1.816199,free_exp
10:39:24.278,1,-2.033828,1.48958,-1.888484,free_exp
10:39:24.379,2,-2.832475,1.421411,-1.816278,free_exp
10:39:24.379,1,-2.034369,1.489916,-1.888889,free_exp
10:39:24.478,2,-2.832519,1.421395,-1.815043,free_exp
10:39:24.478,1,-2.034831,1.489439,-1.888076,free_exp
10:39:24.579,2,-2.832887,1.421681,-1.815395,free_exp
10:39:24.579,1,-2.035181,1.489709,-1.887292,free_exp
10:39:24.697,2,-2.83266,1.421507,-1.815186,free_exp
10:39:24.697,1,-2.036269,1.489338,-1.886451,free_exp
10:39:24.812,2,-2.832548,1.421022,-1.814861,free_exp
10:39:24.812,1,-2.036907,1.488972,-1.884699,free_exp
10:39:24.912,2,-2.832837,1.42093,-1.815288,free_exp
10:39:24.912,1,-2.037127,1.48901,-1.884533,free_exp
10:39:25.013,2,-2.832671,1.420971,-1.815171,free_exp
10:39:25.013,1,-2.037367,1.488889,-1.884381,free_exp
10:39:25.112,2,-2.832951,1.420336,-1.815319,free_exp
10:39:25.112,1,-2.036858,1.488675,-1.884014,free_exp
10:39:25.195,2,-2.832962,1.420473,-1.815154,free_exp
10:39:25.195,1,-2.036473,1.488536,-1.883054,free_exp
10:39:25.295,2,-2.8329,1.420767,-1.81487,free_exp
10:39:25.296,1,-2.036299,1.488146,-1.882886,free_exp
10:39:25.396,2,-2.832863,1.420122,-1.814999,free_exp
10:39:25.396,1,-2.035769,1.487921,-1.882623,free_exp
10:39:25.513,2,-2.833013,1.420332,-1.814388,free_exp
10:39:25.513,1,-2.034747,1.487409,-1.882494,free_exp
10:39:25.612,2,-2.832824,1.420156,-1.814423,free_exp
10:39:25.612,1,-2.034578,1.487272,-1.882814,free_exp
10:39:25.712,2,-2.832833,1.419873,-1.814444,free_exp
10:39:25.712,1,-2.034809,1.487433,-1.883225,free_exp
10:39:25.813,2,-2.833051,1.419898,-1.814696,free_exp
10:39:25.813,1,-2.034587,1.487826,-1.884632,free_exp
10:39:25.913,2,-2.833258,1.420126,-1.814349,free_exp
10:39:25.913,1,-2.033678,1.487399,-1.885143,free_exp
10:39:26.012,2,-2.833143,1.419586,-1.813814,free_exp
10:39:26.012,1,-2.033144,1.487915,-1.886083,free_exp
10:39:26.095,2,-2.833331,1.418702,-1.813538,free_exp
10:39:26.095,1,-2.033179,1.488038,-1.886339,free_exp
10:39:26.196,2,-2.833346,1.418639,-1.812794,free_exp
10:39:26.196,1,-2.032506,1.487489,-1.886433,free_exp
10:39:26.295,2,-2.833494,1.41887,-1.812773,free_exp
10:39:26.295,1,-2.032093,1.487768,-1.886424,free_exp
10:39:26.395,2,-2.834102,1.419085,-1.812505,free_exp
10:39:26.396,1,-2.031748,1.487637,-1.886571,free_exp
10:39:26.495,2,-2.834161,1.419241,-1.812567,free_exp
10:39:26.496,1,-2.031884,1.488244,-1.886657,free_exp
10:39:26.596,2,-2.834665,1.418778,-1.812823,free_exp
10:39:26.596,1,-2.030883,1.48824,-1.887788,free_exp
10:39:26.695,2,-2.8347,1.41883,-1.812772,free_exp
10:39:26.695,1,-2.030859,1.48804,-1.887736,free_exp
10:39:26.796,2,-2.834555,1.418757,-1.812562,free_exp
10:39:26.796,1,-2.030826,1.487256,-1.88825,free_exp
10:39:26.896,2,-2.834388,1.418521,-1.812018,free_exp
10:39:26.896,1,-2.030089,1.487023,-1.888178,free_exp
10:39:26.995,2,-2.834359,1.418457,-1.811802,free_exp
10:39:26.995,1,-2.029124,1.486252,-1.889447,free_exp
10:39:27.096,2,-2.834241,1.418642,-1.811504,free_exp
10:39:27.096,1,-2.029708,1.486089,-1.890221,free_exp
10:39:27.195,2,-2.834636,1.418082,-1.811427,free_exp
10:39:27.196,1,-2.029134,1.484638,-1.890117,free_exp
10:39:27.295,2,-2.835172,1.418268,-1.812405,free_exp
10:39:27.295,1,-2.029682,1.48301,-1.890451,free_exp
10:39:27.396,2,-2.835507,1.41818,-1.812531,free_exp
10:39:27.396,1,-2.029981,1.482698,-1.890419,free_exp
10:39:27.513,2,-2.835564,1.417942,-1.812198,free_exp
10:39:27.513,1,-2.029317,1.483454,-1.891309,free_exp
10:39:27.612,2,-2.835302,1.417706,-1.812141,free_exp
10:39:27.612,1,-2.027789,1.483827,-1.891433,free_exp
10:39:27.713,2,-2.835652,1.417575,-1.812023,free_exp
10:39:27.713,1,-2.02803,1.483997,-1.89001,free_exp
10:39:27.812,2,-2.836012,1.417565,-1.812477,free_exp
10:39:27.812,1,-2.02827,1.484229,-1.889942,free_exp
10:39:27.913,2,-2.835932,1.417305,-1.812731,free_exp
10:39:27.913,1,-2.028023,1.48455,-1.889634,free_exp
10:39:28.012,2,-2.835983,1.417363,-1.812904,free_exp
10:39:28.012,1,-2.029151,1.484718,-1.889304,free_exp
10:39:28.112,2,-2.836058,1.417118,-1.813128,free_exp
10:39:28.112,1,-2.02909,1.485189,-1.888426,free_exp
10:39:28.213,2,-2.83594,1.416468,-1.81292,free_exp
10:39:28.213,1,-2.030083,1.485156,-1.888373,free_exp
10:39:28.312,2,-2.836137,1.416686,-1.813453,free_exp
10:39:28.313,1,-2.030319,1.485385,-1.888237,free_exp
10:39:28.412,2,-2.83622,1.417007,-1.814051,free_exp
10:39:28.412,1,-2.029281,1.485798,-1.887107,free_exp
10:39:28.513,2,-2.836538,1.416677,-1.81418,free_exp
10:39:28.513,1,-2.02893,1.485981,-1.885992,free_exp
10:39:28.612,2,-2.83613,1.416518,-1.815401,free_exp
10:39:28.612,1,-2.028524,1.485851,-1.885676,free_exp
10:39:28.712,2,-2.836293,1.416624,-1.815758,free_exp
10:39:28.712,1,-2.027458,1.485786,-1.884126,free_exp
10:39:28.813,2,-2.836708,1.416581,-1.815838,free_exp
10:39:28.813,1,-2.027514,1.485837,-1.882789,free_exp
10:39:28.912,2,-2.836605,1.41648,-1.81572,free_exp
10:39:28.913,1,-2.02767,1.485815,-1.881773,free_exp
10:39:29.012,2,-2.835769,1.416704,-1.814943,free_exp
10:39:29.012,1,-2.02831,1.486061,-1.882129,free_exp
10:39:29.113,2,-2.834998,1.416423,-1.814068,free_exp
10:39:29.113,1,-2.028838,1.486299,-1.882171,free_exp
10:39:29.212,2,-2.834857,1.416436,-1.813308,free_exp
10:39:29.212,1,-2.028501,1.486416,-1.88172,free_exp
10:39:29.312,2,-2.834412,1.41592,-1.812836,free_exp
10:39:29.312,1,-2.029513,1.486697,-1.882315,free_exp
10:39:29.412,2,-2.834339,1.415979,-1.812243,free_exp
10:39:29.413,1,-2.028822,1.487523,-1.880379,free_exp
10:39:29.512,2,-2.834038,1.415494,-1.811307,free_exp
10:39:29.512,1,-2.029333,1.487224,-1.87918,free_exp
10:39:29.595,2,-2.835339,1.415627,-1.812001,free_exp
10:39:29.595,1,-2.029106,1.486252,-1.879132,free_exp
10:39:29.697,2,-2.834922,1.415854,-1.811468,free_exp
10:39:29.697,1,-2.029589,1.485937,-1.878838,free_exp
10:39:29.795,2,-2.834632,1.415856,-1.811194,free_exp
10:39:29.795,1,-2.030915,1.486237,-1.879158,free_exp
10:39:29.896,2,-2.834376,1.416011,-1.811393,free_exp
10:39:29.896,1,-2.031119,1.486283,-1.879028,free_exp
10:39:29.995,2,-2.834359,1.415939,-1.811496,free_exp
10:39:29.995,1,-2.031619,1.486298,-1.878314,free_exp
10:39:30.096,2,-2.834197,1.415904,-1.811665,free_exp
10:39:30.096,1,-2.031862,1.486364,-1.878375,free_exp
10:39:30.195,2,-2.83435,1.416079,-1.812074,free_exp
10:39:30.196,1,-2.033399,1.486367,-1.877796,free_exp
10:39:30.295,2,-2.83401,1.415682,-1.811936,free_exp
10:39:30.295,1,-2.033821,1.48648,-1.876101,free_exp
10:39:30.396,2,-2.834087,1.415362,-1.812094,free_exp
10:39:30.396,1,-2.033996,1.486938,-1.874717,free_exp
10:39:30.495,2,-2.834193,1.415564,-1.812472,free_exp
10:39:30.496,1,-2.034413,1.486913,-1.873499,free_exp
10:39:30.595,2,-2.833713,1.416297,-1.813355,free_exp
10:39:30.595,1,-2.03458,1.487354,-1.872655,free_exp
10:39:30.696,2,-2.833768,1.416152,-1.813868,free_exp
10:39:30.696,1,-2.035126,1.48717,-1.871844,free_exp
10:39:30.796,2,-2.833928,1.416038,-1.814214,free_exp
10:39:30.796,1,-2.034863,1.487393,-1.869502,free_exp
10:39:30.895,2,-2.834439,1.416621,-1.814656,free_exp
10:39:30.895,1,-2.034776,1.487288,-1.867426,free_exp
10:39:30.996,2,-2.834691,1.416843,-1.815099,free_exp
10:39:30.996,1,-2.034917,1.487709,-1.866384,free_exp
10:39:31.096,2,-2.834565,1.417263,-1.815322,free_exp
10:39:31.096,1,-2.034626,1.488099,-1.865894,free_exp
10:39:31.195,2,-2.834169,1.417674,-1.815554,free_exp
10:39:31.195,1,-2.034168,1.488261,-1.86499,free_exp
10:39:31.296,2,-2.833729,1.416674,-1.815356,free_exp
10:39:31.296,1,-2.034063,1.488203,-1.863968,free_exp
10:39:31.396,2,-2.833358,1.416638,-1.815425,free_exp
10:39:31.397,1,-2.034124,1.488352,-1.863937,free_exp
10:39:31.495,2,-2.833059,1.417144,-1.815303,free_exp
10:39:31.495,1,-2.033676,1.48853,-1.865598,free_exp
10:39:31.596,2,-2.833275,1.417323,-1.815755,free_exp
10:39:31.596,1,-2.033715,1.488683,-1.865638,free_exp
10:39:31.695,2,-2.833037,1.417363,-1.815152,free_exp
10:39:31.696,1,-2.033401,1.488549,-1.867077,free_exp
10:39:31.795,2,-2.832769,1.417184,-1.815035,free_exp
10:39:31.795,1,-2.033419,1.488601,-1.869595,free_exp
10:39:31.895,2,-2.832753,1.416841,-1.815052,free_exp
10:39:31.896,1,-2.033171,1.488524,-1.870939,free_exp
10:39:31.996,2,-2.832953,1.417258,-1.815069,free_exp
10:39:31.996,1,-2.03251,1.488502,-1.870967,free_exp
10:39:32.113,2,-2.833051,1.416999,-1.81508,free_exp
10:39:32.113,1,-2.031668,1.488394,-1.871092,free_exp
10:39:32.212,2,-2.833213,1.416501,-1.814952,free_exp
10:39:32.212,1,-2.031075,1.488584,-1.873836,free_exp
10:39:32.312,2,-2.833452,1.417081,-1.815318,free_exp
10:39:32.312,1,-2.02924,1.488617,-1.873781,free_exp
10:39:32.412,2,-2.834121,1.417068,-1.816017,free_exp
10:39:32.413,1,-2.027924,1.488669,-1.873265,free_exp
10:39:32.512,2,-2.833982,1.416806,-1.81629,free_exp
10:39:32.513,1,-2.027799,1.48849,-1.87314,free_exp
10:39:32.612,2,-2.83371,1.41682,-1.816008,free_exp
10:39:32.612,1,-2.026808,1.489028,-1.873099,free_exp
10:39:32.713,2,-2.833726,1.41718,-1.816016,free_exp
10:39:32.713,1,-2.026084,1.488877,-1.873374,free_exp
10:39:32.812,2,-2.833711,1.417174,-1.816992,free_exp
10:39:32.812,1,-2.024815,1.489611,-1.87505,free_exp
10:39:32.913,2,-2.833907,1.416908,-1.81714,free_exp
10:39:32.913,1,-2.023208,1.489351,-1.875012,free_exp
10:39:33.012,2,-2.833924,1.416657,-1.817635,free_exp
10:39:33.013,1,-2.021103,1.489272,-1.875948,free_exp
10:39:33.113,2,-2.833916,1.416775,-1.817588,free_exp
10:39:33.113,1,-2.020162,1.488618,-1.875939,free_exp
10:39:33.212,2,-2.834436,1.416659,-1.818556,free_exp
10:39:33.212,1,-2.019686,1.490454,-1.877141,free_exp
10:39:33.313,2,-2.834642,1.416751,-1.819139,free_exp
10:39:33.313,1,-2.019073,1.488379,-1.87728,free_exp
10:39:33.413,2,-2.834669,1.416726,-1.818854,free_exp
10:39:33.413,1,-2.017406,1.48905,-1.877686,free_exp
10:39:33.529,2,-2.834376,1.416703,-1.818624,free_exp
10:39:33.530,1,-2.017,1.487909,-1.877753,free_exp
10:39:33.628,2,-2.834441,1.416209,-1.818295,free_exp
10:39:33.629,1,-2.015627,1.489528,-1.878166,free_exp
10:39:33.712,2,-2.834579,1.415877,-1.81822,free_exp
10:39:33.712,1,-2.01545,1.491751,-1.878624,free_exp
10:39:33.795,2,-2.834551,1.415582,-1.817847,free_exp
10:39:33.795,1,-2.01401,1.496853,-1.879117,free_exp
10:39:33.878,2,-2.835017,1.416227,-1.818074,free_exp
10:39:33.879,1,-2.014155,1.497201,-1.881944,free_exp
10:39:33.979,2,-2.835313,1.416915,-1.818036,free_exp
10:39:33.980,1,-2.013464,1.498104,-1.881043,free_exp
10:39:34.078,2,-2.835116,1.416397,-1.81745,free_exp
10:39:34.079,1,-2.011646,1.497879,-1.882275,free_exp
10:39:34.179,2,-2.835711,1.416927,-1.816844,free_exp
10:39:34.180,1,-2.011661,1.495017,-1.883187,free_exp
10:39:34.278,2,-2.83565,1.416863,-1.816852,free_exp
10:39:34.279,1,-2.01221,1.494922,-1.884174,free_exp
10:39:34.362,2,-2.836022,1.417356,-1.816685,free_exp
10:39:34.362,1,-2.012294,1.495499,-1.883956,free_exp
10:39:34.445,2,-2.835763,1.417496,-1.816669,free_exp
10:39:34.445,1,-2.012308,1.495613,-1.883924,free_exp
10:39:34.529,2,-2.835514,1.417429,-1.816755,free_exp
10:39:34.529,1,-2.0129,1.496177,-1.885668,free_exp
10:39:34.612,2,-2.835589,1.417178,-1.817015,free_exp
10:39:34.612,1,-2.01318,1.496407,-1.885485,free_exp
10:39:34.696,2,-2.835137,1.41736,-1.816729,free_exp
10:39:34.696,1,-2.013219,1.494983,-1.885341,free_exp
10:39:34.796,2,-2.835048,1.417276,-1.816979,free_exp
10:39:34.796,1,-2.013659,1.494726,-1.885778,free_exp
10:39:34.896,2,-2.834945,1.417097,-1.81698,free_exp
10:39:34.896,1,-2.013825,1.495442,-1.885789,free_exp
10:39:34.995,2,-2.834666,1.416825,-1.8173,free_exp
10:39:34.996,1,-2.014801,1.496197,-1.886446,free_exp
10:39:35.095,2,-2.834582,1.4167,-1.817578,free_exp
10:39:35.095,1,-2.015606,1.496489,-1.886217,free_exp
10:39:35.196,2,-2.834437,1.41672,-1.817357,free_exp
10:39:35.196,1,-2.015573,1.494655,-1.886059,free_exp
10:39:35.296,2,-2.834052,1.416731,-1.817903,free_exp
10:39:35.297,1,-2.016359,1.492551,-1.885336,free_exp
10:39:35.395,2,-2.833651,1.416551,-1.817607,free_exp
10:39:35.395,1,-2.017587,1.492055,-1.884468,free_exp
10:39:35.496,2,-2.833476,1.416404,-1.817619,free_exp
10:39:35.496,1,-2.017442,1.491212,-1.884208,free_exp
10:39:35.596,2,-2.833029,1.416436,-1.817514,free_exp
10:39:35.596,1,-2.017263,1.490128,-1.883219,free_exp
10:39:35.695,2,-2.832605,1.416288,-1.817462,free_exp
10:39:35.695,1,-2.018068,1.48972,-1.882367,free_exp
10:39:35.796,2,-2.832018,1.416067,-1.817615,free_exp
10:39:35.796,1,-2.018385,1.489069,-1.880251,free_exp
10:39:35.896,2,-2.831292,1.41618,-1.817464,free_exp
10:39:35.896,1,-2.018654,1.490575,-1.879453,free_exp
10:39:35.995,2,-2.830369,1.417186,-1.817402,free_exp
10:39:35.995,1,-2.018952,1.491701,-1.876334,free_exp
10:39:36.096,2,-2.82902,1.417323,-1.817263,free_exp
10:39:36.096,1,-2.018631,1.493113,-1.873974,free_exp
10:39:36.195,2,-2.828322,1.417321,-1.817512,free_exp
10:39:36.196,1,-2.017921,1.492189,-1.872431,free_exp
10:39:36.295,2,-2.827322,1.416763,-1.816524,free_exp
10:39:36.295,1,-2.017807,1.490075,-1.869758,free_exp
10:39:36.396,2,-2.826958,1.416888,-1.816055,free_exp
10:39:36.396,1,-2.017567,1.487258,-1.868012,free_exp
10:39:36.496,2,-2.826148,1.41689,-1.815035,free_exp
10:39:36.496,1,-2.017311,1.488024,-1.867109,free_exp
10:39:36.595,2,-2.825928,1.416802,-1.814344,free_exp
10:39:36.595,1,-2.017575,1.486431,-1.864887,free_exp
10:39:36.696,2,-2.825697,1.416762,-1.813448,free_exp
10:39:36.696,1,-2.017106,1.485816,-1.86269,free_exp
10:39:36.796,2,-2.825805,1.416686,-1.813278,free_exp
10:39:36.796,1,-2.016664,1.483775,-1.862281,free_exp
10:39:36.913,2,-2.825585,1.416759,-1.812634,free_exp
10:39:36.913,1,-2.015877,1.480995,-1.861848,free_exp
10:39:37.012,2,-2.825492,1.416651,-1.811746,free_exp
10:39:37.012,1,-2.015542,1.476273,-1.860984,free_exp
10:39:37.112,2,-2.825805,1.41646,-1.811335,free_exp
10:39:37.112,1,-2.014963,1.475235,-1.860892,free_exp
10:39:37.213,2,-2.825831,1.416651,-1.810583,free_exp
10:39:37.213,1,-2.014329,1.469729,-1.860799,free_exp
10:39:37.312,2,-2.826068,1.416747,-1.810418,free_exp
10:39:37.312,1,-2.013548,1.472054,-1.861704,free_exp
10:39:37.412,2,-2.826156,1.416711,-1.810313,free_exp
10:39:37.412,1,-2.013714,1.474752,-1.862085,free_exp
10:39:37.512,2,-2.826153,1.416804,-1.810191,free_exp
10:39:37.512,1,-2.013587,1.475207,-1.862504,free_exp
10:39:37.613,2,-2.82617,1.416717,-1.81004,free_exp
10:39:37.613,1,-2.013479,1.476777,-1.862908,free_exp
10:39:37.712,2,-2.825983,1.416676,-1.809923,free_exp
10:39:37.712,1,-2.01386,1.479988,-1.86388,free_exp
10:39:37.813,2,-2.826013,1.416702,-1.809917,free_exp
10:39:37.813,1,-2.013175,1.482954,-1.864797,free_exp
10:39:37.912,2,-2.825998,1.41658,-1.810162,free_exp
10:39:37.912,1,-2.012904,1.482896,-1.866569,free_exp
10:39:38.012,2,-2.825462,1.416524,-1.810451,free_exp
10:39:38.012,1,-2.010773,1.483963,-1.870039,free_exp
10:39:38.113,2,-2.825406,1.416536,-1.810503,free_exp
10:39:38.113,1,-2.011309,1.483763,-1.870208,free_exp
10:39:38.212,2,-2.824137,1.416411,-1.811381,free_exp
10:39:38.212,1,-2.011655,1.485384,-1.871606,free_exp
10:39:38.312,2,-2.823988,1.416471,-1.811317,free_exp
10:39:38.312,1,-2.012185,1.485421,-1.872481,free_exp
10:39:38.413,2,-2.823481,1.416548,-1.811705,free_exp
10:39:38.413,1,-2.014265,1.485575,-1.872993,free_exp
10:39:38.512,2,-2.822965,1.416271,-1.812481,free_exp
10:39:38.512,1,-2.01447,1.485763,-1.874393,free_exp
10:39:38.613,2,-2.822705,1.416577,-1.812608,free_exp
10:39:38.613,1,-2.015542,1.485703,-1.875838,free_exp
10:39:38.712,2,-2.822262,1.416634,-1.812723,free_exp
10:39:38.713,1,-2.016868,1.486929,-1.876035,free_exp
10:39:38.813,2,-2.822133,1.416548,-1.812839,free_exp
10:39:38.813,1,-2.017476,1.485626,-1.876076,free_exp
10:39:38.912,2,-2.821799,1.416612,-1.813032,free_exp
10:39:38.912,1,-2.019323,1.485869,-1.876974,free_exp
10:39:39.013,2,-2.821676,1.416686,-1.813028,free_exp
10:39:39.013,1,-2.019077,1.486226,-1.876869,free_exp
10:39:39.112,2,-2.821446,1.416783,-1.812653,free_exp
10:39:39.112,1,-2.019498,1.485749,-1.875134,free_exp
10:39:39.212,2,-2.82138,1.41711,-1.812515,free_exp
10:39:39.212,1,-2.019684,1.485752,-1.875174,free_exp
10:39:39.313,2,-2.820411,1.416849,-1.812227,free_exp
10:39:39.313,1,-2.02039,1.485496,-1.87411,free_exp
10:39:39.413,2,-2.819284,1.416989,-1.812652,free_exp
10:39:39.413,1,-2.020314,1.485845,-1.873764,free_exp
10:39:39.512,2,-2.819213,1.416747,-1.813126,free_exp
10:39:39.512,1,-2.020749,1.485606,-1.872715,free_exp
10:39:39.613,2,-2.819215,1.416641,-1.813279,free_exp
10:39:39.613,1,-2.019967,1.485742,-1.87287,free_exp
10:39:39.713,2,-2.818994,1.416634,-1.813289,free_exp
10:39:39.713,1,-2.020191,1.485467,-1.8711,free_exp
10:39:39.812,2,-2.819165,1.416511,-1.813288,free_exp
10:39:39.812,1,-2.020481,1.485107,-1.869577,free_exp
10:39:39.913,2,-2.819365,1.416412,-1.81371,free_exp
10:39:39.913,1,-2.019515,1.485176,-1.868029,free_exp
10:39:40.013,2,-2.819323,1.416126,-1.813731,free_exp
10:39:40.013,1,-2.019502,1.485516,-1.866188,free_exp
10:39:40.112,2,-2.818755,1.416082,-1.813803,free_exp
10:39:40.112,1,-2.019258,1.485751,-1.866376,free_exp
10:39:40.213,2,-2.81831,1.416079,-1.814043,free_exp
10:39:40.213,1,-2.01903,1.485734,-1.866387,free_exp
10:39:40.312,2,-2.81883,1.416151,-1.813851,free_exp
10:39:40.312,1,-2.018239,1.48589,-1.8643,free_exp
10:39:40.412,2,-2.81867,1.416059,-1.813988,free_exp
10:39:40.412,1,-2.017081,1.485906,-1.862576,free_exp
10:39:40.513,2,-2.819197,1.416038,-1.813984,free_exp
10:39:40.513,1,-2.014473,1.485825,-1.859287,free_exp
10:39:40.613,2,-2.819716,1.416047,-1.813894,free_exp
10:39:40.613,1,-2.014216,1.4858,-1.857173,free_exp
10:39:40.712,2,-2.819985,1.416051,-1.813919,free_exp
10:39:40.712,1,-2.013593,1.486063,-1.856464,free_exp
10:39:40.795,2,-2.820241,1.416281,-1.813966,free_exp
10:39:40.795,1,-2.013375,1.486115,-1.855214,free_exp
10:39:40.896,2,-2.821214,1.415978,-1.814184,free_exp
10:39:40.896,1,-2.011885,1.485947,-1.854494,free_exp
10:39:40.996,2,-2.821505,1.416089,-1.814468,free_exp
10:39:40.996,1,-2.011764,1.485851,-1.854454,free_exp
10:39:41.095,2,-2.821633,1.416426,-1.814079,free_exp
10:39:41.095,1,-2.010836,1.485789,-1.85278,free_exp
10:39:41.196,2,-2.822271,1.416431,-1.813903,free_exp
10:39:41.196,1,-2.010081,1.485812,-1.852631,free_exp
10:39:41.296,2,-2.82299,1.416619,-1.814072,free_exp
10:39:41.297,1,-2.008987,1.485875,-1.853655,free_exp
10:39:41.395,2,-2.823234,1.416726,-1.814254,free_exp
10:39:41.395,1,-2.008389,1.485744,-1.855326,free_exp
10:39:41.496,2,-2.823715,1.416731,-1.813981,free_exp
10:39:41.496,1,-2.007749,1.485673,-1.855649,free_exp
10:39:41.596,2,-2.824765,1.416438,-1.813495,free_exp
10:39:41.597,1,-2.007957,1.485776,-1.856412,free_exp
10:39:41.695,2,-2.825416,1.416612,-1.813496,free_exp
10:39:41.695,1,-2.008571,1.485706,-1.858183,free_exp
10:39:41.796,2,-2.825394,1.416713,-1.813684,free_exp
10:39:41.796,1,-2.010436,1.485702,-1.859974,free_exp
10:39:41.896,2,-2.826095,1.416801,-1.814084,free_exp
10:39:41.896,1,-2.011463,1.48568,-1.86174,free_exp
10:39:41.995,2,-2.825935,1.416488,-1.812791,free_exp
10:39:41.995,1,-2.011546,1.485628,-1.86256,free_exp
10:39:42.096,2,-2.826084,1.416405,-1.812515,free_exp
10:39:42.096,1,-2.012289,1.485773,-1.863403,free_exp
10:39:42.195,2,-2.826332,1.416427,-1.811597,free_exp
10:39:42.196,1,-2.012321,1.486009,-1.863533,free_exp
10:39:42.295,2,-2.826006,1.416382,-1.811416,free_exp
10:39:42.296,1,-2.013215,1.486211,-1.8633,free_exp
10:39:42.396,2,-2.825599,1.416691,-1.81137,free_exp
10:39:42.396,1,-2.012755,1.486604,-1.862828,free_exp
10:39:42.496,2,-2.824972,1.416738,-1.811037,free_exp
10:39:42.496,1,-2.01249,1.486907,-1.862084,free_exp
10:39:42.595,2,-2.823661,1.416814,-1.809851,free_exp
10:39:42.595,1,-2.011756,1.486794,-1.86157,free_exp
10:39:42.696,2,-2.823196,1.41687,-1.809609,free_exp
10:39:42.696,1,-2.011355,1.487003,-1.860689,free_exp
10:39:42.795,2,-2.822198,1.416924,-1.809653,free_exp
10:39:42.796,1,-2.011027,1.487119,-1.859232,free_exp
10:39:42.895,2,-2.820663,1.416802,-1.808676,free_exp
10:39:42.895,1,-2.010143,1.487265,-1.858733,free_exp
10:39:42.996,2,-2.818787,1.41693,-1.810577,free_exp
10:39:42.996,1,-2.008807,1.487457,-1.858579,free_exp
10:39:43.096,2,-2.817413,1.417065,-1.81023,free_exp
10:39:43.096,1,-2.008139,1.487404,-1.858076,free_exp
10:39:43.195,2,-2.816958,1.417037,-1.810229,free_exp
10:39:43.195,1,-2.006805,1.487728,-1.857244,free_exp
10:39:43.296,2,-2.81647,1.417227,-1.809924,free_exp
10:39:43.296,1,-2.006165,1.487812,-1.857638,free_exp
10:39:43.396,2,-2.815741,1.41704,-1.810304,free_exp
10:39:43.396,1,-2.006125,1.487774,-1.858437,free_exp
10:39:43.495,2,-2.815003,1.417084,-1.810065,free_exp
10:39:43.495,1,-2.006054,1.487735,-1.859729,free_exp
10:39:43.596,2,-2.815064,1.417176,-1.810052,free_exp
10:39:43.596,1,-2.005686,1.487783,-1.860483,free_exp
10:39:43.696,2,-2.815031,1.41725,-1.810257,free_exp
10:39:43.696,1,-2.00668,1.487811,-1.861812,free_exp
10:39:43.795,2,-2.815146,1.416856,-1.810497,free_exp
10:39:43.795,1,-2.006233,1.487862,-1.863835,free_exp
10:39:43.896,2,-2.815726,1.417057,-1.811004,free_exp
10:39:43.896,1,-2.006678,1.487881,-1.865103,free_exp
10:39:43.995,2,-2.816149,1.416888,-1.811414,free_exp
10:39:43.996,1,-2.007755,1.487786,-1.867391,free_exp
10:39:44.095,2,-2.816653,1.416825,-1.811614,free_exp
10:39:44.095,1,-2.009193,1.48764,-1.871999,free_exp
10:39:44.196,2,-2.816983,1.416779,-1.811664,free_exp
10:39:44.196,1,-2.012132,1.487471,-1.874483,free_exp
10:39:44.296,2,-2.818818,1.416737,-1.811917,free_exp
10:39:44.297,1,-2.012649,1.487223,-1.875699,free_exp
10:39:44.395,2,-2.819364,1.416711,-1.811913,free_exp
10:39:44.395,1,-2.014869,1.487264,-1.877691,free_exp
10:39:44.496,2,-2.820292,1.416919,-1.812233,free_exp
10:39:44.496,1,-2.018318,1.486799,-1.883537,free_exp
10:39:44.595,2,-2.82063,1.41708,-1.812437,free_exp
10:39:44.595,1,-2.020607,1.486888,-1.886481,free_exp
10:39:44.696,2,-2.821487,1.416767,-1.811808,free_exp
10:39:44.696,1,-2.023717,1.487004,-1.891673,free_exp
10:39:44.796,2,-2.822355,1.417293,-1.811492,free_exp
10:39:44.796,1,-2.027838,1.487055,-1.897954,free_exp
10:39:44.896,2,-2.823021,1.417528,-1.811182,free_exp
10:39:44.897,1,-2.035415,1.487272,-1.906221,free_exp
10:39:45.013,2,-2.823845,1.417759,-1.810504,free_exp
10:39:45.013,1,-2.044411,1.487167,-1.916273,free_exp
10:39:45.113,2,-2.824099,1.417782,-1.809724,free_exp
10:39:45.113,1,-2.056031,1.487322,-1.928803,free_exp
10:39:45.212,2,-2.824326,1.417783,-1.808934,free_exp
10:39:45.212,1,-2.065012,1.487153,-1.940334,free_exp
10:39:45.295,2,-2.824865,1.417736,-1.808712,free_exp
10:39:45.295,1,-2.072115,1.487046,-1.948648,free_exp
10:39:45.396,2,-2.825527,1.417899,-1.80744,free_exp
10:39:45.396,1,-2.084031,1.48724,-1.963286,free_exp
10:39:45.495,2,-2.826151,1.417846,-1.80747,free_exp
10:39:45.495,1,-2.099166,1.487425,-1.979887,free_exp
10:39:45.596,2,-2.826348,1.418134,-1.806951,free_exp
10:39:45.596,1,-2.109816,1.487572,-1.991997,free_exp
10:39:45.696,2,-2.82673,1.418268,-1.806837,free_exp
10:39:45.696,1,-2.12293,1.487711,-2.011208,free_exp
10:39:45.796,2,-2.827321,1.418235,-1.806972,free_exp
10:39:45.796,1,-2.12802,1.487327,-2.021417,free_exp
10:39:45.895,2,-2.828297,1.418557,-1.807071,free_exp
10:39:45.895,1,-2.138782,1.487259,-2.035356,free_exp
10:39:45.996,2,-2.82891,1.41821,-1.807629,free_exp
10:39:45.996,1,-2.13878,1.48724,-2.044534,free_exp
10:39:46.096,2,-2.829657,1.418138,-1.808086,free_exp
10:39:46.096,1,-2.138297,1.48767,-2.054372,free_exp
10:39:46.195,2,-2.831063,1.418185,-1.810269,free_exp
10:39:46.195,1,-2.132935,1.487502,-2.065263,free_exp
10:39:46.296,2,-2.831464,1.418163,-1.810733,free_exp
10:39:46.296,1,-2.120786,1.487281,-2.078422,free_exp
10:39:46.396,2,-2.831634,1.418014,-1.811076,free_exp
10:39:46.397,1,-2.103923,1.487311,-2.093094,free_exp
10:39:46.513,2,-2.83174,1.417812,-1.811418,free_exp
10:39:46.513,1,-2.081961,1.487296,-2.10883,free_exp
10:39:46.629,2,-2.832868,1.417496,-1.812833,free_exp
10:39:46.629,1,-2.046457,1.487735,-2.134904,free_exp
10:39:46.729,2,-2.83305,1.417296,-1.812916,free_exp
10:39:46.729,1,-2.023405,1.488141,-2.152371,free_exp
10:39:46.829,2,-2.833565,1.417139,-1.81358,free_exp
10:39:46.829,1,-2.005548,1.488261,-2.167197,free_exp
10:39:46.929,2,-2.833383,1.417263,-1.815021,free_exp
10:39:46.929,1,-1.989864,1.488271,-2.180623,free_exp
10:39:47.029,2,-2.834454,1.417378,-1.816097,free_exp
10:39:47.029,1,-1.979233,1.488442,-2.188371,free_exp
10:39:47.129,2,-2.834529,1.417306,-1.816228,free_exp
10:39:47.129,1,-1.970891,1.488512,-2.194319,free_exp
10:39:47.229,2,-2.834983,1.417238,-1.816428,free_exp
10:39:47.229,1,-1.966149,1.488404,-2.199028,free_exp
10:39:47.329,2,-2.836002,1.417078,-1.815894,free_exp
10:39:47.329,1,-1.963411,1.488631,-2.202862,free_exp
10:39:47.429,2,-2.838073,1.417089,-1.813672,free_exp
10:39:47.429,1,-1.96294,1.488191,-2.203777,free_exp
10:39:47.529,2,-2.839788,1.416949,-1.812809,free_exp
10:39:47.529,1,-1.962959,1.487766,-2.2041,free_exp
10:39:47.629,2,-2.840845,1.417267,-1.812169,free_exp
10:39:47.630,1,-1.963753,1.487722,-2.204548,free_exp
10:39:47.729,2,-2.841545,1.417357,-1.811098,free_exp
10:39:47.729,1,-1.966335,1.488386,-2.203637,free_exp
10:39:47.829,2,-2.84249,1.417098,-1.810267,free_exp
10:39:47.829,1,-1.968998,1.488359,-2.204164,free_exp
10:39:47.929,2,-2.843386,1.417229,-1.810537,free_exp
10:39:47.930,1,-1.974835,1.488291,-2.203261,free_exp
10:39:48.046,2,-2.844366,1.417215,-1.810869,free_exp
10:39:48.046,1,-1.978952,1.488253,-2.202508,free_exp
10:39:48.146,2,-2.844081,1.417349,-1.811194,free_exp
10:39:48.146,1,-1.98349,1.488444,-2.201805,free_exp
10:39:48.245,2,-2.845827,1.417454,-1.811852,free_exp
10:39:48.246,1,-1.986067,1.488525,-2.201603,free_exp
10:39:48.346,2,-2.845042,1.417188,-1.812385,free_exp
10:39:48.346,1,-1.987672,1.488537,-2.201269,free_exp
10:39:48.446,2,-2.844526,1.417397,-1.812685,free_exp
10:39:48.446,1,-1.989017,1.48816,-2.200455,free_exp
10:39:48.545,2,-2.844452,1.417456,-1.817599,free_exp
10:39:48.546,1,-1.989166,1.488156,-2.200001,free_exp
10:39:48.646,2,-2.843026,1.41765,-1.819739,free_exp
10:39:48.646,1,-1.989321,1.488279,-2.200056,free_exp
10:39:48.746,2,-2.841205,1.417577,-1.822404,free_exp
10:39:48.747,1,-1.989483,1.488438,-2.199918,free_exp
10:39:48.862,2,-2.840567,1.417674,-1.826302,free_exp
10:39:48.863,1,-1.989524,1.488466,-2.199933,free_exp
10:39:48.962,2,-2.84118,1.418165,-1.833094,free_exp
10:39:48.963,1,-1.989324,1.488604,-2.20046,free_exp
10:39:49.062,2,-2.841626,1.417956,-1.838095,free_exp
10:39:49.062,1,-1.989541,1.488825,-2.201129,free_exp
10:39:49.162,2,-2.844251,1.417735,-1.849315,free_exp
10:39:49.162,1,-1.989742,1.488917,-2.202179,free_exp
10:39:49.263,2,-2.845594,1.417893,-1.851564,free_exp
10:39:49.263,1,-1.989971,1.488712,-2.201663,free_exp
10:39:49.379,2,-2.847839,1.4179,-1.855552,free_exp
10:39:49.380,1,-1.989786,1.488813,-2.201578,free_exp
10:39:49.479,2,-2.850356,1.417867,-1.859421,free_exp
10:39:49.479,1,-1.990212,1.488913,-2.20046,free_exp
10:39:49.562,2,-2.85014,1.417498,-1.85916,free_exp
10:39:49.562,1,-1.990322,1.488922,-2.200368,free_exp
10:39:49.662,2,-2.849453,1.417475,-1.859238,free_exp
10:39:49.662,1,-1.990209,1.489065,-2.200145,free_exp
10:39:49.763,2,-2.849325,1.417264,-1.860316,free_exp
10:39:49.763,1,-1.988787,1.4892,-2.199418,free_exp
10:39:49.863,2,-2.848517,1.417195,-1.858543,free_exp
10:39:49.863,1,-1.987814,1.489455,-2.199087,free_exp
10:39:49.962,2,-2.848249,1.417185,-1.859214,free_exp
10:39:49.962,1,-1.98701,1.489283,-2.198651,free_exp
10:39:50.062,2,-2.847889,1.417119,-1.858886,free_exp
10:39:50.063,1,-1.984787,1.489363,-2.198188,free_exp
10:39:50.163,2,-2.847489,1.417016,-1.857823,free_exp
10:39:50.163,1,-1.983917,1.489522,-2.198463,free_exp
10:39:50.262,2,-2.847935,1.417401,-1.858526,free_exp
10:39:50.262,1,-1.983247,1.489581,-2.198274,free_exp
10:39:50.362,2,-2.848098,1.416583,-1.858514,free_exp
10:39:50.362,1,-1.98193,1.489834,-2.197895,free_exp
10:39:50.462,2,-2.847642,1.416621,-1.859484,free_exp
10:39:50.462,1,-1.979846,1.489632,-2.197749,free_exp
10:39:50.563,2,-2.846942,1.416917,-1.859168,free_exp
10:39:50.563,1,-1.978046,1.489627,-2.19744,free_exp
10:39:50.662,2,-2.84661,1.416818,-1.859409,free_exp
10:39:50.662,1,-1.976635,1.489759,-2.196771,free_exp
10:39:50.763,2,-2.845501,1.416481,-1.858744,free_exp
10:39:50.763,1,-1.975498,1.489731,-2.196392,free_exp
10:39:50.862,2,-2.8453,1.416446,-1.859449,free_exp
10:39:50.862,1,-1.973783,1.489929,-2.195068,free_exp
10:39:50.962,2,-2.845162,1.416578,-1.860029,free_exp
10:39:50.962,1,-1.972075,1.489612,-2.194161,free_exp
10:39:51.063,2,-2.84489,1.41639,-1.860162,free_exp
10:39:51.063,1,-1.970668,1.490054,-2.194183,free_exp
10:39:51.162,2,-2.845267,1.416713,-1.860554,free_exp
10:39:51.162,1,-1.969852,1.48993,-2.194462,free_exp
10:39:51.262,2,-2.844214,1.417278,-1.860956,free_exp
10:39:51.262,1,-1.967396,1.489039,-2.194303,free_exp
10:39:51.379,2,-2.845439,1.417141,-1.86196,free_exp
10:39:51.379,1,-1.966505,1.488521,-2.194324,free_exp
10:39:51.479,2,-2.844229,1.416828,-1.860823,free_exp
10:39:51.479,1,-1.966268,1.487417,-2.194739,free_exp
10:39:51.580,2,-2.844423,1.416721,-1.859716,free_exp
10:39:51.580,1,-1.965041,1.485972,-2.195225,free_exp
10:39:51.679,2,-2.843418,1.416702,-1.859687,free_exp
10:39:51.679,1,-1.964885,1.484775,-2.196008,free_exp
10:39:51.762,2,-2.842889,1.416777,-1.86013,free_exp
10:39:51.762,1,-1.964787,1.483929,-2.197128,free_exp
10:39:51.846,2,-2.842098,1.416513,-1.859441,free_exp
10:39:51.846,1,-1.964459,1.483451,-2.198268,free_exp
10:39:51.929,2,-2.842625,1.416675,-1.861807,free_exp
10:39:51.929,1,-1.964245,1.483122,-2.199075,free_exp
10:39:52.013,2,-2.843713,1.416541,-1.862288,free_exp
10:39:52.013,1,-1.963673,1.483056,-2.20104,free_exp
10:39:52.113,2,-2.843495,1.416441,-1.863899,free_exp
10:39:52.113,1,-1.963475,1.483348,-2.201974,free_exp
10:39:52.195,2,-2.842012,1.416215,-1.868465,free_exp
10:39:52.195,1,-1.963193,1.485667,-2.204829,free_exp
10:39:52.279,2,-2.841458,1.416385,-1.874099,free_exp
10:39:52.279,1,-1.963719,1.485663,-2.207225,free_exp
10:39:52.362,2,-2.839131,1.416478,-1.879593,free_exp
10:39:52.362,1,-1.96359,1.487114,-2.208534,free_exp
10:39:52.446,2,-2.834744,1.416537,-1.894915,free_exp
10:39:52.446,1,-1.963885,1.488249,-2.211283,free_exp
10:39:52.529,2,-2.831543,1.416419,-1.902097,free_exp
10:39:52.529,1,-1.96382,1.489741,-2.213069,free_exp
10:39:52.613,2,-2.8178,1.416383,-1.915107,free_exp
10:39:52.613,1,-1.964126,1.491615,-2.21616,free_exp
10:39:52.695,2,-2.808446,1.416237,-1.92694,free_exp
10:39:52.696,1,-1.964658,1.493206,-2.217005,free_exp
10:39:52.780,2,-2.784254,1.4164,-1.958723,free_exp
10:39:52.780,1,-1.965318,1.493014,-2.218832,free_exp
10:39:52.862,2,-2.767517,1.416894,-1.977407,free_exp
10:39:52.862,1,-1.965483,1.492866,-2.219661,free_exp
10:39:52.946,2,-2.744702,1.416862,-1.999925,free_exp
10:39:52.947,1,-1.965708,1.493843,-2.220883,free_exp
10:39:53.046,2,-2.698449,1.416995,-2.050628,free_exp
10:39:53.047,1,-1.966943,1.493716,-2.221804,free_exp
10:39:53.129,2,-2.678363,1.416921,-2.070288,free_exp
10:39:53.129,1,-1.967165,1.493098,-2.222654,free_exp
10:39:53.213,2,-2.66191,1.416784,-2.091052,free_exp
10:39:53.213,1,-1.96754,1.492516,-2.222983,free_exp
10:39:53.313,2,-2.625441,1.416914,-2.129211,free_exp
10:39:53.313,1,-1.967299,1.493626,-2.224149,free_exp
10:39:53.413,2,-2.614655,1.41689,-2.151086,free_exp
10:39:53.413,1,-1.966943,1.493527,-2.225775,free_exp
10:39:53.512,2,-2.595755,1.416675,-2.176884,free_exp
10:39:53.512,1,-1.966518,1.494051,-2.22625,free_exp
10:39:53.596,2,-2.58906,1.415774,-2.187513,free_exp
10:39:53.596,1,-1.966289,1.493808,-2.226406,free_exp
10:39:53.679,2,-2.58338,1.415817,-2.196583,free_exp
10:39:53.679,1,-1.966316,1.493848,-2.226616,free_exp
10:39:53.763,2,-2.57934,1.415875,-2.200993,free_exp
10:39:53.763,1,-1.965893,1.493672,-2.226029,free_exp
10:39:53.863,2,-2.574955,1.415945,-2.205406,free_exp
10:39:53.863,1,-1.965459,1.493609,-2.225708,free_exp
10:39:53.945,2,-2.572229,1.416236,-2.208065,free_exp
10:39:53.946,1,-1.964303,1.493545,-2.226627,free_exp
10:39:54.079,2,-2.57092,1.416319,-2.20951,free_exp
10:39:54.079,1,-1.962435,1.493123,-2.225616,free_exp
10:39:54.163,2,-2.571048,1.416076,-2.209547,free_exp
10:39:54.163,1,-1.961663,1.493555,-2.225375,free_exp
10:39:54.245,2,-2.572903,1.416036,-2.208582,free_exp
10:39:54.246,1,-1.958835,1.492777,-2.224284,free_exp
10:39:54.330,2,-2.573336,1.41603,-2.208677,free_exp
10:39:54.330,1,-1.957342,1.492436,-2.222404,free_exp
10:39:54.430,2,-2.574866,1.416425,-2.208643,free_exp
10:39:54.430,1,-1.955243,1.491765,-2.220511,free_exp
10:39:54.512,2,-2.575732,1.416537,-2.209195,free_exp
10:39:54.512,1,-1.95334,1.492218,-2.218996,free_exp
10:39:54.596,2,-2.576268,1.416258,-2.209383,free_exp
10:39:54.596,1,-1.952129,1.491871,-2.217819,free_exp
10:39:54.679,2,-2.577899,1.415976,-2.210996,free_exp
10:39:54.679,1,-1.951103,1.491426,-2.216673,free_exp
10:39:54.763,2,-2.579771,1.415673,-2.212062,free_exp
10:39:54.763,1,-1.950696,1.491002,-2.216494,free_exp
10:39:54.845,2,-2.582506,1.415689,-2.213197,free_exp
10:39:54.846,1,-1.950319,1.491119,-2.216447,free_exp
10:39:54.930,2,-2.584182,1.415757,-2.214581,free_exp
10:39:54.930,1,-1.949749,1.491065,-2.216111,free_exp
10:39:55.946,2,-2.585543,1.415728,-2.216477,free_exp
10:39:55.947,1,-1.950327,1.491111,-2.215816,free_exp
10:39:56.163,2,-2.589926,1.41565,-2.219911,free_exp
10:39:56.163,1,-1.95377,1.490915,-2.222674,free_exp
10:39:56.262,2,-2.590141,1.415687,-2.220108,free_exp
10:39:56.262,1,-1.953189,1.490869,-2.223512,free_exp
10:39:56.346,2,-2.590007,1.415747,-2.220474,free_exp
10:39:56.346,1,-1.952575,1.49086,-2.224837,free_exp
10:39:56.429,2,-2.589898,1.415374,-2.220616,free_exp
10:39:56.430,1,-1.951742,1.490868,-2.225897,free_exp
10:39:56.512,2,-2.589556,1.415411,-2.220428,free_exp
10:39:56.512,1,-1.951512,1.490908,-2.2261,free_exp
10:39:56.596,2,-2.588898,1.415373,-2.220424,free_exp
10:39:56.597,1,-1.951486,1.490941,-2.226025,free_exp
10:39:56.679,2,-2.587972,1.415259,-2.219808,free_exp
10:39:56.679,1,-1.951381,1.491196,-2.226478,free_exp
10:39:56.812,2,-2.585502,1.415151,-2.218928,free_exp
10:39:56.812,1,-1.951302,1.491435,-2.226883,free_exp
10:39:56.896,2,-2.583823,1.415308,-2.218323,free_exp
10:39:56.897,1,-1.951278,1.491838,-2.226836,free_exp
10:39:56.979,2,-2.582796,1.415009,-2.218229,free_exp
10:39:56.979,1,-1.951619,1.492605,-2.226745,free_exp
10:39:57.063,2,-2.581961,1.414911,-2.218781,free_exp
10:39:57.063,1,-1.951707,1.492779,-2.226951,free_exp
10:39:57.146,2,-2.580532,1.415332,-2.219843,free_exp
10:39:57.146,1,-1.95235,1.492418,-2.227924,free_exp
10:39:57.296,2,-2.580508,1.415199,-2.221659,free_exp
10:39:57.296,1,-1.952921,1.492545,-2.228165,free_exp
10:39:57.379,2,-2.581443,1.415485,-2.221994,free_exp
10:39:57.379,1,-1.953078,1.492223,-2.228128,free_exp
10:39:57.479,2,-2.581686,1.415424,-2.222311,free_exp
10:39:57.480,1,-1.95327,1.49225,-2.228412,free_exp
10:39:57.562,2,-2.581897,1.415321,-2.22179,free_exp
10:39:57.562,1,-1.953827,1.492329,-2.228748,free_exp
10:39:57.646,2,-2.580677,1.415303,-2.221147,free_exp
10:39:57.646,1,-1.954306,1.492519,-2.229635,free_exp
10:39:57.729,2,-2.581546,1.415418,-2.220632,free_exp
10:39:57.730,1,-1.954755,1.491903,-2.230128,free_exp
10:39:57.812,2,-2.582246,1.415381,-2.218762,free_exp
10:39:57.812,1,-1.955274,1.492183,-2.230623,free_exp
10:39:57.896,2,-2.581726,1.415206,-2.219012,free_exp
10:39:57.896,1,-1.955873,1.492185,-2.23112,free_exp
10:39:57.979,2,-2.581107,1.415091,-2.217684,free_exp
10:39:57.979,1,-1.955886,1.493182,-2.231556,free_exp
10:39:58.063,2,-2.580824,1.415109,-2.216796,free_exp
10:39:58.063,1,-1.955947,1.493243,-2.232295,free_exp
10:39:58.146,2,-2.579703,1.41502,-2.215834,free_exp
10:39:58.146,1,-1.955707,1.49251,-2.233143,free_exp
10:39:58.296,2,-2.578265,1.415184,-2.214979,free_exp
10:39:58.297,1,-1.955545,1.491727,-2.2343,free_exp
10:39:58.396,2,-2.577477,1.414869,-2.214633,free_exp
10:39:58.397,1,-1.955231,1.492351,-2.234989,free_exp
10:39:58.495,2,-2.577292,1.415549,-2.214649,free_exp
10:39:58.496,1,-1.955323,1.492121,-2.236325,free_exp
10:39:58.579,2,-2.576885,1.415523,-2.214086,free_exp
10:39:58.579,1,-1.954979,1.492058,-2.236943,free_exp
10:39:58.662,2,-2.576861,1.41597,-2.213481,free_exp
10:39:58.663,1,-1.954943,1.491895,-2.237298,free_exp
10:39:58.746,2,-2.576984,1.415821,-2.212847,free_exp
10:39:58.746,1,-1.954775,1.49221,-2.237534,free_exp
10:39:58.829,2,-2.577153,1.416112,-2.212433,free_exp
10:39:58.829,1,-1.954815,1.492267,-2.237542,free_exp
10:39:58.912,2,-2.577119,1.416367,-2.21202,free_exp
10:39:58.912,1,-1.954609,1.492044,-2.23752,free_exp
10:39:58.996,2,-2.57682,1.416474,-2.21142,free_exp
10:39:58.997,1,-1.954917,1.491794,-2.237182,free_exp
10:39:59.079,2,-2.576719,1.416629,-2.211013,free_exp
10:39:59.079,1,-1.955549,1.491642,-2.236713,free_exp
10:39:59.163,2,-2.576492,1.416857,-2.210836,free_exp
10:39:59.163,1,-1.955556,1.490596,-2.236802,free_exp
10:39:59.246,2,-2.576426,1.416911,-2.210546,free_exp
10:39:59.246,1,-1.955684,1.490671,-2.236621,free_exp
10:39:59.330,2,-2.576331,1.416574,-2.210559,free_exp
10:39:59.330,1,-1.955798,1.490862,-2.236206,free_exp
10:39:59.412,2,-2.575881,1.416664,-2.210317,free_exp
10:39:59.413,1,-1.956436,1.490654,-2.23593,free_exp
10:39:59.513,2,-2.575891,1.416623,-2.210388,free_exp
10:39:59.513,1,-1.956446,1.49067,-2.234608,free_exp
10:39:59.613,2,-2.574995,1.416499,-2.210655,free_exp
10:39:59.613,1,-1.958212,1.49096,-2.23433,free_exp
10:39:59.696,2,-2.574033,1.416335,-2.211398,free_exp
10:39:59.696,1,-1.958445,1.490675,-2.234331,free_exp
10:39:59.780,2,-2.573274,1.416092,-2.212116,free_exp
10:39:59.780,1,-1.958799,1.49009,-2.233664,free_exp
10:39:59.863,2,-2.572389,1.416117,-2.211898,free_exp
10:39:59.863,1,-1.959362,1.4906,-2.23342,free_exp
10:39:59.946,2,-2.571281,1.416328,-2.211596,free_exp
10:39:59.946,1,-1.960283,1.490727,-2.232906,free_exp
10:40:00.029,2,-2.570367,1.415656,-2.211909,free_exp
10:40:00.030,1,-1.960779,1.490606,-2.232835,free_exp
10:40:00.112,2,-2.569319,1.415798,-2.212188,free_exp
10:40:00.112,1,-1.961541,1.490356,-2.232355,free_exp
10:40:00.196,2,-2.568753,1.415771,-2.21266,free_exp
10:40:00.197,1,-1.962276,1.490429,-2.232065,free_exp
10:40:00.279,2,-2.568157,1.41528,-2.212353,free_exp
10:40:00.279,1,-1.962699,1.490354,-2.231602,free_exp
10:40:00.363,2,-2.567876,1.415363,-2.211885,free_exp
10:40:00.363,1,-1.962933,1.4902,-2.231108,free_exp
10:40:00.445,2,-2.568004,1.415169,-2.210606,free_exp
10:40:00.446,1,-1.9631,1.489271,-2.230859,free_exp
10:40:00.596,2,-2.567314,1.415275,-2.209418,free_exp
10:40:00.597,1,-1.963529,1.489586,-2.230458,free_exp
10:40:00.679,2,-2.566686,1.41567,-2.208766,free_exp
10:40:00.679,1,-1.963942,1.489258,-2.229902,free_exp
10:40:00.763,2,-2.566604,1.415936,-2.208792,free_exp
10:40:00.763,1,-1.963804,1.488985,-2.229848,free_exp
10:40:00.846,2,-2.566178,1.415992,-2.20879,free_exp
10:40:00.846,1,-1.96332,1.489097,-2.229321,free_exp
10:40:00.929,2,-2.566221,1.415981,-2.208491,free_exp
10:40:00.929,1,-1.963327,1.489362,-2.229417,free_exp
10:40:01.013,2,-2.566218,1.416031,-2.207781,free_exp
10:40:01.013,1,-1.96324,1.489223,-2.229346,free_exp
10:40:01.113,2,-2.566376,1.415819,-2.207673,free_exp
10:40:01.113,1,-1.963151,1.488899,-2.229289,free_exp
10:40:01.230,2,-2.566806,1.415785,-2.20663,free_exp
10:40:01.230,1,-1.962465,1.490045,-2.228748,free_exp
10:40:01.330,2,-2.567079,1.415898,-2.20619,free_exp
10:40:01.330,1,-1.96185,1.490043,-2.228644,free_exp
10:40:01.412,2,-2.566998,1.415923,-2.205883,free_exp
10:40:01.412,1,-1.961812,1.49019,-2.228693,free_exp
10:40:01.496,2,-2.566953,1.416185,-2.205714,free_exp
10:40:01.497,1,-1.961935,1.489665,-2.228528,free_exp
10:40:01.579,2,-2.566968,1.416061,-2.205709,free_exp
10:40:01.579,1,-1.96203,1.491077,-2.228225,free_exp
10:40:01.662,2,-2.567393,1.416103,-2.205248,free_exp
10:40:01.663,1,-1.961676,1.49045,-2.227523,free_exp
10:40:01.746,2,-2.567399,1.416348,-2.205415,free_exp
10:40:01.746,1,-1.961673,1.489737,-2.227313,free_exp
10:40:01.829,2,-2.567205,1.416174,-2.20548,free_exp
10:40:01.829,1,-1.961514,1.489546,-2.226972,free_exp
10:40:01.912,2,-2.566989,1.416024,-2.20514,free_exp
10:40:01.912,1,-1.96173,1.48946,-2.2263,free_exp
10:40:01.996,2,-2.566565,1.416096,-2.204959,free_exp
10:40:01.997,1,-1.961963,1.489409,-2.22601,free_exp
10:40:02.113,2,-2.566873,1.416078,-2.204979,free_exp
10:40:02.113,1,-1.962677,1.489374,-2.225345,free_exp
10:40:02.213,2,-2.566687,1.415961,-2.205251,free_exp
10:40:02.213,1,-1.963053,1.48941,-2.224691,free_exp
10:40:02.296,2,-2.566503,1.416054,-2.205777,free_exp
10:40:02.296,1,-1.962744,1.489525,-2.224513,free_exp
10:40:02.380,2,-2.566489,1.416618,-2.206211,free_exp
10:40:02.380,1,-1.963969,1.489226,-2.224265,free_exp
10:40:02.462,2,-2.56665,1.41626,-2.206782,free_exp
10:40:02.462,1,-1.964083,1.48838,-2.22424,free_exp
10:40:02.546,2,-2.566795,1.41582,-2.206844,free_exp
10:40:02.547,1,-1.964812,1.488354,-2.223867,free_exp
10:40:02.629,2,-2.567304,1.415948,-2.207765,free_exp
10:40:02.629,1,-1.964652,1.488231,-2.223884,free_exp
10:40:02.713,2,-2.567711,1.416165,-2.20837,free_exp
10:40:02.713,1,-1.964705,1.488302,-2.223776,free_exp
10:40:02.796,2,-2.567768,1.415884,-2.208811,free_exp
10:40:02.796,1,-1.966088,1.488718,-2.2238,free_exp
10:40:02.879,2,-2.568228,1.41615,-2.21006,free_exp
10:40:02.880,1,-1.966695,1.486875,-2.224029,free_exp
10:40:02.962,2,-2.569437,1.415899,-2.211298,free_exp
10:40:02.962,1,-1.967057,1.487337,-2.224274,free_exp
10:40:03.046,2,-2.570141,1.415969,-2.212199,free_exp
10:40:03.046,1,-1.968436,1.488136,-2.224407,free_exp
10:40:03.129,2,-2.571101,1.415836,-2.213928,free_exp
10:40:03.129,1,-1.969308,1.488009,-2.224414,free_exp
10:40:03.212,2,-2.571912,1.415838,-2.215564,free_exp
10:40:03.212,1,-1.96993,1.487499,-2.224156,free_exp
10:40:03.296,2,-2.571988,1.416269,-2.216059,free_exp
10:40:03.296,1,-1.970846,1.487335,-2.222557,free_exp
10:40:03.379,2,-2.572886,1.4162,-2.218177,free_exp
10:40:03.379,1,-1.972274,1.487735,-2.221454,free_exp
10:40:03.462,2,-2.573854,1.416187,-2.219424,free_exp
10:40:03.462,1,-1.972328,1.488223,-2.219654,free_exp
10:40:03.562,2,-2.574633,1.416109,-2.221008,free_exp
10:40:03.562,1,-1.972844,1.488664,-2.216927,free_exp
10:40:03.646,2,-2.574676,1.41618,-2.223699,free_exp
10:40:03.646,1,-1.973037,1.48893,-2.216759,free_exp
10:40:03.729,2,-2.574699,1.41617,-2.224327,free_exp
10:40:03.729,1,-1.974146,1.488827,-2.216296,free_exp
10:40:03.812,2,-2.574961,1.416112,-2.224591,free_exp
10:40:03.812,1,-1.974676,1.489571,-2.215775,free_exp
10:40:03.896,2,-2.575063,1.416197,-2.224926,free_exp
10:40:03.896,1,-1.974943,1.489033,-2.2144,free_exp
10:40:03.979,2,-2.575553,1.416231,-2.226072,free_exp
10:40:03.979,1,-1.974843,1.489327,-2.214687,free_exp
10:40:04.062,2,-2.576359,1.416517,-2.226849,free_exp
10:40:04.063,1,-1.974845,1.488693,-2.214088,free_exp
10:40:04.146,2,-2.57726,1.416407,-2.227028,free_exp
10:40:04.146,1,-1.975051,1.488305,-2.214683,free_exp
10:40:04.296,2,-2.578906,1.416516,-2.227168,free_exp
10:40:04.297,1,-1.97445,1.488738,-2.2161,free_exp
10:40:04.379,2,-2.580545,1.41619,-2.226829,free_exp
10:40:04.379,1,-1.974399,1.488795,-2.216621,free_exp
10:40:04.462,2,-2.581573,1.416241,-2.224636,free_exp
10:40:04.462,1,-1.974757,1.487144,-2.216803,free_exp
10:40:04.546,2,-2.581545,1.415756,-2.224329,free_exp
10:40:04.546,1,-1.975704,1.487182,-2.217241,free_exp
10:40:04.629,2,-2.580378,1.415627,-2.225033,free_exp
10:40:04.629,1,-1.976259,1.4875,-2.217375,free_exp
10:40:04.712,2,-2.581448,1.415649,-2.225301,free_exp
10:40:04.712,1,-1.976341,1.48752,-2.218728,free_exp
10:40:04.796,2,-2.582239,1.415455,-2.224749,free_exp
10:40:04.797,1,-1.975511,1.487753,-2.219582,free_exp
10:40:04.897,2,-2.582129,1.415519,-2.224435,free_exp
10:40:04.897,1,-1.974991,1.488224,-2.220314,free_exp
10:40:04.979,2,-2.582114,1.415416,-2.223548,free_exp
10:40:04.979,1,-1.975148,1.488314,-2.220993,free_exp
10:40:05.063,2,-2.58087,1.415383,-2.223561,free_exp
10:40:05.063,1,-1.975074,1.488204,-2.221788,free_exp
10:40:05.146,2,-2.579581,1.415134,-2.224027,free_exp
10:40:05.146,1,-1.974554,1.488219,-2.222631,free_exp
10:40:05.229,2,-2.578746,1.415383,-2.224291,free_exp
10:40:05.229,1,-1.973784,1.490599,-2.22402,free_exp
10:40:05.312,2,-2.577501,1.415301,-2.224159,free_exp
10:40:05.312,1,-1.973704,1.489962,-2.225316,free_exp
10:40:05.396,2,-2.57626,1.415129,-2.2238,free_exp
10:40:05.396,1,-1.973602,1.488788,-2.225429,free_exp
10:40:05.479,2,-2.574047,1.415099,-2.222392,free_exp
10:40:05.479,1,-1.97289,1.488389,-2.227034,free_exp
10:40:05.562,2,-2.573263,1.415143,-2.221963,free_exp
10:40:05.563,1,-1.972308,1.488384,-2.227289,free_exp
10:40:05.646,2,-2.57194,1.414882,-2.22194,free_exp
10:40:05.646,1,-1.971048,1.48814,-2.227738,free_exp
10:40:05.730,2,-2.571621,1.414818,-2.222084,free_exp
10:40:05.730,1,-1.970381,1.487523,-2.22786,free_exp
10:40:05.812,2,-2.571028,1.414585,-2.221232,free_exp
10:40:05.812,1,-1.969724,1.486075,-2.22734,free_exp
10:40:05.896,2,-2.570622,1.414312,-2.220892,free_exp
10:40:05.897,1,-1.96938,1.486026,-2.227231,free_exp
10:40:05.996,2,-2.570031,1.414487,-2.220456,free_exp
10:40:05.997,1,-1.968446,1.486244,-2.226814,free_exp
10:40:06.096,2,-2.569765,1.414141,-2.220033,free_exp
10:40:06.097,1,-1.967658,1.486172,-2.226594,free_exp
10:40:06.179,2,-2.569687,1.414128,-2.220112,free_exp
10:40:06.179,1,-1.967102,1.485569,-2.226251,free_exp
10:40:06.262,2,-2.56934,1.414309,-2.219834,free_exp
10:40:06.263,1,-1.966735,1.484529,-2.22663,free_exp
10:40:06.346,2,-2.569397,1.414426,-2.218673,free_exp
10:40:06.346,1,-1.966527,1.485124,-2.22668,free_exp
10:40:06.429,2,-2.57028,1.414342,-2.217908,free_exp
10:40:06.429,1,-1.9666,1.48585,-2.226717,free_exp
10:40:06.512,2,-2.570541,1.414202,-2.216643,free_exp
10:40:06.512,1,-1.966506,1.486645,-2.226926,free_exp
10:40:06.596,2,-2.571762,1.414474,-2.215786,free_exp
10:40:06.596,1,-1.966471,1.485834,-2.226848,free_exp
10:40:06.679,2,-2.572117,1.414548,-2.21505,free_exp
10:40:06.679,1,-1.966556,1.485992,-2.226954,free_exp
10:40:06.763,2,-2.572119,1.41424,-2.214093,free_exp
10:40:06.763,1,-1.966506,1.486183,-2.227083,free_exp
10:40:06.845,2,-2.572942,1.414166,-2.213929,free_exp
10:40:06.846,1,-1.966732,1.486431,-2.227144,free_exp
10:40:06.930,2,-2.57314,1.414108,-2.21388,free_exp
10:40:06.930,1,-1.966683,1.486477,-2.227249,free_exp
10:40:07.012,2,-2.572828,1.414053,-2.213379,free_exp
10:40:07.012,1,-1.966244,1.486278,-2.227315,free_exp
10:40:07.146,2,-2.573576,1.413958,-2.213279,free_exp
10:40:07.146,1,-1.965553,1.486497,-2.227734,free_exp
10:40:07.279,2,-2.575373,1.413927,-2.213077,free_exp
10:40:07.279,1,-1.965302,1.486691,-2.227693,free_exp
10:40:07.363,2,-2.575598,1.413927,-2.213211,free_exp
10:40:07.363,1,-1.965075,1.486785,-2.227783,free_exp
10:40:07.446,2,-2.575826,1.414047,-2.213775,free_exp
10:40:07.446,1,-1.964171,1.486413,-2.227997,free_exp
10:40:07.529,2,-2.576114,1.41417,-2.215213,free_exp
10:40:07.529,1,-1.962863,1.485708,-2.22902,free_exp
10:40:07.612,2,-2.575388,1.414197,-2.216895,free_exp
10:40:07.613,1,-1.959477,1.48468,-2.231023,free_exp
10:40:07.696,2,-2.574183,1.414217,-2.217471,free_exp
10:40:07.697,1,-1.958006,1.485527,-2.233407,free_exp
10:40:07.796,2,-2.571803,1.414295,-2.219078,free_exp
10:40:07.797,1,-1.955706,1.486352,-2.244508,free_exp
10:40:07.879,2,-2.567533,1.414278,-2.223078,free_exp
10:40:07.879,1,-1.956069,1.488017,-2.260375,free_exp
10:40:07.963,2,-2.564822,1.414358,-2.225783,free_exp
10:40:07.964,1,-1.957238,1.487482,-2.275951,free_exp
10:40:08.062,2,-2.560723,1.414306,-2.233184,free_exp
10:40:08.062,1,-1.960879,1.486978,-2.304673,free_exp
10:40:08.146,2,-2.559588,1.414378,-2.239229,free_exp
10:40:08.146,1,-1.968435,1.488343,-2.334276,free_exp
10:40:08.229,2,-2.560292,1.414485,-2.244422,free_exp
10:40:08.229,1,-1.977109,1.488894,-2.357789,free_exp
10:40:08.312,2,-2.567765,1.414478,-2.253876,free_exp
10:40:08.312,1,-1.984605,1.487356,-2.379185,free_exp
10:40:08.396,2,-2.573435,1.414476,-2.263445,free_exp
10:40:08.396,1,-1.98775,1.487105,-2.393185,free_exp
10:40:08.479,2,-2.589975,1.414537,-2.277066,free_exp
10:40:08.479,1,-1.988466,1.486387,-2.407201,free_exp
10:40:08.563,2,-2.601974,1.414575,-2.285356,free_exp
10:40:08.563,1,-1.986121,1.487228,-2.414507,free_exp
10:40:08.646,2,-2.627347,1.414739,-2.30809,free_exp
10:40:08.646,1,-1.980836,1.487723,-2.422951,free_exp
10:40:08.729,2,-2.645247,1.414472,-2.323472,free_exp
10:40:08.730,1,-1.971774,1.487815,-2.427228,free_exp
10:40:08.812,2,-2.669461,1.414276,-2.346228,free_exp
10:40:08.813,1,-1.951898,1.487268,-2.42655,free_exp
10:40:08.896,2,-2.693515,1.414343,-2.367323,free_exp
10:40:08.897,1,-1.941768,1.48679,-2.425047,free_exp
10:40:08.979,2,-2.716801,1.414313,-2.395131,free_exp
10:40:08.979,1,-1.926456,1.485905,-2.4224,free_exp
10:40:09.063,2,-2.735583,1.414367,-2.421571,free_exp
10:40:09.064,1,-1.916244,1.487127,-2.419906,free_exp
10:40:09.163,2,-2.758303,1.414574,-2.451851,free_exp
10:40:09.163,1,-1.905834,1.486233,-2.416939,free_exp
10:40:09.246,2,-2.78078,1.414629,-2.484762,free_exp
10:40:09.246,1,-1.892801,1.485959,-2.412744,free_exp
10:40:09.330,2,-2.790554,1.414763,-2.501126,free_exp
10:40:09.330,1,-1.887319,1.48667,-2.410993,free_exp
10:40:09.412,2,-2.801901,1.414894,-2.521361,free_exp
10:40:09.412,1,-1.879015,1.48703,-2.408955,free_exp
10:40:09.496,2,-2.810396,1.414935,-2.534354,free_exp
10:40:09.497,1,-1.873003,1.486735,-2.408061,free_exp
10:40:09.596,2,-2.819253,1.414894,-2.546039,free_exp
10:40:09.597,1,-1.865336,1.487025,-2.407207,free_exp
10:40:09.679,2,-2.82225,1.415037,-2.601334,free_exp
10:40:09.679,1,-1.860873,1.487677,-2.40817,free_exp
10:40:09.763,2,-2.823953,1.415053,-2.605637,free_exp
10:40:09.764,1,-1.859196,1.487633,-2.408983,free_exp
10:40:09.846,2,-2.824903,1.415011,-2.608422,free_exp
10:40:09.846,1,-1.856545,1.487576,-2.411039,free_exp
10:40:09.929,2,-2.824525,1.414986,-2.609885,free_exp
10:40:09.930,1,-1.854348,1.48856,-2.413148,free_exp
10:40:10.012,2,-2.823381,1.415288,-2.610409,free_exp
10:40:10.012,1,-1.853271,1.488617,-2.41602,free_exp
10:40:10.096,2,-2.822002,1.41534,-2.610532,free_exp
10:40:10.097,1,-1.8529,1.488424,-2.41775,free_exp
10:40:10.196,2,-2.812867,1.415324,-2.609993,free_exp
10:40:10.197,1,-1.852765,1.488573,-2.42027,free_exp
10:40:10.279,2,-2.804366,1.415445,-2.608192,free_exp
10:40:10.279,1,-1.853448,1.48968,-2.423158,free_exp
10:40:10.363,2,-2.799498,1.415598,-2.606398,free_exp
10:40:10.363,1,-1.853643,1.489468,-2.424137,free_exp
10:40:10.446,2,-2.793878,1.415577,-2.604748,free_exp
10:40:10.446,1,-1.855349,1.488952,-2.427778,free_exp
10:40:10.530,2,-2.790251,1.415563,-2.602601,free_exp
10:40:10.530,1,-1.856804,1.488435,-2.429707,free_exp
10:40:10.612,2,-2.787183,1.41562,-2.601176,free_exp
10:40:10.612,1,-1.858035,1.488146,-2.43172,free_exp
10:40:10.696,2,-2.78569,1.415673,-2.600304,free_exp
10:40:10.697,1,-1.858459,1.487883,-2.432438,free_exp
10:40:10.779,2,-2.783878,1.415704,-2.599612,free_exp
10:40:10.779,1,-1.859113,1.487321,-2.434322,free_exp
10:40:10.912,2,-2.783145,1.415517,-2.59919,free_exp
10:40:10.912,1,-1.860051,1.48733,-2.435999,free_exp
10:40:10.996,2,-2.782626,1.415632,-2.5991,free_exp
10:40:10.997,1,-1.86121,1.486675,-2.437178,free_exp
10:40:11.096,2,-2.781896,1.415831,-2.59924,free_exp
10:40:11.097,1,-1.862969,1.48611,-2.43871,free_exp
10:40:11.179,2,-2.781403,1.416008,-2.599456,free_exp
10:40:11.179,1,-1.863847,1.486332,-2.439743,free_exp
10:40:11.263,2,-2.780874,1.415675,-2.600879,free_exp
10:40:11.263,1,-1.864309,1.487486,-2.440209,free_exp
10:40:11.346,2,-2.779269,1.415729,-2.602846,free_exp
10:40:11.346,1,-1.864956,1.487364,-2.440938,free_exp
10:40:11.430,2,-2.778873,1.415659,-2.603014,free_exp
10:40:11.430,1,-1.865381,1.487483,-2.441521,free_exp
10:40:11.512,2,-2.777579,1.41569,-2.603376,free_exp
10:40:11.512,1,-1.865582,1.486932,-2.441971,free_exp
10:40:11.596,2,-2.776898,1.41577,-2.60378,free_exp
10:40:11.597,1,-1.865819,1.487723,-2.442056,free_exp
10:40:11.679,2,-2.775605,1.416198,-2.605462,free_exp
10:40:11.679,1,-1.866713,1.487831,-2.442035,free_exp
10:40:11.812,2,-2.774713,1.416611,-2.606392,free_exp
10:40:11.812,1,-1.86683,1.487673,-2.442124,free_exp
10:40:11.896,2,-2.774483,1.415757,-2.607406,free_exp
10:40:11.897,1,-1.866999,1.487222,-2.442188,free_exp
10:40:11.979,2,-2.773979,1.416154,-2.608569,free_exp
10:40:11.979,1,-1.867308,1.487169,-2.44217,free_exp
10:40:12.063,2,-2.773878,1.416266,-2.609219,free_exp
10:40:12.064,1,-1.867332,1.487489,-2.442033,free_exp
10:40:12.146,2,-2.77372,1.416498,-2.610032,free_exp
10:40:12.146,1,-1.867652,1.487583,-2.441987,free_exp
10:40:12.279,2,-2.773269,1.416907,-2.610724,free_exp
10:40:12.279,1,-1.868218,1.487126,-2.441639,free_exp
10:40:12.363,2,-2.773198,1.417065,-2.612001,free_exp
10:40:12.364,1,-1.868293,1.487401,-2.441608,free_exp
10:40:12.463,2,-2.772997,1.4168,-2.611781,free_exp
10:40:12.463,1,-1.869031,1.487345,-2.441486,free_exp
10:40:12.546,2,-2.77271,1.41673,-2.612027,free_exp
10:40:12.546,1,-1.870359,1.487612,-2.441448,free_exp
10:40:12.630,2,-2.772634,1.416529,-2.611991,free_exp
10:40:12.630,1,-1.870607,1.486945,-2.441553,free_exp
10:40:12.712,2,-2.772321,1.415991,-2.612238,free_exp
10:40:12.712,1,-1.871154,1.487158,-2.441444,free_exp
10:40:12.796,2,-2.772253,1.415899,-2.612588,free_exp
10:40:12.797,1,-1.871683,1.486536,-2.441376,free_exp
10:40:12.896,2,-2.772061,1.415744,-2.613044,free_exp
10:40:12.897,1,-1.872313,1.486313,-2.441303,free_exp
10:40:12.979,2,-2.77142,1.4159,-2.613542,free_exp
10:40:12.979,1,-1.873141,1.487176,-2.440918,free_exp
10:40:13.062,2,-2.771038,1.415811,-2.61371,free_exp
10:40:13.063,1,-1.873268,1.486856,-2.440832,free_exp
10:40:13.146,2,-2.770111,1.416069,-2.6152,free_exp
10:40:13.146,1,-1.87377,1.488342,-2.440734,free_exp
10:40:13.229,2,-2.769772,1.416316,-2.61502,free_exp
10:40:13.230,1,-1.874024,1.486667,-2.440664,free_exp
10:40:13.312,2,-2.76942,1.416164,-2.615427,free_exp
10:40:13.313,1,-1.874499,1.486452,-2.44053,free_exp
10:40:13.397,2,-2.769124,1.41648,-2.615736,free_exp
10:40:13.397,1,-1.8749,1.487063,-2.439981,free_exp
10:40:13.479,2,-2.768563,1.416161,-2.616754,free_exp
10:40:13.479,1,-1.875445,1.487673,-2.438906,free_exp
10:40:13.563,2,-2.768517,1.416023,-2.616903,free_exp
10:40:13.564,1,-1.876585,1.488988,-2.43803,free_exp
10:40:13.663,2,-2.767921,1.415822,-2.618006,free_exp
10:40:13.664,1,-1.877884,1.488805,-2.436486,free_exp
10:40:13.746,2,-2.767754,1.415876,-2.618537,free_exp
10:40:13.746,1,-1.878921,1.490046,-2.435463,free_exp
10:40:13.830,2,-2.767658,1.416322,-2.618574,free_exp
10:40:13.830,1,-1.879827,1.490923,-2.434402,free_exp
10:40:13.912,2,-2.767543,1.416304,-2.618559,free_exp
10:40:13.913,1,-1.881338,1.491136,-2.432104,free_exp
10:40:13.996,2,-2.767437,1.416369,-2.618858,free_exp
10:40:13.997,1,-1.882109,1.490773,-2.430629,free_exp
10:40:14.096,2,-2.767241,1.416179,-2.619098,free_exp
10:40:14.097,1,-1.882652,1.495943,-2.428814,free_exp
10:40:14.179,2,-2.767441,1.416307,-2.619239,free_exp
10:40:14.179,1,-1.883202,1.49751,-2.427226,free_exp
10:40:14.263,2,-2.767804,1.416179,-2.619727,free_exp
10:40:14.264,1,-1.884892,1.495677,-2.425502,free_exp
10:40:14.346,2,-2.768053,1.416383,-2.62016,free_exp
10:40:14.346,1,-1.885473,1.495518,-2.423392,free_exp
10:40:14.430,2,-2.768268,1.416187,-2.619808,free_exp
10:40:14.430,1,-1.885729,1.493453,-2.422994,free_exp
10:40:14.530,2,-2.769221,1.41611,-2.619414,free_exp
10:40:14.530,1,-1.885793,1.494089,-2.420494,free_exp
10:40:14.612,2,-2.769774,1.415984,-2.619231,free_exp
10:40:14.612,1,-1.886282,1.493653,-2.41968,free_exp
10:40:14.696,2,-2.770589,1.415504,-2.619174,free_exp
10:40:14.696,1,-1.886346,1.495024,-2.419123,free_exp
10:40:14.779,2,-2.771276,1.415534,-2.61905,free_exp
10:40:14.779,1,-1.886727,1.495264,-2.418243,free_exp
10:40:14.863,2,-2.772719,1.415625,-2.618041,free_exp
10:40:14.863,1,-1.886631,1.494728,-2.417672,free_exp
10:40:14.946,2,-2.773578,1.415986,-2.61775,free_exp
10:40:14.946,1,-1.88627,1.497812,-2.417252,free_exp
10:40:15.030,2,-2.77407,1.416605,-2.616829,free_exp
10:40:15.030,1,-1.886156,1.502382,-2.417018,free_exp
10:40:15.112,2,-2.774678,1.416773,-2.615823,free_exp
10:40:15.112,1,-1.886095,1.505177,-2.416919,free_exp
10:40:15.197,2,-2.775145,1.41686,-2.615668,free_exp
10:40:15.197,1,-1.88607,1.505298,-2.416844,free_exp
10:40:15.279,2,-2.775557,1.417087,-2.614041,free_exp
10:40:15.279,1,-1.88612,1.506148,-2.416746,free_exp
10:40:15.363,2,-2.775894,1.416855,-2.613841,free_exp
10:40:15.364,1,-1.886123,1.50535,-2.416738,free_exp
10:40:15.446,2,-2.776067,1.416793,-2.612082,free_exp
10:40:15.446,1,-1.886037,1.505704,-2.416761,free_exp
10:40:15.530,2,-2.775939,1.416716,-2.611216,free_exp
10:40:15.530,1,-1.885788,1.505444,-2.417171,free_exp
10:40:15.630,2,-2.775898,1.41626,-2.609749,free_exp
10:40:15.630,1,-1.885627,1.505158,-2.417379,free_exp
10:40:15.712,2,-2.77622,1.41697,-2.608701,free_exp
10:40:15.712,1,-1.885352,1.505277,-2.417641,free_exp
10:40:15.797,2,-2.776439,1.418204,-2.608106,free_exp
10:40:15.797,1,-1.885237,1.505426,-2.417892,free_exp
10:40:15.897,2,-2.776762,1.418082,-2.607738,free_exp
10:40:15.897,1,-1.885064,1.505516,-2.418247,free_exp
10:40:15.979,2,-2.777203,1.419063,-2.607573,free_exp
10:40:15.979,1,-1.885035,1.505029,-2.41855,free_exp
10:40:16.063,2,-2.777766,1.419456,-2.608154,free_exp
10:40:16.064,1,-1.885087,1.504677,-2.418716,free_exp
10:40:16.162,2,-2.777838,1.419076,-2.608202,free_exp
10:40:16.163,1,-1.884856,1.504661,-2.418725,free_exp
10:40:16.246,2,-2.778465,1.418753,-2.608464,free_exp
10:40:16.246,1,-1.884591,1.504902,-2.418852,free_exp
10:40:16.329,2,-2.778481,1.417834,-2.607928,free_exp
10:40:16.329,1,-1.884327,1.507071,-2.418898,free_exp
10:40:16.413,2,-2.778886,1.417814,-2.608584,free_exp
10:40:16.413,1,-1.883906,1.507095,-2.418551,free_exp
10:40:16.496,2,-2.779034,1.417056,-2.608681,free_exp
10:40:16.496,1,-1.883902,1.507796,-2.418344,free_exp
10:40:16.579,2,-2.779476,1.417762,-2.60885,free_exp
10:40:16.579,1,-1.883633,1.508385,-2.418035,free_exp
10:40:16.663,2,-2.779686,1.417132,-2.609708,free_exp
10:40:16.663,1,-1.883597,1.508627,-2.417902,free_exp
10:40:16.746,2,-2.780407,1.417769,-2.610047,free_exp
10:40:16.746,1,-1.883567,1.509132,-2.41756,free_exp
10:40:16.830,2,-2.780658,1.417649,-2.609491,free_exp
10:40:16.831,1,-1.883486,1.509037,-2.417288,free_exp
10:40:16.912,2,-2.781081,1.416789,-2.609546,free_exp
10:40:16.913,1,-1.883719,1.50904,-2.416541,free_exp
10:40:17.063,2,-2.782547,1.41607,-2.610314,free_exp
10:40:17.063,1,-1.883986,1.508918,-2.416155,free_exp
10:40:17.146,2,-2.783068,1.416003,-2.610737,free_exp
10:40:17.146,1,-1.884771,1.508555,-2.415451,free_exp
10:40:17.229,2,-2.783246,1.415402,-2.610023,free_exp
10:40:17.229,1,-1.88493,1.508231,-2.415348,free_exp
10:40:17.312,2,-2.783688,1.416775,-2.60994,free_exp
10:40:17.312,1,-1.885134,1.508779,-2.415254,free_exp
10:40:17.396,2,-2.784151,1.416481,-2.610197,free_exp
10:40:17.396,1,-1.885436,1.508683,-2.414844,free_exp
10:40:17.479,2,-2.784664,1.41517,-2.610241,free_exp
10:40:17.479,1,-1.885689,1.507934,-2.414837,free_exp
10:40:17.563,2,-2.785016,1.416316,-2.610151,free_exp
10:40:17.563,1,-1.885176,1.507939,-2.414043,free_exp
10:40:17.646,2,-2.786172,1.416524,-2.610215,free_exp
10:40:17.646,1,-1.885171,1.507633,-2.413933,free_exp
10:40:17.729,2,-2.786602,1.415659,-2.609688,free_exp
10:40:17.729,1,-1.884882,1.507866,-2.413894,free_exp
10:40:17.813,2,-2.787105,1.417728,-2.609922,free_exp
10:40:17.813,1,-1.884467,1.507378,-2.413925,free_exp
10:40:17.896,2,-2.787823,1.416417,-2.610773,free_exp
10:40:17.896,1,-1.884086,1.507419,-2.413825,free_exp
10:40:17.979,2,-2.788452,1.416608,-2.610165,free_exp
10:40:17.979,1,-1.883448,1.507469,-2.413904,free_exp
10:40:18.063,2,-2.789291,1.417311,-2.611046,free_exp
10:40:18.064,1,-1.883158,1.507104,-2.414019,free_exp
10:40:18.146,2,-2.790269,1.416134,-2.61047,free_exp
10:40:18.146,1,-1.882731,1.507088,-2.414094,free_exp
10:40:18.296,2,-2.791473,1.415877,-2.609459,free_exp
10:40:18.296,1,-1.882034,1.507052,-2.414333,free_exp
10:40:18.379,2,-2.793021,1.415068,-2.609823,free_exp
10:40:18.379,1,-1.88147,1.506734,-2.414763,free_exp
10:40:18.462,2,-2.794137,1.415962,-2.609756,free_exp
10:40:18.463,1,-1.881544,1.506238,-2.41479,free_exp
10:40:18.546,2,-2.795523,1.415608,-2.610559,free_exp
10:40:18.546,1,-1.881509,1.506096,-2.414962,free_exp
10:40:18.629,2,-2.79634,1.416628,-2.609902,free_exp
10:40:18.629,1,-1.881441,1.505871,-2.415316,free_exp
10:40:18.713,2,-2.797498,1.416405,-2.60933,free_exp
10:40:18.714,1,-1.881428,1.505633,-2.415489,free_exp
10:40:18.796,2,-2.798877,1.415976,-2.609203,free_exp
10:40:18.796,1,-1.8817,1.505654,-2.416034,free_exp
10:40:18.880,2,-2.799851,1.415994,-2.609446,free_exp
10:40:18.880,1,-1.881882,1.505211,-2.416045,free_exp
10:40:18.962,2,-2.800187,1.416036,-2.609252,free_exp
10:40:18.963,1,-1.882051,1.504903,-2.416444,free_exp
10:40:19.096,2,-2.801067,1.415766,-2.608092,free_exp
10:40:19.096,1,-1.883613,1.504757,-2.417718,free_exp
10:40:19.180,2,-2.801105,1.414966,-2.607736,free_exp
10:40:19.180,1,-1.884847,1.504538,-2.418692,free_exp
10:40:19.263,2,-2.801318,1.416541,-2.607768,free_exp
10:40:19.263,1,-1.885362,1.50448,-2.418878,free_exp
10:40:19.347,2,-2.801288,1.417063,-2.607759,free_exp
10:40:19.347,1,-1.88666,1.504713,-2.419612,free_exp
10:40:19.429,2,-2.801277,1.417195,-2.606937,free_exp
10:40:19.429,1,-1.887426,1.50449,-2.420047,free_exp
10:40:19.513,2,-2.801109,1.416072,-2.60679,free_exp
10:40:19.514,1,-1.888931,1.504324,-2.420464,free_exp
10:40:19.596,2,-2.800558,1.416536,-2.606756,free_exp
10:40:19.596,1,-1.892655,1.504571,-2.421973,free_exp
10:40:19.747,2,-2.7994,1.414958,-2.606716,free_exp
10:40:19.747,1,-1.895925,1.50443,-2.423117,free_exp
10:40:19.829,2,-2.798535,1.415218,-2.606553,free_exp
10:40:19.829,1,-1.897535,1.504366,-2.424703,free_exp
10:40:19.914,2,-2.796952,1.415179,-2.606145,free_exp
10:40:19.914,1,-1.898994,1.504421,-2.425121,free_exp
10:40:19.996,2,-2.795784,1.416098,-2.605879,free_exp
10:40:19.996,1,-1.899522,1.504612,-2.425124,free_exp
10:40:20.080,2,-2.79402,1.419908,-2.605061,free_exp
10:40:20.080,1,-1.900058,1.505352,-2.425443,free_exp
10:40:20.163,2,-2.793351,1.423399,-2.60469,free_exp
10:40:20.163,1,-1.900418,1.505756,-2.425024,free_exp
10:40:20.247,2,-2.791373,1.419839,-2.604385,free_exp
10:40:20.247,1,-1.901588,1.506079,-2.425364,free_exp
10:40:20.329,2,-2.789434,1.418552,-2.60313,free_exp
10:40:20.329,1,-1.901762,1.505848,-2.425416,free_exp
10:40:20.479,2,-2.786827,1.415453,-2.601886,free_exp
10:40:20.480,1,-1.902154,1.505687,-2.425145,free_exp
10:40:20.563,2,-2.785971,1.412524,-2.601746,free_exp
10:40:20.563,1,-1.902171,1.50601,-2.424603,free_exp
10:40:20.646,2,-2.78426,1.412088,-2.599563,free_exp
10:40:20.646,1,-1.902599,1.506197,-2.423787,free_exp
10:40:20.730,2,-2.783112,1.412039,-2.598472,free_exp
10:40:20.730,1,-1.902648,1.506735,-2.423638,free_exp
10:40:20.813,2,-2.780916,1.412985,-2.596897,free_exp
10:40:20.813,1,-1.903437,1.50685,-2.422307,free_exp
10:40:20.896,2,-2.77987,1.40688,-2.596166,free_exp
10:40:20.897,1,-1.90383,1.507557,-2.421866,free_exp
10:40:20.979,2,-2.778154,1.408513,-2.59526,free_exp
10:40:20.979,1,-1.90417,1.506856,-2.420984,free_exp
10:40:21.063,2,-2.777237,1.406506,-2.595581,free_exp
10:40:21.064,1,-1.904253,1.506707,-2.420228,free_exp
10:40:21.146,2,-2.774934,1.407901,-2.594495,free_exp
10:40:21.146,1,-1.903958,1.506895,-2.418555,free_exp
10:40:21.296,2,-2.771406,1.406803,-2.592771,free_exp
10:40:21.297,1,-1.903928,1.506504,-2.417688,free_exp
10:40:21.379,2,-2.770053,1.399595,-2.592335,free_exp
10:40:21.379,1,-1.903841,1.507372,-2.416832,free_exp
10:40:21.463,2,-2.769422,1.400809,-2.592384,free_exp
10:40:21.463,1,-1.903736,1.507236,-2.416235,free_exp
10:40:21.546,2,-2.768599,1.401566,-2.592201,free_exp
10:40:21.546,1,-1.903227,1.506894,-2.415479,free_exp
10:40:21.629,2,-2.768365,1.403476,-2.592057,free_exp
10:40:21.629,1,-1.902915,1.506905,-2.414908,free_exp
10:40:21.713,2,-2.768091,1.40646,-2.592167,free_exp
10:40:21.714,1,-1.902417,1.506511,-2.414687,free_exp
10:40:21.796,2,-2.768213,1.406853,-2.592345,free_exp
10:40:21.796,1,-1.901897,1.505934,-2.41426,free_exp
10:40:21.880,2,-2.768324,1.406474,-2.592172,free_exp
10:40:21.880,1,-1.900983,1.505812,-2.413886,free_exp
10:40:21.963,2,-2.768444,1.406496,-2.592245,free_exp
10:40:21.963,1,-1.900238,1.506067,-2.413662,free_exp
10:40:22.047,2,-2.769117,1.40601,-2.59346,free_exp
10:40:22.047,1,-1.898721,1.505484,-2.414142,free_exp
10:40:22.129,2,-2.770177,1.405894,-2.59341,free_exp
10:40:22.129,1,-1.897489,1.506132,-2.413898,free_exp
10:40:22.213,2,-2.771361,1.405546,-2.594963,free_exp
10:40:22.214,1,-1.895653,1.505947,-2.414293,free_exp
10:40:22.313,2,-2.774936,1.4057,-2.598008,free_exp
10:40:22.314,1,-1.895089,1.505954,-2.414572,free_exp
10:40:22.396,2,-2.776212,1.405869,-2.599431,free_exp
10:40:22.396,1,-1.894483,1.505476,-2.414877,free_exp
10:40:22.479,2,-2.778322,1.405884,-2.602983,free_exp
10:40:22.480,1,-1.892759,1.505152,-2.415027,free_exp
10:40:22.563,2,-2.779673,1.406145,-2.604772,free_exp
10:40:22.563,1,-1.891859,1.504701,-2.415122,free_exp
10:40:22.647,2,-2.782749,1.406491,-2.607011,free_exp
10:40:22.647,1,-1.890351,1.504429,-2.415429,free_exp
10:40:22.729,2,-2.782605,1.407078,-2.607501,free_exp
10:40:22.729,1,-1.889801,1.504472,-2.416119,free_exp
10:40:22.863,2,-2.780943,1.407071,-2.609403,free_exp
10:40:22.863,1,-1.889334,1.503818,-2.416881,free_exp
10:40:22.947,2,-2.777321,1.407578,-2.610071,free_exp
10:40:22.947,1,-1.888905,1.500373,-2.417689,free_exp
10:40:23.047,2,-2.761657,1.407781,-2.61257,free_exp
10:40:23.047,1,-1.888994,1.500262,-2.419349,free_exp
10:40:23.129,2,-2.747828,1.407684,-2.613155,free_exp
10:40:23.129,1,-1.889326,1.499882,-2.420233,free_exp
10:40:23.213,2,-2.73105,1.407851,-2.617328,free_exp
10:40:23.213,1,-1.889628,1.499485,-2.420927,free_exp
10:40:23.296,2,-2.700153,1.407924,-2.623181,free_exp
10:40:23.297,1,-1.889793,1.499467,-2.421686,free_exp
10:40:23.379,2,-2.667609,1.40763,-2.629957,free_exp
10:40:23.379,1,-1.889821,1.499542,-2.422165,free_exp
10:40:23.463,2,-2.639123,1.407562,-2.639202,free_exp
10:40:23.464,1,-1.889813,1.499286,-2.422419,free_exp
10:40:23.563,2,-2.612006,1.407037,-2.652533,free_exp
10:40:23.564,1,-1.889998,1.499237,-2.423464,free_exp
10:40:23.646,2,-2.583573,1.406712,-2.664345,free_exp
10:40:23.646,1,-1.8895,1.499246,-2.42453,free_exp
10:40:23.730,2,-2.566482,1.406286,-2.67189,free_exp
10:40:23.730,1,-1.888854,1.499254,-2.425325,free_exp
10:40:23.813,2,-2.541681,1.404836,-2.687747,free_exp
10:40:23.813,1,-1.887494,1.499216,-2.426887,free_exp
10:40:23.897,2,-2.521342,1.4044,-2.701084,free_exp
10:40:23.897,1,-1.886129,1.499278,-2.427137,free_exp
10:40:23.979,2,-2.50018,1.400559,-2.715779,free_exp
10:40:23.979,1,-1.88483,1.499332,-2.427626,free_exp
10:40:24.063,2,-2.486132,1.396134,-2.725227,free_exp
10:40:24.064,1,-1.883831,1.499467,-2.427197,free_exp
10:40:24.163,2,-2.470555,1.394324,-2.736339,free_exp
10:40:24.164,1,-1.882356,1.499438,-2.427323,free_exp
10:40:24.246,2,-2.457684,1.393704,-2.745354,free_exp
10:40:24.246,1,-1.881388,1.499363,-2.427148,free_exp
10:40:24.330,2,-2.452051,1.396162,-2.750542,free_exp
10:40:24.330,1,-1.880894,1.499328,-2.427223,free_exp
10:40:24.412,2,-2.445036,1.395326,-2.756375,free_exp
10:40:24.413,1,-1.879556,1.499209,-2.42738,free_exp
10:40:24.497,2,-2.44194,1.394227,-2.758731,free_exp
10:40:24.497,1,-1.878633,1.499172,-2.427268,free_exp
10:40:24.579,2,-2.438239,1.39517,-2.762414,free_exp
10:40:24.579,1,-1.876932,1.498928,-2.427216,free_exp
10:40:24.663,2,-2.436234,1.396747,-2.765022,free_exp
10:40:24.664,1,-1.875508,1.498734,-2.426514,free_exp
10:40:24.764,2,-2.43398,1.397289,-2.769468,free_exp
10:40:24.764,1,-1.873591,1.498729,-2.426292,free_exp
10:40:24.863,2,-2.433421,1.399394,-2.772024,free_exp
10:40:24.864,1,-1.871299,1.49862,-2.425524,free_exp
10:40:24.946,2,-2.433247,1.400594,-2.774239,free_exp
10:40:24.946,1,-1.867396,1.498505,-2.424868,free_exp
10:40:25.029,2,-2.43373,1.401143,-2.775011,free_exp
10:40:25.030,1,-1.864581,1.498773,-2.424674,free_exp
10:40:25.113,2,-2.43477,1.401564,-2.775472,free_exp
10:40:25.113,1,-1.858378,1.498957,-2.423862,free_exp
10:40:25.196,2,-2.436209,1.402075,-2.776531,free_exp
10:40:25.197,1,-1.854105,1.498664,-2.424063,free_exp
10:40:25.279,2,-2.438651,1.401759,-2.778501,free_exp
10:40:25.279,1,-1.847018,1.499209,-2.423024,free_exp
10:40:25.363,2,-2.440136,1.402211,-2.778648,free_exp
10:40:25.363,1,-1.841867,1.499334,-2.421973,free_exp
10:40:25.446,2,-2.441867,1.402528,-2.7796,free_exp
10:40:25.446,1,-1.838597,1.499184,-2.42213,free_exp
10:40:25.530,2,-2.443439,1.402865,-2.780058,free_exp
10:40:25.530,1,-1.834039,1.49927,-2.421447,free_exp
10:40:25.613,2,-2.444445,1.402598,-2.780932,free_exp
10:40:25.613,1,-1.830129,1.499486,-2.421645,free_exp
10:40:25.697,2,-2.444972,1.40284,-2.781377,free_exp
10:40:25.697,1,-1.827881,1.500093,-2.421683,free_exp
10:40:25.797,2,-2.446306,1.403033,-2.782232,free_exp
10:40:25.797,1,-1.824956,1.500095,-2.421914,free_exp
10:40:25.879,2,-2.447769,1.402927,-2.782356,free_exp
10:40:25.879,1,-1.820584,1.500061,-2.422616,free_exp
10:40:25.963,2,-2.448022,1.403038,-2.782302,free_exp
10:40:25.963,1,-1.819054,1.49989,-2.422374,free_exp
10:40:26.046,2,-2.448556,1.403209,-2.782335,free_exp
10:40:26.046,1,-1.815963,1.499863,-2.422346,free_exp
10:40:26.130,2,-2.448598,1.4023,-2.782378,free_exp
10:40:26.131,1,-1.813155,1.500198,-2.422516,free_exp
10:40:26.213,2,-2.447361,1.402523,-2.781929,free_exp
10:40:26.213,1,-1.808958,1.500758,-2.422077,free_exp
10:40:26.297,2,-2.447383,1.402072,-2.782036,free_exp
10:40:26.297,1,-1.806404,1.500672,-2.421516,free_exp
10:40:26.379,2,-2.447013,1.401781,-2.78215,free_exp
10:40:26.380,1,-1.801042,1.500998,-2.419882,free_exp
10:40:26.464,2,-2.445789,1.40121,-2.781889,free_exp
10:40:26.464,1,-1.797926,1.501444,-2.418296,free_exp
10:40:26.546,2,-2.443718,1.400174,-2.78089,free_exp
10:40:26.546,1,-1.790887,1.501865,-2.417377,free_exp
10:40:26.630,2,-2.442929,1.400419,-2.78053,free_exp
10:40:26.630,1,-1.787023,1.501565,-2.416593,free_exp
10:40:26.713,2,-2.441534,1.400651,-2.780422,free_exp
10:40:26.713,1,-1.783467,1.501757,-2.414478,free_exp
10:40:26.797,2,-2.440514,1.400541,-2.780463,free_exp
10:40:26.797,1,-1.780355,1.501685,-2.41359,free_exp
10:40:26.897,2,-2.439397,1.400205,-2.780609,free_exp
10:40:26.897,1,-1.775292,1.501789,-2.412124,free_exp
10:40:26.997,2,-2.438533,1.400332,-2.780112,free_exp
10:40:26.997,1,-1.772851,1.501839,-2.410307,free_exp
10:40:27.079,2,-2.437199,1.400661,-2.77979,free_exp
10:40:27.079,1,-1.771061,1.502012,-2.408331,free_exp
10:40:27.163,2,-2.435961,1.400871,-2.779965,free_exp
10:40:27.163,1,-1.770196,1.501702,-2.406848,free_exp
10:40:27.246,2,-2.433754,1.400909,-2.780284,free_exp
10:40:27.246,1,-1.768395,1.501822,-2.404097,free_exp
10:40:27.330,2,-2.43355,1.400877,-2.780085,free_exp
10:40:27.330,1,-1.768008,1.501794,-2.403585,free_exp
10:40:27.413,2,-2.432436,1.400922,-2.779886,free_exp
10:40:27.413,1,-1.767241,1.501289,-2.402715,free_exp
10:40:27.497,2,-2.43188,1.400694,-2.779639,free_exp
10:40:27.497,1,-1.766309,1.50097,-2.402704,free_exp
10:40:27.579,2,-2.431541,1.40022,-2.779326,free_exp
10:40:27.579,1,-1.764324,1.500855,-2.401972,free_exp
10:40:27.663,2,-2.431173,1.400359,-2.778911,free_exp
10:40:27.664,1,-1.763722,1.500469,-2.401807,free_exp
10:40:27.746,2,-2.431118,1.399931,-2.778476,free_exp
10:40:27.746,1,-1.76252,1.499991,-2.401259,free_exp
10:40:27.830,2,-2.431164,1.400253,-2.778187,free_exp
10:40:27.830,1,-1.761274,1.499566,-2.401001,free_exp
10:40:27.913,2,-2.431013,1.40022,-2.777751,free_exp
10:40:27.913,1,-1.757752,1.499054,-2.401031,free_exp
10:40:27.997,2,-2.430935,1.399989,-2.777362,free_exp
10:40:27.997,1,-1.757012,1.498957,-2.401118,free_exp
10:40:28.080,2,-2.430842,1.399785,-2.77677,free_exp
10:40:28.080,1,-1.755133,1.498761,-2.400666,free_exp
10:40:28.163,2,-2.430184,1.399393,-2.776352,free_exp
10:40:28.163,1,-1.753933,1.499038,-2.400771,free_exp
10:40:28.246,2,-2.43013,1.399388,-2.775399,free_exp
10:40:28.246,1,-1.752868,1.498783,-2.400432,free_exp
10:40:28.329,2,-2.43046,1.399461,-2.774593,free_exp
10:40:28.330,1,-1.751966,1.498644,-2.400683,free_exp
10:40:28.413,2,-2.430446,1.399777,-2.774081,free_exp
10:40:28.413,1,-1.750612,1.498825,-2.400872,free_exp
10:40:28.496,2,-2.430233,1.399839,-2.773591,free_exp
10:40:28.497,1,-1.750469,1.498889,-2.400584,free_exp
10:40:28.579,2,-2.429828,1.399987,-2.773348,free_exp
10:40:28.579,1,-1.749917,1.499093,-2.400518,free_exp
10:40:28.663,2,-2.429035,1.400247,-2.773054,free_exp
10:40:28.663,1,-1.749525,1.499129,-2.400425,free_exp
10:40:28.746,2,-2.428554,1.399868,-2.773177,free_exp
10:40:28.746,1,-1.749435,1.499109,-2.400683,free_exp
10:40:28.829,2,-2.428275,1.399431,-2.773078,free_exp
10:40:28.830,1,-1.749413,1.498872,-2.400878,free_exp
10:40:28.913,2,-2.428015,1.398075,-2.772723,free_exp
10:40:28.913,1,-1.749396,1.499015,-2.400837,free_exp
10:40:28.997,2,-2.428364,1.397978,-2.772563,free_exp
10:40:28.997,1,-1.749373,1.499144,-2.401208,free_exp
10:40:29.079,2,-2.429666,1.397937,-2.772673,free_exp
10:40:29.079,1,-1.749413,1.49919,-2.401258,free_exp
10:40:29.163,2,-2.43013,1.398284,-2.772675,free_exp
10:40:29.164,1,-1.74955,1.499446,-2.401366,free_exp
10:40:29.246,2,-2.430543,1.398537,-2.772788,free_exp
10:40:29.246,1,-1.749587,1.499772,-2.40167,free_exp
10:40:29.330,2,-2.43119,1.398181,-2.772796,free_exp
10:40:29.331,1,-1.749737,1.499839,-2.402405,free_exp
10:40:29.413,2,-2.431673,1.397566,-2.772728,free_exp
10:40:29.413,1,-1.750097,1.500265,-2.402551,free_exp
10:40:29.497,2,-2.431803,1.398103,-2.772751,free_exp
10:40:29.497,1,-1.750167,1.500736,-2.402799,free_exp
10:40:29.580,2,-2.43194,1.398565,-2.772891,free_exp
10:40:29.580,1,-1.750744,1.500957,-2.403056,free_exp
10:40:29.662,2,-2.431941,1.398463,-2.773022,free_exp
10:40:29.663,1,-1.751448,1.501381,-2.403042,free_exp
10:40:29.746,2,-2.431865,1.398554,-2.773352,free_exp
10:40:29.746,1,-1.752435,1.501901,-2.403513,free_exp
10:40:29.829,2,-2.431749,1.398452,-2.773574,free_exp
10:40:29.830,1,-1.752963,1.502369,-2.404347,free_exp
10:40:29.913,2,-2.431622,1.398778,-2.773576,free_exp
10:40:29.913,1,-1.753261,1.504119,-2.404439,free_exp
10:40:29.997,2,-2.431501,1.398651,-2.773671,free_exp
10:40:29.997,1,-1.753579,1.505423,-2.404452,free_exp
10:40:30.079,2,-2.431561,1.39949,-2.773434,free_exp
10:40:30.079,1,-1.754007,1.505522,-2.404353,free_exp
10:40:30.163,2,-2.431585,1.399893,-2.773428,free_exp
10:40:30.164,1,-1.754325,1.504685,-2.404379,free_exp
10:40:30.246,2,-2.431766,1.399925,-2.773862,free_exp
10:40:30.246,1,-1.754889,1.504191,-2.404671,free_exp
10:40:30.330,2,-2.431945,1.399701,-2.774074,free_exp
10:40:30.330,1,-1.755378,1.50393,-2.405076,free_exp
10:40:30.413,2,-2.432409,1.399975,-2.77419,free_exp
10:40:30.413,1,-1.755898,1.503755,-2.405234,free_exp
10:40:30.497,2,-2.432677,1.400237,-2.774317,free_exp
10:40:30.497,1,-1.756133,1.504231,-2.405416,free_exp
10:40:30.579,2,-2.433099,1.400342,-2.774542,free_exp
10:40:30.580,1,-1.756407,1.503732,-2.405377,free_exp
10:40:30.663,2,-2.433471,1.400501,-2.774651,free_exp
10:40:30.664,1,-1.75681,1.503526,-2.405121,free_exp
10:40:30.746,2,-2.433842,1.399305,-2.774767,free_exp
10:40:30.746,1,-1.757103,1.503471,-2.404821,free_exp
10:40:30.830,2,-2.434072,1.397221,-2.774907,free_exp
10:40:30.831,1,-1.757396,1.504258,-2.40473,free_exp
10:40:30.913,2,-2.434556,1.397441,-2.77515,free_exp
10:40:30.913,1,-1.758116,1.504654,-2.403614,free_exp
10:40:30.997,2,-2.434866,1.399085,-2.775536,free_exp
10:40:30.997,1,-1.758639,1.505362,-2.402883,free_exp
10:40:31.079,2,-2.435273,1.398382,-2.775965,free_exp
10:40:31.080,1,-1.759226,1.506176,-2.402685,free_exp
10:40:31.230,2,-2.436322,1.396479,-2.776361,free_exp
10:40:31.231,1,-1.759697,1.505815,-2.402587,free_exp
10:40:31.313,2,-2.436814,1.396413,-2.776884,free_exp
10:40:31.313,1,-1.759772,1.506639,-2.402475,free_exp
10:40:31.397,2,-2.437351,1.395974,-2.777155,free_exp
10:40:31.397,1,-1.76001,1.507155,-2.402254,free_exp
10:40:31.497,2,-2.437735,1.396063,-2.777368,free_exp
10:40:31.497,1,-1.760113,1.507402,-2.401719,free_exp
10:40:31.579,2,-2.438439,1.396672,-2.777405,free_exp
10:40:31.579,1,-1.760431,1.506927,-2.401574,free_exp
10:40:31.663,2,-2.438666,1.397024,-2.777343,free_exp
10:40:31.664,1,-1.760677,1.506546,-2.40127,free_exp
10:40:31.746,2,-2.439144,1.397134,-2.777473,free_exp
10:40:31.746,1,-1.760789,1.505876,-2.40105,free_exp
10:40:31.830,2,-2.439227,1.397951,-2.777494,free_exp
10:40:31.830,1,-1.760852,1.505697,-2.40087,free_exp
10:40:31.913,2,-2.439105,1.39878,-2.777657,free_exp
10:40:31.913,1,-1.760749,1.50422,-2.399766,free_exp
10:40:31.997,2,-2.439127,1.399229,-2.778059,free_exp
10:40:31.997,1,-1.760675,1.504252,-2.399466,free_exp
10:40:32.079,2,-2.439025,1.399888,-2.778726,free_exp
10:40:32.080,1,-1.760689,1.504064,-2.399088,free_exp
10:40:32.163,2,-2.44006,1.399961,-2.780498,free_exp
10:40:32.164,1,-1.760477,1.503596,-2.399081,free_exp
10:40:32.246,2,-2.439007,1.39999,-2.781717,free_exp
10:40:32.246,1,-1.760115,1.503306,-2.3986,free_exp
10:40:32.396,2,-2.438658,1.400029,-2.782238,free_exp
10:40:32.397,1,-1.759422,1.503191,-2.398709,free_exp
10:40:32.479,2,-2.439879,1.399943,-2.784146,free_exp
10:40:32.479,1,-1.758673,1.503078,-2.398824,free_exp
10:40:32.563,2,-2.440699,1.399888,-2.78554,free_exp
10:40:32.564,1,-1.757698,1.50251,-2.399286,free_exp
10:40:32.646,2,-2.441723,1.400113,-2.787057,free_exp
10:40:32.646,1,-1.756826,1.502418,-2.400196,free_exp
10:40:32.730,2,-2.442185,1.400471,-2.787476,free_exp
10:40:32.730,1,-1.756105,1.502215,-2.400521,free_exp
10:40:32.813,2,-2.442348,1.401318,-2.788055,free_exp
10:40:32.813,1,-1.755775,1.502034,-2.400682,free_exp
10:40:32.897,2,-2.442145,1.402076,-2.788257,free_exp
10:40:32.897,1,-1.755171,1.501923,-2.400613,free_exp
10:40:32.979,2,-2.441187,1.402652,-2.788094,free_exp
10:40:32.979,1,-1.754533,1.501762,-2.400781,free_exp
10:40:33.063,2,-2.440546,1.403482,-2.788535,free_exp
10:40:33.063,1,-1.754212,1.50169,-2.401084,free_exp
10:40:33.147,2,-2.43961,1.404404,-2.788935,free_exp
10:40:33.147,1,-1.753524,1.501464,-2.401048,free_exp
10:40:33.230,2,-2.439118,1.40504,-2.789115,free_exp
10:40:33.231,1,-1.752981,1.501357,-2.401314,free_exp
10:40:33.313,2,-2.437654,1.40527,-2.789296,free_exp
10:40:33.313,1,-1.752319,1.501211,-2.401232,free_exp
10:40:33.397,2,-2.436521,1.405487,-2.78959,free_exp
10:40:33.397,1,-1.752143,1.501154,-2.401239,free_exp
10:40:33.480,2,-2.435589,1.40552,-2.789667,free_exp
10:40:33.480,1,-1.751976,1.500961,-2.401331,free_exp
10:40:33.563,2,-2.434355,1.406115,-2.789767,free_exp
10:40:33.563,1,-1.751831,1.500591,-2.401273,free_exp
10:40:33.646,2,-2.432735,1.407212,-2.790274,free_exp
10:40:33.646,1,-1.751658,1.500632,-2.401191,free_exp
10:40:33.729,2,-2.43222,1.407376,-2.7906,free_exp
10:40:33.730,1,-1.751386,1.500786,-2.401246,free_exp
10:40:33.813,2,-2.431449,1.407671,-2.790802,free_exp
10:40:33.813,1,-1.75129,1.501956,-2.40115,free_exp
10:40:33.896,2,-2.430968,1.407499,-2.791063,free_exp
10:40:33.896,1,-1.751174,1.503337,-2.401286,free_exp
10:40:33.980,2,-2.430556,1.407432,-2.791348,free_exp
10:40:33.980,1,-1.751121,1.505297,-2.401578,free_exp
10:40:34.063,2,-2.430428,1.408101,-2.791339,free_exp
10:40:34.063,1,-1.751377,1.506304,-2.401751,free_exp
10:40:34.146,2,-2.430415,1.409084,-2.791268,free_exp
10:40:34.146,1,-1.75198,1.510039,-2.402564,free_exp
10:40:34.230,2,-2.430761,1.410872,-2.791128,free_exp
10:40:34.230,1,-1.752344,1.510862,-2.402809,free_exp
10:40:34.313,2,-2.431586,1.411255,-2.790562,free_exp
10:40:34.313,1,-1.753528,1.511642,-2.402803,free_exp
10:40:34.397,2,-2.433013,1.414774,-2.789666,free_exp
10:40:34.397,1,-1.754999,1.513056,-2.402393,free_exp
10:40:34.479,2,-2.43385,1.415379,-2.7894,free_exp
10:40:34.480,1,-1.757921,1.517142,-2.402501,free_exp
10:40:34.564,2,-2.434569,1.414428,-2.78951,free_exp
10:40:34.564,1,-1.76047,1.519582,-2.40233,free_exp
10:40:34.646,2,-2.435589,1.408806,-2.78909,free_exp
10:40:34.646,1,-1.761827,1.524395,-2.401689,free_exp
10:40:34.730,2,-2.436091,1.409762,-2.788961,free_exp
10:40:34.731,1,-1.762588,1.5243,-2.401545,free_exp
10:40:34.813,2,-2.437062,1.404563,-2.788463,free_exp
10:40:34.813,1,-1.764431,1.520251,-2.401051,free_exp
10:40:34.897,2,-2.437753,1.403726,-2.788341,free_exp
10:40:34.897,1,-1.765573,1.519908,-2.400489,free_exp
10:40:34.979,2,-2.438625,1.415273,-2.787883,free_exp
10:40:34.980,1,-1.766991,1.519988,-2.399869,free_exp
10:40:35.130,2,-2.440593,1.420434,-2.788121,free_exp
10:40:35.131,1,-1.769427,1.516499,-2.399292,free_exp
10:40:35.213,2,-2.441855,1.425183,-2.788223,free_exp
10:40:35.213,1,-1.770445,1.509522,-2.399025,free_exp
10:40:35.297,2,-2.442748,1.425836,-2.788474,free_exp
10:40:35.297,1,-1.771345,1.506403,-2.398936,free_exp
10:40:35.379,2,-2.443614,1.42518,-2.789095,free_exp
10:40:35.380,1,-1.772067,1.50526,-2.398782,free_exp
10:40:35.463,2,-2.444379,1.42296,-2.789285,free_exp
10:40:35.463,1,-1.772435,1.503467,-2.398802,free_exp
10:40:35.547,2,-2.445718,1.42341,-2.789493,free_exp
10:40:35.547,1,-1.772494,1.503219,-2.398693,free_exp
10:40:35.629,2,-2.446357,1.425424,-2.789841,free_exp
10:40:35.630,1,-1.771915,1.499665,-2.398559,free_exp
10:40:35.713,2,-2.446741,1.430555,-2.790141,free_exp
10:40:35.714,1,-1.771323,1.501099,-2.398593,free_exp
10:40:35.814,2,-2.447053,1.434873,-2.790181,free_exp
10:40:35.814,1,-1.77116,1.499851,-2.398258,free_exp
10:40:35.896,2,-2.447642,1.435993,-2.789878,free_exp
10:40:35.896,1,-1.771142,1.498951,-2.398244,free_exp
10:40:35.980,2,-2.447726,1.435555,-2.789632,free_exp
10:40:35.980,1,-1.770854,1.497876,-2.398549,free_exp
10:40:36.063,2,-2.447737,1.452247,-2.789584,free_exp
10:40:36.063,1,-1.770777,1.498119,-2.398821,free_exp
10:40:36.146,2,-2.44754,1.458745,-2.789032,free_exp
10:40:36.147,1,-1.770904,1.498441,-2.399093,free_exp
10:40:36.230,2,-2.447496,1.462471,-2.789002,free_exp
10:40:36.231,1,-1.771211,1.498004,-2.399315,free_exp
10:40:36.313,2,-2.446727,1.463808,-2.7881,free_exp
10:40:36.313,1,-1.771451,1.497723,-2.399591,free_exp
10:40:36.397,2,-2.446383,1.464348,-2.787159,free_exp
10:40:36.397,1,-1.771318,1.496146,-2.399667,free_exp
10:40:36.479,2,-2.44617,1.464557,-2.787382,free_exp
10:40:36.480,1,-1.771361,1.494822,-2.399862,free_exp
10:40:36.563,2,-2.444824,1.465454,-2.785922,free_exp
10:40:36.564,1,-1.771416,1.494759,-2.399988,free_exp
10:40:36.646,2,-2.443813,1.465344,-2.785993,free_exp
10:40:36.646,1,-1.771564,1.496614,-2.400166,free_exp
10:40:36.729,2,-2.443331,1.464604,-2.785539,free_exp
10:40:36.730,1,-1.771742,1.497032,-2.400514,free_exp
10:40:36.813,2,-2.443516,1.462176,-2.785746,free_exp
10:40:36.813,1,-1.772799,1.498943,-2.401387,free_exp
10:40:36.896,2,-2.44337,1.462291,-2.785538,free_exp
10:40:36.897,1,-1.7733,1.500038,-2.401747,free_exp
10:40:36.980,2,-2.443016,1.460866,-2.784688,free_exp
10:40:36.980,1,-1.773732,1.500872,-2.402074,free_exp
10:40:37.063,2,-2.442821,1.459522,-2.784479,free_exp
10:40:37.063,1,-1.773835,1.500729,-2.402545,free_exp
10:40:37.147,2,-2.442203,1.4589,-2.78439,free_exp
10:40:37.147,1,-1.774074,1.501451,-2.402993,free_exp
10:40:37.229,2,-2.441659,1.458516,-2.784158,free_exp
10:40:37.230,1,-1.774447,1.501762,-2.402931,free_exp
10:40:37.313,2,-2.440899,1.458145,-2.783517,free_exp
10:40:37.314,1,-1.774681,1.501752,-2.40339,free_exp
10:40:37.396,2,-2.44023,1.458147,-2.783421,free_exp
10:40:37.397,1,-1.775129,1.502267,-2.403795,free_exp
10:40:37.479,2,-2.439317,1.45842,-2.782716,free_exp
10:40:37.480,1,-1.775327,1.502739,-2.403933,free_exp
10:40:37.563,2,-2.439078,1.458074,-2.782324,free_exp
10:40:37.564,1,-1.775757,1.502834,-2.404005,free_exp
10:40:37.646,2,-2.438362,1.458516,-2.781973,free_exp
10:40:37.646,1,-1.775979,1.503518,-2.404159,free_exp
10:40:37.779,2,-2.437522,1.458859,-2.781546,free_exp
10:40:37.780,1,-1.776062,1.503604,-2.404182,free_exp
10:40:37.863,2,-2.437189,1.459491,-2.780986,free_exp
10:40:37.864,1,-1.776072,1.503717,-2.40404,free_exp
10:40:37.946,2,-2.436982,1.459621,-2.780763,free_exp
10:40:37.946,1,-1.775963,1.50372,-2.404211,free_exp
10:40:38.030,2,-2.436755,1.459498,-2.780525,free_exp
10:40:38.030,1,-1.775864,1.503506,-2.40404,free_exp
10:40:38.113,2,-2.436499,1.459797,-2.780296,free_exp
10:40:38.113,1,-1.775277,1.503837,-2.404007,free_exp
10:40:38.197,2,-2.436317,1.459509,-2.780163,free_exp
10:40:38.197,1,-1.774997,1.503827,-2.403958,free_exp
10:40:38.297,2,-2.436156,1.459755,-2.779557,free_exp
10:40:38.297,1,-1.775113,1.503798,-2.403687,free_exp
10:40:38.380,2,-2.435813,1.459542,-2.779239,free_exp
10:40:38.380,1,-1.775015,1.5038,-2.403388,free_exp
10:40:38.464,2,-2.435175,1.459642,-2.779282,free_exp
10:40:38.464,1,-1.775325,1.503661,-2.4028,free_exp
10:40:38.546,2,-2.434669,1.459953,-2.778987,free_exp
10:40:38.546,1,-1.775143,1.502092,-2.402585,free_exp
10:40:38.630,2,-2.434552,1.459653,-2.778943,free_exp
10:40:38.630,1,-1.774735,1.501822,-2.401858,free_exp
10:40:38.713,2,-2.434197,1.459883,-2.778568,free_exp
10:40:38.713,1,-1.774441,1.500641,-2.400791,free_exp
10:40:38.797,2,-2.433729,1.46006,-2.778469,free_exp
10:40:38.797,1,-1.774591,1.501678,-2.400233,free_exp
10:40:38.880,2,-2.433257,1.460103,-2.778334,free_exp
10:40:38.880,1,-1.774819,1.501582,-2.400041,free_exp
10:40:39.030,2,-2.432831,1.460176,-2.777531,free_exp
10:40:39.031,1,-1.775222,1.500441,-2.398911,free_exp
10:40:39.113,2,-2.432511,1.460059,-2.776851,free_exp
10:40:39.113,1,-1.775486,1.500732,-2.398509,free_exp
10:40:39.197,2,-2.431466,1.459892,-2.776122,free_exp
10:40:39.197,1,-1.775582,1.500136,-2.398486,free_exp
10:40:39.279,2,-2.430721,1.459908,-2.775187,free_exp
10:40:39.280,1,-1.775805,1.499311,-2.398147,free_exp
10:40:39.363,2,-2.430493,1.459868,-2.774683,free_exp
10:40:39.364,1,-1.776024,1.499393,-2.398023,free_exp
10:40:39.464,2,-2.430087,1.459312,-2.773631,free_exp
10:40:39.464,1,-1.776116,1.498615,-2.397875,free_exp
10:40:39.546,2,-2.428929,1.459641,-2.77226,free_exp
10:40:39.546,1,-1.776007,1.498958,-2.397712,free_exp
10:40:39.630,2,-2.428754,1.459606,-2.771381,free_exp
10:40:39.631,1,-1.775918,1.499067,-2.397368,free_exp
10:40:39.713,2,-2.428375,1.45961,-2.770164,free_exp
10:40:39.713,1,-1.775921,1.49878,-2.396971,free_exp
10:40:39.797,2,-2.427975,1.459131,-2.76952,free_exp
10:40:39.797,1,-1.776052,1.499605,-2.397021,free_exp
10:40:39.897,2,-2.425621,1.459054,-2.767995,free_exp
10:40:39.897,1,-1.776137,1.498979,-2.396544,free_exp
10:40:39.979,2,-2.42103,1.458679,-2.766593,free_exp
10:40:39.980,1,-1.776233,1.498317,-2.396397,free_exp
10:40:40.063,2,-2.41889,1.458384,-2.765297,free_exp
10:40:40.063,1,-1.776376,1.498,-2.396053,free_exp
10:40:40.147,2,-2.416483,1.458556,-2.762275,free_exp
10:40:40.147,1,-1.776385,1.497801,-2.395206,free_exp
10:40:40.230,2,-2.415816,1.458625,-2.76125,free_exp
10:40:40.230,1,-1.776394,1.497266,-2.395134,free_exp
10:40:40.313,2,-2.414481,1.458769,-2.755732,free_exp
10:40:40.313,1,-1.776657,1.497041,-2.394801,free_exp
10:40:40.397,2,-2.414184,1.458828,-2.753764,free_exp
10:40:40.397,1,-1.776718,1.497122,-2.394172,free_exp
10:40:40.479,2,-2.415944,1.458851,-2.744922,free_exp
10:40:40.480,1,-1.777781,1.496859,-2.392638,free_exp
10:40:40.563,2,-2.418063,1.458584,-2.73559,free_exp
10:40:40.564,1,-1.778745,1.496734,-2.391715,free_exp
10:40:40.664,2,-2.4226,1.458473,-2.721248,free_exp
10:40:40.664,1,-1.780162,1.496826,-2.390698,free_exp
10:40:40.746,2,-2.430394,1.45874,-2.699203,free_exp
10:40:40.746,1,-1.78082,1.496836,-2.3899,free_exp
10:40:40.830,2,-2.441521,1.459048,-2.678012,free_exp
10:40:40.831,1,-1.781211,1.496275,-2.389116,free_exp
10:40:40.913,2,-2.459666,1.459295,-2.64146,free_exp
10:40:40.913,1,-1.78233,1.496295,-2.388315,free_exp
10:40:40.997,2,-2.473406,1.459239,-2.618248,free_exp
10:40:40.997,1,-1.78306,1.496348,-2.388143,free_exp
10:40:41.097,2,-2.49889,1.45916,-2.579691,free_exp
10:40:41.097,1,-1.783893,1.496395,-2.388067,free_exp
10:40:41.179,2,-2.517485,1.459048,-2.548309,free_exp
10:40:41.180,1,-1.784508,1.496578,-2.387632,free_exp
10:40:41.264,2,-2.539089,1.458951,-2.521467,free_exp
10:40:41.264,1,-1.784746,1.496478,-2.387678,free_exp
10:40:41.346,2,-2.551586,1.459171,-2.500376,free_exp
10:40:41.346,1,-1.785481,1.496468,-2.387634,free_exp
10:40:41.430,2,-2.558515,1.459099,-2.484176,free_exp
10:40:41.431,1,-1.785789,1.496472,-2.387238,free_exp
10:40:41.513,2,-2.575149,1.458961,-2.459782,free_exp
10:40:41.513,1,-1.786434,1.496447,-2.387057,free_exp
10:40:41.597,2,-2.58281,1.459174,-2.447378,free_exp
10:40:41.597,1,-1.787294,1.496515,-2.386734,free_exp
10:40:41.679,2,-2.589516,1.458891,-2.432429,free_exp
10:40:41.680,1,-1.787576,1.496535,-2.386457,free_exp
10:40:41.764,2,-2.592634,1.458848,-2.426974,free_exp
10:40:41.764,1,-1.78779,1.496583,-2.38639,free_exp
10:40:41.846,2,-2.595681,1.459229,-2.419314,free_exp
10:40:41.846,1,-1.788161,1.496743,-2.386319,free_exp
10:40:41.979,2,-2.602039,1.459396,-2.406859,free_exp
10:40:41.980,1,-1.789239,1.496845,-2.386182,free_exp
10:40:42.064,2,-2.604552,1.459508,-2.402427,free_exp
10:40:42.064,1,-1.789566,1.497024,-2.386101,free_exp
10:40:42.146,2,-2.606845,1.459494,-2.396196,free_exp
10:40:42.146,1,-1.790334,1.497071,-2.385591,free_exp
10:40:42.280,2,-2.607019,1.459556,-2.384723,free_exp
10:40:42.280,1,-1.79143,1.497041,-2.385308,free_exp
10:40:42.364,2,-2.606003,1.459445,-2.377427,free_exp
10:40:42.364,1,-1.792076,1.497266,-2.385244,free_exp
10:40:42.446,2,-2.603095,1.459006,-2.36485,free_exp
10:40:42.446,1,-1.793298,1.497229,-2.385313,free_exp
10:40:42.530,2,-2.600956,1.458913,-2.354065,free_exp
10:40:42.531,1,-1.793576,1.497255,-2.385003,free_exp
10:40:42.613,2,-2.593406,1.458653,-2.343232,free_exp
10:40:42.613,1,-1.794891,1.497271,-2.384683,free_exp
10:40:42.697,2,-2.587891,1.458972,-2.333822,free_exp
10:40:42.697,1,-1.796091,1.497239,-2.384864,free_exp
10:40:42.797,2,-2.581969,1.458768,-2.319813,free_exp
10:40:42.797,1,-1.799025,1.497487,-2.384869,free_exp
10:40:42.879,2,-2.574558,1.458881,-2.3073,free_exp
10:40:42.880,1,-1.800766,1.497562,-2.385091,free_exp
10:40:42.964,2,-2.571431,1.458913,-2.30222,free_exp
10:40:42.964,1,-1.803058,1.497606,-2.385914,free_exp
10:40:43.046,2,-2.562605,1.458455,-2.291267,free_exp
10:40:43.046,1,-1.805451,1.49769,-2.386657,free_exp
10:40:43.130,2,-2.555715,1.458043,-2.284604,free_exp
10:40:43.131,1,-1.807821,1.497781,-2.386918,free_exp
10:40:43.213,2,-2.550115,1.458394,-2.275443,free_exp
10:40:43.213,1,-1.811721,1.497904,-2.387981,free_exp
10:40:43.364,2,-2.544411,1.45857,-2.267497,free_exp
10:40:43.364,1,-1.815276,1.497744,-2.39015,free_exp
10:40:43.446,2,-2.542164,1.458283,-2.262914,free_exp
10:40:43.446,1,-1.817997,1.497625,-2.391613,free_exp
10:40:43.597,2,-2.542068,1.458275,-2.255454,free_exp
10:40:43.597,1,-1.821581,1.49775,-2.393859,free_exp
10:40:43.697,2,-2.548414,1.458723,-2.249386,free_exp
10:40:43.697,1,-1.825393,1.49772,-2.395729,free_exp
10:40:43.779,2,-2.549385,1.458913,-2.249436,free_exp
10:40:43.780,1,-1.828578,1.497505,-2.397713,free_exp
10:40:43.864,2,-2.551666,1.45879,-2.248012,free_exp
10:40:43.864,1,-1.830159,1.497522,-2.398453,free_exp
10:40:43.946,2,-2.553879,1.458899,-2.237609,free_exp
10:40:43.946,1,-1.832343,1.496963,-2.399343,free_exp
10:40:44.080,2,-2.555748,1.458697,-2.237087,free_exp
10:40:44.080,1,-1.83605,1.497113,-2.401075,free_exp
10:40:44.164,2,-2.555438,1.458451,-2.230274,free_exp
10:40:44.164,1,-1.836902,1.497066,-2.401632,free_exp
10:40:44.246,2,-2.55395,1.459037,-2.225196,free_exp
10:40:44.246,1,-1.840652,1.496985,-2.402618,free_exp
10:40:44.397,2,-2.551879,1.459031,-2.219302,free_exp
10:40:44.397,1,-1.84311,1.497186,-2.403204,free_exp
10:40:44.480,2,-2.551553,1.458783,-2.215383,free_exp
10:40:44.480,1,-1.844484,1.497385,-2.404032,free_exp
10:40:44.563,2,-2.550662,1.459107,-2.211778,free_exp
10:40:44.563,1,-1.845017,1.497704,-2.403802,free_exp
10:40:44.646,2,-2.550803,1.45856,-2.206278,free_exp
10:40:44.646,1,-1.845908,1.497789,-2.404064,free_exp
10:40:44.730,2,-2.552223,1.459194,-2.203025,free_exp
10:40:44.731,1,-1.846651,1.497986,-2.403799,free_exp
10:40:44.813,2,-2.553286,1.459875,-2.201229,free_exp
10:40:44.813,1,-1.847518,1.498573,-2.403662,free_exp
10:40:44.897,2,-2.553529,1.459666,-2.200158,free_exp
10:40:44.898,1,-1.847656,1.49874,-2.403448,free_exp
10:40:44.979,2,-2.55396,1.459787,-2.198395,free_exp
10:40:44.980,1,-1.847775,1.499077,-2.403084,free_exp
10:40:45.064,2,-2.553788,1.45938,-2.19705,free_exp
10:40:45.064,1,-1.847963,1.499247,-2.402743,free_exp
10:40:45.146,2,-2.554163,1.459972,-2.194782,free_exp
10:40:45.147,1,-1.848446,1.499332,-2.402014,free_exp
10:40:45.279,2,-2.555113,1.460097,-2.192693,free_exp
10:40:45.280,1,-1.848743,1.499388,-2.40151,free_exp
10:40:45.364,2,-2.554114,1.460341,-2.191282,free_exp
10:40:45.364,1,-1.849131,1.499758,-2.40086,free_exp
10:40:45.464,2,-2.553645,1.459875,-2.188968,free_exp
10:40:45.464,1,-1.850123,1.49989,-2.399416,free_exp
10:40:45.546,2,-2.552325,1.459866,-2.187718,free_exp
10:40:45.546,1,-1.850796,1.499917,-2.398383,free_exp
10:40:45.630,2,-2.552066,1.460111,-2.186197,free_exp
10:40:45.630,1,-1.851522,1.500503,-2.396689,free_exp
10:40:45.713,2,-2.551055,1.460253,-2.183568,free_exp
10:40:45.713,1,-1.852441,1.500827,-2.395806,free_exp
10:40:45.797,2,-2.551389,1.460063,-2.184489,free_exp
10:40:45.797,1,-1.85255,1.500741,-2.395037,free_exp
10:40:45.879,2,-2.550834,1.460114,-2.183964,free_exp
10:40:45.880,1,-1.85293,1.500074,-2.393841,free_exp
10:40:45.964,2,-2.549622,1.460386,-2.182498,free_exp
10:40:45.964,1,-1.853199,1.499841,-2.392778,free_exp
10:40:46.064,2,-2.549562,1.460283,-2.181413,free_exp
10:40:46.064,1,-1.852823,1.499915,-2.391517,free_exp
10:40:46.146,2,-2.549782,1.460284,-2.180129,free_exp
10:40:46.146,1,-1.852979,1.498416,-2.390512,free_exp
10:40:46.230,2,-2.55051,1.460115,-2.179731,free_exp
10:40:46.231,1,-1.852916,1.496647,-2.390001,free_exp
10:40:46.313,2,-2.551293,1.460157,-2.180086,free_exp
10:40:46.313,1,-1.852294,1.49124,-2.389188,free_exp
10:40:46.397,2,-2.551447,1.46007,-2.180576,free_exp
10:40:46.397,1,-1.851342,1.492049,-2.388385,free_exp
10:40:46.479,2,-2.553138,1.459945,-2.178581,free_exp
10:40:46.480,1,-1.849982,1.492257,-2.387461,free_exp
10:40:46.564,2,-2.55335,1.459844,-2.176727,free_exp
10:40:46.564,1,-1.849259,1.491639,-2.387001,free_exp
10:40:46.646,2,-2.553198,1.459761,-2.175555,free_exp
10:40:46.646,1,-1.847523,1.488524,-2.385909,free_exp
10:40:46.730,2,-2.553973,1.459663,-2.174969,free_exp
10:40:46.731,1,-1.846492,1.488381,-2.385436,free_exp
10:40:46.813,2,-2.553971,1.460071,-2.175191,free_exp
10:40:46.813,1,-1.844439,1.488995,-2.385095,free_exp
10:40:46.964,2,-2.553839,1.459974,-2.173751,free_exp
10:40:46.964,1,-1.842627,1.489731,-2.384786,free_exp
10:40:47.046,2,-2.554382,1.459636,-2.174287,free_exp
10:40:47.046,1,-1.841867,1.489943,-2.38445,free_exp
10:40:47.130,2,-2.554353,1.45942,-2.176119,free_exp
10:40:47.131,1,-1.841007,1.491036,-2.38421,free_exp
10:40:47.213,2,-2.553555,1.459718,-2.177017,free_exp
10:40:47.213,1,-1.839874,1.491259,-2.383535,free_exp
10:40:47.297,2,-2.553436,1.459622,-2.177006,free_exp
10:40:47.297,1,-1.839586,1.49175,-2.383416,free_exp
10:40:47.379,2,-2.552957,1.4594,-2.177904,free_exp
10:40:47.380,1,-1.83903,1.491758,-2.382964,free_exp
10:40:47.464,2,-2.552783,1.458786,-2.177049,free_exp
10:40:47.464,1,-1.838604,1.49236,-2.382787,free_exp
10:40:47.546,2,-2.553398,1.458228,-2.179283,free_exp
10:40:47.546,1,-1.838319,1.492865,-2.382886,free_exp
10:40:47.630,2,-2.553458,1.457945,-2.179939,free_exp
10:40:47.631,1,-1.83811,1.493107,-2.382655,free_exp
10:40:47.713,2,-2.553558,1.45768,-2.180732,free_exp
10:40:47.713,1,-1.837352,1.49317,-2.382501,free_exp
10:40:47.797,2,-2.553863,1.457055,-2.179751,free_exp
10:40:47.797,1,-1.836936,1.492711,-2.382382,free_exp
10:40:47.897,2,-2.553874,1.456595,-2.177871,free_exp
10:40:47.897,1,-1.836284,1.492971,-2.381898,free_exp
10:40:47.980,2,-2.553901,1.456155,-2.177808,free_exp
10:40:47.980,1,-1.835953,1.492618,-2.381981,free_exp
10:40:48.064,2,-2.554166,1.456101,-2.178841,free_exp
10:40:48.064,1,-1.835996,1.493041,-2.381604,free_exp
10:40:48.146,2,-2.553833,1.455414,-2.17652,free_exp
10:40:48.146,1,-1.835562,1.493419,-2.381708,free_exp
10:40:48.230,2,-2.553998,1.455134,-2.176151,free_exp
10:40:48.231,1,-1.835182,1.492455,-2.38215,free_exp
10:40:48.330,2,-2.553592,1.455161,-2.17361,free_exp
10:40:48.331,1,-1.834575,1.492616,-2.382671,free_exp
10:40:48.413,2,-2.552905,1.455125,-2.172094,free_exp
10:40:48.413,1,-1.834322,1.493082,-2.38272,free_exp
10:40:48.497,2,-2.552851,1.454937,-2.173271,free_exp
10:40:48.497,1,-1.833981,1.493585,-2.383245,free_exp
10:40:48.597,2,-2.552521,1.455403,-2.172242,free_exp
10:40:48.597,1,-1.833082,1.493866,-2.383705,free_exp
10:40:48.679,2,-2.552157,1.455537,-2.169247,free_exp
10:40:48.680,1,-1.832382,1.494391,-2.384006,free_exp
10:40:48.763,2,-2.552013,1.455203,-2.169989,free_exp
10:40:48.763,1,-1.832291,1.494877,-2.384124,free_exp
10:40:48.846,2,-2.55201,1.454794,-2.166882,free_exp
10:40:48.846,1,-1.831106,1.495168,-2.384469,free_exp
10:40:48.930,2,-2.551405,1.458956,-2.165478,free_exp
10:40:48.930,1,-1.829999,1.495838,-2.384482,free_exp
10:40:49.013,2,-2.551222,1.459762,-2.165258,free_exp
10:40:49.013,1,-1.828905,1.496084,-2.384085,free_exp
10:40:49.097,2,-2.551067,1.458088,-2.165204,free_exp
10:40:49.097,1,-1.824183,1.497617,-2.380648,free_exp
10:40:49.197,2,-2.550789,1.459604,-2.165136,free_exp
10:40:49.197,1,-1.808391,1.49819,-2.366206,free_exp
10:40:49.297,2,-2.55058,1.460538,-2.16529,free_exp
10:40:49.297,1,-1.77903,1.498444,-2.346932,free_exp
10:40:49.397,2,-2.550118,1.460754,-2.166667,free_exp
10:40:49.397,1,-1.752245,1.498414,-2.328722,free_exp
10:40:49.496,2,-2.549294,1.454491,-2.169565,free_exp
10:40:49.496,1,-1.728618,1.498975,-2.309937,free_exp
10:40:49.579,2,-2.549685,1.453538,-2.169623,free_exp
10:40:49.580,1,-1.709767,1.498925,-2.286763,free_exp
10:40:49.663,2,-2.549721,1.454254,-2.169677,free_exp
10:40:49.663,1,-1.697569,1.498862,-2.267592,free_exp
10:40:49.746,2,-2.549378,1.454586,-2.171343,free_exp
10:40:49.747,1,-1.684073,1.498863,-2.238064,free_exp
10:40:49.830,2,-2.549124,1.454188,-2.173559,free_exp
10:40:49.830,1,-1.676908,1.498823,-2.208957,free_exp
10:40:49.913,2,-2.549369,1.453173,-2.174758,free_exp
10:40:49.913,1,-1.673922,1.498696,-2.161352,free_exp
10:40:49.997,2,-2.549672,1.451762,-2.176539,free_exp
10:40:49.997,1,-1.67129,1.49831,-2.123581,free_exp
10:40:50.080,2,-2.550042,1.451501,-2.179191,free_exp
10:40:50.080,1,-1.67262,1.49819,-2.049557,free_exp
10:40:50.164,2,-2.550397,1.451478,-2.179393,free_exp
10:40:50.164,1,-1.669826,1.497636,-2.001903,free_exp
10:40:50.246,2,-2.551102,1.448527,-2.18043,free_exp
10:40:50.247,1,-1.664407,1.497499,-1.91948,free_exp
10:40:50.330,2,-2.551621,1.447191,-2.181263,free_exp
10:40:50.331,1,-1.66261,1.49684,-1.870244,free_exp
10:40:50.413,2,-2.552501,1.446636,-2.180263,free_exp
10:40:50.413,1,-1.647555,1.497286,-1.811747,free_exp
10:40:50.497,2,-2.553327,1.446966,-2.180527,free_exp
10:40:50.498,1,-1.63266,1.496653,-1.770592,free_exp
10:40:50.580,2,-2.554125,1.446987,-2.181135,free_exp
10:40:50.580,1,-1.609907,1.497609,-1.697147,free_exp
10:40:50.664,2,-2.554133,1.445709,-2.181459,free_exp
10:40:50.664,1,-1.588637,1.498135,-1.648068,free_exp
10:40:50.746,2,-2.554097,1.44468,-2.180717,free_exp
10:40:50.746,1,-1.547595,1.498395,-1.560216,free_exp
10:40:50.830,2,-2.554396,1.443813,-2.180023,free_exp
10:40:50.830,1,-1.514459,1.49893,-1.50342,free_exp
10:40:50.913,2,-2.554746,1.443375,-2.178903,free_exp
10:40:50.913,1,-1.467735,1.498873,-1.430722,free_exp
10:40:50.996,2,-2.554086,1.442478,-2.178479,free_exp
10:40:50.996,1,-1.437142,1.498332,-1.380028,free_exp
10:40:51.080,2,-2.553739,1.441481,-2.178307,free_exp
10:40:51.080,1,-1.406422,1.497866,-1.31602,free_exp
10:40:51.163,2,-2.553449,1.440368,-2.177904,free_exp
10:40:51.163,1,-1.387202,1.497863,-1.286515,free_exp
10:40:51.246,2,-2.553469,1.439406,-2.178198,free_exp
10:40:51.246,1,-1.371695,1.498403,-1.23774,free_exp
10:40:51.330,2,-2.552906,1.438988,-2.177829,free_exp
10:40:51.330,1,-1.365806,1.501075,-1.202523,free_exp
10:40:51.413,2,-2.552041,1.438835,-2.177019,free_exp
10:40:51.413,1,-1.357784,1.502198,-1.153185,free_exp
10:40:51.496,2,-2.551988,1.438548,-2.176664,free_exp
10:40:51.497,1,-1.358099,1.503955,-1.111465,free_exp
10:40:51.580,2,-2.551719,1.438154,-2.175105,free_exp
10:40:51.580,1,-1.363524,1.504457,-1.055226,free_exp
10:40:51.663,2,-2.551686,1.437445,-2.175071,free_exp
10:40:51.663,1,-1.369611,1.504579,-1.024309,free_exp
10:40:51.747,2,-2.551323,1.43741,-2.175308,free_exp
10:40:51.748,1,-1.372729,1.503942,-0.998827,free_exp
10:40:51.830,2,-2.55094,1.437256,-2.174221,free_exp
10:40:51.830,1,-1.37614,1.503282,-0.971854,free_exp
10:40:51.914,2,-2.551035,1.436969,-2.17548,free_exp
10:40:51.914,1,-1.373855,1.50394,-0.948409,free_exp
10:40:51.996,2,-2.550633,1.436682,-2.176449,free_exp
10:40:51.996,1,-1.363227,1.503366,-0.924313,free_exp
10:40:52.147,2,-2.549627,1.436535,-2.17693,free_exp
10:40:52.147,1,-1.347151,1.503023,-0.893871,free_exp
10:40:52.230,2,-2.549419,1.436073,-2.176286,free_exp
10:40:52.230,1,-1.334946,1.502585,-0.876334,free_exp
10:40:52.314,2,-2.549498,1.435442,-2.176542,free_exp
10:40:52.314,1,-1.325668,1.501783,-0.868269,free_exp
10:40:52.396,2,-2.549235,1.435257,-2.176859,free_exp
10:40:52.396,1,-1.313811,1.501968,-0.853385,free_exp
10:40:52.480,2,-2.549101,1.434523,-2.176952,free_exp
10:40:52.481,1,-1.309402,1.502475,-0.847137,free_exp
10:40:52.580,2,-2.549005,1.434214,-2.17761,free_exp
10:40:52.581,1,-1.300281,1.502182,-0.831213,free_exp
10:40:52.663,2,-2.549012,1.434041,-2.17698,free_exp
10:40:52.663,1,-1.29556,1.502077,-0.823603,free_exp
10:40:52.746,2,-2.549209,1.433674,-2.178534,free_exp
10:40:52.747,1,-1.292754,1.502485,-0.81405,free_exp
10:40:52.830,2,-2.549434,1.433235,-2.179339,free_exp
10:40:52.830,1,-1.290694,1.50331,-0.809966,free_exp
10:40:52.930,2,-2.549841,1.433294,-2.178484,free_exp
10:40:52.930,1,-1.289524,1.503697,-0.803212,free_exp
10:40:53.013,2,-2.550468,1.433834,-2.178703,free_exp
10:40:53.013,1,-1.290554,1.503054,-0.799043,free_exp
10:40:53.096,2,-2.550425,1.433934,-2.179588,free_exp
10:40:53.097,1,-1.291509,1.502417,-0.79595,free_exp
10:40:53.197,2,-2.550434,1.434133,-2.179021,free_exp
10:40:53.197,1,-1.29281,1.502833,-0.793338,free_exp
10:40:53.297,2,-2.550744,1.433921,-2.178387,free_exp
10:40:53.298,1,-1.295671,1.502413,-0.790474,free_exp
10:40:53.380,2,-2.550875,1.433162,-2.176851,free_exp
10:40:53.380,1,-1.29735,1.502188,-0.79067,free_exp
10:40:53.463,2,-2.550866,1.433383,-2.176565,free_exp
10:40:53.463,1,-1.300295,1.502407,-0.789949,free_exp
10:40:53.546,2,-2.550696,1.433103,-2.175183,free_exp
10:40:53.547,1,-1.302419,1.502377,-0.789302,free_exp
10:40:53.630,2,-2.550385,1.432767,-2.174729,free_exp
10:40:53.630,1,-1.303629,1.502355,-0.79136,free_exp
10:40:53.713,2,-2.550013,1.432332,-2.17499,free_exp
10:40:53.713,1,-1.304972,1.502843,-0.791526,free_exp
10:40:53.797,2,-2.549793,1.432487,-2.174512,free_exp
10:40:53.798,1,-1.304414,1.502663,-0.79192,free_exp
10:40:53.897,2,-2.549652,1.432167,-2.173929,free_exp
10:40:53.898,1,-1.304837,1.502522,-0.792229,free_exp
10:40:53.997,2,-2.549508,1.432164,-2.172862,free_exp
10:40:53.998,1,-1.304221,1.501864,-0.792242,free_exp
10:40:54.097,2,-2.549548,1.432367,-2.172607,free_exp
10:40:54.098,1,-1.306527,1.501908,-0.790926,free_exp
10:40:54.197,2,-2.549054,1.432547,-2.173017,free_exp
10:40:54.197,1,-1.306034,1.501725,-0.791375,free_exp
10:40:54.280,2,-2.548467,1.432751,-2.17345,free_exp
10:40:54.280,1,-1.304168,1.50186,-0.793458,free_exp
10:40:54.430,2,-2.547785,1.432818,-2.174359,free_exp
10:40:54.430,1,-1.307178,1.502151,-0.793504,free_exp
10:40:54.513,2,-2.548068,1.433052,-2.173209,free_exp
10:40:54.513,1,-1.308385,1.501596,-0.792792,free_exp
10:40:54.597,2,-2.547635,1.433163,-2.173475,free_exp
10:40:54.597,1,-1.308495,1.501557,-0.794087,free_exp
10:40:54.680,2,-2.547259,1.433286,-2.174597,free_exp
10:40:54.680,1,-1.307097,1.501647,-0.795494,free_exp
10:40:54.763,2,-2.546607,1.433231,-2.175585,free_exp
10:40:54.764,1,-1.309476,1.501452,-0.797632,free_exp
10:40:54.846,2,-2.546174,1.433502,-2.175317,free_exp
10:40:54.846,1,-1.309461,1.50174,-0.799355,free_exp
10:40:54.930,2,-2.545913,1.433721,-2.175768,free_exp
10:40:54.931,1,-1.30965,1.501336,-0.799552,free_exp
10:40:55.047,2,-2.54669,1.43394,-2.174442,free_exp
10:40:55.048,1,-1.310036,1.501175,-0.8005,free_exp
10:40:55.147,2,-2.547069,1.43401,-2.174772,free_exp
10:40:55.148,1,-1.310043,1.501272,-0.802782,free_exp
10:40:55.230,2,-2.547052,1.434253,-2.175016,free_exp
10:40:55.230,1,-1.310086,1.501433,-0.802913,free_exp
10:40:55.314,2,-2.547735,1.434406,-2.173444,free_exp
10:40:55.314,1,-1.310572,1.501487,-0.803569,free_exp
10:40:55.396,2,-2.547863,1.434391,-2.172566,free_exp
10:40:55.397,1,-1.310404,1.501464,-0.803817,free_exp
10:40:55.497,2,-2.547957,1.434556,-2.172724,free_exp
10:40:55.497,1,-1.310081,1.501387,-0.805302,free_exp
10:40:55.580,2,-2.548266,1.434779,-2.172209,free_exp
10:40:55.580,1,-1.31005,1.5015,-0.807598,free_exp
10:40:55.663,2,-2.547932,1.434924,-2.171625,free_exp
10:40:55.663,1,-1.310564,1.501259,-0.808947,free_exp
10:40:55.780,2,-2.547613,1.435263,-2.172408,free_exp
10:40:55.781,1,-1.309913,1.501405,-0.808682,free_exp
10:40:55.880,2,-2.546648,1.435375,-2.172976,free_exp
10:40:55.880,1,-1.310254,1.501675,-0.809085,free_exp
10:40:55.963,2,-2.546437,1.435399,-2.172925,free_exp
10:40:55.963,1,-1.310029,1.501868,-0.809182,free_exp
10:40:56.046,2,-2.545835,1.435432,-2.173181,free_exp
10:40:56.046,1,-1.30994,1.501487,-0.808681,free_exp
10:40:56.130,2,-2.54502,1.435381,-2.173877,free_exp
10:40:56.131,1,-1.309458,1.501692,-0.808846,free_exp
10:40:56.213,2,-2.545558,1.435381,-2.17284,free_exp
10:40:56.213,1,-1.309169,1.501628,-0.806896,free_exp
10:40:56.297,2,-2.545374,1.435224,-2.172829,free_exp
10:40:56.297,1,-1.307957,1.501843,-0.807372,free_exp
10:40:56.397,2,-2.544701,1.435047,-2.173119,free_exp
10:40:56.397,1,-1.307096,1.50229,-0.80516,free_exp
10:40:56.480,2,-2.54452,1.434636,-2.173035,free_exp
10:40:56.480,1,-1.307019,1.502775,-0.80535,free_exp
10:40:56.563,2,-2.544488,1.434438,-2.173217,free_exp
10:40:56.564,1,-1.309022,1.50277,-0.806227,free_exp
10:40:56.646,2,-2.54393,1.434155,-2.173268,free_exp
10:40:56.646,1,-1.314453,1.503017,-0.810242,free_exp
10:40:56.730,2,-2.543601,1.433967,-2.173246,free_exp
10:40:56.731,1,-1.322212,1.503106,-0.81767,free_exp
10:40:56.813,2,-2.54395,1.433801,-2.173042,free_exp
10:40:56.813,1,-1.331541,1.503042,-0.833127,free_exp
10:40:56.897,2,-2.543859,1.433789,-2.173185,free_exp
10:40:56.897,1,-1.346625,1.502929,-0.851857,free_exp
10:40:56.997,2,-2.54419,1.433453,-2.173215,free_exp
10:40:56.998,1,-1.354771,1.502405,-0.867925,free_exp
10:40:57.080,2,-2.545213,1.433332,-2.172739,free_exp
10:40:57.080,1,-1.363413,1.502027,-0.89724,free_exp
10:40:57.164,2,-2.54541,1.433184,-2.172864,free_exp
10:40:57.164,1,-1.371002,1.501876,-0.908312,free_exp
10:40:57.246,2,-2.546089,1.433185,-2.172954,free_exp
10:40:57.246,1,-1.378454,1.501583,-0.943112,free_exp
10:40:57.330,2,-2.546501,1.433294,-2.172819,free_exp
10:40:57.331,1,-1.379174,1.501411,-0.971249,free_exp
10:40:57.413,2,-2.546862,1.433372,-2.172713,free_exp
10:40:57.413,1,-1.376673,1.501391,-1.022717,free_exp
10:40:57.497,2,-2.54703,1.433524,-2.172665,free_exp
10:40:57.498,1,-1.372204,1.501163,-1.057785,free_exp
10:40:57.580,2,-2.547406,1.433581,-2.172906,free_exp
10:40:57.580,1,-1.367051,1.501093,-1.106793,free_exp
10:40:57.664,2,-2.547485,1.433892,-2.173014,free_exp
10:40:57.664,1,-1.370622,1.501048,-1.146948,free_exp
10:40:57.764,2,-2.547374,1.434089,-2.174527,free_exp
10:40:57.764,1,-1.381465,1.501185,-1.213915,free_exp
10:40:57.846,2,-2.547689,1.434547,-2.174718,free_exp
10:40:57.846,1,-1.386446,1.500963,-1.246929,free_exp
10:40:57.930,2,-2.547886,1.435131,-2.175303,free_exp
10:40:57.931,1,-1.387638,1.501105,-1.275847,free_exp
10:40:58.013,2,-2.548191,1.435476,-2.17595,free_exp
10:40:58.013,1,-1.400814,1.501147,-1.325008,free_exp
10:40:58.097,2,-2.547662,1.43569,-2.179778,free_exp
10:40:58.098,1,-1.434625,1.501203,-1.38751,free_exp
10:40:58.197,2,-2.547773,1.435911,-2.180185,free_exp
10:40:58.197,1,-1.475389,1.501675,-1.455683,free_exp
10:40:58.297,2,-2.548007,1.436239,-2.179621,free_exp
10:40:58.298,1,-1.517994,1.501801,-1.524193,free_exp
10:40:58.397,2,-2.548673,1.436312,-2.178076,free_exp
10:40:58.397,1,-1.545818,1.502052,-1.582949,free_exp
10:40:58.497,2,-2.547389,1.436503,-2.178227,free_exp
10:40:58.497,1,-1.566747,1.502329,-1.643246,free_exp
10:40:58.597,2,-2.547851,1.436651,-2.176394,free_exp
10:40:58.597,1,-1.579795,1.502439,-1.699142,free_exp
10:40:58.696,2,-2.547842,1.436758,-2.173731,free_exp
10:40:58.697,1,-1.585765,1.503163,-1.762774,free_exp
10:40:58.797,2,-2.546776,1.436889,-2.173096,free_exp
10:40:58.798,1,-1.583071,1.50343,-1.823301,free_exp
10:40:58.897,2,-2.546362,1.43711,-2.170531,free_exp
10:40:58.897,1,-1.57842,1.503758,-1.892383,free_exp
10:40:58.997,2,-2.543665,1.436779,-2.169842,free_exp
10:40:58.997,1,-1.567026,1.503869,-1.964411,free_exp
10:40:59.097,2,-2.543512,1.437137,-2.168449,free_exp
10:40:59.097,1,-1.558376,1.504163,-2.025249,free_exp
10:40:59.197,2,-2.542614,1.437268,-2.168256,free_exp
10:40:59.198,1,-1.55658,1.504409,-2.083134,free_exp
10:40:59.297,2,-2.541954,1.4366,-2.167746,free_exp
10:40:59.297,1,-1.557553,1.504699,-2.099631,free_exp
10:40:59.397,2,-2.541137,1.436101,-2.166881,free_exp
10:40:59.397,1,-1.562227,1.505271,-2.162679,free_exp
10:40:59.497,2,-2.540461,1.43551,-2.166647,free_exp
10:40:59.498,1,-1.578782,1.505463,-2.216961,free_exp
10:40:59.597,2,-2.540408,1.435336,-2.166953,free_exp
10:40:59.598,1,-1.598044,1.505804,-2.258529,free_exp
10:40:59.680,2,-2.539615,1.434972,-2.167226,free_exp
10:40:59.680,1,-1.631049,1.505949,-2.313341,free_exp
10:40:59.764,2,-2.537258,1.434736,-2.16515,free_exp
10:40:59.764,1,-1.660217,1.506207,-2.349975,free_exp
10:40:59.864,2,-2.534641,1.434428,-2.165549,free_exp
10:40:59.864,1,-1.702765,1.506545,-2.404397,free_exp
10:40:59.964,2,-2.535602,1.434004,-2.165231,free_exp
10:40:59.964,1,-1.735924,1.50671,-2.448157,free_exp
10:41:00.046,2,-2.536286,1.433325,-2.164706,free_exp
10:41:00.046,1,-1.760551,1.50683,-2.479072,free_exp
10:41:00.130,2,-2.535909,1.433072,-2.165166,free_exp
10:41:00.130,1,-1.774019,1.506864,-2.495862,free_exp
10:41:00.213,2,-2.535108,1.432432,-2.16567,free_exp
10:41:00.213,1,-1.784635,1.506848,-2.517659,free_exp
10:41:00.298,2,-2.537634,1.432067,-2.164497,free_exp
10:41:00.298,1,-1.787269,1.506855,-2.526541,free_exp
10:41:00.397,2,-2.536971,1.431653,-2.164878,free_exp
10:41:00.398,1,-1.789724,1.506761,-2.537318,free_exp
10:41:00.497,2,-2.537012,1.431363,-2.165294,free_exp
10:41:00.498,1,-1.790004,1.506818,-2.548038,free_exp
10:41:00.580,2,-2.537455,1.431094,-2.165991,free_exp
10:41:00.580,1,-1.790569,1.506565,-2.556161,free_exp
10:41:00.664,2,-2.539416,1.430793,-2.165602,free_exp
10:41:00.664,1,-1.790946,1.506474,-2.56137,free_exp
10:41:00.746,2,-2.540169,1.430536,-2.165354,free_exp
10:41:00.747,1,-1.792443,1.506385,-2.567778,free_exp
10:41:00.830,2,-2.542241,1.430467,-2.16516,free_exp
10:41:00.831,1,-1.794743,1.506102,-2.573212,free_exp
10:41:00.913,2,-2.542721,1.430501,-2.165132,free_exp
10:41:00.913,1,-1.801611,1.505501,-2.580719,free_exp
10:41:00.997,2,-2.544194,1.430632,-2.164301,free_exp
10:41:00.998,1,-1.806127,1.505309,-2.585844,free_exp
10:41:01.097,2,-2.545716,1.430776,-2.163984,free_exp
10:41:01.098,1,-1.812699,1.504788,-2.591759,free_exp
10:41:01.197,2,-2.547854,1.430963,-2.163745,free_exp
10:41:01.198,1,-1.821935,1.504656,-2.599495,free_exp
10:41:01.280,2,-2.548994,1.43154,-2.163104,free_exp
10:41:01.280,1,-1.830376,1.504009,-2.605092,free_exp
10:41:01.363,2,-2.550014,1.432104,-2.162481,free_exp
10:41:01.364,1,-1.835843,1.503776,-2.608,free_exp
10:41:01.446,2,-2.550569,1.432166,-2.162283,free_exp
10:41:01.446,1,-1.84075,1.503431,-2.610685,free_exp
10:41:01.597,2,-2.55004,1.432346,-2.16191,free_exp
10:41:01.598,1,-1.846186,1.503403,-2.61306,free_exp
10:41:01.697,2,-2.550573,1.432425,-2.160162,free_exp
10:41:01.698,1,-1.849204,1.502947,-2.613688,free_exp
10:41:01.780,2,-2.550531,1.432397,-2.159239,free_exp
10:41:01.780,1,-1.852723,1.502443,-2.613287,free_exp
10:41:01.864,2,-2.54997,1.43267,-2.159037,free_exp
10:41:01.864,1,-1.854849,1.501961,-2.612929,free_exp
10:41:01.964,2,-2.550003,1.432754,-2.158738,free_exp
10:41:01.964,1,-1.857205,1.501692,-2.611742,free_exp
10:41:02.046,2,-2.550082,1.432782,-2.158583,free_exp
10:41:02.046,1,-1.859202,1.501723,-2.610605,free_exp
10:41:02.130,2,-2.549612,1.432787,-2.158667,free_exp
10:41:02.131,1,-1.860833,1.502388,-2.608983,free_exp
10:41:02.213,2,-2.548819,1.432809,-2.158603,free_exp
10:41:02.213,1,-1.862771,1.502654,-2.606684,free_exp
10:41:02.297,2,-2.549131,1.432973,-2.158534,free_exp
10:41:02.298,1,-1.863589,1.502867,-2.606251,free_exp
10:41:02.397,2,-2.548061,1.433103,-2.159239,free_exp
10:41:02.398,1,-1.86479,1.502967,-2.60582,free_exp
10:41:02.497,2,-2.547193,1.43318,-2.16053,free_exp
10:41:02.498,1,-1.865969,1.503071,-2.605695,free_exp
10:41:02.597,2,-2.546994,1.43335,-2.160791,free_exp
10:41:02.598,1,-1.866906,1.503153,-2.606415,free_exp
10:41:02.680,2,-2.545175,1.433408,-2.162782,free_exp
10:41:02.680,1,-1.867027,1.502825,-2.60835,free_exp
10:41:02.764,2,-2.545439,1.433413,-2.1626,free_exp
10:41:02.765,1,-1.86697,1.502473,-2.610261,free_exp
10:41:02.864,2,-2.545363,1.433624,-2.162828,free_exp
10:41:02.864,1,-1.864995,1.5026,-2.613807,free_exp
10:41:02.946,2,-2.545489,1.433642,-2.162955,free_exp
10:41:02.947,1,-1.86012,1.502499,-2.621399,free_exp
10:41:03.031,2,-2.544861,1.433702,-2.163919,free_exp
10:41:03.031,1,-1.855208,1.502292,-2.627062,free_exp
10:41:03.113,2,-2.54427,1.433726,-2.165193,free_exp
10:41:03.113,1,-1.843742,1.502324,-2.638644,free_exp
10:41:03.197,2,-2.543474,1.433808,-2.16514,free_exp
10:41:03.197,1,-1.834713,1.502243,-2.645356,free_exp
10:41:03.280,2,-2.544045,1.433817,-2.165008,free_exp
10:41:03.280,1,-1.815998,1.502496,-2.659543,free_exp
10:41:03.364,2,-2.543378,1.433978,-2.165236,free_exp
10:41:03.365,1,-1.8059,1.502622,-2.667353,free_exp
10:41:03.463,2,-2.543645,1.434221,-2.16554,free_exp
10:41:03.463,1,-1.787303,1.502594,-2.683223,free_exp
10:41:03.546,2,-2.543723,1.4339,-2.165745,free_exp
10:41:03.547,1,-1.772776,1.502607,-2.697293,free_exp
10:41:03.630,2,-2.543907,1.434277,-2.165827,free_exp
10:41:03.631,1,-1.764893,1.502645,-2.704448,free_exp
10:41:03.713,2,-2.544279,1.433823,-2.165591,free_exp
10:41:03.713,1,-1.755673,1.502661,-2.712366,free_exp
10:41:03.797,2,-2.544077,1.433755,-2.165695,free_exp
10:41:03.798,1,-1.751877,1.502619,-2.713999,free_exp
10:41:03.880,2,-2.544366,1.433456,-2.165857,free_exp
10:41:03.880,1,-1.744315,1.50311,-2.718673,free_exp
10:41:03.964,2,-2.543349,1.433321,-2.167051,free_exp
10:41:03.964,1,-1.742017,1.503372,-2.720578,free_exp
10:41:04.064,2,-2.542877,1.43334,-2.167474,free_exp
10:41:04.064,1,-1.738607,1.503555,-2.722916,free_exp
10:41:04.146,2,-2.543691,1.433231,-2.167216,free_exp
10:41:04.146,1,-1.73581,1.503533,-2.725507,free_exp
10:41:04.231,2,-2.543734,1.432897,-2.167883,free_exp
10:41:04.231,1,-1.735084,1.503779,-2.728086,free_exp
10:41:04.313,2,-2.543503,1.432578,-2.168473,free_exp
10:41:04.313,1,-1.734707,1.503917,-2.733168,free_exp
10:41:04.397,2,-2.543592,1.432816,-2.168599,free_exp
10:41:04.398,1,-1.734797,1.503687,-2.735501,free_exp
10:41:04.480,2,-2.543342,1.432985,-2.169343,free_exp
10:41:04.480,1,-1.73513,1.503797,-2.738746,free_exp
10:41:04.564,2,-2.543267,1.433264,-2.170055,free_exp
10:41:04.564,1,-1.735809,1.503977,-2.742623,free_exp
10:41:04.664,2,-2.544419,1.433324,-2.169172,free_exp
10:41:04.664,1,-1.736617,1.503978,-2.7453,free_exp
10:41:04.746,2,-2.54358,1.433219,-2.169314,free_exp
10:41:04.747,1,-1.737958,1.504069,-2.746258,free_exp
10:41:04.830,2,-2.543495,1.433094,-2.169533,free_exp
10:41:04.831,1,-1.740424,1.504014,-2.747154,free_exp
10:41:04.913,2,-2.543703,1.433122,-2.169894,free_exp
10:41:04.913,1,-1.742243,1.504051,-2.747661,free_exp
10:41:04.997,2,-2.544457,1.432982,-2.16973,free_exp
10:41:04.998,1,-1.743235,1.504142,-2.74778,free_exp
10:41:05.080,2,-2.545235,1.432896,-2.170525,free_exp
10:41:05.080,1,-1.744641,1.504184,-2.748502,free_exp
10:41:05.164,2,-2.545831,1.432817,-2.170545,free_exp
10:41:05.164,1,-1.745068,1.504218,-2.748674,free_exp
10:41:05.264,2,-2.546106,1.432666,-2.171187,free_exp
10:41:05.264,1,-1.745651,1.503959,-2.749451,free_exp
10:41:05.347,2,-2.546251,1.432476,-2.171837,free_exp
10:41:05.347,1,-1.745924,1.504002,-2.751369,free_exp
10:41:05.431,2,-2.546852,1.432387,-2.1715,free_exp
10:41:05.431,1,-1.746308,1.504131,-2.752501,free_exp
10:41:05.530,2,-2.547543,1.432173,-2.172003,free_exp
10:41:05.531,1,-1.746228,1.504181,-2.754742,free_exp
10:41:05.613,2,-2.547724,1.432139,-2.172759,free_exp
10:41:05.613,1,-1.746363,1.503948,-2.755449,free_exp
10:41:05.696,2,-2.547884,1.432152,-2.172743,free_exp
10:41:05.697,1,-1.746322,1.503728,-2.755794,free_exp
10:41:05.780,2,-2.548367,1.432158,-2.173138,free_exp
10:41:05.780,1,-1.746426,1.503864,-2.756314,free_exp
10:41:05.863,2,-2.548744,1.432008,-2.173454,free_exp
10:41:05.863,1,-1.746712,1.503821,-2.756579,free_exp
10:41:05.946,2,-2.549886,1.431844,-2.173458,free_exp
10:41:05.947,1,-1.746889,1.503804,-2.757078,free_exp
10:41:06.030,2,-2.550162,1.43192,-2.174364,free_exp
10:41:06.030,1,-1.747121,1.504026,-2.757296,free_exp
10:41:06.113,2,-2.550702,1.431786,-2.174101,free_exp
10:41:06.113,1,-1.747693,1.50392,-2.757511,free_exp
10:41:06.197,2,-2.550663,1.431102,-2.175065,free_exp
10:41:06.197,1,-1.748435,1.503904,-2.757897,free_exp
10:41:06.280,2,-2.550021,1.430614,-2.176322,free_exp
10:41:06.280,1,-1.749133,1.503981,-2.75802,free_exp
10:41:06.364,2,-2.549796,1.430584,-2.177572,free_exp
10:41:06.364,1,-1.749806,1.503934,-2.757985,free_exp
10:41:06.464,2,-2.550201,1.430702,-2.176917,free_exp
10:41:06.464,1,-1.751047,1.503756,-2.757376,free_exp
10:41:06.546,2,-2.550035,1.430182,-2.17687,free_exp
10:41:06.547,1,-1.752076,1.503824,-2.757044,free_exp
10:41:06.630,2,-2.548693,1.4306,-2.178496,free_exp
10:41:06.631,1,-1.753157,1.504256,-2.75672,free_exp
10:41:06.713,2,-2.548399,1.430774,-2.178525,free_exp
10:41:06.713,1,-1.754254,1.504245,-2.756549,free_exp
10:41:06.797,2,-2.547096,1.430883,-2.178899,free_exp
10:41:06.798,1,-1.754652,1.503888,-2.756488,free_exp
10:41:06.880,2,-2.546337,1.430359,-2.179461,free_exp
10:41:06.880,1,-1.755921,1.503983,-2.757057,free_exp
10:41:06.964,2,-2.546193,1.429061,-2.179381,free_exp
10:41:06.965,1,-1.756409,1.503859,-2.757141,free_exp
10:41:07.046,2,-2.546763,1.428834,-2.17824,free_exp
10:41:07.047,1,-1.756904,1.503902,-2.757125,free_exp
10:41:07.131,2,-2.546975,1.428561,-2.177898,free_exp
10:41:07.131,1,-1.757353,1.504188,-2.757602,free_exp
10:41:07.213,2,-2.545358,1.430221,-2.180005,free_exp
10:41:07.213,1,-1.757845,1.504265,-2.758061,free_exp
10:41:07.363,2,-2.545491,1.431647,-2.179256,free_exp
10:41:07.364,1,-1.758285,1.50481,-2.758633,free_exp
10:41:07.446,2,-2.546369,1.431753,-2.178496,free_exp
10:41:07.447,1,-1.75833,1.505042,-2.759227,free_exp
10:41:07.531,2,-2.546524,1.43116,-2.178166,free_exp
10:41:07.531,1,-1.758446,1.505642,-2.759648,free_exp
10:41:07.613,2,-2.546916,1.433218,-2.177642,free_exp
10:41:07.613,1,-1.758577,1.506448,-2.760839,free_exp
10:41:07.697,2,-2.547138,1.436627,-2.177387,free_exp
10:41:07.698,1,-1.758354,1.506644,-2.76136,free_exp
10:41:07.780,2,-2.546436,1.440396,-2.178093,free_exp
10:41:07.780,1,-1.758196,1.506562,-2.762021,free_exp
10:41:07.864,2,-2.547021,1.438568,-2.17743,free_exp
10:41:07.864,1,-1.758056,1.506419,-2.762338,free_exp
10:41:07.964,2,-2.546797,1.439658,-2.177453,free_exp
10:41:07.965,1,-1.7581,1.506017,-2.762899,free_exp
10:41:08.064,2,-2.547412,1.440147,-2.176945,free_exp
10:41:08.064,1,-1.758466,1.505719,-2.763437,free_exp
10:41:08.146,2,-2.547709,1.44094,-2.177436,free_exp
10:41:08.146,1,-1.759362,1.505584,-2.763916,free_exp
10:41:08.230,2,-2.547981,1.441509,-2.177157,free_exp
10:41:08.230,1,-1.760286,1.505237,-2.764166,free_exp
10:41:08.331,2,-2.54901,1.438099,-2.177591,free_exp
10:41:08.331,1,-1.761954,1.504856,-2.764202,free_exp
10:41:08.431,2,-2.550712,1.44716,-2.176622,free_exp
10:41:08.431,1,-1.764246,1.504786,-2.764528,free_exp
10:41:08.530,2,-2.55159,1.450517,-2.176323,free_exp
10:41:08.530,1,-1.765045,1.504717,-2.764808,free_exp
10:41:08.613,2,-2.552106,1.447012,-2.175289,free_exp
10:41:08.613,1,-1.768122,1.50457,-2.765436,free_exp
10:41:08.697,2,-2.552473,1.443479,-2.175668,free_exp
10:41:08.697,1,-1.769164,1.504763,-2.765818,free_exp
10:41:08.780,2,-2.553317,1.444472,-2.176792,free_exp
10:41:08.780,1,-1.771444,1.504582,-2.765773,free_exp
10:41:08.864,2,-2.553847,1.44495,-2.176325,free_exp
10:41:08.864,1,-1.772839,1.504466,-2.765898,free_exp
10:41:08.964,2,-2.554581,1.445835,-2.176322,free_exp
10:41:08.964,1,-1.774452,1.504284,-2.766283,free_exp
10:41:09.046,2,-2.556333,1.447343,-2.175524,free_exp
10:41:09.047,1,-1.775798,1.504769,-2.766646,free_exp
10:41:09.130,2,-2.556925,1.44722,-2.175339,free_exp
10:41:09.130,1,-1.776572,1.504688,-2.766728,free_exp
10:41:09.213,2,-2.558308,1.447676,-2.175295,free_exp
10:41:09.213,1,-1.777363,1.5046,-2.766743,free_exp
10:41:09.297,2,-2.559993,1.448745,-2.175744,free_exp
10:41:09.297,1,-1.777513,1.505205,-2.766818,free_exp
10:41:09.380,2,-2.561731,1.448226,-2.176054,free_exp
10:41:09.380,1,-1.777671,1.504919,-2.766784,free_exp
10:41:09.463,2,-2.563279,1.446393,-2.175774,free_exp
10:41:09.463,1,-1.777742,1.50514,-2.76681,free_exp
10:41:09.564,2,-2.564855,1.444278,-2.175234,free_exp
10:41:09.565,1,-1.77778,1.505149,-2.766778,free_exp
10:41:09.646,2,-2.565575,1.441923,-2.175307,free_exp
10:41:09.647,1,-1.777862,1.50536,-2.766868,free_exp
10:41:09.730,2,-2.566239,1.441645,-2.174983,free_exp
10:41:09.730,1,-1.774867,1.505528,-2.766966,free_exp
10:41:09.813,2,-2.566504,1.439489,-2.173554,free_exp
10:41:09.813,1,-1.775198,1.505892,-2.767102,free_exp
10:41:09.897,2,-2.566674,1.436708,-2.173512,free_exp
10:41:09.897,1,-1.775343,1.505998,-2.767382,free_exp
10:41:09.980,2,-2.565512,1.43542,-2.173078,free_exp
10:41:09.980,1,-1.775645,1.505507,-2.767488,free_exp
10:41:10.063,2,-2.564718,1.434076,-2.173231,free_exp
10:41:10.063,1,-1.775734,1.504656,-2.767484,free_exp
10:41:10.146,2,-2.560554,1.431403,-2.17441,free_exp
10:41:10.147,1,-1.775847,1.504649,-2.767407,free_exp
10:41:10.231,2,-2.556795,1.426577,-2.176482,free_exp
10:41:10.231,1,-1.775989,1.504512,-2.76752,free_exp
10:41:10.313,2,-2.550067,1.425054,-2.182307,free_exp
10:41:10.313,1,-1.776142,1.503787,-2.767689,free_exp
10:41:10.398,2,-2.546217,1.429504,-2.185676,free_exp
10:41:10.398,1,-1.776203,1.503206,-2.767579,free_exp
10:41:10.497,2,-2.540199,1.431843,-2.19354,free_exp
10:41:10.497,1,-1.776436,1.50263,-2.767011,free_exp
10:41:10.580,2,-2.540019,1.432686,-2.202022,free_exp
10:41:10.580,1,-1.776495,1.502518,-2.766931,free_exp
10:41:10.664,2,-2.535467,1.433312,-2.208035,free_exp
10:41:10.665,1,-1.776574,1.501497,-2.766748,free_exp
10:41:10.746,2,-2.528808,1.429363,-2.21243,free_exp
10:41:10.747,1,-1.776568,1.501646,-2.765985,free_exp
10:41:10.831,2,-2.524936,1.423839,-2.216896,free_exp
10:41:10.831,1,-1.774381,1.501524,-2.765541,free_exp
10:41:10.913,2,-2.522452,1.42142,-2.220189,free_exp
10:41:10.913,1,-1.774932,1.501157,-2.764491,free_exp
10:41:10.997,2,-2.521498,1.419271,-2.22242,free_exp
10:41:10.998,1,-1.775332,1.501031,-2.763755,free_exp
10:41:11.080,2,-2.52051,1.417297,-2.223827,free_exp
10:41:11.080,1,-1.775564,1.500729,-2.762456,free_exp
10:41:11.164,2,-2.519192,1.417093,-2.224532,free_exp
10:41:11.165,1,-1.77571,1.500748,-2.76195,free_exp
10:41:11.264,2,-2.517901,1.41546,-2.224583,free_exp
10:41:11.264,1,-1.775772,1.500152,-2.76032,free_exp
10:41:11.347,2,-2.515819,1.41517,-2.221694,free_exp
10:41:11.347,1,-1.775718,1.500089,-2.759417,free_exp
10:41:11.431,2,-2.515546,1.409093,-2.219271,free_exp
10:41:11.431,1,-1.775515,1.500041,-2.758771,free_exp
10:41:11.513,2,-2.515144,1.414691,-2.214805,free_exp
10:41:11.513,1,-1.775458,1.500135,-2.758127,free_exp
10:41:11.597,2,-2.516074,1.420758,-2.212236,free_exp
10:41:11.598,1,-1.775019,1.500208,-2.757835,free_exp
10:41:11.680,2,-2.515703,1.422094,-2.205236,free_exp
10:41:11.680,1,-1.774395,1.500259,-2.757236,free_exp
10:41:11.764,2,-2.516524,1.423778,-2.19985,free_exp
10:41:11.764,1,-1.774054,1.500345,-2.756941,free_exp
10:41:11.864,2,-2.519342,1.422772,-2.194534,free_exp
10:41:11.865,1,-1.773448,1.500304,-2.756573,free_exp
10:41:11.964,2,-2.523814,1.423225,-2.188428,free_exp
10:41:11.964,1,-1.772917,1.501118,-2.756707,free_exp
10:41:12.047,2,-2.529174,1.422829,-2.182693,free_exp
10:41:12.047,1,-1.772585,1.501163,-2.75707,free_exp
10:41:12.130,2,-2.539154,1.421243,-2.181058,free_exp
10:41:12.130,1,-1.772274,1.500933,-2.757175,free_exp
10:41:12.213,2,-2.547099,1.419875,-2.177663,free_exp
10:41:12.213,1,-1.771857,1.500764,-2.757573,free_exp
10:41:12.297,2,-2.551052,1.418604,-2.176626,free_exp
10:41:12.297,1,-1.771793,1.50091,-2.757611,free_exp
10:41:12.380,2,-2.555021,1.417827,-2.176115,free_exp
10:41:12.380,1,-1.771477,1.501505,-2.757942,free_exp
10:41:12.463,2,-2.557959,1.418712,-2.176675,free_exp
10:41:12.463,1,-1.771207,1.501775,-2.758179,free_exp
10:41:12.547,2,-2.559447,1.418594,-2.175847,free_exp
10:41:12.547,1,-1.770825,1.501507,-2.758487,free_exp
10:41:12.630,2,-2.560806,1.41813,-2.175934,free_exp
10:41:12.630,1,-1.770615,1.501268,-2.758428,free_exp
10:41:12.713,2,-2.561309,1.417497,-2.175844,free_exp
10:41:12.714,1,-1.770317,1.501043,-2.758313,free_exp
10:41:12.797,2,-2.562017,1.417444,-2.175468,free_exp
10:41:12.797,1,-1.769868,1.500528,-2.758018,free_exp
10:41:12.880,2,-2.562593,1.417712,-2.176213,free_exp
10:41:12.880,1,-1.769428,1.500249,-2.757469,free_exp
10:41:12.964,2,-2.562977,1.418604,-2.177334,free_exp
10:41:12.964,1,-1.769262,1.500252,-2.757118,free_exp
10:41:13.047,2,-2.564292,1.419265,-2.178635,free_exp
10:41:13.047,1,-1.766654,1.500038,-2.756526,free_exp
10:41:13.130,2,-2.564709,1.419124,-2.180483,free_exp
10:41:13.131,1,-1.766771,1.499381,-2.756106,free_exp
10:41:13.213,2,-2.565524,1.419006,-2.181107,free_exp
10:41:13.214,1,-1.766905,1.49883,-2.755478,free_exp
10:41:13.297,2,-2.565757,1.418724,-2.181349,free_exp
10:41:13.298,1,-1.766887,1.49878,-2.754754,free_exp
10:41:13.380,2,-2.566165,1.418775,-2.181889,free_exp
10:41:13.380,1,-1.767253,1.498289,-2.753579,free_exp
10:41:13.464,2,-2.566842,1.420206,-2.181344,free_exp
10:41:13.464,1,-1.767322,1.498161,-2.753273,free_exp
10:41:13.546,2,-2.567096,1.417749,-2.181341,free_exp
10:41:13.547,1,-1.767505,1.498077,-2.752691,free_exp
10:41:13.630,2,-2.567125,1.417769,-2.181578,free_exp
10:41:13.630,1,-1.767734,1.496885,-2.752244,free_exp
10:41:13.713,2,-2.567231,1.417901,-2.181751,free_exp
10:41:13.713,1,-1.766956,1.497175,-2.752266,free_exp
10:41:13.797,2,-2.567347,1.419518,-2.18195,free_exp
10:41:13.797,1,-1.765927,1.497186,-2.752287,free_exp
10:41:13.880,2,-2.567413,1.419516,-2.182953,free_exp
10:41:13.880,1,-1.766759,1.497337,-2.751684,free_exp
10:41:13.963,2,-2.567951,1.419543,-2.183772,free_exp
10:41:13.964,1,-1.767006,1.497254,-2.751663,free_exp
10:41:14.047,2,-2.567658,1.41876,-2.185176,free_exp
10:41:14.047,1,-1.76738,1.497617,-2.751507,free_exp
10:41:14.130,2,-2.56727,1.417576,-2.18593,free_exp
10:41:14.131,1,-1.767638,1.497639,-2.751438,free_exp
10:41:14.213,2,-2.567318,1.418381,-2.190414,free_exp
10:41:14.213,1,-1.768062,1.497582,-2.751478,free_exp
10:41:14.297,2,-2.567537,1.419908,-2.193424,free_exp
10:41:14.298,1,-1.768187,1.497778,-2.751518,free_exp
10:41:14.380,2,-2.566757,1.419936,-2.200901,free_exp
10:41:14.380,1,-1.766701,1.498102,-2.75287,free_exp
10:41:14.464,2,-2.567023,1.42,-2.208121,free_exp
10:41:14.464,1,-1.767138,1.498202,-2.753118,free_exp
10:41:14.546,2,-2.56566,1.419111,-2.219011,free_exp
10:41:14.547,1,-1.766721,1.498377,-2.754397,free_exp
10:41:14.631,2,-2.566854,1.419515,-2.231732,free_exp
10:41:14.631,1,-1.767261,1.498444,-2.754667,free_exp
10:41:14.713,2,-2.565638,1.418488,-2.250467,free_exp
10:41:14.713,1,-1.767937,1.498676,-2.755776,free_exp
10:41:14.864,2,-2.569773,1.419301,-2.280624,free_exp
10:41:14.865,1,-1.767301,1.498897,-2.758213,free_exp
10:41:14.947,2,-2.572751,1.420326,-2.307601,free_exp
10:41:14.947,1,-1.765699,1.498989,-2.760938,free_exp
10:41:15.031,2,-2.57669,1.418107,-2.327317,free_exp
10:41:15.031,1,-1.765103,1.498661,-2.761855,free_exp
10:41:15.113,2,-2.578435,1.417211,-2.355236,free_exp
10:41:15.113,1,-1.765925,1.498945,-2.762331,free_exp
10:41:15.264,2,-2.579774,1.417162,-2.382969,free_exp
10:41:15.264,1,-1.764786,1.498843,-2.76351,free_exp
10:41:15.346,2,-2.580636,1.416797,-2.397393,free_exp
10:41:15.347,1,-1.764132,1.498704,-2.764123,free_exp
10:41:15.430,2,-2.578595,1.416832,-2.407229,free_exp
10:41:15.430,1,-1.764189,1.498884,-2.764123,free_exp
10:41:15.513,2,-2.57395,1.418279,-2.423071,free_exp
10:41:15.513,1,-1.761893,1.498974,-2.76481,free_exp
10:41:15.597,2,-2.571763,1.419867,-2.428895,free_exp
10:41:15.597,1,-1.761701,1.49937,-2.76482,free_exp
10:41:15.680,2,-2.56915,1.421608,-2.442994,free_exp
10:41:15.680,1,-1.762211,1.499377,-2.764556,free_exp
10:41:15.763,2,-2.567453,1.421442,-2.454984,free_exp
10:41:15.763,1,-1.762471,1.499734,-2.764263,free_exp
10:41:15.847,2,-2.563165,1.420918,-2.478638,free_exp
10:41:15.847,1,-1.761898,1.498414,-2.76351,free_exp
10:41:15.930,2,-2.553359,1.420884,-2.499133,free_exp
10:41:15.930,1,-1.762346,1.497064,-2.762808,free_exp
10:41:16.013,2,-2.547699,1.420322,-2.515842,free_exp
10:41:16.014,1,-1.762289,1.494228,-2.761518,free_exp
10:41:16.097,2,-2.537414,1.420727,-2.547755,free_exp
10:41:16.097,1,-1.761823,1.491712,-2.761237,free_exp
10:41:16.181,2,-2.516433,1.419874,-2.593404,free_exp
10:41:16.181,1,-1.761407,1.491685,-2.760186,free_exp
10:41:16.280,2,-2.502316,1.419797,-2.626429,free_exp
10:41:16.280,1,-1.760357,1.49437,-2.759463,free_exp
10:41:16.363,2,-2.498348,1.419661,-2.643837,free_exp
10:41:16.363,1,-1.760705,1.494685,-2.757932,free_exp
10:41:16.447,2,-2.48773,1.419731,-2.669384,free_exp
10:41:16.447,1,-1.759902,1.49216,-2.757131,free_exp
10:41:16.530,2,-2.480216,1.420248,-2.683491,free_exp
10:41:16.530,1,-1.760007,1.489627,-2.755005,free_exp
10:41:16.613,2,-2.469794,1.420522,-2.698531,free_exp
10:41:16.613,1,-1.759479,1.482196,-2.754603,free_exp
10:41:16.697,2,-2.46484,1.420266,-2.706622,free_exp
10:41:16.697,1,-1.75923,1.472322,-2.753703,free_exp
10:41:16.780,2,-2.457623,1.420467,-2.71775,free_exp
10:41:16.780,1,-1.760401,1.467339,-2.749692,free_exp
10:41:16.864,2,-2.454421,1.420647,-2.724004,free_exp
10:41:16.864,1,-1.760213,1.468879,-2.749478,free_exp
10:41:16.964,2,-2.45172,1.420839,-2.729766,free_exp
10:41:16.964,1,-1.760113,1.469609,-2.748542,free_exp
10:41:17.047,2,-2.448283,1.420885,-2.735799,free_exp
10:41:17.047,1,-1.759906,1.472242,-2.747399,free_exp
10:41:17.131,2,-2.445241,1.420769,-2.739552,free_exp
10:41:17.131,1,-1.76006,1.47218,-2.746583,free_exp
10:41:17.213,2,-2.443997,1.421188,-2.742441,free_exp
10:41:17.213,1,-1.760535,1.469512,-2.745509,free_exp
10:41:17.297,2,-2.443489,1.421757,-2.743642,free_exp
10:41:17.298,1,-1.759111,1.474378,-2.747106,free_exp
10:41:17.380,2,-2.443631,1.421793,-2.744607,free_exp
10:41:17.380,1,-1.759267,1.469445,-2.746329,free_exp
10:41:17.464,2,-2.444461,1.421985,-2.743912,free_exp
10:41:17.465,1,-1.759266,1.460571,-2.745464,free_exp
10:41:17.564,2,-2.445711,1.422056,-2.742473,free_exp
10:41:17.565,1,-1.758918,1.458267,-2.745382,free_exp
10:41:17.647,2,-2.446134,1.421601,-2.743867,free_exp
10:41:17.647,1,-1.759418,1.455871,-2.745229,free_exp
10:41:17.730,2,-2.446218,1.421458,-2.744198,free_exp
10:41:17.730,1,-1.759435,1.459467,-2.745424,free_exp
10:41:17.813,2,-2.447962,1.421081,-2.741902,free_exp
10:41:17.813,1,-1.760099,1.453999,-2.746165,free_exp
10:41:17.964,2,-2.449903,1.421229,-2.739034,free_exp
10:41:17.965,1,-1.76111,1.469573,-2.747882,free_exp
10:41:18.047,2,-2.450485,1.421191,-2.737848,free_exp
10:41:18.047,1,-1.762472,1.466621,-2.750503,free_exp
10:41:18.130,2,-2.450641,1.421298,-2.737189,free_exp
10:41:18.130,1,-1.762844,1.458938,-2.751636,free_exp
10:41:18.213,2,-2.450947,1.422121,-2.736407,free_exp
10:41:18.213,1,-1.763482,1.452101,-2.75414,free_exp
10:41:18.297,2,-2.451269,1.422306,-2.735795,free_exp
10:41:18.297,1,-1.764039,1.442032,-2.755378,free_exp
10:41:18.380,2,-2.451141,1.422466,-2.735516,free_exp
10:41:18.380,1,-1.764333,1.432739,-2.757145,free_exp
10:41:18.463,2,-2.451068,1.422521,-2.735385,free_exp
10:41:18.464,1,-1.764084,1.43363,-2.75836,free_exp
10:41:18.547,2,-2.451029,1.422849,-2.735148,free_exp
10:41:18.547,1,-1.763846,1.439712,-2.758951,free_exp
10:41:18.631,2,-2.450931,1.422954,-2.735051,free_exp
10:41:18.631,1,-1.76307,1.443894,-2.759345,free_exp
10:41:18.713,2,-2.450939,1.423282,-2.735043,free_exp
10:41:18.713,1,-1.761699,1.448635,-2.759746,free_exp
10:41:18.797,2,-2.451017,1.423373,-2.735048,free_exp
10:41:18.798,1,-1.760367,1.443742,-2.759322,free_exp
10:41:18.880,2,-2.451282,1.423112,-2.735281,free_exp
10:41:18.880,1,-1.758181,1.445208,-2.758692,free_exp
10:41:18.964,2,-2.451451,1.422879,-2.735382,free_exp
10:41:18.964,1,-1.75643,1.439284,-2.758095,free_exp
10:41:19.046,2,-2.451577,1.422794,-2.735553,free_exp
10:41:19.047,1,-1.75257,1.43824,-2.755926,free_exp
10:41:19.131,2,-2.451611,1.422466,-2.735521,free_exp
10:41:19.131,1,-1.75092,1.442403,-2.754429,free_exp
10:41:19.231,2,-2.452109,1.4225,-2.735627,free_exp
10:41:19.231,1,-1.749828,1.440396,-2.75376,free_exp
10:41:19.313,2,-2.452625,1.422109,-2.735775,free_exp
10:41:19.313,1,-1.74778,1.44268,-2.75271,free_exp
10:41:19.397,2,-2.45285,1.422204,-2.736009,free_exp
10:41:19.398,1,-1.74757,1.440364,-2.752977,free_exp
10:41:19.497,2,-2.453306,1.422517,-2.736046,free_exp
10:41:19.497,1,-1.747316,1.434696,-2.753192,free_exp
10:41:19.580,2,-2.454228,1.422263,-2.736021,free_exp
10:41:19.580,1,-1.747146,1.433739,-2.753789,free_exp
10:41:19.664,2,-2.454834,1.422165,-2.735957,free_exp
10:41:19.664,1,-1.747234,1.433649,-2.753814,free_exp
10:41:19.747,2,-2.455759,1.422624,-2.736017,free_exp
10:41:19.747,1,-1.74746,1.43417,-2.754421,free_exp
10:41:19.831,2,-2.456146,1.422955,-2.735958,free_exp
10:41:19.831,1,-1.747679,1.434016,-2.754581,free_exp
10:41:19.930,2,-2.457189,1.423349,-2.735844,free_exp
10:41:19.930,1,-1.748266,1.434679,-2.755722,free_exp
10:41:20.013,2,-2.458071,1.423272,-2.73585,free_exp
10:41:20.013,1,-1.749203,1.433815,-2.756495,free_exp
10:41:20.097,2,-2.458719,1.422817,-2.73579,free_exp
10:41:20.097,1,-1.749603,1.432357,-2.757143,free_exp
10:41:20.180,2,-2.460141,1.422619,-2.735777,free_exp
10:41:20.180,1,-1.750279,1.434342,-2.758436,free_exp
10:41:20.264,2,-2.462523,1.422653,-2.737312,free_exp
10:41:20.264,1,-1.750777,1.434813,-2.758836,free_exp
10:41:20.346,2,-2.4651,1.422838,-2.737888,free_exp
10:41:20.347,1,-1.751515,1.431376,-2.759279,free_exp
10:41:20.430,2,-2.465531,1.422925,-2.737164,free_exp
10:41:20.431,1,-1.751999,1.433036,-2.759455,free_exp
10:41:20.513,2,-2.467533,1.422393,-2.737219,free_exp
10:41:20.513,1,-1.752773,1.432537,-2.760181,free_exp
10:41:20.597,2,-2.467955,1.422181,-2.736524,free_exp
10:41:20.597,1,-1.753524,1.432245,-2.760306,free_exp
10:41:20.680,2,-2.468849,1.421867,-2.735521,free_exp
10:41:20.680,1,-1.75425,1.432718,-2.76045,free_exp
10:41:20.764,2,-2.46961,1.421344,-2.735077,free_exp
10:41:20.765,1,-1.756019,1.435022,-2.761533,free_exp
10:41:20.864,2,-2.470394,1.419631,-2.734442,free_exp
10:41:20.864,1,-1.756618,1.434239,-2.761649,free_exp
10:41:20.964,2,-2.471047,1.419572,-2.734011,free_exp
10:41:20.965,1,-1.756703,1.432608,-2.761617,free_exp
10:41:21.047,2,-2.474277,1.419803,-2.734331,free_exp
10:41:21.047,1,-1.756905,1.433952,-2.761681,free_exp
10:41:21.130,2,-2.474776,1.419516,-2.734156,free_exp
10:41:21.130,1,-1.75767,1.433522,-2.762001,free_exp
10:41:21.213,2,-2.476119,1.419403,-2.734489,free_exp
10:41:21.213,1,-1.758427,1.433651,-2.763018,free_exp
10:41:21.297,2,-2.476497,1.418917,-2.734226,free_exp
10:41:21.297,1,-1.758385,1.433016,-2.762929,free_exp
10:41:21.380,2,-2.476548,1.419021,-2.733799,free_exp
10:41:21.380,1,-1.75875,1.434143,-2.763164,free_exp
10:41:21.481,2,-2.47753,1.419461,-2.734433,free_exp
10:41:21.481,1,-1.759451,1.433082,-2.763829,free_exp
10:41:21.564,2,-2.478122,1.419309,-2.735036,free_exp
10:41:21.564,1,-1.759592,1.433339,-2.764453,free_exp
10:41:21.647,2,-2.478313,1.419363,-2.735093,free_exp
10:41:21.647,1,-1.759366,1.431676,-2.764177,free_exp
10:41:21.748,2,-2.47673,1.419255,-2.733611,free_exp
10:41:21.748,1,-1.758963,1.433463,-2.763429,free_exp
10:41:21.848,2,-2.475953,1.419268,-2.732596,free_exp
10:41:21.848,1,-1.758418,1.433576,-2.762753,free_exp
10:41:21.930,2,-2.475463,1.418541,-2.732531,free_exp
10:41:21.930,1,-1.758523,1.43374,-2.763291,free_exp
10:41:22.081,2,-2.474267,1.418982,-2.731887,free_exp
10:41:22.081,1,-1.758353,1.433981,-2.763329,free_exp
10:41:22.181,2,-2.473637,1.419202,-2.731444,free_exp
10:41:22.181,1,-1.758211,1.436116,-2.763114,free_exp
10:41:22.280,2,-2.470826,1.418958,-2.730369,free_exp
10:41:22.280,1,-1.758338,1.433658,-2.763661,free_exp
10:41:22.363,2,-2.46999,1.418661,-2.729892,free_exp
10:41:22.364,1,-1.758506,1.434206,-2.764128,free_exp
10:41:22.447,2,-2.468246,1.41837,-2.72895,free_exp
10:41:22.447,1,-1.758415,1.434043,-2.764045,free_exp
10:41:22.530,2,-2.467341,1.418125,-2.728799,free_exp
10:41:22.530,1,-1.758555,1.434221,-2.764282,free_exp
10:41:22.613,2,-2.466563,1.418164,-2.728765,free_exp
10:41:22.614,1,-1.758692,1.434971,-2.764397,free_exp
10:41:22.697,2,-2.466221,1.418647,-2.728845,free_exp
10:41:22.697,1,-1.758893,1.434472,-2.764756,free_exp
10:41:22.780,2,-2.465427,1.418745,-2.728833,free_exp
10:41:22.780,1,-1.75897,1.434218,-2.764891,free_exp
10:41:22.864,2,-2.464868,1.418667,-2.728764,free_exp
10:41:22.864,1,-1.758717,1.43602,-2.764609,free_exp
10:41:22.964,2,-2.464102,1.418793,-2.728709,free_exp
10:41:22.964,1,-1.758799,1.434381,-2.764362,free_exp
10:41:23.064,2,-2.463362,1.418826,-2.728729,free_exp
10:41:23.065,1,-1.759068,1.436558,-2.76463,free_exp
10:41:23.147,2,-2.462924,1.418713,-2.72883,free_exp
10:41:23.147,1,-1.759207,1.436558,-2.76438,free_exp
10:41:23.230,2,-2.46277,1.418623,-2.728883,free_exp
10:41:23.230,1,-1.759683,1.437584,-2.764533,free_exp
10:41:23.381,2,-2.462738,1.419183,-2.72898,free_exp
10:41:23.381,1,-1.759652,1.43944,-2.764254,free_exp
10:41:23.498,2,-2.463286,1.419148,-2.72972,free_exp
10:41:23.498,1,-1.760365,1.439035,-2.763937,free_exp
10:41:23.580,2,-2.463757,1.419208,-2.730207,free_exp
10:41:23.580,1,-1.761401,1.443285,-2.763488,free_exp
10:41:23.713,2,-2.465685,1.419509,-2.732888,free_exp
10:41:23.713,1,-1.762995,1.444622,-2.763112,free_exp
10:41:23.864,2,-2.466296,1.419112,-2.73312,free_exp
10:41:23.865,1,-1.763078,1.453622,-2.762842,free_exp
10:41:23.947,2,-2.468434,1.419239,-2.736312,free_exp
10:41:23.947,1,-1.76297,1.449382,-2.761963,free_exp
10:41:24.030,2,-2.47046,1.419425,-2.739055,free_exp
10:41:24.031,1,-1.763566,1.458416,-2.761313,free_exp
10:41:24.113,2,-2.473165,1.419585,-2.742046,free_exp
10:41:24.113,1,-1.766185,1.455104,-2.760729,free_exp
10:41:24.247,2,-2.474837,1.419238,-2.747191,free_exp
10:41:24.247,1,-1.770964,1.448027,-2.761119,free_exp
10:41:24.331,2,-2.474796,1.419245,-2.748734,free_exp
10:41:24.331,1,-1.771473,1.439543,-2.760104,free_exp
10:41:24.413,2,-2.474951,1.419351,-2.748958,free_exp
10:41:24.413,1,-1.775564,1.432405,-2.76064,free_exp
10:41:24.497,2,-2.477396,1.419314,-2.747314,free_exp
10:41:24.498,1,-1.777073,1.439733,-2.758914,free_exp
10:41:24.580,2,-2.483145,1.419353,-2.734666,free_exp
10:41:24.580,1,-1.7821,1.444182,-2.756823,free_exp
10:41:24.664,2,-2.486227,1.419386,-2.720819,free_exp
10:41:24.665,1,-1.785307,1.439349,-2.754574,free_exp
10:41:24.764,2,-2.494588,1.41947,-2.695839,free_exp
10:41:24.765,1,-1.789386,1.448832,-2.750313,free_exp
10:41:24.847,2,-2.510692,1.419594,-2.673711,free_exp
10:41:24.847,1,-1.793003,1.462005,-2.746961,free_exp
10:41:24.980,2,-2.528895,1.419595,-2.646986,free_exp
10:41:24.980,1,-1.795614,1.465793,-2.744703,free_exp
10:41:25.131,2,-2.545272,1.420244,-2.623546,free_exp
10:41:25.131,1,-1.799151,1.456847,-2.741576,free_exp
10:41:25.213,2,-2.560129,1.420302,-2.609517,free_exp
10:41:25.214,1,-1.801916,1.458623,-2.740534,free_exp
10:41:25.297,2,-2.56834,1.420368,-2.60359,free_exp
10:41:25.298,1,-1.804207,1.463926,-2.739603,free_exp
10:41:25.380,2,-2.582522,1.420103,-2.598131,free_exp
10:41:25.380,1,-1.807162,1.472824,-2.739238,free_exp
10:41:25.481,2,-2.59069,1.420114,-2.595674,free_exp
10:41:25.481,1,-1.808942,1.475259,-2.739778,free_exp
10:41:25.563,2,-2.595838,1.419782,-2.59452,free_exp
10:41:25.564,1,-1.811795,1.476423,-2.739675,free_exp
10:41:25.648,2,-2.597334,1.419028,-2.594596,free_exp
10:41:25.648,1,-1.814883,1.474005,-2.740716,free_exp
10:41:25.730,2,-2.599196,1.41895,-2.593726,free_exp
10:41:25.730,1,-1.816374,1.474975,-2.740684,free_exp
10:41:25.814,2,-2.60522,1.420003,-2.590507,free_exp
10:41:25.814,1,-1.818901,1.470136,-2.741115,free_exp
10:41:25.897,2,-2.609249,1.420446,-2.588253,free_exp
10:41:25.897,1,-1.82023,1.470851,-2.741286,free_exp
10:41:25.981,2,-2.618324,1.419238,-2.583876,free_exp
10:41:25.981,1,-1.821917,1.4746,-2.741936,free_exp
10:41:26.064,2,-2.62845,1.419592,-2.574909,free_exp
10:41:26.064,1,-1.823382,1.486023,-2.7424,free_exp
10:41:26.147,2,-2.634532,1.419193,-2.568823,free_exp
10:41:26.147,1,-1.825217,1.491014,-2.742879,free_exp
10:41:26.230,2,-2.635758,1.419443,-2.56603,free_exp
10:41:26.231,1,-1.8262,1.499732,-2.743382,free_exp
10:41:26.313,2,-2.640749,1.419926,-2.55881,free_exp
10:41:26.314,1,-1.827663,1.500195,-2.744553,free_exp
10:41:26.397,2,-2.641815,1.420704,-2.557246,free_exp
10:41:26.397,1,-1.828316,1.501445,-2.745116,free_exp
10:41:26.480,2,-2.648408,1.421641,-2.547708,free_exp
10:41:26.480,1,-1.828887,1.496214,-2.745737,free_exp
10:41:26.564,2,-2.648823,1.422789,-2.543376,free_exp
10:41:26.564,1,-1.829286,1.496552,-2.746602,free_exp
10:41:26.647,2,-2.649157,1.423307,-2.53942,free_exp
10:41:26.648,1,-1.829709,1.4923,-2.74715,free_exp
10:41:26.730,2,-2.650019,1.423055,-2.534584,free_exp
10:41:26.730,1,-1.829801,1.49848,-2.747657,free_exp
10:41:26.813,2,-2.65183,1.423056,-2.528535,free_exp
10:41:26.814,1,-1.829972,1.504165,-2.748876,free_exp
10:41:26.898,2,-2.653369,1.42277,-2.524986,free_exp
10:41:26.898,1,-1.830181,1.507648,-2.750119,free_exp
10:41:26.980,2,-2.656364,1.422813,-2.518316,free_exp
10:41:26.980,1,-1.829601,1.510819,-2.752055,free_exp
10:41:27.064,2,-2.657635,1.422648,-2.514396,free_exp
10:41:27.065,1,-1.828334,1.511439,-2.753459,free_exp
10:41:27.147,2,-2.660967,1.422475,-2.506863,free_exp
10:41:27.147,1,-1.823797,1.512759,-2.756068,free_exp
10:41:27.231,2,-2.661486,1.422489,-2.504612,free_exp
10:41:27.231,1,-1.819089,1.512943,-2.758301,free_exp
10:41:27.313,2,-2.663432,1.421943,-2.500458,free_exp
10:41:27.314,1,-1.809061,1.511948,-2.760698,free_exp
10:41:27.398,2,-2.664135,1.420736,-2.498173,free_exp
10:41:27.398,1,-1.802926,1.511076,-2.762406,free_exp
10:41:27.480,2,-2.664452,1.418911,-2.495148,free_exp
10:41:27.480,1,-1.795753,1.510451,-2.765373,free_exp
10:41:27.564,2,-2.664566,1.41838,-2.492088,free_exp
10:41:27.564,1,-1.792388,1.509652,-2.768989,free_exp
10:41:27.647,2,-2.666063,1.417481,-2.489725,free_exp
10:41:27.647,1,-1.792042,1.507053,-2.775325,free_exp
10:41:27.730,2,-2.666776,1.41785,-2.488224,free_exp
10:41:27.730,1,-1.79546,1.50679,-2.782446,free_exp
10:41:27.813,2,-2.667346,1.417722,-2.486253,free_exp
10:41:27.814,1,-1.807932,1.50548,-2.799197,free_exp
10:41:27.897,2,-2.667889,1.416695,-2.485588,free_exp
10:41:27.898,1,-1.818557,1.502982,-2.809285,free_exp
10:41:27.980,2,-2.66881,1.417257,-2.483672,free_exp
10:41:27.980,1,-1.837713,1.501985,-2.828191,free_exp
10:41:28.064,2,-2.668829,1.415925,-2.48322,free_exp
10:41:28.064,1,-1.850895,1.501471,-2.841157,free_exp
10:41:28.147,2,-2.669179,1.415762,-2.482589,free_exp
10:41:28.147,1,-1.872911,1.502391,-2.860179,free_exp
10:41:28.231,2,-2.669682,1.414658,-2.481488,free_exp
10:41:28.231,1,-1.884524,1.50259,-2.870789,free_exp
10:41:28.313,2,-2.670248,1.416879,-2.479795,free_exp
10:41:28.313,1,-1.906803,1.5029,-2.891234,free_exp
10:41:28.447,2,-2.671447,1.41792,-2.47804,free_exp
10:41:28.447,1,-1.927892,1.503617,-2.908235,free_exp
10:41:28.531,2,-2.672035,1.417025,-2.477479,free_exp
10:41:28.531,1,-1.935889,1.50344,-2.915461,free_exp
10:41:28.613,2,-2.673781,1.414976,-2.475331,free_exp
10:41:28.614,1,-1.944708,1.503695,-2.922857,free_exp
10:41:28.764,2,-2.674049,1.415632,-2.474111,free_exp
10:41:28.765,1,-1.950746,1.503701,-2.929464,free_exp
10:41:28.847,2,-2.67428,1.416302,-2.473528,free_exp
10:41:28.847,1,-1.953678,1.503354,-2.933901,free_exp
10:41:28.930,2,-2.674135,1.415811,-2.473258,free_exp
10:41:28.930,1,-1.954853,1.503421,-2.93577,free_exp
10:41:29.013,2,-2.674009,1.416086,-2.472167,free_exp
10:41:29.013,1,-1.955193,1.503565,-2.938306,free_exp
10:41:29.097,2,-2.674178,1.416093,-2.471468,free_exp
10:41:29.097,1,-1.956069,1.503679,-2.940319,free_exp
10:41:29.180,2,-2.674118,1.416741,-2.470231,free_exp
10:41:29.180,1,-1.957554,1.503638,-2.944783,free_exp
10:41:29.264,2,-2.674306,1.416664,-2.469701,free_exp
10:41:29.264,1,-1.957843,1.503969,-2.947729,free_exp
10:41:29.347,2,-2.67465,1.415357,-2.469365,free_exp
10:41:29.347,1,-1.957746,1.504327,-2.950473,free_exp
10:41:29.430,2,-2.675148,1.415376,-2.469017,free_exp
10:41:29.430,1,-1.957498,1.504675,-2.951446,free_exp
10:41:29.514,2,-2.67561,1.414757,-2.468098,free_exp
10:41:29.514,1,-1.956812,1.50525,-2.954275,free_exp
10:41:29.597,2,-2.676222,1.414707,-2.468254,free_exp
10:41:29.597,1,-1.955971,1.506623,-2.956529,free_exp
10:41:29.680,2,-2.677139,1.414393,-2.467303,free_exp
10:41:29.681,1,-1.955514,1.507136,-2.957584,free_exp
10:41:29.764,2,-2.677571,1.414236,-2.467358,free_exp
10:41:29.764,1,-1.955151,1.506516,-2.95922,free_exp
10:41:29.864,2,-2.678246,1.415003,-2.467455,free_exp
10:41:29.864,1,-1.954093,1.506101,-2.960324,free_exp
10:41:29.947,2,-2.679154,1.415011,-2.468005,free_exp
10:41:29.947,1,-1.953503,1.510816,-2.961071,free_exp
10:41:30.031,2,-2.679076,1.415599,-2.468204,free_exp
10:41:30.031,1,-1.953544,1.513961,-2.961725,free_exp
10:41:30.113,2,-2.679231,1.414792,-2.46876,free_exp
10:41:30.114,1,-1.953388,1.518628,-2.962389,free_exp
10:41:30.198,2,-2.679091,1.415069,-2.469085,free_exp
10:41:30.198,1,-1.953124,1.518265,-2.962768,free_exp
10:41:30.280,2,-2.679195,1.414884,-2.469143,free_exp
10:41:30.280,1,-1.952505,1.518301,-2.962613,free_exp
10:41:30.364,2,-2.680402,1.415284,-2.468352,free_exp
10:41:30.365,1,-1.952028,1.518362,-2.962723,free_exp
10:41:30.464,2,-2.68009,1.415579,-2.469259,free_exp
10:41:30.465,1,-1.951713,1.518217,-2.96342,free_exp
10:41:30.547,2,-2.679866,1.415996,-2.46954,free_exp
10:41:30.547,1,-1.950594,1.517673,-2.963569,free_exp
10:41:30.680,2,-2.679706,1.414791,-2.468678,free_exp
10:41:30.680,1,-1.94964,1.516919,-2.963848,free_exp
10:41:30.764,2,-2.679762,1.412799,-2.468495,free_exp
10:41:30.765,1,-1.949395,1.514851,-2.964313,free_exp
10:41:30.847,2,-2.680031,1.413733,-2.467806,free_exp
10:41:30.847,1,-1.948803,1.513259,-2.964747,free_exp
10:41:30.931,2,-2.680193,1.414209,-2.467943,free_exp
10:41:30.931,1,-1.948251,1.512439,-2.96523,free_exp
10:41:31.013,2,-2.680615,1.414791,-2.468106,free_exp
10:41:31.014,1,-1.948095,1.511062,-2.965893,free_exp
10:41:31.098,2,-2.681076,1.414949,-2.467941,free_exp
10:41:31.098,1,-1.947849,1.510705,-2.966311,free_exp
10:41:31.180,2,-2.682031,1.41513,-2.468354,free_exp
10:41:31.180,1,-1.94771,1.510575,-2.966964,free_exp
10:41:31.264,2,-2.682279,1.414421,-2.468255,free_exp
10:41:31.265,1,-1.94763,1.51008,-2.967149,free_exp
10:41:31.347,2,-2.682378,1.415053,-2.468291,free_exp
10:41:31.347,1,-1.947507,1.510484,-2.967505,free_exp
10:41:31.431,2,-2.682366,1.415549,-2.468725,free_exp
10:41:31.431,1,-1.947739,1.51088,-2.967747,free_exp
10:41:31.513,2,-2.682351,1.416401,-2.468737,free_exp
10:41:31.514,1,-1.94803,1.51043,-2.968102,free_exp
10:41:31.647,2,-2.682166,1.419036,-2.468979,free_exp
10:41:31.647,1,-1.948627,1.510026,-2.968836,free_exp
10:41:31.797,2,-2.681636,1.419771,-2.469093,free_exp
10:41:31.797,1,-1.949521,1.509746,-2.968916,free_exp
10:41:31.880,2,-2.681544,1.419739,-2.469195,free_exp
10:41:31.880,1,-1.950201,1.509288,-2.968696,free_exp
10:41:31.964,2,-2.681283,1.419598,-2.469067,free_exp
10:41:31.964,1,-1.950812,1.509144,-2.968431,free_exp
10:41:32.047,2,-2.680818,1.419447,-2.468798,free_exp
10:41:32.047,1,-1.951698,1.508814,-2.967376,free_exp
10:41:32.131,2,-2.680295,1.418847,-2.469243,free_exp
10:41:32.132,1,-1.952271,1.508502,-2.96701,free_exp
10:41:32.213,2,-2.679281,1.418433,-2.469697,free_exp
10:41:32.214,1,-1.953867,1.508249,-2.965201,free_exp
10:41:32.298,2,-2.67777,1.41876,-2.470408,free_exp
10:41:32.298,1,-1.954454,1.508078,-2.964504,free_exp
10:41:32.380,2,-2.676684,1.4191,-2.471166,free_exp
10:41:32.380,1,-1.95553,1.507895,-2.962358,free_exp
10:41:32.464,2,-2.67521,1.419225,-2.471561,free_exp
10:41:32.465,1,-1.956141,1.507873,-2.961015,free_exp
10:41:32.547,2,-2.673475,1.419402,-2.473201,free_exp
10:41:32.547,1,-1.957609,1.507454,-2.958584,free_exp
10:41:32.680,2,-2.672671,1.418953,-2.474843,free_exp
10:41:32.680,1,-1.959338,1.507221,-2.954889,free_exp
10:41:32.764,2,-2.672438,1.418795,-2.475209,free_exp
10:41:32.764,1,-1.960511,1.506988,-2.952407,free_exp
10:41:32.864,2,-2.672412,1.418565,-2.475843,free_exp
10:41:32.865,1,-1.962695,1.506874,-2.948854,free_exp
10:41:32.966,2,-2.67241,1.418507,-2.476018,free_exp
10:41:32.966,1,-1.96435,1.506624,-2.945763,free_exp
10:41:33.064,2,-2.672233,1.418633,-2.475805,free_exp
10:41:33.065,1,-1.965943,1.506355,-2.94273,free_exp
10:41:33.164,2,-2.672231,1.418148,-2.475759,free_exp
10:41:33.164,1,-1.966766,1.506238,-2.940728,free_exp
10:41:33.264,2,-2.672154,1.417916,-2.475938,free_exp
10:41:33.265,1,-1.968026,1.506137,-2.937808,free_exp
10:41:33.364,2,-2.671805,1.417722,-2.475788,free_exp
10:41:33.365,1,-1.968742,1.506102,-2.935378,free_exp
10:41:33.464,2,-2.671156,1.417726,-2.475735,free_exp
10:41:33.465,1,-1.969327,1.505863,-2.933039,free_exp
10:41:33.564,2,-2.669912,1.417332,-2.475716,free_exp
10:41:33.566,1,-1.969037,1.505558,-2.930283,free_exp
10:41:33.664,2,-2.669195,1.417312,-2.475022,free_exp
10:41:33.664,1,-1.967617,1.505175,-2.925914,free_exp
10:41:33.764,2,-2.66766,1.417752,-2.474552,free_exp
10:41:33.764,1,-1.965171,1.504932,-2.921368,free_exp
10:41:33.864,2,-2.666629,1.41777,-2.473608,free_exp
10:41:33.865,1,-1.958974,1.504238,-2.914847,free_exp
10:41:33.964,2,-2.664559,1.417503,-2.472515,free_exp
10:41:33.964,1,-1.952029,1.503916,-2.907721,free_exp
10:41:34.064,2,-2.66301,1.417502,-2.470925,free_exp
10:41:34.064,1,-1.942498,1.503852,-2.89901,free_exp
10:41:34.164,2,-2.66174,1.417512,-2.469063,free_exp
10:41:34.165,1,-1.932151,1.503838,-2.890458,free_exp
10:41:34.264,2,-2.661289,1.417241,-2.466722,free_exp
10:41:34.265,1,-1.920975,1.503756,-2.879347,free_exp
10:41:34.364,2,-2.661368,1.417488,-2.465817,free_exp
10:41:34.364,1,-1.912141,1.503678,-2.870764,free_exp
10:41:34.464,2,-2.661746,1.417659,-2.465235,free_exp
10:41:34.464,1,-1.901658,1.503895,-2.861965,free_exp
10:41:34.547,2,-2.662868,1.417715,-2.464463,free_exp
10:41:34.547,1,-1.889323,1.504018,-2.854039,free_exp
10:41:34.630,2,-2.663803,1.417679,-2.464038,free_exp
10:41:34.630,1,-1.882218,1.504168,-2.849167,free_exp
10:41:34.731,2,-2.665172,1.417668,-2.463368,free_exp
10:41:34.731,1,-1.867137,1.504437,-2.839757,free_exp
10:41:34.830,2,-2.666674,1.416952,-2.462023,free_exp
10:41:34.831,1,-1.851851,1.504785,-2.830047,free_exp
10:41:34.913,2,-2.6677,1.416718,-2.461348,free_exp
10:41:34.914,1,-1.837062,1.505059,-2.821774,free_exp
10:41:34.998,2,-2.66873,1.416099,-2.46059,free_exp
10:41:34.999,1,-1.827654,1.505435,-2.813502,free_exp
10:41:35.097,2,-2.670134,1.415808,-2.459843,free_exp
10:41:35.097,1,-1.811396,1.50589,-2.800909,free_exp
10:41:35.198,2,-2.671314,1.415965,-2.459399,free_exp
10:41:35.198,1,-1.79669,1.506096,-2.788867,free_exp
10:41:35.297,2,-2.672886,1.415848,-2.460804,free_exp
10:41:35.297,1,-1.784597,1.506338,-2.777279,free_exp
10:41:35.397,2,-2.673757,1.41604,-2.461804,free_exp
10:41:35.397,1,-1.77611,1.506846,-2.766547,free_exp
10:41:35.480,2,-2.674726,1.416005,-2.462881,free_exp
10:41:35.480,1,-1.771283,1.507482,-2.754258,free_exp
10:41:35.582,2,-2.674859,1.417008,-2.463082,free_exp
10:41:35.583,1,-1.769006,1.507958,-2.74676,free_exp
10:41:35.681,2,-2.676149,1.417793,-2.463693,free_exp
10:41:35.682,1,-1.769861,1.508299,-2.733103,free_exp
10:41:35.781,2,-2.676258,1.418731,-2.463566,free_exp
10:41:35.781,1,-1.771502,1.508339,-2.72884,free_exp
10:41:35.882,2,-2.675726,1.419399,-2.462449,free_exp
10:41:35.883,1,-1.777742,1.508738,-2.720022,free_exp
10:41:35.980,2,-2.674589,1.419928,-2.461412,free_exp
10:41:35.981,1,-1.795741,1.50903,-2.712241,free_exp
10:41:36.080,2,-2.673642,1.421169,-2.461398,free_exp
10:41:36.080,1,-1.811911,1.509252,-2.708673,free_exp
10:41:36.181,2,-2.672707,1.421817,-2.46121,free_exp
10:41:36.181,1,-1.839178,1.509245,-2.705715,free_exp
10:41:36.281,2,-2.669756,1.422138,-2.461464,free_exp
10:41:36.281,1,-1.863693,1.509377,-2.704194,free_exp
10:41:36.380,2,-2.668849,1.422479,-2.461778,free_exp
10:41:36.380,1,-1.890651,1.509441,-2.702551,free_exp
10:41:36.480,2,-2.667686,1.423051,-2.461676,free_exp
10:41:36.481,1,-1.92343,1.509447,-2.700319,free_exp
10:41:36.580,2,-2.667603,1.42349,-2.461807,free_exp
10:41:36.580,1,-1.942051,1.509519,-2.699508,free_exp
10:41:36.681,2,-2.6662,1.424063,-2.46213,free_exp
10:41:36.681,1,-1.969383,1.509599,-2.700614,free_exp
10:41:36.782,2,-2.665626,1.424766,-2.46244,free_exp
10:41:36.783,1,-1.996399,1.50962,-2.702308,free_exp
10:41:36.881,2,-2.665567,1.42574,-2.462367,free_exp
10:41:36.881,1,-2.027468,1.509709,-2.696413,free_exp
10:41:36.981,2,-2.665715,1.426425,-2.462523,free_exp
10:41:36.981,1,-2.038931,1.509626,-2.688811,free_exp
10:41:37.063,2,-2.666685,1.426263,-2.462708,free_exp
10:41:37.064,1,-2.053752,1.509594,-2.663629,free_exp
10:41:37.164,2,-2.667186,1.42645,-2.462837,free_exp
10:41:37.165,1,-2.060566,1.509558,-2.626944,free_exp
10:41:37.264,2,-2.668092,1.427655,-2.463433,free_exp
10:41:37.265,1,-2.063294,1.50953,-2.571496,free_exp
10:41:37.364,2,-2.669027,1.427534,-2.464088,free_exp
10:41:37.364,1,-2.06077,1.509544,-2.508728,free_exp
10:41:37.464,2,-2.66934,1.426981,-2.466182,free_exp
10:41:37.464,1,-2.054164,1.509421,-2.442617,free_exp
10:41:37.547,2,-2.669733,1.426094,-2.466334,free_exp
10:41:37.547,1,-2.051724,1.509376,-2.379832,free_exp
10:41:37.630,2,-2.671657,1.424363,-2.466045,free_exp
10:41:37.630,1,-2.051566,1.509384,-2.340997,free_exp
10:41:37.731,2,-2.672552,1.423306,-2.46673,free_exp
10:41:37.731,1,-2.058116,1.509344,-2.282457,free_exp
10:41:37.814,2,-2.672639,1.422122,-2.465756,free_exp
10:41:37.814,1,-2.078023,1.509681,-2.22927,free_exp
10:41:37.897,2,-2.671796,1.422986,-2.465895,free_exp
10:41:37.897,1,-2.094492,1.509739,-2.196982,free_exp
10:41:37.982,2,-2.671539,1.421792,-2.465336,free_exp
10:41:37.982,1,-2.112173,1.5098,-2.164922,free_exp
10:41:38.080,2,-2.670577,1.420665,-2.464138,free_exp
10:41:38.081,1,-2.169053,1.510051,-2.091938,free_exp
10:41:38.180,2,-2.670097,1.41856,-2.464331,free_exp
10:41:38.180,1,-2.236847,1.510016,-2.035099,free_exp
10:41:38.281,2,-2.670085,1.418492,-2.46444,free_exp
10:41:38.281,1,-2.289709,1.510255,-1.996315,free_exp
10:41:38.381,2,-2.67001,1.419059,-2.464376,free_exp
10:41:38.381,1,-2.336683,1.510238,-1.961516,free_exp
10:41:38.480,2,-2.668551,1.419152,-2.465018,free_exp
10:41:38.481,1,-2.392226,1.510558,-1.906954,free_exp
10:41:38.599,2,-2.667715,1.418512,-2.46505,free_exp
10:41:38.599,1,-2.392655,1.5107,-2.052378,free_exp
10:41:38.697,2,-2.665909,1.418029,-2.465655,free_exp
10:41:38.697,1,-2.34892,1.511346,-1.926383,free_exp
10:41:38.780,2,-2.662036,1.419346,-2.467717,free_exp
10:41:38.780,1,-2.289876,1.511465,-1.723415,free_exp
10:41:38.864,2,-2.659359,1.420624,-2.468873,free_exp
10:41:38.964,2,-2.652981,1.51143,-2.471873,free_exp
10:41:39.064,2,-2.646566,1.421038,-2.476102,free_exp
10:41:39.147,2,-2.637233,1.511339,-2.483021,free_exp
10:41:39.231,2,-2.632286,1.420235,-2.486105,free_exp
10:41:39.330,2,-2.625027,1.5113,-2.489242,free_exp
10:41:39.430,2,-2.599281,1.419957,-2.492648,free_exp
10:41:39.531,2,-2.576782,1.511279,-2.496486,free_exp
10:41:39.613,2,-2.56429,1.418749,-2.494745,free_exp
10:41:39.782,2,-2.545821,1.511336,-2.477875,free_exp
10:41:39.881,2,-2.529283,1.417451,-2.453801,free_exp
10:41:39.981,2,-2.509139,1.511089,-2.410818,free_exp
10:41:40.063,2,-2.48292,1.418074,-2.362841,free_exp
10:41:40.147,2,-2.454562,1.51103,-2.304371,free_exp
10:41:40.230,2,-2.434277,1.420376,-2.267889,free_exp
10:41:40.313,2,-2.414062,1.510943,-2.21658,free_exp
10:41:40.398,2,-2.401358,1.420298,-2.176904,free_exp
10:41:40.497,2,-2.391432,1.510851,-2.125886,free_exp
10:41:40.581,2,-2.386938,1.423157,-2.085523,free_exp
10:41:40.681,2,-2.387591,1.51081,-2.055718,free_exp
10:41:40.781,2,-2.390153,1.425455,-1.987978,free_exp
10:41:40.881,2,-2.394091,1.510812,-1.963633,free_exp
10:41:40.963,2,-2.40559,1.427813,-1.904721,free_exp
10:41:41.064,2,-2.425498,1.510869,-1.830621,free_exp
10:41:41.147,2,-2.441997,1.429079,-1.775424,free_exp
10:41:41.230,2,-2.451596,1.510952,-1.748865,free_exp
10:41:41.331,2,-2.465784,1.429909,-1.69438,free_exp
10:41:41.432,2,-2.481963,1.51082,-1.669325,free_exp
10:41:41.530,2,-2.49421,1.429527,-1.64141,free_exp
10:41:41.631,2,-2.515047,1.510823,-1.609394,free_exp
10:41:41.732,2,-2.529759,1.429467,-1.600006,free_exp
10:41:41.814,2,-2.548125,1.510579,-1.582418,free_exp
10:41:41.914,2,-2.555476,1.430063,-1.575737,free_exp
10:41:42.014,2,-2.58591,1.510411,-1.549209,free_exp
10:41:42.097,2,-2.601969,1.429705,-1.537802,free_exp
10:41:42.180,2,-2.634999,1.510212,-1.517025,free_exp
10:41:42.264,2,-2.680601,1.429133,-1.503265,free_exp
10:41:42.365,2,-2.716402,1.510163,-1.488933,free_exp
10:41:42.447,2,-2.733316,1.428515,-1.477127,free_exp
10:41:42.614,2,-2.818353,1.50984,-1.451623,free_exp
10:41:42.714,2,-2.867861,1.426776,-1.447272,free_exp
10:41:42.797,2,-2.881975,1.509887,-1.433737,free_exp
10:41:42.881,2,-2.897517,1.427537,-1.431696,free_exp
10:41:42.981,2,-2.931914,1.509947,-1.431518,free_exp
10:41:43.081,2,-2.970373,1.42773,-1.438029,free_exp
10:41:43.182,2,-3.026935,1.510013,-1.460802,free_exp
10:41:43.281,2,-3.07796,1.428141,-1.486301,free_exp
10:41:43.364,2,-3.126683,1.51002,-1.514884,free_exp
10:41:43.447,2,-3.176874,1.428301,-1.548365,free_exp
10:41:43.549,2,-3.217308,1.510095,-1.58587,free_exp
10:41:43.649,2,-3.254826,1.428467,-1.62268,free_exp
10:41:43.730,2,-3.285407,1.510139,-1.656393,free_exp
10:41:43.880,2,-3.323349,1.428397,-1.703344,free_exp
10:41:43.982,2,-3.332405,1.510242,-1.715187,free_exp
10:41:44.082,2,-3.347455,1.42798,-1.730758,free_exp
10:41:44.164,2,-3.358961,1.510251,-1.742782,free_exp
10:41:44.247,2,-3.363337,1.42861,-1.748338,free_exp
10:41:44.330,2,-3.367779,1.510192,-1.752671,free_exp
10:41:44.414,2,-3.36867,1.429252,-1.75381,free_exp
10:41:44.497,2,-3.372761,1.510524,-1.755088,free_exp
10:41:44.581,2,-3.37626,1.429429,-1.756347,free_exp
10:41:44.680,2,-3.376927,1.51058,-1.756441,free_exp
10:41:44.764,2,-3.378195,1.429146,-1.756123,free_exp
10:41:44.847,2,-3.379117,1.510774,-1.75588,free_exp
10:41:44.931,2,-3.379354,1.428899,-1.754742,free_exp
10:41:45.032,2,-3.379483,1.51085,-1.753321,free_exp
10:41:45.114,2,-3.379679,1.428814,-1.753137,free_exp
10:41:45.197,2,-3.379665,1.510917,-1.752447,free_exp
10:41:45.280,2,-3.378676,1.42944,-1.751311,free_exp
10:41:45.364,2,-3.377819,1.510928,-1.750288,free_exp
10:41:45.447,2,-3.376548,1.429974,-1.749768,free_exp
10:41:45.532,2,-3.376148,1.511053,-1.749653,free_exp
10:41:45.614,2,-3.374868,1.42962,-1.749173,free_exp
10:41:45.698,2,-3.374012,1.511186,-1.749058,free_exp
10:41:45.780,2,-3.373274,1.42991,-1.748955,free_exp
10:41:45.864,2,-3.372842,1.511274,-1.749009,free_exp
10:41:45.947,2,-3.372253,1.425779,-1.748945,free_exp
10:41:46.030,2,-3.371802,1.511359,-1.74923,free_exp
10:41:46.114,2,-3.371319,1.423938,-1.748979,free_exp
10:41:46.197,2,-3.371315,1.511332,-1.749028,free_exp
10:41:46.280,2,-3.371335,1.425299,-1.748982,free_exp
10:41:46.382,2,-3.370949,1.511113,-1.748948,free_exp
10:41:46.481,2,-3.371034,1.431041,-1.748608,free_exp
10:41:46.581,2,-3.370946,1.510708,-1.748421,free_exp
10:41:46.664,2,-3.371082,1.433926,-1.748286,free_exp
10:41:46.765,2,-3.372139,1.510743,-1.74784,free_exp
10:41:46.847,2,-3.371847,1.438575,-1.747802,free_exp
10:41:46.930,2,-3.37211,1.510864,-1.747742,free_exp
10:41:47.031,2,-3.372476,1.443679,-1.746812,free_exp
10:41:47.132,2,-3.372389,1.510804,-1.74662,free_exp
10:41:47.231,2,-3.372105,1.447939,-1.74632,free_exp
10:41:47.331,2,-3.372217,1.511021,-1.746295,free_exp
10:41:47.413,2,-3.372358,1.447975,-1.746054,free_exp
10:41:47.582,2,-3.372467,1.511341,-1.746075,free_exp
10:41:47.681,2,-3.374433,1.447656,-1.745015,free_exp
10:41:47.781,2,-3.374168,1.511112,-1.745403,free_exp
10:41:47.881,2,-3.374231,1.453849,-1.74581,free_exp
10:41:47.982,2,-3.374023,1.51089,-1.745839,free_exp
10:41:48.081,2,-3.373832,1.459804,-1.746465,free_exp
10:41:48.182,2,-3.373025,1.510961,-1.746843,free_exp
10:41:48.281,2,-3.372781,1.461626,-1.747145,free_exp
10:41:48.381,2,-3.372866,1.511015,-1.747425,free_exp
10:41:48.481,2,-3.373275,1.463588,-1.747815,free_exp
10:41:48.564,2,-3.373156,1.511345,-1.748269,free_exp
10:41:48.648,2,-3.373245,1.461935,-1.74844,free_exp
10:41:48.730,2,-3.372965,1.511247,-1.749539,free_exp
10:41:48.814,2,-3.375164,1.463034,-1.753155,free_exp
10:41:48.981,2,-3.379242,1.511668,-1.762043,free_exp
10:41:49.064,2,-3.381204,1.461522,-1.767009,free_exp
10:41:49.164,2,-3.38335,1.511441,-1.772389,free_exp
10:41:49.265,2,-3.383062,1.463498,-1.77336,free_exp
10:41:49.365,2,-3.383109,1.511383,-1.77346,free_exp
10:41:49.447,2,-3.383147,1.464599,-1.774136,free_exp
10:41:49.530,2,-3.382841,1.51123,-1.775558,free_exp
10:41:49.630,2,-3.381652,1.464295,-1.781599,free_exp
10:41:49.731,2,-3.376299,1.511116,-1.786361,free_exp
10:41:49.814,2,-3.368341,1.462882,-1.790557,free_exp
10:41:49.898,2,-3.358405,1.510816,-1.792556,free_exp
10:41:49.980,2,-3.347834,1.461816,-1.79551,free_exp
10:41:50.064,2,-3.315764,1.510955,-1.800387,free_exp
10:41:50.147,2,-3.276194,1.460301,-1.806346,free_exp
10:41:50.230,2,-3.238355,1.5109,-1.816087,free_exp
10:41:50.331,2,-3.190196,1.459557,-1.823733,free_exp
10:41:50.431,2,-3.136107,1.510835,-1.835392,free_exp
10:41:50.514,2,-3.096045,1.457558,-1.844055,free_exp
10:41:50.597,2,-3.074684,1.51134,-1.850051,free_exp
10:41:50.699,2,-3.039299,1.456401,-1.853839,free_exp
10:41:50.780,2,-3.003388,1.51138,-1.858754,free_exp
10:41:50.864,2,-2.991179,1.455835,-1.859114,free_exp
10:41:50.964,2,-2.970004,1.511557,-1.858367,free_exp
10:41:51.066,2,-2.95795,1.455544,-1.855292,free_exp
10:41:51.147,2,-2.95095,1.511827,-1.853553,free_exp
10:41:51.297,2,-2.947971,1.45511,-1.850697,free_exp
10:41:51.380,2,-2.950005,1.512009,-1.845914,free_exp
10:41:51.482,2,-2.954845,1.453948,-1.837235,free_exp
10:41:51.582,2,-2.971037,1.512233,-1.823411,free_exp
10:41:51.664,2,-2.998735,1.453833,-1.799739,free_exp
10:41:51.748,2,-3.024117,1.512021,-1.778555,free_exp
10:41:51.830,2,-3.067765,1.45311,-1.749939,free_exp
10:41:51.980,2,-3.176975,1.511903,-1.67258,free_exp
10:41:52.064,2,-3.219183,1.45308,-1.634558,free_exp
10:41:52.165,2,-3.274755,1.512506,-1.59744,free_exp
10:41:52.265,2,-3.317738,1.453481,-1.566649,free_exp
10:41:52.365,2,-3.352242,1.512688,-1.541379,free_exp
10:41:52.447,2,-3.372647,1.452911,-1.523913,free_exp
10:41:52.548,2,-3.386299,1.512699,-1.51133,free_exp
10:41:52.648,2,-3.404339,1.452583,-1.49591,free_exp
10:41:52.747,2,-3.409211,1.51289,-1.493652,free_exp
10:41:52.848,2,-3.412474,1.452494,-1.49266,free_exp
10:41:52.949,2,-3.421496,1.512991,-1.488421,free_exp
10:41:53.030,2,-3.424587,1.452923,-1.487664,free_exp
10:41:53.114,2,-3.427724,1.513273,-1.486423,free_exp
10:41:53.197,2,-3.437098,1.453089,-1.483501,free_exp
10:41:53.364,2,-3.458646,1.513807,-1.457947,free_exp
10:41:53.465,2,-3.482645,1.453142,-1.421371,free_exp
10:41:53.564,2,-3.500556,1.513934,-1.378487,free_exp
10:41:53.647,2,-3.522776,1.45348,-1.326613,free_exp
10:41:53.731,2,-3.545695,1.513969,-1.277084,free_exp
10:41:53.814,2,-3.578143,1.453659,-1.189938,free_exp
10:41:53.964,2,-3.631273,1.51372,-1.091472,free_exp
10:41:54.048,2,-3.666606,1.453692,-1.03027,free_exp
10:41:54.130,2,-3.701519,1.513738,-0.981126,free_exp
10:41:54.214,2,-3.757887,1.453706,-0.940321,free_exp
10:41:54.314,2,-3.827555,1.513821,-0.877009,free_exp
10:41:54.415,2,-3.873785,1.453899,-0.852238,free_exp
10:41:54.514,2,-3.956228,1.51389,-0.798655,free_exp
10:41:54.597,2,-4.072277,1.453978,-0.768699,free_exp
10:41:54.681,2,-4.130119,1.513962,-0.723088,free_exp
10:41:54.781,2,-4.331371,1.454164,-0.661256,free_exp
10:41:54.881,2,-4.411786,1.51391,-0.600309,free_exp
10:41:54.980,2,-4.475844,1.454125,-0.556445,free_exp
10:41:55.147,2,-4.458687,1.513873,-0.700936,free_exp
10:41:55.230,2,-4.472149,1.454064,-0.563861,free_exp
10:41:55.580,1,-4.295157,1.513607,-1.353622,free_exp
10:41:55.681,1,-4.301386,1.453969,-1.365879,free_exp
10:41:55.781,1,-4.302276,1.513494,-1.369767,free_exp
10:41:55.781,2,-4.535146,1.454004,-0.545021,free_exp
10:41:55.864,1,-4.301348,1.513967,-1.369385,free_exp
10:41:55.947,1,-4.300595,1.454029,-1.360169,free_exp
10:41:56.030,1,-4.301541,1.514429,-1.352408,free_exp
10:41:56.030,2,-4.298468,1.454386,-0.837328,free_exp
10:41:56.114,1,-4.303351,1.51431,-1.348895,free_exp
10:41:56.114,2,-4.462167,1.454501,-0.713167,free_exp
10:41:56.247,1,-4.30492,1.514371,-1.349426,free_exp
10:41:56.247,2,-4.391151,1.454435,-0.523106,free_exp
10:41:56.331,1,-4.305887,1.514307,-1.349869,free_exp
10:41:56.331,2,-4.375093,1.454428,-0.591749,free_exp
10:41:56.448,1,-4.308294,1.514314,-1.351171,free_exp
10:41:56.448,2,-4.347507,1.454738,-0.608643,free_exp
10:41:56.548,1,-4.311273,1.51422,-1.349224,free_exp
10:41:56.548,2,-4.320613,1.454848,-0.65347,free_exp
10:41:56.648,1,-4.319428,1.514205,-1.343499,free_exp
10:41:56.648,2,-4.315859,1.45482,-0.736933,free_exp
10:41:56.748,1,-4.317214,1.514173,-1.338762,free_exp
10:41:56.748,2,-4.18389,1.454993,-0.798957,free_exp
10:41:56.830,1,-4.317676,1.514242,-1.3365,free_exp
10:41:56.830,2,-4.1143,1.455271,-0.812058,free_exp
10:41:56.914,1,-4.319243,1.514068,-1.33214,free_exp
10:41:56.914,2,-4.009581,1.455087,-0.819265,free_exp
10:41:57.015,1,-4.319827,1.514105,-1.331313,free_exp
10:41:57.015,2,-3.931979,1.455267,-0.821351,free_exp
10:41:57.114,1,-4.322961,1.513903,-1.330642,free_exp
10:41:57.115,2,-3.803586,1.455407,-0.839823,free_exp
10:41:57.197,1,-4.32807,1.513582,-1.325214,free_exp
10:41:57.197,2,-3.673025,1.455353,-0.85287,free_exp
10:41:57.348,1,-4.332303,1.513415,-1.319523,free_exp
10:41:57.348,2,-3.512275,1.455277,-0.90547,free_exp
10:41:57.448,1,-4.333764,1.513259,-1.319322,free_exp
10:41:57.448,2,-3.443331,1.455503,-0.933861,free_exp
10:41:57.548,1,-4.332539,1.513147,-1.321401,free_exp
10:41:57.548,2,-3.335438,1.455256,-0.986464,free_exp
10:41:57.630,1,-4.332013,1.512977,-1.321611,free_exp
10:41:57.630,2,-3.217935,1.455323,-1.058334,free_exp
10:41:57.714,1,-4.330919,1.513039,-1.324419,free_exp
10:41:57.714,2,-3.146035,1.455535,-1.108943,free_exp
10:41:57.814,1,-4.328301,1.512639,-1.32772,free_exp
10:41:57.814,2,-3.033985,1.455836,-1.177812,free_exp
10:41:57.914,1,-4.323641,1.512226,-1.333961,free_exp
10:41:57.914,2,-2.894501,1.456142,-1.176274,free_exp
10:41:58.014,1,-4.314685,1.512212,-1.345108,free_exp
10:41:58.014,2,-2.803109,1.456394,-1.214306,free_exp
10:41:58.114,1,-4.309481,1.512072,-1.347459,free_exp
10:41:58.114,2,-2.737883,1.456611,-1.223988,free_exp
10:41:58.215,1,-4.280145,1.511946,-1.353619,free_exp
10:41:58.215,2,-2.612802,1.456683,-1.24691,free_exp
10:41:58.297,1,-4.277282,1.511723,-1.352766,free_exp
10:41:58.297,2,-2.540869,1.456593,-1.261084,free_exp
10:41:58.465,1,-4.263315,1.511364,-1.365767,free_exp
10:41:58.465,2,-2.414026,1.456711,-1.274105,free_exp
10:41:58.565,1,-4.256106,1.51136,-1.367862,free_exp
10:41:58.565,2,-2.332103,1.45677,-1.280918,free_exp
10:41:58.647,1,-4.23838,1.511313,-1.369398,free_exp
10:41:58.647,2,-2.263645,1.456715,-1.266149,free_exp
10:41:58.797,1,-4.219444,1.511145,-1.359756,free_exp
10:41:58.797,2,-2.151751,1.456762,-1.270329,free_exp
10:41:58.948,1,-4.171097,1.510702,-1.341866,free_exp
10:41:58.948,2,-2.054206,1.456813,-1.286558,free_exp
10:41:59.048,1,-4.136378,1.510399,-1.31738,free_exp
10:41:59.048,2,-1.980566,1.457029,-1.30712,free_exp
10:41:59.148,1,-4.0462,1.510548,-1.264633,free_exp
10:41:59.148,2,-1.920577,1.457118,-1.342708,free_exp
10:41:59.230,1,-4.019086,1.510225,-1.259062,free_exp
10:41:59.230,2,-1.872211,1.457056,-1.366166,free_exp
10:41:59.364,1,-3.962058,1.510015,-1.236458,free_exp
10:41:59.364,2,-1.844484,1.457188,-1.370859,free_exp
10:41:59.514,1,-3.900141,1.509921,-1.209274,free_exp
10:41:59.514,2,-1.816868,1.457214,-1.377653,free_exp
10:41:59.597,1,-3.862564,1.510053,-1.197749,free_exp
10:41:59.597,2,-1.809166,1.456901,-1.380841,free_exp
10:41:59.681,1,-3.829113,1.509819,-1.198883,free_exp
10:41:59.682,2,-1.806757,1.456729,-1.382027,free_exp
10:41:59.764,1,-3.78997,1.509646,-1.200207,free_exp
10:41:59.764,2,-1.805913,1.456622,-1.382788,free_exp
10:41:59.914,1,-3.695787,1.509601,-1.224312,free_exp
10:41:59.914,2,-1.804941,1.456689,-1.383928,free_exp
10:41:59.997,1,-3.657826,1.509655,-1.222508,free_exp
10:41:59.997,2,-1.805033,1.456769,-1.384347,free_exp
10:42:00.098,1,-3.622316,1.509634,-1.233953,free_exp
10:42:00.099,2,-1.802356,1.456786,-1.388671,free_exp
10:42:00.198,1,-3.574279,1.509484,-1.252656,free_exp
10:42:00.198,2,-1.802105,1.456787,-1.387609,free_exp
10:42:00.280,1,-3.563276,1.509585,-1.292024,free_exp
10:42:00.280,2,-1.80167,1.456764,-1.388745,free_exp
10:42:00.431,1,-3.50273,1.509781,-1.286486,free_exp
10:42:00.431,2,-1.801719,1.456689,-1.388279,free_exp
10:42:00.531,1,-3.470427,1.510109,-1.278121,free_exp
10:42:00.532,2,-1.79959,1.456686,-1.392049,free_exp
10:42:00.631,1,-3.425202,1.510373,-1.261574,free_exp
10:42:00.632,2,-1.799551,1.456648,-1.391898,free_exp
10:42:00.714,1,-3.37206,1.510802,-1.276735,free_exp
10:42:00.714,2,-1.799449,1.456645,-1.391886,free_exp
10:42:00.865,1,-3.31498,1.511018,-1.257437,free_exp
10:42:00.865,2,-1.799917,1.456677,-1.391398,free_exp
10:42:00.965,1,-3.242495,1.511214,-1.241529,free_exp
10:42:00.965,2,-1.800535,1.456576,-1.390654,free_exp
10:42:01.065,1,-3.225397,1.511699,-1.233962,free_exp
10:42:01.065,2,-1.80012,1.456588,-1.391271,free_exp
10:42:01.166,1,-3.174502,1.512168,-1.227055,free_exp
10:42:01.166,2,-1.797599,1.456206,-1.395593,free_exp
10:42:01.264,1,-3.13348,1.513052,-1.223046,free_exp
10:42:01.265,2,-1.797526,1.456269,-1.39607,free_exp
10:42:01.364,1,-3.078283,1.513496,-1.212248,free_exp
10:42:01.364,2,-1.79705,1.455816,-1.397881,free_exp
10:42:01.514,1,-3.024785,1.513944,-1.252703,free_exp
10:42:01.514,2,-1.795604,1.454754,-1.399458,free_exp
10:42:01.597,1,-3.017818,1.513909,-1.256864,free_exp
10:42:01.597,2,-1.795652,1.45264,-1.400481,free_exp
10:42:01.681,1,-2.995038,1.515231,-1.270768,free_exp
10:42:01.682,2,-1.795929,1.44908,-1.401853,free_exp
10:42:01.781,1,-2.966362,1.514041,-1.290512,free_exp
10:42:01.782,2,-1.795293,1.447688,-1.403795,free_exp
10:42:01.864,1,-2.918766,1.513864,-1.322602,free_exp
10:42:01.864,2,-1.795261,1.44797,-1.404435,free_exp
10:42:02.014,1,-2.895675,1.513152,-1.345592,free_exp
10:42:02.014,2,-1.795051,1.449515,-1.406771,free_exp
10:42:02.115,1,-2.87931,1.514914,-1.369208,free_exp
10:42:02.115,2,-1.793837,1.450749,-1.407735,free_exp
10:42:02.197,1,-2.835413,1.517462,-1.398566,free_exp
10:42:02.197,2,-1.793206,1.45114,-1.40771,free_exp
10:42:02.365,1,-2.828075,1.518859,-1.410404,free_exp
10:42:02.365,2,-1.792517,1.454008,-1.407969,free_exp
10:42:02.464,1,-2.820312,1.519754,-1.41542,free_exp
10:42:02.465,2,-1.791496,1.456832,-1.410009,free_exp
10:42:02.564,1,-2.812959,1.518998,-1.421063,free_exp
10:42:02.565,2,-1.791573,1.458117,-1.411196,free_exp
10:42:02.665,1,-2.807462,1.518638,-1.424575,free_exp
10:42:02.665,2,-1.791304,1.454954,-1.413459,free_exp
10:42:02.765,1,-2.802489,1.518554,-1.431746,free_exp
10:42:02.765,2,-1.791895,1.455266,-1.417002,free_exp
10:42:02.866,1,-2.803928,1.51814,-1.433476,free_exp
10:42:02.866,2,-1.793259,1.456341,-1.419331,free_exp
10:42:02.947,1,-2.80243,1.517461,-1.436735,free_exp
10:42:02.947,2,-1.795042,1.458276,-1.421367,free_exp
10:42:03.031,1,-2.800022,1.516624,-1.438315,free_exp
10:42:03.031,2,-1.796554,1.459509,-1.421476,free_exp
10:42:03.131,1,-2.799971,1.516096,-1.440228,free_exp
10:42:03.131,2,-1.80071,1.459524,-1.423697,free_exp
10:42:03.231,1,-2.797185,1.515356,-1.441444,free_exp
10:42:03.232,2,-1.803891,1.45665,-1.427641,free_exp
10:42:03.331,1,-2.799609,1.515827,-1.442514,free_exp
10:42:03.332,2,-1.805407,1.456858,-1.427869,free_exp
10:42:03.414,1,-2.800332,1.515668,-1.443148,free_exp
10:42:03.414,2,-1.805671,1.457006,-1.428034,free_exp
10:42:03.497,1,-2.801576,1.515749,-1.443336,free_exp
10:42:03.498,2,-1.806331,1.456868,-1.429391,free_exp
10:42:03.597,1,-2.802629,1.515702,-1.442831,free_exp
10:42:03.597,2,-1.80774,1.456471,-1.430999,free_exp
10:42:03.680,1,-2.803208,1.515911,-1.442305,free_exp
10:42:03.681,2,-1.809571,1.454683,-1.436937,free_exp
10:42:03.764,1,-2.803593,1.516237,-1.442114,free_exp
10:42:03.764,2,-1.810616,1.452716,-1.437919,free_exp
10:42:03.847,1,-2.804083,1.516176,-1.440775,free_exp
10:42:03.847,2,-1.810922,1.450989,-1.438584,free_exp
10:42:03.930,1,-2.806717,1.516158,-1.438418,free_exp
10:42:03.930,2,-1.811091,1.449521,-1.438496,free_exp
10:42:04.014,1,-2.807111,1.516148,-1.436941,free_exp
10:42:04.014,2,-1.811269,1.449318,-1.438545,free_exp
10:42:04.165,1,-2.810866,1.516089,-1.432749,free_exp
10:42:04.165,2,-1.811002,1.44814,-1.440071,free_exp
10:42:04.265,1,-2.809767,1.516217,-1.430458,free_exp
10:42:04.265,2,-1.811363,1.447783,-1.440595,free_exp
10:42:04.347,1,-2.811092,1.516258,-1.429048,free_exp
10:42:04.347,2,-1.810991,1.446143,-1.439986,free_exp
10:42:04.497,1,-2.813678,1.516572,-1.426381,free_exp
10:42:04.498,2,-1.810349,1.444756,-1.438962,free_exp
10:42:04.581,1,-2.8139,1.516683,-1.425442,free_exp
10:42:04.581,2,-1.809281,1.443027,-1.438443,free_exp
10:42:04.664,1,-2.816889,1.517162,-1.423001,free_exp
10:42:04.664,2,-1.809311,1.441725,-1.438653,free_exp
10:42:04.814,1,-2.819038,1.517594,-1.420265,free_exp
10:42:04.814,2,-1.808735,1.43953,-1.435531,free_exp
10:42:04.915,1,-2.819762,1.519015,-1.419084,free_exp
10:42:04.915,2,-1.808706,1.438885,-1.435049,free_exp
10:42:04.997,1,-2.821342,1.520035,-1.417721,free_exp
10:42:04.997,2,-1.808279,1.437709,-1.434367,free_exp
10:42:05.148,1,-2.824018,1.521128,-1.414223,free_exp
10:42:05.148,2,-1.808125,1.437338,-1.43287,free_exp
10:42:05.230,1,-2.827005,1.521554,-1.41365,free_exp
10:42:05.231,2,-1.808152,1.436845,-1.432461,free_exp
10:42:05.331,1,-2.828643,1.521809,-1.411843,free_exp
10:42:05.332,2,-1.807914,1.436635,-1.430509,free_exp
10:42:05.414,1,-2.835937,1.521864,-1.407655,free_exp
10:42:05.414,2,-1.808213,1.436321,-1.428405,free_exp
10:42:05.564,1,-2.834345,1.520737,-1.404292,free_exp
10:42:05.565,2,-1.807188,1.436178,-1.425985,free_exp
10:42:05.665,1,-2.839926,1.520195,-1.402491,free_exp
10:42:05.665,2,-1.806721,1.435842,-1.42455,free_exp
10:42:05.747,1,-2.844628,1.520389,-1.397598,free_exp
10:42:05.747,2,-1.808027,1.43527,-1.422833,free_exp
10:42:05.914,1,-2.84661,1.519799,-1.396776,free_exp
10:42:05.914,2,-1.807043,1.435018,-1.421129,free_exp
10:42:06.015,1,-2.847543,1.520845,-1.394442,free_exp
10:42:06.015,2,-1.805953,1.434675,-1.419279,free_exp
10:42:06.097,1,-2.848061,1.521129,-1.393948,free_exp
10:42:06.097,2,-1.805332,1.434298,-1.418609,free_exp
10:42:06.247,1,-2.845711,1.521653,-1.392424,free_exp
10:42:06.247,2,-1.802914,1.434053,-1.415715,free_exp
10:42:06.331,1,-2.846807,1.521964,-1.391628,free_exp
10:42:06.332,2,-1.800988,1.433639,-1.414038,free_exp
10:42:06.431,1,-2.846745,1.523009,-1.390709,free_exp
10:42:06.431,2,-1.80054,1.433315,-1.412584,free_exp
10:42:06.530,1,-2.841445,1.524276,-1.390747,free_exp
10:42:06.531,2,-1.800318,1.432985,-1.412163,free_exp
10:42:06.681,1,-2.839764,1.522026,-1.38947,free_exp
10:42:06.681,2,-1.7993,1.43264,-1.410666,free_exp
10:42:06.764,1,-2.840105,1.520016,-1.388845,free_exp
10:42:06.764,2,-1.799365,1.432442,-1.41046,free_exp
10:42:06.931,1,-2.839059,1.519981,-1.387229,free_exp
10:42:06.932,2,-1.799733,1.432543,-1.409814,free_exp
10:42:07.014,1,-2.837418,1.519631,-1.386574,free_exp
10:42:07.014,2,-1.799115,1.432476,-1.40929,free_exp
10:42:07.147,1,-2.834375,1.520129,-1.384802,free_exp
10:42:07.147,2,-1.799528,1.432291,-1.40947,free_exp
10:42:07.230,1,-2.834357,1.520499,-1.384943,free_exp
10:42:07.231,2,-1.799554,1.432242,-1.409452,free_exp
10:42:07.314,1,-2.830611,1.520599,-1.386795,free_exp
10:42:07.314,2,-1.799844,1.432433,-1.40998,free_exp
10:42:07.398,1,-2.830715,1.520735,-1.386959,free_exp
10:42:07.398,2,-1.799766,1.432483,-1.410219,free_exp
10:42:07.480,1,-2.830693,1.521075,-1.387234,free_exp
10:42:07.481,2,-1.799754,1.432517,-1.410556,free_exp
10:42:07.630,1,-2.827862,1.521082,-1.387236,free_exp
10:42:07.631,2,-1.799528,1.432602,-1.410943,free_exp
10:42:07.781,1,-2.836457,1.52081,-1.387708,free_exp
10:42:07.782,2,-1.799062,1.432598,-1.41136,free_exp
10:42:07.864,1,-2.837178,1.5206,-1.387377,free_exp
10:42:07.864,2,-1.79887,1.432676,-1.411592,free_exp
10:42:07.948,1,-2.837423,1.520745,-1.388427,free_exp
10:42:07.948,2,-1.798991,1.432886,-1.412007,free_exp
10:42:08.030,1,-2.838123,1.520297,-1.38922,free_exp
10:42:08.031,2,-1.798566,1.432625,-1.411917,free_exp
10:42:08.180,1,-2.842342,1.519872,-1.391085,free_exp
10:42:08.181,2,-1.798475,1.432685,-1.41222,free_exp
10:42:08.264,1,-2.843893,1.519856,-1.393364,free_exp
10:42:08.264,2,-1.798853,1.432899,-1.41293,free_exp
10:42:08.365,1,-2.844678,1.519653,-1.394756,free_exp
10:42:08.365,2,-1.799005,1.43307,-1.413284,free_exp
10:42:08.465,1,-2.845855,1.519435,-1.397482,free_exp
10:42:08.465,2,-1.798616,1.43311,-1.413144,free_exp
10:42:08.547,1,-2.848145,1.519579,-1.399868,free_exp
10:42:08.547,2,-1.798377,1.43319,-1.412719,free_exp
10:42:08.697,1,-2.850966,1.519282,-1.401659,free_exp
10:42:08.697,2,-1.797926,1.432895,-1.412815,free_exp
10:42:08.848,1,-2.853403,1.519265,-1.402812,free_exp
10:42:08.848,2,-1.797247,1.432929,-1.411963,free_exp
10:42:08.947,1,-2.859619,1.519154,-1.405473,free_exp
10:42:08.947,2,-1.795352,1.432899,-1.410421,free_exp
10:42:09.031,1,-2.861811,1.519531,-1.407416,free_exp
10:42:09.031,2,-1.79532,1.433049,-1.410478,free_exp
10:42:09.114,1,-2.862433,1.519604,-1.409211,free_exp
10:42:09.114,2,-1.794932,1.432912,-1.410258,free_exp
10:42:09.198,1,-2.862246,1.519491,-1.41143,free_exp
10:42:09.198,2,-1.794519,1.432864,-1.409643,free_exp
10:42:09.280,1,-2.859249,1.519468,-1.414653,free_exp
10:42:09.281,2,-1.794005,1.43301,-1.409367,free_exp
10:42:09.364,1,-2.858647,1.519392,-1.415725,free_exp
10:42:09.364,2,-1.794127,1.432957,-1.409341,free_exp
10:42:09.464,1,-2.85771,1.519317,-1.416564,free_exp
10:42:09.465,2,-1.794035,1.432882,-1.409488,free_exp
10:42:09.547,1,-2.859031,1.519157,-1.417251,free_exp
10:42:09.547,2,-1.794707,1.432769,-1.410088,free_exp
10:42:09.630,1,-2.859478,1.519237,-1.420493,free_exp
10:42:09.631,2,-1.795054,1.432732,-1.410707,free_exp
10:42:09.733,1,-2.860163,1.518929,-1.421934,free_exp
10:42:09.733,2,-1.795373,1.43284,-1.4107,free_exp
10:42:09.814,1,-2.854962,1.518702,-1.420949,free_exp
10:42:09.814,2,-1.795473,1.432649,-1.410743,free_exp
10:42:09.897,1,-2.854505,1.518426,-1.420831,free_exp
10:42:09.898,2,-1.795566,1.432962,-1.41071,free_exp
10:42:09.998,1,-2.854167,1.518402,-1.421423,free_exp
10:42:09.998,2,-1.79573,1.433007,-1.410931,free_exp
10:42:10.080,1,-2.856409,1.517983,-1.427736,free_exp
10:42:10.081,2,-1.795834,1.432838,-1.410961,free_exp
10:42:10.248,1,-2.857377,1.518042,-1.429604,free_exp
10:42:10.248,2,-1.79602,1.432772,-1.411466,free_exp
10:42:10.348,1,-2.858728,1.517991,-1.435366,free_exp
10:42:10.349,2,-1.796423,1.432595,-1.411651,free_exp
10:42:10.430,1,-2.861201,1.518001,-1.437053,free_exp
10:42:10.431,2,-1.796481,1.432361,-1.411883,free_exp
10:42:10.581,1,-2.866028,1.517925,-1.436039,free_exp
10:42:10.581,2,-1.795941,1.431906,-1.411655,free_exp
10:42:10.664,1,-2.865706,1.517723,-1.433263,free_exp
10:42:10.664,2,-1.795045,1.431885,-1.411108,free_exp
10:42:10.748,1,-2.86694,1.517478,-1.43292,free_exp
10:42:10.750,2,-1.795147,1.431818,-1.411375,free_exp
10:42:10.830,1,-2.86957,1.517286,-1.429425,free_exp
10:42:10.831,2,-1.794679,1.431509,-1.410946,free_exp
10:42:10.914,1,-2.874484,1.517199,-1.427573,free_exp
10:42:10.914,2,-1.794685,1.431194,-1.410937,free_exp
10:42:10.998,1,-2.877091,1.516871,-1.426203,free_exp
10:42:10.998,2,-1.794179,1.431169,-1.410663,free_exp
10:42:11.080,1,-2.877928,1.516858,-1.420719,free_exp
10:42:11.081,2,-1.7942,1.430834,-1.410378,free_exp
10:42:11.231,1,-2.881029,1.516681,-1.415356,free_exp
10:42:11.231,2,-1.793547,1.431211,-1.409582,free_exp
10:42:11.331,1,-2.880284,1.516546,-1.412531,free_exp
10:42:11.332,2,-1.793958,1.431088,-1.408874,free_exp
10:42:11.414,1,-2.882724,1.516211,-1.411439,free_exp
10:42:11.414,2,-1.794277,1.431087,-1.408698,free_exp
10:42:11.547,1,-2.883621,1.515952,-1.407059,free_exp
10:42:11.547,2,-1.794845,1.431901,-1.408636,free_exp
10:42:11.697,1,-2.884142,1.515588,-1.405326,free_exp
10:42:11.697,2,-1.795852,1.432262,-1.408508,free_exp
10:42:11.781,1,-2.884609,1.515638,-1.404825,free_exp
10:42:11.781,2,-1.797107,1.432537,-1.408525,free_exp
10:42:11.864,1,-2.884845,1.515782,-1.404351,free_exp
10:42:11.864,2,-1.797765,1.433044,-1.408436,free_exp
10:42:12.015,1,-2.884673,1.516125,-1.403156,free_exp
10:42:12.015,2,-1.80001,1.433111,-1.408139,free_exp
10:42:12.097,1,-2.87923,1.51654,-1.406622,free_exp
10:42:12.097,2,-1.800584,1.433197,-1.408179,free_exp
10:42:12.181,1,-2.875958,1.517054,-1.409327,free_exp
10:42:12.182,2,-1.80157,1.433549,-1.408226,free_exp
10:42:12.281,1,-2.867287,1.517094,-1.406997,free_exp
10:42:12.282,2,-1.802481,1.433737,-1.407973,free_exp
10:42:12.364,1,-2.856969,1.517261,-1.406531,free_exp
10:42:12.364,2,-1.802819,1.433532,-1.407622,free_exp
10:42:12.448,1,-2.853701,1.517423,-1.408016,free_exp
10:42:12.448,2,-1.804662,1.43356,-1.408336,free_exp
10:42:12.530,1,-2.852309,1.518183,-1.410481,free_exp
10:42:12.531,2,-1.80593,1.433053,-1.409046,free_exp
10:42:12.681,1,-2.875752,1.518625,-1.411042,free_exp
10:42:12.681,2,-1.809091,1.432959,-1.407947,free_exp
10:42:12.764,1,-2.877685,1.51951,-1.409607,free_exp
10:42:12.764,2,-1.810133,1.433049,-1.407016,free_exp
10:42:12.848,1,-2.878851,1.520093,-1.409527,free_exp
10:42:12.848,2,-1.810521,1.432755,-1.40646,free_exp
10:42:12.930,1,-2.903689,1.521073,-1.404524,free_exp
10:42:12.931,2,-1.811099,1.433234,-1.406045,free_exp
10:42:13.014,1,-2.912989,1.522254,-1.405604,free_exp
10:42:13.014,2,-1.811156,1.434726,-1.406062,free_exp
10:42:13.097,1,-2.920388,1.523374,-1.406763,free_exp
10:42:13.097,2,-1.808239,1.435628,-1.404648,free_exp
10:42:13.181,1,-2.925911,1.524141,-1.412485,free_exp
10:42:13.181,2,-1.807458,1.436255,-1.404736,free_exp
10:42:13.264,1,-2.926747,1.524539,-1.416312,free_exp
10:42:13.264,2,-1.807158,1.436587,-1.40478,free_exp
10:42:13.348,1,-2.903981,1.524227,-1.426244,free_exp
10:42:13.348,2,-1.807471,1.436591,-1.405747,free_exp
10:42:13.448,1,-2.871435,1.524341,-1.429771,free_exp
10:42:13.448,2,-1.808043,1.437066,-1.406321,free_exp
10:42:13.530,1,-2.87763,1.524179,-1.441764,free_exp
10:42:13.531,2,-1.808234,1.437169,-1.407447,free_exp
10:42:13.615,1,-2.878892,1.525137,-1.441664,free_exp
10:42:13.615,2,-1.808638,1.436997,-1.408266,free_exp
10:42:13.697,1,-2.876662,1.524689,-1.440235,free_exp
10:42:13.697,2,-1.808216,1.436853,-1.410208,free_exp
10:42:13.781,1,-2.876009,1.523762,-1.439441,free_exp
10:42:13.782,2,-1.808204,1.436178,-1.410971,free_exp
10:42:13.864,1,-2.875502,1.522673,-1.438537,free_exp
10:42:13.864,2,-1.808098,1.435845,-1.411935,free_exp
10:42:13.997,1,-2.878362,1.520013,-1.439524,free_exp
10:42:13.997,2,-1.807896,1.435644,-1.413134,free_exp
10:42:14.148,1,-2.877037,1.51791,-1.439981,free_exp
10:42:14.148,2,-1.807293,1.435307,-1.413841,free_exp
10:42:14.248,1,-2.875629,1.51441,-1.438456,free_exp
10:42:14.248,2,-1.806712,1.434932,-1.414223,free_exp
10:42:14.330,1,-2.873874,1.512168,-1.436643,free_exp
10:42:14.331,2,-1.80573,1.434926,-1.414936,free_exp
10:42:14.481,1,-2.924122,1.511138,-1.408639,free_exp
10:42:14.481,2,-1.804465,1.434109,-1.414701,free_exp
10:42:14.581,1,-2.926629,1.51046,-1.405413,free_exp
10:42:14.582,2,-1.803978,1.434107,-1.414949,free_exp
10:42:14.664,1,-2.927435,1.510066,-1.403342,free_exp
10:42:14.664,2,-1.803983,1.433875,-1.415508,free_exp
10:42:14.814,1,-2.926351,1.508969,-1.392862,free_exp
10:42:14.814,2,-1.804058,1.433907,-1.416385,free_exp
10:42:14.898,1,-2.871199,1.508546,-1.417521,free_exp
10:42:14.898,2,-1.804707,1.43413,-1.418281,free_exp
10:42:14.981,1,-2.879384,1.510473,-1.414928,free_exp
10:42:14.981,2,-1.808578,1.434514,-1.424356,free_exp
10:42:15.131,1,-2.879858,1.507843,-1.414715,free_exp
10:42:15.131,2,-1.817931,1.434915,-1.434308,free_exp
10:42:15.232,1,-2.880298,1.505545,-1.410845,free_exp
10:42:15.232,2,-1.827907,1.434829,-1.449191,free_exp
10:42:15.314,1,-2.880053,1.502653,-1.409241,free_exp
10:42:15.314,2,-1.840436,1.43518,-1.470231,free_exp
10:42:15.481,1,-2.874473,1.502902,-1.404487,free_exp
10:42:15.482,2,-1.852781,1.43537,-1.511082,free_exp
10:42:15.564,1,-2.865198,1.502598,-1.402247,free_exp
10:42:15.564,2,-1.863571,1.435417,-1.54377,free_exp
10:42:15.714,1,-2.853869,1.502261,-1.398201,free_exp
10:42:15.714,2,-1.879672,1.435487,-1.680522,free_exp
10:42:15.798,1,-2.859806,1.501767,-1.403168,free_exp
10:42:15.798,2,-1.891343,1.435228,-1.738329,free_exp
10:42:15.880,1,-2.860382,1.501485,-1.403359,free_exp
10:42:15.881,2,-1.912969,1.435441,-1.817169,free_exp
10:42:15.965,1,-2.860068,1.500571,-1.40424,free_exp
10:42:15.966,2,-1.911233,1.435414,-1.882977,free_exp
10:42:16.065,1,-2.85983,1.500549,-1.404565,free_exp
10:42:16.066,2,-1.920418,1.435286,-1.93912,free_exp
10:42:16.147,1,-2.858071,1.498419,-1.406924,free_exp
10:42:16.147,2,-1.921512,1.435315,-1.981642,free_exp
10:42:16.231,1,-2.857897,1.491374,-1.408376,free_exp
10:42:16.231,2,-1.92801,1.435353,-2.007411,free_exp
10:42:16.331,1,-2.856591,1.483658,-1.410387,free_exp
10:42:16.332,2,-1.94658,1.435183,-2.047434,free_exp
10:42:16.431,1,-2.854902,1.485895,-1.413708,free_exp
10:42:16.431,2,-1.969278,1.43489,-2.077095,free_exp
10:42:16.581,1,-2.847538,1.493441,-1.418826,free_exp
10:42:16.581,2,-2.000334,1.434581,-2.125217,free_exp
10:42:16.664,1,-2.847835,1.490459,-1.42182,free_exp
10:42:16.664,2,-2.021146,1.433536,-2.153107,free_exp
10:42:16.797,1,-2.847185,1.491229,-1.429144,free_exp
10:42:16.797,2,-2.064529,1.433076,-2.200957,free_exp
10:42:16.881,1,-2.840722,1.492889,-1.42841,free_exp
10:42:16.881,2,-2.108059,1.432753,-2.242537,free_exp
10:42:16.964,1,-2.841233,1.48977,-1.433177,free_exp
10:42:16.964,2,-2.134489,1.43295,-2.268894,free_exp
10:42:17.065,1,-2.836153,1.477969,-1.43674,free_exp
10:42:17.065,2,-2.161958,1.433046,-2.299616,free_exp
10:42:17.165,1,-2.832943,1.468495,-1.441348,free_exp
10:42:17.165,2,-2.190641,1.432877,-2.334929,free_exp
10:42:17.247,1,-2.838641,1.463732,-1.450675,free_exp
10:42:17.247,2,-2.203452,1.432954,-2.359056,free_exp
10:42:17.332,1,-2.834756,1.464231,-1.454024,
10:42:17.332,2,-2.210671,1.433327,-2.372868,
10:42:17.414,1,-2.837518,1.49352,-1.460132,
10:42:17.414,2,-2.21821,1.434148,-2.392032,
10:42:17.564,1,-2.830445,1.503096,-1.471405,
10:42:17.564,2,-2.223034,1.434776,-2.40629,
10:42:17.665,1,-2.835519,1.741136,-1.486125,
10:42:17.665,2,-2.221052,1.435363,-2.410685,
10:42:17.765,1,-2.863277,1.708213,-1.498105,
10:42:17.765,2,-2.21695,1.435883,-2.415029,
10:42:17.847,1,-2.876888,1.645704,-1.5098,
10:42:17.847,2,-2.203844,1.43582,-2.423923,
10:42:17.981,1,-2.924264,1.656949,-1.532447,
10:42:17.981,2,-2.195613,1.436108,-2.431939,
10:42:18.133,1,-2.960475,1.656949,-1.561831,
10:42:18.133,2,-2.189593,1.435683,-2.434804,
10:42:18.232,1,-3.000994,1.656949,-1.589607,
10:42:18.232,2,-2.184941,1.436046,-2.43645,
10:42:18.314,1,-3.047495,1.656949,-1.617523,
10:42:18.314,2,-2.183137,1.436477,-2.436904,
10:42:18.464,1,-3.115324,1.656949,-1.658583,
10:42:18.464,2,-2.180914,1.436273,-2.437029,
10:42:18.547,1,-3.14554,1.656949,-1.67918,
10:42:18.547,2,-2.179174,1.42864,-2.436601,
10:42:18.631,1,-3.164406,1.656949,-1.698573,
10:42:18.631,2,-2.176947,1.421507,-2.436147,
10:42:18.714,1,-3.181244,1.656949,-1.720309,
10:42:18.714,2,-2.172844,1.421079,-2.43483,
10:42:18.798,1,-3.194657,1.656949,-1.734151,
10:42:18.799,2,-2.170492,1.425129,-2.43344,
10:42:18.881,1,-3.213052,1.656949,-1.757171,
10:42:18.881,2,-2.16978,1.430216,-2.430979,
10:42:19.014,1,-3.221884,1.656949,-1.799671,
10:42:19.014,2,-2.168104,1.431944,-2.428444,
10:42:19.114,1,-3.229592,1.656949,-1.834771,
10:42:19.114,2,-2.167773,1.427046,-2.426997,
10:42:19.215,1,-3.176606,1.656949,-1.908271,
10:42:19.215,2,-2.167057,1.428351,-2.423204,
10:42:19.297,1,-3.180487,1.656949,-1.939542,
10:42:19.297,2,-2.167162,1.431658,-2.421968,
10:42:19.450,1,-3.185715,1.656949,-2.032649,
10:42:19.450,2,-2.166413,1.43318,-2.41879,
10:42:19.531,1,-3.189332,1.656949,-2.070555,
10:42:19.532,2,-2.165909,1.434892,-2.41721,
10:42:19.614,1,-3.192596,1.656949,-2.12592,
10:42:19.614,2,-2.165225,1.437917,-2.416267,
10:42:19.697,1,-3.192187,1.656949,-2.152148,
10:42:19.697,2,-2.164104,1.437791,-2.415117,
10:42:19.781,1,-3.193957,1.656949,-2.196515,
10:42:19.781,2,-2.163108,1.434485,-2.414318,
10:42:19.865,1,-3.19669,1.656949,-2.21168,
10:42:19.865,2,-2.16251,1.434319,-2.414205,
10:42:19.947,1,-3.193363,1.656949,-2.236683,
10:42:19.947,2,-2.161099,1.429164,-2.414884,
10:42:20.097,1,-3.193915,1.656949,-2.264598,
10:42:20.097,2,-2.161291,1.422802,-2.415723,
10:42:20.248,1,-3.192049,1.656949,-2.288688,
10:42:20.249,2,-2.162105,1.422745,-2.417733,
10:42:20.331,1,-3.185273,1.656949,-2.307334,
10:42:20.331,2,-2.162978,1.423778,-2.419709,
10:42:20.481,1,-3.145212,1.656949,-2.342591,
10:42:20.481,2,-2.165154,1.423006,-2.424885,
10:42:20.631,1,-3.095134,1.656949,-2.378183,
10:42:20.631,2,-2.167054,1.425491,-2.42798,
10:42:20.732,1,-3.05034,1.656949,-2.396449,
10:42:20.732,2,-2.168308,1.42413,-2.429976,
10:42:20.814,1,-3.013363,1.656949,-2.417922,
10:42:20.814,2,-2.169448,1.425536,-2.431657,
10:42:20.898,1,-2.995006,1.656949,-2.430526,
10:42:20.899,2,-2.170001,1.419681,-2.432764,
10:42:20.981,1,-2.971217,1.656949,-2.462677,
10:42:20.981,2,-2.171276,1.418921,-2.434545,
10:42:21.065,1,-2.957889,1.419852,-2.485998,
10:42:21.065,2,-2.171883,1.419409,-2.43559,
10:42:21.147,1,-2.935439,1.416566,-2.522899,
10:42:21.147,2,-2.173929,1.418295,-2.43763,
10:42:21.297,1,-2.91162,1.416571,-2.593536,
10:42:21.297,2,-2.180641,1.410161,-2.441443,
10:42:21.450,1,-2.899759,1.418301,-2.66537,
10:42:21.450,2,-2.186047,1.423439,-2.44822,
10:42:21.531,1,-2.889681,1.421148,-2.730747,
10:42:21.531,2,-2.191802,1.416994,-2.451088,
10:42:21.631,1,-2.881853,1.4208,-2.78863,
10:42:21.631,2,-2.201115,1.422074,-2.455759,
10:42:21.714,1,-2.872532,1.417117,-2.832355,
10:42:21.714,2,-2.234433,1.410363,-2.464016,
10:42:21.798,1,-2.866309,1.407202,-2.869319,
10:42:21.799,2,-2.260745,1.410524,-2.468184,
10:42:21.881,1,-2.85342,1.408044,-2.906854,
10:42:21.881,2,-2.305512,1.405265,-2.478216,
10:42:21.964,1,-2.839535,1.410175,-2.93377,
10:42:21.964,2,-2.335886,1.411447,-2.486393,
10:42:22.097,1,-2.803242,1.412522,-2.98425,
10:42:22.097,2,-2.454974,1.413862,-2.516971,
10:42:22.248,1,-2.745667,1.413906,-3.033044,
10:42:22.249,2,-2.518295,1.411603,-2.55143,
10:42:22.331,1,-2.712534,1.409956,-3.050992,
10:42:22.331,2,-2.486535,1.410025,-2.687484,
10:42:22.481,1,-2.622965,1.409878,-3.093905,
10:42:22.564,1,-2.564978,1.409666,-3.141624,
10:42:22.714,1,-2.464425,1.409046,-3.195302,
10:42:22.797,1,-2.430907,1.408679,-3.217766,
10:42:22.898,1,-2.371561,1.408534,-3.258041,
10:42:22.981,1,-2.284885,1.408244,-3.291055,
10:42:23.148,1,-2.208393,1.407938,-3.362257,
10:42:23.231,1,-2.160035,1.407674,-3.418102,
10:42:23.381,1,-2.125444,1.407726,-3.4765,
10:42:23.533,1,-2.039643,1.407566,-3.480331,
10:42:23.614,1,-1.989428,1.407506,-3.520649,
10:42:23.747,1,-1.922953,1.407066,-3.542182,
10:42:23.897,1,-1.876207,1.40723,-3.557297,
10:42:24.049,1,-1.850642,1.407358,-3.567205,
10:42:24.131,1,-1.835315,1.407482,-3.574215,
10:42:24.264,1,-1.824853,1.407462,-3.580906,
10:42:24.414,1,-1.821301,1.40775,-3.588738,
10:42:24.547,1,-1.824058,1.407542,-3.599415,
10:42:24.648,1,-1.825405,1.407519,-3.61172,
10:42:24.748,1,-1.838875,1.407474,-3.606663,
10:42:24.831,1,-1.865473,1.407452,-3.617031,
10:42:24.965,1,-1.923438,1.407224,-3.666605,
10:42:25.066,1,-1.963349,1.407175,-3.694457,
10:42:25.147,1,-2.022504,1.407196,-3.730178,
10:42:25.248,1,-2.045103,1.407154,-3.744406,
10:42:25.348,1,-2.066716,1.40689,-3.7607,
10:42:25.431,1,-2.080056,1.406986,-3.773471,
10:42:25.564,1,-2.100121,1.407023,-3.732598,
10:42:25.714,1,-2.085641,1.406939,-3.705375,
10:42:25.848,1,-2.095898,1.406969,-3.642164,
10:42:25.931,1,-2.111949,1.407061,-3.638018,
10:42:26.014,1,-2.108654,1.407149,-3.604555,
10:42:26.147,1,-2.169956,1.407064,-3.517449,
10:42:26.231,1,-2.169828,1.407061,-3.615153,
10:42:26.314,1,-2.207905,1.407079,-3.583212,
10:42:26.447,1,-2.261276,1.406978,-3.457893,
10:42:26.581,1,-2.292994,1.406851,-3.516282,
10:42:26.665,1,-2.435554,1.40661,-3.424873,
10:42:26.747,1,-2.377338,1.406612,-3.461036,
10:42:26.897,1,-2.383495,1.406298,-3.456491,
10:42:27.048,1,-2.387987,1.40621,-3.457576,
10:42:27.131,1,-2.386994,1.406426,-3.460352,
10:42:27.282,1,-2.390231,1.406308,-3.531195,
10:42:27.364,1,-2.46401,1.406541,-3.486342,
10:42:27.514,1,-2.448842,1.406473,-3.555398,
10:42:27.597,1,-2.43273,1.406539,-3.598586,
10:42:27.764,1,-2.405418,1.406523,-3.616172,
10:42:27.865,1,-2.365405,1.406803,-3.681165,
10:42:27.947,1,-2.264331,1.407049,-3.715677,
10:42:28.098,1,-2.226503,1.407618,-3.750933,
10:42:28.198,1,-2.211585,1.410435,-3.791666,
10:42:28.281,1,-2.157281,1.410706,-3.790854,
10:42:28.414,1,-2.130882,1.409449,-3.818279,
10:42:28.581,1,-2.090233,1.409792,-3.845675,
10:42:28.664,1,-2.112702,1.409719,-3.809408,
10:42:28.831,1,-2.078524,1.410177,-3.825005,
10:42:28.915,1,-2.05878,1.410436,-3.837663,
10:42:29.016,1,-2.052715,1.412515,-3.838671,
10:42:29.097,1,-2.065361,1.41479,-3.83472,
10:42:29.248,1,-2.06791,1.418571,-3.83169,
10:42:29.331,1,-2.072233,1.419387,-3.831174,
10:42:29.481,1,-2.069894,1.418354,-3.826409,
10:42:29.564,1,-2.084343,1.41895,-3.828669,
10:42:29.648,1,-2.082185,1.41736,-3.828947,
10:42:29.731,1,-2.085928,1.421316,-3.831378,
10:42:29.814,1,-2.09674,1.424401,-3.84241,
10:42:29.965,1,-2.08991,1.424411,-3.843427,
10:42:30.047,1,-2.106581,1.423404,-3.85439,
10:42:30.131,1,-2.108387,1.42001,-3.856951,
10:42:30.214,1,-2.11143,1.417656,-3.858559,
10:42:30.348,1,-2.115498,1.417639,-3.858982,
10:42:30.431,1,-2.119899,1.418822,-3.857685,
10:42:30.514,1,-2.124947,1.421655,-3.855847,
10:42:30.600,1,-2.107817,1.418139,-3.864529,
10:42:30.681,1,-2.112056,1.41614,-3.863053,
10:42:30.764,1,-2.11564,1.415128,-3.862271,
10:42:30.897,1,-2.117237,1.414023,-3.861251,
10:42:30.981,1,-2.120121,1.425327,-3.861736,
10:42:31.064,1,-2.117858,1.426098,-3.863225,
10:42:31.215,1,-2.11695,1.425961,-3.863845,
10:42:31.298,1,-2.117069,1.424014,-3.863915,
10:42:31.382,1,-2.116956,1.418902,-3.863905,
10:42:31.464,1,-2.117156,1.412597,-3.864255,
10:42:31.615,1,-2.118717,1.417126,-3.864892,
10:42:31.697,1,-2.119847,1.418093,-3.865347,
10:42:31.848,1,-2.124417,1.422953,-3.867606,
10:42:31.931,1,-2.123928,1.428791,-3.86762,
10:42:32.098,1,-2.124121,1.431149,-3.866967,
10:42:32.181,1,-2.124484,1.430491,-3.868636,
10:42:32.348,1,-2.122453,1.42782,-3.868259,
10:42:32.431,1,-2.122029,1.427317,-3.867928,
10:42:32.531,1,-2.12161,1.426158,-3.867343,
10:42:32.614,1,-2.121813,1.424439,-3.866307,
10:42:32.764,1,-2.119656,1.423454,-3.865297,
10:42:32.915,1,-2.120383,1.421391,-3.864318,
10:42:32.997,1,-2.11959,1.419187,-3.864609,
10:42:33.147,1,-2.119827,1.411686,-3.864061,
10:42:33.298,1,-2.119877,1.409266,-3.863673,
10:42:33.381,1,-2.119443,1.40167,-3.863172,
10:42:33.532,1,-2.11852,1.386646,-3.864667,
10:42:33.614,1,-2.118271,1.383882,-3.865587,
10:42:33.747,1,-2.118067,1.379512,-3.867847,
10:42:33.832,1,-2.118156,1.379299,-3.870175,
10:42:33.914,1,-2.121393,1.385726,-3.875226,
10:42:33.998,1,-2.121485,1.39577,-3.877365,
10:42:34.081,1,-2.125211,1.389047,-3.879588,
10:42:34.231,1,-2.130346,1.372251,-3.87939,
10:42:34.314,1,-2.135277,1.335059,-3.86001,
10:42:34.448,1,-2.166706,1.303088,-3.818251,
10:42:34.599,1,-2.196314,1.159839,-3.801749,
10:42:34.681,1,-2.208771,1.126309,-3.796902,
10:42:34.765,1,-2.214998,1.06954,-3.792678,
10:42:34.848,1,-2.232513,0.967991,-3.78659,
10:42:34.931,1,-2.244055,0.92093,-3.780489,
10:42:35.014,1,-2.26101,0.783502,-3.775019,
10:42:35.098,1,-2.270865,0.529665,-3.774533,
10:42:35.181,1,-2.284364,0.191181,-3.768189,
10:42:35.348,1,-2.302111,0.745986,-3.780363,
10:42:35.450,1,-2.308216,0.734204,-3.785986,
10:42:35.531,1,-2.32795,1.369975,-3.808092,
10:42:35.615,1,-2.333682,1.497598,-3.819946,
10:42:35.698,1,-2.334354,0.142703,-3.843894,
10:42:35.781,1,-2.334897,1.528954,-3.857778,
10:42:35.864,1,-2.330849,0.270301,-3.860628,
10:42:36.015,1,-2.333361,1.532411,-3.853562,
10:42:36.099,1,-2.332131,0.492547,-3.85392,
10:42:36.181,1,-2.332949,1.528748,-3.852745,
10:42:36.265,1,-2.333306,1.178937,-3.848632,
10:42:36.348,1,-2.332271,1.521324,-3.847087,
10:42:36.431,1,-2.329237,0.889704,-3.851009,
10:42:36.514,1,-2.332351,1.51775,-3.849448,
10:42:36.681,1,-2.328815,0.308562,-3.852926,
10:42:36.764,1,-2.327945,1.515929,-3.853489,
10:42:36.915,1,-2.327818,0.473063,-3.85219,
10:42:36.998,1,-2.32732,1.510974,-3.852418,
10:42:37.099,1,-2.327121,1.081015,-3.852625,
10:42:37.181,1,-2.32735,1.508537,-3.852326,
10:42:37.281,1,-2.325503,1.541674,-3.850412,
10:42:37.364,1,-2.325855,1.506554,-3.849832,
10:42:37.533,1,-2.327189,1.615694,-3.849742,
10:42:37.614,1,-2.333187,1.507273,-3.845123,
10:42:37.698,1,-2.334668,1.619592,-3.845507,
10:42:37.782,1,-2.333373,1.514038,-3.850584,
10:42:37.883,1,-2.335804,1.52288,-3.848981,
10:42:37.964,1,-2.336404,1.5101,-3.851611,
10:42:38.065,1,-2.335313,1.401275,-3.854609,
10:42:38.181,1,-2.340024,1.508586,-3.848924,
10:42:38.264,1,-2.340501,1.406207,-3.846827,
10:42:38.415,1,-2.34341,1.506174,-3.84168,
10:42:38.498,1,-2.344097,1.388037,-3.83908,
10:42:38.599,1,-2.346841,1.505382,-3.826167,
10:42:38.681,1,-2.345507,1.35446,-3.823017,
10:42:38.831,1,-2.345883,1.498084,-3.822599,
10:42:38.914,1,-2.346045,1.351637,-3.822239,
10:42:38.998,1,-2.345553,1.506668,-3.821364,
10:42:39.148,1,-2.345842,1.36515,-3.821219,
10:42:39.248,1,-2.345771,1.501786,-3.82108,
10:42:39.350,1,-2.34559,1.379371,-3.821079,
10:42:39.431,1,-2.34534,1.503735,-3.821075,
10:42:39.515,1,-2.344929,1.375378,-3.820917,
10:42:39.598,1,-2.343491,1.503311,-3.82136,
10:42:39.750,1,-2.342671,1.365341,-3.82121,
10:42:39.831,1,-2.342124,1.502245,-3.820921,
10:42:39.999,1,-2.341563,1.361632,-3.820079,
10:42:40.081,1,-2.340514,1.49997,-3.819377,
10:42:40.250,1,-2.340107,1.360998,-3.818507,
10:42:40.350,1,-2.339906,1.497196,-3.816992,
10:42:40.431,1,-2.340639,1.496972,-3.813734,
10:42:40.515,1,-2.342391,1.495347,-3.808123,
10:42:40.598,1,-2.27801,1.490084,-3.801748,
10:42:40.682,1,-2.27853,1.494031,-3.809518,
10:42:40.783,1,-2.278542,1.494833,-3.816242,
10:42:40.864,1,-2.328842,1.483617,-3.799056,
10:42:40.948,1,-2.328382,1.481054,-3.801216,
10:42:41.031,1,-2.330322,1.469896,-3.804167,
10:42:41.115,1,-2.276956,1.46696,-3.789609,
10:42:41.198,1,-2.276636,1.469957,-3.788836,
10:42:41.281,1,-2.290345,1.464259,-3.795553,
10:42:41.366,1,-2.304543,1.438031,-3.785285,
10:42:41.465,1,-2.307812,1.441985,-3.781831,
10:42:41.548,1,-2.308916,1.44883,-3.779936,
10:42:41.632,1,-2.315407,1.457702,-3.774095,
10:42:41.714,1,-2.315414,1.449026,-3.771611,
10:42:41.798,1,-2.315343,1.448207,-3.770178,
10:42:41.899,1,-2.315588,1.451759,-3.767581,
10:42:41.981,1,-2.317526,1.452483,-3.76606,
10:42:42.064,1,-2.321304,1.468383,-3.763746,
10:42:42.148,1,-2.321801,1.483058,-3.76384,
10:42:42.231,1,-2.349464,1.486134,-3.755813,
10:42:42.331,1,-2.345801,1.475389,-3.767534,
10:42:42.414,1,-2.29434,1.477361,-3.791589,
10:42:42.565,1,-2.266764,1.466487,-3.766005,
10:42:42.648,1,-2.270657,1.458816,-3.743018,
10:42:42.731,1,-2.271795,1.468744,-3.757726,
10:42:42.815,1,-2.272242,1.461056,-3.757694,
10:42:42.898,1,-2.276395,1.444821,-3.761041,
10:42:43.048,1,-2.282371,1.449259,-3.778838,
10:42:43.132,1,-2.278012,1.454638,-3.79281,
10:42:43.215,1,-2.273034,1.455714,-3.799359,
10:42:43.298,1,-2.27548,1.452235,-3.795603,
10:42:43.417,1,-2.277908,1.471569,-3.794554,
10:42:43.498,1,-2.278878,1.466874,-3.796315,
10:42:43.648,1,-2.276902,1.477947,-3.804349,
10:42:43.732,1,-2.279485,1.482058,-3.801583,
10:42:43.815,1,-2.28103,1.487298,-3.799206,
10:42:43.898,1,-2.282074,1.491944,-3.798523,
10:42:43.999,1,-2.282595,1.498133,-3.799103,
10:42:44.081,1,-2.283195,1.49973,-3.801349,
10:42:44.181,1,-2.2837,1.501471,-3.80415,
10:42:44.264,1,-2.283906,1.503112,-3.807454,
10:42:44.417,1,-2.284789,1.503811,-3.809501,
10:42:44.498,1,-2.284849,1.504828,-3.810214,
10:42:44.581,1,-2.285557,1.504769,-3.809954,
10:42:44.732,1,-2.285133,1.503276,-3.809439,
10:42:44.815,1,-2.286253,1.501895,-3.807592,
10:42:44.914,1,-2.28615,1.50084,-3.806435,
10:42:45.016,1,-2.286087,1.499737,-3.805431,
10:42:45.098,1,-2.285636,1.500929,-3.805948,
10:42:45.182,1,-2.2851,1.500042,-3.806917,
10:42:45.282,1,-2.284938,1.407878,-3.807176,
10:42:45.365,1,-2.284883,1.499057,-3.807151,
10:42:45.464,1,-2.284687,1.407718,-3.806866,
10:42:45.548,1,-2.283931,1.499164,-3.807282,
10:42:45.698,1,-2.283706,1.407211,-3.806537,
10:42:45.782,1,-2.283777,1.498158,-3.805683,
10:42:45.865,1,-2.283558,1.407329,-3.805488,
10:42:45.950,1,-2.283207,1.498316,-3.805074,
10:42:46.049,1,-2.283542,1.40821,-3.802524,
10:42:46.132,1,-2.283177,1.498784,-3.802661,
10:42:46.231,1,-2.283111,1.40887,-3.802562,
10:42:46.315,1,-2.282915,1.499516,-3.80188,
10:42:46.415,1,-2.282898,1.409237,-3.801673,
10:42:46.498,1,-2.282626,1.499741,-3.802218,
10:42:46.649,1,-2.283028,1.409133,-3.801366,
10:42:46.731,1,-2.283682,1.499451,-3.800213,
10:42:46.831,1,-2.284501,1.409309,-3.799778,
10:42:46.933,1,-2.284341,1.497063,-3.799597,
10:42:47.014,1,-2.284341,1.409115,-3.799597,
10:42:47.098,1,-2.284341,1.496675,-3.799597,
10:42:47.198,1,-2.284341,1.408769,-3.799597,
10:42:47.281,1,-2.284341,1.496157,-3.799597,
10:42:47.364,1,-2.284341,1.409023,-3.799597,
10:42:47.450,1,-2.284341,1.496691,-3.799597,
10:42:47.548,1,-2.284341,1.408082,-3.799597,
10:42:47.649,1,-2.284341,1.496039,-3.799597,
10:42:47.731,1,-2.284341,1.407816,-3.799597,
10:42:47.849,1,-2.284341,1.498715,-3.799597,
10:42:47.931,1,-2.284341,1.407804,-3.799597,
10:42:48.032,1,-2.284341,1.500088,-3.799597,
10:42:48.115,1,-2.284341,1.407414,-3.799597,
10:42:48.216,1,-2.284341,1.500777,-3.799597,
10:42:48.298,1,-2.284341,1.407198,-3.799597,
10:42:48.381,1,-2.284341,1.499097,-3.799597,
10:42:48.515,1,-2.284341,1.407175,-3.799597,
10:42:48.598,1,-2.284341,1.498749,-3.799597,
10:42:48.699,1,-2.284341,1.406785,-3.799597,
10:42:48.782,1,-2.284341,1.498702,-3.799597,
10:42:48.865,1,-2.284341,1.406918,-3.799597,
10:42:48.949,1,-2.284341,1.49967,-3.799597,
10:42:49.032,1,-2.284341,1.407024,-3.799597,
10:42:49.131,1,-2.284341,1.499758,-3.799597,
10:42:49.217,1,-2.284341,1.407527,-3.799597,
10:42:49.298,1,-2.284341,1.493843,-3.799597,
10:42:49.381,1,-2.284341,1.40752,-3.799597,
10:42:49.467,1,-2.284341,1.490921,-3.799597,
